epoch (ms),time (03:00),elapsed (s),x-axis (g),y-axis (g),z-axis (g)
1751285032320,2025-06-30T15:03:52.320,0.000,-0.456,0.237,0.898
1751285032330,2025-06-30T15:03:52.330,0.010,-0.434,0.227,0.912
1751285032340,2025-06-30T15:03:52.340,0.020,-0.412,0.226,0.924
1751285032350,2025-06-30T15:03:52.350,0.030,-0.387,0.235,0.927
1751285032360,2025-06-30T15:03:52.360,0.040,-0.385,0.236,0.926
1751285032370,2025-06-30T15:03:52.370,0.050,-0.395,0.227,0.931
1751285032380,2025-06-30T15:03:52.380,0.060,-0.375,0.221,0.957
1751285032390,2025-06-30T15:03:52.390,0.070,-0.334,0.226,0.981
1751285032400,2025-06-30T15:03:52.400,0.080,-0.280,0.229,1.003
1751285032410,2025-06-30T15:03:52.410,0.090,-0.242,0.232,1.017
1751285032420,2025-06-30T15:03:52.420,0.100,-0.193,0.235,1.034
1751285032430,2025-06-30T15:03:52.430,0.110,-0.154,0.236,1.046
1751285032440,2025-06-30T15:03:52.440,0.120,-0.116,0.238,1.058
1751285032450,2025-06-30T15:03:52.450,0.130,-0.085,0.229,1.065
1751285032460,2025-06-30T15:03:52.460,0.140,-0.076,0.223,1.058
1751285032470,2025-06-30T15:03:52.470,0.150,-0.071,0.221,1.047
1751285032480,2025-06-30T15:03:52.480,0.160,-0.038,0.222,1.054
1751285032490,2025-06-30T15:03:52.490,0.170,0.021,0.219,1.069
1751285032500,2025-06-30T15:03:52.500,0.180,0.084,0.207,1.084
1751285032510,2025-06-30T15:03:52.510,0.190,0.175,0.191,1.108
1751285032520,2025-06-30T15:03:52.520,0.200,0.276,0.165,1.125
1751285032530,2025-06-30T15:03:52.530,0.210,0.281,0.146,1.112
1751285032540,2025-06-30T15:03:52.540,0.220,0.236,0.124,1.095
1751285032550,2025-06-30T15:03:52.550,0.230,0.218,0.112,1.075
1751285032560,2025-06-30T15:03:52.560,0.240,0.174,0.099,1.058
1751285032570,2025-06-30T15:03:52.570,0.250,0.114,0.085,1.057
1751285032580,2025-06-30T15:03:52.580,0.260,0.075,0.078,1.062
1751285032590,2025-06-30T15:03:52.590,0.270,0.075,0.067,1.059
1751285032600,2025-06-30T15:03:52.600,0.280,0.083,0.056,1.061
1751285032610,2025-06-30T15:03:52.610,0.290,0.060,0.062,1.050
1751285032620,2025-06-30T15:03:52.620,0.300,0.007,0.068,1.033
1751285032630,2025-06-30T15:03:52.630,0.310,-0.051,0.073,1.005
1751285032640,2025-06-30T15:03:52.640,0.320,-0.068,0.077,0.999
1751285032650,2025-06-30T15:03:52.650,0.330,-0.099,0.086,1.001
1751285032660,2025-06-30T15:03:52.660,0.340,-0.147,0.097,0.994
1751285032670,2025-06-30T15:03:52.670,0.350,-0.171,0.109,0.993
1751285032680,2025-06-30T15:03:52.680,0.360,-0.171,0.111,0.997
1751285032690,2025-06-30T15:03:52.690,0.370,-0.157,0.107,1.000
1751285032700,2025-06-30T15:03:52.700,0.380,-0.134,0.107,1.011
1751285032710,2025-06-30T15:03:52.710,0.390,-0.114,0.111,1.017
1751285032720,2025-06-30T15:03:52.720,0.400,-0.129,0.119,1.000
1751285032730,2025-06-30T15:03:52.730,0.410,-0.158,0.123,0.989
1751285032740,2025-06-30T15:03:52.740,0.420,-0.163,0.120,0.983
1751285032750,2025-06-30T15:03:52.750,0.430,-0.172,0.123,0.979
1751285032760,2025-06-30T15:03:52.760,0.440,-0.175,0.120,0.986
1751285032770,2025-06-30T15:03:52.770,0.450,-0.178,0.118,0.988
1751285032780,2025-06-30T15:03:52.780,0.460,-0.168,0.119,0.992
1751285032790,2025-06-30T15:03:52.790,0.470,-0.160,0.122,0.993
1751285032800,2025-06-30T15:03:52.800,0.480,-0.178,0.125,0.989
1751285032810,2025-06-30T15:03:52.810,0.490,-0.188,0.119,0.998
1751285032820,2025-06-30T15:03:52.820,0.500,-0.183,0.112,1.005
1751285032830,2025-06-30T15:03:52.830,0.510,-0.203,0.110,0.999
1751285032840,2025-06-30T15:03:52.840,0.520,-0.229,0.114,0.988
1751285032850,2025-06-30T15:03:52.850,0.530,-0.214,0.112,1.000
1751285032860,2025-06-30T15:03:52.860,0.540,-0.172,0.113,1.013
1751285032870,2025-06-30T15:03:52.870,0.550,-0.155,0.122,1.011
1751285032880,2025-06-30T15:03:52.880,0.560,-0.132,0.120,1.012
1751285032890,2025-06-30T15:03:52.890,0.570,-0.083,0.110,1.022
1751285032900,2025-06-30T15:03:52.900,0.580,-0.046,0.115,1.035
1751285032910,2025-06-30T15:03:52.910,0.590,-0.042,0.117,1.043
1751285032920,2025-06-30T15:03:52.920,0.600,-0.039,0.114,1.041
1751285032930,2025-06-30T15:03:52.930,0.610,0.000,0.120,1.044
1751285032940,2025-06-30T15:03:52.940,0.620,0.053,0.133,1.068
1751285032950,2025-06-30T15:03:52.950,0.630,0.117,0.131,1.084
1751285032960,2025-06-30T15:03:52.960,0.640,0.181,0.130,1.084
1751285032970,2025-06-30T15:03:52.970,0.650,0.232,0.121,1.096
1751285032980,2025-06-30T15:03:52.980,0.660,0.250,0.104,1.100
1751285032990,2025-06-30T15:03:52.990,0.670,0.249,0.082,1.083
1751285033000,2025-06-30T15:03:53.000,0.680,0.225,0.064,1.066
1751285033010,2025-06-30T15:03:53.010,0.690,0.188,0.060,1.043
1751285033020,2025-06-30T15:03:53.020,0.700,0.174,0.061,1.030
1751285033030,2025-06-30T15:03:53.030,0.710,0.175,0.064,1.026
1751285033040,2025-06-30T15:03:53.040,0.720,0.153,0.071,1.015
1751285033050,2025-06-30T15:03:53.050,0.730,0.117,0.086,1.000
1751285033060,2025-06-30T15:03:53.060,0.740,0.083,0.094,0.994
1751285033070,2025-06-30T15:03:53.070,0.750,0.053,0.108,0.987
1751285033080,2025-06-30T15:03:53.080,0.760,0.034,0.127,0.985
1751285033090,2025-06-30T15:03:53.090,0.770,-0.013,0.154,0.984
1751285033100,2025-06-30T15:03:53.100,0.780,-0.065,0.181,0.974
1751285033110,2025-06-30T15:03:53.110,0.790,-0.115,0.207,0.968
1751285033120,2025-06-30T15:03:53.120,0.800,-0.164,0.222,0.968
1751285033130,2025-06-30T15:03:53.130,0.810,-0.196,0.231,0.974
1751285033140,2025-06-30T15:03:53.140,0.820,-0.226,0.242,0.973
1751285033150,2025-06-30T15:03:53.150,0.830,-0.272,0.251,0.972
1751285033160,2025-06-30T15:03:53.160,0.840,-0.313,0.263,0.976
1751285033170,2025-06-30T15:03:53.170,0.850,-0.339,0.266,0.975
1751285033180,2025-06-30T15:03:53.180,0.860,-0.385,0.273,0.978
1751285033190,2025-06-30T15:03:53.190,0.870,-0.410,0.278,0.983
1751285033200,2025-06-30T15:03:53.200,0.880,-0.438,0.284,0.988
1751285033210,2025-06-30T15:03:53.210,0.890,-0.489,0.288,0.973
1751285033220,2025-06-30T15:03:53.220,0.900,-0.526,0.285,0.968
1751285033230,2025-06-30T15:03:53.230,0.910,-0.580,0.291,0.961
1751285033240,2025-06-30T15:03:53.240,0.920,-0.638,0.299,0.943
1751285033250,2025-06-30T15:03:53.250,0.930,-0.676,0.288,0.937
1751285033260,2025-06-30T15:03:53.260,0.940,-0.708,0.271,0.948
1751285033270,2025-06-30T15:03:53.270,0.950,-0.722,0.249,0.958
1751285033280,2025-06-30T15:03:53.280,0.960,-0.700,0.240,0.974
1751285033290,2025-06-30T15:03:53.290,0.970,-0.668,0.243,0.984
1751285033300,2025-06-30T15:03:53.300,0.980,-0.685,0.249,0.961
1751285033310,2025-06-30T15:03:53.310,0.990,-0.705,0.252,0.953
1751285033320,2025-06-30T15:03:53.320,1.000,-0.719,0.262,0.945
1751285033330,2025-06-30T15:03:53.330,1.010,-0.734,0.269,0.920
1751285033340,2025-06-30T15:03:53.340,1.020,-0.709,0.261,0.917
1751285033350,2025-06-30T15:03:53.350,1.030,-0.684,0.259,0.918
1751285033360,2025-06-30T15:03:53.360,1.040,-0.664,0.257,0.915
1751285033370,2025-06-30T15:03:53.370,1.050,-0.632,0.253,0.909
1751285033380,2025-06-30T15:03:53.380,1.060,-0.593,0.248,0.911
1751285033390,2025-06-30T15:03:53.390,1.070,-0.557,0.240,0.909
1751285033400,2025-06-30T15:03:53.400,1.080,-0.528,0.232,0.904
1751285033410,2025-06-30T15:03:53.410,1.090,-0.516,0.225,0.910
1751285033420,2025-06-30T15:03:53.420,1.100,-0.482,0.218,0.909
1751285033430,2025-06-30T15:03:53.430,1.110,-0.443,0.216,0.906
1751285033440,2025-06-30T15:03:53.440,1.120,-0.426,0.215,0.896
1751285033450,2025-06-30T15:03:53.450,1.130,-0.399,0.210,0.889
1751285033460,2025-06-30T15:03:53.460,1.140,-0.372,0.208,0.895
1751285033470,2025-06-30T15:03:53.470,1.150,-0.330,0.203,0.902
1751285033480,2025-06-30T15:03:53.480,1.160,-0.265,0.202,0.916
1751285033490,2025-06-30T15:03:53.490,1.170,-0.204,0.200,0.936
1751285033500,2025-06-30T15:03:53.500,1.180,-0.159,0.204,0.950
1751285033510,2025-06-30T15:03:53.510,1.190,-0.128,0.211,0.965
1751285033520,2025-06-30T15:03:53.520,1.200,-0.104,0.216,0.968
1751285033530,2025-06-30T15:03:53.530,1.210,-0.080,0.230,0.965
1751285033540,2025-06-30T15:03:53.540,1.220,-0.036,0.240,0.979
1751285033550,2025-06-30T15:03:53.550,1.230,0.035,0.246,0.999
1751285033560,2025-06-30T15:03:53.560,1.240,0.115,0.238,1.021
1751285033570,2025-06-30T15:03:53.570,1.250,0.217,0.224,1.062
1751285033580,2025-06-30T15:03:53.580,1.260,0.328,0.202,1.109
1751285033590,2025-06-30T15:03:53.590,1.270,0.401,0.171,1.136
1751285033600,2025-06-30T15:03:53.600,1.280,0.404,0.133,1.135
1751285033610,2025-06-30T15:03:53.610,1.290,0.345,0.120,1.114
1751285033620,2025-06-30T15:03:53.620,1.300,0.290,0.104,1.109
1751285033630,2025-06-30T15:03:53.630,1.310,0.226,0.087,1.125
1751285033640,2025-06-30T15:03:53.640,1.320,0.150,0.065,1.123
1751285033650,2025-06-30T15:03:53.650,1.330,0.116,0.039,1.099
1751285033660,2025-06-30T15:03:53.660,1.340,0.131,0.023,1.093
1751285033670,2025-06-30T15:03:53.670,1.350,0.156,0.012,1.102
1751285033680,2025-06-30T15:03:53.680,1.360,0.152,0.009,1.095
1751285033690,2025-06-30T15:03:53.690,1.370,0.127,0.021,1.079
1751285033700,2025-06-30T15:03:53.700,1.380,0.093,0.036,1.064
1751285033710,2025-06-30T15:03:53.710,1.390,0.055,0.050,1.056
1751285033720,2025-06-30T15:03:53.720,1.400,0.020,0.058,1.058
1751285033730,2025-06-30T15:03:53.730,1.410,-0.024,0.066,1.058
1751285033740,2025-06-30T15:03:53.740,1.420,-0.073,0.074,1.051
1751285033750,2025-06-30T15:03:53.750,1.430,-0.110,0.087,1.045
1751285033760,2025-06-30T15:03:53.760,1.440,-0.121,0.097,1.040
1751285033770,2025-06-30T15:03:53.770,1.450,-0.133,0.104,1.028
1751285033780,2025-06-30T15:03:53.780,1.460,-0.120,0.107,1.026
1751285033790,2025-06-30T15:03:53.790,1.470,-0.094,0.107,1.032
1751285033800,2025-06-30T15:03:53.800,1.480,-0.083,0.107,1.031
1751285033810,2025-06-30T15:03:53.810,1.490,-0.080,0.104,1.021
1751285033820,2025-06-30T15:03:53.820,1.500,-0.081,0.102,1.018
1751285033830,2025-06-30T15:03:53.830,1.510,-0.081,0.099,1.019
1751285033840,2025-06-30T15:03:53.840,1.520,-0.088,0.098,1.021
1751285033850,2025-06-30T15:03:53.850,1.530,-0.090,0.098,1.021
1751285033860,2025-06-30T15:03:53.860,1.540,-0.086,0.096,1.030
1751285033870,2025-06-30T15:03:53.870,1.550,-0.071,0.089,1.035
1751285033880,2025-06-30T15:03:53.880,1.560,-0.054,0.088,1.043
1751285033890,2025-06-30T15:03:53.890,1.570,-0.049,0.088,1.037
1751285033900,2025-06-30T15:03:53.900,1.580,-0.042,0.086,1.042
1751285033910,2025-06-30T15:03:53.910,1.590,-0.033,0.084,1.056
1751285033920,2025-06-30T15:03:53.920,1.600,-0.025,0.084,1.055
1751285033930,2025-06-30T15:03:53.930,1.610,-0.025,0.083,1.045
1751285033940,2025-06-30T15:03:53.940,1.620,-0.023,0.088,1.024
1751285033950,2025-06-30T15:03:53.950,1.630,-0.011,0.097,1.011
1751285033960,2025-06-30T15:03:53.960,1.640,0.005,0.100,1.003
1751285033970,2025-06-30T15:03:53.970,1.650,0.018,0.100,0.995
1751285033980,2025-06-30T15:03:53.980,1.660,0.047,0.088,1.000
1751285033990,2025-06-30T15:03:53.990,1.670,0.095,0.071,1.006
1751285034000,2025-06-30T15:03:54.000,1.680,0.170,0.063,1.023
1751285034010,2025-06-30T15:03:54.010,1.690,0.248,0.045,1.045
1751285034020,2025-06-30T15:03:54.020,1.700,0.256,0.045,1.062
1751285034030,2025-06-30T15:03:54.030,1.710,0.216,0.057,1.055
1751285034040,2025-06-30T15:03:54.040,1.720,0.186,0.078,1.050
1751285034050,2025-06-30T15:03:54.050,1.730,0.148,0.101,1.054
1751285034060,2025-06-30T15:03:54.060,1.740,0.110,0.113,1.056
1751285034070,2025-06-30T15:03:54.070,1.750,0.088,0.126,1.062
1751285034080,2025-06-30T15:03:54.080,1.760,0.074,0.146,1.071
1751285034090,2025-06-30T15:03:54.090,1.770,0.064,0.169,1.070
1751285034100,2025-06-30T15:03:54.100,1.780,0.045,0.187,1.063
1751285034110,2025-06-30T15:03:54.110,1.790,0.017,0.197,1.057
1751285034120,2025-06-30T15:03:54.120,1.800,-0.001,0.204,1.061
1751285034130,2025-06-30T15:03:54.130,1.810,-0.021,0.213,1.055
1751285034140,2025-06-30T15:03:54.140,1.820,-0.050,0.225,1.046
1751285034150,2025-06-30T15:03:54.150,1.830,-0.112,0.235,1.038
1751285034160,2025-06-30T15:03:54.160,1.840,-0.172,0.244,1.022
1751285034170,2025-06-30T15:03:54.170,1.850,-0.199,0.251,1.011
1751285034180,2025-06-30T15:03:54.180,1.860,-0.220,0.258,1.011
1751285034190,2025-06-30T15:03:54.190,1.870,-0.225,0.261,0.998
1751285034200,2025-06-30T15:03:54.200,1.880,-0.229,0.264,0.977
1751285034210,2025-06-30T15:03:54.210,1.890,-0.258,0.272,0.941
1751285034220,2025-06-30T15:03:54.220,1.900,-0.295,0.272,0.914
1751285034230,2025-06-30T15:03:54.230,1.910,-0.337,0.265,0.901
1751285034240,2025-06-30T15:03:54.240,1.920,-0.377,0.258,0.890
1751285034250,2025-06-30T15:03:54.250,1.930,-0.412,0.249,0.885
1751285034260,2025-06-30T15:03:54.260,1.940,-0.436,0.235,0.874
1751285034270,2025-06-30T15:03:54.270,1.950,-0.436,0.221,0.887
1751285034280,2025-06-30T15:03:54.280,1.960,-0.458,0.226,0.903
1751285034290,2025-06-30T15:03:54.290,1.970,-0.501,0.242,0.900
1751285034300,2025-06-30T15:03:54.300,1.980,-0.535,0.238,0.884
1751285034310,2025-06-30T15:03:54.310,1.990,-0.551,0.235,0.884
1751285034320,2025-06-30T15:03:54.320,2.000,-0.578,0.233,0.887
1751285034330,2025-06-30T15:03:54.330,2.010,-0.605,0.227,0.889
1751285034340,2025-06-30T15:03:54.340,2.020,-0.614,0.225,0.886
1751285034350,2025-06-30T15:03:54.350,2.030,-0.636,0.220,0.885
1751285034360,2025-06-30T15:03:54.360,2.040,-0.641,0.214,0.879
1751285034370,2025-06-30T15:03:54.370,2.050,-0.662,0.212,0.879
1751285034380,2025-06-30T15:03:54.380,2.060,-0.675,0.211,0.893
1751285034390,2025-06-30T15:03:54.390,2.070,-0.667,0.214,0.892
1751285034400,2025-06-30T15:03:54.400,2.080,-0.684,0.223,0.886
1751285034410,2025-06-30T15:03:54.410,2.090,-0.703,0.223,0.878
1751285034420,2025-06-30T15:03:54.420,2.100,-0.683,0.214,0.875
1751285034430,2025-06-30T15:03:54.430,2.110,-0.689,0.211,0.878
1751285034440,2025-06-30T15:03:54.440,2.120,-0.676,0.207,0.886
1751285034450,2025-06-30T15:03:54.450,2.130,-0.644,0.207,0.888
1751285034460,2025-06-30T15:03:54.460,2.140,-0.636,0.212,0.889
1751285034470,2025-06-30T15:03:54.470,2.150,-0.616,0.203,0.892
1751285034480,2025-06-30T15:03:54.480,2.160,-0.616,0.202,0.881
1751285034490,2025-06-30T15:03:54.490,2.170,-0.630,0.202,0.874
1751285034500,2025-06-30T15:03:54.500,2.180,-0.601,0.196,0.878
1751285034510,2025-06-30T15:03:54.510,2.190,-0.579,0.195,0.881
1751285034520,2025-06-30T15:03:54.520,2.200,-0.541,0.193,0.883
1751285034530,2025-06-30T15:03:54.530,2.210,-0.498,0.193,0.883
1751285034540,2025-06-30T15:03:54.540,2.220,-0.465,0.194,0.897
1751285034550,2025-06-30T15:03:54.550,2.230,-0.435,0.197,0.904
1751285034560,2025-06-30T15:03:54.560,2.240,-0.395,0.196,0.895
1751285034570,2025-06-30T15:03:54.570,2.250,-0.354,0.193,0.900
1751285034580,2025-06-30T15:03:54.580,2.260,-0.312,0.190,0.906
1751285034590,2025-06-30T15:03:54.590,2.270,-0.255,0.192,0.907
1751285034600,2025-06-30T15:03:54.600,2.280,-0.200,0.191,0.912
1751285034610,2025-06-30T15:03:54.610,2.290,-0.163,0.188,0.927
1751285034620,2025-06-30T15:03:54.620,2.300,-0.122,0.185,0.935
1751285034630,2025-06-30T15:03:54.630,2.310,-0.058,0.189,0.947
1751285034640,2025-06-30T15:03:54.640,2.320,0.004,0.193,0.961
1751285034650,2025-06-30T15:03:54.650,2.330,0.058,0.195,0.978
1751285034660,2025-06-30T15:03:54.660,2.340,0.106,0.181,0.992
1751285034670,2025-06-30T15:03:54.670,2.350,0.154,0.161,1.021
1751285034680,2025-06-30T15:03:54.680,2.360,0.208,0.147,1.048
1751285034690,2025-06-30T15:03:54.690,2.370,0.283,0.130,1.070
1751285034700,2025-06-30T15:03:54.700,2.380,0.330,0.121,1.095
1751285034710,2025-06-30T15:03:54.710,2.390,0.313,0.114,1.087
1751285034720,2025-06-30T15:03:54.720,2.400,0.274,0.107,1.081
1751285034730,2025-06-30T15:03:54.730,2.410,0.249,0.101,1.100
1751285034740,2025-06-30T15:03:54.740,2.420,0.204,0.099,1.108
1751285034750,2025-06-30T15:03:54.750,2.430,0.173,0.084,1.122
1751285034760,2025-06-30T15:03:54.760,2.440,0.167,0.067,1.129
1751285034770,2025-06-30T15:03:54.770,2.450,0.176,0.049,1.127
1751285034780,2025-06-30T15:03:54.780,2.460,0.161,0.046,1.126
1751285034790,2025-06-30T15:03:54.790,2.470,0.103,0.059,1.113
1751285034800,2025-06-30T15:03:54.800,2.480,0.068,0.068,1.103
1751285034810,2025-06-30T15:03:54.810,2.490,0.066,0.087,1.103
1751285034820,2025-06-30T15:03:54.820,2.500,0.068,0.103,1.094
1751285034830,2025-06-30T15:03:54.830,2.510,0.041,0.103,1.083
1751285034840,2025-06-30T15:03:54.840,2.520,0.006,0.101,1.080
1751285034850,2025-06-30T15:03:54.850,2.530,-0.032,0.108,1.071
1751285034860,2025-06-30T15:03:54.860,2.540,-0.043,0.112,1.063
1751285034870,2025-06-30T15:03:54.870,2.550,-0.037,0.114,1.057
1751285034880,2025-06-30T15:03:54.880,2.560,-0.039,0.118,1.057
1751285034890,2025-06-30T15:03:54.890,2.570,-0.060,0.118,1.050
1751285034900,2025-06-30T15:03:54.900,2.580,-0.063,0.118,1.033
1751285034910,2025-06-30T15:03:54.910,2.590,-0.046,0.115,1.037
1751285034920,2025-06-30T15:03:54.920,2.600,-0.048,0.116,1.036
1751285034930,2025-06-30T15:03:54.930,2.610,-0.051,0.116,1.025
1751285034940,2025-06-30T15:03:54.940,2.620,-0.051,0.111,1.020
1751285034950,2025-06-30T15:03:54.950,2.630,-0.048,0.106,1.025
1751285034960,2025-06-30T15:03:54.960,2.640,-0.051,0.105,1.028
1751285034970,2025-06-30T15:03:54.970,2.650,-0.066,0.113,1.021
1751285034980,2025-06-30T15:03:54.980,2.660,-0.068,0.113,1.019
1751285034990,2025-06-30T15:03:54.990,2.670,-0.045,0.109,1.025
1751285035000,2025-06-30T15:03:55.000,2.680,-0.021,0.106,1.039
1751285035010,2025-06-30T15:03:55.010,2.690,-0.006,0.100,1.053
1751285035020,2025-06-30T15:03:55.020,2.700,0.020,0.096,1.068
1751285035030,2025-06-30T15:03:55.030,2.710,0.024,0.095,1.079
1751285035040,2025-06-30T15:03:55.040,2.720,0.036,0.099,1.074
1751285035050,2025-06-30T15:03:55.050,2.730,0.084,0.122,1.077
1751285035060,2025-06-30T15:03:55.060,2.740,0.148,0.140,1.083
1751285035070,2025-06-30T15:03:55.070,2.750,0.233,0.143,1.105
1751285035080,2025-06-30T15:03:55.080,2.760,0.322,0.118,1.128
1751285035090,2025-06-30T15:03:55.090,2.770,0.362,0.086,1.131
1751285035100,2025-06-30T15:03:55.100,2.780,0.391,0.068,1.125
1751285035110,2025-06-30T15:03:55.110,2.790,0.418,0.063,1.123
1751285035120,2025-06-30T15:03:55.120,2.800,0.409,0.065,1.116
1751285035130,2025-06-30T15:03:55.130,2.810,0.342,0.083,1.094
1751285035140,2025-06-30T15:03:55.140,2.820,0.257,0.095,1.076
1751285035150,2025-06-30T15:03:55.150,2.830,0.185,0.103,1.069
1751285035160,2025-06-30T15:03:55.160,2.840,0.147,0.105,1.053
1751285035170,2025-06-30T15:03:55.170,2.850,0.140,0.119,1.038
1751285035180,2025-06-30T15:03:55.180,2.860,0.123,0.143,1.043
1751285035190,2025-06-30T15:03:55.190,2.870,0.098,0.175,1.048
1751285035200,2025-06-30T15:03:55.200,2.880,0.058,0.205,1.045
1751285035210,2025-06-30T15:03:55.210,2.890,-0.033,0.232,1.029
1751285035220,2025-06-30T15:03:55.220,2.900,-0.145,0.261,1.002
1751285035230,2025-06-30T15:03:55.230,2.910,-0.216,0.286,0.990
1751285035240,2025-06-30T15:03:55.240,2.920,-0.253,0.291,0.998
1751285035250,2025-06-30T15:03:55.250,2.930,-0.291,0.290,0.996
1751285035260,2025-06-30T15:03:55.260,2.940,-0.334,0.290,0.995
1751285035270,2025-06-30T15:03:55.270,2.950,-0.346,0.292,0.989
1751285035280,2025-06-30T15:03:55.280,2.960,-0.361,0.307,0.995
1751285035290,2025-06-30T15:03:55.290,2.970,-0.396,0.317,0.987
1751285035300,2025-06-30T15:03:55.300,2.980,-0.440,0.325,0.971
1751285035310,2025-06-30T15:03:55.310,2.990,-0.506,0.330,0.961
1751285035320,2025-06-30T15:03:55.320,3.000,-0.548,0.322,0.948
1751285035330,2025-06-30T15:03:55.330,3.010,-0.598,0.317,0.933
1751285035340,2025-06-30T15:03:55.340,3.020,-0.635,0.301,0.932
1751285035350,2025-06-30T15:03:55.350,3.030,-0.648,0.283,0.924
1751285035360,2025-06-30T15:03:55.360,3.040,-0.648,0.275,0.919
1751285035370,2025-06-30T15:03:55.370,3.050,-0.626,0.262,0.915
1751285035380,2025-06-30T15:03:55.380,3.060,-0.628,0.260,0.897
1751285035390,2025-06-30T15:03:55.390,3.070,-0.653,0.244,0.879
1751285035400,2025-06-30T15:03:55.400,3.080,-0.681,0.229,0.865
1751285035410,2025-06-30T15:03:55.410,3.090,-0.722,0.222,0.855
1751285035420,2025-06-30T15:03:55.420,3.100,-0.726,0.201,0.848
1751285035430,2025-06-30T15:03:55.430,3.110,-0.704,0.186,0.844
1751285035440,2025-06-30T15:03:55.440,3.120,-0.689,0.186,0.844
1751285035450,2025-06-30T15:03:55.450,3.130,-0.676,0.179,0.842
1751285035460,2025-06-30T15:03:55.460,3.140,-0.665,0.172,0.836
1751285035470,2025-06-30T15:03:55.470,3.150,-0.671,0.170,0.820
1751285035480,2025-06-30T15:03:55.480,3.160,-0.683,0.167,0.810
1751285035490,2025-06-30T15:03:55.490,3.170,-0.667,0.159,0.811
1751285035500,2025-06-30T15:03:55.500,3.180,-0.636,0.157,0.823
1751285035510,2025-06-30T15:03:55.510,3.190,-0.619,0.154,0.819
1751285035520,2025-06-30T15:03:55.520,3.200,-0.595,0.158,0.826
1751285035530,2025-06-30T15:03:55.530,3.210,-0.564,0.158,0.840
1751285035540,2025-06-30T15:03:55.540,3.220,-0.547,0.164,0.844
1751285035550,2025-06-30T15:03:55.550,3.230,-0.531,0.167,0.854
1751285035560,2025-06-30T15:03:55.560,3.240,-0.515,0.163,0.864
1751285035570,2025-06-30T15:03:55.570,3.250,-0.488,0.165,0.874
1751285035580,2025-06-30T15:03:55.580,3.260,-0.482,0.163,0.888
1751285035590,2025-06-30T15:03:55.590,3.270,-0.468,0.162,0.909
1751285035600,2025-06-30T15:03:55.600,3.280,-0.461,0.173,0.925
1751285035610,2025-06-30T15:03:55.610,3.290,-0.459,0.190,0.929
1751285035620,2025-06-30T15:03:55.620,3.300,-0.432,0.202,0.934
1751285035630,2025-06-30T15:03:55.630,3.310,-0.390,0.212,0.946
1751285035640,2025-06-30T15:03:55.640,3.320,-0.364,0.225,0.952
1751285035650,2025-06-30T15:03:55.650,3.330,-0.354,0.230,0.950
1751285035660,2025-06-30T15:03:55.660,3.340,-0.335,0.234,0.964
1751285035670,2025-06-30T15:03:55.670,3.350,-0.283,0.231,0.985
1751285035680,2025-06-30T15:03:55.680,3.360,-0.231,0.229,1.000
1751285035690,2025-06-30T15:03:55.690,3.370,-0.188,0.235,1.024
1751285035700,2025-06-30T15:03:55.700,3.380,-0.143,0.231,1.047
1751285035710,2025-06-30T15:03:55.710,3.390,-0.101,0.229,1.061
1751285035720,2025-06-30T15:03:55.720,3.400,-0.055,0.228,1.067
1751285035730,2025-06-30T15:03:55.730,3.410,0.007,0.219,1.072
1751285035740,2025-06-30T15:03:55.740,3.420,0.074,0.212,1.086
1751285035750,2025-06-30T15:03:55.750,3.430,0.154,0.198,1.110
1751285035760,2025-06-30T15:03:55.760,3.440,0.192,0.180,1.110
1751285035770,2025-06-30T15:03:55.770,3.450,0.181,0.171,1.097
1751285035780,2025-06-30T15:03:55.780,3.460,0.201,0.152,1.096
1751285035790,2025-06-30T15:03:55.790,3.470,0.243,0.124,1.107
1751285035800,2025-06-30T15:03:55.800,3.480,0.246,0.105,1.110
1751285035810,2025-06-30T15:03:55.810,3.490,0.225,0.080,1.107
1751285035820,2025-06-30T15:03:55.820,3.500,0.205,0.058,1.105
1751285035830,2025-06-30T15:03:55.830,3.510,0.171,0.042,1.088
1751285035840,2025-06-30T15:03:55.840,3.520,0.159,0.034,1.078
1751285035850,2025-06-30T15:03:55.850,3.530,0.162,0.030,1.069
1751285035860,2025-06-30T15:03:55.860,3.540,0.143,0.032,1.057
1751285035870,2025-06-30T15:03:55.870,3.550,0.141,0.024,1.060
1751285035880,2025-06-30T15:03:55.880,3.560,0.145,0.020,1.063
1751285035890,2025-06-30T15:03:55.890,3.570,0.130,0.016,1.050
1751285035900,2025-06-30T15:03:55.900,3.580,0.101,0.015,1.046
1751285035910,2025-06-30T15:03:55.910,3.590,0.063,0.021,1.050
1751285035920,2025-06-30T15:03:55.920,3.600,0.046,0.026,1.033
1751285035930,2025-06-30T15:03:55.930,3.610,0.028,0.030,1.031
1751285035940,2025-06-30T15:03:55.940,3.620,-0.003,0.030,1.020
1751285035950,2025-06-30T15:03:55.950,3.630,-0.004,0.031,1.003
1751285035960,2025-06-30T15:03:55.960,3.640,0.008,0.030,1.003
1751285035970,2025-06-30T15:03:55.970,3.650,0.016,0.031,1.008
1751285035980,2025-06-30T15:03:55.980,3.660,0.022,0.031,1.002
1751285035990,2025-06-30T15:03:55.990,3.670,0.012,0.034,1.003
1751285036000,2025-06-30T15:03:56.000,3.680,-0.001,0.036,0.998
1751285036010,2025-06-30T15:03:56.010,3.690,-0.037,0.039,0.975
1751285036020,2025-06-30T15:03:56.020,3.700,-0.061,0.040,0.974
1751285036030,2025-06-30T15:03:56.030,3.710,-0.051,0.036,0.986
1751285036040,2025-06-30T15:03:56.040,3.720,-0.025,0.032,0.991
1751285036050,2025-06-30T15:03:56.050,3.730,-0.008,0.032,0.997
1751285036060,2025-06-30T15:03:56.060,3.740,-0.002,0.034,0.996
1751285036070,2025-06-30T15:03:56.070,3.750,-0.000,0.029,1.011
1751285036080,2025-06-30T15:03:56.080,3.760,0.009,0.013,1.031
1751285036090,2025-06-30T15:03:56.090,3.770,0.018,0.011,1.042
1751285036100,2025-06-30T15:03:56.100,3.780,0.021,0.015,1.065
1751285036110,2025-06-30T15:03:56.110,3.790,0.038,0.012,1.087
1751285036120,2025-06-30T15:03:56.120,3.800,0.050,0.011,1.102
1751285036130,2025-06-30T15:03:56.130,3.810,0.095,0.028,1.094
1751285036140,2025-06-30T15:03:56.140,3.820,0.152,0.049,1.084
1751285036150,2025-06-30T15:03:56.150,3.830,0.183,0.063,1.078
1751285036160,2025-06-30T15:03:56.160,3.840,0.240,0.063,1.068
1751285036170,2025-06-30T15:03:56.170,3.850,0.301,0.057,1.068
1751285036180,2025-06-30T15:03:56.180,3.860,0.324,0.039,1.077
1751285036190,2025-06-30T15:03:56.190,3.870,0.333,0.021,1.085
1751285036200,2025-06-30T15:03:56.200,3.880,0.305,0.018,1.082
1751285036210,2025-06-30T15:03:56.210,3.890,0.301,0.019,1.077
1751285036220,2025-06-30T15:03:56.220,3.900,0.273,0.033,1.082
1751285036230,2025-06-30T15:03:56.230,3.910,0.226,0.056,1.084
1751285036240,2025-06-30T15:03:56.240,3.920,0.187,0.072,1.074
1751285036250,2025-06-30T15:03:56.250,3.930,0.169,0.083,1.079
1751285036260,2025-06-30T15:03:56.260,3.940,0.148,0.093,1.091
1751285036270,2025-06-30T15:03:56.270,3.950,0.113,0.111,1.092
1751285036280,2025-06-30T15:03:56.280,3.960,0.063,0.145,1.089
1751285036290,2025-06-30T15:03:56.290,3.970,0.003,0.178,1.093
1751285036300,2025-06-30T15:03:56.300,3.980,-0.053,0.206,1.080
1751285036310,2025-06-30T15:03:56.310,3.990,-0.089,0.231,1.068
1751285036320,2025-06-30T15:03:56.320,4.000,-0.138,0.247,1.057
1751285036330,2025-06-30T15:03:56.330,4.010,-0.184,0.260,1.040
1751285036340,2025-06-30T15:03:56.340,4.020,-0.220,0.267,1.025
1751285036350,2025-06-30T15:03:56.350,4.030,-0.247,0.259,1.023
1751285036360,2025-06-30T15:03:56.360,4.040,-0.283,0.250,1.016
1751285036370,2025-06-30T15:03:56.370,4.050,-0.301,0.244,1.002
1751285036380,2025-06-30T15:03:56.380,4.060,-0.325,0.242,0.998
1751285036390,2025-06-30T15:03:56.390,4.070,-0.368,0.239,0.994
1751285036400,2025-06-30T15:03:56.400,4.080,-0.377,0.218,0.998
1751285036410,2025-06-30T15:03:56.410,4.090,-0.361,0.203,1.008
1751285036420,2025-06-30T15:03:56.420,4.100,-0.362,0.199,0.994
1751285036430,2025-06-30T15:03:56.430,4.110,-0.393,0.207,0.974
1751285036440,2025-06-30T15:03:56.440,4.120,-0.436,0.202,0.957
1751285036450,2025-06-30T15:03:56.450,4.130,-0.500,0.197,0.951
1751285036460,2025-06-30T15:03:56.460,4.140,-0.546,0.190,0.938
1751285036470,2025-06-30T15:03:56.470,4.150,-0.572,0.185,0.922
1751285036480,2025-06-30T15:03:56.480,4.160,-0.574,0.176,0.909
1751285036490,2025-06-30T15:03:56.490,4.170,-0.571,0.169,0.904
1751285036500,2025-06-30T15:03:56.500,4.180,-0.551,0.159,0.904
1751285036510,2025-06-30T15:03:56.510,4.190,-0.546,0.156,0.902
1751285036520,2025-06-30T15:03:56.520,4.200,-0.551,0.152,0.887
1751285036530,2025-06-30T15:03:56.530,4.210,-0.566,0.154,0.871
1751285036540,2025-06-30T15:03:56.540,4.220,-0.564,0.150,0.859
1751285036550,2025-06-30T15:03:56.550,4.230,-0.583,0.146,0.846
1751285036560,2025-06-30T15:03:56.560,4.240,-0.597,0.137,0.852
1751285036570,2025-06-30T15:03:56.570,4.250,-0.593,0.127,0.857
1751285036580,2025-06-30T15:03:56.580,4.260,-0.620,0.130,0.858
1751285036590,2025-06-30T15:03:56.590,4.270,-0.625,0.122,0.863
1751285036600,2025-06-30T15:03:56.600,4.280,-0.595,0.123,0.863
1751285036610,2025-06-30T15:03:56.610,4.290,-0.575,0.120,0.862
1751285036620,2025-06-30T15:03:56.620,4.300,-0.582,0.119,0.870
1751285036630,2025-06-30T15:03:56.630,4.310,-0.568,0.113,0.882
1751285036640,2025-06-30T15:03:56.640,4.320,-0.543,0.117,0.901
1751285036650,2025-06-30T15:03:56.650,4.330,-0.543,0.118,0.913
1751285036660,2025-06-30T15:03:56.660,4.340,-0.524,0.118,0.927
1751285036670,2025-06-30T15:03:56.670,4.350,-0.512,0.131,0.938
1751285036680,2025-06-30T15:03:56.680,4.360,-0.512,0.141,0.931
1751285036690,2025-06-30T15:03:56.690,4.370,-0.507,0.154,0.930
1751285036700,2025-06-30T15:03:56.700,4.380,-0.466,0.158,0.936
1751285036710,2025-06-30T15:03:56.710,4.390,-0.425,0.163,0.945
1751285036720,2025-06-30T15:03:56.720,4.400,-0.393,0.164,0.950
1751285036730,2025-06-30T15:03:56.730,4.410,-0.382,0.177,0.951
1751285036740,2025-06-30T15:03:56.740,4.420,-0.351,0.178,0.949
1751285036750,2025-06-30T15:03:56.750,4.430,-0.308,0.188,0.949
1751285036760,2025-06-30T15:03:56.760,4.440,-0.273,0.198,0.944
1751285036770,2025-06-30T15:03:56.770,4.450,-0.237,0.198,0.936
1751285036780,2025-06-30T15:03:56.780,4.460,-0.210,0.196,0.927
1751285036790,2025-06-30T15:03:56.790,4.470,-0.154,0.203,0.923
1751285036800,2025-06-30T15:03:56.800,4.480,-0.069,0.211,0.929
1751285036810,2025-06-30T15:03:56.810,4.490,0.022,0.206,0.953
1751285036820,2025-06-30T15:03:56.820,4.500,0.107,0.191,0.979
1751285036830,2025-06-30T15:03:56.830,4.510,0.175,0.183,1.017
1751285036840,2025-06-30T15:03:56.840,4.520,0.235,0.181,1.052
1751285036850,2025-06-30T15:03:56.850,4.530,0.284,0.167,1.063
1751285036860,2025-06-30T15:03:56.860,4.540,0.302,0.150,1.078
1751285036870,2025-06-30T15:03:56.870,4.550,0.283,0.134,1.097
1751285036880,2025-06-30T15:03:56.880,4.560,0.232,0.113,1.096
1751285036890,2025-06-30T15:03:56.890,4.570,0.181,0.102,1.096
1751285036900,2025-06-30T15:03:56.900,4.580,0.143,0.099,1.115
1751285036910,2025-06-30T15:03:56.910,4.590,0.136,0.086,1.134
1751285036920,2025-06-30T15:03:56.920,4.600,0.147,0.074,1.133
1751285036930,2025-06-30T15:03:56.930,4.610,0.190,0.069,1.135
1751285036940,2025-06-30T15:03:56.940,4.620,0.216,0.067,1.144
1751285036950,2025-06-30T15:03:56.950,4.630,0.202,0.071,1.141
1751285036960,2025-06-30T15:03:56.960,4.640,0.180,0.071,1.135
1751285036970,2025-06-30T15:03:56.970,4.650,0.152,0.075,1.115
1751285036980,2025-06-30T15:03:56.980,4.660,0.120,0.087,1.100
1751285036990,2025-06-30T15:03:56.990,4.670,0.096,0.100,1.095
1751285037000,2025-06-30T15:03:57.000,4.680,0.086,0.100,1.092
1751285037010,2025-06-30T15:03:57.010,4.690,0.089,0.099,1.088
1751285037020,2025-06-30T15:03:57.020,4.700,0.094,0.099,1.090
1751285037030,2025-06-30T15:03:57.030,4.710,0.112,0.097,1.088
1751285037040,2025-06-30T15:03:57.040,4.720,0.142,0.088,1.092
1751285037050,2025-06-30T15:03:57.050,4.730,0.150,0.084,1.087
1751285037060,2025-06-30T15:03:57.060,4.740,0.129,0.081,1.068
1751285037070,2025-06-30T15:03:57.070,4.750,0.109,0.073,1.061
1751285037080,2025-06-30T15:03:57.080,4.760,0.101,0.066,1.056
1751285037090,2025-06-30T15:03:57.090,4.770,0.105,0.062,1.042
1751285037100,2025-06-30T15:03:57.100,4.780,0.114,0.056,1.032
1751285037110,2025-06-30T15:03:57.110,4.790,0.110,0.047,1.022
1751285037120,2025-06-30T15:03:57.120,4.800,0.110,0.042,1.021
1751285037130,2025-06-30T15:03:57.130,4.810,0.116,0.042,1.019
1751285037140,2025-06-30T15:03:57.140,4.820,0.114,0.038,1.016
1751285037150,2025-06-30T15:03:57.150,4.830,0.127,0.036,1.014
1751285037160,2025-06-30T15:03:57.160,4.840,0.149,0.034,1.017
1751285037170,2025-06-30T15:03:57.170,4.850,0.166,0.040,1.017
1751285037180,2025-06-30T15:03:57.180,4.860,0.165,0.033,1.017
1751285037190,2025-06-30T15:03:57.190,4.870,0.162,0.023,1.037
1751285037200,2025-06-30T15:03:57.200,4.880,0.155,0.024,1.056
1751285037210,2025-06-30T15:03:57.210,4.890,0.191,0.026,1.067
1751285037220,2025-06-30T15:03:57.220,4.900,0.235,0.037,1.077
1751285037230,2025-06-30T15:03:57.230,4.910,0.250,0.048,1.081
1751285037240,2025-06-30T15:03:57.240,4.920,0.270,0.049,1.083
1751285037250,2025-06-30T15:03:57.250,4.930,0.277,0.047,1.113
1751285037260,2025-06-30T15:03:57.260,4.940,0.279,0.047,1.123
1751285037270,2025-06-30T15:03:57.270,4.950,0.263,0.062,1.100
1751285037280,2025-06-30T15:03:57.280,4.960,0.216,0.085,1.078
1751285037290,2025-06-30T15:03:57.290,4.970,0.182,0.105,1.066
1751285037300,2025-06-30T15:03:57.300,4.980,0.199,0.113,1.065
1751285037310,2025-06-30T15:03:57.310,4.990,0.244,0.123,1.078
1751285037320,2025-06-30T15:03:57.320,5.000,0.262,0.132,1.070
1751285037330,2025-06-30T15:03:57.330,5.010,0.230,0.142,1.055
1751285037340,2025-06-30T15:03:57.340,5.020,0.191,0.154,1.051
1751285037350,2025-06-30T15:03:57.350,5.030,0.160,0.154,1.051
1751285037360,2025-06-30T15:03:57.360,5.040,0.129,0.160,1.047
1751285037370,2025-06-30T15:03:57.370,5.050,0.078,0.169,1.034
1751285037380,2025-06-30T15:03:57.380,5.060,0.038,0.178,1.038
1751285037390,2025-06-30T15:03:57.390,5.070,0.008,0.184,1.049
1751285037400,2025-06-30T15:03:57.400,5.080,0.007,0.198,1.037
1751285037410,2025-06-30T15:03:57.410,5.090,-0.005,0.220,1.028
1751285037420,2025-06-30T15:03:57.420,5.100,-0.039,0.233,1.020
1751285037430,2025-06-30T15:03:57.430,5.110,-0.080,0.244,1.003
1751285037440,2025-06-30T15:03:57.440,5.120,-0.125,0.250,0.989
1751285037450,2025-06-30T15:03:57.450,5.130,-0.177,0.250,0.980
1751285037460,2025-06-30T15:03:57.460,5.140,-0.238,0.253,0.968
1751285037470,2025-06-30T15:03:57.470,5.150,-0.281,0.251,0.958
1751285037480,2025-06-30T15:03:57.480,5.160,-0.317,0.254,0.948
1751285037490,2025-06-30T15:03:57.490,5.170,-0.356,0.249,0.943
1751285037500,2025-06-30T15:03:57.500,5.180,-0.371,0.235,0.927
1751285037510,2025-06-30T15:03:57.510,5.190,-0.408,0.230,0.904
1751285037520,2025-06-30T15:03:57.520,5.200,-0.439,0.222,0.893
1751285037530,2025-06-30T15:03:57.530,5.210,-0.458,0.213,0.890
1751285037540,2025-06-30T15:03:57.540,5.220,-0.488,0.212,0.875
1751285037550,2025-06-30T15:03:57.550,5.230,-0.541,0.201,0.858
1751285037560,2025-06-30T15:03:57.560,5.240,-0.584,0.184,0.861
1751285037570,2025-06-30T15:03:57.570,5.250,-0.596,0.175,0.870
1751285037580,2025-06-30T15:03:57.580,5.260,-0.630,0.183,0.889
1751285037590,2025-06-30T15:03:57.590,5.270,-0.669,0.183,0.901
1751285037600,2025-06-30T15:03:57.600,5.280,-0.708,0.191,0.896
1751285037610,2025-06-30T15:03:57.610,5.290,-0.729,0.192,0.892
1751285037620,2025-06-30T15:03:57.620,5.300,-0.711,0.188,0.903
1751285037630,2025-06-30T15:03:57.630,5.310,-0.699,0.183,0.915
1751285037640,2025-06-30T15:03:57.640,5.320,-0.703,0.179,0.920
1751285037650,2025-06-30T15:03:57.650,5.330,-0.675,0.171,0.924
1751285037660,2025-06-30T15:03:57.660,5.340,-0.680,0.175,0.924
1751285037670,2025-06-30T15:03:57.670,5.350,-0.718,0.183,0.927
1751285037680,2025-06-30T15:03:57.680,5.360,-0.729,0.190,0.931
1751285037690,2025-06-30T15:03:57.690,5.370,-0.714,0.194,0.929
1751285037700,2025-06-30T15:03:57.700,5.380,-0.700,0.188,0.933
1751285037710,2025-06-30T15:03:57.710,5.390,-0.688,0.188,0.932
1751285037720,2025-06-30T15:03:57.720,5.400,-0.689,0.192,0.926
1751285037730,2025-06-30T15:03:57.730,5.410,-0.656,0.190,0.932
1751285037740,2025-06-30T15:03:57.740,5.420,-0.620,0.201,0.933
1751285037750,2025-06-30T15:03:57.750,5.430,-0.599,0.202,0.934
1751285037760,2025-06-30T15:03:57.760,5.440,-0.561,0.195,0.932
1751285037770,2025-06-30T15:03:57.770,5.450,-0.538,0.196,0.921
1751285037780,2025-06-30T15:03:57.780,5.460,-0.510,0.187,0.923
1751285037790,2025-06-30T15:03:57.790,5.470,-0.489,0.188,0.918
1751285037800,2025-06-30T15:03:57.800,5.480,-0.448,0.195,0.911
1751285037810,2025-06-30T15:03:57.810,5.490,-0.372,0.199,0.926
1751285037820,2025-06-30T15:03:57.820,5.500,-0.308,0.208,0.939
1751285037830,2025-06-30T15:03:57.830,5.510,-0.269,0.210,0.931
1751285037840,2025-06-30T15:03:57.840,5.520,-0.222,0.208,0.924
1751285037850,2025-06-30T15:03:57.850,5.530,-0.195,0.214,0.922
1751285037860,2025-06-30T15:03:57.860,5.540,-0.175,0.223,0.916
1751285037870,2025-06-30T15:03:57.870,5.550,-0.132,0.222,0.920
1751285037880,2025-06-30T15:03:57.880,5.560,-0.058,0.216,0.939
1751285037890,2025-06-30T15:03:57.890,5.570,0.058,0.209,0.965
1751285037900,2025-06-30T15:03:57.900,5.580,0.152,0.204,0.987
1751285037910,2025-06-30T15:03:57.910,5.590,0.210,0.200,1.013
1751285037920,2025-06-30T15:03:57.920,5.600,0.244,0.194,1.041
1751285037930,2025-06-30T15:03:57.930,5.610,0.251,0.188,1.070
1751285037940,2025-06-30T15:03:57.940,5.620,0.258,0.175,1.077
1751285037950,2025-06-30T15:03:57.950,5.630,0.275,0.165,1.086
1751285037960,2025-06-30T15:03:57.960,5.640,0.273,0.157,1.103
1751285037970,2025-06-30T15:03:57.970,5.650,0.251,0.143,1.109
1751285037980,2025-06-30T15:03:57.980,5.660,0.224,0.122,1.109
1751285037990,2025-06-30T15:03:57.990,5.670,0.211,0.109,1.124
1751285038000,2025-06-30T15:03:58.000,5.680,0.212,0.086,1.137
1751285038010,2025-06-30T15:03:58.010,5.690,0.229,0.064,1.150
1751285038020,2025-06-30T15:03:58.020,5.700,0.255,0.056,1.152
1751285038030,2025-06-30T15:03:58.030,5.710,0.262,0.052,1.148
1751285038040,2025-06-30T15:03:58.040,5.720,0.235,0.046,1.138
1751285038050,2025-06-30T15:03:58.050,5.730,0.188,0.042,1.109
1751285038060,2025-06-30T15:03:58.060,5.740,0.139,0.043,1.088
1751285038070,2025-06-30T15:03:58.070,5.750,0.111,0.046,1.073
1751285038080,2025-06-30T15:03:58.080,5.760,0.104,0.042,1.067
1751285038090,2025-06-30T15:03:58.090,5.770,0.099,0.040,1.055
1751285038100,2025-06-30T15:03:58.100,5.780,0.107,0.042,1.060
1751285038110,2025-06-30T15:03:58.110,5.790,0.111,0.044,1.076
1751285038120,2025-06-30T15:03:58.120,5.800,0.105,0.049,1.074
1751285038130,2025-06-30T15:03:58.130,5.810,0.091,0.051,1.061
1751285038140,2025-06-30T15:03:58.140,5.820,0.051,0.060,1.055
1751285038150,2025-06-30T15:03:58.150,5.830,0.021,0.062,1.048
1751285038160,2025-06-30T15:03:58.160,5.840,0.011,0.061,1.040
1751285038170,2025-06-30T15:03:58.170,5.850,0.017,0.060,1.028
1751285038180,2025-06-30T15:03:58.180,5.860,0.042,0.059,1.025
1751285038190,2025-06-30T15:03:58.190,5.870,0.066,0.063,1.027
1751285038200,2025-06-30T15:03:58.200,5.880,0.067,0.063,1.024
1751285038210,2025-06-30T15:03:58.210,5.890,0.059,0.065,1.018
1751285038220,2025-06-30T15:03:58.220,5.900,0.047,0.070,1.020
1751285038230,2025-06-30T15:03:58.230,5.910,0.043,0.061,1.018
1751285038240,2025-06-30T15:03:58.240,5.920,0.063,0.049,1.024
1751285038250,2025-06-30T15:03:58.250,5.930,0.096,0.051,1.035
1751285038260,2025-06-30T15:03:58.260,5.940,0.129,0.056,1.040
1751285038270,2025-06-30T15:03:58.270,5.950,0.161,0.063,1.036
1751285038280,2025-06-30T15:03:58.280,5.960,0.166,0.058,1.034
1751285038290,2025-06-30T15:03:58.290,5.970,0.160,0.038,1.039
1751285038300,2025-06-30T15:03:58.300,5.980,0.189,0.030,1.042
1751285038310,2025-06-30T15:03:58.310,5.990,0.229,0.037,1.054
1751285038320,2025-06-30T15:03:58.320,6.000,0.244,0.046,1.061
1751285038330,2025-06-30T15:03:58.330,6.010,0.271,0.048,1.047
1751285038340,2025-06-30T15:03:58.340,6.020,0.291,0.053,1.046
1751285038350,2025-06-30T15:03:58.350,6.030,0.295,0.049,1.043
1751285038360,2025-06-30T15:03:58.360,6.040,0.285,0.046,1.042
1751285038370,2025-06-30T15:03:58.370,6.050,0.269,0.050,1.036
1751285038380,2025-06-30T15:03:58.380,6.060,0.271,0.060,1.029
1751285038390,2025-06-30T15:03:58.390,6.070,0.285,0.079,1.030
1751285038400,2025-06-30T15:03:58.400,6.080,0.271,0.103,1.039
1751285038410,2025-06-30T15:03:58.410,6.090,0.216,0.119,1.036
1751285038420,2025-06-30T15:03:58.420,6.100,0.168,0.134,1.028
1751285038430,2025-06-30T15:03:58.430,6.110,0.133,0.155,1.041
1751285038440,2025-06-30T15:03:58.440,6.120,0.089,0.170,1.060
1751285038450,2025-06-30T15:03:58.450,6.130,0.050,0.189,1.065
1751285038460,2025-06-30T15:03:58.460,6.140,0.036,0.219,1.054
1751285038470,2025-06-30T15:03:58.470,6.150,0.009,0.255,1.058
1751285038480,2025-06-30T15:03:58.480,6.160,-0.034,0.278,1.053
1751285038490,2025-06-30T15:03:58.490,6.170,-0.079,0.290,1.035
1751285038500,2025-06-30T15:03:58.500,6.180,-0.108,0.298,1.033
1751285038510,2025-06-30T15:03:58.510,6.190,-0.143,0.311,1.039
1751285038520,2025-06-30T15:03:58.520,6.200,-0.190,0.316,1.024
1751285038530,2025-06-30T15:03:58.530,6.210,-0.231,0.326,1.007
1751285038540,2025-06-30T15:03:58.540,6.220,-0.267,0.329,0.998
1751285038550,2025-06-30T15:03:58.550,6.230,-0.312,0.325,0.996
1751285038560,2025-06-30T15:03:58.560,6.240,-0.361,0.314,0.985
1751285038570,2025-06-30T15:03:58.570,6.250,-0.402,0.297,0.976
1751285038580,2025-06-30T15:03:58.580,6.260,-0.453,0.283,0.972
1751285038590,2025-06-30T15:03:58.590,6.270,-0.477,0.261,0.966
1751285038600,2025-06-30T15:03:58.600,6.280,-0.517,0.250,0.967
1751285038610,2025-06-30T15:03:58.610,6.290,-0.611,0.245,0.948
1751285038620,2025-06-30T15:03:58.620,6.300,-0.697,0.224,0.917
1751285038630,2025-06-30T15:03:58.630,6.310,-0.711,0.192,0.910
1751285038640,2025-06-30T15:03:58.640,6.320,-0.688,0.190,0.926
1751285038650,2025-06-30T15:03:58.650,6.330,-0.690,0.206,0.941
1751285038660,2025-06-30T15:03:58.660,6.340,-0.715,0.228,0.931
1751285038670,2025-06-30T15:03:58.670,6.350,-0.736,0.245,0.899
1751285038680,2025-06-30T15:03:58.680,6.360,-0.743,0.252,0.866
1751285038690,2025-06-30T15:03:58.690,6.370,-0.734,0.251,0.858
1751285038700,2025-06-30T15:03:58.700,6.380,-0.712,0.248,0.864
1751285038710,2025-06-30T15:03:58.710,6.390,-0.698,0.247,0.860
1751285038720,2025-06-30T15:03:58.720,6.400,-0.713,0.241,0.852
1751285038730,2025-06-30T15:03:58.730,6.410,-0.734,0.228,0.853
1751285038740,2025-06-30T15:03:58.740,6.420,-0.717,0.217,0.858
1751285038750,2025-06-30T15:03:58.750,6.430,-0.701,0.217,0.857
1751285038760,2025-06-30T15:03:58.760,6.440,-0.695,0.219,0.855
1751285038770,2025-06-30T15:03:58.770,6.450,-0.685,0.223,0.855
1751285038780,2025-06-30T15:03:58.780,6.460,-0.672,0.222,0.862
1751285038790,2025-06-30T15:03:58.790,6.470,-0.670,0.216,0.869
1751285038800,2025-06-30T15:03:58.800,6.480,-0.669,0.216,0.866
1751285038810,2025-06-30T15:03:58.810,6.490,-0.634,0.215,0.870
1751285038820,2025-06-30T15:03:58.820,6.500,-0.611,0.224,0.884
1751285038830,2025-06-30T15:03:58.830,6.510,-0.600,0.224,0.895
1751285038840,2025-06-30T15:03:58.840,6.520,-0.582,0.223,0.903
1751285038850,2025-06-30T15:03:58.850,6.530,-0.536,0.230,0.925
1751285038860,2025-06-30T15:03:58.860,6.540,-0.486,0.234,0.942
1751285038870,2025-06-30T15:03:58.870,6.550,-0.452,0.237,0.944
1751285038880,2025-06-30T15:03:58.880,6.560,-0.417,0.229,0.943
1751285038890,2025-06-30T15:03:58.890,6.570,-0.378,0.232,0.957
1751285038900,2025-06-30T15:03:58.900,6.580,-0.329,0.236,0.968
1751285038910,2025-06-30T15:03:58.910,6.590,-0.275,0.237,0.972
1751285038920,2025-06-30T15:03:58.920,6.600,-0.221,0.244,0.978
1751285038930,2025-06-30T15:03:58.930,6.610,-0.154,0.249,0.988
1751285038940,2025-06-30T15:03:58.940,6.620,-0.074,0.235,1.001
1751285038950,2025-06-30T15:03:58.950,6.630,-0.010,0.232,1.020
1751285038960,2025-06-30T15:03:58.960,6.640,0.029,0.237,1.038
1751285038970,2025-06-30T15:03:58.970,6.650,0.077,0.232,1.043
1751285038980,2025-06-30T15:03:58.980,6.660,0.166,0.222,1.064
1751285038990,2025-06-30T15:03:58.990,6.670,0.266,0.207,1.088
1751285039000,2025-06-30T15:03:59.000,6.680,0.370,0.176,1.115
1751285039010,2025-06-30T15:03:59.010,6.690,0.464,0.133,1.131
1751285039020,2025-06-30T15:03:59.020,6.700,0.456,0.102,1.129
1751285039030,2025-06-30T15:03:59.030,6.710,0.394,0.085,1.104
1751285039040,2025-06-30T15:03:59.040,6.720,0.342,0.071,1.085
1751285039050,2025-06-30T15:03:59.050,6.730,0.267,0.056,1.096
1751285039060,2025-06-30T15:03:59.060,6.740,0.185,0.036,1.103
1751285039070,2025-06-30T15:03:59.070,6.750,0.167,0.015,1.089
1751285039080,2025-06-30T15:03:59.080,6.760,0.212,0.008,1.086
1751285039090,2025-06-30T15:03:59.090,6.770,0.245,0.010,1.091
1751285039100,2025-06-30T15:03:59.100,6.780,0.243,0.010,1.078
1751285039110,2025-06-30T15:03:59.110,6.790,0.220,0.021,1.069
1751285039120,2025-06-30T15:03:59.120,6.800,0.182,0.030,1.053
1751285039130,2025-06-30T15:03:59.130,6.810,0.144,0.023,1.040
1751285039140,2025-06-30T15:03:59.140,6.820,0.104,0.027,1.029
1751285039150,2025-06-30T15:03:59.150,6.830,0.070,0.035,1.018
1751285039160,2025-06-30T15:03:59.160,6.840,0.044,0.037,1.017
1751285039170,2025-06-30T15:03:59.170,6.850,0.044,0.045,1.021
1751285039180,2025-06-30T15:03:59.180,6.860,0.048,0.046,1.018
1751285039190,2025-06-30T15:03:59.190,6.870,0.061,0.043,1.017
1751285039200,2025-06-30T15:03:59.200,6.880,0.068,0.043,1.017
1751285039210,2025-06-30T15:03:59.210,6.890,0.073,0.036,1.012
1751285039220,2025-06-30T15:03:59.220,6.900,0.076,0.031,0.997
1751285039230,2025-06-30T15:03:59.230,6.910,0.072,0.029,0.991
1751285039240,2025-06-30T15:03:59.240,6.920,0.062,0.029,0.988
1751285039250,2025-06-30T15:03:59.250,6.930,0.068,0.031,0.987
1751285039260,2025-06-30T15:03:59.260,6.940,0.069,0.028,0.996
1751285039270,2025-06-30T15:03:59.270,6.950,0.056,0.026,0.993
1751285039280,2025-06-30T15:03:59.280,6.960,0.064,0.026,0.992
1751285039290,2025-06-30T15:03:59.290,6.970,0.075,0.026,1.002
1751285039300,2025-06-30T15:03:59.300,6.980,0.073,0.021,1.018
1751285039310,2025-06-30T15:03:59.310,6.990,0.066,0.017,1.030
1751285039320,2025-06-30T15:03:59.320,7.000,0.054,0.020,1.034
1751285039330,2025-06-30T15:03:59.330,7.010,0.042,0.028,1.040
1751285039340,2025-06-30T15:03:59.340,7.020,0.045,0.029,1.045
1751285039350,2025-06-30T15:03:59.350,7.030,0.062,0.031,1.051
1751285039360,2025-06-30T15:03:59.360,7.040,0.081,0.039,1.051
1751285039370,2025-06-30T15:03:59.370,7.050,0.101,0.046,1.046
1751285039380,2025-06-30T15:03:59.380,7.060,0.125,0.048,1.030
1751285039390,2025-06-30T15:03:59.390,7.070,0.147,0.046,1.012
1751285039400,2025-06-30T15:03:59.400,7.080,0.157,0.046,1.002
1751285039410,2025-06-30T15:03:59.410,7.090,0.160,0.051,0.991
1751285039420,2025-06-30T15:03:59.420,7.100,0.164,0.056,0.980
1751285039430,2025-06-30T15:03:59.430,7.110,0.178,0.063,0.973
1751285039440,2025-06-30T15:03:59.440,7.120,0.179,0.063,0.963
1751285039450,2025-06-30T15:03:59.450,7.130,0.184,0.067,0.959
1751285039460,2025-06-30T15:03:59.460,7.140,0.202,0.064,0.975
1751285039470,2025-06-30T15:03:59.470,7.150,0.218,0.063,0.993
1751285039480,2025-06-30T15:03:59.480,7.160,0.203,0.078,0.995
1751285039490,2025-06-30T15:03:59.490,7.170,0.167,0.102,0.996
1751285039500,2025-06-30T15:03:59.500,7.180,0.149,0.133,1.010
1751285039510,2025-06-30T15:03:59.510,7.190,0.114,0.161,1.022
1751285039520,2025-06-30T15:03:59.520,7.200,0.060,0.184,1.023
1751285039530,2025-06-30T15:03:59.530,7.210,0.006,0.204,1.028
1751285039540,2025-06-30T15:03:59.540,7.220,-0.053,0.216,1.037
1751285039550,2025-06-30T15:03:59.550,7.230,-0.082,0.231,1.047
1751285039560,2025-06-30T15:03:59.560,7.240,-0.100,0.250,1.058
1751285039570,2025-06-30T15:03:59.570,7.250,-0.137,0.261,1.070
1751285039580,2025-06-30T15:03:59.580,7.260,-0.157,0.267,1.071
1751285039590,2025-06-30T15:03:59.590,7.270,-0.184,0.280,1.068
1751285039600,2025-06-30T15:03:59.600,7.280,-0.245,0.293,1.060
1751285039610,2025-06-30T15:03:59.610,7.290,-0.296,0.300,1.057
1751285039620,2025-06-30T15:03:59.620,7.300,-0.351,0.304,1.040
1751285039630,2025-06-30T15:03:59.630,7.310,-0.417,0.303,1.015
1751285039640,2025-06-30T15:03:59.640,7.320,-0.472,0.296,1.012
1751285039650,2025-06-30T15:03:59.650,7.330,-0.505,0.288,1.013
1751285039660,2025-06-30T15:03:59.660,7.340,-0.508,0.279,1.022
1751285039670,2025-06-30T15:03:59.670,7.350,-0.513,0.280,1.024
1751285039680,2025-06-30T15:03:59.680,7.360,-0.555,0.285,1.000
1751285039690,2025-06-30T15:03:59.690,7.370,-0.592,0.287,0.981
1751285039700,2025-06-30T15:03:59.700,7.380,-0.619,0.287,0.960
1751285039710,2025-06-30T15:03:59.710,7.390,-0.664,0.286,0.935
1751285039720,2025-06-30T15:03:59.720,7.400,-0.666,0.271,0.943
1751285039730,2025-06-30T15:03:59.730,7.410,-0.659,0.266,0.954
1751285039740,2025-06-30T15:03:59.740,7.420,-0.684,0.260,0.957
1751285039750,2025-06-30T15:03:59.750,7.430,-0.660,0.247,0.946
1751285039760,2025-06-30T15:03:59.760,7.440,-0.654,0.243,0.941
1751285039770,2025-06-30T15:03:59.770,7.450,-0.652,0.242,0.929
1751285039780,2025-06-30T15:03:59.780,7.460,-0.651,0.233,0.910
1751285039790,2025-06-30T15:03:59.790,7.470,-0.656,0.224,0.894
1751285039800,2025-06-30T15:03:59.800,7.480,-0.648,0.220,0.892
1751285039810,2025-06-30T15:03:59.810,7.490,-0.635,0.224,0.884
1751285039820,2025-06-30T15:03:59.820,7.500,-0.641,0.226,0.869
1751285039830,2025-06-30T15:03:59.830,7.510,-0.627,0.217,0.867
1751285039840,2025-06-30T15:03:59.840,7.520,-0.598,0.218,0.868
1751285039850,2025-06-30T15:03:59.850,7.530,-0.596,0.220,0.864
1751285039860,2025-06-30T15:03:59.860,7.540,-0.598,0.219,0.852
1751285039870,2025-06-30T15:03:59.870,7.550,-0.587,0.214,0.844
1751285039880,2025-06-30T15:03:59.880,7.560,-0.583,0.213,0.844
1751285039890,2025-06-30T15:03:59.890,7.570,-0.538,0.203,0.854
1751285039900,2025-06-30T15:03:59.900,7.580,-0.498,0.202,0.868
1751285039910,2025-06-30T15:03:59.910,7.590,-0.468,0.204,0.865
1751285039920,2025-06-30T15:03:59.920,7.600,-0.430,0.199,0.868
1751285039930,2025-06-30T15:03:59.930,7.610,-0.413,0.200,0.868
1751285039940,2025-06-30T15:03:59.940,7.620,-0.392,0.199,0.863
1751285039950,2025-06-30T15:03:59.950,7.630,-0.364,0.193,0.868
1751285039960,2025-06-30T15:03:59.960,7.640,-0.316,0.194,0.886
1751285039970,2025-06-30T15:03:59.970,7.650,-0.256,0.194,0.925
1751285039980,2025-06-30T15:03:59.980,7.660,-0.193,0.199,0.963
1751285039990,2025-06-30T15:03:59.990,7.670,-0.137,0.216,0.977
1751285040000,2025-06-30T15:04:00.000,7.680,-0.083,0.239,0.987
1751285040010,2025-06-30T15:04:00.010,7.690,-0.025,0.257,0.998
1751285040020,2025-06-30T15:04:00.020,7.700,0.026,0.264,1.013
1751285040030,2025-06-30T15:04:00.030,7.710,0.081,0.264,1.021
1751285040040,2025-06-30T15:04:00.040,7.720,0.147,0.259,1.044
1751285040050,2025-06-30T15:04:00.050,7.730,0.249,0.243,1.071
1751285040060,2025-06-30T15:04:00.060,7.740,0.334,0.209,1.085
1751285040070,2025-06-30T15:04:00.070,7.750,0.327,0.176,1.085
1751285040080,2025-06-30T15:04:00.080,7.760,0.306,0.156,1.098
1751285040090,2025-06-30T15:04:00.090,7.770,0.281,0.137,1.115
1751285040100,2025-06-30T15:04:00.100,7.780,0.227,0.118,1.127
1751285040110,2025-06-30T15:04:00.110,7.790,0.172,0.100,1.110
1751285040120,2025-06-30T15:04:00.120,7.800,0.155,0.084,1.090
1751285040130,2025-06-30T15:04:00.130,7.810,0.157,0.074,1.074
1751285040140,2025-06-30T15:04:00.140,7.820,0.157,0.074,1.078
1751285040150,2025-06-30T15:04:00.150,7.830,0.170,0.079,1.081
1751285040160,2025-06-30T15:04:00.160,7.840,0.199,0.078,1.082
1751285040170,2025-06-30T15:04:00.170,7.850,0.210,0.078,1.083
1751285040180,2025-06-30T15:04:00.180,7.860,0.182,0.078,1.078
1751285040190,2025-06-30T15:04:00.190,7.870,0.143,0.076,1.070
1751285040200,2025-06-30T15:04:00.200,7.880,0.119,0.077,1.065
1751285040210,2025-06-30T15:04:00.210,7.890,0.096,0.078,1.065
1751285040220,2025-06-30T15:04:00.220,7.900,0.094,0.081,1.067
1751285040230,2025-06-30T15:04:00.230,7.910,0.102,0.082,1.069
1751285040240,2025-06-30T15:04:00.240,7.920,0.104,0.084,1.065
1751285040250,2025-06-30T15:04:00.250,7.930,0.110,0.086,1.063
1751285040260,2025-06-30T15:04:00.260,7.940,0.116,0.088,1.065
1751285040270,2025-06-30T15:04:00.270,7.950,0.111,0.086,1.067
1751285040280,2025-06-30T15:04:00.280,7.960,0.112,0.082,1.056
1751285040290,2025-06-30T15:04:00.290,7.970,0.118,0.080,1.050
1751285040300,2025-06-30T15:04:00.300,7.980,0.117,0.080,1.049
1751285040310,2025-06-30T15:04:00.310,7.990,0.106,0.082,1.056
1751285040320,2025-06-30T15:04:00.320,8.000,0.080,0.083,1.056
1751285040330,2025-06-30T15:04:00.330,8.010,0.058,0.081,1.045
1751285040340,2025-06-30T15:04:00.340,8.020,0.050,0.084,1.039
1751285040350,2025-06-30T15:04:00.350,8.030,0.048,0.087,1.042
1751285040360,2025-06-30T15:04:00.360,8.040,0.066,0.082,1.040
1751285040370,2025-06-30T15:04:00.370,8.050,0.093,0.086,1.046
1751285040380,2025-06-30T15:04:00.380,8.060,0.108,0.094,1.050
1751285040390,2025-06-30T15:04:00.390,8.070,0.104,0.092,1.050
1751285040400,2025-06-30T15:04:00.400,8.080,0.087,0.086,1.052
1751285040410,2025-06-30T15:04:00.410,8.090,0.070,0.086,1.049
1751285040420,2025-06-30T15:04:00.420,8.100,0.075,0.093,1.036
1751285040430,2025-06-30T15:04:00.430,8.110,0.089,0.102,1.040
1751285040440,2025-06-30T15:04:00.440,8.120,0.095,0.108,1.029
1751285040450,2025-06-30T15:04:00.450,8.130,0.115,0.122,1.019
1751285040460,2025-06-30T15:04:00.460,8.140,0.146,0.135,1.004
1751285040470,2025-06-30T15:04:00.470,8.150,0.159,0.126,1.001
1751285040480,2025-06-30T15:04:00.480,8.160,0.148,0.104,1.001
1751285040490,2025-06-30T15:04:00.490,8.170,0.145,0.088,0.995
1751285040500,2025-06-30T15:04:00.500,8.180,0.139,0.085,0.994
1751285040510,2025-06-30T15:04:00.510,8.190,0.140,0.095,0.987
1751285040520,2025-06-30T15:04:00.520,8.200,0.127,0.105,0.985
1751285040530,2025-06-30T15:04:00.530,8.210,0.098,0.120,0.977
1751285040540,2025-06-30T15:04:00.540,8.220,0.100,0.131,0.992
1751285040550,2025-06-30T15:04:00.550,8.230,0.087,0.150,1.004
1751285040560,2025-06-30T15:04:00.560,8.240,0.061,0.168,1.005
1751285040570,2025-06-30T15:04:00.570,8.250,0.033,0.187,1.005
1751285040580,2025-06-30T15:04:00.580,8.260,0.008,0.206,1.010
1751285040590,2025-06-30T15:04:00.590,8.270,-0.019,0.227,1.017
1751285040600,2025-06-30T15:04:00.600,8.280,-0.071,0.242,1.018
1751285040610,2025-06-30T15:04:00.610,8.290,-0.113,0.254,1.005
1751285040620,2025-06-30T15:04:00.620,8.300,-0.148,0.266,1.012
1751285040630,2025-06-30T15:04:00.630,8.310,-0.189,0.276,1.017
1751285040640,2025-06-30T15:04:00.640,8.320,-0.237,0.281,1.013
1751285040650,2025-06-30T15:04:00.650,8.330,-0.274,0.286,1.002
1751285040660,2025-06-30T15:04:00.660,8.340,-0.287,0.289,0.987
1751285040670,2025-06-30T15:04:00.670,8.350,-0.302,0.289,0.980
1751285040680,2025-06-30T15:04:00.680,8.360,-0.333,0.283,0.974
1751285040690,2025-06-30T15:04:00.690,8.370,-0.368,0.281,0.966
1751285040700,2025-06-30T15:04:00.700,8.380,-0.403,0.278,0.953
1751285040710,2025-06-30T15:04:00.710,8.390,-0.438,0.273,0.946
1751285040720,2025-06-30T15:04:00.720,8.400,-0.468,0.268,0.930
1751285040730,2025-06-30T15:04:00.730,8.410,-0.493,0.258,0.921
1751285040740,2025-06-30T15:04:00.740,8.420,-0.516,0.244,0.926
1751285040750,2025-06-30T15:04:00.750,8.430,-0.520,0.233,0.938
1751285040760,2025-06-30T15:04:00.760,8.440,-0.526,0.240,0.945
1751285040770,2025-06-30T15:04:00.770,8.450,-0.523,0.240,0.948
1751285040780,2025-06-30T15:04:00.780,8.460,-0.528,0.241,0.950
1751285040790,2025-06-30T15:04:00.790,8.470,-0.560,0.252,0.945
1751285040800,2025-06-30T15:04:00.800,8.480,-0.587,0.262,0.943
1751285040810,2025-06-30T15:04:00.810,8.490,-0.610,0.271,0.942
1751285040820,2025-06-30T15:04:00.820,8.500,-0.628,0.271,0.929
1751285040830,2025-06-30T15:04:00.830,8.510,-0.631,0.264,0.915
1751285040840,2025-06-30T15:04:00.840,8.520,-0.641,0.256,0.919
1751285040850,2025-06-30T15:04:00.850,8.530,-0.635,0.240,0.929
1751285040860,2025-06-30T15:04:00.860,8.540,-0.631,0.232,0.944
1751285040870,2025-06-30T15:04:00.870,8.550,-0.601,0.233,0.957
1751285040880,2025-06-30T15:04:00.880,8.560,-0.583,0.243,0.960
1751285040890,2025-06-30T15:04:00.890,8.570,-0.580,0.250,0.952
1751285040900,2025-06-30T15:04:00.900,8.580,-0.579,0.252,0.938
1751285040910,2025-06-30T15:04:00.910,8.590,-0.582,0.253,0.938
1751285040920,2025-06-30T15:04:00.920,8.600,-0.579,0.250,0.944
1751285040930,2025-06-30T15:04:00.930,8.610,-0.570,0.240,0.951
1751285040940,2025-06-30T15:04:00.940,8.620,-0.567,0.232,0.953
1751285040950,2025-06-30T15:04:00.950,8.630,-0.547,0.225,0.959
1751285040960,2025-06-30T15:04:00.960,8.640,-0.510,0.221,0.971
1751285040970,2025-06-30T15:04:00.970,8.650,-0.488,0.216,0.970
1751285040980,2025-06-30T15:04:00.980,8.660,-0.473,0.216,0.960
1751285040990,2025-06-30T15:04:00.990,8.670,-0.451,0.221,0.950
1751285041000,2025-06-30T15:04:01.000,8.680,-0.426,0.222,0.949
1751285041010,2025-06-30T15:04:01.010,8.690,-0.430,0.225,0.936
1751285041020,2025-06-30T15:04:01.020,8.700,-0.407,0.215,0.926
1751285041030,2025-06-30T15:04:01.030,8.710,-0.361,0.214,0.924
1751285041040,2025-06-30T15:04:01.040,8.720,-0.323,0.212,0.924
1751285041050,2025-06-30T15:04:01.050,8.730,-0.281,0.211,0.923
1751285041060,2025-06-30T15:04:01.060,8.740,-0.252,0.210,0.924
1751285041070,2025-06-30T15:04:01.070,8.750,-0.228,0.207,0.922
1751285041080,2025-06-30T15:04:01.080,8.760,-0.190,0.208,0.931
1751285041090,2025-06-30T15:04:01.090,8.770,-0.151,0.209,0.938
1751285041100,2025-06-30T15:04:01.100,8.780,-0.116,0.213,0.944
1751285041110,2025-06-30T15:04:01.110,8.790,-0.096,0.216,0.942
1751285041120,2025-06-30T15:04:01.120,8.800,-0.069,0.215,0.939
1751285041130,2025-06-30T15:04:01.130,8.810,-0.031,0.204,0.954
1751285041140,2025-06-30T15:04:01.140,8.820,0.020,0.196,0.968
1751285041150,2025-06-30T15:04:01.150,8.830,0.091,0.198,0.974
1751285041160,2025-06-30T15:04:01.160,8.840,0.147,0.196,0.972
1751285041170,2025-06-30T15:04:01.170,8.850,0.192,0.190,0.975
1751285041180,2025-06-30T15:04:01.180,8.860,0.245,0.182,1.005
1751285041190,2025-06-30T15:04:01.190,8.870,0.317,0.163,1.057
1751285041200,2025-06-30T15:04:01.200,8.880,0.359,0.131,1.086
1751285041210,2025-06-30T15:04:01.210,8.890,0.331,0.098,1.079
1751285041220,2025-06-30T15:04:01.220,8.900,0.308,0.073,1.075
1751285041230,2025-06-30T15:04:01.230,8.910,0.298,0.057,1.097
1751285041240,2025-06-30T15:04:01.240,8.920,0.257,0.045,1.102
1751285041250,2025-06-30T15:04:01.250,8.930,0.206,0.034,1.092
1751285041260,2025-06-30T15:04:01.260,8.940,0.167,0.024,1.076
1751285041270,2025-06-30T15:04:01.270,8.950,0.161,0.018,1.069
1751285041280,2025-06-30T15:04:01.280,8.960,0.165,0.013,1.076
1751285041290,2025-06-30T15:04:01.290,8.970,0.148,0.015,1.074
1751285041300,2025-06-30T15:04:01.300,8.980,0.117,0.021,1.060
1751285041310,2025-06-30T15:04:01.310,8.990,0.087,0.027,1.041
1751285041320,2025-06-30T15:04:01.320,9.000,0.061,0.040,1.026
1751285041330,2025-06-30T15:04:01.330,9.010,0.031,0.056,1.020
1751285041340,2025-06-30T15:04:01.340,9.020,0.008,0.068,1.025
1751285041350,2025-06-30T15:04:01.350,9.030,0.000,0.075,1.028
1751285041360,2025-06-30T15:04:01.360,9.040,0.003,0.075,1.026
1751285041370,2025-06-30T15:04:01.370,9.050,0.019,0.075,1.028
1751285041380,2025-06-30T15:04:01.380,9.060,0.021,0.079,1.026
1751285041390,2025-06-30T15:04:01.390,9.070,0.015,0.082,1.010
1751285041400,2025-06-30T15:04:01.400,9.080,0.002,0.077,0.998
1751285041410,2025-06-30T15:04:01.410,9.090,0.015,0.072,1.004
1751285041420,2025-06-30T15:04:01.420,9.100,0.017,0.064,1.005
1751285041430,2025-06-30T15:04:01.430,9.110,0.017,0.056,1.005
1751285041440,2025-06-30T15:04:01.440,9.120,0.013,0.056,1.008
1751285041450,2025-06-30T15:04:01.450,9.130,0.012,0.053,1.010
1751285041460,2025-06-30T15:04:01.460,9.140,0.026,0.045,1.011
1751285041470,2025-06-30T15:04:01.470,9.150,0.045,0.043,1.024
1751285041480,2025-06-30T15:04:01.480,9.160,0.050,0.042,1.039
1751285041490,2025-06-30T15:04:01.490,9.170,0.045,0.038,1.046
1751285041500,2025-06-30T15:04:01.500,9.180,0.053,0.037,1.052
1751285041510,2025-06-30T15:04:01.510,9.190,0.047,0.042,1.051
1751285041520,2025-06-30T15:04:01.520,9.200,0.042,0.044,1.034
1751285041530,2025-06-30T15:04:01.530,9.210,0.059,0.046,1.040
1751285041540,2025-06-30T15:04:01.540,9.220,0.082,0.044,1.047
1751285041550,2025-06-30T15:04:01.550,9.230,0.113,0.049,1.046
1751285041560,2025-06-30T15:04:01.560,9.240,0.146,0.056,1.045
1751285041570,2025-06-30T15:04:01.570,9.250,0.184,0.056,1.030
1751285041580,2025-06-30T15:04:01.580,9.260,0.229,0.063,1.018
1751285041590,2025-06-30T15:04:01.590,9.270,0.249,0.061,1.013
1751285041600,2025-06-30T15:04:01.600,9.280,0.243,0.045,1.007
1751285041610,2025-06-30T15:04:01.610,9.290,0.231,0.030,0.996
1751285041620,2025-06-30T15:04:01.620,9.300,0.244,0.027,1.000
1751285041630,2025-06-30T15:04:01.630,9.310,0.252,0.030,1.001
1751285041640,2025-06-30T15:04:01.640,9.320,0.266,0.038,0.989
1751285041650,2025-06-30T15:04:01.650,9.330,0.278,0.060,0.996
1751285041660,2025-06-30T15:04:01.660,9.340,0.247,0.085,1.011
1751285041670,2025-06-30T15:04:01.670,9.350,0.200,0.089,1.011
1751285041680,2025-06-30T15:04:01.680,9.360,0.170,0.091,1.020
1751285041690,2025-06-30T15:04:01.690,9.370,0.121,0.106,1.013
1751285041700,2025-06-30T15:04:01.700,9.380,0.070,0.131,1.012
1751285041710,2025-06-30T15:04:01.710,9.390,0.031,0.162,1.018
1751285041720,2025-06-30T15:04:01.720,9.400,0.000,0.182,1.021
1751285041730,2025-06-30T15:04:01.730,9.410,-0.023,0.204,1.034
1751285041740,2025-06-30T15:04:01.740,9.420,-0.052,0.227,1.039
1751285041750,2025-06-30T15:04:01.750,9.430,-0.078,0.246,1.040
1751285041760,2025-06-30T15:04:01.760,9.440,-0.137,0.266,1.033
1751285041770,2025-06-30T15:04:01.770,9.450,-0.198,0.278,1.016
1751285041780,2025-06-30T15:04:01.780,9.460,-0.236,0.286,1.016
1751285041790,2025-06-30T15:04:01.790,9.470,-0.275,0.294,1.017
1751285041800,2025-06-30T15:04:01.800,9.480,-0.313,0.297,1.011
1751285041810,2025-06-30T15:04:01.810,9.490,-0.340,0.299,1.007
1751285041820,2025-06-30T15:04:01.820,9.500,-0.382,0.302,1.003
1751285041830,2025-06-30T15:04:01.830,9.510,-0.423,0.294,1.002
1751285041840,2025-06-30T15:04:01.840,9.520,-0.436,0.292,0.998
1751285041850,2025-06-30T15:04:01.850,9.530,-0.441,0.292,0.996
1751285041860,2025-06-30T15:04:01.860,9.540,-0.453,0.289,0.989
1751285041870,2025-06-30T15:04:01.870,9.550,-0.492,0.288,0.974
1751285041880,2025-06-30T15:04:01.880,9.560,-0.525,0.284,0.958
1751285041890,2025-06-30T15:04:01.890,9.570,-0.560,0.276,0.946
1751285041900,2025-06-30T15:04:01.900,9.580,-0.578,0.262,0.941
1751285041910,2025-06-30T15:04:01.910,9.590,-0.567,0.247,0.953
1751285041920,2025-06-30T15:04:01.920,9.600,-0.554,0.239,0.953
1751285041930,2025-06-30T15:04:01.930,9.610,-0.556,0.238,0.954
1751285041940,2025-06-30T15:04:01.940,9.620,-0.564,0.240,0.949
1751285041950,2025-06-30T15:04:01.950,9.630,-0.593,0.240,0.929
1751285041960,2025-06-30T15:04:01.960,9.640,-0.627,0.240,0.908
1751285041970,2025-06-30T15:04:01.970,9.650,-0.657,0.237,0.900
1751285041980,2025-06-30T15:04:01.980,9.660,-0.662,0.229,0.910
1751285041990,2025-06-30T15:04:01.990,9.670,-0.640,0.222,0.921
1751285042000,2025-06-30T15:04:02.000,9.680,-0.622,0.218,0.928
1751285042010,2025-06-30T15:04:02.010,9.690,-0.605,0.222,0.923
1751285042020,2025-06-30T15:04:02.020,9.700,-0.621,0.225,0.914
1751285042030,2025-06-30T15:04:02.030,9.710,-0.618,0.220,0.913
1751285042040,2025-06-30T15:04:02.040,9.720,-0.586,0.221,0.914
1751285042050,2025-06-30T15:04:02.050,9.730,-0.582,0.225,0.916
1751285042060,2025-06-30T15:04:02.060,9.740,-0.572,0.222,0.917
1751285042070,2025-06-30T15:04:02.070,9.750,-0.542,0.218,0.927
1751285042080,2025-06-30T15:04:02.080,9.760,-0.525,0.219,0.916
1751285042090,2025-06-30T15:04:02.090,9.770,-0.525,0.216,0.908
1751285042100,2025-06-30T15:04:02.100,9.780,-0.499,0.207,0.909
1751285042110,2025-06-30T15:04:02.110,9.790,-0.480,0.198,0.922
1751285042120,2025-06-30T15:04:02.120,9.800,-0.474,0.195,0.930
1751285042130,2025-06-30T15:04:02.130,9.810,-0.448,0.204,0.933
1751285042140,2025-06-30T15:04:02.140,9.820,-0.429,0.215,0.929
1751285042150,2025-06-30T15:04:02.150,9.830,-0.416,0.223,0.915
1751285042160,2025-06-30T15:04:02.160,9.840,-0.377,0.224,0.910
1751285042170,2025-06-30T15:04:02.170,9.850,-0.341,0.224,0.910
1751285042180,2025-06-30T15:04:02.180,9.860,-0.318,0.221,0.915
1751285042190,2025-06-30T15:04:02.190,9.870,-0.262,0.213,0.925
1751285042200,2025-06-30T15:04:02.200,9.880,-0.244,0.212,0.931
1751285042210,2025-06-30T15:04:02.210,9.890,-0.234,0.213,0.927
1751285042220,2025-06-30T15:04:02.220,9.900,-0.171,0.211,0.931
1751285042230,2025-06-30T15:04:02.230,9.910,-0.106,0.210,0.938
1751285042240,2025-06-30T15:04:02.240,9.920,-0.025,0.216,0.947
1751285042250,2025-06-30T15:04:02.250,9.930,0.075,0.226,0.958
1751285042260,2025-06-30T15:04:02.260,9.940,0.155,0.231,0.974
1751285042270,2025-06-30T15:04:02.270,9.950,0.225,0.221,0.992
1751285042280,2025-06-30T15:04:02.280,9.960,0.264,0.192,0.994
1751285042290,2025-06-30T15:04:02.290,9.970,0.254,0.160,0.979
1751285042300,2025-06-30T15:04:02.300,9.980,0.266,0.135,0.978
1751285042310,2025-06-30T15:04:02.310,9.990,0.283,0.125,1.020
1751285042320,2025-06-30T15:04:02.320,10.000,0.296,0.104,1.059
1751285042330,2025-06-30T15:04:02.330,10.010,0.287,0.081,1.070
1751285042340,2025-06-30T15:04:02.340,10.020,0.291,0.058,1.066
1751285042350,2025-06-30T15:04:02.350,10.030,0.304,0.046,1.079
1751285042360,2025-06-30T15:04:02.360,10.040,0.285,0.048,1.086
1751285042370,2025-06-30T15:04:02.370,10.050,0.269,0.043,1.086
1751285042380,2025-06-30T15:04:02.380,10.060,0.285,0.035,1.094
1751285042390,2025-06-30T15:04:02.390,10.070,0.287,0.027,1.098
1751285042400,2025-06-30T15:04:02.400,10.080,0.256,0.025,1.099
1751285042410,2025-06-30T15:04:02.410,10.090,0.204,0.031,1.101
1751285042420,2025-06-30T15:04:02.420,10.100,0.181,0.046,1.105
1751285042430,2025-06-30T15:04:02.430,10.110,0.177,0.067,1.112
1751285042440,2025-06-30T15:04:02.440,10.120,0.161,0.081,1.109
1751285042450,2025-06-30T15:04:02.450,10.130,0.147,0.088,1.103
1751285042460,2025-06-30T15:04:02.460,10.140,0.153,0.091,1.102
1751285042470,2025-06-30T15:04:02.470,10.150,0.152,0.094,1.102
1751285042480,2025-06-30T15:04:02.480,10.160,0.136,0.097,1.087
1751285042490,2025-06-30T15:04:02.490,10.170,0.147,0.102,1.090
1751285042500,2025-06-30T15:04:02.500,10.180,0.145,0.107,1.089
1751285042510,2025-06-30T15:04:02.510,10.190,0.126,0.104,1.081
1751285042520,2025-06-30T15:04:02.520,10.200,0.120,0.105,1.072
1751285042530,2025-06-30T15:04:02.530,10.210,0.118,0.105,1.064
1751285042540,2025-06-30T15:04:02.540,10.220,0.126,0.106,1.054
1751285042550,2025-06-30T15:04:02.550,10.230,0.119,0.113,1.043
1751285042560,2025-06-30T15:04:02.560,10.240,0.104,0.112,1.031
1751285042570,2025-06-30T15:04:02.570,10.250,0.097,0.114,1.022
1751285042580,2025-06-30T15:04:02.580,10.260,0.083,0.106,1.025
1751285042590,2025-06-30T15:04:02.590,10.270,0.078,0.094,1.026
1751285042600,2025-06-30T15:04:02.600,10.280,0.071,0.095,1.021
1751285042610,2025-06-30T15:04:02.610,10.290,0.076,0.092,1.018
1751285042620,2025-06-30T15:04:02.620,10.300,0.095,0.101,1.027
1751285042630,2025-06-30T15:04:02.630,10.310,0.111,0.105,1.031
1751285042640,2025-06-30T15:04:02.640,10.320,0.132,0.108,1.034
1751285042650,2025-06-30T15:04:02.650,10.330,0.155,0.110,1.044
1751285042660,2025-06-30T15:04:02.660,10.340,0.168,0.113,1.043
1751285042670,2025-06-30T15:04:02.670,10.350,0.169,0.123,1.052
1751285042680,2025-06-30T15:04:02.680,10.360,0.146,0.123,1.053
1751285042690,2025-06-30T15:04:02.690,10.370,0.123,0.119,1.045
1751285042700,2025-06-30T15:04:02.700,10.380,0.097,0.121,1.044
1751285042710,2025-06-30T15:04:02.710,10.390,0.088,0.128,1.039
1751285042720,2025-06-30T15:04:02.720,10.400,0.108,0.135,1.050
1751285042730,2025-06-30T15:04:02.730,10.410,0.108,0.147,1.057
1751285042740,2025-06-30T15:04:02.740,10.420,0.096,0.159,1.046
1751285042750,2025-06-30T15:04:02.750,10.430,0.076,0.178,1.043
1751285042760,2025-06-30T15:04:02.760,10.440,0.046,0.193,1.039
1751285042770,2025-06-30T15:04:02.770,10.450,0.002,0.209,1.023
1751285042780,2025-06-30T15:04:02.780,10.460,-0.068,0.225,1.003
1751285042790,2025-06-30T15:04:02.790,10.470,-0.132,0.235,0.989
1751285042800,2025-06-30T15:04:02.800,10.480,-0.167,0.241,0.984
1751285042810,2025-06-30T15:04:02.810,10.490,-0.183,0.248,0.990
1751285042820,2025-06-30T15:04:02.820,10.500,-0.195,0.250,1.003
1751285042830,2025-06-30T15:04:02.830,10.510,-0.211,0.251,1.003
1751285042840,2025-06-30T15:04:02.840,10.520,-0.237,0.257,1.002
1751285042850,2025-06-30T15:04:02.850,10.530,-0.285,0.262,0.995
1751285042860,2025-06-30T15:04:02.860,10.540,-0.362,0.269,0.968
1751285042870,2025-06-30T15:04:02.870,10.550,-0.416,0.271,0.947
1751285042880,2025-06-30T15:04:02.880,10.560,-0.451,0.268,0.939
1751285042890,2025-06-30T15:04:02.890,10.570,-0.480,0.260,0.947
1751285042900,2025-06-30T15:04:02.900,10.580,-0.486,0.255,0.960
1751285042910,2025-06-30T15:04:02.910,10.590,-0.490,0.261,0.958
1751285042920,2025-06-30T15:04:02.920,10.600,-0.472,0.267,0.948
1751285042930,2025-06-30T15:04:02.930,10.610,-0.461,0.272,0.940
1751285042940,2025-06-30T15:04:02.940,10.620,-0.506,0.278,0.925
1751285042950,2025-06-30T15:04:02.950,10.630,-0.539,0.265,0.911
1751285042960,2025-06-30T15:04:02.960,10.640,-0.567,0.250,0.898
1751285042970,2025-06-30T15:04:02.970,10.650,-0.597,0.239,0.909
1751285042980,2025-06-30T15:04:02.980,10.660,-0.584,0.226,0.917
1751285042990,2025-06-30T15:04:02.990,10.670,-0.582,0.226,0.919
1751285043000,2025-06-30T15:04:03.000,10.680,-0.570,0.216,0.918
1751285043010,2025-06-30T15:04:03.010,10.690,-0.558,0.210,0.923
1751285043020,2025-06-30T15:04:03.020,10.700,-0.568,0.209,0.924
1751285043030,2025-06-30T15:04:03.030,10.710,-0.584,0.209,0.917
1751285043040,2025-06-30T15:04:03.040,10.720,-0.601,0.214,0.916
1751285043050,2025-06-30T15:04:03.050,10.730,-0.606,0.216,0.926
1751285043060,2025-06-30T15:04:03.060,10.740,-0.604,0.220,0.932
1751285043070,2025-06-30T15:04:03.070,10.750,-0.583,0.215,0.927
1751285043080,2025-06-30T15:04:03.080,10.760,-0.582,0.221,0.923
1751285043090,2025-06-30T15:04:03.090,10.770,-0.577,0.226,0.921
1751285043100,2025-06-30T15:04:03.100,10.780,-0.571,0.224,0.920
1751285043110,2025-06-30T15:04:03.110,10.790,-0.555,0.215,0.915
1751285043120,2025-06-30T15:04:03.120,10.800,-0.521,0.209,0.913
1751285043130,2025-06-30T15:04:03.130,10.810,-0.490,0.215,0.919
1751285043140,2025-06-30T15:04:03.140,10.820,-0.466,0.217,0.922
1751285043150,2025-06-30T15:04:03.150,10.830,-0.455,0.217,0.920
1751285043160,2025-06-30T15:04:03.160,10.840,-0.440,0.218,0.915
1751285043170,2025-06-30T15:04:03.170,10.850,-0.429,0.217,0.913
1751285043180,2025-06-30T15:04:03.180,10.860,-0.398,0.215,0.917
1751285043190,2025-06-30T15:04:03.190,10.870,-0.359,0.212,0.932
1751285043200,2025-06-30T15:04:03.200,10.880,-0.339,0.208,0.933
1751285043210,2025-06-30T15:04:03.210,10.890,-0.335,0.202,0.923
1751285043220,2025-06-30T15:04:03.220,10.900,-0.315,0.195,0.924
1751285043230,2025-06-30T15:04:03.230,10.910,-0.295,0.190,0.929
1751285043240,2025-06-30T15:04:03.240,10.920,-0.267,0.185,0.924
1751285043250,2025-06-30T15:04:03.250,10.930,-0.220,0.177,0.928
1751285043260,2025-06-30T15:04:03.260,10.940,-0.183,0.179,0.935
1751285043270,2025-06-30T15:04:03.270,10.950,-0.148,0.181,0.933
1751285043280,2025-06-30T15:04:03.280,10.960,-0.102,0.183,0.934
1751285043290,2025-06-30T15:04:03.290,10.970,-0.046,0.183,0.937
1751285043300,2025-06-30T15:04:03.300,10.980,0.006,0.183,0.947
1751285043310,2025-06-30T15:04:03.310,10.990,0.040,0.182,0.948
1751285043320,2025-06-30T15:04:03.320,11.000,0.065,0.177,0.954
1751285043330,2025-06-30T15:04:03.330,11.010,0.123,0.173,0.975
1751285043340,2025-06-30T15:04:03.340,11.020,0.225,0.170,1.009
1751285043350,2025-06-30T15:04:03.350,11.030,0.332,0.160,1.044
1751285043360,2025-06-30T15:04:03.360,11.040,0.433,0.141,1.069
1751285043370,2025-06-30T15:04:03.370,11.050,0.462,0.122,1.068
1751285043380,2025-06-30T15:04:03.380,11.060,0.405,0.110,1.059
1751285043390,2025-06-30T15:04:03.390,11.070,0.354,0.099,1.066
1751285043400,2025-06-30T15:04:03.400,11.080,0.283,0.083,1.088
1751285043410,2025-06-30T15:04:03.410,11.090,0.237,0.068,1.109
1751285043420,2025-06-30T15:04:03.420,11.100,0.236,0.052,1.122
1751285043430,2025-06-30T15:04:03.430,11.110,0.258,0.034,1.126
1751285043440,2025-06-30T15:04:03.440,11.120,0.279,0.019,1.126
1751285043450,2025-06-30T15:04:03.450,11.130,0.289,0.019,1.130
1751285043460,2025-06-30T15:04:03.460,11.140,0.249,0.032,1.119
1751285043470,2025-06-30T15:04:03.470,11.150,0.202,0.042,1.093
1751285043480,2025-06-30T15:04:03.480,11.160,0.165,0.052,1.083
1751285043490,2025-06-30T15:04:03.490,11.170,0.139,0.060,1.082
1751285043500,2025-06-30T15:04:03.500,11.180,0.120,0.063,1.081
1751285043510,2025-06-30T15:04:03.510,11.190,0.106,0.076,1.077
1751285043520,2025-06-30T15:04:03.520,11.200,0.092,0.085,1.074
1751285043530,2025-06-30T15:04:03.530,11.210,0.085,0.093,1.066
1751285043540,2025-06-30T15:04:03.540,11.220,0.090,0.099,1.051
1751285043550,2025-06-30T15:04:03.550,11.230,0.127,0.101,1.052
1751285043560,2025-06-30T15:04:03.560,11.240,0.144,0.100,1.053
1751285043570,2025-06-30T15:04:03.570,11.250,0.126,0.094,1.037
1751285043580,2025-06-30T15:04:03.580,11.260,0.130,0.093,1.027
1751285043590,2025-06-30T15:04:03.590,11.270,0.151,0.091,1.032
1751285043600,2025-06-30T15:04:03.600,11.280,0.139,0.086,1.037
1751285043610,2025-06-30T15:04:03.610,11.290,0.133,0.078,1.037
1751285043620,2025-06-30T15:04:03.620,11.300,0.141,0.079,1.046
1751285043630,2025-06-30T15:04:03.630,11.310,0.146,0.084,1.058
1751285043640,2025-06-30T15:04:03.640,11.320,0.170,0.095,1.057
1751285043650,2025-06-30T15:04:03.650,11.330,0.192,0.101,1.067
1751285043660,2025-06-30T15:04:03.660,11.340,0.238,0.095,1.080
1751285043670,2025-06-30T15:04:03.670,11.350,0.290,0.103,1.105
1751285043680,2025-06-30T15:04:03.680,11.360,0.324,0.102,1.146
1751285043690,2025-06-30T15:04:03.690,11.370,0.304,0.104,1.166
1751285043700,2025-06-30T15:04:03.700,11.380,0.261,0.120,1.162
1751285043710,2025-06-30T15:04:03.710,11.390,0.211,0.145,1.154
1751285043720,2025-06-30T15:04:03.720,11.400,0.125,0.162,1.147
1751285043730,2025-06-30T15:04:03.730,11.410,0.071,0.170,1.128
1751285043740,2025-06-30T15:04:03.740,11.420,0.091,0.182,1.104
1751285043750,2025-06-30T15:04:03.750,11.430,0.071,0.193,1.097
1751285043760,2025-06-30T15:04:03.760,11.440,0.028,0.186,1.062
1751285043770,2025-06-30T15:04:03.770,11.450,0.035,0.173,1.050
1751285043780,2025-06-30T15:04:03.780,11.460,0.048,0.171,1.053
1751285043790,2025-06-30T15:04:03.790,11.470,0.042,0.185,1.031
1751285043800,2025-06-30T15:04:03.800,11.480,0.011,0.204,0.998
1751285043810,2025-06-30T15:04:03.810,11.490,-0.069,0.220,0.952
1751285043820,2025-06-30T15:04:03.820,11.500,-0.150,0.231,0.927
1751285043830,2025-06-30T15:04:03.830,11.510,-0.219,0.246,0.917
1751285043840,2025-06-30T15:04:03.840,11.520,-0.278,0.260,0.898
1751285043850,2025-06-30T15:04:03.850,11.530,-0.303,0.260,0.897
1751285043860,2025-06-30T15:04:03.860,11.540,-0.324,0.253,0.901
1751285043870,2025-06-30T15:04:03.870,11.550,-0.355,0.245,0.892
1751285043880,2025-06-30T15:04:03.880,11.560,-0.347,0.231,0.899
1751285043890,2025-06-30T15:04:03.890,11.570,-0.351,0.228,0.908
1751285043900,2025-06-30T15:04:03.900,11.580,-0.393,0.225,0.896
1751285043910,2025-06-30T15:04:03.910,11.590,-0.450,0.230,0.879
1751285043920,2025-06-30T15:04:03.920,11.600,-0.476,0.226,0.886
1751285043930,2025-06-30T15:04:03.930,11.610,-0.510,0.226,0.882
1751285043940,2025-06-30T15:04:03.940,11.620,-0.561,0.225,0.879
1751285043950,2025-06-30T15:04:03.950,11.630,-0.605,0.223,0.882
1751285043960,2025-06-30T15:04:03.960,11.640,-0.624,0.216,0.894
1751285043970,2025-06-30T15:04:03.970,11.650,-0.591,0.211,0.913
1751285043980,2025-06-30T15:04:03.980,11.660,-0.581,0.216,0.926
1751285043990,2025-06-30T15:04:03.990,11.670,-0.603,0.218,0.922
1751285044000,2025-06-30T15:04:04.000,11.680,-0.610,0.211,0.919
1751285044010,2025-06-30T15:04:04.010,11.690,-0.633,0.217,0.907
1751285044020,2025-06-30T15:04:04.020,11.700,-0.651,0.219,0.900
1751285044030,2025-06-30T15:04:04.030,11.710,-0.631,0.214,0.904
1751285044040,2025-06-30T15:04:04.040,11.720,-0.620,0.208,0.903
1751285044050,2025-06-30T15:04:04.050,11.730,-0.643,0.209,0.904
1751285044060,2025-06-30T15:04:04.060,11.740,-0.644,0.201,0.905
1751285044070,2025-06-30T15:04:04.070,11.750,-0.634,0.199,0.919
1751285044080,2025-06-30T15:04:04.080,11.760,-0.627,0.203,0.910
1751285044090,2025-06-30T15:04:04.090,11.770,-0.606,0.200,0.905
1751285044100,2025-06-30T15:04:04.100,11.780,-0.573,0.199,0.911
1751285044110,2025-06-30T15:04:04.110,11.790,-0.541,0.200,0.916
1751285044120,2025-06-30T15:04:04.120,11.800,-0.538,0.208,0.913
1751285044130,2025-06-30T15:04:04.130,11.810,-0.523,0.214,0.913
1751285044140,2025-06-30T15:04:04.140,11.820,-0.506,0.217,0.921
1751285044150,2025-06-30T15:04:04.150,11.830,-0.526,0.219,0.904
1751285044160,2025-06-30T15:04:04.160,11.840,-0.552,0.221,0.894
1751285044170,2025-06-30T15:04:04.170,11.850,-0.488,0.218,0.911
1751285044180,2025-06-30T15:04:04.180,11.860,-0.421,0.222,0.938
1751285044190,2025-06-30T15:04:04.190,11.870,-0.383,0.221,0.951
1751285044200,2025-06-30T15:04:04.200,11.880,-0.349,0.224,0.944
1751285044210,2025-06-30T15:04:04.210,11.890,-0.317,0.227,0.945
1751285044220,2025-06-30T15:04:04.220,11.900,-0.286,0.225,0.957
1751285044230,2025-06-30T15:04:04.230,11.910,-0.271,0.224,0.959
1751285044240,2025-06-30T15:04:04.240,11.920,-0.256,0.228,0.952
1751285044250,2025-06-30T15:04:04.250,11.930,-0.232,0.236,0.956
1751285044260,2025-06-30T15:04:04.260,11.940,-0.205,0.239,0.969
1751285044270,2025-06-30T15:04:04.270,11.950,-0.169,0.236,0.988
1751285044280,2025-06-30T15:04:04.280,11.960,-0.123,0.237,0.990
1751285044290,2025-06-30T15:04:04.290,11.970,-0.080,0.245,1.001
1751285044300,2025-06-30T15:04:04.300,11.980,-0.044,0.245,1.008
1751285044310,2025-06-30T15:04:04.310,11.990,-0.012,0.242,1.009
1751285044320,2025-06-30T15:04:04.320,12.000,0.032,0.240,1.022
1751285044330,2025-06-30T15:04:04.330,12.010,0.079,0.239,1.031
1751285044340,2025-06-30T15:04:04.340,12.020,0.128,0.236,1.038
1751285044350,2025-06-30T15:04:04.350,12.030,0.196,0.229,1.052
1751285044360,2025-06-30T15:04:04.360,12.040,0.265,0.221,1.088
1751285044370,2025-06-30T15:04:04.370,12.050,0.317,0.212,1.119
1751285044380,2025-06-30T15:04:04.380,12.060,0.377,0.180,1.124
1751285044390,2025-06-30T15:04:04.390,12.070,0.321,0.153,1.102
1751285044400,2025-06-30T15:04:04.400,12.080,0.230,0.144,1.094
1751285044410,2025-06-30T15:04:04.410,12.090,0.229,0.139,1.105
1751285044420,2025-06-30T15:04:04.420,12.100,0.223,0.123,1.129
1751285044430,2025-06-30T15:04:04.430,12.110,0.185,0.102,1.129
1751285044440,2025-06-30T15:04:04.440,12.120,0.148,0.082,1.109
1751285044450,2025-06-30T15:04:04.450,12.130,0.167,0.071,1.111
1751285044460,2025-06-30T15:04:04.460,12.140,0.189,0.067,1.108
1751285044470,2025-06-30T15:04:04.470,12.150,0.176,0.062,1.099
1751285044480,2025-06-30T15:04:04.480,12.160,0.161,0.059,1.086
1751285044490,2025-06-30T15:04:04.490,12.170,0.146,0.063,1.066
1751285044500,2025-06-30T15:04:04.500,12.180,0.124,0.070,1.053
1751285044510,2025-06-30T15:04:04.510,12.190,0.096,0.082,1.054
1751285044520,2025-06-30T15:04:04.520,12.200,0.067,0.089,1.046
1751285044530,2025-06-30T15:04:04.530,12.210,0.050,0.087,1.038
1751285044540,2025-06-30T15:04:04.540,12.220,0.041,0.092,1.030
1751285044550,2025-06-30T15:04:04.550,12.230,0.054,0.098,1.026
1751285044560,2025-06-30T15:04:04.560,12.240,0.057,0.101,1.024
1751285044570,2025-06-30T15:04:04.570,12.250,0.063,0.098,1.025
1751285044580,2025-06-30T15:04:04.580,12.260,0.070,0.096,1.021
1751285044590,2025-06-30T15:04:04.590,12.270,0.072,0.095,1.018
1751285044600,2025-06-30T15:04:04.600,12.280,0.088,0.092,1.025
1751285044610,2025-06-30T15:04:04.610,12.290,0.112,0.091,1.031
1751285044620,2025-06-30T15:04:04.620,12.300,0.129,0.086,1.039
1751285044630,2025-06-30T15:04:04.630,12.310,0.142,0.073,1.056
1751285044640,2025-06-30T15:04:04.640,12.320,0.146,0.069,1.072
1751285044650,2025-06-30T15:04:04.650,12.330,0.160,0.069,1.081
1751285044660,2025-06-30T15:04:04.660,12.340,0.184,0.077,1.089
1751285044670,2025-06-30T15:04:04.670,12.350,0.208,0.087,1.097
1751285044680,2025-06-30T15:04:04.680,12.360,0.231,0.090,1.107
1751285044690,2025-06-30T15:04:04.690,12.370,0.244,0.099,1.114
1751285044700,2025-06-30T15:04:04.700,12.380,0.230,0.097,1.107
1751285044710,2025-06-30T15:04:04.710,12.390,0.227,0.092,1.082
1751285044720,2025-06-30T15:04:04.720,12.400,0.237,0.092,1.075
1751285044730,2025-06-30T15:04:04.730,12.410,0.246,0.091,1.074
1751285044740,2025-06-30T15:04:04.740,12.420,0.256,0.088,1.069
1751285044750,2025-06-30T15:04:04.750,12.430,0.252,0.096,1.060
1751285044760,2025-06-30T15:04:04.760,12.440,0.247,0.108,1.051
1751285044770,2025-06-30T15:04:04.770,12.450,0.230,0.127,1.035
1751285044780,2025-06-30T15:04:04.780,12.460,0.218,0.142,1.016
1751285044790,2025-06-30T15:04:04.790,12.470,0.179,0.161,1.003
1751285044800,2025-06-30T15:04:04.800,12.480,0.125,0.169,0.994
1751285044810,2025-06-30T15:04:04.810,12.490,0.086,0.172,1.000
1751285044820,2025-06-30T15:04:04.820,12.500,0.060,0.181,1.013
1751285044830,2025-06-30T15:04:04.830,12.510,0.042,0.203,1.027
1751285044840,2025-06-30T15:04:04.840,12.520,0.012,0.219,1.030
1751285044850,2025-06-30T15:04:04.850,12.530,-0.026,0.235,1.019
1751285044860,2025-06-30T15:04:04.860,12.540,-0.067,0.245,1.017
1751285044870,2025-06-30T15:04:04.870,12.550,-0.122,0.252,1.006
1751285044880,2025-06-30T15:04:04.880,12.560,-0.166,0.262,0.999
1751285044890,2025-06-30T15:04:04.890,12.570,-0.199,0.270,0.995
1751285044900,2025-06-30T15:04:04.900,12.580,-0.237,0.278,0.989
1751285044910,2025-06-30T15:04:04.910,12.590,-0.289,0.281,0.983
1751285044920,2025-06-30T15:04:04.920,12.600,-0.342,0.283,0.971
1751285044930,2025-06-30T15:04:04.930,12.610,-0.404,0.286,0.952
1751285044940,2025-06-30T15:04:04.940,12.620,-0.455,0.279,0.940
1751285044950,2025-06-30T15:04:04.950,12.630,-0.478,0.257,0.936
1751285044960,2025-06-30T15:04:04.960,12.640,-0.483,0.240,0.953
1751285044970,2025-06-30T15:04:04.970,12.650,-0.466,0.229,0.960
1751285044980,2025-06-30T15:04:04.980,12.660,-0.479,0.229,0.954
1751285044990,2025-06-30T15:04:04.990,12.670,-0.491,0.231,0.946
1751285045000,2025-06-30T15:04:05.000,12.680,-0.500,0.229,0.938
1751285045010,2025-06-30T15:04:05.010,12.690,-0.542,0.233,0.925
1751285045020,2025-06-30T15:04:05.020,12.700,-0.576,0.227,0.917
1751285045030,2025-06-30T15:04:05.030,12.710,-0.615,0.221,0.909
1751285045040,2025-06-30T15:04:05.040,12.720,-0.655,0.221,0.907
1751285045050,2025-06-30T15:04:05.050,12.730,-0.665,0.217,0.903
1751285045060,2025-06-30T15:04:05.060,12.740,-0.653,0.213,0.907
1751285045070,2025-06-30T15:04:05.070,12.750,-0.611,0.211,0.910
1751285045080,2025-06-30T15:04:05.080,12.760,-0.594,0.213,0.910
1751285045090,2025-06-30T15:04:05.090,12.770,-0.577,0.216,0.910
1751285045100,2025-06-30T15:04:05.100,12.780,-0.578,0.215,0.906
1751285045110,2025-06-30T15:04:05.110,12.790,-0.586,0.209,0.894
1751285045120,2025-06-30T15:04:05.120,12.800,-0.594,0.202,0.886
1751285045130,2025-06-30T15:04:05.130,12.810,-0.587,0.196,0.898
1751285045140,2025-06-30T15:04:05.140,12.820,-0.585,0.196,0.902
1751285045150,2025-06-30T15:04:05.150,12.830,-0.587,0.199,0.904
1751285045160,2025-06-30T15:04:05.160,12.840,-0.558,0.191,0.921
1751285045170,2025-06-30T15:04:05.170,12.850,-0.507,0.197,0.932
1751285045180,2025-06-30T15:04:05.180,12.860,-0.478,0.207,0.932
1751285045190,2025-06-30T15:04:05.190,12.870,-0.464,0.209,0.938
1751285045200,2025-06-30T15:04:05.200,12.880,-0.440,0.218,0.939
1751285045210,2025-06-30T15:04:05.210,12.890,-0.427,0.219,0.941
1751285045220,2025-06-30T15:04:05.220,12.900,-0.402,0.219,0.941
1751285045230,2025-06-30T15:04:05.230,12.910,-0.372,0.221,0.939
1751285045240,2025-06-30T15:04:05.240,12.920,-0.336,0.221,0.947
1751285045250,2025-06-30T15:04:05.250,12.930,-0.305,0.217,0.948
1751285045260,2025-06-30T15:04:05.260,12.940,-0.266,0.218,0.953
1751285045270,2025-06-30T15:04:05.270,12.950,-0.218,0.220,0.972
1751285045280,2025-06-30T15:04:05.280,12.960,-0.166,0.207,0.986
1751285045290,2025-06-30T15:04:05.290,12.970,-0.116,0.195,0.994
1751285045300,2025-06-30T15:04:05.300,12.980,-0.087,0.187,0.996
1751285045310,2025-06-30T15:04:05.310,12.990,-0.075,0.181,0.999
1751285045320,2025-06-30T15:04:05.320,13.000,-0.070,0.183,1.000
1751285045330,2025-06-30T15:04:05.330,13.010,-0.067,0.179,0.996
1751285045340,2025-06-30T15:04:05.340,13.020,-0.042,0.173,0.997
1751285045350,2025-06-30T15:04:05.350,13.030,0.000,0.164,1.008
1751285045360,2025-06-30T15:04:05.360,13.040,0.038,0.149,1.011
1751285045370,2025-06-30T15:04:05.370,13.050,0.061,0.137,1.013
1751285045380,2025-06-30T15:04:05.380,13.060,0.074,0.124,1.017
1751285045390,2025-06-30T15:04:05.390,13.070,0.105,0.112,1.026
1751285045400,2025-06-30T15:04:05.400,13.080,0.130,0.108,1.039
1751285045410,2025-06-30T15:04:05.410,13.090,0.140,0.108,1.042
1751285045420,2025-06-30T15:04:05.420,13.100,0.153,0.102,1.051
1751285045430,2025-06-30T15:04:05.430,13.110,0.149,0.091,1.042
1751285045440,2025-06-30T15:04:05.440,13.120,0.118,0.092,1.025
1751285045450,2025-06-30T15:04:05.450,13.130,0.138,0.078,1.042
1751285045460,2025-06-30T15:04:05.460,13.140,0.183,0.072,1.071
1751285045470,2025-06-30T15:04:05.470,13.150,0.241,0.067,1.087
1751285045480,2025-06-30T15:04:05.480,13.160,0.273,0.061,1.090
1751285045490,2025-06-30T15:04:05.490,13.170,0.264,0.059,1.091
1751285045500,2025-06-30T15:04:05.500,13.180,0.220,0.064,1.088
1751285045510,2025-06-30T15:04:05.510,13.190,0.154,0.066,1.073
1751285045520,2025-06-30T15:04:05.520,13.200,0.097,0.061,1.070
1751285045530,2025-06-30T15:04:05.530,13.210,0.058,0.060,1.061
1751285045540,2025-06-30T15:04:05.540,13.220,0.027,0.059,1.034
1751285045550,2025-06-30T15:04:05.550,13.230,0.031,0.063,1.026
1751285045560,2025-06-30T15:04:05.560,13.240,0.048,0.057,1.036
1751285045570,2025-06-30T15:04:05.570,13.250,0.044,0.054,1.030
1751285045580,2025-06-30T15:04:05.580,13.260,0.041,0.054,1.026
1751285045590,2025-06-30T15:04:05.590,13.270,0.032,0.062,1.015
1751285045600,2025-06-30T15:04:05.600,13.280,0.030,0.068,1.011
1751285045610,2025-06-30T15:04:05.610,13.290,0.018,0.072,1.000
1751285045620,2025-06-30T15:04:05.620,13.300,-0.006,0.079,0.993
1751285045630,2025-06-30T15:04:05.630,13.310,-0.023,0.080,0.996
1751285045640,2025-06-30T15:04:05.640,13.320,-0.039,0.086,0.995
1751285045650,2025-06-30T15:04:05.650,13.330,-0.043,0.093,0.993
1751285045660,2025-06-30T15:04:05.660,13.340,-0.030,0.096,0.995
1751285045670,2025-06-30T15:04:05.670,13.350,-0.012,0.102,1.000
1751285045680,2025-06-30T15:04:05.680,13.360,-0.017,0.102,1.006
1751285045690,2025-06-30T15:04:05.690,13.370,-0.004,0.101,1.005
1751285045700,2025-06-30T15:04:05.700,13.380,0.037,0.105,1.022
1751285045710,2025-06-30T15:04:05.710,13.390,0.047,0.100,1.050
1751285045720,2025-06-30T15:04:05.720,13.400,0.055,0.081,1.074
1751285045730,2025-06-30T15:04:05.730,13.410,0.065,0.077,1.093
1751285045740,2025-06-30T15:04:05.740,13.420,0.072,0.087,1.095
1751285045750,2025-06-30T15:04:05.750,13.430,0.099,0.103,1.091
1751285045760,2025-06-30T15:04:05.760,13.440,0.143,0.112,1.095
1751285045770,2025-06-30T15:04:05.770,13.450,0.174,0.109,1.095
1751285045780,2025-06-30T15:04:05.780,13.460,0.208,0.100,1.094
1751285045790,2025-06-30T15:04:05.790,13.470,0.246,0.089,1.103
1751285045800,2025-06-30T15:04:05.800,13.480,0.250,0.087,1.101
1751285045810,2025-06-30T15:04:05.810,13.490,0.236,0.097,1.091
1751285045820,2025-06-30T15:04:05.820,13.500,0.221,0.105,1.090
1751285045830,2025-06-30T15:04:05.830,13.510,0.210,0.118,1.092
1751285045840,2025-06-30T15:04:05.840,13.520,0.194,0.125,1.084
1751285045850,2025-06-30T15:04:05.850,13.530,0.198,0.140,1.083
1751285045860,2025-06-30T15:04:05.860,13.540,0.198,0.155,1.089
1751285045870,2025-06-30T15:04:05.870,13.550,0.166,0.162,1.081
1751285045880,2025-06-30T15:04:05.880,13.560,0.137,0.171,1.068
1751285045890,2025-06-30T15:04:05.890,13.570,0.102,0.180,1.067
1751285045900,2025-06-30T15:04:05.900,13.580,0.062,0.193,1.057
1751285045910,2025-06-30T15:04:05.910,13.590,0.035,0.208,1.048
1751285045920,2025-06-30T15:04:05.920,13.600,0.008,0.218,1.055
1751285045930,2025-06-30T15:04:05.930,13.610,-0.031,0.228,1.054
1751285045940,2025-06-30T15:04:05.940,13.620,-0.072,0.234,1.041
1751285045950,2025-06-30T15:04:05.950,13.630,-0.121,0.240,1.023
1751285045960,2025-06-30T15:04:05.960,13.640,-0.160,0.243,1.013
1751285045970,2025-06-30T15:04:05.970,13.650,-0.203,0.249,1.000
1751285045980,2025-06-30T15:04:05.980,13.660,-0.262,0.256,0.980
1751285045990,2025-06-30T15:04:05.990,13.670,-0.316,0.258,0.955
1751285046000,2025-06-30T15:04:06.000,13.680,-0.359,0.253,0.946
1751285046010,2025-06-30T15:04:06.010,13.690,-0.396,0.253,0.946
1751285046020,2025-06-30T15:04:06.020,13.700,-0.421,0.249,0.950
1751285046030,2025-06-30T15:04:06.030,13.710,-0.439,0.243,0.943
1751285046040,2025-06-30T15:04:06.040,13.720,-0.474,0.247,0.927
1751285046050,2025-06-30T15:04:06.050,13.730,-0.515,0.250,0.903
1751285046060,2025-06-30T15:04:06.060,13.740,-0.560,0.247,0.894
1751285046070,2025-06-30T15:04:06.070,13.750,-0.602,0.240,0.885
1751285046080,2025-06-30T15:04:06.080,13.760,-0.643,0.235,0.886
1751285046090,2025-06-30T15:04:06.090,13.770,-0.649,0.230,0.894
1751285046100,2025-06-30T15:04:06.100,13.780,-0.654,0.231,0.888
1751285046110,2025-06-30T15:04:06.110,13.790,-0.656,0.228,0.883
1751285046120,2025-06-30T15:04:06.120,13.800,-0.650,0.220,0.876
1751285046130,2025-06-30T15:04:06.130,13.810,-0.670,0.217,0.876
1751285046140,2025-06-30T15:04:06.140,13.820,-0.673,0.217,0.877
1751285046150,2025-06-30T15:04:06.150,13.830,-0.690,0.220,0.869
1751285046160,2025-06-30T15:04:06.160,13.840,-0.714,0.220,0.862
1751285046170,2025-06-30T15:04:06.170,13.850,-0.673,0.219,0.884
1751285046180,2025-06-30T15:04:06.180,13.860,-0.653,0.232,0.902
1751285046190,2025-06-30T15:04:06.190,13.870,-0.679,0.235,0.894
1751285046200,2025-06-30T15:04:06.200,13.880,-0.680,0.238,0.891
1751285046210,2025-06-30T15:04:06.210,13.890,-0.685,0.243,0.891
1751285046220,2025-06-30T15:04:06.220,13.900,-0.678,0.239,0.897
1751285046230,2025-06-30T15:04:06.230,13.910,-0.635,0.234,0.910
1751285046240,2025-06-30T15:04:06.240,13.920,-0.625,0.247,0.911
1751285046250,2025-06-30T15:04:06.250,13.930,-0.605,0.247,0.914
1751285046260,2025-06-30T15:04:06.260,13.940,-0.569,0.247,0.919
1751285046270,2025-06-30T15:04:06.270,13.950,-0.524,0.247,0.922
1751285046280,2025-06-30T15:04:06.280,13.960,-0.461,0.241,0.928
1751285046290,2025-06-30T15:04:06.290,13.970,-0.391,0.246,0.936
1751285046300,2025-06-30T15:04:06.300,13.980,-0.336,0.253,0.939
1751285046310,2025-06-30T15:04:06.310,13.990,-0.291,0.249,0.949
1751285046320,2025-06-30T15:04:06.320,14.000,-0.267,0.250,0.955
1751285046330,2025-06-30T15:04:06.330,14.010,-0.217,0.252,0.958
1751285046340,2025-06-30T15:04:06.340,14.020,-0.155,0.255,0.964
1751285046350,2025-06-30T15:04:06.350,14.030,-0.080,0.265,0.972
1751285046360,2025-06-30T15:04:06.360,14.040,0.010,0.270,0.978
1751285046370,2025-06-30T15:04:06.370,14.050,0.088,0.269,0.991
1751285046380,2025-06-30T15:04:06.380,14.060,0.167,0.256,1.017
1751285046390,2025-06-30T15:04:06.390,14.070,0.251,0.245,1.055
1751285046400,2025-06-30T15:04:06.400,14.080,0.350,0.237,1.089
1751285046410,2025-06-30T15:04:06.410,14.090,0.452,0.199,1.097
1751285046420,2025-06-30T15:04:06.420,14.100,0.467,0.168,1.089
1751285046430,2025-06-30T15:04:06.430,14.110,0.415,0.151,1.071
1751285046440,2025-06-30T15:04:06.440,14.120,0.367,0.118,1.063
1751285046450,2025-06-30T15:04:06.450,14.130,0.344,0.092,1.092
1751285046460,2025-06-30T15:04:06.460,14.140,0.274,0.073,1.111
1751285046470,2025-06-30T15:04:06.470,14.150,0.181,0.056,1.109
1751285046480,2025-06-30T15:04:06.480,14.160,0.165,0.047,1.103
1751285046490,2025-06-30T15:04:06.490,14.170,0.227,0.048,1.102
1751285046500,2025-06-30T15:04:06.500,14.180,0.277,0.054,1.107
1751285046510,2025-06-30T15:04:06.510,14.190,0.306,0.054,1.113
1751285046520,2025-06-30T15:04:06.520,14.200,0.286,0.055,1.097
1751285046530,2025-06-30T15:04:06.530,14.210,0.228,0.057,1.094
1751285046540,2025-06-30T15:04:06.540,14.220,0.179,0.063,1.096
1751285046550,2025-06-30T15:04:06.550,14.230,0.146,0.063,1.086
1751285046560,2025-06-30T15:04:06.560,14.240,0.128,0.066,1.079
1751285046570,2025-06-30T15:04:06.570,14.250,0.116,0.075,1.080
1751285046580,2025-06-30T15:04:06.580,14.260,0.119,0.082,1.079
1751285046590,2025-06-30T15:04:06.590,14.270,0.136,0.084,1.072
1751285046600,2025-06-30T15:04:06.600,14.280,0.163,0.084,1.067
1751285046610,2025-06-30T15:04:06.610,14.290,0.170,0.082,1.066
1751285046620,2025-06-30T15:04:06.620,14.300,0.156,0.075,1.061
1751285046630,2025-06-30T15:04:06.630,14.310,0.151,0.070,1.064
1751285046640,2025-06-30T15:04:06.640,14.320,0.157,0.069,1.061
1751285046650,2025-06-30T15:04:06.650,14.330,0.151,0.072,1.059
1751285046660,2025-06-30T15:04:06.660,14.340,0.168,0.077,1.065
1751285046670,2025-06-30T15:04:06.670,14.350,0.203,0.078,1.067
1751285046680,2025-06-30T15:04:06.680,14.360,0.203,0.075,1.064
1751285046690,2025-06-30T15:04:06.690,14.370,0.186,0.069,1.053
1751285046700,2025-06-30T15:04:06.700,14.380,0.182,0.069,1.042
1751285046710,2025-06-30T15:04:06.710,14.390,0.177,0.069,1.037
1751285046720,2025-06-30T15:04:06.720,14.400,0.175,0.071,1.030
1751285046730,2025-06-30T15:04:06.730,14.410,0.166,0.079,1.017
1751285046740,2025-06-30T15:04:06.740,14.420,0.176,0.089,1.007
1751285046750,2025-06-30T15:04:06.750,14.430,0.214,0.105,1.003
1751285046760,2025-06-30T15:04:06.760,14.440,0.249,0.108,1.007
1751285046770,2025-06-30T15:04:06.770,14.450,0.302,0.116,1.027
1751285046780,2025-06-30T15:04:06.780,14.460,0.302,0.128,1.061
1751285046790,2025-06-30T15:04:06.790,14.470,0.271,0.131,1.081
1751285046800,2025-06-30T15:04:06.800,14.480,0.242,0.130,1.069
1751285046810,2025-06-30T15:04:06.810,14.490,0.185,0.150,1.050
1751285046820,2025-06-30T15:04:06.820,14.500,0.109,0.181,1.044
1751285046830,2025-06-30T15:04:06.830,14.510,0.042,0.207,1.018
1751285046840,2025-06-30T15:04:06.840,14.520,0.077,0.214,1.020
1751285046850,2025-06-30T15:04:06.850,14.530,0.097,0.233,1.023
1751285046860,2025-06-30T15:04:06.860,14.540,0.042,0.250,1.008
1751285046870,2025-06-30T15:04:06.870,14.550,-0.007,0.269,0.997
1751285046880,2025-06-30T15:04:06.880,14.560,-0.016,0.277,1.009
1751285046890,2025-06-30T15:04:06.890,14.570,-0.026,0.282,1.015
1751285046900,2025-06-30T15:04:06.900,14.580,-0.074,0.300,1.005
1751285046910,2025-06-30T15:04:06.910,14.590,-0.175,0.315,0.997
1751285046920,2025-06-30T15:04:06.920,14.600,-0.275,0.329,0.995
1751285046930,2025-06-30T15:04:06.930,14.610,-0.345,0.332,0.993
1751285046940,2025-06-30T15:04:06.940,14.620,-0.422,0.333,0.977
1751285046950,2025-06-30T15:04:06.950,14.630,-0.480,0.329,0.971
1751285046960,2025-06-30T15:04:06.960,14.640,-0.515,0.314,0.984
1751285046970,2025-06-30T15:04:06.970,14.650,-0.542,0.301,1.010
1751285046980,2025-06-30T15:04:06.980,14.660,-0.551,0.295,1.026
1751285046990,2025-06-30T15:04:06.990,14.670,-0.552,0.294,1.024
1751285047000,2025-06-30T15:04:07.000,14.680,-0.574,0.301,1.000
1751285047010,2025-06-30T15:04:07.010,14.690,-0.612,0.308,0.981
1751285047020,2025-06-30T15:04:07.020,14.700,-0.667,0.305,0.955
1751285047030,2025-06-30T15:04:07.030,14.710,-0.703,0.305,0.945
1751285047040,2025-06-30T15:04:07.040,14.720,-0.715,0.300,0.944
1751285047050,2025-06-30T15:04:07.050,14.730,-0.729,0.298,0.938
1751285047060,2025-06-30T15:04:07.060,14.740,-0.720,0.292,0.942
1751285047070,2025-06-30T15:04:07.070,14.750,-0.703,0.285,0.936
1751285047080,2025-06-30T15:04:07.080,14.760,-0.713,0.277,0.918
1751285047090,2025-06-30T15:04:07.090,14.770,-0.694,0.260,0.915
1751285047100,2025-06-30T15:04:07.100,14.780,-0.661,0.255,0.911
1751285047110,2025-06-30T15:04:07.110,14.790,-0.662,0.247,0.896
1751285047120,2025-06-30T15:04:07.120,14.800,-0.659,0.232,0.887
1751285047130,2025-06-30T15:04:07.130,14.810,-0.667,0.227,0.873
1751285047140,2025-06-30T15:04:07.140,14.820,-0.655,0.222,0.865
1751285047150,2025-06-30T15:04:07.150,14.830,-0.641,0.221,0.868
1751285047160,2025-06-30T15:04:07.160,14.840,-0.612,0.228,0.870
1751285047170,2025-06-30T15:04:07.170,14.850,-0.570,0.236,0.865
1751285047180,2025-06-30T15:04:07.180,14.860,-0.545,0.241,0.866
1751285047190,2025-06-30T15:04:07.190,14.870,-0.520,0.239,0.871
1751285047200,2025-06-30T15:04:07.200,14.880,-0.486,0.240,0.884
1751285047210,2025-06-30T15:04:07.210,14.890,-0.470,0.247,0.892
1751285047220,2025-06-30T15:04:07.220,14.900,-0.433,0.260,0.898
1751285047230,2025-06-30T15:04:07.230,14.910,-0.387,0.275,0.903
1751285047240,2025-06-30T15:04:07.240,14.920,-0.347,0.280,0.912
1751285047250,2025-06-30T15:04:07.250,14.930,-0.292,0.282,0.924
1751285047260,2025-06-30T15:04:07.260,14.940,-0.242,0.275,0.938
1751285047270,2025-06-30T15:04:07.270,14.950,-0.205,0.259,0.955
1751285047280,2025-06-30T15:04:07.280,14.960,-0.172,0.243,0.977
1751285047290,2025-06-30T15:04:07.290,14.970,-0.134,0.233,0.990
1751285047300,2025-06-30T15:04:07.300,14.980,-0.088,0.237,0.993
1751285047310,2025-06-30T15:04:07.310,14.990,-0.052,0.237,1.001
1751285047320,2025-06-30T15:04:07.320,15.000,-0.010,0.236,1.013
1751285047330,2025-06-30T15:04:07.330,15.010,0.049,0.242,1.019
1751285047340,2025-06-30T15:04:07.340,15.020,0.101,0.252,1.027
1751285047350,2025-06-30T15:04:07.350,15.030,0.161,0.251,1.042
1751285047360,2025-06-30T15:04:07.360,15.040,0.239,0.240,1.069
1751285047370,2025-06-30T15:04:07.370,15.050,0.354,0.218,1.106
1751285047380,2025-06-30T15:04:07.380,15.060,0.463,0.178,1.119
1751285047390,2025-06-30T15:04:07.390,15.070,0.457,0.146,1.088
1751285047400,2025-06-30T15:04:07.400,15.080,0.460,0.132,1.079
1751285047410,2025-06-30T15:04:07.410,15.090,0.496,0.123,1.107
1751285047420,2025-06-30T15:04:07.420,15.100,0.436,0.107,1.133
1751285047430,2025-06-30T15:04:07.430,15.110,0.322,0.090,1.133
1751285047440,2025-06-30T15:04:07.440,15.120,0.285,0.063,1.125
1751285047450,2025-06-30T15:04:07.450,15.130,0.302,0.045,1.126
1751285047460,2025-06-30T15:04:07.460,15.140,0.297,0.042,1.117
1751285047470,2025-06-30T15:04:07.470,15.150,0.253,0.048,1.108
1751285047480,2025-06-30T15:04:07.480,15.160,0.235,0.045,1.094
1751285047490,2025-06-30T15:04:07.490,15.170,0.251,0.041,1.088
1751285047500,2025-06-30T15:04:07.500,15.180,0.263,0.038,1.091
1751285047510,2025-06-30T15:04:07.510,15.190,0.248,0.045,1.080
1751285047520,2025-06-30T15:04:07.520,15.200,0.185,0.058,1.068
1751285047530,2025-06-30T15:04:07.530,15.210,0.114,0.065,1.045
1751285047540,2025-06-30T15:04:07.540,15.220,0.075,0.072,1.040
1751285047550,2025-06-30T15:04:07.550,15.230,0.053,0.077,1.024
1751285047560,2025-06-30T15:04:07.560,15.240,0.066,0.077,1.008
1751285047570,2025-06-30T15:04:07.570,15.250,0.114,0.083,1.000
1751285047580,2025-06-30T15:04:07.580,15.260,0.164,0.086,1.006
1751285047590,2025-06-30T15:04:07.590,15.270,0.170,0.082,1.009
1751285047600,2025-06-30T15:04:07.600,15.280,0.148,0.075,1.001
1751285047610,2025-06-30T15:04:07.610,15.290,0.122,0.068,0.995
1751285047620,2025-06-30T15:04:07.620,15.300,0.135,0.071,1.003
1751285047630,2025-06-30T15:04:07.630,15.310,0.173,0.082,1.014
1751285047640,2025-06-30T15:04:07.640,15.320,0.235,0.089,1.018
1751285047650,2025-06-30T15:04:07.650,15.330,0.282,0.094,1.036
1751285047660,2025-06-30T15:04:07.660,15.340,0.267,0.085,1.049
1751285047670,2025-06-30T15:04:07.670,15.350,0.250,0.070,1.047
1751285047680,2025-06-30T15:04:07.680,15.360,0.252,0.069,1.044
1751285047690,2025-06-30T15:04:07.690,15.370,0.274,0.073,1.025
1751285047700,2025-06-30T15:04:07.700,15.380,0.301,0.089,1.019
1751285047710,2025-06-30T15:04:07.710,15.390,0.286,0.091,1.016
1751285047720,2025-06-30T15:04:07.720,15.400,0.285,0.084,1.030
1751285047730,2025-06-30T15:04:07.730,15.410,0.247,0.071,1.036
1751285047740,2025-06-30T15:04:07.740,15.420,0.203,0.062,1.015
1751285047750,2025-06-30T15:04:07.750,15.430,0.200,0.072,1.015
1751285047760,2025-06-30T15:04:07.760,15.440,0.209,0.086,1.028
1751285047770,2025-06-30T15:04:07.770,15.450,0.219,0.107,1.026
1751285047780,2025-06-30T15:04:07.780,15.460,0.212,0.137,1.033
1751285047790,2025-06-30T15:04:07.790,15.470,0.172,0.169,1.029
1751285047800,2025-06-30T15:04:07.800,15.480,0.099,0.200,1.023
1751285047810,2025-06-30T15:04:07.810,15.490,0.027,0.228,1.016
1751285047820,2025-06-30T15:04:07.820,15.500,-0.029,0.246,1.005
1751285047830,2025-06-30T15:04:07.830,15.510,-0.070,0.262,1.011
1751285047840,2025-06-30T15:04:07.840,15.520,-0.100,0.278,1.018
1751285047850,2025-06-30T15:04:07.850,15.530,-0.133,0.289,1.019
1751285047860,2025-06-30T15:04:07.860,15.540,-0.166,0.294,1.030
1751285047870,2025-06-30T15:04:07.870,15.550,-0.191,0.292,1.032
1751285047880,2025-06-30T15:04:07.880,15.560,-0.201,0.302,1.042
1751285047890,2025-06-30T15:04:07.890,15.570,-0.238,0.307,1.056
1751285047900,2025-06-30T15:04:07.900,15.580,-0.305,0.310,1.052
1751285047910,2025-06-30T15:04:07.910,15.590,-0.379,0.311,1.037
1751285047920,2025-06-30T15:04:07.920,15.600,-0.436,0.300,1.027
1751285047930,2025-06-30T15:04:07.930,15.610,-0.489,0.291,1.008
1751285047940,2025-06-30T15:04:07.940,15.620,-0.516,0.281,0.999
1751285047950,2025-06-30T15:04:07.950,15.630,-0.499,0.267,1.012
1751285047960,2025-06-30T15:04:07.960,15.640,-0.499,0.260,1.016
1751285047970,2025-06-30T15:04:07.970,15.650,-0.513,0.256,1.000
1751285047980,2025-06-30T15:04:07.980,15.660,-0.529,0.253,0.981
1751285047990,2025-06-30T15:04:07.990,15.670,-0.566,0.249,0.960
1751285048000,2025-06-30T15:04:08.000,15.680,-0.603,0.235,0.950
1751285048010,2025-06-30T15:04:08.010,15.690,-0.613,0.227,0.941
1751285048020,2025-06-30T15:04:08.020,15.700,-0.627,0.227,0.942
1751285048030,2025-06-30T15:04:08.030,15.710,-0.628,0.225,0.935
1751285048040,2025-06-30T15:04:08.040,15.720,-0.622,0.225,0.921
1751285048050,2025-06-30T15:04:08.050,15.730,-0.599,0.216,0.919
1751285048060,2025-06-30T15:04:08.060,15.740,-0.575,0.209,0.915
1751285048070,2025-06-30T15:04:08.070,15.750,-0.559,0.211,0.913
1751285048080,2025-06-30T15:04:08.080,15.760,-0.544,0.204,0.906
1751285048090,2025-06-30T15:04:08.090,15.770,-0.534,0.198,0.903
1751285048100,2025-06-30T15:04:08.100,15.780,-0.556,0.198,0.897
1751285048110,2025-06-30T15:04:08.110,15.790,-0.563,0.193,0.897
1751285048120,2025-06-30T15:04:08.120,15.800,-0.518,0.196,0.912
1751285048130,2025-06-30T15:04:08.130,15.810,-0.515,0.209,0.924
1751285048140,2025-06-30T15:04:08.140,15.820,-0.530,0.209,0.915
1751285048150,2025-06-30T15:04:08.150,15.830,-0.510,0.210,0.918
1751285048160,2025-06-30T15:04:08.160,15.840,-0.482,0.214,0.932
1751285048170,2025-06-30T15:04:08.170,15.850,-0.461,0.216,0.936
1751285048180,2025-06-30T15:04:08.180,15.860,-0.420,0.222,0.933
1751285048190,2025-06-30T15:04:08.190,15.870,-0.394,0.227,0.927
1751285048200,2025-06-30T15:04:08.200,15.880,-0.402,0.227,0.914
1751285048210,2025-06-30T15:04:08.210,15.890,-0.399,0.221,0.909
1751285048220,2025-06-30T15:04:08.220,15.900,-0.352,0.222,0.915
1751285048230,2025-06-30T15:04:08.230,15.910,-0.298,0.223,0.921
1751285048240,2025-06-30T15:04:08.240,15.920,-0.277,0.229,0.915
1751285048250,2025-06-30T15:04:08.250,15.930,-0.245,0.237,0.899
1751285048260,2025-06-30T15:04:08.260,15.940,-0.197,0.251,0.898
1751285048270,2025-06-30T15:04:08.270,15.950,-0.111,0.254,0.921
1751285048280,2025-06-30T15:04:08.280,15.960,0.005,0.253,0.943
1751285048290,2025-06-30T15:04:08.290,15.970,0.112,0.260,0.971
1751285048300,2025-06-30T15:04:08.300,15.980,0.229,0.252,1.024
1751285048310,2025-06-30T15:04:08.310,15.990,0.370,0.233,1.084
1751285048320,2025-06-30T15:04:08.320,16.000,0.447,0.201,1.094
1751285048330,2025-06-30T15:04:08.330,16.010,0.341,0.188,1.063
1751285048340,2025-06-30T15:04:08.340,16.020,0.273,0.188,1.064
1751285048350,2025-06-30T15:04:08.350,16.030,0.305,0.175,1.103
1751285048360,2025-06-30T15:04:08.360,16.040,0.313,0.166,1.133
1751285048370,2025-06-30T15:04:08.370,16.050,0.311,0.136,1.142
1751285048380,2025-06-30T15:04:08.380,16.060,0.350,0.097,1.149
1751285048390,2025-06-30T15:04:08.390,16.070,0.376,0.064,1.152
1751285048400,2025-06-30T15:04:08.400,16.080,0.373,0.049,1.153
1751285048410,2025-06-30T15:04:08.410,16.090,0.351,0.051,1.142
1751285048420,2025-06-30T15:04:08.420,16.100,0.314,0.059,1.114
1751285048430,2025-06-30T15:04:08.430,16.110,0.268,0.059,1.105
1751285048440,2025-06-30T15:04:08.440,16.120,0.226,0.060,1.109
1751285048450,2025-06-30T15:04:08.450,16.130,0.200,0.063,1.108
1751285048460,2025-06-30T15:04:08.460,16.140,0.172,0.072,1.101
1751285048470,2025-06-30T15:04:08.470,16.150,0.147,0.077,1.089
1751285048480,2025-06-30T15:04:08.480,16.160,0.143,0.079,1.075
1751285048490,2025-06-30T15:04:08.490,16.170,0.130,0.080,1.066
1751285048500,2025-06-30T15:04:08.500,16.180,0.121,0.081,1.061
1751285048510,2025-06-30T15:04:08.510,16.190,0.107,0.083,1.045
1751285048520,2025-06-30T15:04:08.520,16.200,0.082,0.084,1.021
1751285048530,2025-06-30T15:04:08.530,16.210,0.061,0.094,1.013
1751285048540,2025-06-30T15:04:08.540,16.220,0.059,0.094,1.008
1751285048550,2025-06-30T15:04:08.550,16.230,0.052,0.096,1.008
1751285048560,2025-06-30T15:04:08.560,16.240,0.045,0.100,1.000
1751285048570,2025-06-30T15:04:08.570,16.250,0.064,0.101,0.993
1751285048580,2025-06-30T15:04:08.580,16.260,0.088,0.110,0.998
1751285048590,2025-06-30T15:04:08.590,16.270,0.084,0.102,1.006
1751285048600,2025-06-30T15:04:08.600,16.280,0.098,0.082,1.013
1751285048610,2025-06-30T15:04:08.610,16.290,0.123,0.076,1.023
1751285048620,2025-06-30T15:04:08.620,16.300,0.175,0.078,1.035
1751285048630,2025-06-30T15:04:08.630,16.310,0.238,0.094,1.049
1751285048640,2025-06-30T15:04:08.640,16.320,0.270,0.095,1.070
1751285048650,2025-06-30T15:04:08.650,16.330,0.295,0.076,1.085
1751285048660,2025-06-30T15:04:08.660,16.340,0.313,0.068,1.102
1751285048670,2025-06-30T15:04:08.670,16.350,0.329,0.069,1.098
1751285048680,2025-06-30T15:04:08.680,16.360,0.341,0.077,1.092
1751285048690,2025-06-30T15:04:08.690,16.370,0.354,0.082,1.080
1751285048700,2025-06-30T15:04:08.700,16.380,0.351,0.083,1.072
1751285048710,2025-06-30T15:04:08.710,16.390,0.362,0.077,1.061
1751285048720,2025-06-30T15:04:08.720,16.400,0.387,0.078,1.058
1751285048730,2025-06-30T15:04:08.730,16.410,0.356,0.093,1.051
1751285048740,2025-06-30T15:04:08.740,16.420,0.306,0.104,1.036
1751285048750,2025-06-30T15:04:08.750,16.430,0.276,0.112,1.027
1751285048760,2025-06-30T15:04:08.760,16.440,0.230,0.126,1.017
1751285048770,2025-06-30T15:04:08.770,16.450,0.171,0.159,1.018
1751285048780,2025-06-30T15:04:08.780,16.460,0.101,0.182,1.011
1751285048790,2025-06-30T15:04:08.790,16.470,0.062,0.206,1.006
1751285048800,2025-06-30T15:04:08.800,16.480,0.049,0.230,1.002
1751285048810,2025-06-30T15:04:08.810,16.490,0.032,0.249,1.015
1751285048820,2025-06-30T15:04:08.820,16.500,-0.005,0.266,1.032
1751285048830,2025-06-30T15:04:08.830,16.510,-0.052,0.280,1.030
1751285048840,2025-06-30T15:04:08.840,16.520,-0.087,0.297,1.029
1751285048850,2025-06-30T15:04:08.850,16.530,-0.133,0.325,1.026
1751285048860,2025-06-30T15:04:08.860,16.540,-0.196,0.344,1.007
1751285048870,2025-06-30T15:04:08.870,16.550,-0.277,0.356,0.996
1751285048880,2025-06-30T15:04:08.880,16.560,-0.344,0.352,0.984
1751285048890,2025-06-30T15:04:08.890,16.570,-0.403,0.351,0.968
1751285048900,2025-06-30T15:04:08.900,16.580,-0.437,0.343,0.960
1751285048910,2025-06-30T15:04:08.910,16.590,-0.482,0.331,0.961
1751285048920,2025-06-30T15:04:08.920,16.600,-0.541,0.321,0.964
1751285048930,2025-06-30T15:04:08.930,16.610,-0.565,0.303,0.955
1751285048940,2025-06-30T15:04:08.940,16.620,-0.580,0.286,0.971
1751285048950,2025-06-30T15:04:08.950,16.630,-0.609,0.289,0.988
1751285048960,2025-06-30T15:04:08.960,16.640,-0.666,0.295,0.965
1751285048970,2025-06-30T15:04:08.970,16.650,-0.732,0.290,0.921
1751285048980,2025-06-30T15:04:08.980,16.660,-0.771,0.284,0.889
1751285048990,2025-06-30T15:04:08.990,16.670,-0.803,0.270,0.872
1751285049000,2025-06-30T15:04:09.000,16.680,-0.819,0.258,0.859
1751285049010,2025-06-30T15:04:09.010,16.690,-0.803,0.246,0.867
1751285049020,2025-06-30T15:04:09.020,16.700,-0.748,0.233,0.875
1751285049030,2025-06-30T15:04:09.030,16.710,-0.719,0.227,0.869
1751285049040,2025-06-30T15:04:09.040,16.720,-0.705,0.214,0.855
1751285049050,2025-06-30T15:04:09.050,16.730,-0.700,0.200,0.849
1751285049060,2025-06-30T15:04:09.060,16.740,-0.675,0.188,0.842
1751285049070,2025-06-30T15:04:09.070,16.750,-0.654,0.185,0.842
1751285049080,2025-06-30T15:04:09.080,16.760,-0.683,0.198,0.834
1751285049090,2025-06-30T15:04:09.090,16.770,-0.688,0.201,0.831
1751285049100,2025-06-30T15:04:09.100,16.780,-0.666,0.208,0.842
1751285049110,2025-06-30T15:04:09.110,16.790,-0.629,0.208,0.852
1751285049120,2025-06-30T15:04:09.120,16.800,-0.602,0.201,0.853
1751285049130,2025-06-30T15:04:09.130,16.810,-0.588,0.200,0.852
1751285049140,2025-06-30T15:04:09.140,16.820,-0.552,0.193,0.859
1751285049150,2025-06-30T15:04:09.150,16.830,-0.472,0.193,0.890
1751285049160,2025-06-30T15:04:09.160,16.840,-0.409,0.204,0.897
1751285049170,2025-06-30T15:04:09.170,16.850,-0.375,0.207,0.890
1751285049180,2025-06-30T15:04:09.180,16.860,-0.342,0.209,0.892
1751285049190,2025-06-30T15:04:09.190,16.870,-0.298,0.212,0.893
1751285049200,2025-06-30T15:04:09.200,16.880,-0.250,0.213,0.891
1751285049210,2025-06-30T15:04:09.210,16.890,-0.194,0.204,0.889
1751285049220,2025-06-30T15:04:09.220,16.900,-0.134,0.185,0.890
1751285049230,2025-06-30T15:04:09.230,16.910,-0.093,0.178,0.914
1751285049240,2025-06-30T15:04:09.240,16.920,-0.043,0.197,0.970
1751285049250,2025-06-30T15:04:09.250,16.930,0.057,0.214,1.029
1751285049260,2025-06-30T15:04:09.260,16.940,0.190,0.225,1.083
1751285049270,2025-06-30T15:04:09.270,16.950,0.331,0.226,1.145
1751285049280,2025-06-30T15:04:09.280,16.960,0.430,0.220,1.215
1751285049290,2025-06-30T15:04:09.290,16.970,0.512,0.194,1.247
1751285049300,2025-06-30T15:04:09.300,16.980,0.458,0.160,1.192
1751285049310,2025-06-30T15:04:09.310,16.990,0.343,0.138,1.146
1751285049320,2025-06-30T15:04:09.320,17.000,0.263,0.114,1.150
1751285049330,2025-06-30T15:04:09.330,17.010,0.187,0.104,1.189
1751285049340,2025-06-30T15:04:09.340,17.020,0.126,0.092,1.204
1751285049350,2025-06-30T15:04:09.350,17.030,0.146,0.067,1.189
1751285049360,2025-06-30T15:04:09.360,17.040,0.199,0.052,1.194
1751285049370,2025-06-30T15:04:09.370,17.050,0.216,0.059,1.197
1751285049380,2025-06-30T15:04:09.380,17.060,0.174,0.074,1.167
1751285049390,2025-06-30T15:04:09.390,17.070,0.124,0.082,1.125
1751285049400,2025-06-30T15:04:09.400,17.080,0.081,0.085,1.101
1751285049410,2025-06-30T15:04:09.410,17.090,0.035,0.085,1.083
1751285049420,2025-06-30T15:04:09.420,17.100,-0.020,0.090,1.064
1751285049430,2025-06-30T15:04:09.430,17.110,-0.065,0.095,1.050
1751285049440,2025-06-30T15:04:09.440,17.120,-0.074,0.100,1.039
1751285049450,2025-06-30T15:04:09.450,17.130,-0.085,0.107,1.033
1751285049460,2025-06-30T15:04:09.460,17.140,-0.099,0.112,1.011
1751285049470,2025-06-30T15:04:09.470,17.150,-0.083,0.116,1.000
1751285049480,2025-06-30T15:04:09.480,17.160,-0.080,0.122,0.991
1751285049490,2025-06-30T15:04:09.490,17.170,-0.085,0.114,0.983
1751285049500,2025-06-30T15:04:09.500,17.180,-0.095,0.107,0.972
1751285049510,2025-06-30T15:04:09.510,17.190,-0.097,0.102,0.959
1751285049520,2025-06-30T15:04:09.520,17.200,-0.063,0.104,0.961
1751285049530,2025-06-30T15:04:09.530,17.210,-0.053,0.098,0.962
1751285049540,2025-06-30T15:04:09.540,17.220,-0.042,0.093,0.963
1751285049550,2025-06-30T15:04:09.550,17.230,-0.014,0.086,0.977
1751285049560,2025-06-30T15:04:09.560,17.240,-0.006,0.084,0.997
1751285049570,2025-06-30T15:04:09.570,17.250,-0.013,0.084,1.020
1751285049580,2025-06-30T15:04:09.580,17.260,-0.005,0.087,1.004
1751285049590,2025-06-30T15:04:09.590,17.270,0.025,0.102,1.000
1751285049600,2025-06-30T15:04:09.600,17.280,0.070,0.103,1.030
1751285049610,2025-06-30T15:04:09.610,17.290,0.150,0.080,1.042
1751285049620,2025-06-30T15:04:09.620,17.300,0.250,0.066,1.059
1751285049630,2025-06-30T15:04:09.630,17.310,0.341,0.071,1.107
1751285049640,2025-06-30T15:04:09.640,17.320,0.425,0.088,1.116
1751285049650,2025-06-30T15:04:09.650,17.330,0.483,0.121,1.111
1751285049660,2025-06-30T15:04:09.660,17.340,0.452,0.144,1.104
1751285049670,2025-06-30T15:04:09.670,17.350,0.370,0.139,1.083
1751285049680,2025-06-30T15:04:09.680,17.360,0.325,0.111,1.055
1751285049690,2025-06-30T15:04:09.690,17.370,0.297,0.107,1.036
1751285049700,2025-06-30T15:04:09.700,17.380,0.289,0.125,1.061
1751285049710,2025-06-30T15:04:09.710,17.390,0.234,0.146,1.059
1751285049720,2025-06-30T15:04:09.720,17.400,0.153,0.168,1.046
1751285049730,2025-06-30T15:04:09.730,17.410,0.137,0.192,1.044
1751285049740,2025-06-30T15:04:09.740,17.420,0.139,0.220,1.045
1751285049750,2025-06-30T15:04:09.750,17.430,0.110,0.243,1.035
1751285049760,2025-06-30T15:04:09.760,17.440,0.017,0.282,1.031
1751285049770,2025-06-30T15:04:09.770,17.450,-0.114,0.313,1.002
1751285049780,2025-06-30T15:04:09.780,17.460,-0.238,0.336,0.983
1751285049790,2025-06-30T15:04:09.790,17.470,-0.315,0.350,0.965
1751285049800,2025-06-30T15:04:09.800,17.480,-0.362,0.355,0.969
1751285049810,2025-06-30T15:04:09.810,17.490,-0.417,0.346,0.977
1751285049820,2025-06-30T15:04:09.820,17.500,-0.467,0.333,0.985
1751285049830,2025-06-30T15:04:09.830,17.510,-0.495,0.324,1.000
1751285049840,2025-06-30T15:04:09.840,17.520,-0.530,0.326,1.007
1751285049850,2025-06-30T15:04:09.850,17.530,-0.604,0.337,0.991
1751285049860,2025-06-30T15:04:09.860,17.540,-0.669,0.344,0.954
1751285049870,2025-06-30T15:04:09.870,17.550,-0.693,0.345,0.927
1751285049880,2025-06-30T15:04:09.880,17.560,-0.730,0.337,0.910
1751285049890,2025-06-30T15:04:09.890,17.570,-0.766,0.324,0.902
1751285049900,2025-06-30T15:04:09.900,17.580,-0.787,0.319,0.888
1751285049910,2025-06-30T15:04:09.910,17.590,-0.791,0.309,0.884
1751285049920,2025-06-30T15:04:09.920,17.600,-0.772,0.300,0.889
1751285049930,2025-06-30T15:04:09.930,17.610,-0.764,0.297,0.886
1751285049940,2025-06-30T15:04:09.940,17.620,-0.779,0.295,0.882
1751285049950,2025-06-30T15:04:09.950,17.630,-0.776,0.290,0.875
1751285049960,2025-06-30T15:04:09.960,17.640,-0.782,0.293,0.869
1751285049970,2025-06-30T15:04:09.970,17.650,-0.793,0.292,0.854
1751285049980,2025-06-30T15:04:09.980,17.660,-0.800,0.287,0.836
1751285049990,2025-06-30T15:04:09.990,17.670,-0.787,0.284,0.834
1751285050000,2025-06-30T15:04:10.000,17.680,-0.766,0.280,0.834
1751285050010,2025-06-30T15:04:10.010,17.690,-0.750,0.278,0.823
1751285050020,2025-06-30T15:04:10.020,17.700,-0.707,0.273,0.829
1751285050030,2025-06-30T15:04:10.030,17.710,-0.642,0.275,0.845
1751285050040,2025-06-30T15:04:10.040,17.720,-0.646,0.275,0.843
1751285050050,2025-06-30T15:04:10.050,17.730,-0.662,0.276,0.841
1751285050060,2025-06-30T15:04:10.060,17.740,-0.618,0.277,0.850
1751285050070,2025-06-30T15:04:10.070,17.750,-0.580,0.281,0.864
1751285050080,2025-06-30T15:04:10.080,17.760,-0.547,0.278,0.871
1751285050090,2025-06-30T15:04:10.090,17.770,-0.481,0.271,0.883
1751285050100,2025-06-30T15:04:10.100,17.780,-0.435,0.270,0.894
1751285050110,2025-06-30T15:04:10.110,17.790,-0.400,0.275,0.893
1751285050120,2025-06-30T15:04:10.120,17.800,-0.338,0.279,0.908
1751285050130,2025-06-30T15:04:10.130,17.810,-0.279,0.276,0.917
1751285050140,2025-06-30T15:04:10.140,17.820,-0.234,0.276,0.919
1751285050150,2025-06-30T15:04:10.150,17.830,-0.172,0.268,0.925
1751285050160,2025-06-30T15:04:10.160,17.840,-0.085,0.259,0.920
1751285050170,2025-06-30T15:04:10.170,17.850,-0.010,0.259,0.920
1751285050180,2025-06-30T15:04:10.180,17.860,0.048,0.259,0.936
1751285050190,2025-06-30T15:04:10.190,17.870,0.106,0.264,0.954
1751285050200,2025-06-30T15:04:10.200,17.880,0.175,0.271,0.989
1751285050210,2025-06-30T15:04:10.210,17.890,0.277,0.263,1.028
1751285050220,2025-06-30T15:04:10.220,17.900,0.400,0.243,1.092
1751285050230,2025-06-30T15:04:10.230,17.910,0.507,0.203,1.134
1751285050240,2025-06-30T15:04:10.240,17.920,0.434,0.165,1.083
1751285050250,2025-06-30T15:04:10.250,17.930,0.291,0.139,1.028
1751285050260,2025-06-30T15:04:10.260,17.940,0.300,0.132,1.064
1751285050270,2025-06-30T15:04:10.270,17.950,0.283,0.132,1.142
1751285050280,2025-06-30T15:04:10.280,17.960,0.195,0.106,1.141
1751285050290,2025-06-30T15:04:10.290,17.970,0.161,0.089,1.119
1751285050300,2025-06-30T15:04:10.300,17.980,0.168,0.093,1.129
1751285050310,2025-06-30T15:04:10.310,17.990,0.187,0.092,1.124
1751285050320,2025-06-30T15:04:10.320,18.000,0.178,0.108,1.116
1751285050330,2025-06-30T15:04:10.330,18.010,0.138,0.121,1.099
1751285050340,2025-06-30T15:04:10.340,18.020,0.106,0.119,1.069
1751285050350,2025-06-30T15:04:10.350,18.030,0.092,0.124,1.052
1751285050360,2025-06-30T15:04:10.360,18.040,0.078,0.130,1.047
1751285050370,2025-06-30T15:04:10.370,18.050,0.057,0.131,1.059
1751285050380,2025-06-30T15:04:10.380,18.060,0.029,0.130,1.063
1751285050390,2025-06-30T15:04:10.390,18.070,0.010,0.130,1.061
1751285050400,2025-06-30T15:04:10.400,18.080,0.006,0.133,1.063
1751285050410,2025-06-30T15:04:10.410,18.090,0.018,0.139,1.058
1751285050420,2025-06-30T15:04:10.420,18.100,0.034,0.142,1.057
1751285050430,2025-06-30T15:04:10.430,18.110,0.035,0.139,1.047
1751285050440,2025-06-30T15:04:10.440,18.120,0.028,0.136,1.043
1751285050450,2025-06-30T15:04:10.450,18.130,0.029,0.130,1.042
1751285050460,2025-06-30T15:04:10.460,18.140,0.021,0.124,1.036
1751285050470,2025-06-30T15:04:10.470,18.150,0.021,0.111,1.022
1751285050480,2025-06-30T15:04:10.480,18.160,0.055,0.104,1.031
1751285050490,2025-06-30T15:04:10.490,18.170,0.082,0.101,1.057
1751285050500,2025-06-30T15:04:10.500,18.180,0.090,0.102,1.063
1751285050510,2025-06-30T15:04:10.510,18.190,0.092,0.102,1.058
1751285050520,2025-06-30T15:04:10.520,18.200,0.103,0.098,1.063
1751285050530,2025-06-30T15:04:10.530,18.210,0.129,0.104,1.062
1751285050540,2025-06-30T15:04:10.540,18.220,0.137,0.106,1.063
1751285050550,2025-06-30T15:04:10.550,18.230,0.125,0.106,1.063
1751285050560,2025-06-30T15:04:10.560,18.240,0.126,0.106,1.071
1751285050570,2025-06-30T15:04:10.570,18.250,0.149,0.105,1.079
1751285050580,2025-06-30T15:04:10.580,18.260,0.185,0.111,1.091
1751285050590,2025-06-30T15:04:10.590,18.270,0.207,0.117,1.112
1751285050600,2025-06-30T15:04:10.600,18.280,0.230,0.123,1.104
1751285050610,2025-06-30T15:04:10.610,18.290,0.268,0.138,1.091
1751285050620,2025-06-30T15:04:10.620,18.300,0.283,0.153,1.089
1751285050630,2025-06-30T15:04:10.630,18.310,0.287,0.160,1.083
1751285050640,2025-06-30T15:04:10.640,18.320,0.269,0.159,1.077
1751285050650,2025-06-30T15:04:10.650,18.330,0.240,0.159,1.066
1751285050660,2025-06-30T15:04:10.660,18.340,0.210,0.169,1.067
1751285050670,2025-06-30T15:04:10.670,18.350,0.145,0.176,1.048
1751285050680,2025-06-30T15:04:10.680,18.360,0.084,0.184,1.016
1751285050690,2025-06-30T15:04:10.690,18.370,0.047,0.200,1.001
1751285050700,2025-06-30T15:04:10.700,18.380,0.011,0.218,1.021
1751285050710,2025-06-30T15:04:10.710,18.390,-0.022,0.224,1.018
1751285050720,2025-06-30T15:04:10.720,18.400,-0.042,0.221,1.006
1751285050730,2025-06-30T15:04:10.730,18.410,-0.081,0.229,1.010
1751285050740,2025-06-30T15:04:10.740,18.420,-0.127,0.234,1.009
1751285050750,2025-06-30T15:04:10.750,18.430,-0.178,0.243,0.986
1751285050760,2025-06-30T15:04:10.760,18.440,-0.229,0.253,0.974
1751285050770,2025-06-30T15:04:10.770,18.450,-0.284,0.254,0.961
1751285050780,2025-06-30T15:04:10.780,18.460,-0.346,0.251,0.942
1751285050790,2025-06-30T15:04:10.790,18.470,-0.406,0.250,0.923
1751285050800,2025-06-30T15:04:10.800,18.480,-0.447,0.245,0.916
1751285050810,2025-06-30T15:04:10.810,18.490,-0.457,0.235,0.927
1751285050820,2025-06-30T15:04:10.820,18.500,-0.448,0.225,0.948
1751285050830,2025-06-30T15:04:10.830,18.510,-0.454,0.227,0.941
1751285050840,2025-06-30T15:04:10.840,18.520,-0.477,0.230,0.919
1751285050850,2025-06-30T15:04:10.850,18.530,-0.494,0.229,0.920
1751285050860,2025-06-30T15:04:10.860,18.540,-0.534,0.230,0.924
1751285050870,2025-06-30T15:04:10.870,18.550,-0.563,0.220,0.928
1751285050880,2025-06-30T15:04:10.880,18.560,-0.563,0.211,0.925
1751285050890,2025-06-30T15:04:10.890,18.570,-0.581,0.213,0.921
1751285050900,2025-06-30T15:04:10.900,18.580,-0.588,0.209,0.933
1751285050910,2025-06-30T15:04:10.910,18.590,-0.587,0.210,0.919
1751285050920,2025-06-30T15:04:10.920,18.600,-0.590,0.215,0.905
1751285050930,2025-06-30T15:04:10.930,18.610,-0.591,0.208,0.905
1751285050940,2025-06-30T15:04:10.940,18.620,-0.597,0.198,0.906
1751285050950,2025-06-30T15:04:10.950,18.630,-0.602,0.199,0.901
1751285050960,2025-06-30T15:04:10.960,18.640,-0.612,0.206,0.899
1751285050970,2025-06-30T15:04:10.970,18.650,-0.602,0.208,0.905
1751285050980,2025-06-30T15:04:10.980,18.660,-0.580,0.208,0.920
1751285050990,2025-06-30T15:04:10.990,18.670,-0.576,0.215,0.927
1751285051000,2025-06-30T15:04:11.000,18.680,-0.569,0.221,0.922
1751285051010,2025-06-30T15:04:11.010,18.690,-0.555,0.229,0.917
1751285051020,2025-06-30T15:04:11.020,18.700,-0.534,0.233,0.921
1751285051030,2025-06-30T15:04:11.030,18.710,-0.513,0.231,0.923
1751285051040,2025-06-30T15:04:11.040,18.720,-0.488,0.235,0.925
1751285051050,2025-06-30T15:04:11.050,18.730,-0.455,0.233,0.938
1751285051060,2025-06-30T15:04:11.060,18.740,-0.423,0.229,0.952
1751285051070,2025-06-30T15:04:11.070,18.750,-0.394,0.229,0.955
1751285051080,2025-06-30T15:04:11.080,18.760,-0.348,0.235,0.961
1751285051090,2025-06-30T15:04:11.090,18.770,-0.303,0.231,0.969
1751285051100,2025-06-30T15:04:11.100,18.780,-0.279,0.230,0.970
1751285051110,2025-06-30T15:04:11.110,18.790,-0.269,0.233,0.965
1751285051120,2025-06-30T15:04:11.120,18.800,-0.225,0.235,0.963
1751285051130,2025-06-30T15:04:11.130,18.810,-0.148,0.240,0.973
1751285051140,2025-06-30T15:04:11.140,18.820,-0.100,0.243,0.978
1751285051150,2025-06-30T15:04:11.150,18.830,-0.037,0.244,0.982
1751285051160,2025-06-30T15:04:11.160,18.840,0.052,0.243,0.986
1751285051170,2025-06-30T15:04:11.170,18.850,0.151,0.244,1.002
1751285051180,2025-06-30T15:04:11.180,18.860,0.265,0.247,1.026
1751285051190,2025-06-30T15:04:11.190,18.870,0.402,0.235,1.080
1751285051200,2025-06-30T15:04:11.200,18.880,0.577,0.205,1.134
1751285051210,2025-06-30T15:04:11.210,18.890,0.582,0.160,1.095
1751285051220,2025-06-30T15:04:11.220,18.900,0.417,0.126,1.018
1751285051230,2025-06-30T15:04:11.230,18.910,0.427,0.103,1.024
1751285051240,2025-06-30T15:04:11.240,18.920,0.473,0.096,1.104
1751285051250,2025-06-30T15:04:11.250,18.930,0.349,0.091,1.139
1751285051260,2025-06-30T15:04:11.260,18.940,0.267,0.071,1.121
1751285051270,2025-06-30T15:04:11.270,18.950,0.297,0.054,1.122
1751285051280,2025-06-30T15:04:11.280,18.960,0.342,0.050,1.139
1751285051290,2025-06-30T15:04:11.290,18.970,0.339,0.043,1.130
1751285051300,2025-06-30T15:04:11.300,18.980,0.309,0.035,1.092
1751285051310,2025-06-30T15:04:11.310,18.990,0.277,0.042,1.071
1751285051320,2025-06-30T15:04:11.320,19.000,0.234,0.049,1.065
1751285051330,2025-06-30T15:04:11.330,19.010,0.202,0.054,1.051
1751285051340,2025-06-30T15:04:11.340,19.020,0.154,0.056,1.036
1751285051350,2025-06-30T15:04:11.350,19.030,0.109,0.064,1.023
1751285051360,2025-06-30T15:04:11.360,19.040,0.083,0.081,1.026
1751285051370,2025-06-30T15:04:11.370,19.050,0.072,0.096,1.021
1751285051380,2025-06-30T15:04:11.380,19.060,0.083,0.102,1.017
1751285051390,2025-06-30T15:04:11.390,19.070,0.098,0.101,1.014
1751285051400,2025-06-30T15:04:11.400,19.080,0.116,0.094,1.000
1751285051410,2025-06-30T15:04:11.410,19.090,0.144,0.089,1.003
1751285051420,2025-06-30T15:04:11.420,19.100,0.155,0.091,1.006
1751285051430,2025-06-30T15:04:11.430,19.110,0.140,0.098,1.010
1751285051440,2025-06-30T15:04:11.440,19.120,0.129,0.098,1.000
1751285051450,2025-06-30T15:04:11.450,19.130,0.139,0.092,1.012
1751285051460,2025-06-30T15:04:11.460,19.140,0.133,0.083,1.039
1751285051470,2025-06-30T15:04:11.470,19.150,0.144,0.079,1.056
1751285051480,2025-06-30T15:04:11.480,19.160,0.166,0.084,1.068
1751285051490,2025-06-30T15:04:11.490,19.170,0.185,0.091,1.077
1751285051500,2025-06-30T15:04:11.500,19.180,0.223,0.095,1.083
1751285051510,2025-06-30T15:04:11.510,19.190,0.260,0.098,1.085
1751285051520,2025-06-30T15:04:11.520,19.200,0.277,0.098,1.082
1751285051530,2025-06-30T15:04:11.530,19.210,0.274,0.103,1.071
1751285051540,2025-06-30T15:04:11.540,19.220,0.248,0.107,1.059
1751285051550,2025-06-30T15:04:11.550,19.230,0.248,0.104,1.035
1751285051560,2025-06-30T15:04:11.560,19.240,0.259,0.108,1.025
1751285051570,2025-06-30T15:04:11.570,19.250,0.269,0.112,1.020
1751285051580,2025-06-30T15:04:11.580,19.260,0.309,0.119,1.018
1751285051590,2025-06-30T15:04:11.590,19.270,0.357,0.121,1.016
1751285051600,2025-06-30T15:04:11.600,19.280,0.371,0.123,1.014
1751285051610,2025-06-30T15:04:11.610,19.290,0.346,0.128,1.024
1751285051620,2025-06-30T15:04:11.620,19.300,0.291,0.139,1.031
1751285051630,2025-06-30T15:04:11.630,19.310,0.244,0.162,1.033
1751285051640,2025-06-30T15:04:11.640,19.320,0.182,0.194,1.043
1751285051650,2025-06-30T15:04:11.650,19.330,0.111,0.223,1.042
1751285051660,2025-06-30T15:04:11.660,19.340,0.059,0.248,1.039
1751285051670,2025-06-30T15:04:11.670,19.350,-0.001,0.268,1.043
1751285051680,2025-06-30T15:04:11.680,19.360,-0.056,0.281,1.039
1751285051690,2025-06-30T15:04:11.690,19.370,-0.102,0.298,1.032
1751285051700,2025-06-30T15:04:11.700,19.380,-0.144,0.309,1.033
1751285051710,2025-06-30T15:04:11.710,19.390,-0.187,0.313,1.041
1751285051720,2025-06-30T15:04:11.720,19.400,-0.249,0.317,1.041
1751285051730,2025-06-30T15:04:11.730,19.410,-0.301,0.320,1.035
1751285051740,2025-06-30T15:04:11.740,19.420,-0.347,0.324,1.024
1751285051750,2025-06-30T15:04:11.750,19.430,-0.406,0.325,1.002
1751285051760,2025-06-30T15:04:11.760,19.440,-0.475,0.320,0.985
1751285051770,2025-06-30T15:04:11.770,19.450,-0.510,0.310,0.970
1751285051780,2025-06-30T15:04:11.780,19.460,-0.524,0.298,0.969
1751285051790,2025-06-30T15:04:11.790,19.470,-0.545,0.283,0.969
1751285051800,2025-06-30T15:04:11.800,19.480,-0.551,0.277,0.970
1751285051810,2025-06-30T15:04:11.810,19.490,-0.554,0.271,0.954
1751285051820,2025-06-30T15:04:11.820,19.500,-0.570,0.268,0.933
1751285051830,2025-06-30T15:04:11.830,19.510,-0.576,0.256,0.928
1751285051840,2025-06-30T15:04:11.840,19.520,-0.598,0.255,0.921
1751285051850,2025-06-30T15:04:11.850,19.530,-0.623,0.250,0.898
1751285051860,2025-06-30T15:04:11.860,19.540,-0.646,0.242,0.882
1751285051870,2025-06-30T15:04:11.870,19.550,-0.661,0.229,0.871
1751285051880,2025-06-30T15:04:11.880,19.560,-0.663,0.222,0.874
1751285051890,2025-06-30T15:04:11.890,19.570,-0.641,0.212,0.880
1751285051900,2025-06-30T15:04:11.900,19.580,-0.589,0.204,0.886
1751285051910,2025-06-30T15:04:11.910,19.590,-0.566,0.207,0.895
1751285051920,2025-06-30T15:04:11.920,19.600,-0.570,0.205,0.885
1751285051930,2025-06-30T15:04:11.930,19.610,-0.608,0.210,0.867
1751285051940,2025-06-30T15:04:11.940,19.620,-0.619,0.204,0.879
1751285051950,2025-06-30T15:04:11.950,19.630,-0.614,0.205,0.892
1751285051960,2025-06-30T15:04:11.960,19.640,-0.645,0.216,0.890
1751285051970,2025-06-30T15:04:11.970,19.650,-0.653,0.214,0.884
1751285051980,2025-06-30T15:04:11.980,19.660,-0.652,0.217,0.891
1751285051990,2025-06-30T15:04:11.990,19.670,-0.608,0.214,0.905
1751285052000,2025-06-30T15:04:12.000,19.680,-0.563,0.215,0.912
1751285052010,2025-06-30T15:04:12.010,19.690,-0.534,0.220,0.906
1751285052020,2025-06-30T15:04:12.020,19.700,-0.515,0.229,0.901
1751285052030,2025-06-30T15:04:12.030,19.710,-0.492,0.241,0.899
1751285052040,2025-06-30T15:04:12.040,19.720,-0.488,0.242,0.896
1751285052050,2025-06-30T15:04:12.050,19.730,-0.495,0.247,0.889
1751285052060,2025-06-30T15:04:12.060,19.740,-0.476,0.254,0.902
1751285052070,2025-06-30T15:04:12.070,19.750,-0.412,0.263,0.928
1751285052080,2025-06-30T15:04:12.080,19.760,-0.348,0.278,0.942
1751285052090,2025-06-30T15:04:12.090,19.770,-0.296,0.282,0.961
1751285052100,2025-06-30T15:04:12.100,19.780,-0.250,0.283,0.976
1751285052110,2025-06-30T15:04:12.110,19.790,-0.191,0.285,0.991
1751285052120,2025-06-30T15:04:12.120,19.800,-0.135,0.293,1.010
1751285052130,2025-06-30T15:04:12.130,19.810,-0.071,0.293,1.022
1751285052140,2025-06-30T15:04:12.140,19.820,-0.006,0.291,1.022
1751285052150,2025-06-30T15:04:12.150,19.830,0.093,0.291,1.051
1751285052160,2025-06-30T15:04:12.160,19.840,0.210,0.288,1.091
1751285052170,2025-06-30T15:04:12.170,19.850,0.324,0.270,1.119
1751285052180,2025-06-30T15:04:12.180,19.860,0.419,0.239,1.115
1751285052190,2025-06-30T15:04:12.190,19.870,0.438,0.206,1.103
1751285052200,2025-06-30T15:04:12.200,19.880,0.397,0.176,1.094
1751285052210,2025-06-30T15:04:12.210,19.890,0.454,0.138,1.103
1751285052220,2025-06-30T15:04:12.220,19.900,0.496,0.106,1.125
1751285052230,2025-06-30T15:04:12.230,19.910,0.428,0.088,1.120
1751285052240,2025-06-30T15:04:12.240,19.920,0.331,0.072,1.102
1751285052250,2025-06-30T15:04:12.250,19.930,0.305,0.053,1.087
1751285052260,2025-06-30T15:04:12.260,19.940,0.315,0.045,1.078
1751285052270,2025-06-30T15:04:12.270,19.950,0.307,0.047,1.070
1751285052280,2025-06-30T15:04:12.280,19.960,0.274,0.050,1.063
1751285052290,2025-06-30T15:04:12.290,19.970,0.231,0.048,1.049
1751285052300,2025-06-30T15:04:12.300,19.980,0.182,0.041,1.029
1751285052310,2025-06-30T15:04:12.310,19.990,0.167,0.035,1.026
1751285052320,2025-06-30T15:04:12.320,20.000,0.145,0.043,1.041
1751285052330,2025-06-30T15:04:12.330,20.010,0.112,0.049,1.028
1751285052340,2025-06-30T15:04:12.340,20.020,0.087,0.059,1.010
1751285052350,2025-06-30T15:04:12.350,20.030,0.066,0.073,1.002
1751285052360,2025-06-30T15:04:12.360,20.040,0.059,0.079,0.997
1751285052370,2025-06-30T15:04:12.370,20.050,0.052,0.088,0.995
1751285052380,2025-06-30T15:04:12.380,20.060,0.057,0.087,0.999
1751285052390,2025-06-30T15:04:12.390,20.070,0.065,0.083,0.995
1751285052400,2025-06-30T15:04:12.400,20.080,0.072,0.083,0.994
1751285052410,2025-06-30T15:04:12.410,20.090,0.071,0.088,0.999
1751285052420,2025-06-30T15:04:12.420,20.100,0.088,0.096,1.000
1751285052430,2025-06-30T15:04:12.430,20.110,0.106,0.104,1.007
1751285052440,2025-06-30T15:04:12.440,20.120,0.109,0.097,1.013
1751285052450,2025-06-30T15:04:12.450,20.130,0.107,0.080,1.030
1751285052460,2025-06-30T15:04:12.460,20.140,0.123,0.068,1.056
1751285052470,2025-06-30T15:04:12.470,20.150,0.129,0.068,1.067
1751285052480,2025-06-30T15:04:12.480,20.160,0.173,0.083,1.064
1751285052490,2025-06-30T15:04:12.490,20.170,0.218,0.100,1.083
1751285052500,2025-06-30T15:04:12.500,20.180,0.250,0.096,1.096
1751285052510,2025-06-30T15:04:12.510,20.190,0.320,0.097,1.103
1751285052520,2025-06-30T15:04:12.520,20.200,0.352,0.103,1.117
1751285052530,2025-06-30T15:04:12.530,20.210,0.353,0.103,1.120
1751285052540,2025-06-30T15:04:12.540,20.220,0.355,0.104,1.120
1751285052550,2025-06-30T15:04:12.550,20.230,0.360,0.101,1.110
1751285052560,2025-06-30T15:04:12.560,20.240,0.383,0.107,1.117
1751285052570,2025-06-30T15:04:12.570,20.250,0.368,0.107,1.124
1751285052580,2025-06-30T15:04:12.580,20.260,0.323,0.102,1.122
1751285052590,2025-06-30T15:04:12.590,20.270,0.289,0.118,1.117
1751285052600,2025-06-30T15:04:12.600,20.280,0.260,0.136,1.111
1751285052610,2025-06-30T15:04:12.610,20.290,0.230,0.152,1.099
1751285052620,2025-06-30T15:04:12.620,20.300,0.185,0.168,1.085
1751285052630,2025-06-30T15:04:12.630,20.310,0.129,0.192,1.074
1751285052640,2025-06-30T15:04:12.640,20.320,0.080,0.224,1.060
1751285052650,2025-06-30T15:04:12.650,20.330,0.027,0.241,1.058
1751285052660,2025-06-30T15:04:12.660,20.340,-0.032,0.255,1.047
1751285052670,2025-06-30T15:04:12.670,20.350,-0.083,0.268,1.028
1751285052680,2025-06-30T15:04:12.680,20.360,-0.163,0.289,1.016
1751285052690,2025-06-30T15:04:12.690,20.370,-0.244,0.306,1.004
1751285052700,2025-06-30T15:04:12.700,20.380,-0.284,0.312,0.995
1751285052710,2025-06-30T15:04:12.710,20.390,-0.322,0.314,0.988
1751285052720,2025-06-30T15:04:12.720,20.400,-0.346,0.302,0.980
1751285052730,2025-06-30T15:04:12.730,20.410,-0.344,0.291,0.973
1751285052740,2025-06-30T15:04:12.740,20.420,-0.397,0.300,0.954
1751285052750,2025-06-30T15:04:12.750,20.430,-0.439,0.299,0.933
1751285052760,2025-06-30T15:04:12.760,20.440,-0.455,0.297,0.923
1751285052770,2025-06-30T15:04:12.770,20.450,-0.500,0.293,0.911
1751285052780,2025-06-30T15:04:12.780,20.460,-0.555,0.282,0.888
1751285052790,2025-06-30T15:04:12.790,20.470,-0.603,0.270,0.870
1751285052800,2025-06-30T15:04:12.800,20.480,-0.621,0.248,0.871
1751285052810,2025-06-30T15:04:12.810,20.490,-0.613,0.234,0.873
1751285052820,2025-06-30T15:04:12.820,20.500,-0.618,0.230,0.862
1751285052830,2025-06-30T15:04:12.830,20.510,-0.627,0.217,0.851
1751285052840,2025-06-30T15:04:12.840,20.520,-0.617,0.211,0.850
1751285052850,2025-06-30T15:04:12.850,20.530,-0.608,0.195,0.859
1751285052860,2025-06-30T15:04:12.860,20.540,-0.584,0.173,0.867
1751285052870,2025-06-30T15:04:12.870,20.550,-0.586,0.175,0.871
1751285052880,2025-06-30T15:04:12.880,20.560,-0.609,0.178,0.866
1751285052890,2025-06-30T15:04:12.890,20.570,-0.631,0.175,0.859
1751285052900,2025-06-30T15:04:12.900,20.580,-0.631,0.170,0.861
1751285052910,2025-06-30T15:04:12.910,20.590,-0.620,0.167,0.869
1751285052920,2025-06-30T15:04:12.920,20.600,-0.629,0.169,0.875
1751285052930,2025-06-30T15:04:12.930,20.610,-0.636,0.174,0.878
1751285052940,2025-06-30T15:04:12.940,20.620,-0.621,0.179,0.898
1751285052950,2025-06-30T15:04:12.950,20.630,-0.614,0.183,0.922
1751285052960,2025-06-30T15:04:12.960,20.640,-0.625,0.188,0.924
1751285052970,2025-06-30T15:04:12.970,20.650,-0.635,0.189,0.922
1751285052980,2025-06-30T15:04:12.980,20.660,-0.649,0.204,0.925
1751285052990,2025-06-30T15:04:12.990,20.670,-0.646,0.207,0.930
1751285053000,2025-06-30T15:04:13.000,20.680,-0.600,0.208,0.938
1751285053010,2025-06-30T15:04:13.010,20.690,-0.567,0.215,0.942
1751285053020,2025-06-30T15:04:13.020,20.700,-0.542,0.221,0.939
1751285053030,2025-06-30T15:04:13.030,20.710,-0.492,0.229,0.938
1751285053040,2025-06-30T15:04:13.040,20.720,-0.438,0.229,0.938
1751285053050,2025-06-30T15:04:13.050,20.730,-0.389,0.227,0.943
1751285053060,2025-06-30T15:04:13.060,20.740,-0.358,0.220,0.942
1751285053070,2025-06-30T15:04:13.070,20.750,-0.343,0.216,0.937
1751285053080,2025-06-30T15:04:13.080,20.760,-0.317,0.210,0.948
1751285053090,2025-06-30T15:04:13.090,20.770,-0.272,0.196,0.968
1751285053100,2025-06-30T15:04:13.100,20.780,-0.217,0.185,0.983
1751285053110,2025-06-30T15:04:13.110,20.790,-0.150,0.183,0.998
1751285053120,2025-06-30T15:04:13.120,20.800,-0.073,0.193,1.005
1751285053130,2025-06-30T15:04:13.130,20.810,-0.019,0.199,1.004
1751285053140,2025-06-30T15:04:13.140,20.820,0.005,0.201,1.000
1751285053150,2025-06-30T15:04:13.150,20.830,0.025,0.197,0.989
1751285053160,2025-06-30T15:04:13.160,20.840,0.054,0.199,0.979
1751285053170,2025-06-30T15:04:13.170,20.850,0.092,0.206,0.981
1751285053180,2025-06-30T15:04:13.180,20.860,0.173,0.204,1.003
1751285053190,2025-06-30T15:04:13.190,20.870,0.314,0.189,1.050
1751285053200,2025-06-30T15:04:13.200,20.880,0.486,0.157,1.121
1751285053210,2025-06-30T15:04:13.210,20.890,0.662,0.104,1.178
1751285053220,2025-06-30T15:04:13.220,20.900,0.639,0.054,1.125
1751285053230,2025-06-30T15:04:13.230,20.910,0.399,0.055,1.060
1751285053240,2025-06-30T15:04:13.240,20.920,0.340,0.055,1.069
1751285053250,2025-06-30T15:04:13.250,20.930,0.364,0.053,1.143
1751285053260,2025-06-30T15:04:13.260,20.940,0.265,0.043,1.147
1751285053270,2025-06-30T15:04:13.270,20.950,0.206,0.036,1.124
1751285053280,2025-06-30T15:04:13.280,20.960,0.254,0.029,1.128
1751285053290,2025-06-30T15:04:13.290,20.970,0.303,0.025,1.144
1751285053300,2025-06-30T15:04:13.300,20.980,0.287,0.029,1.128
1751285053310,2025-06-30T15:04:13.310,20.990,0.255,0.034,1.097
1751285053320,2025-06-30T15:04:13.320,21.000,0.205,0.040,1.051
1751285053330,2025-06-30T15:04:13.330,21.010,0.145,0.048,1.012
1751285053340,2025-06-30T15:04:13.340,21.020,0.116,0.048,1.007
1751285053350,2025-06-30T15:04:13.350,21.030,0.088,0.052,1.006
1751285053360,2025-06-30T15:04:13.360,21.040,0.064,0.053,1.008
1751285053370,2025-06-30T15:04:13.370,21.050,0.044,0.061,1.011
1751285053380,2025-06-30T15:04:13.380,21.060,0.038,0.071,1.012
1751285053390,2025-06-30T15:04:13.390,21.070,0.053,0.078,1.005
1751285053400,2025-06-30T15:04:13.400,21.080,0.063,0.084,0.999
1751285053410,2025-06-30T15:04:13.410,21.090,0.085,0.078,0.993
1751285053420,2025-06-30T15:04:13.420,21.100,0.115,0.073,0.993
1751285053430,2025-06-30T15:04:13.430,21.110,0.144,0.070,1.000
1751285053440,2025-06-30T15:04:13.440,21.120,0.159,0.070,0.990
1751285053450,2025-06-30T15:04:13.450,21.130,0.183,0.063,0.998
1751285053460,2025-06-30T15:04:13.460,21.140,0.204,0.058,1.028
1751285053470,2025-06-30T15:04:13.470,21.150,0.210,0.051,1.046
1751285053480,2025-06-30T15:04:13.480,21.160,0.230,0.063,1.051
1751285053490,2025-06-30T15:04:13.490,21.170,0.288,0.081,1.076
1751285053500,2025-06-30T15:04:13.500,21.180,0.369,0.095,1.077
1751285053510,2025-06-30T15:04:13.510,21.190,0.473,0.113,1.083
1751285053520,2025-06-30T15:04:13.520,21.200,0.547,0.104,1.100
1751285053530,2025-06-30T15:04:13.530,21.210,0.572,0.077,1.125
1751285053540,2025-06-30T15:04:13.540,21.220,0.492,0.050,1.125
1751285053550,2025-06-30T15:04:13.550,21.230,0.401,0.023,1.093
1751285053560,2025-06-30T15:04:13.560,21.240,0.338,0.014,1.066
1751285053570,2025-06-30T15:04:13.570,21.250,0.313,0.029,1.074
1751285053580,2025-06-30T15:04:13.580,21.260,0.299,0.051,1.084
1751285053590,2025-06-30T15:04:13.590,21.270,0.230,0.075,1.075
1751285053600,2025-06-30T15:04:13.600,21.280,0.177,0.098,1.058
1751285053610,2025-06-30T15:04:13.610,21.290,0.171,0.123,1.057
1751285053620,2025-06-30T15:04:13.620,21.300,0.145,0.159,1.051
1751285053630,2025-06-30T15:04:13.630,21.310,0.069,0.193,1.039
1751285053640,2025-06-30T15:04:13.640,21.320,-0.001,0.217,1.026
1751285053650,2025-06-30T15:04:13.650,21.330,-0.077,0.236,1.024
1751285053660,2025-06-30T15:04:13.660,21.340,-0.149,0.257,1.008
1751285053670,2025-06-30T15:04:13.670,21.350,-0.188,0.273,1.000
1751285053680,2025-06-30T15:04:13.680,21.360,-0.198,0.283,0.998
1751285053690,2025-06-30T15:04:13.690,21.370,-0.218,0.300,1.001
1751285053700,2025-06-30T15:04:13.700,21.380,-0.281,0.312,1.000
1751285053710,2025-06-30T15:04:13.710,21.390,-0.318,0.313,0.989
1751285053720,2025-06-30T15:04:13.720,21.400,-0.331,0.304,0.976
1751285053730,2025-06-30T15:04:13.730,21.410,-0.379,0.302,0.968
1751285053740,2025-06-30T15:04:13.740,21.420,-0.438,0.295,0.950
1751285053750,2025-06-30T15:04:13.750,21.430,-0.471,0.287,0.923
1751285053760,2025-06-30T15:04:13.760,21.440,-0.498,0.273,0.918
1751285053770,2025-06-30T15:04:13.770,21.450,-0.502,0.243,0.929
1751285053780,2025-06-30T15:04:13.780,21.460,-0.500,0.220,0.929
1751285053790,2025-06-30T15:04:13.790,21.470,-0.507,0.208,0.933
1751285053800,2025-06-30T15:04:13.800,21.480,-0.515,0.199,0.942
1751285053810,2025-06-30T15:04:13.810,21.490,-0.513,0.186,0.936
1751285053820,2025-06-30T15:04:13.820,21.500,-0.514,0.177,0.928
1751285053830,2025-06-30T15:04:13.830,21.510,-0.525,0.167,0.926
1751285053840,2025-06-30T15:04:13.840,21.520,-0.573,0.168,0.917
1751285053850,2025-06-30T15:04:13.850,21.530,-0.625,0.170,0.909
1751285053860,2025-06-30T15:04:13.860,21.540,-0.658,0.167,0.898
1751285053870,2025-06-30T15:04:13.870,21.550,-0.684,0.167,0.900
1751285053880,2025-06-30T15:04:13.880,21.560,-0.667,0.161,0.900
1751285053890,2025-06-30T15:04:13.890,21.570,-0.669,0.167,0.895
1751285053900,2025-06-30T15:04:13.900,21.580,-0.651,0.168,0.909
1751285053910,2025-06-30T15:04:13.910,21.590,-0.614,0.177,0.920
1751285053920,2025-06-30T15:04:13.920,21.600,-0.611,0.190,0.907
1751285053930,2025-06-30T15:04:13.930,21.610,-0.611,0.194,0.909
1751285053940,2025-06-30T15:04:13.940,21.620,-0.617,0.203,0.910
1751285053950,2025-06-30T15:04:13.950,21.630,-0.655,0.212,0.899
1751285053960,2025-06-30T15:04:13.960,21.640,-0.643,0.211,0.911
1751285053970,2025-06-30T15:04:13.970,21.650,-0.615,0.211,0.930
1751285053980,2025-06-30T15:04:13.980,21.660,-0.591,0.221,0.934
1751285053990,2025-06-30T15:04:13.990,21.670,-0.573,0.232,0.939
1751285054000,2025-06-30T15:04:14.000,21.680,-0.556,0.238,0.947
1751285054010,2025-06-30T15:04:14.010,21.690,-0.534,0.253,0.951
1751285054020,2025-06-30T15:04:14.020,21.700,-0.515,0.261,0.946
1751285054030,2025-06-30T15:04:14.030,21.710,-0.494,0.257,0.946
1751285054040,2025-06-30T15:04:14.040,21.720,-0.470,0.257,0.953
1751285054050,2025-06-30T15:04:14.050,21.730,-0.438,0.265,0.953
1751285054060,2025-06-30T15:04:14.060,21.740,-0.419,0.265,0.954
1751285054070,2025-06-30T15:04:14.070,21.750,-0.403,0.263,0.943
1751285054080,2025-06-30T15:04:14.080,21.760,-0.369,0.273,0.947
1751285054090,2025-06-30T15:04:14.090,21.770,-0.336,0.275,0.961
1751285054100,2025-06-30T15:04:14.100,21.780,-0.283,0.261,0.969
1751285054110,2025-06-30T15:04:14.110,21.790,-0.206,0.245,0.981
1751285054120,2025-06-30T15:04:14.120,21.800,-0.127,0.238,0.997
1751285054130,2025-06-30T15:04:14.130,21.810,-0.049,0.241,1.003
1751285054140,2025-06-30T15:04:14.140,21.820,0.014,0.254,0.997
1751285054150,2025-06-30T15:04:14.150,21.830,0.047,0.271,0.996
1751285054160,2025-06-30T15:04:14.160,21.840,0.083,0.283,1.004
1751285054170,2025-06-30T15:04:14.170,21.850,0.125,0.289,1.028
1751285054180,2025-06-30T15:04:14.180,21.860,0.208,0.294,1.063
1751285054190,2025-06-30T15:04:14.190,21.870,0.333,0.277,1.110
1751285054200,2025-06-30T15:04:14.200,21.880,0.486,0.231,1.129
1751285054210,2025-06-30T15:04:14.210,21.890,0.540,0.181,1.096
1751285054220,2025-06-30T15:04:14.220,21.900,0.444,0.157,1.051
1751285054230,2025-06-30T15:04:14.230,21.910,0.428,0.137,1.048
1751285054240,2025-06-30T15:04:14.240,21.920,0.432,0.116,1.094
1751285054250,2025-06-30T15:04:14.250,21.930,0.350,0.106,1.116
1751285054260,2025-06-30T15:04:14.260,21.940,0.290,0.085,1.091
1751285054270,2025-06-30T15:04:14.270,21.950,0.300,0.068,1.090
1751285054280,2025-06-30T15:04:14.280,21.960,0.308,0.066,1.097
1751285054290,2025-06-30T15:04:14.290,21.970,0.320,0.061,1.091
1751285054300,2025-06-30T15:04:14.300,21.980,0.342,0.052,1.076
1751285054310,2025-06-30T15:04:14.310,21.990,0.339,0.050,1.053
1751285054320,2025-06-30T15:04:14.320,22.000,0.302,0.044,1.041
1751285054330,2025-06-30T15:04:14.330,22.010,0.247,0.044,1.039
1751285054340,2025-06-30T15:04:14.340,22.020,0.212,0.043,1.042
1751285054350,2025-06-30T15:04:14.350,22.030,0.192,0.043,1.044
1751285054360,2025-06-30T15:04:14.360,22.040,0.183,0.048,1.042
1751285054370,2025-06-30T15:04:14.370,22.050,0.195,0.046,1.050
1751285054380,2025-06-30T15:04:14.380,22.060,0.212,0.052,1.053
1751285054390,2025-06-30T15:04:14.390,22.070,0.216,0.057,1.053
1751285054400,2025-06-30T15:04:14.400,22.080,0.205,0.057,1.040
1751285054410,2025-06-30T15:04:14.410,22.090,0.195,0.058,1.035
1751285054420,2025-06-30T15:04:14.420,22.100,0.196,0.059,1.030
1751285054430,2025-06-30T15:04:14.430,22.110,0.214,0.065,1.029
1751285054440,2025-06-30T15:04:14.440,22.120,0.244,0.062,1.034
1751285054450,2025-06-30T15:04:14.450,22.130,0.282,0.057,1.045
1751285054460,2025-06-30T15:04:14.460,22.140,0.311,0.055,1.052
1751285054470,2025-06-30T15:04:14.470,22.150,0.328,0.059,1.056
1751285054480,2025-06-30T15:04:14.480,22.160,0.324,0.067,1.063
1751285054490,2025-06-30T15:04:14.490,22.170,0.338,0.076,1.060
1751285054500,2025-06-30T15:04:14.500,22.180,0.355,0.083,1.064
1751285054510,2025-06-30T15:04:14.510,22.190,0.349,0.071,1.072
1751285054520,2025-06-30T15:04:14.520,22.200,0.337,0.063,1.072
1751285054530,2025-06-30T15:04:14.530,22.210,0.299,0.071,1.076
1751285054540,2025-06-30T15:04:14.540,22.220,0.278,0.087,1.065
1751285054550,2025-06-30T15:04:14.550,22.230,0.278,0.108,1.068
1751285054560,2025-06-30T15:04:14.560,22.240,0.276,0.122,1.071
1751285054570,2025-06-30T15:04:14.570,22.250,0.304,0.140,1.060
1751285054580,2025-06-30T15:04:14.580,22.260,0.299,0.155,1.056
1751285054590,2025-06-30T15:04:14.590,22.270,0.241,0.155,1.063
1751285054600,2025-06-30T15:04:14.600,22.280,0.185,0.155,1.055
1751285054610,2025-06-30T15:04:14.610,22.290,0.136,0.178,1.044
1751285054620,2025-06-30T15:04:14.620,22.300,0.081,0.215,1.042
1751285054630,2025-06-30T15:04:14.630,22.310,0.042,0.239,1.042
1751285054640,2025-06-30T15:04:14.640,22.320,0.017,0.256,1.048
1751285054650,2025-06-30T15:04:14.650,22.330,-0.008,0.278,1.049
1751285054660,2025-06-30T15:04:14.660,22.340,-0.041,0.285,1.057
1751285054670,2025-06-30T15:04:14.670,22.350,-0.072,0.291,1.047
1751285054680,2025-06-30T15:04:14.680,22.360,-0.105,0.300,1.049
1751285054690,2025-06-30T15:04:14.690,22.370,-0.146,0.309,1.040
1751285054700,2025-06-30T15:04:14.700,22.380,-0.190,0.312,1.031
1751285054710,2025-06-30T15:04:14.710,22.390,-0.247,0.308,1.022
1751285054720,2025-06-30T15:04:14.720,22.400,-0.331,0.311,0.998
1751285054730,2025-06-30T15:04:14.730,22.410,-0.400,0.294,0.985
1751285054740,2025-06-30T15:04:14.740,22.420,-0.422,0.260,0.987
1751285054750,2025-06-30T15:04:14.750,22.430,-0.421,0.239,0.992
1751285054760,2025-06-30T15:04:14.760,22.440,-0.424,0.230,0.999
1751285054770,2025-06-30T15:04:14.770,22.450,-0.446,0.220,1.003
1751285054780,2025-06-30T15:04:14.780,22.460,-0.472,0.214,0.984
1751285054790,2025-06-30T15:04:14.790,22.470,-0.506,0.215,0.962
1751285054800,2025-06-30T15:04:14.800,22.480,-0.528,0.212,0.955
1751285054810,2025-06-30T15:04:14.810,22.490,-0.552,0.213,0.953
1751285054820,2025-06-30T15:04:14.820,22.500,-0.577,0.220,0.946
1751285054830,2025-06-30T15:04:14.830,22.510,-0.571,0.220,0.938
1751285054840,2025-06-30T15:04:14.840,22.520,-0.567,0.211,0.933
1751285054850,2025-06-30T15:04:14.850,22.530,-0.559,0.201,0.936
1751285054860,2025-06-30T15:04:14.860,22.540,-0.536,0.202,0.937
1751285054870,2025-06-30T15:04:14.870,22.550,-0.526,0.211,0.934
1751285054880,2025-06-30T15:04:14.880,22.560,-0.530,0.208,0.932
1751285054890,2025-06-30T15:04:14.890,22.570,-0.538,0.200,0.915
1751285054900,2025-06-30T15:04:14.900,22.580,-0.553,0.202,0.900
1751285054910,2025-06-30T15:04:14.910,22.590,-0.548,0.197,0.899
1751285054920,2025-06-30T15:04:14.920,22.600,-0.557,0.194,0.899
1751285054930,2025-06-30T15:04:14.930,22.610,-0.557,0.190,0.897
1751285054940,2025-06-30T15:04:14.940,22.620,-0.551,0.187,0.895
1751285054950,2025-06-30T15:04:14.950,22.630,-0.570,0.182,0.896
1751285054960,2025-06-30T15:04:14.960,22.640,-0.569,0.176,0.895
1751285054970,2025-06-30T15:04:14.970,22.650,-0.559,0.181,0.897
1751285054980,2025-06-30T15:04:14.980,22.660,-0.556,0.182,0.906
1751285054990,2025-06-30T15:04:14.990,22.670,-0.558,0.187,0.907
1751285055000,2025-06-30T15:04:15.000,22.680,-0.568,0.193,0.915
1751285055010,2025-06-30T15:04:15.010,22.690,-0.556,0.194,0.919
1751285055020,2025-06-30T15:04:15.020,22.700,-0.504,0.195,0.931
1751285055030,2025-06-30T15:04:15.030,22.710,-0.482,0.206,0.942
1751285055040,2025-06-30T15:04:15.040,22.720,-0.473,0.212,0.929
1751285055050,2025-06-30T15:04:15.050,22.730,-0.461,0.218,0.918
1751285055060,2025-06-30T15:04:15.060,22.740,-0.431,0.223,0.926
1751285055070,2025-06-30T15:04:15.070,22.750,-0.411,0.221,0.934
1751285055080,2025-06-30T15:04:15.080,22.760,-0.372,0.220,0.929
1751285055090,2025-06-30T15:04:15.090,22.770,-0.324,0.220,0.932
1751285055100,2025-06-30T15:04:15.100,22.780,-0.274,0.218,0.943
1751285055110,2025-06-30T15:04:15.110,22.790,-0.218,0.215,0.950
1751285055120,2025-06-30T15:04:15.120,22.800,-0.175,0.220,0.947
1751285055130,2025-06-30T15:04:15.130,22.810,-0.145,0.229,0.945
1751285055140,2025-06-30T15:04:15.140,22.820,-0.106,0.242,0.928
1751285055150,2025-06-30T15:04:15.150,22.830,-0.054,0.242,0.936
1751285055160,2025-06-30T15:04:15.160,22.840,0.019,0.229,0.966
1751285055170,2025-06-30T15:04:15.170,22.850,0.122,0.221,0.999
1751285055180,2025-06-30T15:04:15.180,22.860,0.237,0.220,1.016
1751285055190,2025-06-30T15:04:15.190,22.870,0.343,0.202,1.035
1751285055200,2025-06-30T15:04:15.200,22.880,0.415,0.174,1.053
1751285055210,2025-06-30T15:04:15.210,22.890,0.458,0.151,1.063
1751285055220,2025-06-30T15:04:15.220,22.900,0.479,0.134,1.087
1751285055230,2025-06-30T15:04:15.230,22.910,0.507,0.110,1.104
1751285055240,2025-06-30T15:04:15.240,22.920,0.485,0.090,1.095
1751285055250,2025-06-30T15:04:15.250,22.930,0.396,0.084,1.090
1751285055260,2025-06-30T15:04:15.260,22.940,0.350,0.074,1.096
1751285055270,2025-06-30T15:04:15.270,22.950,0.358,0.062,1.128
1751285055280,2025-06-30T15:04:15.280,22.960,0.352,0.049,1.150
1751285055290,2025-06-30T15:04:15.290,22.970,0.338,0.031,1.139
1751285055300,2025-06-30T15:04:15.300,22.980,0.336,0.022,1.138
1751285055310,2025-06-30T15:04:15.310,22.990,0.314,0.031,1.150
1751285055320,2025-06-30T15:04:15.320,23.000,0.261,0.042,1.129
1751285055330,2025-06-30T15:04:15.330,23.010,0.226,0.046,1.097
1751285055340,2025-06-30T15:04:15.340,23.020,0.213,0.057,1.082
1751285055350,2025-06-30T15:04:15.350,23.030,0.190,0.063,1.061
1751285055360,2025-06-30T15:04:15.360,23.040,0.167,0.067,1.046
1751285055370,2025-06-30T15:04:15.370,23.050,0.150,0.072,1.048
1751285055380,2025-06-30T15:04:15.380,23.060,0.148,0.072,1.045
1751285055390,2025-06-30T15:04:15.390,23.070,0.153,0.075,1.042
1751285055400,2025-06-30T15:04:15.400,23.080,0.165,0.080,1.030
1751285055410,2025-06-30T15:04:15.410,23.090,0.167,0.082,1.029
1751285055420,2025-06-30T15:04:15.420,23.100,0.160,0.077,1.029
1751285055430,2025-06-30T15:04:15.430,23.110,0.155,0.072,1.020
1751285055440,2025-06-30T15:04:15.440,23.120,0.152,0.065,1.011
1751285055450,2025-06-30T15:04:15.450,23.130,0.177,0.065,1.013
1751285055460,2025-06-30T15:04:15.460,23.140,0.204,0.066,1.023
1751285055470,2025-06-30T15:04:15.470,23.150,0.221,0.063,1.029
1751285055480,2025-06-30T15:04:15.480,23.160,0.242,0.064,1.030
1751285055490,2025-06-30T15:04:15.490,23.170,0.249,0.071,1.039
1751285055500,2025-06-30T15:04:15.500,23.180,0.232,0.068,1.050
1751285055510,2025-06-30T15:04:15.510,23.190,0.223,0.061,1.047
1751285055520,2025-06-30T15:04:15.520,23.200,0.224,0.065,1.042
1751285055530,2025-06-30T15:04:15.530,23.210,0.232,0.081,1.044
1751285055540,2025-06-30T15:04:15.540,23.220,0.223,0.090,1.037
1751285055550,2025-06-30T15:04:15.550,23.230,0.219,0.093,1.022
1751285055560,2025-06-30T15:04:15.560,23.240,0.217,0.105,1.020
1751285055570,2025-06-30T15:04:15.570,23.250,0.202,0.111,1.012
1751285055580,2025-06-30T15:04:15.580,23.260,0.189,0.115,1.005
1751285055590,2025-06-30T15:04:15.590,23.270,0.188,0.124,1.004
1751285055600,2025-06-30T15:04:15.600,23.280,0.200,0.132,1.007
1751285055610,2025-06-30T15:04:15.610,23.290,0.196,0.146,1.002
1751285055620,2025-06-30T15:04:15.620,23.300,0.157,0.160,0.991
1751285055630,2025-06-30T15:04:15.630,23.310,0.114,0.170,0.986
1751285055640,2025-06-30T15:04:15.640,23.320,0.093,0.181,0.991
1751285055650,2025-06-30T15:04:15.650,23.330,0.082,0.187,1.001
1751285055660,2025-06-30T15:04:15.660,23.340,0.062,0.205,1.007
1751285055670,2025-06-30T15:04:15.670,23.350,0.014,0.214,0.999
1751285055680,2025-06-30T15:04:15.680,23.360,-0.043,0.228,0.992
1751285055690,2025-06-30T15:04:15.690,23.370,-0.083,0.234,1.004
1751285055700,2025-06-30T15:04:15.700,23.380,-0.109,0.238,1.004
1751285055710,2025-06-30T15:04:15.710,23.390,-0.147,0.247,0.985
1751285055720,2025-06-30T15:04:15.720,23.400,-0.193,0.250,0.989
1751285055730,2025-06-30T15:04:15.730,23.410,-0.225,0.249,1.000
1751285055740,2025-06-30T15:04:15.740,23.420,-0.256,0.247,1.007
1751285055750,2025-06-30T15:04:15.750,23.430,-0.278,0.244,1.010
1751285055760,2025-06-30T15:04:15.760,23.440,-0.301,0.246,1.013
1751285055770,2025-06-30T15:04:15.770,23.450,-0.354,0.252,1.001
1751285055780,2025-06-30T15:04:15.780,23.460,-0.408,0.246,0.984
1751285055790,2025-06-30T15:04:15.790,23.470,-0.437,0.242,0.981
1751285055800,2025-06-30T15:04:15.800,23.480,-0.445,0.241,0.975
1751285055810,2025-06-30T15:04:15.810,23.490,-0.504,0.242,0.952
1751285055820,2025-06-30T15:04:15.820,23.500,-0.567,0.235,0.931
1751285055830,2025-06-30T15:04:15.830,23.510,-0.574,0.224,0.926
1751285055840,2025-06-30T15:04:15.840,23.520,-0.580,0.225,0.943
1751285055850,2025-06-30T15:04:15.850,23.530,-0.574,0.218,0.957
1751285055860,2025-06-30T15:04:15.860,23.540,-0.558,0.215,0.969
1751285055870,2025-06-30T15:04:15.870,23.550,-0.553,0.215,0.970
1751285055880,2025-06-30T15:04:15.880,23.560,-0.545,0.214,0.967
1751285055890,2025-06-30T15:04:15.890,23.570,-0.541,0.211,0.962
1751285055900,2025-06-30T15:04:15.900,23.580,-0.561,0.218,0.950
1751285055910,2025-06-30T15:04:15.910,23.590,-0.584,0.223,0.940
1751285055920,2025-06-30T15:04:15.920,23.600,-0.597,0.226,0.935
1751285055930,2025-06-30T15:04:15.930,23.610,-0.606,0.225,0.936
1751285055940,2025-06-30T15:04:15.940,23.620,-0.603,0.226,0.937
1751285055950,2025-06-30T15:04:15.950,23.630,-0.585,0.226,0.948
1751285055960,2025-06-30T15:04:15.960,23.640,-0.552,0.220,0.956
1751285055970,2025-06-30T15:04:15.970,23.650,-0.548,0.225,0.957
1751285055980,2025-06-30T15:04:15.980,23.660,-0.517,0.224,0.960
1751285055990,2025-06-30T15:04:15.990,23.670,-0.478,0.230,0.968
1751285056000,2025-06-30T15:04:16.000,23.680,-0.459,0.234,0.974
1751285056010,2025-06-30T15:04:16.010,23.690,-0.445,0.236,0.973
1751285056020,2025-06-30T15:04:16.020,23.700,-0.432,0.243,0.960
1751285056030,2025-06-30T15:04:16.030,23.710,-0.419,0.241,0.953
1751285056040,2025-06-30T15:04:16.040,23.720,-0.404,0.238,0.951
1751285056050,2025-06-30T15:04:16.050,23.730,-0.393,0.239,0.958
1751285056060,2025-06-30T15:04:16.060,23.740,-0.362,0.240,0.958
1751285056070,2025-06-30T15:04:16.070,23.750,-0.333,0.239,0.960
1751285056080,2025-06-30T15:04:16.080,23.760,-0.291,0.238,0.972
1751285056090,2025-06-30T15:04:16.090,23.770,-0.252,0.241,0.974
1751285056100,2025-06-30T15:04:16.100,23.780,-0.229,0.245,0.972
1751285056110,2025-06-30T15:04:16.110,23.790,-0.209,0.249,0.965
1751285056120,2025-06-30T15:04:16.120,23.800,-0.185,0.251,0.966
1751285056130,2025-06-30T15:04:16.130,23.810,-0.157,0.250,0.968
1751285056140,2025-06-30T15:04:16.140,23.820,-0.101,0.247,0.979
1751285056150,2025-06-30T15:04:16.150,23.830,-0.029,0.243,0.988
1751285056160,2025-06-30T15:04:16.160,23.840,0.020,0.246,0.990
1751285056170,2025-06-30T15:04:16.170,23.850,0.052,0.248,0.991
1751285056180,2025-06-30T15:04:16.180,23.860,0.089,0.254,0.989
1751285056190,2025-06-30T15:04:16.190,23.870,0.143,0.258,0.996
1751285056200,2025-06-30T15:04:16.200,23.880,0.224,0.253,1.011
1751285056210,2025-06-30T15:04:16.210,23.890,0.318,0.236,1.030
1751285056220,2025-06-30T15:04:16.220,23.900,0.420,0.217,1.052
1751285056230,2025-06-30T15:04:16.230,23.910,0.484,0.191,1.055
1751285056240,2025-06-30T15:04:16.240,23.920,0.440,0.152,1.044
1751285056250,2025-06-30T15:04:16.250,23.930,0.399,0.111,1.030
1751285056260,2025-06-30T15:04:16.260,23.940,0.394,0.086,1.046
1751285056270,2025-06-30T15:04:16.270,23.950,0.369,0.075,1.072
1751285056280,2025-06-30T15:04:16.280,23.960,0.342,0.061,1.069
1751285056290,2025-06-30T15:04:16.290,23.970,0.357,0.042,1.067
1751285056300,2025-06-30T15:04:16.300,23.980,0.359,0.028,1.071
1751285056310,2025-06-30T15:04:16.310,23.990,0.330,0.019,1.069
1751285056320,2025-06-30T15:04:16.320,24.000,0.300,0.022,1.058
1751285056330,2025-06-30T15:04:16.330,24.010,0.286,0.030,1.045
1751285056340,2025-06-30T15:04:16.340,24.020,0.274,0.034,1.044
1751285056350,2025-06-30T15:04:16.350,24.030,0.240,0.037,1.036
1751285056360,2025-06-30T15:04:16.360,24.040,0.207,0.049,1.029
1751285056370,2025-06-30T15:04:16.370,24.050,0.188,0.067,1.026
1751285056380,2025-06-30T15:04:16.380,24.060,0.187,0.079,1.027
1751285056390,2025-06-30T15:04:16.390,24.070,0.191,0.091,1.035
1751285056400,2025-06-30T15:04:16.400,24.080,0.198,0.095,1.037
1751285056410,2025-06-30T15:04:16.410,24.090,0.202,0.099,1.023
1751285056420,2025-06-30T15:04:16.420,24.100,0.198,0.102,1.015
1751285056430,2025-06-30T15:04:16.430,24.110,0.190,0.091,1.022
1751285056440,2025-06-30T15:04:16.440,24.120,0.203,0.077,1.036
1751285056450,2025-06-30T15:04:16.450,24.130,0.242,0.077,1.038
1751285056460,2025-06-30T15:04:16.460,24.140,0.277,0.096,1.046
1751285056470,2025-06-30T15:04:16.470,24.150,0.285,0.107,1.049
1751285056480,2025-06-30T15:04:16.480,24.160,0.300,0.115,1.044
1751285056490,2025-06-30T15:04:16.490,24.170,0.344,0.126,1.047
1751285056500,2025-06-30T15:04:16.500,24.180,0.382,0.128,1.050
1751285056510,2025-06-30T15:04:16.510,24.190,0.422,0.132,1.056
1751285056520,2025-06-30T15:04:16.520,24.200,0.438,0.131,1.064
1751285056530,2025-06-30T15:04:16.530,24.210,0.426,0.124,1.073
1751285056540,2025-06-30T15:04:16.540,24.220,0.390,0.123,1.069
1751285056550,2025-06-30T15:04:16.550,24.230,0.339,0.133,1.059
1751285056560,2025-06-30T15:04:16.560,24.240,0.285,0.159,1.062
1751285056570,2025-06-30T15:04:16.570,24.250,0.230,0.173,1.059
1751285056580,2025-06-30T15:04:16.580,24.260,0.226,0.177,1.050
1751285056590,2025-06-30T15:04:16.590,24.270,0.231,0.193,1.042
1751285056600,2025-06-30T15:04:16.600,24.280,0.206,0.210,1.038
1751285056610,2025-06-30T15:04:16.610,24.290,0.153,0.230,1.033
1751285056620,2025-06-30T15:04:16.620,24.300,0.102,0.245,1.022
1751285056630,2025-06-30T15:04:16.630,24.310,0.052,0.266,1.019
1751285056640,2025-06-30T15:04:16.640,24.320,-0.001,0.290,1.017
1751285056650,2025-06-30T15:04:16.650,24.330,-0.050,0.311,1.026
1751285056660,2025-06-30T15:04:16.660,24.340,-0.122,0.323,1.035
1751285056670,2025-06-30T15:04:16.670,24.350,-0.169,0.332,1.032
1751285056680,2025-06-30T15:04:16.680,24.360,-0.188,0.343,1.026
1751285056690,2025-06-30T15:04:16.690,24.370,-0.236,0.360,1.019
1751285056700,2025-06-30T15:04:16.700,24.380,-0.284,0.357,1.020
1751285056710,2025-06-30T15:04:16.710,24.390,-0.314,0.359,1.017
1751285056720,2025-06-30T15:04:16.720,24.400,-0.334,0.359,1.012
1751285056730,2025-06-30T15:04:16.730,24.410,-0.375,0.358,0.989
1751285056740,2025-06-30T15:04:16.740,24.420,-0.429,0.353,0.969
1751285056750,2025-06-30T15:04:16.750,24.430,-0.454,0.343,0.966
1751285056760,2025-06-30T15:04:16.760,24.440,-0.460,0.334,0.970
1751285056770,2025-06-30T15:04:16.770,24.450,-0.465,0.332,0.976
1751285056780,2025-06-30T15:04:16.780,24.460,-0.508,0.325,0.963
1751285056790,2025-06-30T15:04:16.790,24.470,-0.541,0.315,0.954
1751285056800,2025-06-30T15:04:16.800,24.480,-0.545,0.312,0.949
1751285056810,2025-06-30T15:04:16.810,24.490,-0.552,0.306,0.949
1751285056820,2025-06-30T15:04:16.820,24.500,-0.558,0.299,0.955
1751285056830,2025-06-30T15:04:16.830,24.510,-0.564,0.295,0.946
1751285056840,2025-06-30T15:04:16.840,24.520,-0.579,0.299,0.936
1751285056850,2025-06-30T15:04:16.850,24.530,-0.580,0.294,0.928
1751285056860,2025-06-30T15:04:16.860,24.540,-0.563,0.279,0.934
1751285056870,2025-06-30T15:04:16.870,24.550,-0.559,0.270,0.932
1751285056880,2025-06-30T15:04:16.880,24.560,-0.585,0.267,0.928
1751285056890,2025-06-30T15:04:16.890,24.570,-0.573,0.256,0.928
1751285056900,2025-06-30T15:04:16.900,24.580,-0.568,0.254,0.924
1751285056910,2025-06-30T15:04:16.910,24.590,-0.599,0.260,0.913
1751285056920,2025-06-30T15:04:16.920,24.600,-0.597,0.258,0.909
1751285056930,2025-06-30T15:04:16.930,24.610,-0.594,0.263,0.910
1751285056940,2025-06-30T15:04:16.940,24.620,-0.590,0.259,0.912
1751285056950,2025-06-30T15:04:16.950,24.630,-0.569,0.256,0.913
1751285056960,2025-06-30T15:04:16.960,24.640,-0.539,0.262,0.924
1751285056970,2025-06-30T15:04:16.970,24.650,-0.525,0.265,0.927
1751285056980,2025-06-30T15:04:16.980,24.660,-0.514,0.261,0.927
1751285056990,2025-06-30T15:04:16.990,24.670,-0.506,0.260,0.924
1751285057000,2025-06-30T15:04:17.000,24.680,-0.490,0.262,0.925
1751285057010,2025-06-30T15:04:17.010,24.690,-0.472,0.266,0.928
1751285057020,2025-06-30T15:04:17.020,24.700,-0.467,0.268,0.921
1751285057030,2025-06-30T15:04:17.030,24.710,-0.458,0.266,0.917
1751285057040,2025-06-30T15:04:17.040,24.720,-0.423,0.267,0.928
1751285057050,2025-06-30T15:04:17.050,24.730,-0.388,0.274,0.933
1751285057060,2025-06-30T15:04:17.060,24.740,-0.350,0.279,0.926
1751285057070,2025-06-30T15:04:17.070,24.750,-0.293,0.273,0.930
1751285057080,2025-06-30T15:04:17.080,24.760,-0.265,0.281,0.930
1751285057090,2025-06-30T15:04:17.090,24.770,-0.229,0.288,0.926
1751285057100,2025-06-30T15:04:17.100,24.780,-0.181,0.291,0.926
1751285057110,2025-06-30T15:04:17.110,24.790,-0.144,0.295,0.930
1751285057120,2025-06-30T15:04:17.120,24.800,-0.107,0.295,0.929
1751285057130,2025-06-30T15:04:17.130,24.810,-0.063,0.301,0.934
1751285057140,2025-06-30T15:04:17.140,24.820,-0.006,0.308,0.949
1751285057150,2025-06-30T15:04:17.150,24.830,0.070,0.315,0.967
1751285057160,2025-06-30T15:04:17.160,24.840,0.137,0.322,0.991
1751285057170,2025-06-30T15:04:17.170,24.850,0.218,0.315,1.020
1751285057180,2025-06-30T15:04:17.180,24.860,0.330,0.291,1.063
1751285057190,2025-06-30T15:04:17.190,24.870,0.468,0.254,1.107
1751285057200,2025-06-30T15:04:17.200,24.880,0.528,0.212,1.109
1751285057210,2025-06-30T15:04:17.210,24.890,0.453,0.184,1.079
1751285057220,2025-06-30T15:04:17.220,24.900,0.364,0.172,1.062
1751285057230,2025-06-30T15:04:17.230,24.910,0.308,0.167,1.092
1751285057240,2025-06-30T15:04:17.240,24.920,0.243,0.149,1.119
1751285057250,2025-06-30T15:04:17.250,24.930,0.241,0.130,1.109
1751285057260,2025-06-30T15:04:17.260,24.940,0.321,0.110,1.118
1751285057270,2025-06-30T15:04:17.270,24.950,0.361,0.098,1.134
1751285057280,2025-06-30T15:04:17.280,24.960,0.330,0.083,1.123
1751285057290,2025-06-30T15:04:17.290,24.970,0.295,0.084,1.092
1751285057300,2025-06-30T15:04:17.300,24.980,0.272,0.093,1.068
1751285057310,2025-06-30T15:04:17.310,24.990,0.257,0.090,1.061
1751285057320,2025-06-30T15:04:17.320,25.000,0.254,0.084,1.067
1751285057330,2025-06-30T15:04:17.330,25.010,0.238,0.079,1.066
1751285057340,2025-06-30T15:04:17.340,25.020,0.212,0.077,1.060
1751285057350,2025-06-30T15:04:17.350,25.030,0.194,0.081,1.057
1751285057360,2025-06-30T15:04:17.360,25.040,0.191,0.085,1.050
1751285057370,2025-06-30T15:04:17.370,25.050,0.190,0.082,1.040
1751285057380,2025-06-30T15:04:17.380,25.060,0.189,0.081,1.026
1751285057390,2025-06-30T15:04:17.390,25.070,0.177,0.082,1.010
1751285057400,2025-06-30T15:04:17.400,25.080,0.164,0.083,1.007
1751285057410,2025-06-30T15:04:17.410,25.090,0.157,0.083,1.000
1751285057420,2025-06-30T15:04:17.420,25.100,0.170,0.082,0.993
1751285057430,2025-06-30T15:04:17.430,25.110,0.191,0.081,1.002
1751285057440,2025-06-30T15:04:17.440,25.120,0.201,0.081,1.021
1751285057450,2025-06-30T15:04:17.450,25.130,0.203,0.073,1.027
1751285057460,2025-06-30T15:04:17.460,25.140,0.213,0.076,1.036
1751285057470,2025-06-30T15:04:17.470,25.150,0.218,0.095,1.039
1751285057480,2025-06-30T15:04:17.480,25.160,0.232,0.108,1.040
1751285057490,2025-06-30T15:04:17.490,25.170,0.219,0.112,1.046
1751285057500,2025-06-30T15:04:17.500,25.180,0.214,0.114,1.044
1751285057510,2025-06-30T15:04:17.510,25.190,0.229,0.119,1.052
1751285057520,2025-06-30T15:04:17.520,25.200,0.240,0.125,1.060
1751285057530,2025-06-30T15:04:17.530,25.210,0.252,0.133,1.056
1751285057540,2025-06-30T15:04:17.540,25.220,0.242,0.149,1.055
1751285057550,2025-06-30T15:04:17.550,25.230,0.205,0.161,1.050
1751285057560,2025-06-30T15:04:17.560,25.240,0.165,0.171,1.044
1751285057570,2025-06-30T15:04:17.570,25.250,0.136,0.183,1.035
1751285057580,2025-06-30T15:04:17.580,25.260,0.112,0.198,1.049
1751285057590,2025-06-30T15:04:17.590,25.270,0.093,0.208,1.057
1751285057600,2025-06-30T15:04:17.600,25.280,0.080,0.227,1.046
1751285057610,2025-06-30T15:04:17.610,25.290,0.063,0.247,1.039
1751285057620,2025-06-30T15:04:17.620,25.300,0.037,0.267,1.043
1751285057630,2025-06-30T15:04:17.630,25.310,0.010,0.280,1.044
1751285057640,2025-06-30T15:04:17.640,25.320,-0.014,0.290,1.040
1751285057650,2025-06-30T15:04:17.650,25.330,-0.049,0.298,1.041
1751285057660,2025-06-30T15:04:17.660,25.340,-0.095,0.306,1.036
1751285057670,2025-06-30T15:04:17.670,25.350,-0.136,0.310,1.028
1751285057680,2025-06-30T15:04:17.680,25.360,-0.166,0.311,1.024
1751285057690,2025-06-30T15:04:17.690,25.370,-0.205,0.315,1.005
1751285057700,2025-06-30T15:04:17.700,25.380,-0.264,0.323,0.975
1751285057710,2025-06-30T15:04:17.710,25.390,-0.304,0.323,0.956
1751285057720,2025-06-30T15:04:17.720,25.400,-0.351,0.315,0.938
1751285057730,2025-06-30T15:04:17.730,25.410,-0.360,0.303,0.928
1751285057740,2025-06-30T15:04:17.740,25.420,-0.357,0.297,0.921
1751285057750,2025-06-30T15:04:17.750,25.430,-0.411,0.302,0.912
1751285057760,2025-06-30T15:04:17.760,25.440,-0.445,0.295,0.899
1751285057770,2025-06-30T15:04:17.770,25.450,-0.477,0.288,0.876
1751285057780,2025-06-30T15:04:17.780,25.460,-0.506,0.272,0.871
1751285057790,2025-06-30T15:04:17.790,25.470,-0.521,0.257,0.868
1751285057800,2025-06-30T15:04:17.800,25.480,-0.542,0.251,0.877
1751285057810,2025-06-30T15:04:17.810,25.490,-0.572,0.251,0.877
1751285057820,2025-06-30T15:04:17.820,25.500,-0.594,0.256,0.871
1751285057830,2025-06-30T15:04:17.830,25.510,-0.587,0.250,0.869
1751285057840,2025-06-30T15:04:17.840,25.520,-0.579,0.245,0.877
1751285057850,2025-06-30T15:04:17.850,25.530,-0.600,0.250,0.885
1751285057860,2025-06-30T15:04:17.860,25.540,-0.654,0.259,0.888
1751285057870,2025-06-30T15:04:17.870,25.550,-0.662,0.265,0.900
1751285057880,2025-06-30T15:04:17.880,25.560,-0.642,0.269,0.914
1751285057890,2025-06-30T15:04:17.890,25.570,-0.641,0.275,0.917
1751285057900,2025-06-30T15:04:17.900,25.580,-0.664,0.270,0.918
1751285057910,2025-06-30T15:04:17.910,25.590,-0.662,0.258,0.932
1751285057920,2025-06-30T15:04:17.920,25.600,-0.655,0.258,0.946
1751285057930,2025-06-30T15:04:17.930,25.610,-0.651,0.261,0.950
1751285057940,2025-06-30T15:04:17.940,25.620,-0.648,0.267,0.953
1751285057950,2025-06-30T15:04:17.950,25.630,-0.615,0.272,0.967
1751285057960,2025-06-30T15:04:17.960,25.640,-0.594,0.274,0.971
1751285057970,2025-06-30T15:04:17.970,25.650,-0.583,0.280,0.968
1751285057980,2025-06-30T15:04:17.980,25.660,-0.562,0.283,0.961
1751285057990,2025-06-30T15:04:17.990,25.670,-0.569,0.280,0.939
1751285058000,2025-06-30T15:04:18.000,25.680,-0.555,0.259,0.940
1751285058010,2025-06-30T15:04:18.010,25.690,-0.524,0.250,0.948
1751285058020,2025-06-30T15:04:18.020,25.700,-0.498,0.251,0.948
1751285058030,2025-06-30T15:04:18.030,25.710,-0.472,0.252,0.939
1751285058040,2025-06-30T15:04:18.040,25.720,-0.444,0.256,0.930
1751285058050,2025-06-30T15:04:18.050,25.730,-0.408,0.259,0.918
1751285058060,2025-06-30T15:04:18.060,25.740,-0.369,0.252,0.907
1751285058070,2025-06-30T15:04:18.070,25.750,-0.331,0.242,0.896
1751285058080,2025-06-30T15:04:18.080,25.760,-0.290,0.237,0.887
1751285058090,2025-06-30T15:04:18.090,25.770,-0.255,0.233,0.879
1751285058100,2025-06-30T15:04:18.100,25.780,-0.218,0.228,0.869
1751285058110,2025-06-30T15:04:18.110,25.790,-0.184,0.221,0.866
1751285058120,2025-06-30T15:04:18.120,25.800,-0.164,0.220,0.859
1751285058130,2025-06-30T15:04:18.130,25.810,-0.139,0.223,0.854
1751285058140,2025-06-30T15:04:18.140,25.820,-0.078,0.227,0.867
1751285058150,2025-06-30T15:04:18.150,25.830,-0.013,0.236,0.885
1751285058160,2025-06-30T15:04:18.160,25.840,0.051,0.243,0.905
1751285058170,2025-06-30T15:04:18.170,25.850,0.130,0.250,0.938
1751285058180,2025-06-30T15:04:18.180,25.860,0.266,0.254,0.993
1751285058190,2025-06-30T15:04:18.190,25.870,0.432,0.240,1.072
1751285058200,2025-06-30T15:04:18.200,25.880,0.600,0.199,1.117
1751285058210,2025-06-30T15:04:18.210,25.890,0.519,0.167,1.064
1751285058220,2025-06-30T15:04:18.220,25.900,0.310,0.166,1.036
1751285058230,2025-06-30T15:04:18.230,25.910,0.291,0.151,1.081
1751285058240,2025-06-30T15:04:18.240,25.920,0.261,0.150,1.153
1751285058250,2025-06-30T15:04:18.250,25.930,0.172,0.136,1.156
1751285058260,2025-06-30T15:04:18.260,25.940,0.185,0.103,1.151
1751285058270,2025-06-30T15:04:18.270,25.950,0.247,0.079,1.162
1751285058280,2025-06-30T15:04:18.280,25.960,0.278,0.067,1.168
1751285058290,2025-06-30T15:04:18.290,25.970,0.293,0.070,1.150
1751285058300,2025-06-30T15:04:18.300,25.980,0.292,0.083,1.136
1751285058310,2025-06-30T15:04:18.310,25.990,0.229,0.094,1.118
1751285058320,2025-06-30T15:04:18.320,26.000,0.167,0.098,1.104
1751285058330,2025-06-30T15:04:18.330,26.010,0.139,0.104,1.100
1751285058340,2025-06-30T15:04:18.340,26.020,0.125,0.108,1.103
1751285058350,2025-06-30T15:04:18.350,26.030,0.117,0.108,1.102
1751285058360,2025-06-30T15:04:18.360,26.040,0.113,0.112,1.088
1751285058370,2025-06-30T15:04:18.370,26.050,0.124,0.121,1.076
1751285058380,2025-06-30T15:04:18.380,26.060,0.146,0.126,1.068
1751285058390,2025-06-30T15:04:18.390,26.070,0.160,0.123,1.059
1751285058400,2025-06-30T15:04:18.400,26.080,0.166,0.119,1.050
1751285058410,2025-06-30T15:04:18.410,26.090,0.161,0.114,1.040
1751285058420,2025-06-30T15:04:18.420,26.100,0.160,0.107,1.035
1751285058430,2025-06-30T15:04:18.430,26.110,0.170,0.104,1.030
1751285058440,2025-06-30T15:04:18.440,26.120,0.183,0.107,1.034
1751285058450,2025-06-30T15:04:18.450,26.130,0.189,0.102,1.044
1751285058460,2025-06-30T15:04:18.460,26.140,0.204,0.095,1.044
1751285058470,2025-06-30T15:04:18.470,26.150,0.210,0.100,1.051
1751285058480,2025-06-30T15:04:18.480,26.160,0.193,0.097,1.057
1751285058490,2025-06-30T15:04:18.490,26.170,0.178,0.096,1.049
1751285058500,2025-06-30T15:04:18.500,26.180,0.167,0.098,1.034
1751285058510,2025-06-30T15:04:18.510,26.190,0.151,0.104,1.023
1751285058520,2025-06-30T15:04:18.520,26.200,0.137,0.111,1.011
1751285058530,2025-06-30T15:04:18.530,26.210,0.135,0.117,1.002
1751285058540,2025-06-30T15:04:18.540,26.220,0.144,0.119,0.983
1751285058550,2025-06-30T15:04:18.550,26.230,0.158,0.119,0.967
1751285058560,2025-06-30T15:04:18.560,26.240,0.162,0.136,0.963
1751285058570,2025-06-30T15:04:18.570,26.250,0.147,0.146,0.964
1751285058580,2025-06-30T15:04:18.580,26.260,0.143,0.149,0.954
1751285058590,2025-06-30T15:04:18.590,26.270,0.132,0.164,0.953
1751285058600,2025-06-30T15:04:18.600,26.280,0.090,0.184,0.962
1751285058610,2025-06-30T15:04:18.610,26.290,0.044,0.187,0.967
1751285058620,2025-06-30T15:04:18.620,26.300,0.018,0.188,0.984
1751285058630,2025-06-30T15:04:18.630,26.310,0.008,0.199,1.003
1751285058640,2025-06-30T15:04:18.640,26.320,0.003,0.216,1.005
1751285058650,2025-06-30T15:04:18.650,26.330,-0.017,0.241,1.018
1751285058660,2025-06-30T15:04:18.660,26.340,-0.063,0.257,1.008
1751285058670,2025-06-30T15:04:18.670,26.350,-0.107,0.272,1.005
1751285058680,2025-06-30T15:04:18.680,26.360,-0.156,0.292,1.008
1751285058690,2025-06-30T15:04:18.690,26.370,-0.185,0.306,1.015
1751285058700,2025-06-30T15:04:18.700,26.380,-0.213,0.313,1.006
1751285058710,2025-06-30T15:04:18.710,26.390,-0.247,0.322,0.994
1751285058720,2025-06-30T15:04:18.720,26.400,-0.277,0.326,0.979
1751285058730,2025-06-30T15:04:18.730,26.410,-0.289,0.326,0.979
1751285058740,2025-06-30T15:04:18.740,26.420,-0.312,0.330,0.973
1751285058750,2025-06-30T15:04:18.750,26.430,-0.369,0.330,0.952
1751285058760,2025-06-30T15:04:18.760,26.440,-0.445,0.325,0.930
1751285058770,2025-06-30T15:04:18.770,26.450,-0.508,0.309,0.912
1751285058780,2025-06-30T15:04:18.780,26.460,-0.549,0.292,0.896
1751285058790,2025-06-30T15:04:18.790,26.470,-0.595,0.279,0.897
1751285058800,2025-06-30T15:04:18.800,26.480,-0.571,0.257,0.908
1751285058810,2025-06-30T15:04:18.810,26.490,-0.530,0.263,0.928
1751285058820,2025-06-30T15:04:18.820,26.500,-0.501,0.266,0.936
1751285058830,2025-06-30T15:04:18.830,26.510,-0.499,0.270,0.930
1751285058840,2025-06-30T15:04:18.840,26.520,-0.527,0.275,0.908
1751285058850,2025-06-30T15:04:18.850,26.530,-0.563,0.279,0.893
1751285058860,2025-06-30T15:04:18.860,26.540,-0.614,0.291,0.885
1751285058870,2025-06-30T15:04:18.870,26.550,-0.643,0.294,0.877
1751285058880,2025-06-30T15:04:18.880,26.560,-0.655,0.294,0.887
1751285058890,2025-06-30T15:04:18.890,26.570,-0.669,0.290,0.907
1751285058900,2025-06-30T15:04:18.900,26.580,-0.631,0.277,0.933
1751285058910,2025-06-30T15:04:18.910,26.590,-0.599,0.272,0.941
1751285058920,2025-06-30T15:04:18.920,26.600,-0.592,0.273,0.945
1751285058930,2025-06-30T15:04:18.930,26.610,-0.575,0.270,0.948
1751285058940,2025-06-30T15:04:18.940,26.620,-0.563,0.271,0.937
1751285058950,2025-06-30T15:04:18.950,26.630,-0.577,0.271,0.919
1751285058960,2025-06-30T15:04:18.960,26.640,-0.584,0.267,0.920
1751285058970,2025-06-30T15:04:18.970,26.650,-0.577,0.270,0.925
1751285058980,2025-06-30T15:04:18.980,26.660,-0.586,0.271,0.935
1751285058990,2025-06-30T15:04:18.990,26.670,-0.583,0.274,0.942
1751285059000,2025-06-30T15:04:19.000,26.680,-0.576,0.283,0.953
1751285059010,2025-06-30T15:04:19.010,26.690,-0.565,0.289,0.956
1751285059020,2025-06-30T15:04:19.020,26.700,-0.535,0.298,0.961
1751285059030,2025-06-30T15:04:19.030,26.710,-0.502,0.302,0.970
1751285059040,2025-06-30T15:04:19.040,26.720,-0.475,0.300,0.969
1751285059050,2025-06-30T15:04:19.050,26.730,-0.464,0.301,0.967
1751285059060,2025-06-30T15:04:19.060,26.740,-0.448,0.301,0.966
1751285059070,2025-06-30T15:04:19.070,26.750,-0.440,0.296,0.958
1751285059080,2025-06-30T15:04:19.080,26.760,-0.406,0.286,0.953
1751285059090,2025-06-30T15:04:19.090,26.770,-0.353,0.276,0.957
1751285059100,2025-06-30T15:04:19.100,26.780,-0.329,0.271,0.954
1751285059110,2025-06-30T15:04:19.110,26.790,-0.306,0.265,0.941
1751285059120,2025-06-30T15:04:19.120,26.800,-0.273,0.257,0.935
1751285059130,2025-06-30T15:04:19.130,26.810,-0.229,0.257,0.933
1751285059140,2025-06-30T15:04:19.140,26.820,-0.181,0.264,0.929
1751285059150,2025-06-30T15:04:19.150,26.830,-0.159,0.264,0.919
1751285059160,2025-06-30T15:04:19.160,26.840,-0.126,0.255,0.908
1751285059170,2025-06-30T15:04:19.170,26.850,-0.097,0.248,0.891
1751285059180,2025-06-30T15:04:19.180,26.860,-0.089,0.244,0.875
1751285059190,2025-06-30T15:04:19.190,26.870,-0.047,0.237,0.873
1751285059200,2025-06-30T15:04:19.200,26.880,0.027,0.246,0.889
1751285059210,2025-06-30T15:04:19.210,26.890,0.114,0.249,0.916
1751285059220,2025-06-30T15:04:19.220,26.900,0.230,0.242,0.958
1751285059230,2025-06-30T15:04:19.230,26.910,0.375,0.240,1.028
1751285059240,2025-06-30T15:04:19.240,26.920,0.536,0.216,1.073
1751285059250,2025-06-30T15:04:19.250,26.930,0.523,0.169,1.028
1751285059260,2025-06-30T15:04:19.260,26.940,0.369,0.144,0.979
1751285059270,2025-06-30T15:04:19.270,26.950,0.354,0.128,0.997
1751285059280,2025-06-30T15:04:19.280,26.960,0.339,0.133,1.069
1751285059290,2025-06-30T15:04:19.290,26.970,0.240,0.137,1.084
1751285059300,2025-06-30T15:04:19.300,26.980,0.206,0.121,1.068
1751285059310,2025-06-30T15:04:19.310,26.990,0.263,0.094,1.082
1751285059320,2025-06-30T15:04:19.320,27.000,0.320,0.080,1.101
1751285059330,2025-06-30T15:04:19.330,27.010,0.317,0.076,1.094
1751285059340,2025-06-30T15:04:19.340,27.020,0.288,0.080,1.073
1751285059350,2025-06-30T15:04:19.350,27.030,0.261,0.084,1.065
1751285059360,2025-06-30T15:04:19.360,27.040,0.233,0.085,1.068
1751285059370,2025-06-30T15:04:19.370,27.050,0.214,0.083,1.063
1751285059380,2025-06-30T15:04:19.380,27.060,0.200,0.087,1.064
1751285059390,2025-06-30T15:04:19.390,27.070,0.176,0.092,1.072
1751285059400,2025-06-30T15:04:19.400,27.080,0.163,0.100,1.076
1751285059410,2025-06-30T15:04:19.410,27.090,0.173,0.105,1.075
1751285059420,2025-06-30T15:04:19.420,27.100,0.174,0.111,1.069
1751285059430,2025-06-30T15:04:19.430,27.110,0.171,0.114,1.063
1751285059440,2025-06-30T15:04:19.440,27.120,0.170,0.120,1.058
1751285059450,2025-06-30T15:04:19.450,27.130,0.167,0.119,1.057
1751285059460,2025-06-30T15:04:19.460,27.140,0.167,0.118,1.052
1751285059470,2025-06-30T15:04:19.470,27.150,0.187,0.115,1.051
1751285059480,2025-06-30T15:04:19.480,27.160,0.209,0.114,1.064
1751285059490,2025-06-30T15:04:19.490,27.170,0.204,0.113,1.079
1751285059500,2025-06-30T15:04:19.500,27.180,0.193,0.110,1.072
1751285059510,2025-06-30T15:04:19.510,27.190,0.188,0.114,1.073
1751285059520,2025-06-30T15:04:19.520,27.200,0.187,0.125,1.080
1751285059530,2025-06-30T15:04:19.530,27.210,0.203,0.128,1.082
1751285059540,2025-06-30T15:04:19.540,27.220,0.229,0.134,1.082
1751285059550,2025-06-30T15:04:19.550,27.230,0.242,0.142,1.081
1751285059560,2025-06-30T15:04:19.560,27.240,0.229,0.140,1.079
1751285059570,2025-06-30T15:04:19.570,27.250,0.215,0.137,1.074
1751285059580,2025-06-30T15:04:19.580,27.260,0.215,0.143,1.072
1751285059590,2025-06-30T15:04:19.590,27.270,0.216,0.152,1.069
1751285059600,2025-06-30T15:04:19.600,27.280,0.230,0.157,1.077
1751285059610,2025-06-30T15:04:19.610,27.290,0.233,0.165,1.072
1751285059620,2025-06-30T15:04:19.620,27.300,0.222,0.184,1.056
1751285059630,2025-06-30T15:04:19.630,27.310,0.183,0.204,1.036
1751285059640,2025-06-30T15:04:19.640,27.320,0.153,0.210,1.023
1751285059650,2025-06-30T15:04:19.650,27.330,0.116,0.209,1.013
1751285059660,2025-06-30T15:04:19.660,27.340,0.081,0.219,1.000
1751285059670,2025-06-30T15:04:19.670,27.350,0.063,0.236,1.001
1751285059680,2025-06-30T15:04:19.680,27.360,0.041,0.248,1.006
1751285059690,2025-06-30T15:04:19.690,27.370,0.022,0.264,0.995
1751285059700,2025-06-30T15:04:19.700,27.380,-0.013,0.281,0.978
1751285059710,2025-06-30T15:04:19.710,27.390,-0.063,0.295,0.970
1751285059720,2025-06-30T15:04:19.720,27.400,-0.124,0.306,0.966
1751285059730,2025-06-30T15:04:19.730,27.410,-0.175,0.311,0.953
1751285059740,2025-06-30T15:04:19.740,27.420,-0.214,0.313,0.938
1751285059750,2025-06-30T15:04:19.750,27.430,-0.267,0.315,0.917
1751285059760,2025-06-30T15:04:19.760,27.440,-0.299,0.307,0.922
1751285059770,2025-06-30T15:04:19.770,27.450,-0.312,0.299,0.932
1751285059780,2025-06-30T15:04:19.780,27.460,-0.345,0.295,0.933
1751285059790,2025-06-30T15:04:19.790,27.470,-0.399,0.285,0.901
1751285059800,2025-06-30T15:04:19.800,27.480,-0.422,0.285,0.908
1751285059810,2025-06-30T15:04:19.810,27.490,-0.461,0.286,0.907
1751285059820,2025-06-30T15:04:19.820,27.500,-0.491,0.289,0.906
1751285059830,2025-06-30T15:04:19.830,27.510,-0.493,0.285,0.915
1751285059840,2025-06-30T15:04:19.840,27.520,-0.470,0.274,0.923
1751285059850,2025-06-30T15:04:19.850,27.530,-0.426,0.273,0.933
1751285059860,2025-06-30T15:04:19.860,27.540,-0.436,0.276,0.949
1751285059870,2025-06-30T15:04:19.870,27.550,-0.472,0.272,0.935
1751285059880,2025-06-30T15:04:19.880,27.560,-0.528,0.267,0.923
1751285059890,2025-06-30T15:04:19.890,27.570,-0.530,0.254,0.942
1751285059900,2025-06-30T15:04:19.900,27.580,-0.565,0.263,0.952
1751285059910,2025-06-30T15:04:19.910,27.590,-0.605,0.260,0.958
1751285059920,2025-06-30T15:04:19.920,27.600,-0.583,0.254,0.975
1751285059930,2025-06-30T15:04:19.930,27.610,-0.563,0.257,0.977
1751285059940,2025-06-30T15:04:19.940,27.620,-0.569,0.261,0.972
1751285059950,2025-06-30T15:04:19.950,27.630,-0.563,0.259,0.964
1751285059960,2025-06-30T15:04:19.960,27.640,-0.563,0.259,0.954
1751285059970,2025-06-30T15:04:19.970,27.650,-0.562,0.249,0.947
1751285059980,2025-06-30T15:04:19.980,27.660,-0.552,0.245,0.945
1751285059990,2025-06-30T15:04:19.990,27.670,-0.544,0.246,0.955
1751285060000,2025-06-30T15:04:20.000,27.680,-0.551,0.246,0.963
1751285060010,2025-06-30T15:04:20.010,27.690,-0.554,0.249,0.959
1751285060020,2025-06-30T15:04:20.020,27.700,-0.553,0.253,0.948
1751285060030,2025-06-30T15:04:20.030,27.710,-0.543,0.253,0.951
1751285060040,2025-06-30T15:04:20.040,27.720,-0.502,0.253,0.953
1751285060050,2025-06-30T15:04:20.050,27.730,-0.489,0.258,0.939
1751285060060,2025-06-30T15:04:20.060,27.740,-0.474,0.254,0.923
1751285060070,2025-06-30T15:04:20.070,27.750,-0.443,0.254,0.923
1751285060080,2025-06-30T15:04:20.080,27.760,-0.425,0.251,0.922
1751285060090,2025-06-30T15:04:20.090,27.770,-0.419,0.243,0.913
1751285060100,2025-06-30T15:04:20.100,27.780,-0.404,0.232,0.897
1751285060110,2025-06-30T15:04:20.110,27.790,-0.379,0.232,0.891
1751285060120,2025-06-30T15:04:20.120,27.800,-0.352,0.237,0.885
1751285060130,2025-06-30T15:04:20.130,27.810,-0.321,0.238,0.878
1751285060140,2025-06-30T15:04:20.140,27.820,-0.275,0.232,0.882
1751285060150,2025-06-30T15:04:20.150,27.830,-0.233,0.227,0.886
1751285060160,2025-06-30T15:04:20.160,27.840,-0.217,0.215,0.891
1751285060170,2025-06-30T15:04:20.170,27.850,-0.208,0.208,0.895
1751285060180,2025-06-30T15:04:20.180,27.860,-0.198,0.198,0.895
1751285060190,2025-06-30T15:04:20.190,27.870,-0.167,0.196,0.915
1751285060200,2025-06-30T15:04:20.200,27.880,-0.098,0.193,0.938
1751285060210,2025-06-30T15:04:20.210,27.890,-0.051,0.193,0.960
1751285060220,2025-06-30T15:04:20.220,27.900,-0.041,0.197,0.971
1751285060230,2025-06-30T15:04:20.230,27.910,-0.027,0.205,0.971
1751285060240,2025-06-30T15:04:20.240,27.920,0.028,0.208,0.985
1751285060250,2025-06-30T15:04:20.250,27.930,0.083,0.214,0.999
1751285060260,2025-06-30T15:04:20.260,27.940,0.125,0.221,0.997
1751285060270,2025-06-30T15:04:20.270,27.950,0.189,0.225,1.006
1751285060280,2025-06-30T15:04:20.280,27.960,0.249,0.223,1.032
1751285060290,2025-06-30T15:04:20.290,27.970,0.285,0.208,1.055
1751285060300,2025-06-30T15:04:20.300,27.980,0.300,0.198,1.068
1751285060310,2025-06-30T15:04:20.310,27.990,0.315,0.188,1.082
1751285060320,2025-06-30T15:04:20.320,28.000,0.293,0.179,1.083
1751285060330,2025-06-30T15:04:20.330,28.010,0.241,0.168,1.085
1751285060340,2025-06-30T15:04:20.340,28.020,0.207,0.164,1.095
1751285060350,2025-06-30T15:04:20.350,28.030,0.210,0.161,1.113
1751285060360,2025-06-30T15:04:20.360,28.040,0.248,0.159,1.122
1751285060370,2025-06-30T15:04:20.370,28.050,0.287,0.155,1.128
1751285060380,2025-06-30T15:04:20.380,28.060,0.288,0.144,1.126
1751285060390,2025-06-30T15:04:20.390,28.070,0.268,0.133,1.126
1751285060400,2025-06-30T15:04:20.400,28.080,0.256,0.122,1.126
1751285060410,2025-06-30T15:04:20.410,28.090,0.256,0.110,1.121
1751285060420,2025-06-30T15:04:20.420,28.100,0.229,0.104,1.104
1751285060430,2025-06-30T15:04:20.430,28.110,0.194,0.110,1.102
1751285060440,2025-06-30T15:04:20.440,28.120,0.169,0.118,1.099
1751285060450,2025-06-30T15:04:20.450,28.130,0.169,0.123,1.095
1751285060460,2025-06-30T15:04:20.460,28.140,0.191,0.123,1.096
1751285060470,2025-06-30T15:04:20.470,28.150,0.222,0.115,1.092
1751285060480,2025-06-30T15:04:20.480,28.160,0.229,0.114,1.088
1751285060490,2025-06-30T15:04:20.490,28.170,0.218,0.115,1.082
1751285060500,2025-06-30T15:04:20.500,28.180,0.220,0.109,1.079
1751285060510,2025-06-30T15:04:20.510,28.190,0.221,0.110,1.081
1751285060520,2025-06-30T15:04:20.520,28.200,0.204,0.118,1.078
1751285060530,2025-06-30T15:04:20.530,28.210,0.205,0.120,1.069
1751285060540,2025-06-30T15:04:20.540,28.220,0.206,0.129,1.074
1751285060550,2025-06-30T15:04:20.550,28.230,0.215,0.133,1.074
1751285060560,2025-06-30T15:04:20.560,28.240,0.241,0.135,1.078
1751285060570,2025-06-30T15:04:20.570,28.250,0.256,0.140,1.078
1751285060580,2025-06-30T15:04:20.580,28.260,0.248,0.140,1.081
1751285060590,2025-06-30T15:04:20.590,28.270,0.234,0.139,1.076
1751285060600,2025-06-30T15:04:20.600,28.280,0.213,0.147,1.064
1751285060610,2025-06-30T15:04:20.610,28.290,0.182,0.158,1.055
1751285060620,2025-06-30T15:04:20.620,28.300,0.160,0.166,1.047
1751285060630,2025-06-30T15:04:20.630,28.310,0.151,0.165,1.054
1751285060640,2025-06-30T15:04:20.640,28.320,0.132,0.167,1.043
1751285060650,2025-06-30T15:04:20.650,28.330,0.122,0.176,1.032
1751285060660,2025-06-30T15:04:20.660,28.340,0.118,0.187,1.029
1751285060670,2025-06-30T15:04:20.670,28.350,0.088,0.201,1.028
1751285060680,2025-06-30T15:04:20.680,28.360,0.052,0.208,1.025
1751285060690,2025-06-30T15:04:20.690,28.370,0.026,0.214,1.012
1751285060700,2025-06-30T15:04:20.700,28.380,-0.020,0.233,0.990
1751285060710,2025-06-30T15:04:20.710,28.390,-0.065,0.255,0.980
1751285060720,2025-06-30T15:04:20.720,28.400,-0.081,0.262,0.980
1751285060730,2025-06-30T15:04:20.730,28.410,-0.082,0.271,0.973
1751285060740,2025-06-30T15:04:20.740,28.420,-0.107,0.283,0.955
1751285060750,2025-06-30T15:04:20.750,28.430,-0.162,0.294,0.940
1751285060760,2025-06-30T15:04:20.760,28.440,-0.197,0.302,0.938
1751285060770,2025-06-30T15:04:20.770,28.450,-0.237,0.309,0.916
1751285060780,2025-06-30T15:04:20.780,28.460,-0.282,0.310,0.892
1751285060790,2025-06-30T15:04:20.790,28.470,-0.299,0.295,0.897
1751285060800,2025-06-30T15:04:20.800,28.480,-0.317,0.282,0.912
1751285060810,2025-06-30T15:04:20.810,28.490,-0.326,0.271,0.910
1751285060820,2025-06-30T15:04:20.820,28.500,-0.318,0.263,0.907
1751285060830,2025-06-30T15:04:20.830,28.510,-0.339,0.269,0.913
1751285060840,2025-06-30T15:04:20.840,28.520,-0.394,0.264,0.910
1751285060850,2025-06-30T15:04:20.850,28.530,-0.469,0.258,0.888
1751285060860,2025-06-30T15:04:20.860,28.540,-0.548,0.254,0.868
1751285060870,2025-06-30T15:04:20.870,28.550,-0.595,0.237,0.866
1751285060880,2025-06-30T15:04:20.880,28.560,-0.625,0.229,0.891
1751285060890,2025-06-30T15:04:20.890,28.570,-0.624,0.230,0.908
1751285060900,2025-06-30T15:04:20.900,28.580,-0.595,0.228,0.923
1751285060910,2025-06-30T15:04:20.910,28.590,-0.548,0.225,0.936
1751285060920,2025-06-30T15:04:20.920,28.600,-0.523,0.228,0.941
1751285060930,2025-06-30T15:04:20.930,28.610,-0.523,0.232,0.946
1751285060940,2025-06-30T15:04:20.940,28.620,-0.549,0.236,0.944
1751285060950,2025-06-30T15:04:20.950,28.630,-0.582,0.238,0.936
1751285060960,2025-06-30T15:04:20.960,28.640,-0.602,0.248,0.938
1751285060970,2025-06-30T15:04:20.970,28.650,-0.606,0.255,0.933
1751285060980,2025-06-30T15:04:20.980,28.660,-0.599,0.256,0.938
1751285060990,2025-06-30T15:04:20.990,28.670,-0.584,0.258,0.943
1751285061000,2025-06-30T15:04:21.000,28.680,-0.591,0.260,0.952
1751285061010,2025-06-30T15:04:21.010,28.690,-0.578,0.254,0.968
1751285061020,2025-06-30T15:04:21.020,28.700,-0.566,0.260,0.978
1751285061030,2025-06-30T15:04:21.030,28.710,-0.542,0.268,0.977
1751285061040,2025-06-30T15:04:21.040,28.720,-0.529,0.269,0.976
1751285061050,2025-06-30T15:04:21.050,28.730,-0.516,0.271,0.976
1751285061060,2025-06-30T15:04:21.060,28.740,-0.504,0.273,0.975
1751285061070,2025-06-30T15:04:21.070,28.750,-0.492,0.270,0.962
1751285061080,2025-06-30T15:04:21.080,28.760,-0.479,0.265,0.952
1751285061090,2025-06-30T15:04:21.090,28.770,-0.478,0.265,0.942
1751285061100,2025-06-30T15:04:21.100,28.780,-0.477,0.264,0.933
1751285061110,2025-06-30T15:04:21.110,28.790,-0.430,0.253,0.937
1751285061120,2025-06-30T15:04:21.120,28.800,-0.380,0.249,0.947
1751285061130,2025-06-30T15:04:21.130,28.810,-0.346,0.248,0.947
1751285061140,2025-06-30T15:04:21.140,28.820,-0.301,0.242,0.941
1751285061150,2025-06-30T15:04:21.150,28.830,-0.271,0.236,0.937
1751285061160,2025-06-30T15:04:21.160,28.840,-0.238,0.228,0.943
1751285061170,2025-06-30T15:04:21.170,28.850,-0.203,0.222,0.950
1751285061180,2025-06-30T15:04:21.180,28.860,-0.174,0.211,0.967
1751285061190,2025-06-30T15:04:21.190,28.870,-0.163,0.206,0.971
1751285061200,2025-06-30T15:04:21.200,28.880,-0.137,0.201,0.980
1751285061210,2025-06-30T15:04:21.210,28.890,-0.119,0.208,0.986
1751285061220,2025-06-30T15:04:21.220,28.900,-0.116,0.218,0.970
1751285061230,2025-06-30T15:04:21.230,28.910,-0.079,0.219,0.958
1751285061240,2025-06-30T15:04:21.240,28.920,-0.024,0.230,0.975
1751285061250,2025-06-30T15:04:21.250,28.930,0.012,0.239,0.988
1751285061260,2025-06-30T15:04:21.260,28.940,0.054,0.225,0.992
1751285061270,2025-06-30T15:04:21.270,28.950,0.099,0.223,0.991
1751285061280,2025-06-30T15:04:21.280,28.960,0.147,0.215,1.008
1751285061290,2025-06-30T15:04:21.290,28.970,0.209,0.195,1.024
1751285061300,2025-06-30T15:04:21.300,28.980,0.268,0.177,1.042
1751285061310,2025-06-30T15:04:21.310,28.990,0.312,0.159,1.057
1751285061320,2025-06-30T15:04:21.320,29.000,0.341,0.128,1.060
1751285061330,2025-06-30T15:04:21.330,29.010,0.321,0.115,1.056
1751285061340,2025-06-30T15:04:21.340,29.020,0.273,0.114,1.050
1751285061350,2025-06-30T15:04:21.350,29.030,0.251,0.109,1.062
1751285061360,2025-06-30T15:04:21.360,29.040,0.237,0.105,1.072
1751285061370,2025-06-30T15:04:21.370,29.050,0.241,0.100,1.076
1751285061380,2025-06-30T15:04:21.380,29.060,0.270,0.081,1.079
1751285061390,2025-06-30T15:04:21.390,29.070,0.303,0.065,1.081
1751285061400,2025-06-30T15:04:21.400,29.080,0.301,0.059,1.077
1751285061410,2025-06-30T15:04:21.410,29.090,0.273,0.057,1.067
1751285061420,2025-06-30T15:04:21.420,29.100,0.252,0.058,1.051
1751285061430,2025-06-30T15:04:21.430,29.110,0.247,0.059,1.044
1751285061440,2025-06-30T15:04:21.440,29.120,0.229,0.060,1.056
1751285061450,2025-06-30T15:04:21.450,29.130,0.204,0.061,1.059
1751285061460,2025-06-30T15:04:21.460,29.140,0.202,0.060,1.049
1751285061470,2025-06-30T15:04:21.470,29.150,0.207,0.065,1.050
1751285061480,2025-06-30T15:04:21.480,29.160,0.205,0.075,1.045
1751285061490,2025-06-30T15:04:21.490,29.170,0.200,0.077,1.036
1751285061500,2025-06-30T15:04:21.500,29.180,0.197,0.081,1.033
1751285061510,2025-06-30T15:04:21.510,29.190,0.199,0.079,1.032
1751285061520,2025-06-30T15:04:21.520,29.200,0.203,0.079,1.037
1751285061530,2025-06-30T15:04:21.530,29.210,0.201,0.083,1.042
1751285061540,2025-06-30T15:04:21.540,29.220,0.194,0.089,1.044
1751285061550,2025-06-30T15:04:21.550,29.230,0.188,0.100,1.048
1751285061560,2025-06-30T15:04:21.560,29.240,0.179,0.112,1.050
1751285061570,2025-06-30T15:04:21.570,29.250,0.185,0.116,1.051
1751285061580,2025-06-30T15:04:21.580,29.260,0.186,0.121,1.051
1751285061590,2025-06-30T15:04:21.590,29.270,0.183,0.125,1.053
1751285061600,2025-06-30T15:04:21.600,29.280,0.181,0.128,1.050
1751285061610,2025-06-30T15:04:21.610,29.290,0.183,0.129,1.051
1751285061620,2025-06-30T15:04:21.620,29.300,0.164,0.133,1.043
1751285061630,2025-06-30T15:04:21.630,29.310,0.144,0.148,1.023
1751285061640,2025-06-30T15:04:21.640,29.320,0.155,0.180,1.018
1751285061650,2025-06-30T15:04:21.650,29.330,0.148,0.204,1.006
1751285061660,2025-06-30T15:04:21.660,29.340,0.140,0.217,1.003
1751285061670,2025-06-30T15:04:21.670,29.350,0.156,0.221,1.009
1751285061680,2025-06-30T15:04:21.680,29.360,0.162,0.221,1.027
1751285061690,2025-06-30T15:04:21.690,29.370,0.125,0.230,1.035
1751285061700,2025-06-30T15:04:21.700,29.380,0.072,0.246,1.020
1751285061710,2025-06-30T15:04:21.710,29.390,0.028,0.262,1.018
1751285061720,2025-06-30T15:04:21.720,29.400,-0.018,0.282,1.028
1751285061730,2025-06-30T15:04:21.730,29.410,-0.063,0.297,1.027
1751285061740,2025-06-30T15:04:21.740,29.420,-0.075,0.309,1.024
1751285061750,2025-06-30T15:04:21.750,29.430,-0.095,0.319,1.034
1751285061760,2025-06-30T15:04:21.760,29.440,-0.148,0.331,1.040
1751285061770,2025-06-30T15:04:21.770,29.450,-0.163,0.340,1.042
1751285061780,2025-06-30T15:04:21.780,29.460,-0.183,0.353,1.042
1751285061790,2025-06-30T15:04:21.790,29.470,-0.229,0.366,1.028
1751285061800,2025-06-30T15:04:21.800,29.480,-0.292,0.372,0.994
1751285061810,2025-06-30T15:04:21.810,29.490,-0.359,0.370,0.975
1751285061820,2025-06-30T15:04:21.820,29.500,-0.421,0.349,0.975
1751285061830,2025-06-30T15:04:21.830,29.510,-0.468,0.323,0.984
1751285061840,2025-06-30T15:04:21.840,29.520,-0.515,0.305,0.986
1751285061850,2025-06-30T15:04:21.850,29.530,-0.527,0.278,0.976
1751285061860,2025-06-30T15:04:21.860,29.540,-0.517,0.264,0.964
1751285061870,2025-06-30T15:04:21.870,29.550,-0.517,0.267,0.952
1751285061880,2025-06-30T15:04:21.880,29.560,-0.512,0.266,0.936
1751285061890,2025-06-30T15:04:21.890,29.570,-0.516,0.270,0.923
1751285061900,2025-06-30T15:04:21.900,29.580,-0.525,0.264,0.912
1751285061910,2025-06-30T15:04:21.910,29.590,-0.529,0.261,0.913
1751285061920,2025-06-30T15:04:21.920,29.600,-0.551,0.269,0.922
1751285061930,2025-06-30T15:04:21.930,29.610,-0.554,0.270,0.925
1751285061940,2025-06-30T15:04:21.940,29.620,-0.542,0.266,0.928
1751285061950,2025-06-30T15:04:21.950,29.630,-0.561,0.261,0.928
1751285061960,2025-06-30T15:04:21.960,29.640,-0.581,0.250,0.925
1751285061970,2025-06-30T15:04:21.970,29.650,-0.569,0.247,0.923
1751285061980,2025-06-30T15:04:21.980,29.660,-0.557,0.250,0.917
1751285061990,2025-06-30T15:04:21.990,29.670,-0.533,0.245,0.915
1751285062000,2025-06-30T15:04:22.000,29.680,-0.526,0.247,0.913
1751285062010,2025-06-30T15:04:22.010,29.690,-0.512,0.251,0.897
1751285062020,2025-06-30T15:04:22.020,29.700,-0.499,0.259,0.894
1751285062030,2025-06-30T15:04:22.030,29.710,-0.525,0.267,0.882
1751285062040,2025-06-30T15:04:22.040,29.720,-0.537,0.261,0.880
1751285062050,2025-06-30T15:04:22.050,29.730,-0.509,0.252,0.895
1751285062060,2025-06-30T15:04:22.060,29.740,-0.512,0.252,0.894
1751285062070,2025-06-30T15:04:22.070,29.750,-0.519,0.242,0.895
1751285062080,2025-06-30T15:04:22.080,29.760,-0.504,0.241,0.919
1751285062090,2025-06-30T15:04:22.090,29.770,-0.491,0.249,0.935
1751285062100,2025-06-30T15:04:22.100,29.780,-0.471,0.252,0.925
1751285062110,2025-06-30T15:04:22.110,29.790,-0.457,0.247,0.921
1751285062120,2025-06-30T15:04:22.120,29.800,-0.431,0.243,0.927
1751285062130,2025-06-30T15:04:22.130,29.810,-0.401,0.245,0.938
1751285062140,2025-06-30T15:04:22.140,29.820,-0.369,0.245,0.940
1751285062150,2025-06-30T15:04:22.150,29.830,-0.337,0.244,0.941
1751285062160,2025-06-30T15:04:22.160,29.840,-0.312,0.242,0.944
1751285062170,2025-06-30T15:04:22.170,29.850,-0.311,0.236,0.950
1751285062180,2025-06-30T15:04:22.180,29.860,-0.293,0.232,0.951
1751285062190,2025-06-30T15:04:22.190,29.870,-0.270,0.241,0.953
1751285062200,2025-06-30T15:04:22.200,29.880,-0.232,0.251,0.962
1751285062210,2025-06-30T15:04:22.210,29.890,-0.188,0.254,0.962
1751285062220,2025-06-30T15:04:22.220,29.900,-0.155,0.254,0.962
1751285062230,2025-06-30T15:04:22.230,29.910,-0.113,0.262,0.964
1751285062240,2025-06-30T15:04:22.240,29.920,-0.075,0.266,0.971
1751285062250,2025-06-30T15:04:22.250,29.930,-0.057,0.274,0.972
1751285062260,2025-06-30T15:04:22.260,29.940,-0.013,0.277,0.960
1751285062270,2025-06-30T15:04:22.270,29.950,0.040,0.280,0.958
1751285062280,2025-06-30T15:04:22.280,29.960,0.110,0.290,0.976
1751285062290,2025-06-30T15:04:22.290,29.970,0.192,0.290,0.994
1751285062300,2025-06-30T15:04:22.300,29.980,0.297,0.267,1.023
1751285062310,2025-06-30T15:04:22.310,29.990,0.429,0.235,1.078
1751285062320,2025-06-30T15:04:22.320,30.000,0.552,0.190,1.103
1751285062330,2025-06-30T15:04:22.330,30.010,0.527,0.150,1.077
1751285062340,2025-06-30T15:04:22.340,30.020,0.407,0.145,1.059
1751285062350,2025-06-30T15:04:22.350,30.030,0.353,0.140,1.064
1751285062360,2025-06-30T15:04:22.360,30.040,0.279,0.136,1.091
1751285062370,2025-06-30T15:04:22.370,30.050,0.189,0.128,1.095
1751285062380,2025-06-30T15:04:22.380,30.060,0.174,0.107,1.090
1751285062390,2025-06-30T15:04:22.390,30.070,0.234,0.087,1.101
1751285062400,2025-06-30T15:04:22.400,30.080,0.293,0.072,1.104
1751285062410,2025-06-30T15:04:22.410,30.090,0.289,0.075,1.105
1751285062420,2025-06-30T15:04:22.420,30.100,0.253,0.086,1.092
1751285062430,2025-06-30T15:04:22.430,30.110,0.211,0.096,1.076
1751285062440,2025-06-30T15:04:22.440,30.120,0.171,0.103,1.063
1751285062450,2025-06-30T15:04:22.450,30.130,0.129,0.111,1.059
1751285062460,2025-06-30T15:04:22.460,30.140,0.094,0.127,1.053
1751285062470,2025-06-30T15:04:22.470,30.150,0.068,0.137,1.048
1751285062480,2025-06-30T15:04:22.480,30.160,0.073,0.141,1.047
1751285062490,2025-06-30T15:04:22.490,30.170,0.103,0.144,1.044
1751285062500,2025-06-30T15:04:22.500,30.180,0.156,0.146,1.052
1751285062510,2025-06-30T15:04:22.510,30.190,0.181,0.152,1.057
1751285062520,2025-06-30T15:04:22.520,30.200,0.182,0.147,1.052
1751285062530,2025-06-30T15:04:22.530,30.210,0.183,0.135,1.053
1751285062540,2025-06-30T15:04:22.540,30.220,0.198,0.127,1.065
1751285062550,2025-06-30T15:04:22.550,30.230,0.223,0.125,1.072
1751285062560,2025-06-30T15:04:22.560,30.240,0.239,0.132,1.078
1751285062570,2025-06-30T15:04:22.570,30.250,0.262,0.131,1.091
1751285062580,2025-06-30T15:04:22.580,30.260,0.330,0.133,1.118
1751285062590,2025-06-30T15:04:22.590,30.270,0.383,0.139,1.146
1751285062600,2025-06-30T15:04:22.600,30.280,0.407,0.140,1.152
1751285062610,2025-06-30T15:04:22.610,30.290,0.414,0.151,1.148
1751285062620,2025-06-30T15:04:22.620,30.300,0.380,0.158,1.152
1751285062630,2025-06-30T15:04:22.630,30.310,0.331,0.162,1.146
1751285062640,2025-06-30T15:04:22.640,30.320,0.275,0.174,1.120
1751285062650,2025-06-30T15:04:22.650,30.330,0.221,0.198,1.106
1751285062660,2025-06-30T15:04:22.660,30.340,0.192,0.217,1.097
1751285062670,2025-06-30T15:04:22.670,30.350,0.181,0.220,1.068
1751285062680,2025-06-30T15:04:22.680,30.360,0.163,0.234,1.042
1751285062690,2025-06-30T15:04:22.690,30.370,0.125,0.256,1.022
1751285062700,2025-06-30T15:04:22.700,30.380,0.075,0.280,0.991
1751285062710,2025-06-30T15:04:22.710,30.390,0.045,0.299,0.966
1751285062720,2025-06-30T15:04:22.720,30.400,0.017,0.313,0.956
1751285062730,2025-06-30T15:04:22.730,30.410,-0.040,0.323,0.944
1751285062740,2025-06-30T15:04:22.740,30.420,-0.125,0.333,0.922
1751285062750,2025-06-30T15:04:22.750,30.430,-0.186,0.344,0.920
1751285062760,2025-06-30T15:04:22.760,30.440,-0.211,0.348,0.933
1751285062770,2025-06-30T15:04:22.770,30.450,-0.239,0.353,0.938
1751285062780,2025-06-30T15:04:22.780,30.460,-0.271,0.355,0.933
1751285062790,2025-06-30T15:04:22.790,30.470,-0.285,0.364,0.935
1751285062800,2025-06-30T15:04:22.800,30.480,-0.359,0.373,0.936
1751285062810,2025-06-30T15:04:22.810,30.490,-0.430,0.361,0.926
1751285062820,2025-06-30T15:04:22.820,30.500,-0.483,0.349,0.909
1751285062830,2025-06-30T15:04:22.830,30.510,-0.552,0.337,0.900
1751285062840,2025-06-30T15:04:22.840,30.520,-0.590,0.315,0.899
1751285062850,2025-06-30T15:04:22.850,30.530,-0.621,0.303,0.899
1751285062860,2025-06-30T15:04:22.860,30.540,-0.620,0.295,0.913
1751285062870,2025-06-30T15:04:22.870,30.550,-0.626,0.287,0.917
1751285062880,2025-06-30T15:04:22.880,30.560,-0.632,0.284,0.912
1751285062890,2025-06-30T15:04:22.890,30.570,-0.643,0.281,0.904
1751285062900,2025-06-30T15:04:22.900,30.580,-0.698,0.280,0.886
1751285062910,2025-06-30T15:04:22.910,30.590,-0.711,0.269,0.885
1751285062920,2025-06-30T15:04:22.920,30.600,-0.701,0.268,0.890
1751285062930,2025-06-30T15:04:22.930,30.610,-0.701,0.267,0.895
1751285062940,2025-06-30T15:04:22.940,30.620,-0.684,0.262,0.890
1751285062950,2025-06-30T15:04:22.950,30.630,-0.707,0.267,0.876
1751285062960,2025-06-30T15:04:22.960,30.640,-0.720,0.253,0.862
1751285062970,2025-06-30T15:04:22.970,30.650,-0.719,0.247,0.857
1751285062980,2025-06-30T15:04:22.980,30.660,-0.706,0.245,0.860
1751285062990,2025-06-30T15:04:22.990,30.670,-0.680,0.246,0.862
1751285063000,2025-06-30T15:04:23.000,30.680,-0.672,0.250,0.857
1751285063010,2025-06-30T15:04:23.010,30.690,-0.659,0.245,0.851
1751285063020,2025-06-30T15:04:23.020,30.700,-0.633,0.240,0.849
1751285063030,2025-06-30T15:04:23.030,30.710,-0.594,0.240,0.847
1751285063040,2025-06-30T15:04:23.040,30.720,-0.565,0.246,0.845
1751285063050,2025-06-30T15:04:23.050,30.730,-0.563,0.255,0.834
1751285063060,2025-06-30T15:04:23.060,30.740,-0.554,0.261,0.831
1751285063070,2025-06-30T15:04:23.070,30.750,-0.536,0.264,0.838
1751285063080,2025-06-30T15:04:23.080,30.760,-0.524,0.259,0.840
1751285063090,2025-06-30T15:04:23.090,30.770,-0.481,0.264,0.856
1751285063100,2025-06-30T15:04:23.100,30.780,-0.442,0.271,0.876
1751285063110,2025-06-30T15:04:23.110,30.790,-0.437,0.272,0.869
1751285063120,2025-06-30T15:04:23.120,30.800,-0.416,0.282,0.879
1751285063130,2025-06-30T15:04:23.130,30.810,-0.345,0.285,0.894
1751285063140,2025-06-30T15:04:23.140,30.820,-0.279,0.285,0.916
1751285063150,2025-06-30T15:04:23.150,30.830,-0.219,0.283,0.934
1751285063160,2025-06-30T15:04:23.160,30.840,-0.175,0.289,0.946
1751285063170,2025-06-30T15:04:23.170,30.850,-0.148,0.302,0.940
1751285063180,2025-06-30T15:04:23.180,30.860,-0.138,0.321,0.942
1751285063190,2025-06-30T15:04:23.190,30.870,-0.126,0.328,0.955
1751285063200,2025-06-30T15:04:23.200,30.880,-0.083,0.321,0.971
1751285063210,2025-06-30T15:04:23.210,30.890,0.007,0.315,1.001
1751285063220,2025-06-30T15:04:23.220,30.900,0.117,0.290,1.029
1751285063230,2025-06-30T15:04:23.230,30.910,0.206,0.264,1.055
1751285063240,2025-06-30T15:04:23.240,30.920,0.268,0.253,1.076
1751285063250,2025-06-30T15:04:23.250,30.930,0.320,0.236,1.091
1751285063260,2025-06-30T15:04:23.260,30.940,0.333,0.222,1.101
1751285063270,2025-06-30T15:04:23.270,30.950,0.317,0.214,1.108
1751285063280,2025-06-30T15:04:23.280,30.960,0.310,0.195,1.132
1751285063290,2025-06-30T15:04:23.290,30.970,0.324,0.171,1.144
1751285063300,2025-06-30T15:04:23.300,30.980,0.342,0.148,1.131
1751285063310,2025-06-30T15:04:23.310,30.990,0.362,0.131,1.119
1751285063320,2025-06-30T15:04:23.320,31.000,0.362,0.123,1.121
1751285063330,2025-06-30T15:04:23.330,31.010,0.353,0.125,1.123
1751285063340,2025-06-30T15:04:23.340,31.020,0.353,0.126,1.145
1751285063350,2025-06-30T15:04:23.350,31.030,0.315,0.124,1.140
1751285063360,2025-06-30T15:04:23.360,31.040,0.250,0.115,1.119
1751285063370,2025-06-30T15:04:23.370,31.050,0.216,0.114,1.110
1751285063380,2025-06-30T15:04:23.380,31.060,0.207,0.116,1.104
1751285063390,2025-06-30T15:04:23.390,31.070,0.209,0.114,1.095
1751285063400,2025-06-30T15:04:23.400,31.080,0.205,0.108,1.080
1751285063410,2025-06-30T15:04:23.410,31.090,0.185,0.107,1.062
1751285063420,2025-06-30T15:04:23.420,31.100,0.161,0.108,1.054
1751285063430,2025-06-30T15:04:23.430,31.110,0.141,0.114,1.051
1751285063440,2025-06-30T15:04:23.440,31.120,0.129,0.116,1.038
1751285063450,2025-06-30T15:04:23.450,31.130,0.128,0.117,1.021
1751285063460,2025-06-30T15:04:23.460,31.140,0.105,0.120,1.012
1751285063470,2025-06-30T15:04:23.470,31.150,0.095,0.122,1.004
1751285063480,2025-06-30T15:04:23.480,31.160,0.100,0.128,1.002
1751285063490,2025-06-30T15:04:23.490,31.170,0.107,0.127,1.000
1751285063500,2025-06-30T15:04:23.500,31.180,0.109,0.122,0.995
1751285063510,2025-06-30T15:04:23.510,31.190,0.117,0.112,0.994
1751285063520,2025-06-30T15:04:23.520,31.200,0.123,0.107,0.998
1751285063530,2025-06-30T15:04:23.530,31.210,0.119,0.106,1.001
1751285063540,2025-06-30T15:04:23.540,31.220,0.140,0.107,1.003
1751285063550,2025-06-30T15:04:23.550,31.230,0.179,0.114,1.026
1751285063560,2025-06-30T15:04:23.560,31.240,0.216,0.119,1.074
1751285063570,2025-06-30T15:04:23.570,31.250,0.279,0.124,1.103
1751285063580,2025-06-30T15:04:23.580,31.260,0.332,0.133,1.139
1751285063590,2025-06-30T15:04:23.590,31.270,0.355,0.135,1.178
1751285063600,2025-06-30T15:04:23.600,31.280,0.353,0.142,1.177
1751285063610,2025-06-30T15:04:23.610,31.290,0.317,0.163,1.163
1751285063620,2025-06-30T15:04:23.620,31.300,0.243,0.191,1.141
1751285063630,2025-06-30T15:04:23.630,31.310,0.168,0.210,1.106
1751285063640,2025-06-30T15:04:23.640,31.320,0.177,0.225,1.101
1751285063650,2025-06-30T15:04:23.650,31.330,0.251,0.220,1.118
1751285063660,2025-06-30T15:04:23.660,31.340,0.264,0.214,1.115
1751285063670,2025-06-30T15:04:23.670,31.350,0.224,0.214,1.092
1751285063680,2025-06-30T15:04:23.680,31.360,0.191,0.222,1.060
1751285063690,2025-06-30T15:04:23.690,31.370,0.146,0.236,1.035
1751285063700,2025-06-30T15:04:23.700,31.380,0.090,0.251,0.995
1751285063710,2025-06-30T15:04:23.710,31.390,0.036,0.270,0.955
1751285063720,2025-06-30T15:04:23.720,31.400,-0.020,0.277,0.940
1751285063730,2025-06-30T15:04:23.730,31.410,-0.077,0.282,0.938
1751285063740,2025-06-30T15:04:23.740,31.420,-0.116,0.291,0.934
1751285063750,2025-06-30T15:04:23.750,31.430,-0.141,0.301,0.931
1751285063760,2025-06-30T15:04:23.760,31.440,-0.177,0.309,0.924
1751285063770,2025-06-30T15:04:23.770,31.450,-0.234,0.311,0.908
1751285063780,2025-06-30T15:04:23.780,31.460,-0.293,0.315,0.905
1751285063790,2025-06-30T15:04:23.790,31.470,-0.345,0.313,0.908
1751285063800,2025-06-30T15:04:23.800,31.480,-0.381,0.306,0.909
1751285063810,2025-06-30T15:04:23.810,31.490,-0.414,0.308,0.913
1751285063820,2025-06-30T15:04:23.820,31.500,-0.452,0.308,0.909
1751285063830,2025-06-30T15:04:23.830,31.510,-0.484,0.305,0.896
1751285063840,2025-06-30T15:04:23.840,31.520,-0.545,0.307,0.888
1751285063850,2025-06-30T15:04:23.850,31.530,-0.556,0.289,0.887
1751285063860,2025-06-30T15:04:23.860,31.540,-0.547,0.283,0.892
1751285063870,2025-06-30T15:04:23.870,31.550,-0.559,0.280,0.896
1751285063880,2025-06-30T15:04:23.880,31.560,-0.561,0.276,0.901
1751285063890,2025-06-30T15:04:23.890,31.570,-0.568,0.277,0.901
1751285063900,2025-06-30T15:04:23.900,31.580,-0.601,0.273,0.895
1751285063910,2025-06-30T15:04:23.910,31.590,-0.613,0.258,0.899
1751285063920,2025-06-30T15:04:23.920,31.600,-0.643,0.259,0.891
1751285063930,2025-06-30T15:04:23.930,31.610,-0.686,0.255,0.884
1751285063940,2025-06-30T15:04:23.940,31.620,-0.668,0.241,0.889
1751285063950,2025-06-30T15:04:23.950,31.630,-0.649,0.240,0.898
1751285063960,2025-06-30T15:04:23.960,31.640,-0.634,0.236,0.911
1751285063970,2025-06-30T15:04:23.970,31.650,-0.629,0.238,0.912
1751285063980,2025-06-30T15:04:23.980,31.660,-0.611,0.239,0.905
1751285063990,2025-06-30T15:04:23.990,31.670,-0.593,0.238,0.902
1751285064000,2025-06-30T15:04:24.000,31.680,-0.603,0.240,0.894
1751285064010,2025-06-30T15:04:24.010,31.690,-0.620,0.236,0.884
1751285064020,2025-06-30T15:04:24.020,31.700,-0.620,0.229,0.873
1751285064030,2025-06-30T15:04:24.030,31.710,-0.624,0.230,0.866
1751285064040,2025-06-30T15:04:24.040,31.720,-0.597,0.227,0.868
1751285064050,2025-06-30T15:04:24.050,31.730,-0.561,0.230,0.873
1751285064060,2025-06-30T15:04:24.060,31.740,-0.527,0.231,0.885
1751285064070,2025-06-30T15:04:24.070,31.750,-0.486,0.223,0.883
1751285064080,2025-06-30T15:04:24.080,31.760,-0.451,0.228,0.885
1751285064090,2025-06-30T15:04:24.090,31.770,-0.430,0.236,0.878
1751285064100,2025-06-30T15:04:24.100,31.780,-0.409,0.226,0.879
1751285064110,2025-06-30T15:04:24.110,31.790,-0.403,0.227,0.880
1751285064120,2025-06-30T15:04:24.120,31.800,-0.390,0.233,0.875
1751285064130,2025-06-30T15:04:24.130,31.810,-0.352,0.239,0.884
1751285064140,2025-06-30T15:04:24.140,31.820,-0.310,0.244,0.896
1751285064150,2025-06-30T15:04:24.150,31.830,-0.286,0.240,0.898
1751285064160,2025-06-30T15:04:24.160,31.840,-0.267,0.244,0.895
1751285064170,2025-06-30T15:04:24.170,31.850,-0.205,0.252,0.900
1751285064180,2025-06-30T15:04:24.180,31.860,-0.128,0.255,0.911
1751285064190,2025-06-30T15:04:24.190,31.870,-0.071,0.262,0.933
1751285064200,2025-06-30T15:04:24.200,31.880,-0.025,0.273,0.953
1751285064210,2025-06-30T15:04:24.210,31.890,-0.004,0.274,0.965
1751285064220,2025-06-30T15:04:24.220,31.900,0.008,0.282,0.967
1751285064230,2025-06-30T15:04:24.230,31.910,0.015,0.294,0.966
1751285064240,2025-06-30T15:04:24.240,31.920,0.017,0.308,0.960
1751285064250,2025-06-30T15:04:24.250,31.930,0.096,0.311,0.995
1751285064260,2025-06-30T15:04:24.260,31.940,0.224,0.303,1.066
1751285064270,2025-06-30T15:04:24.270,31.950,0.307,0.283,1.133
1751285064280,2025-06-30T15:04:24.280,31.960,0.405,0.250,1.179
1751285064290,2025-06-30T15:04:24.290,31.970,0.447,0.220,1.173
1751285064300,2025-06-30T15:04:24.300,31.980,0.320,0.203,1.141
1751285064310,2025-06-30T15:04:24.310,31.990,0.183,0.198,1.141
1751285064320,2025-06-30T15:04:24.320,32.000,0.122,0.204,1.166
1751285064330,2025-06-30T15:04:24.330,32.010,0.120,0.198,1.168
1751285064340,2025-06-30T15:04:24.340,32.020,0.194,0.183,1.168
1751285064350,2025-06-30T15:04:24.350,32.030,0.280,0.171,1.174
1751285064360,2025-06-30T15:04:24.360,32.040,0.279,0.162,1.159
1751285064370,2025-06-30T15:04:24.370,32.050,0.255,0.151,1.135
1751285064380,2025-06-30T15:04:24.380,32.060,0.223,0.152,1.111
1751285064390,2025-06-30T15:04:24.390,32.070,0.190,0.150,1.092
1751285064400,2025-06-30T15:04:24.400,32.080,0.174,0.146,1.078
1751285064410,2025-06-30T15:04:24.410,32.090,0.176,0.134,1.080
1751285064420,2025-06-30T15:04:24.420,32.100,0.182,0.126,1.082
1751285064430,2025-06-30T15:04:24.430,32.110,0.175,0.128,1.085
1751285064440,2025-06-30T15:04:24.440,32.120,0.160,0.133,1.076
1751285064450,2025-06-30T15:04:24.450,32.130,0.155,0.138,1.064
1751285064460,2025-06-30T15:04:24.460,32.140,0.156,0.139,1.054
1751285064470,2025-06-30T15:04:24.470,32.150,0.162,0.133,1.043
1751285064480,2025-06-30T15:04:24.480,32.160,0.173,0.125,1.042
1751285064490,2025-06-30T15:04:24.490,32.170,0.187,0.118,1.038
1751285064500,2025-06-30T15:04:24.500,32.180,0.183,0.118,1.026
1751285064510,2025-06-30T15:04:24.510,32.190,0.184,0.115,1.022
1751285064520,2025-06-30T15:04:24.520,32.200,0.214,0.115,1.027
1751285064530,2025-06-30T15:04:24.530,32.210,0.245,0.124,1.035
1751285064540,2025-06-30T15:04:24.540,32.220,0.263,0.134,1.038
1751285064550,2025-06-30T15:04:24.550,32.230,0.249,0.137,1.038
1751285064560,2025-06-30T15:04:24.560,32.240,0.229,0.133,1.038
1751285064570,2025-06-30T15:04:24.570,32.250,0.233,0.127,1.046
1751285064580,2025-06-30T15:04:24.580,32.260,0.251,0.132,1.047
1751285064590,2025-06-30T15:04:24.590,32.270,0.261,0.147,1.032
1751285064600,2025-06-30T15:04:24.600,32.280,0.264,0.156,1.017
1751285064610,2025-06-30T15:04:24.610,32.290,0.280,0.154,1.013
1751285064620,2025-06-30T15:04:24.620,32.300,0.273,0.159,1.002
1751285064630,2025-06-30T15:04:24.630,32.310,0.242,0.156,1.000
1751285064640,2025-06-30T15:04:24.640,32.320,0.215,0.161,0.993
1751285064650,2025-06-30T15:04:24.650,32.330,0.202,0.174,0.998
1751285064660,2025-06-30T15:04:24.660,32.340,0.193,0.197,1.019
1751285064670,2025-06-30T15:04:24.670,32.350,0.192,0.210,1.030
1751285064680,2025-06-30T15:04:24.680,32.360,0.174,0.228,1.032
1751285064690,2025-06-30T15:04:24.690,32.370,0.147,0.244,1.037
1751285064700,2025-06-30T15:04:24.700,32.380,0.133,0.264,1.040
1751285064710,2025-06-30T15:04:24.710,32.390,0.119,0.282,1.041
1751285064720,2025-06-30T15:04:24.720,32.400,0.093,0.301,1.039
1751285064730,2025-06-30T15:04:24.730,32.410,0.029,0.324,1.029
1751285064740,2025-06-30T15:04:24.740,32.420,-0.050,0.344,1.020
1751285064750,2025-06-30T15:04:24.750,32.430,-0.124,0.363,1.016
1751285064760,2025-06-30T15:04:24.760,32.440,-0.167,0.379,1.001
1751285064770,2025-06-30T15:04:24.770,32.450,-0.195,0.386,0.993
1751285064780,2025-06-30T15:04:24.780,32.460,-0.224,0.396,1.000
1751285064790,2025-06-30T15:04:24.790,32.470,-0.252,0.400,0.993
1751285064800,2025-06-30T15:04:24.800,32.480,-0.312,0.394,0.971
1751285064810,2025-06-30T15:04:24.810,32.490,-0.379,0.381,0.962
1751285064820,2025-06-30T15:04:24.820,32.500,-0.445,0.372,0.955
1751285064830,2025-06-30T15:04:24.830,32.510,-0.520,0.356,0.951
1751285064840,2025-06-30T15:04:24.840,32.520,-0.564,0.328,0.947
1751285064850,2025-06-30T15:04:24.850,32.530,-0.572,0.302,0.945
1751285064860,2025-06-30T15:04:24.860,32.540,-0.572,0.291,0.932
1751285064870,2025-06-30T15:04:24.870,32.550,-0.602,0.287,0.913
1751285064880,2025-06-30T15:04:24.880,32.560,-0.628,0.269,0.898
1751285064890,2025-06-30T15:04:24.890,32.570,-0.623,0.254,0.892
1751285064900,2025-06-30T15:04:24.900,32.580,-0.613,0.258,0.892
1751285064910,2025-06-30T15:04:24.910,32.590,-0.625,0.270,0.890
1751285064920,2025-06-30T15:04:24.920,32.600,-0.632,0.277,0.883
1751285064930,2025-06-30T15:04:24.930,32.610,-0.639,0.285,0.882
1751285064940,2025-06-30T15:04:24.940,32.620,-0.649,0.284,0.871
1751285064950,2025-06-30T15:04:24.950,32.630,-0.653,0.278,0.873
1751285064960,2025-06-30T15:04:24.960,32.640,-0.658,0.277,0.869
1751285064970,2025-06-30T15:04:24.970,32.650,-0.657,0.273,0.871
1751285064980,2025-06-30T15:04:24.980,32.660,-0.625,0.264,0.884
1751285064990,2025-06-30T15:04:24.990,32.670,-0.600,0.264,0.887
1751285065000,2025-06-30T15:04:25.000,32.680,-0.585,0.268,0.879
1751285065010,2025-06-30T15:04:25.010,32.690,-0.595,0.275,0.867
1751285065020,2025-06-30T15:04:25.020,32.700,-0.579,0.273,0.866
1751285065030,2025-06-30T15:04:25.030,32.710,-0.545,0.272,0.871
1751285065040,2025-06-30T15:04:25.040,32.720,-0.529,0.275,0.870
1751285065050,2025-06-30T15:04:25.050,32.730,-0.528,0.271,0.871
1751285065060,2025-06-30T15:04:25.060,32.740,-0.509,0.265,0.867
1751285065070,2025-06-30T15:04:25.070,32.750,-0.507,0.262,0.870
1751285065080,2025-06-30T15:04:25.080,32.760,-0.488,0.255,0.886
1751285065090,2025-06-30T15:04:25.090,32.770,-0.471,0.255,0.896
1751285065100,2025-06-30T15:04:25.100,32.780,-0.457,0.257,0.907
1751285065110,2025-06-30T15:04:25.110,32.790,-0.420,0.254,0.918
1751285065120,2025-06-30T15:04:25.120,32.800,-0.379,0.260,0.917
1751285065130,2025-06-30T15:04:25.130,32.810,-0.348,0.265,0.919
1751285065140,2025-06-30T15:04:25.140,32.820,-0.315,0.263,0.924
1751285065150,2025-06-30T15:04:25.150,32.830,-0.286,0.267,0.936
1751285065160,2025-06-30T15:04:25.160,32.840,-0.264,0.265,0.939
1751285065170,2025-06-30T15:04:25.170,32.850,-0.234,0.267,0.950
1751285065180,2025-06-30T15:04:25.180,32.860,-0.204,0.274,0.958
1751285065190,2025-06-30T15:04:25.190,32.870,-0.180,0.284,0.964
1751285065200,2025-06-30T15:04:25.200,32.880,-0.150,0.289,0.959
1751285065210,2025-06-30T15:04:25.210,32.890,-0.098,0.296,0.967
1751285065220,2025-06-30T15:04:25.220,32.900,-0.049,0.303,0.967
1751285065230,2025-06-30T15:04:25.230,32.910,-0.000,0.306,0.967
1751285065240,2025-06-30T15:04:25.240,32.920,0.042,0.305,0.967
1751285065250,2025-06-30T15:04:25.250,32.930,0.111,0.304,0.971
1751285065260,2025-06-30T15:04:25.260,32.940,0.217,0.293,0.997
1751285065270,2025-06-30T15:04:25.270,32.950,0.337,0.276,1.052
1751285065280,2025-06-30T15:04:25.280,32.960,0.428,0.250,1.107
1751285065290,2025-06-30T15:04:25.290,32.970,0.474,0.204,1.121
1751285065300,2025-06-30T15:04:25.300,32.980,0.433,0.169,1.080
1751285065310,2025-06-30T15:04:25.310,32.990,0.304,0.173,1.053
1751285065320,2025-06-30T15:04:25.320,33.000,0.177,0.186,1.063
1751285065330,2025-06-30T15:04:25.330,33.010,0.119,0.186,1.083
1751285065340,2025-06-30T15:04:25.340,33.020,0.123,0.169,1.099
1751285065350,2025-06-30T15:04:25.350,33.030,0.191,0.147,1.099
1751285065360,2025-06-30T15:04:25.360,33.040,0.259,0.128,1.112
1751285065370,2025-06-30T15:04:25.370,33.050,0.271,0.114,1.119
1751285065380,2025-06-30T15:04:25.380,33.060,0.256,0.115,1.125
1751285065390,2025-06-30T15:04:25.390,33.070,0.246,0.123,1.122
1751285065400,2025-06-30T15:04:25.400,33.080,0.215,0.131,1.104
1751285065410,2025-06-30T15:04:25.410,33.090,0.164,0.136,1.088
1751285065420,2025-06-30T15:04:25.420,33.100,0.106,0.143,1.084
1751285065430,2025-06-30T15:04:25.430,33.110,0.063,0.143,1.078
1751285065440,2025-06-30T15:04:25.440,33.120,0.055,0.142,1.070
1751285065450,2025-06-30T15:04:25.450,33.130,0.074,0.144,1.066
1751285065460,2025-06-30T15:04:25.460,33.140,0.104,0.146,1.066
1751285065470,2025-06-30T15:04:25.470,33.150,0.113,0.155,1.062
1751285065480,2025-06-30T15:04:25.480,33.160,0.118,0.167,1.051
1751285065490,2025-06-30T15:04:25.490,33.170,0.129,0.165,1.040
1751285065500,2025-06-30T15:04:25.500,33.180,0.134,0.158,1.036
1751285065510,2025-06-30T15:04:25.510,33.190,0.136,0.152,1.029
1751285065520,2025-06-30T15:04:25.520,33.200,0.126,0.142,1.023
1751285065530,2025-06-30T15:04:25.530,33.210,0.123,0.127,1.021
1751285065540,2025-06-30T15:04:25.540,33.220,0.159,0.123,1.030
1751285065550,2025-06-30T15:04:25.550,33.230,0.214,0.128,1.033
1751285065560,2025-06-30T15:04:25.560,33.240,0.256,0.138,1.037
1751285065570,2025-06-30T15:04:25.570,33.250,0.286,0.138,1.037
1751285065580,2025-06-30T15:04:25.580,33.260,0.308,0.138,1.051
1751285065590,2025-06-30T15:04:25.590,33.270,0.321,0.133,1.058
1751285065600,2025-06-30T15:04:25.600,33.280,0.331,0.125,1.063
1751285065610,2025-06-30T15:04:25.610,33.290,0.300,0.125,1.063
1751285065620,2025-06-30T15:04:25.620,33.300,0.245,0.131,1.042
1751285065630,2025-06-30T15:04:25.630,33.310,0.226,0.144,1.031
1751285065640,2025-06-30T15:04:25.640,33.320,0.238,0.153,1.042
1751285065650,2025-06-30T15:04:25.650,33.330,0.231,0.163,1.045
1751285065660,2025-06-30T15:04:25.660,33.340,0.223,0.176,1.045
1751285065670,2025-06-30T15:04:25.670,33.350,0.212,0.193,1.044
1751285065680,2025-06-30T15:04:25.680,33.360,0.183,0.211,1.033
1751285065690,2025-06-30T15:04:25.690,33.370,0.147,0.227,1.027
1751285065700,2025-06-30T15:04:25.700,33.380,0.109,0.248,1.023
1751285065710,2025-06-30T15:04:25.710,33.390,0.075,0.276,1.023
1751285065720,2025-06-30T15:04:25.720,33.400,0.045,0.302,1.027
1751285065730,2025-06-30T15:04:25.730,33.410,0.015,0.321,1.028
1751285065740,2025-06-30T15:04:25.740,33.420,-0.016,0.339,1.032
1751285065750,2025-06-30T15:04:25.750,33.430,-0.034,0.369,1.041
1751285065760,2025-06-30T15:04:25.760,33.440,-0.059,0.391,1.041
1751285065770,2025-06-30T15:04:25.770,33.450,-0.106,0.410,1.035
1751285065780,2025-06-30T15:04:25.780,33.460,-0.174,0.428,1.011
1751285065790,2025-06-30T15:04:25.790,33.470,-0.239,0.443,0.991
1751285065800,2025-06-30T15:04:25.800,33.480,-0.295,0.451,0.980
1751285065810,2025-06-30T15:04:25.810,33.490,-0.360,0.446,0.956
1751285065820,2025-06-30T15:04:25.820,33.500,-0.441,0.428,0.940
1751285065830,2025-06-30T15:04:25.830,33.510,-0.485,0.403,0.931
1751285065840,2025-06-30T15:04:25.840,33.520,-0.511,0.380,0.938
1751285065850,2025-06-30T15:04:25.850,33.530,-0.547,0.351,0.940
1751285065860,2025-06-30T15:04:25.860,33.540,-0.560,0.320,0.944
1751285065870,2025-06-30T15:04:25.870,33.550,-0.582,0.296,0.928
1751285065880,2025-06-30T15:04:25.880,33.560,-0.633,0.270,0.896
1751285065890,2025-06-30T15:04:25.890,33.570,-0.646,0.240,0.872
1751285065900,2025-06-30T15:04:25.900,33.580,-0.657,0.232,0.849
1751285065910,2025-06-30T15:04:25.910,33.590,-0.659,0.236,0.839
1751285065920,2025-06-30T15:04:25.920,33.600,-0.639,0.249,0.835
1751285065930,2025-06-30T15:04:25.930,33.610,-0.633,0.261,0.836
1751285065940,2025-06-30T15:04:25.940,33.620,-0.627,0.268,0.825
1751285065950,2025-06-30T15:04:25.950,33.630,-0.632,0.278,0.815
1751285065960,2025-06-30T15:04:25.960,33.640,-0.642,0.277,0.807
1751285065970,2025-06-30T15:04:25.970,33.650,-0.621,0.270,0.812
1751285065980,2025-06-30T15:04:25.980,33.660,-0.579,0.271,0.829
1751285065990,2025-06-30T15:04:25.990,33.670,-0.569,0.273,0.844
1751285066000,2025-06-30T15:04:26.000,33.680,-0.603,0.271,0.842
1751285066010,2025-06-30T15:04:26.010,33.690,-0.658,0.264,0.833
1751285066020,2025-06-30T15:04:26.020,33.700,-0.641,0.251,0.839
1751285066030,2025-06-30T15:04:26.030,33.710,-0.610,0.263,0.852
1751285066040,2025-06-30T15:04:26.040,33.720,-0.617,0.270,0.860
1751285066050,2025-06-30T15:04:26.050,33.730,-0.607,0.269,0.867
1751285066060,2025-06-30T15:04:26.060,33.740,-0.605,0.273,0.869
1751285066070,2025-06-30T15:04:26.070,33.750,-0.621,0.278,0.869
1751285066080,2025-06-30T15:04:26.080,33.760,-0.604,0.275,0.886
1751285066090,2025-06-30T15:04:26.090,33.770,-0.589,0.284,0.909
1751285066100,2025-06-30T15:04:26.100,33.780,-0.599,0.291,0.919
1751285066110,2025-06-30T15:04:26.110,33.790,-0.583,0.286,0.931
1751285066120,2025-06-30T15:04:26.120,33.800,-0.551,0.288,0.948
1751285066130,2025-06-30T15:04:26.130,33.810,-0.520,0.296,0.954
1751285066140,2025-06-30T15:04:26.140,33.820,-0.498,0.309,0.948
1751285066150,2025-06-30T15:04:26.150,33.830,-0.473,0.308,0.946
1751285066160,2025-06-30T15:04:26.160,33.840,-0.453,0.307,0.936
1751285066170,2025-06-30T15:04:26.170,33.850,-0.414,0.307,0.937
1751285066180,2025-06-30T15:04:26.180,33.860,-0.353,0.309,0.945
1751285066190,2025-06-30T15:04:26.190,33.870,-0.304,0.311,0.943
1751285066200,2025-06-30T15:04:26.200,33.880,-0.269,0.309,0.943
1751285066210,2025-06-30T15:04:26.210,33.890,-0.248,0.308,0.941
1751285066220,2025-06-30T15:04:26.220,33.900,-0.241,0.310,0.943
1751285066230,2025-06-30T15:04:26.230,33.910,-0.215,0.302,0.944
1751285066240,2025-06-30T15:04:26.240,33.920,-0.179,0.307,0.949
1751285066250,2025-06-30T15:04:26.250,33.930,-0.147,0.319,0.955
1751285066260,2025-06-30T15:04:26.260,33.940,-0.095,0.317,0.956
1751285066270,2025-06-30T15:04:26.270,33.950,-0.043,0.313,0.963
1751285066280,2025-06-30T15:04:26.280,33.960,0.027,0.311,0.971
1751285066290,2025-06-30T15:04:26.290,33.970,0.096,0.302,0.989
1751285066300,2025-06-30T15:04:26.300,33.980,0.148,0.292,0.994
1751285066310,2025-06-30T15:04:26.310,33.990,0.223,0.272,1.007
1751285066320,2025-06-30T15:04:26.320,34.000,0.310,0.252,1.047
1751285066330,2025-06-30T15:04:26.330,34.010,0.384,0.227,1.069
1751285066340,2025-06-30T15:04:26.340,34.020,0.405,0.201,1.064
1751285066350,2025-06-30T15:04:26.350,34.030,0.340,0.182,1.053
1751285066360,2025-06-30T15:04:26.360,34.040,0.293,0.170,1.058
1751285066370,2025-06-30T15:04:26.370,34.050,0.284,0.154,1.073
1751285066380,2025-06-30T15:04:26.380,34.060,0.258,0.137,1.088
1751285066390,2025-06-30T15:04:26.390,34.070,0.204,0.128,1.091
1751285066400,2025-06-30T15:04:26.400,34.080,0.177,0.107,1.078
1751285066410,2025-06-30T15:04:26.410,34.090,0.206,0.089,1.077
1751285066420,2025-06-30T15:04:26.420,34.100,0.244,0.084,1.069
1751285066430,2025-06-30T15:04:26.430,34.110,0.261,0.085,1.065
1751285066440,2025-06-30T15:04:26.440,34.120,0.248,0.090,1.059
1751285066450,2025-06-30T15:04:26.450,34.130,0.221,0.092,1.051
1751285066460,2025-06-30T15:04:26.460,34.140,0.193,0.093,1.038
1751285066470,2025-06-30T15:04:26.470,34.150,0.171,0.094,1.028
1751285066480,2025-06-30T15:04:26.480,34.160,0.152,0.095,1.024
1751285066490,2025-06-30T15:04:26.490,34.170,0.142,0.099,1.019
1751285066500,2025-06-30T15:04:26.500,34.180,0.150,0.103,1.017
1751285066510,2025-06-30T15:04:26.510,34.190,0.166,0.107,1.021
1751285066520,2025-06-30T15:04:26.520,34.200,0.175,0.103,1.023
1751285066530,2025-06-30T15:04:26.530,34.210,0.183,0.098,1.020
1751285066540,2025-06-30T15:04:26.540,34.220,0.183,0.098,1.022
1751285066550,2025-06-30T15:04:26.550,34.230,0.176,0.101,1.022
1751285066560,2025-06-30T15:04:26.560,34.240,0.175,0.096,1.020
1751285066570,2025-06-30T15:04:26.570,34.250,0.195,0.097,1.031
1751285066580,2025-06-30T15:04:26.580,34.260,0.212,0.103,1.036
1751285066590,2025-06-30T15:04:26.590,34.270,0.214,0.103,1.038
1751285066600,2025-06-30T15:04:26.600,34.280,0.203,0.101,1.051
1751285066610,2025-06-30T15:04:26.610,34.290,0.193,0.096,1.061
1751285066620,2025-06-30T15:04:26.620,34.300,0.208,0.097,1.062
1751285066630,2025-06-30T15:04:26.630,34.310,0.227,0.111,1.067
1751285066640,2025-06-30T15:04:26.640,34.320,0.234,0.128,1.064
1751285066650,2025-06-30T15:04:26.650,34.330,0.240,0.138,1.062
1751285066660,2025-06-30T15:04:26.660,34.340,0.230,0.143,1.068
1751285066670,2025-06-30T15:04:26.670,34.350,0.198,0.149,1.067
1751285066680,2025-06-30T15:04:26.680,34.360,0.168,0.157,1.058
1751285066690,2025-06-30T15:04:26.690,34.370,0.155,0.173,1.061
1751285066700,2025-06-30T15:04:26.700,34.380,0.150,0.184,1.065
1751285066710,2025-06-30T15:04:26.710,34.390,0.126,0.190,1.067
1751285066720,2025-06-30T15:04:26.720,34.400,0.108,0.201,1.068
1751285066730,2025-06-30T15:04:26.730,34.410,0.087,0.211,1.063
1751285066740,2025-06-30T15:04:26.740,34.420,0.070,0.226,1.055
1751285066750,2025-06-30T15:04:26.750,34.430,0.047,0.249,1.038
1751285066760,2025-06-30T15:04:26.760,34.440,0.028,0.271,1.024
1751285066770,2025-06-30T15:04:26.770,34.450,0.015,0.300,1.027
1751285066780,2025-06-30T15:04:26.780,34.460,-0.017,0.321,1.020
1751285066790,2025-06-30T15:04:26.790,34.470,-0.044,0.344,1.007
1751285066800,2025-06-30T15:04:26.800,34.480,-0.077,0.368,0.986
1751285066810,2025-06-30T15:04:26.810,34.490,-0.120,0.375,0.973
1751285066820,2025-06-30T15:04:26.820,34.500,-0.162,0.384,0.978
1751285066830,2025-06-30T15:04:26.830,34.510,-0.203,0.390,0.966
1751285066840,2025-06-30T15:04:26.840,34.520,-0.250,0.391,0.954
1751285066850,2025-06-30T15:04:26.850,34.530,-0.275,0.384,0.963
1751285066860,2025-06-30T15:04:26.860,34.540,-0.287,0.377,0.966
1751285066870,2025-06-30T15:04:26.870,34.550,-0.331,0.372,0.950
1751285066880,2025-06-30T15:04:26.880,34.560,-0.374,0.365,0.937
1751285066890,2025-06-30T15:04:26.890,34.570,-0.395,0.343,0.938
1751285066900,2025-06-30T15:04:26.900,34.580,-0.420,0.322,0.946
1751285066910,2025-06-30T15:04:26.910,34.590,-0.470,0.303,0.938
1751285066920,2025-06-30T15:04:26.920,34.600,-0.513,0.282,0.930
1751285066930,2025-06-30T15:04:26.930,34.610,-0.534,0.256,0.915
1751285066940,2025-06-30T15:04:26.940,34.620,-0.572,0.244,0.897
1751285066950,2025-06-30T15:04:26.950,34.630,-0.602,0.236,0.892
1751285066960,2025-06-30T15:04:26.960,34.640,-0.590,0.234,0.898
1751285066970,2025-06-30T15:04:26.970,34.650,-0.573,0.246,0.917
1751285066980,2025-06-30T15:04:26.980,34.660,-0.560,0.255,0.926
1751285066990,2025-06-30T15:04:26.990,34.670,-0.538,0.261,0.922
1751285067000,2025-06-30T15:04:27.000,34.680,-0.546,0.278,0.914
1751285067010,2025-06-30T15:04:27.010,34.690,-0.576,0.293,0.912
1751285067020,2025-06-30T15:04:27.020,34.700,-0.590,0.304,0.908
1751285067030,2025-06-30T15:04:27.030,34.710,-0.577,0.306,0.905
1751285067040,2025-06-30T15:04:27.040,34.720,-0.556,0.299,0.914
1751285067050,2025-06-30T15:04:27.050,34.730,-0.547,0.295,0.926
1751285067060,2025-06-30T15:04:27.060,34.740,-0.547,0.298,0.928
1751285067070,2025-06-30T15:04:27.070,34.750,-0.539,0.296,0.931
1751285067080,2025-06-30T15:04:27.080,34.760,-0.538,0.294,0.931
1751285067090,2025-06-30T15:04:27.090,34.770,-0.539,0.287,0.931
1751285067100,2025-06-30T15:04:27.100,34.780,-0.513,0.282,0.934
1751285067110,2025-06-30T15:04:27.110,34.790,-0.506,0.283,0.936
1751285067120,2025-06-30T15:04:27.120,34.800,-0.516,0.276,0.933
1751285067130,2025-06-30T15:04:27.130,34.810,-0.510,0.272,0.929
1751285067140,2025-06-30T15:04:27.140,34.820,-0.495,0.275,0.931
1751285067150,2025-06-30T15:04:27.150,34.830,-0.476,0.276,0.935
1751285067160,2025-06-30T15:04:27.160,34.840,-0.451,0.278,0.938
1751285067170,2025-06-30T15:04:27.170,34.850,-0.439,0.279,0.942
1751285067180,2025-06-30T15:04:27.180,34.860,-0.418,0.278,0.940
1751285067190,2025-06-30T15:04:27.190,34.870,-0.382,0.279,0.932
1751285067200,2025-06-30T15:04:27.200,34.880,-0.354,0.276,0.932
1751285067210,2025-06-30T15:04:27.210,34.890,-0.352,0.278,0.922
1751285067220,2025-06-30T15:04:27.220,34.900,-0.335,0.280,0.910
1751285067230,2025-06-30T15:04:27.230,34.910,-0.296,0.275,0.913
1751285067240,2025-06-30T15:04:27.240,34.920,-0.249,0.280,0.925
1751285067250,2025-06-30T15:04:27.250,34.930,-0.196,0.284,0.937
1751285067260,2025-06-30T15:04:27.260,34.940,-0.152,0.289,0.942
1751285067270,2025-06-30T15:04:27.270,34.950,-0.113,0.292,0.939
1751285067280,2025-06-30T15:04:27.280,34.960,-0.081,0.297,0.930
1751285067290,2025-06-30T15:04:27.290,34.970,-0.055,0.304,0.929
1751285067300,2025-06-30T15:04:27.300,34.980,-0.009,0.310,0.948
1751285067310,2025-06-30T15:04:27.310,34.990,0.051,0.323,0.974
1751285067320,2025-06-30T15:04:27.320,35.000,0.115,0.333,0.994
1751285067330,2025-06-30T15:04:27.330,35.010,0.233,0.326,1.023
1751285067340,2025-06-30T15:04:27.340,35.020,0.364,0.308,1.080
1751285067350,2025-06-30T15:04:27.350,35.030,0.484,0.277,1.129
1751285067360,2025-06-30T15:04:27.360,35.040,0.494,0.230,1.107
1751285067370,2025-06-30T15:04:27.370,35.050,0.313,0.209,1.056
1751285067380,2025-06-30T15:04:27.380,35.060,0.168,0.196,1.034
1751285067390,2025-06-30T15:04:27.390,35.070,0.172,0.191,1.069
1751285067400,2025-06-30T15:04:27.400,35.080,0.199,0.200,1.108
1751285067410,2025-06-30T15:04:27.410,35.090,0.210,0.195,1.099
1751285067420,2025-06-30T15:04:27.420,35.100,0.271,0.172,1.103
1751285067430,2025-06-30T15:04:27.430,35.110,0.324,0.158,1.112
1751285067440,2025-06-30T15:04:27.440,35.120,0.319,0.137,1.105
1751285067450,2025-06-30T15:04:27.450,35.130,0.300,0.127,1.096
1751285067460,2025-06-30T15:04:27.460,35.140,0.287,0.136,1.091
1751285067470,2025-06-30T15:04:27.470,35.150,0.250,0.136,1.081
1751285067480,2025-06-30T15:04:27.480,35.160,0.219,0.132,1.077
1751285067490,2025-06-30T15:04:27.490,35.170,0.193,0.130,1.078
1751285067500,2025-06-30T15:04:27.500,35.180,0.177,0.123,1.081
1751285067510,2025-06-30T15:04:27.510,35.190,0.190,0.125,1.085
1751285067520,2025-06-30T15:04:27.520,35.200,0.206,0.136,1.093
1751285067530,2025-06-30T15:04:27.530,35.210,0.231,0.135,1.093
1751285067540,2025-06-30T15:04:27.540,35.220,0.271,0.125,1.088
1751285067550,2025-06-30T15:04:27.550,35.230,0.278,0.126,1.081
1751285067560,2025-06-30T15:04:27.560,35.240,0.243,0.130,1.068
1751285067570,2025-06-30T15:04:27.570,35.250,0.210,0.132,1.059
1751285067580,2025-06-30T15:04:27.580,35.260,0.197,0.131,1.053
1751285067590,2025-06-30T15:04:27.590,35.270,0.208,0.134,1.053
1751285067600,2025-06-30T15:04:27.600,35.280,0.219,0.133,1.054
1751285067610,2025-06-30T15:04:27.610,35.290,0.219,0.136,1.056
1751285067620,2025-06-30T15:04:27.620,35.300,0.218,0.142,1.048
1751285067630,2025-06-30T15:04:27.630,35.310,0.230,0.153,1.044
1751285067640,2025-06-30T15:04:27.640,35.320,0.218,0.164,1.044
1751285067650,2025-06-30T15:04:27.650,35.330,0.197,0.169,1.034
1751285067660,2025-06-30T15:04:27.660,35.340,0.188,0.172,1.030
1751285067670,2025-06-30T15:04:27.670,35.350,0.169,0.183,1.025
1751285067680,2025-06-30T15:04:27.680,35.360,0.155,0.197,1.022
1751285067690,2025-06-30T15:04:27.690,35.370,0.161,0.208,1.021
1751285067700,2025-06-30T15:04:27.700,35.380,0.157,0.225,1.021
1751285067710,2025-06-30T15:04:27.710,35.390,0.147,0.241,1.019
1751285067720,2025-06-30T15:04:27.720,35.400,0.134,0.260,1.022
1751285067730,2025-06-30T15:04:27.730,35.410,0.104,0.273,1.027
1751285067740,2025-06-30T15:04:27.740,35.420,0.075,0.276,1.023
1751285067750,2025-06-30T15:04:27.750,35.430,0.058,0.282,1.026
1751285067760,2025-06-30T15:04:27.760,35.440,0.029,0.294,1.032
1751285067770,2025-06-30T15:04:27.770,35.450,0.000,0.308,1.034
1751285067780,2025-06-30T15:04:27.780,35.460,-0.032,0.315,1.035
1751285067790,2025-06-30T15:04:27.790,35.470,-0.084,0.330,1.034
1751285067800,2025-06-30T15:04:27.800,35.480,-0.127,0.345,1.025
1751285067810,2025-06-30T15:04:27.810,35.490,-0.152,0.349,1.027
1751285067820,2025-06-30T15:04:27.820,35.500,-0.163,0.344,1.032
1751285067830,2025-06-30T15:04:27.830,35.510,-0.185,0.348,1.022
1751285067840,2025-06-30T15:04:27.840,35.520,-0.215,0.365,1.001
1751285067850,2025-06-30T15:04:27.850,35.530,-0.266,0.362,0.975
1751285067860,2025-06-30T15:04:27.860,35.540,-0.327,0.351,0.962
1751285067870,2025-06-30T15:04:27.870,35.550,-0.386,0.332,0.969
1751285067880,2025-06-30T15:04:27.880,35.560,-0.436,0.310,0.964
1751285067890,2025-06-30T15:04:27.890,35.570,-0.445,0.281,0.965
1751285067900,2025-06-30T15:04:27.900,35.580,-0.435,0.259,0.971
1751285067910,2025-06-30T15:04:27.910,35.590,-0.461,0.242,0.958
1751285067920,2025-06-30T15:04:27.920,35.600,-0.486,0.231,0.931
1751285067930,2025-06-30T15:04:27.930,35.610,-0.510,0.224,0.908
1751285067940,2025-06-30T15:04:27.940,35.620,-0.524,0.226,0.891
1751285067950,2025-06-30T15:04:27.950,35.630,-0.533,0.233,0.877
1751285067960,2025-06-30T15:04:27.960,35.640,-0.565,0.240,0.865
1751285067970,2025-06-30T15:04:27.970,35.650,-0.581,0.235,0.857
1751285067980,2025-06-30T15:04:27.980,35.660,-0.567,0.234,0.856
1751285067990,2025-06-30T15:04:27.990,35.670,-0.541,0.239,0.863
1751285068000,2025-06-30T15:04:28.000,35.680,-0.526,0.239,0.861
1751285068010,2025-06-30T15:04:28.010,35.690,-0.529,0.229,0.861
1751285068020,2025-06-30T15:04:28.020,35.700,-0.521,0.228,0.861
1751285068030,2025-06-30T15:04:28.030,35.710,-0.519,0.231,0.857
1751285068040,2025-06-30T15:04:28.040,35.720,-0.507,0.231,0.863
1751285068050,2025-06-30T15:04:28.050,35.730,-0.480,0.238,0.871
1751285068060,2025-06-30T15:04:28.060,35.740,-0.477,0.245,0.879
1751285068070,2025-06-30T15:04:28.070,35.750,-0.487,0.248,0.880
1751285068080,2025-06-30T15:04:28.080,35.760,-0.486,0.250,0.877
1751285068090,2025-06-30T15:04:28.090,35.770,-0.497,0.253,0.882
1751285068100,2025-06-30T15:04:28.100,35.780,-0.491,0.250,0.884
1751285068110,2025-06-30T15:04:28.110,35.790,-0.479,0.249,0.899
1751285068120,2025-06-30T15:04:28.120,35.800,-0.461,0.245,0.918
1751285068130,2025-06-30T15:04:28.130,35.810,-0.446,0.244,0.935
1751285068140,2025-06-30T15:04:28.140,35.820,-0.441,0.244,0.949
1751285068150,2025-06-30T15:04:28.150,35.830,-0.434,0.240,0.959
1751285068160,2025-06-30T15:04:28.160,35.840,-0.419,0.241,0.966
1751285068170,2025-06-30T15:04:28.170,35.850,-0.395,0.238,0.966
1751285068180,2025-06-30T15:04:28.180,35.860,-0.362,0.243,0.967
1751285068190,2025-06-30T15:04:28.190,35.870,-0.334,0.249,0.972
1751285068200,2025-06-30T15:04:28.200,35.880,-0.309,0.255,0.976
1751285068210,2025-06-30T15:04:28.210,35.890,-0.288,0.262,0.968
1751285068220,2025-06-30T15:04:28.220,35.900,-0.260,0.267,0.970
1751285068230,2025-06-30T15:04:28.230,35.910,-0.218,0.268,0.976
1751285068240,2025-06-30T15:04:28.240,35.920,-0.168,0.270,0.988
1751285068250,2025-06-30T15:04:28.250,35.930,-0.143,0.268,0.996
1751285068260,2025-06-30T15:04:28.260,35.940,-0.120,0.262,0.990
1751285068270,2025-06-30T15:04:28.270,35.950,-0.101,0.258,0.991
1751285068280,2025-06-30T15:04:28.280,35.960,-0.097,0.256,0.985
1751285068290,2025-06-30T15:04:28.290,35.970,-0.108,0.256,0.961
1751285068300,2025-06-30T15:04:28.300,35.980,-0.114,0.251,0.951
1751285068310,2025-06-30T15:04:28.310,35.990,-0.097,0.245,0.954
1751285068320,2025-06-30T15:04:28.320,36.000,-0.050,0.238,0.957
1751285068330,2025-06-30T15:04:28.330,36.010,0.021,0.229,0.965
1751285068340,2025-06-30T15:04:28.340,36.020,0.106,0.222,0.988
1751285068350,2025-06-30T15:04:28.350,36.030,0.171,0.216,1.019
1751285068360,2025-06-30T15:04:28.360,36.040,0.220,0.208,1.037
1751285068370,2025-06-30T15:04:28.370,36.050,0.264,0.196,1.050
1751285068380,2025-06-30T15:04:28.380,36.060,0.288,0.187,1.063
1751285068390,2025-06-30T15:04:28.390,36.070,0.323,0.179,1.070
1751285068400,2025-06-30T15:04:28.400,36.080,0.351,0.166,1.079
1751285068410,2025-06-30T15:04:28.410,36.090,0.286,0.163,1.070
1751285068420,2025-06-30T15:04:28.420,36.100,0.205,0.168,1.069
1751285068430,2025-06-30T15:04:28.430,36.110,0.206,0.165,1.088
1751285068440,2025-06-30T15:04:28.440,36.120,0.229,0.165,1.115
1751285068450,2025-06-30T15:04:28.450,36.130,0.214,0.147,1.119
1751285068460,2025-06-30T15:04:28.460,36.140,0.212,0.122,1.106
1751285068470,2025-06-30T15:04:28.470,36.150,0.225,0.111,1.093
1751285068480,2025-06-30T15:04:28.480,36.160,0.209,0.107,1.090
1751285068490,2025-06-30T15:04:28.490,36.170,0.168,0.110,1.085
1751285068500,2025-06-30T15:04:28.500,36.180,0.163,0.107,1.080
1751285068510,2025-06-30T15:04:28.510,36.190,0.167,0.115,1.075
1751285068520,2025-06-30T15:04:28.520,36.200,0.146,0.128,1.069
1751285068530,2025-06-30T15:04:28.530,36.210,0.105,0.130,1.065
1751285068540,2025-06-30T15:04:28.540,36.220,0.073,0.135,1.067
1751285068550,2025-06-30T15:04:28.550,36.230,0.058,0.141,1.058
1751285068560,2025-06-30T15:04:28.560,36.240,0.078,0.146,1.049
1751285068570,2025-06-30T15:04:28.570,36.250,0.106,0.147,1.049
1751285068580,2025-06-30T15:04:28.580,36.260,0.117,0.144,1.048
1751285068590,2025-06-30T15:04:28.590,36.270,0.112,0.149,1.035
1751285068600,2025-06-30T15:04:28.600,36.280,0.114,0.150,1.016
1751285068610,2025-06-30T15:04:28.610,36.290,0.116,0.142,1.013
1751285068620,2025-06-30T15:04:28.620,36.300,0.128,0.132,1.027
1751285068630,2025-06-30T15:04:28.630,36.310,0.149,0.130,1.040
1751285068640,2025-06-30T15:04:28.640,36.320,0.163,0.128,1.048
1751285068650,2025-06-30T15:04:28.650,36.330,0.171,0.133,1.051
1751285068660,2025-06-30T15:04:28.660,36.340,0.196,0.138,1.063
1751285068670,2025-06-30T15:04:28.670,36.350,0.221,0.140,1.074
1751285068680,2025-06-30T15:04:28.680,36.360,0.246,0.140,1.073
1751285068690,2025-06-30T15:04:28.690,36.370,0.271,0.139,1.077
1751285068700,2025-06-30T15:04:28.700,36.380,0.279,0.134,1.088
1751285068710,2025-06-30T15:04:28.710,36.390,0.272,0.129,1.085
1751285068720,2025-06-30T15:04:28.720,36.400,0.262,0.132,1.080
1751285068730,2025-06-30T15:04:28.730,36.410,0.241,0.148,1.070
1751285068740,2025-06-30T15:04:28.740,36.420,0.222,0.167,1.058
1751285068750,2025-06-30T15:04:28.750,36.430,0.201,0.177,1.049
1751285068760,2025-06-30T15:04:28.760,36.440,0.172,0.184,1.040
1751285068770,2025-06-30T15:04:28.770,36.450,0.139,0.187,1.033
1751285068780,2025-06-30T15:04:28.780,36.460,0.103,0.201,1.023
1751285068790,2025-06-30T15:04:28.790,36.470,0.085,0.219,1.013
1751285068800,2025-06-30T15:04:28.800,36.480,0.071,0.237,0.995
1751285068810,2025-06-30T15:04:28.810,36.490,0.047,0.254,0.988
1751285068820,2025-06-30T15:04:28.820,36.500,0.015,0.269,0.986
1751285068830,2025-06-30T15:04:28.830,36.510,-0.022,0.285,0.986
1751285068840,2025-06-30T15:04:28.840,36.520,-0.052,0.300,0.986
1751285068850,2025-06-30T15:04:28.850,36.530,-0.075,0.312,0.995
1751285068860,2025-06-30T15:04:28.860,36.540,-0.106,0.323,0.986
1751285068870,2025-06-30T15:04:28.870,36.550,-0.160,0.342,0.969
1751285068880,2025-06-30T15:04:28.880,36.560,-0.227,0.355,0.962
1751285068890,2025-06-30T15:04:28.890,36.570,-0.288,0.350,0.948
1751285068900,2025-06-30T15:04:28.900,36.580,-0.313,0.333,0.935
1751285068910,2025-06-30T15:04:28.910,36.590,-0.338,0.320,0.946
1751285068920,2025-06-30T15:04:28.920,36.600,-0.368,0.303,0.949
1751285068930,2025-06-30T15:04:28.930,36.610,-0.377,0.289,0.946
1751285068940,2025-06-30T15:04:28.940,36.620,-0.391,0.280,0.943
1751285068950,2025-06-30T15:04:28.950,36.630,-0.420,0.269,0.924
1751285068960,2025-06-30T15:04:28.960,36.640,-0.465,0.260,0.898
1751285068970,2025-06-30T15:04:28.970,36.650,-0.478,0.250,0.895
1751285068980,2025-06-30T15:04:28.980,36.660,-0.494,0.249,0.899
1751285068990,2025-06-30T15:04:28.990,36.670,-0.503,0.249,0.904
1751285069000,2025-06-30T15:04:29.000,36.680,-0.485,0.245,0.902
1751285069010,2025-06-30T15:04:29.010,36.690,-0.506,0.254,0.887
1751285069020,2025-06-30T15:04:29.020,36.700,-0.537,0.248,0.878
1751285069030,2025-06-30T15:04:29.030,36.710,-0.542,0.240,0.876
1751285069040,2025-06-30T15:04:29.040,36.720,-0.552,0.245,0.885
1751285069050,2025-06-30T15:04:29.050,36.730,-0.541,0.244,0.900
1751285069060,2025-06-30T15:04:29.060,36.740,-0.517,0.246,0.917
1751285069070,2025-06-30T15:04:29.070,36.750,-0.500,0.250,0.927
1751285069080,2025-06-30T15:04:29.080,36.760,-0.486,0.245,0.933
1751285069090,2025-06-30T15:04:29.090,36.770,-0.489,0.249,0.936
1751285069100,2025-06-30T15:04:29.100,36.780,-0.518,0.254,0.932
1751285069110,2025-06-30T15:04:29.110,36.790,-0.553,0.263,0.922
1751285069120,2025-06-30T15:04:29.120,36.800,-0.555,0.265,0.925
1751285069130,2025-06-30T15:04:29.130,36.810,-0.544,0.260,0.939
1751285069140,2025-06-30T15:04:29.140,36.820,-0.510,0.255,0.953
1751285069150,2025-06-30T15:04:29.150,36.830,-0.510,0.256,0.958
1751285069160,2025-06-30T15:04:29.160,36.840,-0.489,0.249,0.973
1751285069170,2025-06-30T15:04:29.170,36.850,-0.451,0.251,0.995
1751285069180,2025-06-30T15:04:29.180,36.860,-0.437,0.258,1.000
1751285069190,2025-06-30T15:04:29.190,36.870,-0.428,0.261,0.990
1751285069200,2025-06-30T15:04:29.200,36.880,-0.423,0.264,0.984
1751285069210,2025-06-30T15:04:29.210,36.890,-0.411,0.265,0.986
1751285069220,2025-06-30T15:04:29.220,36.900,-0.378,0.267,0.981
1751285069230,2025-06-30T15:04:29.230,36.910,-0.348,0.273,0.983
1751285069240,2025-06-30T15:04:29.240,36.920,-0.320,0.280,0.980
1751285069250,2025-06-30T15:04:29.250,36.930,-0.286,0.288,0.981
1751285069260,2025-06-30T15:04:29.260,36.940,-0.258,0.287,0.993
1751285069270,2025-06-30T15:04:29.270,36.950,-0.241,0.279,0.997
1751285069280,2025-06-30T15:04:29.280,36.960,-0.230,0.279,0.993
1751285069290,2025-06-30T15:04:29.290,36.970,-0.200,0.274,0.997
1751285069300,2025-06-30T15:04:29.300,36.980,-0.165,0.273,1.007
1751285069310,2025-06-30T15:04:29.310,36.990,-0.123,0.271,1.016
1751285069320,2025-06-30T15:04:29.320,37.000,-0.094,0.266,1.008
1751285069330,2025-06-30T15:04:29.330,37.010,-0.074,0.258,0.999
1751285069340,2025-06-30T15:04:29.340,37.020,-0.041,0.252,1.001
1751285069350,2025-06-30T15:04:29.350,37.030,0.008,0.250,1.000
1751285069360,2025-06-30T15:04:29.360,37.040,0.052,0.240,1.011
1751285069370,2025-06-30T15:04:29.370,37.050,0.091,0.226,1.019
1751285069380,2025-06-30T15:04:29.380,37.060,0.150,0.211,1.032
1751285069390,2025-06-30T15:04:29.390,37.070,0.208,0.196,1.029
1751285069400,2025-06-30T15:04:29.400,37.080,0.246,0.188,1.022
1751285069410,2025-06-30T15:04:29.410,37.090,0.275,0.186,1.013
1751285069420,2025-06-30T15:04:29.420,37.100,0.300,0.186,1.013
1751285069430,2025-06-30T15:04:29.430,37.110,0.319,0.168,1.009
1751285069440,2025-06-30T15:04:29.440,37.120,0.324,0.142,1.016
1751285069450,2025-06-30T15:04:29.450,37.130,0.318,0.122,1.034
1751285069460,2025-06-30T15:04:29.460,37.140,0.287,0.105,1.035
1751285069470,2025-06-30T15:04:29.470,37.150,0.242,0.096,1.034
1751285069480,2025-06-30T15:04:29.480,37.160,0.195,0.094,1.023
1751285069490,2025-06-30T15:04:29.490,37.170,0.166,0.087,1.017
1751285069500,2025-06-30T15:04:29.500,37.180,0.170,0.090,1.033
1751285069510,2025-06-30T15:04:29.510,37.190,0.181,0.091,1.042
1751285069520,2025-06-30T15:04:29.520,37.200,0.179,0.082,1.044
1751285069530,2025-06-30T15:04:29.530,37.210,0.166,0.080,1.039
1751285069540,2025-06-30T15:04:29.540,37.220,0.138,0.082,1.032
1751285069550,2025-06-30T15:04:29.550,37.230,0.113,0.087,1.024
1751285069560,2025-06-30T15:04:29.560,37.240,0.097,0.091,1.015
1751285069570,2025-06-30T15:04:29.570,37.250,0.074,0.098,1.012
1751285069580,2025-06-30T15:04:29.580,37.260,0.056,0.106,1.011
1751285069590,2025-06-30T15:04:29.590,37.270,0.042,0.110,1.015
1751285069600,2025-06-30T15:04:29.600,37.280,0.037,0.112,1.014
1751285069610,2025-06-30T15:04:29.610,37.290,0.056,0.114,1.012
1751285069620,2025-06-30T15:04:29.620,37.300,0.077,0.118,1.010
1751285069630,2025-06-30T15:04:29.630,37.310,0.086,0.115,1.016
1751285069640,2025-06-30T15:04:29.640,37.320,0.088,0.104,1.015
1751285069650,2025-06-30T15:04:29.650,37.330,0.094,0.096,1.013
1751285069660,2025-06-30T15:04:29.660,37.340,0.102,0.097,1.016
1751285069670,2025-06-30T15:04:29.670,37.350,0.118,0.102,1.023
1751285069680,2025-06-30T15:04:29.680,37.360,0.131,0.098,1.023
1751285069690,2025-06-30T15:04:29.690,37.370,0.165,0.093,1.040
1751285069700,2025-06-30T15:04:29.700,37.380,0.196,0.089,1.060
1751285069710,2025-06-30T15:04:29.710,37.390,0.230,0.089,1.066
1751285069720,2025-06-30T15:04:29.720,37.400,0.268,0.093,1.073
1751285069730,2025-06-30T15:04:29.730,37.410,0.294,0.092,1.095
1751285069740,2025-06-30T15:04:29.740,37.420,0.331,0.088,1.107
1751285069750,2025-06-30T15:04:29.750,37.430,0.360,0.084,1.101
1751285069760,2025-06-30T15:04:29.760,37.440,0.336,0.097,1.105
1751285069770,2025-06-30T15:04:29.770,37.450,0.310,0.109,1.102
1751285069780,2025-06-30T15:04:29.780,37.460,0.302,0.119,1.086
1751285069790,2025-06-30T15:04:29.790,37.470,0.324,0.130,1.076
1751285069800,2025-06-30T15:04:29.800,37.480,0.347,0.131,1.083
1751285069810,2025-06-30T15:04:29.810,37.490,0.340,0.135,1.083
1751285069820,2025-06-30T15:04:29.820,37.500,0.315,0.146,1.081
1751285069830,2025-06-30T15:04:29.830,37.510,0.265,0.160,1.078
1751285069840,2025-06-30T15:04:29.840,37.520,0.202,0.167,1.058
1751285069850,2025-06-30T15:04:29.850,37.530,0.160,0.177,1.038
1751285069860,2025-06-30T15:04:29.860,37.540,0.110,0.200,1.030
1751285069870,2025-06-30T15:04:29.870,37.550,0.060,0.224,1.012
1751285069880,2025-06-30T15:04:29.880,37.560,0.029,0.238,0.993
1751285069890,2025-06-30T15:04:29.890,37.570,-0.007,0.250,0.987
1751285069900,2025-06-30T15:04:29.900,37.580,-0.022,0.260,0.999
1751285069910,2025-06-30T15:04:29.910,37.590,-0.033,0.266,1.009
1751285069920,2025-06-30T15:04:29.920,37.600,-0.054,0.276,1.009
1751285069930,2025-06-30T15:04:29.930,37.610,-0.094,0.293,0.992
1751285069940,2025-06-30T15:04:29.940,37.620,-0.155,0.310,0.978
1751285069950,2025-06-30T15:04:29.950,37.630,-0.239,0.322,0.958
1751285069960,2025-06-30T15:04:29.960,37.640,-0.329,0.329,0.935
1751285069970,2025-06-30T15:04:29.970,37.650,-0.372,0.324,0.931
1751285069980,2025-06-30T15:04:29.980,37.660,-0.389,0.318,0.934
1751285069990,2025-06-30T15:04:29.990,37.670,-0.410,0.311,0.941
1751285070000,2025-06-30T15:04:30.000,37.680,-0.437,0.298,0.936
1751285070010,2025-06-30T15:04:30.010,37.690,-0.435,0.276,0.941
1751285070020,2025-06-30T15:04:30.020,37.700,-0.414,0.256,0.947
1751285070030,2025-06-30T15:04:30.030,37.710,-0.423,0.260,0.953
1751285070040,2025-06-30T15:04:30.040,37.720,-0.441,0.255,0.937
1751285070050,2025-06-30T15:04:30.050,37.730,-0.493,0.257,0.913
1751285070060,2025-06-30T15:04:30.060,37.740,-0.565,0.253,0.895
1751285070070,2025-06-30T15:04:30.070,37.750,-0.586,0.244,0.892
1751285070080,2025-06-30T15:04:30.080,37.760,-0.580,0.247,0.900
1751285070090,2025-06-30T15:04:30.090,37.770,-0.594,0.249,0.905
1751285070100,2025-06-30T15:04:30.100,37.780,-0.583,0.246,0.916
1751285070110,2025-06-30T15:04:30.110,37.790,-0.563,0.242,0.923
1751285070120,2025-06-30T15:04:30.120,37.800,-0.560,0.245,0.917
1751285070130,2025-06-30T15:04:30.130,37.810,-0.560,0.239,0.910
1751285070140,2025-06-30T15:04:30.140,37.820,-0.568,0.240,0.908
1751285070150,2025-06-30T15:04:30.150,37.830,-0.578,0.246,0.910
1751285070160,2025-06-30T15:04:30.160,37.840,-0.565,0.247,0.923
1751285070170,2025-06-30T15:04:30.170,37.850,-0.565,0.238,0.922
1751285070180,2025-06-30T15:04:30.180,37.860,-0.575,0.232,0.912
1751285070190,2025-06-30T15:04:30.190,37.870,-0.562,0.229,0.924
1751285070200,2025-06-30T15:04:30.200,37.880,-0.525,0.230,0.940
1751285070210,2025-06-30T15:04:30.210,37.890,-0.526,0.236,0.937
1751285070220,2025-06-30T15:04:30.220,37.900,-0.510,0.228,0.940
1751285070230,2025-06-30T15:04:30.230,37.910,-0.462,0.231,0.952
1751285070240,2025-06-30T15:04:30.240,37.920,-0.440,0.237,0.955
1751285070250,2025-06-30T15:04:30.250,37.930,-0.414,0.239,0.955
1751285070260,2025-06-30T15:04:30.260,37.940,-0.375,0.241,0.963
1751285070270,2025-06-30T15:04:30.270,37.950,-0.356,0.247,0.958
1751285070280,2025-06-30T15:04:30.280,37.960,-0.337,0.248,0.952
1751285070290,2025-06-30T15:04:30.290,37.970,-0.304,0.251,0.955
1751285070300,2025-06-30T15:04:30.300,37.980,-0.283,0.257,0.955
1751285070310,2025-06-30T15:04:30.310,37.990,-0.250,0.256,0.957
1751285070320,2025-06-30T15:04:30.320,38.000,-0.217,0.256,0.957
1751285070330,2025-06-30T15:04:30.330,38.010,-0.181,0.258,0.961
1751285070340,2025-06-30T15:04:30.340,38.020,-0.134,0.264,0.968
1751285070350,2025-06-30T15:04:30.350,38.030,-0.081,0.275,0.976
1751285070360,2025-06-30T15:04:30.360,38.040,-0.016,0.270,0.985
1751285070370,2025-06-30T15:04:30.370,38.050,0.037,0.268,0.999
1751285070380,2025-06-30T15:04:30.380,38.060,0.087,0.277,1.015
1751285070390,2025-06-30T15:04:30.390,38.070,0.137,0.280,1.039
1751285070400,2025-06-30T15:04:30.400,38.080,0.198,0.273,1.059
1751285070410,2025-06-30T15:04:30.410,38.090,0.253,0.265,1.079
1751285070420,2025-06-30T15:04:30.420,38.100,0.323,0.243,1.095
1751285070430,2025-06-30T15:04:30.430,38.110,0.350,0.221,1.095
1751285070440,2025-06-30T15:04:30.440,38.120,0.301,0.208,1.092
1751285070450,2025-06-30T15:04:30.450,38.130,0.257,0.189,1.084
1751285070460,2025-06-30T15:04:30.460,38.140,0.259,0.177,1.098
1751285070470,2025-06-30T15:04:30.470,38.150,0.237,0.175,1.116
1751285070480,2025-06-30T15:04:30.480,38.160,0.211,0.159,1.099
1751285070490,2025-06-30T15:04:30.490,38.170,0.260,0.144,1.098
1751285070500,2025-06-30T15:04:30.500,38.180,0.318,0.132,1.115
1751285070510,2025-06-30T15:04:30.510,38.190,0.329,0.112,1.115
1751285070520,2025-06-30T15:04:30.520,38.200,0.316,0.107,1.107
1751285070530,2025-06-30T15:04:30.530,38.210,0.291,0.110,1.091
1751285070540,2025-06-30T15:04:30.540,38.220,0.262,0.111,1.074
1751285070550,2025-06-30T15:04:30.550,38.230,0.234,0.103,1.066
1751285070560,2025-06-30T15:04:30.560,38.240,0.205,0.099,1.064
1751285070570,2025-06-30T15:04:30.570,38.250,0.188,0.098,1.058
1751285070580,2025-06-30T15:04:30.580,38.260,0.208,0.099,1.058
1751285070590,2025-06-30T15:04:30.590,38.270,0.230,0.100,1.050
1751285070600,2025-06-30T15:04:30.600,38.280,0.253,0.101,1.042
1751285070610,2025-06-30T15:04:30.610,38.290,0.266,0.102,1.037
1751285070620,2025-06-30T15:04:30.620,38.300,0.267,0.096,1.034
1751285070630,2025-06-30T15:04:30.630,38.310,0.272,0.088,1.028
1751285070640,2025-06-30T15:04:30.640,38.320,0.292,0.083,1.033
1751285070650,2025-06-30T15:04:30.650,38.330,0.311,0.083,1.036
1751285070660,2025-06-30T15:04:30.660,38.340,0.341,0.090,1.045
1751285070670,2025-06-30T15:04:30.670,38.350,0.373,0.092,1.064
1751285070680,2025-06-30T15:04:30.680,38.360,0.398,0.091,1.071
1751285070690,2025-06-30T15:04:30.690,38.370,0.398,0.091,1.083
1751285070700,2025-06-30T15:04:30.700,38.380,0.379,0.090,1.093
1751285070710,2025-06-30T15:04:30.710,38.390,0.349,0.090,1.094
1751285070720,2025-06-30T15:04:30.720,38.400,0.305,0.103,1.088
1751285070730,2025-06-30T15:04:30.730,38.410,0.266,0.118,1.086
1751285070740,2025-06-30T15:04:30.740,38.420,0.249,0.135,1.079
1751285070750,2025-06-30T15:04:30.750,38.430,0.248,0.153,1.076
1751285070760,2025-06-30T15:04:30.760,38.440,0.233,0.172,1.072
1751285070770,2025-06-30T15:04:30.770,38.450,0.207,0.187,1.064
1751285070780,2025-06-30T15:04:30.780,38.460,0.157,0.200,1.051
1751285070790,2025-06-30T15:04:30.790,38.470,0.111,0.219,1.032
1751285070800,2025-06-30T15:04:30.800,38.480,0.069,0.237,1.017
1751285070810,2025-06-30T15:04:30.810,38.490,0.017,0.249,1.003
1751285070820,2025-06-30T15:04:30.820,38.500,-0.019,0.266,1.001
1751285070830,2025-06-30T15:04:30.830,38.510,-0.040,0.284,1.008
1751285070840,2025-06-30T15:04:30.840,38.520,-0.060,0.304,1.019
1751285070850,2025-06-30T15:04:30.850,38.530,-0.067,0.317,1.021
1751285070860,2025-06-30T15:04:30.860,38.540,-0.071,0.329,1.029
1751285070870,2025-06-30T15:04:30.870,38.550,-0.115,0.347,1.007
1751285070880,2025-06-30T15:04:30.880,38.560,-0.160,0.363,0.989
1751285070890,2025-06-30T15:04:30.890,38.570,-0.227,0.383,0.965
1751285070900,2025-06-30T15:04:30.900,38.580,-0.309,0.386,0.924
1751285070910,2025-06-30T15:04:30.910,38.590,-0.358,0.372,0.911
1751285070920,2025-06-30T15:04:30.920,38.600,-0.437,0.355,0.900
1751285070930,2025-06-30T15:04:30.930,38.610,-0.500,0.316,0.896
1751285070940,2025-06-30T15:04:30.940,38.620,-0.502,0.254,0.903
1751285070950,2025-06-30T15:04:30.950,38.630,-0.517,0.213,0.925
1751285070960,2025-06-30T15:04:30.960,38.640,-0.501,0.169,0.944
1751285070970,2025-06-30T15:04:30.970,38.650,-0.468,0.148,0.942
1751285070980,2025-06-30T15:04:30.980,38.660,-0.469,0.156,0.922
1751285070990,2025-06-30T15:04:30.990,38.670,-0.494,0.167,0.895
1751285071000,2025-06-30T15:04:31.000,38.680,-0.527,0.168,0.871
1751285071010,2025-06-30T15:04:31.010,38.690,-0.569,0.174,0.869
1751285071020,2025-06-30T15:04:31.020,38.700,-0.576,0.187,0.865
1751285071030,2025-06-30T15:04:31.030,38.710,-0.548,0.202,0.871
1751285071040,2025-06-30T15:04:31.040,38.720,-0.515,0.212,0.879
1751285071050,2025-06-30T15:04:31.050,38.730,-0.475,0.220,0.890
1751285071060,2025-06-30T15:04:31.060,38.740,-0.440,0.223,0.900
1751285071070,2025-06-30T15:04:31.070,38.750,-0.414,0.224,0.910
1751285071080,2025-06-30T15:04:31.080,38.760,-0.401,0.227,0.926
1751285071090,2025-06-30T15:04:31.090,38.770,-0.406,0.227,0.925
1751285071100,2025-06-30T15:04:31.100,38.780,-0.426,0.228,0.915
1751285071110,2025-06-30T15:04:31.110,38.790,-0.438,0.219,0.912
1751285071120,2025-06-30T15:04:31.120,38.800,-0.429,0.211,0.923
1751285071130,2025-06-30T15:04:31.130,38.810,-0.413,0.208,0.939
1751285071140,2025-06-30T15:04:31.140,38.820,-0.397,0.202,0.944
1751285071150,2025-06-30T15:04:31.150,38.830,-0.369,0.191,0.953
1751285071160,2025-06-30T15:04:31.160,38.840,-0.380,0.195,0.958
1751285071170,2025-06-30T15:04:31.170,38.850,-0.420,0.197,0.951
1751285071180,2025-06-30T15:04:31.180,38.860,-0.411,0.199,0.944
1751285071190,2025-06-30T15:04:31.190,38.870,-0.391,0.212,0.952
1751285071200,2025-06-30T15:04:31.200,38.880,-0.394,0.218,0.958
1751285071210,2025-06-30T15:04:31.210,38.890,-0.391,0.220,0.953
1751285071220,2025-06-30T15:04:31.220,38.900,-0.376,0.228,0.947
1751285071230,2025-06-30T15:04:31.230,38.910,-0.360,0.236,0.939
1751285071240,2025-06-30T15:04:31.240,38.920,-0.371,0.241,0.918
1751285071250,2025-06-30T15:04:31.250,38.930,-0.374,0.234,0.891
1751285071260,2025-06-30T15:04:31.260,38.940,-0.343,0.234,0.882
1751285071270,2025-06-30T15:04:31.270,38.950,-0.335,0.249,0.879
1751285071280,2025-06-30T15:04:31.280,38.960,-0.323,0.250,0.857
1751285071290,2025-06-30T15:04:31.290,38.970,-0.280,0.242,0.853
1751285071300,2025-06-30T15:04:31.300,38.980,-0.236,0.242,0.866
1751285071310,2025-06-30T15:04:31.310,38.990,-0.193,0.241,0.883
1751285071320,2025-06-30T15:04:31.320,39.000,-0.135,0.248,0.892
1751285071330,2025-06-30T15:04:31.330,39.010,-0.065,0.265,0.907
1751285071340,2025-06-30T15:04:31.340,39.020,-0.034,0.284,0.929
1751285071350,2025-06-30T15:04:31.350,39.030,-0.006,0.300,0.952
1751285071360,2025-06-30T15:04:31.360,39.040,0.041,0.323,0.981
1751285071370,2025-06-30T15:04:31.370,39.050,0.134,0.348,1.041
1751285071380,2025-06-30T15:04:31.380,39.060,0.255,0.347,1.108
1751285071390,2025-06-30T15:04:31.390,39.070,0.376,0.329,1.169
1751285071400,2025-06-30T15:04:31.400,39.080,0.487,0.307,1.193
1751285071410,2025-06-30T15:04:31.410,39.090,0.398,0.305,1.159
1751285071420,2025-06-30T15:04:31.420,39.100,0.260,0.308,1.154
1751285071430,2025-06-30T15:04:31.430,39.110,0.261,0.295,1.192
1751285071440,2025-06-30T15:04:31.440,39.120,0.261,0.282,1.235
1751285071450,2025-06-30T15:04:31.450,39.130,0.225,0.264,1.231
1751285071460,2025-06-30T15:04:31.460,39.140,0.263,0.226,1.214
1751285071470,2025-06-30T15:04:31.470,39.150,0.347,0.186,1.221
1751285071480,2025-06-30T15:04:31.480,39.160,0.368,0.165,1.217
1751285071490,2025-06-30T15:04:31.490,39.170,0.328,0.154,1.202
1751285071500,2025-06-30T15:04:31.500,39.180,0.288,0.154,1.183
1751285071510,2025-06-30T15:04:31.510,39.190,0.249,0.156,1.155
1751285071520,2025-06-30T15:04:31.520,39.200,0.229,0.164,1.129
1751285071530,2025-06-30T15:04:31.530,39.210,0.217,0.174,1.115
1751285071540,2025-06-30T15:04:31.540,39.220,0.167,0.177,1.091
1751285071550,2025-06-30T15:04:31.550,39.230,0.134,0.171,1.068
1751285071560,2025-06-30T15:04:31.560,39.240,0.146,0.170,1.052
1751285071570,2025-06-30T15:04:31.570,39.250,0.173,0.175,1.043
1751285071580,2025-06-30T15:04:31.580,39.260,0.202,0.172,1.035
1751285071590,2025-06-30T15:04:31.590,39.270,0.228,0.164,1.021
1751285071600,2025-06-30T15:04:31.600,39.280,0.240,0.156,1.014
1751285071610,2025-06-30T15:04:31.610,39.290,0.223,0.148,1.007
1751285071620,2025-06-30T15:04:31.620,39.300,0.202,0.141,1.003
1751285071630,2025-06-30T15:04:31.630,39.310,0.204,0.138,1.001
1751285071640,2025-06-30T15:04:31.640,39.320,0.205,0.134,1.002
1751285071650,2025-06-30T15:04:31.650,39.330,0.207,0.133,1.007
1751285071660,2025-06-30T15:04:31.660,39.340,0.219,0.132,1.010
1751285071670,2025-06-30T15:04:31.670,39.350,0.238,0.138,1.023
1751285071680,2025-06-30T15:04:31.680,39.360,0.237,0.135,1.034
1751285071690,2025-06-30T15:04:31.690,39.370,0.220,0.134,1.030
1751285071700,2025-06-30T15:04:31.700,39.380,0.213,0.138,1.029
1751285071710,2025-06-30T15:04:31.710,39.390,0.213,0.146,1.030
1751285071720,2025-06-30T15:04:31.720,39.400,0.205,0.156,1.034
1751285071730,2025-06-30T15:04:31.730,39.410,0.183,0.165,1.021
1751285071740,2025-06-30T15:04:31.740,39.420,0.181,0.175,1.009
1751285071750,2025-06-30T15:04:31.750,39.430,0.183,0.187,1.012
1751285071760,2025-06-30T15:04:31.760,39.440,0.164,0.184,1.014
1751285071770,2025-06-30T15:04:31.770,39.450,0.149,0.184,1.011
1751285071780,2025-06-30T15:04:31.780,39.460,0.143,0.203,1.006
1751285071790,2025-06-30T15:04:31.790,39.470,0.124,0.220,1.008
1751285071800,2025-06-30T15:04:31.800,39.480,0.108,0.231,1.007
1751285071810,2025-06-30T15:04:31.810,39.490,0.089,0.235,1.006
1751285071820,2025-06-30T15:04:31.820,39.500,0.065,0.243,1.007
1751285071830,2025-06-30T15:04:31.830,39.510,0.040,0.257,1.002
1751285071840,2025-06-30T15:04:31.840,39.520,0.015,0.270,1.005
1751285071850,2025-06-30T15:04:31.850,39.530,-0.008,0.286,1.018
1751285071860,2025-06-30T15:04:31.860,39.540,-0.034,0.301,1.022
1751285071870,2025-06-30T15:04:31.870,39.550,-0.067,0.315,1.016
1751285071880,2025-06-30T15:04:31.880,39.560,-0.110,0.326,1.009
1751285071890,2025-06-30T15:04:31.890,39.570,-0.149,0.337,1.000
1751285071900,2025-06-30T15:04:31.900,39.580,-0.184,0.354,0.992
1751285071910,2025-06-30T15:04:31.910,39.590,-0.218,0.364,0.974
1751285071920,2025-06-30T15:04:31.920,39.600,-0.267,0.370,0.955
1751285071930,2025-06-30T15:04:31.930,39.610,-0.326,0.366,0.944
1751285071940,2025-06-30T15:04:31.940,39.620,-0.400,0.345,0.934
1751285071950,2025-06-30T15:04:31.950,39.630,-0.476,0.314,0.926
1751285071960,2025-06-30T15:04:31.960,39.640,-0.498,0.295,0.946
1751285071970,2025-06-30T15:04:31.970,39.650,-0.477,0.276,0.975
1751285071980,2025-06-30T15:04:31.980,39.660,-0.439,0.258,0.985
1751285071990,2025-06-30T15:04:31.990,39.670,-0.414,0.258,0.965
1751285072000,2025-06-30T15:04:32.000,39.680,-0.414,0.264,0.938
1751285072010,2025-06-30T15:04:32.010,39.690,-0.444,0.270,0.905
1751285072020,2025-06-30T15:04:32.020,39.700,-0.509,0.262,0.890
1751285072030,2025-06-30T15:04:32.030,39.710,-0.574,0.257,0.868
1751285072040,2025-06-30T15:04:32.040,39.720,-0.629,0.268,0.850
1751285072050,2025-06-30T15:04:32.050,39.730,-0.631,0.272,0.851
1751285072060,2025-06-30T15:04:32.060,39.740,-0.624,0.278,0.857
1751285072070,2025-06-30T15:04:32.070,39.750,-0.599,0.270,0.874
1751285072080,2025-06-30T15:04:32.080,39.760,-0.562,0.247,0.881
1751285072090,2025-06-30T15:04:32.090,39.770,-0.543,0.238,0.891
1751285072100,2025-06-30T15:04:32.100,39.780,-0.555,0.237,0.894
1751285072110,2025-06-30T15:04:32.110,39.790,-0.566,0.233,0.883
1751285072120,2025-06-30T15:04:32.120,39.800,-0.579,0.234,0.880
1751285072130,2025-06-30T15:04:32.130,39.810,-0.570,0.237,0.887
1751285072140,2025-06-30T15:04:32.140,39.820,-0.545,0.242,0.899
1751285072150,2025-06-30T15:04:32.150,39.830,-0.526,0.247,0.904
1751285072160,2025-06-30T15:04:32.160,39.840,-0.533,0.255,0.897
1751285072170,2025-06-30T15:04:32.170,39.850,-0.543,0.254,0.893
1751285072180,2025-06-30T15:04:32.180,39.860,-0.526,0.253,0.903
1751285072190,2025-06-30T15:04:32.190,39.870,-0.510,0.254,0.925
1751285072200,2025-06-30T15:04:32.200,39.880,-0.497,0.256,0.929
1751285072210,2025-06-30T15:04:32.210,39.890,-0.485,0.264,0.925
1751285072220,2025-06-30T15:04:32.220,39.900,-0.450,0.264,0.931
1751285072230,2025-06-30T15:04:32.230,39.910,-0.412,0.264,0.942
1751285072240,2025-06-30T15:04:32.240,39.920,-0.377,0.267,0.950
1751285072250,2025-06-30T15:04:32.250,39.930,-0.335,0.267,0.951
1751285072260,2025-06-30T15:04:32.260,39.940,-0.308,0.266,0.949
1751285072270,2025-06-30T15:04:32.270,39.950,-0.285,0.264,0.947
1751285072280,2025-06-30T15:04:32.280,39.960,-0.262,0.268,0.946
1751285072290,2025-06-30T15:04:32.290,39.970,-0.242,0.274,0.949
1751285072300,2025-06-30T15:04:32.300,39.980,-0.219,0.274,0.956
1751285072310,2025-06-30T15:04:32.310,39.990,-0.202,0.282,0.956
1751285072320,2025-06-30T15:04:32.320,40.000,-0.190,0.280,0.941
1751285072330,2025-06-30T15:04:32.330,40.010,-0.152,0.281,0.934
1751285072340,2025-06-30T15:04:32.340,40.020,-0.099,0.284,0.944
1751285072350,2025-06-30T15:04:32.350,40.030,-0.036,0.277,0.946
1751285072360,2025-06-30T15:04:32.360,40.040,0.021,0.260,0.958
1751285072370,2025-06-30T15:04:32.370,40.050,0.041,0.250,0.968
1751285072380,2025-06-30T15:04:32.380,40.060,0.037,0.250,0.965
1751285072390,2025-06-30T15:04:32.390,40.070,0.050,0.258,0.969
1751285072400,2025-06-30T15:04:32.400,40.080,0.082,0.271,0.997
1751285072410,2025-06-30T15:04:32.410,40.090,0.118,0.282,1.007
1751285072420,2025-06-30T15:04:32.420,40.100,0.204,0.272,1.046
1751285072430,2025-06-30T15:04:32.430,40.110,0.370,0.253,1.127
1751285072440,2025-06-30T15:04:32.440,40.120,0.447,0.224,1.127
1751285072450,2025-06-30T15:04:32.450,40.130,0.257,0.208,1.064
1751285072460,2025-06-30T15:04:32.460,40.140,0.109,0.209,1.063
1751285072470,2025-06-30T15:04:32.470,40.150,0.136,0.210,1.112
1751285072480,2025-06-30T15:04:32.480,40.160,0.124,0.216,1.138
1751285072490,2025-06-30T15:04:32.490,40.170,0.111,0.195,1.122
1751285072500,2025-06-30T15:04:32.500,40.180,0.185,0.167,1.120
1751285072510,2025-06-30T15:04:32.510,40.190,0.269,0.150,1.125
1751285072520,2025-06-30T15:04:32.520,40.200,0.294,0.133,1.130
1751285072530,2025-06-30T15:04:32.530,40.210,0.293,0.121,1.120
1751285072540,2025-06-30T15:04:32.540,40.220,0.275,0.118,1.107
1751285072550,2025-06-30T15:04:32.550,40.230,0.209,0.126,1.091
1751285072560,2025-06-30T15:04:32.560,40.240,0.151,0.134,1.071
1751285072570,2025-06-30T15:04:32.570,40.250,0.140,0.135,1.064
1751285072580,2025-06-30T15:04:32.580,40.260,0.146,0.134,1.062
1751285072590,2025-06-30T15:04:32.590,40.270,0.151,0.128,1.066
1751285072600,2025-06-30T15:04:32.600,40.280,0.166,0.127,1.063
1751285072610,2025-06-30T15:04:32.610,40.290,0.194,0.128,1.063
1751285072620,2025-06-30T15:04:32.620,40.300,0.219,0.126,1.069
1751285072630,2025-06-30T15:04:32.630,40.310,0.217,0.123,1.072
1751285072640,2025-06-30T15:04:32.640,40.320,0.201,0.123,1.063
1751285072650,2025-06-30T15:04:32.650,40.330,0.201,0.131,1.050
1751285072660,2025-06-30T15:04:32.660,40.340,0.219,0.141,1.051
1751285072670,2025-06-30T15:04:32.670,40.350,0.237,0.144,1.059
1751285072680,2025-06-30T15:04:32.680,40.360,0.253,0.139,1.052
1751285072690,2025-06-30T15:04:32.690,40.370,0.266,0.143,1.051
1751285072700,2025-06-30T15:04:32.700,40.380,0.258,0.142,1.041
1751285072710,2025-06-30T15:04:32.710,40.390,0.252,0.139,1.016
1751285072720,2025-06-30T15:04:32.720,40.400,0.252,0.151,1.005
1751285072730,2025-06-30T15:04:32.730,40.410,0.250,0.169,1.025
1751285072740,2025-06-30T15:04:32.740,40.420,0.235,0.178,1.056
1751285072750,2025-06-30T15:04:32.750,40.430,0.230,0.189,1.057
1751285072760,2025-06-30T15:04:32.760,40.440,0.203,0.208,1.054
1751285072770,2025-06-30T15:04:32.770,40.450,0.147,0.222,1.056
1751285072780,2025-06-30T15:04:32.780,40.460,0.092,0.233,1.056
1751285072790,2025-06-30T15:04:32.790,40.470,0.029,0.243,1.041
1751285072800,2025-06-30T15:04:32.800,40.480,-0.023,0.259,1.037
1751285072810,2025-06-30T15:04:32.810,40.490,-0.064,0.271,1.037
1751285072820,2025-06-30T15:04:32.820,40.500,-0.103,0.275,1.042
1751285072830,2025-06-30T15:04:32.830,40.510,-0.131,0.287,1.039
1751285072840,2025-06-30T15:04:32.840,40.520,-0.165,0.302,1.029
1751285072850,2025-06-30T15:04:32.850,40.530,-0.190,0.307,1.013
1751285072860,2025-06-30T15:04:32.860,40.540,-0.194,0.317,1.004
1751285072870,2025-06-30T15:04:32.870,40.550,-0.202,0.336,1.005
1751285072880,2025-06-30T15:04:32.880,40.560,-0.214,0.341,0.999
1751285072890,2025-06-30T15:04:32.890,40.570,-0.220,0.348,0.994
1751285072900,2025-06-30T15:04:32.900,40.580,-0.238,0.357,0.981
1751285072910,2025-06-30T15:04:32.910,40.590,-0.289,0.360,0.965
1751285072920,2025-06-30T15:04:32.920,40.600,-0.328,0.349,0.945
1751285072930,2025-06-30T15:04:32.930,40.610,-0.376,0.346,0.917
1751285072940,2025-06-30T15:04:32.940,40.620,-0.443,0.333,0.902
1751285072950,2025-06-30T15:04:32.950,40.630,-0.447,0.305,0.900
1751285072960,2025-06-30T15:04:32.960,40.640,-0.432,0.296,0.908
1751285072970,2025-06-30T15:04:32.970,40.650,-0.434,0.294,0.908
1751285072980,2025-06-30T15:04:32.980,40.660,-0.449,0.284,0.899
1751285072990,2025-06-30T15:04:32.990,40.670,-0.479,0.278,0.889
1751285073000,2025-06-30T15:04:33.000,40.680,-0.509,0.265,0.870
1751285073010,2025-06-30T15:04:33.010,40.690,-0.580,0.256,0.853
1751285073020,2025-06-30T15:04:33.020,40.700,-0.625,0.229,0.847
1751285073030,2025-06-30T15:04:33.030,40.710,-0.617,0.219,0.852
1751285073040,2025-06-30T15:04:33.040,40.720,-0.610,0.238,0.860
1751285073050,2025-06-30T15:04:33.050,40.730,-0.604,0.248,0.868
1751285073060,2025-06-30T15:04:33.060,40.740,-0.580,0.249,0.872
1751285073070,2025-06-30T15:04:33.070,40.750,-0.569,0.245,0.867
1751285073080,2025-06-30T15:04:33.080,40.760,-0.561,0.239,0.864
1751285073090,2025-06-30T15:04:33.090,40.770,-0.543,0.240,0.869
1751285073100,2025-06-30T15:04:33.100,40.780,-0.545,0.243,0.876
1751285073110,2025-06-30T15:04:33.110,40.790,-0.539,0.246,0.880
1751285073120,2025-06-30T15:04:33.120,40.800,-0.545,0.249,0.875
1751285073130,2025-06-30T15:04:33.130,40.810,-0.561,0.245,0.868
1751285073140,2025-06-30T15:04:33.140,40.820,-0.550,0.247,0.882
1751285073150,2025-06-30T15:04:33.150,40.830,-0.570,0.249,0.881
1751285073160,2025-06-30T15:04:33.160,40.840,-0.624,0.238,0.871
1751285073170,2025-06-30T15:04:33.170,40.850,-0.612,0.226,0.880
1751285073180,2025-06-30T15:04:33.180,40.860,-0.585,0.232,0.902
1751285073190,2025-06-30T15:04:33.190,40.870,-0.577,0.239,0.915
1751285073200,2025-06-30T15:04:33.200,40.880,-0.560,0.237,0.920
1751285073210,2025-06-30T15:04:33.210,40.890,-0.539,0.242,0.921
1751285073220,2025-06-30T15:04:33.220,40.900,-0.553,0.251,0.915
1751285073230,2025-06-30T15:04:33.230,40.910,-0.578,0.257,0.910
1751285073240,2025-06-30T15:04:33.240,40.920,-0.555,0.268,0.908
1751285073250,2025-06-30T15:04:33.250,40.930,-0.567,0.282,0.899
1751285073260,2025-06-30T15:04:33.260,40.940,-0.578,0.270,0.896
1751285073270,2025-06-30T15:04:33.270,40.950,-0.521,0.263,0.903
1751285073280,2025-06-30T15:04:33.280,40.960,-0.488,0.274,0.917
1751285073290,2025-06-30T15:04:33.290,40.970,-0.449,0.271,0.914
1751285073300,2025-06-30T15:04:33.300,40.980,-0.406,0.264,0.905
1751285073310,2025-06-30T15:04:33.310,40.990,-0.377,0.265,0.894
1751285073320,2025-06-30T15:04:33.320,41.000,-0.374,0.264,0.875
1751285073330,2025-06-30T15:04:33.330,41.010,-0.353,0.254,0.874
1751285073340,2025-06-30T15:04:33.340,41.020,-0.338,0.257,0.874
1751285073350,2025-06-30T15:04:33.350,41.030,-0.304,0.259,0.882
1751285073360,2025-06-30T15:04:33.360,41.040,-0.252,0.255,0.900
1751285073370,2025-06-30T15:04:33.370,41.050,-0.214,0.256,0.905
1751285073380,2025-06-30T15:04:33.380,41.060,-0.188,0.248,0.919
1751285073390,2025-06-30T15:04:33.390,41.070,-0.162,0.246,0.921
1751285073400,2025-06-30T15:04:33.400,41.080,-0.132,0.244,0.925
1751285073410,2025-06-30T15:04:33.410,41.090,-0.113,0.245,0.928
1751285073420,2025-06-30T15:04:33.420,41.100,-0.103,0.248,0.931
1751285073430,2025-06-30T15:04:33.430,41.110,-0.068,0.246,0.940
1751285073440,2025-06-30T15:04:33.440,41.120,-0.006,0.241,0.975
1751285073450,2025-06-30T15:04:33.450,41.130,0.057,0.230,1.009
1751285073460,2025-06-30T15:04:33.460,41.140,0.120,0.220,1.040
1751285073470,2025-06-30T15:04:33.470,41.150,0.165,0.204,1.052
1751285073480,2025-06-30T15:04:33.480,41.160,0.162,0.193,1.054
1751285073490,2025-06-30T15:04:33.490,41.170,0.159,0.185,1.067
1751285073500,2025-06-30T15:04:33.500,41.180,0.176,0.174,1.092
1751285073510,2025-06-30T15:04:33.510,41.190,0.185,0.160,1.103
1751285073520,2025-06-30T15:04:33.520,41.200,0.171,0.145,1.099
1751285073530,2025-06-30T15:04:33.530,41.210,0.155,0.141,1.092
1751285073540,2025-06-30T15:04:33.540,41.220,0.110,0.146,1.096
1751285073550,2025-06-30T15:04:33.550,41.230,0.063,0.141,1.104
1751285073560,2025-06-30T15:04:33.560,41.240,0.048,0.129,1.103
1751285073570,2025-06-30T15:04:33.570,41.250,0.062,0.122,1.090
1751285073580,2025-06-30T15:04:33.580,41.260,0.092,0.118,1.100
1751285073590,2025-06-30T15:04:33.590,41.270,0.112,0.115,1.105
1751285073600,2025-06-30T15:04:33.600,41.280,0.115,0.111,1.106
1751285073610,2025-06-30T15:04:33.610,41.290,0.095,0.111,1.094
1751285073620,2025-06-30T15:04:33.620,41.300,0.076,0.112,1.081
1751285073630,2025-06-30T15:04:33.630,41.310,0.065,0.111,1.076
1751285073640,2025-06-30T15:04:33.640,41.320,0.058,0.112,1.070
1751285073650,2025-06-30T15:04:33.650,41.330,0.051,0.108,1.066
1751285073660,2025-06-30T15:04:33.660,41.340,0.055,0.108,1.066
1751285073670,2025-06-30T15:04:33.670,41.350,0.056,0.105,1.064
1751285073680,2025-06-30T15:04:33.680,41.360,0.058,0.103,1.058
1751285073690,2025-06-30T15:04:33.690,41.370,0.063,0.102,1.056
1751285073700,2025-06-30T15:04:33.700,41.380,0.059,0.100,1.054
1751285073710,2025-06-30T15:04:33.710,41.390,0.069,0.098,1.049
1751285073720,2025-06-30T15:04:33.720,41.400,0.093,0.104,1.052
1751285073730,2025-06-30T15:04:33.730,41.410,0.107,0.104,1.063
1751285073740,2025-06-30T15:04:33.740,41.420,0.094,0.095,1.063
1751285073750,2025-06-30T15:04:33.750,41.430,0.100,0.094,1.059
1751285073760,2025-06-30T15:04:33.760,41.440,0.114,0.102,1.064
1751285073770,2025-06-30T15:04:33.770,41.450,0.113,0.110,1.065
1751285073780,2025-06-30T15:04:33.780,41.460,0.126,0.117,1.062
1751285073790,2025-06-30T15:04:33.790,41.470,0.154,0.126,1.070
1751285073800,2025-06-30T15:04:33.800,41.480,0.170,0.132,1.081
1751285073810,2025-06-30T15:04:33.810,41.490,0.156,0.127,1.082
1751285073820,2025-06-30T15:04:33.820,41.500,0.140,0.123,1.071
1751285073830,2025-06-30T15:04:33.830,41.510,0.126,0.125,1.063
1751285073840,2025-06-30T15:04:33.840,41.520,0.103,0.134,1.050
1751285073850,2025-06-30T15:04:33.850,41.530,0.077,0.158,1.052
1751285073860,2025-06-30T15:04:33.860,41.540,0.064,0.178,1.057
1751285073870,2025-06-30T15:04:33.870,41.550,0.066,0.190,1.064
1751285073880,2025-06-30T15:04:33.880,41.560,0.051,0.203,1.066
1751285073890,2025-06-30T15:04:33.890,41.570,0.018,0.215,1.054
1751285073900,2025-06-30T15:04:33.900,41.580,-0.016,0.227,1.048
1751285073910,2025-06-30T15:04:33.910,41.590,-0.052,0.246,1.048
1751285073920,2025-06-30T15:04:33.920,41.600,-0.078,0.264,1.037
1751285073930,2025-06-30T15:04:33.930,41.610,-0.103,0.282,1.019
1751285073940,2025-06-30T15:04:33.940,41.620,-0.132,0.291,1.010
1751285073950,2025-06-30T15:04:33.950,41.630,-0.163,0.298,0.995
1751285073960,2025-06-30T15:04:33.960,41.640,-0.189,0.309,0.996
1751285073970,2025-06-30T15:04:33.970,41.650,-0.226,0.314,0.975
1751285073980,2025-06-30T15:04:33.980,41.660,-0.256,0.317,0.967
1751285073990,2025-06-30T15:04:33.990,41.670,-0.271,0.317,0.981
1751285074000,2025-06-30T15:04:34.000,41.680,-0.286,0.311,0.980
1751285074010,2025-06-30T15:04:34.010,41.690,-0.307,0.308,0.963
1751285074020,2025-06-30T15:04:34.020,41.700,-0.344,0.309,0.952
1751285074030,2025-06-30T15:04:34.030,41.710,-0.413,0.308,0.932
1751285074040,2025-06-30T15:04:34.040,41.720,-0.522,0.303,0.901
1751285074050,2025-06-30T15:04:34.050,41.730,-0.573,0.281,0.878
1751285074060,2025-06-30T15:04:34.060,41.740,-0.552,0.267,0.889
1751285074070,2025-06-30T15:04:34.070,41.750,-0.561,0.254,0.889
1751285074080,2025-06-30T15:04:34.080,41.760,-0.583,0.250,0.882
1751285074090,2025-06-30T15:04:34.090,41.770,-0.563,0.235,0.881
1751285074100,2025-06-30T15:04:34.100,41.780,-0.519,0.229,0.881
1751285074110,2025-06-30T15:04:34.110,41.790,-0.515,0.224,0.878
1751285074120,2025-06-30T15:04:34.120,41.800,-0.523,0.215,0.870
1751285074130,2025-06-30T15:04:34.130,41.810,-0.563,0.210,0.862
1751285074140,2025-06-30T15:04:34.140,41.820,-0.573,0.202,0.868
1751285074150,2025-06-30T15:04:34.150,41.830,-0.556,0.209,0.877
1751285074160,2025-06-30T15:04:34.160,41.840,-0.585,0.232,0.880
1751285074170,2025-06-30T15:04:34.170,41.850,-0.616,0.238,0.885
1751285074180,2025-06-30T15:04:34.180,41.860,-0.613,0.242,0.889
1751285074190,2025-06-30T15:04:34.190,41.870,-0.588,0.250,0.893
1751285074200,2025-06-30T15:04:34.200,41.880,-0.596,0.248,0.893
1751285074210,2025-06-30T15:04:34.210,41.890,-0.593,0.239,0.904
1751285074220,2025-06-30T15:04:34.220,41.900,-0.566,0.244,0.916
1751285074230,2025-06-30T15:04:34.230,41.910,-0.581,0.247,0.920
1751285074240,2025-06-30T15:04:34.240,41.920,-0.578,0.247,0.926
1751285074250,2025-06-30T15:04:34.250,41.930,-0.565,0.253,0.931
1751285074260,2025-06-30T15:04:34.260,41.940,-0.583,0.260,0.933
1751285074270,2025-06-30T15:04:34.270,41.950,-0.592,0.255,0.934
1751285074280,2025-06-30T15:04:34.280,41.960,-0.592,0.253,0.938
1751285074290,2025-06-30T15:04:34.290,41.970,-0.588,0.254,0.936
1751285074300,2025-06-30T15:04:34.300,41.980,-0.574,0.254,0.933
1751285074310,2025-06-30T15:04:34.310,41.990,-0.537,0.255,0.934
1751285074320,2025-06-30T15:04:34.320,42.000,-0.488,0.259,0.932
1751285074330,2025-06-30T15:04:34.330,42.010,-0.453,0.250,0.926
1751285074340,2025-06-30T15:04:34.340,42.020,-0.420,0.233,0.926
1751285074350,2025-06-30T15:04:34.350,42.030,-0.387,0.227,0.931
1751285074360,2025-06-30T15:04:34.360,42.040,-0.361,0.226,0.932
1751285074370,2025-06-30T15:04:34.370,42.050,-0.359,0.226,0.930
1751285074380,2025-06-30T15:04:34.380,42.060,-0.354,0.230,0.922
1751285074390,2025-06-30T15:04:34.390,42.070,-0.324,0.240,0.931
1751285074400,2025-06-30T15:04:34.400,42.080,-0.287,0.250,0.943
1751285074410,2025-06-30T15:04:34.410,42.090,-0.245,0.260,0.949
1751285074420,2025-06-30T15:04:34.420,42.100,-0.190,0.265,0.959
1751285074430,2025-06-30T15:04:34.430,42.110,-0.138,0.269,0.961
1751285074440,2025-06-30T15:04:34.440,42.120,-0.086,0.271,0.952
1751285074450,2025-06-30T15:04:34.450,42.130,-0.013,0.279,0.960
1751285074460,2025-06-30T15:04:34.460,42.140,0.093,0.277,0.995
1751285074470,2025-06-30T15:04:34.470,42.150,0.197,0.261,1.043
1751285074480,2025-06-30T15:04:34.480,42.160,0.292,0.236,1.093
1751285074490,2025-06-30T15:04:34.490,42.170,0.389,0.193,1.117
1751285074500,2025-06-30T15:04:34.500,42.180,0.367,0.159,1.085
1751285074510,2025-06-30T15:04:34.510,42.190,0.198,0.148,1.040
1751285074520,2025-06-30T15:04:34.520,42.200,0.090,0.144,1.014
1751285074530,2025-06-30T15:04:34.530,42.210,0.070,0.152,1.052
1751285074540,2025-06-30T15:04:34.540,42.220,0.054,0.147,1.073
1751285074550,2025-06-30T15:04:34.550,42.230,0.080,0.124,1.070
1751285074560,2025-06-30T15:04:34.560,42.240,0.176,0.103,1.080
1751285074570,2025-06-30T15:04:34.570,42.250,0.272,0.090,1.099
1751285074580,2025-06-30T15:04:34.580,42.260,0.295,0.081,1.105
1751285074590,2025-06-30T15:04:34.590,42.270,0.277,0.073,1.090
1751285074600,2025-06-30T15:04:34.600,42.280,0.223,0.073,1.069
1751285074610,2025-06-30T15:04:34.610,42.290,0.146,0.079,1.050
1751285074620,2025-06-30T15:04:34.620,42.300,0.088,0.089,1.031
1751285074630,2025-06-30T15:04:34.630,42.310,0.061,0.092,1.025
1751285074640,2025-06-30T15:04:34.640,42.320,0.071,0.091,1.021
1751285074650,2025-06-30T15:04:34.650,42.330,0.099,0.093,1.030
1751285074660,2025-06-30T15:04:34.660,42.340,0.116,0.098,1.036
1751285074670,2025-06-30T15:04:34.670,42.350,0.143,0.099,1.039
1751285074680,2025-06-30T15:04:34.680,42.360,0.172,0.096,1.035
1751285074690,2025-06-30T15:04:34.690,42.370,0.178,0.092,1.035
1751285074700,2025-06-30T15:04:34.700,42.380,0.164,0.085,1.035
1751285074710,2025-06-30T15:04:34.710,42.390,0.141,0.079,1.029
1751285074720,2025-06-30T15:04:34.720,42.400,0.136,0.078,1.023
1751285074730,2025-06-30T15:04:34.730,42.410,0.141,0.078,1.030
1751285074740,2025-06-30T15:04:34.740,42.420,0.154,0.070,1.045
1751285074750,2025-06-30T15:04:34.750,42.430,0.178,0.069,1.053
1751285074760,2025-06-30T15:04:34.760,42.440,0.213,0.069,1.056
1751285074770,2025-06-30T15:04:34.770,42.450,0.224,0.071,1.064
1751285074780,2025-06-30T15:04:34.780,42.460,0.211,0.074,1.069
1751285074790,2025-06-30T15:04:34.790,42.470,0.202,0.074,1.070
1751285074800,2025-06-30T15:04:34.800,42.480,0.195,0.080,1.068
1751285074810,2025-06-30T15:04:34.810,42.490,0.181,0.094,1.060
1751285074820,2025-06-30T15:04:34.820,42.500,0.173,0.104,1.059
1751285074830,2025-06-30T15:04:34.830,42.510,0.182,0.108,1.059
1751285074840,2025-06-30T15:04:34.840,42.520,0.187,0.114,1.054
1751285074850,2025-06-30T15:04:34.850,42.530,0.169,0.126,1.044
1751285074860,2025-06-30T15:04:34.860,42.540,0.158,0.138,1.032
1751285074870,2025-06-30T15:04:34.870,42.550,0.146,0.142,1.027
1751285074880,2025-06-30T15:04:34.880,42.560,0.120,0.148,1.022
1751285074890,2025-06-30T15:04:34.890,42.570,0.097,0.159,1.015
1751285074900,2025-06-30T15:04:34.900,42.580,0.077,0.176,1.007
1751285074910,2025-06-30T15:04:34.910,42.590,0.061,0.190,1.005
1751285074920,2025-06-30T15:04:34.920,42.600,0.029,0.202,1.016
1751285074930,2025-06-30T15:04:34.930,42.610,-0.009,0.215,1.007
1751285074940,2025-06-30T15:04:34.940,42.620,-0.031,0.229,0.994
1751285074950,2025-06-30T15:04:34.950,42.630,-0.059,0.246,0.993
1751285074960,2025-06-30T15:04:34.960,42.640,-0.101,0.265,0.999
1751285074970,2025-06-30T15:04:34.970,42.650,-0.146,0.276,0.994
1751285074980,2025-06-30T15:04:34.980,42.660,-0.175,0.289,0.998
1751285074990,2025-06-30T15:04:34.990,42.670,-0.199,0.296,0.998
1751285075000,2025-06-30T15:04:35.000,42.680,-0.221,0.295,1.004
1751285075010,2025-06-30T15:04:35.010,42.690,-0.250,0.299,1.021
1751285075020,2025-06-30T15:04:35.020,42.700,-0.267,0.300,1.028
1751285075030,2025-06-30T15:04:35.030,42.710,-0.271,0.301,1.021
1751285075040,2025-06-30T15:04:35.040,42.720,-0.314,0.307,1.019
1751285075050,2025-06-30T15:04:35.050,42.730,-0.376,0.307,0.990
1751285075060,2025-06-30T15:04:35.060,42.740,-0.443,0.310,0.954
1751285075070,2025-06-30T15:04:35.070,42.750,-0.511,0.298,0.926
1751285075080,2025-06-30T15:04:35.080,42.760,-0.531,0.280,0.922
1751285075090,2025-06-30T15:04:35.090,42.770,-0.534,0.272,0.932
1751285075100,2025-06-30T15:04:35.100,42.780,-0.516,0.261,0.943
1751285075110,2025-06-30T15:04:35.110,42.790,-0.482,0.256,0.945
1751285075120,2025-06-30T15:04:35.120,42.800,-0.466,0.253,0.943
1751285075130,2025-06-30T15:04:35.130,42.810,-0.478,0.248,0.933
1751285075140,2025-06-30T15:04:35.140,42.820,-0.491,0.237,0.920
1751285075150,2025-06-30T15:04:35.150,42.830,-0.515,0.231,0.900
1751285075160,2025-06-30T15:04:35.160,42.840,-0.564,0.231,0.888
1751285075170,2025-06-30T15:04:35.170,42.850,-0.592,0.229,0.885
1751285075180,2025-06-30T15:04:35.180,42.860,-0.614,0.232,0.880
1751285075190,2025-06-30T15:04:35.190,42.870,-0.635,0.230,0.872
1751285075200,2025-06-30T15:04:35.200,42.880,-0.623,0.221,0.876
1751285075210,2025-06-30T15:04:35.210,42.890,-0.607,0.227,0.894
1751285075220,2025-06-30T15:04:35.220,42.900,-0.595,0.232,0.904
1751285075230,2025-06-30T15:04:35.230,42.910,-0.571,0.235,0.909
1751285075240,2025-06-30T15:04:35.240,42.920,-0.564,0.239,0.917
1751285075250,2025-06-30T15:04:35.250,42.930,-0.564,0.238,0.923
1751285075260,2025-06-30T15:04:35.260,42.940,-0.546,0.243,0.942
1751285075270,2025-06-30T15:04:35.270,42.950,-0.564,0.250,0.939
1751285075280,2025-06-30T15:04:35.280,42.960,-0.587,0.253,0.932
1751285075290,2025-06-30T15:04:35.290,42.970,-0.587,0.254,0.923
1751285075300,2025-06-30T15:04:35.300,42.980,-0.595,0.256,0.920
1751285075310,2025-06-30T15:04:35.310,42.990,-0.576,0.254,0.926
1751285075320,2025-06-30T15:04:35.320,43.000,-0.534,0.261,0.940
1751285075330,2025-06-30T15:04:35.330,43.010,-0.498,0.267,0.943
1751285075340,2025-06-30T15:04:35.340,43.020,-0.492,0.266,0.925
1751285075350,2025-06-30T15:04:35.350,43.030,-0.481,0.258,0.913
1751285075360,2025-06-30T15:04:35.360,43.040,-0.439,0.263,0.916
1751285075370,2025-06-30T15:04:35.370,43.050,-0.414,0.267,0.924
1751285075380,2025-06-30T15:04:35.380,43.060,-0.380,0.253,0.921
1751285075390,2025-06-30T15:04:35.390,43.070,-0.323,0.249,0.917
1751285075400,2025-06-30T15:04:35.400,43.080,-0.278,0.256,0.912
1751285075410,2025-06-30T15:04:35.410,43.090,-0.264,0.252,0.902
1751285075420,2025-06-30T15:04:35.420,43.100,-0.248,0.250,0.893
1751285075430,2025-06-30T15:04:35.430,43.110,-0.216,0.250,0.894
1751285075440,2025-06-30T15:04:35.440,43.120,-0.184,0.254,0.896
1751285075450,2025-06-30T15:04:35.450,43.130,-0.141,0.258,0.898
1751285075460,2025-06-30T15:04:35.460,43.140,-0.089,0.260,0.893
1751285075470,2025-06-30T15:04:35.470,43.150,-0.022,0.261,0.889
1751285075480,2025-06-30T15:04:35.480,43.160,0.048,0.250,0.896
1751285075490,2025-06-30T15:04:35.490,43.170,0.100,0.236,0.918
1751285075500,2025-06-30T15:04:35.500,43.180,0.127,0.225,0.945
1751285075510,2025-06-30T15:04:35.510,43.190,0.180,0.215,0.974
1751285075520,2025-06-30T15:04:35.520,43.200,0.265,0.208,1.025
1751285075530,2025-06-30T15:04:35.530,43.210,0.357,0.203,1.085
1751285075540,2025-06-30T15:04:35.540,43.220,0.495,0.173,1.141
1751285075550,2025-06-30T15:04:35.550,43.230,0.497,0.131,1.116
1751285075560,2025-06-30T15:04:35.560,43.240,0.293,0.111,1.063
1751285075570,2025-06-30T15:04:35.570,43.250,0.142,0.131,1.061
1751285075580,2025-06-30T15:04:35.580,43.260,0.098,0.150,1.117
1751285075590,2025-06-30T15:04:35.590,43.270,0.074,0.154,1.145
1751285075600,2025-06-30T15:04:35.600,43.280,0.118,0.135,1.143
1751285075610,2025-06-30T15:04:35.610,43.290,0.205,0.129,1.160
1751285075620,2025-06-30T15:04:35.620,43.300,0.264,0.126,1.179
1751285075630,2025-06-30T15:04:35.630,43.310,0.268,0.124,1.175
1751285075640,2025-06-30T15:04:35.640,43.320,0.230,0.124,1.154
1751285075650,2025-06-30T15:04:35.650,43.330,0.180,0.128,1.126
1751285075660,2025-06-30T15:04:35.660,43.340,0.117,0.142,1.105
1751285075670,2025-06-30T15:04:35.670,43.350,0.071,0.144,1.099
1751285075680,2025-06-30T15:04:35.680,43.360,0.057,0.132,1.093
1751285075690,2025-06-30T15:04:35.690,43.370,0.060,0.124,1.094
1751285075700,2025-06-30T15:04:35.700,43.380,0.066,0.125,1.098
1751285075710,2025-06-30T15:04:35.710,43.390,0.071,0.131,1.094
1751285075720,2025-06-30T15:04:35.720,43.400,0.082,0.138,1.090
1751285075730,2025-06-30T15:04:35.730,43.410,0.087,0.140,1.085
1751285075740,2025-06-30T15:04:35.740,43.420,0.082,0.137,1.082
1751285075750,2025-06-30T15:04:35.750,43.430,0.086,0.130,1.077
1751285075760,2025-06-30T15:04:35.760,43.440,0.100,0.124,1.075
1751285075770,2025-06-30T15:04:35.770,43.450,0.121,0.118,1.075
1751285075780,2025-06-30T15:04:35.780,43.460,0.147,0.121,1.077
1751285075790,2025-06-30T15:04:35.790,43.470,0.165,0.123,1.076
1751285075800,2025-06-30T15:04:35.800,43.480,0.164,0.126,1.074
1751285075810,2025-06-30T15:04:35.810,43.490,0.163,0.130,1.068
1751285075820,2025-06-30T15:04:35.820,43.500,0.192,0.144,1.059
1751285075830,2025-06-30T15:04:35.830,43.510,0.225,0.155,1.059
1751285075840,2025-06-30T15:04:35.840,43.520,0.220,0.148,1.064
1751285075850,2025-06-30T15:04:35.850,43.530,0.216,0.129,1.074
1751285075860,2025-06-30T15:04:35.860,43.540,0.225,0.116,1.101
1751285075870,2025-06-30T15:04:35.870,43.550,0.229,0.115,1.143
1751285075880,2025-06-30T15:04:35.880,43.560,0.217,0.123,1.138
1751285075890,2025-06-30T15:04:35.890,43.570,0.200,0.158,1.105
1751285075900,2025-06-30T15:04:35.900,43.580,0.168,0.198,1.069
1751285075910,2025-06-30T15:04:35.910,43.590,0.147,0.224,1.051
1751285075920,2025-06-30T15:04:35.920,43.600,0.170,0.230,1.047
1751285075930,2025-06-30T15:04:35.930,43.610,0.177,0.225,1.033
1751285075940,2025-06-30T15:04:35.940,43.620,0.154,0.219,1.008
1751285075950,2025-06-30T15:04:35.950,43.630,0.114,0.232,0.990
1751285075960,2025-06-30T15:04:35.960,43.640,0.066,0.253,0.979
1751285075970,2025-06-30T15:04:35.970,43.650,0.029,0.277,0.966
1751285075980,2025-06-30T15:04:35.980,43.660,0.003,0.306,0.960
1751285075990,2025-06-30T15:04:35.990,43.670,-0.034,0.325,0.946
1751285076000,2025-06-30T15:04:36.000,43.680,-0.096,0.347,0.927
1751285076010,2025-06-30T15:04:36.010,43.690,-0.176,0.369,0.918
1751285076020,2025-06-30T15:04:36.020,43.700,-0.239,0.372,0.905
1751285076030,2025-06-30T15:04:36.030,43.710,-0.270,0.375,0.915
1751285076040,2025-06-30T15:04:36.040,43.720,-0.291,0.369,0.947
1751285076050,2025-06-30T15:04:36.050,43.730,-0.328,0.372,0.939
1751285076060,2025-06-30T15:04:36.060,43.740,-0.362,0.385,0.945
1751285076070,2025-06-30T15:04:36.070,43.750,-0.377,0.383,0.940
1751285076080,2025-06-30T15:04:36.080,43.760,-0.423,0.366,0.950
1751285076090,2025-06-30T15:04:36.090,43.770,-0.496,0.362,0.952
1751285076100,2025-06-30T15:04:36.100,43.780,-0.589,0.369,0.915
1751285076110,2025-06-30T15:04:36.110,43.790,-0.680,0.363,0.876
1751285076120,2025-06-30T15:04:36.120,43.800,-0.714,0.347,0.851
1751285076130,2025-06-30T15:04:36.130,43.810,-0.736,0.335,0.835
1751285076140,2025-06-30T15:04:36.140,43.820,-0.762,0.315,0.825
1751285076150,2025-06-30T15:04:36.150,43.830,-0.745,0.288,0.841
1751285076160,2025-06-30T15:04:36.160,43.840,-0.681,0.273,0.871
1751285076170,2025-06-30T15:04:36.170,43.850,-0.634,0.271,0.882
1751285076180,2025-06-30T15:04:36.180,43.860,-0.624,0.272,0.882
1751285076190,2025-06-30T15:04:36.190,43.870,-0.625,0.268,0.878
1751285076200,2025-06-30T15:04:36.200,43.880,-0.660,0.256,0.861
1751285076210,2025-06-30T15:04:36.210,43.890,-0.693,0.242,0.839
1751285076220,2025-06-30T15:04:36.220,43.900,-0.713,0.227,0.828
1751285076230,2025-06-30T15:04:36.230,43.910,-0.703,0.216,0.835
1751285076240,2025-06-30T15:04:36.240,43.920,-0.688,0.225,0.854
1751285076250,2025-06-30T15:04:36.250,43.930,-0.666,0.230,0.874
1751285076260,2025-06-30T15:04:36.260,43.940,-0.627,0.232,0.876
1751285076270,2025-06-30T15:04:36.270,43.950,-0.606,0.236,0.875
1751285076280,2025-06-30T15:04:36.280,43.960,-0.586,0.239,0.882
1751285076290,2025-06-30T15:04:36.290,43.970,-0.587,0.251,0.888
1751285076300,2025-06-30T15:04:36.300,43.980,-0.608,0.260,0.885
1751285076310,2025-06-30T15:04:36.310,43.990,-0.597,0.270,0.885
1751285076320,2025-06-30T15:04:36.320,44.000,-0.568,0.282,0.906
1751285076330,2025-06-30T15:04:36.330,44.010,-0.547,0.288,0.922
1751285076340,2025-06-30T15:04:36.340,44.020,-0.535,0.293,0.921
1751285076350,2025-06-30T15:04:36.350,44.030,-0.518,0.301,0.907
