epoch (ms),time (03:00),elapsed (s),x-axis (g),y-axis (g),z-axis (g)
1750844732766,2025-06-25T12:45:32.766,0.000,0.313,0.125,1.331
1750844732776,2025-06-25T12:45:32.776,0.010,0.358,0.103,1.287
1750844732786,2025-06-25T12:45:32.786,0.020,0.377,0.104,1.208
1750844732796,2025-06-25T12:45:32.796,0.030,0.360,0.101,1.146
1750844732806,2025-06-25T12:45:32.806,0.040,0.318,0.076,1.082
1750844732816,2025-06-25T12:45:32.816,0.050,0.275,0.043,1.001
1750844732826,2025-06-25T12:45:32.826,0.060,0.263,0.015,0.926
1750844732836,2025-06-25T12:45:32.836,0.070,0.262,-0.002,0.864
1750844732846,2025-06-25T12:45:32.846,0.080,0.243,-0.017,0.817
1750844732856,2025-06-25T12:45:32.856,0.090,0.231,-0.025,0.751
1750844732866,2025-06-25T12:45:32.866,0.100,0.231,-0.019,0.691
1750844732876,2025-06-25T12:45:32.876,0.110,0.202,-0.018,0.646
1750844732886,2025-06-25T12:45:32.886,0.120,0.177,-0.029,0.596
1750844732896,2025-06-25T12:45:32.896,0.130,0.106,-0.037,0.562
1750844732906,2025-06-25T12:45:32.906,0.140,-0.014,-0.048,0.525
1750844732916,2025-06-25T12:45:32.916,0.150,-0.123,-0.061,0.504
1750844732926,2025-06-25T12:45:32.926,0.160,-0.259,-0.074,0.535
1750844732936,2025-06-25T12:45:32.936,0.170,-0.379,-0.084,0.580
1750844732946,2025-06-25T12:45:32.946,0.180,-0.435,-0.089,0.616
1750844732956,2025-06-25T12:45:32.956,0.190,-0.492,-0.085,0.618
1750844732966,2025-06-25T12:45:32.966,0.200,-0.500,-0.080,0.615
1750844732976,2025-06-25T12:45:32.976,0.210,-0.574,-0.081,0.606
1750844732986,2025-06-25T12:45:32.986,0.220,-0.679,-0.080,0.613
1750844732996,2025-06-25T12:45:32.996,0.230,-0.748,-0.063,0.633
1750844733006,2025-06-25T12:45:33.006,0.240,-0.795,-0.032,0.664
1750844733016,2025-06-25T12:45:33.016,0.250,-0.754,-0.031,0.700
1750844733026,2025-06-25T12:45:33.026,0.260,-0.688,-0.044,0.736
1750844733036,2025-06-25T12:45:33.036,0.270,-0.628,-0.066,0.788
1750844733046,2025-06-25T12:45:33.046,0.280,-0.569,-0.085,0.816
1750844733056,2025-06-25T12:45:33.056,0.290,-0.574,-0.081,0.820
1750844733066,2025-06-25T12:45:33.066,0.300,-0.564,-0.085,0.833
1750844733076,2025-06-25T12:45:33.076,0.310,-0.503,-0.101,0.855
1750844733086,2025-06-25T12:45:33.086,0.320,-0.447,-0.104,0.871
1750844733096,2025-06-25T12:45:33.096,0.330,-0.405,-0.099,0.856
1750844733106,2025-06-25T12:45:33.106,0.340,-0.366,-0.100,0.839
1750844733116,2025-06-25T12:45:33.116,0.350,-0.307,-0.111,0.818
1750844733126,2025-06-25T12:45:33.126,0.360,-0.267,-0.125,0.806
1750844733136,2025-06-25T12:45:33.136,0.370,-0.255,-0.139,0.797
1750844733146,2025-06-25T12:45:33.146,0.380,-0.228,-0.147,0.780
1750844733156,2025-06-25T12:45:33.156,0.390,-0.214,-0.143,0.751
1750844733166,2025-06-25T12:45:33.166,0.400,-0.206,-0.146,0.711
1750844733176,2025-06-25T12:45:33.176,0.410,-0.198,-0.152,0.648
1750844733186,2025-06-25T12:45:33.186,0.420,-0.179,-0.157,0.597
1750844733196,2025-06-25T12:45:33.196,0.430,-0.125,-0.163,0.555
1750844733206,2025-06-25T12:45:33.206,0.440,-0.130,-0.151,0.503
1750844733216,2025-06-25T12:45:33.216,0.450,-0.128,-0.136,0.446
1750844733226,2025-06-25T12:45:33.226,0.460,-0.119,-0.115,0.434
1750844733236,2025-06-25T12:45:33.236,0.470,-0.144,-0.102,0.453
1750844733246,2025-06-25T12:45:33.246,0.480,-0.154,-0.093,0.415
1750844733256,2025-06-25T12:45:33.256,0.490,-0.207,-0.096,0.413
1750844733266,2025-06-25T12:45:33.266,0.500,-0.250,-0.125,0.486
1750844733276,2025-06-25T12:45:33.276,0.510,-0.260,-0.114,0.482
1750844733286,2025-06-25T12:45:33.286,0.520,-0.294,-0.042,0.506
1750844733296,2025-06-25T12:45:33.296,0.530,-0.355,0.024,0.564
1750844733306,2025-06-25T12:45:33.306,0.540,-0.406,0.083,0.599
1750844733316,2025-06-25T12:45:33.316,0.550,-0.458,0.136,0.668
1750844733326,2025-06-25T12:45:33.326,0.560,-0.528,0.153,0.768
1750844733336,2025-06-25T12:45:33.336,0.570,-0.653,0.192,0.805
1750844733346,2025-06-25T12:45:33.346,0.580,-0.720,0.227,0.834
1750844733356,2025-06-25T12:45:33.356,0.590,-0.747,0.246,0.892
1750844733366,2025-06-25T12:45:33.366,0.600,-0.788,0.265,0.973
1750844733376,2025-06-25T12:45:33.376,0.610,-0.771,0.277,1.076
1750844733386,2025-06-25T12:45:33.386,0.620,-0.762,0.302,1.192
1750844733396,2025-06-25T12:45:33.396,0.630,-0.754,0.321,1.298
1750844733406,2025-06-25T12:45:33.406,0.640,-0.746,0.343,1.367
1750844733416,2025-06-25T12:45:33.416,0.650,-0.787,0.402,1.379
1750844733426,2025-06-25T12:45:33.426,0.660,-0.836,0.460,1.376
1750844733436,2025-06-25T12:45:33.436,0.670,-0.879,0.498,1.398
1750844733446,2025-06-25T12:45:33.446,0.680,-0.837,0.489,1.495
1750844733456,2025-06-25T12:45:33.456,0.690,-0.715,0.442,1.628
1750844733466,2025-06-25T12:45:33.466,0.700,-0.558,0.402,1.740
1750844733476,2025-06-25T12:45:33.476,0.710,-0.416,0.413,1.802
1750844733486,2025-06-25T12:45:33.486,0.720,-0.417,0.443,1.841
1750844733496,2025-06-25T12:45:33.496,0.730,-0.458,0.446,1.847
1750844733506,2025-06-25T12:45:33.506,0.740,-0.438,0.449,1.812
1750844733516,2025-06-25T12:45:33.516,0.750,-0.390,0.462,1.779
1750844733526,2025-06-25T12:45:33.526,0.760,-0.282,0.467,1.752
1750844733536,2025-06-25T12:45:33.536,0.770,-0.131,0.459,1.740
1750844733546,2025-06-25T12:45:33.546,0.780,0.050,0.446,1.737
1750844733556,2025-06-25T12:45:33.556,0.790,0.250,0.423,1.726
1750844733566,2025-06-25T12:45:33.566,0.800,0.423,0.382,1.716
1750844733576,2025-06-25T12:45:33.576,0.810,0.533,0.328,1.675
1750844733586,2025-06-25T12:45:33.586,0.820,0.591,0.283,1.626
1750844733596,2025-06-25T12:45:33.596,0.830,0.574,0.230,1.565
1750844733606,2025-06-25T12:45:33.606,0.840,0.478,0.187,1.478
1750844733616,2025-06-25T12:45:33.616,0.850,0.401,0.157,1.373
1750844733626,2025-06-25T12:45:33.626,0.860,0.365,0.132,1.298
1750844733636,2025-06-25T12:45:33.636,0.870,0.357,0.093,1.226
1750844733646,2025-06-25T12:45:33.646,0.880,0.359,0.056,1.152
1750844733656,2025-06-25T12:45:33.656,0.890,0.347,0.025,1.089
1750844733666,2025-06-25T12:45:33.666,0.900,0.333,-0.004,1.035
1750844733676,2025-06-25T12:45:33.676,0.910,0.301,-0.010,0.979
1750844733686,2025-06-25T12:45:33.686,0.920,0.246,-0.002,0.911
1750844733696,2025-06-25T12:45:33.696,0.930,0.194,0.010,0.833
1750844733706,2025-06-25T12:45:33.706,0.940,0.114,0.026,0.774
1750844733716,2025-06-25T12:45:33.716,0.950,-0.014,0.030,0.701
1750844733726,2025-06-25T12:45:33.726,0.960,-0.172,0.027,0.604
1750844733736,2025-06-25T12:45:33.736,0.970,-0.299,0.016,0.529
1750844733746,2025-06-25T12:45:33.746,0.980,-0.407,-0.031,0.513
1750844733756,2025-06-25T12:45:33.756,0.990,-0.438,-0.090,0.492
1750844733766,2025-06-25T12:45:33.766,1.000,-0.374,-0.119,0.477
1750844733776,2025-06-25T12:45:33.776,1.010,-0.308,-0.108,0.502
1750844733786,2025-06-25T12:45:33.786,1.020,-0.333,-0.084,0.511
1750844733796,2025-06-25T12:45:33.796,1.030,-0.462,-0.073,0.494
1750844733806,2025-06-25T12:45:33.806,1.040,-0.513,-0.091,0.500
1750844733816,2025-06-25T12:45:33.816,1.050,-0.529,-0.096,0.529
1750844733826,2025-06-25T12:45:33.826,1.060,-0.557,-0.103,0.559
1750844733836,2025-06-25T12:45:33.836,1.070,-0.493,-0.109,0.618
1750844733846,2025-06-25T12:45:33.846,1.080,-0.421,-0.123,0.688
1750844733856,2025-06-25T12:45:33.856,1.090,-0.414,-0.135,0.749
1750844733866,2025-06-25T12:45:33.866,1.100,-0.455,-0.131,0.785
1750844733876,2025-06-25T12:45:33.876,1.110,-0.454,-0.125,0.820
1750844733886,2025-06-25T12:45:33.886,1.120,-0.429,-0.114,0.838
1750844733896,2025-06-25T12:45:33.896,1.130,-0.411,-0.102,0.855
1750844733906,2025-06-25T12:45:33.906,1.140,-0.368,-0.101,0.861
1750844733916,2025-06-25T12:45:33.916,1.150,-0.305,-0.104,0.848
1750844733926,2025-06-25T12:45:33.926,1.160,-0.261,-0.106,0.850
1750844733936,2025-06-25T12:45:33.936,1.170,-0.225,-0.118,0.852
1750844733946,2025-06-25T12:45:33.946,1.180,-0.218,-0.116,0.829
1750844733956,2025-06-25T12:45:33.956,1.190,-0.262,-0.111,0.790
1750844733966,2025-06-25T12:45:33.966,1.200,-0.281,-0.115,0.757
1750844733976,2025-06-25T12:45:33.976,1.210,-0.273,-0.128,0.738
1750844733986,2025-06-25T12:45:33.986,1.220,-0.249,-0.135,0.714
1750844733996,2025-06-25T12:45:33.996,1.230,-0.203,-0.139,0.689
1750844734006,2025-06-25T12:45:34.006,1.240,-0.187,-0.141,0.652
1750844734016,2025-06-25T12:45:34.016,1.250,-0.201,-0.137,0.610
1750844734026,2025-06-25T12:45:34.026,1.260,-0.187,-0.141,0.564
1750844734036,2025-06-25T12:45:34.036,1.270,-0.158,-0.142,0.517
1750844734046,2025-06-25T12:45:34.046,1.280,-0.162,-0.130,0.482
1750844734056,2025-06-25T12:45:34.056,1.290,-0.201,-0.116,0.463
1750844734066,2025-06-25T12:45:34.066,1.300,-0.230,-0.126,0.497
1750844734076,2025-06-25T12:45:34.076,1.310,-0.270,-0.144,0.530
1750844734086,2025-06-25T12:45:34.086,1.320,-0.296,-0.137,0.512
1750844734096,2025-06-25T12:45:34.096,1.330,-0.359,-0.086,0.480
1750844734106,2025-06-25T12:45:34.106,1.340,-0.472,-0.033,0.492
1750844734116,2025-06-25T12:45:34.116,1.350,-0.551,0.016,0.502
1750844734126,2025-06-25T12:45:34.126,1.360,-0.622,0.062,0.543
1750844734136,2025-06-25T12:45:34.136,1.370,-0.584,0.069,0.589
1750844734146,2025-06-25T12:45:34.146,1.380,-0.489,0.049,0.692
1750844734156,2025-06-25T12:45:34.156,1.390,-0.410,0.069,0.848
1750844734166,2025-06-25T12:45:34.166,1.400,-0.364,0.101,0.973
1750844734176,2025-06-25T12:45:34.176,1.410,-0.413,0.125,1.011
1750844734186,2025-06-25T12:45:34.186,1.420,-0.544,0.175,1.014
1750844734196,2025-06-25T12:45:34.196,1.430,-0.687,0.229,1.050
1750844734206,2025-06-25T12:45:34.206,1.440,-0.744,0.281,1.128
1750844734216,2025-06-25T12:45:34.216,1.450,-0.715,0.332,1.236
1750844734226,2025-06-25T12:45:34.226,1.460,-0.650,0.369,1.347
1750844734236,2025-06-25T12:45:34.236,1.470,-0.617,0.388,1.455
1750844734246,2025-06-25T12:45:34.246,1.480,-0.564,0.399,1.537
1750844734256,2025-06-25T12:45:34.256,1.490,-0.484,0.411,1.608
1750844734266,2025-06-25T12:45:34.266,1.500,-0.436,0.425,1.674
1750844734276,2025-06-25T12:45:34.276,1.510,-0.418,0.431,1.711
1750844734286,2025-06-25T12:45:34.286,1.520,-0.400,0.433,1.737
1750844734296,2025-06-25T12:45:34.296,1.530,-0.343,0.438,1.788
1750844734306,2025-06-25T12:45:34.306,1.540,-0.273,0.438,1.838
1750844734316,2025-06-25T12:45:34.316,1.550,-0.188,0.433,1.856
1750844734326,2025-06-25T12:45:34.326,1.560,-0.093,0.431,1.852
1750844734336,2025-06-25T12:45:34.336,1.570,-0.022,0.416,1.849
1750844734346,2025-06-25T12:45:34.346,1.580,0.055,0.397,1.829
1750844734356,2025-06-25T12:45:34.356,1.590,0.168,0.389,1.784
1750844734366,2025-06-25T12:45:34.366,1.600,0.286,0.380,1.741
1750844734376,2025-06-25T12:45:34.376,1.610,0.350,0.348,1.703
1750844734386,2025-06-25T12:45:34.386,1.620,0.371,0.311,1.650
1750844734396,2025-06-25T12:45:34.396,1.630,0.355,0.279,1.580
1750844734406,2025-06-25T12:45:34.406,1.640,0.326,0.236,1.510
1750844734416,2025-06-25T12:45:34.416,1.650,0.293,0.205,1.437
1750844734426,2025-06-25T12:45:34.426,1.660,0.276,0.172,1.376
1750844734436,2025-06-25T12:45:34.436,1.670,0.280,0.140,1.307
1750844734446,2025-06-25T12:45:34.446,1.680,0.312,0.117,1.228
1750844734456,2025-06-25T12:45:34.456,1.690,0.368,0.110,1.159
1750844734466,2025-06-25T12:45:34.466,1.700,0.424,0.106,1.085
1750844734476,2025-06-25T12:45:34.476,1.710,0.434,0.078,1.029
1750844734486,2025-06-25T12:45:34.486,1.720,0.397,0.031,0.974
1750844734496,2025-06-25T12:45:34.496,1.730,0.369,-0.021,0.910
1750844734506,2025-06-25T12:45:34.506,1.740,0.355,-0.055,0.873
1750844734516,2025-06-25T12:45:34.516,1.750,0.336,-0.065,0.834
1750844734526,2025-06-25T12:45:34.526,1.760,0.323,-0.066,0.781
1750844734536,2025-06-25T12:45:34.536,1.770,0.300,-0.063,0.747
1750844734546,2025-06-25T12:45:34.546,1.780,0.244,-0.071,0.712
1750844734556,2025-06-25T12:45:34.556,1.790,0.203,-0.078,0.676
1750844734566,2025-06-25T12:45:34.566,1.800,0.170,-0.069,0.678
1750844734576,2025-06-25T12:45:34.576,1.810,0.064,-0.069,0.676
1750844734586,2025-06-25T12:45:34.586,1.820,-0.071,-0.084,0.637
1750844734596,2025-06-25T12:45:34.596,1.830,-0.175,-0.098,0.600
1750844734606,2025-06-25T12:45:34.606,1.840,-0.289,-0.097,0.599
1750844734616,2025-06-25T12:45:34.616,1.850,-0.395,-0.106,0.614
1750844734626,2025-06-25T12:45:34.626,1.860,-0.429,-0.140,0.633
1750844734636,2025-06-25T12:45:34.636,1.870,-0.479,-0.157,0.632
1750844734646,2025-06-25T12:45:34.646,1.880,-0.551,-0.163,0.647
1750844734656,2025-06-25T12:45:34.656,1.890,-0.578,-0.155,0.667
1750844734666,2025-06-25T12:45:34.666,1.900,-0.552,-0.137,0.664
1750844734676,2025-06-25T12:45:34.676,1.910,-0.529,-0.112,0.656
1750844734686,2025-06-25T12:45:34.686,1.920,-0.509,-0.079,0.686
1750844734696,2025-06-25T12:45:34.696,1.930,-0.523,-0.072,0.714
1750844734706,2025-06-25T12:45:34.706,1.940,-0.509,-0.089,0.734
1750844734716,2025-06-25T12:45:34.716,1.950,-0.433,-0.095,0.769
1750844734726,2025-06-25T12:45:34.726,1.960,-0.384,-0.097,0.799
1750844734736,2025-06-25T12:45:34.736,1.970,-0.403,-0.108,0.807
1750844734746,2025-06-25T12:45:34.746,1.980,-0.392,-0.126,0.816
1750844734756,2025-06-25T12:45:34.756,1.990,-0.355,-0.140,0.836
1750844734766,2025-06-25T12:45:34.766,2.000,-0.334,-0.144,0.848
1750844734776,2025-06-25T12:45:34.776,2.010,-0.280,-0.151,0.841
1750844734786,2025-06-25T12:45:34.786,2.020,-0.259,-0.151,0.833
1750844734796,2025-06-25T12:45:34.796,2.030,-0.273,-0.154,0.809
1750844734806,2025-06-25T12:45:34.806,2.040,-0.262,-0.150,0.776
1750844734816,2025-06-25T12:45:34.816,2.050,-0.227,-0.149,0.753
1750844734826,2025-06-25T12:45:34.826,2.060,-0.196,-0.151,0.740
1750844734836,2025-06-25T12:45:34.836,2.070,-0.181,-0.145,0.718
1750844734846,2025-06-25T12:45:34.846,2.080,-0.180,-0.132,0.681
1750844734856,2025-06-25T12:45:34.856,2.090,-0.174,-0.125,0.638
1750844734866,2025-06-25T12:45:34.866,2.100,-0.188,-0.115,0.597
1750844734876,2025-06-25T12:45:34.876,2.110,-0.215,-0.110,0.543
1750844734886,2025-06-25T12:45:34.886,2.120,-0.173,-0.117,0.492
1750844734896,2025-06-25T12:45:34.896,2.130,-0.122,-0.118,0.456
1750844734906,2025-06-25T12:45:34.906,2.140,-0.076,-0.109,0.415
1750844734916,2025-06-25T12:45:34.916,2.150,-0.012,-0.085,0.370
1750844734926,2025-06-25T12:45:34.926,2.160,0.030,-0.055,0.317
1750844734936,2025-06-25T12:45:34.936,2.170,-0.011,-0.023,0.326
1750844734946,2025-06-25T12:45:34.946,2.180,-0.150,-0.003,0.367
1750844734956,2025-06-25T12:45:34.956,2.190,-0.254,-0.003,0.374
1750844734966,2025-06-25T12:45:34.966,2.200,-0.347,0.002,0.390
1750844734976,2025-06-25T12:45:34.976,2.210,-0.462,0.021,0.425
1750844734986,2025-06-25T12:45:34.986,2.220,-0.462,0.058,0.513
1750844734996,2025-06-25T12:45:34.996,2.230,-0.440,0.138,0.667
1750844735006,2025-06-25T12:45:35.006,2.240,-0.435,0.179,0.811
1750844735016,2025-06-25T12:45:35.016,2.250,-0.451,0.200,0.917
1750844735026,2025-06-25T12:45:35.026,2.260,-0.516,0.231,1.037
1750844735036,2025-06-25T12:45:35.036,2.270,-0.573,0.252,1.166
1750844735046,2025-06-25T12:45:35.046,2.280,-0.646,0.307,1.276
1750844735056,2025-06-25T12:45:35.056,2.290,-0.703,0.387,1.417
1750844735066,2025-06-25T12:45:35.066,2.300,-0.751,0.466,1.577
1750844735076,2025-06-25T12:45:35.076,2.310,-0.813,0.534,1.676
1750844735086,2025-06-25T12:45:35.086,2.320,-0.867,0.586,1.744
1750844735096,2025-06-25T12:45:35.096,2.330,-0.835,0.621,1.813
1750844735106,2025-06-25T12:45:35.106,2.340,-0.765,0.657,1.871
1750844735116,2025-06-25T12:45:35.116,2.350,-0.667,0.673,1.934
1750844735126,2025-06-25T12:45:35.126,2.360,-0.567,0.668,1.983
1750844735136,2025-06-25T12:45:35.136,2.370,-0.487,0.659,1.992
1750844735146,2025-06-25T12:45:35.146,2.380,-0.422,0.648,1.980
1750844735156,2025-06-25T12:45:35.156,2.390,-0.350,0.636,1.958
1750844735166,2025-06-25T12:45:35.166,2.400,-0.286,0.623,1.922
1750844735176,2025-06-25T12:45:35.176,2.410,-0.225,0.595,1.857
1750844735186,2025-06-25T12:45:35.186,2.420,-0.128,0.562,1.819
1750844735196,2025-06-25T12:45:35.196,2.430,-0.012,0.520,1.811
1750844735206,2025-06-25T12:45:35.206,2.440,0.091,0.458,1.772
1750844735216,2025-06-25T12:45:35.216,2.450,0.196,0.410,1.742
1750844735226,2025-06-25T12:45:35.226,2.460,0.276,0.374,1.704
1750844735236,2025-06-25T12:45:35.236,2.470,0.297,0.332,1.630
1750844735246,2025-06-25T12:45:35.246,2.480,0.291,0.300,1.549
1750844735256,2025-06-25T12:45:35.256,2.490,0.320,0.271,1.481
1750844735266,2025-06-25T12:45:35.266,2.500,0.356,0.232,1.429
1750844735276,2025-06-25T12:45:35.276,2.510,0.403,0.197,1.366
1750844735286,2025-06-25T12:45:35.286,2.520,0.466,0.160,1.324
1750844735296,2025-06-25T12:45:35.296,2.530,0.486,0.120,1.259
1750844735306,2025-06-25T12:45:35.306,2.540,0.462,0.091,1.171
1750844735316,2025-06-25T12:45:35.316,2.550,0.421,0.083,1.084
1750844735326,2025-06-25T12:45:35.326,2.560,0.372,0.081,0.997
1750844735336,2025-06-25T12:45:35.336,2.570,0.340,0.063,0.915
1750844735346,2025-06-25T12:45:35.346,2.580,0.322,0.040,0.851
1750844735356,2025-06-25T12:45:35.356,2.590,0.324,0.019,0.786
1750844735366,2025-06-25T12:45:35.366,2.600,0.307,0.000,0.726
1750844735376,2025-06-25T12:45:35.376,2.610,0.273,-0.011,0.656
1750844735386,2025-06-25T12:45:35.386,2.620,0.222,-0.018,0.588
1750844735396,2025-06-25T12:45:35.396,2.630,0.153,-0.029,0.514
1750844735406,2025-06-25T12:45:35.406,2.640,0.064,-0.035,0.448
1750844735416,2025-06-25T12:45:35.416,2.650,-0.028,-0.038,0.423
1750844735426,2025-06-25T12:45:35.426,2.660,-0.141,-0.047,0.436
1750844735436,2025-06-25T12:45:35.436,2.670,-0.253,-0.085,0.492
1750844735446,2025-06-25T12:45:35.446,2.680,-0.305,-0.130,0.546
1750844735456,2025-06-25T12:45:35.456,2.690,-0.327,-0.148,0.563
1750844735466,2025-06-25T12:45:35.466,2.700,-0.415,-0.150,0.562
1750844735476,2025-06-25T12:45:35.476,2.710,-0.546,-0.148,0.540
1750844735486,2025-06-25T12:45:35.486,2.720,-0.651,-0.143,0.554
1750844735496,2025-06-25T12:45:35.496,2.730,-0.704,-0.133,0.599
1750844735506,2025-06-25T12:45:35.506,2.740,-0.720,-0.105,0.645
1750844735516,2025-06-25T12:45:35.516,2.750,-0.704,-0.068,0.668
1750844735526,2025-06-25T12:45:35.526,2.760,-0.646,-0.061,0.720
1750844735536,2025-06-25T12:45:35.536,2.770,-0.564,-0.074,0.786
1750844735546,2025-06-25T12:45:35.546,2.780,-0.527,-0.091,0.829
1750844735556,2025-06-25T12:45:35.556,2.790,-0.493,-0.083,0.849
1750844735566,2025-06-25T12:45:35.566,2.800,-0.508,-0.057,0.843
1750844735576,2025-06-25T12:45:35.576,2.810,-0.528,-0.057,0.845
1750844735586,2025-06-25T12:45:35.586,2.820,-0.475,-0.092,0.868
1750844735596,2025-06-25T12:45:35.596,2.830,-0.429,-0.113,0.891
1750844735606,2025-06-25T12:45:35.606,2.840,-0.374,-0.117,0.882
1750844735616,2025-06-25T12:45:35.616,2.850,-0.349,-0.110,0.868
1750844735626,2025-06-25T12:45:35.626,2.860,-0.322,-0.116,0.858
1750844735636,2025-06-25T12:45:35.636,2.870,-0.268,-0.133,0.844
1750844735646,2025-06-25T12:45:35.646,2.880,-0.214,-0.134,0.822
1750844735656,2025-06-25T12:45:35.656,2.890,-0.191,-0.135,0.800
1750844735666,2025-06-25T12:45:35.666,2.900,-0.174,-0.147,0.775
1750844735676,2025-06-25T12:45:35.676,2.910,-0.146,-0.149,0.742
1750844735686,2025-06-25T12:45:35.686,2.920,-0.127,-0.152,0.698
1750844735696,2025-06-25T12:45:35.696,2.930,-0.105,-0.161,0.656
1750844735706,2025-06-25T12:45:35.706,2.940,-0.100,-0.163,0.620
1750844735716,2025-06-25T12:45:35.716,2.950,-0.101,-0.162,0.566
1750844735726,2025-06-25T12:45:35.726,2.960,-0.063,-0.151,0.528
1750844735736,2025-06-25T12:45:35.736,2.970,-0.045,-0.143,0.493
1750844735746,2025-06-25T12:45:35.746,2.980,-0.055,-0.139,0.442
1750844735756,2025-06-25T12:45:35.756,2.990,-0.045,-0.130,0.412
1750844735766,2025-06-25T12:45:35.766,3.000,-0.049,-0.122,0.414
1750844735776,2025-06-25T12:45:35.776,3.010,-0.063,-0.107,0.420
1750844735786,2025-06-25T12:45:35.786,3.020,-0.108,-0.088,0.436
1750844735796,2025-06-25T12:45:35.796,3.030,-0.134,-0.061,0.442
1750844735806,2025-06-25T12:45:35.806,3.040,-0.183,-0.027,0.445
1750844735816,2025-06-25T12:45:35.816,3.050,-0.282,0.009,0.477
1750844735826,2025-06-25T12:45:35.826,3.060,-0.339,0.058,0.512
1750844735836,2025-06-25T12:45:35.836,3.070,-0.313,0.108,0.564
1750844735846,2025-06-25T12:45:35.846,3.080,-0.303,0.183,0.664
1750844735856,2025-06-25T12:45:35.856,3.090,-0.344,0.233,0.762
1750844735866,2025-06-25T12:45:35.866,3.100,-0.414,0.254,0.837
1750844735876,2025-06-25T12:45:35.876,3.110,-0.494,0.269,0.923
1750844735886,2025-06-25T12:45:35.886,3.120,-0.504,0.269,1.013
1750844735896,2025-06-25T12:45:35.896,3.130,-0.502,0.282,1.132
1750844735906,2025-06-25T12:45:35.906,3.140,-0.565,0.304,1.225
1750844735916,2025-06-25T12:45:35.916,3.150,-0.739,0.341,1.333
1750844735926,2025-06-25T12:45:35.926,3.160,-0.821,0.387,1.422
1750844735936,2025-06-25T12:45:35.936,3.170,-0.827,0.470,1.479
1750844735946,2025-06-25T12:45:35.946,3.180,-0.855,0.543,1.545
1750844735956,2025-06-25T12:45:35.956,3.190,-0.836,0.577,1.631
1750844735966,2025-06-25T12:45:35.966,3.200,-0.767,0.596,1.720
1750844735976,2025-06-25T12:45:35.976,3.210,-0.650,0.593,1.779
1750844735986,2025-06-25T12:45:35.986,3.220,-0.551,0.579,1.809
1750844735996,2025-06-25T12:45:35.996,3.230,-0.492,0.571,1.835
1750844736006,2025-06-25T12:45:36.006,3.240,-0.467,0.589,1.838
1750844736016,2025-06-25T12:45:36.016,3.250,-0.463,0.609,1.812
1750844736026,2025-06-25T12:45:36.026,3.260,-0.418,0.613,1.811
1750844736036,2025-06-25T12:45:36.036,3.270,-0.311,0.612,1.828
1750844736046,2025-06-25T12:45:36.046,3.280,-0.217,0.611,1.829
1750844736056,2025-06-25T12:45:36.056,3.290,-0.117,0.605,1.825
1750844736066,2025-06-25T12:45:36.066,3.300,0.046,0.602,1.819
1750844736076,2025-06-25T12:45:36.076,3.310,0.247,0.590,1.813
1750844736086,2025-06-25T12:45:36.086,3.320,0.474,0.550,1.783
1750844736096,2025-06-25T12:45:36.096,3.330,0.668,0.497,1.750
1750844736106,2025-06-25T12:45:36.106,3.340,0.842,0.430,1.724
1750844736116,2025-06-25T12:45:36.116,3.350,0.898,0.378,1.669
1750844736126,2025-06-25T12:45:36.126,3.360,0.785,0.338,1.604
1750844736136,2025-06-25T12:45:36.136,3.370,0.692,0.260,1.541
1750844736146,2025-06-25T12:45:36.146,3.380,0.612,0.189,1.461
1750844736156,2025-06-25T12:45:36.156,3.390,0.525,0.151,1.368
1750844736166,2025-06-25T12:45:36.166,3.400,0.507,0.117,1.284
1750844736176,2025-06-25T12:45:36.176,3.410,0.536,0.087,1.217
1750844736186,2025-06-25T12:45:36.186,3.420,0.538,0.062,1.136
1750844736196,2025-06-25T12:45:36.196,3.430,0.522,0.043,1.050
1750844736206,2025-06-25T12:45:36.206,3.440,0.479,0.040,0.982
1750844736216,2025-06-25T12:45:36.216,3.450,0.405,0.043,0.896
1750844736226,2025-06-25T12:45:36.226,3.460,0.328,0.047,0.812
1750844736236,2025-06-25T12:45:36.236,3.470,0.233,0.053,0.749
1750844736246,2025-06-25T12:45:36.246,3.480,0.100,0.042,0.676
1750844736256,2025-06-25T12:45:36.256,3.490,-0.023,0.034,0.582
1750844736266,2025-06-25T12:45:36.266,3.500,-0.188,0.034,0.534
1750844736276,2025-06-25T12:45:36.276,3.510,-0.323,-0.009,0.497
1750844736286,2025-06-25T12:45:36.286,3.520,-0.415,-0.060,0.460
1750844736296,2025-06-25T12:45:36.296,3.530,-0.387,-0.118,0.456
1750844736306,2025-06-25T12:45:36.306,3.540,-0.323,-0.149,0.468
1750844736316,2025-06-25T12:45:36.316,3.550,-0.347,-0.145,0.478
1750844736326,2025-06-25T12:45:36.326,3.560,-0.382,-0.144,0.481
1750844736336,2025-06-25T12:45:36.336,3.570,-0.333,-0.151,0.492
1750844736346,2025-06-25T12:45:36.346,3.580,-0.308,-0.157,0.515
1750844736356,2025-06-25T12:45:36.356,3.590,-0.360,-0.151,0.528
1750844736366,2025-06-25T12:45:36.366,3.600,-0.333,-0.122,0.564
1750844736376,2025-06-25T12:45:36.376,3.610,-0.243,-0.091,0.612
1750844736386,2025-06-25T12:45:36.386,3.620,-0.208,-0.072,0.677
1750844736396,2025-06-25T12:45:36.396,3.630,-0.244,-0.078,0.746
1750844736406,2025-06-25T12:45:36.406,3.640,-0.261,-0.104,0.795
1750844736416,2025-06-25T12:45:36.416,3.650,-0.221,-0.130,0.859
1750844736426,2025-06-25T12:45:36.426,3.660,-0.186,-0.146,0.891
1750844736436,2025-06-25T12:45:36.436,3.670,-0.143,-0.159,0.879
1750844736446,2025-06-25T12:45:36.446,3.680,-0.090,-0.159,0.866
1750844736456,2025-06-25T12:45:36.456,3.690,-0.069,-0.158,0.853
1750844736466,2025-06-25T12:45:36.466,3.700,-0.093,-0.156,0.829
1750844736476,2025-06-25T12:45:36.476,3.710,-0.127,-0.145,0.810
1750844736486,2025-06-25T12:45:36.486,3.720,-0.129,-0.139,0.797
1750844736496,2025-06-25T12:45:36.496,3.730,-0.145,-0.135,0.757
1750844736506,2025-06-25T12:45:36.506,3.740,-0.161,-0.139,0.713
1750844736516,2025-06-25T12:45:36.516,3.750,-0.151,-0.144,0.690
1750844736526,2025-06-25T12:45:36.526,3.760,-0.163,-0.134,0.657
1750844736536,2025-06-25T12:45:36.536,3.770,-0.174,-0.133,0.602
1750844736546,2025-06-25T12:45:36.546,3.780,-0.201,-0.127,0.550
1750844736556,2025-06-25T12:45:36.556,3.790,-0.241,-0.122,0.523
1750844736566,2025-06-25T12:45:36.566,3.800,-0.243,-0.115,0.506
1750844736576,2025-06-25T12:45:36.576,3.810,-0.244,-0.099,0.460
1750844736586,2025-06-25T12:45:36.586,3.820,-0.264,-0.078,0.425
1750844736596,2025-06-25T12:45:36.596,3.830,-0.252,-0.064,0.431
1750844736606,2025-06-25T12:45:36.606,3.840,-0.236,-0.046,0.453
1750844736616,2025-06-25T12:45:36.616,3.850,-0.237,-0.023,0.450
1750844736626,2025-06-25T12:45:36.626,3.860,-0.212,-0.007,0.446
1750844736636,2025-06-25T12:45:36.636,3.870,-0.249,0.023,0.463
1750844736646,2025-06-25T12:45:36.646,3.880,-0.362,0.057,0.496
1750844736656,2025-06-25T12:45:36.656,3.890,-0.405,0.061,0.594
1750844736666,2025-06-25T12:45:36.666,3.900,-0.408,0.052,0.695
1750844736676,2025-06-25T12:45:36.676,3.910,-0.489,0.079,0.734
1750844736686,2025-06-25T12:45:36.686,3.920,-0.600,0.148,0.775
1750844736696,2025-06-25T12:45:36.696,3.930,-0.624,0.204,0.833
1750844736706,2025-06-25T12:45:36.706,3.940,-0.623,0.246,0.925
1750844736716,2025-06-25T12:45:36.716,3.950,-0.622,0.278,1.041
1750844736726,2025-06-25T12:45:36.726,3.960,-0.547,0.288,1.167
1750844736736,2025-06-25T12:45:36.736,3.970,-0.500,0.304,1.283
1750844736746,2025-06-25T12:45:36.746,3.980,-0.561,0.340,1.368
1750844736756,2025-06-25T12:45:36.756,3.990,-0.589,0.381,1.443
1750844736766,2025-06-25T12:45:36.766,4.000,-0.601,0.444,1.518
1750844736776,2025-06-25T12:45:36.776,4.010,-0.646,0.514,1.583
1750844736786,2025-06-25T12:45:36.786,4.020,-0.673,0.565,1.664
1750844736796,2025-06-25T12:45:36.796,4.030,-0.612,0.595,1.751
1750844736806,2025-06-25T12:45:36.806,4.040,-0.500,0.591,1.801
1750844736816,2025-06-25T12:45:36.816,4.050,-0.407,0.587,1.834
1750844736826,2025-06-25T12:45:36.826,4.060,-0.337,0.582,1.849
1750844736836,2025-06-25T12:45:36.836,4.070,-0.266,0.572,1.850
1750844736846,2025-06-25T12:45:36.846,4.080,-0.209,0.564,1.862
1750844736856,2025-06-25T12:45:36.856,4.090,-0.148,0.547,1.859
1750844736866,2025-06-25T12:45:36.866,4.100,-0.081,0.520,1.851
1750844736876,2025-06-25T12:45:36.876,4.110,0.014,0.491,1.851
1750844736886,2025-06-25T12:45:36.886,4.120,0.140,0.460,1.836
1750844736896,2025-06-25T12:45:36.896,4.130,0.275,0.428,1.805
1750844736906,2025-06-25T12:45:36.906,4.140,0.387,0.387,1.760
1750844736916,2025-06-25T12:45:36.916,4.150,0.450,0.352,1.696
1750844736926,2025-06-25T12:45:36.926,4.160,0.462,0.324,1.635
1750844736936,2025-06-25T12:45:36.936,4.170,0.453,0.296,1.579
1750844736946,2025-06-25T12:45:36.946,4.180,0.439,0.268,1.533
1750844736956,2025-06-25T12:45:36.956,4.190,0.416,0.233,1.467
1750844736966,2025-06-25T12:45:36.966,4.200,0.417,0.208,1.399
1750844736976,2025-06-25T12:45:36.976,4.210,0.425,0.189,1.335
1750844736986,2025-06-25T12:45:36.986,4.220,0.434,0.162,1.268
1750844736996,2025-06-25T12:45:36.996,4.230,0.431,0.125,1.200
1750844737006,2025-06-25T12:45:37.006,4.240,0.425,0.099,1.137
1750844737016,2025-06-25T12:45:37.016,4.250,0.425,0.084,1.084
1750844737026,2025-06-25T12:45:37.026,4.260,0.416,0.074,1.019
1750844737036,2025-06-25T12:45:37.036,4.270,0.372,0.066,0.943
1750844737046,2025-06-25T12:45:37.046,4.280,0.304,0.057,0.861
1750844737056,2025-06-25T12:45:37.056,4.290,0.240,0.042,0.779
1750844737066,2025-06-25T12:45:37.066,4.300,0.195,0.030,0.717
1750844737076,2025-06-25T12:45:37.076,4.310,0.152,0.012,0.648
1750844737086,2025-06-25T12:45:37.086,4.320,0.034,0.007,0.565
1750844737096,2025-06-25T12:45:37.096,4.330,-0.143,-0.013,0.475
1750844737106,2025-06-25T12:45:37.106,4.340,-0.311,-0.059,0.395
1750844737116,2025-06-25T12:45:37.116,4.350,-0.438,-0.124,0.429
1750844737126,2025-06-25T12:45:37.126,4.360,-0.394,-0.197,0.503
1750844737136,2025-06-25T12:45:37.136,4.370,-0.238,-0.240,0.531
1750844737146,2025-06-25T12:45:37.146,4.380,-0.167,-0.233,0.522
1750844737156,2025-06-25T12:45:37.156,4.390,-0.189,-0.211,0.503
1750844737166,2025-06-25T12:45:37.166,4.400,-0.244,-0.203,0.484
1750844737176,2025-06-25T12:45:37.176,4.410,-0.286,-0.215,0.514
1750844737186,2025-06-25T12:45:37.186,4.420,-0.325,-0.224,0.530
1750844737196,2025-06-25T12:45:37.196,4.430,-0.348,-0.195,0.563
1750844737206,2025-06-25T12:45:37.206,4.440,-0.342,-0.153,0.637
1750844737216,2025-06-25T12:45:37.216,4.450,-0.356,-0.127,0.699
1750844737226,2025-06-25T12:45:37.226,4.460,-0.341,-0.128,0.751
1750844737236,2025-06-25T12:45:37.236,4.470,-0.271,-0.142,0.828
1750844737246,2025-06-25T12:45:37.246,4.480,-0.192,-0.151,0.883
1750844737256,2025-06-25T12:45:37.256,4.490,-0.138,-0.146,0.893
1750844737266,2025-06-25T12:45:37.266,4.500,-0.133,-0.147,0.883
1750844737276,2025-06-25T12:45:37.276,4.510,-0.150,-0.157,0.877
1750844737286,2025-06-25T12:45:37.286,4.520,-0.153,-0.168,0.869
1750844737296,2025-06-25T12:45:37.296,4.530,-0.146,-0.171,0.854
1750844737306,2025-06-25T12:45:37.306,4.540,-0.156,-0.156,0.830
1750844737316,2025-06-25T12:45:37.316,4.550,-0.176,-0.160,0.798
1750844737326,2025-06-25T12:45:37.326,4.560,-0.179,-0.169,0.759
1750844737336,2025-06-25T12:45:37.336,4.570,-0.183,-0.176,0.714
1750844737346,2025-06-25T12:45:37.346,4.580,-0.185,-0.185,0.692
1750844737356,2025-06-25T12:45:37.356,4.590,-0.154,-0.194,0.688
1750844737366,2025-06-25T12:45:37.366,4.600,-0.146,-0.188,0.640
1750844737376,2025-06-25T12:45:37.376,4.610,-0.153,-0.168,0.571
1750844737386,2025-06-25T12:45:37.386,4.620,-0.149,-0.154,0.536
1750844737396,2025-06-25T12:45:37.396,4.630,-0.138,-0.145,0.510
1750844737406,2025-06-25T12:45:37.406,4.640,-0.138,-0.141,0.504
1750844737416,2025-06-25T12:45:37.416,4.650,-0.106,-0.141,0.526
1750844737426,2025-06-25T12:45:37.426,4.660,-0.106,-0.122,0.506
1750844737436,2025-06-25T12:45:37.436,4.670,-0.188,-0.082,0.458
1750844737446,2025-06-25T12:45:37.446,4.680,-0.266,-0.056,0.444
1750844737456,2025-06-25T12:45:37.456,4.690,-0.271,-0.030,0.462
1750844737466,2025-06-25T12:45:37.466,4.700,-0.274,0.006,0.481
1750844737476,2025-06-25T12:45:37.476,4.710,-0.290,0.025,0.525
1750844737486,2025-06-25T12:45:37.486,4.720,-0.288,0.017,0.595
1750844737496,2025-06-25T12:45:37.496,4.730,-0.297,0.021,0.640
1750844737506,2025-06-25T12:45:37.506,4.740,-0.360,0.037,0.688
1750844737516,2025-06-25T12:45:37.516,4.750,-0.414,0.055,0.724
1750844737526,2025-06-25T12:45:37.526,4.760,-0.439,0.104,0.797
1750844737536,2025-06-25T12:45:37.536,4.770,-0.445,0.140,0.901
1750844737546,2025-06-25T12:45:37.546,4.780,-0.472,0.156,1.015
1750844737556,2025-06-25T12:45:37.556,4.790,-0.476,0.189,1.124
1750844737566,2025-06-25T12:45:37.566,4.800,-0.454,0.228,1.208
1750844737576,2025-06-25T12:45:37.576,4.810,-0.461,0.274,1.290
1750844737586,2025-06-25T12:45:37.586,4.820,-0.502,0.332,1.381
1750844737596,2025-06-25T12:45:37.596,4.830,-0.533,0.383,1.504
1750844737606,2025-06-25T12:45:37.606,4.840,-0.507,0.431,1.623
1750844737616,2025-06-25T12:45:37.616,4.850,-0.466,0.479,1.699
1750844737626,2025-06-25T12:45:37.626,4.860,-0.451,0.521,1.774
1750844737636,2025-06-25T12:45:37.636,4.870,-0.426,0.542,1.838
1750844737646,2025-06-25T12:45:37.646,4.880,-0.381,0.543,1.878
1750844737656,2025-06-25T12:45:37.656,4.890,-0.345,0.538,1.888
1750844737666,2025-06-25T12:45:37.666,4.900,-0.296,0.537,1.900
1750844737676,2025-06-25T12:45:37.676,4.910,-0.226,0.528,1.905
1750844737686,2025-06-25T12:45:37.686,4.920,-0.158,0.524,1.884
1750844737696,2025-06-25T12:45:37.696,4.930,-0.095,0.523,1.855
1750844737706,2025-06-25T12:45:37.706,4.940,-0.024,0.510,1.828
1750844737716,2025-06-25T12:45:37.716,4.950,0.057,0.481,1.786
1750844737726,2025-06-25T12:45:37.726,4.960,0.142,0.438,1.740
1750844737736,2025-06-25T12:45:37.736,4.970,0.226,0.403,1.700
1750844737746,2025-06-25T12:45:37.746,4.980,0.325,0.362,1.668
1750844737756,2025-06-25T12:45:37.756,4.990,0.428,0.318,1.636
1750844737766,2025-06-25T12:45:37.766,5.000,0.473,0.280,1.572
1750844737776,2025-06-25T12:45:37.776,5.010,0.476,0.244,1.515
1750844737786,2025-06-25T12:45:37.786,5.020,0.480,0.218,1.469
1750844737796,2025-06-25T12:45:37.796,5.030,0.464,0.195,1.437
1750844737806,2025-06-25T12:45:37.806,5.040,0.405,0.179,1.372
1750844737816,2025-06-25T12:45:37.816,5.050,0.344,0.177,1.304
1750844737826,2025-06-25T12:45:37.826,5.060,0.326,0.157,1.246
1750844737836,2025-06-25T12:45:37.836,5.070,0.344,0.122,1.212
1750844737846,2025-06-25T12:45:37.846,5.080,0.380,0.102,1.148
1750844737856,2025-06-25T12:45:37.856,5.090,0.400,0.101,1.069
1750844737866,2025-06-25T12:45:37.866,5.100,0.388,0.102,0.985
1750844737876,2025-06-25T12:45:37.876,5.110,0.348,0.085,0.915
1750844737886,2025-06-25T12:45:37.886,5.120,0.321,0.054,0.856
1750844737896,2025-06-25T12:45:37.896,5.130,0.313,0.029,0.794
1750844737906,2025-06-25T12:45:37.906,5.140,0.299,0.011,0.723
1750844737916,2025-06-25T12:45:37.916,5.150,0.267,-0.002,0.659
1750844737926,2025-06-25T12:45:37.926,5.160,0.241,-0.025,0.595
1750844737936,2025-06-25T12:45:37.936,5.170,0.247,-0.049,0.538
1750844737946,2025-06-25T12:45:37.946,5.180,0.250,-0.058,0.495
1750844737956,2025-06-25T12:45:37.956,5.190,0.245,-0.068,0.429
1750844737966,2025-06-25T12:45:37.966,5.200,0.229,-0.082,0.360
1750844737976,2025-06-25T12:45:37.976,5.210,0.195,-0.096,0.311
1750844737986,2025-06-25T12:45:37.986,5.220,0.125,-0.117,0.305
1750844737996,2025-06-25T12:45:37.996,5.230,0.003,-0.134,0.343
1750844738006,2025-06-25T12:45:38.006,5.240,-0.140,-0.171,0.417
1750844738016,2025-06-25T12:45:38.016,5.250,-0.301,-0.213,0.467
1750844738026,2025-06-25T12:45:38.026,5.260,-0.494,-0.242,0.507
1750844738036,2025-06-25T12:45:38.036,5.270,-0.591,-0.267,0.606
1750844738046,2025-06-25T12:45:38.046,5.280,-0.580,-0.283,0.671
1750844738056,2025-06-25T12:45:38.056,5.290,-0.536,-0.260,0.699
1750844738066,2025-06-25T12:45:38.066,5.300,-0.633,-0.224,0.707
1750844738076,2025-06-25T12:45:38.076,5.310,-0.775,-0.164,0.739
1750844738086,2025-06-25T12:45:38.086,5.320,-0.809,-0.103,0.804
1750844738096,2025-06-25T12:45:38.096,5.330,-0.777,-0.058,0.877
1750844738106,2025-06-25T12:45:38.106,5.340,-0.718,-0.011,0.946
1750844738116,2025-06-25T12:45:38.116,5.350,-0.632,0.019,1.002
1750844738126,2025-06-25T12:45:38.126,5.360,-0.555,0.011,1.051
1750844738136,2025-06-25T12:45:38.136,5.370,-0.474,-0.015,1.090
1750844738146,2025-06-25T12:45:38.146,5.380,-0.378,-0.033,1.112
1750844738156,2025-06-25T12:45:38.156,5.390,-0.312,-0.039,1.097
1750844738166,2025-06-25T12:45:38.166,5.400,-0.303,-0.040,1.073
1750844738176,2025-06-25T12:45:38.176,5.410,-0.348,-0.053,1.040
1750844738186,2025-06-25T12:45:38.186,5.420,-0.374,-0.082,1.002
1750844738196,2025-06-25T12:45:38.196,5.430,-0.328,-0.103,0.982
1750844738206,2025-06-25T12:45:38.206,5.440,-0.287,-0.106,0.970
1750844738216,2025-06-25T12:45:38.216,5.450,-0.259,-0.110,0.946
1750844738226,2025-06-25T12:45:38.226,5.460,-0.230,-0.120,0.925
1750844738236,2025-06-25T12:45:38.236,5.470,-0.221,-0.130,0.897
1750844738246,2025-06-25T12:45:38.246,5.480,-0.226,-0.136,0.868
1750844738256,2025-06-25T12:45:38.256,5.490,-0.229,-0.138,0.835
1750844738266,2025-06-25T12:45:38.266,5.500,-0.227,-0.137,0.788
1750844738276,2025-06-25T12:45:38.276,5.510,-0.212,-0.137,0.723
1750844738286,2025-06-25T12:45:38.286,5.520,-0.202,-0.137,0.646
1750844738296,2025-06-25T12:45:38.296,5.530,-0.173,-0.148,0.571
1750844738306,2025-06-25T12:45:38.306,5.540,-0.133,-0.150,0.504
1750844738316,2025-06-25T12:45:38.316,5.550,-0.127,-0.142,0.437
1750844738326,2025-06-25T12:45:38.326,5.560,-0.118,-0.137,0.372
1750844738336,2025-06-25T12:45:38.336,5.570,-0.111,-0.130,0.331
1750844738346,2025-06-25T12:45:38.346,5.580,-0.105,-0.125,0.309
1750844738356,2025-06-25T12:45:38.356,5.590,-0.105,-0.118,0.304
1750844738366,2025-06-25T12:45:38.366,5.600,-0.146,-0.105,0.327
1750844738376,2025-06-25T12:45:38.376,5.610,-0.169,-0.106,0.327
1750844738386,2025-06-25T12:45:38.386,5.620,-0.154,-0.121,0.337
1750844738396,2025-06-25T12:45:38.396,5.630,-0.146,-0.123,0.399
1750844738406,2025-06-25T12:45:38.406,5.640,-0.155,-0.069,0.510
1750844738416,2025-06-25T12:45:38.416,5.650,-0.193,0.004,0.619
1750844738426,2025-06-25T12:45:38.426,5.660,-0.341,0.070,0.647
1750844738436,2025-06-25T12:45:38.436,5.670,-0.483,0.130,0.647
1750844738446,2025-06-25T12:45:38.446,5.680,-0.547,0.185,0.672
1750844738456,2025-06-25T12:45:38.456,5.690,-0.601,0.209,0.788
1750844738466,2025-06-25T12:45:38.466,5.700,-0.636,0.215,0.950
1750844738476,2025-06-25T12:45:38.476,5.710,-0.643,0.227,1.109
1750844738486,2025-06-25T12:45:38.486,5.720,-0.609,0.258,1.231
1750844738496,2025-06-25T12:45:38.496,5.730,-0.599,0.301,1.341
1750844738506,2025-06-25T12:45:38.506,5.740,-0.650,0.368,1.435
1750844738516,2025-06-25T12:45:38.516,5.750,-0.705,0.447,1.500
1750844738526,2025-06-25T12:45:38.526,5.760,-0.760,0.500,1.545
1750844738536,2025-06-25T12:45:38.536,5.770,-0.775,0.543,1.608
1750844738546,2025-06-25T12:45:38.546,5.780,-0.729,0.578,1.698
1750844738556,2025-06-25T12:45:38.556,5.790,-0.642,0.585,1.797
1750844738566,2025-06-25T12:45:38.566,5.800,-0.525,0.583,1.872
1750844738576,2025-06-25T12:45:38.576,5.810,-0.432,0.588,1.926
1750844738586,2025-06-25T12:45:38.586,5.820,-0.404,0.587,1.954
1750844738596,2025-06-25T12:45:38.596,5.830,-0.405,0.574,1.975
1750844738606,2025-06-25T12:45:38.606,5.840,-0.376,0.569,1.998
1750844738616,2025-06-25T12:45:38.616,5.850,-0.305,0.589,1.990
1750844738626,2025-06-25T12:45:38.626,5.860,-0.204,0.606,1.965
1750844738636,2025-06-25T12:45:38.636,5.870,-0.097,0.595,1.923
1750844738646,2025-06-25T12:45:38.646,5.880,0.087,0.564,1.877
1750844738656,2025-06-25T12:45:38.656,5.890,0.338,0.517,1.849
1750844738666,2025-06-25T12:45:38.666,5.900,0.529,0.439,1.806
1750844738676,2025-06-25T12:45:38.676,5.910,0.623,0.355,1.715
1750844738686,2025-06-25T12:45:38.686,5.920,0.580,0.310,1.617
1750844738696,2025-06-25T12:45:38.696,5.930,0.471,0.285,1.518
1750844738706,2025-06-25T12:45:38.706,5.940,0.417,0.252,1.437
1750844738716,2025-06-25T12:45:38.716,5.950,0.348,0.223,1.350
1750844738726,2025-06-25T12:45:38.726,5.960,0.328,0.194,1.248
1750844738736,2025-06-25T12:45:38.736,5.970,0.374,0.167,1.164
1750844738746,2025-06-25T12:45:38.746,5.980,0.411,0.119,1.099
1750844738756,2025-06-25T12:45:38.756,5.990,0.447,0.066,1.014
1750844738766,2025-06-25T12:45:38.766,6.000,0.482,0.029,0.928
1750844738776,2025-06-25T12:45:38.776,6.010,0.475,0.014,0.855
1750844738786,2025-06-25T12:45:38.786,6.020,0.432,0.003,0.784
1750844738796,2025-06-25T12:45:38.796,6.030,0.404,-0.020,0.692
1750844738806,2025-06-25T12:45:38.806,6.040,0.389,-0.039,0.622
1750844738816,2025-06-25T12:45:38.816,6.050,0.370,-0.051,0.552
1750844738826,2025-06-25T12:45:38.826,6.060,0.356,-0.066,0.496
1750844738836,2025-06-25T12:45:38.836,6.070,0.330,-0.090,0.444
1750844738846,2025-06-25T12:45:38.846,6.080,0.323,-0.112,0.397
1750844738856,2025-06-25T12:45:38.856,6.090,0.313,-0.126,0.359
1750844738866,2025-06-25T12:45:38.866,6.100,0.288,-0.135,0.304
1750844738876,2025-06-25T12:45:38.876,6.110,0.258,-0.134,0.241
1750844738886,2025-06-25T12:45:38.886,6.120,0.233,-0.129,0.192
1750844738896,2025-06-25T12:45:38.896,6.130,0.202,-0.130,0.151
1750844738906,2025-06-25T12:45:38.906,6.140,0.175,-0.136,0.129
1750844738916,2025-06-25T12:45:38.916,6.150,0.096,-0.154,0.125
1750844738926,2025-06-25T12:45:38.926,6.160,0.030,-0.170,0.148
1750844738936,2025-06-25T12:45:38.936,6.170,0.011,-0.162,0.221
1750844738946,2025-06-25T12:45:38.946,6.180,-0.073,-0.130,0.285
1750844738956,2025-06-25T12:45:38.956,6.190,-0.227,-0.089,0.368
1750844738966,2025-06-25T12:45:38.966,6.200,-0.339,-0.057,0.550
1750844738976,2025-06-25T12:45:38.976,6.210,-0.365,-0.040,0.714
1750844738986,2025-06-25T12:45:38.986,6.220,-0.488,-0.027,0.872
1750844738996,2025-06-25T12:45:38.996,6.230,-0.646,-0.001,1.024
1750844739006,2025-06-25T12:45:39.006,6.240,-0.759,0.051,1.135
1750844739016,2025-06-25T12:45:39.016,6.250,-0.930,0.146,1.238
1750844739026,2025-06-25T12:45:39.026,6.260,-1.053,0.263,1.354
1750844739036,2025-06-25T12:45:39.036,6.270,-1.041,0.326,1.447
1750844739046,2025-06-25T12:45:39.046,6.280,-0.896,0.313,1.550
1750844739056,2025-06-25T12:45:39.056,6.290,-0.715,0.294,1.610
1750844739066,2025-06-25T12:45:39.066,6.300,-0.620,0.276,1.597
1750844739076,2025-06-25T12:45:39.076,6.310,-0.606,0.248,1.530
1750844739086,2025-06-25T12:45:39.086,6.320,-0.636,0.226,1.445
1750844739096,2025-06-25T12:45:39.096,6.330,-0.639,0.204,1.356
1750844739106,2025-06-25T12:45:39.106,6.340,-0.604,0.162,1.289
1750844739116,2025-06-25T12:45:39.116,6.350,-0.569,0.127,1.214
1750844739126,2025-06-25T12:45:39.126,6.360,-0.507,0.106,1.136
1750844739136,2025-06-25T12:45:39.136,6.370,-0.443,0.086,1.057
1750844739146,2025-06-25T12:45:39.146,6.380,-0.391,0.055,0.978
1750844739156,2025-06-25T12:45:39.156,6.390,-0.343,0.030,0.886
1750844739166,2025-06-25T12:45:39.166,6.400,-0.305,0.009,0.797
1750844739176,2025-06-25T12:45:39.176,6.410,-0.255,-0.014,0.728
1750844739186,2025-06-25T12:45:39.186,6.420,-0.206,-0.026,0.656
1750844739196,2025-06-25T12:45:39.196,6.430,-0.190,-0.030,0.570
1750844739206,2025-06-25T12:45:39.206,6.440,-0.191,-0.042,0.480
1750844739216,2025-06-25T12:45:39.216,6.450,-0.209,-0.053,0.390
1750844739226,2025-06-25T12:45:39.226,6.460,-0.222,-0.064,0.336
1750844739236,2025-06-25T12:45:39.236,6.470,-0.187,-0.079,0.315
1750844739246,2025-06-25T12:45:39.246,6.480,-0.174,-0.072,0.288
1750844739256,2025-06-25T12:45:39.256,6.490,-0.213,-0.057,0.290
1750844739266,2025-06-25T12:45:39.266,6.500,-0.245,-0.054,0.309
1750844739276,2025-06-25T12:45:39.276,6.510,-0.253,-0.047,0.310
1750844739286,2025-06-25T12:45:39.286,6.520,-0.259,-0.020,0.344
1750844739296,2025-06-25T12:45:39.296,6.530,-0.289,0.026,0.400
1750844739306,2025-06-25T12:45:39.306,6.540,-0.357,0.070,0.427
1750844739316,2025-06-25T12:45:39.316,6.550,-0.422,0.109,0.505
1750844739326,2025-06-25T12:45:39.326,6.560,-0.399,0.146,0.624
1750844739336,2025-06-25T12:45:39.336,6.570,-0.431,0.168,0.743
1750844739346,2025-06-25T12:45:39.346,6.580,-0.513,0.202,0.836
1750844739356,2025-06-25T12:45:39.356,6.590,-0.574,0.255,0.891
1750844739366,2025-06-25T12:45:39.366,6.600,-0.652,0.317,0.933
1750844739376,2025-06-25T12:45:39.376,6.610,-0.756,0.378,0.995
1750844739386,2025-06-25T12:45:39.386,6.620,-0.801,0.430,1.076
1750844739396,2025-06-25T12:45:39.396,6.630,-0.764,0.473,1.197
1750844739406,2025-06-25T12:45:39.406,6.640,-0.675,0.500,1.310
1750844739416,2025-06-25T12:45:39.416,6.650,-0.557,0.531,1.382
1750844739426,2025-06-25T12:45:39.426,6.660,-0.516,0.541,1.439
1750844739436,2025-06-25T12:45:39.436,6.670,-0.516,0.529,1.541
1750844739446,2025-06-25T12:45:39.446,6.680,-0.446,0.505,1.673
1750844739456,2025-06-25T12:45:39.456,6.690,-0.337,0.460,1.791
1750844739466,2025-06-25T12:45:39.466,6.700,-0.271,0.437,1.907
1750844739476,2025-06-25T12:45:39.476,6.710,-0.254,0.476,1.973
1750844739486,2025-06-25T12:45:39.486,6.720,-0.305,0.537,1.989
1750844739496,2025-06-25T12:45:39.496,6.730,-0.333,0.573,1.986
1750844739506,2025-06-25T12:45:39.506,6.740,-0.284,0.587,1.962
1750844739516,2025-06-25T12:45:39.516,6.750,-0.173,0.584,1.929
1750844739526,2025-06-25T12:45:39.526,6.760,0.000,0.559,1.916
1750844739536,2025-06-25T12:45:39.536,6.770,0.197,0.515,1.888
1750844739546,2025-06-25T12:45:39.546,6.780,0.345,0.493,1.845
1750844739556,2025-06-25T12:45:39.556,6.790,0.417,0.484,1.794
1750844739566,2025-06-25T12:45:39.566,6.800,0.495,0.464,1.725
1750844739576,2025-06-25T12:45:39.576,6.810,0.611,0.415,1.664
1750844739586,2025-06-25T12:45:39.586,6.820,0.684,0.344,1.604
1750844739596,2025-06-25T12:45:39.596,6.830,0.685,0.290,1.529
1750844739606,2025-06-25T12:45:39.606,6.840,0.656,0.242,1.457
1750844739616,2025-06-25T12:45:39.616,6.850,0.621,0.211,1.366
1750844739626,2025-06-25T12:45:39.626,6.860,0.603,0.182,1.270
1750844739636,2025-06-25T12:45:39.636,6.870,0.582,0.156,1.187
1750844739646,2025-06-25T12:45:39.646,6.880,0.578,0.112,1.106
1750844739656,2025-06-25T12:45:39.656,6.890,0.604,0.057,1.029
1750844739666,2025-06-25T12:45:39.666,6.900,0.609,0.018,0.944
1750844739676,2025-06-25T12:45:39.676,6.910,0.599,-0.028,0.882
1750844739686,2025-06-25T12:45:39.686,6.920,0.577,-0.068,0.814
1750844739696,2025-06-25T12:45:39.696,6.930,0.556,-0.090,0.744
1750844739706,2025-06-25T12:45:39.706,6.940,0.504,-0.096,0.694
1750844739716,2025-06-25T12:45:39.716,6.950,0.440,-0.110,0.628
1750844739726,2025-06-25T12:45:39.726,6.960,0.398,-0.121,0.564
1750844739736,2025-06-25T12:45:39.736,6.970,0.352,-0.119,0.499
1750844739746,2025-06-25T12:45:39.746,6.980,0.340,-0.111,0.415
1750844739756,2025-06-25T12:45:39.756,6.990,0.327,-0.097,0.356
1750844739766,2025-06-25T12:45:39.766,7.000,0.290,-0.105,0.319
1750844739776,2025-06-25T12:45:39.776,7.010,0.263,-0.120,0.273
1750844739786,2025-06-25T12:45:39.786,7.020,0.220,-0.118,0.217
1750844739796,2025-06-25T12:45:39.796,7.030,0.172,-0.113,0.166
1750844739806,2025-06-25T12:45:39.806,7.040,0.136,-0.118,0.149
1750844739816,2025-06-25T12:45:39.816,7.050,0.084,-0.128,0.165
1750844739826,2025-06-25T12:45:39.826,7.060,-0.000,-0.126,0.239
1750844739836,2025-06-25T12:45:39.836,7.070,-0.063,-0.098,0.268
1750844739846,2025-06-25T12:45:39.846,7.080,-0.143,-0.055,0.296
1750844739856,2025-06-25T12:45:39.856,7.090,-0.265,-0.050,0.429
1750844739866,2025-06-25T12:45:39.866,7.100,-0.357,-0.105,0.600
1750844739876,2025-06-25T12:45:39.876,7.110,-0.390,-0.150,0.679
1750844739886,2025-06-25T12:45:39.886,7.120,-0.544,-0.146,0.753
1750844739896,2025-06-25T12:45:39.896,7.130,-0.783,-0.105,0.854
1750844739906,2025-06-25T12:45:39.906,7.140,-0.876,-0.033,0.947
1750844739916,2025-06-25T12:45:39.916,7.150,-0.973,0.047,1.036
1750844739926,2025-06-25T12:45:39.926,7.160,-1.023,0.116,1.143
1750844739936,2025-06-25T12:45:39.936,7.170,-0.924,0.152,1.250
1750844739946,2025-06-25T12:45:39.946,7.180,-0.760,0.160,1.319
1750844739956,2025-06-25T12:45:39.956,7.190,-0.669,0.157,1.335
1750844739966,2025-06-25T12:45:39.966,7.200,-0.656,0.153,1.301
1750844739976,2025-06-25T12:45:39.976,7.210,-0.617,0.133,1.250
1750844739986,2025-06-25T12:45:39.986,7.220,-0.586,0.112,1.205
1750844739996,2025-06-25T12:45:39.996,7.230,-0.542,0.097,1.158
1750844740006,2025-06-25T12:45:40.006,7.240,-0.487,0.086,1.112
1750844740016,2025-06-25T12:45:40.016,7.250,-0.443,0.068,1.047
1750844740026,2025-06-25T12:45:40.026,7.260,-0.384,0.050,0.971
1750844740036,2025-06-25T12:45:40.036,7.270,-0.325,0.034,0.884
1750844740046,2025-06-25T12:45:40.046,7.280,-0.266,0.022,0.783
1750844740056,2025-06-25T12:45:40.056,7.290,-0.217,0.019,0.684
1750844740066,2025-06-25T12:45:40.066,7.300,-0.198,0.007,0.589
1750844740076,2025-06-25T12:45:40.076,7.310,-0.191,-0.016,0.507
1750844740086,2025-06-25T12:45:40.086,7.320,-0.194,-0.034,0.442
1750844740096,2025-06-25T12:45:40.096,7.330,-0.201,-0.061,0.378
1750844740106,2025-06-25T12:45:40.106,7.340,-0.198,-0.095,0.354
1750844740116,2025-06-25T12:45:40.116,7.350,-0.169,-0.126,0.360
1750844740126,2025-06-25T12:45:40.126,7.360,-0.138,-0.155,0.372
1750844740136,2025-06-25T12:45:40.136,7.370,-0.173,-0.170,0.415
1750844740146,2025-06-25T12:45:40.146,7.380,-0.167,-0.166,0.439
1750844740156,2025-06-25T12:45:40.156,7.390,-0.158,-0.105,0.469
1750844740166,2025-06-25T12:45:40.166,7.400,-0.231,-0.009,0.516
1750844740176,2025-06-25T12:45:40.176,7.410,-0.326,0.079,0.544
1750844740186,2025-06-25T12:45:40.186,7.420,-0.400,0.148,0.554
1750844740196,2025-06-25T12:45:40.196,7.430,-0.472,0.181,0.577
1750844740206,2025-06-25T12:45:40.206,7.440,-0.438,0.189,0.652
1750844740216,2025-06-25T12:45:40.216,7.450,-0.302,0.209,0.825
1750844740226,2025-06-25T12:45:40.226,7.460,-0.222,0.225,1.005
1750844740236,2025-06-25T12:45:40.236,7.470,-0.227,0.253,1.134
1750844740246,2025-06-25T12:45:40.246,7.480,-0.325,0.322,1.233
1750844740256,2025-06-25T12:45:40.256,7.490,-0.476,0.405,1.329
1750844740266,2025-06-25T12:45:40.266,7.500,-0.614,0.468,1.369
1750844740276,2025-06-25T12:45:40.276,7.510,-0.684,0.519,1.419
1750844740286,2025-06-25T12:45:40.286,7.520,-0.703,0.542,1.539
1750844740296,2025-06-25T12:45:40.296,7.530,-0.630,0.531,1.665
1750844740306,2025-06-25T12:45:40.306,7.540,-0.476,0.531,1.751
1750844740316,2025-06-25T12:45:40.316,7.550,-0.335,0.525,1.795
1750844740326,2025-06-25T12:45:40.326,7.560,-0.290,0.541,1.813
1750844740336,2025-06-25T12:45:40.336,7.570,-0.348,0.542,1.853
1750844740346,2025-06-25T12:45:40.346,7.580,-0.397,0.538,1.879
1750844740356,2025-06-25T12:45:40.356,7.590,-0.403,0.555,1.883
1750844740366,2025-06-25T12:45:40.366,7.600,-0.333,0.566,1.873
1750844740376,2025-06-25T12:45:40.376,7.610,-0.236,0.547,1.887
1750844740386,2025-06-25T12:45:40.386,7.620,-0.098,0.548,1.886
1750844740396,2025-06-25T12:45:40.396,7.630,0.042,0.559,1.860
1750844740406,2025-06-25T12:45:40.406,7.640,0.131,0.538,1.821
1750844740416,2025-06-25T12:45:40.416,7.650,0.228,0.509,1.772
1750844740426,2025-06-25T12:45:40.426,7.660,0.372,0.504,1.734
1750844740436,2025-06-25T12:45:40.436,7.670,0.562,0.481,1.723
1750844740446,2025-06-25T12:45:40.446,7.680,0.696,0.415,1.716
1750844740456,2025-06-25T12:45:40.456,7.690,0.754,0.343,1.681
1750844740466,2025-06-25T12:45:40.466,7.700,0.751,0.292,1.610
1750844740476,2025-06-25T12:45:40.476,7.710,0.645,0.264,1.544
1750844740486,2025-06-25T12:45:40.486,7.720,0.544,0.233,1.500
1750844740496,2025-06-25T12:45:40.496,7.730,0.483,0.221,1.460
1750844740506,2025-06-25T12:45:40.506,7.740,0.456,0.211,1.417
1750844740516,2025-06-25T12:45:40.516,7.750,0.442,0.187,1.361
1750844740526,2025-06-25T12:45:40.526,7.760,0.427,0.145,1.308
1750844740536,2025-06-25T12:45:40.536,7.770,0.410,0.108,1.260
1750844740546,2025-06-25T12:45:40.546,7.780,0.396,0.083,1.204
1750844740556,2025-06-25T12:45:40.556,7.790,0.364,0.074,1.146
1750844740566,2025-06-25T12:45:40.566,7.800,0.281,0.097,1.068
1750844740576,2025-06-25T12:45:40.576,7.810,0.162,0.119,0.968
1750844740586,2025-06-25T12:45:40.586,7.820,0.078,0.115,0.869
1750844740596,2025-06-25T12:45:40.596,7.830,0.031,0.096,0.782
1750844740606,2025-06-25T12:45:40.606,7.840,-0.072,0.080,0.663
1750844740616,2025-06-25T12:45:40.616,7.850,-0.163,0.060,0.539
1750844740626,2025-06-25T12:45:40.626,7.860,-0.205,0.039,0.486
1750844740636,2025-06-25T12:45:40.636,7.870,-0.271,0.000,0.431
1750844740646,2025-06-25T12:45:40.646,7.880,-0.280,-0.066,0.343
1750844740656,2025-06-25T12:45:40.656,7.890,-0.264,-0.111,0.271
1750844740666,2025-06-25T12:45:40.666,7.900,-0.273,-0.156,0.187
1750844740676,2025-06-25T12:45:40.676,7.910,-0.239,-0.210,0.141
1750844740686,2025-06-25T12:45:40.686,7.920,-0.174,-0.247,0.118
1750844740696,2025-06-25T12:45:40.696,7.930,-0.186,-0.264,0.100
1750844740706,2025-06-25T12:45:40.706,7.940,-0.266,-0.263,0.112
1750844740716,2025-06-25T12:45:40.716,7.950,-0.325,-0.273,0.129
1750844740726,2025-06-25T12:45:40.726,7.960,-0.334,-0.300,0.167
1750844740736,2025-06-25T12:45:40.736,7.970,-0.377,-0.318,0.248
1750844740746,2025-06-25T12:45:40.746,7.980,-0.396,-0.313,0.377
1750844740756,2025-06-25T12:45:40.756,7.990,-0.396,-0.315,0.500
1750844740766,2025-06-25T12:45:40.766,8.000,-0.366,-0.338,0.548
1750844740776,2025-06-25T12:45:40.776,8.010,-0.351,-0.333,0.556
1750844740786,2025-06-25T12:45:40.786,8.020,-0.380,-0.289,0.592
1750844740796,2025-06-25T12:45:40.796,8.030,-0.301,-0.257,0.655
1750844740806,2025-06-25T12:45:40.806,8.040,-0.241,-0.245,0.731
1750844740816,2025-06-25T12:45:40.816,8.050,-0.207,-0.249,0.774
1750844740826,2025-06-25T12:45:40.826,8.060,-0.169,-0.247,0.788
1750844740836,2025-06-25T12:45:40.836,8.070,-0.178,-0.232,0.810
1750844740846,2025-06-25T12:45:40.846,8.080,-0.198,-0.222,0.826
1750844740856,2025-06-25T12:45:40.856,8.090,-0.197,-0.208,0.836
1750844740866,2025-06-25T12:45:40.866,8.100,-0.177,-0.200,0.838
1750844740876,2025-06-25T12:45:40.876,8.110,-0.121,-0.199,0.837
1750844740886,2025-06-25T12:45:40.886,8.120,-0.084,-0.188,0.828
1750844740896,2025-06-25T12:45:40.896,8.130,-0.086,-0.179,0.825
1750844740906,2025-06-25T12:45:40.906,8.140,-0.081,-0.176,0.820
1750844740916,2025-06-25T12:45:40.916,8.150,-0.101,-0.162,0.807
1750844740926,2025-06-25T12:45:40.926,8.160,-0.138,-0.156,0.787
1750844740936,2025-06-25T12:45:40.936,8.170,-0.167,-0.155,0.769
1750844740946,2025-06-25T12:45:40.946,8.180,-0.157,-0.151,0.752
1750844740956,2025-06-25T12:45:40.956,8.190,-0.106,-0.146,0.745
1750844740966,2025-06-25T12:45:40.966,8.200,-0.065,-0.134,0.748
1750844740976,2025-06-25T12:45:40.976,8.210,-0.056,-0.129,0.760
1750844740986,2025-06-25T12:45:40.986,8.220,-0.054,-0.125,0.761
1750844740996,2025-06-25T12:45:40.996,8.230,-0.055,-0.128,0.786
1750844741006,2025-06-25T12:45:41.006,8.240,-0.063,-0.125,0.786
1750844741016,2025-06-25T12:45:41.016,8.250,-0.101,-0.098,0.768
1750844741026,2025-06-25T12:45:41.026,8.260,-0.172,-0.061,0.763
1750844741036,2025-06-25T12:45:41.036,8.270,-0.239,-0.029,0.729
1750844741046,2025-06-25T12:45:41.046,8.280,-0.293,0.001,0.677
1750844741056,2025-06-25T12:45:41.056,8.290,-0.322,0.020,0.663
1750844741066,2025-06-25T12:45:41.066,8.300,-0.325,0.019,0.677
1750844741076,2025-06-25T12:45:41.076,8.310,-0.294,0.033,0.697
1750844741086,2025-06-25T12:45:41.086,8.320,-0.273,0.055,0.754
1750844741096,2025-06-25T12:45:41.096,8.330,-0.289,0.100,0.811
1750844741106,2025-06-25T12:45:41.106,8.340,-0.291,0.147,0.856
1750844741116,2025-06-25T12:45:41.116,8.350,-0.333,0.192,0.897
1750844741126,2025-06-25T12:45:41.126,8.360,-0.440,0.236,0.917
1750844741136,2025-06-25T12:45:41.136,8.370,-0.586,0.289,0.917
1750844741146,2025-06-25T12:45:41.146,8.380,-0.718,0.326,0.948
1750844741156,2025-06-25T12:45:41.156,8.390,-0.712,0.339,1.029
1750844741166,2025-06-25T12:45:41.166,8.400,-0.652,0.356,1.167
1750844741176,2025-06-25T12:45:41.176,8.410,-0.596,0.381,1.294
1750844741186,2025-06-25T12:45:41.186,8.420,-0.550,0.405,1.376
1750844741196,2025-06-25T12:45:41.196,8.430,-0.592,0.446,1.427
1750844741206,2025-06-25T12:45:41.206,8.440,-0.665,0.489,1.448
1750844741216,2025-06-25T12:45:41.216,8.450,-0.686,0.514,1.466
1750844741226,2025-06-25T12:45:41.226,8.460,-0.687,0.525,1.514
1750844741236,2025-06-25T12:45:41.236,8.470,-0.646,0.538,1.568
1750844741246,2025-06-25T12:45:41.246,8.480,-0.578,0.543,1.603
1750844741256,2025-06-25T12:45:41.256,8.490,-0.525,0.547,1.646
1750844741266,2025-06-25T12:45:41.266,8.500,-0.475,0.535,1.702
1750844741276,2025-06-25T12:45:41.276,8.510,-0.427,0.521,1.716
1750844741286,2025-06-25T12:45:41.286,8.520,-0.384,0.523,1.701
1750844741296,2025-06-25T12:45:41.296,8.530,-0.365,0.536,1.674
1750844741306,2025-06-25T12:45:41.306,8.540,-0.318,0.536,1.659
1750844741316,2025-06-25T12:45:41.316,8.550,-0.244,0.532,1.665
1750844741326,2025-06-25T12:45:41.326,8.560,-0.148,0.528,1.674
1750844741336,2025-06-25T12:45:41.336,8.570,-0.076,0.523,1.663
1750844741346,2025-06-25T12:45:41.346,8.580,-0.028,0.511,1.638
1750844741356,2025-06-25T12:45:41.356,8.590,0.066,0.485,1.608
1750844741366,2025-06-25T12:45:41.366,8.600,0.205,0.450,1.589
1750844741376,2025-06-25T12:45:41.376,8.610,0.412,0.422,1.615
1750844741386,2025-06-25T12:45:41.386,8.620,0.624,0.387,1.636
1750844741396,2025-06-25T12:45:41.396,8.630,0.716,0.325,1.634
1750844741406,2025-06-25T12:45:41.406,8.640,0.692,0.280,1.567
1750844741416,2025-06-25T12:45:41.416,8.650,0.559,0.264,1.487
1750844741426,2025-06-25T12:45:41.426,8.660,0.411,0.262,1.440
1750844741436,2025-06-25T12:45:41.436,8.670,0.293,0.252,1.421
1750844741446,2025-06-25T12:45:41.446,8.680,0.238,0.227,1.371
1750844741456,2025-06-25T12:45:41.456,8.690,0.262,0.214,1.318
1750844741466,2025-06-25T12:45:41.466,8.700,0.310,0.196,1.261
1750844741476,2025-06-25T12:45:41.476,8.710,0.372,0.158,1.201
1750844741486,2025-06-25T12:45:41.486,8.720,0.411,0.143,1.124
1750844741496,2025-06-25T12:45:41.496,8.730,0.386,0.137,1.056
1750844741506,2025-06-25T12:45:41.506,8.740,0.326,0.120,0.982
1750844741516,2025-06-25T12:45:41.516,8.750,0.288,0.097,0.906
1750844741526,2025-06-25T12:45:41.526,8.760,0.254,0.082,0.844
1750844741536,2025-06-25T12:45:41.536,8.770,0.201,0.065,0.778
1750844741546,2025-06-25T12:45:41.546,8.780,0.121,0.044,0.689
1750844741556,2025-06-25T12:45:41.556,8.790,0.038,0.033,0.583
1750844741566,2025-06-25T12:45:41.566,8.800,-0.042,0.006,0.507
1750844741576,2025-06-25T12:45:41.576,8.810,-0.119,-0.043,0.455
1750844741586,2025-06-25T12:45:41.586,8.820,-0.189,-0.091,0.441
1750844741596,2025-06-25T12:45:41.596,8.830,-0.213,-0.161,0.432
1750844741606,2025-06-25T12:45:41.606,8.840,-0.188,-0.240,0.404
1750844741616,2025-06-25T12:45:41.616,8.850,-0.241,-0.265,0.419
1750844741626,2025-06-25T12:45:41.626,8.860,-0.324,-0.254,0.435
1750844741636,2025-06-25T12:45:41.636,8.870,-0.357,-0.242,0.431
1750844741646,2025-06-25T12:45:41.646,8.880,-0.393,-0.214,0.445
1750844741656,2025-06-25T12:45:41.656,8.890,-0.451,-0.171,0.489
1750844741666,2025-06-25T12:45:41.666,8.900,-0.488,-0.123,0.525
1750844741676,2025-06-25T12:45:41.676,8.910,-0.527,-0.087,0.553
1750844741686,2025-06-25T12:45:41.686,8.920,-0.509,-0.094,0.610
1750844741696,2025-06-25T12:45:41.696,8.930,-0.462,-0.127,0.698
1750844741706,2025-06-25T12:45:41.706,8.940,-0.399,-0.148,0.767
1750844741716,2025-06-25T12:45:41.716,8.950,-0.340,-0.144,0.785
1750844741726,2025-06-25T12:45:41.726,8.960,-0.378,-0.124,0.803
1750844741736,2025-06-25T12:45:41.736,8.970,-0.409,-0.110,0.858
1750844741746,2025-06-25T12:45:41.746,8.980,-0.347,-0.117,0.908
1750844741756,2025-06-25T12:45:41.756,8.990,-0.300,-0.111,0.919
1750844741766,2025-06-25T12:45:41.766,9.000,-0.303,-0.101,0.905
1750844741776,2025-06-25T12:45:41.776,9.010,-0.324,-0.099,0.900
1750844741786,2025-06-25T12:45:41.786,9.020,-0.319,-0.102,0.883
1750844741796,2025-06-25T12:45:41.796,9.030,-0.293,-0.096,0.871
1750844741806,2025-06-25T12:45:41.806,9.040,-0.268,-0.098,0.861
1750844741816,2025-06-25T12:45:41.816,9.050,-0.233,-0.105,0.846
1750844741826,2025-06-25T12:45:41.826,9.060,-0.173,-0.107,0.815
1750844741836,2025-06-25T12:45:41.836,9.070,-0.123,-0.106,0.792
1750844741846,2025-06-25T12:45:41.846,9.080,-0.098,-0.114,0.759
1750844741856,2025-06-25T12:45:41.856,9.090,-0.080,-0.119,0.715
1750844741866,2025-06-25T12:45:41.866,9.100,-0.075,-0.123,0.676
1750844741876,2025-06-25T12:45:41.876,9.110,-0.090,-0.129,0.637
1750844741886,2025-06-25T12:45:41.886,9.120,-0.085,-0.128,0.594
1750844741896,2025-06-25T12:45:41.896,9.130,-0.063,-0.130,0.549
1750844741906,2025-06-25T12:45:41.906,9.140,-0.041,-0.135,0.520
1750844741916,2025-06-25T12:45:41.916,9.150,-0.041,-0.134,0.508
1750844741926,2025-06-25T12:45:41.926,9.160,-0.060,-0.132,0.499
1750844741936,2025-06-25T12:45:41.936,9.170,-0.092,-0.139,0.492
1750844741946,2025-06-25T12:45:41.946,9.180,-0.077,-0.164,0.509
1750844741956,2025-06-25T12:45:41.956,9.190,-0.036,-0.152,0.545
1750844741966,2025-06-25T12:45:41.966,9.200,-0.047,-0.098,0.591
1750844741976,2025-06-25T12:45:41.976,9.210,-0.133,-0.034,0.624
1750844741986,2025-06-25T12:45:41.986,9.220,-0.244,0.032,0.626
1750844741996,2025-06-25T12:45:41.996,9.230,-0.315,0.086,0.635
1750844742006,2025-06-25T12:45:42.006,9.240,-0.372,0.126,0.672
1750844742016,2025-06-25T12:45:42.016,9.250,-0.443,0.162,0.699
1750844742026,2025-06-25T12:45:42.026,9.260,-0.456,0.186,0.743
1750844742036,2025-06-25T12:45:42.036,9.270,-0.425,0.198,0.819
1750844742046,2025-06-25T12:45:42.046,9.280,-0.397,0.220,0.901
1750844742056,2025-06-25T12:45:42.056,9.290,-0.432,0.252,0.977
1750844742066,2025-06-25T12:45:42.066,9.300,-0.470,0.287,1.034
1750844742076,2025-06-25T12:45:42.076,9.310,-0.487,0.318,1.078
1750844742086,2025-06-25T12:45:42.086,9.320,-0.556,0.367,1.117
1750844742096,2025-06-25T12:45:42.096,9.330,-0.688,0.404,1.146
1750844742106,2025-06-25T12:45:42.106,9.340,-0.789,0.411,1.173
1750844742116,2025-06-25T12:45:42.116,9.350,-0.797,0.421,1.256
1750844742126,2025-06-25T12:45:42.126,9.360,-0.753,0.417,1.376
1750844742136,2025-06-25T12:45:42.136,9.370,-0.688,0.413,1.485
1750844742146,2025-06-25T12:45:42.146,9.380,-0.694,0.445,1.549
1750844742156,2025-06-25T12:45:42.156,9.390,-0.757,0.484,1.581
1750844742166,2025-06-25T12:45:42.166,9.400,-0.792,0.522,1.575
1750844742176,2025-06-25T12:45:42.176,9.410,-0.776,0.569,1.545
1750844742186,2025-06-25T12:45:42.186,9.420,-0.720,0.603,1.580
1750844742196,2025-06-25T12:45:42.196,9.430,-0.644,0.583,1.669
1750844742206,2025-06-25T12:45:42.206,9.440,-0.551,0.562,1.737
1750844742216,2025-06-25T12:45:42.216,9.450,-0.448,0.571,1.783
1750844742226,2025-06-25T12:45:42.226,9.460,-0.365,0.588,1.767
1750844742236,2025-06-25T12:45:42.236,9.470,-0.307,0.595,1.732
1750844742246,2025-06-25T12:45:42.246,9.480,-0.233,0.604,1.706
1750844742256,2025-06-25T12:45:42.256,9.490,-0.133,0.589,1.666
1750844742266,2025-06-25T12:45:42.266,9.500,-0.021,0.577,1.601
1750844742276,2025-06-25T12:45:42.276,9.510,0.128,0.555,1.591
1750844742286,2025-06-25T12:45:42.286,9.520,0.313,0.519,1.618
1750844742296,2025-06-25T12:45:42.296,9.530,0.445,0.472,1.645
1750844742306,2025-06-25T12:45:42.306,9.540,0.524,0.416,1.642
1750844742316,2025-06-25T12:45:42.316,9.550,0.542,0.376,1.576
1750844742326,2025-06-25T12:45:42.326,9.560,0.479,0.337,1.491
1750844742336,2025-06-25T12:45:42.336,9.570,0.394,0.316,1.422
1750844742346,2025-06-25T12:45:42.346,9.580,0.318,0.292,1.383
1750844742356,2025-06-25T12:45:42.356,9.590,0.285,0.238,1.364
1750844742366,2025-06-25T12:45:42.366,9.600,0.293,0.186,1.324
1750844742376,2025-06-25T12:45:42.376,9.610,0.305,0.135,1.253
1750844742386,2025-06-25T12:45:42.386,9.620,0.308,0.112,1.181
1750844742396,2025-06-25T12:45:42.396,9.630,0.301,0.111,1.104
1750844742406,2025-06-25T12:45:42.406,9.640,0.291,0.108,1.023
1750844742416,2025-06-25T12:45:42.416,9.650,0.275,0.101,0.946
1750844742426,2025-06-25T12:45:42.426,9.660,0.254,0.088,0.874
1750844742436,2025-06-25T12:45:42.436,9.670,0.218,0.076,0.801
1750844742446,2025-06-25T12:45:42.446,9.680,0.173,0.067,0.724
1750844742456,2025-06-25T12:45:42.456,9.690,0.135,0.049,0.674
1750844742466,2025-06-25T12:45:42.466,9.700,0.101,0.025,0.644
1750844742476,2025-06-25T12:45:42.476,9.710,0.027,0.012,0.607
1750844742486,2025-06-25T12:45:42.486,9.720,-0.055,-0.005,0.572
1750844742496,2025-06-25T12:45:42.496,9.730,-0.119,-0.038,0.528
1750844742506,2025-06-25T12:45:42.506,9.740,-0.227,-0.049,0.497
1750844742516,2025-06-25T12:45:42.516,9.750,-0.330,-0.077,0.508
1750844742526,2025-06-25T12:45:42.526,9.760,-0.365,-0.123,0.513
1750844742536,2025-06-25T12:45:42.536,9.770,-0.402,-0.145,0.524
1750844742546,2025-06-25T12:45:42.546,9.780,-0.438,-0.148,0.556
1750844742556,2025-06-25T12:45:42.556,9.790,-0.489,-0.125,0.580
1750844742566,2025-06-25T12:45:42.566,9.800,-0.587,-0.090,0.600
1750844742576,2025-06-25T12:45:42.576,9.810,-0.675,-0.081,0.597
1750844742586,2025-06-25T12:45:42.586,9.820,-0.638,-0.082,0.602
1750844742596,2025-06-25T12:45:42.596,9.830,-0.544,-0.069,0.661
1750844742606,2025-06-25T12:45:42.606,9.840,-0.432,-0.072,0.716
1750844742616,2025-06-25T12:45:42.616,9.850,-0.323,-0.066,0.779
1750844742626,2025-06-25T12:45:42.626,9.860,-0.347,-0.034,0.830
1750844742636,2025-06-25T12:45:42.636,9.870,-0.437,-0.015,0.851
1750844742646,2025-06-25T12:45:42.646,9.880,-0.443,-0.015,0.867
1750844742656,2025-06-25T12:45:42.656,9.890,-0.434,-0.021,0.870
1750844742666,2025-06-25T12:45:42.666,9.900,-0.444,-0.030,0.867
1750844742676,2025-06-25T12:45:42.676,9.910,-0.388,-0.042,0.875
1750844742686,2025-06-25T12:45:42.686,9.920,-0.313,-0.045,0.880
1750844742696,2025-06-25T12:45:42.696,9.930,-0.271,-0.058,0.883
1750844742706,2025-06-25T12:45:42.706,9.940,-0.227,-0.074,0.864
1750844742716,2025-06-25T12:45:42.716,9.950,-0.175,-0.077,0.854
1750844742726,2025-06-25T12:45:42.726,9.960,-0.151,-0.082,0.835
1750844742736,2025-06-25T12:45:42.736,9.970,-0.144,-0.091,0.802
1750844742746,2025-06-25T12:45:42.746,9.980,-0.125,-0.088,0.786
1750844742756,2025-06-25T12:45:42.756,9.990,-0.100,-0.082,0.762
1750844742766,2025-06-25T12:45:42.766,10.000,-0.084,-0.078,0.709
1750844742776,2025-06-25T12:45:42.776,10.010,-0.104,-0.077,0.652
1750844742786,2025-06-25T12:45:42.786,10.020,-0.105,-0.082,0.597
1750844742796,2025-06-25T12:45:42.796,10.030,-0.090,-0.074,0.552
1750844742806,2025-06-25T12:45:42.806,10.040,-0.086,-0.069,0.527
1750844742816,2025-06-25T12:45:42.816,10.050,-0.064,-0.073,0.508
1750844742826,2025-06-25T12:45:42.826,10.060,-0.066,-0.065,0.510
1750844742836,2025-06-25T12:45:42.836,10.070,-0.085,-0.050,0.524
1750844742846,2025-06-25T12:45:42.846,10.080,-0.108,-0.040,0.532
1750844742856,2025-06-25T12:45:42.856,10.090,-0.166,-0.027,0.548
1750844742866,2025-06-25T12:45:42.866,10.100,-0.214,0.002,0.574
1750844742876,2025-06-25T12:45:42.876,10.110,-0.317,0.054,0.592
1750844742886,2025-06-25T12:45:42.886,10.120,-0.451,0.094,0.626
1750844742896,2025-06-25T12:45:42.896,10.130,-0.512,0.120,0.648
1750844742906,2025-06-25T12:45:42.906,10.140,-0.571,0.170,0.671
1750844742916,2025-06-25T12:45:42.916,10.150,-0.662,0.211,0.729
1750844742926,2025-06-25T12:45:42.926,10.160,-0.684,0.231,0.782
1750844742936,2025-06-25T12:45:42.936,10.170,-0.624,0.255,0.857
1750844742946,2025-06-25T12:45:42.946,10.180,-0.563,0.270,0.961
1750844742956,2025-06-25T12:45:42.956,10.190,-0.543,0.285,1.044
1750844742966,2025-06-25T12:45:42.966,10.200,-0.611,0.328,1.102
1750844742976,2025-06-25T12:45:42.976,10.210,-0.687,0.365,1.159
1750844742986,2025-06-25T12:45:42.986,10.220,-0.726,0.406,1.212
1750844742996,2025-06-25T12:45:42.996,10.230,-0.760,0.448,1.240
1750844743006,2025-06-25T12:45:43.006,10.240,-0.791,0.489,1.249
1750844743016,2025-06-25T12:45:43.016,10.250,-0.807,0.528,1.274
1750844743026,2025-06-25T12:45:43.026,10.260,-0.755,0.553,1.333
1750844743036,2025-06-25T12:45:43.036,10.270,-0.657,0.547,1.417
1750844743046,2025-06-25T12:45:43.046,10.280,-0.566,0.537,1.475
1750844743056,2025-06-25T12:45:43.056,10.290,-0.523,0.542,1.501
1750844743066,2025-06-25T12:45:43.066,10.300,-0.536,0.554,1.528
1750844743076,2025-06-25T12:45:43.076,10.310,-0.564,0.560,1.534
1750844743086,2025-06-25T12:45:43.086,10.320,-0.554,0.563,1.548
1750844743096,2025-06-25T12:45:43.096,10.330,-0.513,0.574,1.576
1750844743106,2025-06-25T12:45:43.106,10.340,-0.450,0.575,1.593
1750844743116,2025-06-25T12:45:43.116,10.350,-0.356,0.579,1.612
1750844743126,2025-06-25T12:45:43.126,10.360,-0.263,0.574,1.620
1750844743136,2025-06-25T12:45:43.136,10.370,-0.168,0.578,1.607
1750844743146,2025-06-25T12:45:43.146,10.380,-0.068,0.587,1.608
1750844743156,2025-06-25T12:45:43.156,10.390,0.050,0.564,1.630
1750844743166,2025-06-25T12:45:43.166,10.400,0.213,0.522,1.665
1750844743176,2025-06-25T12:45:43.176,10.410,0.375,0.462,1.696
1750844743186,2025-06-25T12:45:43.186,10.420,0.519,0.394,1.706
1750844743196,2025-06-25T12:45:43.196,10.430,0.522,0.344,1.606
1750844743206,2025-06-25T12:45:43.206,10.440,0.416,0.331,1.478
1750844743216,2025-06-25T12:45:43.216,10.450,0.418,0.318,1.451
1750844743226,2025-06-25T12:45:43.226,10.460,0.438,0.279,1.441
1750844743236,2025-06-25T12:45:43.236,10.470,0.435,0.230,1.379
1750844743246,2025-06-25T12:45:43.246,10.480,0.485,0.197,1.316
1750844743256,2025-06-25T12:45:43.256,10.490,0.512,0.154,1.252
1750844743266,2025-06-25T12:45:43.266,10.500,0.490,0.114,1.199
1750844743276,2025-06-25T12:45:43.276,10.510,0.455,0.094,1.122
1750844743286,2025-06-25T12:45:43.286,10.520,0.428,0.087,1.048
1750844743296,2025-06-25T12:45:43.296,10.530,0.395,0.079,0.978
1750844743306,2025-06-25T12:45:43.306,10.540,0.361,0.066,0.915
1750844743316,2025-06-25T12:45:43.316,10.550,0.322,0.057,0.858
1750844743326,2025-06-25T12:45:43.326,10.560,0.283,0.055,0.801
1750844743336,2025-06-25T12:45:43.336,10.570,0.243,0.041,0.737
1750844743346,2025-06-25T12:45:43.346,10.580,0.203,0.015,0.680
1750844743356,2025-06-25T12:45:43.356,10.590,0.149,0.007,0.629
1750844743366,2025-06-25T12:45:43.366,10.600,0.103,0.014,0.597
1750844743376,2025-06-25T12:45:43.376,10.610,0.078,0.007,0.571
1750844743386,2025-06-25T12:45:43.386,10.620,0.020,-0.016,0.535
1750844743396,2025-06-25T12:45:43.396,10.630,-0.129,-0.051,0.486
1750844743406,2025-06-25T12:45:43.406,10.640,-0.328,-0.095,0.459
1750844743416,2025-06-25T12:45:43.416,10.650,-0.446,-0.153,0.513
1750844743426,2025-06-25T12:45:43.426,10.660,-0.459,-0.194,0.581
1750844743436,2025-06-25T12:45:43.436,10.670,-0.422,-0.204,0.605
1750844743446,2025-06-25T12:45:43.446,10.680,-0.425,-0.169,0.610
1750844743456,2025-06-25T12:45:43.456,10.690,-0.524,-0.102,0.644
1750844743466,2025-06-25T12:45:43.466,10.700,-0.642,-0.071,0.648
1750844743476,2025-06-25T12:45:43.476,10.710,-0.641,-0.055,0.643
1750844743486,2025-06-25T12:45:43.486,10.720,-0.529,-0.037,0.676
1750844743496,2025-06-25T12:45:43.496,10.730,-0.418,-0.021,0.744
1750844743506,2025-06-25T12:45:43.506,10.740,-0.353,-0.007,0.803
1750844743516,2025-06-25T12:45:43.516,10.750,-0.313,0.004,0.845
1750844743526,2025-06-25T12:45:43.526,10.760,-0.283,0.002,0.892
1750844743536,2025-06-25T12:45:43.536,10.770,-0.281,-0.014,0.924
1750844743546,2025-06-25T12:45:43.546,10.780,-0.299,-0.031,0.935
1750844743556,2025-06-25T12:45:43.556,10.790,-0.326,-0.042,0.943
1750844743566,2025-06-25T12:45:43.566,10.800,-0.291,-0.056,0.938
1750844743576,2025-06-25T12:45:43.576,10.810,-0.236,-0.049,0.914
1750844743586,2025-06-25T12:45:43.586,10.820,-0.205,-0.035,0.885
1750844743596,2025-06-25T12:45:43.596,10.830,-0.192,-0.048,0.860
1750844743606,2025-06-25T12:45:43.606,10.840,-0.143,-0.082,0.835
1750844743616,2025-06-25T12:45:43.616,10.850,-0.101,-0.093,0.814
1750844743626,2025-06-25T12:45:43.626,10.860,-0.106,-0.092,0.793
1750844743636,2025-06-25T12:45:43.636,10.870,-0.095,-0.096,0.758
1750844743646,2025-06-25T12:45:43.646,10.880,-0.083,-0.087,0.714
1750844743656,2025-06-25T12:45:43.656,10.890,-0.084,-0.071,0.658
1750844743666,2025-06-25T12:45:43.666,10.900,-0.061,-0.054,0.592
1750844743676,2025-06-25T12:45:43.676,10.910,-0.065,-0.035,0.522
1750844743686,2025-06-25T12:45:43.686,10.920,-0.075,-0.029,0.451
1750844743696,2025-06-25T12:45:43.696,10.930,-0.044,-0.024,0.397
1750844743706,2025-06-25T12:45:43.706,10.940,-0.027,-0.018,0.349
1750844743716,2025-06-25T12:45:43.716,10.950,-0.016,-0.015,0.316
1750844743726,2025-06-25T12:45:43.726,10.960,-0.011,-0.008,0.335
1750844743736,2025-06-25T12:45:43.736,10.970,-0.020,0.007,0.371
1750844743746,2025-06-25T12:45:43.746,10.980,-0.074,0.025,0.402
1750844743756,2025-06-25T12:45:43.756,10.990,-0.131,0.018,0.471
1750844743766,2025-06-25T12:45:43.766,11.000,-0.166,0.013,0.546
1750844743776,2025-06-25T12:45:43.776,11.010,-0.232,0.044,0.597
1750844743786,2025-06-25T12:45:43.786,11.020,-0.289,0.107,0.656
1750844743796,2025-06-25T12:45:43.796,11.030,-0.341,0.168,0.738
1750844743806,2025-06-25T12:45:43.806,11.040,-0.517,0.222,0.803
1750844743816,2025-06-25T12:45:43.816,11.050,-0.660,0.260,0.871
1750844743826,2025-06-25T12:45:43.826,11.060,-0.701,0.286,0.939
1750844743836,2025-06-25T12:45:43.836,11.070,-0.676,0.330,1.066
1750844743846,2025-06-25T12:45:43.846,11.080,-0.643,0.380,1.212
1750844743856,2025-06-25T12:45:43.856,11.090,-0.596,0.424,1.351
1750844743866,2025-06-25T12:45:43.866,11.100,-0.558,0.491,1.441
1750844743876,2025-06-25T12:45:43.876,11.110,-0.573,0.559,1.488
1750844743886,2025-06-25T12:45:43.886,11.120,-0.655,0.603,1.491
1750844743896,2025-06-25T12:45:43.896,11.130,-0.705,0.627,1.474
1750844743906,2025-06-25T12:45:43.906,11.140,-0.720,0.646,1.478
1750844743916,2025-06-25T12:45:43.916,11.150,-0.679,0.641,1.528
1750844743926,2025-06-25T12:45:43.926,11.160,-0.588,0.607,1.596
1750844743936,2025-06-25T12:45:43.936,11.170,-0.481,0.579,1.651
1750844743946,2025-06-25T12:45:43.946,11.180,-0.407,0.569,1.673
1750844743956,2025-06-25T12:45:43.956,11.190,-0.389,0.582,1.667
1750844743966,2025-06-25T12:45:43.966,11.200,-0.397,0.585,1.647
1750844743976,2025-06-25T12:45:43.976,11.210,-0.391,0.568,1.639
1750844743986,2025-06-25T12:45:43.986,11.220,-0.365,0.542,1.641
1750844743996,2025-06-25T12:45:43.996,11.230,-0.304,0.521,1.641
1750844744006,2025-06-25T12:45:44.006,11.240,-0.219,0.521,1.634
1750844744016,2025-06-25T12:45:44.016,11.250,-0.146,0.519,1.614
1750844744026,2025-06-25T12:45:44.026,11.260,-0.078,0.512,1.589
1750844744036,2025-06-25T12:45:44.036,11.270,-0.013,0.488,1.562
1750844744046,2025-06-25T12:45:44.046,11.280,0.078,0.459,1.537
1750844744056,2025-06-25T12:45:44.056,11.290,0.215,0.450,1.525
1750844744066,2025-06-25T12:45:44.066,11.300,0.373,0.445,1.521
1750844744076,2025-06-25T12:45:44.076,11.310,0.480,0.426,1.505
1750844744086,2025-06-25T12:45:44.086,11.320,0.543,0.392,1.483
1750844744096,2025-06-25T12:45:44.096,11.330,0.558,0.346,1.422
1750844744106,2025-06-25T12:45:44.106,11.340,0.518,0.304,1.364
1750844744116,2025-06-25T12:45:44.116,11.350,0.476,0.280,1.331
1750844744126,2025-06-25T12:45:44.126,11.360,0.424,0.255,1.315
1750844744136,2025-06-25T12:45:44.136,11.370,0.356,0.223,1.278
1750844744146,2025-06-25T12:45:44.146,11.380,0.341,0.195,1.224
1750844744156,2025-06-25T12:45:44.156,11.390,0.334,0.185,1.161
1750844744166,2025-06-25T12:45:44.166,11.400,0.328,0.167,1.092
1750844744176,2025-06-25T12:45:44.176,11.410,0.334,0.159,1.034
1750844744186,2025-06-25T12:45:44.186,11.420,0.333,0.146,0.986
1750844744196,2025-06-25T12:45:44.196,11.430,0.331,0.130,0.929
1750844744206,2025-06-25T12:45:44.206,11.440,0.310,0.122,0.876
1750844744216,2025-06-25T12:45:44.216,11.450,0.267,0.116,0.815
1750844744226,2025-06-25T12:45:44.226,11.460,0.220,0.111,0.760
1750844744236,2025-06-25T12:45:44.236,11.470,0.183,0.119,0.712
1750844744246,2025-06-25T12:45:44.246,11.480,0.136,0.125,0.664
1750844744256,2025-06-25T12:45:44.256,11.490,0.081,0.112,0.592
1750844744266,2025-06-25T12:45:44.266,11.500,0.001,0.092,0.494
1750844744276,2025-06-25T12:45:44.276,11.510,-0.116,0.077,0.411
1750844744286,2025-06-25T12:45:44.286,11.520,-0.212,0.022,0.388
1750844744296,2025-06-25T12:45:44.296,11.530,-0.296,-0.045,0.464
1750844744306,2025-06-25T12:45:44.306,11.540,-0.293,-0.107,0.545
1750844744316,2025-06-25T12:45:44.316,11.550,-0.203,-0.164,0.569
1750844744326,2025-06-25T12:45:44.326,11.560,-0.193,-0.163,0.572
1750844744336,2025-06-25T12:45:44.336,11.570,-0.316,-0.106,0.592
1750844744346,2025-06-25T12:45:44.346,11.580,-0.471,-0.061,0.609
1750844744356,2025-06-25T12:45:44.356,11.590,-0.539,-0.057,0.620
1750844744366,2025-06-25T12:45:44.366,11.600,-0.494,-0.048,0.654
1750844744376,2025-06-25T12:45:44.376,11.610,-0.450,-0.022,0.695
1750844744386,2025-06-25T12:45:44.386,11.620,-0.437,0.015,0.757
1750844744396,2025-06-25T12:45:44.396,11.630,-0.394,0.036,0.826
1750844744406,2025-06-25T12:45:44.406,11.640,-0.315,0.043,0.885
1750844744416,2025-06-25T12:45:44.416,11.650,-0.284,0.038,0.917
1750844744426,2025-06-25T12:45:44.426,11.660,-0.292,0.030,0.921
1750844744436,2025-06-25T12:45:44.436,11.670,-0.289,0.023,0.920
1750844744446,2025-06-25T12:45:44.446,11.680,-0.288,0.011,0.937
1750844744456,2025-06-25T12:45:44.456,11.690,-0.262,-0.002,0.950
1750844744466,2025-06-25T12:45:44.466,11.700,-0.224,0.000,0.957
1750844744476,2025-06-25T12:45:44.476,11.710,-0.216,0.003,0.950
1750844744486,2025-06-25T12:45:44.486,11.720,-0.233,-0.005,0.938
1750844744496,2025-06-25T12:45:44.496,11.730,-0.225,-0.014,0.931
1750844744506,2025-06-25T12:45:44.506,11.740,-0.215,-0.016,0.906
1750844744516,2025-06-25T12:45:44.516,11.750,-0.212,-0.020,0.866
1750844744526,2025-06-25T12:45:44.526,11.760,-0.243,-0.023,0.846
1750844744536,2025-06-25T12:45:44.536,11.770,-0.273,-0.026,0.824
1750844744546,2025-06-25T12:45:44.546,11.780,-0.260,-0.020,0.784
1750844744556,2025-06-25T12:45:44.556,11.790,-0.232,-0.014,0.746
1750844744566,2025-06-25T12:45:44.566,11.800,-0.205,-0.016,0.731
1750844744576,2025-06-25T12:45:44.576,11.810,-0.179,-0.016,0.695
1750844744586,2025-06-25T12:45:44.586,11.820,-0.170,-0.005,0.638
1750844744596,2025-06-25T12:45:44.596,11.830,-0.161,0.005,0.582
1750844744606,2025-06-25T12:45:44.606,11.840,-0.181,0.010,0.558
1750844744616,2025-06-25T12:45:44.616,11.850,-0.201,0.003,0.572
1750844744626,2025-06-25T12:45:44.626,11.860,-0.204,-0.010,0.598
1750844744636,2025-06-25T12:45:44.636,11.870,-0.258,-0.015,0.598
1750844744646,2025-06-25T12:45:44.646,11.880,-0.308,0.015,0.593
1750844744656,2025-06-25T12:45:44.656,11.890,-0.378,0.060,0.604
1750844744666,2025-06-25T12:45:44.666,11.900,-0.449,0.092,0.615
1750844744676,2025-06-25T12:45:44.676,11.910,-0.511,0.113,0.649
1750844744686,2025-06-25T12:45:44.686,11.920,-0.544,0.115,0.732
1750844744696,2025-06-25T12:45:44.696,11.930,-0.527,0.141,0.806
1750844744706,2025-06-25T12:45:44.706,11.940,-0.491,0.184,0.880
1750844744716,2025-06-25T12:45:44.716,11.950,-0.501,0.221,0.978
1750844744726,2025-06-25T12:45:44.726,11.960,-0.544,0.266,1.056
1750844744736,2025-06-25T12:45:44.736,11.970,-0.583,0.326,1.098
1750844744746,2025-06-25T12:45:44.746,11.980,-0.627,0.388,1.146
1750844744756,2025-06-25T12:45:44.756,11.990,-0.637,0.437,1.190
1750844744766,2025-06-25T12:45:44.766,12.000,-0.598,0.468,1.233
1750844744776,2025-06-25T12:45:44.776,12.010,-0.560,0.482,1.308
1750844744786,2025-06-25T12:45:44.786,12.020,-0.457,0.476,1.410
1750844744796,2025-06-25T12:45:44.796,12.030,-0.331,0.468,1.516
1750844744806,2025-06-25T12:45:44.806,12.040,-0.272,0.467,1.589
1750844744816,2025-06-25T12:45:44.816,12.050,-0.269,0.474,1.625
1750844744826,2025-06-25T12:45:44.826,12.060,-0.272,0.485,1.649
1750844744836,2025-06-25T12:45:44.836,12.070,-0.293,0.510,1.673
1750844744846,2025-06-25T12:45:44.846,12.080,-0.288,0.538,1.674
1750844744856,2025-06-25T12:45:44.856,12.090,-0.250,0.549,1.668
1750844744866,2025-06-25T12:45:44.866,12.100,-0.159,0.550,1.686
1750844744876,2025-06-25T12:45:44.876,12.110,-0.018,0.523,1.718
1750844744886,2025-06-25T12:45:44.886,12.120,0.142,0.489,1.728
1750844744896,2025-06-25T12:45:44.896,12.130,0.270,0.460,1.708
1750844744906,2025-06-25T12:45:44.906,12.140,0.352,0.428,1.679
1750844744916,2025-06-25T12:45:44.916,12.150,0.381,0.399,1.621
1750844744926,2025-06-25T12:45:44.926,12.160,0.383,0.369,1.550
1750844744936,2025-06-25T12:45:44.936,12.170,0.381,0.327,1.495
1750844744946,2025-06-25T12:45:44.946,12.180,0.367,0.281,1.436
1750844744956,2025-06-25T12:45:44.956,12.190,0.349,0.237,1.384
1750844744966,2025-06-25T12:45:44.966,12.200,0.356,0.195,1.339
1750844744976,2025-06-25T12:45:44.976,12.210,0.376,0.161,1.279
1750844744986,2025-06-25T12:45:44.986,12.220,0.407,0.144,1.216
1750844744996,2025-06-25T12:45:44.996,12.230,0.441,0.134,1.155
1750844745006,2025-06-25T12:45:45.006,12.240,0.459,0.124,1.092
1750844745016,2025-06-25T12:45:45.016,12.250,0.457,0.099,1.042
1750844745026,2025-06-25T12:45:45.026,12.260,0.443,0.064,0.984
1750844745036,2025-06-25T12:45:45.036,12.270,0.426,0.032,0.940
1750844745046,2025-06-25T12:45:45.046,12.280,0.396,0.013,0.894
1750844745056,2025-06-25T12:45:45.056,12.290,0.357,0.001,0.846
1750844745066,2025-06-25T12:45:45.066,12.300,0.329,-0.000,0.796
1750844745076,2025-06-25T12:45:45.076,12.310,0.302,-0.009,0.758
1750844745086,2025-06-25T12:45:45.086,12.320,0.294,-0.016,0.723
1750844745096,2025-06-25T12:45:45.096,12.330,0.284,-0.019,0.699
1750844745106,2025-06-25T12:45:45.106,12.340,0.246,-0.034,0.668
1750844745116,2025-06-25T12:45:45.116,12.350,0.233,-0.051,0.650
1750844745126,2025-06-25T12:45:45.126,12.360,0.210,-0.045,0.650
1750844745136,2025-06-25T12:45:45.136,12.370,0.156,-0.039,0.641
1750844745146,2025-06-25T12:45:45.146,12.380,0.096,-0.041,0.609
1750844745156,2025-06-25T12:45:45.156,12.390,0.018,-0.062,0.570
1750844745166,2025-06-25T12:45:45.166,12.400,-0.095,-0.071,0.537
1750844745176,2025-06-25T12:45:45.176,12.410,-0.226,-0.073,0.492
1750844745186,2025-06-25T12:45:45.186,12.420,-0.385,-0.075,0.443
1750844745196,2025-06-25T12:45:45.196,12.430,-0.495,-0.098,0.487
1750844745206,2025-06-25T12:45:45.206,12.440,-0.474,-0.146,0.551
1750844745216,2025-06-25T12:45:45.216,12.450,-0.386,-0.183,0.597
1750844745226,2025-06-25T12:45:45.226,12.460,-0.369,-0.140,0.679
1750844745236,2025-06-25T12:45:45.236,12.470,-0.500,-0.090,0.735
1750844745246,2025-06-25T12:45:45.246,12.480,-0.601,-0.086,0.755
1750844745256,2025-06-25T12:45:45.256,12.490,-0.560,-0.081,0.792
1750844745266,2025-06-25T12:45:45.266,12.500,-0.510,-0.062,0.803
1750844745276,2025-06-25T12:45:45.276,12.510,-0.479,-0.023,0.844
1750844745286,2025-06-25T12:45:45.286,12.520,-0.404,0.001,0.923
1750844745296,2025-06-25T12:45:45.296,12.530,-0.364,-0.002,1.004
1750844745306,2025-06-25T12:45:45.306,12.540,-0.337,0.007,1.057
1750844745316,2025-06-25T12:45:45.316,12.550,-0.340,0.032,1.078
1750844745326,2025-06-25T12:45:45.326,12.560,-0.364,0.037,1.091
1750844745336,2025-06-25T12:45:45.336,12.570,-0.333,0.023,1.098
1750844745346,2025-06-25T12:45:45.346,12.580,-0.297,0.014,1.094
1750844745356,2025-06-25T12:45:45.356,12.590,-0.267,0.011,1.075
1750844745366,2025-06-25T12:45:45.366,12.600,-0.266,0.018,1.054
1750844745376,2025-06-25T12:45:45.376,12.610,-0.266,0.018,1.021
1750844745386,2025-06-25T12:45:45.386,12.620,-0.251,0.021,0.988
1750844745396,2025-06-25T12:45:45.396,12.630,-0.236,0.017,0.962
1750844745406,2025-06-25T12:45:45.406,12.640,-0.225,-0.006,0.928
1750844745416,2025-06-25T12:45:45.416,12.650,-0.213,-0.020,0.898
1750844745426,2025-06-25T12:45:45.426,12.660,-0.199,-0.022,0.869
1750844745436,2025-06-25T12:45:45.436,12.670,-0.177,-0.019,0.826
1750844745446,2025-06-25T12:45:45.446,12.680,-0.162,-0.014,0.773
1750844745456,2025-06-25T12:45:45.456,12.690,-0.143,-0.016,0.710
1750844745466,2025-06-25T12:45:45.466,12.700,-0.146,-0.019,0.632
1750844745476,2025-06-25T12:45:45.476,12.710,-0.151,-0.018,0.560
1750844745486,2025-06-25T12:45:45.486,12.720,-0.103,-0.027,0.518
1750844745496,2025-06-25T12:45:45.496,12.730,-0.057,-0.039,0.499
1750844745506,2025-06-25T12:45:45.506,12.740,-0.032,-0.042,0.488
1750844745516,2025-06-25T12:45:45.516,12.750,-0.012,-0.041,0.513
1750844745526,2025-06-25T12:45:45.526,12.760,-0.006,-0.028,0.523
1750844745536,2025-06-25T12:45:45.536,12.770,-0.043,-0.010,0.501
1750844745546,2025-06-25T12:45:45.546,12.780,-0.106,0.020,0.505
1750844745556,2025-06-25T12:45:45.556,12.790,-0.187,0.057,0.531
1750844745566,2025-06-25T12:45:45.566,12.800,-0.271,0.089,0.544
1750844745576,2025-06-25T12:45:45.576,12.810,-0.342,0.130,0.567
1750844745586,2025-06-25T12:45:45.586,12.820,-0.335,0.146,0.605
1750844745596,2025-06-25T12:45:45.596,12.830,-0.298,0.166,0.681
1750844745606,2025-06-25T12:45:45.606,12.840,-0.303,0.196,0.781
1750844745616,2025-06-25T12:45:45.616,12.850,-0.326,0.237,0.858
1750844745626,2025-06-25T12:45:45.626,12.860,-0.401,0.278,0.939
1750844745636,2025-06-25T12:45:45.636,12.870,-0.542,0.306,1.013
1750844745646,2025-06-25T12:45:45.646,12.880,-0.651,0.321,1.086
1750844745656,2025-06-25T12:45:45.656,12.890,-0.671,0.353,1.163
1750844745666,2025-06-25T12:45:45.666,12.900,-0.673,0.388,1.260
1750844745676,2025-06-25T12:45:45.676,12.910,-0.667,0.426,1.361
1750844745686,2025-06-25T12:45:45.686,12.920,-0.662,0.469,1.424
1750844745696,2025-06-25T12:45:45.696,12.930,-0.637,0.512,1.466
1750844745706,2025-06-25T12:45:45.706,12.940,-0.625,0.556,1.499
1750844745716,2025-06-25T12:45:45.716,12.950,-0.609,0.584,1.545
1750844745726,2025-06-25T12:45:45.726,12.960,-0.587,0.593,1.595
1750844745736,2025-06-25T12:45:45.736,12.970,-0.563,0.600,1.637
1750844745746,2025-06-25T12:45:45.746,12.980,-0.509,0.606,1.687
1750844745756,2025-06-25T12:45:45.756,12.990,-0.451,0.600,1.720
1750844745766,2025-06-25T12:45:45.766,13.000,-0.400,0.595,1.734
1750844745776,2025-06-25T12:45:45.776,13.010,-0.347,0.591,1.739
1750844745786,2025-06-25T12:45:45.786,13.020,-0.268,0.600,1.724
1750844745796,2025-06-25T12:45:45.796,13.030,-0.198,0.602,1.694
1750844745806,2025-06-25T12:45:45.806,13.040,-0.152,0.589,1.663
1750844745816,2025-06-25T12:45:45.816,13.050,-0.050,0.569,1.639
1750844745826,2025-06-25T12:45:45.826,13.060,0.093,0.560,1.627
1750844745836,2025-06-25T12:45:45.836,13.070,0.232,0.538,1.636
1750844745846,2025-06-25T12:45:45.846,13.080,0.402,0.491,1.658
1750844745856,2025-06-25T12:45:45.856,13.090,0.570,0.424,1.650
1750844745866,2025-06-25T12:45:45.866,13.100,0.692,0.347,1.604
1750844745876,2025-06-25T12:45:45.876,13.110,0.647,0.301,1.479
1750844745886,2025-06-25T12:45:45.886,13.120,0.496,0.307,1.352
1750844745896,2025-06-25T12:45:45.896,13.130,0.508,0.303,1.311
1750844745906,2025-06-25T12:45:45.906,13.140,0.547,0.273,1.290
1750844745916,2025-06-25T12:45:45.916,13.150,0.540,0.227,1.246
1750844745926,2025-06-25T12:45:45.926,13.160,0.556,0.184,1.183
1750844745936,2025-06-25T12:45:45.936,13.170,0.549,0.145,1.117
1750844745946,2025-06-25T12:45:45.946,13.180,0.540,0.107,1.052
1750844745956,2025-06-25T12:45:45.956,13.190,0.539,0.074,1.008
1750844745966,2025-06-25T12:45:45.966,13.200,0.531,0.051,0.969
1750844745976,2025-06-25T12:45:45.976,13.210,0.513,0.042,0.917
1750844745986,2025-06-25T12:45:45.986,13.220,0.470,0.035,0.880
1750844745996,2025-06-25T12:45:45.996,13.230,0.398,0.028,0.859
1750844746006,2025-06-25T12:45:46.006,13.240,0.352,0.017,0.825
1750844746016,2025-06-25T12:45:46.016,13.250,0.321,0.019,0.798
1750844746026,2025-06-25T12:45:46.026,13.260,0.271,0.031,0.765
1750844746036,2025-06-25T12:45:46.036,13.270,0.208,0.028,0.725
1750844746046,2025-06-25T12:45:46.046,13.280,0.147,0.012,0.685
1750844746056,2025-06-25T12:45:46.056,13.290,0.084,-0.003,0.629
1750844746066,2025-06-25T12:45:46.066,13.300,0.018,0.000,0.601
1750844746076,2025-06-25T12:45:46.076,13.310,-0.062,-0.013,0.589
1750844746086,2025-06-25T12:45:46.086,13.320,-0.163,-0.028,0.562
1750844746096,2025-06-25T12:45:46.096,13.330,-0.270,-0.025,0.538
1750844746106,2025-06-25T12:45:46.106,13.340,-0.361,-0.061,0.560
1750844746116,2025-06-25T12:45:46.116,13.350,-0.384,-0.117,0.582
1750844746126,2025-06-25T12:45:46.126,13.360,-0.405,-0.124,0.592
1750844746136,2025-06-25T12:45:46.136,13.370,-0.442,-0.117,0.620
1750844746146,2025-06-25T12:45:46.146,13.380,-0.431,-0.131,0.646
1750844746156,2025-06-25T12:45:46.156,13.390,-0.464,-0.128,0.651
1750844746166,2025-06-25T12:45:46.166,13.400,-0.459,-0.120,0.675
1750844746176,2025-06-25T12:45:46.176,13.410,-0.380,-0.104,0.737
1750844746186,2025-06-25T12:45:46.186,13.420,-0.354,-0.082,0.780
1750844746196,2025-06-25T12:45:46.196,13.430,-0.327,-0.072,0.799
1750844746206,2025-06-25T12:45:46.206,13.440,-0.299,-0.065,0.804
1750844746216,2025-06-25T12:45:46.216,13.450,-0.290,-0.068,0.825
1750844746226,2025-06-25T12:45:46.226,13.460,-0.256,-0.079,0.852
1750844746236,2025-06-25T12:45:46.236,13.470,-0.208,-0.086,0.853
1750844746246,2025-06-25T12:45:46.246,13.480,-0.163,-0.096,0.843
1750844746256,2025-06-25T12:45:46.256,13.490,-0.140,-0.106,0.829
1750844746266,2025-06-25T12:45:46.266,13.500,-0.121,-0.117,0.804
1750844746276,2025-06-25T12:45:46.276,13.510,-0.096,-0.121,0.779
1750844746286,2025-06-25T12:45:46.286,13.520,-0.082,-0.117,0.757
1750844746296,2025-06-25T12:45:46.296,13.530,-0.069,-0.117,0.739
1750844746306,2025-06-25T12:45:46.306,13.540,-0.057,-0.125,0.709
1750844746316,2025-06-25T12:45:46.316,13.550,-0.054,-0.125,0.684
1750844746326,2025-06-25T12:45:46.326,13.560,-0.045,-0.124,0.647
1750844746336,2025-06-25T12:45:46.336,13.570,-0.040,-0.112,0.587
1750844746346,2025-06-25T12:45:46.346,13.580,-0.064,-0.104,0.539
1750844746356,2025-06-25T12:45:46.356,13.590,-0.043,-0.119,0.521
1750844746366,2025-06-25T12:45:46.366,13.600,-0.004,-0.117,0.509
1750844746376,2025-06-25T12:45:46.376,13.610,0.001,-0.104,0.493
1750844746386,2025-06-25T12:45:46.386,13.620,-0.029,-0.095,0.497
1750844746396,2025-06-25T12:45:46.396,13.630,-0.079,-0.101,0.516
1750844746406,2025-06-25T12:45:46.406,13.640,-0.096,-0.111,0.485
1750844746416,2025-06-25T12:45:46.416,13.650,-0.119,-0.092,0.476
1750844746426,2025-06-25T12:45:46.426,13.660,-0.160,-0.066,0.510
1750844746436,2025-06-25T12:45:46.436,13.670,-0.181,-0.035,0.512
1750844746446,2025-06-25T12:45:46.446,13.680,-0.225,0.011,0.530
1750844746456,2025-06-25T12:45:46.456,13.690,-0.262,0.060,0.589
1750844746466,2025-06-25T12:45:46.466,13.700,-0.284,0.111,0.646
1750844746476,2025-06-25T12:45:46.476,13.710,-0.335,0.157,0.678
1750844746486,2025-06-25T12:45:46.486,13.720,-0.390,0.192,0.693
1750844746496,2025-06-25T12:45:46.496,13.730,-0.440,0.229,0.727
1750844746506,2025-06-25T12:45:46.506,13.740,-0.468,0.260,0.825
1750844746516,2025-06-25T12:45:46.516,13.750,-0.450,0.275,0.966
1750844746526,2025-06-25T12:45:46.526,13.760,-0.468,0.312,1.084
1750844746536,2025-06-25T12:45:46.536,13.770,-0.560,0.373,1.159
1750844746546,2025-06-25T12:45:46.546,13.780,-0.664,0.428,1.170
1750844746556,2025-06-25T12:45:46.556,13.790,-0.757,0.488,1.159
1750844746566,2025-06-25T12:45:46.566,13.800,-0.798,0.544,1.189
1750844746576,2025-06-25T12:45:46.576,13.810,-0.788,0.577,1.307
1750844746586,2025-06-25T12:45:46.586,13.820,-0.703,0.578,1.445
1750844746596,2025-06-25T12:45:46.596,13.830,-0.561,0.582,1.539
1750844746606,2025-06-25T12:45:46.606,13.840,-0.515,0.595,1.613
1750844746616,2025-06-25T12:45:46.616,13.850,-0.517,0.605,1.635
1750844746626,2025-06-25T12:45:46.626,13.860,-0.549,0.623,1.643
1750844746636,2025-06-25T12:45:46.636,13.870,-0.575,0.646,1.677
1750844746646,2025-06-25T12:45:46.646,13.880,-0.519,0.648,1.744
1750844746656,2025-06-25T12:45:46.656,13.890,-0.422,0.628,1.798
1750844746666,2025-06-25T12:45:46.666,13.900,-0.317,0.612,1.833
1750844746676,2025-06-25T12:45:46.676,13.910,-0.237,0.605,1.864
1750844746686,2025-06-25T12:45:46.686,13.920,-0.174,0.607,1.879
1750844746696,2025-06-25T12:45:46.696,13.930,-0.124,0.607,1.874
1750844746706,2025-06-25T12:45:46.706,13.940,-0.088,0.610,1.840
1750844746716,2025-06-25T12:45:46.716,13.950,-0.039,0.593,1.807
1750844746726,2025-06-25T12:45:46.726,13.960,0.059,0.566,1.782
1750844746736,2025-06-25T12:45:46.736,13.970,0.182,0.559,1.752
1750844746746,2025-06-25T12:45:46.746,13.980,0.286,0.544,1.721
1750844746756,2025-06-25T12:45:46.756,13.990,0.383,0.509,1.686
1750844746766,2025-06-25T12:45:46.766,14.000,0.457,0.468,1.668
1750844746776,2025-06-25T12:45:46.776,14.010,0.524,0.424,1.628
1750844746786,2025-06-25T12:45:46.786,14.020,0.568,0.378,1.578
1750844746796,2025-06-25T12:45:46.796,14.030,0.552,0.337,1.526
1750844746806,2025-06-25T12:45:46.806,14.040,0.506,0.309,1.461
1750844746816,2025-06-25T12:45:46.816,14.050,0.470,0.303,1.395
1750844746826,2025-06-25T12:45:46.826,14.060,0.473,0.300,1.351
1750844746836,2025-06-25T12:45:46.836,14.070,0.468,0.279,1.292
1750844746846,2025-06-25T12:45:46.846,14.080,0.469,0.251,1.201
1750844746856,2025-06-25T12:45:46.856,14.090,0.471,0.229,1.126
1750844746866,2025-06-25T12:45:46.866,14.100,0.442,0.201,1.056
1750844746876,2025-06-25T12:45:46.876,14.110,0.421,0.163,0.977
1750844746886,2025-06-25T12:45:46.886,14.120,0.413,0.142,0.883
1750844746896,2025-06-25T12:45:46.896,14.130,0.389,0.129,0.790
1750844746906,2025-06-25T12:45:46.906,14.140,0.340,0.121,0.681
1750844746916,2025-06-25T12:45:46.916,14.150,0.301,0.098,0.579
1750844746926,2025-06-25T12:45:46.926,14.160,0.284,0.063,0.509
1750844746936,2025-06-25T12:45:46.936,14.170,0.269,0.021,0.450
1750844746946,2025-06-25T12:45:46.946,14.180,0.264,-0.028,0.397
1750844746956,2025-06-25T12:45:46.956,14.190,0.282,-0.059,0.363
1750844746966,2025-06-25T12:45:46.966,14.200,0.262,-0.074,0.321
1750844746976,2025-06-25T12:45:46.976,14.210,0.186,-0.089,0.280
1750844746986,2025-06-25T12:45:46.986,14.220,0.100,-0.103,0.271
1750844746996,2025-06-25T12:45:46.996,14.230,0.014,-0.118,0.313
1750844747006,2025-06-25T12:45:47.006,14.240,-0.114,-0.132,0.363
1750844747016,2025-06-25T12:45:47.016,14.250,-0.268,-0.152,0.457
1750844747026,2025-06-25T12:45:47.026,14.260,-0.404,-0.191,0.533
1750844747036,2025-06-25T12:45:47.036,14.270,-0.473,-0.225,0.541
1750844747046,2025-06-25T12:45:47.046,14.280,-0.525,-0.234,0.569
1750844747056,2025-06-25T12:45:47.056,14.290,-0.629,-0.207,0.611
1750844747066,2025-06-25T12:45:47.066,14.300,-0.738,-0.145,0.647
1750844747076,2025-06-25T12:45:47.076,14.310,-0.749,-0.080,0.687
1750844747086,2025-06-25T12:45:47.086,14.320,-0.676,-0.030,0.768
1750844747096,2025-06-25T12:45:47.096,14.330,-0.596,-0.004,0.846
1750844747106,2025-06-25T12:45:47.106,14.340,-0.578,-0.000,0.880
1750844747116,2025-06-25T12:45:47.116,14.350,-0.570,-0.001,0.892
1750844747126,2025-06-25T12:45:47.126,14.360,-0.525,-0.006,0.896
1750844747136,2025-06-25T12:45:47.136,14.370,-0.500,-0.007,0.898
1750844747146,2025-06-25T12:45:47.146,14.380,-0.452,-0.020,0.906
1750844747156,2025-06-25T12:45:47.156,14.390,-0.422,-0.036,0.909
1750844747166,2025-06-25T12:45:47.166,14.400,-0.396,-0.041,0.890
1750844747176,2025-06-25T12:45:47.176,14.410,-0.372,-0.039,0.869
1750844747186,2025-06-25T12:45:47.186,14.420,-0.351,-0.038,0.858
1750844747196,2025-06-25T12:45:47.196,14.430,-0.329,-0.048,0.849
1750844747206,2025-06-25T12:45:47.206,14.440,-0.312,-0.074,0.831
1750844747216,2025-06-25T12:45:47.216,14.450,-0.300,-0.098,0.820
1750844747226,2025-06-25T12:45:47.226,14.460,-0.307,-0.108,0.813
1750844747236,2025-06-25T12:45:47.236,14.470,-0.292,-0.114,0.786
1750844747246,2025-06-25T12:45:47.246,14.480,-0.239,-0.108,0.751
1750844747256,2025-06-25T12:45:47.256,14.490,-0.185,-0.099,0.720
1750844747266,2025-06-25T12:45:47.266,14.500,-0.132,-0.096,0.681
1750844747276,2025-06-25T12:45:47.276,14.510,-0.094,-0.099,0.640
1750844747286,2025-06-25T12:45:47.286,14.520,-0.092,-0.107,0.630
1750844747296,2025-06-25T12:45:47.296,14.530,-0.095,-0.125,0.624
1750844747306,2025-06-25T12:45:47.306,14.540,-0.079,-0.140,0.598
1750844747316,2025-06-25T12:45:47.316,14.550,-0.079,-0.155,0.599
1750844747326,2025-06-25T12:45:47.326,14.560,-0.069,-0.157,0.606
1750844747336,2025-06-25T12:45:47.336,14.570,-0.061,-0.128,0.577
1750844747346,2025-06-25T12:45:47.346,14.580,-0.103,-0.074,0.558
1750844747356,2025-06-25T12:45:47.356,14.590,-0.167,-0.031,0.582
1750844747366,2025-06-25T12:45:47.366,14.600,-0.197,-0.009,0.601
1750844747376,2025-06-25T12:45:47.376,14.610,-0.199,0.005,0.641
1750844747386,2025-06-25T12:45:47.386,14.620,-0.211,0.030,0.696
1750844747396,2025-06-25T12:45:47.396,14.630,-0.197,0.060,0.731
1750844747406,2025-06-25T12:45:47.406,14.640,-0.234,0.103,0.782
1750844747416,2025-06-25T12:45:47.416,14.650,-0.313,0.156,0.810
1750844747426,2025-06-25T12:45:47.426,14.660,-0.367,0.202,0.828
1750844747436,2025-06-25T12:45:47.436,14.670,-0.437,0.247,0.867
1750844747446,2025-06-25T12:45:47.446,14.680,-0.505,0.284,0.914
1750844747456,2025-06-25T12:45:47.456,14.690,-0.563,0.295,0.998
1750844747466,2025-06-25T12:45:47.466,14.700,-0.535,0.284,1.068
1750844747476,2025-06-25T12:45:47.476,14.710,-0.489,0.294,1.113
1750844747486,2025-06-25T12:45:47.486,14.720,-0.469,0.322,1.158
1750844747496,2025-06-25T12:45:47.496,14.730,-0.446,0.348,1.197
1750844747506,2025-06-25T12:45:47.506,14.740,-0.482,0.379,1.234
1750844747516,2025-06-25T12:45:47.516,14.750,-0.511,0.404,1.261
1750844747526,2025-06-25T12:45:47.526,14.760,-0.502,0.423,1.298
1750844747536,2025-06-25T12:45:47.536,14.770,-0.513,0.445,1.345
1750844747546,2025-06-25T12:45:47.546,14.780,-0.490,0.457,1.378
1750844747556,2025-06-25T12:45:47.556,14.790,-0.429,0.457,1.411
1750844747566,2025-06-25T12:45:47.566,14.800,-0.390,0.452,1.462
1750844747576,2025-06-25T12:45:47.576,14.810,-0.349,0.453,1.500
1750844747586,2025-06-25T12:45:47.586,14.820,-0.294,0.473,1.519
1750844747596,2025-06-25T12:45:47.596,14.830,-0.276,0.496,1.528
1750844747606,2025-06-25T12:45:47.606,14.840,-0.286,0.503,1.534
1750844747616,2025-06-25T12:45:47.616,14.850,-0.271,0.511,1.542
1750844747626,2025-06-25T12:45:47.626,14.860,-0.188,0.518,1.570
1750844747636,2025-06-25T12:45:47.636,14.870,-0.103,0.509,1.595
1750844747646,2025-06-25T12:45:47.646,14.880,-0.030,0.499,1.607
1750844747656,2025-06-25T12:45:47.656,14.890,0.058,0.497,1.608
1750844747666,2025-06-25T12:45:47.666,14.900,0.164,0.499,1.603
1750844747676,2025-06-25T12:45:47.676,14.910,0.238,0.494,1.609
1750844747686,2025-06-25T12:45:47.686,14.920,0.289,0.475,1.612
1750844747696,2025-06-25T12:45:47.696,14.930,0.385,0.442,1.662
1750844747706,2025-06-25T12:45:47.706,14.940,0.525,0.384,1.750
1750844747716,2025-06-25T12:45:47.716,14.950,0.667,0.323,1.788
1750844747726,2025-06-25T12:45:47.726,14.960,0.737,0.299,1.758
1750844747736,2025-06-25T12:45:47.736,14.970,0.689,0.328,1.667
1750844747746,2025-06-25T12:45:47.746,14.980,0.577,0.358,1.588
1750844747756,2025-06-25T12:45:47.756,14.990,0.567,0.345,1.535
1750844747766,2025-06-25T12:45:47.766,15.000,0.653,0.323,1.479
1750844747776,2025-06-25T12:45:47.776,15.010,0.682,0.312,1.393
1750844747786,2025-06-25T12:45:47.786,15.020,0.697,0.292,1.303
1750844747796,2025-06-25T12:45:47.796,15.030,0.675,0.244,1.221
1750844747806,2025-06-25T12:45:47.806,15.040,0.609,0.188,1.146
1750844747816,2025-06-25T12:45:47.816,15.050,0.565,0.153,1.068
1750844747826,2025-06-25T12:45:47.826,15.060,0.538,0.135,0.985
1750844747836,2025-06-25T12:45:47.836,15.070,0.515,0.109,0.906
1750844747846,2025-06-25T12:45:47.846,15.080,0.488,0.087,0.836
1750844747856,2025-06-25T12:45:47.856,15.090,0.454,0.077,0.780
1750844747866,2025-06-25T12:45:47.866,15.100,0.405,0.067,0.703
1750844747876,2025-06-25T12:45:47.876,15.110,0.316,0.056,0.618
1750844747886,2025-06-25T12:45:47.886,15.120,0.178,0.050,0.515
1750844747896,2025-06-25T12:45:47.896,15.130,0.053,0.036,0.471
1750844747906,2025-06-25T12:45:47.906,15.140,-0.057,-0.002,0.471
1750844747916,2025-06-25T12:45:47.916,15.150,-0.149,-0.050,0.479
1750844747926,2025-06-25T12:45:47.926,15.160,-0.183,-0.104,0.461
1750844747936,2025-06-25T12:45:47.936,15.170,-0.193,-0.157,0.458
1750844747946,2025-06-25T12:45:47.946,15.180,-0.225,-0.172,0.458
1750844747956,2025-06-25T12:45:47.956,15.190,-0.286,-0.156,0.458
1750844747966,2025-06-25T12:45:47.966,15.200,-0.363,-0.142,0.437
1750844747976,2025-06-25T12:45:47.976,15.210,-0.439,-0.130,0.433
1750844747986,2025-06-25T12:45:47.986,15.220,-0.456,-0.121,0.451
1750844747996,2025-06-25T12:45:47.996,15.230,-0.429,-0.116,0.476
1750844748006,2025-06-25T12:45:48.006,15.240,-0.413,-0.115,0.508
1750844748016,2025-06-25T12:45:48.016,15.250,-0.400,-0.131,0.561
1750844748026,2025-06-25T12:45:48.026,15.260,-0.354,-0.148,0.610
1750844748036,2025-06-25T12:45:48.036,15.270,-0.358,-0.147,0.649
1750844748046,2025-06-25T12:45:48.046,15.280,-0.348,-0.151,0.720
1750844748056,2025-06-25T12:45:48.056,15.290,-0.289,-0.164,0.809
1750844748066,2025-06-25T12:45:48.066,15.300,-0.239,-0.168,0.859
1750844748076,2025-06-25T12:45:48.076,15.310,-0.240,-0.153,0.896
1750844748086,2025-06-25T12:45:48.086,15.320,-0.248,-0.143,0.917
1750844748096,2025-06-25T12:45:48.096,15.330,-0.224,-0.147,0.950
1750844748106,2025-06-25T12:45:48.106,15.340,-0.207,-0.147,0.999
1750844748116,2025-06-25T12:45:48.116,15.350,-0.157,-0.149,1.044
1750844748126,2025-06-25T12:45:48.126,15.360,-0.090,-0.137,1.066
1750844748136,2025-06-25T12:45:48.136,15.370,-0.049,-0.101,1.081
1750844748146,2025-06-25T12:45:48.146,15.380,-0.048,-0.081,1.077
1750844748156,2025-06-25T12:45:48.156,15.390,-0.020,-0.087,1.075
1750844748166,2025-06-25T12:45:48.166,15.400,0.040,-0.099,1.067
1750844748176,2025-06-25T12:45:48.176,15.410,0.079,-0.105,1.050
1750844748186,2025-06-25T12:45:48.186,15.420,0.108,-0.119,1.018
1750844748196,2025-06-25T12:45:48.196,15.430,0.148,-0.131,0.979
1750844748206,2025-06-25T12:45:48.206,15.440,0.169,-0.126,0.936
1750844748216,2025-06-25T12:45:48.216,15.450,0.159,-0.119,0.880
1750844748226,2025-06-25T12:45:48.226,15.460,0.147,-0.112,0.810
1750844748236,2025-06-25T12:45:48.236,15.470,0.149,-0.114,0.744
1750844748246,2025-06-25T12:45:48.246,15.480,0.148,-0.143,0.727
1750844748256,2025-06-25T12:45:48.256,15.490,0.151,-0.176,0.706
1750844748266,2025-06-25T12:45:48.266,15.500,0.160,-0.187,0.675
1750844748276,2025-06-25T12:45:48.276,15.510,0.152,-0.188,0.671
1750844748286,2025-06-25T12:45:48.286,15.520,0.126,-0.175,0.668
1750844748296,2025-06-25T12:45:48.296,15.530,0.084,-0.169,0.628
1750844748306,2025-06-25T12:45:48.306,15.540,0.031,-0.160,0.551
1750844748316,2025-06-25T12:45:48.316,15.550,0.000,-0.132,0.513
1750844748326,2025-06-25T12:45:48.326,15.560,-0.034,-0.076,0.494
1750844748336,2025-06-25T12:45:48.336,15.570,-0.078,-0.022,0.465
1750844748346,2025-06-25T12:45:48.346,15.580,-0.126,0.019,0.459
1750844748356,2025-06-25T12:45:48.356,15.590,-0.171,0.052,0.475
1750844748366,2025-06-25T12:45:48.366,15.600,-0.204,0.071,0.494
1750844748376,2025-06-25T12:45:48.376,15.610,-0.206,0.078,0.517
1750844748386,2025-06-25T12:45:48.386,15.620,-0.208,0.073,0.563
1750844748396,2025-06-25T12:45:48.396,15.630,-0.262,0.074,0.616
1750844748406,2025-06-25T12:45:48.406,15.640,-0.269,0.089,0.694
1750844748416,2025-06-25T12:45:48.416,15.650,-0.254,0.113,0.812
1750844748426,2025-06-25T12:45:48.426,15.660,-0.290,0.162,0.903
1750844748436,2025-06-25T12:45:48.436,15.670,-0.328,0.232,0.980
1750844748446,2025-06-25T12:45:48.446,15.680,-0.441,0.302,1.031
1750844748456,2025-06-25T12:45:48.456,15.690,-0.573,0.372,1.038
1750844748466,2025-06-25T12:45:48.466,15.700,-0.579,0.419,1.109
1750844748476,2025-06-25T12:45:48.476,15.710,-0.553,0.428,1.251
1750844748486,2025-06-25T12:45:48.486,15.720,-0.460,0.431,1.369
1750844748496,2025-06-25T12:45:48.496,15.730,-0.372,0.476,1.468
1750844748506,2025-06-25T12:45:48.506,15.740,-0.379,0.512,1.515
1750844748516,2025-06-25T12:45:48.516,15.750,-0.432,0.533,1.519
1750844748526,2025-06-25T12:45:48.526,15.760,-0.513,0.559,1.539
1750844748536,2025-06-25T12:45:48.536,15.770,-0.576,0.588,1.551
1750844748546,2025-06-25T12:45:48.546,15.780,-0.583,0.617,1.566
1750844748556,2025-06-25T12:45:48.556,15.790,-0.532,0.619,1.651
1750844748566,2025-06-25T12:45:48.566,15.800,-0.416,0.601,1.715
1750844748576,2025-06-25T12:45:48.576,15.810,-0.298,0.602,1.729
1750844748586,2025-06-25T12:45:48.586,15.820,-0.229,0.621,1.735
1750844748596,2025-06-25T12:45:48.596,15.830,-0.173,0.636,1.744
1750844748606,2025-06-25T12:45:48.606,15.840,-0.096,0.630,1.766
1750844748616,2025-06-25T12:45:48.616,15.850,-0.011,0.619,1.771
1750844748626,2025-06-25T12:45:48.626,15.860,0.079,0.616,1.757
1750844748636,2025-06-25T12:45:48.636,15.870,0.181,0.617,1.723
1750844748646,2025-06-25T12:45:48.646,15.880,0.287,0.620,1.713
1750844748656,2025-06-25T12:45:48.656,15.890,0.429,0.610,1.708
1750844748666,2025-06-25T12:45:48.666,15.900,0.609,0.583,1.703
1750844748676,2025-06-25T12:45:48.676,15.910,0.759,0.538,1.725
1750844748686,2025-06-25T12:45:48.686,15.920,0.848,0.470,1.727
1750844748696,2025-06-25T12:45:48.696,15.930,0.895,0.413,1.677
1750844748706,2025-06-25T12:45:48.706,15.940,0.919,0.388,1.611
1750844748716,2025-06-25T12:45:48.716,15.950,0.936,0.378,1.563
1750844748726,2025-06-25T12:45:48.726,15.960,0.928,0.353,1.504
1750844748736,2025-06-25T12:45:48.736,15.970,0.941,0.314,1.475
1750844748746,2025-06-25T12:45:48.746,15.980,0.948,0.261,1.503
1750844748756,2025-06-25T12:45:48.756,15.990,0.923,0.207,1.496
1750844748766,2025-06-25T12:45:48.766,16.000,0.807,0.186,1.429
1750844748776,2025-06-25T12:45:48.776,16.010,0.664,0.207,1.349
1750844748786,2025-06-25T12:45:48.786,16.020,0.562,0.218,1.300
1750844748796,2025-06-25T12:45:48.796,16.030,0.514,0.223,1.255
1750844748806,2025-06-25T12:45:48.806,16.040,0.482,0.227,1.177
1750844748816,2025-06-25T12:45:48.816,16.050,0.443,0.233,1.079
1750844748826,2025-06-25T12:45:48.826,16.060,0.380,0.242,1.013
1750844748836,2025-06-25T12:45:48.836,16.070,0.305,0.230,0.960
1750844748846,2025-06-25T12:45:48.846,16.080,0.247,0.217,0.895
1750844748856,2025-06-25T12:45:48.856,16.090,0.174,0.227,0.823
1750844748866,2025-06-25T12:45:48.866,16.100,0.089,0.231,0.739
1750844748876,2025-06-25T12:45:48.876,16.110,-0.024,0.227,0.637
1750844748886,2025-06-25T12:45:48.886,16.120,-0.147,0.203,0.532
1750844748896,2025-06-25T12:45:48.896,16.130,-0.255,0.148,0.467
1750844748906,2025-06-25T12:45:48.906,16.140,-0.448,0.107,0.419
1750844748916,2025-06-25T12:45:48.916,16.150,-0.631,0.055,0.350
1750844748926,2025-06-25T12:45:48.926,16.160,-0.677,-0.030,0.262
1750844748936,2025-06-25T12:45:48.936,16.170,-0.689,-0.084,0.229
1750844748946,2025-06-25T12:45:48.946,16.180,-0.726,-0.093,0.213
1750844748956,2025-06-25T12:45:48.956,16.190,-0.730,-0.095,0.183
1750844748966,2025-06-25T12:45:48.966,16.200,-0.734,-0.099,0.158
1750844748976,2025-06-25T12:45:48.976,16.210,-0.733,-0.115,0.144
1750844748986,2025-06-25T12:45:48.986,16.220,-0.713,-0.148,0.136
1750844748996,2025-06-25T12:45:48.996,16.230,-0.684,-0.173,0.153
1750844749006,2025-06-25T12:45:49.006,16.240,-0.676,-0.189,0.180
1750844749016,2025-06-25T12:45:49.016,16.250,-0.665,-0.193,0.221
1750844749026,2025-06-25T12:45:49.026,16.260,-0.637,-0.184,0.266
1750844749036,2025-06-25T12:45:49.036,16.270,-0.624,-0.181,0.302
1750844749046,2025-06-25T12:45:49.046,16.280,-0.586,-0.197,0.360
1750844749056,2025-06-25T12:45:49.056,16.290,-0.516,-0.203,0.439
1750844749066,2025-06-25T12:45:49.066,16.300,-0.482,-0.185,0.485
1750844749076,2025-06-25T12:45:49.076,16.310,-0.485,-0.178,0.510
1750844749086,2025-06-25T12:45:49.086,16.320,-0.512,-0.174,0.529
1750844749096,2025-06-25T12:45:49.096,16.330,-0.521,-0.176,0.545
1750844749106,2025-06-25T12:45:49.106,16.340,-0.523,-0.173,0.559
1750844749116,2025-06-25T12:45:49.116,16.350,-0.524,-0.174,0.588
1750844749126,2025-06-25T12:45:49.126,16.360,-0.482,-0.171,0.642
1750844749136,2025-06-25T12:45:49.136,16.370,-0.386,-0.180,0.686
1750844749146,2025-06-25T12:45:49.146,16.380,-0.286,-0.190,0.716
1750844749156,2025-06-25T12:45:49.156,16.390,-0.197,-0.185,0.730
1750844749166,2025-06-25T12:45:49.166,16.400,-0.142,-0.172,0.739
1750844749176,2025-06-25T12:45:49.176,16.410,-0.115,-0.163,0.740
1750844749186,2025-06-25T12:45:49.186,16.420,-0.055,-0.159,0.744
1750844749196,2025-06-25T12:45:49.196,16.430,0.007,-0.155,0.760
1750844749206,2025-06-25T12:45:49.206,16.440,0.031,-0.142,0.774
1750844749216,2025-06-25T12:45:49.216,16.450,0.045,-0.129,0.765
1750844749226,2025-06-25T12:45:49.226,16.460,0.078,-0.136,0.751
1750844749236,2025-06-25T12:45:49.236,16.470,0.109,-0.165,0.771
1750844749246,2025-06-25T12:45:49.246,16.480,0.149,-0.188,0.803
1750844749256,2025-06-25T12:45:49.256,16.490,0.187,-0.174,0.809
1750844749266,2025-06-25T12:45:49.266,16.500,0.182,-0.141,0.800
1750844749276,2025-06-25T12:45:49.276,16.510,0.142,-0.104,0.781
1750844749286,2025-06-25T12:45:49.286,16.520,0.084,-0.069,0.771
1750844749296,2025-06-25T12:45:49.296,16.530,0.012,-0.021,0.759
1750844749306,2025-06-25T12:45:49.306,16.540,-0.080,0.041,0.738
1750844749316,2025-06-25T12:45:49.316,16.550,-0.172,0.089,0.710
1750844749326,2025-06-25T12:45:49.326,16.560,-0.219,0.122,0.688
1750844749336,2025-06-25T12:45:49.336,16.570,-0.232,0.141,0.693
1750844749346,2025-06-25T12:45:49.346,16.580,-0.238,0.156,0.747
1750844749356,2025-06-25T12:45:49.356,16.590,-0.273,0.172,0.802
1750844749366,2025-06-25T12:45:49.366,16.600,-0.333,0.186,0.855
1750844749376,2025-06-25T12:45:49.376,16.610,-0.392,0.212,0.909
1750844749386,2025-06-25T12:45:49.386,16.620,-0.473,0.232,0.960
1750844749396,2025-06-25T12:45:49.396,16.630,-0.567,0.244,1.003
1750844749406,2025-06-25T12:45:49.406,16.640,-0.626,0.282,1.042
1750844749416,2025-06-25T12:45:49.416,16.650,-0.685,0.333,1.088
1750844749426,2025-06-25T12:45:49.426,16.660,-0.714,0.388,1.146
1750844749436,2025-06-25T12:45:49.436,16.670,-0.717,0.454,1.213
1750844749446,2025-06-25T12:45:49.446,16.680,-0.663,0.508,1.284
1750844749456,2025-06-25T12:45:49.456,16.690,-0.621,0.542,1.349
1750844749466,2025-06-25T12:45:49.466,16.700,-0.597,0.565,1.389
1750844749476,2025-06-25T12:45:49.476,16.710,-0.570,0.587,1.434
1750844749486,2025-06-25T12:45:49.486,16.720,-0.528,0.594,1.482
1750844749496,2025-06-25T12:45:49.496,16.730,-0.497,0.584,1.523
1750844749506,2025-06-25T12:45:49.506,16.740,-0.490,0.571,1.529
1750844749516,2025-06-25T12:45:49.516,16.750,-0.474,0.564,1.533
1750844749526,2025-06-25T12:45:49.526,16.760,-0.447,0.567,1.554
1750844749536,2025-06-25T12:45:49.536,16.770,-0.407,0.574,1.558
1750844749546,2025-06-25T12:45:49.546,16.780,-0.359,0.573,1.563
1750844749556,2025-06-25T12:45:49.556,16.790,-0.288,0.574,1.562
1750844749566,2025-06-25T12:45:49.566,16.800,-0.215,0.562,1.566
1750844749576,2025-06-25T12:45:49.576,16.810,-0.148,0.552,1.564
1750844749586,2025-06-25T12:45:49.586,16.820,-0.104,0.537,1.549
1750844749596,2025-06-25T12:45:49.596,16.830,-0.057,0.523,1.529
1750844749606,2025-06-25T12:45:49.606,16.840,0.004,0.500,1.523
1750844749616,2025-06-25T12:45:49.616,16.850,0.071,0.474,1.507
1750844749626,2025-06-25T12:45:49.626,16.860,0.145,0.464,1.476
1750844749636,2025-06-25T12:45:49.636,16.870,0.225,0.463,1.462
1750844749646,2025-06-25T12:45:49.646,16.880,0.306,0.435,1.474
1750844749656,2025-06-25T12:45:49.656,16.890,0.408,0.381,1.500
1750844749666,2025-06-25T12:45:49.666,16.900,0.515,0.330,1.514
1750844749676,2025-06-25T12:45:49.676,16.910,0.598,0.283,1.515
1750844749686,2025-06-25T12:45:49.686,16.920,0.621,0.259,1.508
1750844749696,2025-06-25T12:45:49.696,16.930,0.591,0.261,1.472
1750844749706,2025-06-25T12:45:49.706,16.940,0.572,0.250,1.452
1750844749716,2025-06-25T12:45:49.716,16.950,0.601,0.227,1.464
1750844749726,2025-06-25T12:45:49.726,16.960,0.627,0.204,1.440
1750844749736,2025-06-25T12:45:49.736,16.970,0.617,0.187,1.405
1750844749746,2025-06-25T12:45:49.746,16.980,0.565,0.175,1.392
1750844749756,2025-06-25T12:45:49.756,16.990,0.521,0.164,1.363
1750844749766,2025-06-25T12:45:49.766,17.000,0.486,0.160,1.331
1750844749776,2025-06-25T12:45:49.776,17.010,0.414,0.171,1.290
1750844749786,2025-06-25T12:45:49.786,17.020,0.341,0.195,1.229
1750844749796,2025-06-25T12:45:49.796,17.030,0.275,0.216,1.162
1750844749806,2025-06-25T12:45:49.806,17.040,0.205,0.232,1.086
1750844749816,2025-06-25T12:45:49.816,17.050,0.130,0.250,1.000
1750844749826,2025-06-25T12:45:49.826,17.060,0.044,0.254,0.875
1750844749836,2025-06-25T12:45:49.836,17.070,-0.062,0.251,0.739
1750844749846,2025-06-25T12:45:49.846,17.080,-0.172,0.229,0.629
1750844749856,2025-06-25T12:45:49.856,17.090,-0.275,0.179,0.572
1750844749866,2025-06-25T12:45:49.866,17.100,-0.340,0.115,0.562
1750844749876,2025-06-25T12:45:49.876,17.110,-0.344,0.057,0.552
1750844749886,2025-06-25T12:45:49.886,17.120,-0.355,0.019,0.516
1750844749896,2025-06-25T12:45:49.896,17.130,-0.452,0.015,0.462
1750844749906,2025-06-25T12:45:49.906,17.140,-0.572,0.021,0.363
1750844749916,2025-06-25T12:45:49.916,17.150,-0.643,0.009,0.263
1750844749926,2025-06-25T12:45:49.926,17.160,-0.606,-0.024,0.229
1750844749936,2025-06-25T12:45:49.936,17.170,-0.538,-0.043,0.253
1750844749946,2025-06-25T12:45:49.946,17.180,-0.503,-0.056,0.247
1750844749956,2025-06-25T12:45:49.956,17.190,-0.547,-0.092,0.233
1750844749966,2025-06-25T12:45:49.966,17.200,-0.588,-0.142,0.285
1750844749976,2025-06-25T12:45:49.976,17.210,-0.586,-0.177,0.338
1750844749986,2025-06-25T12:45:49.986,17.220,-0.558,-0.182,0.387
1750844749996,2025-06-25T12:45:49.996,17.230,-0.542,-0.157,0.414
1750844750006,2025-06-25T12:45:50.006,17.240,-0.549,-0.136,0.444
1750844750016,2025-06-25T12:45:50.016,17.250,-0.558,-0.134,0.510
1750844750026,2025-06-25T12:45:50.026,17.260,-0.551,-0.142,0.567
1750844750036,2025-06-25T12:45:50.036,17.270,-0.521,-0.140,0.614
1750844750046,2025-06-25T12:45:50.046,17.280,-0.517,-0.126,0.660
1750844750056,2025-06-25T12:45:50.056,17.290,-0.517,-0.115,0.674
1750844750066,2025-06-25T12:45:50.066,17.300,-0.482,-0.115,0.686
1750844750076,2025-06-25T12:45:50.076,17.310,-0.447,-0.101,0.704
1750844750086,2025-06-25T12:45:50.086,17.320,-0.434,-0.079,0.722
1750844750096,2025-06-25T12:45:50.096,17.330,-0.409,-0.069,0.732
1750844750106,2025-06-25T12:45:50.106,17.340,-0.370,-0.064,0.724
1750844750116,2025-06-25T12:45:50.116,17.350,-0.329,-0.061,0.731
1750844750126,2025-06-25T12:45:50.126,17.360,-0.278,-0.080,0.741
1750844750136,2025-06-25T12:45:50.136,17.370,-0.232,-0.099,0.737
1750844750146,2025-06-25T12:45:50.146,17.380,-0.209,-0.102,0.725
1750844750156,2025-06-25T12:45:50.156,17.390,-0.191,-0.103,0.705
1750844750166,2025-06-25T12:45:50.166,17.400,-0.173,-0.101,0.693
1750844750176,2025-06-25T12:45:50.176,17.410,-0.171,-0.097,0.667
1750844750186,2025-06-25T12:45:50.186,17.420,-0.188,-0.085,0.612
1750844750196,2025-06-25T12:45:50.196,17.430,-0.178,-0.078,0.575
1750844750206,2025-06-25T12:45:50.206,17.440,-0.142,-0.076,0.583
1750844750216,2025-06-25T12:45:50.216,17.450,-0.110,-0.053,0.601
1750844750226,2025-06-25T12:45:50.226,17.460,-0.077,-0.030,0.633
1750844750236,2025-06-25T12:45:50.236,17.470,-0.071,-0.023,0.699
1750844750246,2025-06-25T12:45:50.246,17.480,-0.127,-0.031,0.752
1750844750256,2025-06-25T12:45:50.256,17.490,-0.171,-0.031,0.755
1750844750266,2025-06-25T12:45:50.266,17.500,-0.201,0.013,0.767
1750844750276,2025-06-25T12:45:50.276,17.510,-0.309,0.093,0.803
1750844750286,2025-06-25T12:45:50.286,17.520,-0.430,0.169,0.818
1750844750296,2025-06-25T12:45:50.296,17.530,-0.491,0.224,0.821
1750844750306,2025-06-25T12:45:50.306,17.540,-0.465,0.238,0.858
1750844750316,2025-06-25T12:45:50.316,17.550,-0.383,0.232,0.928
1750844750326,2025-06-25T12:45:50.326,17.560,-0.317,0.233,1.016
1750844750336,2025-06-25T12:45:50.336,17.570,-0.280,0.251,1.105
1750844750346,2025-06-25T12:45:50.346,17.580,-0.273,0.287,1.152
1750844750356,2025-06-25T12:45:50.356,17.590,-0.285,0.322,1.162
1750844750366,2025-06-25T12:45:50.366,17.600,-0.332,0.369,1.180
1750844750376,2025-06-25T12:45:50.376,17.610,-0.416,0.426,1.211
1750844750386,2025-06-25T12:45:50.386,17.620,-0.478,0.466,1.223
1750844750396,2025-06-25T12:45:50.396,17.630,-0.486,0.485,1.240
1750844750406,2025-06-25T12:45:50.406,17.640,-0.415,0.475,1.286
1750844750416,2025-06-25T12:45:50.416,17.650,-0.289,0.446,1.361
1750844750426,2025-06-25T12:45:50.426,17.660,-0.183,0.429,1.419
1750844750436,2025-06-25T12:45:50.436,17.670,-0.119,0.434,1.459
1750844750446,2025-06-25T12:45:50.446,17.680,-0.112,0.450,1.490
1750844750456,2025-06-25T12:45:50.456,17.690,-0.151,0.456,1.506
1750844750466,2025-06-25T12:45:50.466,17.700,-0.167,0.457,1.524
1750844750476,2025-06-25T12:45:50.476,17.710,-0.148,0.458,1.550
1750844750486,2025-06-25T12:45:50.486,17.720,-0.117,0.443,1.579
1750844750496,2025-06-25T12:45:50.496,17.730,-0.065,0.438,1.591
1750844750506,2025-06-25T12:45:50.506,17.740,-0.002,0.436,1.610
1750844750516,2025-06-25T12:45:50.516,17.750,0.030,0.435,1.641
1750844750526,2025-06-25T12:45:50.526,17.760,0.038,0.428,1.638
1750844750536,2025-06-25T12:45:50.536,17.770,0.068,0.419,1.626
1750844750546,2025-06-25T12:45:50.546,17.780,0.103,0.405,1.633
1750844750556,2025-06-25T12:45:50.556,17.790,0.145,0.402,1.631
1750844750566,2025-06-25T12:45:50.566,17.800,0.183,0.414,1.607
1750844750576,2025-06-25T12:45:50.576,17.810,0.225,0.419,1.560
1750844750586,2025-06-25T12:45:50.586,17.820,0.292,0.415,1.504
1750844750596,2025-06-25T12:45:50.596,17.830,0.395,0.386,1.480
1750844750606,2025-06-25T12:45:50.606,17.840,0.494,0.344,1.481
1750844750616,2025-06-25T12:45:50.616,17.850,0.586,0.309,1.464
1750844750626,2025-06-25T12:45:50.626,17.860,0.675,0.269,1.460
1750844750636,2025-06-25T12:45:50.636,17.870,0.733,0.227,1.478
1750844750646,2025-06-25T12:45:50.646,17.880,0.754,0.209,1.434
1750844750656,2025-06-25T12:45:50.656,17.890,0.707,0.220,1.361
1750844750666,2025-06-25T12:45:50.666,17.900,0.612,0.235,1.281
1750844750676,2025-06-25T12:45:50.676,17.910,0.543,0.223,1.214
1750844750686,2025-06-25T12:45:50.686,17.920,0.507,0.191,1.179
1750844750696,2025-06-25T12:45:50.696,17.930,0.496,0.151,1.136
1750844750706,2025-06-25T12:45:50.706,17.940,0.487,0.114,1.094
1750844750716,2025-06-25T12:45:50.716,17.950,0.484,0.109,1.040
1750844750726,2025-06-25T12:45:50.726,17.960,0.450,0.112,0.994
1750844750736,2025-06-25T12:45:50.736,17.970,0.369,0.115,0.905
1750844750746,2025-06-25T12:45:50.746,17.980,0.279,0.117,0.839
1750844750756,2025-06-25T12:45:50.756,17.990,0.207,0.117,0.798
1750844750766,2025-06-25T12:45:50.766,18.000,0.177,0.098,0.750
1750844750776,2025-06-25T12:45:50.776,18.010,0.125,0.083,0.690
1750844750786,2025-06-25T12:45:50.786,18.020,-0.003,0.083,0.589
1750844750796,2025-06-25T12:45:50.796,18.030,-0.178,0.073,0.486
1750844750806,2025-06-25T12:45:50.806,18.040,-0.297,0.021,0.455
1750844750816,2025-06-25T12:45:50.816,18.050,-0.334,-0.055,0.480
1750844750826,2025-06-25T12:45:50.826,18.060,-0.295,-0.105,0.497
1750844750836,2025-06-25T12:45:50.836,18.070,-0.264,-0.114,0.505
1750844750846,2025-06-25T12:45:50.846,18.080,-0.341,-0.092,0.501
1750844750856,2025-06-25T12:45:50.856,18.090,-0.481,-0.063,0.476
1750844750866,2025-06-25T12:45:50.866,18.100,-0.555,-0.056,0.450
1750844750876,2025-06-25T12:45:50.876,18.110,-0.531,-0.060,0.482
1750844750886,2025-06-25T12:45:50.886,18.120,-0.485,-0.062,0.524
1750844750896,2025-06-25T12:45:50.896,18.130,-0.507,-0.056,0.549
1750844750906,2025-06-25T12:45:50.906,18.140,-0.495,-0.063,0.605
1750844750916,2025-06-25T12:45:50.916,18.150,-0.430,-0.063,0.656
1750844750926,2025-06-25T12:45:50.926,18.160,-0.420,-0.059,0.658
1750844750936,2025-06-25T12:45:50.936,18.170,-0.462,-0.048,0.659
1750844750946,2025-06-25T12:45:50.946,18.180,-0.485,-0.042,0.668
1750844750956,2025-06-25T12:45:50.956,18.190,-0.484,-0.058,0.683
1750844750966,2025-06-25T12:45:50.966,18.200,-0.468,-0.087,0.703
1750844750976,2025-06-25T12:45:50.976,18.210,-0.377,-0.107,0.707
1750844750986,2025-06-25T12:45:50.986,18.220,-0.321,-0.103,0.715
1750844750996,2025-06-25T12:45:50.996,18.230,-0.332,-0.093,0.727
1750844751006,2025-06-25T12:45:51.006,18.240,-0.340,-0.090,0.729
1750844751016,2025-06-25T12:45:51.016,18.250,-0.326,-0.083,0.715
1750844751026,2025-06-25T12:45:51.026,18.260,-0.326,-0.066,0.710
1750844751036,2025-06-25T12:45:51.036,18.270,-0.326,-0.066,0.704
1750844751046,2025-06-25T12:45:51.046,18.280,-0.292,-0.071,0.693
1750844751056,2025-06-25T12:45:51.056,18.290,-0.228,-0.066,0.704
1750844751066,2025-06-25T12:45:51.066,18.300,-0.169,-0.066,0.711
1750844751076,2025-06-25T12:45:51.076,18.310,-0.088,-0.070,0.724
1750844751086,2025-06-25T12:45:51.086,18.320,0.006,-0.063,0.757
1750844751096,2025-06-25T12:45:51.096,18.330,0.103,-0.057,0.783
1750844751106,2025-06-25T12:45:51.106,18.340,0.168,-0.052,0.792
1750844751116,2025-06-25T12:45:51.116,18.350,0.168,-0.042,0.811
1750844751126,2025-06-25T12:45:51.126,18.360,0.152,-0.045,0.827
1750844751136,2025-06-25T12:45:51.136,18.370,0.183,-0.052,0.810
1750844751146,2025-06-25T12:45:51.146,18.380,0.243,-0.048,0.778
1750844751156,2025-06-25T12:45:51.156,18.390,0.246,-0.037,0.760
1750844751166,2025-06-25T12:45:51.166,18.400,0.177,-0.039,0.741
1750844751176,2025-06-25T12:45:51.176,18.410,0.144,-0.040,0.719
1750844751186,2025-06-25T12:45:51.186,18.420,0.107,-0.016,0.743
1750844751196,2025-06-25T12:45:51.196,18.430,0.047,0.021,0.748
1750844751206,2025-06-25T12:45:51.206,18.440,0.026,0.063,0.714
1750844751216,2025-06-25T12:45:51.216,18.450,-0.020,0.116,0.685
1750844751226,2025-06-25T12:45:51.226,18.460,-0.102,0.161,0.695
1750844751236,2025-06-25T12:45:51.236,18.470,-0.227,0.203,0.734
1750844751246,2025-06-25T12:45:51.246,18.480,-0.275,0.216,0.806
1750844751256,2025-06-25T12:45:51.256,18.490,-0.270,0.208,0.909
1750844751266,2025-06-25T12:45:51.266,18.500,-0.292,0.233,0.987
1750844751276,2025-06-25T12:45:51.276,18.510,-0.351,0.273,1.049
1750844751286,2025-06-25T12:45:51.286,18.520,-0.440,0.312,1.119
1750844751296,2025-06-25T12:45:51.296,18.530,-0.584,0.365,1.165
1750844751306,2025-06-25T12:45:51.306,18.540,-0.735,0.441,1.222
1750844751316,2025-06-25T12:45:51.316,18.550,-0.826,0.496,1.287
1750844751326,2025-06-25T12:45:51.326,18.560,-0.854,0.540,1.358
1750844751336,2025-06-25T12:45:51.336,18.570,-0.815,0.585,1.419
1750844751346,2025-06-25T12:45:51.346,18.580,-0.706,0.605,1.465
1750844751356,2025-06-25T12:45:51.356,18.590,-0.578,0.616,1.530
1750844751366,2025-06-25T12:45:51.366,18.600,-0.497,0.621,1.604
1750844751376,2025-06-25T12:45:51.376,18.610,-0.436,0.622,1.649
1750844751386,2025-06-25T12:45:51.386,18.620,-0.409,0.619,1.662
1750844751396,2025-06-25T12:45:51.396,18.630,-0.421,0.628,1.665
1750844751406,2025-06-25T12:45:51.406,18.640,-0.411,0.633,1.674
1750844751416,2025-06-25T12:45:51.416,18.650,-0.368,0.643,1.684
1750844751426,2025-06-25T12:45:51.426,18.660,-0.309,0.658,1.690
1750844751436,2025-06-25T12:45:51.436,18.670,-0.215,0.651,1.699
1750844751446,2025-06-25T12:45:51.446,18.680,-0.070,0.608,1.700
1750844751456,2025-06-25T12:45:51.456,18.690,0.105,0.573,1.673
1750844751466,2025-06-25T12:45:51.466,18.700,0.278,0.556,1.633
1750844751476,2025-06-25T12:45:51.476,18.710,0.394,0.527,1.590
1750844751486,2025-06-25T12:45:51.486,18.720,0.471,0.486,1.565
1750844751496,2025-06-25T12:45:51.496,18.730,0.517,0.443,1.535
1750844751506,2025-06-25T12:45:51.506,18.740,0.550,0.390,1.475
1750844751516,2025-06-25T12:45:51.516,18.750,0.621,0.340,1.410
1750844751526,2025-06-25T12:45:51.526,18.760,0.706,0.294,1.364
1750844751536,2025-06-25T12:45:51.536,18.770,0.762,0.243,1.321
1750844751546,2025-06-25T12:45:51.546,18.780,0.784,0.195,1.257
1750844751556,2025-06-25T12:45:51.556,18.790,0.778,0.151,1.207
1750844751566,2025-06-25T12:45:51.566,18.800,0.730,0.125,1.167
1750844751576,2025-06-25T12:45:51.576,18.810,0.685,0.107,1.123
1750844751586,2025-06-25T12:45:51.586,18.820,0.634,0.091,1.069
1750844751596,2025-06-25T12:45:51.596,18.830,0.570,0.083,1.000
1750844751606,2025-06-25T12:45:51.606,18.840,0.537,0.089,0.928
1750844751616,2025-06-25T12:45:51.616,18.850,0.521,0.088,0.885
1750844751626,2025-06-25T12:45:51.626,18.860,0.508,0.076,0.850
1750844751636,2025-06-25T12:45:51.636,18.870,0.504,0.068,0.809
1750844751646,2025-06-25T12:45:51.646,18.880,0.481,0.071,0.758
1750844751656,2025-06-25T12:45:51.656,18.890,0.435,0.080,0.703
1750844751666,2025-06-25T12:45:51.666,18.900,0.401,0.087,0.650
1750844751676,2025-06-25T12:45:51.676,18.910,0.383,0.093,0.593
1750844751686,2025-06-25T12:45:51.686,18.920,0.356,0.099,0.536
1750844751696,2025-06-25T12:45:51.696,18.930,0.330,0.100,0.479
1750844751706,2025-06-25T12:45:51.706,18.940,0.278,0.103,0.413
1750844751716,2025-06-25T12:45:51.716,18.950,0.188,0.098,0.324
1750844751726,2025-06-25T12:45:51.726,18.960,0.099,0.081,0.244
1750844751736,2025-06-25T12:45:51.736,18.970,0.009,0.047,0.249
1750844751746,2025-06-25T12:45:51.746,18.980,-0.078,0.015,0.342
1750844751756,2025-06-25T12:45:51.756,18.990,-0.167,-0.015,0.426
1750844751766,2025-06-25T12:45:51.766,19.000,-0.271,-0.034,0.482
1750844751776,2025-06-25T12:45:51.776,19.010,-0.424,-0.042,0.519
1750844751786,2025-06-25T12:45:51.786,19.020,-0.547,-0.056,0.581
1750844751796,2025-06-25T12:45:51.796,19.030,-0.601,-0.053,0.635
1750844751806,2025-06-25T12:45:51.806,19.040,-0.678,-0.036,0.687
1750844751816,2025-06-25T12:45:51.816,19.050,-0.752,-0.010,0.750
1750844751826,2025-06-25T12:45:51.826,19.060,-0.779,0.042,0.809
1750844751836,2025-06-25T12:45:51.836,19.070,-0.754,0.096,0.898
1750844751846,2025-06-25T12:45:51.846,19.080,-0.723,0.156,1.034
1750844751856,2025-06-25T12:45:51.856,19.090,-0.708,0.204,1.130
1750844751866,2025-06-25T12:45:51.866,19.100,-0.668,0.233,1.171
1750844751876,2025-06-25T12:45:51.876,19.110,-0.627,0.254,1.183
1750844751886,2025-06-25T12:45:51.886,19.120,-0.557,0.261,1.173
1750844751896,2025-06-25T12:45:51.896,19.130,-0.467,0.247,1.143
1750844751906,2025-06-25T12:45:51.906,19.140,-0.396,0.223,1.123
1750844751916,2025-06-25T12:45:51.916,19.150,-0.313,0.195,1.105
1750844751926,2025-06-25T12:45:51.926,19.160,-0.256,0.172,1.086
1750844751936,2025-06-25T12:45:51.936,19.170,-0.236,0.158,1.058
1750844751946,2025-06-25T12:45:51.946,19.180,-0.223,0.138,1.025
1750844751956,2025-06-25T12:45:51.956,19.190,-0.203,0.118,0.990
1750844751966,2025-06-25T12:45:51.966,19.200,-0.177,0.101,0.956
1750844751976,2025-06-25T12:45:51.976,19.210,-0.171,0.084,0.906
1750844751986,2025-06-25T12:45:51.986,19.220,-0.191,0.073,0.832
1750844751996,2025-06-25T12:45:51.996,19.230,-0.200,0.052,0.755
1750844752006,2025-06-25T12:45:52.006,19.240,-0.172,0.028,0.695
1750844752016,2025-06-25T12:45:52.016,19.250,-0.156,0.021,0.632
1750844752026,2025-06-25T12:45:52.026,19.260,-0.144,0.018,0.564
1750844752036,2025-06-25T12:45:52.036,19.270,-0.150,0.024,0.485
1750844752046,2025-06-25T12:45:52.046,19.280,-0.167,0.039,0.430
1750844752056,2025-06-25T12:45:52.056,19.290,-0.181,0.038,0.422
1750844752066,2025-06-25T12:45:52.066,19.300,-0.231,0.031,0.444
1750844752076,2025-06-25T12:45:52.076,19.310,-0.255,0.011,0.491
1750844752086,2025-06-25T12:45:52.086,19.320,-0.263,0.003,0.508
1750844752096,2025-06-25T12:45:52.096,19.330,-0.339,0.041,0.551
1750844752106,2025-06-25T12:45:52.106,19.340,-0.407,0.083,0.613
1750844752116,2025-06-25T12:45:52.116,19.350,-0.428,0.153,0.691
1750844752126,2025-06-25T12:45:52.126,19.360,-0.414,0.218,0.829
1750844752136,2025-06-25T12:45:52.136,19.370,-0.402,0.247,0.960
1750844752146,2025-06-25T12:45:52.146,19.380,-0.489,0.292,1.039
1750844752156,2025-06-25T12:45:52.156,19.390,-0.556,0.350,1.086
1750844752166,2025-06-25T12:45:52.166,19.400,-0.573,0.412,1.159
1750844752176,2025-06-25T12:45:52.176,19.410,-0.592,0.467,1.281
1750844752186,2025-06-25T12:45:52.186,19.420,-0.542,0.494,1.420
1750844752196,2025-06-25T12:45:52.196,19.430,-0.425,0.516,1.528
1750844752206,2025-06-25T12:45:52.206,19.440,-0.324,0.547,1.605
1750844752216,2025-06-25T12:45:52.216,19.450,-0.315,0.575,1.648
1750844752226,2025-06-25T12:45:52.226,19.460,-0.333,0.583,1.668
1750844752236,2025-06-25T12:45:52.236,19.470,-0.313,0.597,1.705
1750844752246,2025-06-25T12:45:52.246,19.480,-0.263,0.602,1.719
1750844752256,2025-06-25T12:45:52.256,19.490,-0.171,0.594,1.739
1750844752266,2025-06-25T12:45:52.266,19.500,-0.061,0.577,1.739
1750844752276,2025-06-25T12:45:52.276,19.510,0.045,0.566,1.718
1750844752286,2025-06-25T12:45:52.286,19.520,0.110,0.547,1.682
1750844752296,2025-06-25T12:45:52.296,19.530,0.156,0.516,1.655
1750844752306,2025-06-25T12:45:52.306,19.540,0.224,0.473,1.627
1750844752316,2025-06-25T12:45:52.316,19.550,0.310,0.431,1.592
1750844752326,2025-06-25T12:45:52.326,19.560,0.388,0.389,1.567
1750844752336,2025-06-25T12:45:52.336,19.570,0.437,0.343,1.525
1750844752346,2025-06-25T12:45:52.346,19.580,0.474,0.305,1.465
1750844752356,2025-06-25T12:45:52.356,19.590,0.502,0.273,1.420
1750844752366,2025-06-25T12:45:52.366,19.600,0.513,0.247,1.356
1750844752376,2025-06-25T12:45:52.376,19.610,0.540,0.238,1.298
1750844752386,2025-06-25T12:45:52.386,19.620,0.588,0.212,1.283
1750844752396,2025-06-25T12:45:52.396,19.630,0.621,0.155,1.265
1750844752406,2025-06-25T12:45:52.406,19.640,0.649,0.094,1.209
1750844752416,2025-06-25T12:45:52.416,19.650,0.667,0.066,1.146
1750844752426,2025-06-25T12:45:52.426,19.660,0.659,0.053,1.113
1750844752436,2025-06-25T12:45:52.436,19.670,0.645,0.035,1.081
1750844752446,2025-06-25T12:45:52.446,19.680,0.635,0.022,1.008
1750844752456,2025-06-25T12:45:52.456,19.690,0.619,0.021,0.936
1750844752466,2025-06-25T12:45:52.466,19.700,0.584,0.022,0.883
1750844752476,2025-06-25T12:45:52.476,19.710,0.525,0.013,0.834
1750844752486,2025-06-25T12:45:52.486,19.720,0.481,0.001,0.787
1750844752496,2025-06-25T12:45:52.496,19.730,0.444,-0.010,0.744
1750844752506,2025-06-25T12:45:52.506,19.740,0.409,-0.017,0.698
1750844752516,2025-06-25T12:45:52.516,19.750,0.386,-0.021,0.656
1750844752526,2025-06-25T12:45:52.526,19.760,0.357,-0.017,0.599
1750844752536,2025-06-25T12:45:52.536,19.770,0.325,-0.008,0.546
1750844752546,2025-06-25T12:45:52.546,19.780,0.282,-0.003,0.487
1750844752556,2025-06-25T12:45:52.556,19.790,0.221,0.005,0.430
1750844752566,2025-06-25T12:45:52.566,19.800,0.145,0.006,0.414
1750844752576,2025-06-25T12:45:52.576,19.810,0.087,-0.011,0.423
1750844752586,2025-06-25T12:45:52.586,19.820,-0.025,-0.009,0.471
1750844752596,2025-06-25T12:45:52.596,19.830,-0.213,-0.011,0.510
1750844752606,2025-06-25T12:45:52.606,19.840,-0.368,-0.050,0.547
1750844752616,2025-06-25T12:45:52.616,19.850,-0.452,-0.118,0.651
1750844752626,2025-06-25T12:45:52.626,19.860,-0.481,-0.155,0.716
1750844752636,2025-06-25T12:45:52.636,19.870,-0.504,-0.136,0.703
1750844752646,2025-06-25T12:45:52.646,19.880,-0.560,-0.085,0.719
1750844752656,2025-06-25T12:45:52.656,19.890,-0.700,-0.023,0.737
1750844752666,2025-06-25T12:45:52.666,19.900,-0.774,0.016,0.750
1750844752676,2025-06-25T12:45:52.676,19.910,-0.632,0.052,0.815
1750844752686,2025-06-25T12:45:52.686,19.920,-0.519,0.086,0.874
1750844752696,2025-06-25T12:45:52.696,19.930,-0.513,0.076,0.894
1750844752706,2025-06-25T12:45:52.706,19.940,-0.461,0.044,0.904
1750844752716,2025-06-25T12:45:52.716,19.950,-0.333,0.017,0.915
1750844752726,2025-06-25T12:45:52.726,19.960,-0.263,0.006,0.910
1750844752736,2025-06-25T12:45:52.736,19.970,-0.206,0.005,0.863
1750844752746,2025-06-25T12:45:52.746,19.980,-0.164,0.010,0.800
1750844752756,2025-06-25T12:45:52.756,19.990,-0.188,0.012,0.764
1750844752766,2025-06-25T12:45:52.766,20.000,-0.198,-0.005,0.737
1750844752776,2025-06-25T12:45:52.776,20.010,-0.154,-0.015,0.701
1750844752786,2025-06-25T12:45:52.786,20.020,-0.119,-0.020,0.682
1750844752796,2025-06-25T12:45:52.796,20.030,-0.113,-0.037,0.674
1750844752806,2025-06-25T12:45:52.806,20.040,-0.079,-0.057,0.641
1750844752816,2025-06-25T12:45:52.816,20.050,-0.071,-0.047,0.595
1750844752826,2025-06-25T12:45:52.826,20.060,-0.107,-0.010,0.540
1750844752836,2025-06-25T12:45:52.836,20.070,-0.121,0.017,0.496
1750844752846,2025-06-25T12:45:52.846,20.080,-0.115,0.022,0.484
1750844752856,2025-06-25T12:45:52.856,20.090,-0.101,0.009,0.506
1750844752866,2025-06-25T12:45:52.866,20.100,-0.084,0.001,0.513
1750844752876,2025-06-25T12:45:52.876,20.110,-0.134,0.008,0.564
1750844752886,2025-06-25T12:45:52.886,20.120,-0.174,-0.003,0.658
1750844752896,2025-06-25T12:45:52.896,20.130,-0.182,0.012,0.701
1750844752906,2025-06-25T12:45:52.906,20.140,-0.202,0.082,0.757
1750844752916,2025-06-25T12:45:52.916,20.150,-0.292,0.169,0.803
1750844752926,2025-06-25T12:45:52.926,20.160,-0.402,0.249,0.809
1750844752936,2025-06-25T12:45:52.936,20.170,-0.497,0.316,0.844
1750844752946,2025-06-25T12:45:52.946,20.180,-0.529,0.352,0.899
1750844752956,2025-06-25T12:45:52.956,20.190,-0.508,0.384,0.978
1750844752966,2025-06-25T12:45:52.966,20.200,-0.457,0.408,1.070
1750844752976,2025-06-25T12:45:52.976,20.210,-0.403,0.417,1.172
1750844752986,2025-06-25T12:45:52.986,20.220,-0.364,0.424,1.256
1750844752996,2025-06-25T12:45:52.996,20.230,-0.328,0.422,1.360
1750844753006,2025-06-25T12:45:53.006,20.240,-0.312,0.441,1.453
1750844753016,2025-06-25T12:45:53.016,20.250,-0.387,0.493,1.493
1750844753026,2025-06-25T12:45:53.026,20.260,-0.506,0.531,1.518
1750844753036,2025-06-25T12:45:53.036,20.270,-0.517,0.555,1.556
1750844753046,2025-06-25T12:45:53.046,20.280,-0.432,0.562,1.629
1750844753056,2025-06-25T12:45:53.056,20.290,-0.296,0.544,1.711
1750844753066,2025-06-25T12:45:53.066,20.300,-0.174,0.542,1.751
1750844753076,2025-06-25T12:45:53.076,20.310,-0.130,0.557,1.771
1750844753086,2025-06-25T12:45:53.086,20.320,-0.112,0.570,1.774
1750844753096,2025-06-25T12:45:53.096,20.330,-0.086,0.570,1.760
1750844753106,2025-06-25T12:45:53.106,20.340,-0.063,0.561,1.777
1750844753116,2025-06-25T12:45:53.116,20.350,0.031,0.551,1.799
1750844753126,2025-06-25T12:45:53.126,20.360,0.158,0.522,1.813
1750844753136,2025-06-25T12:45:53.136,20.370,0.249,0.483,1.847
1750844753146,2025-06-25T12:45:53.146,20.380,0.332,0.441,1.888
1750844753156,2025-06-25T12:45:53.156,20.390,0.442,0.430,1.868
1750844753166,2025-06-25T12:45:53.166,20.400,0.506,0.452,1.802
1750844753176,2025-06-25T12:45:53.176,20.410,0.501,0.487,1.703
1750844753186,2025-06-25T12:45:53.186,20.420,0.488,0.508,1.611
1750844753196,2025-06-25T12:45:53.196,20.430,0.525,0.482,1.542
1750844753206,2025-06-25T12:45:53.206,20.440,0.634,0.413,1.455
1750844753216,2025-06-25T12:45:53.216,20.450,0.786,0.343,1.368
1750844753226,2025-06-25T12:45:53.226,20.460,0.902,0.286,1.291
1750844753236,2025-06-25T12:45:53.236,20.470,0.938,0.230,1.224
1750844753246,2025-06-25T12:45:53.246,20.480,0.893,0.180,1.165
1750844753256,2025-06-25T12:45:53.256,20.490,0.817,0.140,1.091
1750844753266,2025-06-25T12:45:53.266,20.500,0.770,0.131,0.975
1750844753276,2025-06-25T12:45:53.276,20.510,0.743,0.134,0.879
1750844753286,2025-06-25T12:45:53.286,20.520,0.660,0.129,0.801
1750844753296,2025-06-25T12:45:53.296,20.530,0.589,0.093,0.725
1750844753306,2025-06-25T12:45:53.306,20.540,0.538,0.051,0.650
1750844753316,2025-06-25T12:45:53.316,20.550,0.504,0.026,0.589
1750844753326,2025-06-25T12:45:53.326,20.560,0.481,0.004,0.542
1750844753336,2025-06-25T12:45:53.336,20.570,0.459,-0.015,0.487
1750844753346,2025-06-25T12:45:53.346,20.580,0.436,-0.028,0.431
1750844753356,2025-06-25T12:45:53.356,20.590,0.417,-0.036,0.391
1750844753366,2025-06-25T12:45:53.366,20.600,0.375,-0.040,0.375
1750844753376,2025-06-25T12:45:53.376,20.610,0.289,-0.047,0.345
1750844753386,2025-06-25T12:45:53.386,20.620,0.231,-0.068,0.304
1750844753396,2025-06-25T12:45:53.396,20.630,0.165,-0.086,0.296
1750844753406,2025-06-25T12:45:53.406,20.640,0.043,-0.091,0.335
1750844753416,2025-06-25T12:45:53.416,20.650,-0.063,-0.098,0.396
1750844753426,2025-06-25T12:45:53.426,20.660,-0.130,-0.103,0.519
1750844753436,2025-06-25T12:45:53.436,20.670,-0.216,-0.126,0.642
1750844753446,2025-06-25T12:45:53.446,20.680,-0.316,-0.154,0.704
1750844753456,2025-06-25T12:45:53.456,20.690,-0.376,-0.159,0.704
1750844753466,2025-06-25T12:45:53.466,20.700,-0.448,-0.127,0.712
1750844753476,2025-06-25T12:45:53.476,20.710,-0.607,-0.064,0.742
1750844753486,2025-06-25T12:45:53.486,20.720,-0.728,-0.004,0.777
1750844753496,2025-06-25T12:45:53.496,20.730,-0.699,0.048,0.833
1750844753506,2025-06-25T12:45:53.506,20.740,-0.562,0.064,0.901
1750844753516,2025-06-25T12:45:53.516,20.750,-0.413,0.054,0.986
1750844753526,2025-06-25T12:45:53.526,20.760,-0.324,0.050,1.028
1750844753536,2025-06-25T12:45:53.536,20.770,-0.324,0.051,1.017
1750844753546,2025-06-25T12:45:53.546,20.780,-0.396,0.045,0.971
1750844753556,2025-06-25T12:45:53.556,20.790,-0.420,0.006,0.927
1750844753566,2025-06-25T12:45:53.566,20.800,-0.346,-0.036,0.899
1750844753576,2025-06-25T12:45:53.576,20.810,-0.281,-0.054,0.894
1750844753586,2025-06-25T12:45:53.586,20.820,-0.268,-0.068,0.904
1750844753596,2025-06-25T12:45:53.596,20.830,-0.260,-0.069,0.889
1750844753606,2025-06-25T12:45:53.606,20.840,-0.231,-0.059,0.863
1750844753616,2025-06-25T12:45:53.616,20.850,-0.178,-0.042,0.838
1750844753626,2025-06-25T12:45:53.626,20.860,-0.141,-0.026,0.824
1750844753636,2025-06-25T12:45:53.636,20.870,-0.143,-0.025,0.800
1750844753646,2025-06-25T12:45:53.646,20.880,-0.140,-0.021,0.755
1750844753656,2025-06-25T12:45:53.656,20.890,-0.120,-0.011,0.696
1750844753666,2025-06-25T12:45:53.666,20.900,-0.133,0.008,0.625
1750844753676,2025-06-25T12:45:53.676,20.910,-0.167,0.028,0.548
1750844753686,2025-06-25T12:45:53.686,20.920,-0.185,0.038,0.482
1750844753696,2025-06-25T12:45:53.696,20.930,-0.163,0.038,0.454
1750844753706,2025-06-25T12:45:53.706,20.940,-0.117,0.037,0.453
1750844753716,2025-06-25T12:45:53.716,20.950,-0.113,0.028,0.490
1750844753726,2025-06-25T12:45:53.726,20.960,-0.124,0.008,0.529
1750844753736,2025-06-25T12:45:53.736,20.970,-0.166,0.003,0.577
1750844753746,2025-06-25T12:45:53.746,20.980,-0.202,0.020,0.587
1750844753756,2025-06-25T12:45:53.756,20.990,-0.243,0.089,0.598
1750844753766,2025-06-25T12:45:53.766,21.000,-0.356,0.167,0.628
1750844753776,2025-06-25T12:45:53.776,21.010,-0.454,0.206,0.666
1750844753786,2025-06-25T12:45:53.786,21.020,-0.419,0.228,0.722
1750844753796,2025-06-25T12:45:53.796,21.030,-0.375,0.250,0.806
1750844753806,2025-06-25T12:45:53.806,21.040,-0.374,0.276,0.890
1750844753816,2025-06-25T12:45:53.816,21.050,-0.375,0.320,0.979
1750844753826,2025-06-25T12:45:53.826,21.060,-0.373,0.368,1.066
1750844753836,2025-06-25T12:45:53.836,21.070,-0.399,0.404,1.158
1750844753846,2025-06-25T12:45:53.846,21.080,-0.452,0.418,1.242
1750844753856,2025-06-25T12:45:53.856,21.090,-0.468,0.425,1.316
1750844753866,2025-06-25T12:45:53.866,21.100,-0.453,0.438,1.382
1750844753876,2025-06-25T12:45:53.876,21.110,-0.454,0.469,1.458
1750844753886,2025-06-25T12:45:53.886,21.120,-0.457,0.514,1.535
1750844753896,2025-06-25T12:45:53.896,21.130,-0.425,0.562,1.606
1750844753906,2025-06-25T12:45:53.906,21.140,-0.399,0.581,1.672
1750844753916,2025-06-25T12:45:53.916,21.150,-0.349,0.573,1.724
1750844753926,2025-06-25T12:45:53.926,21.160,-0.253,0.569,1.773
1750844753936,2025-06-25T12:45:53.936,21.170,-0.165,0.565,1.808
1750844753946,2025-06-25T12:45:53.946,21.180,-0.129,0.566,1.812
1750844753956,2025-06-25T12:45:53.956,21.190,-0.117,0.577,1.806
1750844753966,2025-06-25T12:45:53.966,21.200,-0.088,0.568,1.798
1750844753976,2025-06-25T12:45:53.976,21.210,-0.023,0.553,1.771
1750844753986,2025-06-25T12:45:53.986,21.220,0.050,0.541,1.747
1750844753996,2025-06-25T12:45:53.996,21.230,0.126,0.528,1.722
1750844754006,2025-06-25T12:45:54.006,21.240,0.206,0.513,1.680
1750844754016,2025-06-25T12:45:54.016,21.250,0.276,0.491,1.618
1750844754026,2025-06-25T12:45:54.026,21.260,0.348,0.451,1.573
1750844754036,2025-06-25T12:45:54.036,21.270,0.434,0.415,1.535
1750844754046,2025-06-25T12:45:54.046,21.280,0.525,0.391,1.492
1750844754056,2025-06-25T12:45:54.056,21.290,0.621,0.347,1.458
1750844754066,2025-06-25T12:45:54.066,21.300,0.739,0.300,1.427
1750844754076,2025-06-25T12:45:54.076,21.310,0.811,0.259,1.396
1750844754086,2025-06-25T12:45:54.086,21.320,0.779,0.225,1.359
1750844754096,2025-06-25T12:45:54.096,21.330,0.737,0.200,1.320
1750844754106,2025-06-25T12:45:54.106,21.340,0.720,0.183,1.265
1750844754116,2025-06-25T12:45:54.116,21.350,0.656,0.180,1.195
1750844754126,2025-06-25T12:45:54.126,21.360,0.574,0.177,1.117
1750844754136,2025-06-25T12:45:54.136,21.370,0.548,0.151,1.071
1750844754146,2025-06-25T12:45:54.146,21.380,0.535,0.105,1.059
1750844754156,2025-06-25T12:45:54.156,21.390,0.522,0.068,0.994
1750844754166,2025-06-25T12:45:54.166,21.400,0.513,0.062,0.927
1750844754176,2025-06-25T12:45:54.176,21.410,0.470,0.065,0.870
1750844754186,2025-06-25T12:45:54.186,21.420,0.416,0.067,0.802
1750844754196,2025-06-25T12:45:54.196,21.430,0.363,0.074,0.723
1750844754206,2025-06-25T12:45:54.206,21.440,0.332,0.081,0.643
1750844754216,2025-06-25T12:45:54.216,21.450,0.310,0.098,0.579
1750844754226,2025-06-25T12:45:54.226,21.460,0.283,0.115,0.528
1750844754236,2025-06-25T12:45:54.236,21.470,0.222,0.105,0.483
1750844754246,2025-06-25T12:45:54.246,21.480,0.086,0.079,0.375
1750844754256,2025-06-25T12:45:54.256,21.490,-0.029,0.049,0.291
1750844754266,2025-06-25T12:45:54.266,21.500,-0.118,-0.009,0.350
1750844754276,2025-06-25T12:45:54.276,21.510,-0.217,-0.066,0.503
1750844754286,2025-06-25T12:45:54.286,21.520,-0.247,-0.116,0.611
1750844754296,2025-06-25T12:45:54.296,21.530,-0.241,-0.171,0.605
1750844754306,2025-06-25T12:45:54.306,21.540,-0.258,-0.205,0.575
1750844754316,2025-06-25T12:45:54.316,21.550,-0.267,-0.166,0.581
1750844754326,2025-06-25T12:45:54.326,21.560,-0.314,-0.122,0.607
1750844754336,2025-06-25T12:45:54.336,21.570,-0.380,-0.110,0.644
1750844754346,2025-06-25T12:45:54.346,21.580,-0.464,-0.095,0.664
1750844754356,2025-06-25T12:45:54.356,21.590,-0.593,-0.062,0.696
1750844754366,2025-06-25T12:45:54.366,21.600,-0.677,-0.014,0.738
1750844754376,2025-06-25T12:45:54.376,21.610,-0.647,0.008,0.799
1750844754386,2025-06-25T12:45:54.386,21.620,-0.623,0.018,0.869
1750844754396,2025-06-25T12:45:54.396,21.630,-0.593,0.005,0.944
1750844754406,2025-06-25T12:45:54.406,21.640,-0.480,-0.013,0.963
1750844754416,2025-06-25T12:45:54.416,21.650,-0.321,-0.013,0.954
1750844754426,2025-06-25T12:45:54.426,21.660,-0.221,-0.007,0.934
1750844754436,2025-06-25T12:45:54.436,21.670,-0.173,-0.010,0.905
1750844754446,2025-06-25T12:45:54.446,21.680,-0.177,-0.014,0.878
1750844754456,2025-06-25T12:45:54.456,21.690,-0.195,-0.029,0.861
1750844754466,2025-06-25T12:45:54.466,21.700,-0.183,-0.045,0.838
1750844754476,2025-06-25T12:45:54.476,21.710,-0.167,-0.049,0.823
1750844754486,2025-06-25T12:45:54.486,21.720,-0.151,-0.055,0.803
1750844754496,2025-06-25T12:45:54.496,21.730,-0.122,-0.065,0.777
1750844754506,2025-06-25T12:45:54.506,21.740,-0.098,-0.071,0.751
1750844754516,2025-06-25T12:45:54.516,21.750,-0.091,-0.067,0.711
1750844754526,2025-06-25T12:45:54.526,21.760,-0.098,-0.063,0.654
1750844754536,2025-06-25T12:45:54.536,21.770,-0.112,-0.064,0.583
1750844754546,2025-06-25T12:45:54.546,21.780,-0.117,-0.072,0.533
1750844754556,2025-06-25T12:45:54.556,21.790,-0.120,-0.075,0.476
1750844754566,2025-06-25T12:45:54.566,21.800,-0.104,-0.073,0.421
1750844754576,2025-06-25T12:45:54.576,21.810,-0.056,-0.072,0.420
1750844754586,2025-06-25T12:45:54.586,21.820,-0.031,-0.072,0.447
1750844754596,2025-06-25T12:45:54.596,21.830,-0.052,-0.065,0.487
1750844754606,2025-06-25T12:45:54.606,21.840,-0.063,-0.060,0.541
1750844754616,2025-06-25T12:45:54.616,21.850,-0.085,-0.030,0.570
1750844754626,2025-06-25T12:45:54.626,21.860,-0.174,0.021,0.563
1750844754636,2025-06-25T12:45:54.636,21.870,-0.286,0.085,0.583
1750844754646,2025-06-25T12:45:54.646,21.880,-0.405,0.152,0.643
1750844754656,2025-06-25T12:45:54.656,21.890,-0.512,0.213,0.687
1750844754666,2025-06-25T12:45:54.666,21.900,-0.548,0.260,0.732
1750844754676,2025-06-25T12:45:54.676,21.910,-0.523,0.288,0.808
1750844754686,2025-06-25T12:45:54.686,21.920,-0.454,0.309,0.910
1750844754696,2025-06-25T12:45:54.696,21.930,-0.412,0.330,1.034
1750844754706,2025-06-25T12:45:54.706,21.940,-0.449,0.361,1.141
1750844754716,2025-06-25T12:45:54.716,21.950,-0.517,0.394,1.187
1750844754726,2025-06-25T12:45:54.726,21.960,-0.621,0.447,1.196
1750844754736,2025-06-25T12:45:54.736,21.970,-0.689,0.490,1.241
1750844754746,2025-06-25T12:45:54.746,21.980,-0.694,0.514,1.318
1750844754756,2025-06-25T12:45:54.756,21.990,-0.646,0.531,1.399
1750844754766,2025-06-25T12:45:54.766,22.000,-0.517,0.522,1.516
1750844754776,2025-06-25T12:45:54.776,22.010,-0.377,0.524,1.652
1750844754786,2025-06-25T12:45:54.786,22.020,-0.311,0.551,1.732
1750844754796,2025-06-25T12:45:54.796,22.030,-0.330,0.584,1.758
1750844754806,2025-06-25T12:45:54.806,22.040,-0.391,0.617,1.762
1750844754816,2025-06-25T12:45:54.816,22.050,-0.389,0.642,1.757
1750844754826,2025-06-25T12:45:54.826,22.060,-0.311,0.647,1.788
1750844754836,2025-06-25T12:45:54.836,22.070,-0.216,0.632,1.831
1750844754846,2025-06-25T12:45:54.846,22.080,-0.096,0.612,1.834
1750844754856,2025-06-25T12:45:54.856,22.090,0.021,0.611,1.812
1750844754866,2025-06-25T12:45:54.866,22.100,0.083,0.616,1.764
1750844754876,2025-06-25T12:45:54.876,22.110,0.139,0.612,1.691
1750844754886,2025-06-25T12:45:54.886,22.120,0.236,0.613,1.632
1750844754896,2025-06-25T12:45:54.896,22.130,0.428,0.593,1.636
1750844754906,2025-06-25T12:45:54.906,22.140,0.716,0.519,1.646
1750844754916,2025-06-25T12:45:54.916,22.150,0.876,0.428,1.635
1750844754926,2025-06-25T12:45:54.926,22.160,0.889,0.355,1.577
1750844754936,2025-06-25T12:45:54.936,22.170,0.753,0.318,1.496
1750844754946,2025-06-25T12:45:54.946,22.180,0.606,0.302,1.439
1750844754956,2025-06-25T12:45:54.956,22.190,0.543,0.276,1.451
1750844754966,2025-06-25T12:45:54.966,22.200,0.504,0.248,1.438
1750844754976,2025-06-25T12:45:54.976,22.210,0.537,0.240,1.369
1750844754986,2025-06-25T12:45:54.986,22.220,0.588,0.238,1.306
1750844754996,2025-06-25T12:45:54.996,22.230,0.629,0.217,1.247
1750844755006,2025-06-25T12:45:55.006,22.240,0.650,0.192,1.170
1750844755016,2025-06-25T12:45:55.016,22.250,0.635,0.186,1.095
1750844755026,2025-06-25T12:45:55.026,22.260,0.589,0.167,1.036
1750844755036,2025-06-25T12:45:55.036,22.270,0.519,0.140,0.964
1750844755046,2025-06-25T12:45:55.046,22.280,0.473,0.125,0.878
1750844755056,2025-06-25T12:45:55.056,22.290,0.431,0.100,0.798
1750844755066,2025-06-25T12:45:55.066,22.300,0.394,0.087,0.728
1750844755076,2025-06-25T12:45:55.076,22.310,0.388,0.083,0.650
1750844755086,2025-06-25T12:45:55.086,22.320,0.383,0.069,0.579
1750844755096,2025-06-25T12:45:55.096,22.330,0.386,0.057,0.514
1750844755106,2025-06-25T12:45:55.106,22.340,0.375,0.040,0.440
1750844755116,2025-06-25T12:45:55.116,22.350,0.314,0.017,0.363
1750844755126,2025-06-25T12:45:55.126,22.360,0.255,-0.000,0.284
1750844755136,2025-06-25T12:45:55.136,22.370,0.204,-0.040,0.196
1750844755146,2025-06-25T12:45:55.146,22.380,0.144,-0.065,0.176
1750844755156,2025-06-25T12:45:55.156,22.390,0.092,-0.084,0.251
1750844755166,2025-06-25T12:45:55.166,22.400,0.040,-0.098,0.396
1750844755176,2025-06-25T12:45:55.176,22.410,-0.045,-0.089,0.482
1750844755186,2025-06-25T12:45:55.186,22.420,-0.099,-0.089,0.516
1750844755196,2025-06-25T12:45:55.196,22.430,-0.212,-0.101,0.589
1750844755206,2025-06-25T12:45:55.206,22.440,-0.297,-0.120,0.674
1750844755216,2025-06-25T12:45:55.216,22.450,-0.349,-0.123,0.702
1750844755226,2025-06-25T12:45:55.226,22.460,-0.456,-0.087,0.722
1750844755236,2025-06-25T12:45:55.236,22.470,-0.604,-0.027,0.746
1750844755246,2025-06-25T12:45:55.246,22.480,-0.693,0.032,0.804
1750844755256,2025-06-25T12:45:55.256,22.490,-0.691,0.082,0.912
1750844755266,2025-06-25T12:45:55.266,22.500,-0.583,0.084,1.030
1750844755276,2025-06-25T12:45:55.276,22.510,-0.424,0.062,1.100
1750844755286,2025-06-25T12:45:55.286,22.520,-0.348,0.064,1.125
1750844755296,2025-06-25T12:45:55.296,22.530,-0.361,0.072,1.122
1750844755306,2025-06-25T12:45:55.306,22.540,-0.357,0.080,1.095
1750844755316,2025-06-25T12:45:55.316,22.550,-0.312,0.077,1.055
1750844755326,2025-06-25T12:45:55.326,22.560,-0.270,0.072,0.997
1750844755336,2025-06-25T12:45:55.336,22.570,-0.285,0.065,0.923
1750844755346,2025-06-25T12:45:55.346,22.580,-0.289,0.055,0.855
1750844755356,2025-06-25T12:45:55.356,22.590,-0.240,0.039,0.828
1750844755366,2025-06-25T12:45:55.366,22.600,-0.185,0.035,0.806
1750844755376,2025-06-25T12:45:55.376,22.610,-0.147,0.026,0.760
1750844755386,2025-06-25T12:45:55.386,22.620,-0.123,0.019,0.697
1750844755396,2025-06-25T12:45:55.396,22.630,-0.120,0.015,0.639
1750844755406,2025-06-25T12:45:55.406,22.640,-0.113,0.012,0.593
1750844755416,2025-06-25T12:45:55.416,22.650,-0.110,0.003,0.559
1750844755426,2025-06-25T12:45:55.426,22.660,-0.129,-0.003,0.521
1750844755436,2025-06-25T12:45:55.436,22.670,-0.139,-0.006,0.490
1750844755446,2025-06-25T12:45:55.446,22.680,-0.169,0.017,0.484
1750844755456,2025-06-25T12:45:55.456,22.690,-0.218,0.039,0.519
1750844755466,2025-06-25T12:45:55.466,22.700,-0.248,0.043,0.542
1750844755476,2025-06-25T12:45:55.476,22.710,-0.311,0.066,0.549
1750844755486,2025-06-25T12:45:55.486,22.720,-0.376,0.088,0.550
1750844755496,2025-06-25T12:45:55.496,22.730,-0.396,0.115,0.550
1750844755506,2025-06-25T12:45:55.506,22.740,-0.424,0.170,0.602
1750844755516,2025-06-25T12:45:55.516,22.750,-0.430,0.240,0.708
1750844755526,2025-06-25T12:45:55.526,22.760,-0.457,0.300,0.828
1750844755536,2025-06-25T12:45:55.536,22.770,-0.544,0.341,0.896
1750844755546,2025-06-25T12:45:55.546,22.780,-0.613,0.378,0.919
1750844755556,2025-06-25T12:45:55.556,22.790,-0.620,0.404,0.950
1750844755566,2025-06-25T12:45:55.566,22.800,-0.626,0.419,1.032
1750844755576,2025-06-25T12:45:55.576,22.810,-0.678,0.448,1.117
1750844755586,2025-06-25T12:45:55.586,22.820,-0.682,0.485,1.185
1750844755596,2025-06-25T12:45:55.596,22.830,-0.632,0.514,1.255
1750844755606,2025-06-25T12:45:55.606,22.840,-0.561,0.532,1.357
1750844755616,2025-06-25T12:45:55.616,22.850,-0.488,0.545,1.476
1750844755626,2025-06-25T12:45:55.626,22.860,-0.484,0.557,1.571
1750844755636,2025-06-25T12:45:55.636,22.870,-0.497,0.567,1.614
1750844755646,2025-06-25T12:45:55.646,22.880,-0.467,0.573,1.649
1750844755656,2025-06-25T12:45:55.656,22.890,-0.425,0.585,1.665
1750844755666,2025-06-25T12:45:55.666,22.900,-0.391,0.604,1.696
1750844755676,2025-06-25T12:45:55.676,22.910,-0.383,0.617,1.751
1750844755686,2025-06-25T12:45:55.686,22.920,-0.331,0.615,1.827
1750844755696,2025-06-25T12:45:55.696,22.930,-0.232,0.614,1.842
1750844755706,2025-06-25T12:45:55.706,22.940,-0.093,0.625,1.807
1750844755716,2025-06-25T12:45:55.716,22.950,0.028,0.612,1.788
1750844755726,2025-06-25T12:45:55.726,22.960,0.068,0.601,1.771
1750844755736,2025-06-25T12:45:55.736,22.970,0.112,0.586,1.733
1750844755746,2025-06-25T12:45:55.746,22.980,0.223,0.551,1.704
1750844755756,2025-06-25T12:45:55.756,22.990,0.386,0.498,1.689
1750844755766,2025-06-25T12:45:55.766,23.000,0.539,0.450,1.655
1750844755776,2025-06-25T12:45:55.776,23.010,0.638,0.421,1.598
1750844755786,2025-06-25T12:45:55.786,23.020,0.692,0.398,1.552
1750844755796,2025-06-25T12:45:55.796,23.030,0.738,0.351,1.514
1750844755806,2025-06-25T12:45:55.806,23.040,0.786,0.284,1.490
1750844755816,2025-06-25T12:45:55.816,23.050,0.804,0.229,1.466
1750844755826,2025-06-25T12:45:55.826,23.060,0.779,0.183,1.426
1750844755836,2025-06-25T12:45:55.836,23.070,0.743,0.145,1.381
1750844755846,2025-06-25T12:45:55.846,23.080,0.711,0.111,1.345
1750844755856,2025-06-25T12:45:55.856,23.090,0.714,0.077,1.290
1750844755866,2025-06-25T12:45:55.866,23.100,0.709,0.059,1.218
1750844755876,2025-06-25T12:45:55.876,23.110,0.677,0.072,1.117
1750844755886,2025-06-25T12:45:55.886,23.120,0.644,0.089,0.995
1750844755896,2025-06-25T12:45:55.896,23.130,0.578,0.111,0.877
1750844755906,2025-06-25T12:45:55.906,23.140,0.499,0.130,0.770
1750844755916,2025-06-25T12:45:55.916,23.150,0.459,0.127,0.678
1750844755926,2025-06-25T12:45:55.926,23.160,0.438,0.109,0.587
1750844755936,2025-06-25T12:45:55.936,23.170,0.412,0.098,0.501
1750844755946,2025-06-25T12:45:55.946,23.180,0.384,0.088,0.397
1750844755956,2025-06-25T12:45:55.956,23.190,0.378,0.072,0.303
1750844755966,2025-06-25T12:45:55.966,23.200,0.357,0.057,0.203
1750844755976,2025-06-25T12:45:55.976,23.210,0.301,0.041,0.096
1750844755986,2025-06-25T12:45:55.986,23.220,0.178,0.007,0.007
1750844755996,2025-06-25T12:45:55.996,23.230,0.034,-0.056,-0.018
1750844756006,2025-06-25T12:45:56.006,23.240,-0.105,-0.094,0.094
1750844756016,2025-06-25T12:45:56.016,23.250,-0.211,-0.111,0.225
1750844756026,2025-06-25T12:45:56.026,23.260,-0.278,-0.133,0.294
1750844756036,2025-06-25T12:45:56.036,23.270,-0.415,-0.141,0.331
1750844756046,2025-06-25T12:45:56.046,23.280,-0.592,-0.148,0.406
1750844756056,2025-06-25T12:45:56.056,23.290,-0.707,-0.151,0.502
1750844756066,2025-06-25T12:45:56.066,23.300,-0.707,-0.134,0.576
1750844756076,2025-06-25T12:45:56.076,23.310,-0.620,-0.095,0.660
1750844756086,2025-06-25T12:45:56.086,23.320,-0.562,-0.029,0.782
1750844756096,2025-06-25T12:45:56.096,23.330,-0.577,0.019,0.891
1750844756106,2025-06-25T12:45:56.106,23.340,-0.556,0.033,0.975
1750844756116,2025-06-25T12:45:56.116,23.350,-0.504,0.053,1.037
1750844756126,2025-06-25T12:45:56.126,23.360,-0.508,0.079,1.053
1750844756136,2025-06-25T12:45:56.136,23.370,-0.512,0.078,1.042
1750844756146,2025-06-25T12:45:56.146,23.380,-0.546,0.081,1.065
1750844756156,2025-06-25T12:45:56.156,23.390,-0.517,0.075,1.105
1750844756166,2025-06-25T12:45:56.166,23.400,-0.483,0.081,1.109
1750844756176,2025-06-25T12:45:56.176,23.410,-0.463,0.097,1.092
1750844756186,2025-06-25T12:45:56.186,23.420,-0.441,0.100,1.088
1750844756196,2025-06-25T12:45:56.196,23.430,-0.396,0.091,1.083
1750844756206,2025-06-25T12:45:56.206,23.440,-0.353,0.075,1.057
1750844756216,2025-06-25T12:45:56.216,23.450,-0.356,0.057,1.029
1750844756226,2025-06-25T12:45:56.226,23.460,-0.366,0.050,1.010
1750844756236,2025-06-25T12:45:56.236,23.470,-0.344,0.046,0.975
1750844756246,2025-06-25T12:45:56.246,23.480,-0.318,0.042,0.941
1750844756256,2025-06-25T12:45:56.256,23.490,-0.324,0.044,0.890
1750844756266,2025-06-25T12:45:56.266,23.500,-0.310,0.032,0.825
1750844756276,2025-06-25T12:45:56.276,23.510,-0.284,0.024,0.762
1750844756286,2025-06-25T12:45:56.286,23.520,-0.237,0.026,0.703
1750844756296,2025-06-25T12:45:56.296,23.530,-0.190,0.022,0.621
1750844756306,2025-06-25T12:45:56.306,23.540,-0.172,0.017,0.534
1750844756316,2025-06-25T12:45:56.316,23.550,-0.143,0.017,0.480
1750844756326,2025-06-25T12:45:56.326,23.560,-0.139,0.043,0.414
1750844756336,2025-06-25T12:45:56.336,23.570,-0.147,0.071,0.362
1750844756346,2025-06-25T12:45:56.346,23.580,-0.168,0.099,0.379
1750844756356,2025-06-25T12:45:56.356,23.590,-0.208,0.100,0.394
1750844756366,2025-06-25T12:45:56.366,23.600,-0.263,0.084,0.391
1750844756376,2025-06-25T12:45:56.376,23.610,-0.364,0.082,0.405
1750844756386,2025-06-25T12:45:56.386,23.620,-0.473,0.083,0.460
1750844756396,2025-06-25T12:45:56.396,23.630,-0.472,0.112,0.595
1750844756406,2025-06-25T12:45:56.406,23.640,-0.417,0.160,0.734
1750844756416,2025-06-25T12:45:56.416,23.650,-0.419,0.206,0.829
1750844756426,2025-06-25T12:45:56.426,23.660,-0.516,0.251,0.899
1750844756436,2025-06-25T12:45:56.436,23.670,-0.662,0.306,0.995
1750844756446,2025-06-25T12:45:56.446,23.680,-0.760,0.368,1.083
1750844756456,2025-06-25T12:45:56.456,23.690,-0.800,0.433,1.162
1750844756466,2025-06-25T12:45:56.466,23.700,-0.787,0.478,1.292
1750844756476,2025-06-25T12:45:56.476,23.710,-0.675,0.502,1.430
1750844756486,2025-06-25T12:45:56.486,23.720,-0.537,0.518,1.516
1750844756496,2025-06-25T12:45:56.496,23.730,-0.475,0.542,1.580
1750844756506,2025-06-25T12:45:56.506,23.740,-0.480,0.565,1.646
1750844756516,2025-06-25T12:45:56.516,23.750,-0.500,0.599,1.706
1750844756526,2025-06-25T12:45:56.526,23.760,-0.527,0.634,1.736
1750844756536,2025-06-25T12:45:56.536,23.770,-0.544,0.656,1.741
1750844756546,2025-06-25T12:45:56.546,23.780,-0.549,0.666,1.739
1750844756556,2025-06-25T12:45:56.556,23.790,-0.484,0.666,1.737
1750844756566,2025-06-25T12:45:56.566,23.800,-0.337,0.639,1.751
1750844756576,2025-06-25T12:45:56.576,23.810,-0.208,0.607,1.770
1750844756586,2025-06-25T12:45:56.586,23.820,-0.110,0.580,1.775
1750844756596,2025-06-25T12:45:56.596,23.830,-0.021,0.564,1.740
1750844756606,2025-06-25T12:45:56.606,23.840,0.036,0.548,1.699
1750844756616,2025-06-25T12:45:56.616,23.850,0.089,0.537,1.662
1750844756626,2025-06-25T12:45:56.626,23.860,0.170,0.516,1.628
1750844756636,2025-06-25T12:45:56.636,23.870,0.254,0.479,1.596
1750844756646,2025-06-25T12:45:56.646,23.880,0.338,0.423,1.580
1750844756656,2025-06-25T12:45:56.656,23.890,0.421,0.356,1.562
1750844756666,2025-06-25T12:45:56.666,23.900,0.487,0.302,1.534
1750844756676,2025-06-25T12:45:56.676,23.910,0.544,0.257,1.479
1750844756686,2025-06-25T12:45:56.686,23.920,0.598,0.222,1.410
1750844756696,2025-06-25T12:45:56.696,23.930,0.621,0.209,1.329
1750844756706,2025-06-25T12:45:56.706,23.940,0.623,0.191,1.239
1750844756716,2025-06-25T12:45:56.716,23.950,0.629,0.145,1.183
1750844756726,2025-06-25T12:45:56.726,23.960,0.655,0.083,1.151
1750844756736,2025-06-25T12:45:56.736,23.970,0.673,0.039,1.079
1750844756746,2025-06-25T12:45:56.746,23.980,0.665,0.030,0.991
1750844756756,2025-06-25T12:45:56.756,23.990,0.611,0.041,0.902
1750844756766,2025-06-25T12:45:56.766,24.000,0.551,0.041,0.830
1750844756776,2025-06-25T12:45:56.776,24.010,0.516,0.024,0.750
1750844756786,2025-06-25T12:45:56.786,24.020,0.503,0.013,0.660
1750844756796,2025-06-25T12:45:56.796,24.030,0.489,0.009,0.578
1750844756806,2025-06-25T12:45:56.806,24.040,0.459,0.003,0.513
1750844756816,2025-06-25T12:45:56.816,24.050,0.421,-0.008,0.425
1750844756826,2025-06-25T12:45:56.826,24.060,0.396,-0.002,0.344
1750844756836,2025-06-25T12:45:56.836,24.070,0.355,0.015,0.287
1750844756846,2025-06-25T12:45:56.846,24.080,0.269,0.007,0.209
1750844756856,2025-06-25T12:45:56.856,24.090,0.126,-0.023,0.098
1750844756866,2025-06-25T12:45:56.866,24.100,0.020,-0.056,0.091
1750844756876,2025-06-25T12:45:56.876,24.110,-0.066,-0.072,0.190
1750844756886,2025-06-25T12:45:56.886,24.120,-0.175,-0.056,0.318
1750844756896,2025-06-25T12:45:56.896,24.130,-0.244,-0.060,0.405
1750844756906,2025-06-25T12:45:56.906,24.140,-0.359,-0.091,0.448
1750844756916,2025-06-25T12:45:56.916,24.150,-0.535,-0.095,0.507
1750844756926,2025-06-25T12:45:56.926,24.160,-0.695,-0.090,0.566
1750844756936,2025-06-25T12:45:56.936,24.170,-0.795,-0.085,0.624
1750844756946,2025-06-25T12:45:56.946,24.180,-0.731,-0.054,0.715
1750844756956,2025-06-25T12:45:56.956,24.190,-0.596,-0.009,0.828
1750844756966,2025-06-25T12:45:56.966,24.200,-0.542,0.046,0.936
1750844756976,2025-06-25T12:45:56.976,24.210,-0.524,0.096,1.018
1750844756986,2025-06-25T12:45:56.986,24.220,-0.527,0.117,1.092
1750844756996,2025-06-25T12:45:56.996,24.230,-0.547,0.110,1.104
1750844757006,2025-06-25T12:45:57.006,24.240,-0.538,0.087,1.106
1750844757016,2025-06-25T12:45:57.016,24.250,-0.498,0.078,1.130
1750844757026,2025-06-25T12:45:57.026,24.260,-0.460,0.082,1.134
1750844757036,2025-06-25T12:45:57.036,24.270,-0.429,0.084,1.135
1750844757046,2025-06-25T12:45:57.046,24.280,-0.387,0.087,1.134
1750844757056,2025-06-25T12:45:57.056,24.290,-0.341,0.093,1.118
1750844757066,2025-06-25T12:45:57.066,24.300,-0.315,0.101,1.089
1750844757076,2025-06-25T12:45:57.076,24.310,-0.326,0.100,1.057
1750844757086,2025-06-25T12:45:57.086,24.320,-0.335,0.087,1.012
1750844757096,2025-06-25T12:45:57.096,24.330,-0.307,0.073,0.977
1750844757106,2025-06-25T12:45:57.106,24.340,-0.301,0.069,0.942
1750844757116,2025-06-25T12:45:57.116,24.350,-0.333,0.079,0.884
1750844757126,2025-06-25T12:45:57.126,24.360,-0.341,0.077,0.812
1750844757136,2025-06-25T12:45:57.136,24.370,-0.315,0.067,0.731
1750844757146,2025-06-25T12:45:57.146,24.380,-0.299,0.062,0.632
1750844757156,2025-06-25T12:45:57.156,24.390,-0.264,0.060,0.549
1750844757166,2025-06-25T12:45:57.166,24.400,-0.240,0.067,0.461
1750844757176,2025-06-25T12:45:57.176,24.410,-0.232,0.080,0.361
1750844757186,2025-06-25T12:45:57.186,24.420,-0.179,0.085,0.336
1750844757196,2025-06-25T12:45:57.196,24.430,-0.206,0.099,0.415
1750844757206,2025-06-25T12:45:57.206,24.440,-0.269,0.083,0.466
1750844757216,2025-06-25T12:45:57.216,24.450,-0.262,0.054,0.477
1750844757226,2025-06-25T12:45:57.226,24.460,-0.285,0.069,0.542
1750844757236,2025-06-25T12:45:57.236,24.470,-0.355,0.103,0.672
1750844757246,2025-06-25T12:45:57.246,24.480,-0.360,0.142,0.808
1750844757256,2025-06-25T12:45:57.256,24.490,-0.387,0.195,0.927
1750844757266,2025-06-25T12:45:57.266,24.500,-0.469,0.250,1.035
1750844757276,2025-06-25T12:45:57.276,24.510,-0.509,0.298,1.124
1750844757286,2025-06-25T12:45:57.286,24.520,-0.552,0.336,1.223
1750844757296,2025-06-25T12:45:57.296,24.530,-0.557,0.366,1.370
1750844757306,2025-06-25T12:45:57.306,24.540,-0.473,0.396,1.529
1750844757316,2025-06-25T12:45:57.316,24.550,-0.367,0.454,1.651
1750844757326,2025-06-25T12:45:57.326,24.560,-0.327,0.502,1.706
1750844757336,2025-06-25T12:45:57.336,24.570,-0.348,0.544,1.705
1750844757346,2025-06-25T12:45:57.346,24.580,-0.374,0.573,1.709
1750844757356,2025-06-25T12:45:57.356,24.590,-0.342,0.586,1.726
1750844757366,2025-06-25T12:45:57.366,24.600,-0.262,0.591,1.759
1750844757376,2025-06-25T12:45:57.376,24.610,-0.141,0.575,1.797
1750844757386,2025-06-25T12:45:57.386,24.620,-0.007,0.554,1.803
1750844757396,2025-06-25T12:45:57.396,24.630,0.049,0.542,1.779
1750844757406,2025-06-25T12:45:57.406,24.640,0.056,0.532,1.743
1750844757416,2025-06-25T12:45:57.416,24.650,0.076,0.516,1.703
1750844757426,2025-06-25T12:45:57.426,24.660,0.154,0.481,1.661
1750844757436,2025-06-25T12:45:57.436,24.670,0.292,0.441,1.634
1750844757446,2025-06-25T12:45:57.446,24.680,0.424,0.396,1.613
1750844757456,2025-06-25T12:45:57.456,24.690,0.517,0.354,1.555
1750844757466,2025-06-25T12:45:57.466,24.700,0.548,0.315,1.486
1750844757476,2025-06-25T12:45:57.476,24.710,0.534,0.292,1.432
1750844757486,2025-06-25T12:45:57.486,24.720,0.540,0.252,1.369
1750844757496,2025-06-25T12:45:57.496,24.730,0.538,0.211,1.312
1750844757506,2025-06-25T12:45:57.506,24.740,0.541,0.183,1.253
1750844757516,2025-06-25T12:45:57.516,24.750,0.572,0.167,1.202
1750844757526,2025-06-25T12:45:57.526,24.760,0.625,0.150,1.166
1750844757536,2025-06-25T12:45:57.536,24.770,0.650,0.117,1.125
1750844757546,2025-06-25T12:45:57.546,24.780,0.652,0.086,1.077
1750844757556,2025-06-25T12:45:57.556,24.790,0.651,0.061,1.018
1750844757566,2025-06-25T12:45:57.566,24.800,0.649,0.028,0.971
1750844757576,2025-06-25T12:45:57.576,24.810,0.625,0.004,0.917
1750844757586,2025-06-25T12:45:57.586,24.820,0.575,-0.016,0.856
1750844757596,2025-06-25T12:45:57.596,24.830,0.525,-0.035,0.808
1750844757606,2025-06-25T12:45:57.606,24.840,0.519,-0.064,0.766
1750844757616,2025-06-25T12:45:57.616,24.850,0.504,-0.077,0.709
1750844757626,2025-06-25T12:45:57.626,24.860,0.482,-0.063,0.647
1750844757636,2025-06-25T12:45:57.636,24.870,0.458,-0.058,0.587
1750844757646,2025-06-25T12:45:57.646,24.880,0.430,-0.070,0.535
1750844757656,2025-06-25T12:45:57.656,24.890,0.404,-0.079,0.478
1750844757666,2025-06-25T12:45:57.666,24.900,0.376,-0.080,0.421
1750844757676,2025-06-25T12:45:57.676,24.910,0.332,-0.078,0.366
1750844757686,2025-06-25T12:45:57.686,24.920,0.276,-0.072,0.319
1750844757696,2025-06-25T12:45:57.696,24.930,0.185,-0.065,0.318
1750844757706,2025-06-25T12:45:57.706,24.940,0.052,-0.078,0.379
1750844757716,2025-06-25T12:45:57.716,24.950,-0.111,-0.077,0.485
1750844757726,2025-06-25T12:45:57.726,24.960,-0.207,-0.080,0.559
1750844757736,2025-06-25T12:45:57.736,24.970,-0.309,-0.111,0.574
1750844757746,2025-06-25T12:45:57.746,24.980,-0.382,-0.131,0.614
1750844757756,2025-06-25T12:45:57.756,24.990,-0.422,-0.106,0.697
1750844757766,2025-06-25T12:45:57.766,25.000,-0.511,-0.038,0.795
1750844757776,2025-06-25T12:45:57.776,25.010,-0.627,0.024,0.861
1750844757786,2025-06-25T12:45:57.786,25.020,-0.638,0.049,0.918
1750844757796,2025-06-25T12:45:57.796,25.030,-0.566,0.053,1.008
1750844757806,2025-06-25T12:45:57.806,25.040,-0.496,0.063,1.082
1750844757816,2025-06-25T12:45:57.816,25.050,-0.462,0.079,1.101
1750844757826,2025-06-25T12:45:57.826,25.060,-0.441,0.085,1.081
1750844757836,2025-06-25T12:45:57.836,25.070,-0.406,0.087,1.044
1750844757846,2025-06-25T12:45:57.846,25.080,-0.375,0.087,1.005
1750844757856,2025-06-25T12:45:57.856,25.090,-0.360,0.077,0.986
1750844757866,2025-06-25T12:45:57.866,25.100,-0.367,0.056,0.953
1750844757876,2025-06-25T12:45:57.876,25.110,-0.348,0.028,0.914
1750844757886,2025-06-25T12:45:57.886,25.120,-0.329,0.014,0.868
1750844757896,2025-06-25T12:45:57.896,25.130,-0.317,0.018,0.825
1750844757906,2025-06-25T12:45:57.906,25.140,-0.294,0.019,0.759
1750844757916,2025-06-25T12:45:57.916,25.150,-0.278,0.014,0.674
1750844757926,2025-06-25T12:45:57.926,25.160,-0.267,0.018,0.611
1750844757936,2025-06-25T12:45:57.936,25.170,-0.250,0.014,0.559
1750844757946,2025-06-25T12:45:57.946,25.180,-0.242,0.010,0.513
1750844757956,2025-06-25T12:45:57.956,25.190,-0.265,-0.021,0.515
1750844757966,2025-06-25T12:45:57.966,25.200,-0.222,-0.070,0.519
1750844757976,2025-06-25T12:45:57.976,25.210,-0.158,-0.078,0.506
1750844757986,2025-06-25T12:45:57.986,25.220,-0.186,-0.044,0.531
1750844757996,2025-06-25T12:45:57.996,25.230,-0.215,-0.014,0.587
1750844758006,2025-06-25T12:45:58.006,25.240,-0.267,0.032,0.601
1750844758016,2025-06-25T12:45:58.016,25.250,-0.358,0.095,0.601
1750844758026,2025-06-25T12:45:58.026,25.260,-0.404,0.140,0.629
1750844758036,2025-06-25T12:45:58.036,25.270,-0.394,0.175,0.661
1750844758046,2025-06-25T12:45:58.046,25.280,-0.392,0.219,0.708
1750844758056,2025-06-25T12:45:58.056,25.290,-0.394,0.254,0.806
1750844758066,2025-06-25T12:45:58.066,25.300,-0.357,0.276,0.877
1750844758076,2025-06-25T12:45:58.076,25.310,-0.368,0.294,0.923
1750844758086,2025-06-25T12:45:58.086,25.320,-0.401,0.316,1.010
1750844758096,2025-06-25T12:45:58.096,25.330,-0.447,0.334,1.091
1750844758106,2025-06-25T12:45:58.106,25.340,-0.478,0.367,1.151
1750844758116,2025-06-25T12:45:58.116,25.350,-0.482,0.424,1.217
1750844758126,2025-06-25T12:45:58.126,25.360,-0.450,0.461,1.316
1750844758136,2025-06-25T12:45:58.136,25.370,-0.410,0.488,1.438
1750844758146,2025-06-25T12:45:58.146,25.380,-0.328,0.503,1.550
1750844758156,2025-06-25T12:45:58.156,25.390,-0.251,0.516,1.650
1750844758166,2025-06-25T12:45:58.166,25.400,-0.208,0.542,1.725
1750844758176,2025-06-25T12:45:58.176,25.410,-0.208,0.573,1.758
1750844758186,2025-06-25T12:45:58.186,25.420,-0.206,0.594,1.757
1750844758196,2025-06-25T12:45:58.196,25.430,-0.188,0.604,1.780
1750844758206,2025-06-25T12:45:58.206,25.440,-0.113,0.576,1.830
1750844758216,2025-06-25T12:45:58.216,25.450,0.028,0.545,1.865
1750844758226,2025-06-25T12:45:58.226,25.460,0.142,0.535,1.905
1750844758236,2025-06-25T12:45:58.236,25.470,0.215,0.525,1.902
1750844758246,2025-06-25T12:45:58.246,25.480,0.266,0.527,1.855
1750844758256,2025-06-25T12:45:58.256,25.490,0.311,0.525,1.809
1750844758266,2025-06-25T12:45:58.266,25.500,0.391,0.508,1.775
1750844758276,2025-06-25T12:45:58.276,25.510,0.464,0.475,1.725
1750844758286,2025-06-25T12:45:58.286,25.520,0.523,0.450,1.655
1750844758296,2025-06-25T12:45:58.296,25.530,0.584,0.425,1.589
1750844758306,2025-06-25T12:45:58.306,25.540,0.617,0.380,1.547
1750844758316,2025-06-25T12:45:58.316,25.550,0.629,0.328,1.487
1750844758326,2025-06-25T12:45:58.326,25.560,0.640,0.278,1.442
1750844758336,2025-06-25T12:45:58.336,25.570,0.629,0.233,1.396
1750844758346,2025-06-25T12:45:58.346,25.580,0.610,0.202,1.340
1750844758356,2025-06-25T12:45:58.356,25.590,0.601,0.172,1.271
1750844758366,2025-06-25T12:45:58.366,25.600,0.601,0.160,1.203
1750844758376,2025-06-25T12:45:58.376,25.610,0.611,0.152,1.126
1750844758386,2025-06-25T12:45:58.386,25.620,0.618,0.125,1.057
1750844758396,2025-06-25T12:45:58.396,25.630,0.620,0.082,1.011
1750844758406,2025-06-25T12:45:58.406,25.640,0.618,0.047,0.958
1750844758416,2025-06-25T12:45:58.416,25.650,0.597,0.028,0.879
1750844758426,2025-06-25T12:45:58.426,25.660,0.555,0.016,0.818
1750844758436,2025-06-25T12:45:58.436,25.670,0.519,0.005,0.744
1750844758446,2025-06-25T12:45:58.446,25.680,0.500,-0.004,0.666
1750844758456,2025-06-25T12:45:58.456,25.690,0.481,-0.008,0.596
1750844758466,2025-06-25T12:45:58.466,25.700,0.452,-0.006,0.530
1750844758476,2025-06-25T12:45:58.476,25.710,0.418,-0.011,0.463
1750844758486,2025-06-25T12:45:58.486,25.720,0.395,-0.023,0.398
1750844758496,2025-06-25T12:45:58.496,25.730,0.345,-0.042,0.319
1750844758506,2025-06-25T12:45:58.506,25.740,0.288,-0.046,0.243
1750844758516,2025-06-25T12:45:58.516,25.750,0.207,-0.049,0.188
1750844758526,2025-06-25T12:45:58.526,25.760,0.060,-0.067,0.196
1750844758536,2025-06-25T12:45:58.536,25.770,-0.077,-0.081,0.326
1750844758546,2025-06-25T12:45:58.546,25.780,-0.166,-0.090,0.481
1750844758556,2025-06-25T12:45:58.556,25.790,-0.190,-0.111,0.527
1750844758566,2025-06-25T12:45:58.566,25.800,-0.268,-0.134,0.532
1750844758576,2025-06-25T12:45:58.576,25.810,-0.454,-0.130,0.557
1750844758586,2025-06-25T12:45:58.586,25.820,-0.621,-0.130,0.571
1750844758596,2025-06-25T12:45:58.596,25.830,-0.650,-0.142,0.618
1750844758606,2025-06-25T12:45:58.606,25.840,-0.602,-0.109,0.718
1750844758616,2025-06-25T12:45:58.616,25.850,-0.583,-0.060,0.840
1750844758626,2025-06-25T12:45:58.626,25.860,-0.543,-0.017,0.923
1750844758636,2025-06-25T12:45:58.636,25.870,-0.537,0.019,0.981
1750844758646,2025-06-25T12:45:58.646,25.880,-0.516,0.021,1.017
1750844758656,2025-06-25T12:45:58.656,25.890,-0.468,0.021,1.029
1750844758666,2025-06-25T12:45:58.666,25.900,-0.454,0.042,1.001
1750844758676,2025-06-25T12:45:58.676,25.910,-0.455,0.051,0.967
1750844758686,2025-06-25T12:45:58.686,25.920,-0.426,0.040,0.950
1750844758696,2025-06-25T12:45:58.696,25.930,-0.396,0.032,0.926
1750844758706,2025-06-25T12:45:58.706,25.940,-0.387,0.028,0.882
1750844758716,2025-06-25T12:45:58.716,25.950,-0.357,0.017,0.840
1750844758726,2025-06-25T12:45:58.726,25.960,-0.305,0.003,0.807
1750844758736,2025-06-25T12:45:58.736,25.970,-0.271,0.003,0.762
1750844758746,2025-06-25T12:45:58.746,25.980,-0.250,0.002,0.703
1750844758756,2025-06-25T12:45:58.756,25.990,-0.229,-0.002,0.643
1750844758766,2025-06-25T12:45:58.766,26.000,-0.188,0.002,0.571
1750844758776,2025-06-25T12:45:58.776,26.010,-0.150,0.010,0.505
1750844758786,2025-06-25T12:45:58.786,26.020,-0.123,0.019,0.448
1750844758796,2025-06-25T12:45:58.796,26.030,-0.103,0.028,0.386
1750844758806,2025-06-25T12:45:58.806,26.040,-0.110,0.027,0.342
1750844758816,2025-06-25T12:45:58.816,26.050,-0.139,0.018,0.325
1750844758826,2025-06-25T12:45:58.826,26.060,-0.149,-0.002,0.348
1750844758836,2025-06-25T12:45:58.836,26.070,-0.118,-0.031,0.370
1750844758846,2025-06-25T12:45:58.846,26.080,-0.147,-0.026,0.404
1750844758856,2025-06-25T12:45:58.856,26.090,-0.199,0.007,0.460
1750844758866,2025-06-25T12:45:58.866,26.100,-0.212,0.045,0.528
1750844758876,2025-06-25T12:45:58.876,26.110,-0.261,0.104,0.578
1750844758886,2025-06-25T12:45:58.886,26.120,-0.306,0.180,0.623
1750844758896,2025-06-25T12:45:58.896,26.130,-0.348,0.232,0.734
1750844758906,2025-06-25T12:45:58.906,26.140,-0.417,0.256,0.834
1750844758916,2025-06-25T12:45:58.916,26.150,-0.421,0.288,0.908
1750844758926,2025-06-25T12:45:58.926,26.160,-0.414,0.325,1.007
1750844758936,2025-06-25T12:45:58.936,26.170,-0.402,0.370,1.127
1750844758946,2025-06-25T12:45:58.946,26.180,-0.407,0.413,1.278
1750844758956,2025-06-25T12:45:58.956,26.190,-0.430,0.439,1.451
1750844758966,2025-06-25T12:45:58.966,26.200,-0.434,0.489,1.573
1750844758976,2025-06-25T12:45:58.976,26.210,-0.455,0.554,1.637
1750844758986,2025-06-25T12:45:58.986,26.220,-0.536,0.610,1.674
1750844758996,2025-06-25T12:45:58.996,26.230,-0.558,0.639,1.685
1750844759006,2025-06-25T12:45:59.006,26.240,-0.540,0.664,1.747
1750844759016,2025-06-25T12:45:59.016,26.250,-0.417,0.661,1.824
1750844759026,2025-06-25T12:45:59.026,26.260,-0.233,0.640,1.892
1750844759036,2025-06-25T12:45:59.036,26.270,-0.150,0.628,1.942
1750844759046,2025-06-25T12:45:59.046,26.280,-0.168,0.619,1.964
1750844759056,2025-06-25T12:45:59.056,26.290,-0.208,0.620,1.933
1750844759066,2025-06-25T12:45:59.066,26.300,-0.195,0.633,1.898
1750844759076,2025-06-25T12:45:59.076,26.310,-0.161,0.643,1.884
1750844759086,2025-06-25T12:45:59.086,26.320,-0.104,0.630,1.876
1750844759096,2025-06-25T12:45:59.096,26.330,0.001,0.603,1.863
1750844759106,2025-06-25T12:45:59.106,26.340,0.142,0.572,1.869
1750844759116,2025-06-25T12:45:59.116,26.350,0.246,0.532,1.837
1750844759126,2025-06-25T12:45:59.126,26.360,0.317,0.497,1.759
1750844759136,2025-06-25T12:45:59.136,26.370,0.393,0.480,1.718
1750844759146,2025-06-25T12:45:59.146,26.380,0.435,0.445,1.651
1750844759156,2025-06-25T12:45:59.156,26.390,0.444,0.414,1.559
1750844759166,2025-06-25T12:45:59.166,26.400,0.436,0.407,1.489
1750844759176,2025-06-25T12:45:59.176,26.410,0.415,0.389,1.457
1750844759186,2025-06-25T12:45:59.186,26.420,0.411,0.346,1.441
1750844759196,2025-06-25T12:45:59.196,26.430,0.434,0.312,1.375
1750844759206,2025-06-25T12:45:59.206,26.440,0.440,0.294,1.298
1750844759216,2025-06-25T12:45:59.216,26.450,0.424,0.275,1.235
1750844759226,2025-06-25T12:45:59.226,26.460,0.419,0.237,1.167
1750844759236,2025-06-25T12:45:59.236,26.470,0.418,0.197,1.096
1750844759246,2025-06-25T12:45:59.246,26.480,0.413,0.169,1.039
1750844759256,2025-06-25T12:45:59.256,26.490,0.389,0.149,0.982
1750844759266,2025-06-25T12:45:59.266,26.500,0.361,0.126,0.917
1750844759276,2025-06-25T12:45:59.276,26.510,0.361,0.103,0.823
1750844759286,2025-06-25T12:45:59.286,26.520,0.351,0.090,0.732
1750844759296,2025-06-25T12:45:59.296,26.530,0.329,0.079,0.629
1750844759306,2025-06-25T12:45:59.306,26.540,0.329,0.053,0.537
1750844759316,2025-06-25T12:45:59.316,26.550,0.336,0.030,0.478
1750844759326,2025-06-25T12:45:59.326,26.560,0.334,0.006,0.419
1750844759336,2025-06-25T12:45:59.336,26.570,0.300,-0.023,0.334
1750844759346,2025-06-25T12:45:59.346,26.580,0.287,-0.051,0.250
1750844759356,2025-06-25T12:45:59.356,26.590,0.261,-0.071,0.221
1750844759366,2025-06-25T12:45:59.366,26.600,0.193,-0.092,0.211
1750844759376,2025-06-25T12:45:59.376,26.610,0.145,-0.103,0.194
1750844759386,2025-06-25T12:45:59.386,26.620,0.080,-0.097,0.217
1750844759396,2025-06-25T12:45:59.396,26.630,-0.013,-0.089,0.282
1750844759406,2025-06-25T12:45:59.406,26.640,-0.137,-0.106,0.396
1750844759416,2025-06-25T12:45:59.416,26.650,-0.233,-0.134,0.489
1750844759426,2025-06-25T12:45:59.426,26.660,-0.303,-0.169,0.552
1750844759436,2025-06-25T12:45:59.436,26.670,-0.439,-0.172,0.592
1750844759446,2025-06-25T12:45:59.446,26.680,-0.546,-0.149,0.646
1750844759456,2025-06-25T12:45:59.456,26.690,-0.601,-0.109,0.747
1750844759466,2025-06-25T12:45:59.466,26.700,-0.593,-0.073,0.858
1750844759476,2025-06-25T12:45:59.476,26.710,-0.567,-0.037,0.917
1750844759486,2025-06-25T12:45:59.486,26.720,-0.576,-0.014,0.943
1750844759496,2025-06-25T12:45:59.496,26.730,-0.582,0.012,0.966
1750844759506,2025-06-25T12:45:59.506,26.740,-0.581,0.022,0.986
1750844759516,2025-06-25T12:45:59.516,26.750,-0.545,0.023,1.053
1750844759526,2025-06-25T12:45:59.526,26.760,-0.484,0.013,1.100
1750844759536,2025-06-25T12:45:59.536,26.770,-0.411,0.003,1.104
1750844759546,2025-06-25T12:45:59.546,26.780,-0.375,0.011,1.092
1750844759556,2025-06-25T12:45:59.556,26.790,-0.348,0.016,1.086
1750844759566,2025-06-25T12:45:59.566,26.800,-0.327,0.009,1.052
1750844759576,2025-06-25T12:45:59.576,26.810,-0.303,-0.003,0.996
1750844759586,2025-06-25T12:45:59.586,26.820,-0.277,-0.012,0.942
1750844759596,2025-06-25T12:45:59.596,26.830,-0.256,-0.020,0.882
1750844759606,2025-06-25T12:45:59.606,26.840,-0.237,-0.033,0.821
1750844759616,2025-06-25T12:45:59.616,26.850,-0.203,-0.043,0.770
1750844759626,2025-06-25T12:45:59.626,26.860,-0.201,-0.053,0.698
1750844759636,2025-06-25T12:45:59.636,26.870,-0.213,-0.066,0.629
1750844759646,2025-06-25T12:45:59.646,26.880,-0.178,-0.077,0.583
1750844759656,2025-06-25T12:45:59.656,26.890,-0.146,-0.064,0.515
1750844759666,2025-06-25T12:45:59.666,26.900,-0.118,-0.047,0.433
1750844759676,2025-06-25T12:45:59.676,26.910,-0.089,-0.039,0.358
1750844759686,2025-06-25T12:45:59.686,26.920,-0.043,-0.031,0.297
1750844759696,2025-06-25T12:45:59.696,26.930,0.005,-0.016,0.242
1750844759706,2025-06-25T12:45:59.706,26.940,0.030,0.003,0.196
1750844759716,2025-06-25T12:45:59.716,26.950,-0.008,0.015,0.209
1750844759726,2025-06-25T12:45:59.726,26.960,-0.074,0.014,0.241
1750844759736,2025-06-25T12:45:59.736,26.970,-0.089,0.024,0.285
1750844759746,2025-06-25T12:45:59.746,26.980,-0.151,0.031,0.386
1750844759756,2025-06-25T12:45:59.756,26.990,-0.235,0.049,0.482
1750844759766,2025-06-25T12:45:59.766,27.000,-0.271,0.110,0.560
1750844759776,2025-06-25T12:45:59.776,27.010,-0.303,0.196,0.690
1750844759786,2025-06-25T12:45:59.786,27.020,-0.416,0.256,0.857
1750844759796,2025-06-25T12:45:59.796,27.030,-0.479,0.295,0.967
1750844759806,2025-06-25T12:45:59.806,27.040,-0.503,0.328,1.067
1750844759816,2025-06-25T12:45:59.816,27.050,-0.560,0.365,1.168
1750844759826,2025-06-25T12:45:59.826,27.060,-0.654,0.396,1.295
1750844759836,2025-06-25T12:45:59.836,27.070,-0.682,0.431,1.421
1750844759846,2025-06-25T12:45:59.846,27.080,-0.618,0.501,1.505
1750844759856,2025-06-25T12:45:59.856,27.090,-0.596,0.576,1.586
1750844759866,2025-06-25T12:45:59.866,27.100,-0.603,0.648,1.655
1750844759876,2025-06-25T12:45:59.876,27.110,-0.554,0.696,1.696
1750844759886,2025-06-25T12:45:59.886,27.120,-0.500,0.720,1.743
1750844759896,2025-06-25T12:45:59.896,27.130,-0.445,0.725,1.800
1750844759906,2025-06-25T12:45:59.906,27.140,-0.358,0.706,1.838
1750844759916,2025-06-25T12:45:59.916,27.150,-0.301,0.678,1.848
1750844759926,2025-06-25T12:45:59.926,27.160,-0.272,0.658,1.880
1750844759936,2025-06-25T12:45:59.936,27.170,-0.244,0.626,1.932
1750844759946,2025-06-25T12:45:59.946,27.180,-0.187,0.610,1.937
1750844759956,2025-06-25T12:45:59.956,27.190,-0.117,0.609,1.928
1750844759966,2025-06-25T12:45:59.966,27.200,-0.041,0.599,1.923
1750844759976,2025-06-25T12:45:59.976,27.210,0.049,0.572,1.926
1750844759986,2025-06-25T12:45:59.986,27.220,0.128,0.555,1.909
1750844759996,2025-06-25T12:45:59.996,27.230,0.196,0.546,1.848
1750844760006,2025-06-25T12:46:00.006,27.240,0.270,0.523,1.803
1750844760016,2025-06-25T12:46:00.016,27.250,0.397,0.495,1.809
1750844760026,2025-06-25T12:46:00.026,27.260,0.538,0.445,1.752
1750844760036,2025-06-25T12:46:00.036,27.270,0.603,0.409,1.647
1750844760046,2025-06-25T12:46:00.046,27.280,0.579,0.398,1.545
1750844760056,2025-06-25T12:46:00.056,27.290,0.547,0.374,1.443
1750844760066,2025-06-25T12:46:00.066,27.300,0.529,0.339,1.375
1750844760076,2025-06-25T12:46:00.076,27.310,0.540,0.304,1.332
1750844760086,2025-06-25T12:46:00.086,27.320,0.569,0.256,1.257
1750844760096,2025-06-25T12:46:00.096,27.330,0.566,0.215,1.164
1750844760106,2025-06-25T12:46:00.106,27.340,0.523,0.185,1.076
1750844760116,2025-06-25T12:46:00.116,27.350,0.470,0.157,0.985
1750844760126,2025-06-25T12:46:00.126,27.360,0.423,0.134,0.892
1750844760136,2025-06-25T12:46:00.136,27.370,0.393,0.112,0.808
1750844760146,2025-06-25T12:46:00.146,27.380,0.371,0.098,0.729
1750844760156,2025-06-25T12:46:00.156,27.390,0.344,0.085,0.660
1750844760166,2025-06-25T12:46:00.166,27.400,0.325,0.062,0.585
1750844760176,2025-06-25T12:46:00.176,27.410,0.329,0.042,0.498
1750844760186,2025-06-25T12:46:00.186,27.420,0.339,0.031,0.424
1750844760196,2025-06-25T12:46:00.196,27.430,0.341,0.010,0.364
1750844760206,2025-06-25T12:46:00.206,27.440,0.354,-0.019,0.314
1750844760216,2025-06-25T12:46:00.216,27.450,0.356,-0.048,0.265
1750844760226,2025-06-25T12:46:00.226,27.460,0.336,-0.070,0.202
1750844760236,2025-06-25T12:46:00.236,27.470,0.290,-0.077,0.139
1750844760246,2025-06-25T12:46:00.246,27.480,0.171,-0.090,0.105
1750844760256,2025-06-25T12:46:00.256,27.490,0.057,-0.106,0.115
1750844760266,2025-06-25T12:46:00.266,27.500,-0.021,-0.102,0.164
1750844760276,2025-06-25T12:46:00.276,27.510,-0.124,-0.079,0.283
1750844760286,2025-06-25T12:46:00.286,27.520,-0.247,-0.059,0.430
1750844760296,2025-06-25T12:46:00.296,27.530,-0.359,-0.067,0.512
1750844760306,2025-06-25T12:46:00.306,27.540,-0.385,-0.064,0.630
1750844760316,2025-06-25T12:46:00.316,27.550,-0.475,-0.035,0.776
1750844760326,2025-06-25T12:46:00.326,27.560,-0.637,-0.008,0.857
1750844760336,2025-06-25T12:46:00.336,27.570,-0.744,0.030,0.933
1750844760346,2025-06-25T12:46:00.346,27.580,-0.757,0.083,1.065
1750844760356,2025-06-25T12:46:00.356,27.590,-0.696,0.129,1.186
1750844760366,2025-06-25T12:46:00.366,27.600,-0.592,0.154,1.255
1750844760376,2025-06-25T12:46:00.376,27.610,-0.478,0.151,1.275
1750844760386,2025-06-25T12:46:00.386,27.620,-0.414,0.157,1.259
1750844760396,2025-06-25T12:46:00.396,27.630,-0.389,0.172,1.210
1750844760406,2025-06-25T12:46:00.406,27.640,-0.420,0.173,1.141
1750844760416,2025-06-25T12:46:00.416,27.650,-0.429,0.131,1.092
1750844760426,2025-06-25T12:46:00.426,27.660,-0.347,0.087,1.060
1750844760436,2025-06-25T12:46:00.436,27.670,-0.277,0.075,1.017
1750844760446,2025-06-25T12:46:00.446,27.680,-0.257,0.076,0.970
1750844760456,2025-06-25T12:46:00.456,27.690,-0.243,0.072,0.916
1750844760466,2025-06-25T12:46:00.466,27.700,-0.220,0.048,0.869
1750844760476,2025-06-25T12:46:00.476,27.710,-0.203,0.024,0.822
1750844760486,2025-06-25T12:46:00.486,27.720,-0.175,0.011,0.762
1750844760496,2025-06-25T12:46:00.496,27.730,-0.170,0.016,0.697
1750844760506,2025-06-25T12:46:00.506,27.740,-0.191,0.036,0.628
1750844760516,2025-06-25T12:46:00.516,27.750,-0.209,0.050,0.556
1750844760526,2025-06-25T12:46:00.526,27.760,-0.215,0.066,0.481
1750844760536,2025-06-25T12:46:00.536,27.770,-0.208,0.081,0.404
1750844760546,2025-06-25T12:46:00.546,27.780,-0.209,0.086,0.354
1750844760556,2025-06-25T12:46:00.556,27.790,-0.199,0.084,0.330
1750844760566,2025-06-25T12:46:00.566,27.800,-0.185,0.075,0.370
1750844760576,2025-06-25T12:46:00.576,27.810,-0.148,0.044,0.437
1750844760586,2025-06-25T12:46:00.586,27.820,-0.079,0.030,0.468
1750844760596,2025-06-25T12:46:00.596,27.830,-0.146,0.055,0.549
1750844760606,2025-06-25T12:46:00.606,27.840,-0.277,0.117,0.633
1750844760616,2025-06-25T12:46:00.616,27.850,-0.367,0.198,0.696
1750844760626,2025-06-25T12:46:00.626,27.860,-0.489,0.277,0.752
1750844760636,2025-06-25T12:46:00.636,27.870,-0.591,0.337,0.814
1750844760646,2025-06-25T12:46:00.646,27.880,-0.670,0.390,0.894
1750844760656,2025-06-25T12:46:00.656,27.890,-0.642,0.442,1.015
1750844760666,2025-06-25T12:46:00.666,27.900,-0.505,0.460,1.121
1750844760676,2025-06-25T12:46:00.676,27.910,-0.355,0.455,1.205
1750844760686,2025-06-25T12:46:00.686,27.920,-0.244,0.458,1.320
1750844760696,2025-06-25T12:46:00.696,27.930,-0.211,0.478,1.413
1750844760706,2025-06-25T12:46:00.706,27.940,-0.255,0.511,1.487
1750844760716,2025-06-25T12:46:00.716,27.950,-0.325,0.559,1.568
1750844760726,2025-06-25T12:46:00.726,27.960,-0.380,0.571,1.651
1750844760736,2025-06-25T12:46:00.736,27.970,-0.372,0.537,1.732
1750844760746,2025-06-25T12:46:00.746,27.980,-0.291,0.489,1.830
1750844760756,2025-06-25T12:46:00.756,27.990,-0.169,0.466,1.914
1750844760766,2025-06-25T12:46:00.766,28.000,-0.087,0.489,1.933
1750844760776,2025-06-25T12:46:00.776,28.010,-0.133,0.531,1.896
1750844760786,2025-06-25T12:46:00.786,28.020,-0.158,0.572,1.881
1750844760796,2025-06-25T12:46:00.796,28.030,-0.116,0.566,1.890
1750844760806,2025-06-25T12:46:00.806,28.040,0.001,0.546,1.893
1750844760816,2025-06-25T12:46:00.816,28.050,0.157,0.533,1.899
1750844760826,2025-06-25T12:46:00.826,28.060,0.295,0.510,1.853
1750844760836,2025-06-25T12:46:00.836,28.070,0.353,0.490,1.767
1750844760846,2025-06-25T12:46:00.846,28.080,0.355,0.478,1.693
1750844760856,2025-06-25T12:46:00.856,28.090,0.346,0.458,1.617
1750844760866,2025-06-25T12:46:00.866,28.100,0.393,0.436,1.541
1750844760876,2025-06-25T12:46:00.876,28.110,0.470,0.408,1.484
1750844760886,2025-06-25T12:46:00.886,28.120,0.515,0.351,1.444
1750844760896,2025-06-25T12:46:00.896,28.130,0.569,0.291,1.386
1750844760906,2025-06-25T12:46:00.906,28.140,0.603,0.260,1.322
1750844760916,2025-06-25T12:46:00.916,28.150,0.605,0.229,1.260
1750844760926,2025-06-25T12:46:00.926,28.160,0.618,0.202,1.170
1750844760936,2025-06-25T12:46:00.936,28.170,0.647,0.191,1.091
1750844760946,2025-06-25T12:46:00.946,28.180,0.681,0.172,1.025
1750844760956,2025-06-25T12:46:00.956,28.190,0.692,0.129,0.981
1750844760966,2025-06-25T12:46:00.966,28.200,0.696,0.071,0.936
1750844760976,2025-06-25T12:46:00.976,28.210,0.705,0.029,0.861
1750844760986,2025-06-25T12:46:00.986,28.220,0.652,0.018,0.777
1750844760996,2025-06-25T12:46:00.996,28.230,0.578,0.018,0.720
1750844761006,2025-06-25T12:46:01.006,28.240,0.530,0.002,0.673
1750844761016,2025-06-25T12:46:01.016,28.250,0.509,-0.010,0.605
1750844761026,2025-06-25T12:46:01.026,28.260,0.481,-0.026,0.561
1750844761036,2025-06-25T12:46:01.036,28.270,0.475,-0.072,0.539
1750844761046,2025-06-25T12:46:01.046,28.280,0.486,-0.099,0.500
1750844761056,2025-06-25T12:46:01.056,28.290,0.446,-0.082,0.451
1750844761066,2025-06-25T12:46:01.066,28.300,0.364,-0.067,0.396
1750844761076,2025-06-25T12:46:01.076,28.310,0.285,-0.076,0.373
1750844761086,2025-06-25T12:46:01.086,28.320,0.194,-0.072,0.331
1750844761096,2025-06-25T12:46:01.096,28.330,0.084,-0.061,0.287
1750844761106,2025-06-25T12:46:01.106,28.340,-0.019,-0.064,0.284
1750844761116,2025-06-25T12:46:01.116,28.350,-0.110,-0.078,0.334
1750844761126,2025-06-25T12:46:01.126,28.360,-0.190,-0.099,0.436
1750844761136,2025-06-25T12:46:01.136,28.370,-0.196,-0.117,0.455
1750844761146,2025-06-25T12:46:01.146,28.380,-0.259,-0.105,0.472
1750844761156,2025-06-25T12:46:01.156,28.390,-0.455,-0.066,0.498
1750844761166,2025-06-25T12:46:01.166,28.400,-0.630,-0.059,0.479
1750844761176,2025-06-25T12:46:01.176,28.410,-0.654,-0.057,0.571
1750844761186,2025-06-25T12:46:01.186,28.420,-0.606,-0.065,0.783
1750844761196,2025-06-25T12:46:01.196,28.430,-0.535,-0.092,0.972
1750844761206,2025-06-25T12:46:01.206,28.440,-0.465,-0.066,1.100
1750844761216,2025-06-25T12:46:01.216,28.450,-0.508,0.007,1.141
1750844761226,2025-06-25T12:46:01.226,28.460,-0.605,0.092,1.129
1750844761236,2025-06-25T12:46:01.236,28.470,-0.682,0.166,1.114
1750844761246,2025-06-25T12:46:01.246,28.480,-0.668,0.211,1.104
1750844761256,2025-06-25T12:46:01.256,28.490,-0.541,0.196,1.093
1750844761266,2025-06-25T12:46:01.266,28.500,-0.333,0.128,1.117
1750844761276,2025-06-25T12:46:01.276,28.510,-0.132,0.061,1.126
1750844761286,2025-06-25T12:46:01.286,28.520,-0.040,0.030,1.108
1750844761296,2025-06-25T12:46:01.296,28.530,-0.063,0.030,1.065
1750844761306,2025-06-25T12:46:01.306,28.540,-0.123,0.024,0.994
1750844761316,2025-06-25T12:46:01.316,28.550,-0.145,0.011,0.911
1750844761326,2025-06-25T12:46:01.326,28.560,-0.147,0.001,0.850
1750844761336,2025-06-25T12:46:01.336,28.570,-0.141,-0.008,0.803
1750844761346,2025-06-25T12:46:01.346,28.580,-0.132,-0.017,0.749
1750844761356,2025-06-25T12:46:01.356,28.590,-0.122,-0.036,0.702
1750844761366,2025-06-25T12:46:01.366,28.600,-0.084,-0.051,0.666
1750844761376,2025-06-25T12:46:01.376,28.610,-0.040,-0.063,0.635
1750844761386,2025-06-25T12:46:01.386,28.620,-0.038,-0.060,0.608
1750844761396,2025-06-25T12:46:01.396,28.630,-0.076,-0.044,0.566
1750844761406,2025-06-25T12:46:01.406,28.640,-0.107,-0.025,0.519
1750844761416,2025-06-25T12:46:01.416,28.650,-0.148,-0.003,0.469
1750844761426,2025-06-25T12:46:01.426,28.660,-0.204,0.015,0.442
1750844761436,2025-06-25T12:46:01.436,28.670,-0.251,0.014,0.478
1750844761446,2025-06-25T12:46:01.446,28.680,-0.230,0.028,0.528
1750844761456,2025-06-25T12:46:01.456,28.690,-0.200,0.081,0.539
1750844761466,2025-06-25T12:46:01.466,28.700,-0.259,0.135,0.561
1750844761476,2025-06-25T12:46:01.476,28.710,-0.325,0.178,0.599
1750844761486,2025-06-25T12:46:01.486,28.720,-0.361,0.220,0.648
1750844761496,2025-06-25T12:46:01.496,28.730,-0.438,0.257,0.692
1750844761506,2025-06-25T12:46:01.506,28.740,-0.512,0.287,0.748
1750844761516,2025-06-25T12:46:01.516,28.750,-0.551,0.318,0.783
1750844761526,2025-06-25T12:46:01.526,28.760,-0.619,0.374,0.806
1750844761536,2025-06-25T12:46:01.536,28.770,-0.656,0.428,0.833
1750844761546,2025-06-25T12:46:01.546,28.780,-0.634,0.467,0.904
1750844761556,2025-06-25T12:46:01.556,28.790,-0.600,0.475,1.010
1750844761566,2025-06-25T12:46:01.566,28.800,-0.558,0.490,1.098
1750844761576,2025-06-25T12:46:01.576,28.810,-0.560,0.505,1.154
1750844761586,2025-06-25T12:46:01.586,28.820,-0.587,0.529,1.186
1750844761596,2025-06-25T12:46:01.596,28.830,-0.629,0.549,1.251
1750844761606,2025-06-25T12:46:01.606,28.840,-0.618,0.564,1.348
1750844761616,2025-06-25T12:46:01.616,28.850,-0.559,0.597,1.426
1750844761626,2025-06-25T12:46:01.626,28.860,-0.524,0.626,1.497
1750844761636,2025-06-25T12:46:01.636,28.870,-0.519,0.639,1.599
1750844761646,2025-06-25T12:46:01.646,28.880,-0.501,0.655,1.658
1750844761656,2025-06-25T12:46:01.656,28.890,-0.476,0.674,1.656
1750844761666,2025-06-25T12:46:01.666,28.900,-0.446,0.693,1.648
1750844761676,2025-06-25T12:46:01.676,28.910,-0.348,0.689,1.690
1750844761686,2025-06-25T12:46:01.686,28.920,-0.183,0.669,1.749
1750844761696,2025-06-25T12:46:01.696,28.930,-0.024,0.658,1.782
1750844761706,2025-06-25T12:46:01.706,28.940,0.053,0.639,1.784
1750844761716,2025-06-25T12:46:01.716,28.950,0.076,0.626,1.779
1750844761726,2025-06-25T12:46:01.726,28.960,0.075,0.615,1.767
1750844761736,2025-06-25T12:46:01.736,28.970,0.084,0.588,1.741
1750844761746,2025-06-25T12:46:01.746,28.980,0.120,0.545,1.725
1750844761756,2025-06-25T12:46:01.756,28.990,0.195,0.498,1.712
1750844761766,2025-06-25T12:46:01.766,29.000,0.298,0.457,1.691
1750844761776,2025-06-25T12:46:01.776,29.010,0.379,0.427,1.697
1750844761786,2025-06-25T12:46:01.786,29.020,0.413,0.398,1.686
1750844761796,2025-06-25T12:46:01.796,29.030,0.443,0.386,1.625
1750844761806,2025-06-25T12:46:01.806,29.040,0.497,0.380,1.582
1750844761816,2025-06-25T12:46:01.816,29.050,0.521,0.346,1.564
1750844761826,2025-06-25T12:46:01.826,29.060,0.520,0.304,1.510
1750844761836,2025-06-25T12:46:01.836,29.070,0.524,0.277,1.453
1750844761846,2025-06-25T12:46:01.846,29.080,0.542,0.270,1.375
1750844761856,2025-06-25T12:46:01.856,29.090,0.522,0.266,1.288
1750844761866,2025-06-25T12:46:01.866,29.100,0.479,0.266,1.189
1750844761876,2025-06-25T12:46:01.876,29.110,0.479,0.259,1.082
1750844761886,2025-06-25T12:46:01.886,29.120,0.502,0.235,0.978
1750844761896,2025-06-25T12:46:01.896,29.130,0.500,0.194,0.889
1750844761906,2025-06-25T12:46:01.906,29.140,0.495,0.144,0.808
1750844761916,2025-06-25T12:46:01.916,29.150,0.504,0.090,0.712
1750844761926,2025-06-25T12:46:01.926,29.160,0.513,0.057,0.611
1750844761936,2025-06-25T12:46:01.936,29.170,0.506,0.035,0.513
1750844761946,2025-06-25T12:46:01.946,29.180,0.481,0.019,0.418
1750844761956,2025-06-25T12:46:01.956,29.190,0.470,0.005,0.325
1750844761966,2025-06-25T12:46:01.966,29.200,0.468,-0.011,0.242
1750844761976,2025-06-25T12:46:01.976,29.210,0.446,-0.034,0.173
1750844761986,2025-06-25T12:46:01.986,29.220,0.418,-0.055,0.126
1750844761996,2025-06-25T12:46:01.996,29.230,0.369,-0.077,0.097
1750844762006,2025-06-25T12:46:02.006,29.240,0.240,-0.102,0.066
1750844762016,2025-06-25T12:46:02.016,29.250,0.086,-0.125,0.057
1750844762026,2025-06-25T12:46:02.026,29.260,-0.020,-0.156,0.137
1750844762036,2025-06-25T12:46:02.036,29.270,-0.164,-0.147,0.265
1750844762046,2025-06-25T12:46:02.046,29.280,-0.270,-0.113,0.370
1750844762056,2025-06-25T12:46:02.056,29.290,-0.290,-0.085,0.490
1750844762066,2025-06-25T12:46:02.066,29.300,-0.382,-0.074,0.654
1750844762076,2025-06-25T12:46:02.076,29.310,-0.560,-0.068,0.774
1750844762086,2025-06-25T12:46:02.086,29.320,-0.705,-0.057,0.826
1750844762096,2025-06-25T12:46:02.096,29.330,-0.776,0.001,0.868
1750844762106,2025-06-25T12:46:02.106,29.340,-0.783,0.075,0.950
1750844762116,2025-06-25T12:46:02.116,29.350,-0.736,0.126,1.028
1750844762126,2025-06-25T12:46:02.126,29.360,-0.641,0.156,1.083
1750844762136,2025-06-25T12:46:02.136,29.370,-0.567,0.178,1.108
1750844762146,2025-06-25T12:46:02.146,29.380,-0.574,0.174,1.121
1750844762156,2025-06-25T12:46:02.156,29.390,-0.547,0.152,1.114
1750844762166,2025-06-25T12:46:02.166,29.400,-0.460,0.136,1.087
1750844762176,2025-06-25T12:46:02.176,29.410,-0.408,0.141,1.052
1750844762186,2025-06-25T12:46:02.186,29.420,-0.373,0.128,1.022
1750844762196,2025-06-25T12:46:02.196,29.430,-0.323,0.103,0.992
1750844762206,2025-06-25T12:46:02.206,29.440,-0.280,0.103,0.960
1750844762216,2025-06-25T12:46:02.216,29.450,-0.278,0.106,0.914
1750844762226,2025-06-25T12:46:02.226,29.460,-0.271,0.101,0.854
1750844762236,2025-06-25T12:46:02.236,29.470,-0.227,0.089,0.799
1750844762246,2025-06-25T12:46:02.246,29.480,-0.203,0.082,0.732
1750844762256,2025-06-25T12:46:02.256,29.490,-0.202,0.078,0.668
1750844762266,2025-06-25T12:46:02.266,29.500,-0.201,0.076,0.598
1750844762276,2025-06-25T12:46:02.276,29.510,-0.234,0.074,0.543
1750844762286,2025-06-25T12:46:02.286,29.520,-0.248,0.048,0.502
1750844762296,2025-06-25T12:46:02.296,29.530,-0.249,0.015,0.469
1750844762306,2025-06-25T12:46:02.306,29.540,-0.241,-0.021,0.487
1750844762316,2025-06-25T12:46:02.316,29.550,-0.191,-0.025,0.501
1750844762326,2025-06-25T12:46:02.326,29.560,-0.215,0.007,0.511
1750844762336,2025-06-25T12:46:02.336,29.570,-0.275,0.043,0.529
1750844762346,2025-06-25T12:46:02.346,29.580,-0.312,0.071,0.538
1750844762356,2025-06-25T12:46:02.356,29.590,-0.357,0.110,0.553
1750844762366,2025-06-25T12:46:02.366,29.600,-0.406,0.144,0.611
1750844762376,2025-06-25T12:46:02.376,29.610,-0.438,0.177,0.682
1750844762386,2025-06-25T12:46:02.386,29.620,-0.462,0.241,0.729
1750844762396,2025-06-25T12:46:02.396,29.630,-0.461,0.313,0.783
1750844762406,2025-06-25T12:46:02.406,29.640,-0.444,0.369,0.849
1750844762416,2025-06-25T12:46:02.416,29.650,-0.483,0.417,0.911
1750844762426,2025-06-25T12:46:02.426,29.660,-0.505,0.449,0.964
1750844762436,2025-06-25T12:46:02.436,29.670,-0.508,0.478,1.042
1750844762446,2025-06-25T12:46:02.446,29.680,-0.489,0.481,1.140
1750844762456,2025-06-25T12:46:02.456,29.690,-0.466,0.467,1.217
1750844762466,2025-06-25T12:46:02.466,29.700,-0.483,0.479,1.284
1750844762476,2025-06-25T12:46:02.476,29.710,-0.495,0.491,1.345
1750844762486,2025-06-25T12:46:02.486,29.720,-0.536,0.503,1.432
1750844762496,2025-06-25T12:46:02.496,29.730,-0.583,0.532,1.512
1750844762506,2025-06-25T12:46:02.506,29.740,-0.571,0.572,1.583
1750844762516,2025-06-25T12:46:02.516,29.750,-0.493,0.593,1.674
1750844762526,2025-06-25T12:46:02.526,29.760,-0.396,0.601,1.769
1750844762536,2025-06-25T12:46:02.536,29.770,-0.320,0.611,1.843
1750844762546,2025-06-25T12:46:02.546,29.780,-0.230,0.629,1.862
1750844762556,2025-06-25T12:46:02.556,29.790,-0.148,0.636,1.879
1750844762566,2025-06-25T12:46:02.566,29.800,-0.082,0.617,1.883
1750844762576,2025-06-25T12:46:02.576,29.810,0.000,0.593,1.871
1750844762586,2025-06-25T12:46:02.586,29.820,0.083,0.586,1.837
1750844762596,2025-06-25T12:46:02.596,29.830,0.148,0.571,1.798
1750844762606,2025-06-25T12:46:02.606,29.840,0.215,0.562,1.758
1750844762616,2025-06-25T12:46:02.616,29.850,0.307,0.542,1.692
1750844762626,2025-06-25T12:46:02.626,29.860,0.393,0.522,1.609
1750844762636,2025-06-25T12:46:02.636,29.870,0.480,0.468,1.559
1750844762646,2025-06-25T12:46:02.646,29.880,0.568,0.389,1.530
1750844762656,2025-06-25T12:46:02.656,29.890,0.656,0.326,1.476
1750844762666,2025-06-25T12:46:02.666,29.900,0.697,0.278,1.415
1750844762676,2025-06-25T12:46:02.676,29.910,0.696,0.242,1.368
1750844762686,2025-06-25T12:46:02.686,29.920,0.678,0.215,1.301
1750844762696,2025-06-25T12:46:02.696,29.930,0.649,0.202,1.242
1750844762706,2025-06-25T12:46:02.706,29.940,0.618,0.195,1.164
1750844762716,2025-06-25T12:46:02.716,29.950,0.602,0.183,1.078
1750844762726,2025-06-25T12:46:02.726,29.960,0.613,0.165,1.002
1750844762736,2025-06-25T12:46:02.736,29.970,0.629,0.128,0.924
1750844762746,2025-06-25T12:46:02.746,29.980,0.628,0.091,0.852
1750844762756,2025-06-25T12:46:02.756,29.990,0.618,0.060,0.786
1750844762766,2025-06-25T12:46:02.766,30.000,0.574,0.026,0.730
1750844762776,2025-06-25T12:46:02.776,30.010,0.524,0.001,0.677
1750844762786,2025-06-25T12:46:02.786,30.020,0.500,-0.021,0.623
1750844762796,2025-06-25T12:46:02.796,30.030,0.477,-0.031,0.554
1750844762806,2025-06-25T12:46:02.806,30.040,0.438,-0.038,0.496
1750844762816,2025-06-25T12:46:02.816,30.050,0.394,-0.051,0.447
1750844762826,2025-06-25T12:46:02.826,30.060,0.346,-0.053,0.394
1750844762836,2025-06-25T12:46:02.836,30.070,0.311,-0.054,0.346
1750844762846,2025-06-25T12:46:02.846,30.080,0.278,-0.051,0.298
1750844762856,2025-06-25T12:46:02.856,30.090,0.232,-0.053,0.269
1750844762866,2025-06-25T12:46:02.866,30.100,0.141,-0.053,0.261
1750844762876,2025-06-25T12:46:02.876,30.110,0.046,-0.052,0.275
1750844762886,2025-06-25T12:46:02.886,30.120,-0.104,-0.039,0.309
1750844762896,2025-06-25T12:46:02.896,30.130,-0.251,-0.046,0.379
1750844762906,2025-06-25T12:46:02.906,30.140,-0.266,-0.086,0.487
1750844762916,2025-06-25T12:46:02.916,30.150,-0.287,-0.095,0.590
1750844762926,2025-06-25T12:46:02.926,30.160,-0.372,-0.086,0.638
1750844762936,2025-06-25T12:46:02.936,30.170,-0.475,-0.079,0.667
1750844762946,2025-06-25T12:46:02.946,30.180,-0.558,-0.043,0.743
1750844762956,2025-06-25T12:46:02.956,30.190,-0.587,-0.000,0.836
1750844762966,2025-06-25T12:46:02.966,30.200,-0.573,0.042,0.932
1750844762976,2025-06-25T12:46:02.976,30.210,-0.527,0.084,1.006
1750844762986,2025-06-25T12:46:02.986,30.220,-0.473,0.117,1.082
1750844762996,2025-06-25T12:46:02.996,30.230,-0.433,0.124,1.137
1750844763006,2025-06-25T12:46:03.006,30.240,-0.392,0.118,1.158
1750844763016,2025-06-25T12:46:03.016,30.250,-0.309,0.120,1.143
1750844763026,2025-06-25T12:46:03.026,30.260,-0.218,0.124,1.108
1750844763036,2025-06-25T12:46:03.036,30.270,-0.185,0.123,1.074
1750844763046,2025-06-25T12:46:03.046,30.280,-0.208,0.107,1.015
1750844763056,2025-06-25T12:46:03.056,30.290,-0.203,0.083,0.957
1750844763066,2025-06-25T12:46:03.066,30.300,-0.172,0.069,0.926
1750844763076,2025-06-25T12:46:03.076,30.310,-0.152,0.069,0.891
1750844763086,2025-06-25T12:46:03.086,30.320,-0.135,0.063,0.837
1750844763096,2025-06-25T12:46:03.096,30.330,-0.111,0.058,0.789
1750844763106,2025-06-25T12:46:03.106,30.340,-0.109,0.054,0.753
1750844763116,2025-06-25T12:46:03.116,30.350,-0.094,0.047,0.700
1750844763126,2025-06-25T12:46:03.126,30.360,-0.072,0.052,0.634
1750844763136,2025-06-25T12:46:03.136,30.370,-0.079,0.061,0.572
1750844763146,2025-06-25T12:46:03.146,30.380,-0.106,0.064,0.549
1750844763156,2025-06-25T12:46:03.156,30.390,-0.124,0.049,0.544
1750844763166,2025-06-25T12:46:03.166,30.400,-0.123,0.033,0.548
1750844763176,2025-06-25T12:46:03.176,30.410,-0.117,0.024,0.596
1750844763186,2025-06-25T12:46:03.186,30.420,-0.125,0.038,0.628
1750844763196,2025-06-25T12:46:03.196,30.430,-0.163,0.080,0.667
1750844763206,2025-06-25T12:46:03.206,30.440,-0.236,0.146,0.715
1750844763216,2025-06-25T12:46:03.216,30.450,-0.317,0.207,0.738
1750844763226,2025-06-25T12:46:03.226,30.460,-0.405,0.256,0.764
1750844763236,2025-06-25T12:46:03.236,30.470,-0.452,0.298,0.797
1750844763246,2025-06-25T12:46:03.246,30.480,-0.402,0.321,0.854
1750844763256,2025-06-25T12:46:03.256,30.490,-0.348,0.350,0.943
1750844763266,2025-06-25T12:46:03.266,30.500,-0.335,0.390,1.032
1750844763276,2025-06-25T12:46:03.276,30.510,-0.334,0.412,1.080
1750844763286,2025-06-25T12:46:03.286,30.520,-0.353,0.447,1.112
1750844763296,2025-06-25T12:46:03.296,30.530,-0.413,0.475,1.156
1750844763306,2025-06-25T12:46:03.306,30.540,-0.457,0.490,1.177
1750844763316,2025-06-25T12:46:03.316,30.550,-0.481,0.513,1.197
1750844763326,2025-06-25T12:46:03.326,30.560,-0.500,0.519,1.249
1750844763336,2025-06-25T12:46:03.336,30.570,-0.444,0.498,1.312
1750844763346,2025-06-25T12:46:03.346,30.580,-0.373,0.473,1.374
1750844763356,2025-06-25T12:46:03.356,30.590,-0.318,0.479,1.463
1750844763366,2025-06-25T12:46:03.366,30.600,-0.295,0.486,1.542
1750844763376,2025-06-25T12:46:03.376,30.610,-0.289,0.490,1.593
1750844763386,2025-06-25T12:46:03.386,30.620,-0.245,0.483,1.672
1750844763396,2025-06-25T12:46:03.396,30.630,-0.165,0.479,1.763
1750844763406,2025-06-25T12:46:03.406,30.640,-0.096,0.511,1.790
1750844763416,2025-06-25T12:46:03.416,30.650,-0.058,0.562,1.782
1750844763426,2025-06-25T12:46:03.426,30.660,0.005,0.597,1.813
1750844763436,2025-06-25T12:46:03.436,30.670,0.120,0.611,1.832
1750844763446,2025-06-25T12:46:03.446,30.680,0.224,0.604,1.807
1750844763456,2025-06-25T12:46:03.456,30.690,0.333,0.584,1.740
1750844763466,2025-06-25T12:46:03.466,30.700,0.459,0.556,1.670
1750844763476,2025-06-25T12:46:03.476,30.710,0.618,0.521,1.614
1750844763486,2025-06-25T12:46:03.486,30.720,0.761,0.460,1.584
1750844763496,2025-06-25T12:46:03.496,30.730,0.836,0.383,1.558
1750844763506,2025-06-25T12:46:03.506,30.740,0.805,0.329,1.511
1750844763516,2025-06-25T12:46:03.516,30.750,0.695,0.305,1.449
1750844763526,2025-06-25T12:46:03.526,30.760,0.630,0.306,1.376
1750844763536,2025-06-25T12:46:03.536,30.770,0.583,0.308,1.323
1750844763546,2025-06-25T12:46:03.546,30.780,0.562,0.285,1.271
1750844763556,2025-06-25T12:46:03.556,30.790,0.578,0.238,1.216
1750844763566,2025-06-25T12:46:03.566,30.800,0.600,0.199,1.165
1750844763576,2025-06-25T12:46:03.576,30.810,0.623,0.176,1.102
1750844763586,2025-06-25T12:46:03.586,30.820,0.601,0.145,1.069
1750844763596,2025-06-25T12:46:03.596,30.830,0.573,0.119,1.004
1750844763606,2025-06-25T12:46:03.606,30.840,0.573,0.112,0.921
1750844763616,2025-06-25T12:46:03.616,30.850,0.558,0.108,0.852
1750844763626,2025-06-25T12:46:03.626,30.860,0.542,0.102,0.786
1750844763636,2025-06-25T12:46:03.636,30.870,0.542,0.087,0.713
1750844763646,2025-06-25T12:46:03.646,30.880,0.522,0.060,0.651
1750844763656,2025-06-25T12:46:03.656,30.890,0.482,0.027,0.593
1750844763666,2025-06-25T12:46:03.666,30.900,0.479,-0.010,0.541
1750844763676,2025-06-25T12:46:03.676,30.910,0.498,-0.034,0.497
1750844763686,2025-06-25T12:46:03.686,30.920,0.488,-0.046,0.449
1750844763696,2025-06-25T12:46:03.696,30.930,0.458,-0.056,0.391
1750844763706,2025-06-25T12:46:03.706,30.940,0.440,-0.060,0.318
1750844763716,2025-06-25T12:46:03.716,30.950,0.410,-0.057,0.250
1750844763726,2025-06-25T12:46:03.726,30.960,0.359,-0.063,0.201
1750844763736,2025-06-25T12:46:03.736,30.970,0.248,-0.077,0.185
1750844763746,2025-06-25T12:46:03.746,30.980,0.106,-0.091,0.175
1750844763756,2025-06-25T12:46:03.756,30.990,0.026,-0.118,0.262
1750844763766,2025-06-25T12:46:03.766,31.000,-0.062,-0.117,0.456
1750844763776,2025-06-25T12:46:03.776,31.010,-0.151,-0.088,0.583
1750844763786,2025-06-25T12:46:03.786,31.020,-0.230,-0.094,0.623
1750844763796,2025-06-25T12:46:03.796,31.030,-0.431,-0.102,0.655
1750844763806,2025-06-25T12:46:03.806,31.040,-0.617,-0.080,0.680
1750844763816,2025-06-25T12:46:03.816,31.050,-0.646,-0.043,0.760
1750844763826,2025-06-25T12:46:03.826,31.060,-0.631,0.016,0.866
1750844763836,2025-06-25T12:46:03.836,31.070,-0.603,0.061,0.938
1750844763846,2025-06-25T12:46:03.846,31.080,-0.527,0.079,0.999
1750844763856,2025-06-25T12:46:03.856,31.090,-0.437,0.090,1.063
1750844763866,2025-06-25T12:46:03.866,31.100,-0.376,0.094,1.093
1750844763876,2025-06-25T12:46:03.876,31.110,-0.366,0.099,1.090
1750844763886,2025-06-25T12:46:03.886,31.120,-0.403,0.105,1.059
1750844763896,2025-06-25T12:46:03.896,31.130,-0.428,0.101,0.989
1750844763906,2025-06-25T12:46:03.906,31.140,-0.403,0.083,0.945
1750844763916,2025-06-25T12:46:03.916,31.150,-0.354,0.063,0.923
1750844763926,2025-06-25T12:46:03.926,31.160,-0.339,0.053,0.869
1750844763936,2025-06-25T12:46:03.936,31.170,-0.320,0.039,0.806
1750844763946,2025-06-25T12:46:03.946,31.180,-0.271,0.032,0.770
1750844763956,2025-06-25T12:46:03.956,31.190,-0.230,0.033,0.721
1750844763966,2025-06-25T12:46:03.966,31.200,-0.195,0.034,0.661
1750844763976,2025-06-25T12:46:03.976,31.210,-0.161,0.041,0.600
1750844763986,2025-06-25T12:46:03.986,31.220,-0.134,0.042,0.531
1750844763996,2025-06-25T12:46:03.996,31.230,-0.113,0.053,0.466
1750844764006,2025-06-25T12:46:04.006,31.240,-0.142,0.054,0.448
1750844764016,2025-06-25T12:46:04.016,31.250,-0.150,0.029,0.429
1750844764026,2025-06-25T12:46:04.026,31.260,-0.146,0.008,0.404
1750844764036,2025-06-25T12:46:04.036,31.270,-0.176,-0.011,0.444
1750844764046,2025-06-25T12:46:04.046,31.280,-0.187,-0.010,0.491
1750844764056,2025-06-25T12:46:04.056,31.290,-0.226,0.020,0.514
1750844764066,2025-06-25T12:46:04.066,31.300,-0.264,0.073,0.561
1750844764076,2025-06-25T12:46:04.076,31.310,-0.331,0.135,0.637
1750844764086,2025-06-25T12:46:04.086,31.320,-0.365,0.172,0.684
1750844764096,2025-06-25T12:46:04.096,31.330,-0.365,0.221,0.728
1750844764106,2025-06-25T12:46:04.106,31.340,-0.387,0.284,0.803
1750844764116,2025-06-25T12:46:04.116,31.350,-0.424,0.343,0.889
1750844764126,2025-06-25T12:46:04.126,31.360,-0.471,0.392,0.953
1750844764136,2025-06-25T12:46:04.136,31.370,-0.512,0.423,1.021
1750844764146,2025-06-25T12:46:04.146,31.380,-0.517,0.442,1.113
1750844764156,2025-06-25T12:46:04.156,31.390,-0.486,0.465,1.219
1750844764166,2025-06-25T12:46:04.166,31.400,-0.487,0.486,1.325
1750844764176,2025-06-25T12:46:04.176,31.410,-0.507,0.519,1.375
1750844764186,2025-06-25T12:46:04.186,31.420,-0.504,0.568,1.408
1750844764196,2025-06-25T12:46:04.196,31.430,-0.505,0.622,1.439
1750844764206,2025-06-25T12:46:04.206,31.440,-0.513,0.643,1.462
1750844764216,2025-06-25T12:46:04.216,31.450,-0.504,0.648,1.496
1750844764226,2025-06-25T12:46:04.226,31.460,-0.401,0.634,1.557
1750844764236,2025-06-25T12:46:04.236,31.470,-0.258,0.596,1.659
1750844764246,2025-06-25T12:46:04.246,31.480,-0.159,0.556,1.740
1750844764256,2025-06-25T12:46:04.256,31.490,-0.102,0.554,1.762
1750844764266,2025-06-25T12:46:04.266,31.500,-0.130,0.577,1.762
1750844764276,2025-06-25T12:46:04.276,31.510,-0.150,0.589,1.739
1750844764286,2025-06-25T12:46:04.286,31.520,-0.117,0.584,1.718
1750844764296,2025-06-25T12:46:04.296,31.530,-0.054,0.577,1.699
1750844764306,2025-06-25T12:46:04.306,31.540,0.068,0.567,1.668
1750844764316,2025-06-25T12:46:04.316,31.550,0.206,0.566,1.658
1750844764326,2025-06-25T12:46:04.326,31.560,0.360,0.553,1.652
1750844764336,2025-06-25T12:46:04.336,31.570,0.510,0.524,1.637
1750844764346,2025-06-25T12:46:04.346,31.580,0.599,0.478,1.606
1750844764356,2025-06-25T12:46:04.356,31.590,0.654,0.432,1.568
1750844764366,2025-06-25T12:46:04.366,31.600,0.674,0.399,1.533
1750844764376,2025-06-25T12:46:04.376,31.610,0.685,0.372,1.480
1750844764386,2025-06-25T12:46:04.386,31.620,0.654,0.351,1.412
1750844764396,2025-06-25T12:46:04.396,31.630,0.624,0.331,1.333
1750844764406,2025-06-25T12:46:04.406,31.640,0.696,0.304,1.317
1750844764416,2025-06-25T12:46:04.416,31.650,0.757,0.285,1.307
1750844764426,2025-06-25T12:46:04.426,31.660,0.744,0.260,1.271
1750844764436,2025-06-25T12:46:04.436,31.670,0.719,0.223,1.255
1750844764446,2025-06-25T12:46:04.446,31.680,0.719,0.179,1.216
1750844764456,2025-06-25T12:46:04.456,31.690,0.706,0.151,1.149
1750844764466,2025-06-25T12:46:04.466,31.700,0.645,0.153,1.079
1750844764476,2025-06-25T12:46:04.476,31.710,0.580,0.149,1.010
1750844764486,2025-06-25T12:46:04.486,31.720,0.542,0.131,0.949
1750844764496,2025-06-25T12:46:04.496,31.730,0.507,0.126,0.882
1750844764506,2025-06-25T12:46:04.506,31.740,0.469,0.121,0.813
1750844764516,2025-06-25T12:46:04.516,31.750,0.442,0.108,0.748
1750844764526,2025-06-25T12:46:04.526,31.760,0.425,0.104,0.669
1750844764536,2025-06-25T12:46:04.536,31.770,0.384,0.098,0.594
1750844764546,2025-06-25T12:46:04.546,31.780,0.365,0.074,0.536
1750844764556,2025-06-25T12:46:04.556,31.790,0.332,0.049,0.479
1750844764566,2025-06-25T12:46:04.566,31.800,0.235,0.033,0.402
1750844764576,2025-06-25T12:46:04.576,31.810,0.147,0.007,0.339
1750844764586,2025-06-25T12:46:04.586,31.820,0.122,-0.023,0.330
1750844764596,2025-06-25T12:46:04.596,31.830,0.036,-0.032,0.342
1750844764606,2025-06-25T12:46:04.606,31.840,-0.084,-0.050,0.341
1750844764616,2025-06-25T12:46:04.616,31.850,-0.150,-0.078,0.374
1750844764626,2025-06-25T12:46:04.626,31.860,-0.181,-0.089,0.452
1750844764636,2025-06-25T12:46:04.636,31.870,-0.227,-0.101,0.503
1750844764646,2025-06-25T12:46:04.646,31.880,-0.294,-0.102,0.531
1750844764656,2025-06-25T12:46:04.656,31.890,-0.442,-0.078,0.579
1750844764666,2025-06-25T12:46:04.666,31.900,-0.555,-0.051,0.597
1750844764676,2025-06-25T12:46:04.676,31.910,-0.516,-0.026,0.654
1750844764686,2025-06-25T12:46:04.686,31.920,-0.434,-0.005,0.758
1750844764696,2025-06-25T12:46:04.696,31.930,-0.391,0.008,0.859
1750844764706,2025-06-25T12:46:04.706,31.940,-0.370,0.014,0.902
1750844764716,2025-06-25T12:46:04.716,31.950,-0.348,0.023,0.915
1750844764726,2025-06-25T12:46:04.726,31.960,-0.318,0.024,0.931
1750844764736,2025-06-25T12:46:04.736,31.970,-0.366,0.024,0.925
1750844764746,2025-06-25T12:46:04.746,31.980,-0.406,0.021,0.889
1750844764756,2025-06-25T12:46:04.756,31.990,-0.363,0.018,0.885
1750844764766,2025-06-25T12:46:04.766,32.000,-0.349,0.034,0.875
1750844764776,2025-06-25T12:46:04.776,32.010,-0.316,0.034,0.854
1750844764786,2025-06-25T12:46:04.786,32.020,-0.225,0.023,0.849
1750844764796,2025-06-25T12:46:04.796,32.030,-0.142,0.014,0.834
1750844764806,2025-06-25T12:46:04.806,32.040,-0.094,0.014,0.822
1750844764816,2025-06-25T12:46:04.816,32.050,-0.079,0.028,0.790
1750844764826,2025-06-25T12:46:04.826,32.060,-0.099,0.046,0.736
1750844764836,2025-06-25T12:46:04.836,32.070,-0.151,0.062,0.659
1750844764846,2025-06-25T12:46:04.846,32.080,-0.179,0.067,0.592
1750844764856,2025-06-25T12:46:04.856,32.090,-0.164,0.062,0.585
1750844764866,2025-06-25T12:46:04.866,32.100,-0.158,0.046,0.591
1750844764876,2025-06-25T12:46:04.876,32.110,-0.142,0.042,0.574
1750844764886,2025-06-25T12:46:04.886,32.120,-0.143,0.059,0.544
1750844764896,2025-06-25T12:46:04.896,32.130,-0.151,0.071,0.548
1750844764906,2025-06-25T12:46:04.906,32.140,-0.190,0.072,0.561
1750844764916,2025-06-25T12:46:04.916,32.150,-0.178,0.069,0.563
1750844764926,2025-06-25T12:46:04.926,32.160,-0.171,0.092,0.568
1750844764936,2025-06-25T12:46:04.936,32.170,-0.276,0.127,0.583
1750844764946,2025-06-25T12:46:04.946,32.180,-0.314,0.155,0.585
1750844764956,2025-06-25T12:46:04.956,32.190,-0.274,0.179,0.615
1750844764966,2025-06-25T12:46:04.966,32.200,-0.284,0.203,0.709
1750844764976,2025-06-25T12:46:04.976,32.210,-0.328,0.219,0.780
1750844764986,2025-06-25T12:46:04.986,32.220,-0.340,0.238,0.836
1750844764996,2025-06-25T12:46:04.996,32.230,-0.310,0.274,0.914
1750844765006,2025-06-25T12:46:05.006,32.240,-0.304,0.323,1.030
1750844765016,2025-06-25T12:46:05.016,32.250,-0.328,0.368,1.164
1750844765026,2025-06-25T12:46:05.026,32.260,-0.336,0.415,1.282
1750844765036,2025-06-25T12:46:05.036,32.270,-0.363,0.466,1.368
1750844765046,2025-06-25T12:46:05.046,32.280,-0.408,0.522,1.402
1750844765056,2025-06-25T12:46:05.056,32.290,-0.461,0.583,1.402
1750844765066,2025-06-25T12:46:05.066,32.300,-0.510,0.631,1.450
1750844765076,2025-06-25T12:46:05.076,32.310,-0.470,0.629,1.562
1750844765086,2025-06-25T12:46:05.086,32.320,-0.298,0.586,1.725
1750844765096,2025-06-25T12:46:05.096,32.330,-0.181,0.570,1.818
1750844765106,2025-06-25T12:46:05.106,32.340,-0.186,0.611,1.813
1750844765116,2025-06-25T12:46:05.116,32.350,-0.294,0.673,1.807
1750844765126,2025-06-25T12:46:05.126,32.360,-0.363,0.695,1.796
1750844765136,2025-06-25T12:46:05.136,32.370,-0.315,0.695,1.764
1750844765146,2025-06-25T12:46:05.146,32.380,-0.199,0.696,1.747
1750844765156,2025-06-25T12:46:05.156,32.390,-0.077,0.666,1.758
1750844765166,2025-06-25T12:46:05.166,32.400,0.034,0.626,1.758
1750844765176,2025-06-25T12:46:05.176,32.410,0.116,0.603,1.731
1750844765186,2025-06-25T12:46:05.186,32.420,0.187,0.586,1.686
1750844765196,2025-06-25T12:46:05.196,32.430,0.246,0.566,1.646
1750844765206,2025-06-25T12:46:05.206,32.440,0.304,0.531,1.600
1750844765216,2025-06-25T12:46:05.216,32.450,0.355,0.490,1.561
1750844765226,2025-06-25T12:46:05.226,32.460,0.391,0.451,1.541
1750844765236,2025-06-25T12:46:05.236,32.470,0.467,0.419,1.497
1750844765246,2025-06-25T12:46:05.246,32.480,0.510,0.396,1.430
1750844765256,2025-06-25T12:46:05.256,32.490,0.513,0.381,1.362
1750844765266,2025-06-25T12:46:05.266,32.500,0.545,0.351,1.324
1750844765276,2025-06-25T12:46:05.276,32.510,0.590,0.313,1.296
1750844765286,2025-06-25T12:46:05.286,32.520,0.622,0.268,1.248
1750844765296,2025-06-25T12:46:05.296,32.530,0.631,0.235,1.188
1750844765306,2025-06-25T12:46:05.306,32.540,0.633,0.216,1.123
1750844765316,2025-06-25T12:46:05.316,32.550,0.626,0.192,1.057
1750844765326,2025-06-25T12:46:05.326,32.560,0.620,0.168,1.003
1750844765336,2025-06-25T12:46:05.336,32.570,0.611,0.139,0.940
1750844765346,2025-06-25T12:46:05.346,32.580,0.617,0.109,0.872
1750844765356,2025-06-25T12:46:05.356,32.590,0.604,0.096,0.823
1750844765366,2025-06-25T12:46:05.366,32.600,0.577,0.079,0.764
1750844765376,2025-06-25T12:46:05.376,32.610,0.541,0.058,0.699
1750844765386,2025-06-25T12:46:05.386,32.620,0.509,0.045,0.634
1750844765396,2025-06-25T12:46:05.396,32.630,0.468,0.037,0.563
1750844765406,2025-06-25T12:46:05.406,32.640,0.427,0.027,0.512
1750844765416,2025-06-25T12:46:05.416,32.650,0.366,0.022,0.472
1750844765426,2025-06-25T12:46:05.426,32.660,0.260,0.017,0.401
1750844765436,2025-06-25T12:46:05.436,32.670,0.172,-0.001,0.357
1750844765446,2025-06-25T12:46:05.446,32.680,0.110,-0.021,0.356
1750844765456,2025-06-25T12:46:05.456,32.690,0.028,-0.029,0.400
1750844765466,2025-06-25T12:46:05.466,32.700,-0.042,-0.052,0.479
1750844765476,2025-06-25T12:46:05.476,32.710,-0.111,-0.090,0.550
1750844765486,2025-06-25T12:46:05.486,32.720,-0.155,-0.112,0.552
1750844765496,2025-06-25T12:46:05.496,32.730,-0.213,-0.104,0.588
1750844765506,2025-06-25T12:46:05.506,32.740,-0.359,-0.059,0.652
1750844765516,2025-06-25T12:46:05.516,32.750,-0.489,-0.013,0.677
1750844765526,2025-06-25T12:46:05.526,32.760,-0.496,0.006,0.730
1750844765536,2025-06-25T12:46:05.536,32.770,-0.445,0.002,0.794
1750844765546,2025-06-25T12:46:05.546,32.780,-0.381,0.010,0.833
1750844765556,2025-06-25T12:46:05.556,32.790,-0.340,0.043,0.868
1750844765566,2025-06-25T12:46:05.566,32.800,-0.352,0.063,0.884
1750844765576,2025-06-25T12:46:05.576,32.810,-0.415,0.058,0.865
1750844765586,2025-06-25T12:46:05.586,32.820,-0.455,0.033,0.839
1750844765596,2025-06-25T12:46:05.596,32.830,-0.437,0.012,0.834
1750844765606,2025-06-25T12:46:05.606,32.840,-0.397,0.007,0.827
1750844765616,2025-06-25T12:46:05.616,32.850,-0.387,0.021,0.799
1750844765626,2025-06-25T12:46:05.626,32.860,-0.371,0.026,0.747
1750844765636,2025-06-25T12:46:05.636,32.870,-0.294,0.026,0.693
1750844765646,2025-06-25T12:46:05.646,32.880,-0.203,0.021,0.654
1750844765656,2025-06-25T12:46:05.656,32.890,-0.171,0.020,0.589
1750844765666,2025-06-25T12:46:05.666,32.900,-0.143,0.023,0.532
1750844765676,2025-06-25T12:46:05.676,32.910,-0.113,0.023,0.488
1750844765686,2025-06-25T12:46:05.686,32.920,-0.138,0.017,0.446
1750844765696,2025-06-25T12:46:05.696,32.930,-0.172,0.002,0.418
1750844765706,2025-06-25T12:46:05.706,32.940,-0.165,-0.008,0.419
1750844765716,2025-06-25T12:46:05.716,32.950,-0.209,-0.013,0.437
1750844765726,2025-06-25T12:46:05.726,32.960,-0.234,-0.021,0.439
1750844765736,2025-06-25T12:46:05.736,32.970,-0.197,0.002,0.465
1750844765746,2025-06-25T12:46:05.746,32.980,-0.197,0.048,0.504
1750844765756,2025-06-25T12:46:05.756,32.990,-0.204,0.086,0.516
1750844765766,2025-06-25T12:46:05.766,33.000,-0.214,0.131,0.535
1750844765776,2025-06-25T12:46:05.776,33.010,-0.244,0.179,0.586
1750844765786,2025-06-25T12:46:05.786,33.020,-0.258,0.216,0.641
1750844765796,2025-06-25T12:46:05.796,33.030,-0.225,0.251,0.713
1750844765806,2025-06-25T12:46:05.806,33.040,-0.203,0.283,0.794
1750844765816,2025-06-25T12:46:05.816,33.050,-0.220,0.333,0.878
1750844765826,2025-06-25T12:46:05.826,33.060,-0.293,0.393,0.961
1750844765836,2025-06-25T12:46:05.836,33.070,-0.388,0.430,1.078
1750844765846,2025-06-25T12:46:05.846,33.080,-0.451,0.457,1.193
1750844765856,2025-06-25T12:46:05.856,33.090,-0.416,0.495,1.273
1750844765866,2025-06-25T12:46:05.866,33.100,-0.391,0.526,1.362
1750844765876,2025-06-25T12:46:05.876,33.110,-0.396,0.540,1.446
1750844765886,2025-06-25T12:46:05.886,33.120,-0.399,0.565,1.487
1750844765896,2025-06-25T12:46:05.896,33.130,-0.370,0.607,1.545
1750844765906,2025-06-25T12:46:05.906,33.140,-0.341,0.631,1.631
1750844765916,2025-06-25T12:46:05.916,33.150,-0.361,0.643,1.706
1750844765926,2025-06-25T12:46:05.926,33.160,-0.353,0.649,1.739
1750844765936,2025-06-25T12:46:05.936,33.170,-0.316,0.659,1.758
1750844765946,2025-06-25T12:46:05.946,33.180,-0.241,0.666,1.773
1750844765956,2025-06-25T12:46:05.956,33.190,-0.157,0.656,1.795
1750844765966,2025-06-25T12:46:05.966,33.200,-0.055,0.644,1.822
1750844765976,2025-06-25T12:46:05.976,33.210,0.034,0.623,1.813
1750844765986,2025-06-25T12:46:05.986,33.220,0.065,0.598,1.805
1750844765996,2025-06-25T12:46:05.996,33.230,0.111,0.579,1.796
1750844766006,2025-06-25T12:46:06.006,33.240,0.162,0.558,1.774
1750844766016,2025-06-25T12:46:06.016,33.250,0.215,0.538,1.739
1750844766026,2025-06-25T12:46:06.026,33.260,0.255,0.524,1.701
1750844766036,2025-06-25T12:46:06.036,33.270,0.297,0.523,1.668
1750844766046,2025-06-25T12:46:06.046,33.280,0.335,0.509,1.615
1750844766056,2025-06-25T12:46:06.056,33.290,0.401,0.483,1.540
1750844766066,2025-06-25T12:46:06.066,33.300,0.507,0.458,1.480
1750844766076,2025-06-25T12:46:06.076,33.310,0.618,0.425,1.417
1750844766086,2025-06-25T12:46:06.086,33.320,0.682,0.383,1.362
1750844766096,2025-06-25T12:46:06.096,33.330,0.692,0.346,1.312
1750844766106,2025-06-25T12:46:06.106,33.340,0.685,0.308,1.275
1750844766116,2025-06-25T12:46:06.116,33.350,0.667,0.280,1.231
1750844766126,2025-06-25T12:46:06.126,33.360,0.621,0.251,1.177
1750844766136,2025-06-25T12:46:06.136,33.370,0.571,0.229,1.116
1750844766146,2025-06-25T12:46:06.146,33.380,0.549,0.218,1.042
1750844766156,2025-06-25T12:46:06.156,33.390,0.550,0.199,0.972
1750844766166,2025-06-25T12:46:06.166,33.400,0.553,0.172,0.909
1750844766176,2025-06-25T12:46:06.176,33.410,0.549,0.148,0.840
1750844766186,2025-06-25T12:46:06.186,33.420,0.535,0.128,0.766
1750844766196,2025-06-25T12:46:06.196,33.430,0.507,0.104,0.704
1750844766206,2025-06-25T12:46:06.206,33.440,0.484,0.077,0.650
1750844766216,2025-06-25T12:46:06.216,33.450,0.477,0.048,0.587
1750844766226,2025-06-25T12:46:06.226,33.460,0.468,0.032,0.537
1750844766236,2025-06-25T12:46:06.236,33.470,0.437,0.021,0.482
1750844766246,2025-06-25T12:46:06.246,33.480,0.406,0.010,0.423
1750844766256,2025-06-25T12:46:06.256,33.490,0.362,0.004,0.381
1750844766266,2025-06-25T12:46:06.266,33.500,0.260,-0.006,0.338
1750844766276,2025-06-25T12:46:06.276,33.510,0.126,-0.012,0.325
1750844766286,2025-06-25T12:46:06.286,33.520,0.056,-0.038,0.375
1750844766296,2025-06-25T12:46:06.296,33.530,-0.010,-0.044,0.525
1750844766306,2025-06-25T12:46:06.306,33.540,-0.121,-0.044,0.663
1750844766316,2025-06-25T12:46:06.316,33.550,-0.231,-0.076,0.660
1750844766326,2025-06-25T12:46:06.326,33.560,-0.336,-0.099,0.642
1750844766336,2025-06-25T12:46:06.336,33.570,-0.433,-0.070,0.661
1750844766346,2025-06-25T12:46:06.346,33.580,-0.503,-0.029,0.714
1750844766356,2025-06-25T12:46:06.356,33.590,-0.530,0.016,0.767
1750844766366,2025-06-25T12:46:06.366,33.600,-0.463,0.062,0.838
1750844766376,2025-06-25T12:46:06.376,33.610,-0.398,0.078,0.887
1750844766386,2025-06-25T12:46:06.386,33.620,-0.335,0.088,0.931
1750844766396,2025-06-25T12:46:06.396,33.630,-0.256,0.098,0.963
1750844766406,2025-06-25T12:46:06.406,33.640,-0.203,0.092,0.971
1750844766416,2025-06-25T12:46:06.416,33.650,-0.180,0.085,0.955
1750844766426,2025-06-25T12:46:06.426,33.660,-0.210,0.089,0.910
1750844766436,2025-06-25T12:46:06.436,33.670,-0.221,0.068,0.850
1750844766446,2025-06-25T12:46:06.446,33.680,-0.207,0.045,0.798
1750844766456,2025-06-25T12:46:06.456,33.690,-0.223,0.034,0.750
1750844766466,2025-06-25T12:46:06.466,33.700,-0.195,0.018,0.710
1750844766476,2025-06-25T12:46:06.476,33.710,-0.163,0.010,0.687
1750844766486,2025-06-25T12:46:06.486,33.720,-0.155,0.020,0.646
1750844766496,2025-06-25T12:46:06.496,33.730,-0.158,0.028,0.622
1750844766506,2025-06-25T12:46:06.506,33.740,-0.133,0.027,0.609
1750844766516,2025-06-25T12:46:06.516,33.750,-0.139,0.032,0.583
1750844766526,2025-06-25T12:46:06.526,33.760,-0.176,0.053,0.539
1750844766536,2025-06-25T12:46:06.536,33.770,-0.207,0.069,0.511
1750844766546,2025-06-25T12:46:06.546,33.780,-0.197,0.071,0.505
1750844766556,2025-06-25T12:46:06.556,33.790,-0.196,0.071,0.521
1750844766566,2025-06-25T12:46:06.566,33.800,-0.238,0.059,0.553
1750844766576,2025-06-25T12:46:06.576,33.810,-0.196,0.047,0.570
1750844766586,2025-06-25T12:46:06.586,33.820,-0.214,0.066,0.617
1750844766596,2025-06-25T12:46:06.596,33.830,-0.287,0.100,0.660
1750844766606,2025-06-25T12:46:06.606,33.840,-0.311,0.143,0.684
1750844766616,2025-06-25T12:46:06.616,33.850,-0.360,0.190,0.714
1750844766626,2025-06-25T12:46:06.626,33.860,-0.396,0.236,0.745
1750844766636,2025-06-25T12:46:06.636,33.870,-0.396,0.269,0.803
1750844766646,2025-06-25T12:46:06.646,33.880,-0.356,0.281,0.878
1750844766656,2025-06-25T12:46:06.656,33.890,-0.289,0.291,0.954
1750844766666,2025-06-25T12:46:06.666,33.900,-0.245,0.321,1.037
1750844766676,2025-06-25T12:46:06.676,33.910,-0.247,0.355,1.111
1750844766686,2025-06-25T12:46:06.686,33.920,-0.284,0.389,1.169
1750844766696,2025-06-25T12:46:06.696,33.930,-0.365,0.424,1.220
1750844766706,2025-06-25T12:46:06.706,33.940,-0.459,0.454,1.245
1750844766716,2025-06-25T12:46:06.716,33.950,-0.468,0.485,1.291
1750844766726,2025-06-25T12:46:06.726,33.960,-0.426,0.503,1.373
1750844766736,2025-06-25T12:46:06.736,33.970,-0.379,0.513,1.483
1750844766746,2025-06-25T12:46:06.746,33.980,-0.373,0.537,1.598
1750844766756,2025-06-25T12:46:06.756,33.990,-0.345,0.555,1.655
1750844766766,2025-06-25T12:46:06.766,34.000,-0.306,0.561,1.667
1750844766776,2025-06-25T12:46:06.776,34.010,-0.300,0.569,1.679
1750844766786,2025-06-25T12:46:06.786,34.020,-0.238,0.564,1.708
1750844766796,2025-06-25T12:46:06.796,34.030,-0.124,0.558,1.735
1750844766806,2025-06-25T12:46:06.806,34.040,-0.031,0.551,1.757
1750844766816,2025-06-25T12:46:06.816,34.050,0.033,0.538,1.774
1750844766826,2025-06-25T12:46:06.826,34.060,0.070,0.538,1.759
1750844766836,2025-06-25T12:46:06.836,34.070,0.079,0.544,1.718
1750844766846,2025-06-25T12:46:06.846,34.080,0.103,0.539,1.680
1750844766856,2025-06-25T12:46:06.856,34.090,0.139,0.516,1.649
1750844766866,2025-06-25T12:46:06.866,34.100,0.196,0.487,1.602
1750844766876,2025-06-25T12:46:06.876,34.110,0.277,0.451,1.548
1750844766886,2025-06-25T12:46:06.886,34.120,0.362,0.423,1.510
1750844766896,2025-06-25T12:46:06.896,34.130,0.452,0.391,1.494
1750844766906,2025-06-25T12:46:06.906,34.140,0.541,0.353,1.460
1750844766916,2025-06-25T12:46:06.916,34.150,0.619,0.323,1.414
1750844766926,2025-06-25T12:46:06.926,34.160,0.645,0.301,1.353
1750844766936,2025-06-25T12:46:06.936,34.170,0.624,0.279,1.292
1750844766946,2025-06-25T12:46:06.946,34.180,0.604,0.254,1.222
1750844766956,2025-06-25T12:46:06.956,34.190,0.612,0.236,1.151
1750844766966,2025-06-25T12:46:06.966,34.200,0.650,0.210,1.090
1750844766976,2025-06-25T12:46:06.976,34.210,0.702,0.176,1.034
1750844766986,2025-06-25T12:46:06.986,34.220,0.728,0.139,0.977
1750844766996,2025-06-25T12:46:06.996,34.230,0.729,0.106,0.911
1750844767006,2025-06-25T12:46:07.006,34.240,0.724,0.082,0.836
1750844767016,2025-06-25T12:46:07.016,34.250,0.702,0.056,0.784
1750844767026,2025-06-25T12:46:07.026,34.260,0.651,0.036,0.746
1750844767036,2025-06-25T12:46:07.036,34.270,0.592,0.013,0.690
1750844767046,2025-06-25T12:46:07.046,34.280,0.554,-0.003,0.635
1750844767056,2025-06-25T12:46:07.056,34.290,0.526,-0.006,0.589
1750844767066,2025-06-25T12:46:07.066,34.300,0.488,0.000,0.551
1750844767076,2025-06-25T12:46:07.076,34.310,0.444,-0.002,0.509
1750844767086,2025-06-25T12:46:07.086,34.320,0.402,-0.002,0.479
1750844767096,2025-06-25T12:46:07.096,34.330,0.379,0.004,0.454
1750844767106,2025-06-25T12:46:07.106,34.340,0.331,0.001,0.430
1750844767116,2025-06-25T12:46:07.116,34.350,0.200,-0.012,0.390
1750844767126,2025-06-25T12:46:07.126,34.360,0.067,-0.041,0.331
1750844767136,2025-06-25T12:46:07.136,34.370,-0.021,-0.063,0.388
1750844767146,2025-06-25T12:46:07.146,34.380,-0.146,-0.053,0.505
1750844767156,2025-06-25T12:46:07.156,34.390,-0.274,-0.079,0.569
1750844767166,2025-06-25T12:46:07.166,34.400,-0.371,-0.123,0.612
1750844767176,2025-06-25T12:46:07.176,34.410,-0.448,-0.139,0.649
1750844767186,2025-06-25T12:46:07.186,34.420,-0.482,-0.133,0.681
1750844767196,2025-06-25T12:46:07.196,34.430,-0.528,-0.092,0.707
1750844767206,2025-06-25T12:46:07.206,34.440,-0.615,-0.031,0.703
1750844767216,2025-06-25T12:46:07.216,34.450,-0.625,0.020,0.708
1750844767226,2025-06-25T12:46:07.226,34.460,-0.476,0.045,0.784
1750844767236,2025-06-25T12:46:07.236,34.470,-0.322,0.049,0.865
1750844767246,2025-06-25T12:46:07.246,34.480,-0.252,0.044,0.906
1750844767256,2025-06-25T12:46:07.256,34.490,-0.253,0.043,0.918
1750844767266,2025-06-25T12:46:07.266,34.500,-0.264,0.043,0.910
1750844767276,2025-06-25T12:46:07.276,34.510,-0.242,0.038,0.878
1750844767286,2025-06-25T12:46:07.286,34.520,-0.203,0.035,0.843
1750844767296,2025-06-25T12:46:07.296,34.530,-0.184,0.029,0.803
1750844767306,2025-06-25T12:46:07.306,34.540,-0.177,0.015,0.760
1750844767316,2025-06-25T12:46:07.316,34.550,-0.162,0.012,0.713
1750844767326,2025-06-25T12:46:07.326,34.560,-0.129,0.017,0.675
1750844767336,2025-06-25T12:46:07.336,34.570,-0.097,0.021,0.647
1750844767346,2025-06-25T12:46:07.346,34.580,-0.060,0.019,0.619
1750844767356,2025-06-25T12:46:07.356,34.590,-0.045,0.030,0.600
1750844767366,2025-06-25T12:46:07.366,34.600,-0.072,0.044,0.584
1750844767376,2025-06-25T12:46:07.376,34.610,-0.093,0.046,0.565
1750844767386,2025-06-25T12:46:07.386,34.620,-0.112,0.047,0.554
1750844767396,2025-06-25T12:46:07.396,34.630,-0.146,0.050,0.566
1750844767406,2025-06-25T12:46:07.406,34.640,-0.170,0.055,0.619
1750844767416,2025-06-25T12:46:07.416,34.650,-0.199,0.069,0.648
1750844767426,2025-06-25T12:46:07.426,34.660,-0.241,0.105,0.636
1750844767436,2025-06-25T12:46:07.436,34.670,-0.295,0.146,0.647
1750844767446,2025-06-25T12:46:07.446,34.680,-0.321,0.184,0.650
1750844767456,2025-06-25T12:46:07.456,34.690,-0.381,0.230,0.656
1750844767466,2025-06-25T12:46:07.466,34.700,-0.410,0.243,0.687
1750844767476,2025-06-25T12:46:07.476,34.710,-0.323,0.234,0.766
1750844767486,2025-06-25T12:46:07.486,34.720,-0.220,0.266,0.906
1750844767496,2025-06-25T12:46:07.496,34.730,-0.172,0.304,1.020
1750844767506,2025-06-25T12:46:07.506,34.740,-0.188,0.342,1.096
1750844767516,2025-06-25T12:46:07.516,34.750,-0.293,0.401,1.135
1750844767526,2025-06-25T12:46:07.526,34.760,-0.442,0.456,1.174
1750844767536,2025-06-25T12:46:07.536,34.770,-0.489,0.521,1.232
1750844767546,2025-06-25T12:46:07.546,34.780,-0.453,0.570,1.321
1750844767556,2025-06-25T12:46:07.556,34.790,-0.414,0.589,1.441
1750844767566,2025-06-25T12:46:07.566,34.800,-0.354,0.605,1.580
1750844767576,2025-06-25T12:46:07.576,34.810,-0.267,0.604,1.689
1750844767586,2025-06-25T12:46:07.586,34.820,-0.174,0.591,1.741
1750844767596,2025-06-25T12:46:07.596,34.830,-0.140,0.599,1.754
1750844767606,2025-06-25T12:46:07.606,34.840,-0.194,0.618,1.747
1750844767616,2025-06-25T12:46:07.616,34.850,-0.250,0.626,1.739
1750844767626,2025-06-25T12:46:07.626,34.860,-0.205,0.629,1.753
1750844767636,2025-06-25T12:46:07.636,34.870,-0.079,0.619,1.767
1750844767646,2025-06-25T12:46:07.646,34.880,0.046,0.601,1.771
1750844767656,2025-06-25T12:46:07.656,34.890,0.122,0.582,1.771
1750844767666,2025-06-25T12:46:07.666,34.900,0.172,0.561,1.741
1750844767676,2025-06-25T12:46:07.676,34.910,0.221,0.535,1.684
1750844767686,2025-06-25T12:46:07.686,34.920,0.271,0.510,1.634
1750844767696,2025-06-25T12:46:07.696,34.930,0.304,0.484,1.586
1750844767706,2025-06-25T12:46:07.706,34.940,0.338,0.456,1.526
1750844767716,2025-06-25T12:46:07.716,34.950,0.390,0.434,1.476
1750844767726,2025-06-25T12:46:07.726,34.960,0.452,0.415,1.439
1750844767736,2025-06-25T12:46:07.736,34.970,0.507,0.391,1.396
1750844767746,2025-06-25T12:46:07.746,34.980,0.550,0.351,1.355
1750844767756,2025-06-25T12:46:07.756,34.990,0.584,0.309,1.328
1750844767766,2025-06-25T12:46:07.766,35.000,0.598,0.276,1.289
1750844767776,2025-06-25T12:46:07.776,35.010,0.585,0.253,1.239
1750844767786,2025-06-25T12:46:07.786,35.020,0.558,0.242,1.201
1750844767796,2025-06-25T12:46:07.796,35.030,0.553,0.229,1.157
1750844767806,2025-06-25T12:46:07.806,35.040,0.583,0.215,1.120
1750844767816,2025-06-25T12:46:07.816,35.050,0.608,0.195,1.064
1750844767826,2025-06-25T12:46:07.826,35.060,0.630,0.175,0.998
1750844767836,2025-06-25T12:46:07.836,35.070,0.621,0.156,0.941
1750844767846,2025-06-25T12:46:07.846,35.080,0.603,0.116,0.897
1750844767856,2025-06-25T12:46:07.856,35.090,0.604,0.073,0.850
1750844767866,2025-06-25T12:46:07.866,35.100,0.590,0.048,0.798
1750844767876,2025-06-25T12:46:07.876,35.110,0.585,0.035,0.751
1750844767886,2025-06-25T12:46:07.886,35.120,0.582,0.025,0.698
1750844767896,2025-06-25T12:46:07.896,35.130,0.560,0.023,0.642
1750844767906,2025-06-25T12:46:07.906,35.140,0.548,0.021,0.571
1750844767916,2025-06-25T12:46:07.916,35.150,0.538,0.017,0.514
1750844767926,2025-06-25T12:46:07.926,35.160,0.515,0.030,0.478
1750844767936,2025-06-25T12:46:07.936,35.170,0.478,0.039,0.437
1750844767946,2025-06-25T12:46:07.946,35.180,0.437,0.040,0.412
1750844767956,2025-06-25T12:46:07.956,35.190,0.355,0.050,0.415
1750844767966,2025-06-25T12:46:07.966,35.200,0.198,0.056,0.438
1750844767976,2025-06-25T12:46:07.976,35.210,0.009,0.037,0.448
1750844767986,2025-06-25T12:46:07.986,35.220,-0.157,-0.004,0.464
1750844767996,2025-06-25T12:46:07.996,35.230,-0.327,-0.025,0.539
1750844768006,2025-06-25T12:46:08.006,35.240,-0.438,-0.042,0.619
1750844768016,2025-06-25T12:46:08.016,35.250,-0.395,-0.082,0.664
1750844768026,2025-06-25T12:46:08.026,35.260,-0.331,-0.091,0.707
1750844768036,2025-06-25T12:46:08.036,35.270,-0.373,-0.040,0.752
1750844768046,2025-06-25T12:46:08.046,35.280,-0.522,0.022,0.744
1750844768056,2025-06-25T12:46:08.056,35.290,-0.629,0.056,0.728
1750844768066,2025-06-25T12:46:08.066,35.300,-0.586,0.084,0.767
1750844768076,2025-06-25T12:46:08.076,35.310,-0.526,0.095,0.792
1750844768086,2025-06-25T12:46:08.086,35.320,-0.468,0.107,0.812
1750844768096,2025-06-25T12:46:08.096,35.330,-0.395,0.115,0.826
1750844768106,2025-06-25T12:46:08.106,35.340,-0.332,0.098,0.837
1750844768116,2025-06-25T12:46:08.116,35.350,-0.265,0.082,0.842
1750844768126,2025-06-25T12:46:08.126,35.360,-0.227,0.086,0.823
1750844768136,2025-06-25T12:46:08.136,35.370,-0.226,0.084,0.795
1750844768146,2025-06-25T12:46:08.146,35.380,-0.231,0.071,0.760
1750844768156,2025-06-25T12:46:08.156,35.390,-0.215,0.055,0.733
1750844768166,2025-06-25T12:46:08.166,35.400,-0.184,0.056,0.710
1750844768176,2025-06-25T12:46:08.176,35.410,-0.198,0.076,0.675
1750844768186,2025-06-25T12:46:08.186,35.420,-0.228,0.087,0.635
1750844768196,2025-06-25T12:46:08.196,35.430,-0.222,0.084,0.637
1750844768206,2025-06-25T12:46:08.206,35.440,-0.196,0.072,0.663
1750844768216,2025-06-25T12:46:08.216,35.450,-0.174,0.074,0.644
1750844768226,2025-06-25T12:46:08.226,35.460,-0.198,0.092,0.598
1750844768236,2025-06-25T12:46:08.236,35.470,-0.230,0.111,0.579
1750844768246,2025-06-25T12:46:08.246,35.480,-0.244,0.126,0.587
1750844768256,2025-06-25T12:46:08.256,35.490,-0.247,0.143,0.601
1750844768266,2025-06-25T12:46:08.266,35.500,-0.264,0.166,0.626
1750844768276,2025-06-25T12:46:08.276,35.510,-0.297,0.181,0.624
1750844768286,2025-06-25T12:46:08.286,35.520,-0.286,0.202,0.635
1750844768296,2025-06-25T12:46:08.296,35.530,-0.253,0.235,0.707
1750844768306,2025-06-25T12:46:08.306,35.540,-0.259,0.273,0.758
1750844768316,2025-06-25T12:46:08.316,35.550,-0.247,0.322,0.788
1750844768326,2025-06-25T12:46:08.326,35.560,-0.211,0.362,0.840
1750844768336,2025-06-25T12:46:08.336,35.570,-0.226,0.385,0.874
1750844768346,2025-06-25T12:46:08.346,35.580,-0.237,0.405,0.918
1750844768356,2025-06-25T12:46:08.356,35.590,-0.226,0.417,1.002
1750844768366,2025-06-25T12:46:08.366,35.600,-0.190,0.416,1.104
1750844768376,2025-06-25T12:46:08.376,35.610,-0.166,0.445,1.201
1750844768386,2025-06-25T12:46:08.386,35.620,-0.167,0.493,1.292
1750844768396,2025-06-25T12:46:08.396,35.630,-0.214,0.531,1.363
1750844768406,2025-06-25T12:46:08.406,35.640,-0.266,0.569,1.406
1750844768416,2025-06-25T12:46:08.416,35.650,-0.275,0.596,1.435
1750844768426,2025-06-25T12:46:08.426,35.660,-0.211,0.601,1.496
1750844768436,2025-06-25T12:46:08.436,35.670,-0.124,0.585,1.585
1750844768446,2025-06-25T12:46:08.446,35.680,0.005,0.562,1.680
1750844768456,2025-06-25T12:46:08.456,35.690,0.101,0.564,1.731
1750844768466,2025-06-25T12:46:08.466,35.700,0.143,0.579,1.750
1750844768476,2025-06-25T12:46:08.476,35.710,0.143,0.580,1.762
1750844768486,2025-06-25T12:46:08.486,35.720,0.125,0.573,1.764
1750844768496,2025-06-25T12:46:08.496,35.730,0.135,0.571,1.754
1750844768506,2025-06-25T12:46:08.506,35.740,0.181,0.563,1.743
1750844768516,2025-06-25T12:46:08.516,35.750,0.236,0.544,1.721
1750844768526,2025-06-25T12:46:08.526,35.760,0.316,0.524,1.689
1750844768536,2025-06-25T12:46:08.536,35.770,0.405,0.508,1.658
1750844768546,2025-06-25T12:46:08.546,35.780,0.502,0.490,1.630
1750844768556,2025-06-25T12:46:08.556,35.790,0.596,0.463,1.587
1750844768566,2025-06-25T12:46:08.566,35.800,0.634,0.433,1.547
1750844768576,2025-06-25T12:46:08.576,35.810,0.634,0.413,1.510
1750844768586,2025-06-25T12:46:08.586,35.820,0.627,0.406,1.474
1750844768596,2025-06-25T12:46:08.596,35.830,0.600,0.401,1.440
1750844768606,2025-06-25T12:46:08.606,35.840,0.551,0.380,1.401
1750844768616,2025-06-25T12:46:08.616,35.850,0.522,0.354,1.367
1750844768626,2025-06-25T12:46:08.626,35.860,0.522,0.345,1.318
1750844768636,2025-06-25T12:46:08.636,35.870,0.529,0.335,1.269
1750844768646,2025-06-25T12:46:08.646,35.880,0.508,0.317,1.229
1750844768656,2025-06-25T12:46:08.656,35.890,0.500,0.288,1.192
1750844768666,2025-06-25T12:46:08.666,35.900,0.496,0.257,1.146
1750844768676,2025-06-25T12:46:08.676,35.910,0.501,0.243,1.102
1750844768686,2025-06-25T12:46:08.686,35.920,0.508,0.234,1.059
1750844768696,2025-06-25T12:46:08.696,35.930,0.519,0.212,1.023
1750844768706,2025-06-25T12:46:08.706,35.940,0.568,0.192,0.962
1750844768716,2025-06-25T12:46:08.716,35.950,0.641,0.194,0.873
1750844768726,2025-06-25T12:46:08.726,35.960,0.679,0.198,0.757
1750844768736,2025-06-25T12:46:08.736,35.970,0.638,0.172,0.660
1750844768746,2025-06-25T12:46:08.746,35.980,0.593,0.118,0.592
1750844768756,2025-06-25T12:46:08.756,35.990,0.612,0.062,0.526
1750844768766,2025-06-25T12:46:08.766,36.000,0.624,0.035,0.474
1750844768776,2025-06-25T12:46:08.776,36.010,0.604,0.033,0.413
1750844768786,2025-06-25T12:46:08.786,36.020,0.583,0.033,0.371
1750844768796,2025-06-25T12:46:08.796,36.030,0.564,0.033,0.311
1750844768806,2025-06-25T12:46:08.806,36.040,0.521,0.031,0.213
1750844768816,2025-06-25T12:46:08.816,36.050,0.427,0.039,0.117
1750844768826,2025-06-25T12:46:08.826,36.060,0.300,0.040,0.090
1750844768836,2025-06-25T12:46:08.836,36.070,0.124,0.022,0.113
1750844768846,2025-06-25T12:46:08.846,36.080,0.002,0.017,0.193
1750844768856,2025-06-25T12:46:08.856,36.090,-0.100,0.025,0.321
1750844768866,2025-06-25T12:46:08.866,36.100,-0.191,-0.005,0.414
1750844768876,2025-06-25T12:46:08.876,36.110,-0.250,-0.031,0.469
1750844768886,2025-06-25T12:46:08.886,36.120,-0.350,-0.008,0.546
1750844768896,2025-06-25T12:46:08.896,36.130,-0.513,0.018,0.594
1750844768906,2025-06-25T12:46:08.906,36.140,-0.629,0.019,0.641
1750844768916,2025-06-25T12:46:08.916,36.150,-0.604,0.039,0.751
1750844768926,2025-06-25T12:46:08.926,36.160,-0.506,0.078,0.898
1750844768936,2025-06-25T12:46:08.936,36.170,-0.496,0.117,1.015
1750844768946,2025-06-25T12:46:08.946,36.180,-0.528,0.158,1.093
1750844768956,2025-06-25T12:46:08.956,36.190,-0.516,0.172,1.146
1750844768966,2025-06-25T12:46:08.966,36.200,-0.487,0.178,1.174
1750844768976,2025-06-25T12:46:08.976,36.210,-0.479,0.179,1.171
1750844768986,2025-06-25T12:46:08.986,36.220,-0.452,0.178,1.133
1750844768996,2025-06-25T12:46:08.996,36.230,-0.422,0.169,1.089
1750844769006,2025-06-25T12:46:09.006,36.240,-0.394,0.140,1.060
1750844769016,2025-06-25T12:46:09.016,36.250,-0.347,0.111,1.033
1750844769026,2025-06-25T12:46:09.026,36.260,-0.311,0.101,1.000
1750844769036,2025-06-25T12:46:09.036,36.270,-0.283,0.103,0.965
1750844769046,2025-06-25T12:46:09.046,36.280,-0.269,0.101,0.914
1750844769056,2025-06-25T12:46:09.056,36.290,-0.254,0.088,0.828
1750844769066,2025-06-25T12:46:09.066,36.300,-0.255,0.082,0.729
1750844769076,2025-06-25T12:46:09.076,36.310,-0.268,0.082,0.650
1750844769086,2025-06-25T12:46:09.086,36.320,-0.279,0.078,0.582
1750844769096,2025-06-25T12:46:09.096,36.330,-0.271,0.063,0.527
1750844769106,2025-06-25T12:46:09.106,36.340,-0.234,0.036,0.498
1750844769116,2025-06-25T12:46:09.116,36.350,-0.187,0.025,0.462
1750844769126,2025-06-25T12:46:09.126,36.360,-0.182,0.025,0.435
1750844769136,2025-06-25T12:46:09.136,36.370,-0.183,0.027,0.458
1750844769146,2025-06-25T12:46:09.146,36.380,-0.155,0.037,0.498
1750844769156,2025-06-25T12:46:09.156,36.390,-0.137,0.063,0.537
1750844769166,2025-06-25T12:46:09.166,36.400,-0.150,0.107,0.594
1750844769176,2025-06-25T12:46:09.176,36.410,-0.195,0.151,0.639
1750844769186,2025-06-25T12:46:09.186,36.420,-0.261,0.213,0.649
1750844769196,2025-06-25T12:46:09.196,36.430,-0.287,0.276,0.683
1750844769206,2025-06-25T12:46:09.206,36.440,-0.288,0.327,0.749
1750844769216,2025-06-25T12:46:09.216,36.450,-0.268,0.349,0.833
1750844769226,2025-06-25T12:46:09.226,36.460,-0.217,0.357,0.950
1750844769236,2025-06-25T12:46:09.236,36.470,-0.159,0.370,1.070
1750844769246,2025-06-25T12:46:09.246,36.480,-0.140,0.393,1.172
1750844769256,2025-06-25T12:46:09.256,36.490,-0.186,0.418,1.285
1750844769266,2025-06-25T12:46:09.266,36.500,-0.237,0.449,1.365
1750844769276,2025-06-25T12:46:09.276,36.510,-0.281,0.489,1.405
1750844769286,2025-06-25T12:46:09.286,36.520,-0.327,0.535,1.442
1750844769296,2025-06-25T12:46:09.296,36.530,-0.348,0.554,1.500
1750844769306,2025-06-25T12:46:09.306,36.540,-0.239,0.551,1.617
1750844769316,2025-06-25T12:46:09.316,36.550,-0.058,0.537,1.777
1750844769326,2025-06-25T12:46:09.326,36.560,0.085,0.533,1.849
1750844769336,2025-06-25T12:46:09.336,36.570,0.099,0.547,1.827
1750844769346,2025-06-25T12:46:09.346,36.580,0.053,0.567,1.813
1750844769356,2025-06-25T12:46:09.356,36.590,0.073,0.567,1.819
1750844769366,2025-06-25T12:46:09.366,36.600,0.139,0.556,1.820
1750844769376,2025-06-25T12:46:09.376,36.610,0.201,0.545,1.816
1750844769386,2025-06-25T12:46:09.386,36.620,0.279,0.540,1.788
1750844769396,2025-06-25T12:46:09.396,36.630,0.390,0.529,1.747
1750844769406,2025-06-25T12:46:09.406,36.640,0.497,0.512,1.710
1750844769416,2025-06-25T12:46:09.416,36.650,0.607,0.478,1.667
1750844769426,2025-06-25T12:46:09.426,36.660,0.748,0.425,1.603
1750844769436,2025-06-25T12:46:09.436,36.670,0.868,0.365,1.542
1750844769446,2025-06-25T12:46:09.446,36.680,0.824,0.318,1.486
1750844769456,2025-06-25T12:46:09.456,36.690,0.707,0.306,1.424
1750844769466,2025-06-25T12:46:09.466,36.700,0.640,0.295,1.377
1750844769476,2025-06-25T12:46:09.476,36.710,0.597,0.281,1.340
1750844769486,2025-06-25T12:46:09.486,36.720,0.513,0.279,1.281
1750844769496,2025-06-25T12:46:09.496,36.730,0.472,0.271,1.212
1750844769506,2025-06-25T12:46:09.506,36.740,0.495,0.251,1.162
1750844769516,2025-06-25T12:46:09.516,36.750,0.524,0.239,1.092
1750844769526,2025-06-25T12:46:09.526,36.760,0.520,0.220,1.035
1750844769536,2025-06-25T12:46:09.536,36.770,0.515,0.193,0.979
1750844769546,2025-06-25T12:46:09.546,36.780,0.508,0.156,0.932
1750844769556,2025-06-25T12:46:09.556,36.790,0.490,0.134,0.884
1750844769566,2025-06-25T12:46:09.566,36.800,0.479,0.122,0.832
1750844769576,2025-06-25T12:46:09.576,36.810,0.476,0.107,0.780
1750844769586,2025-06-25T12:46:09.586,36.820,0.459,0.088,0.734
1750844769596,2025-06-25T12:46:09.596,36.830,0.449,0.059,0.673
1750844769606,2025-06-25T12:46:09.606,36.840,0.445,0.036,0.620
1750844769616,2025-06-25T12:46:09.616,36.850,0.433,0.022,0.573
1750844769626,2025-06-25T12:46:09.626,36.860,0.418,-0.003,0.531
1750844769636,2025-06-25T12:46:09.636,36.870,0.396,-0.016,0.499
1750844769646,2025-06-25T12:46:09.646,36.880,0.363,-0.029,0.466
1750844769656,2025-06-25T12:46:09.656,36.890,0.325,-0.050,0.424
1750844769666,2025-06-25T12:46:09.666,36.900,0.305,-0.060,0.377
1750844769676,2025-06-25T12:46:09.676,36.910,0.274,-0.064,0.352
1750844769686,2025-06-25T12:46:09.686,36.920,0.211,-0.081,0.347
1750844769696,2025-06-25T12:46:09.696,36.930,0.163,-0.083,0.334
1750844769706,2025-06-25T12:46:09.706,36.940,0.153,-0.065,0.356
1750844769716,2025-06-25T12:46:09.716,36.950,0.070,-0.026,0.447
1750844769726,2025-06-25T12:46:09.726,36.960,-0.077,-0.012,0.526
1750844769736,2025-06-25T12:46:09.736,36.970,-0.143,-0.022,0.582
1750844769746,2025-06-25T12:46:09.746,36.980,-0.181,-0.011,0.649
1750844769756,2025-06-25T12:46:09.756,36.990,-0.289,0.010,0.735
1750844769766,2025-06-25T12:46:09.766,37.000,-0.352,0.026,0.783
1750844769776,2025-06-25T12:46:09.776,37.010,-0.377,0.078,0.807
1750844769786,2025-06-25T12:46:09.786,37.020,-0.424,0.131,0.848
1750844769796,2025-06-25T12:46:09.796,37.030,-0.489,0.153,0.902
1750844769806,2025-06-25T12:46:09.806,37.040,-0.527,0.164,0.957
1750844769816,2025-06-25T12:46:09.816,37.050,-0.489,0.167,0.990
