epoch (ms),time (03:00),elapsed (s),x-axis (g),y-axis (g),z-axis (g)
1751288880171,2025-06-30T16:08:00.171,0.000,0.380,-0.079,1.137
1751288880181,2025-06-30T16:08:00.181,0.010,0.395,-0.095,1.180
1751288880191,2025-06-30T16:08:00.191,0.020,0.401,-0.092,1.200
1751288880201,2025-06-30T16:08:00.201,0.030,0.396,-0.081,1.219
1751288880211,2025-06-30T16:08:00.211,0.040,0.401,-0.087,1.237
1751288880221,2025-06-30T16:08:00.221,0.050,0.420,-0.100,1.253
1751288880231,2025-06-30T16:08:00.231,0.060,0.432,-0.103,1.247
1751288880241,2025-06-30T16:08:00.241,0.070,0.421,-0.090,1.228
1751288880251,2025-06-30T16:08:00.251,0.080,0.390,-0.049,1.172
1751288880261,2025-06-30T16:08:00.261,0.090,0.357,0.008,1.076
1751288880271,2025-06-30T16:08:00.271,0.100,0.337,0.070,0.973
1751288880281,2025-06-30T16:08:00.281,0.110,0.327,0.123,0.895
1751288880291,2025-06-30T16:08:00.291,0.120,0.359,0.141,0.854
1751288880301,2025-06-30T16:08:00.301,0.130,0.435,0.131,0.824
1751288880311,2025-06-30T16:08:00.311,0.140,0.516,0.126,0.783
1751288880321,2025-06-30T16:08:00.321,0.150,0.607,0.099,0.741
1751288880331,2025-06-30T16:08:00.331,0.160,0.710,0.034,0.674
1751288880341,2025-06-30T16:08:00.341,0.170,0.700,0.022,0.690
1751288880351,2025-06-30T16:08:00.351,0.180,0.601,0.044,0.723
1751288880361,2025-06-30T16:08:00.361,0.190,0.503,0.050,0.711
1751288880371,2025-06-30T16:08:00.371,0.200,0.374,0.039,0.703
1751288880381,2025-06-30T16:08:00.381,0.210,0.252,0.046,0.722
1751288880391,2025-06-30T16:08:00.391,0.220,0.155,0.044,0.701
1751288880401,2025-06-30T16:08:00.401,0.230,-0.016,0.068,0.707
1751288880411,2025-06-30T16:08:00.411,0.240,-0.197,0.077,0.685
1751288880421,2025-06-30T16:08:00.421,0.250,-0.335,0.088,0.640
1751288880431,2025-06-30T16:08:00.431,0.260,-0.479,0.117,0.610
1751288880441,2025-06-30T16:08:00.441,0.270,-0.568,0.156,0.583
1751288880451,2025-06-30T16:08:00.451,0.280,-0.653,0.212,0.550
1751288880461,2025-06-30T16:08:00.461,0.290,-0.742,0.214,0.546
1751288880471,2025-06-30T16:08:00.471,0.300,-0.749,0.205,0.583
1751288880481,2025-06-30T16:08:00.481,0.310,-0.712,0.207,0.628
1751288880491,2025-06-30T16:08:00.491,0.320,-0.720,0.223,0.650
1751288880501,2025-06-30T16:08:00.501,0.330,-0.768,0.229,0.659
1751288880511,2025-06-30T16:08:00.511,0.340,-0.807,0.229,0.652
1751288880521,2025-06-30T16:08:00.521,0.350,-0.854,0.224,0.647
1751288880531,2025-06-30T16:08:00.531,0.360,-0.896,0.222,0.665
1751288880541,2025-06-30T16:08:00.541,0.370,-0.903,0.223,0.702
1751288880551,2025-06-30T16:08:00.551,0.380,-0.895,0.210,0.722
1751288880561,2025-06-30T16:08:00.561,0.390,-0.881,0.183,0.729
1751288880571,2025-06-30T16:08:00.571,0.400,-0.860,0.174,0.752
1751288880581,2025-06-30T16:08:00.581,0.410,-0.834,0.168,0.772
1751288880591,2025-06-30T16:08:00.591,0.420,-0.814,0.175,0.773
1751288880601,2025-06-30T16:08:00.601,0.430,-0.842,0.197,0.763
1751288880611,2025-06-30T16:08:00.611,0.440,-0.867,0.215,0.754
1751288880621,2025-06-30T16:08:00.621,0.450,-0.872,0.233,0.792
1751288880631,2025-06-30T16:08:00.631,0.460,-0.850,0.241,0.833
1751288880641,2025-06-30T16:08:00.641,0.470,-0.852,0.238,0.847
1751288880651,2025-06-30T16:08:00.651,0.480,-0.849,0.240,0.874
1751288880661,2025-06-30T16:08:00.661,0.490,-0.751,0.235,0.889
1751288880671,2025-06-30T16:08:00.671,0.500,-0.583,0.209,0.906
1751288880681,2025-06-30T16:08:00.681,0.510,-0.413,0.162,0.977
1751288880691,2025-06-30T16:08:00.691,0.520,-0.265,0.119,1.076
1751288880701,2025-06-30T16:08:00.701,0.530,-0.134,0.107,1.132
1751288880711,2025-06-30T16:08:00.711,0.540,-0.024,0.143,1.131
1751288880721,2025-06-30T16:08:00.721,0.550,0.063,0.198,1.088
1751288880731,2025-06-30T16:08:00.731,0.560,0.113,0.232,1.067
1751288880741,2025-06-30T16:08:00.741,0.570,0.169,0.193,1.059
1751288880751,2025-06-30T16:08:00.751,0.580,0.287,0.105,1.054
1751288880761,2025-06-30T16:08:00.761,0.590,0.389,0.065,1.045
1751288880771,2025-06-30T16:08:00.771,0.600,0.470,0.054,1.042
1751288880781,2025-06-30T16:08:00.781,0.610,0.544,0.032,1.060
1751288880791,2025-06-30T16:08:00.791,0.620,0.573,0.004,1.083
1751288880801,2025-06-30T16:08:00.801,0.630,0.586,-0.021,1.085
1751288880811,2025-06-30T16:08:00.811,0.640,0.619,-0.027,1.063
1751288880821,2025-06-30T16:08:00.821,0.650,0.637,0.005,1.025
1751288880831,2025-06-30T16:08:00.831,0.660,0.584,0.066,0.972
1751288880841,2025-06-30T16:08:00.841,0.670,0.509,0.128,0.898
1751288880851,2025-06-30T16:08:00.851,0.680,0.443,0.177,0.826
1751288880861,2025-06-30T16:08:00.861,0.690,0.396,0.200,0.783
1751288880871,2025-06-30T16:08:00.871,0.700,0.385,0.188,0.757
1751288880881,2025-06-30T16:08:00.881,0.710,0.383,0.144,0.749
1751288880891,2025-06-30T16:08:00.891,0.720,0.359,0.100,0.763
1751288880901,2025-06-30T16:08:00.901,0.730,0.325,0.076,0.774
1751288880911,2025-06-30T16:08:00.911,0.740,0.284,0.068,0.790
1751288880921,2025-06-30T16:08:00.921,0.750,0.253,0.051,0.803
1751288880931,2025-06-30T16:08:00.931,0.760,0.247,0.014,0.816
1751288880941,2025-06-30T16:08:00.941,0.770,0.248,-0.025,0.832
1751288880951,2025-06-30T16:08:00.951,0.780,0.295,-0.071,0.856
1751288880961,2025-06-30T16:08:00.961,0.790,0.350,-0.105,0.889
1751288880971,2025-06-30T16:08:00.971,0.800,0.368,-0.119,0.914
1751288880981,2025-06-30T16:08:00.981,0.810,0.366,-0.117,0.909
1751288880991,2025-06-30T16:08:00.991,0.820,0.358,-0.111,0.891
1751288881001,2025-06-30T16:08:01.001,0.830,0.345,-0.100,0.880
1751288881011,2025-06-30T16:08:01.011,0.840,0.311,-0.087,0.873
1751288881021,2025-06-30T16:08:01.021,0.850,0.278,-0.069,0.867
1751288881031,2025-06-30T16:08:01.031,0.860,0.273,-0.058,0.859
1751288881041,2025-06-30T16:08:01.041,0.870,0.288,-0.061,0.854
1751288881051,2025-06-30T16:08:01.051,0.880,0.305,-0.070,0.861
1751288881061,2025-06-30T16:08:01.061,0.890,0.335,-0.081,0.864
1751288881071,2025-06-30T16:08:01.071,0.900,0.358,-0.085,0.867
1751288881081,2025-06-30T16:08:01.081,0.910,0.358,-0.087,0.870
1751288881091,2025-06-30T16:08:01.091,0.920,0.360,-0.088,0.868
1751288881101,2025-06-30T16:08:01.101,0.930,0.368,-0.095,0.863
1751288881111,2025-06-30T16:08:01.111,0.940,0.388,-0.098,0.870
1751288881121,2025-06-30T16:08:01.121,0.950,0.432,-0.099,0.883
1751288881131,2025-06-30T16:08:01.131,0.960,0.464,-0.108,0.903
1751288881141,2025-06-30T16:08:01.141,0.970,0.485,-0.116,0.923
1751288881151,2025-06-30T16:08:01.151,0.980,0.519,-0.118,0.935
1751288881161,2025-06-30T16:08:01.161,0.990,0.558,-0.106,0.950
1751288881171,2025-06-30T16:08:01.171,1.000,0.588,-0.090,0.947
1751288881181,2025-06-30T16:08:01.181,1.010,0.595,-0.062,0.915
1751288881191,2025-06-30T16:08:01.191,1.020,0.582,-0.027,0.901
1751288881201,2025-06-30T16:08:01.201,1.030,0.544,-0.002,0.894
1751288881211,2025-06-30T16:08:01.211,1.040,0.473,0.020,0.937
1751288881221,2025-06-30T16:08:01.221,1.050,0.415,0.020,0.879
1751288881231,2025-06-30T16:08:01.231,1.060,0.295,0.046,0.844
1751288881241,2025-06-30T16:08:01.241,1.070,0.107,0.078,0.820
1751288881251,2025-06-30T16:08:01.251,1.080,-0.079,0.100,0.742
1751288881261,2025-06-30T16:08:01.261,1.090,-0.334,0.132,0.689
1751288881271,2025-06-30T16:08:01.271,1.100,-0.584,0.170,0.631
1751288881281,2025-06-30T16:08:01.281,1.110,-0.769,0.221,0.587
1751288881291,2025-06-30T16:08:01.291,1.120,-0.912,0.254,0.617
1751288881301,2025-06-30T16:08:01.301,1.130,-0.998,0.230,0.696
1751288881311,2025-06-30T16:08:01.311,1.140,-0.998,0.193,0.819
1751288881321,2025-06-30T16:08:01.321,1.150,-0.905,0.167,0.875
1751288881331,2025-06-30T16:08:01.331,1.160,-0.831,0.162,0.884
1751288881341,2025-06-30T16:08:01.341,1.170,-0.814,0.172,0.872
1751288881351,2025-06-30T16:08:01.351,1.180,-0.824,0.186,0.856
1751288881361,2025-06-30T16:08:01.361,1.190,-0.845,0.191,0.861
1751288881371,2025-06-30T16:08:01.371,1.200,-0.850,0.197,0.856
1751288881381,2025-06-30T16:08:01.381,1.210,-0.885,0.196,0.871
1751288881391,2025-06-30T16:08:01.391,1.220,-0.930,0.190,0.898
1751288881401,2025-06-30T16:08:01.401,1.230,-0.937,0.188,0.904
1751288881411,2025-06-30T16:08:01.411,1.240,-0.879,0.195,0.888
1751288881421,2025-06-30T16:08:01.421,1.250,-0.788,0.225,0.849
1751288881431,2025-06-30T16:08:01.431,1.260,-0.712,0.274,0.794
1751288881441,2025-06-30T16:08:01.441,1.270,-0.651,0.320,0.740
1751288881451,2025-06-30T16:08:01.451,1.280,-0.619,0.354,0.711
1751288881461,2025-06-30T16:08:01.461,1.290,-0.618,0.372,0.688
1751288881471,2025-06-30T16:08:01.471,1.300,-0.622,0.365,0.682
1751288881481,2025-06-30T16:08:01.481,1.310,-0.593,0.353,0.683
1751288881491,2025-06-30T16:08:01.491,1.320,-0.575,0.351,0.706
1751288881501,2025-06-30T16:08:01.501,1.330,-0.551,0.343,0.725
1751288881511,2025-06-30T16:08:01.511,1.340,-0.511,0.316,0.745
1751288881521,2025-06-30T16:08:01.521,1.350,-0.428,0.271,0.757
1751288881531,2025-06-30T16:08:01.531,1.360,-0.313,0.230,0.770
1751288881541,2025-06-30T16:08:01.541,1.370,-0.191,0.187,0.796
1751288881551,2025-06-30T16:08:01.551,1.380,-0.080,0.156,0.831
1751288881561,2025-06-30T16:08:01.561,1.390,0.042,0.130,0.868
1751288881571,2025-06-30T16:08:01.571,1.400,0.180,0.101,0.906
1751288881581,2025-06-30T16:08:01.581,1.410,0.313,0.080,0.969
1751288881591,2025-06-30T16:08:01.591,1.420,0.415,0.064,1.011
1751288881601,2025-06-30T16:08:01.601,1.430,0.459,0.058,1.036
1751288881611,2025-06-30T16:08:01.611,1.440,0.460,0.063,1.010
1751288881621,2025-06-30T16:08:01.621,1.450,0.458,0.064,0.959
1751288881631,2025-06-30T16:08:01.631,1.460,0.471,0.063,0.933
1751288881641,2025-06-30T16:08:01.641,1.470,0.484,0.072,0.896
1751288881651,2025-06-30T16:08:01.651,1.480,0.495,0.091,0.841
1751288881661,2025-06-30T16:08:01.661,1.490,0.494,0.113,0.808
1751288881671,2025-06-30T16:08:01.671,1.500,0.478,0.133,0.792
1751288881681,2025-06-30T16:08:01.681,1.510,0.468,0.137,0.799
1751288881691,2025-06-30T16:08:01.691,1.520,0.473,0.131,0.819
1751288881701,2025-06-30T16:08:01.701,1.530,0.490,0.113,0.844
1751288881711,2025-06-30T16:08:01.711,1.540,0.499,0.096,0.868
1751288881721,2025-06-30T16:08:01.721,1.550,0.497,0.083,0.872
1751288881731,2025-06-30T16:08:01.731,1.560,0.494,0.076,0.877
1751288881741,2025-06-30T16:08:01.741,1.570,0.474,0.073,0.899
1751288881751,2025-06-30T16:08:01.751,1.580,0.469,0.071,0.901
1751288881761,2025-06-30T16:08:01.761,1.590,0.473,0.072,0.883
1751288881771,2025-06-30T16:08:01.771,1.600,0.485,0.071,0.879
1751288881781,2025-06-30T16:08:01.781,1.610,0.520,0.068,0.890
1751288881791,2025-06-30T16:08:01.791,1.620,0.554,0.063,0.910
1751288881801,2025-06-30T16:08:01.801,1.630,0.557,0.053,0.931
1751288881811,2025-06-30T16:08:01.811,1.640,0.522,0.045,0.950
1751288881821,2025-06-30T16:08:01.821,1.650,0.491,0.034,0.958
1751288881831,2025-06-30T16:08:01.831,1.660,0.477,0.021,0.957
1751288881841,2025-06-30T16:08:01.841,1.670,0.481,-0.003,0.966
1751288881851,2025-06-30T16:08:01.851,1.680,0.489,-0.033,1.004
1751288881861,2025-06-30T16:08:01.861,1.690,0.497,-0.069,1.052
1751288881871,2025-06-30T16:08:01.871,1.700,0.500,-0.102,1.080
1751288881881,2025-06-30T16:08:01.881,1.710,0.496,-0.096,1.090
1751288881891,2025-06-30T16:08:01.891,1.720,0.489,-0.057,1.108
1751288881901,2025-06-30T16:08:01.901,1.730,0.480,-0.016,1.114
1751288881911,2025-06-30T16:08:01.911,1.740,0.497,0.021,1.098
1751288881921,2025-06-30T16:08:01.921,1.750,0.536,0.058,1.066
1751288881931,2025-06-30T16:08:01.931,1.760,0.547,0.089,1.079
1751288881941,2025-06-30T16:08:01.941,1.770,0.505,0.061,1.155
1751288881951,2025-06-30T16:08:01.951,1.780,0.486,-0.034,1.215
1751288881961,2025-06-30T16:08:01.961,1.790,0.523,-0.096,1.233
1751288881971,2025-06-30T16:08:01.971,1.800,0.568,-0.096,1.233
1751288881981,2025-06-30T16:08:01.981,1.810,0.595,-0.091,1.223
1751288881991,2025-06-30T16:08:01.991,1.820,0.591,-0.088,1.202
1751288882001,2025-06-30T16:08:02.001,1.830,0.576,-0.081,1.173
1751288882011,2025-06-30T16:08:02.011,1.840,0.542,-0.048,1.108
1751288882021,2025-06-30T16:08:02.021,1.850,0.477,0.005,1.062
1751288882031,2025-06-30T16:08:02.031,1.860,0.394,0.070,0.958
1751288882041,2025-06-30T16:08:02.041,1.870,0.305,0.139,0.836
1751288882051,2025-06-30T16:08:02.051,1.880,0.217,0.174,0.772
1751288882061,2025-06-30T16:08:02.061,1.890,0.103,0.189,0.677
1751288882071,2025-06-30T16:08:02.071,1.900,-0.032,0.206,0.623
1751288882081,2025-06-30T16:08:02.081,1.910,-0.155,0.212,0.590
1751288882091,2025-06-30T16:08:02.091,1.920,-0.227,0.209,0.589
1751288882101,2025-06-30T16:08:02.101,1.930,-0.279,0.187,0.573
1751288882111,2025-06-30T16:08:02.111,1.940,-0.361,0.183,0.550
1751288882121,2025-06-30T16:08:02.121,1.950,-0.478,0.181,0.527
1751288882131,2025-06-30T16:08:02.131,1.960,-0.556,0.161,0.516
1751288882141,2025-06-30T16:08:02.141,1.970,-0.622,0.138,0.540
1751288882151,2025-06-30T16:08:02.151,1.980,-0.668,0.103,0.571
1751288882161,2025-06-30T16:08:02.161,1.990,-0.683,0.063,0.587
1751288882171,2025-06-30T16:08:02.171,2.000,-0.676,0.040,0.634
1751288882181,2025-06-30T16:08:02.181,2.010,-0.616,0.035,0.686
1751288882191,2025-06-30T16:08:02.191,2.020,-0.572,0.039,0.705
1751288882201,2025-06-30T16:08:02.201,2.030,-0.588,0.057,0.708
1751288882211,2025-06-30T16:08:02.211,2.040,-0.617,0.079,0.695
1751288882221,2025-06-30T16:08:02.221,2.050,-0.645,0.087,0.669
1751288882231,2025-06-30T16:08:02.231,2.060,-0.665,0.091,0.663
1751288882241,2025-06-30T16:08:02.241,2.070,-0.672,0.101,0.664
1751288882251,2025-06-30T16:08:02.251,2.080,-0.677,0.102,0.667
1751288882261,2025-06-30T16:08:02.261,2.090,-0.654,0.095,0.673
1751288882271,2025-06-30T16:08:02.271,2.100,-0.627,0.098,0.689
1751288882281,2025-06-30T16:08:02.281,2.110,-0.627,0.090,0.703
1751288882291,2025-06-30T16:08:02.291,2.120,-0.654,0.080,0.717
1751288882301,2025-06-30T16:08:02.301,2.130,-0.673,0.067,0.712
1751288882311,2025-06-30T16:08:02.311,2.140,-0.673,0.055,0.714
1751288882321,2025-06-30T16:08:02.321,2.150,-0.681,0.054,0.737
1751288882331,2025-06-30T16:08:02.331,2.160,-0.694,0.059,0.771
1751288882341,2025-06-30T16:08:02.341,2.170,-0.693,0.063,0.803
1751288882351,2025-06-30T16:08:02.351,2.180,-0.686,0.076,0.833
1751288882361,2025-06-30T16:08:02.361,2.190,-0.687,0.089,0.837
1751288882371,2025-06-30T16:08:02.371,2.200,-0.675,0.083,0.836
1751288882381,2025-06-30T16:08:02.381,2.210,-0.612,0.070,0.829
1751288882391,2025-06-30T16:08:02.391,2.220,-0.450,0.056,0.866
1751288882401,2025-06-30T16:08:02.401,2.230,-0.267,0.036,0.921
1751288882411,2025-06-30T16:08:02.411,2.240,-0.180,0.028,0.977
1751288882421,2025-06-30T16:08:02.421,2.250,-0.174,0.035,1.001
1751288882431,2025-06-30T16:08:02.431,2.260,-0.190,0.048,0.987
1751288882441,2025-06-30T16:08:02.441,2.270,-0.178,0.056,0.980
1751288882451,2025-06-30T16:08:02.451,2.280,-0.086,0.042,0.962
1751288882461,2025-06-30T16:08:02.461,2.290,0.069,0.017,0.945
1751288882471,2025-06-30T16:08:02.471,2.300,0.257,-0.016,0.933
1751288882481,2025-06-30T16:08:02.481,2.310,0.449,-0.052,0.920
1751288882491,2025-06-30T16:08:02.491,2.320,0.595,-0.068,0.948
1751288882501,2025-06-30T16:08:02.501,2.330,0.673,-0.076,0.974
1751288882511,2025-06-30T16:08:02.511,2.340,0.690,-0.078,0.980
1751288882521,2025-06-30T16:08:02.521,2.350,0.677,-0.080,0.987
1751288882531,2025-06-30T16:08:02.531,2.360,0.657,-0.078,0.979
1751288882541,2025-06-30T16:08:02.541,2.370,0.638,-0.067,0.957
1751288882551,2025-06-30T16:08:02.551,2.380,0.603,-0.046,0.932
1751288882561,2025-06-30T16:08:02.561,2.390,0.589,-0.020,0.930
1751288882571,2025-06-30T16:08:02.571,2.400,0.610,-0.008,0.952
1751288882581,2025-06-30T16:08:02.581,2.410,0.624,-0.017,0.988
1751288882591,2025-06-30T16:08:02.591,2.420,0.615,-0.039,1.025
1751288882601,2025-06-30T16:08:02.601,2.430,0.579,-0.037,1.068
1751288882611,2025-06-30T16:08:02.611,2.440,0.541,-0.026,1.087
1751288882621,2025-06-30T16:08:02.621,2.450,0.512,-0.019,1.103
1751288882631,2025-06-30T16:08:02.631,2.460,0.478,-0.022,1.113
1751288882641,2025-06-30T16:08:02.641,2.470,0.489,-0.049,1.123
1751288882651,2025-06-30T16:08:02.651,2.480,0.535,-0.090,1.143
1751288882661,2025-06-30T16:08:02.661,2.490,0.587,-0.115,1.147
1751288882671,2025-06-30T16:08:02.671,2.500,0.636,-0.120,1.126
1751288882681,2025-06-30T16:08:02.681,2.510,0.647,-0.080,1.053
1751288882691,2025-06-30T16:08:02.691,2.520,0.615,0.007,0.936
1751288882701,2025-06-30T16:08:02.701,2.530,0.557,0.096,0.830
1751288882711,2025-06-30T16:08:02.711,2.540,0.501,0.160,0.772
1751288882721,2025-06-30T16:08:02.721,2.550,0.484,0.187,0.728
1751288882731,2025-06-30T16:08:02.731,2.560,0.490,0.176,0.695
1751288882741,2025-06-30T16:08:02.741,2.570,0.493,0.150,0.676
1751288882751,2025-06-30T16:08:02.751,2.580,0.498,0.126,0.673
1751288882761,2025-06-30T16:08:02.761,2.590,0.492,0.116,0.675
1751288882771,2025-06-30T16:08:02.771,2.600,0.496,0.119,0.681
1751288882781,2025-06-30T16:08:02.781,2.610,0.523,0.120,0.698
1751288882791,2025-06-30T16:08:02.791,2.620,0.538,0.116,0.721
1751288882801,2025-06-30T16:08:02.801,2.630,0.540,0.102,0.740
1751288882811,2025-06-30T16:08:02.811,2.640,0.557,0.075,0.752
1751288882821,2025-06-30T16:08:02.821,2.650,0.600,0.048,0.770
1751288882831,2025-06-30T16:08:02.831,2.660,0.650,0.027,0.812
1751288882841,2025-06-30T16:08:02.841,2.670,0.689,0.005,0.857
1751288882851,2025-06-30T16:08:02.851,2.680,0.686,-0.011,0.890
1751288882861,2025-06-30T16:08:02.861,2.690,0.647,-0.018,0.896
1751288882871,2025-06-30T16:08:02.871,2.700,0.620,-0.017,0.891
1751288882881,2025-06-30T16:08:02.881,2.710,0.607,-0.010,0.880
1751288882891,2025-06-30T16:08:02.891,2.720,0.616,-0.002,0.865
1751288882901,2025-06-30T16:08:02.901,2.730,0.640,0.001,0.860
1751288882911,2025-06-30T16:08:02.911,2.740,0.676,0.015,0.851
1751288882921,2025-06-30T16:08:02.921,2.750,0.683,0.033,0.840
1751288882931,2025-06-30T16:08:02.931,2.760,0.639,0.054,0.826
1751288882941,2025-06-30T16:08:02.941,2.770,0.548,0.088,0.818
1751288882951,2025-06-30T16:08:02.951,2.780,0.472,0.108,0.813
1751288882961,2025-06-30T16:08:02.961,2.790,0.447,0.127,0.766
1751288882971,2025-06-30T16:08:02.971,2.800,0.461,0.135,0.774
1751288882981,2025-06-30T16:08:02.981,2.810,0.479,0.132,0.742
1751288882991,2025-06-30T16:08:02.991,2.820,0.476,0.115,0.717
1751288883001,2025-06-30T16:08:03.001,2.830,0.367,0.083,0.626
1751288883011,2025-06-30T16:08:03.011,2.840,0.011,0.115,0.578
1751288883021,2025-06-30T16:08:03.021,2.850,-0.417,0.144,0.561
1751288883031,2025-06-30T16:08:03.031,2.860,-0.715,0.117,0.515
1751288883041,2025-06-30T16:08:03.041,2.870,-0.915,0.129,0.490
1751288883051,2025-06-30T16:08:03.051,2.880,-1.041,0.208,0.504
1751288883061,2025-06-30T16:08:03.061,2.890,-1.049,0.273,0.521
1751288883071,2025-06-30T16:08:03.071,2.900,-1.010,0.291,0.536
1751288883081,2025-06-30T16:08:03.081,2.910,-0.948,0.284,0.584
1751288883091,2025-06-30T16:08:03.091,2.920,-0.885,0.260,0.631
1751288883101,2025-06-30T16:08:03.101,2.930,-0.855,0.224,0.647
1751288883111,2025-06-30T16:08:03.111,2.940,-0.866,0.215,0.639
1751288883121,2025-06-30T16:08:03.121,2.950,-0.952,0.211,0.612
1751288883131,2025-06-30T16:08:03.131,2.960,-1.056,0.187,0.603
1751288883141,2025-06-30T16:08:03.141,2.970,-1.100,0.164,0.616
1751288883151,2025-06-30T16:08:03.151,2.980,-1.095,0.166,0.648
1751288883161,2025-06-30T16:08:03.161,2.990,-1.068,0.175,0.698
1751288883171,2025-06-30T16:08:03.171,3.000,-1.000,0.196,0.740
1751288883181,2025-06-30T16:08:03.181,3.010,-0.890,0.252,0.739
1751288883191,2025-06-30T16:08:03.191,3.020,-0.830,0.317,0.726
1751288883201,2025-06-30T16:08:03.201,3.030,-0.906,0.313,0.719
1751288883211,2025-06-30T16:08:03.211,3.040,-1.036,0.244,0.755
1751288883221,2025-06-30T16:08:03.221,3.050,-1.122,0.210,0.798
1751288883231,2025-06-30T16:08:03.231,3.060,-1.180,0.227,0.825
1751288883241,2025-06-30T16:08:03.241,3.070,-1.192,0.230,0.865
1751288883251,2025-06-30T16:08:03.251,3.080,-1.146,0.220,0.896
1751288883261,2025-06-30T16:08:03.261,3.090,-1.049,0.215,0.896
1751288883271,2025-06-30T16:08:03.271,3.100,-0.903,0.218,0.872
1751288883281,2025-06-30T16:08:03.281,3.110,-0.692,0.225,0.795
1751288883291,2025-06-30T16:08:03.291,3.120,-0.486,0.232,0.713
1751288883301,2025-06-30T16:08:03.301,3.130,-0.271,0.230,0.731
1751288883311,2025-06-30T16:08:03.311,3.140,-0.054,0.207,0.794
1751288883321,2025-06-30T16:08:03.321,3.150,0.103,0.184,0.823
1751288883331,2025-06-30T16:08:03.331,3.160,0.150,0.176,0.823
1751288883341,2025-06-30T16:08:03.341,3.170,0.184,0.149,0.755
1751288883351,2025-06-30T16:08:03.351,3.180,0.215,0.097,0.722
1751288883361,2025-06-30T16:08:03.361,3.190,0.255,0.020,0.731
1751288883371,2025-06-30T16:08:03.371,3.200,0.368,-0.048,0.732
1751288883381,2025-06-30T16:08:03.381,3.210,0.524,-0.089,0.766
1751288883391,2025-06-30T16:08:03.391,3.220,0.676,-0.113,0.812
1751288883401,2025-06-30T16:08:03.401,3.230,0.765,-0.128,0.801
1751288883411,2025-06-30T16:08:03.411,3.240,0.740,-0.138,0.835
1751288883421,2025-06-30T16:08:03.421,3.250,0.678,-0.158,0.824
1751288883431,2025-06-30T16:08:03.431,3.260,0.633,-0.172,0.822
1751288883441,2025-06-30T16:08:03.441,3.270,0.564,-0.179,0.820
1751288883451,2025-06-30T16:08:03.451,3.280,0.519,-0.180,0.802
1751288883461,2025-06-30T16:08:03.461,3.290,0.497,-0.180,0.785
1751288883471,2025-06-30T16:08:03.471,3.300,0.497,-0.168,0.772
1751288883481,2025-06-30T16:08:03.481,3.310,0.508,-0.159,0.770
1751288883491,2025-06-30T16:08:03.491,3.320,0.509,-0.148,0.760
1751288883501,2025-06-30T16:08:03.501,3.330,0.501,-0.126,0.772
1751288883511,2025-06-30T16:08:03.511,3.340,0.490,-0.110,0.779
1751288883521,2025-06-30T16:08:03.521,3.350,0.503,-0.116,0.778
1751288883531,2025-06-30T16:08:03.531,3.360,0.545,-0.129,0.785
1751288883541,2025-06-30T16:08:03.541,3.370,0.593,-0.144,0.794
1751288883551,2025-06-30T16:08:03.551,3.380,0.611,-0.147,0.812
1751288883561,2025-06-30T16:08:03.561,3.390,0.593,-0.137,0.809
1751288883571,2025-06-30T16:08:03.571,3.400,0.544,-0.127,0.816
1751288883581,2025-06-30T16:08:03.581,3.410,0.494,-0.117,0.822
1751288883591,2025-06-30T16:08:03.591,3.420,0.482,-0.111,0.824
1751288883601,2025-06-30T16:08:03.601,3.430,0.502,-0.110,0.831
1751288883611,2025-06-30T16:08:03.611,3.440,0.529,-0.104,0.842
1751288883621,2025-06-30T16:08:03.621,3.450,0.544,-0.093,0.852
1751288883631,2025-06-30T16:08:03.631,3.460,0.553,-0.082,0.853
1751288883641,2025-06-30T16:08:03.641,3.470,0.558,-0.075,0.875
1751288883651,2025-06-30T16:08:03.651,3.480,0.555,-0.070,0.892
1751288883661,2025-06-30T16:08:03.661,3.490,0.558,-0.072,0.904
1751288883671,2025-06-30T16:08:03.671,3.500,0.557,-0.074,0.926
1751288883681,2025-06-30T16:08:03.681,3.510,0.522,-0.074,0.947
1751288883691,2025-06-30T16:08:03.691,3.520,0.478,-0.067,0.954
1751288883701,2025-06-30T16:08:03.701,3.530,0.436,-0.054,0.958
1751288883711,2025-06-30T16:08:03.711,3.540,0.419,-0.036,0.949
1751288883721,2025-06-30T16:08:03.721,3.550,0.451,-0.028,0.947
1751288883731,2025-06-30T16:08:03.731,3.560,0.505,-0.013,0.949
1751288883741,2025-06-30T16:08:03.741,3.570,0.532,-0.001,0.953
1751288883751,2025-06-30T16:08:03.751,3.580,0.546,-0.006,0.974
1751288883761,2025-06-30T16:08:03.761,3.590,0.569,-0.015,0.986
1751288883771,2025-06-30T16:08:03.771,3.600,0.594,-0.012,0.967
1751288883781,2025-06-30T16:08:03.781,3.610,0.601,-0.002,0.978
1751288883791,2025-06-30T16:08:03.791,3.620,0.603,0.008,0.979
1751288883801,2025-06-30T16:08:03.801,3.630,0.584,0.030,0.973
1751288883811,2025-06-30T16:08:03.811,3.640,0.542,0.054,0.985
1751288883821,2025-06-30T16:08:03.821,3.650,0.488,0.070,0.977
1751288883831,2025-06-30T16:08:03.831,3.660,0.389,0.097,0.971
1751288883841,2025-06-30T16:08:03.841,3.670,0.268,0.133,0.955
1751288883851,2025-06-30T16:08:03.851,3.680,0.168,0.158,0.920
1751288883861,2025-06-30T16:08:03.861,3.690,0.077,0.169,0.911
1751288883871,2025-06-30T16:08:03.871,3.700,-0.012,0.184,0.886
1751288883881,2025-06-30T16:08:03.881,3.710,-0.139,0.187,0.865
1751288883891,2025-06-30T16:08:03.891,3.720,-0.271,0.171,0.893
1751288883901,2025-06-30T16:08:03.901,3.730,-0.375,0.170,0.891
1751288883911,2025-06-30T16:08:03.911,3.740,-0.467,0.173,0.869
1751288883921,2025-06-30T16:08:03.921,3.750,-0.566,0.182,0.860
1751288883931,2025-06-30T16:08:03.931,3.760,-0.663,0.187,0.863
1751288883941,2025-06-30T16:08:03.941,3.770,-0.728,0.179,0.856
1751288883951,2025-06-30T16:08:03.951,3.780,-0.781,0.180,0.852
1751288883961,2025-06-30T16:08:03.961,3.790,-0.805,0.195,0.842
1751288883971,2025-06-30T16:08:03.971,3.800,-0.816,0.216,0.811
1751288883981,2025-06-30T16:08:03.981,3.810,-0.790,0.235,0.773
1751288883991,2025-06-30T16:08:03.991,3.820,-0.749,0.279,0.726
1751288884001,2025-06-30T16:08:04.001,3.830,-0.733,0.324,0.684
1751288884011,2025-06-30T16:08:04.011,3.840,-0.728,0.337,0.647
1751288884021,2025-06-30T16:08:04.021,3.850,-0.714,0.331,0.614
1751288884031,2025-06-30T16:08:04.031,3.860,-0.689,0.308,0.612
1751288884041,2025-06-30T16:08:04.041,3.870,-0.649,0.285,0.639
1751288884051,2025-06-30T16:08:04.051,3.880,-0.649,0.274,0.646
1751288884061,2025-06-30T16:08:04.061,3.890,-0.668,0.247,0.635
1751288884071,2025-06-30T16:08:04.071,3.900,-0.655,0.219,0.624
1751288884081,2025-06-30T16:08:04.081,3.910,-0.608,0.192,0.630
1751288884091,2025-06-30T16:08:04.091,3.920,-0.608,0.171,0.665
1751288884101,2025-06-30T16:08:04.101,3.930,-0.676,0.151,0.694
1751288884111,2025-06-30T16:08:04.111,3.940,-0.715,0.129,0.760
1751288884121,2025-06-30T16:08:04.121,3.950,-0.697,0.108,0.817
1751288884131,2025-06-30T16:08:04.131,3.960,-0.649,0.088,0.843
1751288884141,2025-06-30T16:08:04.141,3.970,-0.566,0.057,0.863
1751288884151,2025-06-30T16:08:04.151,3.980,-0.484,0.047,0.852
1751288884161,2025-06-30T16:08:04.161,3.990,-0.422,0.035,0.851
1751288884171,2025-06-30T16:08:04.171,4.000,-0.364,0.035,0.893
1751288884181,2025-06-30T16:08:04.181,4.010,-0.294,0.048,0.910
1751288884191,2025-06-30T16:08:04.191,4.020,-0.208,0.072,0.921
1751288884201,2025-06-30T16:08:04.201,4.030,-0.063,0.081,0.901
1751288884211,2025-06-30T16:08:04.211,4.040,0.143,0.048,0.865
1751288884221,2025-06-30T16:08:04.221,4.050,0.342,0.006,0.845
1751288884231,2025-06-30T16:08:04.231,4.060,0.494,-0.023,0.854
1751288884241,2025-06-30T16:08:04.241,4.070,0.633,-0.035,0.869
1751288884251,2025-06-30T16:08:04.251,4.080,0.730,-0.036,0.881
1751288884261,2025-06-30T16:08:04.261,4.090,0.746,-0.031,0.884
1751288884271,2025-06-30T16:08:04.271,4.100,0.672,-0.009,0.886
1751288884281,2025-06-30T16:08:04.281,4.110,0.583,0.006,0.871
1751288884291,2025-06-30T16:08:04.291,4.120,0.527,0.007,0.850
1751288884301,2025-06-30T16:08:04.301,4.130,0.515,-0.003,0.839
1751288884311,2025-06-30T16:08:04.311,4.140,0.545,-0.021,0.844
1751288884321,2025-06-30T16:08:04.321,4.150,0.588,-0.031,0.866
1751288884331,2025-06-30T16:08:04.331,4.160,0.600,-0.049,0.877
1751288884341,2025-06-30T16:08:04.341,4.170,0.582,-0.067,0.887
1751288884351,2025-06-30T16:08:04.351,4.180,0.527,-0.081,0.906
1751288884361,2025-06-30T16:08:04.361,4.190,0.493,-0.091,0.924
1751288884371,2025-06-30T16:08:04.371,4.200,0.465,-0.096,0.959
1751288884381,2025-06-30T16:08:04.381,4.210,0.392,-0.092,0.984
1751288884391,2025-06-30T16:08:04.391,4.220,0.326,-0.098,0.981
1751288884401,2025-06-30T16:08:04.401,4.230,0.313,-0.113,0.983
1751288884411,2025-06-30T16:08:04.411,4.240,0.337,-0.124,1.005
1751288884421,2025-06-30T16:08:04.421,4.250,0.378,-0.134,1.021
1751288884431,2025-06-30T16:08:04.431,4.260,0.416,-0.148,1.027
1751288884441,2025-06-30T16:08:04.441,4.270,0.446,-0.147,1.034
1751288884451,2025-06-30T16:08:04.451,4.280,0.463,-0.144,1.041
1751288884461,2025-06-30T16:08:04.461,4.290,0.468,-0.142,1.041
1751288884471,2025-06-30T16:08:04.471,4.300,0.461,-0.147,1.045
1751288884481,2025-06-30T16:08:04.481,4.310,0.461,-0.160,1.053
1751288884491,2025-06-30T16:08:04.491,4.320,0.477,-0.166,1.064
1751288884501,2025-06-30T16:08:04.501,4.330,0.484,-0.162,1.059
1751288884511,2025-06-30T16:08:04.511,4.340,0.480,-0.144,1.027
1751288884521,2025-06-30T16:08:04.521,4.350,0.477,-0.140,1.018
1751288884531,2025-06-30T16:08:04.531,4.360,0.476,-0.179,1.067
1751288884541,2025-06-30T16:08:04.541,4.370,0.505,-0.250,1.113
1751288884551,2025-06-30T16:08:04.551,4.380,0.542,-0.299,1.126
1751288884561,2025-06-30T16:08:04.561,4.390,0.548,-0.312,1.104
1751288884571,2025-06-30T16:08:04.571,4.400,0.515,-0.307,1.101
1751288884581,2025-06-30T16:08:04.581,4.410,0.475,-0.304,1.109
1751288884591,2025-06-30T16:08:04.591,4.420,0.448,-0.284,1.100
1751288884601,2025-06-30T16:08:04.601,4.430,0.443,-0.231,1.059
1751288884611,2025-06-30T16:08:04.611,4.440,0.456,-0.164,0.983
1751288884621,2025-06-30T16:08:04.621,4.450,0.471,-0.107,0.920
1751288884631,2025-06-30T16:08:04.631,4.460,0.480,-0.067,0.872
1751288884641,2025-06-30T16:08:04.641,4.470,0.477,-0.040,0.834
1751288884651,2025-06-30T16:08:04.651,4.480,0.471,-0.021,0.792
1751288884661,2025-06-30T16:08:04.661,4.490,0.467,-0.017,0.759
1751288884671,2025-06-30T16:08:04.671,4.500,0.468,-0.014,0.732
1751288884681,2025-06-30T16:08:04.681,4.510,0.466,-0.013,0.708
1751288884691,2025-06-30T16:08:04.691,4.520,0.466,-0.009,0.688
1751288884701,2025-06-30T16:08:04.701,4.530,0.452,0.005,0.678
1751288884711,2025-06-30T16:08:04.711,4.540,0.410,0.012,0.669
1751288884721,2025-06-30T16:08:04.721,4.550,0.369,0.011,0.671
1751288884731,2025-06-30T16:08:04.731,4.560,0.342,0.005,0.696
1751288884741,2025-06-30T16:08:04.741,4.570,0.317,0.001,0.683
1751288884751,2025-06-30T16:08:04.751,4.580,0.270,0.007,0.726
1751288884761,2025-06-30T16:08:04.761,4.590,0.248,-0.004,0.750
1751288884771,2025-06-30T16:08:04.771,4.600,0.212,-0.016,0.724
1751288884781,2025-06-30T16:08:04.781,4.610,0.135,-0.013,0.722
1751288884791,2025-06-30T16:08:04.791,4.620,0.028,0.012,0.712
1751288884801,2025-06-30T16:08:04.801,4.630,-0.137,0.039,0.690
1751288884811,2025-06-30T16:08:04.811,4.640,-0.319,0.060,0.672
1751288884821,2025-06-30T16:08:04.821,4.650,-0.489,0.066,0.604
1751288884831,2025-06-30T16:08:04.831,4.660,-0.659,0.081,0.567
1751288884841,2025-06-30T16:08:04.841,4.670,-0.821,0.097,0.535
1751288884851,2025-06-30T16:08:04.851,4.680,-0.965,0.125,0.531
1751288884861,2025-06-30T16:08:04.861,4.690,-1.015,0.142,0.537
1751288884871,2025-06-30T16:08:04.871,4.700,-1.001,0.138,0.554
1751288884881,2025-06-30T16:08:04.881,4.710,-0.960,0.111,0.588
1751288884891,2025-06-30T16:08:04.891,4.720,-0.911,0.090,0.623
1751288884901,2025-06-30T16:08:04.901,4.730,-0.890,0.082,0.652
1751288884911,2025-06-30T16:08:04.911,4.740,-0.870,0.088,0.674
1751288884921,2025-06-30T16:08:04.921,4.750,-0.870,0.096,0.654
1751288884931,2025-06-30T16:08:04.931,4.760,-0.866,0.085,0.640
1751288884941,2025-06-30T16:08:04.941,4.770,-0.853,0.086,0.653
1751288884951,2025-06-30T16:08:04.951,4.780,-0.846,0.096,0.680
1751288884961,2025-06-30T16:08:04.961,4.790,-0.855,0.096,0.704
1751288884971,2025-06-30T16:08:04.971,4.800,-0.862,0.087,0.723
1751288884981,2025-06-30T16:08:04.981,4.810,-0.841,0.080,0.724
1751288884991,2025-06-30T16:08:04.991,4.820,-0.870,0.086,0.712
1751288885001,2025-06-30T16:08:05.001,4.830,-0.897,0.092,0.727
1751288885011,2025-06-30T16:08:05.011,4.840,-0.900,0.114,0.752
1751288885021,2025-06-30T16:08:05.021,4.850,-0.919,0.128,0.756
1751288885031,2025-06-30T16:08:05.031,4.860,-0.931,0.140,0.776
1751288885041,2025-06-30T16:08:05.041,4.870,-0.938,0.136,0.771
1751288885051,2025-06-30T16:08:05.051,4.880,-0.843,0.110,0.767
1751288885061,2025-06-30T16:08:05.061,4.890,-0.683,0.075,0.775
1751288885071,2025-06-30T16:08:05.071,4.900,-0.588,0.060,0.799
1751288885081,2025-06-30T16:08:05.081,4.910,-0.413,0.016,0.822
1751288885091,2025-06-30T16:08:05.091,4.920,-0.093,-0.037,0.843
1751288885101,2025-06-30T16:08:05.101,4.930,0.281,-0.085,0.888
1751288885111,2025-06-30T16:08:05.111,4.940,0.614,-0.125,0.927
1751288885121,2025-06-30T16:08:05.121,4.950,0.868,-0.160,0.942
1751288885131,2025-06-30T16:08:05.131,4.960,1.012,-0.175,0.947
1751288885141,2025-06-30T16:08:05.141,4.970,1.021,-0.162,0.980
1751288885151,2025-06-30T16:08:05.151,4.980,0.899,-0.144,1.003
1751288885161,2025-06-30T16:08:05.161,4.990,0.729,-0.126,0.972
1751288885171,2025-06-30T16:08:05.171,5.000,0.581,-0.091,0.896
1751288885181,2025-06-30T16:08:05.181,5.010,0.510,-0.034,0.821
1751288885191,2025-06-30T16:08:05.191,5.020,0.506,0.037,0.756
1751288885201,2025-06-30T16:08:05.201,5.030,0.511,0.087,0.710
1751288885211,2025-06-30T16:08:05.211,5.040,0.525,0.073,0.728
1751288885221,2025-06-30T16:08:05.221,5.050,0.549,-0.008,0.832
1751288885231,2025-06-30T16:08:05.231,5.060,0.585,-0.119,0.937
1751288885241,2025-06-30T16:08:05.241,5.070,0.635,-0.167,0.997
1751288885251,2025-06-30T16:08:05.251,5.080,0.670,-0.160,1.040
1751288885261,2025-06-30T16:08:05.261,5.090,0.688,-0.155,1.100
1751288885271,2025-06-30T16:08:05.271,5.100,0.684,-0.158,1.140
1751288885281,2025-06-30T16:08:05.281,5.110,0.631,-0.165,1.155
1751288885291,2025-06-30T16:08:05.291,5.120,0.534,-0.163,1.125
1751288885301,2025-06-30T16:08:05.301,5.130,0.468,-0.139,1.049
1751288885311,2025-06-30T16:08:05.311,5.140,0.463,-0.083,0.948
1751288885321,2025-06-30T16:08:05.321,5.150,0.498,-0.017,0.870
1751288885331,2025-06-30T16:08:05.331,5.160,0.545,0.029,0.830
1751288885341,2025-06-30T16:08:05.341,5.170,0.561,0.056,0.813
1751288885351,2025-06-30T16:08:05.351,5.180,0.506,0.075,0.790
1751288885361,2025-06-30T16:08:05.361,5.190,0.441,0.064,0.766
1751288885371,2025-06-30T16:08:05.371,5.200,0.416,0.037,0.771
1751288885381,2025-06-30T16:08:05.381,5.210,0.410,0.006,0.792
1751288885391,2025-06-30T16:08:05.391,5.220,0.390,-0.013,0.800
1751288885401,2025-06-30T16:08:05.401,5.230,0.390,-0.033,0.775
1751288885411,2025-06-30T16:08:05.411,5.240,0.412,-0.057,0.752
1751288885421,2025-06-30T16:08:05.421,5.250,0.430,-0.067,0.739
1751288885431,2025-06-30T16:08:05.431,5.260,0.437,-0.073,0.742
1751288885441,2025-06-30T16:08:05.441,5.270,0.421,-0.088,0.761
1751288885451,2025-06-30T16:08:05.451,5.280,0.421,-0.108,0.767
1751288885461,2025-06-30T16:08:05.461,5.290,0.436,-0.123,0.780
1751288885471,2025-06-30T16:08:05.471,5.300,0.442,-0.125,0.793
1751288885481,2025-06-30T16:08:05.481,5.310,0.430,-0.113,0.813
1751288885491,2025-06-30T16:08:05.491,5.320,0.425,-0.108,0.833
1751288885501,2025-06-30T16:08:05.501,5.330,0.442,-0.106,0.841
1751288885511,2025-06-30T16:08:05.511,5.340,0.456,-0.097,0.846
1751288885521,2025-06-30T16:08:05.521,5.350,0.457,-0.080,0.853
1751288885531,2025-06-30T16:08:05.531,5.360,0.459,-0.071,0.864
1751288885541,2025-06-30T16:08:05.541,5.370,0.462,-0.070,0.875
1751288885551,2025-06-30T16:08:05.551,5.380,0.496,-0.075,0.885
1751288885561,2025-06-30T16:08:05.561,5.390,0.536,-0.083,0.875
1751288885571,2025-06-30T16:08:05.571,5.400,0.565,-0.081,0.855
1751288885581,2025-06-30T16:08:05.581,5.410,0.592,-0.078,0.856
1751288885591,2025-06-30T16:08:05.591,5.420,0.622,-0.076,0.855
1751288885601,2025-06-30T16:08:05.601,5.430,0.652,-0.075,0.868
1751288885611,2025-06-30T16:08:05.611,5.440,0.685,-0.072,0.887
1751288885621,2025-06-30T16:08:05.621,5.450,0.720,-0.054,0.868
1751288885631,2025-06-30T16:08:05.631,5.460,0.694,-0.020,0.927
1751288885641,2025-06-30T16:08:05.641,5.470,0.617,-0.007,0.886
1751288885651,2025-06-30T16:08:05.651,5.480,0.487,0.026,0.841
1751288885661,2025-06-30T16:08:05.661,5.490,0.282,0.058,0.807
1751288885671,2025-06-30T16:08:05.671,5.500,-0.002,0.066,0.722
1751288885681,2025-06-30T16:08:05.681,5.510,-0.311,0.074,0.699
1751288885691,2025-06-30T16:08:05.691,5.520,-0.553,0.099,0.682
1751288885701,2025-06-30T16:08:05.701,5.530,-0.751,0.135,0.651
1751288885711,2025-06-30T16:08:05.711,5.540,-0.885,0.171,0.673
1751288885721,2025-06-30T16:08:05.721,5.550,-0.928,0.216,0.721
1751288885731,2025-06-30T16:08:05.731,5.560,-0.896,0.210,0.777
1751288885741,2025-06-30T16:08:05.741,5.570,-0.823,0.153,0.816
1751288885751,2025-06-30T16:08:05.751,5.580,-0.747,0.111,0.859
1751288885761,2025-06-30T16:08:05.761,5.590,-0.723,0.109,0.896
1751288885771,2025-06-30T16:08:05.771,5.600,-0.737,0.106,0.883
1751288885781,2025-06-30T16:08:05.781,5.610,-0.758,0.106,0.867
1751288885791,2025-06-30T16:08:05.791,5.620,-0.773,0.116,0.856
1751288885801,2025-06-30T16:08:05.801,5.630,-0.784,0.105,0.844
1751288885811,2025-06-30T16:08:05.811,5.640,-0.796,0.092,0.841
1751288885821,2025-06-30T16:08:05.821,5.650,-0.841,0.077,0.839
1751288885831,2025-06-30T16:08:05.831,5.660,-0.868,0.065,0.866
1751288885841,2025-06-30T16:08:05.841,5.670,-0.827,0.081,0.897
1751288885851,2025-06-30T16:08:05.851,5.680,-0.776,0.117,0.909
1751288885861,2025-06-30T16:08:05.861,5.690,-0.785,0.129,0.926
1751288885871,2025-06-30T16:08:05.871,5.700,-0.841,0.090,0.950
1751288885881,2025-06-30T16:08:05.881,5.710,-0.877,0.054,0.964
1751288885891,2025-06-30T16:08:05.891,5.720,-0.894,0.052,0.945
1751288885901,2025-06-30T16:08:05.901,5.730,-0.907,0.071,0.899
1751288885911,2025-06-30T16:08:05.911,5.740,-0.956,0.088,0.875
1751288885921,2025-06-30T16:08:05.921,5.750,-0.963,0.093,0.883
1751288885931,2025-06-30T16:08:05.931,5.760,-0.931,0.116,0.875
1751288885941,2025-06-30T16:08:05.941,5.770,-0.893,0.146,0.833
1751288885951,2025-06-30T16:08:05.951,5.780,-0.856,0.177,0.802
1751288885961,2025-06-30T16:08:05.961,5.790,-0.759,0.213,0.753
1751288885971,2025-06-30T16:08:05.971,5.800,-0.568,0.261,0.747
1751288885981,2025-06-30T16:08:05.981,5.810,-0.306,0.275,0.751
1751288885991,2025-06-30T16:08:05.991,5.820,-0.079,0.257,0.784
1751288886001,2025-06-30T16:08:06.001,5.830,0.117,0.220,0.796
1751288886011,2025-06-30T16:08:06.011,5.840,0.225,0.187,0.822
1751288886021,2025-06-30T16:08:06.021,5.850,0.250,0.117,0.808
1751288886031,2025-06-30T16:08:06.031,5.860,0.121,0.048,0.740
1751288886041,2025-06-30T16:08:06.041,5.870,-0.039,-0.001,0.721
1751288886051,2025-06-30T16:08:06.051,5.880,-0.066,-0.027,0.722
1751288886061,2025-06-30T16:08:06.061,5.890,0.052,-0.038,0.751
1751288886071,2025-06-30T16:08:06.071,5.900,0.223,-0.061,0.766
1751288886081,2025-06-30T16:08:06.081,5.910,0.390,-0.089,0.818
1751288886091,2025-06-30T16:08:06.091,5.920,0.506,-0.121,0.880
1751288886101,2025-06-30T16:08:06.101,5.930,0.588,-0.157,0.904
1751288886111,2025-06-30T16:08:06.111,5.940,0.659,-0.192,0.914
1751288886121,2025-06-30T16:08:06.121,5.950,0.688,-0.208,0.949
1751288886131,2025-06-30T16:08:06.131,5.960,0.646,-0.216,0.957
1751288886141,2025-06-30T16:08:06.141,5.970,0.564,-0.210,0.938
1751288886151,2025-06-30T16:08:06.151,5.980,0.461,-0.189,0.920
1751288886161,2025-06-30T16:08:06.161,5.990,0.372,-0.170,0.886
1751288886171,2025-06-30T16:08:06.171,6.000,0.327,-0.154,0.850
1751288886181,2025-06-30T16:08:06.181,6.010,0.326,-0.145,0.818
1751288886191,2025-06-30T16:08:06.191,6.020,0.382,-0.145,0.803
1751288886201,2025-06-30T16:08:06.201,6.030,0.443,-0.137,0.809
1751288886211,2025-06-30T16:08:06.211,6.040,0.437,-0.127,0.818
1751288886221,2025-06-30T16:08:06.221,6.050,0.415,-0.124,0.813
1751288886231,2025-06-30T16:08:06.231,6.060,0.407,-0.120,0.815
1751288886241,2025-06-30T16:08:06.241,6.070,0.430,-0.118,0.829
1751288886251,2025-06-30T16:08:06.251,6.080,0.464,-0.122,0.845
1751288886261,2025-06-30T16:08:06.261,6.090,0.447,-0.124,0.851
1751288886271,2025-06-30T16:08:06.271,6.100,0.397,-0.132,0.873
1751288886281,2025-06-30T16:08:06.281,6.110,0.342,-0.139,0.878
1751288886291,2025-06-30T16:08:06.291,6.120,0.315,-0.138,0.866
1751288886301,2025-06-30T16:08:06.301,6.130,0.336,-0.140,0.889
1751288886311,2025-06-30T16:08:06.311,6.140,0.365,-0.149,0.915
1751288886321,2025-06-30T16:08:06.321,6.150,0.392,-0.151,0.933
1751288886331,2025-06-30T16:08:06.331,6.160,0.398,-0.140,0.939
1751288886341,2025-06-30T16:08:06.341,6.170,0.383,-0.121,0.936
1751288886351,2025-06-30T16:08:06.351,6.180,0.377,-0.108,0.941
1751288886361,2025-06-30T16:08:06.361,6.190,0.368,-0.079,0.929
1751288886371,2025-06-30T16:08:06.371,6.200,0.349,-0.042,0.907
1751288886381,2025-06-30T16:08:06.381,6.210,0.337,-0.023,0.901
1751288886391,2025-06-30T16:08:06.391,6.220,0.354,-0.018,0.891
1751288886401,2025-06-30T16:08:06.401,6.230,0.388,-0.031,0.888
1751288886411,2025-06-30T16:08:06.411,6.240,0.421,-0.048,0.877
1751288886421,2025-06-30T16:08:06.421,6.250,0.444,-0.052,0.886
1751288886431,2025-06-30T16:08:06.431,6.260,0.456,-0.036,0.912
1751288886441,2025-06-30T16:08:06.441,6.270,0.484,-0.025,0.960
1751288886451,2025-06-30T16:08:06.451,6.280,0.510,-0.040,0.989
1751288886461,2025-06-30T16:08:06.461,6.290,0.552,-0.057,1.002
1751288886471,2025-06-30T16:08:06.471,6.300,0.587,-0.075,1.027
1751288886481,2025-06-30T16:08:06.481,6.310,0.560,-0.102,1.067
1751288886491,2025-06-30T16:08:06.491,6.320,0.511,-0.157,1.110
1751288886501,2025-06-30T16:08:06.501,6.330,0.531,-0.214,1.147
1751288886511,2025-06-30T16:08:06.511,6.340,0.587,-0.249,1.181
1751288886521,2025-06-30T16:08:06.521,6.350,0.603,-0.244,1.232
1751288886531,2025-06-30T16:08:06.531,6.360,0.592,-0.235,1.260
1751288886541,2025-06-30T16:08:06.541,6.370,0.566,-0.216,1.231
1751288886551,2025-06-30T16:08:06.551,6.380,0.494,-0.156,1.148
1751288886561,2025-06-30T16:08:06.561,6.390,0.375,-0.067,1.015
1751288886571,2025-06-30T16:08:06.571,6.400,0.232,0.045,0.866
1751288886581,2025-06-30T16:08:06.581,6.410,0.085,0.141,0.760
1751288886591,2025-06-30T16:08:06.591,6.420,-0.058,0.201,0.690
1751288886601,2025-06-30T16:08:06.601,6.430,-0.180,0.215,0.699
1751288886611,2025-06-30T16:08:06.611,6.440,-0.199,0.190,0.774
1751288886621,2025-06-30T16:08:06.621,6.450,-0.087,0.208,0.723
1751288886631,2025-06-30T16:08:06.631,6.460,0.105,0.176,0.682
1751288886641,2025-06-30T16:08:06.641,6.470,0.199,0.121,0.704
1751288886651,2025-06-30T16:08:06.651,6.480,0.130,0.103,0.707
1751288886661,2025-06-30T16:08:06.661,6.490,0.046,0.100,0.732
1751288886671,2025-06-30T16:08:06.671,6.500,-0.037,0.085,0.723
1751288886681,2025-06-30T16:08:06.681,6.510,-0.183,0.059,0.680
1751288886691,2025-06-30T16:08:06.691,6.520,-0.325,0.044,0.633
1751288886701,2025-06-30T16:08:06.701,6.530,-0.422,0.048,0.656
1751288886711,2025-06-30T16:08:06.711,6.540,-0.503,0.059,0.641
1751288886721,2025-06-30T16:08:06.721,6.550,-0.585,0.075,0.672
1751288886731,2025-06-30T16:08:06.731,6.560,-0.608,0.105,0.728
1751288886741,2025-06-30T16:08:06.741,6.570,-0.639,0.146,0.789
1751288886751,2025-06-30T16:08:06.751,6.580,-0.719,0.168,0.850
1751288886761,2025-06-30T16:08:06.761,6.590,-0.785,0.179,0.858
1751288886771,2025-06-30T16:08:06.771,6.600,-0.789,0.181,0.843
1751288886781,2025-06-30T16:08:06.781,6.610,-0.785,0.200,0.810
1751288886791,2025-06-30T16:08:06.791,6.620,-0.786,0.217,0.780
1751288886801,2025-06-30T16:08:06.801,6.630,-0.787,0.211,0.771
1751288886811,2025-06-30T16:08:06.811,6.640,-0.756,0.205,0.769
1751288886821,2025-06-30T16:08:06.821,6.650,-0.739,0.203,0.767
1751288886831,2025-06-30T16:08:06.831,6.660,-0.742,0.198,0.789
1751288886841,2025-06-30T16:08:06.841,6.670,-0.748,0.190,0.814
1751288886851,2025-06-30T16:08:06.851,6.680,-0.735,0.178,0.820
1751288886861,2025-06-30T16:08:06.861,6.690,-0.719,0.170,0.807
1751288886871,2025-06-30T16:08:06.871,6.700,-0.758,0.167,0.805
1751288886881,2025-06-30T16:08:06.881,6.710,-0.787,0.166,0.824
1751288886891,2025-06-30T16:08:06.891,6.720,-0.767,0.164,0.840
1751288886901,2025-06-30T16:08:06.901,6.730,-0.754,0.152,0.852
1751288886911,2025-06-30T16:08:06.911,6.740,-0.751,0.162,0.871
1751288886921,2025-06-30T16:08:06.921,6.750,-0.713,0.172,0.894
1751288886931,2025-06-30T16:08:06.931,6.760,-0.635,0.147,0.893
1751288886941,2025-06-30T16:08:06.941,6.770,-0.543,0.091,0.868
1751288886951,2025-06-30T16:08:06.951,6.780,-0.448,0.065,0.875
1751288886961,2025-06-30T16:08:06.961,6.790,-0.348,0.052,0.914
1751288886971,2025-06-30T16:08:06.971,6.800,-0.266,0.043,0.974
1751288886981,2025-06-30T16:08:06.981,6.810,-0.185,0.025,1.044
1751288886991,2025-06-30T16:08:06.991,6.820,-0.069,-0.015,1.079
1751288887001,2025-06-30T16:08:07.001,6.830,0.089,-0.065,1.081
1751288887011,2025-06-30T16:08:07.011,6.840,0.260,-0.109,1.103
1751288887021,2025-06-30T16:08:07.021,6.850,0.459,-0.144,1.079
1751288887031,2025-06-30T16:08:07.031,6.860,0.640,-0.148,1.081
1751288887041,2025-06-30T16:08:07.041,6.870,0.758,-0.115,1.078
1751288887051,2025-06-30T16:08:07.051,6.880,0.785,-0.029,0.981
1751288887061,2025-06-30T16:08:07.061,6.890,0.756,0.037,0.967
1751288887071,2025-06-30T16:08:07.071,6.900,0.706,0.032,1.024
1751288887081,2025-06-30T16:08:07.081,6.910,0.668,-0.014,1.034
1751288887091,2025-06-30T16:08:07.091,6.920,0.654,-0.065,1.028
1751288887101,2025-06-30T16:08:07.101,6.930,0.645,-0.095,1.045
1751288887111,2025-06-30T16:08:07.111,6.940,0.634,-0.125,1.063
1751288887121,2025-06-30T16:08:07.121,6.950,0.634,-0.127,1.084
1751288887131,2025-06-30T16:08:07.131,6.960,0.641,-0.062,1.048
1751288887141,2025-06-30T16:08:07.141,6.970,0.599,0.051,0.949
1751288887151,2025-06-30T16:08:07.151,6.980,0.456,0.159,0.869
1751288887161,2025-06-30T16:08:07.161,6.990,0.320,0.224,0.783
1751288887171,2025-06-30T16:08:07.171,7.000,0.265,0.245,0.738
1751288887181,2025-06-30T16:08:07.181,7.010,0.279,0.228,0.755
1751288887191,2025-06-30T16:08:07.191,7.020,0.361,0.169,0.789
1751288887201,2025-06-30T16:08:07.201,7.030,0.454,0.095,0.802
1751288887211,2025-06-30T16:08:07.211,7.040,0.487,0.043,0.819
1751288887221,2025-06-30T16:08:07.221,7.050,0.479,0.018,0.850
1751288887231,2025-06-30T16:08:07.231,7.060,0.424,-0.006,0.895
1751288887241,2025-06-30T16:08:07.241,7.070,0.346,-0.053,0.917
1751288887251,2025-06-30T16:08:07.251,7.080,0.292,-0.106,0.923
1751288887261,2025-06-30T16:08:07.261,7.090,0.243,-0.138,0.929
1751288887271,2025-06-30T16:08:07.271,7.100,0.218,-0.145,0.922
1751288887281,2025-06-30T16:08:07.281,7.110,0.227,-0.141,0.908
1751288887291,2025-06-30T16:08:07.291,7.120,0.271,-0.134,0.892
1751288887301,2025-06-30T16:08:07.301,7.130,0.333,-0.131,0.871
1751288887311,2025-06-30T16:08:07.311,7.140,0.385,-0.127,0.853
1751288887321,2025-06-30T16:08:07.321,7.150,0.414,-0.121,0.840
1751288887331,2025-06-30T16:08:07.331,7.160,0.399,-0.116,0.835
1751288887341,2025-06-30T16:08:07.341,7.170,0.342,-0.109,0.829
1751288887351,2025-06-30T16:08:07.351,7.180,0.311,-0.110,0.817
1751288887361,2025-06-30T16:08:07.361,7.190,0.303,-0.107,0.808
1751288887371,2025-06-30T16:08:07.371,7.200,0.304,-0.102,0.799
1751288887381,2025-06-30T16:08:07.381,7.210,0.320,-0.101,0.792
1751288887391,2025-06-30T16:08:07.391,7.220,0.333,-0.095,0.790
1751288887401,2025-06-30T16:08:07.401,7.230,0.338,-0.088,0.780
1751288887411,2025-06-30T16:08:07.411,7.240,0.370,-0.091,0.782
1751288887421,2025-06-30T16:08:07.421,7.250,0.423,-0.110,0.812
1751288887431,2025-06-30T16:08:07.431,7.260,0.477,-0.126,0.843
1751288887441,2025-06-30T16:08:07.441,7.270,0.521,-0.144,0.848
1751288887451,2025-06-30T16:08:07.451,7.280,0.557,-0.164,0.841
1751288887461,2025-06-30T16:08:07.461,7.290,0.548,-0.157,0.870
1751288887471,2025-06-30T16:08:07.471,7.300,0.515,-0.152,0.897
1751288887481,2025-06-30T16:08:07.481,7.310,0.469,-0.149,0.863
1751288887491,2025-06-30T16:08:07.491,7.320,0.405,-0.123,0.851
1751288887501,2025-06-30T16:08:07.501,7.330,0.322,-0.101,0.822
1751288887511,2025-06-30T16:08:07.511,7.340,0.210,-0.076,0.824
1751288887521,2025-06-30T16:08:07.521,7.350,0.121,-0.071,0.810
1751288887531,2025-06-30T16:08:07.531,7.360,0.029,-0.045,0.838
1751288887541,2025-06-30T16:08:07.541,7.370,-0.077,-0.016,0.849
1751288887551,2025-06-30T16:08:07.551,7.380,-0.155,0.008,0.848
1751288887561,2025-06-30T16:08:07.561,7.390,-0.201,0.016,0.867
1751288887571,2025-06-30T16:08:07.571,7.400,-0.260,0.008,0.826
1751288887581,2025-06-30T16:08:07.581,7.410,-0.423,0.017,0.786
1751288887591,2025-06-30T16:08:07.591,7.420,-0.631,0.034,0.772
1751288887601,2025-06-30T16:08:07.601,7.430,-0.741,0.041,0.766
1751288887611,2025-06-30T16:08:07.611,7.440,-0.780,0.055,0.781
1751288887621,2025-06-30T16:08:07.621,7.450,-0.788,0.058,0.805
1751288887631,2025-06-30T16:08:07.631,7.460,-0.740,0.064,0.845
1751288887641,2025-06-30T16:08:07.641,7.470,-0.648,0.091,0.907
1751288887651,2025-06-30T16:08:07.651,7.480,-0.570,0.122,0.951
1751288887661,2025-06-30T16:08:07.661,7.490,-0.557,0.144,0.940
1751288887671,2025-06-30T16:08:07.671,7.500,-0.624,0.165,0.890
1751288887681,2025-06-30T16:08:07.681,7.510,-0.700,0.193,0.858
1751288887691,2025-06-30T16:08:07.691,7.520,-0.756,0.217,0.817
1751288887701,2025-06-30T16:08:07.701,7.530,-0.796,0.230,0.768
1751288887711,2025-06-30T16:08:07.711,7.540,-0.815,0.240,0.773
1751288887721,2025-06-30T16:08:07.721,7.550,-0.813,0.249,0.810
1751288887731,2025-06-30T16:08:07.731,7.560,-0.823,0.235,0.826
1751288887741,2025-06-30T16:08:07.741,7.570,-0.835,0.218,0.838
1751288887751,2025-06-30T16:08:07.751,7.580,-0.792,0.219,0.862
1751288887761,2025-06-30T16:08:07.761,7.590,-0.753,0.261,0.861
1751288887771,2025-06-30T16:08:07.771,7.600,-0.763,0.317,0.829
1751288887781,2025-06-30T16:08:07.781,7.610,-0.816,0.333,0.772
1751288887791,2025-06-30T16:08:07.791,7.620,-0.904,0.303,0.734
1751288887801,2025-06-30T16:08:07.801,7.630,-0.928,0.269,0.769
1751288887811,2025-06-30T16:08:07.811,7.640,-0.867,0.236,0.812
1751288887821,2025-06-30T16:08:07.821,7.650,-0.798,0.229,0.846
1751288887831,2025-06-30T16:08:07.831,7.660,-0.700,0.236,0.878
1751288887841,2025-06-30T16:08:07.841,7.670,-0.527,0.228,0.899
1751288887851,2025-06-30T16:08:07.851,7.680,-0.328,0.214,0.908
1751288887861,2025-06-30T16:08:07.861,7.690,-0.197,0.219,0.882
1751288887871,2025-06-30T16:08:07.871,7.700,-0.129,0.249,0.872
1751288887881,2025-06-30T16:08:07.881,7.710,-0.088,0.286,0.841
1751288887891,2025-06-30T16:08:07.891,7.720,-0.068,0.314,0.824
1751288887901,2025-06-30T16:08:07.901,7.730,-0.004,0.310,0.811
1751288887911,2025-06-30T16:08:07.911,7.740,0.090,0.292,0.798
1751288887921,2025-06-30T16:08:07.921,7.750,0.205,0.241,0.813
1751288887931,2025-06-30T16:08:07.931,7.760,0.318,0.176,0.832
1751288887941,2025-06-30T16:08:07.941,7.770,0.414,0.114,0.854
1751288887951,2025-06-30T16:08:07.951,7.780,0.496,0.061,0.875
1751288887961,2025-06-30T16:08:07.961,7.790,0.521,0.028,0.913
1751288887971,2025-06-30T16:08:07.971,7.800,0.522,0.006,0.928
1751288887981,2025-06-30T16:08:07.981,7.810,0.553,-0.006,0.937
1751288887991,2025-06-30T16:08:07.991,7.820,0.581,0.005,0.934
1751288888001,2025-06-30T16:08:08.001,7.830,0.593,0.024,0.928
1751288888011,2025-06-30T16:08:08.011,7.840,0.592,0.029,0.931
1751288888021,2025-06-30T16:08:08.021,7.850,0.580,0.027,0.916
1751288888031,2025-06-30T16:08:08.031,7.860,0.585,0.032,0.895
1751288888041,2025-06-30T16:08:08.041,7.870,0.586,0.043,0.879
1751288888051,2025-06-30T16:08:08.051,7.880,0.563,0.059,0.873
1751288888061,2025-06-30T16:08:08.061,7.890,0.510,0.077,0.877
1751288888071,2025-06-30T16:08:08.071,7.900,0.466,0.093,0.861
1751288888081,2025-06-30T16:08:08.081,7.910,0.440,0.101,0.830
1751288888091,2025-06-30T16:08:08.091,7.920,0.438,0.107,0.822
1751288888101,2025-06-30T16:08:08.101,7.930,0.458,0.105,0.823
1751288888111,2025-06-30T16:08:08.111,7.940,0.481,0.097,0.824
1751288888121,2025-06-30T16:08:08.121,7.950,0.492,0.088,0.816
1751288888131,2025-06-30T16:08:08.131,7.960,0.484,0.084,0.818
1751288888141,2025-06-30T16:08:08.141,7.970,0.472,0.076,0.833
1751288888151,2025-06-30T16:08:08.151,7.980,0.483,0.063,0.849
1751288888161,2025-06-30T16:08:08.161,7.990,0.482,0.055,0.870
1751288888171,2025-06-30T16:08:08.171,8.000,0.456,0.049,0.887
1751288888181,2025-06-30T16:08:08.181,8.010,0.429,0.044,0.895
1751288888191,2025-06-30T16:08:08.191,8.020,0.419,0.028,0.918
1751288888201,2025-06-30T16:08:08.201,8.030,0.419,0.009,0.941
1751288888211,2025-06-30T16:08:08.211,8.040,0.421,-0.002,0.952
1751288888221,2025-06-30T16:08:08.221,8.050,0.423,-0.005,0.952
1751288888231,2025-06-30T16:08:08.231,8.060,0.420,0.005,0.948
1751288888241,2025-06-30T16:08:08.241,8.070,0.413,0.012,0.952
1751288888251,2025-06-30T16:08:08.251,8.080,0.389,0.013,0.954
1751288888261,2025-06-30T16:08:08.261,8.090,0.370,0.007,0.962
1751288888271,2025-06-30T16:08:08.271,8.100,0.371,0.005,0.958
1751288888281,2025-06-30T16:08:08.281,8.110,0.360,0.014,0.956
1751288888291,2025-06-30T16:08:08.291,8.120,0.365,0.020,0.954
1751288888301,2025-06-30T16:08:08.301,8.130,0.392,0.015,0.962
1751288888311,2025-06-30T16:08:08.311,8.140,0.427,-0.004,0.979
1751288888321,2025-06-30T16:08:08.321,8.150,0.468,-0.039,1.010
1751288888331,2025-06-30T16:08:08.331,8.160,0.490,-0.077,1.043
1751288888341,2025-06-30T16:08:08.341,8.170,0.500,-0.095,1.062
1751288888351,2025-06-30T16:08:08.351,8.180,0.513,-0.094,1.066
1751288888361,2025-06-30T16:08:08.361,8.190,0.501,-0.077,1.069
1751288888371,2025-06-30T16:08:08.371,8.200,0.472,-0.035,1.028
1751288888381,2025-06-30T16:08:08.381,8.210,0.444,0.018,0.975
1751288888391,2025-06-30T16:08:08.391,8.220,0.433,0.030,0.985
1751288888401,2025-06-30T16:08:08.401,8.230,0.438,-0.011,1.035
1751288888411,2025-06-30T16:08:08.411,8.240,0.463,-0.075,1.056
1751288888421,2025-06-30T16:08:08.421,8.250,0.512,-0.104,1.051
1751288888431,2025-06-30T16:08:08.431,8.260,0.562,-0.098,1.044
1751288888441,2025-06-30T16:08:08.441,8.270,0.601,-0.079,1.015
1751288888451,2025-06-30T16:08:08.451,8.280,0.627,-0.071,1.006
1751288888461,2025-06-30T16:08:08.461,8.290,0.648,-0.080,1.041
1751288888471,2025-06-30T16:08:08.471,8.300,0.632,-0.057,0.949
1751288888481,2025-06-30T16:08:08.481,8.310,0.498,0.031,0.870
1751288888491,2025-06-30T16:08:08.491,8.320,0.353,0.115,0.762
1751288888501,2025-06-30T16:08:08.501,8.330,0.222,0.157,0.640
1751288888511,2025-06-30T16:08:08.511,8.340,0.064,0.185,0.616
1751288888521,2025-06-30T16:08:08.521,8.350,-0.057,0.201,0.605
1751288888531,2025-06-30T16:08:08.531,8.360,-0.142,0.202,0.588
1751288888541,2025-06-30T16:08:08.541,8.370,-0.261,0.198,0.522
1751288888551,2025-06-30T16:08:08.551,8.380,-0.422,0.183,0.492
1751288888561,2025-06-30T16:08:08.561,8.390,-0.546,0.198,0.480
1751288888571,2025-06-30T16:08:08.571,8.400,-0.685,0.218,0.466
1751288888581,2025-06-30T16:08:08.581,8.410,-0.828,0.196,0.468
1751288888591,2025-06-30T16:08:08.591,8.420,-0.882,0.162,0.479
1751288888601,2025-06-30T16:08:08.601,8.430,-0.861,0.168,0.527
1751288888611,2025-06-30T16:08:08.611,8.440,-0.814,0.176,0.547
1751288888621,2025-06-30T16:08:08.621,8.450,-0.832,0.165,0.552
1751288888631,2025-06-30T16:08:08.631,8.460,-0.861,0.167,0.553
1751288888641,2025-06-30T16:08:08.641,8.470,-0.856,0.194,0.566
1751288888651,2025-06-30T16:08:08.651,8.480,-0.867,0.215,0.559
1751288888661,2025-06-30T16:08:08.661,8.490,-0.892,0.218,0.539
1751288888671,2025-06-30T16:08:08.671,8.500,-0.928,0.214,0.522
1751288888681,2025-06-30T16:08:08.681,8.510,-0.983,0.215,0.512
1751288888691,2025-06-30T16:08:08.691,8.520,-1.009,0.212,0.509
1751288888701,2025-06-30T16:08:08.701,8.530,-0.987,0.203,0.511
1751288888711,2025-06-30T16:08:08.711,8.540,-0.976,0.196,0.504
1751288888721,2025-06-30T16:08:08.721,8.550,-0.973,0.182,0.513
1751288888731,2025-06-30T16:08:08.731,8.560,-0.936,0.172,0.536
1751288888741,2025-06-30T16:08:08.741,8.570,-0.913,0.161,0.551
1751288888751,2025-06-30T16:08:08.751,8.580,-0.928,0.165,0.565
1751288888761,2025-06-30T16:08:08.761,8.590,-0.970,0.169,0.564
1751288888771,2025-06-30T16:08:08.771,8.600,-1.005,0.168,0.567
1751288888781,2025-06-30T16:08:08.781,8.610,-0.983,0.175,0.589
1751288888791,2025-06-30T16:08:08.791,8.620,-0.909,0.176,0.643
1751288888801,2025-06-30T16:08:08.801,8.630,-0.828,0.176,0.711
1751288888811,2025-06-30T16:08:08.811,8.640,-0.740,0.179,0.799
1751288888821,2025-06-30T16:08:08.821,8.650,-0.618,0.161,0.861
1751288888831,2025-06-30T16:08:08.831,8.660,-0.501,0.122,0.891
1751288888841,2025-06-30T16:08:08.841,8.670,-0.402,0.089,0.898
1751288888851,2025-06-30T16:08:08.851,8.680,-0.303,0.080,0.912
1751288888861,2025-06-30T16:08:08.861,8.690,-0.230,0.079,0.951
1751288888871,2025-06-30T16:08:08.871,8.700,-0.165,0.084,1.000
1751288888881,2025-06-30T16:08:08.881,8.710,-0.091,0.100,1.011
1751288888891,2025-06-30T16:08:08.891,8.720,-0.012,0.103,0.978
1751288888901,2025-06-30T16:08:08.901,8.730,0.095,0.088,0.942
1751288888911,2025-06-30T16:08:08.911,8.740,0.243,0.070,0.914
1751288888921,2025-06-30T16:08:08.921,8.750,0.399,0.044,0.939
1751288888931,2025-06-30T16:08:08.931,8.760,0.572,0.000,0.968
1751288888941,2025-06-30T16:08:08.941,8.770,0.756,-0.020,0.976
1751288888951,2025-06-30T16:08:08.951,8.780,0.846,-0.001,1.012
1751288888961,2025-06-30T16:08:08.961,8.790,0.807,0.027,1.032
1751288888971,2025-06-30T16:08:08.971,8.800,0.703,0.042,1.045
1751288888981,2025-06-30T16:08:08.981,8.810,0.597,0.047,1.036
1751288888991,2025-06-30T16:08:08.991,8.820,0.524,0.037,1.024
1751288889001,2025-06-30T16:08:09.001,8.830,0.548,0.013,1.032
1751288889011,2025-06-30T16:08:09.011,8.840,0.651,-0.014,1.080
1751288889021,2025-06-30T16:08:09.021,8.850,0.771,-0.048,1.125
1751288889031,2025-06-30T16:08:09.031,8.860,0.849,-0.097,1.148
1751288889041,2025-06-30T16:08:09.041,8.870,0.847,-0.125,1.111
1751288889051,2025-06-30T16:08:09.051,8.880,0.757,-0.077,1.018
1751288889061,2025-06-30T16:08:09.061,8.890,0.595,0.023,0.922
1751288889071,2025-06-30T16:08:09.071,8.900,0.456,0.104,0.831
1751288889081,2025-06-30T16:08:09.081,8.910,0.407,0.160,0.755
1751288889091,2025-06-30T16:08:09.091,8.920,0.446,0.185,0.729
1751288889101,2025-06-30T16:08:09.101,8.930,0.532,0.179,0.704
1751288889111,2025-06-30T16:08:09.111,8.940,0.625,0.151,0.684
1751288889121,2025-06-30T16:08:09.121,8.950,0.666,0.141,0.681
1751288889131,2025-06-30T16:08:09.131,8.960,0.637,0.139,0.689
1751288889141,2025-06-30T16:08:09.141,8.970,0.588,0.122,0.717
1751288889151,2025-06-30T16:08:09.151,8.980,0.542,0.095,0.746
1751288889161,2025-06-30T16:08:09.161,8.990,0.498,0.069,0.770
1751288889171,2025-06-30T16:08:09.171,9.000,0.465,0.046,0.787
1751288889181,2025-06-30T16:08:09.181,9.010,0.453,0.022,0.794
1751288889191,2025-06-30T16:08:09.191,9.020,0.454,0.011,0.790
1751288889201,2025-06-30T16:08:09.201,9.030,0.450,0.007,0.787
1751288889211,2025-06-30T16:08:09.211,9.040,0.451,0.010,0.789
1751288889221,2025-06-30T16:08:09.221,9.050,0.459,0.015,0.788
1751288889231,2025-06-30T16:08:09.231,9.060,0.464,0.019,0.790
1751288889241,2025-06-30T16:08:09.241,9.070,0.462,0.020,0.787
1751288889251,2025-06-30T16:08:09.251,9.080,0.451,0.020,0.792
1751288889261,2025-06-30T16:08:09.261,9.090,0.427,0.023,0.795
1751288889271,2025-06-30T16:08:09.271,9.100,0.409,0.021,0.801
1751288889281,2025-06-30T16:08:09.281,9.110,0.393,0.016,0.815
1751288889291,2025-06-30T16:08:09.291,9.120,0.382,0.013,0.810
1751288889301,2025-06-30T16:08:09.301,9.130,0.372,0.013,0.808
1751288889311,2025-06-30T16:08:09.311,9.140,0.360,0.011,0.815
1751288889321,2025-06-30T16:08:09.321,9.150,0.354,0.003,0.827
1751288889331,2025-06-30T16:08:09.331,9.160,0.362,-0.008,0.839
1751288889341,2025-06-30T16:08:09.341,9.170,0.386,-0.012,0.869
1751288889351,2025-06-30T16:08:09.351,9.180,0.421,-0.012,0.891
1751288889361,2025-06-30T16:08:09.361,9.190,0.473,-0.022,0.897
1751288889371,2025-06-30T16:08:09.371,9.200,0.514,-0.046,0.906
1751288889381,2025-06-30T16:08:09.381,9.210,0.555,-0.068,0.914
1751288889391,2025-06-30T16:08:09.391,9.220,0.587,-0.091,0.906
1751288889401,2025-06-30T16:08:09.401,9.230,0.601,-0.112,0.896
1751288889411,2025-06-30T16:08:09.411,9.240,0.611,-0.119,0.883
1751288889421,2025-06-30T16:08:09.421,9.250,0.623,-0.121,0.872
1751288889431,2025-06-30T16:08:09.431,9.260,0.617,-0.130,0.886
1751288889441,2025-06-30T16:08:09.441,9.270,0.612,-0.143,0.880
1751288889451,2025-06-30T16:08:09.451,9.280,0.604,-0.146,0.887
1751288889461,2025-06-30T16:08:09.461,9.290,0.596,-0.142,0.889
1751288889471,2025-06-30T16:08:09.471,9.300,0.619,-0.165,0.878
1751288889481,2025-06-30T16:08:09.481,9.310,0.618,-0.198,0.929
1751288889491,2025-06-30T16:08:09.491,9.320,0.566,-0.218,0.994
1751288889501,2025-06-30T16:08:09.501,9.330,0.517,-0.235,0.965
1751288889511,2025-06-30T16:08:09.511,9.340,0.423,-0.213,0.957
1751288889521,2025-06-30T16:08:09.521,9.350,0.302,-0.164,0.938
1751288889531,2025-06-30T16:08:09.531,9.360,0.216,-0.117,0.883
1751288889541,2025-06-30T16:08:09.541,9.370,0.149,-0.056,0.774
1751288889551,2025-06-30T16:08:09.551,9.380,0.042,0.030,0.690
1751288889561,2025-06-30T16:08:09.561,9.390,-0.150,0.069,0.664
1751288889571,2025-06-30T16:08:09.571,9.400,-0.422,0.058,0.699
1751288889581,2025-06-30T16:08:09.581,9.410,-0.661,0.046,0.764
1751288889591,2025-06-30T16:08:09.591,9.420,-0.766,0.060,0.787
1751288889601,2025-06-30T16:08:09.601,9.430,-0.835,0.126,0.792
1751288889611,2025-06-30T16:08:09.611,9.440,-0.873,0.185,0.820
1751288889621,2025-06-30T16:08:09.621,9.450,-0.842,0.202,0.832
1751288889631,2025-06-30T16:08:09.631,9.460,-0.783,0.213,0.832
1751288889641,2025-06-30T16:08:09.641,9.470,-0.713,0.272,0.816
1751288889651,2025-06-30T16:08:09.651,9.480,-0.679,0.362,0.750
1751288889661,2025-06-30T16:08:09.661,9.490,-0.743,0.439,0.690
1751288889671,2025-06-30T16:08:09.671,9.500,-0.807,0.477,0.639
1751288889681,2025-06-30T16:08:09.681,9.510,-0.813,0.474,0.592
1751288889691,2025-06-30T16:08:09.691,9.520,-0.847,0.456,0.559
1751288889701,2025-06-30T16:08:09.701,9.530,-0.901,0.440,0.534
1751288889711,2025-06-30T16:08:09.711,9.540,-0.886,0.426,0.514
1751288889721,2025-06-30T16:08:09.721,9.550,-0.873,0.413,0.507
1751288889731,2025-06-30T16:08:09.731,9.560,-0.883,0.382,0.515
1751288889741,2025-06-30T16:08:09.741,9.570,-0.857,0.343,0.545
1751288889751,2025-06-30T16:08:09.751,9.580,-0.830,0.313,0.573
1751288889761,2025-06-30T16:08:09.761,9.590,-0.819,0.297,0.609
1751288889771,2025-06-30T16:08:09.771,9.600,-0.804,0.285,0.635
1751288889781,2025-06-30T16:08:09.781,9.610,-0.823,0.270,0.660
1751288889791,2025-06-30T16:08:09.791,9.620,-0.851,0.263,0.686
1751288889801,2025-06-30T16:08:09.801,9.630,-0.863,0.265,0.697
1751288889811,2025-06-30T16:08:09.811,9.640,-0.846,0.269,0.724
1751288889821,2025-06-30T16:08:09.821,9.650,-0.815,0.274,0.748
1751288889831,2025-06-30T16:08:09.831,9.660,-0.783,0.279,0.780
1751288889841,2025-06-30T16:08:09.841,9.670,-0.713,0.268,0.801
1751288889851,2025-06-30T16:08:09.851,9.680,-0.601,0.239,0.803
1751288889861,2025-06-30T16:08:09.861,9.690,-0.507,0.224,0.812
1751288889871,2025-06-30T16:08:09.871,9.700,-0.470,0.211,0.819
1751288889881,2025-06-30T16:08:09.881,9.710,-0.448,0.205,0.829
1751288889891,2025-06-30T16:08:09.891,9.720,-0.384,0.206,0.844
1751288889901,2025-06-30T16:08:09.901,9.730,-0.300,0.206,0.824
1751288889911,2025-06-30T16:08:09.911,9.740,-0.172,0.180,0.801
1751288889921,2025-06-30T16:08:09.921,9.750,0.030,0.138,0.791
1751288889931,2025-06-30T16:08:09.931,9.760,0.234,0.106,0.808
1751288889941,2025-06-30T16:08:09.941,9.770,0.420,0.057,0.811
1751288889951,2025-06-30T16:08:09.951,9.780,0.595,0.004,0.834
1751288889961,2025-06-30T16:08:09.961,9.790,0.714,-0.041,0.859
1751288889971,2025-06-30T16:08:09.971,9.800,0.762,-0.080,0.863
1751288889981,2025-06-30T16:08:09.981,9.810,0.742,-0.094,0.882
1751288889991,2025-06-30T16:08:09.991,9.820,0.667,-0.097,0.889
1751288890001,2025-06-30T16:08:10.001,9.830,0.613,-0.103,0.879
1751288890011,2025-06-30T16:08:10.011,9.840,0.584,-0.102,0.864
1751288890021,2025-06-30T16:08:10.021,9.850,0.585,-0.091,0.841
1751288890031,2025-06-30T16:08:10.031,9.860,0.600,-0.081,0.822
1751288890041,2025-06-30T16:08:10.041,9.870,0.617,-0.080,0.814
1751288890051,2025-06-30T16:08:10.051,9.880,0.618,-0.070,0.822
1751288890061,2025-06-30T16:08:10.061,9.890,0.583,-0.060,0.826
1751288890071,2025-06-30T16:08:10.071,9.900,0.545,-0.051,0.823
1751288890081,2025-06-30T16:08:10.081,9.910,0.501,-0.051,0.835
1751288890091,2025-06-30T16:08:10.091,9.920,0.459,-0.064,0.863
1751288890101,2025-06-30T16:08:10.101,9.930,0.474,-0.100,0.884
1751288890111,2025-06-30T16:08:10.111,9.940,0.530,-0.125,0.888
1751288890121,2025-06-30T16:08:10.121,9.950,0.581,-0.121,0.888
1751288890131,2025-06-30T16:08:10.131,9.960,0.612,-0.100,0.910
1751288890141,2025-06-30T16:08:10.141,9.970,0.607,-0.080,0.944
1751288890151,2025-06-30T16:08:10.151,9.980,0.565,-0.073,0.981
1751288890161,2025-06-30T16:08:10.161,9.990,0.526,-0.074,1.026
1751288890171,2025-06-30T16:08:10.171,10.000,0.510,-0.072,1.058
1751288890181,2025-06-30T16:08:10.181,10.010,0.513,-0.063,1.088
1751288890191,2025-06-30T16:08:10.191,10.020,0.542,-0.074,1.118
1751288890201,2025-06-30T16:08:10.201,10.030,0.572,-0.101,1.149
1751288890211,2025-06-30T16:08:10.211,10.040,0.597,-0.134,1.182
1751288890221,2025-06-30T16:08:10.221,10.050,0.611,-0.153,1.195
1751288890231,2025-06-30T16:08:10.231,10.060,0.598,-0.137,1.148
1751288890241,2025-06-30T16:08:10.241,10.070,0.540,-0.084,1.056
1751288890251,2025-06-30T16:08:10.251,10.080,0.485,-0.021,0.944
1751288890261,2025-06-30T16:08:10.261,10.090,0.469,0.036,0.858
1751288890271,2025-06-30T16:08:10.271,10.100,0.462,0.075,0.817
1751288890281,2025-06-30T16:08:10.281,10.110,0.456,0.096,0.787
1751288890291,2025-06-30T16:08:10.291,10.120,0.483,0.095,0.737
1751288890301,2025-06-30T16:08:10.301,10.130,0.519,0.086,0.697
1751288890311,2025-06-30T16:08:10.311,10.140,0.524,0.074,0.687
1751288890321,2025-06-30T16:08:10.321,10.150,0.518,0.051,0.703
1751288890331,2025-06-30T16:08:10.331,10.160,0.511,0.017,0.727
1751288890341,2025-06-30T16:08:10.341,10.170,0.522,-0.012,0.737
1751288890351,2025-06-30T16:08:10.351,10.180,0.535,-0.033,0.744
1751288890361,2025-06-30T16:08:10.361,10.190,0.547,-0.053,0.755
1751288890371,2025-06-30T16:08:10.371,10.200,0.555,-0.061,0.747
1751288890381,2025-06-30T16:08:10.381,10.210,0.558,-0.067,0.750
1751288890391,2025-06-30T16:08:10.391,10.220,0.548,-0.079,0.764
1751288890401,2025-06-30T16:08:10.401,10.230,0.538,-0.089,0.774
1751288890411,2025-06-30T16:08:10.411,10.240,0.536,-0.093,0.784
1751288890421,2025-06-30T16:08:10.421,10.250,0.532,-0.088,0.785
1751288890431,2025-06-30T16:08:10.431,10.260,0.535,-0.087,0.795
1751288890441,2025-06-30T16:08:10.441,10.270,0.539,-0.081,0.793
1751288890451,2025-06-30T16:08:10.451,10.280,0.555,-0.075,0.738
1751288890461,2025-06-30T16:08:10.461,10.290,0.595,-0.081,0.716
1751288890471,2025-06-30T16:08:10.471,10.300,0.638,-0.084,0.720
1751288890481,2025-06-30T16:08:10.481,10.310,0.623,-0.071,0.694
1751288890491,2025-06-30T16:08:10.491,10.320,0.518,-0.048,0.688
1751288890501,2025-06-30T16:08:10.501,10.330,0.355,-0.045,0.622
1751288890511,2025-06-30T16:08:10.511,10.340,0.128,-0.036,0.575
1751288890521,2025-06-30T16:08:10.521,10.350,-0.162,-0.005,0.541
1751288890531,2025-06-30T16:08:10.531,10.360,-0.448,0.020,0.569
1751288890541,2025-06-30T16:08:10.541,10.370,-0.654,0.026,0.577
1751288890551,2025-06-30T16:08:10.551,10.380,-0.765,0.045,0.591
1751288890561,2025-06-30T16:08:10.561,10.390,-0.805,0.048,0.652
1751288890571,2025-06-30T16:08:10.571,10.400,-0.776,0.073,0.707
1751288890581,2025-06-30T16:08:10.581,10.410,-0.743,0.100,0.731
1751288890591,2025-06-30T16:08:10.591,10.420,-0.708,0.106,0.776
1751288890601,2025-06-30T16:08:10.601,10.430,-0.692,0.130,0.789
1751288890611,2025-06-30T16:08:10.611,10.440,-0.743,0.149,0.766
1751288890621,2025-06-30T16:08:10.621,10.450,-0.791,0.160,0.742
1751288890631,2025-06-30T16:08:10.631,10.460,-0.814,0.182,0.713
1751288890641,2025-06-30T16:08:10.641,10.470,-0.869,0.192,0.695
1751288890651,2025-06-30T16:08:10.651,10.480,-0.937,0.166,0.701
1751288890661,2025-06-30T16:08:10.661,10.490,-0.995,0.114,0.723
1751288890671,2025-06-30T16:08:10.671,10.500,-1.045,0.093,0.750
1751288890681,2025-06-30T16:08:10.681,10.510,-1.056,0.111,0.774
1751288890691,2025-06-30T16:08:10.691,10.520,-1.045,0.159,0.800
1751288890701,2025-06-30T16:08:10.701,10.530,-0.997,0.236,0.801
1751288890711,2025-06-30T16:08:10.711,10.540,-0.975,0.291,0.795
1751288890721,2025-06-30T16:08:10.721,10.550,-1.039,0.281,0.817
1751288890731,2025-06-30T16:08:10.731,10.560,-1.097,0.254,0.831
1751288890741,2025-06-30T16:08:10.741,10.570,-1.107,0.271,0.817
1751288890751,2025-06-30T16:08:10.751,10.580,-1.103,0.322,0.781
1751288890761,2025-06-30T16:08:10.761,10.590,-1.051,0.364,0.781
1751288890771,2025-06-30T16:08:10.771,10.600,-1.019,0.378,0.835
1751288890781,2025-06-30T16:08:10.781,10.610,-1.034,0.357,0.888
1751288890791,2025-06-30T16:08:10.791,10.620,-0.960,0.314,0.982
1751288890801,2025-06-30T16:08:10.801,10.630,-0.742,0.294,1.047
1751288890811,2025-06-30T16:08:10.811,10.640,-0.598,0.333,1.042
1751288890821,2025-06-30T16:08:10.821,10.650,-0.526,0.396,0.946
1751288890831,2025-06-30T16:08:10.831,10.660,-0.419,0.434,0.826
1751288890841,2025-06-30T16:08:10.841,10.670,-0.209,0.429,0.696
1751288890851,2025-06-30T16:08:10.851,10.680,0.103,0.378,0.595
1751288890861,2025-06-30T16:08:10.861,10.690,0.417,0.318,0.589
1751288890871,2025-06-30T16:08:10.871,10.700,0.620,0.255,0.619
1751288890881,2025-06-30T16:08:10.881,10.710,0.703,0.191,0.637
1751288890891,2025-06-30T16:08:10.891,10.720,0.681,0.144,0.637
1751288890901,2025-06-30T16:08:10.901,10.730,0.604,0.122,0.639
1751288890911,2025-06-30T16:08:10.911,10.740,0.559,0.097,0.635
1751288890921,2025-06-30T16:08:10.921,10.750,0.588,0.060,0.652
1751288890931,2025-06-30T16:08:10.931,10.760,0.620,0.023,0.707
1751288890941,2025-06-30T16:08:10.941,10.770,0.635,-0.023,0.741
1751288890951,2025-06-30T16:08:10.951,10.780,0.669,-0.076,0.771
1751288890961,2025-06-30T16:08:10.961,10.790,0.685,-0.109,0.794
1751288890971,2025-06-30T16:08:10.971,10.800,0.702,-0.131,0.794
1751288890981,2025-06-30T16:08:10.981,10.810,0.722,-0.149,0.785
1751288890991,2025-06-30T16:08:10.991,10.820,0.667,-0.151,0.770
1751288891001,2025-06-30T16:08:11.001,10.830,0.584,-0.140,0.749
1751288891011,2025-06-30T16:08:11.011,10.840,0.515,-0.129,0.753
1751288891021,2025-06-30T16:08:11.021,10.850,0.442,-0.121,0.749
1751288891031,2025-06-30T16:08:11.031,10.860,0.411,-0.117,0.737
1751288891041,2025-06-30T16:08:11.041,10.870,0.432,-0.119,0.737
1751288891051,2025-06-30T16:08:11.051,10.880,0.435,-0.120,0.736
1751288891061,2025-06-30T16:08:11.061,10.890,0.430,-0.127,0.742
1751288891071,2025-06-30T16:08:11.071,10.900,0.462,-0.149,0.753
1751288891081,2025-06-30T16:08:11.081,10.910,0.469,-0.162,0.785
1751288891091,2025-06-30T16:08:11.091,10.920,0.446,-0.166,0.792
1751288891101,2025-06-30T16:08:11.101,10.930,0.440,-0.170,0.795
1751288891111,2025-06-30T16:08:11.111,10.940,0.439,-0.170,0.788
1751288891121,2025-06-30T16:08:11.121,10.950,0.463,-0.174,0.791
1751288891131,2025-06-30T16:08:11.131,10.960,0.506,-0.181,0.801
1751288891141,2025-06-30T16:08:11.141,10.970,0.528,-0.183,0.822
1751288891151,2025-06-30T16:08:11.151,10.980,0.511,-0.189,0.834
1751288891161,2025-06-30T16:08:11.161,10.990,0.497,-0.197,0.846
1751288891171,2025-06-30T16:08:11.171,11.000,0.506,-0.191,0.864
1751288891181,2025-06-30T16:08:11.181,11.010,0.515,-0.173,0.881
1751288891191,2025-06-30T16:08:11.191,11.020,0.514,-0.144,0.882
1751288891201,2025-06-30T16:08:11.201,11.030,0.502,-0.102,0.862
1751288891211,2025-06-30T16:08:11.211,11.040,0.488,-0.079,0.859
1751288891221,2025-06-30T16:08:11.221,11.050,0.492,-0.083,0.868
1751288891231,2025-06-30T16:08:11.231,11.060,0.534,-0.092,0.859
1751288891241,2025-06-30T16:08:11.241,11.070,0.598,-0.094,0.866
1751288891251,2025-06-30T16:08:11.251,11.080,0.632,-0.103,0.892
1751288891261,2025-06-30T16:08:11.261,11.090,0.664,-0.123,0.914
1751288891271,2025-06-30T16:08:11.271,11.100,0.710,-0.126,0.929
1751288891281,2025-06-30T16:08:11.281,11.110,0.741,-0.104,0.918
1751288891291,2025-06-30T16:08:11.291,11.120,0.719,-0.080,0.890
1751288891301,2025-06-30T16:08:11.301,11.130,0.654,-0.075,0.880
1751288891311,2025-06-30T16:08:11.311,11.140,0.578,-0.095,0.890
1751288891321,2025-06-30T16:08:11.321,11.150,0.579,-0.138,0.938
1751288891331,2025-06-30T16:08:11.331,11.160,0.638,-0.170,1.001
1751288891341,2025-06-30T16:08:11.341,11.170,0.692,-0.179,1.070
1751288891351,2025-06-30T16:08:11.351,11.180,0.739,-0.177,1.133
1751288891361,2025-06-30T16:08:11.361,11.190,0.775,-0.176,1.168
1751288891371,2025-06-30T16:08:11.371,11.200,0.805,-0.192,1.182
1751288891381,2025-06-30T16:08:11.381,11.210,0.835,-0.195,1.154
1751288891391,2025-06-30T16:08:11.391,11.220,0.820,-0.155,1.051
1751288891401,2025-06-30T16:08:11.401,11.230,0.758,-0.085,0.907
1751288891411,2025-06-30T16:08:11.411,11.240,0.660,-0.007,0.789
1751288891421,2025-06-30T16:08:11.421,11.250,0.520,0.063,0.704
1751288891431,2025-06-30T16:08:11.431,11.260,0.382,0.108,0.666
1751288891441,2025-06-30T16:08:11.441,11.270,0.252,0.126,0.671
1751288891451,2025-06-30T16:08:11.451,11.280,0.159,0.126,0.700
1751288891461,2025-06-30T16:08:11.461,11.290,0.123,0.119,0.701
1751288891471,2025-06-30T16:08:11.471,11.300,0.131,0.109,0.698
1751288891481,2025-06-30T16:08:11.481,11.310,0.176,0.096,0.727
1751288891491,2025-06-30T16:08:11.491,11.320,0.239,0.054,0.730
1751288891501,2025-06-30T16:08:11.501,11.330,0.256,0.015,0.737
1751288891511,2025-06-30T16:08:11.511,11.340,0.205,0.027,0.777
1751288891521,2025-06-30T16:08:11.521,11.350,0.134,0.036,0.816
1751288891531,2025-06-30T16:08:11.531,11.360,0.081,0.017,0.794
1751288891541,2025-06-30T16:08:11.541,11.370,0.016,0.018,0.808
1751288891551,2025-06-30T16:08:11.551,11.380,-0.042,0.048,0.828
1751288891561,2025-06-30T16:08:11.561,11.390,-0.106,0.084,0.813
1751288891571,2025-06-30T16:08:11.571,11.400,-0.218,0.111,0.806
1751288891581,2025-06-30T16:08:11.581,11.410,-0.370,0.154,0.743
1751288891591,2025-06-30T16:08:11.591,11.420,-0.588,0.184,0.660
1751288891601,2025-06-30T16:08:11.601,11.430,-0.761,0.180,0.593
1751288891611,2025-06-30T16:08:11.611,11.440,-0.858,0.189,0.583
1751288891621,2025-06-30T16:08:11.621,11.450,-0.914,0.198,0.630
1751288891631,2025-06-30T16:08:11.631,11.460,-0.917,0.214,0.681
1751288891641,2025-06-30T16:08:11.641,11.470,-0.854,0.216,0.714
1751288891651,2025-06-30T16:08:11.651,11.480,-0.757,0.216,0.732
1751288891661,2025-06-30T16:08:11.661,11.490,-0.734,0.227,0.697
1751288891671,2025-06-30T16:08:11.671,11.500,-0.775,0.235,0.670
1751288891681,2025-06-30T16:08:11.681,11.510,-0.854,0.242,0.634
1751288891691,2025-06-30T16:08:11.691,11.520,-0.956,0.239,0.600
1751288891701,2025-06-30T16:08:11.701,11.530,-0.982,0.226,0.584
1751288891711,2025-06-30T16:08:11.711,11.540,-0.963,0.224,0.577
1751288891721,2025-06-30T16:08:11.721,11.550,-0.993,0.229,0.577
1751288891731,2025-06-30T16:08:11.731,11.560,-0.966,0.220,0.586
1751288891741,2025-06-30T16:08:11.741,11.570,-0.944,0.214,0.598
1751288891751,2025-06-30T16:08:11.751,11.580,-0.939,0.223,0.622
1751288891761,2025-06-30T16:08:11.761,11.590,-0.905,0.221,0.672
1751288891771,2025-06-30T16:08:11.771,11.600,-0.869,0.227,0.737
1751288891781,2025-06-30T16:08:11.781,11.610,-0.860,0.264,0.778
1751288891791,2025-06-30T16:08:11.791,11.620,-0.794,0.258,0.805
1751288891801,2025-06-30T16:08:11.801,11.630,-0.639,0.207,0.853
1751288891811,2025-06-30T16:08:11.811,11.640,-0.464,0.159,0.933
1751288891821,2025-06-30T16:08:11.821,11.650,-0.273,0.118,1.026
1751288891831,2025-06-30T16:08:11.831,11.660,-0.087,0.069,1.080
1751288891841,2025-06-30T16:08:11.841,11.670,0.080,0.045,1.086
1751288891851,2025-06-30T16:08:11.851,11.680,0.201,0.060,1.083
1751288891861,2025-06-30T16:08:11.861,11.690,0.278,0.112,1.058
1751288891871,2025-06-30T16:08:11.871,11.700,0.334,0.174,0.981
1751288891881,2025-06-30T16:08:11.881,11.710,0.394,0.196,0.966
1751288891891,2025-06-30T16:08:11.891,11.720,0.465,0.138,0.976
1751288891901,2025-06-30T16:08:11.901,11.730,0.543,0.051,0.974
1751288891911,2025-06-30T16:08:11.911,11.740,0.639,-0.030,0.971
1751288891921,2025-06-30T16:08:11.921,11.750,0.756,-0.073,1.001
1751288891931,2025-06-30T16:08:11.931,11.760,0.846,-0.088,1.051
1751288891941,2025-06-30T16:08:11.941,11.770,0.860,-0.093,1.085
1751288891951,2025-06-30T16:08:11.951,11.780,0.828,-0.068,1.070
1751288891961,2025-06-30T16:08:11.961,11.790,0.783,-0.011,1.012
1751288891971,2025-06-30T16:08:11.971,11.800,0.704,0.059,0.932
1751288891981,2025-06-30T16:08:11.981,11.810,0.599,0.113,0.841
1751288891991,2025-06-30T16:08:11.991,11.820,0.554,0.138,0.775
1751288892001,2025-06-30T16:08:12.001,11.830,0.561,0.137,0.742
1751288892011,2025-06-30T16:08:12.011,11.840,0.576,0.123,0.733
1751288892021,2025-06-30T16:08:12.021,11.850,0.564,0.096,0.741
1751288892031,2025-06-30T16:08:12.031,11.860,0.516,0.062,0.735
1751288892041,2025-06-30T16:08:12.041,11.870,0.461,0.036,0.738
1751288892051,2025-06-30T16:08:12.051,11.880,0.429,0.024,0.737
1751288892061,2025-06-30T16:08:12.061,11.890,0.422,0.002,0.753
1751288892071,2025-06-30T16:08:12.071,11.900,0.420,-0.032,0.765
1751288892081,2025-06-30T16:08:12.081,11.910,0.424,-0.063,0.781
1751288892091,2025-06-30T16:08:12.091,11.920,0.426,-0.095,0.788
1751288892101,2025-06-30T16:08:12.101,11.930,0.457,-0.126,0.799
1751288892111,2025-06-30T16:08:12.111,11.940,0.470,-0.147,0.811
1751288892121,2025-06-30T16:08:12.121,11.950,0.447,-0.151,0.817
1751288892131,2025-06-30T16:08:12.131,11.960,0.434,-0.153,0.802
1751288892141,2025-06-30T16:08:12.141,11.970,0.437,-0.157,0.783
1751288892151,2025-06-30T16:08:12.151,11.980,0.426,-0.159,0.776
1751288892161,2025-06-30T16:08:12.161,11.990,0.387,-0.153,0.779
1751288892171,2025-06-30T16:08:12.171,12.000,0.356,-0.143,0.765
1751288892181,2025-06-30T16:08:12.181,12.010,0.373,-0.137,0.746
1751288892191,2025-06-30T16:08:12.191,12.020,0.413,-0.138,0.742
1751288892201,2025-06-30T16:08:12.201,12.030,0.467,-0.158,0.742
1751288892211,2025-06-30T16:08:12.211,12.040,0.495,-0.173,0.760
1751288892221,2025-06-30T16:08:12.221,12.050,0.486,-0.171,0.788
1751288892231,2025-06-30T16:08:12.231,12.060,0.459,-0.166,0.792
1751288892241,2025-06-30T16:08:12.241,12.070,0.430,-0.159,0.774
1751288892251,2025-06-30T16:08:12.251,12.080,0.405,-0.146,0.779
1751288892261,2025-06-30T16:08:12.261,12.090,0.394,-0.136,0.781
1751288892271,2025-06-30T16:08:12.271,12.100,0.410,-0.130,0.788
1751288892281,2025-06-30T16:08:12.281,12.110,0.455,-0.134,0.820
1751288892291,2025-06-30T16:08:12.291,12.120,0.493,-0.146,0.848
1751288892301,2025-06-30T16:08:12.301,12.130,0.522,-0.160,0.870
1751288892311,2025-06-30T16:08:12.311,12.140,0.533,-0.159,0.888
1751288892321,2025-06-30T16:08:12.321,12.150,0.521,-0.140,0.887
1751288892331,2025-06-30T16:08:12.331,12.160,0.498,-0.120,0.892
1751288892341,2025-06-30T16:08:12.341,12.170,0.474,-0.102,0.896
1751288892351,2025-06-30T16:08:12.351,12.180,0.459,-0.098,0.895
1751288892361,2025-06-30T16:08:12.361,12.190,0.453,-0.103,0.877
1751288892371,2025-06-30T16:08:12.371,12.200,0.455,-0.106,0.868
1751288892381,2025-06-30T16:08:12.381,12.210,0.480,-0.118,0.873
1751288892391,2025-06-30T16:08:12.391,12.220,0.519,-0.124,0.885
1751288892401,2025-06-30T16:08:12.401,12.230,0.569,-0.126,0.903
1751288892411,2025-06-30T16:08:12.411,12.240,0.625,-0.130,0.920
1751288892421,2025-06-30T16:08:12.421,12.250,0.668,-0.129,0.915
1751288892431,2025-06-30T16:08:12.431,12.260,0.683,-0.122,0.923
1751288892441,2025-06-30T16:08:12.441,12.270,0.671,-0.120,0.973
1751288892451,2025-06-30T16:08:12.451,12.280,0.688,-0.141,0.984
1751288892461,2025-06-30T16:08:12.461,12.290,0.759,-0.175,1.005
1751288892471,2025-06-30T16:08:12.471,12.300,0.858,-0.201,1.035
1751288892481,2025-06-30T16:08:12.481,12.310,0.937,-0.188,1.014
1751288892491,2025-06-30T16:08:12.491,12.320,0.948,-0.158,1.023
1751288892501,2025-06-30T16:08:12.501,12.330,0.901,-0.115,1.025
1751288892511,2025-06-30T16:08:12.511,12.340,0.794,-0.087,0.994
1751288892521,2025-06-30T16:08:12.521,12.350,0.634,-0.082,0.905
1751288892531,2025-06-30T16:08:12.531,12.360,0.440,-0.032,0.771
1751288892541,2025-06-30T16:08:12.541,12.370,0.271,0.049,0.653
1751288892551,2025-06-30T16:08:12.551,12.380,0.063,0.115,0.539
1751288892561,2025-06-30T16:08:12.561,12.390,-0.233,0.207,0.477
1751288892571,2025-06-30T16:08:12.571,12.400,-0.465,0.239,0.430
1751288892581,2025-06-30T16:08:12.581,12.410,-0.697,0.256,0.375
1751288892591,2025-06-30T16:08:12.591,12.420,-0.853,0.292,0.370
1751288892601,2025-06-30T16:08:12.601,12.430,-0.914,0.303,0.419
1751288892611,2025-06-30T16:08:12.611,12.440,-0.877,0.266,0.511
1751288892621,2025-06-30T16:08:12.621,12.450,-0.753,0.239,0.581
1751288892631,2025-06-30T16:08:12.631,12.460,-0.625,0.236,0.662
1751288892641,2025-06-30T16:08:12.641,12.470,-0.582,0.240,0.721
1751288892651,2025-06-30T16:08:12.651,12.480,-0.577,0.242,0.759
1751288892661,2025-06-30T16:08:12.661,12.490,-0.576,0.245,0.785
1751288892671,2025-06-30T16:08:12.671,12.500,-0.592,0.249,0.820
1751288892681,2025-06-30T16:08:12.681,12.510,-0.631,0.255,0.839
1751288892691,2025-06-30T16:08:12.691,12.520,-0.692,0.260,0.827
1751288892701,2025-06-30T16:08:12.701,12.530,-0.742,0.252,0.806
1751288892711,2025-06-30T16:08:12.711,12.540,-0.760,0.242,0.792
1751288892721,2025-06-30T16:08:12.721,12.550,-0.758,0.235,0.771
1751288892731,2025-06-30T16:08:12.731,12.560,-0.760,0.242,0.736
1751288892741,2025-06-30T16:08:12.741,12.570,-0.771,0.245,0.703
1751288892751,2025-06-30T16:08:12.751,12.580,-0.773,0.240,0.700
1751288892761,2025-06-30T16:08:12.761,12.590,-0.752,0.238,0.725
1751288892771,2025-06-30T16:08:12.771,12.600,-0.721,0.233,0.754
1751288892781,2025-06-30T16:08:12.781,12.610,-0.705,0.237,0.772
1751288892791,2025-06-30T16:08:12.791,12.620,-0.686,0.234,0.772
1751288892801,2025-06-30T16:08:12.801,12.630,-0.610,0.218,0.785
1751288892811,2025-06-30T16:08:12.811,12.640,-0.475,0.189,0.797
1751288892821,2025-06-30T16:08:12.821,12.650,-0.341,0.164,0.817
1751288892831,2025-06-30T16:08:12.831,12.660,-0.256,0.152,0.864
1751288892841,2025-06-30T16:08:12.841,12.670,-0.195,0.144,0.927
1751288892851,2025-06-30T16:08:12.851,12.680,-0.115,0.125,0.988
1751288892861,2025-06-30T16:08:12.861,12.690,-0.036,0.107,1.002
1751288892871,2025-06-30T16:08:12.871,12.700,0.055,0.090,0.977
1751288892881,2025-06-30T16:08:12.881,12.710,0.194,0.065,0.923
1751288892891,2025-06-30T16:08:12.891,12.720,0.341,0.054,0.906
1751288892901,2025-06-30T16:08:12.901,12.730,0.489,0.030,0.916
1751288892911,2025-06-30T16:08:12.911,12.740,0.637,-0.006,0.932
1751288892921,2025-06-30T16:08:12.921,12.750,0.725,-0.021,0.930
1751288892931,2025-06-30T16:08:12.931,12.760,0.693,-0.008,0.958
1751288892941,2025-06-30T16:08:12.941,12.770,0.609,-0.011,0.992
1751288892951,2025-06-30T16:08:12.951,12.780,0.558,-0.052,1.003
1751288892961,2025-06-30T16:08:12.961,12.790,0.541,-0.102,1.015
1751288892971,2025-06-30T16:08:12.971,12.800,0.535,-0.115,1.017
1751288892981,2025-06-30T16:08:12.981,12.810,0.521,-0.080,0.991
1751288892991,2025-06-30T16:08:12.991,12.820,0.521,0.008,0.921
1751288893001,2025-06-30T16:08:13.001,12.830,0.509,0.105,0.904
1751288893011,2025-06-30T16:08:13.011,12.840,0.468,0.134,0.967
1751288893021,2025-06-30T16:08:13.021,12.850,0.440,0.083,1.035
1751288893031,2025-06-30T16:08:13.031,12.860,0.433,0.014,1.073
1751288893041,2025-06-30T16:08:13.041,12.870,0.438,-0.035,1.128
1751288893051,2025-06-30T16:08:13.051,12.880,0.480,-0.092,1.225
1751288893061,2025-06-30T16:08:13.061,12.890,0.524,-0.148,1.267
1751288893071,2025-06-30T16:08:13.071,12.900,0.525,-0.140,1.230
1751288893081,2025-06-30T16:08:13.081,12.910,0.477,-0.035,1.152
1751288893091,2025-06-30T16:08:13.091,12.920,0.415,0.103,1.058
1751288893101,2025-06-30T16:08:13.101,12.930,0.363,0.195,0.969
1751288893111,2025-06-30T16:08:13.111,12.940,0.336,0.234,0.911
1751288893121,2025-06-30T16:08:13.121,12.950,0.330,0.234,0.897
1751288893131,2025-06-30T16:08:13.131,12.960,0.346,0.192,0.879
1751288893141,2025-06-30T16:08:13.141,12.970,0.375,0.127,0.852
1751288893151,2025-06-30T16:08:13.151,12.980,0.386,0.076,0.833
1751288893161,2025-06-30T16:08:13.161,12.990,0.370,0.063,0.843
1751288893171,2025-06-30T16:08:13.171,13.000,0.337,0.070,0.844
1751288893181,2025-06-30T16:08:13.181,13.010,0.311,0.074,0.849
1751288893191,2025-06-30T16:08:13.191,13.020,0.294,0.050,0.866
1751288893201,2025-06-30T16:08:13.201,13.030,0.290,0.007,0.876
1751288893211,2025-06-30T16:08:13.211,13.040,0.294,-0.035,0.885
1751288893221,2025-06-30T16:08:13.221,13.050,0.307,-0.071,0.899
1751288893231,2025-06-30T16:08:13.231,13.060,0.317,-0.100,0.919
1751288893241,2025-06-30T16:08:13.241,13.070,0.316,-0.116,0.927
1751288893251,2025-06-30T16:08:13.251,13.080,0.322,-0.119,0.912
1751288893261,2025-06-30T16:08:13.261,13.090,0.329,-0.114,0.889
1751288893271,2025-06-30T16:08:13.271,13.100,0.332,-0.105,0.862
1751288893281,2025-06-30T16:08:13.281,13.110,0.351,-0.107,0.846
1751288893291,2025-06-30T16:08:13.291,13.120,0.378,-0.115,0.850
1751288893301,2025-06-30T16:08:13.301,13.130,0.393,-0.116,0.847
1751288893311,2025-06-30T16:08:13.311,13.140,0.400,-0.120,0.839
1751288893321,2025-06-30T16:08:13.321,13.150,0.411,-0.115,0.824
1751288893331,2025-06-30T16:08:13.331,13.160,0.411,-0.113,0.813
1751288893341,2025-06-30T16:08:13.341,13.170,0.391,-0.116,0.815
1751288893351,2025-06-30T16:08:13.351,13.180,0.378,-0.123,0.826
1751288893361,2025-06-30T16:08:13.361,13.190,0.377,-0.130,0.849
1751288893371,2025-06-30T16:08:13.371,13.200,0.396,-0.138,0.865
1751288893381,2025-06-30T16:08:13.381,13.210,0.430,-0.149,0.870
1751288893391,2025-06-30T16:08:13.391,13.220,0.466,-0.158,0.878
1751288893401,2025-06-30T16:08:13.401,13.230,0.506,-0.166,0.890
1751288893411,2025-06-30T16:08:13.411,13.240,0.554,-0.173,0.875
1751288893421,2025-06-30T16:08:13.421,13.250,0.586,-0.171,0.894
1751288893431,2025-06-30T16:08:13.431,13.260,0.595,-0.167,0.902
1751288893441,2025-06-30T16:08:13.441,13.270,0.560,-0.148,0.887
1751288893451,2025-06-30T16:08:13.451,13.280,0.493,-0.104,0.889
1751288893461,2025-06-30T16:08:13.461,13.290,0.407,-0.074,0.863
1751288893471,2025-06-30T16:08:13.471,13.300,0.287,-0.047,0.847
1751288893481,2025-06-30T16:08:13.481,13.310,0.154,-0.028,0.828
1751288893491,2025-06-30T16:08:13.491,13.320,0.051,-0.029,0.771
1751288893501,2025-06-30T16:08:13.501,13.330,-0.051,-0.008,0.762
1751288893511,2025-06-30T16:08:13.511,13.340,-0.170,0.012,0.767
1751288893521,2025-06-30T16:08:13.521,13.350,-0.264,0.028,0.791
1751288893531,2025-06-30T16:08:13.531,13.360,-0.335,0.035,0.815
1751288893541,2025-06-30T16:08:13.541,13.370,-0.414,0.042,0.784
1751288893551,2025-06-30T16:08:13.551,13.380,-0.529,0.076,0.773
1751288893561,2025-06-30T16:08:13.561,13.390,-0.652,0.125,0.760
1751288893571,2025-06-30T16:08:13.571,13.400,-0.757,0.158,0.737
1751288893581,2025-06-30T16:08:13.581,13.410,-0.829,0.144,0.781
1751288893591,2025-06-30T16:08:13.591,13.420,-0.814,0.114,0.821
1751288893601,2025-06-30T16:08:13.601,13.430,-0.761,0.111,0.879
1751288893611,2025-06-30T16:08:13.611,13.440,-0.695,0.136,0.916
1751288893621,2025-06-30T16:08:13.621,13.450,-0.669,0.158,0.940
1751288893631,2025-06-30T16:08:13.631,13.460,-0.703,0.157,0.971
1751288893641,2025-06-30T16:08:13.641,13.470,-0.752,0.117,1.000
1751288893651,2025-06-30T16:08:13.651,13.480,-0.801,0.085,1.010
1751288893661,2025-06-30T16:08:13.661,13.490,-0.856,0.097,0.975
1751288893671,2025-06-30T16:08:13.671,13.500,-0.874,0.146,0.910
1751288893681,2025-06-30T16:08:13.681,13.510,-0.850,0.209,0.862
1751288893691,2025-06-30T16:08:13.691,13.520,-0.814,0.254,0.827
1751288893701,2025-06-30T16:08:13.701,13.530,-0.772,0.269,0.805
1751288893711,2025-06-30T16:08:13.711,13.540,-0.699,0.271,0.802
1751288893721,2025-06-30T16:08:13.721,13.550,-0.603,0.271,0.775
1751288893731,2025-06-30T16:08:13.731,13.560,-0.545,0.268,0.747
1751288893741,2025-06-30T16:08:13.741,13.570,-0.534,0.268,0.720
1751288893751,2025-06-30T16:08:13.751,13.580,-0.553,0.260,0.690
1751288893761,2025-06-30T16:08:13.761,13.590,-0.590,0.244,0.701
1751288893771,2025-06-30T16:08:13.771,13.600,-0.585,0.223,0.742
1751288893781,2025-06-30T16:08:13.781,13.610,-0.574,0.221,0.810
1751288893791,2025-06-30T16:08:13.791,13.620,-0.561,0.223,0.848
1751288893801,2025-06-30T16:08:13.801,13.630,-0.497,0.204,0.869
1751288893811,2025-06-30T16:08:13.811,13.640,-0.363,0.168,0.883
1751288893821,2025-06-30T16:08:13.821,13.650,-0.233,0.145,0.922
1751288893831,2025-06-30T16:08:13.831,13.660,-0.165,0.146,0.962
1751288893841,2025-06-30T16:08:13.841,13.670,-0.154,0.153,0.968
1751288893851,2025-06-30T16:08:13.851,13.680,-0.160,0.149,0.979
1751288893861,2025-06-30T16:08:13.861,13.690,-0.132,0.135,0.922
1751288893871,2025-06-30T16:08:13.871,13.700,-0.062,0.116,0.873
1751288893881,2025-06-30T16:08:13.881,13.710,0.083,0.090,0.828
1751288893891,2025-06-30T16:08:13.891,13.720,0.257,0.070,0.781
1751288893901,2025-06-30T16:08:13.901,13.730,0.419,0.053,0.800
1751288893911,2025-06-30T16:08:13.911,13.740,0.536,0.019,0.776
1751288893921,2025-06-30T16:08:13.921,13.750,0.646,-0.000,0.776
1751288893931,2025-06-30T16:08:13.931,13.760,0.696,-0.020,0.783
1751288893941,2025-06-30T16:08:13.941,13.770,0.709,-0.032,0.780
1751288893951,2025-06-30T16:08:13.951,13.780,0.705,-0.038,0.798
1751288893961,2025-06-30T16:08:13.961,13.790,0.662,-0.038,0.813
1751288893971,2025-06-30T16:08:13.971,13.800,0.630,-0.054,0.824
1751288893981,2025-06-30T16:08:13.981,13.810,0.621,-0.071,0.843
1751288893991,2025-06-30T16:08:13.991,13.820,0.616,-0.087,0.850
1751288894001,2025-06-30T16:08:14.001,13.830,0.588,-0.104,0.874
1751288894011,2025-06-30T16:08:14.011,13.840,0.533,-0.110,0.874
1751288894021,2025-06-30T16:08:14.021,13.850,0.483,-0.101,0.856
1751288894031,2025-06-30T16:08:14.031,13.860,0.439,-0.087,0.854
1751288894041,2025-06-30T16:08:14.041,13.870,0.402,-0.068,0.842
1751288894051,2025-06-30T16:08:14.051,13.880,0.388,-0.047,0.823
1751288894061,2025-06-30T16:08:14.061,13.890,0.386,-0.033,0.829
1751288894071,2025-06-30T16:08:14.071,13.900,0.415,-0.032,0.838
1751288894081,2025-06-30T16:08:14.081,13.910,0.478,-0.043,0.862
1751288894091,2025-06-30T16:08:14.091,13.920,0.538,-0.078,0.906
1751288894101,2025-06-30T16:08:14.101,13.930,0.563,-0.118,0.952
1751288894111,2025-06-30T16:08:14.111,13.940,0.527,-0.148,0.984
1751288894121,2025-06-30T16:08:14.121,13.950,0.480,-0.150,0.985
1751288894131,2025-06-30T16:08:14.131,13.960,0.436,-0.124,0.969
1751288894141,2025-06-30T16:08:14.141,13.970,0.409,-0.071,0.957
1751288894151,2025-06-30T16:08:14.151,13.980,0.433,-0.003,0.931
1751288894161,2025-06-30T16:08:14.161,13.990,0.449,0.063,0.926
1751288894171,2025-06-30T16:08:14.171,14.000,0.467,0.073,1.016
1751288894181,2025-06-30T16:08:14.181,14.010,0.504,-0.004,1.145
1751288894191,2025-06-30T16:08:14.191,14.020,0.561,-0.100,1.208
1751288894201,2025-06-30T16:08:14.201,14.030,0.616,-0.126,1.224
1751288894211,2025-06-30T16:08:14.211,14.040,0.590,-0.104,1.248
1751288894221,2025-06-30T16:08:14.221,14.050,0.540,-0.093,1.236
1751288894231,2025-06-30T16:08:14.231,14.060,0.499,-0.066,1.186
1751288894241,2025-06-30T16:08:14.241,14.070,0.439,0.015,1.090
1751288894251,2025-06-30T16:08:14.251,14.080,0.361,0.111,0.988
1751288894261,2025-06-30T16:08:14.261,14.090,0.347,0.183,0.918
1751288894271,2025-06-30T16:08:14.271,14.100,0.364,0.231,0.874
1751288894281,2025-06-30T16:08:14.281,14.110,0.382,0.229,0.864
1751288894291,2025-06-30T16:08:14.291,14.120,0.426,0.192,0.851
1751288894301,2025-06-30T16:08:14.301,14.130,0.453,0.153,0.833
1751288894311,2025-06-30T16:08:14.311,14.140,0.435,0.127,0.822
1751288894321,2025-06-30T16:08:14.321,14.150,0.404,0.116,0.822
1751288894331,2025-06-30T16:08:14.331,14.160,0.391,0.103,0.831
1751288894341,2025-06-30T16:08:14.341,14.170,0.384,0.077,0.846
1751288894351,2025-06-30T16:08:14.351,14.180,0.384,0.042,0.875
1751288894361,2025-06-30T16:08:14.361,14.190,0.391,-0.009,0.876
1751288894371,2025-06-30T16:08:14.371,14.200,0.405,-0.057,0.876
1751288894381,2025-06-30T16:08:14.381,14.210,0.428,-0.091,0.874
1751288894391,2025-06-30T16:08:14.391,14.220,0.463,-0.120,0.872
1751288894401,2025-06-30T16:08:14.401,14.230,0.490,-0.139,0.844
1751288894411,2025-06-30T16:08:14.411,14.240,0.483,-0.140,0.827
1751288894421,2025-06-30T16:08:14.421,14.250,0.452,-0.133,0.809
1751288894431,2025-06-30T16:08:14.431,14.260,0.381,-0.124,0.747
1751288894441,2025-06-30T16:08:14.441,14.270,0.259,-0.101,0.757
1751288894451,2025-06-30T16:08:14.451,14.280,0.170,-0.092,0.733
1751288894461,2025-06-30T16:08:14.461,14.290,0.101,-0.093,0.642
1751288894471,2025-06-30T16:08:14.471,14.300,-0.007,-0.081,0.641
1751288894481,2025-06-30T16:08:14.481,14.310,-0.048,-0.095,0.618
1751288894491,2025-06-30T16:08:14.491,14.320,-0.039,-0.098,0.617
1751288894501,2025-06-30T16:08:14.501,14.330,-0.071,-0.088,0.598
1751288894511,2025-06-30T16:08:14.511,14.340,-0.154,-0.074,0.592
1751288894521,2025-06-30T16:08:14.521,14.350,-0.242,-0.067,0.594
1751288894531,2025-06-30T16:08:14.531,14.360,-0.357,-0.043,0.591
1751288894541,2025-06-30T16:08:14.541,14.370,-0.464,-0.005,0.604
1751288894551,2025-06-30T16:08:14.551,14.380,-0.540,0.021,0.630
1751288894561,2025-06-30T16:08:14.561,14.390,-0.630,0.062,0.640
1751288894571,2025-06-30T16:08:14.571,14.400,-0.714,0.085,0.685
1751288894581,2025-06-30T16:08:14.581,14.410,-0.760,0.099,0.685
1751288894591,2025-06-30T16:08:14.591,14.420,-0.844,0.128,0.718
1751288894601,2025-06-30T16:08:14.601,14.430,-0.932,0.157,0.738
1751288894611,2025-06-30T16:08:14.611,14.440,-0.979,0.183,0.760
1751288894621,2025-06-30T16:08:14.621,14.450,-0.998,0.220,0.796
1751288894631,2025-06-30T16:08:14.631,14.460,-0.993,0.255,0.822
1751288894641,2025-06-30T16:08:14.641,14.470,-0.973,0.269,0.824
1751288894651,2025-06-30T16:08:14.651,14.480,-0.937,0.279,0.815
1751288894661,2025-06-30T16:08:14.661,14.490,-0.901,0.287,0.809
1751288894671,2025-06-30T16:08:14.671,14.500,-0.854,0.277,0.809
1751288894681,2025-06-30T16:08:14.681,14.510,-0.790,0.254,0.840
1751288894691,2025-06-30T16:08:14.691,14.520,-0.764,0.230,0.885
1751288894701,2025-06-30T16:08:14.701,14.530,-0.764,0.193,0.935
1751288894711,2025-06-30T16:08:14.711,14.540,-0.738,0.180,0.979
1751288894721,2025-06-30T16:08:14.721,14.550,-0.729,0.214,1.004
1751288894731,2025-06-30T16:08:14.731,14.560,-0.763,0.244,1.023
1751288894741,2025-06-30T16:08:14.741,14.570,-0.824,0.226,1.050
1751288894751,2025-06-30T16:08:14.751,14.580,-0.862,0.195,1.095
1751288894761,2025-06-30T16:08:14.761,14.590,-0.775,0.151,1.148
1751288894771,2025-06-30T16:08:14.771,14.600,-0.647,0.129,1.168
1751288894781,2025-06-30T16:08:14.781,14.610,-0.574,0.129,1.176
1751288894791,2025-06-30T16:08:14.791,14.620,-0.532,0.118,1.182
1751288894801,2025-06-30T16:08:14.801,14.630,-0.483,0.062,1.205
1751288894811,2025-06-30T16:08:14.811,14.640,-0.408,-0.000,1.226
1751288894821,2025-06-30T16:08:14.821,14.650,-0.295,-0.002,1.188
1751288894831,2025-06-30T16:08:14.831,14.660,-0.201,0.047,1.068
1751288894841,2025-06-30T16:08:14.841,14.670,-0.154,0.108,0.951
1751288894851,2025-06-30T16:08:14.851,14.680,-0.074,0.145,0.844
1751288894861,2025-06-30T16:08:14.861,14.690,0.080,0.149,0.737
1751288894871,2025-06-30T16:08:14.871,14.700,0.288,0.123,0.644
1751288894881,2025-06-30T16:08:14.881,14.710,0.544,0.075,0.603
1751288894891,2025-06-30T16:08:14.891,14.720,0.766,0.018,0.577
1751288894901,2025-06-30T16:08:14.901,14.730,0.902,-0.024,0.560
1751288894911,2025-06-30T16:08:14.911,14.740,0.962,-0.039,0.557
1751288894921,2025-06-30T16:08:14.921,14.750,0.932,-0.032,0.557
1751288894931,2025-06-30T16:08:14.931,14.760,0.875,-0.033,0.577
1751288894941,2025-06-30T16:08:14.941,14.770,0.844,-0.043,0.631
1751288894951,2025-06-30T16:08:14.951,14.780,0.827,-0.065,0.686
1751288894961,2025-06-30T16:08:14.961,14.790,0.787,-0.081,0.721
1751288894971,2025-06-30T16:08:14.971,14.800,0.724,-0.079,0.714
1751288894981,2025-06-30T16:08:14.981,14.810,0.678,-0.079,0.696
1751288894991,2025-06-30T16:08:14.991,14.820,0.652,-0.075,0.674
1751288895001,2025-06-30T16:08:15.001,14.830,0.638,-0.063,0.665
1751288895011,2025-06-30T16:08:15.011,14.840,0.621,-0.052,0.653
1751288895021,2025-06-30T16:08:15.021,14.850,0.576,-0.032,0.648
1751288895031,2025-06-30T16:08:15.031,14.860,0.526,-0.006,0.650
1751288895041,2025-06-30T16:08:15.041,14.870,0.499,0.011,0.638
1751288895051,2025-06-30T16:08:15.051,14.880,0.491,0.017,0.647
1751288895061,2025-06-30T16:08:15.061,14.890,0.483,0.018,0.663
1751288895071,2025-06-30T16:08:15.071,14.900,0.481,-0.005,0.680
1751288895081,2025-06-30T16:08:15.081,14.910,0.503,-0.033,0.719
1751288895091,2025-06-30T16:08:15.091,14.920,0.518,-0.048,0.757
1751288895101,2025-06-30T16:08:15.101,14.930,0.519,-0.055,0.774
1751288895111,2025-06-30T16:08:15.111,14.940,0.518,-0.063,0.789
1751288895121,2025-06-30T16:08:15.121,14.950,0.504,-0.062,0.814
1751288895131,2025-06-30T16:08:15.131,14.960,0.479,-0.058,0.825
1751288895141,2025-06-30T16:08:15.141,14.970,0.458,-0.060,0.826
1751288895151,2025-06-30T16:08:15.151,14.980,0.445,-0.055,0.826
1751288895161,2025-06-30T16:08:15.161,14.990,0.454,-0.051,0.825
1751288895171,2025-06-30T16:08:15.171,15.000,0.491,-0.052,0.839
1751288895181,2025-06-30T16:08:15.181,15.010,0.509,-0.059,0.849
1751288895191,2025-06-30T16:08:15.191,15.020,0.508,-0.068,0.867
1751288895201,2025-06-30T16:08:15.201,15.030,0.504,-0.081,0.896
1751288895211,2025-06-30T16:08:15.211,15.040,0.488,-0.082,0.911
1751288895221,2025-06-30T16:08:15.221,15.050,0.466,-0.079,0.916
1751288895231,2025-06-30T16:08:15.231,15.060,0.447,-0.080,0.931
1751288895241,2025-06-30T16:08:15.241,15.070,0.440,-0.100,0.951
1751288895251,2025-06-30T16:08:15.251,15.080,0.443,-0.137,0.969
1751288895261,2025-06-30T16:08:15.261,15.090,0.461,-0.163,1.003
1751288895271,2025-06-30T16:08:15.271,15.100,0.479,-0.154,1.038
1751288895281,2025-06-30T16:08:15.281,15.110,0.499,-0.110,1.042
1751288895291,2025-06-30T16:08:15.291,15.120,0.515,-0.041,1.005
1751288895301,2025-06-30T16:08:15.301,15.130,0.533,0.013,0.979
1751288895311,2025-06-30T16:08:15.311,15.140,0.554,0.001,1.046
1751288895321,2025-06-30T16:08:15.321,15.150,0.561,-0.065,1.113
1751288895331,2025-06-30T16:08:15.331,15.160,0.543,-0.118,1.114
1751288895341,2025-06-30T16:08:15.341,15.170,0.511,-0.132,1.089
1751288895351,2025-06-30T16:08:15.351,15.180,0.500,-0.155,1.132
1751288895361,2025-06-30T16:08:15.361,15.190,0.540,-0.181,1.198
1751288895371,2025-06-30T16:08:15.371,15.200,0.586,-0.146,1.187
1751288895381,2025-06-30T16:08:15.381,15.210,0.564,-0.051,1.089
1751288895391,2025-06-30T16:08:15.391,15.220,0.498,0.069,0.968
1751288895401,2025-06-30T16:08:15.401,15.230,0.447,0.150,0.862
1751288895411,2025-06-30T16:08:15.411,15.240,0.417,0.172,0.785
1751288895421,2025-06-30T16:08:15.421,15.250,0.393,0.155,0.772
1751288895431,2025-06-30T16:08:15.431,15.260,0.417,0.104,0.734
1751288895441,2025-06-30T16:08:15.441,15.270,0.465,0.046,0.716
1751288895451,2025-06-30T16:08:15.451,15.280,0.484,0.019,0.715
1751288895461,2025-06-30T16:08:15.461,15.290,0.487,0.019,0.698
1751288895471,2025-06-30T16:08:15.471,15.300,0.498,0.009,0.672
1751288895481,2025-06-30T16:08:15.481,15.310,0.459,0.007,0.698
1751288895491,2025-06-30T16:08:15.491,15.320,0.378,0.021,0.728
1751288895501,2025-06-30T16:08:15.501,15.330,0.338,-0.002,0.690
1751288895511,2025-06-30T16:08:15.511,15.340,0.297,-0.032,0.723
1751288895521,2025-06-30T16:08:15.521,15.350,0.246,-0.058,0.716
1751288895531,2025-06-30T16:08:15.531,15.360,0.200,-0.079,0.706
1751288895541,2025-06-30T16:08:15.541,15.370,0.146,-0.108,0.701
1751288895551,2025-06-30T16:08:15.551,15.380,0.053,-0.114,0.680
1751288895561,2025-06-30T16:08:15.561,15.390,-0.057,-0.106,0.653
1751288895571,2025-06-30T16:08:15.571,15.400,-0.234,-0.063,0.595
1751288895581,2025-06-30T16:08:15.581,15.410,-0.465,-0.009,0.545
1751288895591,2025-06-30T16:08:15.591,15.420,-0.697,0.005,0.473
1751288895601,2025-06-30T16:08:15.601,15.430,-0.884,0.039,0.407
1751288895611,2025-06-30T16:08:15.611,15.440,-1.054,0.080,0.387
1751288895621,2025-06-30T16:08:15.621,15.450,-1.152,0.116,0.407
1751288895631,2025-06-30T16:08:15.631,15.460,-1.172,0.146,0.449
1751288895641,2025-06-30T16:08:15.641,15.470,-1.130,0.151,0.510
1751288895651,2025-06-30T16:08:15.651,15.480,-1.032,0.150,0.579
1751288895661,2025-06-30T16:08:15.661,15.490,-0.944,0.145,0.613
1751288895671,2025-06-30T16:08:15.671,15.500,-0.875,0.125,0.619
1751288895681,2025-06-30T16:08:15.681,15.510,-0.819,0.130,0.624
1751288895691,2025-06-30T16:08:15.691,15.520,-0.851,0.152,0.644
1751288895701,2025-06-30T16:08:15.701,15.530,-0.900,0.157,0.675
1751288895711,2025-06-30T16:08:15.711,15.540,-0.903,0.160,0.703
1751288895721,2025-06-30T16:08:15.721,15.550,-0.891,0.171,0.724
1751288895731,2025-06-30T16:08:15.731,15.560,-0.901,0.180,0.727
1751288895741,2025-06-30T16:08:15.741,15.570,-0.882,0.169,0.722
1751288895751,2025-06-30T16:08:15.751,15.580,-0.863,0.182,0.721
1751288895761,2025-06-30T16:08:15.761,15.590,-0.898,0.207,0.699
1751288895771,2025-06-30T16:08:15.771,15.600,-0.970,0.214,0.675
1751288895781,2025-06-30T16:08:15.781,15.610,-1.019,0.216,0.686
1751288895791,2025-06-30T16:08:15.791,15.620,-0.994,0.229,0.703
1751288895801,2025-06-30T16:08:15.801,15.630,-0.927,0.235,0.721
1751288895811,2025-06-30T16:08:15.811,15.640,-0.828,0.231,0.771
1751288895821,2025-06-30T16:08:15.821,15.650,-0.710,0.205,0.815
1751288895831,2025-06-30T16:08:15.831,15.660,-0.585,0.158,0.871
1751288895841,2025-06-30T16:08:15.841,15.670,-0.445,0.110,0.930
1751288895851,2025-06-30T16:08:15.851,15.680,-0.298,0.097,0.994
1751288895861,2025-06-30T16:08:15.861,15.690,-0.228,0.121,1.028
1751288895871,2025-06-30T16:08:15.871,15.700,-0.263,0.146,1.079
1751288895881,2025-06-30T16:08:15.881,15.710,-0.329,0.125,1.119
1751288895891,2025-06-30T16:08:15.891,15.720,-0.366,0.076,1.152
1751288895901,2025-06-30T16:08:15.901,15.730,-0.326,0.026,1.160
1751288895911,2025-06-30T16:08:15.911,15.740,-0.218,0.004,1.158
1751288895921,2025-06-30T16:08:15.921,15.750,-0.063,-0.009,1.156
1751288895931,2025-06-30T16:08:15.931,15.760,0.120,-0.033,1.152
1751288895941,2025-06-30T16:08:15.941,15.770,0.298,-0.066,1.130
1751288895951,2025-06-30T16:08:15.951,15.780,0.455,-0.100,1.103
1751288895961,2025-06-30T16:08:15.961,15.790,0.557,-0.125,1.009
1751288895971,2025-06-30T16:08:15.971,15.800,0.615,-0.109,0.922
1751288895981,2025-06-30T16:08:15.981,15.810,0.685,-0.083,0.838
1751288895991,2025-06-30T16:08:15.991,15.820,0.727,-0.035,0.767
1751288896001,2025-06-30T16:08:16.001,15.830,0.710,0.021,0.700
1751288896011,2025-06-30T16:08:16.011,15.840,0.708,0.048,0.644
1751288896021,2025-06-30T16:08:16.021,15.850,0.697,0.054,0.629
1751288896031,2025-06-30T16:08:16.031,15.860,0.668,0.054,0.622
1751288896041,2025-06-30T16:08:16.041,15.870,0.664,0.043,0.606
1751288896051,2025-06-30T16:08:16.051,15.880,0.670,0.037,0.602
1751288896061,2025-06-30T16:08:16.061,15.890,0.696,0.036,0.586
1751288896071,2025-06-30T16:08:16.071,15.900,0.726,0.040,0.580
1751288896081,2025-06-30T16:08:16.081,15.910,0.751,0.036,0.597
1751288896091,2025-06-30T16:08:16.091,15.920,0.751,0.028,0.630
1751288896101,2025-06-30T16:08:16.101,15.930,0.723,0.023,0.668
1751288896111,2025-06-30T16:08:16.111,15.940,0.707,0.013,0.690
1751288896121,2025-06-30T16:08:16.121,15.950,0.674,0.008,0.690
1751288896131,2025-06-30T16:08:16.131,15.960,0.646,0.012,0.691
1751288896141,2025-06-30T16:08:16.141,15.970,0.636,0.014,0.700
1751288896151,2025-06-30T16:08:16.151,15.980,0.631,0.020,0.727
1751288896161,2025-06-30T16:08:16.161,15.990,0.625,0.024,0.743
1751288896171,2025-06-30T16:08:16.171,16.000,0.622,0.027,0.753
1751288896181,2025-06-30T16:08:16.181,16.010,0.602,0.029,0.739
1751288896191,2025-06-30T16:08:16.191,16.020,0.580,0.028,0.734
1751288896201,2025-06-30T16:08:16.201,16.030,0.560,0.022,0.745
1751288896211,2025-06-30T16:08:16.211,16.040,0.550,0.012,0.750
1751288896221,2025-06-30T16:08:16.221,16.050,0.562,0.001,0.761
1751288896231,2025-06-30T16:08:16.231,16.060,0.570,-0.007,0.789
1751288896241,2025-06-30T16:08:16.241,16.070,0.559,-0.020,0.807
1751288896251,2025-06-30T16:08:16.251,16.080,0.547,-0.034,0.804
1751288896261,2025-06-30T16:08:16.261,16.090,0.540,-0.046,0.813
1751288896271,2025-06-30T16:08:16.271,16.100,0.530,-0.049,0.828
1751288896281,2025-06-30T16:08:16.281,16.110,0.544,-0.058,0.838
1751288896291,2025-06-30T16:08:16.291,16.120,0.569,-0.070,0.863
1751288896301,2025-06-30T16:08:16.301,16.130,0.571,-0.084,0.889
1751288896311,2025-06-30T16:08:16.311,16.140,0.564,-0.092,0.896
1751288896321,2025-06-30T16:08:16.321,16.150,0.558,-0.088,0.892
1751288896331,2025-06-30T16:08:16.331,16.160,0.558,-0.081,0.882
1751288896341,2025-06-30T16:08:16.341,16.170,0.568,-0.087,0.882
1751288896351,2025-06-30T16:08:16.351,16.180,0.574,-0.102,0.897
1751288896361,2025-06-30T16:08:16.361,16.190,0.560,-0.121,0.925
1751288896371,2025-06-30T16:08:16.371,16.200,0.547,-0.145,0.930
1751288896381,2025-06-30T16:08:16.381,16.210,0.547,-0.175,0.908
1751288896391,2025-06-30T16:08:16.391,16.220,0.558,-0.212,0.923
1751288896401,2025-06-30T16:08:16.401,16.230,0.582,-0.235,0.947
1751288896411,2025-06-30T16:08:16.411,16.240,0.604,-0.223,0.932
1751288896421,2025-06-30T16:08:16.421,16.250,0.627,-0.171,0.916
1751288896431,2025-06-30T16:08:16.431,16.260,0.658,-0.102,0.908
1751288896441,2025-06-30T16:08:16.441,16.270,0.708,-0.042,0.839
1751288896451,2025-06-30T16:08:16.451,16.280,0.740,-0.006,0.758
1751288896461,2025-06-30T16:08:16.461,16.290,0.721,-0.021,0.805
1751288896471,2025-06-30T16:08:16.471,16.300,0.673,-0.080,0.854
1751288896481,2025-06-30T16:08:16.481,16.310,0.622,-0.135,0.900
1751288896491,2025-06-30T16:08:16.491,16.320,0.561,-0.162,0.943
1751288896501,2025-06-30T16:08:16.501,16.330,0.488,-0.155,0.952
1751288896511,2025-06-30T16:08:16.511,16.340,0.400,-0.127,0.942
1751288896521,2025-06-30T16:08:16.521,16.350,0.288,-0.068,0.879
1751288896531,2025-06-30T16:08:16.531,16.360,0.169,0.022,0.804
1751288896541,2025-06-30T16:08:16.541,16.370,0.034,0.118,0.651
1751288896551,2025-06-30T16:08:16.551,16.380,-0.165,0.202,0.547
1751288896561,2025-06-30T16:08:16.561,16.390,-0.341,0.246,0.475
1751288896571,2025-06-30T16:08:16.571,16.400,-0.507,0.246,0.421
1751288896581,2025-06-30T16:08:16.581,16.410,-0.636,0.238,0.415
1751288896591,2025-06-30T16:08:16.591,16.420,-0.744,0.230,0.376
1751288896601,2025-06-30T16:08:16.601,16.430,-0.793,0.220,0.391
1751288896611,2025-06-30T16:08:16.611,16.440,-0.765,0.212,0.407
1751288896621,2025-06-30T16:08:16.621,16.450,-0.748,0.208,0.441
1751288896631,2025-06-30T16:08:16.631,16.460,-0.798,0.218,0.494
1751288896641,2025-06-30T16:08:16.641,16.470,-0.832,0.202,0.543
1751288896651,2025-06-30T16:08:16.651,16.480,-0.815,0.166,0.577
1751288896661,2025-06-30T16:08:16.661,16.490,-0.829,0.155,0.626
1751288896671,2025-06-30T16:08:16.671,16.500,-0.895,0.153,0.672
1751288896681,2025-06-30T16:08:16.681,16.510,-0.962,0.148,0.686
1751288896691,2025-06-30T16:08:16.691,16.520,-0.992,0.155,0.682
1751288896701,2025-06-30T16:08:16.701,16.530,-0.974,0.164,0.690
1751288896711,2025-06-30T16:08:16.711,16.540,-0.943,0.175,0.689
1751288896721,2025-06-30T16:08:16.721,16.550,-0.973,0.189,0.665
1751288896731,2025-06-30T16:08:16.731,16.560,-0.991,0.190,0.635
1751288896741,2025-06-30T16:08:16.741,16.570,-0.920,0.175,0.644
1751288896751,2025-06-30T16:08:16.751,16.580,-0.868,0.178,0.665
1751288896761,2025-06-30T16:08:16.761,16.590,-0.859,0.189,0.685
1751288896771,2025-06-30T16:08:16.771,16.600,-0.865,0.194,0.695
1751288896781,2025-06-30T16:08:16.781,16.610,-0.886,0.187,0.697
1751288896791,2025-06-30T16:08:16.791,16.620,-0.864,0.181,0.730
1751288896801,2025-06-30T16:08:16.801,16.630,-0.828,0.168,0.770
1751288896811,2025-06-30T16:08:16.811,16.640,-0.784,0.162,0.829
1751288896821,2025-06-30T16:08:16.821,16.650,-0.707,0.165,0.870
1751288896831,2025-06-30T16:08:16.831,16.660,-0.637,0.161,0.902
1751288896841,2025-06-30T16:08:16.841,16.670,-0.559,0.137,0.925
1751288896851,2025-06-30T16:08:16.851,16.680,-0.461,0.091,0.911
1751288896861,2025-06-30T16:08:16.861,16.690,-0.351,0.048,0.915
1751288896871,2025-06-30T16:08:16.871,16.700,-0.248,0.012,0.941
1751288896881,2025-06-30T16:08:16.881,16.710,-0.173,-0.002,0.980
1751288896891,2025-06-30T16:08:16.891,16.720,-0.116,0.013,1.017
1751288896901,2025-06-30T16:08:16.901,16.730,-0.030,0.044,1.011
1751288896911,2025-06-30T16:08:16.911,16.740,0.078,0.054,0.985
1751288896921,2025-06-30T16:08:16.921,16.750,0.176,0.037,0.957
1751288896931,2025-06-30T16:08:16.931,16.760,0.275,0.006,0.938
1751288896941,2025-06-30T16:08:16.941,16.770,0.379,-0.013,0.924
1751288896951,2025-06-30T16:08:16.951,16.780,0.472,-0.021,0.902
1751288896961,2025-06-30T16:08:16.961,16.790,0.522,-0.031,0.876
1751288896971,2025-06-30T16:08:16.971,16.800,0.546,-0.047,0.872
1751288896981,2025-06-30T16:08:16.981,16.810,0.594,-0.075,0.879
1751288896991,2025-06-30T16:08:16.991,16.820,0.650,-0.086,0.886
1751288897001,2025-06-30T16:08:17.001,16.830,0.704,-0.065,0.883
1751288897011,2025-06-30T16:08:17.011,16.840,0.707,-0.042,0.890
1751288897021,2025-06-30T16:08:17.021,16.850,0.681,-0.054,0.929
1751288897031,2025-06-30T16:08:17.031,16.860,0.676,-0.104,1.003
1751288897041,2025-06-30T16:08:17.041,16.870,0.687,-0.147,1.048
1751288897051,2025-06-30T16:08:17.051,16.880,0.699,-0.155,1.061
1751288897061,2025-06-30T16:08:17.061,16.890,0.700,-0.132,1.083
1751288897071,2025-06-30T16:08:17.071,16.900,0.676,-0.118,1.123
1751288897081,2025-06-30T16:08:17.081,16.910,0.662,-0.136,1.144
1751288897091,2025-06-30T16:08:17.091,16.920,0.646,-0.158,1.144
1751288897101,2025-06-30T16:08:17.101,16.930,0.604,-0.147,1.098
1751288897111,2025-06-30T16:08:17.111,16.940,0.558,-0.097,0.990
1751288897121,2025-06-30T16:08:17.121,16.950,0.503,-0.026,0.845
1751288897131,2025-06-30T16:08:17.131,16.960,0.459,0.037,0.708
1751288897141,2025-06-30T16:08:17.141,16.970,0.440,0.087,0.629
1751288897151,2025-06-30T16:08:17.151,16.980,0.452,0.110,0.594
1751288897161,2025-06-30T16:08:17.161,16.990,0.491,0.104,0.584
1751288897171,2025-06-30T16:08:17.171,17.000,0.509,0.087,0.589
1751288897181,2025-06-30T16:08:17.181,17.010,0.481,0.084,0.583
1751288897191,2025-06-30T16:08:17.191,17.020,0.448,0.088,0.573
1751288897201,2025-06-30T16:08:17.201,17.030,0.449,0.094,0.580
1751288897211,2025-06-30T16:08:17.211,17.040,0.481,0.096,0.619
1751288897221,2025-06-30T16:08:17.221,17.050,0.505,0.084,0.654
1751288897231,2025-06-30T16:08:17.231,17.060,0.496,0.058,0.663
1751288897241,2025-06-30T16:08:17.241,17.070,0.489,0.038,0.676
1751288897251,2025-06-30T16:08:17.251,17.080,0.513,0.020,0.683
1751288897261,2025-06-30T16:08:17.261,17.090,0.553,-0.008,0.704
1751288897271,2025-06-30T16:08:17.271,17.100,0.573,-0.026,0.727
1751288897281,2025-06-30T16:08:17.281,17.110,0.577,-0.037,0.742
1751288897291,2025-06-30T16:08:17.291,17.120,0.616,-0.046,0.779
1751288897301,2025-06-30T16:08:17.301,17.130,0.654,-0.056,0.821
1751288897311,2025-06-30T16:08:17.311,17.140,0.666,-0.072,0.835
1751288897321,2025-06-30T16:08:17.321,17.150,0.677,-0.076,0.832
1751288897331,2025-06-30T16:08:17.331,17.160,0.653,-0.071,0.828
1751288897341,2025-06-30T16:08:17.341,17.170,0.598,-0.066,0.801
1751288897351,2025-06-30T16:08:17.351,17.180,0.564,-0.062,0.775
1751288897361,2025-06-30T16:08:17.361,17.190,0.550,-0.056,0.769
1751288897371,2025-06-30T16:08:17.371,17.200,0.555,-0.066,0.773
1751288897381,2025-06-30T16:08:17.381,17.210,0.572,-0.087,0.787
1751288897391,2025-06-30T16:08:17.391,17.220,0.593,-0.099,0.790
1751288897401,2025-06-30T16:08:17.401,17.230,0.614,-0.103,0.800
1751288897411,2025-06-30T16:08:17.411,17.240,0.651,-0.106,0.809
1751288897421,2025-06-30T16:08:17.421,17.250,0.701,-0.119,0.820
1751288897431,2025-06-30T16:08:17.431,17.260,0.734,-0.122,0.828
1751288897441,2025-06-30T16:08:17.441,17.270,0.746,-0.133,0.839
1751288897451,2025-06-30T16:08:17.451,17.280,0.745,-0.141,0.855
1751288897461,2025-06-30T16:08:17.461,17.290,0.714,-0.141,0.848
1751288897471,2025-06-30T16:08:17.471,17.300,0.641,-0.114,0.850
1751288897481,2025-06-30T16:08:17.481,17.310,0.527,-0.086,0.827
1751288897491,2025-06-30T16:08:17.491,17.320,0.371,-0.068,0.830
1751288897501,2025-06-30T16:08:17.501,17.330,0.219,-0.063,0.799
1751288897511,2025-06-30T16:08:17.511,17.340,0.110,-0.059,0.778
1751288897521,2025-06-30T16:08:17.521,17.350,0.041,-0.053,0.744
1751288897531,2025-06-30T16:08:17.531,17.360,-0.038,-0.037,0.729
1751288897541,2025-06-30T16:08:17.541,17.370,-0.097,-0.024,0.766
1751288897551,2025-06-30T16:08:17.551,17.380,-0.138,-0.035,0.760
1751288897561,2025-06-30T16:08:17.561,17.390,-0.221,-0.042,0.777
1751288897571,2025-06-30T16:08:17.571,17.400,-0.351,-0.016,0.762
1751288897581,2025-06-30T16:08:17.581,17.410,-0.524,0.036,0.736
1751288897591,2025-06-30T16:08:17.591,17.420,-0.679,0.118,0.678
1751288897601,2025-06-30T16:08:17.601,17.430,-0.813,0.223,0.629
1751288897611,2025-06-30T16:08:17.611,17.440,-0.919,0.259,0.638
1751288897621,2025-06-30T16:08:17.621,17.450,-0.994,0.257,0.696
1751288897631,2025-06-30T16:08:17.631,17.460,-0.973,0.257,0.792
1751288897641,2025-06-30T16:08:17.641,17.470,-0.905,0.285,0.856
1751288897651,2025-06-30T16:08:17.651,17.480,-0.881,0.310,0.888
1751288897661,2025-06-30T16:08:17.661,17.490,-0.891,0.302,0.909
1751288897671,2025-06-30T16:08:17.671,17.500,-0.923,0.286,0.911
1751288897681,2025-06-30T16:08:17.681,17.510,-0.995,0.301,0.901
1751288897691,2025-06-30T16:08:17.691,17.520,-1.033,0.353,0.851
1751288897701,2025-06-30T16:08:17.701,17.530,-1.007,0.415,0.789
1751288897711,2025-06-30T16:08:17.711,17.540,-0.950,0.468,0.719
1751288897721,2025-06-30T16:08:17.721,17.550,-0.898,0.503,0.671
1751288897731,2025-06-30T16:08:17.731,17.560,-0.866,0.510,0.631
1751288897741,2025-06-30T16:08:17.741,17.570,-0.849,0.484,0.585
1751288897751,2025-06-30T16:08:17.751,17.580,-0.847,0.454,0.548
1751288897761,2025-06-30T16:08:17.761,17.590,-0.872,0.442,0.528
1751288897771,2025-06-30T16:08:17.771,17.600,-0.841,0.436,0.542
1751288897781,2025-06-30T16:08:17.781,17.610,-0.787,0.406,0.569
1751288897791,2025-06-30T16:08:17.791,17.620,-0.760,0.375,0.584
1751288897801,2025-06-30T16:08:17.801,17.630,-0.684,0.362,0.616
1751288897811,2025-06-30T16:08:17.811,17.640,-0.490,0.333,0.678
1751288897821,2025-06-30T16:08:17.821,17.650,-0.313,0.283,0.739
1751288897831,2025-06-30T16:08:17.831,17.660,-0.213,0.225,0.791
1751288897841,2025-06-30T16:08:17.841,17.670,-0.143,0.181,0.802
1751288897851,2025-06-30T16:08:17.851,17.680,-0.076,0.164,0.797
1751288897861,2025-06-30T16:08:17.861,17.690,-0.025,0.158,0.789
1751288897871,2025-06-30T16:08:17.871,17.700,0.072,0.136,0.753
1751288897881,2025-06-30T16:08:17.881,17.710,0.226,0.095,0.728
1751288897891,2025-06-30T16:08:17.891,17.720,0.395,0.040,0.742
1751288897901,2025-06-30T16:08:17.901,17.730,0.597,-0.027,0.773
1751288897911,2025-06-30T16:08:17.911,17.740,0.792,-0.076,0.811
1751288897921,2025-06-30T16:08:17.921,17.750,0.877,-0.092,0.826
1751288897931,2025-06-30T16:08:17.931,17.760,0.862,-0.082,0.817
1751288897941,2025-06-30T16:08:17.941,17.770,0.792,-0.074,0.792
1751288897951,2025-06-30T16:08:17.951,17.780,0.730,-0.082,0.780
1751288897961,2025-06-30T16:08:17.961,17.790,0.721,-0.096,0.775
1751288897971,2025-06-30T16:08:17.971,17.800,0.708,-0.105,0.766
1751288897981,2025-06-30T16:08:17.981,17.810,0.667,-0.100,0.741
1751288897991,2025-06-30T16:08:17.991,17.820,0.637,-0.098,0.715
1751288898001,2025-06-30T16:08:18.001,17.830,0.630,-0.095,0.718
1751288898011,2025-06-30T16:08:18.011,17.840,0.625,-0.101,0.725
1751288898021,2025-06-30T16:08:18.021,17.850,0.610,-0.117,0.754
1751288898031,2025-06-30T16:08:18.031,17.860,0.605,-0.128,0.783
1751288898041,2025-06-30T16:08:18.041,17.870,0.610,-0.138,0.800
1751288898051,2025-06-30T16:08:18.051,17.880,0.632,-0.150,0.833
1751288898061,2025-06-30T16:08:18.061,17.890,0.665,-0.160,0.871
1751288898071,2025-06-30T16:08:18.071,17.900,0.705,-0.168,0.892
1751288898081,2025-06-30T16:08:18.081,17.910,0.715,-0.161,0.907
1751288898091,2025-06-30T16:08:18.091,17.920,0.655,-0.127,0.905
1751288898101,2025-06-30T16:08:18.101,17.930,0.591,-0.092,0.887
1751288898111,2025-06-30T16:08:18.111,17.940,0.566,-0.066,0.878
1751288898121,2025-06-30T16:08:18.121,17.950,0.561,-0.052,0.881
1751288898131,2025-06-30T16:08:18.131,17.960,0.563,-0.051,0.889
1751288898141,2025-06-30T16:08:18.141,17.970,0.580,-0.068,0.911
1751288898151,2025-06-30T16:08:18.151,17.980,0.601,-0.083,0.941
1751288898161,2025-06-30T16:08:18.161,17.990,0.612,-0.087,0.963
1751288898171,2025-06-30T16:08:18.171,18.000,0.609,-0.075,0.962
1751288898181,2025-06-30T16:08:18.181,18.010,0.579,-0.042,0.955
1751288898191,2025-06-30T16:08:18.191,18.020,0.546,-0.009,0.945
1751288898201,2025-06-30T16:08:18.201,18.030,0.513,-0.009,0.958
1751288898211,2025-06-30T16:08:18.211,18.040,0.491,-0.036,0.975
1751288898221,2025-06-30T16:08:18.221,18.050,0.491,-0.060,1.004
1751288898231,2025-06-30T16:08:18.231,18.060,0.511,-0.071,1.041
1751288898241,2025-06-30T16:08:18.241,18.070,0.531,-0.072,1.063
1751288898251,2025-06-30T16:08:18.251,18.080,0.550,-0.059,1.074
1751288898261,2025-06-30T16:08:18.261,18.090,0.577,-0.042,1.081
1751288898271,2025-06-30T16:08:18.271,18.100,0.589,-0.037,1.091
1751288898281,2025-06-30T16:08:18.281,18.110,0.579,-0.061,1.108
1751288898291,2025-06-30T16:08:18.291,18.120,0.559,-0.073,1.088
1751288898301,2025-06-30T16:08:18.301,18.130,0.523,-0.056,1.029
1751288898311,2025-06-30T16:08:18.311,18.140,0.500,-0.002,0.934
1751288898321,2025-06-30T16:08:18.321,18.150,0.473,0.069,0.850
1751288898331,2025-06-30T16:08:18.331,18.160,0.444,0.112,0.790
1751288898341,2025-06-30T16:08:18.341,18.170,0.456,0.139,0.745
1751288898351,2025-06-30T16:08:18.351,18.180,0.482,0.150,0.714
1751288898361,2025-06-30T16:08:18.361,18.190,0.502,0.141,0.688
1751288898371,2025-06-30T16:08:18.371,18.200,0.500,0.131,0.682
1751288898381,2025-06-30T16:08:18.381,18.210,0.478,0.114,0.683
1751288898391,2025-06-30T16:08:18.391,18.220,0.453,0.094,0.696
1751288898401,2025-06-30T16:08:18.401,18.230,0.426,0.067,0.717
1751288898411,2025-06-30T16:08:18.411,18.240,0.417,0.035,0.734
1751288898421,2025-06-30T16:08:18.421,18.250,0.436,0.005,0.748
1751288898431,2025-06-30T16:08:18.431,18.260,0.464,-0.016,0.750
1751288898441,2025-06-30T16:08:18.441,18.270,0.474,-0.031,0.765
1751288898451,2025-06-30T16:08:18.451,18.280,0.458,-0.050,0.774
1751288898461,2025-06-30T16:08:18.461,18.290,0.452,-0.064,0.792
1751288898471,2025-06-30T16:08:18.471,18.300,0.437,-0.070,0.815
1751288898481,2025-06-30T16:08:18.481,18.310,0.403,-0.060,0.836
1751288898491,2025-06-30T16:08:18.491,18.320,0.391,-0.047,0.844
1751288898501,2025-06-30T16:08:18.501,18.330,0.381,-0.023,0.863
1751288898511,2025-06-30T16:08:18.511,18.340,0.321,0.015,0.879
1751288898521,2025-06-30T16:08:18.521,18.350,0.222,0.042,0.867
1751288898531,2025-06-30T16:08:18.531,18.360,0.147,0.049,0.859
1751288898541,2025-06-30T16:08:18.541,18.370,0.103,0.052,0.853
1751288898551,2025-06-30T16:08:18.551,18.380,0.066,0.045,0.870
1751288898561,2025-06-30T16:08:18.561,18.390,0.038,0.036,0.867
1751288898571,2025-06-30T16:08:18.571,18.400,0.015,0.049,0.871
1751288898581,2025-06-30T16:08:18.581,18.410,0.011,0.051,0.937
1751288898591,2025-06-30T16:08:18.591,18.420,0.042,0.032,0.918
1751288898601,2025-06-30T16:08:18.601,18.430,0.082,0.013,0.914
1751288898611,2025-06-30T16:08:18.611,18.440,0.099,-0.004,0.927
1751288898621,2025-06-30T16:08:18.621,18.450,0.082,0.016,0.926
1751288898631,2025-06-30T16:08:18.631,18.460,-0.017,0.039,0.900
1751288898641,2025-06-30T16:08:18.641,18.470,-0.196,0.059,0.882
1751288898651,2025-06-30T16:08:18.651,18.480,-0.369,0.104,0.831
1751288898661,2025-06-30T16:08:18.661,18.490,-0.518,0.137,0.780
1751288898671,2025-06-30T16:08:18.671,18.500,-0.649,0.172,0.701
1751288898681,2025-06-30T16:08:18.681,18.510,-0.751,0.208,0.668
1751288898691,2025-06-30T16:08:18.691,18.520,-0.828,0.230,0.657
1751288898701,2025-06-30T16:08:18.701,18.530,-0.925,0.235,0.666
1751288898711,2025-06-30T16:08:18.711,18.540,-0.997,0.225,0.701
1751288898721,2025-06-30T16:08:18.721,18.550,-1.013,0.185,0.726
1751288898731,2025-06-30T16:08:18.731,18.560,-0.975,0.150,0.766
1751288898741,2025-06-30T16:08:18.741,18.570,-0.902,0.199,0.790
1751288898751,2025-06-30T16:08:18.751,18.580,-0.847,0.277,0.779
1751288898761,2025-06-30T16:08:18.761,18.590,-0.823,0.326,0.784
1751288898771,2025-06-30T16:08:18.771,18.600,-0.853,0.328,0.823
1751288898781,2025-06-30T16:08:18.781,18.610,-0.916,0.297,0.879
1751288898791,2025-06-30T16:08:18.791,18.620,-0.904,0.278,0.929
1751288898801,2025-06-30T16:08:18.801,18.630,-0.871,0.293,0.948
1751288898811,2025-06-30T16:08:18.811,18.640,-0.912,0.290,0.949
1751288898821,2025-06-30T16:08:18.821,18.650,-0.967,0.255,0.937
1751288898831,2025-06-30T16:08:18.831,18.660,-0.976,0.226,0.921
1751288898841,2025-06-30T16:08:18.841,18.670,-0.959,0.247,0.903
1751288898851,2025-06-30T16:08:18.851,18.680,-0.930,0.315,0.875
1751288898861,2025-06-30T16:08:18.861,18.690,-0.858,0.385,0.840
1751288898871,2025-06-30T16:08:18.871,18.700,-0.772,0.433,0.798
1751288898881,2025-06-30T16:08:18.881,18.710,-0.678,0.445,0.759
1751288898891,2025-06-30T16:08:18.891,18.720,-0.536,0.418,0.738
1751288898901,2025-06-30T16:08:18.901,18.730,-0.385,0.382,0.731
1751288898911,2025-06-30T16:08:18.911,18.740,-0.270,0.348,0.726
1751288898921,2025-06-30T16:08:18.921,18.750,-0.211,0.324,0.714
1751288898931,2025-06-30T16:08:18.931,18.760,-0.216,0.303,0.693
1751288898941,2025-06-30T16:08:18.941,18.770,-0.219,0.288,0.702
1751288898951,2025-06-30T16:08:18.951,18.780,-0.155,0.262,0.708
1751288898961,2025-06-30T16:08:18.961,18.790,-0.041,0.227,0.735
1751288898971,2025-06-30T16:08:18.971,18.800,0.115,0.151,0.747
1751288898981,2025-06-30T16:08:18.981,18.810,0.292,0.056,0.773
1751288898991,2025-06-30T16:08:18.991,18.820,0.485,-0.024,0.823
1751288899001,2025-06-30T16:08:19.001,18.830,0.646,-0.088,0.858
1751288899011,2025-06-30T16:08:19.011,18.840,0.720,-0.130,0.872
1751288899021,2025-06-30T16:08:19.021,18.850,0.729,-0.152,0.878
1751288899031,2025-06-30T16:08:19.031,18.860,0.693,-0.141,0.872
1751288899041,2025-06-30T16:08:19.041,18.870,0.637,-0.119,0.856
1751288899051,2025-06-30T16:08:19.051,18.880,0.563,-0.099,0.848
1751288899061,2025-06-30T16:08:19.061,18.890,0.472,-0.091,0.810
1751288899071,2025-06-30T16:08:19.071,18.900,0.408,-0.082,0.766
1751288899081,2025-06-30T16:08:19.081,18.910,0.357,-0.079,0.748
1751288899091,2025-06-30T16:08:19.091,18.920,0.319,-0.083,0.743
1751288899101,2025-06-30T16:08:19.101,18.930,0.307,-0.082,0.750
1751288899111,2025-06-30T16:08:19.111,18.940,0.315,-0.082,0.778
1751288899121,2025-06-30T16:08:19.121,18.950,0.333,-0.087,0.802
1751288899131,2025-06-30T16:08:19.131,18.960,0.381,-0.095,0.821
1751288899141,2025-06-30T16:08:19.141,18.970,0.428,-0.102,0.838
1751288899151,2025-06-30T16:08:19.151,18.980,0.447,-0.107,0.851
1751288899161,2025-06-30T16:08:19.161,18.990,0.447,-0.108,0.856
1751288899171,2025-06-30T16:08:19.171,19.000,0.426,-0.109,0.873
1751288899181,2025-06-30T16:08:19.181,19.010,0.426,-0.107,0.887
1751288899191,2025-06-30T16:08:19.191,19.020,0.437,-0.106,0.911
1751288899201,2025-06-30T16:08:19.201,19.030,0.430,-0.091,0.936
1751288899211,2025-06-30T16:08:19.211,19.040,0.430,-0.065,0.927
1751288899221,2025-06-30T16:08:19.221,19.050,0.434,-0.046,0.923
1751288899231,2025-06-30T16:08:19.231,19.060,0.422,-0.046,0.931
1751288899241,2025-06-30T16:08:19.241,19.070,0.403,-0.044,0.929
1751288899251,2025-06-30T16:08:19.251,19.080,0.422,-0.032,0.912
1751288899261,2025-06-30T16:08:19.261,19.090,0.458,-0.020,0.912
1751288899271,2025-06-30T16:08:19.271,19.100,0.466,-0.011,0.914
1751288899281,2025-06-30T16:08:19.281,19.110,0.459,-0.023,0.922
1751288899291,2025-06-30T16:08:19.291,19.120,0.470,-0.044,0.941
1751288899301,2025-06-30T16:08:19.301,19.130,0.502,-0.063,0.973
1751288899311,2025-06-30T16:08:19.311,19.140,0.512,-0.053,1.003
1751288899321,2025-06-30T16:08:19.321,19.150,0.492,-0.023,1.022
1751288899331,2025-06-30T16:08:19.331,19.160,0.458,-0.010,1.034
1751288899341,2025-06-30T16:08:19.341,19.170,0.417,-0.030,1.050
1751288899351,2025-06-30T16:08:19.351,19.180,0.399,-0.064,1.090
1751288899361,2025-06-30T16:08:19.361,19.190,0.407,-0.090,1.122
1751288899371,2025-06-30T16:08:19.371,19.200,0.442,-0.094,1.138
1751288899381,2025-06-30T16:08:19.381,19.210,0.475,-0.080,1.151
1751288899391,2025-06-30T16:08:19.391,19.220,0.498,-0.086,1.189
1751288899401,2025-06-30T16:08:19.401,19.230,0.511,-0.120,1.244
1751288899411,2025-06-30T16:08:19.411,19.240,0.527,-0.157,1.271
1751288899421,2025-06-30T16:08:19.421,19.250,0.541,-0.166,1.262
1751288899431,2025-06-30T16:08:19.431,19.260,0.526,-0.122,1.196
1751288899441,2025-06-30T16:08:19.441,19.270,0.487,-0.036,1.075
1751288899451,2025-06-30T16:08:19.451,19.280,0.442,0.054,0.914
1751288899461,2025-06-30T16:08:19.461,19.290,0.418,0.135,0.794
1751288899471,2025-06-30T16:08:19.471,19.300,0.436,0.186,0.736
1751288899481,2025-06-30T16:08:19.481,19.310,0.470,0.188,0.709
1751288899491,2025-06-30T16:08:19.491,19.320,0.537,0.157,0.707
1751288899501,2025-06-30T16:08:19.501,19.330,0.592,0.124,0.687
1751288899511,2025-06-30T16:08:19.511,19.340,0.597,0.116,0.690
1751288899521,2025-06-30T16:08:19.521,19.350,0.590,0.116,0.688
1751288899531,2025-06-30T16:08:19.531,19.360,0.600,0.116,0.687
1751288899541,2025-06-30T16:08:19.541,19.370,0.589,0.114,0.705
1751288899551,2025-06-30T16:08:19.551,19.380,0.560,0.098,0.722
1751288899561,2025-06-30T16:08:19.561,19.390,0.529,0.073,0.751
1751288899571,2025-06-30T16:08:19.571,19.400,0.499,0.049,0.794
1751288899581,2025-06-30T16:08:19.581,19.410,0.487,0.016,0.813
1751288899591,2025-06-30T16:08:19.591,19.420,0.473,-0.003,0.837
1751288899601,2025-06-30T16:08:19.601,19.430,0.457,-0.009,0.851
1751288899611,2025-06-30T16:08:19.611,19.440,0.459,-0.008,0.861
1751288899621,2025-06-30T16:08:19.621,19.450,0.442,-0.009,0.816
1751288899631,2025-06-30T16:08:19.631,19.460,0.369,0.027,0.808
1751288899641,2025-06-30T16:08:19.641,19.470,0.286,0.069,0.770
1751288899651,2025-06-30T16:08:19.651,19.480,0.180,0.096,0.744
1751288899661,2025-06-30T16:08:19.661,19.490,0.051,0.123,0.732
1751288899671,2025-06-30T16:08:19.671,19.500,-0.043,0.143,0.709
1751288899681,2025-06-30T16:08:19.681,19.510,-0.123,0.159,0.667
1751288899691,2025-06-30T16:08:19.691,19.520,-0.243,0.148,0.617
1751288899701,2025-06-30T16:08:19.701,19.530,-0.373,0.171,0.581
1751288899711,2025-06-30T16:08:19.711,19.540,-0.512,0.179,0.551
1751288899721,2025-06-30T16:08:19.721,19.550,-0.653,0.172,0.537
1751288899731,2025-06-30T16:08:19.731,19.560,-0.760,0.173,0.548
1751288899741,2025-06-30T16:08:19.741,19.570,-0.839,0.191,0.572
1751288899751,2025-06-30T16:08:19.751,19.580,-0.890,0.206,0.630
1751288899761,2025-06-30T16:08:19.761,19.590,-0.919,0.232,0.691
1751288899771,2025-06-30T16:08:19.771,19.600,-0.877,0.236,0.735
1751288899781,2025-06-30T16:08:19.781,19.610,-0.824,0.234,0.741
1751288899791,2025-06-30T16:08:19.791,19.620,-0.816,0.236,0.742
1751288899801,2025-06-30T16:08:19.801,19.630,-0.817,0.257,0.762
1751288899811,2025-06-30T16:08:19.811,19.640,-0.841,0.274,0.750
1751288899821,2025-06-30T16:08:19.821,19.650,-0.872,0.259,0.749
1751288899831,2025-06-30T16:08:19.831,19.660,-0.881,0.244,0.756
1751288899841,2025-06-30T16:08:19.841,19.670,-0.900,0.232,0.765
1751288899851,2025-06-30T16:08:19.851,19.680,-0.915,0.210,0.775
1751288899861,2025-06-30T16:08:19.861,19.690,-0.913,0.181,0.809
1751288899871,2025-06-30T16:08:19.871,19.700,-0.944,0.152,0.832
1751288899881,2025-06-30T16:08:19.881,19.710,-0.982,0.142,0.827
1751288899891,2025-06-30T16:08:19.891,19.720,-1.008,0.176,0.799
1751288899901,2025-06-30T16:08:19.901,19.730,-1.031,0.234,0.762
1751288899911,2025-06-30T16:08:19.911,19.740,-1.010,0.303,0.760
1751288899921,2025-06-30T16:08:19.921,19.750,-0.946,0.374,0.801
1751288899931,2025-06-30T16:08:19.931,19.760,-0.920,0.392,0.879
1751288899941,2025-06-30T16:08:19.941,19.770,-0.916,0.357,0.949
1751288899951,2025-06-30T16:08:19.951,19.780,-0.900,0.318,0.962
1751288899961,2025-06-30T16:08:19.961,19.790,-0.805,0.289,0.965
1751288899971,2025-06-30T16:08:19.971,19.800,-0.678,0.253,0.975
1751288899981,2025-06-30T16:08:19.981,19.810,-0.550,0.184,0.985
1751288899991,2025-06-30T16:08:19.991,19.820,-0.425,0.108,1.025
1751288900001,2025-06-30T16:08:20.001,19.830,-0.312,0.077,1.034
1751288900011,2025-06-30T16:08:20.011,19.840,-0.239,0.108,1.014
1751288900021,2025-06-30T16:08:20.021,19.850,-0.178,0.165,0.991
1751288900031,2025-06-30T16:08:20.031,19.860,-0.096,0.221,0.957
1751288900041,2025-06-30T16:08:20.041,19.870,-0.016,0.259,0.903
1751288900051,2025-06-30T16:08:20.051,19.880,0.066,0.260,0.879
1751288900061,2025-06-30T16:08:20.061,19.890,0.165,0.240,0.854
1751288900071,2025-06-30T16:08:20.071,19.900,0.207,0.237,0.833
1751288900081,2025-06-30T16:08:20.081,19.910,0.209,0.214,0.806
1751288900091,2025-06-30T16:08:20.091,19.920,0.208,0.186,0.782
1751288900101,2025-06-30T16:08:20.101,19.930,0.216,0.165,0.786
1751288900111,2025-06-30T16:08:20.111,19.940,0.228,0.139,0.787
1751288900121,2025-06-30T16:08:20.121,19.950,0.234,0.122,0.795
1751288900131,2025-06-30T16:08:20.131,19.960,0.243,0.098,0.822
1751288900141,2025-06-30T16:08:20.141,19.970,0.250,0.058,0.862
1751288900151,2025-06-30T16:08:20.151,19.980,0.249,0.008,0.920
1751288900161,2025-06-30T16:08:20.161,19.990,0.241,-0.044,0.957
1751288900171,2025-06-30T16:08:20.171,20.000,0.234,-0.073,0.966
1751288900181,2025-06-30T16:08:20.181,20.010,0.235,-0.084,0.989
1751288900191,2025-06-30T16:08:20.191,20.020,0.235,-0.086,0.999
1751288900201,2025-06-30T16:08:20.201,20.030,0.204,-0.087,0.979
1751288900211,2025-06-30T16:08:20.211,20.040,0.141,-0.074,0.962
1751288900221,2025-06-30T16:08:20.221,20.050,0.105,-0.065,0.950
1751288900231,2025-06-30T16:08:20.231,20.060,0.109,-0.059,0.940
1751288900241,2025-06-30T16:08:20.241,20.070,0.119,-0.048,0.926
1751288900251,2025-06-30T16:08:20.251,20.080,0.143,-0.043,0.908
1751288900261,2025-06-30T16:08:20.261,20.090,0.182,-0.061,0.896
1751288900271,2025-06-30T16:08:20.271,20.100,0.212,-0.077,0.891
1751288900281,2025-06-30T16:08:20.281,20.110,0.220,-0.078,0.892
1751288900291,2025-06-30T16:08:20.291,20.120,0.226,-0.074,0.895
1751288900301,2025-06-30T16:08:20.301,20.130,0.223,-0.073,0.900
1751288900311,2025-06-30T16:08:20.311,20.140,0.224,-0.075,0.904
1751288900321,2025-06-30T16:08:20.321,20.150,0.232,-0.072,0.910
1751288900331,2025-06-30T16:08:20.331,20.160,0.240,-0.068,0.908
1751288900341,2025-06-30T16:08:20.341,20.170,0.232,-0.063,0.913
1751288900351,2025-06-30T16:08:20.351,20.180,0.204,-0.063,0.922
1751288900361,2025-06-30T16:08:20.361,20.190,0.204,-0.063,0.937
1751288900371,2025-06-30T16:08:20.371,20.200,0.228,-0.054,0.954
1751288900381,2025-06-30T16:08:20.381,20.210,0.244,-0.038,0.963
1751288900391,2025-06-30T16:08:20.391,20.220,0.242,-0.008,0.964
1751288900401,2025-06-30T16:08:20.401,20.230,0.230,0.011,0.970
1751288900411,2025-06-30T16:08:20.411,20.240,0.208,0.019,0.992
1751288900421,2025-06-30T16:08:20.421,20.250,0.178,0.020,0.994
1751288900431,2025-06-30T16:08:20.431,20.260,0.157,0.018,0.988
1751288900441,2025-06-30T16:08:20.441,20.270,0.151,0.018,0.984
1751288900451,2025-06-30T16:08:20.451,20.280,0.132,0.017,0.989
1751288900461,2025-06-30T16:08:20.461,20.290,0.134,0.007,1.016
1751288900471,2025-06-30T16:08:20.471,20.300,0.175,0.004,1.031
1751288900481,2025-06-30T16:08:20.481,20.310,0.204,0.007,1.057
1751288900491,2025-06-30T16:08:20.491,20.320,0.205,-0.009,1.097
1751288900501,2025-06-30T16:08:20.501,20.330,0.197,-0.038,1.139
1751288900511,2025-06-30T16:08:20.511,20.340,0.189,-0.059,1.185
1751288900521,2025-06-30T16:08:20.521,20.350,0.173,-0.073,1.234
1751288900531,2025-06-30T16:08:20.531,20.360,0.169,-0.080,1.255
1751288900541,2025-06-30T16:08:20.541,20.370,0.183,-0.066,1.244
1751288900551,2025-06-30T16:08:20.551,20.380,0.193,-0.058,1.232
1751288900561,2025-06-30T16:08:20.561,20.390,0.191,-0.072,1.218
1751288900571,2025-06-30T16:08:20.571,20.400,0.202,-0.084,1.198
1751288900581,2025-06-30T16:08:20.581,20.410,0.251,-0.087,1.235
1751288900591,2025-06-30T16:08:20.591,20.420,0.324,-0.085,1.204
1751288900601,2025-06-30T16:08:20.601,20.430,0.374,-0.035,1.144
1751288900611,2025-06-30T16:08:20.611,20.440,0.381,0.032,1.073
1751288900621,2025-06-30T16:08:20.621,20.450,0.340,0.111,0.992
1751288900631,2025-06-30T16:08:20.631,20.460,0.320,0.167,0.943
1751288900641,2025-06-30T16:08:20.641,20.470,0.342,0.200,0.907
1751288900651,2025-06-30T16:08:20.651,20.480,0.380,0.209,0.845
1751288900661,2025-06-30T16:08:20.661,20.490,0.405,0.188,0.826
1751288900671,2025-06-30T16:08:20.671,20.500,0.409,0.173,0.817
1751288900681,2025-06-30T16:08:20.681,20.510,0.399,0.166,0.801
1751288900691,2025-06-30T16:08:20.691,20.520,0.394,0.167,0.772
1751288900701,2025-06-30T16:08:20.701,20.530,0.340,0.175,0.761
1751288900711,2025-06-30T16:08:20.711,20.540,0.301,0.153,0.777
1751288900721,2025-06-30T16:08:20.721,20.550,0.315,0.121,0.829
1751288900731,2025-06-30T16:08:20.731,20.560,0.307,0.094,0.889
1751288900741,2025-06-30T16:08:20.741,20.570,0.284,0.044,0.922
1751288900751,2025-06-30T16:08:20.751,20.580,0.227,0.002,0.973
1751288900761,2025-06-30T16:08:20.761,20.590,0.153,-0.016,0.957
1751288900771,2025-06-30T16:08:20.771,20.600,0.039,0.009,0.898
1751288900781,2025-06-30T16:08:20.781,20.610,-0.112,0.037,0.847
1751288900791,2025-06-30T16:08:20.791,20.620,-0.211,0.072,0.762
1751288900801,2025-06-30T16:08:20.801,20.630,-0.342,0.107,0.686
1751288900811,2025-06-30T16:08:20.811,20.640,-0.503,0.155,0.617
1751288900821,2025-06-30T16:08:20.821,20.650,-0.630,0.198,0.553
1751288900831,2025-06-30T16:08:20.831,20.660,-0.750,0.229,0.519
1751288900841,2025-06-30T16:08:20.841,20.670,-0.875,0.241,0.507
1751288900851,2025-06-30T16:08:20.851,20.680,-0.906,0.229,0.536
1751288900861,2025-06-30T16:08:20.861,20.690,-0.832,0.235,0.546
1751288900871,2025-06-30T16:08:20.871,20.700,-0.748,0.256,0.540
1751288900881,2025-06-30T16:08:20.881,20.710,-0.746,0.283,0.547
1751288900891,2025-06-30T16:08:20.891,20.720,-0.815,0.307,0.524
1751288900901,2025-06-30T16:08:20.901,20.730,-0.860,0.303,0.507
1751288900911,2025-06-30T16:08:20.911,20.740,-0.892,0.305,0.508
1751288900921,2025-06-30T16:08:20.921,20.750,-0.957,0.313,0.509
1751288900931,2025-06-30T16:08:20.931,20.760,-0.973,0.304,0.509
1751288900941,2025-06-30T16:08:20.941,20.770,-0.982,0.294,0.506
1751288900951,2025-06-30T16:08:20.951,20.780,-0.964,0.288,0.529
1751288900961,2025-06-30T16:08:20.961,20.790,-0.915,0.285,0.538
1751288900971,2025-06-30T16:08:20.971,20.800,-0.879,0.294,0.541
1751288900981,2025-06-30T16:08:20.981,20.810,-0.869,0.297,0.545
1751288900991,2025-06-30T16:08:20.991,20.820,-0.844,0.291,0.544
1751288901001,2025-06-30T16:08:21.001,20.830,-0.813,0.295,0.570
1751288901011,2025-06-30T16:08:21.011,20.840,-0.843,0.324,0.609
1751288901021,2025-06-30T16:08:21.021,20.850,-0.900,0.333,0.642
1751288901031,2025-06-30T16:08:21.031,20.860,-0.927,0.310,0.698
1751288901041,2025-06-30T16:08:21.041,20.870,-0.966,0.289,0.773
1751288901051,2025-06-30T16:08:21.051,20.880,-0.956,0.307,0.815
1751288901061,2025-06-30T16:08:21.061,20.890,-0.884,0.343,0.833
1751288901071,2025-06-30T16:08:21.071,20.900,-0.826,0.384,0.836
1751288901081,2025-06-30T16:08:21.081,20.910,-0.703,0.403,0.850
1751288901091,2025-06-30T16:08:21.091,20.920,-0.538,0.451,0.876
1751288901101,2025-06-30T16:08:21.101,20.930,-0.438,0.490,0.918
1751288901111,2025-06-30T16:08:21.111,20.940,-0.458,0.478,0.986
1751288901121,2025-06-30T16:08:21.121,20.950,-0.510,0.436,1.033
1751288901131,2025-06-30T16:08:21.131,20.960,-0.497,0.374,1.024
1751288901141,2025-06-30T16:08:21.141,20.970,-0.401,0.326,0.975
1751288901151,2025-06-30T16:08:21.151,20.980,-0.228,0.312,0.957
1751288901161,2025-06-30T16:08:21.161,20.990,-0.052,0.323,1.029
1751288901171,2025-06-30T16:08:21.171,21.000,0.137,0.327,1.115
1751288901181,2025-06-30T16:08:21.181,21.010,0.316,0.319,1.141
1751288901191,2025-06-30T16:08:21.191,21.020,0.430,0.313,1.139
1751288901201,2025-06-30T16:08:21.201,21.030,0.473,0.313,1.095
1751288901211,2025-06-30T16:08:21.211,21.040,0.509,0.318,1.072
1751288901221,2025-06-30T16:08:21.221,21.050,0.548,0.316,1.032
1751288901231,2025-06-30T16:08:21.231,21.060,0.552,0.311,0.998
1751288901241,2025-06-30T16:08:21.241,21.070,0.548,0.305,0.953
1751288901251,2025-06-30T16:08:21.251,21.080,0.551,0.294,0.904
1751288901261,2025-06-30T16:08:21.261,21.090,0.522,0.281,0.867
1751288901271,2025-06-30T16:08:21.271,21.100,0.447,0.278,0.837
1751288901281,2025-06-30T16:08:21.281,21.110,0.354,0.265,0.828
1751288901291,2025-06-30T16:08:21.291,21.120,0.287,0.239,0.840
1751288901301,2025-06-30T16:08:21.301,21.130,0.252,0.209,0.848
1751288901311,2025-06-30T16:08:21.311,21.140,0.237,0.180,0.848
1751288901321,2025-06-30T16:08:21.321,21.150,0.242,0.152,0.852
1751288901331,2025-06-30T16:08:21.331,21.160,0.265,0.122,0.869
1751288901341,2025-06-30T16:08:21.341,21.170,0.287,0.101,0.892
1751288901351,2025-06-30T16:08:21.351,21.180,0.271,0.079,0.916
1751288901361,2025-06-30T16:08:21.361,21.190,0.244,0.058,0.959
1751288901371,2025-06-30T16:08:21.371,21.200,0.215,0.033,0.988
1751288901381,2025-06-30T16:08:21.381,21.210,0.166,0.009,0.995
1751288901391,2025-06-30T16:08:21.391,21.220,0.115,0.014,0.981
1751288901401,2025-06-30T16:08:21.401,21.230,0.093,0.028,0.963
1751288901411,2025-06-30T16:08:21.411,21.240,0.103,0.042,0.962
1751288901421,2025-06-30T16:08:21.421,21.250,0.118,0.054,0.949
1751288901431,2025-06-30T16:08:21.431,21.260,0.120,0.052,0.940
1751288901441,2025-06-30T16:08:21.441,21.270,0.125,0.037,0.939
1751288901451,2025-06-30T16:08:21.451,21.280,0.149,0.018,0.942
1751288901461,2025-06-30T16:08:21.461,21.290,0.152,0.005,0.954
1751288901471,2025-06-30T16:08:21.471,21.300,0.133,-0.004,0.952
1751288901481,2025-06-30T16:08:21.481,21.310,0.136,-0.022,0.944
1751288901491,2025-06-30T16:08:21.491,21.320,0.143,-0.030,0.945
1751288901501,2025-06-30T16:08:21.501,21.330,0.142,-0.035,0.947
1751288901511,2025-06-30T16:08:21.511,21.340,0.130,-0.043,0.950
1751288901521,2025-06-30T16:08:21.521,21.350,0.098,-0.050,0.953
1751288901531,2025-06-30T16:08:21.531,21.360,0.083,-0.056,0.951
1751288901541,2025-06-30T16:08:21.541,21.370,0.110,-0.072,0.947
1751288901551,2025-06-30T16:08:21.551,21.380,0.161,-0.089,0.956
1751288901561,2025-06-30T16:08:21.561,21.390,0.188,-0.096,0.961
1751288901571,2025-06-30T16:08:21.571,21.400,0.183,-0.104,0.955
1751288901581,2025-06-30T16:08:21.581,21.410,0.165,-0.091,0.955
1751288901591,2025-06-30T16:08:21.591,21.420,0.156,-0.082,0.968
1751288901601,2025-06-30T16:08:21.601,21.430,0.164,-0.085,0.992
1751288901611,2025-06-30T16:08:21.611,21.440,0.175,-0.090,0.999
1751288901621,2025-06-30T16:08:21.621,21.450,0.182,-0.089,0.990
1751288901631,2025-06-30T16:08:21.631,21.460,0.185,-0.083,0.977
1751288901641,2025-06-30T16:08:21.641,21.470,0.184,-0.083,0.965
1751288901651,2025-06-30T16:08:21.651,21.480,0.199,-0.102,0.962
1751288901661,2025-06-30T16:08:21.661,21.490,0.238,-0.125,0.972
1751288901671,2025-06-30T16:08:21.671,21.500,0.284,-0.138,0.980
1751288901681,2025-06-30T16:08:21.681,21.510,0.317,-0.141,0.977
1751288901691,2025-06-30T16:08:21.691,21.520,0.325,-0.145,0.966
1751288901701,2025-06-30T16:08:21.701,21.530,0.315,-0.146,0.970
1751288901711,2025-06-30T16:08:21.711,21.540,0.325,-0.163,0.904
1751288901721,2025-06-30T16:08:21.721,21.550,0.324,-0.158,0.922
1751288901731,2025-06-30T16:08:21.731,21.560,0.299,-0.148,0.967
1751288901741,2025-06-30T16:08:21.741,21.570,0.255,-0.144,0.952
1751288901751,2025-06-30T16:08:21.751,21.580,0.213,-0.115,0.973
1751288901761,2025-06-30T16:08:21.761,21.590,0.219,-0.084,0.953
1751288901771,2025-06-30T16:08:21.771,21.600,0.222,-0.043,0.893
1751288901781,2025-06-30T16:08:21.781,21.610,0.217,-0.019,0.949
1751288901791,2025-06-30T16:08:21.791,21.620,0.220,0.025,0.948
1751288901801,2025-06-30T16:08:21.801,21.630,0.188,0.078,0.919
1751288901811,2025-06-30T16:08:21.811,21.640,0.089,0.130,0.860
1751288901821,2025-06-30T16:08:21.821,21.650,-0.099,0.209,0.773
1751288901831,2025-06-30T16:08:21.831,21.660,-0.275,0.279,0.664
1751288901841,2025-06-30T16:08:21.841,21.670,-0.453,0.337,0.584
1751288901851,2025-06-30T16:08:21.851,21.680,-0.611,0.369,0.586
1751288901861,2025-06-30T16:08:21.861,21.690,-0.664,0.386,0.577
1751288901871,2025-06-30T16:08:21.871,21.700,-0.714,0.371,0.585
1751288901881,2025-06-30T16:08:21.881,21.710,-0.766,0.341,0.636
1751288901891,2025-06-30T16:08:21.891,21.720,-0.764,0.317,0.699
1751288901901,2025-06-30T16:08:21.901,21.730,-0.746,0.279,0.747
1751288901911,2025-06-30T16:08:21.911,21.740,-0.739,0.241,0.796
1751288901921,2025-06-30T16:08:21.921,21.750,-0.797,0.239,0.841
1751288901931,2025-06-30T16:08:21.931,21.760,-0.854,0.235,0.841
1751288901941,2025-06-30T16:08:21.941,21.770,-0.880,0.232,0.810
1751288901951,2025-06-30T16:08:21.951,21.780,-0.888,0.250,0.781
1751288901961,2025-06-30T16:08:21.961,21.790,-0.901,0.287,0.770
1751288901971,2025-06-30T16:08:21.971,21.800,-0.932,0.318,0.749
1751288901981,2025-06-30T16:08:21.981,21.810,-0.946,0.341,0.719
1751288901991,2025-06-30T16:08:21.991,21.820,-0.958,0.384,0.663
1751288902001,2025-06-30T16:08:22.001,21.830,-0.996,0.420,0.577
1751288902011,2025-06-30T16:08:22.011,21.840,-1.006,0.437,0.562
1751288902021,2025-06-30T16:08:22.021,21.850,-0.936,0.456,0.612
1751288902031,2025-06-30T16:08:22.031,21.860,-0.860,0.467,0.644
1751288902041,2025-06-30T16:08:22.041,21.870,-0.835,0.478,0.648
1751288902051,2025-06-30T16:08:22.051,21.880,-0.832,0.492,0.634
1751288902061,2025-06-30T16:08:22.061,21.890,-0.887,0.513,0.597
1751288902071,2025-06-30T16:08:22.071,21.900,-0.910,0.527,0.585
1751288902081,2025-06-30T16:08:22.081,21.910,-0.850,0.546,0.612
1751288902091,2025-06-30T16:08:22.091,21.920,-0.808,0.559,0.661
1751288902101,2025-06-30T16:08:22.101,21.930,-0.789,0.562,0.698
1751288902111,2025-06-30T16:08:22.111,21.940,-0.751,0.557,0.735
1751288902121,2025-06-30T16:08:22.121,21.950,-0.690,0.529,0.767
1751288902131,2025-06-30T16:08:22.131,21.960,-0.597,0.489,0.786
1751288902141,2025-06-30T16:08:22.141,21.970,-0.507,0.473,0.793
1751288902151,2025-06-30T16:08:22.151,21.980,-0.495,0.473,0.812
1751288902161,2025-06-30T16:08:22.161,21.990,-0.543,0.469,0.826
1751288902171,2025-06-30T16:08:22.171,22.000,-0.548,0.471,0.825
1751288902181,2025-06-30T16:08:22.181,22.010,-0.490,0.493,0.825
1751288902191,2025-06-30T16:08:22.191,22.020,-0.357,0.469,0.797
1751288902201,2025-06-30T16:08:22.201,22.030,-0.103,0.383,0.784
1751288902211,2025-06-30T16:08:22.211,22.040,0.309,0.295,0.857
1751288902221,2025-06-30T16:08:22.221,22.050,0.764,0.207,0.953
1751288902231,2025-06-30T16:08:22.231,22.060,1.083,0.123,1.054
1751288902241,2025-06-30T16:08:22.241,22.070,1.171,0.056,1.105
1751288902251,2025-06-30T16:08:22.251,22.080,1.057,0.024,1.100
1751288902261,2025-06-30T16:08:22.261,22.090,0.880,0.009,1.055
1751288902271,2025-06-30T16:08:22.271,22.100,0.772,-0.013,0.991
1751288902281,2025-06-30T16:08:22.281,22.110,0.657,-0.009,0.942
1751288902291,2025-06-30T16:08:22.291,22.120,0.485,0.032,0.900
1751288902301,2025-06-30T16:08:22.301,22.130,0.323,0.080,0.857
1751288902311,2025-06-30T16:08:22.311,22.140,0.225,0.116,0.828
1751288902321,2025-06-30T16:08:22.321,22.150,0.213,0.132,0.815
1751288902331,2025-06-30T16:08:22.331,22.160,0.276,0.138,0.816
1751288902341,2025-06-30T16:08:22.341,22.170,0.405,0.126,0.820
1751288902351,2025-06-30T16:08:22.351,22.180,0.497,0.114,0.825
1751288902361,2025-06-30T16:08:22.361,22.190,0.499,0.109,0.830
1751288902371,2025-06-30T16:08:22.371,22.200,0.464,0.089,0.829
1751288902381,2025-06-30T16:08:22.381,22.210,0.412,0.062,0.836
1751288902391,2025-06-30T16:08:22.391,22.220,0.337,0.047,0.844
1751288902401,2025-06-30T16:08:22.401,22.230,0.278,0.033,0.861
1751288902411,2025-06-30T16:08:22.411,22.240,0.261,0.022,0.886
1751288902421,2025-06-30T16:08:22.421,22.250,0.236,0.018,0.909
1751288902431,2025-06-30T16:08:22.431,22.260,0.220,0.013,0.921
1751288902441,2025-06-30T16:08:22.441,22.270,0.239,0.006,0.933
1751288902451,2025-06-30T16:08:22.451,22.280,0.266,-0.002,0.936
1751288902461,2025-06-30T16:08:22.461,22.290,0.290,-0.009,0.942
1751288902471,2025-06-30T16:08:22.471,22.300,0.308,-0.013,0.958
1751288902481,2025-06-30T16:08:22.481,22.310,0.278,-0.022,0.979
1751288902491,2025-06-30T16:08:22.491,22.320,0.231,-0.038,0.991
1751288902501,2025-06-30T16:08:22.501,22.330,0.211,-0.049,1.012
1751288902511,2025-06-30T16:08:22.511,22.340,0.202,-0.061,1.021
1751288902521,2025-06-30T16:08:22.521,22.350,0.201,-0.061,1.016
1751288902531,2025-06-30T16:08:22.531,22.360,0.195,-0.051,1.011
1751288902541,2025-06-30T16:08:22.541,22.370,0.183,-0.043,0.990
1751288902551,2025-06-30T16:08:22.551,22.380,0.197,-0.050,0.972
1751288902561,2025-06-30T16:08:22.561,22.390,0.229,-0.050,0.966
1751288902571,2025-06-30T16:08:22.571,22.400,0.257,-0.049,0.953
1751288902581,2025-06-30T16:08:22.581,22.410,0.284,-0.056,0.931
1751288902591,2025-06-30T16:08:22.591,22.420,0.309,-0.072,0.948
1751288902601,2025-06-30T16:08:22.601,22.430,0.361,-0.119,0.898
1751288902611,2025-06-30T16:08:22.611,22.440,0.420,-0.147,0.927
1751288902621,2025-06-30T16:08:22.621,22.450,0.496,-0.188,0.931
1751288902631,2025-06-30T16:08:22.631,22.460,0.518,-0.203,0.955
1751288902641,2025-06-30T16:08:22.641,22.470,0.414,-0.193,0.940
1751288902651,2025-06-30T16:08:22.651,22.480,0.246,-0.183,0.812
1751288902661,2025-06-30T16:08:22.661,22.490,0.077,-0.200,0.701
1751288902671,2025-06-30T16:08:22.671,22.500,-0.132,-0.188,0.604
1751288902681,2025-06-30T16:08:22.681,22.510,-0.384,-0.143,0.564
1751288902691,2025-06-30T16:08:22.691,22.520,-0.616,-0.090,0.520
1751288902701,2025-06-30T16:08:22.701,22.530,-0.882,-0.055,0.510
1751288902711,2025-06-30T16:08:22.711,22.540,-1.050,-0.037,0.541
1751288902721,2025-06-30T16:08:22.721,22.550,-1.035,0.003,0.555
1751288902731,2025-06-30T16:08:22.731,22.560,-1.010,0.042,0.575
1751288902741,2025-06-30T16:08:22.741,22.570,-0.949,0.042,0.587
1751288902751,2025-06-30T16:08:22.751,22.580,-0.914,0.043,0.588
1751288902761,2025-06-30T16:08:22.761,22.590,-0.925,0.052,0.588
1751288902771,2025-06-30T16:08:22.771,22.600,-0.941,0.067,0.576
1751288902781,2025-06-30T16:08:22.781,22.610,-0.938,0.078,0.565
1751288902791,2025-06-30T16:08:22.791,22.620,-0.940,0.094,0.561
1751288902801,2025-06-30T16:08:22.801,22.630,-0.962,0.094,0.552
1751288902811,2025-06-30T16:08:22.811,22.640,-0.997,0.106,0.539
1751288902821,2025-06-30T16:08:22.821,22.650,-0.999,0.108,0.541
1751288902831,2025-06-30T16:08:22.831,22.660,-0.991,0.107,0.532
1751288902841,2025-06-30T16:08:22.841,22.670,-0.982,0.103,0.526
1751288902851,2025-06-30T16:08:22.851,22.680,-0.954,0.104,0.536
1751288902861,2025-06-30T16:08:22.861,22.690,-0.914,0.103,0.542
1751288902871,2025-06-30T16:08:22.871,22.700,-0.908,0.095,0.523
1751288902881,2025-06-30T16:08:22.881,22.710,-0.932,0.096,0.518
1751288902891,2025-06-30T16:08:22.891,22.720,-0.980,0.097,0.531
1751288902901,2025-06-30T16:08:22.901,22.730,-1.023,0.099,0.546
1751288902911,2025-06-30T16:08:22.911,22.740,-1.021,0.097,0.577
1751288902921,2025-06-30T16:08:22.921,22.750,-1.018,0.100,0.605
1751288902931,2025-06-30T16:08:22.931,22.760,-1.005,0.105,0.635
1751288902941,2025-06-30T16:08:22.941,22.770,-0.953,0.103,0.640
1751288902951,2025-06-30T16:08:22.951,22.780,-0.824,0.081,0.675
1751288902961,2025-06-30T16:08:22.961,22.790,-0.569,0.039,0.776
1751288902971,2025-06-30T16:08:22.971,22.800,-0.368,0.038,0.873
1751288902981,2025-06-30T16:08:22.981,22.810,-0.285,0.033,0.938
1751288902991,2025-06-30T16:08:22.991,22.820,-0.243,0.011,0.955
1751288903001,2025-06-30T16:08:23.001,22.830,-0.245,0.011,0.956
1751288903011,2025-06-30T16:08:23.011,22.840,-0.246,0.004,0.959
1751288903021,2025-06-30T16:08:23.021,22.850,-0.155,-0.033,0.974
1751288903031,2025-06-30T16:08:23.031,22.860,0.000,-0.085,1.056
1751288903041,2025-06-30T16:08:23.041,22.870,0.128,-0.101,1.123
1751288903051,2025-06-30T16:08:23.051,22.880,0.233,-0.108,1.140
1751288903061,2025-06-30T16:08:23.061,22.890,0.333,-0.116,1.151
1751288903071,2025-06-30T16:08:23.071,22.900,0.372,-0.098,1.143
1751288903081,2025-06-30T16:08:23.081,22.910,0.350,-0.071,1.120
1751288903091,2025-06-30T16:08:23.091,22.920,0.290,-0.050,1.069
1751288903101,2025-06-30T16:08:23.101,22.930,0.222,-0.030,1.006
1751288903111,2025-06-30T16:08:23.111,22.940,0.143,-0.010,0.953
1751288903121,2025-06-30T16:08:23.121,22.950,0.049,0.007,0.925
1751288903131,2025-06-30T16:08:23.131,22.960,0.007,0.006,0.901
1751288903141,2025-06-30T16:08:23.141,22.970,0.013,0.011,0.879
1751288903151,2025-06-30T16:08:23.151,22.980,0.056,0.029,0.866
1751288903161,2025-06-30T16:08:23.161,22.990,0.135,0.052,0.858
1751288903171,2025-06-30T16:08:23.171,23.000,0.214,0.064,0.855
1751288903181,2025-06-30T16:08:23.181,23.010,0.263,0.064,0.865
1751288903191,2025-06-30T16:08:23.191,23.020,0.292,0.053,0.902
1751288903201,2025-06-30T16:08:23.201,23.030,0.301,0.041,0.952
1751288903211,2025-06-30T16:08:23.211,23.040,0.269,0.013,0.988
1751288903221,2025-06-30T16:08:23.221,23.050,0.235,-0.012,0.994
1751288903231,2025-06-30T16:08:23.231,23.060,0.225,-0.024,1.006
1751288903241,2025-06-30T16:08:23.241,23.070,0.172,-0.021,1.021
1751288903251,2025-06-30T16:08:23.251,23.080,0.109,-0.015,1.009
1751288903261,2025-06-30T16:08:23.261,23.090,0.074,-0.005,0.999
1751288903271,2025-06-30T16:08:23.271,23.100,0.071,0.005,1.002
1751288903281,2025-06-30T16:08:23.281,23.110,0.083,0.004,1.012
1751288903291,2025-06-30T16:08:23.291,23.120,0.130,-0.001,1.033
1751288903301,2025-06-30T16:08:23.301,23.130,0.201,0.001,1.030
1751288903311,2025-06-30T16:08:23.311,23.140,0.239,0.015,1.008
1751288903321,2025-06-30T16:08:23.321,23.150,0.241,0.023,0.987
1751288903331,2025-06-30T16:08:23.331,23.160,0.222,0.028,0.972
1751288903341,2025-06-30T16:08:23.341,23.170,0.202,0.034,0.953
1751288903351,2025-06-30T16:08:23.351,23.180,0.211,0.035,0.965
1751288903361,2025-06-30T16:08:23.361,23.190,0.206,0.031,0.936
1751288903371,2025-06-30T16:08:23.371,23.200,0.177,0.037,0.924
1751288903381,2025-06-30T16:08:23.381,23.210,0.166,0.014,0.956
1751288903391,2025-06-30T16:08:23.391,23.220,0.196,-0.009,0.940
1751288903401,2025-06-30T16:08:23.401,23.230,0.210,-0.005,0.975
1751288903411,2025-06-30T16:08:23.411,23.240,0.210,-0.010,0.945
1751288903421,2025-06-30T16:08:23.421,23.250,0.188,-0.016,0.958
1751288903431,2025-06-30T16:08:23.431,23.260,0.143,-0.012,0.950
1751288903441,2025-06-30T16:08:23.441,23.270,0.050,-0.008,0.906
1751288903451,2025-06-30T16:08:23.451,23.280,-0.041,-0.029,0.845
1751288903461,2025-06-30T16:08:23.461,23.290,-0.152,-0.014,0.775
1751288903471,2025-06-30T16:08:23.471,23.300,-0.326,0.026,0.693
1751288903481,2025-06-30T16:08:23.481,23.310,-0.518,0.064,0.605
1751288903491,2025-06-30T16:08:23.491,23.320,-0.760,0.094,0.551
1751288903501,2025-06-30T16:08:23.501,23.330,-0.954,0.124,0.521
1751288903511,2025-06-30T16:08:23.511,23.340,-1.033,0.147,0.531
1751288903521,2025-06-30T16:08:23.521,23.350,-1.040,0.154,0.578
1751288903531,2025-06-30T16:08:23.531,23.360,-0.959,0.152,0.646
1751288903541,2025-06-30T16:08:23.541,23.370,-0.891,0.161,0.648
1751288903551,2025-06-30T16:08:23.551,23.380,-0.911,0.151,0.623
1751288903561,2025-06-30T16:08:23.561,23.390,-1.001,0.141,0.631
1751288903571,2025-06-30T16:08:23.571,23.400,-1.110,0.143,0.577
1751288903581,2025-06-30T16:08:23.581,23.410,-1.179,0.145,0.534
1751288903591,2025-06-30T16:08:23.591,23.420,-1.197,0.185,0.527
1751288903601,2025-06-30T16:08:23.601,23.430,-1.179,0.238,0.530
1751288903611,2025-06-30T16:08:23.611,23.440,-1.144,0.291,0.520
1751288903621,2025-06-30T16:08:23.621,23.450,-1.146,0.314,0.510
1751288903631,2025-06-30T16:08:23.631,23.460,-1.172,0.291,0.509
1751288903641,2025-06-30T16:08:23.641,23.470,-1.126,0.251,0.514
1751288903651,2025-06-30T16:08:23.651,23.480,-1.059,0.255,0.508
1751288903661,2025-06-30T16:08:23.661,23.490,-1.001,0.273,0.488
1751288903671,2025-06-30T16:08:23.671,23.500,-0.977,0.250,0.499
1751288903681,2025-06-30T16:08:23.681,23.510,-0.980,0.232,0.527
1751288903691,2025-06-30T16:08:23.691,23.520,-1.011,0.234,0.532
1751288903701,2025-06-30T16:08:23.701,23.530,-1.063,0.240,0.538
1751288903711,2025-06-30T16:08:23.711,23.540,-1.103,0.258,0.510
1751288903721,2025-06-30T16:08:23.721,23.550,-1.110,0.300,0.443
1751288903731,2025-06-30T16:08:23.731,23.560,-1.037,0.334,0.412
1751288903741,2025-06-30T16:08:23.741,23.570,-0.884,0.351,0.431
1751288903751,2025-06-30T16:08:23.751,23.580,-0.716,0.354,0.447
1751288903761,2025-06-30T16:08:23.761,23.590,-0.491,0.328,0.444
1751288903771,2025-06-30T16:08:23.771,23.600,-0.218,0.284,0.532
1751288903781,2025-06-30T16:08:23.781,23.610,-0.035,0.245,0.682
1751288903791,2025-06-30T16:08:23.791,23.620,-0.028,0.214,0.727
1751288903801,2025-06-30T16:08:23.801,23.630,-0.077,0.164,0.731
1751288903811,2025-06-30T16:08:23.811,23.640,-0.116,0.135,0.735
1751288903821,2025-06-30T16:08:23.821,23.650,-0.172,0.138,0.738
1751288903831,2025-06-30T16:08:23.831,23.660,-0.190,0.128,0.732
1751288903841,2025-06-30T16:08:23.841,23.670,-0.095,0.077,0.784
1751288903851,2025-06-30T16:08:23.851,23.680,0.129,0.019,0.916
1751288903861,2025-06-30T16:08:23.861,23.690,0.326,-0.008,1.006
1751288903871,2025-06-30T16:08:23.871,23.700,0.373,-0.025,1.044
1751288903881,2025-06-30T16:08:23.881,23.710,0.310,-0.044,1.045
1751288903891,2025-06-30T16:08:23.891,23.720,0.214,-0.041,1.020
1751288903901,2025-06-30T16:08:23.901,23.730,0.151,-0.031,1.024
1751288903911,2025-06-30T16:08:23.911,23.740,0.089,-0.010,1.014
1751288903921,2025-06-30T16:08:23.921,23.750,0.031,0.009,0.998
1751288903931,2025-06-30T16:08:23.931,23.760,0.002,0.029,0.985
1751288903941,2025-06-30T16:08:23.941,23.770,0.024,0.033,0.959
1751288903951,2025-06-30T16:08:23.951,23.780,0.075,0.022,0.957
1751288903961,2025-06-30T16:08:23.961,23.790,0.104,0.016,0.968
1751288903971,2025-06-30T16:08:23.971,23.800,0.113,-0.001,0.964
1751288903981,2025-06-30T16:08:23.981,23.810,0.131,-0.024,0.970
1751288903991,2025-06-30T16:08:23.991,23.820,0.154,-0.043,0.990
1751288904001,2025-06-30T16:08:24.001,23.830,0.156,-0.048,0.982
1751288904011,2025-06-30T16:08:24.011,23.840,0.142,-0.049,0.957
1751288904021,2025-06-30T16:08:24.021,23.850,0.128,-0.053,0.951
1751288904031,2025-06-30T16:08:24.031,23.860,0.112,-0.061,0.952
1751288904041,2025-06-30T16:08:24.041,23.870,0.089,-0.070,0.952
1751288904051,2025-06-30T16:08:24.051,23.880,0.086,-0.079,0.963
1751288904061,2025-06-30T16:08:24.061,23.890,0.110,-0.094,0.994
1751288904071,2025-06-30T16:08:24.071,23.900,0.144,-0.111,1.011
1751288904081,2025-06-30T16:08:24.081,23.910,0.191,-0.121,1.037
1751288904091,2025-06-30T16:08:24.091,23.920,0.214,-0.121,1.070
1751288904101,2025-06-30T16:08:24.101,23.930,0.215,-0.115,1.078
1751288904111,2025-06-30T16:08:24.111,23.940,0.212,-0.100,1.076
1751288904121,2025-06-30T16:08:24.121,23.950,0.210,-0.087,1.086
1751288904131,2025-06-30T16:08:24.131,23.960,0.229,-0.078,1.092
1751288904141,2025-06-30T16:08:24.141,23.970,0.247,-0.063,1.107
1751288904151,2025-06-30T16:08:24.151,23.980,0.278,-0.063,1.116
1751288904161,2025-06-30T16:08:24.161,23.990,0.303,-0.045,1.091
1751288904171,2025-06-30T16:08:24.171,24.000,0.379,-0.041,0.989
1751288904181,2025-06-30T16:08:24.181,24.010,0.512,-0.075,1.001
1751288904191,2025-06-30T16:08:24.191,24.020,0.613,-0.087,1.015
1751288904201,2025-06-30T16:08:24.201,24.030,0.573,-0.047,1.014
1751288904211,2025-06-30T16:08:24.211,24.040,0.400,0.011,0.958
1751288904221,2025-06-30T16:08:24.221,24.050,0.208,0.062,0.906
1751288904231,2025-06-30T16:08:24.231,24.060,-0.014,0.065,0.891
1751288904241,2025-06-30T16:08:24.241,24.070,-0.285,0.057,0.883
1751288904251,2025-06-30T16:08:24.251,24.080,-0.479,0.028,0.880
1751288904261,2025-06-30T16:08:24.261,24.090,-0.600,0.026,0.865
1751288904271,2025-06-30T16:08:24.271,24.100,-0.717,0.068,0.903
1751288904281,2025-06-30T16:08:24.281,24.110,-0.834,0.116,0.940
1751288904291,2025-06-30T16:08:24.291,24.120,-0.875,0.132,0.944
1751288904301,2025-06-30T16:08:24.301,24.130,-0.832,0.118,0.958
1751288904311,2025-06-30T16:08:24.311,24.140,-0.755,0.131,0.958
1751288904321,2025-06-30T16:08:24.321,24.150,-0.682,0.180,0.927
1751288904331,2025-06-30T16:08:24.331,24.160,-0.647,0.245,0.857
1751288904341,2025-06-30T16:08:24.341,24.170,-0.681,0.300,0.769
1751288904351,2025-06-30T16:08:24.351,24.180,-0.699,0.330,0.682
1751288904361,2025-06-30T16:08:24.361,24.190,-0.690,0.342,0.631
1751288904371,2025-06-30T16:08:24.371,24.200,-0.657,0.335,0.605
1751288904381,2025-06-30T16:08:24.381,24.210,-0.605,0.324,0.607
1751288904391,2025-06-30T16:08:24.391,24.220,-0.598,0.333,0.642
1751288904401,2025-06-30T16:08:24.401,24.230,-0.617,0.344,0.656
1751288904411,2025-06-30T16:08:24.411,24.240,-0.625,0.330,0.659
1751288904421,2025-06-30T16:08:24.421,24.250,-0.626,0.313,0.663
1751288904431,2025-06-30T16:08:24.431,24.260,-0.614,0.291,0.674
1751288904441,2025-06-30T16:08:24.441,24.270,-0.610,0.288,0.695
1751288904451,2025-06-30T16:08:24.451,24.280,-0.618,0.283,0.723
1751288904461,2025-06-30T16:08:24.461,24.290,-0.631,0.266,0.732
1751288904471,2025-06-30T16:08:24.471,24.300,-0.664,0.249,0.734
1751288904481,2025-06-30T16:08:24.481,24.310,-0.709,0.242,0.727
1751288904491,2025-06-30T16:08:24.491,24.320,-0.753,0.242,0.705
1751288904501,2025-06-30T16:08:24.501,24.330,-0.794,0.242,0.679
1751288904511,2025-06-30T16:08:24.511,24.340,-0.829,0.250,0.667
1751288904521,2025-06-30T16:08:24.521,24.350,-0.815,0.259,0.669
1751288904531,2025-06-30T16:08:24.531,24.360,-0.776,0.265,0.696
1751288904541,2025-06-30T16:08:24.541,24.370,-0.742,0.272,0.733
1751288904551,2025-06-30T16:08:24.551,24.380,-0.723,0.286,0.741
1751288904561,2025-06-30T16:08:24.561,24.390,-0.674,0.286,0.755
1751288904571,2025-06-30T16:08:24.571,24.400,-0.577,0.269,0.774
1751288904581,2025-06-30T16:08:24.581,24.410,-0.450,0.251,0.783
1751288904591,2025-06-30T16:08:24.591,24.420,-0.328,0.240,0.792
1751288904601,2025-06-30T16:08:24.601,24.430,-0.234,0.229,0.824
1751288904611,2025-06-30T16:08:24.611,24.440,-0.169,0.221,0.842
1751288904621,2025-06-30T16:08:24.621,24.450,-0.129,0.208,0.846
1751288904631,2025-06-30T16:08:24.631,24.460,-0.112,0.193,0.878
1751288904641,2025-06-30T16:08:24.641,24.470,-0.077,0.181,0.905
1751288904651,2025-06-30T16:08:24.651,24.480,-0.040,0.177,0.932
1751288904661,2025-06-30T16:08:24.661,24.490,0.034,0.158,0.937
1751288904671,2025-06-30T16:08:24.671,24.500,0.181,0.087,0.958
1751288904681,2025-06-30T16:08:24.681,24.510,0.356,0.030,0.980
1751288904691,2025-06-30T16:08:24.691,24.520,0.513,0.051,0.975
1751288904701,2025-06-30T16:08:24.701,24.530,0.603,0.082,0.938
1751288904711,2025-06-30T16:08:24.711,24.540,0.599,0.117,0.904
1751288904721,2025-06-30T16:08:24.721,24.550,0.561,0.134,0.896
1751288904731,2025-06-30T16:08:24.731,24.560,0.504,0.124,0.902
1751288904741,2025-06-30T16:08:24.741,24.570,0.458,0.100,0.929
1751288904751,2025-06-30T16:08:24.751,24.580,0.430,0.072,0.992
1751288904761,2025-06-30T16:08:24.761,24.590,0.442,0.022,1.080
1751288904771,2025-06-30T16:08:24.771,24.600,0.473,-0.021,1.155
1751288904781,2025-06-30T16:08:24.781,24.610,0.471,-0.024,1.176
1751288904791,2025-06-30T16:08:24.791,24.620,0.451,0.022,1.151
1751288904801,2025-06-30T16:08:24.801,24.630,0.413,0.106,1.083
1751288904811,2025-06-30T16:08:24.811,24.640,0.338,0.182,1.068
1751288904821,2025-06-30T16:08:24.821,24.650,0.298,0.163,1.120
1751288904831,2025-06-30T16:08:24.831,24.660,0.318,0.072,1.162
1751288904841,2025-06-30T16:08:24.841,24.670,0.365,0.016,1.176
1751288904851,2025-06-30T16:08:24.851,24.680,0.399,0.012,1.183
1751288904861,2025-06-30T16:08:24.861,24.690,0.404,0.010,1.205
1751288904871,2025-06-30T16:08:24.871,24.700,0.387,-0.021,1.224
1751288904881,2025-06-30T16:08:24.881,24.710,0.384,-0.042,1.242
1751288904891,2025-06-30T16:08:24.891,24.720,0.396,-0.009,1.205
1751288904901,2025-06-30T16:08:24.901,24.730,0.372,0.085,1.102
1751288904911,2025-06-30T16:08:24.911,24.740,0.314,0.192,0.983
1751288904921,2025-06-30T16:08:24.921,24.750,0.269,0.253,0.917
1751288904931,2025-06-30T16:08:24.931,24.760,0.257,0.261,0.878
1751288904941,2025-06-30T16:08:24.941,24.770,0.307,0.235,0.855
1751288904951,2025-06-30T16:08:24.951,24.780,0.358,0.205,0.840
1751288904961,2025-06-30T16:08:24.961,24.790,0.356,0.185,0.821
1751288904971,2025-06-30T16:08:24.971,24.800,0.339,0.167,0.821
1751288904981,2025-06-30T16:08:24.981,24.810,0.326,0.159,0.815
1751288904991,2025-06-30T16:08:24.991,24.820,0.321,0.156,0.817
1751288905001,2025-06-30T16:08:25.001,24.830,0.302,0.132,0.834
1751288905011,2025-06-30T16:08:25.011,24.840,0.274,0.095,0.846
1751288905021,2025-06-30T16:08:25.021,24.850,0.278,0.066,0.877
1751288905031,2025-06-30T16:08:25.031,24.860,0.308,0.023,0.907
1751288905041,2025-06-30T16:08:25.041,24.870,0.355,-0.028,0.944
1751288905051,2025-06-30T16:08:25.051,24.880,0.410,-0.055,0.952
1751288905061,2025-06-30T16:08:25.061,24.890,0.441,-0.072,0.976
1751288905071,2025-06-30T16:08:25.071,24.900,0.455,-0.082,0.938
1751288905081,2025-06-30T16:08:25.081,24.910,0.442,-0.079,0.891
1751288905091,2025-06-30T16:08:25.091,24.920,0.432,-0.078,0.821
1751288905101,2025-06-30T16:08:25.101,24.930,0.416,-0.087,0.769
1751288905111,2025-06-30T16:08:25.111,24.940,0.309,-0.085,0.727
1751288905121,2025-06-30T16:08:25.121,24.950,0.187,-0.077,0.626
1751288905131,2025-06-30T16:08:25.131,24.960,0.030,-0.035,0.499
1751288905141,2025-06-30T16:08:25.141,24.970,-0.254,-0.010,0.367
1751288905151,2025-06-30T16:08:25.151,24.980,-0.582,0.024,0.221
1751288905161,2025-06-30T16:08:25.161,24.990,-0.964,0.099,0.206
1751288905171,2025-06-30T16:08:25.171,25.000,-1.196,0.130,0.254
1751288905181,2025-06-30T16:08:25.181,25.010,-1.125,0.122,0.346
1751288905191,2025-06-30T16:08:25.191,25.020,-0.843,0.131,0.461
1751288905201,2025-06-30T16:08:25.201,25.030,-0.659,0.162,0.560
1751288905211,2025-06-30T16:08:25.211,25.040,-0.654,0.157,0.585
1751288905221,2025-06-30T16:08:25.221,25.050,-0.762,0.167,0.539
1751288905231,2025-06-30T16:08:25.231,25.060,-0.900,0.192,0.495
1751288905241,2025-06-30T16:08:25.241,25.070,-1.002,0.212,0.492
1751288905251,2025-06-30T16:08:25.251,25.080,-1.091,0.221,0.490
1751288905261,2025-06-30T16:08:25.261,25.090,-1.185,0.238,0.487
1751288905271,2025-06-30T16:08:25.271,25.100,-1.218,0.259,0.472
1751288905281,2025-06-30T16:08:25.281,25.110,-1.145,0.277,0.474
1751288905291,2025-06-30T16:08:25.291,25.120,-1.020,0.271,0.498
1751288905301,2025-06-30T16:08:25.301,25.130,-0.964,0.285,0.519
1751288905311,2025-06-30T16:08:25.311,25.140,-0.949,0.302,0.532
1751288905321,2025-06-30T16:08:25.321,25.150,-0.925,0.282,0.536
1751288905331,2025-06-30T16:08:25.331,25.160,-0.948,0.250,0.540
1751288905341,2025-06-30T16:08:25.341,25.170,-1.009,0.228,0.539
1751288905351,2025-06-30T16:08:25.351,25.180,-1.055,0.211,0.534
1751288905361,2025-06-30T16:08:25.361,25.190,-1.114,0.192,0.536
1751288905371,2025-06-30T16:08:25.371,25.200,-1.157,0.197,0.536
1751288905381,2025-06-30T16:08:25.381,25.210,-1.122,0.243,0.562
1751288905391,2025-06-30T16:08:25.391,25.220,-1.056,0.299,0.623
1751288905401,2025-06-30T16:08:25.401,25.230,-1.039,0.318,0.669
1751288905411,2025-06-30T16:08:25.411,25.240,-1.030,0.299,0.664
1751288905421,2025-06-30T16:08:25.421,25.250,-0.926,0.272,0.680
1751288905431,2025-06-30T16:08:25.431,25.260,-0.669,0.228,0.761
1751288905441,2025-06-30T16:08:25.441,25.270,-0.366,0.168,0.938
1751288905451,2025-06-30T16:08:25.451,25.280,-0.134,0.129,1.106
1751288905461,2025-06-30T16:08:25.461,25.290,-0.044,0.104,1.167
1751288905471,2025-06-30T16:08:25.471,25.300,-0.094,0.097,1.154
1751288905481,2025-06-30T16:08:25.481,25.310,-0.180,0.128,1.083
1751288905491,2025-06-30T16:08:25.491,25.320,-0.236,0.185,0.973
1751288905501,2025-06-30T16:08:25.501,25.330,-0.188,0.210,0.897
1751288905511,2025-06-30T16:08:25.511,25.340,0.004,0.203,0.901
1751288905521,2025-06-30T16:08:25.521,25.350,0.225,0.217,0.900
1751288905531,2025-06-30T16:08:25.531,25.360,0.368,0.229,0.867
1751288905541,2025-06-30T16:08:25.541,25.370,0.405,0.234,0.824
1751288905551,2025-06-30T16:08:25.551,25.380,0.397,0.236,0.804
1751288905561,2025-06-30T16:08:25.561,25.390,0.395,0.214,0.809
1751288905571,2025-06-30T16:08:25.571,25.400,0.391,0.185,0.845
1751288905581,2025-06-30T16:08:25.581,25.410,0.410,0.147,0.897
1751288905591,2025-06-30T16:08:25.591,25.420,0.418,0.110,0.943
1751288905601,2025-06-30T16:08:25.601,25.430,0.402,0.081,0.964
1751288905611,2025-06-30T16:08:25.611,25.440,0.371,0.063,0.993
1751288905621,2025-06-30T16:08:25.621,25.450,0.351,0.042,0.995
1751288905631,2025-06-30T16:08:25.631,25.460,0.356,0.026,0.979
1751288905641,2025-06-30T16:08:25.641,25.470,0.365,0.032,0.968
1751288905651,2025-06-30T16:08:25.651,25.480,0.377,0.043,0.947
1751288905661,2025-06-30T16:08:25.661,25.490,0.389,0.055,0.947
1751288905671,2025-06-30T16:08:25.671,25.500,0.398,0.062,0.937
1751288905681,2025-06-30T16:08:25.681,25.510,0.389,0.063,0.918
1751288905691,2025-06-30T16:08:25.691,25.520,0.350,0.060,0.910
1751288905701,2025-06-30T16:08:25.701,25.530,0.308,0.055,0.897
1751288905711,2025-06-30T16:08:25.711,25.540,0.295,0.048,0.893
1751288905721,2025-06-30T16:08:25.721,25.550,0.304,0.043,0.887
1751288905731,2025-06-30T16:08:25.731,25.560,0.296,0.041,0.883
1751288905741,2025-06-30T16:08:25.741,25.570,0.282,0.031,0.890
1751288905751,2025-06-30T16:08:25.751,25.580,0.273,0.023,0.891
1751288905761,2025-06-30T16:08:25.761,25.590,0.272,0.024,0.896
1751288905771,2025-06-30T16:08:25.771,25.600,0.269,0.030,0.908
1751288905781,2025-06-30T16:08:25.781,25.610,0.278,0.019,0.933
1751288905791,2025-06-30T16:08:25.791,25.620,0.289,0.000,0.956
1751288905801,2025-06-30T16:08:25.801,25.630,0.278,-0.015,0.976
1751288905811,2025-06-30T16:08:25.811,25.640,0.256,-0.022,0.992
1751288905821,2025-06-30T16:08:25.821,25.650,0.262,-0.033,1.007
1751288905831,2025-06-30T16:08:25.831,25.660,0.270,-0.042,1.026
1751288905841,2025-06-30T16:08:25.841,25.670,0.278,-0.039,1.029
1751288905851,2025-06-30T16:08:25.851,25.680,0.282,-0.030,1.045
1751288905861,2025-06-30T16:08:25.861,25.690,0.265,-0.020,1.047
1751288905871,2025-06-30T16:08:25.871,25.700,0.257,-0.015,1.034
1751288905881,2025-06-30T16:08:25.881,25.710,0.257,-0.015,1.029
1751288905891,2025-06-30T16:08:25.891,25.720,0.271,-0.014,1.045
1751288905901,2025-06-30T16:08:25.901,25.730,0.273,-0.018,1.062
1751288905911,2025-06-30T16:08:25.911,25.740,0.269,-0.042,1.064
1751288905921,2025-06-30T16:08:25.921,25.750,0.279,-0.061,1.086
1751288905931,2025-06-30T16:08:25.931,25.760,0.287,-0.054,1.083
1751288905941,2025-06-30T16:08:25.941,25.770,0.298,-0.041,1.075
1751288905951,2025-06-30T16:08:25.951,25.780,0.323,-0.017,1.080
1751288905961,2025-06-30T16:08:25.961,25.790,0.359,0.017,1.067
1751288905971,2025-06-30T16:08:25.971,25.800,0.405,0.074,0.977
1751288905981,2025-06-30T16:08:25.981,25.810,0.433,0.123,1.001
1751288905991,2025-06-30T16:08:25.991,25.820,0.437,0.073,1.047
1751288906001,2025-06-30T16:08:26.001,25.830,0.370,-0.033,1.079
1751288906011,2025-06-30T16:08:26.011,25.840,0.328,-0.112,1.108
1751288906021,2025-06-30T16:08:26.021,25.850,0.282,-0.108,1.073
1751288906031,2025-06-30T16:08:26.031,25.860,0.138,-0.066,1.015
1751288906041,2025-06-30T16:08:26.041,25.870,-0.053,-0.026,0.957
1751288906051,2025-06-30T16:08:26.051,25.880,-0.170,0.052,0.859
1751288906061,2025-06-30T16:08:26.061,25.890,-0.251,0.168,0.709
1751288906071,2025-06-30T16:08:26.071,25.900,-0.480,0.279,0.597
1751288906081,2025-06-30T16:08:26.081,25.910,-0.741,0.334,0.500
1751288906091,2025-06-30T16:08:26.091,25.920,-0.936,0.377,0.415
1751288906101,2025-06-30T16:08:26.101,25.930,-0.965,0.380,0.424
1751288906111,2025-06-30T16:08:26.111,25.940,-0.881,0.362,0.446
1751288906121,2025-06-30T16:08:26.121,25.950,-0.837,0.346,0.456
1751288906131,2025-06-30T16:08:26.131,25.960,-0.823,0.332,0.451
1751288906141,2025-06-30T16:08:26.141,25.970,-0.848,0.319,0.431
1751288906151,2025-06-30T16:08:26.151,25.980,-0.890,0.282,0.416
1751288906161,2025-06-30T16:08:26.161,25.990,-0.923,0.237,0.412
1751288906171,2025-06-30T16:08:26.171,26.000,-0.987,0.208,0.425
1751288906181,2025-06-30T16:08:26.181,26.010,-1.027,0.171,0.463
1751288906191,2025-06-30T16:08:26.191,26.020,-0.979,0.142,0.521
1751288906201,2025-06-30T16:08:26.201,26.030,-0.921,0.133,0.559
1751288906211,2025-06-30T16:08:26.211,26.040,-0.876,0.122,0.578
1751288906221,2025-06-30T16:08:26.221,26.050,-0.849,0.125,0.587
1751288906231,2025-06-30T16:08:26.231,26.060,-0.831,0.140,0.596
1751288906241,2025-06-30T16:08:26.241,26.070,-0.820,0.140,0.626
1751288906251,2025-06-30T16:08:26.251,26.080,-0.860,0.153,0.644
1751288906261,2025-06-30T16:08:26.261,26.090,-0.885,0.181,0.651
1751288906271,2025-06-30T16:08:26.271,26.100,-0.887,0.190,0.665
1751288906281,2025-06-30T16:08:26.281,26.110,-0.828,0.164,0.660
1751288906291,2025-06-30T16:08:26.291,26.120,-0.693,0.128,0.652
1751288906301,2025-06-30T16:08:26.301,26.130,-0.498,0.090,0.660
1751288906311,2025-06-30T16:08:26.311,26.140,-0.263,0.057,0.740
1751288906321,2025-06-30T16:08:26.321,26.150,0.016,0.021,0.869
1751288906331,2025-06-30T16:08:26.331,26.160,0.217,-0.000,0.958
1751288906341,2025-06-30T16:08:26.341,26.170,0.280,-0.021,0.989
1751288906351,2025-06-30T16:08:26.351,26.180,0.273,-0.028,0.959
1751288906361,2025-06-30T16:08:26.361,26.190,0.226,-0.029,0.946
1751288906371,2025-06-30T16:08:26.371,26.200,0.213,-0.056,0.948
1751288906381,2025-06-30T16:08:26.381,26.210,0.250,-0.071,0.979
1751288906391,2025-06-30T16:08:26.391,26.220,0.247,-0.058,1.006
1751288906401,2025-06-30T16:08:26.401,26.230,0.211,-0.040,0.989
1751288906411,2025-06-30T16:08:26.411,26.240,0.177,-0.020,0.976
1751288906421,2025-06-30T16:08:26.421,26.250,0.176,-0.015,0.964
1751288906431,2025-06-30T16:08:26.431,26.260,0.210,-0.022,0.959
1751288906441,2025-06-30T16:08:26.441,26.270,0.273,-0.018,0.979
1751288906451,2025-06-30T16:08:26.451,26.280,0.293,0.003,0.992
1751288906461,2025-06-30T16:08:26.461,26.290,0.264,0.005,0.999
1751288906471,2025-06-30T16:08:26.471,26.300,0.221,0.003,1.000
1751288906481,2025-06-30T16:08:26.481,26.310,0.194,0.003,0.994
1751288906491,2025-06-30T16:08:26.491,26.320,0.195,-0.008,1.018
1751288906501,2025-06-30T16:08:26.501,26.330,0.202,-0.018,1.023
1751288906511,2025-06-30T16:08:26.511,26.340,0.207,-0.020,1.019
1751288906521,2025-06-30T16:08:26.521,26.350,0.221,0.003,1.021
1751288906531,2025-06-30T16:08:26.531,26.360,0.222,0.038,1.036
1751288906541,2025-06-30T16:08:26.541,26.370,0.198,0.067,1.048
1751288906551,2025-06-30T16:08:26.551,26.380,0.204,0.069,1.079
1751288906561,2025-06-30T16:08:26.561,26.390,0.247,0.025,1.134
1751288906571,2025-06-30T16:08:26.571,26.400,0.299,-0.031,1.211
1751288906581,2025-06-30T16:08:26.581,26.410,0.345,-0.054,1.277
1751288906591,2025-06-30T16:08:26.591,26.420,0.367,-0.042,1.317
1751288906601,2025-06-30T16:08:26.601,26.430,0.322,-0.034,1.343
1751288906611,2025-06-30T16:08:26.611,26.440,0.261,-0.056,1.364
1751288906621,2025-06-30T16:08:26.621,26.450,0.233,-0.084,1.374
1751288906631,2025-06-30T16:08:26.631,26.460,0.215,-0.091,1.350
1751288906641,2025-06-30T16:08:26.641,26.470,0.206,-0.057,1.262
1751288906651,2025-06-30T16:08:26.651,26.480,0.205,0.017,1.140
1751288906661,2025-06-30T16:08:26.661,26.490,0.222,0.100,1.023
1751288906671,2025-06-30T16:08:26.671,26.500,0.241,0.159,0.951
1751288906681,2025-06-30T16:08:26.681,26.510,0.253,0.185,0.911
1751288906691,2025-06-30T16:08:26.691,26.520,0.293,0.187,0.881
1751288906701,2025-06-30T16:08:26.701,26.530,0.324,0.167,0.877
1751288906711,2025-06-30T16:08:26.711,26.540,0.325,0.138,0.882
1751288906721,2025-06-30T16:08:26.721,26.550,0.320,0.110,0.892
1751288906731,2025-06-30T16:08:26.731,26.560,0.326,0.103,0.864
1751288906741,2025-06-30T16:08:26.741,26.570,0.321,0.108,0.839
1751288906751,2025-06-30T16:08:26.751,26.580,0.304,0.116,0.850
1751288906761,2025-06-30T16:08:26.761,26.590,0.271,0.111,0.863
1751288906771,2025-06-30T16:08:26.771,26.600,0.238,0.098,0.874
1751288906781,2025-06-30T16:08:26.781,26.610,0.224,0.090,0.880
1751288906791,2025-06-30T16:08:26.791,26.620,0.201,0.084,0.886
1751288906801,2025-06-30T16:08:26.801,26.630,0.182,0.077,0.897
1751288906811,2025-06-30T16:08:26.811,26.640,0.222,0.053,0.903
1751288906821,2025-06-30T16:08:26.821,26.650,0.286,0.034,0.901
1751288906831,2025-06-30T16:08:26.831,26.660,0.363,0.022,0.897
1751288906841,2025-06-30T16:08:26.841,26.670,0.448,0.015,0.907
1751288906851,2025-06-30T16:08:26.851,26.680,0.506,0.010,0.929
1751288906861,2025-06-30T16:08:26.861,26.690,0.530,0.019,0.892
1751288906871,2025-06-30T16:08:26.871,26.700,0.549,0.019,0.870
1751288906881,2025-06-30T16:08:26.881,26.710,0.587,0.005,0.835
1751288906891,2025-06-30T16:08:26.891,26.720,0.627,-0.019,0.831
1751288906901,2025-06-30T16:08:26.901,26.730,0.657,-0.015,0.829
1751288906911,2025-06-30T16:08:26.911,26.740,0.635,0.020,0.780
1751288906921,2025-06-30T16:08:26.921,26.750,0.491,0.058,0.779
1751288906931,2025-06-30T16:08:26.931,26.760,0.305,0.064,0.721
1751288906941,2025-06-30T16:08:26.941,26.770,0.139,0.066,0.665
1751288906951,2025-06-30T16:08:26.951,26.780,-0.049,0.058,0.563
1751288906961,2025-06-30T16:08:26.961,26.790,-0.303,0.073,0.542
1751288906971,2025-06-30T16:08:26.971,26.800,-0.548,0.069,0.520
1751288906981,2025-06-30T16:08:26.981,26.810,-0.773,0.072,0.501
1751288906991,2025-06-30T16:08:26.991,26.820,-0.956,0.136,0.516
1751288907001,2025-06-30T16:08:27.001,26.830,-1.094,0.223,0.523
1751288907011,2025-06-30T16:08:27.011,26.840,-1.196,0.239,0.538
1751288907021,2025-06-30T16:08:27.021,26.850,-1.176,0.211,0.571
1751288907031,2025-06-30T16:08:27.031,26.860,-1.063,0.190,0.607
1751288907041,2025-06-30T16:08:27.041,26.870,-0.979,0.178,0.627
1751288907051,2025-06-30T16:08:27.051,26.880,-0.929,0.170,0.643
1751288907061,2025-06-30T16:08:27.061,26.890,-0.926,0.155,0.644
1751288907071,2025-06-30T16:08:27.071,26.900,-0.983,0.110,0.659
1751288907081,2025-06-30T16:08:27.081,26.910,-1.000,0.047,0.676
1751288907091,2025-06-30T16:08:27.091,26.920,-0.981,0.024,0.677
1751288907101,2025-06-30T16:08:27.101,26.930,-0.996,0.062,0.691
1751288907111,2025-06-30T16:08:27.111,26.940,-0.972,0.132,0.733
1751288907121,2025-06-30T16:08:27.121,26.950,-0.893,0.209,0.775
1751288907131,2025-06-30T16:08:27.131,26.960,-0.807,0.265,0.793
1751288907141,2025-06-30T16:08:27.141,26.970,-0.735,0.250,0.838
1751288907151,2025-06-30T16:08:27.151,26.980,-0.599,0.177,0.884
1751288907161,2025-06-30T16:08:27.161,26.990,-0.400,0.112,0.920
1751288907171,2025-06-30T16:08:27.171,27.000,-0.228,0.063,0.956
1751288907181,2025-06-30T16:08:27.181,27.010,-0.084,-0.013,1.032
1751288907191,2025-06-30T16:08:27.191,27.020,0.061,-0.074,1.128
1751288907201,2025-06-30T16:08:27.201,27.030,0.169,-0.086,1.154
1751288907211,2025-06-30T16:08:27.211,27.040,0.254,-0.042,1.140
1751288907221,2025-06-30T16:08:27.221,27.050,0.323,0.025,1.083
1751288907231,2025-06-30T16:08:27.231,27.060,0.347,0.079,1.024
1751288907241,2025-06-30T16:08:27.241,27.070,0.370,0.087,0.984
1751288907251,2025-06-30T16:08:27.251,27.080,0.434,0.088,0.950
1751288907261,2025-06-30T16:08:27.261,27.090,0.453,0.097,0.929
1751288907271,2025-06-30T16:08:27.271,27.100,0.438,0.079,0.891
1751288907281,2025-06-30T16:08:27.281,27.110,0.425,0.060,0.858
1751288907291,2025-06-30T16:08:27.291,27.120,0.401,0.051,0.835
1751288907301,2025-06-30T16:08:27.301,27.130,0.367,0.035,0.819
1751288907311,2025-06-30T16:08:27.311,27.140,0.318,0.026,0.819
1751288907321,2025-06-30T16:08:27.321,27.150,0.273,0.014,0.836
1751288907331,2025-06-30T16:08:27.331,27.160,0.234,-0.010,0.866
1751288907341,2025-06-30T16:08:27.341,27.170,0.225,-0.044,0.894
1751288907351,2025-06-30T16:08:27.351,27.180,0.284,-0.078,0.919
1751288907361,2025-06-30T16:08:27.361,27.190,0.344,-0.098,0.962
1751288907371,2025-06-30T16:08:27.371,27.200,0.349,-0.102,0.987
1751288907381,2025-06-30T16:08:27.381,27.210,0.313,-0.090,0.979
1751288907391,2025-06-30T16:08:27.391,27.220,0.276,-0.081,0.954
1751288907401,2025-06-30T16:08:27.401,27.230,0.250,-0.074,0.926
1751288907411,2025-06-30T16:08:27.411,27.240,0.227,-0.067,0.916
1751288907421,2025-06-30T16:08:27.421,27.250,0.227,-0.071,0.908
1751288907431,2025-06-30T16:08:27.431,27.260,0.272,-0.079,0.913
1751288907441,2025-06-30T16:08:27.441,27.270,0.336,-0.086,0.911
1751288907451,2025-06-30T16:08:27.451,27.280,0.376,-0.097,0.916
1751288907461,2025-06-30T16:08:27.461,27.290,0.376,-0.104,0.917
1751288907471,2025-06-30T16:08:27.471,27.300,0.355,-0.100,0.905
1751288907481,2025-06-30T16:08:27.481,27.310,0.334,-0.092,0.905
1751288907491,2025-06-30T16:08:27.491,27.320,0.304,-0.086,0.890
1751288907501,2025-06-30T16:08:27.501,27.330,0.292,-0.102,0.877
1751288907511,2025-06-30T16:08:27.511,27.340,0.304,-0.117,0.890
1751288907521,2025-06-30T16:08:27.521,27.350,0.308,-0.118,0.897
1751288907531,2025-06-30T16:08:27.531,27.360,0.323,-0.132,0.908
1751288907541,2025-06-30T16:08:27.541,27.370,0.323,-0.140,0.928
1751288907551,2025-06-30T16:08:27.551,27.380,0.334,-0.144,0.957
1751288907561,2025-06-30T16:08:27.561,27.390,0.352,-0.147,0.982
1751288907571,2025-06-30T16:08:27.571,27.400,0.354,-0.137,1.001
1751288907581,2025-06-30T16:08:27.581,27.410,0.340,-0.114,1.002
1751288907591,2025-06-30T16:08:27.591,27.420,0.325,-0.092,1.001
1751288907601,2025-06-30T16:08:27.601,27.430,0.312,-0.076,1.010
1751288907611,2025-06-30T16:08:27.611,27.440,0.301,-0.075,1.011
1751288907621,2025-06-30T16:08:27.621,27.450,0.295,-0.085,1.026
1751288907631,2025-06-30T16:08:27.631,27.460,0.301,-0.090,1.042
1751288907641,2025-06-30T16:08:27.641,27.470,0.327,-0.090,1.054
1751288907651,2025-06-30T16:08:27.651,27.480,0.342,-0.099,1.068
1751288907661,2025-06-30T16:08:27.661,27.490,0.368,-0.112,1.091
1751288907671,2025-06-30T16:08:27.671,27.500,0.419,-0.109,1.120
1751288907681,2025-06-30T16:08:27.681,27.510,0.461,-0.100,1.131
1751288907691,2025-06-30T16:08:27.691,27.520,0.458,-0.086,1.119
1751288907701,2025-06-30T16:08:27.701,27.530,0.429,-0.062,1.091
1751288907711,2025-06-30T16:08:27.711,27.540,0.408,-0.070,1.074
1751288907721,2025-06-30T16:08:27.721,27.550,0.408,-0.108,1.096
1751288907731,2025-06-30T16:08:27.731,27.560,0.469,-0.135,1.103
1751288907741,2025-06-30T16:08:27.741,27.570,0.542,-0.125,1.119
1751288907751,2025-06-30T16:08:27.751,27.580,0.619,-0.124,1.134
1751288907761,2025-06-30T16:08:27.761,27.590,0.701,-0.135,1.136
1751288907771,2025-06-30T16:08:27.771,27.600,0.720,-0.159,1.151
1751288907781,2025-06-30T16:08:27.781,27.610,0.672,-0.152,1.066
1751288907791,2025-06-30T16:08:27.791,27.620,0.576,-0.089,0.935
1751288907801,2025-06-30T16:08:27.801,27.630,0.458,-0.005,0.777
1751288907811,2025-06-30T16:08:27.811,27.640,0.272,0.081,0.576
1751288907821,2025-06-30T16:08:27.821,27.650,-0.008,0.163,0.459
1751288907831,2025-06-30T16:08:27.831,27.660,-0.260,0.206,0.388
1751288907841,2025-06-30T16:08:27.841,27.670,-0.512,0.211,0.321
1751288907851,2025-06-30T16:08:27.851,27.680,-0.806,0.221,0.271
1751288907861,2025-06-30T16:08:27.861,27.690,-1.047,0.217,0.311
1751288907871,2025-06-30T16:08:27.871,27.700,-1.071,0.211,0.389
1751288907881,2025-06-30T16:08:27.881,27.710,-0.972,0.217,0.482
1751288907891,2025-06-30T16:08:27.891,27.720,-0.851,0.225,0.564
1751288907901,2025-06-30T16:08:27.901,27.730,-0.774,0.219,0.603
1751288907911,2025-06-30T16:08:27.911,27.740,-0.775,0.197,0.612
1751288907921,2025-06-30T16:08:27.921,27.750,-0.813,0.195,0.625
1751288907931,2025-06-30T16:08:27.931,27.760,-0.866,0.217,0.626
1751288907941,2025-06-30T16:08:27.941,27.770,-0.965,0.228,0.586
1751288907951,2025-06-30T16:08:27.951,27.780,-1.040,0.221,0.536
1751288907961,2025-06-30T16:08:27.961,27.790,-1.045,0.217,0.496
1751288907971,2025-06-30T16:08:27.971,27.800,-1.001,0.230,0.510
1751288907981,2025-06-30T16:08:27.981,27.810,-0.915,0.236,0.562
1751288907991,2025-06-30T16:08:27.991,27.820,-0.784,0.228,0.614
1751288908001,2025-06-30T16:08:28.001,27.830,-0.610,0.208,0.641
1751288908011,2025-06-30T16:08:28.011,27.840,-0.460,0.186,0.665
1751288908021,2025-06-30T16:08:28.021,27.850,-0.289,0.177,0.710
1751288908031,2025-06-30T16:08:28.031,27.860,-0.066,0.170,0.763
1751288908041,2025-06-30T16:08:28.041,27.870,0.151,0.131,0.812
1751288908051,2025-06-30T16:08:28.051,27.880,0.340,0.067,0.825
1751288908061,2025-06-30T16:08:28.061,27.890,0.505,0.003,0.857
1751288908071,2025-06-30T16:08:28.071,27.900,0.662,-0.042,0.916
1751288908081,2025-06-30T16:08:28.081,27.910,0.736,-0.058,0.976
1751288908091,2025-06-30T16:08:28.091,27.920,0.657,-0.043,1.014
1751288908101,2025-06-30T16:08:28.101,27.930,0.508,-0.011,1.017
1751288908111,2025-06-30T16:08:28.111,27.940,0.375,0.010,1.000
1751288908121,2025-06-30T16:08:28.121,27.950,0.265,0.009,1.000
1751288908131,2025-06-30T16:08:28.131,27.960,0.207,-0.006,0.995
1751288908141,2025-06-30T16:08:28.141,27.970,0.191,-0.020,0.997
1751288908151,2025-06-30T16:08:28.151,27.980,0.189,-0.019,1.017
1751288908161,2025-06-30T16:08:28.161,27.990,0.195,-0.013,1.026
1751288908171,2025-06-30T16:08:28.171,28.000,0.198,-0.017,1.049
1751288908181,2025-06-30T16:08:28.181,28.010,0.228,-0.022,1.063
1751288908191,2025-06-30T16:08:28.191,28.020,0.268,-0.020,1.065
1751288908201,2025-06-30T16:08:28.201,28.030,0.303,-0.021,1.086
1751288908211,2025-06-30T16:08:28.211,28.040,0.306,-0.028,1.108
1751288908221,2025-06-30T16:08:28.221,28.050,0.262,-0.039,1.130
1751288908231,2025-06-30T16:08:28.231,28.060,0.227,-0.044,1.131
1751288908241,2025-06-30T16:08:28.241,28.070,0.217,-0.026,1.125
1751288908251,2025-06-30T16:08:28.251,28.080,0.236,0.013,1.137
1751288908261,2025-06-30T16:08:28.261,28.090,0.279,0.055,1.146
1751288908271,2025-06-30T16:08:28.271,28.100,0.334,0.099,1.122
1751288908281,2025-06-30T16:08:28.281,28.110,0.375,0.140,1.125
1751288908291,2025-06-30T16:08:28.291,28.120,0.357,0.113,1.184
1751288908301,2025-06-30T16:08:28.301,28.130,0.305,0.042,1.223
1751288908311,2025-06-30T16:08:28.311,28.140,0.278,-0.002,1.226
1751288908321,2025-06-30T16:08:28.321,28.150,0.272,0.012,1.239
1751288908331,2025-06-30T16:08:28.331,28.160,0.247,0.026,1.277
1751288908341,2025-06-30T16:08:28.341,28.170,0.223,0.005,1.320
1751288908351,2025-06-30T16:08:28.351,28.180,0.229,0.000,1.310
1751288908361,2025-06-30T16:08:28.361,28.190,0.239,0.058,1.226
1751288908371,2025-06-30T16:08:28.371,28.200,0.195,0.143,1.117
1751288908381,2025-06-30T16:08:28.381,28.210,0.145,0.208,1.023
1751288908391,2025-06-30T16:08:28.391,28.220,0.105,0.233,0.963
1751288908401,2025-06-30T16:08:28.401,28.230,0.086,0.211,0.945
1751288908411,2025-06-30T16:08:28.411,28.240,0.121,0.167,0.930
1751288908421,2025-06-30T16:08:28.421,28.250,0.171,0.129,0.915
1751288908431,2025-06-30T16:08:28.431,28.260,0.188,0.105,0.904
1751288908441,2025-06-30T16:08:28.441,28.270,0.186,0.093,0.895
1751288908451,2025-06-30T16:08:28.451,28.280,0.186,0.080,0.893
1751288908461,2025-06-30T16:08:28.461,28.290,0.179,0.064,0.884
1751288908471,2025-06-30T16:08:28.471,28.300,0.149,0.037,0.879
1751288908481,2025-06-30T16:08:28.481,28.310,0.111,0.005,0.881
1751288908491,2025-06-30T16:08:28.491,28.320,0.099,-0.032,0.881
1751288908501,2025-06-30T16:08:28.501,28.330,0.108,-0.061,0.901
1751288908511,2025-06-30T16:08:28.511,28.340,0.172,-0.081,0.881
1751288908521,2025-06-30T16:08:28.521,28.350,0.279,-0.092,0.852
1751288908531,2025-06-30T16:08:28.531,28.360,0.403,-0.124,0.865
1751288908541,2025-06-30T16:08:28.541,28.370,0.494,-0.162,0.828
1751288908551,2025-06-30T16:08:28.551,28.380,0.512,-0.159,0.765
1751288908561,2025-06-30T16:08:28.561,28.390,0.454,-0.146,0.707
1751288908571,2025-06-30T16:08:28.571,28.400,0.407,-0.166,0.607
1751288908581,2025-06-30T16:08:28.581,28.410,0.316,-0.148,0.561
1751288908591,2025-06-30T16:08:28.591,28.420,0.171,-0.111,0.494
1751288908601,2025-06-30T16:08:28.601,28.430,-0.001,-0.069,0.362
1751288908611,2025-06-30T16:08:28.611,28.440,-0.333,-0.051,0.219
1751288908621,2025-06-30T16:08:28.621,28.450,-0.692,-0.053,0.111
1751288908631,2025-06-30T16:08:28.631,28.460,-1.014,-0.021,0.104
1751288908641,2025-06-30T16:08:28.641,28.470,-1.241,0.049,0.208
1751288908651,2025-06-30T16:08:28.651,28.480,-1.281,0.112,0.362
1751288908661,2025-06-30T16:08:28.661,28.490,-1.107,0.159,0.476
1751288908671,2025-06-30T16:08:28.671,28.500,-0.917,0.191,0.539
1751288908681,2025-06-30T16:08:28.681,28.510,-0.892,0.207,0.546
1751288908691,2025-06-30T16:08:28.691,28.520,-0.988,0.211,0.513
1751288908701,2025-06-30T16:08:28.701,28.530,-1.057,0.224,0.470
1751288908711,2025-06-30T16:08:28.711,28.540,-1.149,0.229,0.423
1751288908721,2025-06-30T16:08:28.721,28.550,-1.281,0.223,0.427
1751288908731,2025-06-30T16:08:28.731,28.560,-1.345,0.229,0.417
1751288908741,2025-06-30T16:08:28.741,28.570,-1.338,0.229,0.421
1751288908751,2025-06-30T16:08:28.751,28.580,-1.264,0.226,0.448
1751288908761,2025-06-30T16:08:28.761,28.590,-1.167,0.223,0.482
1751288908771,2025-06-30T16:08:28.771,28.600,-1.120,0.220,0.489
1751288908781,2025-06-30T16:08:28.781,28.610,-1.118,0.220,0.468
1751288908791,2025-06-30T16:08:28.791,28.620,-1.132,0.208,0.462
1751288908801,2025-06-30T16:08:28.801,28.630,-1.120,0.195,0.517
1751288908811,2025-06-30T16:08:28.811,28.640,-1.053,0.174,0.608
1751288908821,2025-06-30T16:08:28.821,28.650,-0.970,0.173,0.727
1751288908831,2025-06-30T16:08:28.831,28.660,-0.887,0.168,0.822
1751288908841,2025-06-30T16:08:28.841,28.670,-0.797,0.151,0.872
1751288908851,2025-06-30T16:08:28.851,28.680,-0.691,0.155,0.867
1751288908861,2025-06-30T16:08:28.861,28.690,-0.598,0.168,0.863
1751288908871,2025-06-30T16:08:28.871,28.700,-0.494,0.159,0.931
1751288908881,2025-06-30T16:08:28.881,28.710,-0.338,0.133,0.973
1751288908891,2025-06-30T16:08:28.891,28.720,-0.148,0.092,1.000
1751288908901,2025-06-30T16:08:28.901,28.730,0.075,0.035,1.054
1751288908911,2025-06-30T16:08:28.911,28.740,0.330,-0.022,1.127
1751288908921,2025-06-30T16:08:28.921,28.750,0.555,-0.078,1.217
1751288908931,2025-06-30T16:08:28.931,28.760,0.698,-0.129,1.253
1751288908941,2025-06-30T16:08:28.941,28.770,0.748,-0.144,1.226
1751288908951,2025-06-30T16:08:28.951,28.780,0.659,-0.080,1.144
1751288908961,2025-06-30T16:08:28.961,28.790,0.489,0.015,1.025
1751288908971,2025-06-30T16:08:28.971,28.800,0.364,0.083,0.915
1751288908981,2025-06-30T16:08:28.981,28.810,0.294,0.136,0.819
1751288908991,2025-06-30T16:08:28.991,28.820,0.295,0.159,0.773
1751288909001,2025-06-30T16:08:29.001,28.830,0.361,0.155,0.767
1751288909011,2025-06-30T16:08:29.011,28.840,0.415,0.137,0.752
1751288909021,2025-06-30T16:08:29.021,28.850,0.446,0.119,0.740
1751288909031,2025-06-30T16:08:29.031,28.860,0.458,0.112,0.749
1751288909041,2025-06-30T16:08:29.041,28.870,0.430,0.112,0.762
1751288909051,2025-06-30T16:08:29.051,28.880,0.402,0.100,0.778
1751288909061,2025-06-30T16:08:29.061,28.890,0.415,0.099,0.804
1751288909071,2025-06-30T16:08:29.071,28.900,0.422,0.096,0.812
1751288909081,2025-06-30T16:08:29.081,28.910,0.404,0.079,0.825
1751288909091,2025-06-30T16:08:29.091,28.920,0.366,0.070,0.841
1751288909101,2025-06-30T16:08:29.101,28.930,0.339,0.055,0.865
1751288909111,2025-06-30T16:08:29.111,28.940,0.319,0.035,0.878
1751288909121,2025-06-30T16:08:29.121,28.950,0.323,0.018,0.878
1751288909131,2025-06-30T16:08:29.131,28.960,0.334,0.013,0.885
1751288909141,2025-06-30T16:08:29.141,28.970,0.340,0.019,0.894
1751288909151,2025-06-30T16:08:29.151,28.980,0.336,0.020,0.884
1751288909161,2025-06-30T16:08:29.161,28.990,0.330,0.015,0.888
1751288909171,2025-06-30T16:08:29.171,29.000,0.332,0.013,0.904
1751288909181,2025-06-30T16:08:29.181,29.010,0.340,0.008,0.904
1751288909191,2025-06-30T16:08:29.191,29.020,0.355,-0.004,0.907
1751288909201,2025-06-30T16:08:29.201,29.030,0.349,-0.002,0.919
1751288909211,2025-06-30T16:08:29.211,29.040,0.324,0.006,0.916
1751288909221,2025-06-30T16:08:29.221,29.050,0.314,0.003,0.906
1751288909231,2025-06-30T16:08:29.231,29.060,0.310,0.002,0.899
1751288909241,2025-06-30T16:08:29.241,29.070,0.312,-0.006,0.908
1751288909251,2025-06-30T16:08:29.251,29.080,0.354,-0.026,0.955
1751288909261,2025-06-30T16:08:29.261,29.090,0.440,-0.045,0.994
1751288909271,2025-06-30T16:08:29.271,29.100,0.558,-0.070,0.929
1751288909281,2025-06-30T16:08:29.281,29.110,0.651,-0.123,0.975
1751288909291,2025-06-30T16:08:29.291,29.120,0.646,-0.139,1.014
1751288909301,2025-06-30T16:08:29.301,29.130,0.568,-0.122,0.990
1751288909311,2025-06-30T16:08:29.311,29.140,0.458,-0.109,0.944
1751288909321,2025-06-30T16:08:29.321,29.150,0.319,-0.107,0.879
1751288909331,2025-06-30T16:08:29.331,29.160,0.186,-0.093,0.813
1751288909341,2025-06-30T16:08:29.341,29.170,-0.002,-0.059,0.704
1751288909351,2025-06-30T16:08:29.351,29.180,-0.285,0.000,0.588
1751288909361,2025-06-30T16:08:29.361,29.190,-0.597,0.030,0.495
1751288909371,2025-06-30T16:08:29.371,29.200,-0.923,0.063,0.446
1751288909381,2025-06-30T16:08:29.381,29.210,-1.096,0.072,0.432
1751288909391,2025-06-30T16:08:29.391,29.220,-1.162,0.049,0.448
1751288909401,2025-06-30T16:08:29.401,29.230,-1.171,0.062,0.536
1751288909411,2025-06-30T16:08:29.411,29.240,-1.048,0.108,0.628
1751288909421,2025-06-30T16:08:29.421,29.250,-0.929,0.185,0.688
1751288909431,2025-06-30T16:08:29.431,29.260,-0.850,0.281,0.682
1751288909441,2025-06-30T16:08:29.441,29.270,-0.829,0.356,0.656
1751288909451,2025-06-30T16:08:29.451,29.280,-0.897,0.372,0.658
1751288909461,2025-06-30T16:08:29.461,29.290,-1.065,0.341,0.621
1751288909471,2025-06-30T16:08:29.471,29.300,-1.264,0.295,0.569
1751288909481,2025-06-30T16:08:29.481,29.310,-1.325,0.310,0.564
1751288909491,2025-06-30T16:08:29.491,29.320,-1.299,0.348,0.569
1751288909501,2025-06-30T16:08:29.501,29.330,-1.259,0.321,0.593
1751288909511,2025-06-30T16:08:29.511,29.340,-1.178,0.292,0.626
1751288909521,2025-06-30T16:08:29.521,29.350,-1.122,0.310,0.614
1751288909531,2025-06-30T16:08:29.531,29.360,-1.087,0.353,0.619
1751288909541,2025-06-30T16:08:29.541,29.370,-1.063,0.392,0.593
1751288909551,2025-06-30T16:08:29.551,29.380,-1.062,0.419,0.568
1751288909561,2025-06-30T16:08:29.561,29.390,-1.000,0.430,0.572
1751288909571,2025-06-30T16:08:29.571,29.400,-0.883,0.432,0.585
1751288909581,2025-06-30T16:08:29.581,29.410,-0.754,0.404,0.580
1751288909591,2025-06-30T16:08:29.591,29.420,-0.639,0.370,0.602
1751288909601,2025-06-30T16:08:29.601,29.430,-0.470,0.328,0.631
1751288909611,2025-06-30T16:08:29.611,29.440,-0.295,0.283,0.658
1751288909621,2025-06-30T16:08:29.621,29.450,-0.161,0.243,0.726
1751288909631,2025-06-30T16:08:29.631,29.460,-0.017,0.198,0.741
1751288909641,2025-06-30T16:08:29.641,29.470,0.097,0.150,0.749
1751288909651,2025-06-30T16:08:29.651,29.480,0.174,0.086,0.755
1751288909661,2025-06-30T16:08:29.661,29.490,0.298,0.020,0.761
1751288909671,2025-06-30T16:08:29.671,29.500,0.491,-0.038,0.800
1751288909681,2025-06-30T16:08:29.681,29.510,0.669,-0.079,0.837
1751288909691,2025-06-30T16:08:29.691,29.520,0.749,-0.108,0.872
1751288909701,2025-06-30T16:08:29.701,29.530,0.732,-0.101,0.893
1751288909711,2025-06-30T16:08:29.711,29.540,0.645,-0.069,0.855
1751288909721,2025-06-30T16:08:29.721,29.550,0.542,-0.055,0.820
1751288909731,2025-06-30T16:08:29.731,29.560,0.451,-0.055,0.808
1751288909741,2025-06-30T16:08:29.741,29.570,0.370,-0.054,0.792
1751288909751,2025-06-30T16:08:29.751,29.580,0.318,-0.053,0.791
1751288909761,2025-06-30T16:08:29.761,29.590,0.301,-0.046,0.807
1751288909771,2025-06-30T16:08:29.771,29.600,0.286,-0.042,0.821
1751288909781,2025-06-30T16:08:29.781,29.610,0.265,-0.036,0.827
1751288909791,2025-06-30T16:08:29.791,29.620,0.246,-0.039,0.838
1751288909801,2025-06-30T16:08:29.801,29.630,0.238,-0.047,0.860
1751288909811,2025-06-30T16:08:29.811,29.640,0.238,-0.053,0.877
1751288909821,2025-06-30T16:08:29.821,29.650,0.274,-0.062,0.879
1751288909831,2025-06-30T16:08:29.831,29.660,0.321,-0.067,0.888
1751288909841,2025-06-30T16:08:29.841,29.670,0.371,-0.078,0.919
1751288909851,2025-06-30T16:08:29.851,29.680,0.397,-0.090,0.950
1751288909861,2025-06-30T16:08:29.861,29.690,0.383,-0.097,0.969
1751288909871,2025-06-30T16:08:29.871,29.700,0.373,-0.105,0.972
1751288909881,2025-06-30T16:08:29.881,29.710,0.372,-0.106,0.974
1751288909891,2025-06-30T16:08:29.891,29.720,0.364,-0.097,0.997
1751288909901,2025-06-30T16:08:29.901,29.730,0.348,-0.082,0.999
1751288909911,2025-06-30T16:08:29.911,29.740,0.334,-0.066,1.002
1751288909921,2025-06-30T16:08:29.921,29.750,0.323,-0.055,1.013
1751288909931,2025-06-30T16:08:29.931,29.760,0.320,-0.048,1.007
1751288909941,2025-06-30T16:08:29.941,29.770,0.329,-0.047,1.009
1751288909951,2025-06-30T16:08:29.951,29.780,0.339,-0.059,1.025
1751288909961,2025-06-30T16:08:29.961,29.790,0.350,-0.076,1.080
1751288909971,2025-06-30T16:08:29.971,29.800,0.377,-0.095,1.146
1751288909981,2025-06-30T16:08:29.981,29.810,0.470,-0.104,1.083
1751288909991,2025-06-30T16:08:29.991,29.820,0.617,-0.143,1.038
1751288910001,2025-06-30T16:08:30.001,29.830,0.743,-0.171,1.088
1751288910011,2025-06-30T16:08:30.011,29.840,0.795,-0.157,1.067
1751288910021,2025-06-30T16:08:30.021,29.850,0.728,-0.088,1.021
1751288910031,2025-06-30T16:08:30.031,29.860,0.604,-0.005,0.879
1751288910041,2025-06-30T16:08:30.041,29.870,0.356,0.095,0.738
1751288910051,2025-06-30T16:08:30.051,29.880,-0.055,0.159,0.660
1751288910061,2025-06-30T16:08:30.061,29.890,-0.368,0.167,0.612
1751288910071,2025-06-30T16:08:30.071,29.900,-0.578,0.147,0.557
1751288910081,2025-06-30T16:08:30.081,29.910,-0.813,0.138,0.516
1751288910091,2025-06-30T16:08:30.091,29.920,-1.017,0.166,0.515
1751288910101,2025-06-30T16:08:30.101,29.930,-1.181,0.191,0.506
1751288910111,2025-06-30T16:08:30.111,29.940,-1.232,0.161,0.513
1751288910121,2025-06-30T16:08:30.121,29.950,-1.123,0.187,0.581
1751288910131,2025-06-30T16:08:30.131,29.960,-0.981,0.288,0.635
1751288910141,2025-06-30T16:08:30.141,29.970,-0.877,0.359,0.646
1751288910151,2025-06-30T16:08:30.151,29.980,-0.826,0.395,0.615
1751288910161,2025-06-30T16:08:30.161,29.990,-0.853,0.418,0.563
1751288910171,2025-06-30T16:08:30.171,30.000,-0.900,0.435,0.518
1751288910181,2025-06-30T16:08:30.181,30.010,-0.942,0.449,0.496
1751288910191,2025-06-30T16:08:30.191,30.020,-0.999,0.459,0.474
1751288910201,2025-06-30T16:08:30.201,30.030,-1.037,0.450,0.479
1751288910211,2025-06-30T16:08:30.211,30.040,-0.988,0.419,0.521
1751288910221,2025-06-30T16:08:30.221,30.050,-0.913,0.393,0.576
1751288910231,2025-06-30T16:08:30.231,30.060,-0.889,0.354,0.605
1751288910241,2025-06-30T16:08:30.241,30.070,-0.862,0.322,0.627
1751288910251,2025-06-30T16:08:30.251,30.080,-0.871,0.309,0.626
1751288910261,2025-06-30T16:08:30.261,30.090,-0.902,0.318,0.615
1751288910271,2025-06-30T16:08:30.271,30.100,-0.895,0.330,0.659
1751288910281,2025-06-30T16:08:30.281,30.110,-0.833,0.341,0.715
1751288910291,2025-06-30T16:08:30.291,30.120,-0.746,0.348,0.737
1751288910301,2025-06-30T16:08:30.301,30.130,-0.660,0.346,0.757
1751288910311,2025-06-30T16:08:30.311,30.140,-0.496,0.310,0.746
1751288910321,2025-06-30T16:08:30.321,30.150,-0.288,0.255,0.762
1751288910331,2025-06-30T16:08:30.331,30.160,-0.126,0.208,0.801
1751288910341,2025-06-30T16:08:30.341,30.170,-0.024,0.168,0.825
1751288910351,2025-06-30T16:08:30.351,30.180,0.082,0.134,0.826
1751288910361,2025-06-30T16:08:30.361,30.190,0.203,0.112,0.818
1751288910371,2025-06-30T16:08:30.371,30.200,0.315,0.090,0.802
1751288910381,2025-06-30T16:08:30.381,30.210,0.456,0.043,0.799
1751288910391,2025-06-30T16:08:30.391,30.220,0.605,-0.004,0.834
1751288910401,2025-06-30T16:08:30.401,30.230,0.696,-0.026,0.864
1751288910411,2025-06-30T16:08:30.411,30.240,0.721,-0.049,0.908
1751288910421,2025-06-30T16:08:30.421,30.250,0.680,-0.050,0.921
1751288910431,2025-06-30T16:08:30.431,30.260,0.573,-0.032,0.933
1751288910441,2025-06-30T16:08:30.441,30.270,0.455,-0.018,0.937
1751288910451,2025-06-30T16:08:30.451,30.280,0.400,-0.020,0.934
1751288910461,2025-06-30T16:08:30.461,30.290,0.388,-0.018,0.943
1751288910471,2025-06-30T16:08:30.471,30.300,0.368,-0.001,0.940
1751288910481,2025-06-30T16:08:30.481,30.310,0.352,0.023,0.935
1751288910491,2025-06-30T16:08:30.491,30.320,0.363,0.051,0.927
1751288910501,2025-06-30T16:08:30.501,30.330,0.373,0.072,0.948
1751288910511,2025-06-30T16:08:30.511,30.340,0.376,0.058,0.978
1751288910521,2025-06-30T16:08:30.521,30.350,0.382,0.021,1.016
1751288910531,2025-06-30T16:08:30.531,30.360,0.364,-0.014,1.049
1751288910541,2025-06-30T16:08:30.541,30.370,0.335,-0.061,1.076
1751288910551,2025-06-30T16:08:30.551,30.380,0.324,-0.094,1.102
1751288910561,2025-06-30T16:08:30.561,30.390,0.331,-0.076,1.121
1751288910571,2025-06-30T16:08:30.571,30.400,0.327,-0.034,1.113
1751288910581,2025-06-30T16:08:30.581,30.410,0.330,0.027,1.079
1751288910591,2025-06-30T16:08:30.591,30.420,0.339,0.091,1.004
1751288910601,2025-06-30T16:08:30.601,30.430,0.334,0.119,1.018
1751288910611,2025-06-30T16:08:30.611,30.440,0.331,0.081,1.106
1751288910621,2025-06-30T16:08:30.621,30.450,0.356,-0.007,1.156
1751288910631,2025-06-30T16:08:30.631,30.460,0.415,-0.076,1.196
1751288910641,2025-06-30T16:08:30.641,30.470,0.479,-0.065,1.186
1751288910651,2025-06-30T16:08:30.651,30.480,0.490,-0.042,1.200
1751288910661,2025-06-30T16:08:30.661,30.490,0.496,-0.050,1.179
1751288910671,2025-06-30T16:08:30.671,30.500,0.528,-0.043,1.080
1751288910681,2025-06-30T16:08:30.681,30.510,0.574,-0.004,1.056
1751288910691,2025-06-30T16:08:30.691,30.520,0.595,0.066,0.902
1751288910701,2025-06-30T16:08:30.701,30.530,0.496,0.143,0.782
1751288910711,2025-06-30T16:08:30.711,30.540,0.345,0.189,0.665
1751288910721,2025-06-30T16:08:30.721,30.550,0.191,0.203,0.574
1751288910731,2025-06-30T16:08:30.731,30.560,0.026,0.192,0.496
1751288910741,2025-06-30T16:08:30.741,30.570,-0.177,0.173,0.352
1751288910751,2025-06-30T16:08:30.751,30.580,-0.364,0.141,0.279
1751288910761,2025-06-30T16:08:30.761,30.590,-0.567,0.152,0.207
1751288910771,2025-06-30T16:08:30.771,30.600,-0.826,0.218,0.201
1751288910781,2025-06-30T16:08:30.781,30.610,-1.054,0.259,0.266
1751288910791,2025-06-30T16:08:30.791,30.620,-1.149,0.268,0.354
1751288910801,2025-06-30T16:08:30.801,30.630,-1.084,0.271,0.393
1751288910811,2025-06-30T16:08:30.811,30.640,-0.945,0.270,0.405
1751288910821,2025-06-30T16:08:30.821,30.650,-0.864,0.245,0.386
1751288910831,2025-06-30T16:08:30.831,30.660,-0.884,0.193,0.370
1751288910841,2025-06-30T16:08:30.841,30.670,-0.960,0.173,0.402
1751288910851,2025-06-30T16:08:30.851,30.680,-1.013,0.188,0.423
1751288910861,2025-06-30T16:08:30.861,30.690,-1.057,0.189,0.414
1751288910871,2025-06-30T16:08:30.871,30.700,-1.105,0.186,0.430
1751288910881,2025-06-30T16:08:30.881,30.710,-1.121,0.192,0.451
1751288910891,2025-06-30T16:08:30.891,30.720,-1.088,0.199,0.456
1751288910901,2025-06-30T16:08:30.901,30.730,-1.034,0.184,0.482
1751288910911,2025-06-30T16:08:30.911,30.740,-1.043,0.186,0.468
1751288910921,2025-06-30T16:08:30.921,30.750,-1.097,0.179,0.435
1751288910931,2025-06-30T16:08:30.931,30.760,-1.087,0.166,0.427
1751288910941,2025-06-30T16:08:30.941,30.770,-1.143,0.171,0.418
1751288910951,2025-06-30T16:08:30.951,30.780,-1.224,0.183,0.406
1751288910961,2025-06-30T16:08:30.961,30.790,-1.190,0.188,0.408
1751288910971,2025-06-30T16:08:30.971,30.800,-1.089,0.197,0.458
1751288910981,2025-06-30T16:08:30.981,30.810,-0.947,0.217,0.531
1751288910991,2025-06-30T16:08:30.991,30.820,-0.731,0.232,0.593
1751288911001,2025-06-30T16:08:31.001,30.830,-0.441,0.194,0.615
1751288911011,2025-06-30T16:08:31.011,30.840,-0.146,0.119,0.653
1751288911021,2025-06-30T16:08:31.021,30.850,0.143,0.033,0.693
1751288911031,2025-06-30T16:08:31.031,30.860,0.455,-0.056,0.802
1751288911041,2025-06-30T16:08:31.041,30.870,0.732,-0.133,0.925
1751288911051,2025-06-30T16:08:31.051,30.880,0.871,-0.146,1.012
1751288911061,2025-06-30T16:08:31.061,30.890,0.841,-0.122,1.052
1751288911071,2025-06-30T16:08:31.071,30.900,0.701,-0.097,1.050
1751288911081,2025-06-30T16:08:31.081,30.910,0.542,-0.083,0.973
1751288911091,2025-06-30T16:08:31.091,30.920,0.482,-0.076,0.931
1751288911101,2025-06-30T16:08:31.101,30.930,0.479,-0.064,0.936
1751288911111,2025-06-30T16:08:31.111,30.940,0.463,-0.046,0.950
1751288911121,2025-06-30T16:08:31.121,30.950,0.442,-0.032,0.948
1751288911131,2025-06-30T16:08:31.131,30.960,0.426,-0.023,0.962
1751288911141,2025-06-30T16:08:31.141,30.970,0.456,-0.036,0.972
1751288911151,2025-06-30T16:08:31.151,30.980,0.541,-0.052,0.981
1751288911161,2025-06-30T16:08:31.161,30.990,0.602,-0.044,0.980
1751288911171,2025-06-30T16:08:31.171,31.000,0.639,-0.030,0.978
1751288911181,2025-06-30T16:08:31.181,31.010,0.625,-0.018,1.001
1751288911191,2025-06-30T16:08:31.191,31.020,0.549,-0.011,1.028
1751288911201,2025-06-30T16:08:31.201,31.030,0.482,-0.016,1.059
1751288911211,2025-06-30T16:08:31.211,31.040,0.450,-0.027,1.092
1751288911221,2025-06-30T16:08:31.221,31.050,0.445,-0.019,1.125
1751288911231,2025-06-30T16:08:31.231,31.060,0.458,-0.001,1.145
1751288911241,2025-06-30T16:08:31.241,31.070,0.501,-0.021,1.162
1751288911251,2025-06-30T16:08:31.251,31.080,0.561,-0.063,1.173
1751288911261,2025-06-30T16:08:31.261,31.090,0.604,-0.072,1.150
1751288911271,2025-06-30T16:08:31.271,31.100,0.587,-0.039,1.086
1751288911281,2025-06-30T16:08:31.281,31.110,0.528,0.012,0.976
1751288911291,2025-06-30T16:08:31.291,31.120,0.473,0.062,0.887
1751288911301,2025-06-30T16:08:31.301,31.130,0.440,0.104,0.850
1751288911311,2025-06-30T16:08:31.311,31.140,0.421,0.134,0.811
1751288911321,2025-06-30T16:08:31.321,31.150,0.441,0.130,0.775
1751288911331,2025-06-30T16:08:31.331,31.160,0.481,0.127,0.765
1751288911341,2025-06-30T16:08:31.341,31.170,0.488,0.136,0.751
1751288911351,2025-06-30T16:08:31.351,31.180,0.493,0.122,0.760
1751288911361,2025-06-30T16:08:31.361,31.190,0.503,0.098,0.789
1751288911371,2025-06-30T16:08:31.371,31.200,0.518,0.067,0.801
1751288911381,2025-06-30T16:08:31.381,31.210,0.555,0.028,0.818
1751288911391,2025-06-30T16:08:31.391,31.220,0.582,0.010,0.830
1751288911401,2025-06-30T16:08:31.401,31.230,0.645,-0.013,0.783
1751288911411,2025-06-30T16:08:31.411,31.240,0.735,-0.036,0.751
1751288911421,2025-06-30T16:08:31.421,31.250,0.770,-0.044,0.794
1751288911431,2025-06-30T16:08:31.431,31.260,0.750,-0.037,0.769
1751288911441,2025-06-30T16:08:31.441,31.270,0.673,-0.006,0.748
1751288911451,2025-06-30T16:08:31.451,31.280,0.600,0.010,0.682
1751288911461,2025-06-30T16:08:31.461,31.290,0.471,0.038,0.566
1751288911471,2025-06-30T16:08:31.471,31.300,0.206,0.107,0.471
1751288911481,2025-06-30T16:08:31.481,31.310,-0.080,0.155,0.379
1751288911491,2025-06-30T16:08:31.491,31.320,-0.303,0.166,0.336
1751288911501,2025-06-30T16:08:31.501,31.330,-0.547,0.170,0.262
1751288911511,2025-06-30T16:08:31.511,31.340,-0.850,0.185,0.218
1751288911521,2025-06-30T16:08:31.521,31.350,-1.058,0.178,0.219
1751288911531,2025-06-30T16:08:31.531,31.360,-1.111,0.170,0.298
1751288911541,2025-06-30T16:08:31.541,31.370,-1.031,0.147,0.380
1751288911551,2025-06-30T16:08:31.551,31.380,-0.958,0.144,0.470
1751288911561,2025-06-30T16:08:31.561,31.390,-0.910,0.169,0.569
1751288911571,2025-06-30T16:08:31.571,31.400,-0.886,0.201,0.622
1751288911581,2025-06-30T16:08:31.581,31.410,-0.933,0.225,0.638
1751288911591,2025-06-30T16:08:31.591,31.420,-0.979,0.218,0.626
1751288911601,2025-06-30T16:08:31.601,31.430,-0.987,0.204,0.595
1751288911611,2025-06-30T16:08:31.611,31.440,-1.016,0.204,0.570
1751288911621,2025-06-30T16:08:31.621,31.450,-1.057,0.209,0.542
1751288911631,2025-06-30T16:08:31.631,31.460,-1.034,0.217,0.539
1751288911641,2025-06-30T16:08:31.641,31.470,-1.026,0.231,0.556
1751288911651,2025-06-30T16:08:31.651,31.480,-1.079,0.229,0.567
1751288911661,2025-06-30T16:08:31.661,31.490,-1.066,0.228,0.593
1751288911671,2025-06-30T16:08:31.671,31.500,-1.018,0.247,0.633
1751288911681,2025-06-30T16:08:31.681,31.510,-1.007,0.254,0.682
1751288911691,2025-06-30T16:08:31.691,31.520,-0.993,0.245,0.754
1751288911701,2025-06-30T16:08:31.701,31.530,-0.964,0.239,0.833
1751288911711,2025-06-30T16:08:31.711,31.540,-0.943,0.231,0.894
1751288911721,2025-06-30T16:08:31.721,31.550,-0.902,0.234,0.899
1751288911731,2025-06-30T16:08:31.731,31.560,-0.840,0.240,0.867
1751288911741,2025-06-30T16:08:31.741,31.570,-0.734,0.260,0.903
1751288911751,2025-06-30T16:08:31.751,31.580,-0.561,0.330,0.926
1751288911761,2025-06-30T16:08:31.761,31.590,-0.385,0.402,0.938
1751288911771,2025-06-30T16:08:31.771,31.600,-0.224,0.378,0.916
1751288911781,2025-06-30T16:08:31.781,31.610,-0.039,0.293,0.853
1751288911791,2025-06-30T16:08:31.791,31.620,0.236,0.191,0.817
1751288911801,2025-06-30T16:08:31.801,31.630,0.564,0.088,0.884
1751288911811,2025-06-30T16:08:31.811,31.640,0.864,0.000,1.030
1751288911821,2025-06-30T16:08:31.821,31.650,1.034,-0.062,1.110
1751288911831,2025-06-30T16:08:31.831,31.660,1.015,-0.071,1.129
1751288911841,2025-06-30T16:08:31.841,31.670,0.886,-0.010,1.082
1751288911851,2025-06-30T16:08:31.851,31.680,0.755,0.083,1.029
1751288911861,2025-06-30T16:08:31.861,31.690,0.588,0.172,0.958
1751288911871,2025-06-30T16:08:31.871,31.700,0.398,0.231,0.866
1751288911881,2025-06-30T16:08:31.881,31.710,0.286,0.241,0.803
1751288911891,2025-06-30T16:08:31.891,31.720,0.265,0.230,0.771
1751288911901,2025-06-30T16:08:31.901,31.730,0.296,0.210,0.759
1751288911911,2025-06-30T16:08:31.911,31.740,0.351,0.169,0.781
1751288911921,2025-06-30T16:08:31.921,31.750,0.385,0.141,0.781
1751288911931,2025-06-30T16:08:31.931,31.760,0.378,0.121,0.782
1751288911941,2025-06-30T16:08:31.941,31.770,0.341,0.108,0.790
1751288911951,2025-06-30T16:08:31.951,31.780,0.275,0.098,0.810
1751288911961,2025-06-30T16:08:31.961,31.790,0.226,0.077,0.829
1751288911971,2025-06-30T16:08:31.971,31.800,0.229,0.041,0.854
1751288911981,2025-06-30T16:08:31.981,31.810,0.246,0.013,0.894
1751288911991,2025-06-30T16:08:31.991,31.820,0.234,0.001,0.914
1751288912001,2025-06-30T16:08:32.001,31.830,0.226,-0.009,0.910
1751288912011,2025-06-30T16:08:32.011,31.840,0.226,-0.016,0.900
1751288912021,2025-06-30T16:08:32.021,31.850,0.209,-0.026,0.888
1751288912031,2025-06-30T16:08:32.031,31.860,0.225,-0.039,0.887
1751288912041,2025-06-30T16:08:32.041,31.870,0.257,-0.048,0.875
1751288912051,2025-06-30T16:08:32.051,31.880,0.276,-0.060,0.875
1751288912061,2025-06-30T16:08:32.061,31.890,0.297,-0.065,0.892
1751288912071,2025-06-30T16:08:32.071,31.900,0.307,-0.065,0.897
1751288912081,2025-06-30T16:08:32.081,31.910,0.311,-0.070,0.895
1751288912091,2025-06-30T16:08:32.091,31.920,0.319,-0.068,0.887
1751288912101,2025-06-30T16:08:32.101,31.930,0.321,-0.061,0.892
1751288912111,2025-06-30T16:08:32.111,31.940,0.318,-0.061,0.903
1751288912121,2025-06-30T16:08:32.121,31.950,0.317,-0.069,0.906
1751288912131,2025-06-30T16:08:32.131,31.960,0.340,-0.082,0.912
1751288912141,2025-06-30T16:08:32.141,31.970,0.389,-0.091,0.917
1751288912151,2025-06-30T16:08:32.151,31.980,0.419,-0.091,0.926
1751288912161,2025-06-30T16:08:32.161,31.990,0.418,-0.089,0.925
1751288912171,2025-06-30T16:08:32.171,32.000,0.420,-0.094,0.937
1751288912181,2025-06-30T16:08:32.181,32.010,0.428,-0.097,0.953
1751288912191,2025-06-30T16:08:32.191,32.020,0.468,-0.109,0.975
1751288912201,2025-06-30T16:08:32.201,32.030,0.528,-0.125,0.971
1751288912211,2025-06-30T16:08:32.211,32.040,0.621,-0.130,0.977
1751288912221,2025-06-30T16:08:32.221,32.050,0.757,-0.140,0.954
1751288912231,2025-06-30T16:08:32.231,32.060,0.849,-0.142,1.009
1751288912241,2025-06-30T16:08:32.241,32.070,0.895,-0.141,0.908
1751288912251,2025-06-30T16:08:32.251,32.080,0.818,-0.085,0.858
1751288912261,2025-06-30T16:08:32.261,32.090,0.652,-0.049,0.751
1751288912271,2025-06-30T16:08:32.271,32.100,0.446,-0.050,0.606
1751288912281,2025-06-30T16:08:32.281,32.110,0.077,-0.022,0.524
1751288912291,2025-06-30T16:08:32.291,32.120,-0.292,0.008,0.449
1751288912301,2025-06-30T16:08:32.301,32.130,-0.584,0.008,0.442
1751288912311,2025-06-30T16:08:32.311,32.140,-0.886,0.040,0.451
1751288912321,2025-06-30T16:08:32.321,32.150,-1.100,0.158,0.463
1751288912331,2025-06-30T16:08:32.331,32.160,-1.259,0.287,0.527
1751288912341,2025-06-30T16:08:32.341,32.170,-1.256,0.353,0.604
1751288912351,2025-06-30T16:08:32.351,32.180,-1.100,0.374,0.654
1751288912361,2025-06-30T16:08:32.361,32.190,-0.975,0.371,0.692
1751288912371,2025-06-30T16:08:32.371,32.200,-0.950,0.368,0.723
1751288912381,2025-06-30T16:08:32.381,32.210,-1.075,0.349,0.728
1751288912391,2025-06-30T16:08:32.391,32.220,-1.206,0.315,0.761
1751288912401,2025-06-30T16:08:32.401,32.230,-1.228,0.298,0.802
1751288912411,2025-06-30T16:08:32.411,32.240,-1.232,0.295,0.801
1751288912421,2025-06-30T16:08:32.421,32.250,-1.190,0.300,0.760
1751288912431,2025-06-30T16:08:32.431,32.260,-1.066,0.328,0.727
1751288912441,2025-06-30T16:08:32.441,32.270,-0.941,0.359,0.718
1751288912451,2025-06-30T16:08:32.451,32.280,-0.828,0.380,0.733
1751288912461,2025-06-30T16:08:32.461,32.290,-0.782,0.394,0.730
1751288912471,2025-06-30T16:08:32.471,32.300,-0.804,0.406,0.686
1751288912481,2025-06-30T16:08:32.481,32.310,-0.827,0.417,0.610
1751288912491,2025-06-30T16:08:32.491,32.320,-0.897,0.417,0.517
1751288912501,2025-06-30T16:08:32.501,32.330,-0.943,0.393,0.479
1751288912511,2025-06-30T16:08:32.511,32.340,-0.905,0.384,0.450
1751288912521,2025-06-30T16:08:32.521,32.350,-0.811,0.378,0.429
1751288912531,2025-06-30T16:08:32.531,32.360,-0.581,0.360,0.384
1751288912541,2025-06-30T16:08:32.541,32.370,-0.286,0.341,0.375
1751288912551,2025-06-30T16:08:32.551,32.380,0.023,0.313,0.399
1751288912561,2025-06-30T16:08:32.561,32.390,0.361,0.240,0.445
1751288912571,2025-06-30T16:08:32.571,32.400,0.665,0.097,0.548
1751288912581,2025-06-30T16:08:32.581,32.410,0.901,-0.040,0.701
1751288912591,2025-06-30T16:08:32.591,32.420,1.127,-0.133,0.877
1751288912601,2025-06-30T16:08:32.601,32.430,1.235,-0.133,0.983
1751288912611,2025-06-30T16:08:32.611,32.440,1.102,-0.050,0.983
1751288912621,2025-06-30T16:08:32.621,32.450,0.912,0.027,0.891
1751288912631,2025-06-30T16:08:32.631,32.460,0.808,0.059,0.797
1751288912641,2025-06-30T16:08:32.641,32.470,0.726,0.060,0.733
1751288912651,2025-06-30T16:08:32.651,32.480,0.616,0.061,0.685
1751288912661,2025-06-30T16:08:32.661,32.490,0.489,0.074,0.682
1751288912671,2025-06-30T16:08:32.671,32.500,0.368,0.091,0.695
1751288912681,2025-06-30T16:08:32.681,32.510,0.285,0.104,0.747
1751288912691,2025-06-30T16:08:32.691,32.520,0.282,0.095,0.796
1751288912701,2025-06-30T16:08:32.701,32.530,0.367,0.076,0.828
1751288912711,2025-06-30T16:08:32.711,32.540,0.462,0.061,0.861
1751288912721,2025-06-30T16:08:32.721,32.550,0.466,0.059,0.896
1751288912731,2025-06-30T16:08:32.731,32.560,0.432,0.064,0.940
1751288912741,2025-06-30T16:08:32.741,32.570,0.440,0.058,0.966
1751288912751,2025-06-30T16:08:32.751,32.580,0.448,0.040,0.968
1751288912761,2025-06-30T16:08:32.761,32.590,0.437,0.047,0.969
1751288912771,2025-06-30T16:08:32.771,32.600,0.429,0.067,0.971
1751288912781,2025-06-30T16:08:32.781,32.610,0.424,0.063,0.976
1751288912791,2025-06-30T16:08:32.791,32.620,0.423,0.063,0.984
1751288912801,2025-06-30T16:08:32.801,32.630,0.439,0.091,0.987
1751288912811,2025-06-30T16:08:32.811,32.640,0.447,0.108,0.999
1751288912821,2025-06-30T16:08:32.821,32.650,0.453,0.086,1.013
1751288912831,2025-06-30T16:08:32.831,32.660,0.472,0.039,1.052
1751288912841,2025-06-30T16:08:32.841,32.670,0.475,-0.029,1.115
1751288912851,2025-06-30T16:08:32.851,32.680,0.466,-0.074,1.158
1751288912861,2025-06-30T16:08:32.861,32.690,0.466,-0.066,1.168
1751288912871,2025-06-30T16:08:32.871,32.700,0.458,-0.009,1.176
1751288912881,2025-06-30T16:08:32.881,32.710,0.406,0.066,1.170
1751288912891,2025-06-30T16:08:32.891,32.720,0.393,0.148,1.113
1751288912901,2025-06-30T16:08:32.901,32.730,0.406,0.222,1.075
1751288912911,2025-06-30T16:08:32.911,32.740,0.370,0.234,1.129
1751288912921,2025-06-30T16:08:32.921,32.750,0.334,0.149,1.208
1751288912931,2025-06-30T16:08:32.931,32.760,0.385,0.048,1.255
1751288912941,2025-06-30T16:08:32.941,32.770,0.475,0.009,1.297
1751288912951,2025-06-30T16:08:32.951,32.780,0.505,0.002,1.321
1751288912961,2025-06-30T16:08:32.961,32.790,0.471,-0.003,1.317
1751288912971,2025-06-30T16:08:32.971,32.800,0.420,0.006,1.276
1751288912981,2025-06-30T16:08:32.981,32.810,0.375,0.065,1.208
1751288912991,2025-06-30T16:08:32.991,32.820,0.319,0.152,1.080
1751288913001,2025-06-30T16:08:33.001,32.830,0.255,0.230,1.004
1751288913011,2025-06-30T16:08:33.011,32.840,0.205,0.266,0.888
1751288913021,2025-06-30T16:08:33.021,32.850,0.160,0.286,0.830
1751288913031,2025-06-30T16:08:33.031,32.860,0.161,0.265,0.820
1751288913041,2025-06-30T16:08:33.041,32.870,0.233,0.220,0.738
1751288913051,2025-06-30T16:08:33.051,32.880,0.287,0.197,0.670
1751288913061,2025-06-30T16:08:33.061,32.890,0.249,0.184,0.583
1751288913071,2025-06-30T16:08:33.071,32.900,0.123,0.187,0.536
1751288913081,2025-06-30T16:08:33.081,32.910,0.032,0.189,0.484
1751288913091,2025-06-30T16:08:33.091,32.920,-0.062,0.191,0.405
1751288913101,2025-06-30T16:08:33.101,32.930,-0.265,0.169,0.335
1751288913111,2025-06-30T16:08:33.111,32.940,-0.438,0.110,0.278
1751288913121,2025-06-30T16:08:33.121,32.950,-0.572,0.064,0.329
1751288913131,2025-06-30T16:08:33.131,32.960,-0.640,0.033,0.388
1751288913141,2025-06-30T16:08:33.141,32.970,-0.729,0.048,0.444
1751288913151,2025-06-30T16:08:33.151,32.980,-0.836,0.086,0.491
1751288913161,2025-06-30T16:08:33.161,32.990,-0.919,0.125,0.504
1751288913171,2025-06-30T16:08:33.171,33.000,-0.914,0.143,0.509
1751288913181,2025-06-30T16:08:33.181,33.010,-0.916,0.168,0.492
1751288913191,2025-06-30T16:08:33.191,33.020,-0.965,0.182,0.463
1751288913201,2025-06-30T16:08:33.201,33.030,-1.018,0.174,0.429
1751288913211,2025-06-30T16:08:33.211,33.040,-1.033,0.173,0.414
1751288913221,2025-06-30T16:08:33.221,33.050,-1.018,0.191,0.419
1751288913231,2025-06-30T16:08:33.231,33.060,-1.018,0.213,0.422
1751288913241,2025-06-30T16:08:33.241,33.070,-0.993,0.207,0.440
1751288913251,2025-06-30T16:08:33.251,33.080,-0.919,0.195,0.487
1751288913261,2025-06-30T16:08:33.261,33.090,-0.874,0.184,0.537
1751288913271,2025-06-30T16:08:33.271,33.100,-0.843,0.171,0.576
1751288913281,2025-06-30T16:08:33.281,33.110,-0.817,0.158,0.600
1751288913291,2025-06-30T16:08:33.291,33.120,-0.852,0.154,0.591
1751288913301,2025-06-30T16:08:33.301,33.130,-0.937,0.165,0.600
1751288913311,2025-06-30T16:08:33.311,33.140,-0.935,0.156,0.637
1751288913321,2025-06-30T16:08:33.321,33.150,-0.948,0.163,0.691
1751288913331,2025-06-30T16:08:33.331,33.160,-0.978,0.169,0.715
1751288913341,2025-06-30T16:08:33.341,33.170,-0.914,0.159,0.764
1751288913351,2025-06-30T16:08:33.351,33.180,-0.825,0.162,0.819
1751288913361,2025-06-30T16:08:33.361,33.190,-0.721,0.134,0.847
1751288913371,2025-06-30T16:08:33.371,33.200,-0.534,0.101,0.876
1751288913381,2025-06-30T16:08:33.381,33.210,-0.323,0.085,0.921
1751288913391,2025-06-30T16:08:33.391,33.220,-0.241,0.083,0.931
1751288913401,2025-06-30T16:08:33.401,33.230,-0.246,0.084,0.901
1751288913411,2025-06-30T16:08:33.411,33.240,-0.168,0.074,0.846
1751288913421,2025-06-30T16:08:33.421,33.250,0.026,0.058,0.833
1751288913431,2025-06-30T16:08:33.431,33.260,0.266,0.020,0.869
1751288913441,2025-06-30T16:08:33.441,33.270,0.456,-0.025,0.934
1751288913451,2025-06-30T16:08:33.451,33.280,0.573,-0.061,0.949
1751288913461,2025-06-30T16:08:33.461,33.290,0.660,-0.081,0.972
1751288913471,2025-06-30T16:08:33.471,33.300,0.727,-0.094,0.985
1751288913481,2025-06-30T16:08:33.481,33.310,0.788,-0.088,1.004
1751288913491,2025-06-30T16:08:33.491,33.320,0.791,-0.055,1.013
1751288913501,2025-06-30T16:08:33.501,33.330,0.722,0.006,1.011
1751288913511,2025-06-30T16:08:33.511,33.340,0.598,0.040,1.000
1751288913521,2025-06-30T16:08:33.521,33.350,0.514,0.038,1.000
1751288913531,2025-06-30T16:08:33.531,33.360,0.482,0.021,1.038
1751288913541,2025-06-30T16:08:33.541,33.370,0.488,0.001,1.060
1751288913551,2025-06-30T16:08:33.551,33.380,0.537,-0.004,1.075
1751288913561,2025-06-30T16:08:33.561,33.390,0.607,-0.006,1.104
1751288913571,2025-06-30T16:08:33.571,33.400,0.653,-0.038,1.142
1751288913581,2025-06-30T16:08:33.581,33.410,0.671,-0.066,1.132
1751288913591,2025-06-30T16:08:33.591,33.420,0.643,-0.053,1.067
1751288913601,2025-06-30T16:08:33.601,33.430,0.573,0.011,0.971
1751288913611,2025-06-30T16:08:33.611,33.440,0.506,0.074,0.878
1751288913621,2025-06-30T16:08:33.621,33.450,0.461,0.120,0.829
1751288913631,2025-06-30T16:08:33.631,33.460,0.418,0.167,0.784
1751288913641,2025-06-30T16:08:33.641,33.470,0.414,0.186,0.740
1751288913651,2025-06-30T16:08:33.651,33.480,0.450,0.193,0.698
1751288913661,2025-06-30T16:08:33.661,33.490,0.461,0.208,0.693
1751288913671,2025-06-30T16:08:33.671,33.500,0.461,0.199,0.704
1751288913681,2025-06-30T16:08:33.681,33.510,0.460,0.168,0.739
1751288913691,2025-06-30T16:08:33.691,33.520,0.458,0.134,0.777
1751288913701,2025-06-30T16:08:33.701,33.530,0.454,0.098,0.831
1751288913711,2025-06-30T16:08:33.711,33.540,0.453,0.068,0.851
1751288913721,2025-06-30T16:08:33.721,33.550,0.476,0.051,0.851
1751288913731,2025-06-30T16:08:33.731,33.560,0.464,0.051,0.853
1751288913741,2025-06-30T16:08:33.741,33.570,0.442,0.064,0.836
1751288913751,2025-06-30T16:08:33.751,33.580,0.455,0.074,0.830
1751288913761,2025-06-30T16:08:33.761,33.590,0.459,0.083,0.826
1751288913771,2025-06-30T16:08:33.771,33.600,0.432,0.089,0.825
1751288913781,2025-06-30T16:08:33.781,33.610,0.404,0.097,0.842
1751288913791,2025-06-30T16:08:33.791,33.620,0.390,0.095,0.878
1751288913801,2025-06-30T16:08:33.801,33.630,0.400,0.084,0.900
1751288913811,2025-06-30T16:08:33.811,33.640,0.418,0.082,0.910
1751288913821,2025-06-30T16:08:33.821,33.650,0.422,0.091,0.917
1751288913831,2025-06-30T16:08:33.831,33.660,0.411,0.101,0.904
1751288913841,2025-06-30T16:08:33.841,33.670,0.408,0.097,0.875
1751288913851,2025-06-30T16:08:33.851,33.680,0.413,0.084,0.856
1751288913861,2025-06-30T16:08:33.861,33.690,0.445,0.066,0.880
1751288913871,2025-06-30T16:08:33.871,33.700,0.470,0.050,0.915
1751288913881,2025-06-30T16:08:33.881,33.710,0.471,0.038,0.911
1751288913891,2025-06-30T16:08:33.891,33.720,0.492,0.031,0.905
1751288913901,2025-06-30T16:08:33.901,33.730,0.534,0.017,0.880
1751288913911,2025-06-30T16:08:33.911,33.740,0.563,-0.001,0.892
1751288913921,2025-06-30T16:08:33.921,33.750,0.562,-0.006,0.867
1751288913931,2025-06-30T16:08:33.931,33.760,0.474,0.025,0.830
1751288913941,2025-06-30T16:08:33.941,33.770,0.310,0.044,0.791
1751288913951,2025-06-30T16:08:33.951,33.780,0.066,0.068,0.726
1751288913961,2025-06-30T16:08:33.961,33.790,-0.182,0.094,0.701
1751288913971,2025-06-30T16:08:33.971,33.800,-0.359,0.125,0.654
1751288913981,2025-06-30T16:08:33.981,33.810,-0.482,0.123,0.632
1751288913991,2025-06-30T16:08:33.991,33.820,-0.542,0.132,0.604
1751288914001,2025-06-30T16:08:34.001,33.830,-0.643,0.127,0.572
1751288914011,2025-06-30T16:08:34.011,33.840,-0.775,0.108,0.572
1751288914021,2025-06-30T16:08:34.021,33.850,-0.918,0.104,0.551
1751288914031,2025-06-30T16:08:34.031,33.860,-1.010,0.094,0.570
1751288914041,2025-06-30T16:08:34.041,33.870,-1.001,0.133,0.591
1751288914051,2025-06-30T16:08:34.051,33.880,-0.996,0.218,0.658
1751288914061,2025-06-30T16:08:34.061,33.890,-0.985,0.329,0.699
1751288914071,2025-06-30T16:08:34.071,33.900,-0.963,0.434,0.664
1751288914081,2025-06-30T16:08:34.081,33.910,-1.001,0.461,0.629
1751288914091,2025-06-30T16:08:34.091,33.920,-1.034,0.417,0.681
1751288914101,2025-06-30T16:08:34.101,33.930,-1.061,0.396,0.726
1751288914111,2025-06-30T16:08:34.111,33.940,-1.130,0.424,0.726
1751288914121,2025-06-30T16:08:34.121,33.950,-1.161,0.432,0.712
1751288914131,2025-06-30T16:08:34.131,33.960,-1.181,0.392,0.696
1751288914141,2025-06-30T16:08:34.141,33.970,-1.192,0.346,0.700
1751288914151,2025-06-30T16:08:34.151,33.980,-1.149,0.335,0.709
1751288914161,2025-06-30T16:08:34.161,33.990,-1.130,0.379,0.696
1751288914171,2025-06-30T16:08:34.171,34.000,-1.109,0.431,0.669
1751288914181,2025-06-30T16:08:34.181,34.010,-1.062,0.461,0.645
1751288914191,2025-06-30T16:08:34.191,34.020,-1.006,0.473,0.646
1751288914201,2025-06-30T16:08:34.201,34.030,-0.924,0.466,0.631
1751288914211,2025-06-30T16:08:34.211,34.040,-0.825,0.451,0.589
1751288914221,2025-06-30T16:08:34.221,34.050,-0.653,0.413,0.567
1751288914231,2025-06-30T16:08:34.231,34.060,-0.453,0.369,0.586
1751288914241,2025-06-30T16:08:34.241,34.070,-0.277,0.319,0.614
1751288914251,2025-06-30T16:08:34.251,34.080,-0.158,0.278,0.645
1751288914261,2025-06-30T16:08:34.261,34.090,-0.137,0.255,0.697
1751288914271,2025-06-30T16:08:34.271,34.100,-0.162,0.231,0.725
1751288914281,2025-06-30T16:08:34.281,34.110,-0.156,0.203,0.722
1751288914291,2025-06-30T16:08:34.291,34.120,-0.061,0.152,0.709
1751288914301,2025-06-30T16:08:34.301,34.130,0.123,0.078,0.732
1751288914311,2025-06-30T16:08:34.311,34.140,0.305,0.015,0.792
1751288914321,2025-06-30T16:08:34.321,34.150,0.470,-0.037,0.858
1751288914331,2025-06-30T16:08:34.331,34.160,0.592,-0.054,0.901
1751288914341,2025-06-30T16:08:34.341,34.170,0.609,-0.051,0.899
1751288914351,2025-06-30T16:08:34.351,34.180,0.549,-0.040,0.909
1751288914361,2025-06-30T16:08:34.361,34.190,0.466,-0.029,0.879
1751288914371,2025-06-30T16:08:34.371,34.200,0.431,-0.028,0.836
1751288914381,2025-06-30T16:08:34.381,34.210,0.432,-0.028,0.804
1751288914391,2025-06-30T16:08:34.391,34.220,0.463,-0.036,0.790
1751288914401,2025-06-30T16:08:34.401,34.230,0.521,-0.052,0.800
1751288914411,2025-06-30T16:08:34.411,34.240,0.555,-0.050,0.816
1751288914421,2025-06-30T16:08:34.421,34.250,0.547,-0.046,0.822
1751288914431,2025-06-30T16:08:34.431,34.260,0.504,-0.054,0.828
1751288914441,2025-06-30T16:08:34.441,34.270,0.457,-0.065,0.826
1751288914451,2025-06-30T16:08:34.451,34.280,0.396,-0.069,0.848
1751288914461,2025-06-30T16:08:34.461,34.290,0.364,-0.063,0.854
1751288914471,2025-06-30T16:08:34.471,34.300,0.363,-0.056,0.849
1751288914481,2025-06-30T16:08:34.481,34.310,0.386,-0.057,0.847
1751288914491,2025-06-30T16:08:34.491,34.320,0.422,-0.066,0.850
1751288914501,2025-06-30T16:08:34.501,34.330,0.471,-0.086,0.866
1751288914511,2025-06-30T16:08:34.511,34.340,0.513,-0.102,0.881
1751288914521,2025-06-30T16:08:34.521,34.350,0.533,-0.112,0.899
1751288914531,2025-06-30T16:08:34.531,34.360,0.547,-0.107,0.914
1751288914541,2025-06-30T16:08:34.541,34.370,0.563,-0.097,0.921
1751288914551,2025-06-30T16:08:34.551,34.380,0.562,-0.079,0.926
1751288914561,2025-06-30T16:08:34.561,34.390,0.519,-0.044,0.906
1751288914571,2025-06-30T16:08:34.571,34.400,0.474,-0.023,0.891
1751288914581,2025-06-30T16:08:34.581,34.410,0.451,-0.015,0.886
1751288914591,2025-06-30T16:08:34.591,34.420,0.463,-0.011,0.895
1751288914601,2025-06-30T16:08:34.601,34.430,0.484,-0.030,0.924
1751288914611,2025-06-30T16:08:34.611,34.440,0.496,-0.053,0.956
1751288914621,2025-06-30T16:08:34.621,34.450,0.497,-0.070,0.981
1751288914631,2025-06-30T16:08:34.631,34.460,0.502,-0.072,1.006
1751288914641,2025-06-30T16:08:34.641,34.470,0.513,-0.046,1.018
1751288914651,2025-06-30T16:08:34.651,34.480,0.507,-0.008,1.013
1751288914661,2025-06-30T16:08:34.661,34.490,0.485,0.007,1.017
1751288914671,2025-06-30T16:08:34.671,34.500,0.476,-0.009,1.043
1751288914681,2025-06-30T16:08:34.681,34.510,0.496,-0.037,1.080
1751288914691,2025-06-30T16:08:34.691,34.520,0.547,-0.059,1.120
1751288914701,2025-06-30T16:08:34.701,34.530,0.626,-0.066,1.129
1751288914711,2025-06-30T16:08:34.711,34.540,0.703,-0.059,1.134
1751288914721,2025-06-30T16:08:34.721,34.550,0.771,-0.079,1.104
1751288914731,2025-06-30T16:08:34.731,34.560,0.787,-0.092,1.113
1751288914741,2025-06-30T16:08:34.741,34.570,0.769,-0.094,1.031
1751288914751,2025-06-30T16:08:34.751,34.580,0.685,-0.038,0.856
1751288914761,2025-06-30T16:08:34.761,34.590,0.500,0.050,0.716
1751288914771,2025-06-30T16:08:34.771,34.600,0.359,0.134,0.474
1751288914781,2025-06-30T16:08:34.781,34.610,0.017,0.224,0.330
1751288914791,2025-06-30T16:08:34.791,34.620,-0.403,0.267,0.267
1751288914801,2025-06-30T16:08:34.801,34.630,-0.645,0.326,0.267
1751288914811,2025-06-30T16:08:34.811,34.640,-0.889,0.399,0.325
1751288914821,2025-06-30T16:08:34.821,34.650,-1.036,0.398,0.455
1751288914831,2025-06-30T16:08:34.831,34.660,-0.968,0.380,0.566
1751288914841,2025-06-30T16:08:34.841,34.670,-0.870,0.404,0.630
1751288914851,2025-06-30T16:08:34.851,34.680,-0.722,0.401,0.676
1751288914861,2025-06-30T16:08:34.861,34.690,-0.604,0.401,0.699
1751288914871,2025-06-30T16:08:34.871,34.700,-0.581,0.406,0.693
1751288914881,2025-06-30T16:08:34.881,34.710,-0.630,0.394,0.691
1751288914891,2025-06-30T16:08:34.891,34.720,-0.711,0.386,0.702
1751288914901,2025-06-30T16:08:34.901,34.730,-0.827,0.376,0.696
1751288914911,2025-06-30T16:08:34.911,34.740,-0.940,0.347,0.657
1751288914921,2025-06-30T16:08:34.921,34.750,-0.991,0.309,0.623
1751288914931,2025-06-30T16:08:34.931,34.760,-0.959,0.279,0.643
1751288914941,2025-06-30T16:08:34.941,34.770,-0.874,0.265,0.678
1751288914951,2025-06-30T16:08:34.951,34.780,-0.833,0.265,0.685
1751288914961,2025-06-30T16:08:34.961,34.790,-0.814,0.265,0.665
1751288914971,2025-06-30T16:08:34.971,34.800,-0.853,0.267,0.633
1751288914981,2025-06-30T16:08:34.981,34.810,-0.897,0.262,0.640
1751288914991,2025-06-30T16:08:34.991,34.820,-0.918,0.269,0.642
1751288915001,2025-06-30T16:08:35.001,34.830,-0.936,0.285,0.636
1751288915011,2025-06-30T16:08:35.011,34.840,-0.885,0.303,0.661
1751288915021,2025-06-30T16:08:35.021,34.850,-0.820,0.305,0.675
1751288915031,2025-06-30T16:08:35.031,34.860,-0.748,0.275,0.641
1751288915041,2025-06-30T16:08:35.041,34.870,-0.626,0.234,0.604
1751288915051,2025-06-30T16:08:35.051,34.880,-0.441,0.208,0.621
1751288915061,2025-06-30T16:08:35.061,34.890,-0.229,0.183,0.712
1751288915071,2025-06-30T16:08:35.071,34.900,-0.059,0.170,0.819
1751288915081,2025-06-30T16:08:35.081,34.910,0.051,0.156,0.852
1751288915091,2025-06-30T16:08:35.091,34.920,0.138,0.120,0.848
1751288915101,2025-06-30T16:08:35.101,34.930,0.266,0.084,0.839
1751288915111,2025-06-30T16:08:35.111,34.940,0.416,0.047,0.851
1751288915121,2025-06-30T16:08:35.121,34.950,0.566,0.019,0.878
1751288915131,2025-06-30T16:08:35.131,34.960,0.718,0.008,0.916
1751288915141,2025-06-30T16:08:35.141,34.970,0.808,0.008,0.942
1751288915151,2025-06-30T16:08:35.151,34.980,0.808,0.019,0.971
1751288915161,2025-06-30T16:08:35.161,34.990,0.750,0.010,0.976
1751288915171,2025-06-30T16:08:35.171,35.000,0.684,-0.015,0.974
1751288915181,2025-06-30T16:08:35.181,35.010,0.636,-0.050,1.000
1751288915191,2025-06-30T16:08:35.191,35.020,0.584,-0.084,1.017
1751288915201,2025-06-30T16:08:35.201,35.030,0.524,-0.075,1.014
1751288915211,2025-06-30T16:08:35.211,35.040,0.467,0.002,0.982
1751288915221,2025-06-30T16:08:35.221,35.050,0.425,0.095,0.957
1751288915231,2025-06-30T16:08:35.231,35.060,0.376,0.129,0.998
1751288915241,2025-06-30T16:08:35.241,35.070,0.352,0.099,1.060
1751288915251,2025-06-30T16:08:35.251,35.080,0.377,0.047,1.098
1751288915261,2025-06-30T16:08:35.261,35.090,0.410,0.030,1.129
1751288915271,2025-06-30T16:08:35.271,35.100,0.400,0.027,1.151
1751288915281,2025-06-30T16:08:35.281,35.110,0.388,-0.011,1.172
1751288915291,2025-06-30T16:08:35.291,35.120,0.408,-0.049,1.165
1751288915301,2025-06-30T16:08:35.301,35.130,0.436,-0.021,1.128
1751288915311,2025-06-30T16:08:35.311,35.140,0.431,0.066,1.051
1751288915321,2025-06-30T16:08:35.321,35.150,0.378,0.163,0.958
1751288915331,2025-06-30T16:08:35.331,35.160,0.341,0.227,0.903
1751288915341,2025-06-30T16:08:35.341,35.170,0.314,0.253,0.872
1751288915351,2025-06-30T16:08:35.351,35.180,0.317,0.250,0.844
1751288915361,2025-06-30T16:08:35.361,35.190,0.350,0.227,0.817
1751288915371,2025-06-30T16:08:35.371,35.200,0.364,0.191,0.815
1751288915381,2025-06-30T16:08:35.381,35.210,0.350,0.151,0.809
1751288915391,2025-06-30T16:08:35.391,35.220,0.317,0.127,0.792
1751288915401,2025-06-30T16:08:35.401,35.230,0.298,0.112,0.776
1751288915411,2025-06-30T16:08:35.411,35.240,0.314,0.090,0.792
1751288915421,2025-06-30T16:08:35.421,35.250,0.324,0.061,0.814
1751288915431,2025-06-30T16:08:35.431,35.260,0.299,0.031,0.826
1751288915441,2025-06-30T16:08:35.441,35.270,0.271,-0.001,0.845
1751288915451,2025-06-30T16:08:35.451,35.280,0.260,-0.035,0.871
1751288915461,2025-06-30T16:08:35.461,35.290,0.274,-0.063,0.880
1751288915471,2025-06-30T16:08:35.471,35.300,0.288,-0.080,0.879
1751288915481,2025-06-30T16:08:35.481,35.310,0.296,-0.085,0.870
1751288915491,2025-06-30T16:08:35.491,35.320,0.317,-0.078,0.868
1751288915501,2025-06-30T16:08:35.501,35.330,0.339,-0.065,0.875
1751288915511,2025-06-30T16:08:35.511,35.340,0.353,-0.049,0.874
1751288915521,2025-06-30T16:08:35.521,35.350,0.366,-0.045,0.874
1751288915531,2025-06-30T16:08:35.531,35.360,0.410,-0.056,0.837
1751288915541,2025-06-30T16:08:35.541,35.370,0.462,-0.055,0.795
1751288915551,2025-06-30T16:08:35.551,35.380,0.504,-0.059,0.794
1751288915561,2025-06-30T16:08:35.561,35.390,0.553,-0.080,0.756
1751288915571,2025-06-30T16:08:35.571,35.400,0.583,-0.096,0.799
1751288915581,2025-06-30T16:08:35.581,35.410,0.565,-0.080,0.795
1751288915591,2025-06-30T16:08:35.591,35.420,0.475,-0.054,0.813
1751288915601,2025-06-30T16:08:35.601,35.430,0.346,-0.041,0.809
1751288915611,2025-06-30T16:08:35.611,35.440,0.216,-0.013,0.798
1751288915621,2025-06-30T16:08:35.621,35.450,0.092,0.002,0.736
1751288915631,2025-06-30T16:08:35.631,35.460,-0.004,0.007,0.691
1751288915641,2025-06-30T16:08:35.641,35.470,-0.104,0.021,0.686
1751288915651,2025-06-30T16:08:35.651,35.480,-0.281,0.044,0.717
1751288915661,2025-06-30T16:08:35.661,35.490,-0.491,0.089,0.741
1751288915671,2025-06-30T16:08:35.671,35.500,-0.705,0.148,0.717
1751288915681,2025-06-30T16:08:35.681,35.510,-0.883,0.193,0.721
1751288915691,2025-06-30T16:08:35.691,35.520,-0.946,0.228,0.747
1751288915701,2025-06-30T16:08:35.701,35.530,-0.929,0.270,0.782
1751288915711,2025-06-30T16:08:35.711,35.540,-0.875,0.273,0.837
1751288915721,2025-06-30T16:08:35.721,35.550,-0.799,0.266,0.864
1751288915731,2025-06-30T16:08:35.731,35.560,-0.750,0.267,0.858
1751288915741,2025-06-30T16:08:35.741,35.570,-0.773,0.269,0.830
1751288915751,2025-06-30T16:08:35.751,35.580,-0.855,0.266,0.806
1751288915761,2025-06-30T16:08:35.761,35.590,-0.931,0.245,0.805
1751288915771,2025-06-30T16:08:35.771,35.600,-0.919,0.228,0.844
1751288915781,2025-06-30T16:08:35.781,35.610,-0.915,0.222,0.874
1751288915791,2025-06-30T16:08:35.791,35.620,-0.920,0.216,0.878
1751288915801,2025-06-30T16:08:35.801,35.630,-0.891,0.230,0.871
1751288915811,2025-06-30T16:08:35.811,35.640,-0.838,0.261,0.880
1751288915821,2025-06-30T16:08:35.821,35.650,-0.828,0.299,0.902
1751288915831,2025-06-30T16:08:35.831,35.660,-0.832,0.277,0.931
1751288915841,2025-06-30T16:08:35.841,35.670,-0.782,0.240,0.959
1751288915851,2025-06-30T16:08:35.851,35.680,-0.675,0.218,0.970
1751288915861,2025-06-30T16:08:35.861,35.690,-0.526,0.194,0.991
1751288915871,2025-06-30T16:08:35.871,35.700,-0.371,0.170,1.031
1751288915881,2025-06-30T16:08:35.881,35.710,-0.209,0.155,1.083
1751288915891,2025-06-30T16:08:35.891,35.720,-0.082,0.125,1.126
1751288915901,2025-06-30T16:08:35.901,35.730,0.008,0.079,1.165
1751288915911,2025-06-30T16:08:35.911,35.740,0.046,0.057,1.189
1751288915921,2025-06-30T16:08:35.921,35.750,0.080,0.050,1.165
1751288915931,2025-06-30T16:08:35.931,35.760,0.144,0.069,1.104
1751288915941,2025-06-30T16:08:35.941,35.770,0.191,0.128,1.019
1751288915951,2025-06-30T16:08:35.951,35.780,0.230,0.184,0.924
1751288915961,2025-06-30T16:08:35.961,35.790,0.310,0.217,0.853
1751288915971,2025-06-30T16:08:35.971,35.800,0.385,0.214,0.816
1751288915981,2025-06-30T16:08:35.981,35.810,0.438,0.185,0.802
1751288915991,2025-06-30T16:08:35.991,35.820,0.442,0.158,0.792
1751288916001,2025-06-30T16:08:36.001,35.830,0.425,0.140,0.777
1751288916011,2025-06-30T16:08:36.011,35.840,0.396,0.136,0.770
1751288916021,2025-06-30T16:08:36.021,35.850,0.373,0.131,0.780
1751288916031,2025-06-30T16:08:36.031,35.860,0.391,0.116,0.815
1751288916041,2025-06-30T16:08:36.041,35.870,0.440,0.103,0.838
1751288916051,2025-06-30T16:08:36.051,35.880,0.481,0.090,0.853
1751288916061,2025-06-30T16:08:36.061,35.890,0.483,0.083,0.872
1751288916071,2025-06-30T16:08:36.071,35.900,0.448,0.084,0.892
1751288916081,2025-06-30T16:08:36.081,35.910,0.404,0.079,0.902
1751288916091,2025-06-30T16:08:36.091,35.920,0.369,0.069,0.893
1751288916101,2025-06-30T16:08:36.101,35.930,0.353,0.069,0.871
1751288916111,2025-06-30T16:08:36.111,35.940,0.353,0.082,0.852
1751288916121,2025-06-30T16:08:36.121,35.950,0.343,0.093,0.847
1751288916131,2025-06-30T16:08:36.131,35.960,0.355,0.097,0.832
1751288916141,2025-06-30T16:08:36.141,35.970,0.396,0.098,0.835
1751288916151,2025-06-30T16:08:36.151,35.980,0.428,0.093,0.834
1751288916161,2025-06-30T16:08:36.161,35.990,0.454,0.086,0.820
1751288916171,2025-06-30T16:08:36.171,36.000,0.463,0.083,0.804
1751288916181,2025-06-30T16:08:36.181,36.010,0.450,0.091,0.806
1751288916191,2025-06-30T16:08:36.191,36.020,0.422,0.092,0.812
1751288916201,2025-06-30T16:08:36.201,36.030,0.403,0.089,0.804
1751288916211,2025-06-30T16:08:36.211,36.040,0.412,0.085,0.804
1751288916221,2025-06-30T16:08:36.221,36.050,0.456,0.075,0.819
1751288916231,2025-06-30T16:08:36.231,36.060,0.513,0.059,0.839
1751288916241,2025-06-30T16:08:36.241,36.070,0.558,0.048,0.869
1751288916251,2025-06-30T16:08:36.251,36.080,0.583,0.034,0.895
1751288916261,2025-06-30T16:08:36.261,36.090,0.603,0.024,0.912
1751288916271,2025-06-30T16:08:36.271,36.100,0.618,0.014,0.955
1751288916281,2025-06-30T16:08:36.281,36.110,0.670,0.006,0.977
1751288916291,2025-06-30T16:08:36.291,36.120,0.741,0.008,0.951
1751288916301,2025-06-30T16:08:36.301,36.130,0.773,0.017,0.920
1751288916311,2025-06-30T16:08:36.311,36.140,0.775,0.016,0.910
1751288916321,2025-06-30T16:08:36.321,36.150,0.745,0.026,0.923
1751288916331,2025-06-30T16:08:36.331,36.160,0.643,0.045,0.932
1751288916341,2025-06-30T16:08:36.341,36.170,0.538,0.029,0.918
1751288916351,2025-06-30T16:08:36.351,36.180,0.430,0.009,0.942
1751288916361,2025-06-30T16:08:36.361,36.190,0.326,-0.014,0.963
1751288916371,2025-06-30T16:08:36.371,36.200,0.240,-0.060,0.964
1751288916381,2025-06-30T16:08:36.381,36.210,0.115,-0.068,0.954
1751288916391,2025-06-30T16:08:36.391,36.220,-0.042,-0.018,0.878
1751288916401,2025-06-30T16:08:36.401,36.230,-0.260,0.051,0.842
1751288916411,2025-06-30T16:08:36.411,36.240,-0.449,0.111,0.791
1751288916421,2025-06-30T16:08:36.421,36.250,-0.592,0.174,0.758
1751288916431,2025-06-30T16:08:36.431,36.260,-0.686,0.226,0.766
1751288916441,2025-06-30T16:08:36.441,36.270,-0.754,0.255,0.836
1751288916451,2025-06-30T16:08:36.451,36.280,-0.782,0.248,0.904
1751288916461,2025-06-30T16:08:36.461,36.290,-0.774,0.240,0.940
1751288916471,2025-06-30T16:08:36.471,36.300,-0.745,0.266,0.954
1751288916481,2025-06-30T16:08:36.481,36.310,-0.781,0.315,0.916
1751288916491,2025-06-30T16:08:36.491,36.320,-0.878,0.308,0.862
1751288916501,2025-06-30T16:08:36.501,36.330,-0.962,0.275,0.831
1751288916511,2025-06-30T16:08:36.511,36.340,-0.988,0.285,0.812
1751288916521,2025-06-30T16:08:36.521,36.350,-0.970,0.340,0.789
1751288916531,2025-06-30T16:08:36.531,36.360,-0.959,0.408,0.717
1751288916541,2025-06-30T16:08:36.541,36.370,-0.941,0.440,0.654
1751288916551,2025-06-30T16:08:36.551,36.380,-0.896,0.459,0.625
1751288916561,2025-06-30T16:08:36.561,36.390,-0.859,0.464,0.586
1751288916571,2025-06-30T16:08:36.571,36.400,-0.836,0.440,0.534
1751288916581,2025-06-30T16:08:36.581,36.410,-0.815,0.409,0.490
1751288916591,2025-06-30T16:08:36.591,36.420,-0.788,0.389,0.444
1751288916601,2025-06-30T16:08:36.601,36.430,-0.776,0.367,0.413
1751288916611,2025-06-30T16:08:36.611,36.440,-0.784,0.338,0.413
1751288916621,2025-06-30T16:08:36.621,36.450,-0.812,0.321,0.427
1751288916631,2025-06-30T16:08:36.631,36.460,-0.821,0.294,0.457
1751288916641,2025-06-30T16:08:36.641,36.470,-0.752,0.265,0.516
1751288916651,2025-06-30T16:08:36.651,36.480,-0.656,0.237,0.571
1751288916661,2025-06-30T16:08:36.661,36.490,-0.521,0.190,0.630
1751288916671,2025-06-30T16:08:36.671,36.500,-0.345,0.147,0.674
1751288916681,2025-06-30T16:08:36.681,36.510,-0.258,0.119,0.710
1751288916691,2025-06-30T16:08:36.691,36.520,-0.240,0.091,0.750
1751288916701,2025-06-30T16:08:36.701,36.530,-0.176,0.082,0.782
1751288916711,2025-06-30T16:08:36.711,36.540,-0.097,0.089,0.779
1751288916721,2025-06-30T16:08:36.721,36.550,0.030,0.074,0.761
1751288916731,2025-06-30T16:08:36.731,36.560,0.257,0.037,0.751
1751288916741,2025-06-30T16:08:36.741,36.570,0.470,0.005,0.792
1751288916751,2025-06-30T16:08:36.751,36.580,0.631,-0.042,0.828
1751288916761,2025-06-30T16:08:36.761,36.590,0.738,-0.075,0.855
1751288916771,2025-06-30T16:08:36.771,36.600,0.738,-0.070,0.861
1751288916781,2025-06-30T16:08:36.781,36.610,0.660,-0.042,0.858
1751288916791,2025-06-30T16:08:36.791,36.620,0.560,-0.021,0.849
1751288916801,2025-06-30T16:08:36.801,36.630,0.492,-0.018,0.831
1751288916811,2025-06-30T16:08:36.811,36.640,0.453,-0.024,0.824
1751288916821,2025-06-30T16:08:36.821,36.650,0.432,-0.025,0.830
1751288916831,2025-06-30T16:08:36.831,36.660,0.427,-0.024,0.836
1751288916841,2025-06-30T16:08:36.841,36.670,0.422,-0.025,0.849
1751288916851,2025-06-30T16:08:36.851,36.680,0.409,-0.025,0.859
1751288916861,2025-06-30T16:08:36.861,36.690,0.426,-0.025,0.881
1751288916871,2025-06-30T16:08:36.871,36.700,0.450,-0.025,0.909
1751288916881,2025-06-30T16:08:36.881,36.710,0.451,-0.010,0.927
1751288916891,2025-06-30T16:08:36.891,36.720,0.438,0.006,0.936
1751288916901,2025-06-30T16:08:36.901,36.730,0.433,0.024,0.932
1751288916911,2025-06-30T16:08:36.911,36.740,0.440,0.053,0.918
1751288916921,2025-06-30T16:08:36.921,36.750,0.434,0.089,0.917
1751288916931,2025-06-30T16:08:36.931,36.760,0.402,0.101,0.914
1751288916941,2025-06-30T16:08:36.941,36.770,0.370,0.093,0.899
1751288916951,2025-06-30T16:08:36.951,36.780,0.362,0.083,0.897
1751288916961,2025-06-30T16:08:36.961,36.790,0.370,0.065,0.910
1751288916971,2025-06-30T16:08:36.971,36.800,0.395,0.048,0.924
1751288916981,2025-06-30T16:08:36.981,36.810,0.443,0.036,0.949
1751288916991,2025-06-30T16:08:36.991,36.820,0.461,0.027,0.986
1751288917001,2025-06-30T16:08:37.001,36.830,0.430,0.019,1.014
1751288917011,2025-06-30T16:08:37.011,36.840,0.399,0.006,1.035
1751288917021,2025-06-30T16:08:37.021,36.850,0.373,0.003,1.062
1751288917031,2025-06-30T16:08:37.031,36.860,0.365,0.013,1.070
1751288917041,2025-06-30T16:08:37.041,36.870,0.375,0.013,1.079
1751288917051,2025-06-30T16:08:37.051,36.880,0.382,-0.016,1.110
1751288917061,2025-06-30T16:08:37.061,36.890,0.392,-0.039,1.130
1751288917071,2025-06-30T16:08:37.071,36.900,0.422,-0.045,1.154
1751288917081,2025-06-30T16:08:37.081,36.910,0.455,-0.032,1.164
1751288917091,2025-06-30T16:08:37.091,36.920,0.461,-0.012,1.161
1751288917101,2025-06-30T16:08:37.101,36.930,0.461,-0.016,1.165
1751288917111,2025-06-30T16:08:37.111,36.940,0.470,-0.042,1.178
1751288917121,2025-06-30T16:08:37.121,36.950,0.482,-0.071,1.185
1751288917131,2025-06-30T16:08:37.131,36.960,0.495,-0.094,1.179
1751288917141,2025-06-30T16:08:37.141,36.970,0.503,-0.088,1.132
1751288917151,2025-06-30T16:08:37.151,36.980,0.497,-0.040,1.042
1751288917161,2025-06-30T16:08:37.161,36.990,0.455,0.051,0.924
1751288917171,2025-06-30T16:08:37.171,37.000,0.382,0.140,0.815
1751288917181,2025-06-30T16:08:37.181,37.010,0.298,0.193,0.760
1751288917191,2025-06-30T16:08:37.191,37.020,0.262,0.215,0.746
1751288917201,2025-06-30T16:08:37.201,37.030,0.329,0.211,0.757
1751288917211,2025-06-30T16:08:37.211,37.040,0.458,0.188,0.650
1751288917221,2025-06-30T16:08:37.221,37.050,0.585,0.170,0.694
1751288917231,2025-06-30T16:08:37.231,37.060,0.679,0.152,0.691
1751288917241,2025-06-30T16:08:37.241,37.070,0.633,0.169,0.718
1751288917251,2025-06-30T16:08:37.251,37.080,0.446,0.185,0.691
1751288917261,2025-06-30T16:08:37.261,37.090,0.180,0.181,0.670
1751288917271,2025-06-30T16:08:37.271,37.100,-0.020,0.154,0.656
1751288917281,2025-06-30T16:08:37.281,37.110,-0.171,0.155,0.715
1751288917291,2025-06-30T16:08:37.291,37.120,-0.298,0.157,0.701
1751288917301,2025-06-30T16:08:37.301,37.130,-0.491,0.155,0.677
1751288917311,2025-06-30T16:08:37.311,37.140,-0.639,0.196,0.688
1751288917321,2025-06-30T16:08:37.321,37.150,-0.719,0.266,0.642
1751288917331,2025-06-30T16:08:37.331,37.160,-0.771,0.306,0.627
1751288917341,2025-06-30T16:08:37.341,37.170,-0.727,0.317,0.623
1751288917351,2025-06-30T16:08:37.351,37.180,-0.726,0.327,0.646
1751288917361,2025-06-30T16:08:37.361,37.190,-0.781,0.317,0.655
1751288917371,2025-06-30T16:08:37.371,37.200,-0.824,0.318,0.661
1751288917381,2025-06-30T16:08:37.381,37.210,-0.826,0.330,0.658
1751288917391,2025-06-30T16:08:37.391,37.220,-0.831,0.346,0.628
1751288917401,2025-06-30T16:08:37.401,37.230,-0.848,0.337,0.605
1751288917411,2025-06-30T16:08:37.411,37.240,-0.769,0.310,0.643
1751288917421,2025-06-30T16:08:37.421,37.250,-0.667,0.296,0.704
1751288917431,2025-06-30T16:08:37.431,37.260,-0.622,0.289,0.753
1751288917441,2025-06-30T16:08:37.441,37.270,-0.586,0.280,0.781
1751288917451,2025-06-30T16:08:37.451,37.280,-0.586,0.281,0.787
1751288917461,2025-06-30T16:08:37.461,37.290,-0.621,0.276,0.779
1751288917471,2025-06-30T16:08:37.471,37.300,-0.693,0.272,0.781
1751288917481,2025-06-30T16:08:37.481,37.310,-0.762,0.280,0.790
1751288917491,2025-06-30T16:08:37.491,37.320,-0.753,0.299,0.809
1751288917501,2025-06-30T16:08:37.501,37.330,-0.695,0.304,0.827
1751288917511,2025-06-30T16:08:37.511,37.340,-0.588,0.292,0.873
1751288917521,2025-06-30T16:08:37.521,37.350,-0.440,0.267,0.920
1751288917531,2025-06-30T16:08:37.531,37.360,-0.332,0.242,0.963
1751288917541,2025-06-30T16:08:37.541,37.370,-0.289,0.231,1.004
1751288917551,2025-06-30T16:08:37.551,37.380,-0.289,0.227,1.027
1751288917561,2025-06-30T16:08:37.561,37.390,-0.297,0.207,1.039
1751288917571,2025-06-30T16:08:37.571,37.400,-0.285,0.175,1.088
1751288917581,2025-06-30T16:08:37.581,37.410,-0.218,0.132,1.134
1751288917591,2025-06-30T16:08:37.591,37.420,-0.102,0.083,1.170
1751288917601,2025-06-30T16:08:37.601,37.430,0.057,0.044,1.215
1751288917611,2025-06-30T16:08:37.611,37.440,0.174,0.048,1.234
1751288917621,2025-06-30T16:08:37.621,37.450,0.227,0.075,1.230
1751288917631,2025-06-30T16:08:37.631,37.460,0.250,0.111,1.197
1751288917641,2025-06-30T16:08:37.641,37.470,0.270,0.163,1.101
1751288917651,2025-06-30T16:08:37.651,37.480,0.262,0.220,1.033
1751288917661,2025-06-30T16:08:37.661,37.490,0.246,0.231,1.024
1751288917671,2025-06-30T16:08:37.671,37.500,0.232,0.186,1.025
1751288917681,2025-06-30T16:08:37.681,37.510,0.221,0.123,1.022
1751288917691,2025-06-30T16:08:37.691,37.520,0.272,0.076,0.999
1751288917701,2025-06-30T16:08:37.701,37.530,0.349,0.042,0.991
1751288917711,2025-06-30T16:08:37.711,37.540,0.428,-0.005,1.024
1751288917721,2025-06-30T16:08:37.721,37.550,0.496,-0.049,1.054
1751288917731,2025-06-30T16:08:37.731,37.560,0.529,-0.053,1.050
1751288917741,2025-06-30T16:08:37.741,37.570,0.507,-0.018,1.058
1751288917751,2025-06-30T16:08:37.751,37.580,0.440,0.041,1.021
1751288917761,2025-06-30T16:08:37.761,37.590,0.374,0.099,0.989
1751288917771,2025-06-30T16:08:37.771,37.600,0.284,0.142,0.936
1751288917781,2025-06-30T16:08:37.781,37.610,0.223,0.183,0.870
1751288917791,2025-06-30T16:08:37.791,37.620,0.192,0.224,0.824
1751288917801,2025-06-30T16:08:37.801,37.630,0.176,0.249,0.795
1751288917811,2025-06-30T16:08:37.811,37.640,0.216,0.240,0.800
1751288917821,2025-06-30T16:08:37.821,37.650,0.300,0.203,0.827
1751288917831,2025-06-30T16:08:37.831,37.660,0.357,0.162,0.847
1751288917841,2025-06-30T16:08:37.841,37.670,0.384,0.128,0.868
1751288917851,2025-06-30T16:08:37.851,37.680,0.404,0.101,0.900
1751288917861,2025-06-30T16:08:37.861,37.690,0.396,0.088,0.922
1751288917871,2025-06-30T16:08:37.871,37.700,0.363,0.079,0.938
1751288917881,2025-06-30T16:08:37.881,37.710,0.318,0.067,0.952
1751288917891,2025-06-30T16:08:37.891,37.720,0.277,0.051,0.962
1751288917901,2025-06-30T16:08:37.901,37.730,0.253,0.042,0.979
1751288917911,2025-06-30T16:08:37.911,37.740,0.256,0.028,0.989
1751288917921,2025-06-30T16:08:37.921,37.750,0.278,0.020,0.991
1751288917931,2025-06-30T16:08:37.931,37.760,0.315,0.019,1.007
1751288917941,2025-06-30T16:08:37.941,37.770,0.383,0.004,1.026
1751288917951,2025-06-30T16:08:37.951,37.780,0.459,-0.020,1.043
1751288917961,2025-06-30T16:08:37.961,37.790,0.514,-0.035,1.050
1751288917971,2025-06-30T16:08:37.971,37.800,0.532,-0.039,1.034
1751288917981,2025-06-30T16:08:37.981,37.810,0.536,-0.046,1.019
1751288917991,2025-06-30T16:08:37.991,37.820,0.531,-0.045,0.990
1751288918001,2025-06-30T16:08:38.001,37.830,0.516,-0.031,0.965
1751288918011,2025-06-30T16:08:38.011,37.840,0.487,-0.026,0.950
1751288918021,2025-06-30T16:08:38.021,37.850,0.462,-0.032,0.936
1751288918031,2025-06-30T16:08:38.031,37.860,0.475,-0.039,0.927
1751288918041,2025-06-30T16:08:38.041,37.870,0.517,-0.051,0.947
1751288918051,2025-06-30T16:08:38.051,37.880,0.566,-0.061,0.942
1751288918061,2025-06-30T16:08:38.061,37.890,0.638,-0.064,0.885
1751288918071,2025-06-30T16:08:38.071,37.900,0.674,-0.057,0.887
1751288918081,2025-06-30T16:08:38.081,37.910,0.678,-0.044,0.898
1751288918091,2025-06-30T16:08:38.091,37.920,0.673,-0.037,0.844
1751288918101,2025-06-30T16:08:38.101,37.930,0.594,-0.005,0.854
1751288918111,2025-06-30T16:08:38.111,37.940,0.479,0.043,0.862
1751288918121,2025-06-30T16:08:38.121,37.950,0.359,0.081,0.826
1751288918131,2025-06-30T16:08:38.131,37.960,0.188,0.116,0.820
1751288918141,2025-06-30T16:08:38.141,37.970,0.076,0.144,0.772
1751288918151,2025-06-30T16:08:38.151,37.980,-0.023,0.157,0.715
1751288918161,2025-06-30T16:08:38.161,37.990,-0.209,0.161,0.670
1751288918171,2025-06-30T16:08:38.171,38.000,-0.397,0.146,0.657
1751288918181,2025-06-30T16:08:38.181,38.010,-0.509,0.144,0.680
1751288918191,2025-06-30T16:08:38.191,38.020,-0.570,0.183,0.695
1751288918201,2025-06-30T16:08:38.201,38.030,-0.624,0.236,0.680
1751288918211,2025-06-30T16:08:38.211,38.040,-0.679,0.267,0.670
1751288918221,2025-06-30T16:08:38.221,38.050,-0.671,0.268,0.665
1751288918231,2025-06-30T16:08:38.231,38.060,-0.627,0.268,0.700
1751288918241,2025-06-30T16:08:38.241,38.070,-0.636,0.280,0.685
1751288918251,2025-06-30T16:08:38.251,38.080,-0.715,0.278,0.667
1751288918261,2025-06-30T16:08:38.261,38.090,-0.806,0.287,0.658
1751288918271,2025-06-30T16:08:38.271,38.100,-0.877,0.294,0.664
1751288918281,2025-06-30T16:08:38.281,38.110,-0.858,0.305,0.675
1751288918291,2025-06-30T16:08:38.291,38.120,-0.772,0.320,0.674
1751288918301,2025-06-30T16:08:38.301,38.130,-0.701,0.332,0.664
1751288918311,2025-06-30T16:08:38.311,38.140,-0.685,0.327,0.690
1751288918321,2025-06-30T16:08:38.321,38.150,-0.725,0.276,0.747
1751288918331,2025-06-30T16:08:38.331,38.160,-0.762,0.223,0.793
1751288918341,2025-06-30T16:08:38.341,38.170,-0.809,0.230,0.768
1751288918351,2025-06-30T16:08:38.351,38.180,-0.882,0.246,0.733
1751288918361,2025-06-30T16:08:38.361,38.190,-0.912,0.225,0.754
1751288918371,2025-06-30T16:08:38.371,38.200,-0.872,0.217,0.795
1751288918381,2025-06-30T16:08:38.381,38.210,-0.802,0.238,0.810
1751288918391,2025-06-30T16:08:38.391,38.220,-0.762,0.273,0.815
1751288918401,2025-06-30T16:08:38.401,38.230,-0.722,0.319,0.801
1751288918411,2025-06-30T16:08:38.411,38.240,-0.651,0.356,0.781
1751288918421,2025-06-30T16:08:38.421,38.250,-0.570,0.379,0.778
1751288918431,2025-06-30T16:08:38.431,38.260,-0.516,0.383,0.767
1751288918441,2025-06-30T16:08:38.441,38.270,-0.430,0.349,0.755
1751288918451,2025-06-30T16:08:38.451,38.280,-0.339,0.300,0.707
1751288918461,2025-06-30T16:08:38.461,38.290,-0.233,0.267,0.688
1751288918471,2025-06-30T16:08:38.471,38.300,-0.089,0.231,0.685
1751288918481,2025-06-30T16:08:38.481,38.310,0.083,0.173,0.703
1751288918491,2025-06-30T16:08:38.491,38.320,0.297,0.087,0.726
1751288918501,2025-06-30T16:08:38.501,38.330,0.534,0.036,0.762
1751288918511,2025-06-30T16:08:38.511,38.340,0.760,0.001,0.803
1751288918521,2025-06-30T16:08:38.521,38.350,0.909,-0.020,0.857
1751288918531,2025-06-30T16:08:38.531,38.360,0.943,-0.022,0.917
1751288918541,2025-06-30T16:08:38.541,38.370,0.875,-0.004,0.936
1751288918551,2025-06-30T16:08:38.551,38.380,0.763,0.033,0.937
1751288918561,2025-06-30T16:08:38.561,38.390,0.656,0.062,0.928
1751288918571,2025-06-30T16:08:38.571,38.400,0.562,0.081,0.912
1751288918581,2025-06-30T16:08:38.581,38.410,0.465,0.108,0.896
1751288918591,2025-06-30T16:08:38.591,38.420,0.397,0.131,0.868
1751288918601,2025-06-30T16:08:38.601,38.430,0.369,0.141,0.844
1751288918611,2025-06-30T16:08:38.611,38.440,0.362,0.154,0.839
1751288918621,2025-06-30T16:08:38.621,38.450,0.393,0.168,0.839
1751288918631,2025-06-30T16:08:38.631,38.460,0.442,0.162,0.856
1751288918641,2025-06-30T16:08:38.641,38.470,0.462,0.160,0.863
1751288918651,2025-06-30T16:08:38.651,38.480,0.450,0.166,0.865
1751288918661,2025-06-30T16:08:38.661,38.490,0.451,0.167,0.870
1751288918671,2025-06-30T16:08:38.671,38.500,0.438,0.166,0.870
1751288918681,2025-06-30T16:08:38.681,38.510,0.412,0.169,0.867
1751288918691,2025-06-30T16:08:38.691,38.520,0.396,0.159,0.884
1751288918701,2025-06-30T16:08:38.701,38.530,0.401,0.148,0.904
1751288918711,2025-06-30T16:08:38.711,38.540,0.401,0.140,0.920
1751288918721,2025-06-30T16:08:38.721,38.550,0.396,0.134,0.917
1751288918731,2025-06-30T16:08:38.731,38.560,0.413,0.122,0.938
1751288918741,2025-06-30T16:08:38.741,38.570,0.456,0.104,0.970
1751288918751,2025-06-30T16:08:38.751,38.580,0.457,0.089,1.013
1751288918761,2025-06-30T16:08:38.761,38.590,0.430,0.086,1.020
1751288918771,2025-06-30T16:08:38.771,38.600,0.403,0.090,1.016
1751288918781,2025-06-30T16:08:38.781,38.610,0.394,0.097,1.024
1751288918791,2025-06-30T16:08:38.791,38.620,0.396,0.107,1.036
1751288918801,2025-06-30T16:08:38.801,38.630,0.384,0.115,1.045
1751288918811,2025-06-30T16:08:38.811,38.640,0.366,0.118,1.055
1751288918821,2025-06-30T16:08:38.821,38.650,0.358,0.108,1.068
1751288918831,2025-06-30T16:08:38.831,38.660,0.345,0.099,1.078
1751288918841,2025-06-30T16:08:38.841,38.670,0.344,0.075,1.102
1751288918851,2025-06-30T16:08:38.851,38.680,0.353,0.050,1.127
1751288918861,2025-06-30T16:08:38.861,38.690,0.349,0.031,1.146
1751288918871,2025-06-30T16:08:38.871,38.700,0.343,0.024,1.153
1751288918881,2025-06-30T16:08:38.881,38.710,0.335,0.029,1.153
1751288918891,2025-06-30T16:08:38.891,38.720,0.335,0.039,1.158
1751288918901,2025-06-30T16:08:38.901,38.730,0.335,0.058,1.143
1751288918911,2025-06-30T16:08:38.911,38.740,0.323,0.087,1.112
1751288918921,2025-06-30T16:08:38.921,38.750,0.297,0.095,1.112
1751288918931,2025-06-30T16:08:38.931,38.760,0.270,0.063,1.137
1751288918941,2025-06-30T16:08:38.941,38.770,0.260,0.005,1.162
1751288918951,2025-06-30T16:08:38.951,38.780,0.270,-0.026,1.165
1751288918961,2025-06-30T16:08:38.961,38.790,0.282,-0.021,1.129
1751288918971,2025-06-30T16:08:38.971,38.800,0.267,-0.003,1.065
1751288918981,2025-06-30T16:08:38.981,38.810,0.220,0.002,1.010
1751288918991,2025-06-30T16:08:38.991,38.820,0.189,-0.022,0.998
1751288919001,2025-06-30T16:08:39.001,38.830,0.218,-0.024,0.991
1751288919011,2025-06-30T16:08:39.011,38.840,0.280,0.033,0.948
1751288919021,2025-06-30T16:08:39.021,38.850,0.311,0.091,0.917
1751288919031,2025-06-30T16:08:39.031,38.860,0.288,0.132,0.876
1751288919041,2025-06-30T16:08:39.041,38.870,0.262,0.157,0.823
1751288919051,2025-06-30T16:08:39.051,38.880,0.263,0.151,0.797
1751288919061,2025-06-30T16:08:39.061,38.890,0.272,0.143,0.800
1751288919071,2025-06-30T16:08:39.071,38.900,0.274,0.125,0.807
1751288919081,2025-06-30T16:08:39.081,38.910,0.262,0.096,0.815
1751288919091,2025-06-30T16:08:39.091,38.920,0.253,0.072,0.825
1751288919101,2025-06-30T16:08:39.101,38.930,0.255,0.045,0.850
1751288919111,2025-06-30T16:08:39.111,38.940,0.252,0.012,0.891
1751288919121,2025-06-30T16:08:39.121,38.950,0.242,-0.022,0.901
1751288919131,2025-06-30T16:08:39.131,38.960,0.243,-0.040,0.914
1751288919141,2025-06-30T16:08:39.141,38.970,0.261,-0.055,0.910
1751288919151,2025-06-30T16:08:39.151,38.980,0.254,-0.060,0.900
1751288919161,2025-06-30T16:08:39.161,38.990,0.208,-0.057,0.855
1751288919171,2025-06-30T16:08:39.171,39.000,0.118,-0.016,0.837
1751288919181,2025-06-30T16:08:39.181,39.010,0.006,0.031,0.805
1751288919191,2025-06-30T16:08:39.191,39.020,-0.136,0.069,0.767
1751288919201,2025-06-30T16:08:39.201,39.030,-0.263,0.088,0.747
1751288919211,2025-06-30T16:08:39.211,39.040,-0.350,0.110,0.704
1751288919221,2025-06-30T16:08:39.221,39.050,-0.446,0.126,0.640
1751288919231,2025-06-30T16:08:39.231,39.060,-0.563,0.117,0.601
1751288919241,2025-06-30T16:08:39.241,39.070,-0.683,0.125,0.550
1751288919251,2025-06-30T16:08:39.251,39.080,-0.804,0.144,0.546
1751288919261,2025-06-30T16:08:39.261,39.090,-0.816,0.160,0.532
1751288919271,2025-06-30T16:08:39.271,39.100,-0.790,0.158,0.552
1751288919281,2025-06-30T16:08:39.281,39.110,-0.763,0.170,0.628
1751288919291,2025-06-30T16:08:39.291,39.120,-0.711,0.203,0.704
1751288919301,2025-06-30T16:08:39.301,39.130,-0.691,0.223,0.753
1751288919311,2025-06-30T16:08:39.311,39.140,-0.673,0.216,0.745
1751288919321,2025-06-30T16:08:39.321,39.150,-0.645,0.195,0.719
1751288919331,2025-06-30T16:08:39.331,39.160,-0.629,0.203,0.728
1751288919341,2025-06-30T16:08:39.341,39.170,-0.629,0.221,0.724
1751288919351,2025-06-30T16:08:39.351,39.180,-0.650,0.220,0.708
1751288919361,2025-06-30T16:08:39.361,39.190,-0.670,0.221,0.705
1751288919371,2025-06-30T16:08:39.371,39.200,-0.698,0.232,0.719
1751288919381,2025-06-30T16:08:39.381,39.210,-0.722,0.234,0.734
1751288919391,2025-06-30T16:08:39.391,39.220,-0.730,0.230,0.743
1751288919401,2025-06-30T16:08:39.401,39.230,-0.725,0.231,0.746
1751288919411,2025-06-30T16:08:39.411,39.240,-0.712,0.232,0.745
1751288919421,2025-06-30T16:08:39.421,39.250,-0.685,0.238,0.738
1751288919431,2025-06-30T16:08:39.431,39.260,-0.703,0.243,0.722
1751288919441,2025-06-30T16:08:39.441,39.270,-0.745,0.243,0.704
1751288919451,2025-06-30T16:08:39.451,39.280,-0.763,0.243,0.692
1751288919461,2025-06-30T16:08:39.461,39.290,-0.782,0.250,0.701
1751288919471,2025-06-30T16:08:39.471,39.300,-0.785,0.255,0.722
1751288919481,2025-06-30T16:08:39.481,39.310,-0.746,0.245,0.759
1751288919491,2025-06-30T16:08:39.491,39.320,-0.729,0.242,0.818
1751288919501,2025-06-30T16:08:39.501,39.330,-0.715,0.219,0.867
1751288919511,2025-06-30T16:08:39.511,39.340,-0.632,0.171,0.936
1751288919521,2025-06-30T16:08:39.521,39.350,-0.489,0.127,0.971
1751288919531,2025-06-30T16:08:39.531,39.360,-0.295,0.095,0.968
1751288919541,2025-06-30T16:08:39.541,39.370,-0.067,0.065,0.926
1751288919551,2025-06-30T16:08:39.551,39.380,0.165,0.040,0.916
1751288919561,2025-06-30T16:08:39.561,39.390,0.391,0.003,0.927
1751288919571,2025-06-30T16:08:39.571,39.400,0.629,-0.012,0.983
1751288919581,2025-06-30T16:08:39.581,39.410,0.809,-0.018,1.043
1751288919591,2025-06-30T16:08:39.591,39.420,0.912,-0.013,1.095
1751288919601,2025-06-30T16:08:39.601,39.430,0.904,-0.015,1.121
1751288919611,2025-06-30T16:08:39.611,39.440,0.830,-0.031,1.096
1751288919621,2025-06-30T16:08:39.621,39.450,0.766,-0.011,1.067
1751288919631,2025-06-30T16:08:39.631,39.460,0.736,0.030,1.052
1751288919641,2025-06-30T16:08:39.641,39.470,0.761,0.014,1.009
1751288919651,2025-06-30T16:08:39.651,39.480,0.771,-0.014,0.979
1751288919661,2025-06-30T16:08:39.661,39.490,0.688,-0.007,0.973
1751288919671,2025-06-30T16:08:39.671,39.500,0.602,-0.005,0.969
1751288919681,2025-06-30T16:08:39.681,39.510,0.549,-0.013,0.955
1751288919691,2025-06-30T16:08:39.691,39.520,0.507,-0.016,0.944
1751288919701,2025-06-30T16:08:39.701,39.530,0.481,-0.001,0.913
1751288919711,2025-06-30T16:08:39.711,39.540,0.461,0.044,0.822
1751288919721,2025-06-30T16:08:39.721,39.550,0.464,0.116,0.709
1751288919731,2025-06-30T16:08:39.731,39.560,0.516,0.176,0.642
1751288919741,2025-06-30T16:08:39.741,39.570,0.565,0.196,0.639
1751288919751,2025-06-30T16:08:39.751,39.580,0.571,0.189,0.658
1751288919761,2025-06-30T16:08:39.761,39.590,0.566,0.172,0.668
1751288919771,2025-06-30T16:08:39.771,39.600,0.554,0.164,0.672
1751288919781,2025-06-30T16:08:39.781,39.610,0.520,0.165,0.674
1751288919791,2025-06-30T16:08:39.791,39.620,0.472,0.157,0.656
1751288919801,2025-06-30T16:08:39.801,39.630,0.462,0.130,0.652
1751288919811,2025-06-30T16:08:39.811,39.640,0.475,0.101,0.675
1751288919821,2025-06-30T16:08:39.821,39.650,0.480,0.074,0.714
1751288919831,2025-06-30T16:08:39.831,39.660,0.492,0.042,0.749
1751288919841,2025-06-30T16:08:39.841,39.670,0.509,0.015,0.788
1751288919851,2025-06-30T16:08:39.851,39.680,0.524,-0.008,0.836
1751288919861,2025-06-30T16:08:39.861,39.690,0.522,-0.021,0.873
1751288919871,2025-06-30T16:08:39.871,39.700,0.517,-0.026,0.896
1751288919881,2025-06-30T16:08:39.881,39.710,0.493,-0.020,0.911
1751288919891,2025-06-30T16:08:39.891,39.720,0.429,0.010,0.920
1751288919901,2025-06-30T16:08:39.901,39.730,0.374,0.038,0.909
1751288919911,2025-06-30T16:08:39.911,39.740,0.364,0.058,0.902
1751288919921,2025-06-30T16:08:39.921,39.750,0.413,0.065,0.903
1751288919931,2025-06-30T16:08:39.931,39.760,0.485,0.059,0.903
1751288919941,2025-06-30T16:08:39.941,39.770,0.527,0.050,0.887
1751288919951,2025-06-30T16:08:39.951,39.780,0.529,0.055,0.882
1751288919961,2025-06-30T16:08:39.961,39.790,0.525,0.067,0.872
1751288919971,2025-06-30T16:08:39.971,39.800,0.545,0.070,0.865
1751288919981,2025-06-30T16:08:39.981,39.810,0.543,0.065,0.876
1751288919991,2025-06-30T16:08:39.991,39.820,0.538,0.065,0.884
1751288920001,2025-06-30T16:08:40.001,39.830,0.531,0.057,0.883
1751288920011,2025-06-30T16:08:40.011,39.840,0.527,0.048,0.906
1751288920021,2025-06-30T16:08:40.021,39.850,0.525,0.027,0.943
1751288920031,2025-06-30T16:08:40.031,39.860,0.516,0.032,0.892
1751288920041,2025-06-30T16:08:40.041,39.870,0.465,0.044,0.975
1751288920051,2025-06-30T16:08:40.051,39.880,0.474,0.027,0.925
1751288920061,2025-06-30T16:08:40.061,39.890,0.458,0.033,0.880
1751288920071,2025-06-30T16:08:40.071,39.900,0.388,0.047,0.879
1751288920081,2025-06-30T16:08:40.081,39.910,0.381,0.042,0.831
1751288920091,2025-06-30T16:08:40.091,39.920,0.319,0.051,0.778
1751288920101,2025-06-30T16:08:40.101,39.930,0.168,0.071,0.682
1751288920111,2025-06-30T16:08:40.111,39.940,-0.050,0.105,0.617
1751288920121,2025-06-30T16:08:40.121,39.950,-0.315,0.134,0.582
1751288920131,2025-06-30T16:08:40.131,39.960,-0.669,0.167,0.538
1751288920141,2025-06-30T16:08:40.141,39.970,-1.045,0.219,0.507
1751288920151,2025-06-30T16:08:40.151,39.980,-1.250,0.279,0.499
1751288920161,2025-06-30T16:08:40.161,39.990,-1.294,0.312,0.553
1751288920171,2025-06-30T16:08:40.171,40.000,-1.166,0.319,0.646
1751288920181,2025-06-30T16:08:40.181,40.010,-0.994,0.317,0.684
1751288920191,2025-06-30T16:08:40.191,40.020,-0.955,0.326,0.673
1751288920201,2025-06-30T16:08:40.201,40.030,-0.960,0.347,0.635
1751288920211,2025-06-30T16:08:40.211,40.040,-0.951,0.386,0.568
1751288920221,2025-06-30T16:08:40.221,40.050,-0.964,0.443,0.502
1751288920231,2025-06-30T16:08:40.231,40.060,-1.006,0.458,0.495
1751288920241,2025-06-30T16:08:40.241,40.070,-1.026,0.409,0.551
1751288920251,2025-06-30T16:08:40.251,40.080,-0.999,0.344,0.631
1751288920261,2025-06-30T16:08:40.261,40.090,-0.917,0.318,0.709
1751288920271,2025-06-30T16:08:40.271,40.100,-0.867,0.324,0.774
1751288920281,2025-06-30T16:08:40.281,40.110,-0.906,0.323,0.803
1751288920291,2025-06-30T16:08:40.291,40.120,-0.928,0.321,0.810
1751288920301,2025-06-30T16:08:40.301,40.130,-0.929,0.348,0.790
1751288920311,2025-06-30T16:08:40.311,40.140,-0.983,0.400,0.737
1751288920321,2025-06-30T16:08:40.321,40.150,-1.053,0.460,0.669
1751288920331,2025-06-30T16:08:40.331,40.160,-1.065,0.488,0.636
1751288920341,2025-06-30T16:08:40.341,40.170,-1.021,0.513,0.623
1751288920351,2025-06-30T16:08:40.351,40.180,-0.948,0.502,0.598
1751288920361,2025-06-30T16:08:40.361,40.190,-0.858,0.473,0.627
1751288920371,2025-06-30T16:08:40.371,40.200,-0.768,0.453,0.650
1751288920381,2025-06-30T16:08:40.381,40.210,-0.705,0.420,0.606
1751288920391,2025-06-30T16:08:40.391,40.220,-0.601,0.367,0.522
1751288920401,2025-06-30T16:08:40.401,40.230,-0.424,0.334,0.528
1751288920411,2025-06-30T16:08:40.411,40.240,-0.164,0.312,0.575
1751288920421,2025-06-30T16:08:40.421,40.250,0.154,0.230,0.604
1751288920431,2025-06-30T16:08:40.431,40.260,0.445,0.110,0.680
1751288920441,2025-06-30T16:08:40.441,40.270,0.616,0.016,0.819
1751288920451,2025-06-30T16:08:40.451,40.280,0.697,-0.038,0.898
1751288920461,2025-06-30T16:08:40.461,40.290,0.718,-0.056,0.940
1751288920471,2025-06-30T16:08:40.471,40.300,0.737,-0.064,0.994
1751288920481,2025-06-30T16:08:40.481,40.310,0.702,-0.052,1.024
1751288920491,2025-06-30T16:08:40.491,40.320,0.628,-0.034,1.002
1751288920501,2025-06-30T16:08:40.501,40.330,0.571,-0.025,0.946
1751288920511,2025-06-30T16:08:40.511,40.340,0.501,-0.006,0.885
1751288920521,2025-06-30T16:08:40.521,40.350,0.396,0.031,0.859
1751288920531,2025-06-30T16:08:40.531,40.360,0.278,0.060,0.845
1751288920541,2025-06-30T16:08:40.541,40.370,0.175,0.069,0.834
1751288920551,2025-06-30T16:08:40.551,40.380,0.111,0.067,0.845
1751288920561,2025-06-30T16:08:40.561,40.390,0.098,0.062,0.862
1751288920571,2025-06-30T16:08:40.571,40.400,0.127,0.051,0.882
1751288920581,2025-06-30T16:08:40.581,40.410,0.183,0.041,0.896
1751288920591,2025-06-30T16:08:40.591,40.420,0.233,0.036,0.899
1751288920601,2025-06-30T16:08:40.601,40.430,0.249,0.040,0.897
1751288920611,2025-06-30T16:08:40.611,40.440,0.223,0.042,0.892
1751288920621,2025-06-30T16:08:40.621,40.450,0.195,0.046,0.873
1751288920631,2025-06-30T16:08:40.631,40.460,0.199,0.047,0.872
1751288920641,2025-06-30T16:08:40.641,40.470,0.220,0.039,0.894
1751288920651,2025-06-30T16:08:40.651,40.480,0.235,0.031,0.892
1751288920661,2025-06-30T16:08:40.661,40.490,0.260,0.039,0.894
1751288920671,2025-06-30T16:08:40.671,40.500,0.286,0.044,0.904
1751288920681,2025-06-30T16:08:40.681,40.510,0.299,0.058,0.890
1751288920691,2025-06-30T16:08:40.691,40.520,0.312,0.075,0.886
1751288920701,2025-06-30T16:08:40.701,40.530,0.309,0.079,0.894
1751288920711,2025-06-30T16:08:40.711,40.540,0.279,0.074,0.892
1751288920721,2025-06-30T16:08:40.721,40.550,0.277,0.065,0.901
1751288920731,2025-06-30T16:08:40.731,40.560,0.291,0.062,0.937
1751288920741,2025-06-30T16:08:40.741,40.570,0.271,0.063,0.948
1751288920751,2025-06-30T16:08:40.751,40.580,0.250,0.063,0.957
1751288920761,2025-06-30T16:08:40.761,40.590,0.247,0.075,0.958
1751288920771,2025-06-30T16:08:40.771,40.600,0.229,0.076,0.961
1751288920781,2025-06-30T16:08:40.781,40.610,0.221,0.050,0.971
1751288920791,2025-06-30T16:08:40.791,40.620,0.235,0.031,0.985
1751288920801,2025-06-30T16:08:40.801,40.630,0.245,0.016,1.008
1751288920811,2025-06-30T16:08:40.811,40.640,0.245,-0.009,1.043
1751288920821,2025-06-30T16:08:40.821,40.650,0.264,-0.015,1.072
1751288920831,2025-06-30T16:08:40.831,40.660,0.307,-0.020,1.112
1751288920841,2025-06-30T16:08:40.841,40.670,0.337,-0.038,1.170
1751288920851,2025-06-30T16:08:40.851,40.680,0.358,-0.053,1.198
1751288920861,2025-06-30T16:08:40.861,40.690,0.382,-0.071,1.214
1751288920871,2025-06-30T16:08:40.871,40.700,0.439,-0.098,1.216
1751288920881,2025-06-30T16:08:40.881,40.710,0.488,-0.100,1.196
1751288920891,2025-06-30T16:08:40.891,40.720,0.498,-0.070,1.164
1751288920901,2025-06-30T16:08:40.901,40.730,0.495,0.002,1.079
1751288920911,2025-06-30T16:08:40.911,40.740,0.459,0.102,0.968
1751288920921,2025-06-30T16:08:40.921,40.750,0.409,0.182,0.894
1751288920931,2025-06-30T16:08:40.931,40.760,0.399,0.230,0.827
1751288920941,2025-06-30T16:08:40.941,40.770,0.429,0.243,0.781
1751288920951,2025-06-30T16:08:40.951,40.780,0.458,0.218,0.754
1751288920961,2025-06-30T16:08:40.961,40.790,0.459,0.204,0.724
1751288920971,2025-06-30T16:08:40.971,40.800,0.364,0.200,0.691
1751288920981,2025-06-30T16:08:40.981,40.810,0.235,0.213,0.680
1751288920991,2025-06-30T16:08:40.991,40.820,0.038,0.221,0.613
1751288921001,2025-06-30T16:08:41.001,40.830,-0.264,0.222,0.538
1751288921011,2025-06-30T16:08:41.011,40.840,-0.575,0.214,0.517
1751288921021,2025-06-30T16:08:41.021,40.850,-0.867,0.247,0.494
1751288921031,2025-06-30T16:08:41.031,40.860,-1.056,0.279,0.550
1751288921041,2025-06-30T16:08:41.041,40.870,-1.042,0.292,0.665
1751288921051,2025-06-30T16:08:41.051,40.880,-0.925,0.317,0.750
1751288921061,2025-06-30T16:08:41.061,40.890,-0.814,0.342,0.797
1751288921071,2025-06-30T16:08:41.071,40.900,-0.769,0.350,0.801
1751288921081,2025-06-30T16:08:41.081,40.910,-0.776,0.367,0.747
1751288921091,2025-06-30T16:08:41.091,40.920,-0.835,0.387,0.660
1751288921101,2025-06-30T16:08:41.101,40.930,-0.859,0.398,0.593
1751288921111,2025-06-30T16:08:41.111,40.940,-0.896,0.387,0.532
1751288921121,2025-06-30T16:08:41.121,40.950,-0.909,0.354,0.511
1751288921131,2025-06-30T16:08:41.131,40.960,-0.894,0.323,0.526
1751288921141,2025-06-30T16:08:41.141,40.970,-0.837,0.300,0.541
1751288921151,2025-06-30T16:08:41.151,40.980,-0.791,0.264,0.544
1751288921161,2025-06-30T16:08:41.161,40.990,-0.706,0.232,0.583
1751288921171,2025-06-30T16:08:41.171,41.000,-0.655,0.230,0.624
1751288921181,2025-06-30T16:08:41.181,41.010,-0.686,0.229,0.626
1751288921191,2025-06-30T16:08:41.191,41.020,-0.776,0.222,0.617
1751288921201,2025-06-30T16:08:41.201,41.030,-0.887,0.230,0.625
1751288921211,2025-06-30T16:08:41.211,41.040,-0.951,0.241,0.641
1751288921221,2025-06-30T16:08:41.221,41.050,-0.971,0.254,0.641
1751288921231,2025-06-30T16:08:41.231,41.060,-0.982,0.278,0.628
1751288921241,2025-06-30T16:08:41.241,41.070,-0.933,0.273,0.623
1751288921251,2025-06-30T16:08:41.251,41.080,-0.782,0.249,0.667
1751288921261,2025-06-30T16:08:41.261,41.090,-0.570,0.214,0.738
1751288921271,2025-06-30T16:08:41.271,41.100,-0.345,0.174,0.831
1751288921281,2025-06-30T16:08:41.281,41.110,-0.179,0.141,0.929
1751288921291,2025-06-30T16:08:41.291,41.120,-0.084,0.109,1.026
1751288921301,2025-06-30T16:08:41.301,41.130,-0.015,0.089,1.082
1751288921311,2025-06-30T16:08:41.311,41.140,-0.036,0.086,1.088
1751288921321,2025-06-30T16:08:41.321,41.150,-0.084,0.073,1.087
1751288921331,2025-06-30T16:08:41.331,41.160,-0.026,0.049,1.063
1751288921341,2025-06-30T16:08:41.341,41.170,0.125,0.033,1.063
1751288921351,2025-06-30T16:08:41.351,41.180,0.313,0.021,1.099
1751288921361,2025-06-30T16:08:41.361,41.190,0.461,0.017,1.154
1751288921371,2025-06-30T16:08:41.371,41.200,0.508,0.042,1.183
1751288921381,2025-06-30T16:08:41.381,41.210,0.460,0.108,1.136
1751288921391,2025-06-30T16:08:41.391,41.220,0.337,0.190,1.092
1751288921401,2025-06-30T16:08:41.401,41.230,0.210,0.226,1.120
1751288921411,2025-06-30T16:08:41.411,41.240,0.118,0.205,1.148
1751288921421,2025-06-30T16:08:41.421,41.250,0.080,0.171,1.140
1751288921431,2025-06-30T16:08:41.431,41.260,0.146,0.146,1.133
1751288921441,2025-06-30T16:08:41.441,41.270,0.240,0.130,1.148
1751288921451,2025-06-30T16:08:41.451,41.280,0.280,0.125,1.147
1751288921461,2025-06-30T16:08:41.461,41.290,0.277,0.130,1.137
1751288921471,2025-06-30T16:08:41.471,41.300,0.263,0.154,1.109
1751288921481,2025-06-30T16:08:41.481,41.310,0.260,0.180,1.097
1751288921491,2025-06-30T16:08:41.491,41.320,0.262,0.209,1.068
1751288921501,2025-06-30T16:08:41.501,41.330,0.274,0.230,1.036
1751288921511,2025-06-30T16:08:41.511,41.340,0.254,0.251,0.999
1751288921521,2025-06-30T16:08:41.521,41.350,0.212,0.272,0.955
1751288921531,2025-06-30T16:08:41.531,41.360,0.188,0.268,0.924
1751288921541,2025-06-30T16:08:41.541,41.370,0.185,0.247,0.894
1751288921551,2025-06-30T16:08:41.551,41.380,0.205,0.220,0.891
1751288921561,2025-06-30T16:08:41.561,41.390,0.206,0.183,0.908
1751288921571,2025-06-30T16:08:41.571,41.400,0.193,0.142,0.920
1751288921581,2025-06-30T16:08:41.581,41.410,0.194,0.104,0.919
1751288921591,2025-06-30T16:08:41.591,41.420,0.187,0.079,0.907
1751288921601,2025-06-30T16:08:41.601,41.430,0.180,0.059,0.907
1751288921611,2025-06-30T16:08:41.611,41.440,0.151,0.043,0.921
1751288921621,2025-06-30T16:08:41.621,41.450,0.121,0.025,0.927
1751288921631,2025-06-30T16:08:41.631,41.460,0.121,0.010,0.919
1751288921641,2025-06-30T16:08:41.641,41.470,0.150,-0.004,0.925
1751288921651,2025-06-30T16:08:41.651,41.480,0.171,0.001,0.918
1751288921661,2025-06-30T16:08:41.661,41.490,0.187,0.006,0.906
1751288921671,2025-06-30T16:08:41.671,41.500,0.206,0.000,0.898
1751288921681,2025-06-30T16:08:41.681,41.510,0.213,-0.003,0.890
1751288921691,2025-06-30T16:08:41.691,41.520,0.220,-0.013,0.887
1751288921701,2025-06-30T16:08:41.701,41.530,0.221,-0.020,0.880
1751288921711,2025-06-30T16:08:41.711,41.540,0.204,-0.028,0.871
1751288921721,2025-06-30T16:08:41.721,41.550,0.198,-0.037,0.863
1751288921731,2025-06-30T16:08:41.731,41.560,0.211,-0.041,0.865
1751288921741,2025-06-30T16:08:41.741,41.570,0.226,-0.042,0.872
1751288921751,2025-06-30T16:08:41.751,41.580,0.225,-0.043,0.901
1751288921761,2025-06-30T16:08:41.761,41.590,0.255,-0.058,0.918
1751288921771,2025-06-30T16:08:41.771,41.600,0.355,-0.063,0.836
1751288921781,2025-06-30T16:08:41.781,41.610,0.460,-0.077,0.871
1751288921791,2025-06-30T16:08:41.791,41.620,0.561,-0.109,0.850
1751288921801,2025-06-30T16:08:41.801,41.630,0.549,-0.111,0.885
1751288921811,2025-06-30T16:08:41.811,41.640,0.450,-0.090,0.876
1751288921821,2025-06-30T16:08:41.821,41.650,0.344,-0.069,0.860
1751288921831,2025-06-30T16:08:41.831,41.660,0.217,-0.042,0.849
1751288921841,2025-06-30T16:08:41.841,41.670,0.073,0.000,0.815
1751288921851,2025-06-30T16:08:41.851,41.680,-0.093,0.049,0.773
1751288921861,2025-06-30T16:08:41.861,41.690,-0.267,0.090,0.722
1751288921871,2025-06-30T16:08:41.871,41.700,-0.424,0.124,0.662
1751288921881,2025-06-30T16:08:41.881,41.710,-0.596,0.161,0.669
1751288921891,2025-06-30T16:08:41.891,41.720,-0.758,0.171,0.701
1751288921901,2025-06-30T16:08:41.901,41.730,-0.846,0.167,0.727
1751288921911,2025-06-30T16:08:41.911,41.740,-0.828,0.167,0.750
1751288921921,2025-06-30T16:08:41.921,41.750,-0.735,0.144,0.780
1751288921931,2025-06-30T16:08:41.931,41.760,-0.651,0.119,0.830
1751288921941,2025-06-30T16:08:41.941,41.770,-0.636,0.134,0.865
1751288921951,2025-06-30T16:08:41.951,41.780,-0.681,0.166,0.874
1751288921961,2025-06-30T16:08:41.961,41.790,-0.761,0.188,0.849
1751288921971,2025-06-30T16:08:41.971,41.800,-0.823,0.201,0.820
1751288921981,2025-06-30T16:08:41.981,41.810,-0.839,0.222,0.786
1751288921991,2025-06-30T16:08:41.991,41.820,-0.851,0.257,0.766
1751288922001,2025-06-30T16:08:42.001,41.830,-0.871,0.273,0.783
