epoch (ms),time (03:00),elapsed (s),x-axis (g),y-axis (g),z-axis (g)
1750790383181,2025-06-24T21:39:43.181,0.000,0.164,0.067,0.886
1750790383191,2025-06-24T21:39:43.191,0.010,0.210,0.058,0.839
1750790383201,2025-06-24T21:39:43.201,0.020,0.258,0.055,0.810
1750790383211,2025-06-24T21:39:43.211,0.030,0.286,0.053,0.773
1750790383221,2025-06-24T21:39:43.221,0.040,0.356,0.035,0.697
1750790383231,2025-06-24T21:39:43.231,0.050,0.477,0.011,0.634
1750790383241,2025-06-24T21:39:43.241,0.060,0.659,-0.021,0.601
1750790383251,2025-06-24T21:39:43.251,0.070,0.876,-0.055,0.605
1750790383261,2025-06-24T21:39:43.261,0.080,1.045,-0.094,0.610
1750790383271,2025-06-24T21:39:43.271,0.090,1.092,-0.126,0.645
1750790383281,2025-06-24T21:39:43.281,0.100,1.073,-0.138,0.666
1750790383291,2025-06-24T21:39:43.291,0.110,1.041,-0.127,0.662
1750790383301,2025-06-24T21:39:43.301,0.120,1.016,-0.118,0.663
1750790383311,2025-06-24T21:39:43.311,0.130,1.000,-0.125,0.664
1750790383321,2025-06-24T21:39:43.321,0.140,0.986,-0.127,0.627
1750790383331,2025-06-24T21:39:43.331,0.150,0.983,-0.108,0.615
1750790383341,2025-06-24T21:39:43.341,0.160,0.973,-0.094,0.617
1750790383351,2025-06-24T21:39:43.351,0.170,0.938,-0.096,0.624
1750790383361,2025-06-24T21:39:43.361,0.180,0.919,-0.102,0.630
1750790383371,2025-06-24T21:39:43.371,0.190,0.924,-0.104,0.630
1750790383381,2025-06-24T21:39:43.381,0.200,0.912,-0.082,0.653
1750790383391,2025-06-24T21:39:43.391,0.210,0.895,-0.063,0.684
1750790383401,2025-06-24T21:39:43.401,0.220,0.842,-0.061,0.695
1750790383411,2025-06-24T21:39:43.411,0.230,0.679,-0.044,0.714
1750790383421,2025-06-24T21:39:43.421,0.240,0.506,-0.020,0.720
1750790383431,2025-06-24T21:39:43.431,0.250,0.385,-0.001,0.732
1750790383441,2025-06-24T21:39:43.441,0.260,0.354,0.015,0.764
1750790383451,2025-06-24T21:39:43.451,0.270,0.421,0.022,0.809
1750790383461,2025-06-24T21:39:43.461,0.280,0.525,0.013,0.846
1750790383471,2025-06-24T21:39:43.471,0.290,0.576,-0.003,0.878
1750790383481,2025-06-24T21:39:43.481,0.300,0.515,-0.011,0.884
1750790383491,2025-06-24T21:39:43.491,0.310,0.370,0.000,0.864
1750790383501,2025-06-24T21:39:43.501,0.320,0.150,0.036,0.857
1750790383511,2025-06-24T21:39:43.511,0.330,-0.122,0.076,0.873
1750790383521,2025-06-24T21:39:43.521,0.340,-0.304,0.097,0.867
1750790383531,2025-06-24T21:39:43.531,0.350,-0.396,0.135,0.879
1750790383541,2025-06-24T21:39:43.541,0.360,-0.365,0.159,0.909
1750790383551,2025-06-24T21:39:43.551,0.370,-0.209,0.139,0.938
1750790383561,2025-06-24T21:39:43.561,0.380,-0.063,0.114,0.970
1750790383571,2025-06-24T21:39:43.571,0.390,0.030,0.091,0.996
1750790383581,2025-06-24T21:39:43.581,0.400,0.060,0.074,1.010
1750790383591,2025-06-24T21:39:43.591,0.410,0.028,0.090,1.016
1750790383601,2025-06-24T21:39:43.601,0.420,-0.011,0.098,1.021
1750790383611,2025-06-24T21:39:43.611,0.430,-0.046,0.096,1.023
1750790383621,2025-06-24T21:39:43.621,0.440,-0.082,0.099,1.013
1750790383631,2025-06-24T21:39:43.631,0.450,-0.105,0.104,1.002
1750790383641,2025-06-24T21:39:43.641,0.460,-0.138,0.113,0.993
1750790383651,2025-06-24T21:39:43.651,0.470,-0.159,0.117,0.997
1750790383661,2025-06-24T21:39:43.661,0.480,-0.157,0.113,1.006
1750790383671,2025-06-24T21:39:43.671,0.490,-0.138,0.108,1.012
1750790383681,2025-06-24T21:39:43.681,0.500,-0.116,0.109,1.011
1750790383691,2025-06-24T21:39:43.691,0.510,-0.105,0.109,1.019
1750790383701,2025-06-24T21:39:43.701,0.520,-0.098,0.112,1.023
1750790383711,2025-06-24T21:39:43.711,0.530,-0.090,0.113,1.029
1750790383721,2025-06-24T21:39:43.721,0.540,-0.092,0.110,1.034
1750790383731,2025-06-24T21:39:43.731,0.550,-0.096,0.108,1.038
1750790383741,2025-06-24T21:39:43.741,0.560,-0.098,0.108,1.033
1750790383751,2025-06-24T21:39:43.751,0.570,-0.109,0.112,1.015
1750790383761,2025-06-24T21:39:43.761,0.580,-0.142,0.113,0.997
1750790383771,2025-06-24T21:39:43.771,0.590,-0.188,0.118,0.989
1750790383781,2025-06-24T21:39:43.781,0.600,-0.200,0.123,0.984
1750790383791,2025-06-24T21:39:43.791,0.610,-0.187,0.126,0.979
1750790383801,2025-06-24T21:39:43.801,0.620,-0.167,0.121,0.969
1750790383811,2025-06-24T21:39:43.811,0.630,-0.140,0.117,0.968
1750790383821,2025-06-24T21:39:43.821,0.640,-0.093,0.118,0.964
1750790383831,2025-06-24T21:39:43.831,0.650,-0.035,0.118,0.963
1750790383841,2025-06-24T21:39:43.841,0.660,0.030,0.108,0.961
1750790383851,2025-06-24T21:39:43.851,0.670,0.099,0.089,0.955
1750790383861,2025-06-24T21:39:43.861,0.680,0.161,0.072,0.946
1750790383871,2025-06-24T21:39:43.871,0.690,0.182,0.068,0.950
1750790383881,2025-06-24T21:39:43.881,0.700,0.169,0.066,0.937
1750790383891,2025-06-24T21:39:43.891,0.710,0.139,0.073,0.904
1750790383901,2025-06-24T21:39:43.901,0.720,0.113,0.085,0.889
1750790383911,2025-06-24T21:39:43.911,0.730,0.114,0.095,0.847
1750790383921,2025-06-24T21:39:43.921,0.740,0.123,0.101,0.796
1750790383931,2025-06-24T21:39:43.931,0.750,0.172,0.086,0.736
1750790383941,2025-06-24T21:39:43.941,0.760,0.301,0.038,0.670
1750790383951,2025-06-24T21:39:43.951,0.770,0.498,-0.005,0.611
1750790383961,2025-06-24T21:39:43.961,0.780,0.760,-0.041,0.561
1750790383971,2025-06-24T21:39:43.971,0.790,1.009,-0.075,0.583
1750790383981,2025-06-24T21:39:43.981,0.800,1.161,-0.117,0.629
1750790383991,2025-06-24T21:39:43.991,0.810,1.214,-0.146,0.658
1750790384001,2025-06-24T21:39:44.001,0.820,1.149,-0.138,0.682
1750790384011,2025-06-24T21:39:44.011,0.830,1.050,-0.112,0.692
1750790384021,2025-06-24T21:39:44.021,0.840,0.990,-0.100,0.688
1750790384031,2025-06-24T21:39:44.031,0.850,0.978,-0.102,0.677
1750790384041,2025-06-24T21:39:44.041,0.860,0.992,-0.106,0.671
1750790384051,2025-06-24T21:39:44.051,0.870,0.981,-0.097,0.663
1750790384061,2025-06-24T21:39:44.061,0.880,0.906,-0.079,0.659
1750790384071,2025-06-24T21:39:44.071,0.890,0.800,-0.060,0.656
1750790384081,2025-06-24T21:39:44.081,0.900,0.723,-0.046,0.658
1750790384091,2025-06-24T21:39:44.091,0.910,0.710,-0.035,0.669
1750790384101,2025-06-24T21:39:44.101,0.920,0.772,-0.034,0.694
1750790384111,2025-06-24T21:39:44.111,0.930,0.883,-0.052,0.722
1750790384121,2025-06-24T21:39:44.121,0.940,0.997,-0.063,0.771
1750790384131,2025-06-24T21:39:44.131,0.950,1.031,-0.060,0.807
1750790384141,2025-06-24T21:39:44.141,0.960,0.912,-0.042,0.815
1750790384151,2025-06-24T21:39:44.151,0.970,0.705,-0.031,0.780
1750790384161,2025-06-24T21:39:44.161,0.980,0.492,-0.015,0.739
1750790384171,2025-06-24T21:39:44.171,0.990,0.285,0.034,0.750
1750790384181,2025-06-24T21:39:44.181,1.000,0.189,0.060,0.779
1750790384191,2025-06-24T21:39:44.191,1.010,0.156,0.060,0.813
1750790384201,2025-06-24T21:39:44.201,1.020,0.089,0.079,0.860
1750790384211,2025-06-24T21:39:44.211,1.030,0.040,0.075,0.865
1750790384221,2025-06-24T21:39:44.221,1.040,-0.007,0.077,0.879
1750790384231,2025-06-24T21:39:44.231,1.050,-0.076,0.106,0.909
1750790384241,2025-06-24T21:39:44.241,1.060,-0.084,0.116,0.938
1750790384251,2025-06-24T21:39:44.251,1.070,-0.029,0.092,0.948
1750790384261,2025-06-24T21:39:44.261,1.080,-0.030,0.081,0.969
1750790384271,2025-06-24T21:39:44.271,1.090,-0.086,0.081,0.976
1750790384281,2025-06-24T21:39:44.281,1.100,-0.146,0.091,0.979
1750790384291,2025-06-24T21:39:44.291,1.110,-0.166,0.117,0.978
1750790384301,2025-06-24T21:39:44.301,1.120,-0.095,0.125,0.979
1750790384311,2025-06-24T21:39:44.311,1.130,0.015,0.105,0.995
1750790384321,2025-06-24T21:39:44.321,1.140,0.094,0.084,1.006
1750790384331,2025-06-24T21:39:44.331,1.150,0.125,0.072,1.018
1750790384341,2025-06-24T21:39:44.341,1.160,0.105,0.077,1.026
1750790384351,2025-06-24T21:39:44.351,1.170,0.063,0.089,1.031
1750790384361,2025-06-24T21:39:44.361,1.180,0.027,0.096,1.024
1750790384371,2025-06-24T21:39:44.371,1.190,0.019,0.097,1.017
1750790384381,2025-06-24T21:39:44.381,1.200,0.026,0.096,1.013
1750790384391,2025-06-24T21:39:44.391,1.210,0.024,0.094,1.007
1750790384401,2025-06-24T21:39:44.401,1.220,0.019,0.095,1.006
1750790384411,2025-06-24T21:39:44.411,1.230,0.024,0.101,1.011
1750790384421,2025-06-24T21:39:44.421,1.240,0.041,0.099,1.023
1750790384431,2025-06-24T21:39:44.431,1.250,0.054,0.089,1.029
1750790384441,2025-06-24T21:39:44.441,1.260,0.050,0.086,1.027
1750790384451,2025-06-24T21:39:44.451,1.270,0.021,0.092,1.012
1750790384461,2025-06-24T21:39:44.461,1.280,-0.025,0.100,1.000
1750790384471,2025-06-24T21:39:44.471,1.290,-0.055,0.112,0.994
1750790384481,2025-06-24T21:39:44.481,1.300,-0.048,0.122,0.992
1750790384491,2025-06-24T21:39:44.491,1.310,-0.014,0.113,0.979
1750790384501,2025-06-24T21:39:44.501,1.320,0.021,0.100,0.965
1750790384511,2025-06-24T21:39:44.511,1.330,0.017,0.097,0.967
1750790384521,2025-06-24T21:39:44.521,1.340,-0.004,0.104,0.951
1750790384531,2025-06-24T21:39:44.531,1.350,0.001,0.111,0.917
1750790384541,2025-06-24T21:39:44.541,1.360,0.026,0.105,0.885
1750790384551,2025-06-24T21:39:44.551,1.370,0.063,0.101,0.853
1750790384561,2025-06-24T21:39:44.561,1.380,0.113,0.098,0.834
1750790384571,2025-06-24T21:39:44.571,1.390,0.153,0.096,0.813
1750790384581,2025-06-24T21:39:44.581,1.400,0.156,0.085,0.786
1750790384591,2025-06-24T21:39:44.591,1.410,0.185,0.073,0.754
1750790384601,2025-06-24T21:39:44.601,1.420,0.269,0.068,0.700
1750790384611,2025-06-24T21:39:44.611,1.430,0.399,0.040,0.586
1750790384621,2025-06-24T21:39:44.621,1.440,0.561,0.000,0.534
1750790384631,2025-06-24T21:39:44.631,1.450,0.767,-0.042,0.497
1750790384641,2025-06-24T21:39:44.641,1.460,0.993,-0.087,0.481
1750790384651,2025-06-24T21:39:44.651,1.470,1.167,-0.135,0.496
1750790384661,2025-06-24T21:39:44.661,1.480,1.249,-0.152,0.510
1750790384671,2025-06-24T21:39:44.671,1.490,1.213,-0.142,0.515
1750790384681,2025-06-24T21:39:44.681,1.500,1.154,-0.126,0.509
1750790384691,2025-06-24T21:39:44.691,1.510,1.137,-0.128,0.491
1750790384701,2025-06-24T21:39:44.701,1.520,1.147,-0.133,0.480
1750790384711,2025-06-24T21:39:44.711,1.530,1.143,-0.131,0.457
1750790384721,2025-06-24T21:39:44.721,1.540,1.135,-0.116,0.456
1750790384731,2025-06-24T21:39:44.731,1.550,1.108,-0.103,0.486
1750790384741,2025-06-24T21:39:44.741,1.560,1.058,-0.100,0.503
1750790384751,2025-06-24T21:39:44.751,1.570,1.008,-0.106,0.483
1750790384761,2025-06-24T21:39:44.761,1.580,1.021,-0.103,0.473
1750790384771,2025-06-24T21:39:44.771,1.590,1.088,-0.094,0.495
1750790384781,2025-06-24T21:39:44.781,1.600,1.164,-0.098,0.510
1750790384791,2025-06-24T21:39:44.791,1.610,1.247,-0.104,0.546
1750790384801,2025-06-24T21:39:44.801,1.620,1.266,-0.097,0.585
1750790384811,2025-06-24T21:39:44.811,1.630,1.171,-0.069,0.617
1750790384821,2025-06-24T21:39:44.821,1.640,0.965,-0.047,0.603
1750790384831,2025-06-24T21:39:44.831,1.650,0.689,-0.025,0.611
1750790384841,2025-06-24T21:39:44.841,1.660,0.423,0.001,0.608
1750790384851,2025-06-24T21:39:44.851,1.670,0.222,0.047,0.617
1750790384861,2025-06-24T21:39:44.861,1.680,0.079,0.098,0.676
1750790384871,2025-06-24T21:39:44.871,1.690,0.018,0.121,0.734
1750790384881,2025-06-24T21:39:44.881,1.700,0.035,0.107,0.792
1750790384891,2025-06-24T21:39:44.891,1.710,0.056,0.082,0.835
1750790384901,2025-06-24T21:39:44.901,1.720,-0.068,0.088,0.866
1750790384911,2025-06-24T21:39:44.911,1.730,-0.266,0.113,0.878
1750790384921,2025-06-24T21:39:44.921,1.740,-0.362,0.117,0.926
1750790384931,2025-06-24T21:39:44.931,1.750,-0.366,0.146,0.940
1750790384941,2025-06-24T21:39:44.941,1.760,-0.303,0.180,0.946
1750790384951,2025-06-24T21:39:44.951,1.770,-0.223,0.167,0.971
1750790384961,2025-06-24T21:39:44.961,1.780,-0.144,0.155,0.993
1750790384971,2025-06-24T21:39:44.971,1.790,-0.072,0.156,1.004
1750790384981,2025-06-24T21:39:44.981,1.800,-0.045,0.151,1.018
1750790384991,2025-06-24T21:39:44.991,1.810,-0.063,0.134,1.024
1750790385001,2025-06-24T21:39:45.001,1.820,-0.102,0.135,1.019
1750790385011,2025-06-24T21:39:45.011,1.830,-0.161,0.149,1.003
1750790385021,2025-06-24T21:39:45.021,1.840,-0.210,0.161,0.989
1750790385031,2025-06-24T21:39:45.031,1.850,-0.241,0.170,0.983
1750790385041,2025-06-24T21:39:45.041,1.860,-0.253,0.175,0.968
1750790385051,2025-06-24T21:39:45.051,1.870,-0.264,0.174,0.969
1750790385061,2025-06-24T21:39:45.061,1.880,-0.249,0.169,0.975
1750790385071,2025-06-24T21:39:45.071,1.890,-0.208,0.165,0.987
1750790385081,2025-06-24T21:39:45.081,1.900,-0.168,0.156,1.005
1750790385091,2025-06-24T21:39:45.091,1.910,-0.158,0.151,1.010
1750790385101,2025-06-24T21:39:45.101,1.920,-0.173,0.149,1.002
1750790385111,2025-06-24T21:39:45.111,1.930,-0.206,0.147,0.981
1750790385121,2025-06-24T21:39:45.121,1.940,-0.264,0.152,0.965
1750790385131,2025-06-24T21:39:45.131,1.950,-0.309,0.162,0.952
1750790385141,2025-06-24T21:39:45.141,1.960,-0.326,0.174,0.948
1750790385151,2025-06-24T21:39:45.151,1.970,-0.296,0.173,0.943
1750790385161,2025-06-24T21:39:45.161,1.980,-0.239,0.174,0.944
1750790385171,2025-06-24T21:39:45.171,1.990,-0.154,0.159,0.916
1750790385181,2025-06-24T21:39:45.181,2.000,-0.049,0.133,0.908
1750790385191,2025-06-24T21:39:45.191,2.010,0.035,0.115,0.905
1750790385201,2025-06-24T21:39:45.201,2.020,0.062,0.114,0.918
1750790385211,2025-06-24T21:39:45.211,2.030,0.063,0.108,0.892
1750790385221,2025-06-24T21:39:45.221,2.040,0.054,0.108,0.859
1750790385231,2025-06-24T21:39:45.231,2.050,0.047,0.117,0.845
1750790385241,2025-06-24T21:39:45.241,2.060,0.049,0.137,0.810
1750790385251,2025-06-24T21:39:45.251,2.070,0.106,0.114,0.680
1750790385261,2025-06-24T21:39:45.261,2.080,0.256,0.072,0.543
1750790385271,2025-06-24T21:39:45.271,2.090,0.484,0.024,0.484
1750790385281,2025-06-24T21:39:45.281,2.100,0.822,-0.029,0.458
1750790385291,2025-06-24T21:39:45.291,2.110,1.138,-0.082,0.494
1750790385301,2025-06-24T21:39:45.301,2.120,1.283,-0.136,0.535
1750790385311,2025-06-24T21:39:45.311,2.130,1.266,-0.154,0.546
1750790385321,2025-06-24T21:39:45.321,2.140,1.168,-0.137,0.556
1750790385331,2025-06-24T21:39:45.331,2.150,1.102,-0.117,0.564
1750790385341,2025-06-24T21:39:45.341,2.160,1.076,-0.110,0.551
1750790385351,2025-06-24T21:39:45.351,2.170,1.052,-0.116,0.526
1750790385361,2025-06-24T21:39:45.361,2.180,1.035,-0.115,0.497
1750790385371,2025-06-24T21:39:45.371,2.190,1.065,-0.108,0.486
1750790385381,2025-06-24T21:39:45.381,2.200,1.080,-0.109,0.489
1750790385391,2025-06-24T21:39:45.391,2.210,1.035,-0.099,0.485
1750790385401,2025-06-24T21:39:45.401,2.220,0.965,-0.084,0.482
1750790385411,2025-06-24T21:39:45.411,2.230,0.968,-0.077,0.467
1750790385421,2025-06-24T21:39:45.421,2.240,1.063,-0.085,0.487
1750790385431,2025-06-24T21:39:45.431,2.250,1.170,-0.098,0.518
1750790385441,2025-06-24T21:39:45.441,2.260,1.233,-0.099,0.564
1750790385451,2025-06-24T21:39:45.451,2.270,1.213,-0.082,0.593
1750790385461,2025-06-24T21:39:45.461,2.280,1.128,-0.067,0.584
1750790385471,2025-06-24T21:39:45.471,2.290,0.990,-0.055,0.563
1750790385481,2025-06-24T21:39:45.481,2.300,0.749,-0.015,0.572
1750790385491,2025-06-24T21:39:45.491,2.310,0.475,0.035,0.614
1750790385501,2025-06-24T21:39:45.501,2.320,0.266,0.047,0.642
1750790385511,2025-06-24T21:39:45.511,2.330,0.086,0.068,0.674
1750790385521,2025-06-24T21:39:45.521,2.340,-0.078,0.106,0.701
1750790385531,2025-06-24T21:39:45.531,2.350,-0.169,0.125,0.757
1750790385541,2025-06-24T21:39:45.541,2.360,-0.173,0.117,0.817
1750790385551,2025-06-24T21:39:45.551,2.370,-0.173,0.107,0.874
1750790385561,2025-06-24T21:39:45.561,2.380,-0.186,0.091,0.916
1750790385571,2025-06-24T21:39:45.571,2.390,-0.217,0.093,0.942
1750790385581,2025-06-24T21:39:45.581,2.400,-0.249,0.106,0.971
1750790385591,2025-06-24T21:39:45.591,2.410,-0.229,0.108,0.991
1750790385601,2025-06-24T21:39:45.601,2.420,-0.180,0.132,0.991
1750790385611,2025-06-24T21:39:45.611,2.430,-0.127,0.144,0.996
1750790385621,2025-06-24T21:39:45.621,2.440,-0.095,0.139,1.000
1750790385631,2025-06-24T21:39:45.631,2.450,-0.091,0.136,1.005
1750790385641,2025-06-24T21:39:45.641,2.460,-0.109,0.142,1.010
1750790385651,2025-06-24T21:39:45.651,2.470,-0.128,0.149,1.015
1750790385661,2025-06-24T21:39:45.661,2.480,-0.146,0.158,1.013
1750790385671,2025-06-24T21:39:45.671,2.490,-0.171,0.163,1.006
1750790385681,2025-06-24T21:39:45.681,2.500,-0.188,0.165,0.999
1750790385691,2025-06-24T21:39:45.691,2.510,-0.185,0.169,1.009
1750790385701,2025-06-24T21:39:45.701,2.520,-0.176,0.167,1.018
1750790385711,2025-06-24T21:39:45.711,2.530,-0.152,0.161,1.031
1750790385721,2025-06-24T21:39:45.721,2.540,-0.121,0.154,1.041
1750790385731,2025-06-24T21:39:45.731,2.550,-0.099,0.152,1.043
1750790385741,2025-06-24T21:39:45.741,2.560,-0.100,0.158,1.039
1750790385751,2025-06-24T21:39:45.751,2.570,-0.125,0.160,1.024
1750790385761,2025-06-24T21:39:45.761,2.580,-0.162,0.164,1.009
1750790385771,2025-06-24T21:39:45.771,2.590,-0.188,0.164,1.001
1750790385781,2025-06-24T21:39:45.781,2.600,-0.219,0.166,0.989
1750790385791,2025-06-24T21:39:45.791,2.610,-0.247,0.171,0.979
1750790385801,2025-06-24T21:39:45.801,2.620,-0.259,0.167,0.963
1750790385811,2025-06-24T21:39:45.811,2.630,-0.282,0.163,0.960
1750790385821,2025-06-24T21:39:45.821,2.640,-0.293,0.168,0.958
1750790385831,2025-06-24T21:39:45.831,2.650,-0.265,0.174,0.952
1750790385841,2025-06-24T21:39:45.841,2.660,-0.212,0.170,0.943
1750790385851,2025-06-24T21:39:45.851,2.670,-0.138,0.155,0.926
1750790385861,2025-06-24T21:39:45.861,2.680,-0.075,0.140,0.927
1750790385871,2025-06-24T21:39:45.871,2.690,-0.078,0.130,0.913
1750790385881,2025-06-24T21:39:45.881,2.700,-0.153,0.149,0.922
1750790385891,2025-06-24T21:39:45.891,2.710,-0.173,0.157,0.859
1750790385901,2025-06-24T21:39:45.901,2.720,-0.120,0.157,0.799
1750790385911,2025-06-24T21:39:45.911,2.730,0.054,0.139,0.721
1750790385921,2025-06-24T21:39:45.921,2.740,0.311,0.093,0.598
1750790385931,2025-06-24T21:39:45.931,2.750,0.599,0.037,0.554
1750790385941,2025-06-24T21:39:45.941,2.760,0.903,-0.023,0.552
1750790385951,2025-06-24T21:39:45.951,2.770,1.138,-0.071,0.582
1750790385961,2025-06-24T21:39:45.961,2.780,1.213,-0.095,0.637
1750790385971,2025-06-24T21:39:45.971,2.790,1.122,-0.104,0.638
1750790385981,2025-06-24T21:39:45.981,2.800,0.988,-0.091,0.615
1750790385991,2025-06-24T21:39:45.991,2.810,0.892,-0.068,0.586
1750790386001,2025-06-24T21:39:46.001,2.820,0.928,-0.063,0.547
1750790386011,2025-06-24T21:39:46.011,2.830,1.038,-0.092,0.531
1750790386021,2025-06-24T21:39:46.021,2.840,1.090,-0.114,0.521
1750790386031,2025-06-24T21:39:46.031,2.850,1.091,-0.109,0.522
1750790386041,2025-06-24T21:39:46.041,2.860,1.078,-0.096,0.530
1750790386051,2025-06-24T21:39:46.051,2.870,1.073,-0.096,0.535
1750790386061,2025-06-24T21:39:46.061,2.880,1.064,-0.095,0.545
1750790386071,2025-06-24T21:39:46.071,2.890,1.007,-0.084,0.550
1750790386081,2025-06-24T21:39:46.081,2.900,0.941,-0.075,0.538
1750790386091,2025-06-24T21:39:46.091,2.910,0.958,-0.078,0.530
1750790386101,2025-06-24T21:39:46.101,2.920,1.047,-0.090,0.546
1750790386111,2025-06-24T21:39:46.111,2.930,1.123,-0.099,0.573
1750790386121,2025-06-24T21:39:46.121,2.940,1.161,-0.094,0.616
1750790386131,2025-06-24T21:39:46.131,2.950,1.128,-0.082,0.628
1750790386141,2025-06-24T21:39:46.141,2.960,1.032,-0.070,0.599
1750790386151,2025-06-24T21:39:46.151,2.970,0.846,-0.042,0.584
1750790386161,2025-06-24T21:39:46.161,2.980,0.531,0.008,0.616
1750790386171,2025-06-24T21:39:46.171,2.990,0.180,0.037,0.617
1750790386181,2025-06-24T21:39:46.181,3.000,-0.083,0.059,0.624
1750790386191,2025-06-24T21:39:46.191,3.010,-0.221,0.112,0.707
1750790386201,2025-06-24T21:39:46.201,3.020,-0.191,0.143,0.790
1750790386211,2025-06-24T21:39:46.211,3.030,-0.044,0.126,0.845
1750790386221,2025-06-24T21:39:46.221,3.040,0.112,0.080,0.891
1750790386231,2025-06-24T21:39:46.231,3.050,0.175,0.041,0.918
1750790386241,2025-06-24T21:39:46.241,3.060,0.092,0.040,0.926
1750790386251,2025-06-24T21:39:46.251,3.070,-0.092,0.067,0.932
1750790386261,2025-06-24T21:39:46.261,3.080,-0.241,0.095,0.938
1750790386271,2025-06-24T21:39:46.271,3.090,-0.281,0.113,0.958
1750790386281,2025-06-24T21:39:46.281,3.100,-0.257,0.126,0.942
1750790386291,2025-06-24T21:39:46.291,3.110,-0.199,0.138,0.930
1750790386301,2025-06-24T21:39:46.301,3.120,-0.112,0.132,0.946
1750790386311,2025-06-24T21:39:46.311,3.130,0.004,0.109,0.982
1750790386321,2025-06-24T21:39:46.321,3.140,0.099,0.083,1.025
1750790386331,2025-06-24T21:39:46.331,3.150,0.116,0.068,1.042
1750790386341,2025-06-24T21:39:46.341,3.160,0.088,0.067,1.041
1750790386351,2025-06-24T21:39:46.351,3.170,0.045,0.084,1.037
1750790386361,2025-06-24T21:39:46.361,3.180,-0.000,0.104,1.015
1750790386371,2025-06-24T21:39:46.371,3.190,-0.027,0.108,0.993
1750790386381,2025-06-24T21:39:46.381,3.200,-0.030,0.113,0.983
1750790386391,2025-06-24T21:39:46.391,3.210,-0.028,0.113,0.983
1750790386401,2025-06-24T21:39:46.401,3.220,-0.037,0.103,0.996
1750790386411,2025-06-24T21:39:46.411,3.230,-0.045,0.101,1.000
1750790386421,2025-06-24T21:39:46.421,3.240,-0.042,0.106,1.003
1750790386431,2025-06-24T21:39:46.431,3.250,-0.023,0.107,1.004
1750790386441,2025-06-24T21:39:46.441,3.260,-0.004,0.106,1.006
1750790386451,2025-06-24T21:39:46.451,3.270,-0.008,0.103,1.000
1750790386461,2025-06-24T21:39:46.461,3.280,-0.051,0.113,1.001
1750790386471,2025-06-24T21:39:46.471,3.290,-0.079,0.119,0.982
1750790386481,2025-06-24T21:39:46.481,3.300,-0.063,0.122,0.964
1750790386491,2025-06-24T21:39:46.491,3.310,0.005,0.119,0.940
1750790386501,2025-06-24T21:39:46.501,3.320,0.077,0.117,0.917
1750790386511,2025-06-24T21:39:46.511,3.330,0.112,0.116,0.893
1750790386521,2025-06-24T21:39:46.521,3.340,0.124,0.106,0.876
1750790386531,2025-06-24T21:39:46.531,3.350,0.134,0.089,0.864
1750790386541,2025-06-24T21:39:46.541,3.360,0.153,0.089,0.816
1750790386551,2025-06-24T21:39:46.551,3.370,0.172,0.091,0.786
1750790386561,2025-06-24T21:39:46.561,3.380,0.221,0.079,0.737
1750790386571,2025-06-24T21:39:46.571,3.390,0.345,0.063,0.662
1750790386581,2025-06-24T21:39:46.581,3.400,0.489,0.060,0.644
1750790386591,2025-06-24T21:39:46.591,3.410,0.610,0.043,0.573
1750790386601,2025-06-24T21:39:46.601,3.420,0.736,0.009,0.453
1750790386611,2025-06-24T21:39:46.611,3.430,0.909,-0.022,0.396
1750790386621,2025-06-24T21:39:46.621,3.440,1.101,-0.048,0.429
1750790386631,2025-06-24T21:39:46.631,3.450,1.242,-0.104,0.442
1750790386641,2025-06-24T21:39:46.641,3.460,1.316,-0.150,0.465
1750790386651,2025-06-24T21:39:46.651,3.470,1.333,-0.150,0.479
1750790386661,2025-06-24T21:39:46.661,3.480,1.302,-0.129,0.453
1750790386671,2025-06-24T21:39:46.671,3.490,1.231,-0.111,0.424
1750790386681,2025-06-24T21:39:46.681,3.500,1.172,-0.099,0.400
1750790386691,2025-06-24T21:39:46.691,3.510,1.168,-0.102,0.397
1750790386701,2025-06-24T21:39:46.701,3.520,1.168,-0.107,0.399
1750790386711,2025-06-24T21:39:46.711,3.530,1.134,-0.094,0.423
1750790386721,2025-06-24T21:39:46.721,3.540,1.130,-0.082,0.436
1750790386731,2025-06-24T21:39:46.731,3.550,1.175,-0.097,0.447
1750790386741,2025-06-24T21:39:46.741,3.560,1.206,-0.107,0.465
1750790386751,2025-06-24T21:39:46.751,3.570,1.225,-0.104,0.487
1750790386761,2025-06-24T21:39:46.761,3.580,1.250,-0.096,0.535
1750790386771,2025-06-24T21:39:46.771,3.590,1.251,-0.087,0.571
1750790386781,2025-06-24T21:39:46.781,3.600,1.172,-0.074,0.569
1750790386791,2025-06-24T21:39:46.791,3.610,1.007,-0.046,0.567
1750790386801,2025-06-24T21:39:46.801,3.620,0.778,-0.011,0.586
1750790386811,2025-06-24T21:39:46.811,3.630,0.512,0.031,0.607
1750790386821,2025-06-24T21:39:46.821,3.640,0.245,0.075,0.638
1750790386831,2025-06-24T21:39:46.831,3.650,0.014,0.104,0.671
1750790386841,2025-06-24T21:39:46.841,3.660,-0.157,0.128,0.731
1750790386851,2025-06-24T21:39:46.851,3.670,-0.255,0.146,0.781
1750790386861,2025-06-24T21:39:46.861,3.680,-0.364,0.152,0.849
1750790386871,2025-06-24T21:39:46.871,3.690,-0.423,0.136,0.900
1750790386881,2025-06-24T21:39:46.881,3.700,-0.406,0.128,0.931
1750790386891,2025-06-24T21:39:46.891,3.710,-0.363,0.140,0.962
1750790386901,2025-06-24T21:39:46.901,3.720,-0.286,0.139,1.000
1750790386911,2025-06-24T21:39:46.911,3.730,-0.161,0.141,1.028
1750790386921,2025-06-24T21:39:46.921,3.740,-0.010,0.131,1.065
1750790386931,2025-06-24T21:39:46.931,3.750,0.103,0.108,1.088
1750790386941,2025-06-24T21:39:46.941,3.760,0.157,0.097,1.088
1750790386951,2025-06-24T21:39:46.951,3.770,0.143,0.098,1.087
1750790386961,2025-06-24T21:39:46.961,3.780,0.075,0.096,1.058
1750790386971,2025-06-24T21:39:46.971,3.790,-0.010,0.092,1.011
1750790386981,2025-06-24T21:39:46.981,3.800,-0.094,0.092,0.983
1750790386991,2025-06-24T21:39:46.991,3.810,-0.156,0.089,0.991
1750790387001,2025-06-24T21:39:47.001,3.820,-0.169,0.083,0.991
1750790387011,2025-06-24T21:39:47.011,3.830,-0.141,0.079,0.997
1750790387021,2025-06-24T21:39:47.021,3.840,-0.106,0.071,1.007
1750790387031,2025-06-24T21:39:47.031,3.850,-0.064,0.061,1.015
1750790387041,2025-06-24T21:39:47.041,3.860,-0.036,0.056,1.023
1750790387051,2025-06-24T21:39:47.051,3.870,-0.040,0.049,1.013
1750790387061,2025-06-24T21:39:47.061,3.880,-0.055,0.053,0.991
1750790387071,2025-06-24T21:39:47.071,3.890,-0.070,0.054,0.994
1750790387081,2025-06-24T21:39:47.081,3.900,-0.094,0.047,0.991
1750790387091,2025-06-24T21:39:47.091,3.910,-0.113,0.047,0.980
1750790387101,2025-06-24T21:39:47.101,3.920,-0.113,0.055,0.981
1750790387111,2025-06-24T21:39:47.111,3.930,-0.112,0.052,0.981
1750790387121,2025-06-24T21:39:47.121,3.940,-0.118,0.042,0.957
1750790387131,2025-06-24T21:39:47.131,3.950,-0.140,0.038,0.941
1750790387141,2025-06-24T21:39:47.141,3.960,-0.173,0.037,0.967
1750790387151,2025-06-24T21:39:47.151,3.970,-0.178,0.022,0.976
1750790387161,2025-06-24T21:39:47.161,3.980,-0.150,0.020,0.973
1750790387171,2025-06-24T21:39:47.171,3.990,-0.109,0.015,0.956
1750790387181,2025-06-24T21:39:47.181,4.000,-0.125,0.016,0.947
1750790387191,2025-06-24T21:39:47.191,4.010,-0.163,0.023,0.950
1750790387201,2025-06-24T21:39:47.201,4.020,-0.163,0.036,0.932
1750790387211,2025-06-24T21:39:47.211,4.030,-0.116,0.025,0.894
1750790387221,2025-06-24T21:39:47.221,4.040,-0.046,0.007,0.885
1750790387231,2025-06-24T21:39:47.231,4.050,0.015,-0.006,0.885
1750790387241,2025-06-24T21:39:47.241,4.060,0.039,-0.016,0.869
1750790387251,2025-06-24T21:39:47.251,4.070,0.035,-0.007,0.872
1750790387261,2025-06-24T21:39:47.261,4.080,0.057,-0.007,0.833
1750790387271,2025-06-24T21:39:47.271,4.090,0.120,-0.019,0.784
1750790387281,2025-06-24T21:39:47.281,4.100,0.227,-0.039,0.755
1750790387291,2025-06-24T21:39:47.291,4.110,0.417,-0.078,0.696
1750790387301,2025-06-24T21:39:47.301,4.120,0.635,-0.117,0.676
1750790387311,2025-06-24T21:39:47.311,4.130,0.796,-0.141,0.703
1750790387321,2025-06-24T21:39:47.321,4.140,0.879,-0.155,0.710
1750790387331,2025-06-24T21:39:47.331,4.150,0.935,-0.170,0.711
1750790387341,2025-06-24T21:39:47.341,4.160,0.970,-0.174,0.722
1750790387351,2025-06-24T21:39:47.351,4.170,0.988,-0.171,0.734
1750790387361,2025-06-24T21:39:47.361,4.180,0.976,-0.189,0.745
1750790387371,2025-06-24T21:39:47.371,4.190,0.936,-0.204,0.719
1750790387381,2025-06-24T21:39:47.381,4.200,0.872,-0.203,0.684
1750790387391,2025-06-24T21:39:47.391,4.210,0.828,-0.199,0.682
1750790387401,2025-06-24T21:39:47.401,4.220,0.821,-0.183,0.689
1750790387411,2025-06-24T21:39:47.411,4.230,0.809,-0.174,0.729
1750790387421,2025-06-24T21:39:47.421,4.240,0.802,-0.176,0.729
1750790387431,2025-06-24T21:39:47.431,4.250,0.848,-0.175,0.740
1750790387441,2025-06-24T21:39:47.441,4.260,0.888,-0.166,0.760
1750790387451,2025-06-24T21:39:47.451,4.270,0.892,-0.151,0.774
1750790387461,2025-06-24T21:39:47.461,4.280,0.846,-0.146,0.786
1750790387471,2025-06-24T21:39:47.471,4.290,0.735,-0.136,0.768
1750790387481,2025-06-24T21:39:47.481,4.300,0.579,-0.112,0.767
1750790387491,2025-06-24T21:39:47.491,4.310,0.402,-0.088,0.768
1750790387501,2025-06-24T21:39:47.501,4.320,0.222,-0.066,0.792
1750790387511,2025-06-24T21:39:47.511,4.330,0.023,-0.047,0.824
1750790387521,2025-06-24T21:39:47.521,4.340,-0.167,-0.021,0.830
1750790387531,2025-06-24T21:39:47.531,4.350,-0.387,0.021,0.845
1750790387541,2025-06-24T21:39:47.541,4.360,-0.499,0.030,0.855
1750790387551,2025-06-24T21:39:47.551,4.370,-0.499,0.032,0.861
1750790387561,2025-06-24T21:39:47.561,4.380,-0.457,0.034,0.891
1750790387571,2025-06-24T21:39:47.571,4.390,-0.367,0.012,0.945
1750790387581,2025-06-24T21:39:47.581,4.400,-0.251,0.008,0.989
1750790387591,2025-06-24T21:39:47.591,4.410,-0.105,0.010,1.035
1750790387601,2025-06-24T21:39:47.601,4.420,0.034,-0.008,1.070
1750790387611,2025-06-24T21:39:47.611,4.430,0.090,-0.023,1.072
1750790387621,2025-06-24T21:39:47.621,4.440,0.068,-0.025,1.069
1750790387631,2025-06-24T21:39:47.631,4.450,0.012,-0.016,1.044
1750790387641,2025-06-24T21:39:47.641,4.460,-0.054,-0.005,1.026
1750790387651,2025-06-24T21:39:47.651,4.470,-0.124,0.000,0.999
1750790387661,2025-06-24T21:39:47.661,4.480,-0.181,0.007,0.980
1750790387671,2025-06-24T21:39:47.671,4.490,-0.212,0.000,0.981
1750790387681,2025-06-24T21:39:47.681,4.500,-0.220,0.007,0.981
1750790387691,2025-06-24T21:39:47.691,4.510,-0.210,0.020,0.988
1750790387701,2025-06-24T21:39:47.701,4.520,-0.189,0.014,1.000
1750790387711,2025-06-24T21:39:47.711,4.530,-0.176,0.007,1.008
1750790387721,2025-06-24T21:39:47.721,4.540,-0.177,0.005,1.014
1750790387731,2025-06-24T21:39:47.731,4.550,-0.185,0.008,1.012
1750790387741,2025-06-24T21:39:47.741,4.560,-0.185,0.015,1.003
1750790387751,2025-06-24T21:39:47.751,4.570,-0.203,0.026,0.984
1750790387761,2025-06-24T21:39:47.761,4.580,-0.208,0.034,0.976
1750790387771,2025-06-24T21:39:47.771,4.590,-0.222,0.029,0.977
1750790387781,2025-06-24T21:39:47.781,4.600,-0.266,0.029,0.963
1750790387791,2025-06-24T21:39:47.791,4.610,-0.295,0.045,0.968
1750790387801,2025-06-24T21:39:47.801,4.620,-0.299,0.050,0.974
1750790387811,2025-06-24T21:39:47.811,4.630,-0.282,0.036,0.966
1750790387821,2025-06-24T21:39:47.821,4.640,-0.251,0.035,0.965
1750790387831,2025-06-24T21:39:47.831,4.650,-0.176,0.047,0.971
1750790387841,2025-06-24T21:39:47.841,4.660,-0.104,0.035,0.950
1750790387851,2025-06-24T21:39:47.851,4.670,-0.051,0.014,0.933
1750790387861,2025-06-24T21:39:47.861,4.680,-0.010,0.005,0.902
1750790387871,2025-06-24T21:39:47.871,4.690,-0.024,0.017,0.892
1750790387881,2025-06-24T21:39:47.881,4.700,-0.069,0.013,0.884
1750790387891,2025-06-24T21:39:47.891,4.710,-0.118,0.008,0.901
1750790387901,2025-06-24T21:39:47.901,4.720,-0.107,0.007,0.880
1750790387911,2025-06-24T21:39:47.911,4.730,0.007,0.013,0.787
1750790387921,2025-06-24T21:39:47.921,4.740,0.184,-0.014,0.599
1750790387931,2025-06-24T21:39:47.931,4.750,0.399,-0.044,0.481
1750790387941,2025-06-24T21:39:47.941,4.760,0.681,-0.079,0.403
1750790387951,2025-06-24T21:39:47.951,4.770,1.026,-0.128,0.405
1750790387961,2025-06-24T21:39:47.961,4.780,1.236,-0.185,0.474
1750790387971,2025-06-24T21:39:47.971,4.790,1.278,-0.235,0.523
1750790387981,2025-06-24T21:39:47.981,4.800,1.202,-0.238,0.546
1750790387991,2025-06-24T21:39:47.991,4.810,1.074,-0.198,0.550
1750790388001,2025-06-24T21:39:48.001,4.820,1.024,-0.166,0.528
1750790388011,2025-06-24T21:39:48.011,4.830,1.025,-0.171,0.502
1750790388021,2025-06-24T21:39:48.021,4.840,1.038,-0.190,0.479
1750790388031,2025-06-24T21:39:48.031,4.850,1.079,-0.195,0.472
1750790388041,2025-06-24T21:39:48.041,4.860,1.104,-0.197,0.482
1750790388051,2025-06-24T21:39:48.051,4.870,1.106,-0.192,0.484
1750790388061,2025-06-24T21:39:48.061,4.880,1.101,-0.182,0.478
1750790388071,2025-06-24T21:39:48.071,4.890,1.066,-0.178,0.478
1750790388081,2025-06-24T21:39:48.081,4.900,1.014,-0.177,0.478
1750790388091,2025-06-24T21:39:48.091,4.910,0.983,-0.174,0.477
1750790388101,2025-06-24T21:39:48.101,4.920,1.008,-0.185,0.487
1750790388111,2025-06-24T21:39:48.111,4.930,1.093,-0.195,0.508
1750790388121,2025-06-24T21:39:48.121,4.940,1.178,-0.208,0.526
1750790388131,2025-06-24T21:39:48.131,4.950,1.239,-0.210,0.547
1750790388141,2025-06-24T21:39:48.141,4.960,1.246,-0.193,0.573
1750790388151,2025-06-24T21:39:48.151,4.970,1.192,-0.176,0.571
1750790388161,2025-06-24T21:39:48.161,4.980,1.059,-0.164,0.546
1750790388171,2025-06-24T21:39:48.171,4.990,0.820,-0.125,0.547
1750790388181,2025-06-24T21:39:48.181,5.000,0.513,-0.086,0.585
1750790388191,2025-06-24T21:39:48.191,5.010,0.253,-0.064,0.601
1750790388201,2025-06-24T21:39:48.201,5.020,0.065,-0.018,0.659
1750790388211,2025-06-24T21:39:48.211,5.030,-0.052,0.036,0.737
1750790388221,2025-06-24T21:39:48.221,5.040,-0.101,0.042,0.789
1750790388231,2025-06-24T21:39:48.231,5.050,-0.073,0.020,0.834
1750790388241,2025-06-24T21:39:48.241,5.060,-0.035,0.012,0.859
1750790388251,2025-06-24T21:39:48.251,5.070,-0.103,0.023,0.886
1750790388261,2025-06-24T21:39:48.261,5.080,-0.226,0.032,0.921
1750790388271,2025-06-24T21:39:48.271,5.090,-0.294,0.047,0.939
1750790388281,2025-06-24T21:39:48.281,5.100,-0.299,0.061,0.962
1750790388291,2025-06-24T21:39:48.291,5.110,-0.256,0.054,0.993
1750790388301,2025-06-24T21:39:48.301,5.120,-0.189,0.050,1.001
1750790388311,2025-06-24T21:39:48.311,5.130,-0.117,0.056,1.011
1750790388321,2025-06-24T21:39:48.321,5.140,-0.054,0.054,1.023
1750790388331,2025-06-24T21:39:48.331,5.150,-0.015,0.039,1.038
1750790388341,2025-06-24T21:39:48.341,5.160,-0.005,0.033,1.041
1750790388351,2025-06-24T21:39:48.351,5.170,0.005,0.034,1.036
1750790388361,2025-06-24T21:39:48.361,5.180,-0.002,0.035,1.032
1750790388371,2025-06-24T21:39:48.371,5.190,-0.022,0.035,1.018
1750790388381,2025-06-24T21:39:48.381,5.200,-0.043,0.036,1.011
1750790388391,2025-06-24T21:39:48.391,5.210,-0.065,0.042,1.013
1750790388401,2025-06-24T21:39:48.401,5.220,-0.085,0.044,1.014
1750790388411,2025-06-24T21:39:48.411,5.230,-0.096,0.046,1.015
1750790388421,2025-06-24T21:39:48.421,5.240,-0.086,0.046,1.022
1750790388431,2025-06-24T21:39:48.431,5.250,-0.073,0.046,1.017
1750790388441,2025-06-24T21:39:48.441,5.260,-0.062,0.046,1.021
1750790388451,2025-06-24T21:39:48.451,5.270,-0.055,0.048,1.017
1750790388461,2025-06-24T21:39:48.461,5.280,-0.055,0.049,1.010
1750790388471,2025-06-24T21:39:48.471,5.290,-0.071,0.040,1.004
1750790388481,2025-06-24T21:39:48.481,5.300,-0.113,0.035,0.984
1750790388491,2025-06-24T21:39:48.491,5.310,-0.185,0.041,0.960
1750790388501,2025-06-24T21:39:48.501,5.320,-0.233,0.057,0.951
1750790388511,2025-06-24T21:39:48.511,5.330,-0.225,0.067,0.945
1750790388521,2025-06-24T21:39:48.521,5.340,-0.176,0.056,0.938
1750790388531,2025-06-24T21:39:48.531,5.350,-0.113,0.037,0.940
1750790388541,2025-06-24T21:39:48.541,5.360,-0.089,0.028,0.937
1750790388551,2025-06-24T21:39:48.551,5.370,-0.112,0.029,0.918
1750790388561,2025-06-24T21:39:48.561,5.380,-0.182,0.046,0.890
1750790388571,2025-06-24T21:39:48.571,5.390,-0.261,0.069,0.852
1750790388581,2025-06-24T21:39:48.581,5.400,-0.297,0.111,0.823
1750790388591,2025-06-24T21:39:48.591,5.410,-0.204,0.105,0.649
1750790388601,2025-06-24T21:39:48.601,5.420,0.009,0.072,0.515
1750790388611,2025-06-24T21:39:48.611,5.430,0.296,0.007,0.428
1750790388621,2025-06-24T21:39:48.621,5.440,0.642,-0.063,0.410
1750790388631,2025-06-24T21:39:48.631,5.450,1.003,-0.142,0.435
1750790388641,2025-06-24T21:39:48.641,5.460,1.256,-0.198,0.486
1750790388651,2025-06-24T21:39:48.651,5.470,1.307,-0.228,0.537
1750790388661,2025-06-24T21:39:48.661,5.480,1.219,-0.231,0.553
1750790388671,2025-06-24T21:39:48.671,5.490,1.082,-0.194,0.555
1750790388681,2025-06-24T21:39:48.681,5.500,1.000,-0.171,0.533
1750790388691,2025-06-24T21:39:48.691,5.510,1.024,-0.186,0.489
1750790388701,2025-06-24T21:39:48.701,5.520,1.079,-0.207,0.471
1750790388711,2025-06-24T21:39:48.711,5.530,1.112,-0.204,0.478
1750790388721,2025-06-24T21:39:48.721,5.540,1.122,-0.191,0.481
1750790388731,2025-06-24T21:39:48.731,5.550,1.103,-0.182,0.472
1750790388741,2025-06-24T21:39:48.741,5.560,1.089,-0.175,0.462
1750790388751,2025-06-24T21:39:48.751,5.570,1.091,-0.174,0.490
1750790388761,2025-06-24T21:39:48.761,5.580,1.087,-0.175,0.515
1750790388771,2025-06-24T21:39:48.771,5.590,1.044,-0.166,0.517
1750790388781,2025-06-24T21:39:48.781,5.600,1.034,-0.161,0.519
1750790388791,2025-06-24T21:39:48.791,5.610,1.087,-0.158,0.532
1750790388801,2025-06-24T21:39:48.801,5.620,1.150,-0.159,0.563
1750790388811,2025-06-24T21:39:48.811,5.630,1.196,-0.160,0.592
1750790388821,2025-06-24T21:39:48.821,5.640,1.204,-0.155,0.611
1750790388831,2025-06-24T21:39:48.831,5.650,1.154,-0.137,0.593
1750790388841,2025-06-24T21:39:48.841,5.660,1.043,-0.112,0.564
1750790388851,2025-06-24T21:39:48.851,5.670,0.883,-0.092,0.557
1750790388861,2025-06-24T21:39:48.861,5.680,0.661,-0.059,0.566
1750790388871,2025-06-24T21:39:48.871,5.690,0.406,-0.018,0.608
1750790388881,2025-06-24T21:39:48.881,5.700,0.177,0.004,0.649
1750790388891,2025-06-24T21:39:48.891,5.710,-0.033,0.036,0.676
1750790388901,2025-06-24T21:39:48.901,5.720,-0.236,0.073,0.702
1750790388911,2025-06-24T21:39:48.911,5.730,-0.430,0.111,0.734
1750790388921,2025-06-24T21:39:48.921,5.740,-0.542,0.114,0.797
1750790388931,2025-06-24T21:39:48.931,5.750,-0.551,0.111,0.837
1750790388941,2025-06-24T21:39:48.941,5.760,-0.528,0.132,0.875
1750790388951,2025-06-24T21:39:48.951,5.770,-0.499,0.141,0.924
1750790388961,2025-06-24T21:39:48.961,5.780,-0.438,0.132,0.976
1750790388971,2025-06-24T21:39:48.971,5.790,-0.318,0.126,1.005
1750790388981,2025-06-24T21:39:48.981,5.800,-0.173,0.124,1.046
1750790388991,2025-06-24T21:39:48.991,5.810,-0.035,0.109,1.061
1750790389001,2025-06-24T21:39:49.001,5.820,0.050,0.088,1.082
1750790389011,2025-06-24T21:39:49.011,5.830,0.046,0.079,1.083
1750790389021,2025-06-24T21:39:49.021,5.840,-0.013,0.083,1.057
1750790389031,2025-06-24T21:39:49.031,5.850,-0.082,0.092,1.024
1750790389041,2025-06-24T21:39:49.041,5.860,-0.147,0.099,1.003
1750790389051,2025-06-24T21:39:49.051,5.870,-0.202,0.100,0.993
1750790389061,2025-06-24T21:39:49.061,5.880,-0.236,0.101,0.995
1750790389071,2025-06-24T21:39:49.071,5.890,-0.246,0.099,1.000
1750790389081,2025-06-24T21:39:49.081,5.900,-0.238,0.096,1.010
1750790389091,2025-06-24T21:39:49.091,5.910,-0.222,0.101,1.013
1750790389101,2025-06-24T21:39:49.101,5.920,-0.190,0.098,1.024
1750790389111,2025-06-24T21:39:49.111,5.930,-0.154,0.087,1.032
1750790389121,2025-06-24T21:39:49.121,5.940,-0.128,0.091,1.029
1750790389131,2025-06-24T21:39:49.131,5.950,-0.136,0.097,1.027
1750790389141,2025-06-24T21:39:49.141,5.960,-0.166,0.094,1.015
1750790389151,2025-06-24T21:39:49.151,5.970,-0.200,0.091,1.007
1750790389161,2025-06-24T21:39:49.161,5.980,-0.232,0.093,0.994
1750790389171,2025-06-24T21:39:49.171,5.990,-0.257,0.097,0.978
1750790389181,2025-06-24T21:39:49.181,6.000,-0.271,0.096,0.968
1750790389191,2025-06-24T21:39:49.191,6.010,-0.288,0.092,0.953
1750790389201,2025-06-24T21:39:49.201,6.020,-0.288,0.090,0.937
1750790389211,2025-06-24T21:39:49.211,6.030,-0.263,0.093,0.931
1750790389221,2025-06-24T21:39:49.221,6.040,-0.243,0.082,0.929
1750790389231,2025-06-24T21:39:49.231,6.050,-0.235,0.077,0.947
1750790389241,2025-06-24T21:39:49.241,6.060,-0.206,0.081,0.948
1750790389251,2025-06-24T21:39:49.251,6.070,-0.167,0.084,0.922
1750790389261,2025-06-24T21:39:49.261,6.080,-0.131,0.086,0.915
1750790389271,2025-06-24T21:39:49.271,6.090,-0.083,0.074,0.899
1750790389281,2025-06-24T21:39:49.281,6.100,-0.056,0.063,0.893
1750790389291,2025-06-24T21:39:49.291,6.110,-0.046,0.068,0.874
1750790389301,2025-06-24T21:39:49.301,6.120,-0.025,0.073,0.849
1750790389311,2025-06-24T21:39:49.311,6.130,-0.026,0.078,0.836
1750790389321,2025-06-24T21:39:49.321,6.140,0.060,0.067,0.743
1750790389331,2025-06-24T21:39:49.331,6.150,0.233,0.044,0.627
1750790389341,2025-06-24T21:39:49.341,6.160,0.429,0.015,0.554
1750790389351,2025-06-24T21:39:49.351,6.170,0.677,-0.045,0.491
1750790389361,2025-06-24T21:39:49.361,6.180,0.899,-0.091,0.501
1750790389371,2025-06-24T21:39:49.371,6.190,1.058,-0.124,0.536
1750790389381,2025-06-24T21:39:49.381,6.200,1.134,-0.163,0.575
1750790389391,2025-06-24T21:39:49.391,6.210,1.117,-0.193,0.608
1750790389401,2025-06-24T21:39:49.401,6.220,1.086,-0.186,0.628
1750790389411,2025-06-24T21:39:49.411,6.230,1.063,-0.165,0.636
1750790389421,2025-06-24T21:39:49.421,6.240,1.001,-0.159,0.603
1750790389431,2025-06-24T21:39:49.431,6.250,0.940,-0.155,0.559
1750790389441,2025-06-24T21:39:49.441,6.260,0.917,-0.134,0.537
1750790389451,2025-06-24T21:39:49.451,6.270,0.932,-0.122,0.530
1750790389461,2025-06-24T21:39:49.461,6.280,0.978,-0.135,0.533
1750790389471,2025-06-24T21:39:49.471,6.290,1.033,-0.146,0.552
1750790389481,2025-06-24T21:39:49.481,6.300,1.051,-0.146,0.582
1750790389491,2025-06-24T21:39:49.491,6.310,1.038,-0.137,0.599
1750790389501,2025-06-24T21:39:49.501,6.320,0.987,-0.130,0.599
1750790389511,2025-06-24T21:39:49.511,6.330,0.963,-0.126,0.592
1750790389521,2025-06-24T21:39:49.521,6.340,1.014,-0.126,0.611
1750790389531,2025-06-24T21:39:49.531,6.350,1.084,-0.135,0.645
1750790389541,2025-06-24T21:39:49.541,6.360,1.131,-0.143,0.667
1750790389551,2025-06-24T21:39:49.551,6.370,1.121,-0.140,0.670
1750790389561,2025-06-24T21:39:49.561,6.380,1.063,-0.120,0.662
1750790389571,2025-06-24T21:39:49.571,6.390,0.955,-0.102,0.645
1750790389581,2025-06-24T21:39:49.581,6.400,0.764,-0.068,0.639
1750790389591,2025-06-24T21:39:49.591,6.410,0.512,-0.032,0.660
1750790389601,2025-06-24T21:39:49.601,6.420,0.263,-0.016,0.674
1750790389611,2025-06-24T21:39:49.611,6.430,0.008,0.016,0.724
1750790389621,2025-06-24T21:39:49.621,6.440,-0.176,0.051,0.757
1750790389631,2025-06-24T21:39:49.631,6.450,-0.216,0.067,0.795
1750790389641,2025-06-24T21:39:49.641,6.460,-0.166,0.073,0.845
1750790389651,2025-06-24T21:39:49.651,6.470,-0.072,0.059,0.892
1750790389661,2025-06-24T21:39:49.661,6.480,0.021,0.035,0.927
1750790389671,2025-06-24T21:39:49.671,6.490,0.036,0.032,0.959
1750790389681,2025-06-24T21:39:49.681,6.500,-0.020,0.032,0.979
1750790389691,2025-06-24T21:39:49.691,6.510,-0.066,0.032,0.997
1750790389701,2025-06-24T21:39:49.701,6.520,-0.067,0.040,1.017
1750790389711,2025-06-24T21:39:49.711,6.530,-0.037,0.045,1.025
1750790389721,2025-06-24T21:39:49.721,6.540,-0.023,0.048,1.014
1750790389731,2025-06-24T21:39:49.731,6.550,-0.042,0.053,1.002
1750790389741,2025-06-24T21:39:49.741,6.560,-0.072,0.060,0.999
1750790389751,2025-06-24T21:39:49.751,6.570,-0.103,0.062,1.000
1750790389761,2025-06-24T21:39:49.761,6.580,-0.131,0.060,0.995
1750790389771,2025-06-24T21:39:49.771,6.590,-0.157,0.063,0.985
1750790389781,2025-06-24T21:39:49.781,6.600,-0.162,0.069,0.983
1750790389791,2025-06-24T21:39:49.791,6.610,-0.151,0.067,0.993
1750790389801,2025-06-24T21:39:49.801,6.620,-0.136,0.057,1.004
1750790389811,2025-06-24T21:39:49.811,6.630,-0.119,0.052,1.019
1750790389821,2025-06-24T21:39:49.821,6.640,-0.099,0.058,1.021
1750790389831,2025-06-24T21:39:49.831,6.650,-0.086,0.067,1.024
1750790389841,2025-06-24T21:39:49.841,6.660,-0.084,0.069,1.020
1750790389851,2025-06-24T21:39:49.851,6.670,-0.103,0.069,1.012
1750790389861,2025-06-24T21:39:49.861,6.680,-0.116,0.067,1.009
1750790389871,2025-06-24T21:39:49.871,6.690,-0.131,0.065,0.997
1750790389881,2025-06-24T21:39:49.881,6.700,-0.157,0.070,0.996
1750790389891,2025-06-24T21:39:49.891,6.710,-0.157,0.076,1.005
1750790389901,2025-06-24T21:39:49.901,6.720,-0.162,0.072,0.995
1750790389911,2025-06-24T21:39:49.911,6.730,-0.198,0.064,0.973
1750790389921,2025-06-24T21:39:49.921,6.740,-0.251,0.067,0.949
1750790389931,2025-06-24T21:39:49.931,6.750,-0.294,0.073,0.933
1750790389941,2025-06-24T21:39:49.941,6.760,-0.331,0.088,0.928
1750790389951,2025-06-24T21:39:49.951,6.770,-0.297,0.098,0.912
1750790389961,2025-06-24T21:39:49.961,6.780,-0.210,0.090,0.900
1750790389971,2025-06-24T21:39:49.971,6.790,-0.081,0.063,0.905
1750790389981,2025-06-24T21:39:49.981,6.800,0.054,0.036,0.910
1750790389991,2025-06-24T21:39:49.991,6.810,0.093,0.016,0.913
1750790390001,2025-06-24T21:39:50.001,6.820,0.052,0.031,0.923
1750790390011,2025-06-24T21:39:50.011,6.830,-0.015,0.057,0.854
1750790390021,2025-06-24T21:39:50.021,6.840,-0.065,0.083,0.770
1750790390031,2025-06-24T21:39:50.031,6.850,-0.060,0.093,0.684
1750790390041,2025-06-24T21:39:50.041,6.860,0.024,0.087,0.620
1750790390051,2025-06-24T21:39:50.051,6.870,0.151,0.056,0.588
1750790390061,2025-06-24T21:39:50.061,6.880,0.367,-0.017,0.491
1750790390071,2025-06-24T21:39:50.071,6.890,0.639,-0.072,0.453
1750790390081,2025-06-24T21:39:50.081,6.900,0.927,-0.105,0.501
1750790390091,2025-06-24T21:39:50.091,6.910,1.179,-0.131,0.559
1750790390101,2025-06-24T21:39:50.101,6.920,1.268,-0.159,0.597
1750790390111,2025-06-24T21:39:50.111,6.930,1.164,-0.152,0.597
1750790390121,2025-06-24T21:39:50.121,6.940,0.979,-0.135,0.572
1750790390131,2025-06-24T21:39:50.131,6.950,0.881,-0.119,0.533
1750790390141,2025-06-24T21:39:50.141,6.960,0.911,-0.109,0.507
1750790390151,2025-06-24T21:39:50.151,6.970,1.029,-0.131,0.491
1750790390161,2025-06-24T21:39:50.161,6.980,1.157,-0.158,0.498
1750790390171,2025-06-24T21:39:50.171,6.990,1.222,-0.173,0.515
1750790390181,2025-06-24T21:39:50.181,7.000,1.218,-0.164,0.510
1750790390191,2025-06-24T21:39:50.191,7.010,1.193,-0.144,0.509
1750790390201,2025-06-24T21:39:50.201,7.020,1.172,-0.128,0.507
1750790390211,2025-06-24T21:39:50.211,7.030,1.121,-0.125,0.513
1750790390221,2025-06-24T21:39:50.221,7.040,1.056,-0.121,0.521
1750790390231,2025-06-24T21:39:50.231,7.050,1.021,-0.115,0.519
1750790390241,2025-06-24T21:39:50.241,7.060,1.044,-0.120,0.512
1750790390251,2025-06-24T21:39:50.251,7.070,1.103,-0.127,0.521
1750790390261,2025-06-24T21:39:50.261,7.080,1.178,-0.126,0.553
1750790390271,2025-06-24T21:39:50.271,7.090,1.221,-0.124,0.587
1750790390281,2025-06-24T21:39:50.281,7.100,1.181,-0.111,0.625
1750790390291,2025-06-24T21:39:50.291,7.110,1.078,-0.097,0.619
1750790390301,2025-06-24T21:39:50.301,7.120,0.954,-0.082,0.590
1750790390311,2025-06-24T21:39:50.311,7.130,0.786,-0.057,0.583
1750790390321,2025-06-24T21:39:50.321,7.140,0.602,-0.017,0.603
1750790390331,2025-06-24T21:39:50.331,7.150,0.413,0.010,0.617
1750790390341,2025-06-24T21:39:50.341,7.160,0.208,0.023,0.647
1750790390351,2025-06-24T21:39:50.351,7.170,0.006,0.044,0.682
1750790390361,2025-06-24T21:39:50.361,7.180,-0.167,0.069,0.730
1750790390371,2025-06-24T21:39:50.371,7.190,-0.300,0.084,0.757
1750790390381,2025-06-24T21:39:50.381,7.200,-0.431,0.111,0.810
1750790390391,2025-06-24T21:39:50.391,7.210,-0.427,0.118,0.857
1750790390401,2025-06-24T21:39:50.401,7.220,-0.329,0.121,0.896
1750790390411,2025-06-24T21:39:50.411,7.230,-0.257,0.120,0.936
1750790390421,2025-06-24T21:39:50.421,7.240,-0.190,0.102,0.972
1750790390431,2025-06-24T21:39:50.431,7.250,-0.103,0.082,1.026
1750790390441,2025-06-24T21:39:50.441,7.260,-0.015,0.076,1.061
1750790390451,2025-06-24T21:39:50.451,7.270,0.042,0.099,1.046
1750790390461,2025-06-24T21:39:50.461,7.280,0.056,0.103,1.041
1750790390471,2025-06-24T21:39:50.471,7.290,0.019,0.088,1.024
1750790390481,2025-06-24T21:39:50.481,7.300,-0.034,0.088,1.012
1750790390491,2025-06-24T21:39:50.491,7.310,-0.101,0.092,1.007
1750790390501,2025-06-24T21:39:50.501,7.320,-0.163,0.094,0.996
1750790390511,2025-06-24T21:39:50.511,7.330,-0.186,0.099,0.992
1750790390521,2025-06-24T21:39:50.521,7.340,-0.192,0.103,0.999
1750790390531,2025-06-24T21:39:50.531,7.350,-0.195,0.106,0.999
1750790390541,2025-06-24T21:39:50.541,7.360,-0.192,0.105,0.997
1750790390551,2025-06-24T21:39:50.551,7.370,-0.183,0.111,1.002
1750790390561,2025-06-24T21:39:50.561,7.380,-0.160,0.104,1.015
1750790390571,2025-06-24T21:39:50.571,7.390,-0.125,0.091,1.028
1750790390581,2025-06-24T21:39:50.581,7.400,-0.097,0.093,1.030
1750790390591,2025-06-24T21:39:50.591,7.410,-0.099,0.096,1.028
1750790390601,2025-06-24T21:39:50.601,7.420,-0.125,0.094,1.025
1750790390611,2025-06-24T21:39:50.611,7.430,-0.156,0.090,1.019
1750790390621,2025-06-24T21:39:50.621,7.440,-0.181,0.094,0.999
1750790390631,2025-06-24T21:39:50.631,7.450,-0.218,0.105,0.978
1750790390641,2025-06-24T21:39:50.641,7.460,-0.255,0.106,0.957
1750790390651,2025-06-24T21:39:50.651,7.470,-0.285,0.103,0.949
1750790390661,2025-06-24T21:39:50.661,7.480,-0.288,0.103,0.948
1750790390671,2025-06-24T21:39:50.671,7.490,-0.269,0.100,0.937
1750790390681,2025-06-24T21:39:50.681,7.500,-0.235,0.095,0.932
1750790390691,2025-06-24T21:39:50.691,7.510,-0.183,0.085,0.916
1750790390701,2025-06-24T21:39:50.701,7.520,-0.135,0.076,0.916
1750790390711,2025-06-24T21:39:50.711,7.530,-0.142,0.051,0.882
1750790390721,2025-06-24T21:39:50.721,7.540,-0.244,0.073,0.895
1750790390731,2025-06-24T21:39:50.731,7.550,-0.322,0.133,0.857
1750790390741,2025-06-24T21:39:50.741,7.560,-0.257,0.150,0.688
1750790390751,2025-06-24T21:39:50.751,7.570,-0.097,0.127,0.561
1750790390761,2025-06-24T21:39:50.761,7.580,0.188,0.082,0.477
1750790390771,2025-06-24T21:39:50.771,7.590,0.583,0.003,0.457
1750790390781,2025-06-24T21:39:50.781,7.600,0.947,-0.082,0.554
1750790390791,2025-06-24T21:39:50.791,7.610,1.205,-0.155,0.609
1750790390801,2025-06-24T21:39:50.801,7.620,1.344,-0.188,0.667
1750790390811,2025-06-24T21:39:50.811,7.630,1.339,-0.191,0.731
1750790390821,2025-06-24T21:39:50.821,7.640,1.223,-0.166,0.746
1750790390831,2025-06-24T21:39:50.831,7.650,1.084,-0.136,0.731
1750790390841,2025-06-24T21:39:50.841,7.660,0.998,-0.118,0.708
1750790390851,2025-06-24T21:39:50.851,7.670,0.950,-0.105,0.686
1750790390861,2025-06-24T21:39:50.861,7.680,0.918,-0.089,0.669
1750790390871,2025-06-24T21:39:50.871,7.690,0.872,-0.079,0.655
1750790390881,2025-06-24T21:39:50.881,7.700,0.828,-0.054,0.668
1750790390891,2025-06-24T21:39:50.891,7.710,0.806,-0.046,0.695
1750790390901,2025-06-24T21:39:50.901,7.720,0.820,-0.063,0.692
1750790390911,2025-06-24T21:39:50.911,7.730,0.855,-0.074,0.700
1750790390921,2025-06-24T21:39:50.921,7.740,0.876,-0.064,0.729
1750790390931,2025-06-24T21:39:50.931,7.750,0.900,-0.051,0.765
1750790390941,2025-06-24T21:39:50.941,7.760,0.904,-0.054,0.786
1750790390951,2025-06-24T21:39:50.951,7.770,0.804,-0.045,0.816
1750790390961,2025-06-24T21:39:50.961,7.780,0.654,-0.035,0.801
1750790390971,2025-06-24T21:39:50.971,7.790,0.427,0.001,0.813
1750790390981,2025-06-24T21:39:50.981,7.800,0.182,0.042,0.804
1750790390991,2025-06-24T21:39:50.991,7.810,0.042,0.067,0.809
1750790391001,2025-06-24T21:39:51.001,7.820,0.008,0.085,0.846
1750790391011,2025-06-24T21:39:51.011,7.830,0.045,0.087,0.883
1750790391021,2025-06-24T21:39:51.021,7.840,0.106,0.069,0.909
1750790391031,2025-06-24T21:39:51.031,7.850,0.139,0.057,0.933
1750790391041,2025-06-24T21:39:51.041,7.860,0.108,0.056,0.940
1750790391051,2025-06-24T21:39:51.051,7.870,0.010,0.069,0.953
1750790391061,2025-06-24T21:39:51.061,7.880,-0.110,0.083,0.965
1750790391071,2025-06-24T21:39:51.071,7.890,-0.182,0.100,0.979
1750790391081,2025-06-24T21:39:51.081,7.900,-0.172,0.109,0.986
1750790391091,2025-06-24T21:39:51.091,7.910,-0.112,0.114,1.000
1750790391101,2025-06-24T21:39:51.101,7.920,-0.038,0.108,1.009
1750790391111,2025-06-24T21:39:51.111,7.930,0.018,0.099,1.012
1750790391121,2025-06-24T21:39:51.121,7.940,0.037,0.096,1.016
1750790391131,2025-06-24T21:39:51.131,7.950,0.028,0.100,1.019
1750790391141,2025-06-24T21:39:51.141,7.960,-0.003,0.102,1.014
1750790391151,2025-06-24T21:39:51.151,7.970,-0.032,0.110,1.021
1750790391161,2025-06-24T21:39:51.161,7.980,-0.046,0.117,1.025
1750790391171,2025-06-24T21:39:51.171,7.990,-0.033,0.121,1.023
1750790391181,2025-06-24T21:39:51.181,8.000,-0.005,0.119,1.013
1750790391191,2025-06-24T21:39:51.191,8.010,0.011,0.115,1.011
1750790391201,2025-06-24T21:39:51.201,8.020,0.010,0.112,1.012
1750790391211,2025-06-24T21:39:51.211,8.030,0.003,0.112,1.020
1750790391221,2025-06-24T21:39:51.221,8.040,-0.005,0.107,1.028
1750790391231,2025-06-24T21:39:51.231,8.050,-0.007,0.102,1.029
1750790391241,2025-06-24T21:39:51.241,8.060,-0.001,0.100,1.021
1750790391251,2025-06-24T21:39:51.251,8.070,-0.003,0.102,1.014
1750790391261,2025-06-24T21:39:51.261,8.080,-0.006,0.105,1.012
1750790391271,2025-06-24T21:39:51.271,8.090,-0.011,0.102,1.014
1750790391281,2025-06-24T21:39:51.281,8.100,-0.019,0.098,1.013
1750790391291,2025-06-24T21:39:51.291,8.110,-0.028,0.099,1.005
1750790391301,2025-06-24T21:39:51.301,8.120,-0.031,0.099,1.002
1750790391311,2025-06-24T21:39:51.311,8.130,-0.051,0.094,1.000
1750790391321,2025-06-24T21:39:51.321,8.140,-0.098,0.099,0.996
1750790391331,2025-06-24T21:39:51.331,8.150,-0.120,0.117,0.985
1750790391341,2025-06-24T21:39:51.341,8.160,-0.111,0.128,0.970
1750790391351,2025-06-24T21:39:51.351,8.170,-0.090,0.125,0.963
1750790391361,2025-06-24T21:39:51.361,8.180,-0.046,0.116,0.949
1750790391371,2025-06-24T21:39:51.371,8.190,-0.018,0.107,0.932
1750790391381,2025-06-24T21:39:51.381,8.200,-0.021,0.105,0.931
1750790391391,2025-06-24T21:39:51.391,8.210,-0.027,0.107,0.927
1750790391401,2025-06-24T21:39:51.401,8.220,-0.040,0.107,0.900
1750790391411,2025-06-24T21:39:51.411,8.230,-0.054,0.120,0.875
1750790391421,2025-06-24T21:39:51.421,8.240,-0.033,0.127,0.805
1750790391431,2025-06-24T21:39:51.431,8.250,0.079,0.117,0.701
1750790391441,2025-06-24T21:39:51.441,8.260,0.233,0.097,0.604
1750790391451,2025-06-24T21:39:51.451,8.270,0.440,0.058,0.549
1750790391461,2025-06-24T21:39:51.461,8.280,0.672,-0.004,0.551
1750790391471,2025-06-24T21:39:51.471,8.290,0.899,-0.066,0.588
1750790391481,2025-06-24T21:39:51.481,8.300,1.074,-0.119,0.633
1750790391491,2025-06-24T21:39:51.491,8.310,1.155,-0.144,0.633
1750790391501,2025-06-24T21:39:51.501,8.320,1.152,-0.151,0.669
1750790391511,2025-06-24T21:39:51.511,8.330,1.109,-0.144,0.677
1750790391521,2025-06-24T21:39:51.521,8.340,1.076,-0.130,0.649
1750790391531,2025-06-24T21:39:51.531,8.350,1.051,-0.117,0.620
1750790391541,2025-06-24T21:39:51.541,8.360,1.018,-0.103,0.585
1750790391551,2025-06-24T21:39:51.551,8.370,0.989,-0.093,0.574
1750790391561,2025-06-24T21:39:51.561,8.380,0.977,-0.087,0.575
1750790391571,2025-06-24T21:39:51.571,8.390,0.984,-0.088,0.597
1750790391581,2025-06-24T21:39:51.581,8.400,0.982,-0.089,0.607
1750790391591,2025-06-24T21:39:51.591,8.410,0.946,-0.078,0.617
1750790391601,2025-06-24T21:39:51.601,8.420,0.899,-0.062,0.618
1750790391611,2025-06-24T21:39:51.611,8.430,0.905,-0.066,0.623
1750790391621,2025-06-24T21:39:51.621,8.440,0.956,-0.078,0.632
1750790391631,2025-06-24T21:39:51.631,8.450,1.002,-0.080,0.634
1750790391641,2025-06-24T21:39:51.641,8.460,1.026,-0.077,0.653
1750790391651,2025-06-24T21:39:51.651,8.470,1.034,-0.066,0.682
1750790391661,2025-06-24T21:39:51.661,8.480,0.987,-0.062,0.703
1750790391671,2025-06-24T21:39:51.671,8.490,0.794,-0.029,0.736
1750790391681,2025-06-24T21:39:51.681,8.500,0.523,-0.004,0.720
1750790391691,2025-06-24T21:39:51.691,8.510,0.336,0.007,0.697
1750790391701,2025-06-24T21:39:51.701,8.520,0.179,0.043,0.725
1750790391711,2025-06-24T21:39:51.711,8.530,0.068,0.085,0.766
1750790391721,2025-06-24T21:39:51.721,8.540,0.070,0.087,0.807
1750790391731,2025-06-24T21:39:51.731,8.550,0.131,0.070,0.841
1750790391741,2025-06-24T21:39:51.741,8.560,0.171,0.055,0.872
1750790391751,2025-06-24T21:39:51.751,8.570,0.157,0.051,0.887
1750790391761,2025-06-24T21:39:51.761,8.580,0.088,0.066,0.893
1750790391771,2025-06-24T21:39:51.771,8.590,-0.016,0.082,0.914
1750790391781,2025-06-24T21:39:51.781,8.600,-0.123,0.090,0.920
1750790391791,2025-06-24T21:39:51.791,8.610,-0.184,0.103,0.937
1750790391801,2025-06-24T21:39:51.801,8.620,-0.187,0.109,0.949
1750790391811,2025-06-24T21:39:51.811,8.630,-0.181,0.116,0.945
1750790391821,2025-06-24T21:39:51.821,8.640,-0.176,0.125,0.952
1750790391831,2025-06-24T21:39:51.831,8.650,-0.155,0.129,0.972
1750790391841,2025-06-24T21:39:51.841,8.660,-0.132,0.129,0.980
1750790391851,2025-06-24T21:39:51.851,8.670,-0.107,0.125,0.992
1750790391861,2025-06-24T21:39:51.861,8.680,-0.082,0.118,1.009
1750790391871,2025-06-24T21:39:51.871,8.690,-0.062,0.109,1.015
1750790391881,2025-06-24T21:39:51.881,8.700,-0.051,0.113,1.024
1750790391891,2025-06-24T21:39:51.891,8.710,-0.058,0.119,1.030
1750790391901,2025-06-24T21:39:51.901,8.720,-0.072,0.120,1.022
1750790391911,2025-06-24T21:39:51.911,8.730,-0.085,0.127,1.014
1750790391921,2025-06-24T21:39:51.921,8.740,-0.088,0.133,1.013
1750790391931,2025-06-24T21:39:51.931,8.750,-0.097,0.129,1.016
1750790391941,2025-06-24T21:39:51.941,8.760,-0.101,0.120,1.018
1750790391951,2025-06-24T21:39:51.951,8.770,-0.093,0.119,1.025
1750790391961,2025-06-24T21:39:51.961,8.780,-0.083,0.119,1.034
1750790391971,2025-06-24T21:39:51.971,8.790,-0.085,0.119,1.036
1750790391981,2025-06-24T21:39:51.981,8.800,-0.112,0.123,1.030
1750790391991,2025-06-24T21:39:51.991,8.810,-0.138,0.122,1.024
1750790392001,2025-06-24T21:39:52.001,8.820,-0.157,0.120,1.022
1750790392011,2025-06-24T21:39:52.011,8.830,-0.179,0.127,1.015
1750790392021,2025-06-24T21:39:52.021,8.840,-0.200,0.133,1.002
1750790392031,2025-06-24T21:39:52.031,8.850,-0.215,0.135,1.011
1750790392041,2025-06-24T21:39:52.041,8.860,-0.180,0.140,1.014
1750790392051,2025-06-24T21:39:52.051,8.870,-0.125,0.129,1.008
1750790392061,2025-06-24T21:39:52.061,8.880,-0.072,0.110,1.013
1750790392071,2025-06-24T21:39:52.071,8.890,-0.018,0.092,0.993
1750790392081,2025-06-24T21:39:52.081,8.900,-0.017,0.094,0.977
1750790392091,2025-06-24T21:39:52.091,8.910,-0.063,0.092,0.945
1750790392101,2025-06-24T21:39:52.101,8.920,-0.157,0.112,0.928
1750790392111,2025-06-24T21:39:52.111,8.930,-0.236,0.165,0.896
1750790392121,2025-06-24T21:39:52.121,8.940,-0.201,0.168,0.776
1750790392131,2025-06-24T21:39:52.131,8.950,-0.002,0.116,0.677
1750790392141,2025-06-24T21:39:52.141,8.960,0.309,0.048,0.664
1750790392151,2025-06-24T21:39:52.151,8.970,0.634,-0.016,0.651
1750790392161,2025-06-24T21:39:52.161,8.980,0.875,-0.061,0.684
1750790392171,2025-06-24T21:39:52.171,8.990,0.986,-0.095,0.688
1750790392181,2025-06-24T21:39:52.181,9.000,1.013,-0.090,0.648
1750790392191,2025-06-24T21:39:52.191,9.010,0.981,-0.074,0.603
1750790392201,2025-06-24T21:39:52.201,9.020,0.961,-0.082,0.589
1750790392211,2025-06-24T21:39:52.211,9.030,0.994,-0.119,0.571
1750790392221,2025-06-24T21:39:52.221,9.040,1.027,-0.151,0.556
1750790392231,2025-06-24T21:39:52.231,9.050,1.053,-0.164,0.539
1750790392241,2025-06-24T21:39:52.241,9.060,1.089,-0.166,0.519
1750790392251,2025-06-24T21:39:52.251,9.070,1.088,-0.162,0.494
1750790392261,2025-06-24T21:39:52.261,9.080,1.063,-0.146,0.475
1750790392271,2025-06-24T21:39:52.271,9.090,1.057,-0.140,0.457
1750790392281,2025-06-24T21:39:52.281,9.100,1.056,-0.144,0.449
1750790392291,2025-06-24T21:39:52.291,9.110,1.055,-0.143,0.453
1750790392301,2025-06-24T21:39:52.301,9.120,1.037,-0.131,0.475
1750790392311,2025-06-24T21:39:52.311,9.130,1.001,-0.126,0.485
1750790392321,2025-06-24T21:39:52.321,9.140,0.956,-0.126,0.478
1750790392331,2025-06-24T21:39:52.331,9.150,0.947,-0.123,0.495
1750790392341,2025-06-24T21:39:52.341,9.160,0.973,-0.120,0.529
1750790392351,2025-06-24T21:39:52.351,9.170,1.004,-0.112,0.557
1750790392361,2025-06-24T21:39:52.361,9.180,1.009,-0.110,0.585
1750790392371,2025-06-24T21:39:52.371,9.190,0.995,-0.107,0.596
1750790392381,2025-06-24T21:39:52.381,9.200,0.937,-0.098,0.598
1750790392391,2025-06-24T21:39:52.391,9.210,0.831,-0.082,0.600
1750790392401,2025-06-24T21:39:52.401,9.220,0.693,-0.060,0.595
1750790392411,2025-06-24T21:39:52.411,9.230,0.514,-0.034,0.617
1750790392421,2025-06-24T21:39:52.421,9.240,0.295,0.000,0.669
1750790392431,2025-06-24T21:39:52.431,9.250,0.114,0.017,0.701
1750790392441,2025-06-24T21:39:52.441,9.260,-0.021,0.032,0.764
1750790392451,2025-06-24T21:39:52.451,9.270,-0.120,0.043,0.797
1750790392461,2025-06-24T21:39:52.461,9.280,-0.133,0.045,0.815
1750790392471,2025-06-24T21:39:52.471,9.290,-0.098,0.053,0.849
1750790392481,2025-06-24T21:39:52.481,9.300,-0.043,0.054,0.880
1750790392491,2025-06-24T21:39:52.491,9.310,0.007,0.047,0.906
1750790392501,2025-06-24T21:39:52.501,9.320,0.007,0.043,0.937
1750790392511,2025-06-24T21:39:52.511,9.330,-0.011,0.045,0.948
1750790392521,2025-06-24T21:39:52.521,9.340,-0.028,0.047,0.964
1750790392531,2025-06-24T21:39:52.531,9.350,-0.057,0.056,0.981
1750790392541,2025-06-24T21:39:52.541,9.360,-0.077,0.065,0.981
1750790392551,2025-06-24T21:39:52.551,9.370,-0.106,0.071,0.981
1750790392561,2025-06-24T21:39:52.561,9.380,-0.125,0.079,0.982
1750790392571,2025-06-24T21:39:52.571,9.390,-0.119,0.080,0.985
1750790392581,2025-06-24T21:39:52.581,9.400,-0.105,0.078,0.991
1750790392591,2025-06-24T21:39:52.591,9.410,-0.089,0.075,0.996
1750790392601,2025-06-24T21:39:52.601,9.420,-0.075,0.076,1.006
1750790392611,2025-06-24T21:39:52.611,9.430,-0.061,0.075,1.010
1750790392621,2025-06-24T21:39:52.621,9.440,-0.067,0.069,1.017
1750790392631,2025-06-24T21:39:52.631,9.450,-0.082,0.068,1.025
1750790392641,2025-06-24T21:39:52.641,9.460,-0.079,0.073,1.019
1750790392651,2025-06-24T21:39:52.651,9.470,-0.071,0.077,1.027
1750790392661,2025-06-24T21:39:52.661,9.480,-0.058,0.079,1.037
1750790392671,2025-06-24T21:39:52.671,9.490,-0.045,0.077,1.035
1750790392681,2025-06-24T21:39:52.681,9.500,-0.057,0.082,1.027
1750790392691,2025-06-24T21:39:52.691,9.510,-0.079,0.087,1.018
1750790392701,2025-06-24T21:39:52.701,9.520,-0.114,0.091,1.020
1750790392711,2025-06-24T21:39:52.711,9.530,-0.143,0.088,1.022
1750790392721,2025-06-24T21:39:52.721,9.540,-0.149,0.091,1.011
1750790392731,2025-06-24T21:39:52.731,9.550,-0.147,0.094,0.999
1750790392741,2025-06-24T21:39:52.741,9.560,-0.151,0.100,0.996
1750790392751,2025-06-24T21:39:52.751,9.570,-0.135,0.097,0.991
1750790392761,2025-06-24T21:39:52.761,9.580,-0.104,0.091,0.984
1750790392771,2025-06-24T21:39:52.771,9.590,-0.091,0.084,0.973
1750790392781,2025-06-24T21:39:52.781,9.600,-0.097,0.092,0.965
1750790392791,2025-06-24T21:39:52.791,9.610,-0.114,0.105,0.966
1750790392801,2025-06-24T21:39:52.801,9.620,-0.156,0.110,0.959
1750790392811,2025-06-24T21:39:52.811,9.630,-0.194,0.124,0.960
1750790392821,2025-06-24T21:39:52.821,9.640,-0.166,0.116,0.896
1750790392831,2025-06-24T21:39:52.831,9.650,-0.072,0.108,0.793
1750790392841,2025-06-24T21:39:52.841,9.660,0.101,0.099,0.716
1750790392851,2025-06-24T21:39:52.851,9.670,0.312,0.059,0.660
1750790392861,2025-06-24T21:39:52.861,9.680,0.541,0.001,0.643
1750790392871,2025-06-24T21:39:52.871,9.690,0.754,-0.049,0.648
1750790392881,2025-06-24T21:39:52.881,9.700,0.863,-0.065,0.685
1750790392891,2025-06-24T21:39:52.891,9.710,0.872,-0.073,0.662
1750790392901,2025-06-24T21:39:52.901,9.720,0.848,-0.066,0.625
1750790392911,2025-06-24T21:39:52.911,9.730,0.846,-0.067,0.610
1750790392921,2025-06-24T21:39:52.921,9.740,0.884,-0.084,0.587
1750790392931,2025-06-24T21:39:52.931,9.750,0.933,-0.108,0.573
1750790392941,2025-06-24T21:39:52.941,9.760,0.968,-0.120,0.560
1750790392951,2025-06-24T21:39:52.951,9.770,0.985,-0.121,0.551
1750790392961,2025-06-24T21:39:52.961,9.780,1.002,-0.120,0.547
1750790392971,2025-06-24T21:39:52.971,9.790,1.001,-0.114,0.553
1750790392981,2025-06-24T21:39:52.981,9.800,0.990,-0.113,0.555
1750790392991,2025-06-24T21:39:52.991,9.810,0.988,-0.117,0.537
1750790393001,2025-06-24T21:39:53.001,9.820,1.007,-0.114,0.549
1750790393011,2025-06-24T21:39:53.011,9.830,1.011,-0.103,0.582
1750790393021,2025-06-24T21:39:53.021,9.840,0.987,-0.099,0.598
1750790393031,2025-06-24T21:39:53.031,9.850,0.928,-0.094,0.591
1750790393041,2025-06-24T21:39:53.041,9.860,0.898,-0.085,0.588
1750790393051,2025-06-24T21:39:53.051,9.870,0.936,-0.087,0.607
1750790393061,2025-06-24T21:39:53.061,9.880,0.980,-0.089,0.633
1750790393071,2025-06-24T21:39:53.071,9.890,0.998,-0.085,0.655
1750790393081,2025-06-24T21:39:53.081,9.900,1.010,-0.081,0.660
1750790393091,2025-06-24T21:39:53.091,9.910,0.981,-0.076,0.677
1750790393101,2025-06-24T21:39:53.101,9.920,0.886,-0.061,0.695
1750790393111,2025-06-24T21:39:53.111,9.930,0.758,-0.045,0.694
1750790393121,2025-06-24T21:39:53.121,9.940,0.539,-0.004,0.752
1750790393131,2025-06-24T21:39:53.131,9.950,0.295,0.022,0.769
1750790393141,2025-06-24T21:39:53.141,9.960,0.177,0.031,0.777
1750790393151,2025-06-24T21:39:53.151,9.970,0.152,0.049,0.824
1750790393161,2025-06-24T21:39:53.161,9.980,0.204,0.063,0.864
1750790393171,2025-06-24T21:39:53.171,9.990,0.308,0.050,0.906
1750790393181,2025-06-24T21:39:53.181,10.000,0.411,0.019,0.942
1750790393191,2025-06-24T21:39:53.191,10.010,0.444,-0.003,0.947
1750790393201,2025-06-24T21:39:53.201,10.020,0.374,0.005,0.949
1750790393211,2025-06-24T21:39:53.211,10.030,0.238,0.029,0.946
1750790393221,2025-06-24T21:39:53.221,10.040,0.086,0.052,0.961
1750790393231,2025-06-24T21:39:53.231,10.050,-0.006,0.063,0.969
1750790393241,2025-06-24T21:39:53.241,10.060,-0.046,0.077,0.959
1750790393251,2025-06-24T21:39:53.251,10.070,-0.087,0.094,0.954
1750790393261,2025-06-24T21:39:53.261,10.080,-0.110,0.099,0.951
1750790393271,2025-06-24T21:39:53.271,10.090,-0.083,0.091,0.966
1750790393281,2025-06-24T21:39:53.281,10.100,-0.056,0.083,0.982
1750790393291,2025-06-24T21:39:53.291,10.110,-0.039,0.072,1.000
1750790393301,2025-06-24T21:39:53.301,10.120,-0.023,0.067,1.011
1750790393311,2025-06-24T21:39:53.311,10.130,-0.028,0.069,1.018
1750790393321,2025-06-24T21:39:53.321,10.140,-0.049,0.067,1.019
1750790393331,2025-06-24T21:39:53.331,10.150,-0.090,0.058,1.016
1750790393341,2025-06-24T21:39:53.341,10.160,-0.140,0.065,1.008
1750790393351,2025-06-24T21:39:53.351,10.170,-0.161,0.078,0.996
1750790393361,2025-06-24T21:39:53.361,10.180,-0.155,0.082,1.002
1750790393371,2025-06-24T21:39:53.371,10.190,-0.117,0.081,1.020
1750790393381,2025-06-24T21:39:53.381,10.200,-0.071,0.074,1.025
1750790393391,2025-06-24T21:39:53.391,10.210,-0.020,0.066,1.028
1750790393401,2025-06-24T21:39:53.401,10.220,0.017,0.061,1.044
1750790393411,2025-06-24T21:39:53.411,10.230,0.002,0.061,1.060
1750790393421,2025-06-24T21:39:53.421,10.240,-0.019,0.066,1.057
1750790393431,2025-06-24T21:39:53.431,10.250,-0.037,0.073,1.054
1750790393441,2025-06-24T21:39:53.441,10.260,-0.055,0.079,1.059
1750790393451,2025-06-24T21:39:53.451,10.270,-0.057,0.076,1.056
1750790393461,2025-06-24T21:39:53.461,10.280,-0.051,0.072,1.049
1750790393471,2025-06-24T21:39:53.471,10.290,-0.090,0.075,1.046
1750790393481,2025-06-24T21:39:53.481,10.300,-0.131,0.083,1.029
1750790393491,2025-06-24T21:39:53.491,10.310,-0.115,0.084,1.020
1750790393501,2025-06-24T21:39:53.501,10.320,-0.077,0.071,1.022
1750790393511,2025-06-24T21:39:53.511,10.330,-0.053,0.066,1.030
1750790393521,2025-06-24T21:39:53.521,10.340,-0.034,0.066,1.018
1750790393531,2025-06-24T21:39:53.531,10.350,-0.057,0.078,1.007
1750790393541,2025-06-24T21:39:53.541,10.360,-0.108,0.090,0.983
1750790393551,2025-06-24T21:39:53.551,10.370,-0.140,0.097,0.960
1750790393561,2025-06-24T21:39:53.561,10.380,-0.183,0.105,0.959
1750790393571,2025-06-24T21:39:53.571,10.390,-0.216,0.130,0.937
1750790393581,2025-06-24T21:39:53.581,10.400,-0.206,0.150,0.870
1750790393591,2025-06-24T21:39:53.591,10.410,-0.180,0.151,0.838
1750790393601,2025-06-24T21:39:53.601,10.420,-0.156,0.148,0.816
1750790393611,2025-06-24T21:39:53.611,10.430,-0.091,0.140,0.811
1750790393621,2025-06-24T21:39:53.621,10.440,-0.014,0.130,0.830
1750790393631,2025-06-24T21:39:53.631,10.450,0.057,0.117,0.827
1750790393641,2025-06-24T21:39:53.641,10.460,0.144,0.106,0.810
1750790393651,2025-06-24T21:39:53.651,10.470,0.244,0.091,0.772
1750790393661,2025-06-24T21:39:53.661,10.480,0.341,0.074,0.752
1750790393671,2025-06-24T21:39:53.671,10.490,0.467,0.041,0.647
1750790393681,2025-06-24T21:39:53.681,10.500,0.637,0.018,0.594
1750790393691,2025-06-24T21:39:53.691,10.510,0.784,-0.003,0.559
1750790393701,2025-06-24T21:39:53.701,10.520,0.926,-0.018,0.557
1750790393711,2025-06-24T21:39:53.711,10.530,1.050,-0.021,0.623
1750790393721,2025-06-24T21:39:53.721,10.540,1.084,-0.027,0.618
1750790393731,2025-06-24T21:39:53.731,10.550,1.061,-0.035,0.599
1750790393741,2025-06-24T21:39:53.741,10.560,1.036,-0.050,0.607
1750790393751,2025-06-24T21:39:53.751,10.570,1.002,-0.055,0.619
1750790393761,2025-06-24T21:39:53.761,10.580,0.958,-0.063,0.613
1750790393771,2025-06-24T21:39:53.771,10.590,0.953,-0.069,0.594
1750790393781,2025-06-24T21:39:53.781,10.600,1.004,-0.083,0.578
1750790393791,2025-06-24T21:39:53.791,10.610,1.049,-0.098,0.591
1750790393801,2025-06-24T21:39:53.801,10.620,1.053,-0.090,0.617
1750790393811,2025-06-24T21:39:53.811,10.630,1.047,-0.071,0.633
1750790393821,2025-06-24T21:39:53.821,10.640,0.987,-0.042,0.655
1750790393831,2025-06-24T21:39:53.831,10.650,0.878,-0.031,0.641
1750790393841,2025-06-24T21:39:53.841,10.660,0.781,-0.034,0.586
1750790393851,2025-06-24T21:39:53.851,10.670,0.780,-0.015,0.616
1750790393861,2025-06-24T21:39:53.861,10.680,0.845,-0.002,0.687
1750790393871,2025-06-24T21:39:53.871,10.690,0.880,-0.010,0.725
1750790393881,2025-06-24T21:39:53.881,10.700,0.851,-0.010,0.749
1750790393891,2025-06-24T21:39:53.891,10.710,0.743,0.012,0.760
1750790393901,2025-06-24T21:39:53.901,10.720,0.599,0.038,0.768
1750790393911,2025-06-24T21:39:53.911,10.730,0.434,0.057,0.772
1750790393921,2025-06-24T21:39:53.921,10.740,0.233,0.091,0.809
1750790393931,2025-06-24T21:39:53.931,10.750,0.084,0.106,0.822
1750790393941,2025-06-24T21:39:53.941,10.760,0.000,0.113,0.834
1750790393951,2025-06-24T21:39:53.951,10.770,-0.063,0.136,0.868
1750790393961,2025-06-24T21:39:53.961,10.780,-0.077,0.148,0.900
1750790393971,2025-06-24T21:39:53.971,10.790,-0.064,0.144,0.914
1750790393981,2025-06-24T21:39:53.981,10.800,-0.083,0.142,0.935
1750790393991,2025-06-24T21:39:53.991,10.810,-0.121,0.131,0.968
1750790394001,2025-06-24T21:39:54.001,10.820,-0.140,0.114,1.002
1750790394011,2025-06-24T21:39:54.011,10.830,-0.150,0.108,1.023
1750790394021,2025-06-24T21:39:54.021,10.840,-0.179,0.109,1.044
1750790394031,2025-06-24T21:39:54.031,10.850,-0.186,0.116,1.041
1750790394041,2025-06-24T21:39:54.041,10.860,-0.172,0.125,1.031
1750790394051,2025-06-24T21:39:54.051,10.870,-0.158,0.127,1.039
1750790394061,2025-06-24T21:39:54.061,10.880,-0.127,0.123,1.037
1750790394071,2025-06-24T21:39:54.071,10.890,-0.089,0.122,1.045
1750790394081,2025-06-24T21:39:54.081,10.900,-0.080,0.130,1.056
1750790394091,2025-06-24T21:39:54.091,10.910,-0.099,0.136,1.062
1750790394101,2025-06-24T21:39:54.101,10.920,-0.121,0.132,1.065
1750790394111,2025-06-24T21:39:54.111,10.930,-0.129,0.125,1.069
1750790394121,2025-06-24T21:39:54.121,10.940,-0.122,0.118,1.072
1750790394131,2025-06-24T21:39:54.131,10.950,-0.115,0.112,1.065
1750790394141,2025-06-24T21:39:54.141,10.960,-0.118,0.111,1.044
1750790394151,2025-06-24T21:39:54.151,10.970,-0.120,0.111,1.036
1750790394161,2025-06-24T21:39:54.161,10.980,-0.120,0.113,1.041
1750790394171,2025-06-24T21:39:54.171,10.990,-0.114,0.113,1.051
1750790394181,2025-06-24T21:39:54.181,11.000,-0.112,0.110,1.047
1750790394191,2025-06-24T21:39:54.191,11.010,-0.119,0.107,1.031
1750790394201,2025-06-24T21:39:54.201,11.020,-0.139,0.107,1.025
1750790394211,2025-06-24T21:39:54.211,11.030,-0.156,0.112,1.011
1750790394221,2025-06-24T21:39:54.221,11.040,-0.171,0.117,1.000
1750790394231,2025-06-24T21:39:54.231,11.050,-0.181,0.118,0.996
1750790394241,2025-06-24T21:39:54.241,11.060,-0.163,0.108,0.988
1750790394251,2025-06-24T21:39:54.251,11.070,-0.155,0.104,0.983
1750790394261,2025-06-24T21:39:54.261,11.080,-0.147,0.101,0.977
1750790394271,2025-06-24T21:39:54.271,11.090,-0.146,0.099,0.976
1750790394281,2025-06-24T21:39:54.281,11.100,-0.142,0.093,0.974
1750790394291,2025-06-24T21:39:54.291,11.110,-0.100,0.080,0.950
1750790394301,2025-06-24T21:39:54.301,11.120,-0.079,0.080,0.952
1750790394311,2025-06-24T21:39:54.311,11.130,-0.073,0.074,0.936
1750790394321,2025-06-24T21:39:54.321,11.140,-0.104,0.067,0.933
1750790394331,2025-06-24T21:39:54.331,11.150,-0.171,0.078,0.942
1750790394341,2025-06-24T21:39:54.341,11.160,-0.188,0.084,0.875
1750790394351,2025-06-24T21:39:54.351,11.170,-0.117,0.057,0.715
1750790394361,2025-06-24T21:39:54.361,11.180,0.093,0.049,0.636
1750790394371,2025-06-24T21:39:54.371,11.190,0.433,0.015,0.585
1750790394381,2025-06-24T21:39:54.381,11.200,0.735,-0.041,0.640
1750790394391,2025-06-24T21:39:54.391,11.210,0.907,-0.125,0.659
1750790394401,2025-06-24T21:39:54.401,11.220,0.993,-0.151,0.650
1750790394411,2025-06-24T21:39:54.411,11.230,0.990,-0.128,0.633
1750790394421,2025-06-24T21:39:54.421,11.240,0.946,-0.121,0.601
1750790394431,2025-06-24T21:39:54.431,11.250,0.933,-0.124,0.602
1750790394441,2025-06-24T21:39:54.441,11.260,0.958,-0.116,0.600
1750790394451,2025-06-24T21:39:54.451,11.270,0.979,-0.125,0.606
1750790394461,2025-06-24T21:39:54.461,11.280,0.986,-0.125,0.606
1750790394471,2025-06-24T21:39:54.471,11.290,0.987,-0.113,0.587
1750790394481,2025-06-24T21:39:54.481,11.300,0.983,-0.121,0.589
1750790394491,2025-06-24T21:39:54.491,11.310,0.999,-0.136,0.590
1750790394501,2025-06-24T21:39:54.501,11.320,1.020,-0.137,0.598
1750790394511,2025-06-24T21:39:54.511,11.330,0.974,-0.135,0.597
1750790394521,2025-06-24T21:39:54.521,11.340,0.883,-0.124,0.586
1750790394531,2025-06-24T21:39:54.531,11.350,0.837,-0.114,0.588
1750790394541,2025-06-24T21:39:54.541,11.360,0.847,-0.120,0.608
1750790394551,2025-06-24T21:39:54.551,11.370,0.869,-0.124,0.644
1750790394561,2025-06-24T21:39:54.561,11.380,0.875,-0.110,0.679
1750790394571,2025-06-24T21:39:54.571,11.390,0.855,-0.094,0.712
1750790394581,2025-06-24T21:39:54.581,11.400,0.810,-0.084,0.733
1750790394591,2025-06-24T21:39:54.591,11.410,0.705,-0.080,0.750
1750790394601,2025-06-24T21:39:54.601,11.420,0.570,-0.066,0.750
1750790394611,2025-06-24T21:39:54.611,11.430,0.396,-0.042,0.774
1750790394621,2025-06-24T21:39:54.621,11.440,0.180,-0.006,0.826
1750790394631,2025-06-24T21:39:54.631,11.450,0.058,-0.005,0.832
1750790394641,2025-06-24T21:39:54.641,11.460,0.039,0.007,0.853
1750790394651,2025-06-24T21:39:54.651,11.470,0.068,0.026,0.877
1750790394661,2025-06-24T21:39:54.661,11.480,0.121,0.023,0.893
1750790394671,2025-06-24T21:39:54.671,11.490,0.158,0.015,0.917
1750790394681,2025-06-24T21:39:54.681,11.500,0.149,0.011,0.939
1750790394691,2025-06-24T21:39:54.691,11.510,0.094,0.013,0.949
1750790394701,2025-06-24T21:39:54.701,11.520,0.000,0.028,0.959
1750790394711,2025-06-24T21:39:54.711,11.530,-0.099,0.047,0.980
1750790394721,2025-06-24T21:39:54.721,11.540,-0.123,0.060,0.973
1750790394731,2025-06-24T21:39:54.731,11.550,-0.078,0.061,0.970
1750790394741,2025-06-24T21:39:54.741,11.560,-0.007,0.053,0.985
1750790394751,2025-06-24T21:39:54.751,11.570,0.063,0.044,1.007
1750790394761,2025-06-24T21:39:54.761,11.580,0.101,0.034,1.021
1750790394771,2025-06-24T21:39:54.771,11.590,0.105,0.032,1.017
1750790394781,2025-06-24T21:39:54.781,11.600,0.076,0.036,1.018
1750790394791,2025-06-24T21:39:54.791,11.610,0.033,0.045,1.023
1750790394801,2025-06-24T21:39:54.801,11.620,0.015,0.050,1.015
1750790394811,2025-06-24T21:39:54.811,11.630,0.014,0.047,1.007
1750790394821,2025-06-24T21:39:54.821,11.640,0.030,0.038,1.006
1750790394831,2025-06-24T21:39:54.831,11.650,0.050,0.043,1.002
1750790394841,2025-06-24T21:39:54.841,11.660,0.061,0.044,1.004
1750790394851,2025-06-24T21:39:54.851,11.670,0.063,0.036,1.007
1750790394861,2025-06-24T21:39:54.861,11.680,0.052,0.029,1.012
1750790394871,2025-06-24T21:39:54.871,11.690,0.020,0.035,1.007
1750790394881,2025-06-24T21:39:54.881,11.700,-0.008,0.043,1.004
1750790394891,2025-06-24T21:39:54.891,11.710,-0.009,0.051,0.998
1750790394901,2025-06-24T21:39:54.901,11.720,0.013,0.049,0.993
1750790394911,2025-06-24T21:39:54.911,11.730,0.002,0.049,0.991
1750790394921,2025-06-24T21:39:54.921,11.740,-0.022,0.055,0.983
1750790394931,2025-06-24T21:39:54.931,11.750,-0.041,0.057,0.976
1750790394941,2025-06-24T21:39:54.941,11.760,-0.059,0.063,0.966
1750790394951,2025-06-24T21:39:54.951,11.770,-0.054,0.070,0.944
1750790394961,2025-06-24T21:39:54.961,11.780,-0.029,0.066,0.893
1750790394971,2025-06-24T21:39:54.971,11.790,-0.002,0.069,0.867
1750790394981,2025-06-24T21:39:54.981,11.800,0.047,0.065,0.873
1750790394991,2025-06-24T21:39:54.991,11.810,0.109,0.047,0.896
1750790395001,2025-06-24T21:39:55.001,11.820,0.167,0.022,0.909
1750790395011,2025-06-24T21:39:55.011,11.830,0.166,0.021,0.945
1750790395021,2025-06-24T21:39:55.021,11.840,0.125,0.028,0.938
1750790395031,2025-06-24T21:39:55.031,11.850,0.150,0.042,0.910
1750790395041,2025-06-24T21:39:55.041,11.860,0.293,0.043,0.810
1750790395051,2025-06-24T21:39:55.051,11.870,0.485,0.030,0.692
1750790395061,2025-06-24T21:39:55.061,11.880,0.638,-0.019,0.572
1750790395071,2025-06-24T21:39:55.071,11.890,0.779,-0.077,0.507
1750790395081,2025-06-24T21:39:55.081,11.900,0.968,-0.104,0.566
1750790395091,2025-06-24T21:39:55.091,11.910,1.117,-0.127,0.647
1750790395101,2025-06-24T21:39:55.101,11.920,1.138,-0.150,0.670
1750790395111,2025-06-24T21:39:55.111,11.930,1.071,-0.135,0.668
1750790395121,2025-06-24T21:39:55.121,11.940,1.021,-0.107,0.658
1750790395131,2025-06-24T21:39:55.131,11.950,1.005,-0.104,0.646
1750790395141,2025-06-24T21:39:55.141,11.960,1.002,-0.115,0.622
1750790395151,2025-06-24T21:39:55.151,11.970,0.982,-0.119,0.605
1750790395161,2025-06-24T21:39:55.161,11.980,0.951,-0.116,0.587
1750790395171,2025-06-24T21:39:55.171,11.990,0.927,-0.114,0.587
1750790395181,2025-06-24T21:39:55.181,12.000,0.952,-0.112,0.613
1750790395191,2025-06-24T21:39:55.191,12.010,0.953,-0.119,0.628
1750790395201,2025-06-24T21:39:55.201,12.020,0.901,-0.097,0.635
1750790395211,2025-06-24T21:39:55.211,12.030,0.876,-0.079,0.655
1750790395221,2025-06-24T21:39:55.221,12.040,0.892,-0.086,0.672
1750790395231,2025-06-24T21:39:55.231,12.050,0.937,-0.093,0.685
1750790395241,2025-06-24T21:39:55.241,12.060,0.983,-0.095,0.709
1750790395251,2025-06-24T21:39:55.251,12.070,1.002,-0.105,0.731
1750790395261,2025-06-24T21:39:55.261,12.080,0.993,-0.102,0.737
1750790395271,2025-06-24T21:39:55.271,12.090,0.952,-0.089,0.739
1750790395281,2025-06-24T21:39:55.281,12.100,0.840,-0.063,0.752
1750790395291,2025-06-24T21:39:55.291,12.110,0.662,-0.036,0.767
1750790395301,2025-06-24T21:39:55.301,12.120,0.492,-0.021,0.753
1750790395311,2025-06-24T21:39:55.311,12.130,0.332,0.006,0.770
1750790395321,2025-06-24T21:39:55.321,12.140,0.175,0.038,0.783
1750790395331,2025-06-24T21:39:55.331,12.150,0.081,0.049,0.795
1750790395341,2025-06-24T21:39:55.341,12.160,0.070,0.042,0.838
1750790395351,2025-06-24T21:39:55.351,12.170,0.101,0.030,0.875
1750790395361,2025-06-24T21:39:55.361,12.180,0.130,0.023,0.901
1750790395371,2025-06-24T21:39:55.371,12.190,0.140,0.023,0.922
1750790395381,2025-06-24T21:39:55.381,12.200,0.128,0.022,0.943
1750790395391,2025-06-24T21:39:55.391,12.210,0.105,0.021,0.949
1750790395401,2025-06-24T21:39:55.401,12.220,0.060,0.031,0.961
1750790395411,2025-06-24T21:39:55.411,12.230,0.006,0.038,0.964
1750790395421,2025-06-24T21:39:55.421,12.240,-0.038,0.044,0.957
1750790395431,2025-06-24T21:39:55.431,12.250,-0.077,0.055,0.958
1750790395441,2025-06-24T21:39:55.441,12.260,-0.106,0.061,0.961
1750790395451,2025-06-24T21:39:55.451,12.270,-0.127,0.064,0.965
1750790395461,2025-06-24T21:39:55.461,12.280,-0.143,0.066,0.974
1750790395471,2025-06-24T21:39:55.471,12.290,-0.142,0.060,0.970
1750790395481,2025-06-24T21:39:55.481,12.300,-0.127,0.055,0.974
1750790395491,2025-06-24T21:39:55.491,12.310,-0.110,0.055,0.981
1750790395501,2025-06-24T21:39:55.501,12.320,-0.100,0.058,0.991
1750790395511,2025-06-24T21:39:55.511,12.330,-0.087,0.057,0.991
1750790395521,2025-06-24T21:39:55.521,12.340,-0.076,0.057,0.993
1750790395531,2025-06-24T21:39:55.531,12.350,-0.070,0.057,0.998
1750790395541,2025-06-24T21:39:55.541,12.360,-0.061,0.053,1.006
1750790395551,2025-06-24T21:39:55.551,12.370,-0.051,0.051,1.017
1750790395561,2025-06-24T21:39:55.561,12.380,-0.049,0.046,1.023
1750790395571,2025-06-24T21:39:55.571,12.390,-0.053,0.043,1.021
1750790395581,2025-06-24T21:39:55.581,12.400,-0.068,0.048,1.014
1750790395591,2025-06-24T21:39:55.591,12.410,-0.088,0.058,1.006
1750790395601,2025-06-24T21:39:55.601,12.420,-0.100,0.060,1.008
1750790395611,2025-06-24T21:39:55.611,12.430,-0.108,0.057,1.013
1750790395621,2025-06-24T21:39:55.621,12.440,-0.117,0.057,1.001
1750790395631,2025-06-24T21:39:55.631,12.450,-0.123,0.061,1.000
1750790395641,2025-06-24T21:39:55.641,12.460,-0.125,0.060,0.997
1750790395651,2025-06-24T21:39:55.651,12.470,-0.129,0.061,1.003
1750790395661,2025-06-24T21:39:55.661,12.480,-0.123,0.060,1.013
1750790395671,2025-06-24T21:39:55.671,12.490,-0.105,0.055,1.016
1750790395681,2025-06-24T21:39:55.681,12.500,-0.098,0.058,1.017
1750790395691,2025-06-24T21:39:55.691,12.510,-0.104,0.059,1.008
1750790395701,2025-06-24T21:39:55.701,12.520,-0.110,0.058,0.995
1750790395711,2025-06-24T21:39:55.711,12.530,-0.113,0.059,0.989
1750790395721,2025-06-24T21:39:55.721,12.540,-0.132,0.057,0.994
1750790395731,2025-06-24T21:39:55.731,12.550,-0.141,0.053,1.000
1750790395741,2025-06-24T21:39:55.741,12.560,-0.138,0.051,0.995
1750790395751,2025-06-24T21:39:55.751,12.570,-0.143,0.049,0.985
1750790395761,2025-06-24T21:39:55.761,12.580,-0.147,0.053,0.985
1750790395771,2025-06-24T21:39:55.771,12.590,-0.146,0.054,0.990
1750790395781,2025-06-24T21:39:55.781,12.600,-0.147,0.054,0.987
1750790395791,2025-06-24T21:39:55.791,12.610,-0.138,0.054,0.992
1750790395801,2025-06-24T21:39:55.801,12.620,-0.134,0.052,0.992
1750790395811,2025-06-24T21:39:55.811,12.630,-0.145,0.046,0.991
1750790395821,2025-06-24T21:39:55.821,12.640,-0.171,0.046,0.973
1750790395831,2025-06-24T21:39:55.831,12.650,-0.213,0.052,0.950
1750790395841,2025-06-24T21:39:55.841,12.660,-0.271,0.064,0.943
1750790395851,2025-06-24T21:39:55.851,12.670,-0.299,0.083,0.935
1750790395861,2025-06-24T21:39:55.861,12.680,-0.286,0.085,0.914
1750790395871,2025-06-24T21:39:55.871,12.690,-0.266,0.080,0.918
1750790395881,2025-06-24T21:39:55.881,12.700,-0.252,0.069,0.908
1750790395891,2025-06-24T21:39:55.891,12.710,-0.250,0.082,0.926
1750790395901,2025-06-24T21:39:55.901,12.720,-0.226,0.096,0.903
1750790395911,2025-06-24T21:39:55.911,12.730,-0.180,0.103,0.849
1750790395921,2025-06-24T21:39:55.921,12.740,-0.063,0.092,0.798
1750790395931,2025-06-24T21:39:55.931,12.750,0.141,0.055,0.734
1750790395941,2025-06-24T21:39:55.941,12.760,0.341,0.031,0.715
1750790395951,2025-06-24T21:39:55.951,12.770,0.498,-0.005,0.656
1750790395961,2025-06-24T21:39:55.961,12.780,0.613,-0.029,0.650
1750790395971,2025-06-24T21:39:55.971,12.790,0.698,-0.060,0.623
1750790395981,2025-06-24T21:39:55.981,12.800,0.776,-0.096,0.598
1750790395991,2025-06-24T21:39:55.991,12.810,0.834,-0.109,0.590
1750790396001,2025-06-24T21:39:56.001,12.820,0.873,-0.124,0.539
1750790396011,2025-06-24T21:39:56.011,12.830,0.935,-0.147,0.531
1750790396021,2025-06-24T21:39:56.021,12.840,1.000,-0.166,0.544
1750790396031,2025-06-24T21:39:56.031,12.850,1.031,-0.176,0.544
1750790396041,2025-06-24T21:39:56.041,12.860,1.054,-0.176,0.535
1750790396051,2025-06-24T21:39:56.051,12.870,1.061,-0.170,0.532
1750790396061,2025-06-24T21:39:56.061,12.880,1.047,-0.167,0.525
1750790396071,2025-06-24T21:39:56.071,12.890,1.033,-0.158,0.526
1750790396081,2025-06-24T21:39:56.081,12.900,1.036,-0.152,0.524
1750790396091,2025-06-24T21:39:56.091,12.910,1.049,-0.145,0.525
1750790396101,2025-06-24T21:39:56.101,12.920,1.028,-0.142,0.530
1750790396111,2025-06-24T21:39:56.111,12.930,0.998,-0.132,0.540
1750790396121,2025-06-24T21:39:56.121,12.940,0.979,-0.121,0.562
1750790396131,2025-06-24T21:39:56.131,12.950,0.961,-0.116,0.574
1750790396141,2025-06-24T21:39:56.141,12.960,0.978,-0.123,0.585
1750790396151,2025-06-24T21:39:56.151,12.970,1.019,-0.126,0.606
1750790396161,2025-06-24T21:39:56.161,12.980,1.061,-0.121,0.644
1750790396171,2025-06-24T21:39:56.171,12.990,1.085,-0.121,0.661
1750790396181,2025-06-24T21:39:56.181,13.000,1.091,-0.115,0.672
1750790396191,2025-06-24T21:39:56.191,13.010,1.069,-0.104,0.686
1750790396201,2025-06-24T21:39:56.201,13.020,0.996,-0.090,0.690
1750790396211,2025-06-24T21:39:56.211,13.030,0.883,-0.069,0.681
1750790396221,2025-06-24T21:39:56.221,13.040,0.750,-0.049,0.692
1750790396231,2025-06-24T21:39:56.231,13.050,0.580,-0.023,0.705
1750790396241,2025-06-24T21:39:56.241,13.060,0.390,0.002,0.716
1750790396251,2025-06-24T21:39:56.251,13.070,0.216,0.028,0.748
1750790396261,2025-06-24T21:39:56.261,13.080,0.081,0.039,0.764
1750790396271,2025-06-24T21:39:56.271,13.090,-0.034,0.057,0.793
1750790396281,2025-06-24T21:39:56.281,13.100,-0.123,0.066,0.806
1750790396291,2025-06-24T21:39:56.291,13.110,-0.211,0.078,0.830
1750790396301,2025-06-24T21:39:56.301,13.120,-0.309,0.096,0.860
1750790396311,2025-06-24T21:39:56.311,13.130,-0.316,0.104,0.892
1750790396321,2025-06-24T21:39:56.321,13.140,-0.285,0.112,0.933
1750790396331,2025-06-24T21:39:56.331,13.150,-0.262,0.118,0.963
1750790396341,2025-06-24T21:39:56.341,13.160,-0.237,0.114,0.985
1750790396351,2025-06-24T21:39:56.351,13.170,-0.199,0.111,0.992
1750790396361,2025-06-24T21:39:56.361,13.180,-0.163,0.106,0.990
1750790396371,2025-06-24T21:39:56.371,13.190,-0.146,0.103,0.987
1750790396381,2025-06-24T21:39:56.381,13.200,-0.122,0.090,1.005
1750790396391,2025-06-24T21:39:56.391,13.210,-0.095,0.087,1.023
1750790396401,2025-06-24T21:39:56.401,13.220,-0.094,0.083,1.029
1750790396411,2025-06-24T21:39:56.411,13.230,-0.091,0.080,1.027
1750790396421,2025-06-24T21:39:56.421,13.240,-0.083,0.078,1.021
1750790396431,2025-06-24T21:39:56.431,13.250,-0.097,0.072,1.003
1750790396441,2025-06-24T21:39:56.441,13.260,-0.122,0.069,0.992
1750790396451,2025-06-24T21:39:56.451,13.270,-0.147,0.068,0.993
1750790396461,2025-06-24T21:39:56.461,13.280,-0.166,0.066,0.992
1750790396471,2025-06-24T21:39:56.471,13.290,-0.174,0.074,0.991
1750790396481,2025-06-24T21:39:56.481,13.300,-0.168,0.086,0.996
1750790396491,2025-06-24T21:39:56.491,13.310,-0.173,0.093,0.994
1750790396501,2025-06-24T21:39:56.501,13.320,-0.177,0.098,0.992
1750790396511,2025-06-24T21:39:56.511,13.330,-0.194,0.105,0.987
1750790396521,2025-06-24T21:39:56.521,13.340,-0.221,0.109,0.978
1750790396531,2025-06-24T21:39:56.531,13.350,-0.227,0.113,0.971
1750790396541,2025-06-24T21:39:56.541,13.360,-0.229,0.113,0.959
1750790396551,2025-06-24T21:39:56.551,13.370,-0.230,0.112,0.948
1750790396561,2025-06-24T21:39:56.561,13.380,-0.224,0.108,0.944
1750790396571,2025-06-24T21:39:56.571,13.390,-0.241,0.102,0.932
1750790396581,2025-06-24T21:39:56.581,13.400,-0.270,0.107,0.930
1750790396591,2025-06-24T21:39:56.591,13.410,-0.267,0.117,0.920
1750790396601,2025-06-24T21:39:56.601,13.420,-0.245,0.122,0.915
1750790396611,2025-06-24T21:39:56.611,13.430,-0.212,0.118,0.894
1750790396621,2025-06-24T21:39:56.621,13.440,-0.178,0.108,0.895
1750790396631,2025-06-24T21:39:56.631,13.450,-0.152,0.099,0.876
1750790396641,2025-06-24T21:39:56.641,13.460,-0.152,0.094,0.866
1750790396651,2025-06-24T21:39:56.651,13.470,-0.174,0.111,0.862
1750790396661,2025-06-24T21:39:56.661,13.480,-0.175,0.152,0.841
1750790396671,2025-06-24T21:39:56.671,13.490,-0.108,0.155,0.721
1750790396681,2025-06-24T21:39:56.681,13.500,0.039,0.121,0.615
1750790396691,2025-06-24T21:39:56.691,13.510,0.269,0.069,0.573
1750790396701,2025-06-24T21:39:56.701,13.520,0.542,0.018,0.536
1750790396711,2025-06-24T21:39:56.711,13.530,0.792,-0.019,0.532
1750790396721,2025-06-24T21:39:56.721,13.540,0.963,-0.043,0.505
1750790396731,2025-06-24T21:39:56.731,13.550,1.021,-0.057,0.521
1750790396741,2025-06-24T21:39:56.741,13.560,1.026,-0.078,0.542
1750790396751,2025-06-24T21:39:56.751,13.570,1.022,-0.118,0.558
1750790396761,2025-06-24T21:39:56.761,13.580,0.998,-0.138,0.532
1750790396771,2025-06-24T21:39:56.771,13.590,0.972,-0.134,0.497
1750790396781,2025-06-24T21:39:56.781,13.600,0.981,-0.134,0.453
1750790396791,2025-06-24T21:39:56.791,13.610,1.027,-0.136,0.406
1750790396801,2025-06-24T21:39:56.801,13.620,1.083,-0.139,0.385
1750790396811,2025-06-24T21:39:56.811,13.630,1.128,-0.141,0.379
1750790396821,2025-06-24T21:39:56.821,13.640,1.154,-0.150,0.387
1750790396831,2025-06-24T21:39:56.831,13.650,1.172,-0.150,0.386
1750790396841,2025-06-24T21:39:56.841,13.660,1.194,-0.146,0.385
1750790396851,2025-06-24T21:39:56.851,13.670,1.196,-0.142,0.398
1750790396861,2025-06-24T21:39:56.861,13.680,1.177,-0.137,0.408
1750790396871,2025-06-24T21:39:56.871,13.690,1.177,-0.142,0.422
1750790396881,2025-06-24T21:39:56.881,13.700,1.178,-0.145,0.438
1750790396891,2025-06-24T21:39:56.891,13.710,1.152,-0.133,0.457
1750790396901,2025-06-24T21:39:56.901,13.720,1.116,-0.121,0.452
1750790396911,2025-06-24T21:39:56.911,13.730,1.124,-0.115,0.459
1750790396921,2025-06-24T21:39:56.921,13.740,1.143,-0.110,0.484
1750790396931,2025-06-24T21:39:56.931,13.750,1.132,-0.095,0.513
1750790396941,2025-06-24T21:39:56.941,13.760,1.106,-0.080,0.545
1750790396951,2025-06-24T21:39:56.951,13.770,1.060,-0.069,0.569
1750790396961,2025-06-24T21:39:56.961,13.780,0.993,-0.061,0.572
1750790396971,2025-06-24T21:39:56.971,13.790,0.911,-0.047,0.596
1750790396981,2025-06-24T21:39:56.981,13.800,0.803,-0.031,0.618
1750790396991,2025-06-24T21:39:56.991,13.810,0.686,-0.013,0.641
1750790397001,2025-06-24T21:39:57.001,13.820,0.542,0.011,0.663
1750790397011,2025-06-24T21:39:57.011,13.830,0.364,0.035,0.698
1750790397021,2025-06-24T21:39:57.021,13.840,0.177,0.043,0.715
1750790397031,2025-06-24T21:39:57.031,13.850,0.023,0.059,0.724
1750790397041,2025-06-24T21:39:57.041,13.860,-0.121,0.088,0.749
1750790397051,2025-06-24T21:39:57.051,13.870,-0.242,0.120,0.779
1750790397061,2025-06-24T21:39:57.061,13.880,-0.337,0.149,0.828
1750790397071,2025-06-24T21:39:57.071,13.890,-0.357,0.147,0.867
1750790397081,2025-06-24T21:39:57.081,13.900,-0.330,0.145,0.901
1750790397091,2025-06-24T21:39:57.091,13.910,-0.296,0.140,0.938
1750790397101,2025-06-24T21:39:57.101,13.920,-0.252,0.127,0.962
1750790397111,2025-06-24T21:39:57.111,13.930,-0.186,0.114,0.987
1750790397121,2025-06-24T21:39:57.121,13.940,-0.120,0.114,1.011
1750790397131,2025-06-24T21:39:57.131,13.950,-0.074,0.118,1.012
1750790397141,2025-06-24T21:39:57.141,13.960,-0.063,0.119,1.008
1750790397151,2025-06-24T21:39:57.151,13.970,-0.075,0.115,1.006
1750790397161,2025-06-24T21:39:57.161,13.980,-0.074,0.114,0.992
1750790397171,2025-06-24T21:39:57.171,13.990,-0.067,0.114,0.983
1750790397181,2025-06-24T21:39:57.181,14.000,-0.085,0.107,0.981
1750790397191,2025-06-24T21:39:57.191,14.010,-0.113,0.107,0.967
1750790397201,2025-06-24T21:39:57.201,14.020,-0.127,0.116,0.966
1750790397211,2025-06-24T21:39:57.211,14.030,-0.132,0.108,0.975
1750790397221,2025-06-24T21:39:57.221,14.040,-0.139,0.101,0.970
1750790397231,2025-06-24T21:39:57.231,14.050,-0.143,0.102,0.976
1750790397241,2025-06-24T21:39:57.241,14.060,-0.147,0.101,0.990
1750790397251,2025-06-24T21:39:57.251,14.070,-0.161,0.100,0.980
1750790397261,2025-06-24T21:39:57.261,14.080,-0.188,0.106,0.965
1750790397271,2025-06-24T21:39:57.271,14.090,-0.204,0.115,0.960
1750790397281,2025-06-24T21:39:57.281,14.100,-0.205,0.114,0.953
1750790397291,2025-06-24T21:39:57.291,14.110,-0.209,0.113,0.946
1750790397301,2025-06-24T21:39:57.301,14.120,-0.224,0.112,0.938
1750790397311,2025-06-24T21:39:57.311,14.130,-0.234,0.119,0.942
1750790397321,2025-06-24T21:39:57.321,14.140,-0.231,0.117,0.938
1750790397331,2025-06-24T21:39:57.331,14.150,-0.218,0.117,0.923
1750790397341,2025-06-24T21:39:57.341,14.160,-0.181,0.116,0.906
1750790397351,2025-06-24T21:39:57.351,14.170,-0.131,0.104,0.904
1750790397361,2025-06-24T21:39:57.361,14.180,-0.100,0.104,0.911
1750790397371,2025-06-24T21:39:57.371,14.190,-0.088,0.092,0.896
1750790397381,2025-06-24T21:39:57.381,14.200,-0.115,0.092,0.903
1750790397391,2025-06-24T21:39:57.391,14.210,-0.138,0.107,0.889
1750790397401,2025-06-24T21:39:57.401,14.220,-0.123,0.119,0.862
1750790397411,2025-06-24T21:39:57.411,14.230,-0.028,0.111,0.817
1750790397421,2025-06-24T21:39:57.421,14.240,0.136,0.076,0.774
1750790397431,2025-06-24T21:39:57.431,14.250,0.317,0.047,0.760
1750790397441,2025-06-24T21:39:57.441,14.260,0.460,0.023,0.730
1750790397451,2025-06-24T21:39:57.451,14.270,0.563,0.008,0.688
1750790397461,2025-06-24T21:39:57.461,14.280,0.647,-0.008,0.688
1750790397471,2025-06-24T21:39:57.471,14.290,0.743,-0.034,0.705
1750790397481,2025-06-24T21:39:57.481,14.300,0.828,-0.059,0.718
1750790397491,2025-06-24T21:39:57.491,14.310,0.898,-0.067,0.720
1750790397501,2025-06-24T21:39:57.501,14.320,0.969,-0.070,0.704
1750790397511,2025-06-24T21:39:57.511,14.330,1.034,-0.085,0.664
1750790397521,2025-06-24T21:39:57.521,14.340,1.063,-0.102,0.629
1750790397531,2025-06-24T21:39:57.531,14.350,1.076,-0.104,0.614
1750790397541,2025-06-24T21:39:57.541,14.360,1.095,-0.105,0.602
1750790397551,2025-06-24T21:39:57.551,14.370,1.096,-0.110,0.587
1750790397561,2025-06-24T21:39:57.561,14.380,1.068,-0.105,0.581
1750790397571,2025-06-24T21:39:57.571,14.390,1.041,-0.100,0.575
1750790397581,2025-06-24T21:39:57.581,14.400,1.027,-0.101,0.569
1750790397591,2025-06-24T21:39:57.591,14.410,1.018,-0.096,0.567
1750790397601,2025-06-24T21:39:57.601,14.420,1.004,-0.093,0.578
1750790397611,2025-06-24T21:39:57.611,14.430,0.981,-0.091,0.590
1750790397621,2025-06-24T21:39:57.621,14.440,0.952,-0.091,0.597
1750790397631,2025-06-24T21:39:57.631,14.450,0.913,-0.087,0.605
1750790397641,2025-06-24T21:39:57.641,14.460,0.895,-0.084,0.614
1750790397651,2025-06-24T21:39:57.651,14.470,0.917,-0.090,0.625
1750790397661,2025-06-24T21:39:57.661,14.480,0.965,-0.095,0.641
1750790397671,2025-06-24T21:39:57.671,14.490,1.001,-0.092,0.658
1750790397681,2025-06-24T21:39:57.681,14.500,1.001,-0.084,0.666
1750790397691,2025-06-24T21:39:57.691,14.510,0.971,-0.074,0.673
1750790397701,2025-06-24T21:39:57.701,14.520,0.909,-0.058,0.686
1750790397711,2025-06-24T21:39:57.711,14.530,0.800,-0.043,0.698
1750790397721,2025-06-24T21:39:57.721,14.540,0.670,-0.024,0.702
1750790397731,2025-06-24T21:39:57.731,14.550,0.531,0.001,0.708
1750790397741,2025-06-24T21:39:57.741,14.560,0.397,0.024,0.734
1750790397751,2025-06-24T21:39:57.751,14.570,0.276,0.047,0.767
1750790397761,2025-06-24T21:39:57.761,14.580,0.176,0.062,0.783
1750790397771,2025-06-24T21:39:57.771,14.590,0.080,0.069,0.797
1750790397781,2025-06-24T21:39:57.781,14.600,-0.012,0.078,0.817
1750790397791,2025-06-24T21:39:57.791,14.610,-0.110,0.086,0.828
1750790397801,2025-06-24T21:39:57.801,14.620,-0.252,0.107,0.836
1750790397811,2025-06-24T21:39:57.811,14.630,-0.345,0.110,0.859
1750790397821,2025-06-24T21:39:57.821,14.640,-0.372,0.117,0.876
1750790397831,2025-06-24T21:39:57.831,14.650,-0.381,0.140,0.888
1750790397841,2025-06-24T21:39:57.841,14.660,-0.370,0.134,0.907
1750790397851,2025-06-24T21:39:57.851,14.670,-0.343,0.109,0.946
1750790397861,2025-06-24T21:39:57.861,14.680,-0.286,0.110,0.971
1750790397871,2025-06-24T21:39:57.871,14.690,-0.211,0.150,0.981
1750790397881,2025-06-24T21:39:57.881,14.700,-0.146,0.137,1.016
1750790397891,2025-06-24T21:39:57.891,14.710,-0.121,0.108,1.009
1750790397901,2025-06-24T21:39:57.901,14.720,-0.140,0.097,1.005
1750790397911,2025-06-24T21:39:57.911,14.730,-0.177,0.098,0.988
1750790397921,2025-06-24T21:39:57.921,14.740,-0.223,0.107,0.978
1750790397931,2025-06-24T21:39:57.931,14.750,-0.278,0.108,0.983
1750790397941,2025-06-24T21:39:57.941,14.760,-0.311,0.106,0.949
1750790397951,2025-06-24T21:39:57.951,14.770,-0.330,0.112,0.926
1750790397961,2025-06-24T21:39:57.961,14.780,-0.356,0.116,0.939
1750790397971,2025-06-24T21:39:57.971,14.790,-0.333,0.112,0.946
1750790397981,2025-06-24T21:39:57.981,14.800,-0.298,0.097,0.921
1750790397991,2025-06-24T21:39:57.991,14.810,-0.289,0.102,0.917
1750790398001,2025-06-24T21:39:58.001,14.820,-0.319,0.110,0.939
1750790398011,2025-06-24T21:39:58.011,14.830,-0.339,0.125,0.948
1750790398021,2025-06-24T21:39:58.021,14.840,-0.396,0.129,0.897
1750790398031,2025-06-24T21:39:58.031,14.850,-0.445,0.125,0.872
1750790398041,2025-06-24T21:39:58.041,14.860,-0.428,0.131,0.887
1750790398051,2025-06-24T21:39:58.051,14.870,-0.412,0.135,0.890
1750790398061,2025-06-24T21:39:58.061,14.880,-0.440,0.138,0.911
1750790398071,2025-06-24T21:39:58.071,14.890,-0.441,0.145,0.963
1750790398081,2025-06-24T21:39:58.081,14.900,-0.420,0.148,1.010
1750790398091,2025-06-24T21:39:58.091,14.910,-0.428,0.143,0.972
1750790398101,2025-06-24T21:39:58.101,14.920,-0.491,0.148,0.935
1750790398111,2025-06-24T21:39:58.111,14.930,-0.424,0.162,0.916
1750790398121,2025-06-24T21:39:58.121,14.940,-0.324,0.139,0.903
1750790398131,2025-06-24T21:39:58.131,14.950,-0.309,0.102,0.904
1750790398141,2025-06-24T21:39:58.141,14.960,-0.337,0.111,0.883
1750790398151,2025-06-24T21:39:58.151,14.970,-0.377,0.115,0.844
1750790398161,2025-06-24T21:39:58.161,14.980,-0.402,0.124,0.871
1750790398171,2025-06-24T21:39:58.171,14.990,-0.379,0.136,0.895
1750790398181,2025-06-24T21:39:58.181,15.000,-0.417,0.132,0.903
1750790398191,2025-06-24T21:39:58.191,15.010,-0.429,0.120,0.872
1750790398201,2025-06-24T21:39:58.201,15.020,-0.361,0.118,0.867
1750790398211,2025-06-24T21:39:58.211,15.030,-0.284,0.128,0.890
1750790398221,2025-06-24T21:39:58.221,15.040,-0.274,0.116,0.907
1750790398231,2025-06-24T21:39:58.231,15.050,-0.276,0.105,0.903
1750790398241,2025-06-24T21:39:58.241,15.060,-0.283,0.114,0.906
1750790398251,2025-06-24T21:39:58.251,15.070,-0.292,0.117,0.921
1750790398261,2025-06-24T21:39:58.261,15.080,-0.300,0.122,0.919
1750790398271,2025-06-24T21:39:58.271,15.090,-0.333,0.127,0.905
1750790398281,2025-06-24T21:39:58.281,15.100,-0.422,0.125,0.873
1750790398291,2025-06-24T21:39:58.291,15.110,-0.515,0.124,0.832
1750790398301,2025-06-24T21:39:58.301,15.120,-0.517,0.114,0.775
1750790398311,2025-06-24T21:39:58.311,15.130,-0.495,0.101,0.739
1750790398321,2025-06-24T21:39:58.321,15.140,-0.432,0.120,0.775
1750790398331,2025-06-24T21:39:58.331,15.150,-0.384,0.162,0.878
1750790398341,2025-06-24T21:39:58.341,15.160,-0.386,0.184,0.935
1750790398351,2025-06-24T21:39:58.351,15.170,-0.333,0.187,0.895
1750790398361,2025-06-24T21:39:58.361,15.180,-0.168,0.182,0.835
1750790398371,2025-06-24T21:39:58.371,15.190,0.072,0.126,0.816
1750790398381,2025-06-24T21:39:58.381,15.200,0.324,0.074,0.793
1750790398391,2025-06-24T21:39:58.391,15.210,0.579,0.029,0.798
1750790398401,2025-06-24T21:39:58.401,15.220,0.854,-0.002,0.828
1750790398411,2025-06-24T21:39:58.411,15.230,1.091,-0.039,0.839
1750790398421,2025-06-24T21:39:58.421,15.240,1.200,-0.079,0.852
1750790398431,2025-06-24T21:39:58.431,15.250,1.110,-0.077,0.854
1750790398441,2025-06-24T21:39:58.441,15.260,0.948,-0.053,0.817
1750790398451,2025-06-24T21:39:58.451,15.270,0.819,-0.046,0.736
1750790398461,2025-06-24T21:39:58.461,15.280,0.765,-0.059,0.717
1750790398471,2025-06-24T21:39:58.471,15.290,0.872,-0.074,0.752
1750790398481,2025-06-24T21:39:58.481,15.300,1.011,-0.062,0.797
1750790398491,2025-06-24T21:39:58.491,15.310,0.978,-0.021,0.872
1750790398501,2025-06-24T21:39:58.501,15.320,0.767,-0.004,0.912
1750790398511,2025-06-24T21:39:58.511,15.330,0.516,0.012,0.847
1750790398521,2025-06-24T21:39:58.521,15.340,0.356,0.048,0.871
1750790398531,2025-06-24T21:39:58.531,15.350,0.364,0.083,0.947
1750790398541,2025-06-24T21:39:58.541,15.360,0.459,0.072,0.968
1750790398551,2025-06-24T21:39:58.551,15.370,0.545,0.042,0.974
1750790398561,2025-06-24T21:39:58.561,15.380,0.574,0.027,1.006
1750790398571,2025-06-24T21:39:58.571,15.390,0.472,0.016,0.966
1750790398581,2025-06-24T21:39:58.581,15.400,0.268,0.042,0.937
1750790398591,2025-06-24T21:39:58.591,15.410,0.115,0.093,0.944
1750790398601,2025-06-24T21:39:58.601,15.420,0.051,0.112,0.968
1750790398611,2025-06-24T21:39:58.611,15.430,0.013,0.103,0.981
1750790398621,2025-06-24T21:39:58.621,15.440,-0.036,0.098,0.988
1750790398631,2025-06-24T21:39:58.631,15.450,-0.066,0.101,1.004
1750790398641,2025-06-24T21:39:58.641,15.460,-0.054,0.107,1.013
1750790398651,2025-06-24T21:39:58.651,15.470,-0.022,0.114,0.986
1750790398661,2025-06-24T21:39:58.661,15.480,-0.026,0.143,0.966
1750790398671,2025-06-24T21:39:58.671,15.490,-0.071,0.146,0.975
1750790398681,2025-06-24T21:39:58.681,15.500,-0.138,0.135,0.978
1750790398691,2025-06-24T21:39:58.691,15.510,-0.193,0.142,0.979
1750790398701,2025-06-24T21:39:58.701,15.520,-0.192,0.158,0.977
1750790398711,2025-06-24T21:39:58.711,15.530,-0.181,0.158,0.982
1750790398721,2025-06-24T21:39:58.721,15.540,-0.179,0.143,1.001
1750790398731,2025-06-24T21:39:58.731,15.550,-0.184,0.126,1.002
1750790398741,2025-06-24T21:39:58.741,15.560,-0.210,0.163,0.969
1750790398751,2025-06-24T21:39:58.751,15.570,-0.211,0.178,0.963
1750790398761,2025-06-24T21:39:58.761,15.580,-0.175,0.136,0.979
1750790398771,2025-06-24T21:39:58.771,15.590,-0.160,0.151,0.958
1750790398781,2025-06-24T21:39:58.781,15.600,-0.176,0.161,0.969
1750790398791,2025-06-24T21:39:58.791,15.610,-0.206,0.149,0.969
1750790398801,2025-06-24T21:39:58.801,15.620,-0.257,0.166,0.963
1750790398811,2025-06-24T21:39:58.811,15.630,-0.292,0.176,0.965
1750790398821,2025-06-24T21:39:58.821,15.640,-0.313,0.173,0.967
1750790398831,2025-06-24T21:39:58.831,15.650,-0.329,0.183,0.951
1750790398841,2025-06-24T21:39:58.841,15.660,-0.315,0.185,0.951
1750790398851,2025-06-24T21:39:58.851,15.670,-0.285,0.170,0.962
1750790398861,2025-06-24T21:39:58.861,15.680,-0.272,0.167,0.963
1750790398871,2025-06-24T21:39:58.871,15.690,-0.264,0.162,0.960
1750790398881,2025-06-24T21:39:58.881,15.700,-0.254,0.163,0.953
1750790398891,2025-06-24T21:39:58.891,15.710,-0.264,0.169,0.953
1750790398901,2025-06-24T21:39:58.901,15.720,-0.284,0.160,0.945
1750790398911,2025-06-24T21:39:58.911,15.730,-0.326,0.153,0.916
1750790398921,2025-06-24T21:39:58.921,15.740,-0.389,0.161,0.899
1750790398931,2025-06-24T21:39:58.931,15.750,-0.401,0.170,0.895
1750790398941,2025-06-24T21:39:58.941,15.760,-0.427,0.169,0.894
1750790398951,2025-06-24T21:39:58.951,15.770,-0.420,0.164,0.893
1750790398961,2025-06-24T21:39:58.961,15.780,-0.349,0.160,0.882
1750790398971,2025-06-24T21:39:58.971,15.790,-0.333,0.153,0.888
1750790398981,2025-06-24T21:39:58.981,15.800,-0.386,0.153,0.902
1750790398991,2025-06-24T21:39:58.991,15.810,-0.449,0.162,0.886
1750790399001,2025-06-24T21:39:59.001,15.820,-0.436,0.205,0.879
1750790399011,2025-06-24T21:39:59.011,15.830,-0.254,0.222,0.854
1750790399021,2025-06-24T21:39:59.021,15.840,-0.002,0.187,0.843
1750790399031,2025-06-24T21:39:59.031,15.850,0.189,0.079,0.775
1750790399041,2025-06-24T21:39:59.041,15.860,0.378,0.016,0.753
1750790399051,2025-06-24T21:39:59.051,15.870,0.738,0.015,0.780
1750790399061,2025-06-24T21:39:59.061,15.880,1.007,-0.029,0.798
1750790399071,2025-06-24T21:39:59.071,15.890,1.041,-0.061,0.825
1750790399081,2025-06-24T21:39:59.081,15.900,0.957,-0.031,0.824
1750790399091,2025-06-24T21:39:59.091,15.910,0.848,0.003,0.805
1750790399101,2025-06-24T21:39:59.101,15.920,0.784,0.006,0.793
1750790399111,2025-06-24T21:39:59.111,15.930,0.776,-0.013,0.784
1750790399121,2025-06-24T21:39:59.121,15.940,0.798,-0.029,0.764
1750790399131,2025-06-24T21:39:59.131,15.950,0.813,-0.042,0.738
1750790399141,2025-06-24T21:39:59.141,15.960,0.830,-0.056,0.736
1750790399151,2025-06-24T21:39:59.151,15.970,0.867,-0.073,0.771
1750790399161,2025-06-24T21:39:59.161,15.980,0.872,-0.078,0.823
1750790399171,2025-06-24T21:39:59.171,15.990,0.818,-0.066,0.839
1750790399181,2025-06-24T21:39:59.181,16.000,0.684,-0.033,0.832
1750790399191,2025-06-24T21:39:59.191,16.010,0.560,-0.011,0.843
1750790399201,2025-06-24T21:39:59.201,16.020,0.531,-0.011,0.843
1750790399211,2025-06-24T21:39:59.211,16.030,0.566,-0.008,0.860
1750790399221,2025-06-24T21:39:59.221,16.040,0.653,-0.013,0.871
1750790399231,2025-06-24T21:39:59.231,16.050,0.743,-0.013,0.899
1750790399241,2025-06-24T21:39:59.241,16.060,0.773,-0.019,0.917
1750790399251,2025-06-24T21:39:59.251,16.070,0.704,-0.014,0.912
1750790399261,2025-06-24T21:39:59.261,16.080,0.529,0.009,0.879
1750790399271,2025-06-24T21:39:59.271,16.090,0.328,0.038,0.874
1750790399281,2025-06-24T21:39:59.281,16.100,0.195,0.057,0.891
1750790399291,2025-06-24T21:39:59.291,16.110,0.140,0.060,0.895
1750790399301,2025-06-24T21:39:59.301,16.120,0.123,0.059,0.927
1750790399311,2025-06-24T21:39:59.311,16.130,0.095,0.059,0.925
1750790399321,2025-06-24T21:39:59.321,16.140,0.034,0.063,0.912
1750790399331,2025-06-24T21:39:59.331,16.150,-0.044,0.071,0.920
1750790399341,2025-06-24T21:39:59.341,16.160,-0.094,0.077,0.921
1750790399351,2025-06-24T21:39:59.351,16.170,-0.146,0.086,0.933
1750790399361,2025-06-24T21:39:59.361,16.180,-0.210,0.106,0.922
1750790399371,2025-06-24T21:39:59.371,16.190,-0.271,0.129,0.922
1750790399381,2025-06-24T21:39:59.381,16.200,-0.291,0.124,0.935
1750790399391,2025-06-24T21:39:59.391,16.210,-0.277,0.126,0.937
1750790399401,2025-06-24T21:39:59.401,16.220,-0.268,0.131,0.949
1750790399411,2025-06-24T21:39:59.411,16.230,-0.244,0.113,0.963
1750790399421,2025-06-24T21:39:59.421,16.240,-0.219,0.113,0.960
1750790399431,2025-06-24T21:39:59.431,16.250,-0.208,0.128,0.963
1750790399441,2025-06-24T21:39:59.441,16.260,-0.202,0.118,0.969
1750790399451,2025-06-24T21:39:59.451,16.270,-0.198,0.113,0.972
1750790399461,2025-06-24T21:39:59.461,16.280,-0.192,0.113,0.980
1750790399471,2025-06-24T21:39:59.471,16.290,-0.200,0.112,0.975
1750790399481,2025-06-24T21:39:59.481,16.300,-0.214,0.127,0.961
1750790399491,2025-06-24T21:39:59.491,16.310,-0.228,0.124,0.973
1750790399501,2025-06-24T21:39:59.501,16.320,-0.244,0.125,0.958
1750790399511,2025-06-24T21:39:59.511,16.330,-0.248,0.130,0.951
1750790399521,2025-06-24T21:39:59.521,16.340,-0.245,0.129,0.957
1750790399531,2025-06-24T21:39:59.531,16.350,-0.250,0.125,0.960
1750790399541,2025-06-24T21:39:59.541,16.360,-0.261,0.123,0.953
1750790399551,2025-06-24T21:39:59.551,16.370,-0.275,0.133,0.938
1750790399561,2025-06-24T21:39:59.561,16.380,-0.274,0.134,0.936
1750790399571,2025-06-24T21:39:59.571,16.390,-0.268,0.126,0.951
1750790399581,2025-06-24T21:39:59.581,16.400,-0.273,0.115,0.939
1750790399591,2025-06-24T21:39:59.591,16.410,-0.290,0.111,0.930
1750790399601,2025-06-24T21:39:59.601,16.420,-0.293,0.116,0.923
1750790399611,2025-06-24T21:39:59.611,16.430,-0.332,0.119,0.910
1750790399621,2025-06-24T21:39:59.621,16.440,-0.367,0.145,0.883
1750790399631,2025-06-24T21:39:59.631,16.450,-0.356,0.151,0.850
1750790399641,2025-06-24T21:39:59.641,16.460,-0.337,0.140,0.860
1750790399651,2025-06-24T21:39:59.651,16.470,-0.313,0.127,0.842
1750790399661,2025-06-24T21:39:59.661,16.480,-0.299,0.133,0.811
1750790399671,2025-06-24T21:39:59.671,16.490,-0.196,0.128,0.766
1750790399681,2025-06-24T21:39:59.681,16.500,0.019,0.113,0.759
1750790399691,2025-06-24T21:39:59.691,16.510,0.290,0.087,0.789
1750790399701,2025-06-24T21:39:59.701,16.520,0.531,0.032,0.792
1750790399711,2025-06-24T21:39:59.711,16.530,0.673,-0.001,0.827
1750790399721,2025-06-24T21:39:59.721,16.540,0.729,-0.025,0.827
1750790399731,2025-06-24T21:39:59.731,16.550,0.818,-0.042,0.768
1750790399741,2025-06-24T21:39:59.741,16.560,0.883,-0.054,0.763
1750790399751,2025-06-24T21:39:59.751,16.570,0.855,-0.061,0.751
1750790399761,2025-06-24T21:39:59.761,16.580,0.824,-0.056,0.756
1750790399771,2025-06-24T21:39:59.771,16.590,0.841,-0.063,0.788
1750790399781,2025-06-24T21:39:59.781,16.600,0.877,-0.084,0.754
1750790399791,2025-06-24T21:39:59.791,16.610,0.862,-0.081,0.735
1750790399801,2025-06-24T21:39:59.801,16.620,0.874,-0.056,0.715
1750790399811,2025-06-24T21:39:59.811,16.630,0.926,-0.061,0.725
1750790399821,2025-06-24T21:39:59.821,16.640,0.961,-0.089,0.757
1750790399831,2025-06-24T21:39:59.831,16.650,0.957,-0.114,0.753
1750790399841,2025-06-24T21:39:59.841,16.660,0.938,-0.081,0.766
1750790399851,2025-06-24T21:39:59.851,16.670,0.880,-0.060,0.828
1750790399861,2025-06-24T21:39:59.861,16.680,0.780,-0.038,0.834
1750790399871,2025-06-24T21:39:59.871,16.690,0.671,-0.019,0.824
1750790399881,2025-06-24T21:39:59.881,16.700,0.618,-0.007,0.813
1750790399891,2025-06-24T21:39:59.891,16.710,0.645,-0.001,0.832
1750790399901,2025-06-24T21:39:59.901,16.720,0.737,-0.009,0.865
1750790399911,2025-06-24T21:39:59.911,16.730,0.813,-0.034,0.890
1750790399921,2025-06-24T21:39:59.921,16.740,0.788,-0.042,0.883
1750790399931,2025-06-24T21:39:59.931,16.750,0.661,-0.012,0.870
1750790399941,2025-06-24T21:39:59.941,16.760,0.496,0.023,0.873
1750790399951,2025-06-24T21:39:59.951,16.770,0.358,0.036,0.877
1750790399961,2025-06-24T21:39:59.961,16.780,0.269,0.041,0.880
1750790399971,2025-06-24T21:39:59.971,16.790,0.224,0.060,0.893
1750790399981,2025-06-24T21:39:59.981,16.800,0.184,0.058,0.915
1750790399991,2025-06-24T21:39:59.991,16.810,0.124,0.062,0.900
1750790400001,2025-06-24T21:40:00.001,16.820,0.056,0.081,0.922
1750790400011,2025-06-24T21:40:00.011,16.830,-0.014,0.083,0.936
1750790400021,2025-06-24T21:40:00.021,16.840,-0.090,0.075,0.927
1750790400031,2025-06-24T21:40:00.031,16.850,-0.181,0.104,0.904
1750790400041,2025-06-24T21:40:00.041,16.860,-0.259,0.132,0.893
1750790400051,2025-06-24T21:40:00.051,16.870,-0.305,0.137,0.895
1750790400061,2025-06-24T21:40:00.061,16.880,-0.322,0.120,0.923
1750790400071,2025-06-24T21:40:00.071,16.890,-0.299,0.125,0.927
1750790400081,2025-06-24T21:40:00.081,16.900,-0.279,0.159,0.932
1750790400091,2025-06-24T21:40:00.091,16.910,-0.263,0.151,0.953
1750790400101,2025-06-24T21:40:00.101,16.920,-0.249,0.133,0.962
1750790400111,2025-06-24T21:40:00.111,16.930,-0.229,0.135,0.958
1750790400121,2025-06-24T21:40:00.121,16.940,-0.220,0.139,0.955
1750790400131,2025-06-24T21:40:00.131,16.950,-0.225,0.144,0.958
1750790400141,2025-06-24T21:40:00.141,16.960,-0.210,0.146,0.958
1750790400151,2025-06-24T21:40:00.151,16.970,-0.196,0.143,0.958
1750790400161,2025-06-24T21:40:00.161,16.980,-0.197,0.139,0.964
1750790400171,2025-06-24T21:40:00.171,16.990,-0.191,0.135,0.961
1750790400181,2025-06-24T21:40:00.181,17.000,-0.201,0.133,0.965
1750790400191,2025-06-24T21:40:00.191,17.010,-0.222,0.132,0.964
1750790400201,2025-06-24T21:40:00.201,17.020,-0.233,0.133,0.968
1750790400211,2025-06-24T21:40:00.211,17.030,-0.229,0.130,0.980
1750790400221,2025-06-24T21:40:00.221,17.040,-0.236,0.138,0.973
1750790400231,2025-06-24T21:40:00.231,17.050,-0.245,0.141,0.978
1750790400241,2025-06-24T21:40:00.241,17.060,-0.242,0.136,0.985
1750790400251,2025-06-24T21:40:00.251,17.070,-0.247,0.140,0.984
1750790400261,2025-06-24T21:40:00.261,17.080,-0.257,0.146,0.977
1750790400271,2025-06-24T21:40:00.271,17.090,-0.264,0.145,0.978
1750790400281,2025-06-24T21:40:00.281,17.100,-0.270,0.138,0.976
1750790400291,2025-06-24T21:40:00.291,17.110,-0.264,0.148,0.958
1750790400301,2025-06-24T21:40:00.301,17.120,-0.260,0.157,0.961
1750790400311,2025-06-24T21:40:00.311,17.130,-0.268,0.150,0.965
1750790400321,2025-06-24T21:40:00.321,17.140,-0.286,0.146,0.956
1750790400331,2025-06-24T21:40:00.331,17.150,-0.298,0.154,0.953
1750790400341,2025-06-24T21:40:00.341,17.160,-0.304,0.159,0.948
1750790400351,2025-06-24T21:40:00.351,17.170,-0.322,0.154,0.937
1750790400361,2025-06-24T21:40:00.361,17.180,-0.348,0.155,0.939
1750790400371,2025-06-24T21:40:00.371,17.190,-0.373,0.157,0.932
1750790400381,2025-06-24T21:40:00.381,17.200,-0.396,0.153,0.928
1750790400391,2025-06-24T21:40:00.391,17.210,-0.379,0.154,0.928
1750790400401,2025-06-24T21:40:00.401,17.220,-0.360,0.155,0.917
1750790400411,2025-06-24T21:40:00.411,17.230,-0.357,0.135,0.893
1750790400421,2025-06-24T21:40:00.421,17.240,-0.361,0.130,0.898
1750790400431,2025-06-24T21:40:00.431,17.250,-0.381,0.158,0.904
1750790400441,2025-06-24T21:40:00.441,17.260,-0.421,0.185,0.838
1750790400451,2025-06-24T21:40:00.451,17.270,-0.401,0.196,0.739
1750790400461,2025-06-24T21:40:00.461,17.280,-0.194,0.174,0.642
1750790400471,2025-06-24T21:40:00.471,17.290,0.163,0.106,0.637
1750790400481,2025-06-24T21:40:00.481,17.300,0.533,0.028,0.676
1750790400491,2025-06-24T21:40:00.491,17.310,0.833,-0.028,0.729
1750790400501,2025-06-24T21:40:00.501,17.320,0.988,-0.049,0.774
1750790400511,2025-06-24T21:40:00.511,17.330,1.021,-0.064,0.814
1750790400521,2025-06-24T21:40:00.521,17.340,1.033,-0.075,0.797
1750790400531,2025-06-24T21:40:00.531,17.350,1.025,-0.075,0.763
1750790400541,2025-06-24T21:40:00.541,17.360,0.954,-0.075,0.742
1750790400551,2025-06-24T21:40:00.551,17.370,0.895,-0.080,0.691
1750790400561,2025-06-24T21:40:00.561,17.380,0.855,-0.076,0.680
1750790400571,2025-06-24T21:40:00.571,17.390,0.882,-0.070,0.668
1750790400581,2025-06-24T21:40:00.581,17.400,0.983,-0.092,0.623
1750790400591,2025-06-24T21:40:00.591,17.410,1.060,-0.110,0.631
1750790400601,2025-06-24T21:40:00.601,17.420,1.082,-0.116,0.693
1750790400611,2025-06-24T21:40:00.611,17.430,1.051,-0.116,0.685
1750790400621,2025-06-24T21:40:00.621,17.440,0.980,-0.084,0.691
1750790400631,2025-06-24T21:40:00.631,17.450,0.860,-0.062,0.714
1750790400641,2025-06-24T21:40:00.641,17.460,0.744,-0.040,0.730
1750790400651,2025-06-24T21:40:00.651,17.470,0.665,-0.029,0.739
1750790400661,2025-06-24T21:40:00.661,17.480,0.632,-0.018,0.746
1750790400671,2025-06-24T21:40:00.671,17.490,0.705,-0.021,0.782
1750790400681,2025-06-24T21:40:00.681,17.500,0.798,-0.033,0.801
1750790400691,2025-06-24T21:40:00.691,17.510,0.825,-0.042,0.822
1750790400701,2025-06-24T21:40:00.701,17.520,0.774,-0.046,0.832
1750790400711,2025-06-24T21:40:00.711,17.530,0.664,-0.045,0.845
1750790400721,2025-06-24T21:40:00.721,17.540,0.507,-0.024,0.835
1750790400731,2025-06-24T21:40:00.731,17.550,0.369,0.014,0.835
1750790400741,2025-06-24T21:40:00.741,17.560,0.282,0.031,0.853
1750790400751,2025-06-24T21:40:00.751,17.570,0.237,0.037,0.860
1750790400761,2025-06-24T21:40:00.761,17.580,0.212,0.043,0.871
1750790400771,2025-06-24T21:40:00.771,17.590,0.171,0.048,0.873
1750790400781,2025-06-24T21:40:00.781,17.600,0.106,0.057,0.886
1750790400791,2025-06-24T21:40:00.791,17.610,0.040,0.060,0.905
1750790400801,2025-06-24T21:40:00.801,17.620,-0.028,0.058,0.930
1750790400811,2025-06-24T21:40:00.811,17.630,-0.080,0.060,0.936
1750790400821,2025-06-24T21:40:00.821,17.640,-0.113,0.071,0.942
1750790400831,2025-06-24T21:40:00.831,17.650,-0.133,0.086,0.939
1750790400841,2025-06-24T21:40:00.841,17.660,-0.157,0.098,0.936
1750790400851,2025-06-24T21:40:00.851,17.670,-0.177,0.104,0.929
1750790400861,2025-06-24T21:40:00.861,17.680,-0.188,0.109,0.922
1750790400871,2025-06-24T21:40:00.871,17.690,-0.197,0.114,0.921
1750790400881,2025-06-24T21:40:00.881,17.700,-0.198,0.109,0.938
1750790400891,2025-06-24T21:40:00.891,17.710,-0.191,0.098,0.960
1750790400901,2025-06-24T21:40:00.901,17.720,-0.185,0.096,0.967
1750790400911,2025-06-24T21:40:00.911,17.730,-0.182,0.097,0.982
1750790400921,2025-06-24T21:40:00.921,17.740,-0.167,0.089,1.000
1750790400931,2025-06-24T21:40:00.931,17.750,-0.148,0.089,1.000
1750790400941,2025-06-24T21:40:00.941,17.760,-0.153,0.107,0.982
1750790400951,2025-06-24T21:40:00.951,17.770,-0.171,0.115,0.971
1750790400961,2025-06-24T21:40:00.961,17.780,-0.179,0.113,0.968
1750790400971,2025-06-24T21:40:00.971,17.790,-0.175,0.113,0.976
1750790400981,2025-06-24T21:40:00.981,17.800,-0.171,0.106,0.993
1750790400991,2025-06-24T21:40:00.991,17.810,-0.169,0.099,0.996
1750790401001,2025-06-24T21:40:01.001,17.820,-0.169,0.104,0.996
1750790401011,2025-06-24T21:40:01.011,17.830,-0.180,0.107,0.993
1750790401021,2025-06-24T21:40:01.021,17.840,-0.197,0.105,0.983
1750790401031,2025-06-24T21:40:01.031,17.850,-0.211,0.109,0.973
1750790401041,2025-06-24T21:40:01.041,17.860,-0.226,0.117,0.972
1750790401051,2025-06-24T21:40:01.051,17.870,-0.263,0.112,0.961
1750790401061,2025-06-24T21:40:01.061,17.880,-0.279,0.118,0.958
1750790401071,2025-06-24T21:40:01.071,17.890,-0.264,0.122,0.950
1750790401081,2025-06-24T21:40:01.081,17.900,-0.248,0.116,0.943
1750790401091,2025-06-24T21:40:01.091,17.910,-0.241,0.106,0.937
1750790401101,2025-06-24T21:40:01.101,17.920,-0.262,0.110,0.927
1750790401111,2025-06-24T21:40:01.111,17.930,-0.291,0.115,0.917
1750790401121,2025-06-24T21:40:01.121,17.940,-0.301,0.118,0.910
1750790401131,2025-06-24T21:40:01.131,17.950,-0.284,0.121,0.903
1750790401141,2025-06-24T21:40:01.141,17.960,-0.261,0.112,0.895
1750790401151,2025-06-24T21:40:01.151,17.970,-0.246,0.104,0.876
1750790401161,2025-06-24T21:40:01.161,17.980,-0.255,0.104,0.869
1750790401171,2025-06-24T21:40:01.171,17.990,-0.300,0.116,0.844
1750790401181,2025-06-24T21:40:01.181,18.000,-0.352,0.128,0.795
1750790401191,2025-06-24T21:40:01.191,18.010,-0.363,0.150,0.758
1750790401201,2025-06-24T21:40:01.201,18.020,-0.272,0.174,0.670
1750790401211,2025-06-24T21:40:01.211,18.030,-0.110,0.164,0.581
1750790401221,2025-06-24T21:40:01.221,18.040,0.140,0.105,0.557
1750790401231,2025-06-24T21:40:01.231,18.050,0.452,0.037,0.599
1750790401241,2025-06-24T21:40:01.241,18.060,0.763,-0.019,0.660
1750790401251,2025-06-24T21:40:01.251,18.070,1.002,-0.056,0.697
1750790401261,2025-06-24T21:40:01.261,18.080,1.142,-0.085,0.709
1750790401271,2025-06-24T21:40:01.271,18.090,1.197,-0.098,0.728
1750790401281,2025-06-24T21:40:01.281,18.100,1.137,-0.110,0.743
1750790401291,2025-06-24T21:40:01.291,18.110,1.024,-0.114,0.683
1750790401301,2025-06-24T21:40:01.301,18.120,0.979,-0.096,0.588
1750790401311,2025-06-24T21:40:01.311,18.130,1.021,-0.094,0.556
1750790401321,2025-06-24T21:40:01.321,18.140,1.103,-0.101,0.588
1750790401331,2025-06-24T21:40:01.331,18.150,1.153,-0.116,0.594
1750790401341,2025-06-24T21:40:01.341,18.160,1.164,-0.120,0.585
1750790401351,2025-06-24T21:40:01.351,18.170,1.141,-0.104,0.591
1750790401361,2025-06-24T21:40:01.361,18.180,1.069,-0.074,0.599
1750790401371,2025-06-24T21:40:01.371,18.190,1.004,-0.063,0.607
1750790401381,2025-06-24T21:40:01.381,18.200,0.954,-0.052,0.628
1750790401391,2025-06-24T21:40:01.391,18.210,0.897,-0.029,0.675
1750790401401,2025-06-24T21:40:01.401,18.220,0.867,-0.026,0.713
1750790401411,2025-06-24T21:40:01.411,18.230,0.836,-0.031,0.738
1750790401421,2025-06-24T21:40:01.421,18.240,0.811,-0.027,0.746
1750790401431,2025-06-24T21:40:01.431,18.250,0.829,-0.015,0.757
1750790401441,2025-06-24T21:40:01.441,18.260,0.880,-0.011,0.807
1750790401451,2025-06-24T21:40:01.451,18.270,0.929,-0.013,0.809
1750790401461,2025-06-24T21:40:01.461,18.280,0.890,-0.017,0.833
1750790401471,2025-06-24T21:40:01.471,18.290,0.766,-0.014,0.838
1750790401481,2025-06-24T21:40:01.481,18.300,0.622,-0.006,0.834
1750790401491,2025-06-24T21:40:01.491,18.310,0.505,0.038,0.829
1750790401501,2025-06-24T21:40:01.501,18.320,0.410,0.060,0.856
1750790401511,2025-06-24T21:40:01.511,18.330,0.346,0.053,0.864
1750790401521,2025-06-24T21:40:01.521,18.340,0.306,0.040,0.882
1750790401531,2025-06-24T21:40:01.531,18.350,0.250,0.055,0.867
1750790401541,2025-06-24T21:40:01.541,18.360,0.169,0.079,0.889
1750790401551,2025-06-24T21:40:01.551,18.370,0.068,0.091,0.893
1750790401561,2025-06-24T21:40:01.561,18.380,-0.026,0.098,0.888
1750790401571,2025-06-24T21:40:01.571,18.390,-0.116,0.097,0.922
1750790401581,2025-06-24T21:40:01.581,18.400,-0.172,0.105,0.924
1750790401591,2025-06-24T21:40:01.591,18.410,-0.209,0.117,0.941
1750790401601,2025-06-24T21:40:01.601,18.420,-0.223,0.104,0.966
1750790401611,2025-06-24T21:40:01.611,18.430,-0.215,0.111,0.956
1750790401621,2025-06-24T21:40:01.621,18.440,-0.202,0.116,0.969
1750790401631,2025-06-24T21:40:01.631,18.450,-0.176,0.102,0.979
1750790401641,2025-06-24T21:40:01.641,18.460,-0.163,0.103,0.976
1750790401651,2025-06-24T21:40:01.651,18.470,-0.174,0.096,0.978
1750790401661,2025-06-24T21:40:01.661,18.480,-0.191,0.092,0.967
1750790401671,2025-06-24T21:40:01.671,18.490,-0.192,0.100,0.972
1750790401681,2025-06-24T21:40:01.681,18.500,-0.193,0.102,0.973
1750790401691,2025-06-24T21:40:01.691,18.510,-0.204,0.096,0.978
1750790401701,2025-06-24T21:40:01.701,18.520,-0.211,0.101,0.967
1750790401711,2025-06-24T21:40:01.711,18.530,-0.216,0.117,0.959
1750790401721,2025-06-24T21:40:01.721,18.540,-0.228,0.110,0.978
1750790401731,2025-06-24T21:40:01.731,18.550,-0.226,0.101,0.977
1750790401741,2025-06-24T21:40:01.741,18.560,-0.201,0.101,0.974
1750790401751,2025-06-24T21:40:01.751,18.570,-0.180,0.105,0.962
1750790401761,2025-06-24T21:40:01.761,18.580,-0.187,0.104,0.966
1750790401771,2025-06-24T21:40:01.771,18.590,-0.219,0.099,0.957
1750790401781,2025-06-24T21:40:01.781,18.600,-0.256,0.105,0.936
1750790401791,2025-06-24T21:40:01.791,18.610,-0.283,0.111,0.935
1750790401801,2025-06-24T21:40:01.801,18.620,-0.304,0.115,0.936
1750790401811,2025-06-24T21:40:01.811,18.630,-0.311,0.111,0.937
1750790401821,2025-06-24T21:40:01.821,18.640,-0.307,0.111,0.924
1750790401831,2025-06-24T21:40:01.831,18.650,-0.309,0.110,0.916
1750790401841,2025-06-24T21:40:01.841,18.660,-0.315,0.110,0.895
1750790401851,2025-06-24T21:40:01.851,18.670,-0.344,0.107,0.873
1750790401861,2025-06-24T21:40:01.861,18.680,-0.384,0.115,0.852
1750790401871,2025-06-24T21:40:01.871,18.690,-0.404,0.122,0.828
1750790401881,2025-06-24T21:40:01.881,18.700,-0.423,0.122,0.830
1750790401891,2025-06-24T21:40:01.891,18.710,-0.416,0.119,0.834
1750790401901,2025-06-24T21:40:01.901,18.720,-0.374,0.116,0.860
1750790401911,2025-06-24T21:40:01.911,18.730,-0.329,0.109,0.874
1750790401921,2025-06-24T21:40:01.921,18.740,-0.297,0.095,0.862
1750790401931,2025-06-24T21:40:01.931,18.750,-0.249,0.091,0.876
1750790401941,2025-06-24T21:40:01.941,18.760,-0.225,0.113,0.885
1750790401951,2025-06-24T21:40:01.951,18.770,-0.222,0.140,0.856
1750790401961,2025-06-24T21:40:01.961,18.780,-0.168,0.126,0.797
1750790401971,2025-06-24T21:40:01.971,18.790,-0.020,0.087,0.714
1750790401981,2025-06-24T21:40:01.981,18.800,0.205,0.070,0.699
1750790401991,2025-06-24T21:40:01.991,18.810,0.471,0.060,0.700
1750790402001,2025-06-24T21:40:02.001,18.820,0.705,0.012,0.737
1750790402011,2025-06-24T21:40:02.011,18.830,0.845,-0.050,0.782
1750790402021,2025-06-24T21:40:02.021,18.840,0.917,-0.079,0.793
1750790402031,2025-06-24T21:40:02.031,18.850,0.979,-0.078,0.781
1750790402041,2025-06-24T21:40:02.041,18.860,0.957,-0.080,0.754
1750790402051,2025-06-24T21:40:02.051,18.870,0.879,-0.071,0.754
1750790402061,2025-06-24T21:40:02.061,18.880,0.859,-0.065,0.777
1750790402071,2025-06-24T21:40:02.071,18.890,0.894,-0.074,0.769
1750790402081,2025-06-24T21:40:02.081,18.900,0.900,-0.087,0.753
1750790402091,2025-06-24T21:40:02.091,18.910,0.887,-0.082,0.753
1750790402101,2025-06-24T21:40:02.101,18.920,0.904,-0.073,0.739
1750790402111,2025-06-24T21:40:02.111,18.930,0.924,-0.092,0.708
1750790402121,2025-06-24T21:40:02.121,18.940,0.940,-0.099,0.720
1750790402131,2025-06-24T21:40:02.131,18.950,0.955,-0.100,0.746
1750790402141,2025-06-24T21:40:02.141,18.960,0.946,-0.101,0.745
1750790402151,2025-06-24T21:40:02.151,18.970,0.882,-0.080,0.783
1750790402161,2025-06-24T21:40:02.161,18.980,0.809,-0.072,0.796
1750790402171,2025-06-24T21:40:02.171,18.990,0.767,-0.066,0.794
1750790402181,2025-06-24T21:40:02.181,19.000,0.762,-0.046,0.852
1750790402191,2025-06-24T21:40:02.191,19.010,0.790,-0.039,0.899
1750790402201,2025-06-24T21:40:02.201,19.020,0.809,-0.046,0.900
1750790402211,2025-06-24T21:40:02.211,19.030,0.772,-0.044,0.896
1750790402221,2025-06-24T21:40:02.221,19.040,0.671,-0.023,0.882
1750790402231,2025-06-24T21:40:02.231,19.050,0.511,-0.009,0.879
1750790402241,2025-06-24T21:40:02.241,19.060,0.361,0.001,0.852
1750790402251,2025-06-24T21:40:02.251,19.070,0.261,0.021,0.862
1750790402261,2025-06-24T21:40:02.261,19.080,0.198,0.033,0.854
1750790402271,2025-06-24T21:40:02.271,19.090,0.149,0.050,0.871
1750790402281,2025-06-24T21:40:02.281,19.100,0.101,0.035,0.896
1750790402291,2025-06-24T21:40:02.291,19.110,0.058,0.023,0.899
1750790402301,2025-06-24T21:40:02.301,19.120,-0.006,0.045,0.908
1750790402311,2025-06-24T21:40:02.311,19.130,-0.073,0.055,0.913
1750790402321,2025-06-24T21:40:02.321,19.140,-0.130,0.061,0.923
1750790402331,2025-06-24T21:40:02.331,19.150,-0.177,0.084,0.908
1750790402341,2025-06-24T21:40:02.341,19.160,-0.211,0.098,0.913
1750790402351,2025-06-24T21:40:02.351,19.170,-0.235,0.096,0.920
1750790402361,2025-06-24T21:40:02.361,19.180,-0.264,0.095,0.915
1750790402371,2025-06-24T21:40:02.371,19.190,-0.276,0.098,0.906
1750790402381,2025-06-24T21:40:02.381,19.200,-0.272,0.090,0.918
1750790402391,2025-06-24T21:40:02.391,19.210,-0.258,0.098,0.915
1750790402401,2025-06-24T21:40:02.401,19.220,-0.235,0.101,0.928
1750790402411,2025-06-24T21:40:02.411,19.230,-0.210,0.085,0.949
1750790402421,2025-06-24T21:40:02.421,19.240,-0.192,0.089,0.944
1750790402431,2025-06-24T21:40:02.431,19.250,-0.178,0.094,0.945
1750790402441,2025-06-24T21:40:02.441,19.260,-0.171,0.084,0.964
1750790402451,2025-06-24T21:40:02.451,19.270,-0.173,0.085,0.963
1750790402461,2025-06-24T21:40:02.461,19.280,-0.187,0.091,0.956
1750790402471,2025-06-24T21:40:02.471,19.290,-0.211,0.093,0.936
1750790402481,2025-06-24T21:40:02.481,19.300,-0.238,0.095,0.938
1750790402491,2025-06-24T21:40:02.491,19.310,-0.239,0.087,0.951
1750790402501,2025-06-24T21:40:02.501,19.320,-0.234,0.091,0.959
1750790402511,2025-06-24T21:40:02.511,19.330,-0.229,0.096,0.980
1750790402521,2025-06-24T21:40:02.521,19.340,-0.232,0.095,1.000
1750790402531,2025-06-24T21:40:02.531,19.350,-0.241,0.079,1.015
1750790402541,2025-06-24T21:40:02.541,19.360,-0.233,0.094,0.989
1750790402551,2025-06-24T21:40:02.551,19.370,-0.229,0.126,0.979
1750790402561,2025-06-24T21:40:02.561,19.380,-0.248,0.119,0.972
1750790402571,2025-06-24T21:40:02.571,19.390,-0.272,0.111,0.975
1750790402581,2025-06-24T21:40:02.581,19.400,-0.282,0.113,0.977
1750790402591,2025-06-24T21:40:02.591,19.410,-0.292,0.118,0.989
1750790402601,2025-06-24T21:40:02.601,19.420,-0.296,0.119,0.984
1750790402611,2025-06-24T21:40:02.611,19.430,-0.299,0.117,0.964
1750790402621,2025-06-24T21:40:02.621,19.440,-0.300,0.113,0.956
1750790402631,2025-06-24T21:40:02.631,19.450,-0.325,0.109,0.947
1750790402641,2025-06-24T21:40:02.641,19.460,-0.362,0.113,0.943
1750790402651,2025-06-24T21:40:02.651,19.470,-0.378,0.123,0.942
1750790402661,2025-06-24T21:40:02.661,19.480,-0.361,0.122,0.936
1750790402671,2025-06-24T21:40:02.671,19.490,-0.332,0.107,0.925
1750790402681,2025-06-24T21:40:02.681,19.500,-0.322,0.096,0.914
1750790402691,2025-06-24T21:40:02.691,19.510,-0.338,0.098,0.907
1750790402701,2025-06-24T21:40:02.701,19.520,-0.365,0.124,0.905
1750790402711,2025-06-24T21:40:02.711,19.530,-0.348,0.147,0.856
1750790402721,2025-06-24T21:40:02.721,19.540,-0.294,0.148,0.795
1750790402731,2025-06-24T21:40:02.731,19.550,-0.138,0.137,0.708
1750790402741,2025-06-24T21:40:02.741,19.560,0.124,0.108,0.649
1750790402751,2025-06-24T21:40:02.751,19.570,0.415,0.058,0.649
1750790402761,2025-06-24T21:40:02.761,19.580,0.689,-0.011,0.626
1750790402771,2025-06-24T21:40:02.771,19.590,0.907,-0.064,0.638
1750790402781,2025-06-24T21:40:02.781,19.600,1.054,-0.107,0.688
1750790402791,2025-06-24T21:40:02.791,19.610,1.110,-0.146,0.739
1750790402801,2025-06-24T21:40:02.801,19.620,1.063,-0.147,0.749
1750790402811,2025-06-24T21:40:02.811,19.630,0.989,-0.127,0.731
1750790402821,2025-06-24T21:40:02.821,19.640,0.937,-0.107,0.705
1750790402831,2025-06-24T21:40:02.831,19.650,0.905,-0.085,0.684
1750790402841,2025-06-24T21:40:02.841,19.660,0.898,-0.088,0.664
1750790402851,2025-06-24T21:40:02.851,19.670,0.900,-0.105,0.637
1750790402861,2025-06-24T21:40:02.861,19.680,0.937,-0.114,0.648
1750790402871,2025-06-24T21:40:02.871,19.690,1.000,-0.129,0.688
1750790402881,2025-06-24T21:40:02.881,19.700,0.987,-0.131,0.699
1750790402891,2025-06-24T21:40:02.891,19.710,0.926,-0.104,0.708
1750790402901,2025-06-24T21:40:02.901,19.720,0.864,-0.090,0.745
1750790402911,2025-06-24T21:40:02.911,19.730,0.796,-0.088,0.771
1750790402921,2025-06-24T21:40:02.921,19.740,0.732,-0.080,0.782
1750790402931,2025-06-24T21:40:02.931,19.750,0.696,-0.064,0.783
1750790402941,2025-06-24T21:40:02.941,19.760,0.704,-0.057,0.796
1750790402951,2025-06-24T21:40:02.951,19.770,0.752,-0.065,0.823
1750790402961,2025-06-24T21:40:02.961,19.780,0.806,-0.073,0.833
1750790402971,2025-06-24T21:40:02.971,19.790,0.822,-0.072,0.839
1750790402981,2025-06-24T21:40:02.981,19.800,0.761,-0.067,0.855
1750790402991,2025-06-24T21:40:02.991,19.810,0.644,-0.047,0.857
1750790403001,2025-06-24T21:40:03.001,19.820,0.498,-0.038,0.848
1750790403011,2025-06-24T21:40:03.011,19.830,0.362,-0.026,0.838
1750790403021,2025-06-24T21:40:03.021,19.840,0.285,-0.015,0.867
1750790403031,2025-06-24T21:40:03.031,19.850,0.268,-0.012,0.883
1750790403041,2025-06-24T21:40:03.041,19.860,0.243,0.003,0.882
1750790403051,2025-06-24T21:40:03.051,19.870,0.164,0.015,0.868
1750790403061,2025-06-24T21:40:03.061,19.880,0.075,0.021,0.881
1750790403071,2025-06-24T21:40:03.071,19.890,-0.006,0.032,0.885
1750790403081,2025-06-24T21:40:03.081,19.900,-0.091,0.045,0.881
1750790403091,2025-06-24T21:40:03.091,19.910,-0.174,0.052,0.896
1750790403101,2025-06-24T21:40:03.101,19.920,-0.253,0.060,0.897
1750790403111,2025-06-24T21:40:03.111,19.930,-0.293,0.080,0.893
1750790403121,2025-06-24T21:40:03.121,19.940,-0.312,0.096,0.903
1750790403131,2025-06-24T21:40:03.131,19.950,-0.335,0.091,0.922
1750790403141,2025-06-24T21:40:03.141,19.960,-0.324,0.083,0.918
1750790403151,2025-06-24T21:40:03.151,19.970,-0.304,0.118,0.891
1750790403161,2025-06-24T21:40:03.161,19.980,-0.281,0.112,0.927
1750790403171,2025-06-24T21:40:03.171,19.990,-0.252,0.103,0.934
1750790403181,2025-06-24T21:40:03.181,20.000,-0.240,0.108,0.935
1750790403191,2025-06-24T21:40:03.191,20.010,-0.263,0.101,0.959
1750790403201,2025-06-24T21:40:03.201,20.020,-0.286,0.097,0.973
1750790403211,2025-06-24T21:40:03.211,20.030,-0.283,0.108,0.945
1750790403221,2025-06-24T21:40:03.221,20.040,-0.291,0.112,0.948
1750790403231,2025-06-24T21:40:03.231,20.050,-0.312,0.105,0.950
1750790403241,2025-06-24T21:40:03.241,20.060,-0.320,0.102,0.940
1750790403251,2025-06-24T21:40:03.251,20.070,-0.328,0.111,0.926
1750790403261,2025-06-24T21:40:03.261,20.080,-0.345,0.120,0.922
1750790403271,2025-06-24T21:40:03.271,20.090,-0.349,0.125,0.931
1750790403281,2025-06-24T21:40:03.281,20.100,-0.340,0.125,0.944
1750790403291,2025-06-24T21:40:03.291,20.110,-0.339,0.127,0.946
1750790403301,2025-06-24T21:40:03.301,20.120,-0.345,0.132,0.953
1750790403311,2025-06-24T21:40:03.311,20.130,-0.352,0.138,0.955
1750790403321,2025-06-24T21:40:03.321,20.140,-0.370,0.140,0.950
1750790403331,2025-06-24T21:40:03.331,20.150,-0.391,0.139,0.933
1750790403341,2025-06-24T21:40:03.341,20.160,-0.396,0.146,0.920
1750790403351,2025-06-24T21:40:03.351,20.170,-0.420,0.144,0.898
1750790403361,2025-06-24T21:40:03.361,20.180,-0.458,0.139,0.882
1750790403371,2025-06-24T21:40:03.371,20.190,-0.458,0.142,0.886
1750790403381,2025-06-24T21:40:03.381,20.200,-0.443,0.133,0.894
1750790403391,2025-06-24T21:40:03.391,20.210,-0.417,0.125,0.881
1750790403401,2025-06-24T21:40:03.401,20.220,-0.426,0.123,0.863
1750790403411,2025-06-24T21:40:03.411,20.230,-0.439,0.139,0.884
1750790403421,2025-06-24T21:40:03.421,20.240,-0.416,0.170,0.891
1750790403431,2025-06-24T21:40:03.431,20.250,-0.322,0.185,0.891
1750790403441,2025-06-24T21:40:03.441,20.260,-0.166,0.164,0.836
1750790403451,2025-06-24T21:40:03.451,20.270,0.078,0.081,0.771
1750790403461,2025-06-24T21:40:03.461,20.280,0.372,0.007,0.731
1750790403471,2025-06-24T21:40:03.471,20.290,0.669,-0.041,0.637
1750790403481,2025-06-24T21:40:03.481,20.300,0.945,-0.072,0.594
1750790403491,2025-06-24T21:40:03.491,20.310,1.177,-0.106,0.624
1750790403501,2025-06-24T21:40:03.501,20.320,1.345,-0.148,0.676
1750790403511,2025-06-24T21:40:03.511,20.330,1.387,-0.166,0.712
1750790403521,2025-06-24T21:40:03.521,20.340,1.226,-0.154,0.740
1750790403531,2025-06-24T21:40:03.531,20.350,0.992,-0.108,0.739
1750790403541,2025-06-24T21:40:03.541,20.360,0.824,-0.085,0.721
1750790403551,2025-06-24T21:40:03.551,20.370,0.735,-0.112,0.694
1750790403561,2025-06-24T21:40:03.561,20.380,0.683,-0.128,0.649
1750790403571,2025-06-24T21:40:03.571,20.390,0.651,-0.113,0.630
1750790403581,2025-06-24T21:40:03.581,20.400,0.644,-0.095,0.608
1750790403591,2025-06-24T21:40:03.591,20.410,0.659,-0.089,0.599
1750790403601,2025-06-24T21:40:03.601,20.420,0.686,-0.092,0.647
1750790403611,2025-06-24T21:40:03.611,20.430,0.695,-0.104,0.706
1750790403621,2025-06-24T21:40:03.621,20.440,0.692,-0.110,0.727
1750790403631,2025-06-24T21:40:03.631,20.450,0.713,-0.104,0.758
1750790403641,2025-06-24T21:40:03.641,20.460,0.792,-0.106,0.803
1750790403651,2025-06-24T21:40:03.651,20.470,0.904,-0.104,0.826
1750790403661,2025-06-24T21:40:03.661,20.480,0.965,-0.093,0.867
1750790403671,2025-06-24T21:40:03.671,20.490,0.954,-0.070,0.868
1750790403681,2025-06-24T21:40:03.681,20.500,0.834,-0.049,0.852
1750790403691,2025-06-24T21:40:03.691,20.510,0.645,-0.024,0.832
1750790403701,2025-06-24T21:40:03.701,20.520,0.435,0.013,0.817
1750790403711,2025-06-24T21:40:03.711,20.530,0.255,0.058,0.824
1750790403721,2025-06-24T21:40:03.721,20.540,0.099,0.085,0.831
1750790403731,2025-06-24T21:40:03.731,20.550,-0.056,0.096,0.826
1750790403741,2025-06-24T21:40:03.741,20.560,-0.182,0.098,0.851
1750790403751,2025-06-24T21:40:03.751,20.570,-0.267,0.092,0.859
1750790403761,2025-06-24T21:40:03.761,20.580,-0.400,0.108,0.872
1750790403771,2025-06-24T21:40:03.771,20.590,-0.499,0.114,0.883
1750790403781,2025-06-24T21:40:03.781,20.600,-0.518,0.130,0.901
1750790403791,2025-06-24T21:40:03.791,20.610,-0.489,0.147,0.935
1750790403801,2025-06-24T21:40:03.801,20.620,-0.424,0.150,0.977
1750790403811,2025-06-24T21:40:03.811,20.630,-0.360,0.159,1.001
1750790403821,2025-06-24T21:40:03.821,20.640,-0.298,0.155,1.025
1750790403831,2025-06-24T21:40:03.831,20.650,-0.253,0.134,1.040
1750790403841,2025-06-24T21:40:03.841,20.660,-0.227,0.128,1.024
1750790403851,2025-06-24T21:40:03.851,20.670,-0.220,0.129,0.999
1750790403861,2025-06-24T21:40:03.861,20.680,-0.229,0.127,0.996
1750790403871,2025-06-24T21:40:03.871,20.690,-0.251,0.125,0.999
1750790403881,2025-06-24T21:40:03.881,20.700,-0.273,0.141,0.969
1750790403891,2025-06-24T21:40:03.891,20.710,-0.275,0.150,0.952
1750790403901,2025-06-24T21:40:03.901,20.720,-0.277,0.131,0.950
1750790403911,2025-06-24T21:40:03.911,20.730,-0.281,0.114,0.954
1750790403921,2025-06-24T21:40:03.921,20.740,-0.277,0.106,0.956
1750790403931,2025-06-24T21:40:03.931,20.750,-0.272,0.104,0.949
1750790403941,2025-06-24T21:40:03.941,20.760,-0.263,0.101,0.939
1750790403951,2025-06-24T21:40:03.951,20.770,-0.255,0.095,0.941
1750790403961,2025-06-24T21:40:03.961,20.780,-0.250,0.090,0.958
1750790403971,2025-06-24T21:40:03.971,20.790,-0.255,0.089,0.959
1750790403981,2025-06-24T21:40:03.981,20.800,-0.266,0.096,0.943
1750790403991,2025-06-24T21:40:03.991,20.810,-0.294,0.102,0.928
1750790404001,2025-06-24T21:40:04.001,20.820,-0.321,0.100,0.914
1750790404011,2025-06-24T21:40:04.011,20.830,-0.337,0.096,0.908
1750790404021,2025-06-24T21:40:04.021,20.840,-0.347,0.093,0.910
1750790404031,2025-06-24T21:40:04.031,20.850,-0.344,0.093,0.912
1750790404041,2025-06-24T21:40:04.041,20.860,-0.341,0.091,0.905
1750790404051,2025-06-24T21:40:04.051,20.870,-0.328,0.090,0.902
1750790404061,2025-06-24T21:40:04.061,20.880,-0.313,0.090,0.894
1750790404071,2025-06-24T21:40:04.071,20.890,-0.298,0.100,0.892
1750790404081,2025-06-24T21:40:04.081,20.900,-0.266,0.098,0.874
1750790404091,2025-06-24T21:40:04.091,20.910,-0.272,0.089,0.860
1750790404101,2025-06-24T21:40:04.101,20.920,-0.288,0.099,0.858
1750790404111,2025-06-24T21:40:04.111,20.930,-0.295,0.111,0.835
1750790404121,2025-06-24T21:40:04.121,20.940,-0.277,0.153,0.836
1750790404131,2025-06-24T21:40:04.131,20.950,-0.178,0.172,0.792
1750790404141,2025-06-24T21:40:04.141,20.960,-0.026,0.152,0.764
1750790404151,2025-06-24T21:40:04.151,20.970,0.146,0.092,0.695
1750790404161,2025-06-24T21:40:04.161,20.980,0.306,0.052,0.655
1750790404171,2025-06-24T21:40:04.171,20.990,0.465,0.012,0.648
1750790404181,2025-06-24T21:40:04.181,21.000,0.642,-0.028,0.657
1750790404191,2025-06-24T21:40:04.191,21.010,0.822,-0.056,0.708
1750790404201,2025-06-24T21:40:04.201,21.020,1.002,-0.083,0.709
1750790404211,2025-06-24T21:40:04.211,21.030,1.133,-0.118,0.695
1750790404221,2025-06-24T21:40:04.221,21.040,1.159,-0.146,0.704
1750790404231,2025-06-24T21:40:04.231,21.050,1.112,-0.123,0.688
1750790404241,2025-06-24T21:40:04.241,21.060,1.029,-0.089,0.663
1750790404251,2025-06-24T21:40:04.251,21.070,0.975,-0.077,0.642
1750790404261,2025-06-24T21:40:04.261,21.080,0.975,-0.068,0.634
1750790404271,2025-06-24T21:40:04.271,21.090,0.970,-0.065,0.651
1750790404281,2025-06-24T21:40:04.281,21.100,0.930,-0.064,0.670
1750790404291,2025-06-24T21:40:04.291,21.110,0.911,-0.062,0.676
1750790404301,2025-06-24T21:40:04.301,21.120,0.919,-0.059,0.689
1750790404311,2025-06-24T21:40:04.311,21.130,0.956,-0.063,0.730
1750790404321,2025-06-24T21:40:04.321,21.140,0.964,-0.070,0.763
1750790404331,2025-06-24T21:40:04.331,21.150,0.892,-0.066,0.778
1750790404341,2025-06-24T21:40:04.341,21.160,0.813,-0.054,0.770
1750790404351,2025-06-24T21:40:04.351,21.170,0.782,-0.036,0.741
1750790404361,2025-06-24T21:40:04.361,21.180,0.794,-0.009,0.770
1750790404371,2025-06-24T21:40:04.371,21.190,0.847,-0.008,0.823
1750790404381,2025-06-24T21:40:04.381,21.200,0.887,-0.024,0.849
1750790404391,2025-06-24T21:40:04.391,21.210,0.850,-0.033,0.858
1750790404401,2025-06-24T21:40:04.401,21.220,0.743,-0.023,0.847
1750790404411,2025-06-24T21:40:04.411,21.230,0.615,0.001,0.846
1750790404421,2025-06-24T21:40:04.421,21.240,0.509,0.025,0.846
1750790404431,2025-06-24T21:40:04.431,21.250,0.437,0.038,0.845
1750790404441,2025-06-24T21:40:04.441,21.260,0.370,0.051,0.847
1750790404451,2025-06-24T21:40:04.451,21.270,0.278,0.060,0.848
1750790404461,2025-06-24T21:40:04.461,21.280,0.164,0.066,0.844
1750790404471,2025-06-24T21:40:04.471,21.290,0.066,0.067,0.859
1750790404481,2025-06-24T21:40:04.481,21.300,0.001,0.070,0.887
1750790404491,2025-06-24T21:40:04.491,21.310,-0.058,0.073,0.875
1750790404501,2025-06-24T21:40:04.501,21.320,-0.168,0.096,0.882
1750790404511,2025-06-24T21:40:04.511,21.330,-0.294,0.108,0.873
1750790404521,2025-06-24T21:40:04.521,21.340,-0.372,0.116,0.872
1750790404531,2025-06-24T21:40:04.531,21.350,-0.396,0.131,0.896
1750790404541,2025-06-24T21:40:04.541,21.360,-0.399,0.139,0.901
1750790404551,2025-06-24T21:40:04.551,21.370,-0.378,0.131,0.911
1750790404561,2025-06-24T21:40:04.561,21.380,-0.338,0.129,0.925
1750790404571,2025-06-24T21:40:04.571,21.390,-0.295,0.124,0.935
1750790404581,2025-06-24T21:40:04.581,21.400,-0.260,0.117,0.947
1750790404591,2025-06-24T21:40:04.591,21.410,-0.221,0.111,0.964
1750790404601,2025-06-24T21:40:04.601,21.420,-0.195,0.111,0.981
1750790404611,2025-06-24T21:40:04.611,21.430,-0.175,0.108,0.988
1750790404621,2025-06-24T21:40:04.621,21.440,-0.165,0.107,0.992
1750790404631,2025-06-24T21:40:04.631,21.450,-0.168,0.110,0.987
1750790404641,2025-06-24T21:40:04.641,21.460,-0.183,0.109,0.975
1750790404651,2025-06-24T21:40:04.651,21.470,-0.201,0.105,0.971
1750790404661,2025-06-24T21:40:04.661,21.480,-0.219,0.100,0.979
1750790404671,2025-06-24T21:40:04.671,21.490,-0.223,0.100,0.975
1750790404681,2025-06-24T21:40:04.681,21.500,-0.231,0.108,0.961
1750790404691,2025-06-24T21:40:04.691,21.510,-0.252,0.123,0.953
1750790404701,2025-06-24T21:40:04.701,21.520,-0.259,0.130,0.949
1750790404711,2025-06-24T21:40:04.711,21.530,-0.255,0.127,0.941
1750790404721,2025-06-24T21:40:04.721,21.540,-0.261,0.126,0.942
1750790404731,2025-06-24T21:40:04.731,21.550,-0.271,0.126,0.949
1750790404741,2025-06-24T21:40:04.741,21.560,-0.279,0.133,0.937
1750790404751,2025-06-24T21:40:04.751,21.570,-0.302,0.135,0.928
1750790404761,2025-06-24T21:40:04.761,21.580,-0.307,0.131,0.930
1750790404771,2025-06-24T21:40:04.771,21.590,-0.287,0.126,0.930
1750790404781,2025-06-24T21:40:04.781,21.600,-0.286,0.118,0.923
1750790404791,2025-06-24T21:40:04.791,21.610,-0.289,0.109,0.917
1750790404801,2025-06-24T21:40:04.801,21.620,-0.272,0.107,0.901
1750790404811,2025-06-24T21:40:04.811,21.630,-0.281,0.107,0.891
1750790404821,2025-06-24T21:40:04.821,21.640,-0.298,0.115,0.908
1750790404831,2025-06-24T21:40:04.831,21.650,-0.274,0.120,0.913
1750790404841,2025-06-24T21:40:04.841,21.660,-0.237,0.113,0.892
1750790404851,2025-06-24T21:40:04.851,21.670,-0.178,0.104,0.869
1750790404861,2025-06-24T21:40:04.861,21.680,-0.043,0.074,0.830
1750790404871,2025-06-24T21:40:04.871,21.690,0.151,0.046,0.805
1750790404881,2025-06-24T21:40:04.881,21.700,0.365,0.033,0.812
1750790404891,2025-06-24T21:40:04.891,21.710,0.586,0.012,0.769
1750790404901,2025-06-24T21:40:04.901,21.720,0.746,-0.010,0.772
1750790404911,2025-06-24T21:40:04.911,21.730,0.810,-0.030,0.780
1750790404921,2025-06-24T21:40:04.921,21.740,0.844,-0.042,0.750
1750790404931,2025-06-24T21:40:04.931,21.750,0.914,-0.046,0.749
1750790404941,2025-06-24T21:40:04.941,21.760,0.939,-0.053,0.758
1750790404951,2025-06-24T21:40:04.951,21.770,0.914,-0.058,0.756
1750790404961,2025-06-24T21:40:04.961,21.780,0.893,-0.060,0.732
1750790404971,2025-06-24T21:40:04.971,21.790,0.868,-0.065,0.732
1750790404981,2025-06-24T21:40:04.981,21.800,0.865,-0.064,0.720
1750790404991,2025-06-24T21:40:04.991,21.810,0.897,-0.077,0.698
1750790405001,2025-06-24T21:40:05.001,21.820,0.903,-0.093,0.714
1750790405011,2025-06-24T21:40:05.011,21.830,0.896,-0.095,0.723
1750790405021,2025-06-24T21:40:05.021,21.840,0.929,-0.089,0.732
1750790405031,2025-06-24T21:40:05.031,21.850,0.904,-0.087,0.751
1750790405041,2025-06-24T21:40:05.041,21.860,0.790,-0.074,0.781
1750790405051,2025-06-24T21:40:05.051,21.870,0.677,-0.060,0.790
1750790405061,2025-06-24T21:40:05.061,21.880,0.617,-0.052,0.782
1750790405071,2025-06-24T21:40:05.071,21.890,0.615,-0.046,0.797
1750790405081,2025-06-24T21:40:05.081,21.900,0.667,-0.044,0.810
1750790405091,2025-06-24T21:40:05.091,21.910,0.725,-0.048,0.824
1750790405101,2025-06-24T21:40:05.101,21.920,0.797,-0.050,0.825
1750790405111,2025-06-24T21:40:05.111,21.930,0.830,-0.040,0.836
1750790405121,2025-06-24T21:40:05.121,21.940,0.768,-0.025,0.844
1750790405131,2025-06-24T21:40:05.131,21.950,0.656,-0.010,0.843
1750790405141,2025-06-24T21:40:05.141,21.960,0.525,0.002,0.842
1750790405151,2025-06-24T21:40:05.151,21.970,0.434,0.018,0.835
1750790405161,2025-06-24T21:40:05.161,21.980,0.382,0.026,0.851
1750790405171,2025-06-24T21:40:05.171,21.990,0.358,0.023,0.872
1750790405181,2025-06-24T21:40:05.181,22.000,0.343,0.018,0.876
1750790405191,2025-06-24T21:40:05.191,22.010,0.300,0.026,0.889
1750790405201,2025-06-24T21:40:05.201,22.020,0.219,0.027,0.891
1750790405211,2025-06-24T21:40:05.211,22.030,0.121,0.035,0.875
1750790405221,2025-06-24T21:40:05.221,22.040,0.038,0.060,0.876
1750790405231,2025-06-24T21:40:05.231,22.050,-0.024,0.081,0.892
1750790405241,2025-06-24T21:40:05.241,22.060,-0.067,0.085,0.889
1750790405251,2025-06-24T21:40:05.251,22.070,-0.122,0.088,0.899
1750790405261,2025-06-24T21:40:05.261,22.080,-0.179,0.090,0.910
1750790405271,2025-06-24T21:40:05.271,22.090,-0.213,0.090,0.921
1750790405281,2025-06-24T21:40:05.281,22.100,-0.232,0.094,0.940
1750790405291,2025-06-24T21:40:05.291,22.110,-0.242,0.101,0.949
1750790405301,2025-06-24T21:40:05.301,22.120,-0.226,0.107,0.950
1750790405311,2025-06-24T21:40:05.311,22.130,-0.213,0.116,0.953
1750790405321,2025-06-24T21:40:05.321,22.140,-0.209,0.117,0.956
1750790405331,2025-06-24T21:40:05.331,22.150,-0.202,0.119,0.960
1750790405341,2025-06-24T21:40:05.341,22.160,-0.191,0.126,0.968
1750790405351,2025-06-24T21:40:05.351,22.170,-0.177,0.124,0.979
1750790405361,2025-06-24T21:40:05.361,22.180,-0.157,0.109,0.999
1750790405371,2025-06-24T21:40:05.371,22.190,-0.142,0.107,1.001
1750790405381,2025-06-24T21:40:05.381,22.200,-0.147,0.130,0.997
1750790405391,2025-06-24T21:40:05.391,22.210,-0.169,0.134,0.993
1750790405401,2025-06-24T21:40:05.401,22.220,-0.188,0.130,0.982
1750790405411,2025-06-24T21:40:05.411,22.230,-0.202,0.130,0.969
1750790405421,2025-06-24T21:40:05.421,22.240,-0.228,0.134,0.963
1750790405431,2025-06-24T21:40:05.431,22.250,-0.253,0.132,0.956
1750790405441,2025-06-24T21:40:05.441,22.260,-0.274,0.135,0.958
1750790405451,2025-06-24T21:40:05.451,22.270,-0.278,0.136,0.958
1750790405461,2025-06-24T21:40:05.461,22.280,-0.277,0.125,0.943
1750790405471,2025-06-24T21:40:05.471,22.290,-0.300,0.117,0.922
1750790405481,2025-06-24T21:40:05.481,22.300,-0.335,0.125,0.914
1750790405491,2025-06-24T21:40:05.491,22.310,-0.352,0.132,0.924
1750790405501,2025-06-24T21:40:05.501,22.320,-0.351,0.133,0.909
1750790405511,2025-06-24T21:40:05.511,22.330,-0.342,0.133,0.909
1750790405521,2025-06-24T21:40:05.521,22.340,-0.315,0.133,0.933
1750790405531,2025-06-24T21:40:05.531,22.350,-0.308,0.138,0.947
1750790405541,2025-06-24T21:40:05.541,22.360,-0.325,0.142,0.920
1750790405551,2025-06-24T21:40:05.551,22.370,-0.306,0.144,0.858
1750790405561,2025-06-24T21:40:05.561,22.380,-0.122,0.161,0.776
1750790405571,2025-06-24T21:40:05.571,22.390,0.164,0.151,0.736
1750790405581,2025-06-24T21:40:05.581,22.400,0.405,0.104,0.762
1750790405591,2025-06-24T21:40:05.591,22.410,0.639,0.026,0.763
1750790405601,2025-06-24T21:40:05.601,22.420,0.842,-0.026,0.799
1750790405611,2025-06-24T21:40:05.611,22.430,0.915,-0.028,0.823
1750790405621,2025-06-24T21:40:05.621,22.440,0.924,-0.032,0.819
1750790405631,2025-06-24T21:40:05.631,22.450,0.929,-0.044,0.792
1750790405641,2025-06-24T21:40:05.641,22.460,0.921,-0.063,0.771
1750790405651,2025-06-24T21:40:05.651,22.470,0.893,-0.070,0.766
1750790405661,2025-06-24T21:40:05.661,22.480,0.857,-0.070,0.741
1750790405671,2025-06-24T21:40:05.671,22.490,0.824,-0.059,0.704
1750790405681,2025-06-24T21:40:05.681,22.500,0.834,-0.062,0.683
1750790405691,2025-06-24T21:40:05.691,22.510,0.885,-0.084,0.686
1750790405701,2025-06-24T21:40:05.701,22.520,0.926,-0.097,0.692
1750790405711,2025-06-24T21:40:05.711,22.530,0.912,-0.091,0.687
1750790405721,2025-06-24T21:40:05.721,22.540,0.877,-0.075,0.690
1750790405731,2025-06-24T21:40:05.731,22.550,0.864,-0.067,0.691
1750790405741,2025-06-24T21:40:05.741,22.560,0.863,-0.068,0.702
1750790405751,2025-06-24T21:40:05.751,22.570,0.853,-0.055,0.704
1750790405761,2025-06-24T21:40:05.761,22.580,0.812,-0.033,0.714
1750790405771,2025-06-24T21:40:05.771,22.590,0.762,-0.029,0.736
1750790405781,2025-06-24T21:40:05.781,22.600,0.711,-0.037,0.742
1750790405791,2025-06-24T21:40:05.791,22.610,0.681,-0.036,0.745
1750790405801,2025-06-24T21:40:05.801,22.620,0.714,-0.032,0.776
1750790405811,2025-06-24T21:40:05.811,22.630,0.773,-0.044,0.806
1750790405821,2025-06-24T21:40:05.821,22.640,0.786,-0.054,0.805
1750790405831,2025-06-24T21:40:05.831,22.650,0.756,-0.043,0.806
1750790405841,2025-06-24T21:40:05.841,22.660,0.703,-0.027,0.807
1750790405851,2025-06-24T21:40:05.851,22.670,0.620,-0.013,0.823
1750790405861,2025-06-24T21:40:05.861,22.680,0.518,-0.009,0.828
1750790405871,2025-06-24T21:40:05.871,22.690,0.436,-0.004,0.835
1750790405881,2025-06-24T21:40:05.881,22.700,0.383,-0.003,0.853
1750790405891,2025-06-24T21:40:05.891,22.710,0.346,0.005,0.863
1750790405901,2025-06-24T21:40:05.901,22.720,0.309,0.025,0.862
1750790405911,2025-06-24T21:40:05.911,22.730,0.248,0.035,0.870
1750790405921,2025-06-24T21:40:05.921,22.740,0.159,0.031,0.885
1750790405931,2025-06-24T21:40:05.931,22.750,0.063,0.055,0.872
1750790405941,2025-06-24T21:40:05.941,22.760,-0.029,0.079,0.880
1750790405951,2025-06-24T21:40:05.951,22.770,-0.123,0.084,0.894
1750790405961,2025-06-24T21:40:05.961,22.780,-0.208,0.094,0.905
1750790405971,2025-06-24T21:40:05.971,22.790,-0.279,0.119,0.907
1750790405981,2025-06-24T21:40:05.981,22.800,-0.304,0.125,0.934
1750790405991,2025-06-24T21:40:05.991,22.810,-0.289,0.110,0.960
1750790406001,2025-06-24T21:40:06.001,22.820,-0.253,0.116,0.955
1750790406011,2025-06-24T21:40:06.011,22.830,-0.191,0.153,0.934
1750790406021,2025-06-24T21:40:06.021,22.840,-0.144,0.154,0.947
1750790406031,2025-06-24T21:40:06.031,22.850,-0.149,0.111,0.966
1750790406041,2025-06-24T21:40:06.041,22.860,-0.186,0.101,0.980
1750790406051,2025-06-24T21:40:06.051,22.870,-0.229,0.126,0.991
1750790406061,2025-06-24T21:40:06.061,22.880,-0.266,0.137,0.982
1750790406071,2025-06-24T21:40:06.071,22.890,-0.274,0.134,0.974
1750790406081,2025-06-24T21:40:06.081,22.900,-0.263,0.129,0.968
1750790406091,2025-06-24T21:40:06.091,22.910,-0.242,0.119,0.967
1750790406101,2025-06-24T21:40:06.101,22.920,-0.237,0.119,0.978
1750790406111,2025-06-24T21:40:06.111,22.930,-0.249,0.119,0.975
1750790406121,2025-06-24T21:40:06.121,22.940,-0.251,0.120,0.986
1750790406131,2025-06-24T21:40:06.131,22.950,-0.229,0.109,1.005
1750790406141,2025-06-24T21:40:06.141,22.960,-0.205,0.105,1.012
1750790406151,2025-06-24T21:40:06.151,22.970,-0.206,0.110,1.017
1750790406161,2025-06-24T21:40:06.161,22.980,-0.226,0.111,1.005
1750790406171,2025-06-24T21:40:06.171,22.990,-0.251,0.113,0.995
1750790406181,2025-06-24T21:40:06.181,23.000,-0.284,0.117,0.989
1750790406191,2025-06-24T21:40:06.191,23.010,-0.320,0.118,0.980
1750790406201,2025-06-24T21:40:06.201,23.020,-0.350,0.118,0.965
1750790406211,2025-06-24T21:40:06.211,23.030,-0.355,0.120,0.958
1750790406221,2025-06-24T21:40:06.221,23.040,-0.337,0.121,0.938
1750790406231,2025-06-24T21:40:06.231,23.050,-0.334,0.118,0.906
1750790406241,2025-06-24T21:40:06.241,23.060,-0.354,0.125,0.875
1750790406251,2025-06-24T21:40:06.251,23.070,-0.379,0.134,0.856
1750790406261,2025-06-24T21:40:06.261,23.080,-0.399,0.134,0.874
1750790406271,2025-06-24T21:40:06.271,23.090,-0.366,0.112,0.901
1750790406281,2025-06-24T21:40:06.281,23.100,-0.315,0.097,0.871
1750790406291,2025-06-24T21:40:06.291,23.110,-0.191,0.101,0.850
1750790406301,2025-06-24T21:40:06.301,23.120,0.083,0.101,0.820
1750790406311,2025-06-24T21:40:06.311,23.130,0.371,0.074,0.811
1750790406321,2025-06-24T21:40:06.321,23.140,0.566,0.022,0.765
1750790406331,2025-06-24T21:40:06.331,23.150,0.689,-0.010,0.709
1750790406341,2025-06-24T21:40:06.341,23.160,0.802,0.000,0.676
1750790406351,2025-06-24T21:40:06.351,23.170,0.926,0.008,0.661
1750790406361,2025-06-24T21:40:06.361,23.180,0.962,-0.033,0.660
1750790406371,2025-06-24T21:40:06.371,23.190,0.897,-0.077,0.661
1750790406381,2025-06-24T21:40:06.381,23.200,0.812,-0.071,0.655
1750790406391,2025-06-24T21:40:06.391,23.210,0.779,-0.057,0.657
1750790406401,2025-06-24T21:40:06.401,23.220,0.808,-0.066,0.659
1750790406411,2025-06-24T21:40:06.411,23.230,0.884,-0.089,0.646
1750790406421,2025-06-24T21:40:06.421,23.240,0.969,-0.104,0.639
1750790406431,2025-06-24T21:40:06.431,23.250,1.008,-0.114,0.643
1750790406441,2025-06-24T21:40:06.441,23.260,0.988,-0.113,0.621
1750790406451,2025-06-24T21:40:06.451,23.270,0.970,-0.107,0.618
1750790406461,2025-06-24T21:40:06.461,23.280,0.976,-0.105,0.617
1750790406471,2025-06-24T21:40:06.471,23.290,0.973,-0.106,0.614
1750790406481,2025-06-24T21:40:06.481,23.300,0.950,-0.106,0.634
1750790406491,2025-06-24T21:40:06.491,23.310,0.925,-0.104,0.642
1750790406501,2025-06-24T21:40:06.501,23.320,0.907,-0.104,0.655
1750790406511,2025-06-24T21:40:06.511,23.330,0.859,-0.084,0.694
1750790406521,2025-06-24T21:40:06.521,23.340,0.791,-0.059,0.722
1750790406531,2025-06-24T21:40:06.531,23.350,0.753,-0.049,0.737
1750790406541,2025-06-24T21:40:06.541,23.360,0.745,-0.046,0.755
1750790406551,2025-06-24T21:40:06.551,23.370,0.738,-0.035,0.779
1750790406561,2025-06-24T21:40:06.561,23.380,0.738,-0.027,0.791
1750790406571,2025-06-24T21:40:06.571,23.390,0.750,-0.032,0.810
1750790406581,2025-06-24T21:40:06.581,23.400,0.750,-0.037,0.813
1750790406591,2025-06-24T21:40:06.591,23.410,0.694,-0.035,0.828
1750790406601,2025-06-24T21:40:06.601,23.420,0.587,-0.013,0.836
1750790406611,2025-06-24T21:40:06.611,23.430,0.467,0.006,0.853
1750790406621,2025-06-24T21:40:06.621,23.440,0.383,0.020,0.851
1750790406631,2025-06-24T21:40:06.631,23.450,0.321,0.019,0.860
1750790406641,2025-06-24T21:40:06.641,23.460,0.275,0.024,0.865
1750790406651,2025-06-24T21:40:06.651,23.470,0.232,0.040,0.875
1750790406661,2025-06-24T21:40:06.661,23.480,0.173,0.050,0.891
1750790406671,2025-06-24T21:40:06.671,23.490,0.130,0.063,0.903
1750790406681,2025-06-24T21:40:06.681,23.500,0.089,0.080,0.927
1750790406691,2025-06-24T21:40:06.691,23.510,0.053,0.085,0.938
1750790406701,2025-06-24T21:40:06.701,23.520,0.023,0.079,0.939
1750790406711,2025-06-24T21:40:06.711,23.530,-0.004,0.085,0.929
1750790406721,2025-06-24T21:40:06.721,23.540,-0.047,0.097,0.938
1750790406731,2025-06-24T21:40:06.731,23.550,-0.105,0.092,0.953
1750790406741,2025-06-24T21:40:06.741,23.560,-0.160,0.091,0.953
1750790406751,2025-06-24T21:40:06.751,23.570,-0.183,0.101,0.960
1750790406761,2025-06-24T21:40:06.761,23.580,-0.190,0.101,0.963
1750790406771,2025-06-24T21:40:06.771,23.590,-0.204,0.101,0.966
1750790406781,2025-06-24T21:40:06.781,23.600,-0.218,0.094,0.978
1750790406791,2025-06-24T21:40:06.791,23.610,-0.241,0.088,0.962
1750790406801,2025-06-24T21:40:06.801,23.620,-0.252,0.088,0.963
1750790406811,2025-06-24T21:40:06.811,23.630,-0.242,0.085,0.978
1750790406821,2025-06-24T21:40:06.821,23.640,-0.220,0.074,0.996
1750790406831,2025-06-24T21:40:06.831,23.650,-0.188,0.063,1.011
1750790406841,2025-06-24T21:40:06.841,23.660,-0.165,0.061,1.030
1750790406851,2025-06-24T21:40:06.851,23.670,-0.159,0.064,1.028
1750790406861,2025-06-24T21:40:06.861,23.680,-0.163,0.066,1.020
1750790406871,2025-06-24T21:40:06.871,23.690,-0.167,0.064,1.019
1750790406881,2025-06-24T21:40:06.881,23.700,-0.160,0.063,1.017
1750790406891,2025-06-24T21:40:06.891,23.710,-0.164,0.063,1.009
1750790406901,2025-06-24T21:40:06.901,23.720,-0.180,0.075,1.007
1750790406911,2025-06-24T21:40:06.911,23.730,-0.185,0.079,1.000
1750790406921,2025-06-24T21:40:06.921,23.740,-0.187,0.076,0.994
1750790406931,2025-06-24T21:40:06.931,23.750,-0.187,0.076,0.994
1750790406941,2025-06-24T21:40:06.941,23.760,-0.188,0.079,0.996
1750790406951,2025-06-24T21:40:06.951,23.770,-0.186,0.068,0.998
1750790406961,2025-06-24T21:40:06.961,23.780,-0.179,0.061,0.995
1750790406971,2025-06-24T21:40:06.971,23.790,-0.174,0.072,0.992
1750790406981,2025-06-24T21:40:06.981,23.800,-0.176,0.069,0.986
1750790406991,2025-06-24T21:40:06.991,23.810,-0.175,0.067,0.979
1750790407001,2025-06-24T21:40:07.001,23.820,-0.172,0.061,0.991
1750790407011,2025-06-24T21:40:07.011,23.830,-0.167,0.053,0.992
1750790407021,2025-06-24T21:40:07.021,23.840,-0.164,0.063,0.997
1750790407031,2025-06-24T21:40:07.031,23.850,-0.170,0.078,0.986
1750790407041,2025-06-24T21:40:07.041,23.860,-0.177,0.076,0.978
1750790407051,2025-06-24T21:40:07.051,23.870,-0.186,0.069,0.976
1750790407061,2025-06-24T21:40:07.061,23.880,-0.203,0.079,0.956
1750790407071,2025-06-24T21:40:07.071,23.890,-0.217,0.079,0.956
1750790407081,2025-06-24T21:40:07.081,23.900,-0.217,0.061,0.962
1750790407091,2025-06-24T21:40:07.091,23.910,-0.210,0.075,0.956
1750790407101,2025-06-24T21:40:07.101,23.920,-0.210,0.083,0.945
1750790407111,2025-06-24T21:40:07.111,23.930,-0.222,0.079,0.938
1750790407121,2025-06-24T21:40:07.121,23.940,-0.231,0.073,0.933
1750790407131,2025-06-24T21:40:07.131,23.950,-0.256,0.068,0.922
1750790407141,2025-06-24T21:40:07.141,23.960,-0.289,0.063,0.886
1750790407151,2025-06-24T21:40:07.151,23.970,-0.321,0.070,0.850
1750790407161,2025-06-24T21:40:07.161,23.980,-0.417,0.082,0.822
1750790407171,2025-06-24T21:40:07.171,23.990,-0.475,0.097,0.822
1750790407181,2025-06-24T21:40:07.181,24.000,-0.429,0.064,0.832
1750790407191,2025-06-24T21:40:07.191,24.010,-0.405,0.053,0.862
1750790407201,2025-06-24T21:40:07.201,24.020,-0.357,0.090,0.897
1750790407211,2025-06-24T21:40:07.211,24.030,-0.287,0.134,0.898
1750790407221,2025-06-24T21:40:07.221,24.040,-0.244,0.144,0.864
1750790407231,2025-06-24T21:40:07.231,24.050,-0.151,0.158,0.853
1750790407241,2025-06-24T21:40:07.241,24.060,0.079,0.122,0.795
1750790407251,2025-06-24T21:40:07.251,24.070,0.322,0.058,0.760
1750790407261,2025-06-24T21:40:07.261,24.080,0.511,0.004,0.758
1750790407271,2025-06-24T21:40:07.271,24.090,0.666,-0.016,0.789
1750790407281,2025-06-24T21:40:07.281,24.100,0.799,-0.013,0.781
1750790407291,2025-06-24T21:40:07.291,24.110,0.921,-0.037,0.776
1750790407301,2025-06-24T21:40:07.301,24.120,0.995,-0.082,0.784
1750790407311,2025-06-24T21:40:07.311,24.130,1.009,-0.126,0.786
1750790407321,2025-06-24T21:40:07.321,24.140,0.982,-0.141,0.765
1750790407331,2025-06-24T21:40:07.331,24.150,0.942,-0.134,0.729
1750790407341,2025-06-24T21:40:07.341,24.160,0.931,-0.145,0.675
1750790407351,2025-06-24T21:40:07.351,24.170,0.989,-0.162,0.692
1750790407361,2025-06-24T21:40:07.361,24.180,1.052,-0.166,0.716
1750790407371,2025-06-24T21:40:07.371,24.190,1.019,-0.154,0.725
1750790407381,2025-06-24T21:40:07.381,24.200,0.945,-0.113,0.693
1750790407391,2025-06-24T21:40:07.391,24.210,0.838,-0.063,0.738
1750790407401,2025-06-24T21:40:07.401,24.220,0.696,-0.023,0.801
1750790407411,2025-06-24T21:40:07.411,24.230,0.571,-0.024,0.827
1750790407421,2025-06-24T21:40:07.421,24.240,0.505,-0.027,0.841
1750790407431,2025-06-24T21:40:07.431,24.250,0.533,-0.026,0.861
1750790407441,2025-06-24T21:40:07.441,24.260,0.636,-0.035,0.888
1750790407451,2025-06-24T21:40:07.451,24.270,0.750,-0.043,0.900
1750790407461,2025-06-24T21:40:07.461,24.280,0.792,-0.045,0.919
1750790407471,2025-06-24T21:40:07.471,24.290,0.729,-0.049,0.904
1750790407481,2025-06-24T21:40:07.481,24.300,0.554,-0.039,0.878
1750790407491,2025-06-24T21:40:07.491,24.310,0.355,-0.012,0.863
1750790407501,2025-06-24T21:40:07.501,24.320,0.226,0.021,0.880
1750790407511,2025-06-24T21:40:07.511,24.330,0.168,0.032,0.908
1750790407521,2025-06-24T21:40:07.521,24.340,0.164,0.019,0.926
1750790407531,2025-06-24T21:40:07.531,24.350,0.189,0.014,0.926
1750790407541,2025-06-24T21:40:07.541,24.360,0.213,0.018,0.927
1750790407551,2025-06-24T21:40:07.551,24.370,0.203,0.016,0.967
1750790407561,2025-06-24T21:40:07.561,24.380,0.164,0.021,0.943
1750790407571,2025-06-24T21:40:07.571,24.390,0.100,0.037,0.955
1750790407581,2025-06-24T21:40:07.581,24.400,0.027,0.046,0.945
1750790407591,2025-06-24T21:40:07.591,24.410,-0.051,0.070,0.925
1750790407601,2025-06-24T21:40:07.601,24.420,-0.127,0.088,0.926
1750790407611,2025-06-24T21:40:07.611,24.430,-0.179,0.086,0.913
1750790407621,2025-06-24T21:40:07.621,24.440,-0.216,0.098,0.895
1750790407631,2025-06-24T21:40:07.631,24.450,-0.235,0.106,0.907
1750790407641,2025-06-24T21:40:07.641,24.460,-0.221,0.102,0.922
1750790407651,2025-06-24T21:40:07.651,24.470,-0.209,0.109,0.941
1750790407661,2025-06-24T21:40:07.661,24.480,-0.213,0.105,0.951
1750790407671,2025-06-24T21:40:07.671,24.490,-0.231,0.111,0.936
1750790407681,2025-06-24T21:40:07.681,24.500,-0.261,0.141,0.915
1750790407691,2025-06-24T21:40:07.691,24.510,-0.281,0.143,0.933
1750790407701,2025-06-24T21:40:07.701,24.520,-0.300,0.131,0.946
1750790407711,2025-06-24T21:40:07.711,24.530,-0.315,0.135,0.934
1750790407721,2025-06-24T21:40:07.721,24.540,-0.328,0.139,0.930
1750790407731,2025-06-24T21:40:07.731,24.550,-0.321,0.129,0.936
1750790407741,2025-06-24T21:40:07.741,24.560,-0.291,0.135,0.930
1750790407751,2025-06-24T21:40:07.751,24.570,-0.271,0.142,0.940
1750790407761,2025-06-24T21:40:07.761,24.580,-0.269,0.139,0.949
1750790407771,2025-06-24T21:40:07.771,24.590,-0.298,0.139,0.943
1750790407781,2025-06-24T21:40:07.781,24.600,-0.347,0.149,0.939
1750790407791,2025-06-24T21:40:07.791,24.610,-0.373,0.163,0.938
1750790407801,2025-06-24T21:40:07.801,24.620,-0.380,0.162,0.921
1750790407811,2025-06-24T21:40:07.811,24.630,-0.413,0.152,0.910
1750790407821,2025-06-24T21:40:07.821,24.640,-0.436,0.155,0.894
1750790407831,2025-06-24T21:40:07.831,24.650,-0.426,0.163,0.899
1750790407841,2025-06-24T21:40:07.841,24.660,-0.386,0.155,0.912
1750790407851,2025-06-24T21:40:07.851,24.670,-0.358,0.139,0.905
1750790407861,2025-06-24T21:40:07.861,24.680,-0.352,0.130,0.896
1750790407871,2025-06-24T21:40:07.871,24.690,-0.369,0.133,0.898
1750790407881,2025-06-24T21:40:07.881,24.700,-0.396,0.153,0.889
1750790407891,2025-06-24T21:40:07.891,24.710,-0.366,0.187,0.878
1750790407901,2025-06-24T21:40:07.901,24.720,-0.290,0.191,0.848
1750790407911,2025-06-24T21:40:07.911,24.730,-0.179,0.190,0.805
1750790407921,2025-06-24T21:40:07.921,24.740,0.032,0.163,0.775
1750790407931,2025-06-24T21:40:07.931,24.750,0.283,0.117,0.782
1750790407941,2025-06-24T21:40:07.941,24.760,0.540,0.066,0.793
1750790407951,2025-06-24T21:40:07.951,24.770,0.750,0.035,0.821
1750790407961,2025-06-24T21:40:07.961,24.780,0.793,0.019,0.808
1750790407971,2025-06-24T21:40:07.971,24.790,0.736,0.017,0.760
1750790407981,2025-06-24T21:40:07.981,24.800,0.755,0.018,0.724
1750790407991,2025-06-24T21:40:07.991,24.810,0.832,-0.019,0.714
1750790408001,2025-06-24T21:40:08.001,24.820,0.860,-0.063,0.734
1750790408011,2025-06-24T21:40:08.011,24.830,0.900,-0.081,0.724
1750790408021,2025-06-24T21:40:08.021,24.840,0.953,-0.084,0.713
1750790408031,2025-06-24T21:40:08.031,24.850,0.979,-0.076,0.705
1750790408041,2025-06-24T21:40:08.041,24.860,0.962,-0.062,0.688
1750790408051,2025-06-24T21:40:08.051,24.870,0.932,-0.057,0.687
1750790408061,2025-06-24T21:40:08.061,24.880,0.908,-0.058,0.700
1750790408071,2025-06-24T21:40:08.071,24.890,0.891,-0.058,0.712
1750790408081,2025-06-24T21:40:08.081,24.900,0.896,-0.059,0.724
1750790408091,2025-06-24T21:40:08.091,24.910,0.895,-0.056,0.734
1750790408101,2025-06-24T21:40:08.101,24.920,0.903,-0.045,0.779
1750790408111,2025-06-24T21:40:08.111,24.930,0.885,-0.033,0.818
1750790408121,2025-06-24T21:40:08.121,24.940,0.783,-0.027,0.834
1750790408131,2025-06-24T21:40:08.131,24.950,0.695,-0.018,0.838
1750790408141,2025-06-24T21:40:08.141,24.960,0.660,0.000,0.854
1750790408151,2025-06-24T21:40:08.151,24.970,0.667,0.020,0.891
1750790408161,2025-06-24T21:40:08.161,24.980,0.726,0.027,0.895
1750790408171,2025-06-24T21:40:08.171,24.990,0.778,0.019,0.897
1750790408181,2025-06-24T21:40:08.181,25.000,0.767,0.014,0.886
1750790408191,2025-06-24T21:40:08.191,25.010,0.663,0.033,0.882
1750790408201,2025-06-24T21:40:08.201,25.020,0.495,0.056,0.879
1750790408211,2025-06-24T21:40:08.211,25.030,0.354,0.074,0.885
1750790408221,2025-06-24T21:40:08.221,25.040,0.265,0.078,0.912
1750790408231,2025-06-24T21:40:08.231,25.050,0.238,0.072,0.917
1750790408241,2025-06-24T21:40:08.241,25.060,0.239,0.070,0.932
1750790408251,2025-06-24T21:40:08.251,25.070,0.221,0.074,0.933
1750790408261,2025-06-24T21:40:08.261,25.080,0.172,0.083,0.931
1750790408271,2025-06-24T21:40:08.271,25.090,0.116,0.087,0.928
1750790408281,2025-06-24T21:40:08.281,25.100,0.069,0.088,0.928
1750790408291,2025-06-24T21:40:08.291,25.110,0.004,0.097,0.918
1750790408301,2025-06-24T21:40:08.301,25.120,-0.077,0.108,0.890
1750790408311,2025-06-24T21:40:08.311,25.130,-0.155,0.125,0.877
1750790408321,2025-06-24T21:40:08.321,25.140,-0.244,0.133,0.887
1750790408331,2025-06-24T21:40:08.331,25.150,-0.303,0.127,0.888
1750790408341,2025-06-24T21:40:08.341,25.160,-0.330,0.145,0.887
1750790408351,2025-06-24T21:40:08.351,25.170,-0.335,0.156,0.906
1750790408361,2025-06-24T21:40:08.361,25.180,-0.338,0.138,0.930
1750790408371,2025-06-24T21:40:08.371,25.190,-0.340,0.130,0.919
1750790408381,2025-06-24T21:40:08.381,25.200,-0.346,0.150,0.914
1750790408391,2025-06-24T21:40:08.391,25.210,-0.345,0.162,0.912
1750790408401,2025-06-24T21:40:08.401,25.220,-0.327,0.158,0.911
1750790408411,2025-06-24T21:40:08.411,25.230,-0.315,0.150,0.914
1750790408421,2025-06-24T21:40:08.421,25.240,-0.321,0.149,0.917
1750790408431,2025-06-24T21:40:08.431,25.250,-0.323,0.149,0.936
1750790408441,2025-06-24T21:40:08.441,25.260,-0.320,0.137,0.945
1750790408451,2025-06-24T21:40:08.451,25.270,-0.306,0.128,0.952
1750790408461,2025-06-24T21:40:08.461,25.280,-0.300,0.138,0.935
1750790408471,2025-06-24T21:40:08.471,25.290,-0.312,0.147,0.917
1750790408481,2025-06-24T21:40:08.481,25.300,-0.320,0.146,0.907
1750790408491,2025-06-24T21:40:08.491,25.310,-0.336,0.141,0.890
1750790408501,2025-06-24T21:40:08.501,25.320,-0.378,0.133,0.880
1750790408511,2025-06-24T21:40:08.511,25.330,-0.405,0.134,0.884
1750790408521,2025-06-24T21:40:08.521,25.340,-0.390,0.137,0.885
1750790408531,2025-06-24T21:40:08.531,25.350,-0.372,0.138,0.883
1750790408541,2025-06-24T21:40:08.541,25.360,-0.345,0.137,0.871
1750790408551,2025-06-24T21:40:08.551,25.370,-0.309,0.138,0.872
1750790408561,2025-06-24T21:40:08.561,25.380,-0.301,0.139,0.871
1750790408571,2025-06-24T21:40:08.571,25.390,-0.328,0.134,0.842
1750790408581,2025-06-24T21:40:08.581,25.400,-0.346,0.148,0.844
1750790408591,2025-06-24T21:40:08.591,25.410,-0.299,0.162,0.818
1750790408601,2025-06-24T21:40:08.601,25.420,-0.223,0.160,0.843
1750790408611,2025-06-24T21:40:08.611,25.430,-0.101,0.130,0.866
1750790408621,2025-06-24T21:40:08.621,25.440,0.097,0.100,0.860
1750790408631,2025-06-24T21:40:08.631,25.450,0.267,0.082,0.875
1750790408641,2025-06-24T21:40:08.641,25.460,0.343,0.076,0.824
1750790408651,2025-06-24T21:40:08.651,25.470,0.392,0.093,0.763
1750790408661,2025-06-24T21:40:08.661,25.480,0.462,0.105,0.691
1750790408671,2025-06-24T21:40:08.671,25.490,0.507,0.093,0.622
1750790408681,2025-06-24T21:40:08.681,25.500,0.572,0.036,0.586
1750790408691,2025-06-24T21:40:08.691,25.510,0.698,-0.026,0.587
1750790408701,2025-06-24T21:40:08.701,25.520,0.840,-0.051,0.576
1750790408711,2025-06-24T21:40:08.711,25.530,1.005,-0.090,0.651
1750790408721,2025-06-24T21:40:08.721,25.540,1.153,-0.145,0.752
1750790408731,2025-06-24T21:40:08.731,25.550,1.207,-0.164,0.755
1750790408741,2025-06-24T21:40:08.741,25.560,1.146,-0.161,0.722
1750790408751,2025-06-24T21:40:08.751,25.570,1.046,-0.140,0.694
1750790408761,2025-06-24T21:40:08.761,25.580,0.924,-0.100,0.676
1750790408771,2025-06-24T21:40:08.771,25.590,0.842,-0.045,0.679
1750790408781,2025-06-24T21:40:08.781,25.600,0.838,-0.036,0.700
1750790408791,2025-06-24T21:40:08.791,25.610,0.803,-0.055,0.746
1750790408801,2025-06-24T21:40:08.801,25.620,0.712,-0.045,0.771
1750790408811,2025-06-24T21:40:08.811,25.630,0.639,-0.017,0.784
1750790408821,2025-06-24T21:40:08.821,25.640,0.614,-0.001,0.805
1750790408831,2025-06-24T21:40:08.831,25.650,0.661,-0.013,0.834
1750790408841,2025-06-24T21:40:08.841,25.660,0.747,-0.027,0.853
1750790408851,2025-06-24T21:40:08.851,25.670,0.799,-0.014,0.871
1750790408861,2025-06-24T21:40:08.861,25.680,0.785,0.008,0.895
1750790408871,2025-06-24T21:40:08.871,25.690,0.701,0.027,0.899
1750790408881,2025-06-24T21:40:08.881,25.700,0.572,0.038,0.914
1750790408891,2025-06-24T21:40:08.891,25.710,0.466,0.056,0.914
1750790408901,2025-06-24T21:40:08.901,25.720,0.393,0.073,0.940
1750790408911,2025-06-24T21:40:08.911,25.730,0.328,0.080,0.969
1750790408921,2025-06-24T21:40:08.921,25.740,0.267,0.086,0.979
1750790408931,2025-06-24T21:40:08.931,25.750,0.211,0.094,0.981
1750790408941,2025-06-24T21:40:08.941,25.760,0.170,0.097,0.972
1750790408951,2025-06-24T21:40:08.951,25.770,0.125,0.115,0.979
1750790408961,2025-06-24T21:40:08.961,25.780,0.059,0.131,0.986
1750790408971,2025-06-24T21:40:08.971,25.790,-0.022,0.144,0.970
1750790408981,2025-06-24T21:40:08.981,25.800,-0.126,0.149,0.974
1750790408991,2025-06-24T21:40:08.991,25.810,-0.229,0.151,0.975
1750790409001,2025-06-24T21:40:09.001,25.820,-0.292,0.148,0.985
1750790409011,2025-06-24T21:40:09.011,25.830,-0.322,0.154,0.980
1750790409021,2025-06-24T21:40:09.021,25.840,-0.340,0.177,0.983
1750790409031,2025-06-24T21:40:09.031,25.850,-0.344,0.188,0.994
1750790409041,2025-06-24T21:40:09.041,25.860,-0.349,0.185,0.993
1750790409051,2025-06-24T21:40:09.051,25.870,-0.346,0.198,0.976
1750790409061,2025-06-24T21:40:09.061,25.880,-0.331,0.220,0.975
1750790409071,2025-06-24T21:40:09.071,25.890,-0.302,0.225,0.994
1750790409081,2025-06-24T21:40:09.081,25.900,-0.287,0.218,1.005
1750790409091,2025-06-24T21:40:09.091,25.910,-0.288,0.217,1.015
1750790409101,2025-06-24T21:40:09.101,25.920,-0.294,0.222,1.005
1750790409111,2025-06-24T21:40:09.111,25.930,-0.296,0.215,1.000
1750790409121,2025-06-24T21:40:09.121,25.940,-0.286,0.204,1.004
1750790409131,2025-06-24T21:40:09.131,25.950,-0.282,0.199,0.995
1750790409141,2025-06-24T21:40:09.141,25.960,-0.290,0.189,0.998
1750790409151,2025-06-24T21:40:09.151,25.970,-0.294,0.186,0.980
1750790409161,2025-06-24T21:40:09.161,25.980,-0.289,0.189,0.981
1750790409171,2025-06-24T21:40:09.171,25.990,-0.283,0.188,0.979
1750790409181,2025-06-24T21:40:09.181,26.000,-0.283,0.176,0.984
1750790409191,2025-06-24T21:40:09.191,26.010,-0.285,0.161,0.983
1750790409201,2025-06-24T21:40:09.201,26.020,-0.298,0.163,0.970
1750790409211,2025-06-24T21:40:09.211,26.030,-0.332,0.168,0.946
1750790409221,2025-06-24T21:40:09.221,26.040,-0.369,0.167,0.926
1750790409231,2025-06-24T21:40:09.231,26.050,-0.371,0.165,0.922
1750790409241,2025-06-24T21:40:09.241,26.060,-0.350,0.160,0.919
1750790409251,2025-06-24T21:40:09.251,26.070,-0.329,0.159,0.913
1750790409261,2025-06-24T21:40:09.261,26.080,-0.315,0.151,0.909
1750790409271,2025-06-24T21:40:09.271,26.090,-0.318,0.147,0.899
1750790409281,2025-06-24T21:40:09.281,26.100,-0.340,0.135,0.890
1750790409291,2025-06-24T21:40:09.291,26.110,-0.380,0.126,0.876
1750790409301,2025-06-24T21:40:09.301,26.120,-0.396,0.135,0.865
1750790409311,2025-06-24T21:40:09.311,26.130,-0.383,0.138,0.867
1750790409321,2025-06-24T21:40:09.321,26.140,-0.365,0.124,0.871
1750790409331,2025-06-24T21:40:09.331,26.150,-0.324,0.112,0.879
1750790409341,2025-06-24T21:40:09.341,26.160,-0.282,0.107,0.882
1750790409351,2025-06-24T21:40:09.351,26.170,-0.258,0.095,0.881
1750790409361,2025-06-24T21:40:09.361,26.180,-0.245,0.087,0.878
1750790409371,2025-06-24T21:40:09.371,26.190,-0.229,0.090,0.888
1750790409381,2025-06-24T21:40:09.381,26.200,-0.227,0.091,0.897
1750790409391,2025-06-24T21:40:09.391,26.210,-0.264,0.102,0.897
1750790409401,2025-06-24T21:40:09.401,26.220,-0.289,0.119,0.880
1750790409411,2025-06-24T21:40:09.411,26.230,-0.253,0.128,0.854
1750790409421,2025-06-24T21:40:09.421,26.240,-0.137,0.105,0.818
1750790409431,2025-06-24T21:40:09.431,26.250,0.037,0.073,0.777
1750790409441,2025-06-24T21:40:09.441,26.260,0.248,0.039,0.760
1750790409451,2025-06-24T21:40:09.451,26.270,0.434,0.008,0.801
1750790409461,2025-06-24T21:40:09.461,26.280,0.577,-0.026,0.823
1750790409471,2025-06-24T21:40:09.471,26.290,0.678,-0.045,0.811
1750790409481,2025-06-24T21:40:09.481,26.300,0.720,-0.066,0.791
1750790409491,2025-06-24T21:40:09.491,26.310,0.748,-0.074,0.795
1750790409501,2025-06-24T21:40:09.501,26.320,0.765,-0.074,0.799
1750790409511,2025-06-24T21:40:09.511,26.330,0.771,-0.084,0.806
1750790409521,2025-06-24T21:40:09.521,26.340,0.797,-0.102,0.821
1750790409531,2025-06-24T21:40:09.531,26.350,0.855,-0.124,0.817
1750790409541,2025-06-24T21:40:09.541,26.360,0.938,-0.147,0.777
1750790409551,2025-06-24T21:40:09.551,26.370,0.997,-0.127,0.772
1750790409561,2025-06-24T21:40:09.561,26.380,0.979,-0.103,0.808
1750790409571,2025-06-24T21:40:09.571,26.390,0.910,-0.084,0.815
1750790409581,2025-06-24T21:40:09.581,26.400,0.788,-0.075,0.806
1750790409591,2025-06-24T21:40:09.591,26.410,0.625,-0.049,0.798
1750790409601,2025-06-24T21:40:09.601,26.420,0.496,-0.027,0.818
1750790409611,2025-06-24T21:40:09.611,26.430,0.436,-0.012,0.841
1750790409621,2025-06-24T21:40:09.621,26.440,0.434,-0.008,0.854
1750790409631,2025-06-24T21:40:09.631,26.450,0.490,-0.011,0.872
1750790409641,2025-06-24T21:40:09.641,26.460,0.580,-0.014,0.895
1750790409651,2025-06-24T21:40:09.651,26.470,0.618,-0.021,0.921
1750790409661,2025-06-24T21:40:09.661,26.480,0.554,-0.028,0.926
1750790409671,2025-06-24T21:40:09.671,26.490,0.448,-0.021,0.915
1750790409681,2025-06-24T21:40:09.681,26.500,0.338,-0.011,0.941
1750790409691,2025-06-24T21:40:09.691,26.510,0.266,0.005,0.945
1750790409701,2025-06-24T21:40:09.701,26.520,0.228,0.012,0.931
1750790409711,2025-06-24T21:40:09.711,26.530,0.188,0.021,0.944
1750790409721,2025-06-24T21:40:09.721,26.540,0.138,0.023,0.951
1750790409731,2025-06-24T21:40:09.731,26.550,0.105,0.023,0.947
1750790409741,2025-06-24T21:40:09.741,26.560,0.085,0.036,0.959
1750790409751,2025-06-24T21:40:09.751,26.570,0.053,0.050,0.969
1750790409761,2025-06-24T21:40:09.761,26.580,0.008,0.042,0.972
1750790409771,2025-06-24T21:40:09.771,26.590,-0.041,0.034,0.961
1750790409781,2025-06-24T21:40:09.781,26.600,-0.112,0.039,0.953
1750790409791,2025-06-24T21:40:09.791,26.610,-0.190,0.038,0.953
1750790409801,2025-06-24T21:40:09.801,26.620,-0.239,0.044,0.943
1750790409811,2025-06-24T21:40:09.811,26.630,-0.267,0.055,0.946
1750790409821,2025-06-24T21:40:09.821,26.640,-0.280,0.054,0.958
1750790409831,2025-06-24T21:40:09.831,26.650,-0.297,0.049,0.954
1750790409841,2025-06-24T21:40:09.841,26.660,-0.314,0.062,0.959
1750790409851,2025-06-24T21:40:09.851,26.670,-0.303,0.056,0.984
1750790409861,2025-06-24T21:40:09.861,26.680,-0.280,0.038,1.001
1750790409871,2025-06-24T21:40:09.871,26.690,-0.272,0.048,0.980
1750790409881,2025-06-24T21:40:09.881,26.700,-0.276,0.065,0.974
1750790409891,2025-06-24T21:40:09.891,26.710,-0.288,0.063,0.959
1750790409901,2025-06-24T21:40:09.901,26.720,-0.293,0.059,0.954
1750790409911,2025-06-24T21:40:09.911,26.730,-0.288,0.065,0.956
1750790409921,2025-06-24T21:40:09.921,26.740,-0.284,0.065,0.959
1750790409931,2025-06-24T21:40:09.931,26.750,-0.279,0.067,0.958
1750790409941,2025-06-24T21:40:09.941,26.760,-0.282,0.067,0.958
1750790409951,2025-06-24T21:40:09.951,26.770,-0.280,0.069,0.952
1750790409961,2025-06-24T21:40:09.961,26.780,-0.274,0.074,0.951
1750790409971,2025-06-24T21:40:09.971,26.790,-0.271,0.071,0.954
1750790409981,2025-06-24T21:40:09.981,26.800,-0.269,0.061,0.950
1750790409991,2025-06-24T21:40:09.991,26.810,-0.256,0.061,0.950
1750790410001,2025-06-24T21:40:10.001,26.820,-0.256,0.059,0.950
1750790410011,2025-06-24T21:40:10.011,26.830,-0.266,0.061,0.943
1750790410021,2025-06-24T21:40:10.021,26.840,-0.273,0.064,0.933
1750790410031,2025-06-24T21:40:10.031,26.850,-0.276,0.063,0.925
1750790410041,2025-06-24T21:40:10.041,26.860,-0.273,0.061,0.913
1750790410051,2025-06-24T21:40:10.051,26.870,-0.279,0.065,0.902
1750790410061,2025-06-24T21:40:10.061,26.880,-0.276,0.068,0.898
1750790410071,2025-06-24T21:40:10.071,26.890,-0.272,0.068,0.896
1750790410081,2025-06-24T21:40:10.081,26.900,-0.267,0.063,0.898
1750790410091,2025-06-24T21:40:10.091,26.910,-0.248,0.057,0.891
1750790410101,2025-06-24T21:40:10.101,26.920,-0.239,0.056,0.876
1750790410111,2025-06-24T21:40:10.111,26.930,-0.232,0.058,0.881
1750790410121,2025-06-24T21:40:10.121,26.940,-0.238,0.054,0.867
1750790410131,2025-06-24T21:40:10.131,26.950,-0.278,0.062,0.870
1750790410141,2025-06-24T21:40:10.141,26.960,-0.303,0.077,0.881
1750790410151,2025-06-24T21:40:10.151,26.970,-0.319,0.094,0.868
1750790410161,2025-06-24T21:40:10.161,26.980,-0.314,0.105,0.842
1750790410171,2025-06-24T21:40:10.171,26.990,-0.227,0.101,0.808
1750790410181,2025-06-24T21:40:10.181,27.000,-0.049,0.094,0.746
1750790410191,2025-06-24T21:40:10.191,27.010,0.183,0.081,0.697
1750790410201,2025-06-24T21:40:10.201,27.020,0.377,0.045,0.724
1750790410211,2025-06-24T21:40:10.211,27.030,0.509,0.006,0.713
1750790410221,2025-06-24T21:40:10.221,27.040,0.641,-0.012,0.686
1750790410231,2025-06-24T21:40:10.231,27.050,0.821,-0.030,0.659
1750790410241,2025-06-24T21:40:10.241,27.060,1.005,-0.072,0.665
1750790410251,2025-06-24T21:40:10.251,27.070,1.128,-0.132,0.690
1750790410261,2025-06-24T21:40:10.261,27.080,1.193,-0.171,0.681
1750790410271,2025-06-24T21:40:10.271,27.090,1.207,-0.188,0.669
1750790410281,2025-06-24T21:40:10.281,27.100,1.203,-0.194,0.653
1750790410291,2025-06-24T21:40:10.291,27.110,1.223,-0.191,0.636
1750790410301,2025-06-24T21:40:10.301,27.120,1.231,-0.186,0.628
1750790410311,2025-06-24T21:40:10.311,27.130,1.222,-0.180,0.598
1750790410321,2025-06-24T21:40:10.321,27.140,1.170,-0.153,0.593
1750790410331,2025-06-24T21:40:10.331,27.150,1.083,-0.127,0.595
1750790410341,2025-06-24T21:40:10.341,27.160,0.992,-0.108,0.575
1750790410351,2025-06-24T21:40:10.351,27.170,0.837,-0.082,0.603
1750790410361,2025-06-24T21:40:10.361,27.180,0.705,-0.051,0.643
1750790410371,2025-06-24T21:40:10.371,27.190,0.651,-0.047,0.683
1750790410381,2025-06-24T21:40:10.381,27.200,0.664,-0.050,0.745
1750790410391,2025-06-24T21:40:10.391,27.210,0.730,-0.047,0.799
1750790410401,2025-06-24T21:40:10.401,27.220,0.809,-0.047,0.839
1750790410411,2025-06-24T21:40:10.411,27.230,0.833,-0.052,0.866
1750790410421,2025-06-24T21:40:10.421,27.240,0.762,-0.042,0.880
1750790410431,2025-06-24T21:40:10.431,27.250,0.608,-0.030,0.873
1750790410441,2025-06-24T21:40:10.441,27.260,0.432,-0.003,0.861
1750790410451,2025-06-24T21:40:10.451,27.270,0.286,0.023,0.850
1750790410461,2025-06-24T21:40:10.461,27.280,0.195,0.036,0.851
1750790410471,2025-06-24T21:40:10.471,27.290,0.171,0.040,0.859
1750790410481,2025-06-24T21:40:10.481,27.300,0.181,0.038,0.874
1750790410491,2025-06-24T21:40:10.491,27.310,0.174,0.038,0.869
1750790410501,2025-06-24T21:40:10.501,27.320,0.131,0.045,0.892
1750790410511,2025-06-24T21:40:10.511,27.330,0.064,0.047,0.922
1750790410521,2025-06-24T21:40:10.521,27.340,0.012,0.044,0.936
1750790410531,2025-06-24T21:40:10.531,27.350,-0.020,0.055,0.935
1750790410541,2025-06-24T21:40:10.541,27.360,-0.064,0.063,0.945
1750790410551,2025-06-24T21:40:10.551,27.370,-0.108,0.070,0.938
1750790410561,2025-06-24T21:40:10.561,27.380,-0.141,0.094,0.924
1750790410571,2025-06-24T21:40:10.571,27.390,-0.168,0.109,0.934
1750790410581,2025-06-24T21:40:10.581,27.400,-0.194,0.105,0.932
1750790410591,2025-06-24T21:40:10.591,27.410,-0.223,0.104,0.944
1750790410601,2025-06-24T21:40:10.601,27.420,-0.230,0.105,0.958
1750790410611,2025-06-24T21:40:10.611,27.430,-0.248,0.104,0.969
1750790410621,2025-06-24T21:40:10.621,27.440,-0.265,0.095,0.977
1750790410631,2025-06-24T21:40:10.631,27.450,-0.271,0.105,0.968
1750790410641,2025-06-24T21:40:10.641,27.460,-0.270,0.116,0.963
1750790410651,2025-06-24T21:40:10.651,27.470,-0.267,0.107,0.974
1750790410661,2025-06-24T21:40:10.661,27.480,-0.256,0.100,0.985
1750790410671,2025-06-24T21:40:10.671,27.490,-0.247,0.101,0.985
1750790410681,2025-06-24T21:40:10.681,27.500,-0.238,0.096,0.988
1750790410691,2025-06-24T21:40:10.691,27.510,-0.228,0.108,0.984
1750790410701,2025-06-24T21:40:10.701,27.520,-0.215,0.122,0.981
1750790410711,2025-06-24T21:40:10.711,27.530,-0.216,0.127,0.973
1750790410721,2025-06-24T21:40:10.721,27.540,-0.232,0.134,0.970
1750790410731,2025-06-24T21:40:10.731,27.550,-0.246,0.142,0.972
1750790410741,2025-06-24T21:40:10.741,27.560,-0.256,0.136,0.966
1750790410751,2025-06-24T21:40:10.751,27.570,-0.268,0.136,0.952
1750790410761,2025-06-24T21:40:10.761,27.580,-0.274,0.136,0.942
1750790410771,2025-06-24T21:40:10.771,27.590,-0.292,0.127,0.930
1750790410781,2025-06-24T21:40:10.781,27.600,-0.313,0.132,0.929
1750790410791,2025-06-24T21:40:10.791,27.610,-0.304,0.142,0.928
1750790410801,2025-06-24T21:40:10.801,27.620,-0.295,0.140,0.933
1750790410811,2025-06-24T21:40:10.811,27.630,-0.288,0.137,0.929
1750790410821,2025-06-24T21:40:10.821,27.640,-0.294,0.131,0.911
1750790410831,2025-06-24T21:40:10.831,27.650,-0.329,0.125,0.886
1750790410841,2025-06-24T21:40:10.841,27.660,-0.351,0.140,0.859
1750790410851,2025-06-24T21:40:10.851,27.670,-0.323,0.161,0.854
1750790410861,2025-06-24T21:40:10.861,27.680,-0.277,0.165,0.879
1750790410871,2025-06-24T21:40:10.871,27.690,-0.247,0.155,0.900
1750790410881,2025-06-24T21:40:10.881,27.700,-0.198,0.160,0.906
1750790410891,2025-06-24T21:40:10.891,27.710,-0.086,0.158,0.888
1750790410901,2025-06-24T21:40:10.901,27.720,0.065,0.133,0.847
1750790410911,2025-06-24T21:40:10.911,27.730,0.227,0.098,0.811
1750790410921,2025-06-24T21:40:10.921,27.740,0.413,0.055,0.771
1750790410931,2025-06-24T21:40:10.931,27.750,0.616,0.029,0.764
1750790410941,2025-06-24T21:40:10.941,27.760,0.798,0.006,0.763
1750790410951,2025-06-24T21:40:10.951,27.770,0.960,-0.018,0.757
1750790410961,2025-06-24T21:40:10.961,27.780,1.065,-0.055,0.792
1750790410971,2025-06-24T21:40:10.971,27.790,1.083,-0.071,0.772
1750790410981,2025-06-24T21:40:10.981,27.800,1.013,-0.062,0.765
1750790410991,2025-06-24T21:40:10.991,27.810,0.915,-0.039,0.749
1750790411001,2025-06-24T21:40:11.001,27.820,0.844,-0.029,0.729
1750790411011,2025-06-24T21:40:11.011,27.830,0.816,-0.035,0.712
1750790411021,2025-06-24T21:40:11.021,27.840,0.834,-0.056,0.678
1750790411031,2025-06-24T21:40:11.031,27.850,0.887,-0.075,0.662
1750790411041,2025-06-24T21:40:11.041,27.860,0.956,-0.083,0.677
1750790411051,2025-06-24T21:40:11.051,27.870,0.984,-0.078,0.716
1750790411061,2025-06-24T21:40:11.061,27.880,0.932,-0.067,0.723
1750790411071,2025-06-24T21:40:11.071,27.890,0.859,-0.046,0.705
1750790411081,2025-06-24T21:40:11.081,27.900,0.799,-0.031,0.717
1750790411091,2025-06-24T21:40:11.091,27.910,0.737,-0.020,0.734
1750790411101,2025-06-24T21:40:11.101,27.920,0.720,-0.011,0.738
1750790411111,2025-06-24T21:40:11.111,27.930,0.733,-0.010,0.776
1750790411121,2025-06-24T21:40:11.121,27.940,0.755,-0.012,0.812
1750790411131,2025-06-24T21:40:11.131,27.950,0.783,-0.028,0.788
1750790411141,2025-06-24T21:40:11.141,27.960,0.813,-0.028,0.798
1750790411151,2025-06-24T21:40:11.151,27.970,0.828,-0.014,0.841
1750790411161,2025-06-24T21:40:11.161,27.980,0.787,-0.006,0.847
1750790411171,2025-06-24T21:40:11.171,27.990,0.657,0.005,0.847
1750790411181,2025-06-24T21:40:11.181,28.000,0.479,0.024,0.852
1750790411191,2025-06-24T21:40:11.191,28.010,0.321,0.045,0.840
1750790411201,2025-06-24T21:40:11.201,28.020,0.194,0.056,0.851
1750790411211,2025-06-24T21:40:11.211,28.030,0.141,0.068,0.840
1750790411221,2025-06-24T21:40:11.221,28.040,0.154,0.087,0.849
1750790411231,2025-06-24T21:40:11.231,28.050,0.152,0.089,0.869
1750790411241,2025-06-24T21:40:11.241,28.060,0.107,0.069,0.883
1750790411251,2025-06-24T21:40:11.251,28.070,0.049,0.058,0.897
1750790411261,2025-06-24T21:40:11.261,28.080,0.003,0.064,0.916
1750790411271,2025-06-24T21:40:11.271,28.090,-0.029,0.068,0.931
1750790411281,2025-06-24T21:40:11.281,28.100,-0.060,0.085,0.926
1750790411291,2025-06-24T21:40:11.291,28.110,-0.106,0.101,0.944
1750790411301,2025-06-24T21:40:11.301,28.120,-0.157,0.099,0.953
1750790411311,2025-06-24T21:40:11.311,28.130,-0.191,0.091,0.950
1750790411321,2025-06-24T21:40:11.321,28.140,-0.219,0.111,0.918
1750790411331,2025-06-24T21:40:11.331,28.150,-0.244,0.126,0.894
1750790411341,2025-06-24T21:40:11.341,28.160,-0.254,0.121,0.883
1750790411351,2025-06-24T21:40:11.351,28.170,-0.243,0.121,0.900
1750790411361,2025-06-24T21:40:11.361,28.180,-0.216,0.120,0.926
1750790411371,2025-06-24T21:40:11.371,28.190,-0.208,0.114,0.952
1750790411381,2025-06-24T21:40:11.381,28.200,-0.205,0.110,0.966
1750790411391,2025-06-24T21:40:11.391,28.210,-0.202,0.111,0.974
1750790411401,2025-06-24T21:40:11.401,28.220,-0.206,0.116,0.971
1750790411411,2025-06-24T21:40:11.411,28.230,-0.215,0.113,0.966
1750790411421,2025-06-24T21:40:11.421,28.240,-0.221,0.108,0.956
1750790411431,2025-06-24T21:40:11.431,28.250,-0.217,0.112,0.951
1750790411441,2025-06-24T21:40:11.441,28.260,-0.216,0.118,0.958
1750790411451,2025-06-24T21:40:11.451,28.270,-0.225,0.122,0.954
1750790411461,2025-06-24T21:40:11.461,28.280,-0.248,0.124,0.955
1750790411471,2025-06-24T21:40:11.471,28.290,-0.275,0.122,0.963
1750790411481,2025-06-24T21:40:11.481,28.300,-0.295,0.132,0.964
1750790411491,2025-06-24T21:40:11.491,28.310,-0.341,0.144,0.953
1750790411501,2025-06-24T21:40:11.501,28.320,-0.358,0.143,0.913
1750790411511,2025-06-24T21:40:11.511,28.330,-0.352,0.137,0.882
1750790411521,2025-06-24T21:40:11.521,28.340,-0.333,0.135,0.860
1750790411531,2025-06-24T21:40:11.531,28.350,-0.298,0.140,0.859
1750790411541,2025-06-24T21:40:11.541,28.360,-0.280,0.145,0.839
1750790411551,2025-06-24T21:40:11.551,28.370,-0.290,0.157,0.830
1750790411561,2025-06-24T21:40:11.561,28.380,-0.251,0.163,0.778
1750790411571,2025-06-24T21:40:11.571,28.390,-0.146,0.162,0.700
1750790411581,2025-06-24T21:40:11.581,28.400,0.044,0.143,0.673
1750790411591,2025-06-24T21:40:11.591,28.410,0.297,0.098,0.625
1750790411601,2025-06-24T21:40:11.601,28.420,0.528,0.054,0.572
1750790411611,2025-06-24T21:40:11.611,28.430,0.747,0.001,0.545
1750790411621,2025-06-24T21:40:11.621,28.440,0.951,-0.029,0.574
1750790411631,2025-06-24T21:40:11.631,28.450,1.105,-0.060,0.598
1750790411641,2025-06-24T21:40:11.641,28.460,1.224,-0.097,0.591
1750790411651,2025-06-24T21:40:11.651,28.470,1.292,-0.124,0.597
1750790411661,2025-06-24T21:40:11.661,28.480,1.259,-0.133,0.601
1750790411671,2025-06-24T21:40:11.671,28.490,1.156,-0.125,0.595
1750790411681,2025-06-24T21:40:11.681,28.500,1.110,-0.123,0.560
1750790411691,2025-06-24T21:40:11.691,28.510,1.151,-0.136,0.539
1750790411701,2025-06-24T21:40:11.701,28.520,1.180,-0.146,0.570
1750790411711,2025-06-24T21:40:11.711,28.530,1.157,-0.141,0.584
1750790411721,2025-06-24T21:40:11.721,28.540,1.068,-0.123,0.554
1750790411731,2025-06-24T21:40:11.731,28.550,0.987,-0.098,0.532
1750790411741,2025-06-24T21:40:11.741,28.560,0.973,-0.080,0.522
1750790411751,2025-06-24T21:40:11.751,28.570,0.909,-0.069,0.556
1750790411761,2025-06-24T21:40:11.761,28.580,0.813,-0.049,0.570
1750790411771,2025-06-24T21:40:11.771,28.590,0.781,-0.039,0.593
1750790411781,2025-06-24T21:40:11.781,28.600,0.809,-0.034,0.665
1750790411791,2025-06-24T21:40:11.791,28.610,0.840,-0.042,0.721
1750790411801,2025-06-24T21:40:11.801,28.620,0.867,-0.056,0.751
1750790411811,2025-06-24T21:40:11.811,28.630,0.871,-0.046,0.763
1750790411821,2025-06-24T21:40:11.821,28.640,0.834,-0.025,0.793
1750790411831,2025-06-24T21:40:11.831,28.650,0.754,-0.014,0.787
1750790411841,2025-06-24T21:40:11.841,28.660,0.657,-0.001,0.790
1750790411851,2025-06-24T21:40:11.851,28.670,0.554,0.019,0.800
1750790411861,2025-06-24T21:40:11.861,28.680,0.459,0.042,0.814
1750790411871,2025-06-24T21:40:11.871,28.690,0.352,0.058,0.821
1750790411881,2025-06-24T21:40:11.881,28.700,0.236,0.061,0.815
1750790411891,2025-06-24T21:40:11.891,28.710,0.130,0.060,0.857
1750790411901,2025-06-24T21:40:11.901,28.720,0.079,0.065,0.842
1750790411911,2025-06-24T21:40:11.911,28.730,0.053,0.101,0.883
1750790411921,2025-06-24T21:40:11.921,28.740,-0.002,0.106,0.945
1750790411931,2025-06-24T21:40:11.931,28.750,-0.040,0.101,0.945
1750790411941,2025-06-24T21:40:11.941,28.760,-0.083,0.120,0.949
1750790411951,2025-06-24T21:40:11.951,28.770,-0.143,0.136,0.963
1750790411961,2025-06-24T21:40:11.961,28.780,-0.183,0.142,0.952
1750790411971,2025-06-24T21:40:11.971,28.790,-0.213,0.148,0.942
1750790411981,2025-06-24T21:40:11.981,28.800,-0.241,0.157,0.956
1750790411991,2025-06-24T21:40:11.991,28.810,-0.257,0.158,0.947
1750790412001,2025-06-24T21:40:12.001,28.820,-0.257,0.163,0.965
1750790412011,2025-06-24T21:40:12.011,28.830,-0.220,0.164,0.967
1750790412021,2025-06-24T21:40:12.021,28.840,-0.194,0.167,0.989
1750790412031,2025-06-24T21:40:12.031,28.850,-0.190,0.152,1.030
1750790412041,2025-06-24T21:40:12.041,28.860,-0.189,0.155,1.027
1750790412051,2025-06-24T21:40:12.051,28.870,-0.224,0.169,0.995
1750790412061,2025-06-24T21:40:12.061,28.880,-0.269,0.174,0.977
1750790412071,2025-06-24T21:40:12.071,28.890,-0.308,0.179,0.976
1750790412081,2025-06-24T21:40:12.081,28.900,-0.342,0.186,0.966
1750790412091,2025-06-24T21:40:12.091,28.910,-0.351,0.183,0.948
1750790412101,2025-06-24T21:40:12.101,28.920,-0.350,0.181,0.958
1750790412111,2025-06-24T21:40:12.111,28.930,-0.329,0.178,0.963
1750790412121,2025-06-24T21:40:12.121,28.940,-0.301,0.174,0.966
1750790412131,2025-06-24T21:40:12.131,28.950,-0.286,0.174,0.982
1750790412141,2025-06-24T21:40:12.141,28.960,-0.292,0.176,0.975
1750790412151,2025-06-24T21:40:12.151,28.970,-0.329,0.175,0.953
1750790412161,2025-06-24T21:40:12.161,28.980,-0.376,0.171,0.944
1750790412171,2025-06-24T21:40:12.171,28.990,-0.413,0.173,0.933
1750790412181,2025-06-24T21:40:12.181,29.000,-0.441,0.169,0.923
1750790412191,2025-06-24T21:40:12.191,29.010,-0.444,0.172,0.915
1750790412201,2025-06-24T21:40:12.201,29.020,-0.444,0.174,0.896
1750790412211,2025-06-24T21:40:12.211,29.030,-0.446,0.160,0.889
1750790412221,2025-06-24T21:40:12.221,29.040,-0.454,0.151,0.877
1750790412231,2025-06-24T21:40:12.231,29.050,-0.479,0.138,0.861
1750790412241,2025-06-24T21:40:12.241,29.060,-0.517,0.134,0.847
1750790412251,2025-06-24T21:40:12.251,29.070,-0.526,0.144,0.839
1750790412261,2025-06-24T21:40:12.261,29.080,-0.528,0.139,0.842
1750790412271,2025-06-24T21:40:12.271,29.090,-0.527,0.129,0.868
1750790412281,2025-06-24T21:40:12.281,29.100,-0.484,0.131,0.856
1750790412291,2025-06-24T21:40:12.291,29.110,-0.416,0.139,0.842
1750790412301,2025-06-24T21:40:12.301,29.120,-0.340,0.135,0.860
1750790412311,2025-06-24T21:40:12.311,29.130,-0.276,0.137,0.892
1750790412321,2025-06-24T21:40:12.321,29.140,-0.239,0.145,0.920
1750790412331,2025-06-24T21:40:12.331,29.150,-0.203,0.129,0.885
1750790412341,2025-06-24T21:40:12.341,29.160,-0.159,0.137,0.834
1750790412351,2025-06-24T21:40:12.351,29.170,-0.074,0.135,0.780
1750790412361,2025-06-24T21:40:12.361,29.180,0.044,0.093,0.735
1750790412371,2025-06-24T21:40:12.371,29.190,0.150,0.049,0.712
1750790412381,2025-06-24T21:40:12.381,29.200,0.351,0.038,0.680
1750790412391,2025-06-24T21:40:12.391,29.210,0.626,0.028,0.639
1750790412401,2025-06-24T21:40:12.401,29.220,0.868,-0.005,0.675
1750790412411,2025-06-24T21:40:12.411,29.230,1.078,-0.053,0.703
1750790412421,2025-06-24T21:40:12.421,29.240,1.178,-0.098,0.718
1750790412431,2025-06-24T21:40:12.431,29.250,1.087,-0.113,0.717
1750790412441,2025-06-24T21:40:12.441,29.260,0.917,-0.090,0.694
1750790412451,2025-06-24T21:40:12.451,29.270,0.802,-0.062,0.664
1750790412461,2025-06-24T21:40:12.461,29.280,0.820,-0.055,0.667
1750790412471,2025-06-24T21:40:12.471,29.290,0.922,-0.083,0.697
1750790412481,2025-06-24T21:40:12.481,29.300,1.006,-0.114,0.672
1750790412491,2025-06-24T21:40:12.491,29.310,1.012,-0.118,0.623
1750790412501,2025-06-24T21:40:12.501,29.320,0.938,-0.094,0.635
1750790412511,2025-06-24T21:40:12.511,29.330,0.865,-0.063,0.648
1750790412521,2025-06-24T21:40:12.521,29.340,0.833,-0.054,0.644
1750790412531,2025-06-24T21:40:12.531,29.350,0.800,-0.059,0.641
1750790412541,2025-06-24T21:40:12.541,29.360,0.768,-0.053,0.647
1750790412551,2025-06-24T21:40:12.551,29.370,0.761,-0.043,0.672
1750790412561,2025-06-24T21:40:12.561,29.380,0.755,-0.045,0.713
1750790412571,2025-06-24T21:40:12.571,29.390,0.749,-0.051,0.728
1750790412581,2025-06-24T21:40:12.581,29.400,0.762,-0.054,0.732
1750790412591,2025-06-24T21:40:12.591,29.410,0.779,-0.054,0.761
1750790412601,2025-06-24T21:40:12.601,29.420,0.782,-0.047,0.775
1750790412611,2025-06-24T21:40:12.611,29.430,0.776,-0.041,0.796
1750790412621,2025-06-24T21:40:12.621,29.440,0.756,-0.029,0.806
1750790412631,2025-06-24T21:40:12.631,29.450,0.708,-0.026,0.821
1750790412641,2025-06-24T21:40:12.641,29.460,0.629,-0.018,0.819
1750790412651,2025-06-24T21:40:12.651,29.470,0.551,-0.000,0.831
1750790412661,2025-06-24T21:40:12.661,29.480,0.479,0.007,0.859
1750790412671,2025-06-24T21:40:12.671,29.490,0.407,0.015,0.845
1750790412681,2025-06-24T21:40:12.681,29.500,0.337,0.019,0.868
1750790412691,2025-06-24T21:40:12.691,29.510,0.304,0.040,0.850
1750790412701,2025-06-24T21:40:12.701,29.520,0.255,0.052,0.874
1750790412711,2025-06-24T21:40:12.711,29.530,0.184,0.043,0.897
1750790412721,2025-06-24T21:40:12.721,29.540,0.131,0.028,0.914
1750790412731,2025-06-24T21:40:12.731,29.550,0.092,0.044,0.896
1750790412741,2025-06-24T21:40:12.741,29.560,0.037,0.074,0.911
1750790412751,2025-06-24T21:40:12.751,29.570,-0.039,0.067,0.944
1750790412761,2025-06-24T21:40:12.761,29.580,-0.105,0.070,0.925
1750790412771,2025-06-24T21:40:12.771,29.590,-0.169,0.083,0.935
1750790412781,2025-06-24T21:40:12.781,29.600,-0.221,0.091,0.923
1750790412791,2025-06-24T21:40:12.791,29.610,-0.257,0.090,0.921
1750790412801,2025-06-24T21:40:12.801,29.620,-0.280,0.101,0.896
1750790412811,2025-06-24T21:40:12.811,29.630,-0.294,0.105,0.921
1750790412821,2025-06-24T21:40:12.821,29.640,-0.302,0.108,0.910
1750790412831,2025-06-24T21:40:12.831,29.650,-0.327,0.125,0.918
1750790412841,2025-06-24T21:40:12.841,29.660,-0.329,0.131,0.913
1750790412851,2025-06-24T21:40:12.851,29.670,-0.316,0.128,0.931
1750790412861,2025-06-24T21:40:12.861,29.680,-0.296,0.125,0.946
1750790412871,2025-06-24T21:40:12.871,29.690,-0.274,0.127,0.955
1750790412881,2025-06-24T21:40:12.881,29.700,-0.272,0.125,0.953
1750790412891,2025-06-24T21:40:12.891,29.710,-0.283,0.127,0.946
1750790412901,2025-06-24T21:40:12.901,29.720,-0.312,0.129,0.942
1750790412911,2025-06-24T21:40:12.911,29.730,-0.347,0.133,0.944
1750790412921,2025-06-24T21:40:12.921,29.740,-0.353,0.135,0.938
1750790412931,2025-06-24T21:40:12.931,29.750,-0.343,0.136,0.924
1750790412941,2025-06-24T21:40:12.941,29.760,-0.340,0.127,0.924
1750790412951,2025-06-24T21:40:12.951,29.770,-0.340,0.119,0.926
1750790412961,2025-06-24T21:40:12.961,29.780,-0.322,0.120,0.931
1750790412971,2025-06-24T21:40:12.971,29.790,-0.282,0.119,0.939
1750790412981,2025-06-24T21:40:12.981,29.800,-0.259,0.116,0.942
1750790412991,2025-06-24T21:40:12.991,29.810,-0.250,0.110,0.941
1750790413001,2025-06-24T21:40:13.001,29.820,-0.255,0.104,0.931
1750790413011,2025-06-24T21:40:13.011,29.830,-0.242,0.110,0.917
1750790413021,2025-06-24T21:40:13.021,29.840,-0.220,0.117,0.893
1750790413031,2025-06-24T21:40:13.031,29.850,-0.206,0.125,0.889
1750790413041,2025-06-24T21:40:13.041,29.860,-0.171,0.128,0.901
1750790413051,2025-06-24T21:40:13.051,29.870,-0.104,0.128,0.913
1750790413061,2025-06-24T21:40:13.061,29.880,0.030,0.119,0.899
1750790413071,2025-06-24T21:40:13.071,29.890,0.160,0.096,0.875
1750790413081,2025-06-24T21:40:13.081,29.900,0.244,0.062,0.860
1750790413091,2025-06-24T21:40:13.091,29.910,0.334,0.033,0.856
1750790413101,2025-06-24T21:40:13.101,29.920,0.449,0.018,0.821
1750790413111,2025-06-24T21:40:13.111,29.930,0.546,0.009,0.788
1750790413121,2025-06-24T21:40:13.121,29.940,0.612,0.003,0.747
1750790413131,2025-06-24T21:40:13.131,29.950,0.687,-0.010,0.717
1750790413141,2025-06-24T21:40:13.141,29.960,0.762,-0.017,0.692
1750790413151,2025-06-24T21:40:13.151,29.970,0.802,-0.021,0.670
1750790413161,2025-06-24T21:40:13.161,29.980,0.837,-0.027,0.652
1750790413171,2025-06-24T21:40:13.171,29.990,0.858,-0.047,0.671
1750790413181,2025-06-24T21:40:13.181,30.000,0.863,-0.063,0.673
1750790413191,2025-06-24T21:40:13.191,30.010,0.928,-0.080,0.673
1750790413201,2025-06-24T21:40:13.201,30.020,0.998,-0.094,0.673
1750790413211,2025-06-24T21:40:13.211,30.030,0.995,-0.095,0.651
1750790413221,2025-06-24T21:40:13.221,30.040,0.955,-0.082,0.637
1750790413231,2025-06-24T21:40:13.231,30.050,0.920,-0.079,0.611
1750790413241,2025-06-24T21:40:13.241,30.060,0.911,-0.083,0.609
1750790413251,2025-06-24T21:40:13.251,30.070,0.949,-0.083,0.615
1750790413261,2025-06-24T21:40:13.261,30.080,0.989,-0.090,0.643
1750790413271,2025-06-24T21:40:13.271,30.090,0.953,-0.081,0.646
1750790413281,2025-06-24T21:40:13.281,30.100,0.900,-0.053,0.666
1750790413291,2025-06-24T21:40:13.291,30.110,0.862,-0.028,0.691
1750790413301,2025-06-24T21:40:13.301,30.120,0.815,-0.038,0.700
1750790413311,2025-06-24T21:40:13.311,30.130,0.769,-0.038,0.724
1750790413321,2025-06-24T21:40:13.321,30.140,0.731,-0.026,0.765
1750790413331,2025-06-24T21:40:13.331,30.150,0.730,-0.016,0.789
1750790413341,2025-06-24T21:40:13.341,30.160,0.758,-0.020,0.806
1750790413351,2025-06-24T21:40:13.351,30.170,0.779,-0.029,0.809
1750790413361,2025-06-24T21:40:13.361,30.180,0.783,-0.027,0.819
1750790413371,2025-06-24T21:40:13.371,30.190,0.753,-0.018,0.830
1750790413381,2025-06-24T21:40:13.381,30.200,0.688,-0.003,0.833
1750790413391,2025-06-24T21:40:13.391,30.210,0.599,0.016,0.831
1750790413401,2025-06-24T21:40:13.401,30.220,0.519,0.030,0.854
1750790413411,2025-06-24T21:40:13.411,30.230,0.460,0.043,0.854
1750790413421,2025-06-24T21:40:13.421,30.240,0.405,0.052,0.864
1750790413431,2025-06-24T21:40:13.431,30.250,0.357,0.050,0.865
1750790413441,2025-06-24T21:40:13.441,30.260,0.319,0.051,0.865
1750790413451,2025-06-24T21:40:13.451,30.270,0.265,0.053,0.887
1750790413461,2025-06-24T21:40:13.461,30.280,0.222,0.053,0.904
1750790413471,2025-06-24T21:40:13.471,30.290,0.181,0.056,0.906
1750790413481,2025-06-24T21:40:13.481,30.300,0.130,0.059,0.920
1750790413491,2025-06-24T21:40:13.491,30.310,0.083,0.074,0.913
1750790413501,2025-06-24T21:40:13.501,30.320,0.027,0.099,0.920
1750790413511,2025-06-24T21:40:13.511,30.330,-0.024,0.097,0.940
1750790413521,2025-06-24T21:40:13.521,30.340,-0.060,0.105,0.931
1750790413531,2025-06-24T21:40:13.531,30.350,-0.099,0.124,0.930
1750790413541,2025-06-24T21:40:13.541,30.360,-0.133,0.123,0.938
1750790413551,2025-06-24T21:40:13.551,30.370,-0.149,0.111,0.950
1750790413561,2025-06-24T21:40:13.561,30.380,-0.168,0.124,0.952
1750790413571,2025-06-24T21:40:13.571,30.390,-0.189,0.129,0.966
1750790413581,2025-06-24T21:40:13.581,30.400,-0.212,0.128,0.970
1750790413591,2025-06-24T21:40:13.591,30.410,-0.226,0.132,0.969
1750790413601,2025-06-24T21:40:13.601,30.420,-0.226,0.138,0.969
1750790413611,2025-06-24T21:40:13.611,30.430,-0.218,0.140,0.976
1750790413621,2025-06-24T21:40:13.621,30.440,-0.204,0.136,0.979
1750790413631,2025-06-24T21:40:13.631,30.450,-0.186,0.145,0.980
1750790413641,2025-06-24T21:40:13.641,30.460,-0.168,0.144,0.995
1750790413651,2025-06-24T21:40:13.651,30.470,-0.154,0.136,1.011
1750790413661,2025-06-24T21:40:13.661,30.480,-0.132,0.124,1.018
1750790413671,2025-06-24T21:40:13.671,30.490,-0.128,0.125,1.010
1750790413681,2025-06-24T21:40:13.681,30.500,-0.136,0.125,1.005
1750790413691,2025-06-24T21:40:13.691,30.510,-0.150,0.115,1.003
1750790413701,2025-06-24T21:40:13.701,30.520,-0.158,0.114,1.003
1750790413711,2025-06-24T21:40:13.711,30.530,-0.164,0.114,1.001
1750790413721,2025-06-24T21:40:13.721,30.540,-0.177,0.114,0.993
1750790413731,2025-06-24T21:40:13.731,30.550,-0.186,0.113,0.984
1750790413741,2025-06-24T21:40:13.741,30.560,-0.201,0.113,0.981
1750790413751,2025-06-24T21:40:13.751,30.570,-0.211,0.110,0.977
1750790413761,2025-06-24T21:40:13.761,30.580,-0.214,0.108,0.960
1750790413771,2025-06-24T21:40:13.771,30.590,-0.220,0.113,0.949
1750790413781,2025-06-24T21:40:13.781,30.600,-0.229,0.120,0.939
1750790413791,2025-06-24T21:40:13.791,30.610,-0.229,0.125,0.920
1750790413801,2025-06-24T21:40:13.801,30.620,-0.224,0.130,0.910
1750790413811,2025-06-24T21:40:13.811,30.630,-0.205,0.123,0.909
1750790413821,2025-06-24T21:40:13.821,30.640,-0.198,0.109,0.900
1750790413831,2025-06-24T21:40:13.831,30.650,-0.188,0.105,0.880
1750790413841,2025-06-24T21:40:13.841,30.660,-0.173,0.102,0.871
1750790413851,2025-06-24T21:40:13.851,30.670,-0.179,0.106,0.892
1750790413861,2025-06-24T21:40:13.861,30.680,-0.169,0.109,0.892
1750790413871,2025-06-24T21:40:13.871,30.690,-0.152,0.128,0.899
1750790413881,2025-06-24T21:40:13.881,30.700,-0.104,0.129,0.894
1750790413891,2025-06-24T21:40:13.891,30.710,-0.028,0.125,0.895
1750790413901,2025-06-24T21:40:13.901,30.720,0.072,0.113,0.873
1750790413911,2025-06-24T21:40:13.911,30.730,0.175,0.095,0.822
1750790413921,2025-06-24T21:40:13.921,30.740,0.277,0.086,0.759
1750790413931,2025-06-24T21:40:13.931,30.750,0.412,0.070,0.699
1750790413941,2025-06-24T21:40:13.941,30.760,0.574,0.049,0.679
1750790413951,2025-06-24T21:40:13.951,30.770,0.779,0.016,0.682
1750790413961,2025-06-24T21:40:13.961,30.780,0.987,-0.028,0.687
1750790413971,2025-06-24T21:40:13.971,30.790,1.092,-0.063,0.699
1750790413981,2025-06-24T21:40:13.981,30.800,1.111,-0.080,0.699
1750790413991,2025-06-24T21:40:13.991,30.810,1.102,-0.087,0.708
1750790414001,2025-06-24T21:40:14.001,30.820,1.053,-0.095,0.706
1750790414011,2025-06-24T21:40:14.011,30.830,0.987,-0.088,0.698
1750790414021,2025-06-24T21:40:14.021,30.840,0.928,-0.077,0.676
1750790414031,2025-06-24T21:40:14.031,30.850,0.880,-0.070,0.663
1750790414041,2025-06-24T21:40:14.041,30.860,0.875,-0.068,0.669
1750790414051,2025-06-24T21:40:14.051,30.870,0.916,-0.072,0.678
1750790414061,2025-06-24T21:40:14.061,30.880,0.959,-0.066,0.679
1750790414071,2025-06-24T21:40:14.071,30.890,0.959,-0.064,0.681
1750790414081,2025-06-24T21:40:14.081,30.900,0.883,-0.044,0.718
1750790414091,2025-06-24T21:40:14.091,30.910,0.766,-0.014,0.785
1750790414101,2025-06-24T21:40:14.101,30.920,0.667,-0.005,0.809
1750790414111,2025-06-24T21:40:14.111,30.930,0.591,-0.010,0.825
1750790414121,2025-06-24T21:40:14.121,30.940,0.565,0.005,0.852
1750790414131,2025-06-24T21:40:14.131,30.950,0.605,0.012,0.856
1750790414141,2025-06-24T21:40:14.141,30.960,0.683,0.008,0.880
1750790414151,2025-06-24T21:40:14.151,30.970,0.740,-0.005,0.886
1750790414161,2025-06-24T21:40:14.161,30.980,0.737,-0.016,0.869
1750790414171,2025-06-24T21:40:14.171,30.990,0.670,-0.010,0.874
1750790414181,2025-06-24T21:40:14.181,31.000,0.564,0.016,0.879
1750790414191,2025-06-24T21:40:14.191,31.010,0.460,0.035,0.889
1750790414201,2025-06-24T21:40:14.201,31.020,0.390,0.049,0.885
1750790414211,2025-06-24T21:40:14.211,31.030,0.352,0.050,0.903
1750790414221,2025-06-24T21:40:14.221,31.040,0.340,0.051,0.902
1750790414231,2025-06-24T21:40:14.231,31.050,0.325,0.057,0.900
1750790414241,2025-06-24T21:40:14.241,31.060,0.298,0.066,0.890
1750790414251,2025-06-24T21:40:14.251,31.070,0.251,0.068,0.886
1750790414261,2025-06-24T21:40:14.261,31.080,0.188,0.066,0.892
1750790414271,2025-06-24T21:40:14.271,31.090,0.130,0.066,0.907
1750790414281,2025-06-24T21:40:14.281,31.100,0.084,0.076,0.911
1750790414291,2025-06-24T21:40:14.291,31.110,0.041,0.082,0.922
1750790414301,2025-06-24T21:40:14.301,31.120,0.002,0.078,0.928
1750790414311,2025-06-24T21:40:14.311,31.130,-0.046,0.103,0.922
1750790414321,2025-06-24T21:40:14.321,31.140,-0.107,0.115,0.932
1750790414331,2025-06-24T21:40:14.331,31.150,-0.164,0.106,0.924
1750790414341,2025-06-24T21:40:14.341,31.160,-0.200,0.124,0.909
1750790414351,2025-06-24T21:40:14.351,31.170,-0.214,0.135,0.915
1750790414361,2025-06-24T21:40:14.361,31.180,-0.227,0.131,0.919
1750790414371,2025-06-24T21:40:14.371,31.190,-0.246,0.134,0.926
1750790414381,2025-06-24T21:40:14.381,31.200,-0.267,0.139,0.944
1750790414391,2025-06-24T21:40:14.391,31.210,-0.263,0.144,0.958
1750790414401,2025-06-24T21:40:14.401,31.220,-0.247,0.144,0.977
1750790414411,2025-06-24T21:40:14.411,31.230,-0.229,0.146,0.977
1750790414421,2025-06-24T21:40:14.421,31.240,-0.210,0.155,0.976
1750790414431,2025-06-24T21:40:14.431,31.250,-0.199,0.153,0.966
1750790414441,2025-06-24T21:40:14.441,31.260,-0.207,0.152,0.958
1750790414451,2025-06-24T21:40:14.451,31.270,-0.222,0.155,0.966
1750790414461,2025-06-24T21:40:14.461,31.280,-0.234,0.149,0.959
1750790414471,2025-06-24T21:40:14.471,31.290,-0.246,0.145,0.958
1750790414481,2025-06-24T21:40:14.481,31.300,-0.259,0.145,0.954
1750790414491,2025-06-24T21:40:14.491,31.310,-0.271,0.144,0.949
1750790414501,2025-06-24T21:40:14.501,31.320,-0.280,0.131,0.950
1750790414511,2025-06-24T21:40:14.511,31.330,-0.289,0.130,0.944
1750790414521,2025-06-24T21:40:14.521,31.340,-0.305,0.138,0.939
1750790414531,2025-06-24T21:40:14.531,31.350,-0.342,0.143,0.916
1750790414541,2025-06-24T21:40:14.541,31.360,-0.366,0.148,0.868
1750790414551,2025-06-24T21:40:14.551,31.370,-0.382,0.155,0.841
