epoch (ms),time (03:00),elapsed (s),x-axis (g),y-axis (g),z-axis (g)
1751285343714,2025-06-30T15:09:03.714,0.000,0.760,-0.070,0.861
1751285343724,2025-06-30T15:09:03.724,0.010,0.719,-0.064,0.929
1751285343734,2025-06-30T15:09:03.734,0.020,0.698,-0.059,0.978
1751285343744,2025-06-30T15:09:03.744,0.030,0.699,-0.035,1.068
1751285343754,2025-06-30T15:09:03.754,0.040,0.706,-0.009,1.125
1751285343764,2025-06-30T15:09:03.764,0.050,0.728,-0.000,1.196
1751285343774,2025-06-30T15:09:03.774,0.060,0.716,0.018,1.263
1751285343784,2025-06-30T15:09:03.784,0.070,0.677,0.033,1.352
1751285343794,2025-06-30T15:09:03.794,0.080,0.668,0.053,1.428
1751285343804,2025-06-30T15:09:03.804,0.090,0.635,0.089,1.485
1751285343814,2025-06-30T15:09:03.814,0.100,0.580,0.129,1.537
1751285343824,2025-06-30T15:09:03.824,0.110,0.566,0.168,1.588
1751285343834,2025-06-30T15:09:03.834,0.120,0.565,0.221,1.635
1751285343844,2025-06-30T15:09:03.844,0.130,0.523,0.278,1.670
1751285343854,2025-06-30T15:09:03.854,0.140,0.472,0.316,1.714
1751285343864,2025-06-30T15:09:03.864,0.150,0.416,0.336,1.752
1751285343874,2025-06-30T15:09:03.874,0.160,0.364,0.351,1.763
1751285343884,2025-06-30T15:09:03.884,0.170,0.295,0.371,1.744
1751285343894,2025-06-30T15:09:03.894,0.180,0.218,0.392,1.724
1751285343904,2025-06-30T15:09:03.904,0.190,0.158,0.411,1.700
1751285343914,2025-06-30T15:09:03.914,0.200,0.130,0.414,1.664
1751285343924,2025-06-30T15:09:03.924,0.210,0.104,0.411,1.626
1751285343934,2025-06-30T15:09:03.934,0.220,0.055,0.419,1.594
1751285343944,2025-06-30T15:09:03.944,0.230,-0.018,0.416,1.546
1751285343954,2025-06-30T15:09:03.954,0.240,-0.090,0.403,1.483
1751285343964,2025-06-30T15:09:03.964,0.250,-0.142,0.384,1.423
1751285343974,2025-06-30T15:09:03.974,0.260,-0.163,0.356,1.388
1751285343984,2025-06-30T15:09:03.984,0.270,-0.199,0.338,1.339
1751285343994,2025-06-30T15:09:03.994,0.280,-0.277,0.334,1.263
1751285344004,2025-06-30T15:09:04.004,0.290,-0.341,0.304,1.184
1751285344014,2025-06-30T15:09:04.014,0.300,-0.347,0.265,1.118
1751285344024,2025-06-30T15:09:04.024,0.310,-0.325,0.236,1.067
1751285344034,2025-06-30T15:09:04.034,0.320,-0.332,0.224,1.016
1751285344044,2025-06-30T15:09:04.044,0.330,-0.372,0.209,0.963
1751285344054,2025-06-30T15:09:04.054,0.340,-0.429,0.181,0.895
1751285344064,2025-06-30T15:09:04.064,0.350,-0.438,0.135,0.840
1751285344074,2025-06-30T15:09:04.074,0.360,-0.375,0.098,0.797
1751285344084,2025-06-30T15:09:04.084,0.370,-0.336,0.079,0.762
1751285344094,2025-06-30T15:09:04.094,0.380,-0.315,0.060,0.715
1751285344104,2025-06-30T15:09:04.104,0.390,-0.270,0.045,0.676
1751285344114,2025-06-30T15:09:04.114,0.400,-0.219,0.020,0.659
1751285344124,2025-06-30T15:09:04.124,0.410,-0.190,-0.021,0.631
1751285344134,2025-06-30T15:09:04.134,0.420,-0.133,-0.053,0.619
1751285344144,2025-06-30T15:09:04.144,0.430,-0.055,-0.071,0.625
1751285344154,2025-06-30T15:09:04.154,0.440,0.002,-0.091,0.621
1751285344164,2025-06-30T15:09:04.164,0.450,0.043,-0.117,0.628
1751285344174,2025-06-30T15:09:04.174,0.460,0.072,-0.134,0.655
1751285344184,2025-06-30T15:09:04.184,0.470,0.105,-0.137,0.692
1751285344194,2025-06-30T15:09:04.194,0.480,0.146,-0.143,0.727
1751285344204,2025-06-30T15:09:04.204,0.490,0.185,-0.147,0.751
1751285344214,2025-06-30T15:09:04.214,0.500,0.231,-0.149,0.758
1751285344224,2025-06-30T15:09:04.224,0.510,0.249,-0.154,0.772
1751285344234,2025-06-30T15:09:04.234,0.520,0.230,-0.171,0.787
1751285344244,2025-06-30T15:09:04.244,0.530,0.207,-0.198,0.798
1751285344254,2025-06-30T15:09:04.254,0.540,0.147,-0.209,0.814
1751285344264,2025-06-30T15:09:04.264,0.550,0.077,-0.209,0.832
1751285344274,2025-06-30T15:09:04.274,0.560,0.046,-0.221,0.864
1751285344284,2025-06-30T15:09:04.284,0.570,0.048,-0.229,0.898
1751285344294,2025-06-30T15:09:04.294,0.580,0.049,-0.226,0.931
1751285344304,2025-06-30T15:09:04.304,0.590,0.009,-0.208,0.940
1751285344314,2025-06-30T15:09:04.314,0.600,-0.076,-0.197,0.928
1751285344324,2025-06-30T15:09:04.324,0.610,-0.150,-0.198,0.898
1751285344334,2025-06-30T15:09:04.334,0.620,-0.166,-0.214,0.873
1751285344344,2025-06-30T15:09:04.344,0.630,-0.177,-0.219,0.858
1751285344354,2025-06-30T15:09:04.354,0.640,-0.203,-0.205,0.838
1751285344364,2025-06-30T15:09:04.364,0.650,-0.220,-0.184,0.819
1751285344374,2025-06-30T15:09:04.374,0.660,-0.200,-0.154,0.813
1751285344384,2025-06-30T15:09:04.384,0.670,-0.198,-0.120,0.807
1751285344394,2025-06-30T15:09:04.394,0.680,-0.205,-0.103,0.782
1751285344404,2025-06-30T15:09:04.404,0.690,-0.204,-0.095,0.749
1751285344414,2025-06-30T15:09:04.414,0.700,-0.205,-0.090,0.731
1751285344424,2025-06-30T15:09:04.424,0.710,-0.195,-0.081,0.719
1751285344434,2025-06-30T15:09:04.434,0.720,-0.210,-0.060,0.703
1751285344444,2025-06-30T15:09:04.444,0.730,-0.206,-0.054,0.691
1751285344454,2025-06-30T15:09:04.454,0.740,-0.160,-0.053,0.674
1751285344464,2025-06-30T15:09:04.464,0.750,-0.118,-0.041,0.666
1751285344474,2025-06-30T15:09:04.474,0.760,-0.056,-0.034,0.664
1751285344484,2025-06-30T15:09:04.484,0.770,0.022,-0.037,0.683
1751285344494,2025-06-30T15:09:04.494,0.780,0.083,-0.044,0.706
1751285344504,2025-06-30T15:09:04.504,0.790,0.119,-0.048,0.737
1751285344514,2025-06-30T15:09:04.514,0.800,0.132,-0.042,0.756
1751285344524,2025-06-30T15:09:04.524,0.810,0.145,-0.015,0.753
1751285344534,2025-06-30T15:09:04.534,0.820,0.200,0.022,0.729
1751285344544,2025-06-30T15:09:04.544,0.830,0.304,0.042,0.699
1751285344554,2025-06-30T15:09:04.554,0.840,0.392,0.035,0.678
1751285344564,2025-06-30T15:09:04.564,0.850,0.469,-0.002,0.720
1751285344574,2025-06-30T15:09:04.574,0.860,0.560,-0.049,0.791
1751285344584,2025-06-30T15:09:04.584,0.870,0.625,-0.078,0.875
1751285344594,2025-06-30T15:09:04.594,0.880,0.617,-0.082,0.924
1751285344604,2025-06-30T15:09:04.604,0.890,0.616,-0.070,0.941
1751285344614,2025-06-30T15:09:04.614,0.900,0.651,-0.055,0.979
1751285344624,2025-06-30T15:09:04.624,0.910,0.693,-0.034,1.009
1751285344634,2025-06-30T15:09:04.634,0.920,0.756,-0.025,1.054
1751285344644,2025-06-30T15:09:04.644,0.930,0.813,-0.037,1.146
1751285344654,2025-06-30T15:09:04.654,0.940,0.852,-0.056,1.224
1751285344664,2025-06-30T15:09:04.664,0.950,0.891,-0.068,1.306
1751285344674,2025-06-30T15:09:04.674,0.960,0.879,-0.044,1.367
1751285344684,2025-06-30T15:09:04.684,0.970,0.819,0.004,1.415
1751285344694,2025-06-30T15:09:04.694,0.980,0.746,0.056,1.470
1751285344704,2025-06-30T15:09:04.704,0.990,0.708,0.109,1.516
1751285344714,2025-06-30T15:09:04.714,1.000,0.687,0.162,1.553
1751285344724,2025-06-30T15:09:04.724,1.010,0.641,0.208,1.596
1751285344734,2025-06-30T15:09:04.734,1.020,0.600,0.244,1.627
1751285344744,2025-06-30T15:09:04.744,1.030,0.555,0.261,1.654
1751285344754,2025-06-30T15:09:04.754,1.040,0.495,0.281,1.663
1751285344764,2025-06-30T15:09:04.764,1.050,0.425,0.307,1.668
1751285344774,2025-06-30T15:09:04.774,1.060,0.347,0.334,1.659
1751285344784,2025-06-30T15:09:04.784,1.070,0.276,0.350,1.635
1751285344794,2025-06-30T15:09:04.794,1.080,0.213,0.359,1.604
1751285344804,2025-06-30T15:09:04.804,1.090,0.140,0.370,1.575
1751285344814,2025-06-30T15:09:04.814,1.100,0.075,0.371,1.542
1751285344824,2025-06-30T15:09:04.824,1.110,0.021,0.360,1.504
1751285344834,2025-06-30T15:09:04.834,1.120,-0.036,0.349,1.465
1751285344844,2025-06-30T15:09:04.844,1.130,-0.076,0.336,1.409
1751285344854,2025-06-30T15:09:04.854,1.140,-0.104,0.332,1.356
1751285344864,2025-06-30T15:09:04.864,1.150,-0.134,0.325,1.315
1751285344874,2025-06-30T15:09:04.874,1.160,-0.165,0.317,1.267
1751285344884,2025-06-30T15:09:04.884,1.170,-0.175,0.301,1.212
1751285344894,2025-06-30T15:09:04.894,1.180,-0.229,0.291,1.167
1751285344904,2025-06-30T15:09:04.904,1.190,-0.279,0.269,1.117
1751285344914,2025-06-30T15:09:04.914,1.200,-0.282,0.236,1.073
1751285344924,2025-06-30T15:09:04.924,1.210,-0.280,0.206,1.042
1751285344934,2025-06-30T15:09:04.934,1.220,-0.273,0.179,1.005
1751285344944,2025-06-30T15:09:04.944,1.230,-0.259,0.154,0.971
1751285344954,2025-06-30T15:09:04.954,1.240,-0.271,0.128,0.927
1751285344964,2025-06-30T15:09:04.964,1.250,-0.280,0.097,0.865
1751285344974,2025-06-30T15:09:04.974,1.260,-0.218,0.069,0.819
1751285344984,2025-06-30T15:09:04.984,1.270,-0.174,0.050,0.779
1751285344994,2025-06-30T15:09:04.994,1.280,-0.150,0.022,0.716
1751285345004,2025-06-30T15:09:05.004,1.290,-0.087,-0.010,0.670
1751285345014,2025-06-30T15:09:05.014,1.300,-0.030,-0.042,0.644
1751285345024,2025-06-30T15:09:05.024,1.310,0.016,-0.080,0.627
1751285345034,2025-06-30T15:09:05.034,1.320,0.064,-0.115,0.606
1751285345044,2025-06-30T15:09:05.044,1.330,0.120,-0.144,0.594
1751285345054,2025-06-30T15:09:05.054,1.340,0.159,-0.164,0.612
1751285345064,2025-06-30T15:09:05.064,1.350,0.178,-0.181,0.629
1751285345074,2025-06-30T15:09:05.074,1.360,0.174,-0.199,0.652
1751285345084,2025-06-30T15:09:05.084,1.370,0.186,-0.222,0.692
1751285345094,2025-06-30T15:09:05.094,1.380,0.184,-0.237,0.719
1751285345104,2025-06-30T15:09:05.104,1.390,0.145,-0.240,0.723
1751285345114,2025-06-30T15:09:05.114,1.400,0.053,-0.216,0.717
1751285345124,2025-06-30T15:09:05.124,1.410,0.015,-0.207,0.729
1751285345134,2025-06-30T15:09:05.134,1.420,0.055,-0.222,0.780
1751285345144,2025-06-30T15:09:05.144,1.430,0.067,-0.228,0.839
1751285345154,2025-06-30T15:09:05.154,1.440,0.048,-0.233,0.887
1751285345164,2025-06-30T15:09:05.164,1.450,0.013,-0.231,0.944
1751285345174,2025-06-30T15:09:05.174,1.460,-0.021,-0.217,0.966
1751285345184,2025-06-30T15:09:05.184,1.470,-0.078,-0.201,0.967
1751285345194,2025-06-30T15:09:05.194,1.480,-0.134,-0.192,0.963
1751285345204,2025-06-30T15:09:05.204,1.490,-0.193,-0.176,0.944
1751285345214,2025-06-30T15:09:05.214,1.500,-0.249,-0.154,0.917
1751285345224,2025-06-30T15:09:05.224,1.510,-0.263,-0.142,0.904
1751285345234,2025-06-30T15:09:05.234,1.520,-0.262,-0.131,0.895
1751285345244,2025-06-30T15:09:05.244,1.530,-0.222,-0.133,0.876
1751285345254,2025-06-30T15:09:05.254,1.540,-0.184,-0.130,0.858
1751285345264,2025-06-30T15:09:05.264,1.550,-0.187,-0.113,0.842
1751285345274,2025-06-30T15:09:05.274,1.560,-0.207,-0.097,0.815
1751285345284,2025-06-30T15:09:05.284,1.570,-0.214,-0.090,0.794
1751285345294,2025-06-30T15:09:05.294,1.580,-0.219,-0.089,0.764
1751285345304,2025-06-30T15:09:05.304,1.590,-0.212,-0.089,0.725
1751285345314,2025-06-30T15:09:05.314,1.600,-0.159,-0.088,0.692
1751285345324,2025-06-30T15:09:05.324,1.610,-0.109,-0.077,0.677
1751285345334,2025-06-30T15:09:05.334,1.620,-0.084,-0.070,0.667
1751285345344,2025-06-30T15:09:05.344,1.630,-0.059,-0.070,0.655
1751285345354,2025-06-30T15:09:05.354,1.640,-0.037,-0.070,0.666
1751285345364,2025-06-30T15:09:05.364,1.650,-0.052,-0.065,0.684
1751285345374,2025-06-30T15:09:05.374,1.660,-0.022,-0.076,0.678
1751285345384,2025-06-30T15:09:05.384,1.670,0.038,-0.081,0.646
1751285345394,2025-06-30T15:09:05.394,1.680,0.090,-0.065,0.609
1751285345404,2025-06-30T15:09:05.404,1.690,0.148,-0.062,0.596
1751285345414,2025-06-30T15:09:05.414,1.700,0.211,-0.069,0.588
1751285345424,2025-06-30T15:09:05.424,1.710,0.299,-0.093,0.604
1751285345434,2025-06-30T15:09:05.434,1.720,0.397,-0.119,0.641
1751285345444,2025-06-30T15:09:05.444,1.730,0.493,-0.121,0.698
1751285345454,2025-06-30T15:09:05.454,1.740,0.584,-0.125,0.763
1751285345464,2025-06-30T15:09:05.464,1.750,0.638,-0.139,0.826
1751285345474,2025-06-30T15:09:05.474,1.760,0.658,-0.141,0.828
1751285345484,2025-06-30T15:09:05.484,1.770,0.674,-0.121,0.824
1751285345494,2025-06-30T15:09:05.494,1.780,0.737,-0.077,0.840
1751285345504,2025-06-30T15:09:05.504,1.790,0.799,-0.039,0.887
1751285345514,2025-06-30T15:09:05.514,1.800,0.862,-0.034,0.995
1751285345524,2025-06-30T15:09:05.524,1.810,0.948,-0.058,1.096
1751285345534,2025-06-30T15:09:05.534,1.820,0.959,-0.074,1.210
1751285345544,2025-06-30T15:09:05.544,1.830,0.887,-0.059,1.347
1751285345554,2025-06-30T15:09:05.554,1.840,0.753,-0.013,1.430
1751285345564,2025-06-30T15:09:05.564,1.850,0.649,0.041,1.474
1751285345574,2025-06-30T15:09:05.574,1.860,0.603,0.104,1.502
1751285345584,2025-06-30T15:09:05.584,1.870,0.629,0.161,1.547
1751285345594,2025-06-30T15:09:05.594,1.880,0.696,0.184,1.627
1751285345604,2025-06-30T15:09:05.604,1.890,0.717,0.184,1.708
1751285345614,2025-06-30T15:09:05.614,1.900,0.688,0.194,1.749
1751285345624,2025-06-30T15:09:05.624,1.910,0.605,0.230,1.761
1751285345634,2025-06-30T15:09:05.634,1.920,0.477,0.281,1.747
1751285345644,2025-06-30T15:09:05.644,1.930,0.358,0.324,1.733
1751285345654,2025-06-30T15:09:05.654,1.940,0.222,0.361,1.718
1751285345664,2025-06-30T15:09:05.664,1.950,0.142,0.371,1.694
1751285345674,2025-06-30T15:09:05.674,1.960,0.120,0.365,1.683
1751285345684,2025-06-30T15:09:05.684,1.970,0.095,0.367,1.657
1751285345694,2025-06-30T15:09:05.694,1.980,0.071,0.354,1.613
1751285345704,2025-06-30T15:09:05.704,1.990,0.012,0.359,1.556
1751285345714,2025-06-30T15:09:05.714,2.000,-0.109,0.357,1.501
1751285345724,2025-06-30T15:09:05.724,2.010,-0.195,0.340,1.431
1751285345734,2025-06-30T15:09:05.734,2.020,-0.232,0.319,1.346
1751285345744,2025-06-30T15:09:05.744,2.030,-0.283,0.308,1.292
1751285345754,2025-06-30T15:09:05.754,2.040,-0.299,0.293,1.227
1751285345764,2025-06-30T15:09:05.764,2.050,-0.305,0.275,1.150
1751285345774,2025-06-30T15:09:05.774,2.060,-0.335,0.254,1.080
1751285345784,2025-06-30T15:09:05.784,2.070,-0.339,0.225,1.001
1751285345794,2025-06-30T15:09:05.794,2.080,-0.316,0.192,0.915
1751285345804,2025-06-30T15:09:05.804,2.090,-0.300,0.167,0.858
1751285345814,2025-06-30T15:09:05.814,2.100,-0.262,0.138,0.810
1751285345824,2025-06-30T15:09:05.824,2.110,-0.183,0.109,0.765
1751285345834,2025-06-30T15:09:05.834,2.120,-0.129,0.069,0.751
1751285345844,2025-06-30T15:09:05.844,2.130,-0.122,0.028,0.741
1751285345854,2025-06-30T15:09:05.854,2.140,-0.128,0.003,0.698
1751285345864,2025-06-30T15:09:05.864,2.150,-0.084,-0.014,0.651
1751285345874,2025-06-30T15:09:05.874,2.160,-0.018,-0.026,0.632
1751285345884,2025-06-30T15:09:05.884,2.170,0.043,-0.047,0.640
1751285345894,2025-06-30T15:09:05.894,2.180,0.090,-0.081,0.649
1751285345904,2025-06-30T15:09:05.904,2.190,0.104,-0.122,0.650
1751285345914,2025-06-30T15:09:05.914,2.200,0.094,-0.174,0.667
1751285345924,2025-06-30T15:09:05.924,2.210,0.096,-0.219,0.681
1751285345934,2025-06-30T15:09:05.934,2.220,0.096,-0.233,0.678
1751285345944,2025-06-30T15:09:05.944,2.230,0.027,-0.223,0.692
1751285345954,2025-06-30T15:09:05.954,2.240,-0.030,-0.208,0.717
1751285345964,2025-06-30T15:09:05.964,2.250,-0.046,-0.196,0.729
1751285345974,2025-06-30T15:09:05.974,2.260,-0.102,-0.182,0.755
1751285345984,2025-06-30T15:09:05.984,2.270,-0.112,-0.176,0.781
1751285345994,2025-06-30T15:09:05.994,2.280,-0.110,-0.176,0.795
1751285346004,2025-06-30T15:09:06.004,2.290,-0.171,-0.164,0.816
1751285346014,2025-06-30T15:09:06.014,2.300,-0.207,-0.158,0.824
1751285346024,2025-06-30T15:09:06.024,2.310,-0.244,-0.155,0.828
1751285346034,2025-06-30T15:09:06.034,2.320,-0.278,-0.155,0.838
1751285346044,2025-06-30T15:09:06.044,2.330,-0.258,-0.156,0.866
1751285346054,2025-06-30T15:09:06.054,2.340,-0.245,-0.138,0.883
1751285346064,2025-06-30T15:09:06.064,2.350,-0.257,-0.116,0.887
1751285346074,2025-06-30T15:09:06.074,2.360,-0.280,-0.097,0.879
1751285346084,2025-06-30T15:09:06.084,2.370,-0.330,-0.075,0.860
1751285346094,2025-06-30T15:09:06.094,2.380,-0.349,-0.048,0.833
1751285346104,2025-06-30T15:09:06.104,2.390,-0.310,-0.027,0.799
1751285346114,2025-06-30T15:09:06.114,2.400,-0.237,-0.008,0.784
1751285346124,2025-06-30T15:09:06.124,2.410,-0.163,0.007,0.783
1751285346134,2025-06-30T15:09:06.134,2.420,-0.139,-0.003,0.763
1751285346144,2025-06-30T15:09:06.144,2.430,-0.125,-0.027,0.739
1751285346154,2025-06-30T15:09:06.154,2.440,-0.075,-0.045,0.719
1751285346164,2025-06-30T15:09:06.164,2.450,0.000,-0.042,0.709
1751285346174,2025-06-30T15:09:06.174,2.460,0.080,-0.030,0.686
1751285346184,2025-06-30T15:09:06.184,2.470,0.119,-0.015,0.654
1751285346194,2025-06-30T15:09:06.194,2.480,0.154,-0.007,0.602
1751285346204,2025-06-30T15:09:06.204,2.490,0.216,-0.001,0.580
1751285346214,2025-06-30T15:09:06.214,2.500,0.286,-0.004,0.570
1751285346224,2025-06-30T15:09:06.224,2.510,0.403,-0.025,0.582
1751285346234,2025-06-30T15:09:06.234,2.520,0.530,-0.055,0.583
1751285346244,2025-06-30T15:09:06.244,2.530,0.661,-0.092,0.614
1751285346254,2025-06-30T15:09:06.254,2.540,0.738,-0.107,0.659
1751285346264,2025-06-30T15:09:06.264,2.550,0.716,-0.103,0.689
1751285346274,2025-06-30T15:09:06.274,2.560,0.699,-0.095,0.688
1751285346284,2025-06-30T15:09:06.284,2.570,0.698,-0.088,0.732
1751285346294,2025-06-30T15:09:06.294,2.580,0.662,-0.070,0.808
1751285346304,2025-06-30T15:09:06.304,2.590,0.637,-0.057,0.881
1751285346314,2025-06-30T15:09:06.314,2.600,0.614,-0.048,0.997
1751285346324,2025-06-30T15:09:06.324,2.610,0.608,-0.032,1.111
1751285346334,2025-06-30T15:09:06.334,2.620,0.638,-0.021,1.230
1751285346344,2025-06-30T15:09:06.344,2.630,0.627,0.011,1.381
1751285346354,2025-06-30T15:09:06.354,2.640,0.574,0.055,1.485
1751285346364,2025-06-30T15:09:06.364,2.650,0.527,0.112,1.538
1751285346374,2025-06-30T15:09:06.374,2.660,0.500,0.197,1.600
1751285346384,2025-06-30T15:09:06.384,2.670,0.461,0.276,1.667
1751285346394,2025-06-30T15:09:06.394,2.680,0.417,0.317,1.742
1751285346404,2025-06-30T15:09:06.404,2.690,0.395,0.347,1.798
1751285346414,2025-06-30T15:09:06.414,2.700,0.369,0.374,1.856
1751285346424,2025-06-30T15:09:06.424,2.710,0.314,0.403,1.881
1751285346434,2025-06-30T15:09:06.434,2.720,0.260,0.432,1.867
1751285346444,2025-06-30T15:09:06.444,2.730,0.212,0.460,1.855
1751285346454,2025-06-30T15:09:06.454,2.740,0.169,0.481,1.827
1751285346464,2025-06-30T15:09:06.464,2.750,0.137,0.488,1.786
1751285346474,2025-06-30T15:09:06.474,2.760,0.099,0.488,1.745
1751285346484,2025-06-30T15:09:06.484,2.770,0.046,0.484,1.683
1751285346494,2025-06-30T15:09:06.494,2.780,0.006,0.465,1.622
1751285346504,2025-06-30T15:09:06.504,2.790,-0.020,0.449,1.583
1751285346514,2025-06-30T15:09:06.514,2.800,-0.063,0.432,1.540
1751285346524,2025-06-30T15:09:06.524,2.810,-0.118,0.405,1.479
1751285346534,2025-06-30T15:09:06.534,2.820,-0.184,0.388,1.420
1751285346544,2025-06-30T15:09:06.544,2.830,-0.229,0.360,1.371
1751285346554,2025-06-30T15:09:06.554,2.840,-0.249,0.323,1.328
1751285346564,2025-06-30T15:09:06.564,2.850,-0.253,0.294,1.268
1751285346574,2025-06-30T15:09:06.574,2.860,-0.254,0.269,1.216
1751285346584,2025-06-30T15:09:06.584,2.870,-0.275,0.259,1.154
1751285346594,2025-06-30T15:09:06.594,2.880,-0.320,0.252,1.064
1751285346604,2025-06-30T15:09:06.604,2.890,-0.397,0.229,0.994
1751285346614,2025-06-30T15:09:06.614,2.900,-0.443,0.197,0.914
1751285346624,2025-06-30T15:09:06.624,2.910,-0.433,0.158,0.846
1751285346634,2025-06-30T15:09:06.634,2.920,-0.423,0.122,0.795
1751285346644,2025-06-30T15:09:06.644,2.930,-0.383,0.083,0.739
1751285346654,2025-06-30T15:09:06.654,2.940,-0.279,0.054,0.667
1751285346664,2025-06-30T15:09:06.664,2.950,-0.187,0.044,0.577
1751285346674,2025-06-30T15:09:06.674,2.960,-0.110,0.012,0.529
1751285346684,2025-06-30T15:09:06.684,2.970,-0.029,-0.043,0.527
1751285346694,2025-06-30T15:09:06.694,2.980,0.071,-0.099,0.534
1751285346704,2025-06-30T15:09:06.704,2.990,0.162,-0.139,0.547
1751285346714,2025-06-30T15:09:06.714,3.000,0.212,-0.161,0.592
1751285346724,2025-06-30T15:09:06.724,3.010,0.214,-0.166,0.606
1751285346734,2025-06-30T15:09:06.734,3.020,0.210,-0.164,0.614
1751285346744,2025-06-30T15:09:06.744,3.030,0.221,-0.152,0.643
1751285346754,2025-06-30T15:09:06.754,3.040,0.228,-0.152,0.693
1751285346764,2025-06-30T15:09:06.764,3.050,0.222,-0.175,0.747
1751285346774,2025-06-30T15:09:06.774,3.060,0.206,-0.195,0.759
1751285346784,2025-06-30T15:09:06.784,3.070,0.199,-0.208,0.742
1751285346794,2025-06-30T15:09:06.794,3.080,0.214,-0.208,0.752
1751285346804,2025-06-30T15:09:06.804,3.090,0.207,-0.200,0.795
1751285346814,2025-06-30T15:09:06.814,3.100,0.156,-0.205,0.834
1751285346824,2025-06-30T15:09:06.824,3.110,0.129,-0.224,0.852
1751285346834,2025-06-30T15:09:06.834,3.120,0.092,-0.220,0.859
1751285346844,2025-06-30T15:09:06.844,3.130,0.004,-0.199,0.831
1751285346854,2025-06-30T15:09:06.854,3.140,-0.094,-0.191,0.795
1751285346864,2025-06-30T15:09:06.864,3.150,-0.166,-0.194,0.753
1751285346874,2025-06-30T15:09:06.874,3.160,-0.188,-0.193,0.703
1751285346884,2025-06-30T15:09:06.884,3.170,-0.170,-0.183,0.638
1751285346894,2025-06-30T15:09:06.894,3.180,-0.159,-0.168,0.564
1751285346904,2025-06-30T15:09:06.904,3.190,-0.166,-0.160,0.521
1751285346914,2025-06-30T15:09:06.914,3.200,-0.189,-0.160,0.526
1751285346924,2025-06-30T15:09:06.924,3.210,-0.218,-0.151,0.529
1751285346934,2025-06-30T15:09:06.934,3.220,-0.199,-0.145,0.534
1751285346944,2025-06-30T15:09:06.944,3.230,-0.188,-0.132,0.535
1751285346954,2025-06-30T15:09:06.954,3.240,-0.182,-0.109,0.502
1751285346964,2025-06-30T15:09:06.964,3.250,-0.144,-0.083,0.466
1751285346974,2025-06-30T15:09:06.974,3.260,-0.096,-0.044,0.454
1751285346984,2025-06-30T15:09:06.984,3.270,-0.021,-0.019,0.455
1751285346994,2025-06-30T15:09:06.994,3.280,0.074,-0.017,0.480
1751285347004,2025-06-30T15:09:07.004,3.290,0.129,-0.020,0.542
1751285347014,2025-06-30T15:09:07.014,3.300,0.189,-0.027,0.580
1751285347024,2025-06-30T15:09:07.024,3.310,0.300,-0.029,0.612
1751285347034,2025-06-30T15:09:07.034,3.320,0.448,-0.002,0.642
1751285347044,2025-06-30T15:09:07.044,3.330,0.573,0.043,0.671
1751285347054,2025-06-30T15:09:07.054,3.340,0.667,0.060,0.729
1751285347064,2025-06-30T15:09:07.064,3.350,0.725,0.060,0.798
1751285347074,2025-06-30T15:09:07.074,3.360,0.774,0.025,0.836
1751285347084,2025-06-30T15:09:07.084,3.370,0.829,-0.024,0.897
1751285347094,2025-06-30T15:09:07.094,3.380,0.879,-0.060,0.972
1751285347104,2025-06-30T15:09:07.104,3.390,0.961,-0.066,1.053
1751285347114,2025-06-30T15:09:07.114,3.400,1.080,-0.044,1.124
1751285347124,2025-06-30T15:09:07.124,3.410,1.151,0.017,1.162
1751285347134,2025-06-30T15:09:07.134,3.420,1.166,0.082,1.250
1751285347144,2025-06-30T15:09:07.144,3.430,1.139,0.098,1.329
1751285347154,2025-06-30T15:09:07.154,3.440,1.072,0.069,1.400
1751285347164,2025-06-30T15:09:07.164,3.450,0.983,0.077,1.483
1751285347174,2025-06-30T15:09:07.174,3.460,0.944,0.116,1.529
1751285347184,2025-06-30T15:09:07.184,3.470,0.948,0.158,1.585
1751285347194,2025-06-30T15:09:07.194,3.480,0.940,0.205,1.641
1751285347204,2025-06-30T15:09:07.204,3.490,0.892,0.243,1.694
1751285347214,2025-06-30T15:09:07.214,3.500,0.795,0.270,1.730
1751285347224,2025-06-30T15:09:07.224,3.510,0.695,0.303,1.745
1751285347234,2025-06-30T15:09:07.234,3.520,0.600,0.342,1.740
1751285347244,2025-06-30T15:09:07.244,3.530,0.505,0.391,1.734
1751285347254,2025-06-30T15:09:07.254,3.540,0.405,0.435,1.728
1751285347264,2025-06-30T15:09:07.264,3.550,0.302,0.473,1.722
1751285347274,2025-06-30T15:09:07.274,3.560,0.230,0.484,1.709
1751285347284,2025-06-30T15:09:07.284,3.570,0.172,0.492,1.690
1751285347294,2025-06-30T15:09:07.294,3.580,0.068,0.510,1.658
1751285347304,2025-06-30T15:09:07.304,3.590,-0.050,0.519,1.626
1751285347314,2025-06-30T15:09:07.314,3.600,-0.140,0.501,1.606
1751285347324,2025-06-30T15:09:07.324,3.610,-0.226,0.472,1.581
1751285347334,2025-06-30T15:09:07.334,3.620,-0.322,0.441,1.521
1751285347344,2025-06-30T15:09:07.344,3.630,-0.385,0.398,1.457
1751285347354,2025-06-30T15:09:07.354,3.640,-0.380,0.363,1.397
1751285347364,2025-06-30T15:09:07.364,3.650,-0.374,0.356,1.345
1751285347374,2025-06-30T15:09:07.374,3.660,-0.393,0.340,1.288
1751285347384,2025-06-30T15:09:07.384,3.670,-0.374,0.324,1.211
1751285347394,2025-06-30T15:09:07.394,3.680,-0.356,0.312,1.123
1751285347404,2025-06-30T15:09:07.404,3.690,-0.343,0.291,1.040
1751285347414,2025-06-30T15:09:07.414,3.700,-0.330,0.272,0.963
1751285347424,2025-06-30T15:09:07.424,3.710,-0.309,0.224,0.906
1751285347434,2025-06-30T15:09:07.434,3.720,-0.287,0.163,0.820
1751285347444,2025-06-30T15:09:07.444,3.730,-0.285,0.114,0.724
1751285347454,2025-06-30T15:09:07.454,3.740,-0.196,0.074,0.616
1751285347464,2025-06-30T15:09:07.464,3.750,-0.077,0.054,0.540
1751285347474,2025-06-30T15:09:07.474,3.760,0.004,0.014,0.472
1751285347484,2025-06-30T15:09:07.484,3.770,0.090,-0.051,0.407
1751285347494,2025-06-30T15:09:07.494,3.780,0.203,-0.112,0.384
1751285347504,2025-06-30T15:09:07.504,3.790,0.338,-0.184,0.394
1751285347514,2025-06-30T15:09:07.514,3.800,0.430,-0.266,0.399
1751285347524,2025-06-30T15:09:07.524,3.810,0.461,-0.340,0.398
1751285347534,2025-06-30T15:09:07.534,3.820,0.474,-0.366,0.441
1751285347544,2025-06-30T15:09:07.544,3.830,0.470,-0.344,0.512
1751285347554,2025-06-30T15:09:07.554,3.840,0.408,-0.317,0.537
1751285347564,2025-06-30T15:09:07.564,3.850,0.293,-0.292,0.552
1751285347574,2025-06-30T15:09:07.574,3.860,0.246,-0.285,0.601
1751285347584,2025-06-30T15:09:07.584,3.870,0.206,-0.280,0.642
1751285347594,2025-06-30T15:09:07.594,3.880,0.101,-0.262,0.688
1751285347604,2025-06-30T15:09:07.604,3.890,0.005,-0.236,0.741
1751285347614,2025-06-30T15:09:07.614,3.900,-0.044,-0.208,0.780
1751285347624,2025-06-30T15:09:07.624,3.910,-0.048,-0.199,0.814
1751285347634,2025-06-30T15:09:07.634,3.920,-0.016,-0.205,0.828
1751285347644,2025-06-30T15:09:07.644,3.930,-0.021,-0.203,0.823
1751285347654,2025-06-30T15:09:07.654,3.940,-0.092,-0.188,0.819
1751285347664,2025-06-30T15:09:07.664,3.950,-0.172,-0.172,0.806
1751285347674,2025-06-30T15:09:07.674,3.960,-0.221,-0.149,0.769
1751285347684,2025-06-30T15:09:07.684,3.970,-0.235,-0.129,0.704
1751285347694,2025-06-30T15:09:07.694,3.980,-0.234,-0.115,0.643
1751285347704,2025-06-30T15:09:07.704,3.990,-0.231,-0.104,0.599
1751285347714,2025-06-30T15:09:07.714,4.000,-0.200,-0.099,0.582
1751285347724,2025-06-30T15:09:07.724,4.010,-0.174,-0.080,0.567
1751285347734,2025-06-30T15:09:07.734,4.020,-0.161,-0.064,0.526
1751285347744,2025-06-30T15:09:07.744,4.030,-0.121,-0.058,0.500
1751285347754,2025-06-30T15:09:07.754,4.040,-0.085,-0.044,0.496
1751285347764,2025-06-30T15:09:07.764,4.050,-0.038,-0.036,0.477
1751285347774,2025-06-30T15:09:07.774,4.060,0.058,-0.021,0.451
1751285347784,2025-06-30T15:09:07.784,4.070,0.178,0.009,0.403
1751285347794,2025-06-30T15:09:07.794,4.080,0.297,0.038,0.378
1751285347804,2025-06-30T15:09:07.804,4.090,0.378,0.049,0.390
1751285347814,2025-06-30T15:09:07.814,4.100,0.461,0.031,0.456
1751285347824,2025-06-30T15:09:07.824,4.110,0.585,-0.007,0.561
1751285347834,2025-06-30T15:09:07.834,4.120,0.703,-0.048,0.633
1751285347844,2025-06-30T15:09:07.844,4.130,0.760,-0.075,0.688
1751285347854,2025-06-30T15:09:07.854,4.140,0.777,-0.066,0.765
1751285347864,2025-06-30T15:09:07.864,4.150,0.785,-0.058,0.792
1751285347874,2025-06-30T15:09:07.874,4.160,0.893,-0.067,0.834
1751285347884,2025-06-30T15:09:07.884,4.170,1.019,-0.085,0.979
1751285347894,2025-06-30T15:09:07.894,4.180,1.098,-0.086,1.094
1751285347904,2025-06-30T15:09:07.904,4.190,1.152,-0.045,1.185
1751285347914,2025-06-30T15:09:07.914,4.200,1.182,0.038,1.341
1751285347924,2025-06-30T15:09:07.924,4.210,1.165,0.103,1.448
1751285347934,2025-06-30T15:09:07.934,4.220,1.131,0.125,1.535
1751285347944,2025-06-30T15:09:07.944,4.230,1.094,0.139,1.618
1751285347954,2025-06-30T15:09:07.954,4.240,1.058,0.163,1.656
1751285347964,2025-06-30T15:09:07.964,4.250,1.038,0.189,1.696
1751285347974,2025-06-30T15:09:07.974,4.260,0.987,0.225,1.742
1751285347984,2025-06-30T15:09:07.984,4.270,0.896,0.269,1.761
1751285347994,2025-06-30T15:09:07.994,4.280,0.811,0.307,1.785
1751285348004,2025-06-30T15:09:08.004,4.290,0.729,0.350,1.805
1751285348014,2025-06-30T15:09:08.014,4.300,0.640,0.392,1.810
1751285348024,2025-06-30T15:09:08.024,4.310,0.554,0.431,1.834
1751285348034,2025-06-30T15:09:08.034,4.320,0.473,0.467,1.864
1751285348044,2025-06-30T15:09:08.044,4.330,0.389,0.495,1.854
1751285348054,2025-06-30T15:09:08.054,4.340,0.282,0.517,1.834
1751285348064,2025-06-30T15:09:08.064,4.350,0.146,0.543,1.773
1751285348074,2025-06-30T15:09:08.074,4.360,0.015,0.560,1.702
1751285348084,2025-06-30T15:09:08.084,4.370,-0.092,0.552,1.640
1751285348094,2025-06-30T15:09:08.094,4.380,-0.187,0.537,1.601
1751285348104,2025-06-30T15:09:08.104,4.390,-0.271,0.508,1.564
1751285348114,2025-06-30T15:09:08.114,4.400,-0.338,0.466,1.504
1751285348124,2025-06-30T15:09:08.124,4.410,-0.354,0.423,1.442
1751285348134,2025-06-30T15:09:08.134,4.420,-0.377,0.405,1.374
1751285348144,2025-06-30T15:09:08.144,4.430,-0.436,0.396,1.275
1751285348154,2025-06-30T15:09:08.154,4.440,-0.486,0.369,1.187
1751285348164,2025-06-30T15:09:08.164,4.450,-0.493,0.327,1.099
1751285348174,2025-06-30T15:09:08.174,4.460,-0.458,0.278,1.000
1751285348184,2025-06-30T15:09:08.184,4.470,-0.425,0.241,0.904
1751285348194,2025-06-30T15:09:08.194,4.480,-0.372,0.207,0.807
1751285348204,2025-06-30T15:09:08.204,4.490,-0.349,0.171,0.723
1751285348214,2025-06-30T15:09:08.214,4.500,-0.300,0.122,0.637
1751285348224,2025-06-30T15:09:08.224,4.510,-0.197,0.074,0.566
1751285348234,2025-06-30T15:09:08.234,4.520,-0.088,0.034,0.503
1751285348244,2025-06-30T15:09:08.244,4.530,0.013,-0.014,0.451
1751285348254,2025-06-30T15:09:08.254,4.540,0.109,-0.068,0.414
1751285348264,2025-06-30T15:09:08.264,4.550,0.229,-0.122,0.425
1751285348274,2025-06-30T15:09:08.274,4.560,0.342,-0.178,0.442
1751285348284,2025-06-30T15:09:08.284,4.570,0.393,-0.220,0.432
1751285348294,2025-06-30T15:09:08.294,4.580,0.363,-0.256,0.399
1751285348304,2025-06-30T15:09:08.304,4.590,0.350,-0.272,0.402
1751285348314,2025-06-30T15:09:08.314,4.600,0.378,-0.271,0.434
1751285348324,2025-06-30T15:09:08.324,4.610,0.377,-0.272,0.451
1751285348334,2025-06-30T15:09:08.334,4.620,0.294,-0.277,0.499
1751285348344,2025-06-30T15:09:08.344,4.630,0.222,-0.298,0.532
1751285348354,2025-06-30T15:09:08.354,4.640,0.207,-0.335,0.574
1751285348364,2025-06-30T15:09:08.364,4.650,0.208,-0.352,0.631
1751285348374,2025-06-30T15:09:08.374,4.660,0.192,-0.334,0.718
1751285348384,2025-06-30T15:09:08.384,4.670,0.134,-0.308,0.776
1751285348394,2025-06-30T15:09:08.394,4.680,0.041,-0.284,0.809
1751285348404,2025-06-30T15:09:08.404,4.690,-0.018,-0.287,0.842
1751285348414,2025-06-30T15:09:08.414,4.700,-0.073,-0.290,0.864
1751285348424,2025-06-30T15:09:08.424,4.710,-0.168,-0.269,0.875
1751285348434,2025-06-30T15:09:08.434,4.720,-0.229,-0.247,0.858
1751285348444,2025-06-30T15:09:08.444,4.730,-0.259,-0.234,0.819
1751285348454,2025-06-30T15:09:08.454,4.740,-0.281,-0.207,0.795
1751285348464,2025-06-30T15:09:08.464,4.750,-0.288,-0.180,0.768
1751285348474,2025-06-30T15:09:08.474,4.760,-0.288,-0.166,0.734
1751285348484,2025-06-30T15:09:08.484,4.770,-0.289,-0.148,0.719
1751285348494,2025-06-30T15:09:08.494,4.780,-0.278,-0.131,0.718
1751285348504,2025-06-30T15:09:08.504,4.790,-0.249,-0.115,0.719
1751285348514,2025-06-30T15:09:08.514,4.800,-0.218,-0.093,0.695
1751285348524,2025-06-30T15:09:08.524,4.810,-0.211,-0.073,0.643
1751285348534,2025-06-30T15:09:08.534,4.820,-0.206,-0.052,0.590
1751285348544,2025-06-30T15:09:08.544,4.830,-0.187,-0.042,0.572
1751285348554,2025-06-30T15:09:08.554,4.840,-0.162,-0.035,0.564
1751285348564,2025-06-30T15:09:08.564,4.850,-0.103,-0.021,0.532
1751285348574,2025-06-30T15:09:08.574,4.860,0.064,0.006,0.476
1751285348584,2025-06-30T15:09:08.584,4.870,0.275,0.034,0.453
1751285348594,2025-06-30T15:09:08.594,4.880,0.463,0.034,0.490
1751285348604,2025-06-30T15:09:08.604,4.890,0.608,0.018,0.558
1751285348614,2025-06-30T15:09:08.614,4.900,0.679,0.004,0.603
1751285348624,2025-06-30T15:09:08.624,4.910,0.723,-0.038,0.622
1751285348634,2025-06-30T15:09:08.634,4.920,0.697,-0.057,0.631
1751285348644,2025-06-30T15:09:08.644,4.930,0.657,-0.035,0.628
1751285348654,2025-06-30T15:09:08.654,4.940,0.783,-0.011,0.652
1751285348664,2025-06-30T15:09:08.664,4.950,0.991,0.003,0.717
1751285348674,2025-06-30T15:09:08.674,4.960,1.147,-0.018,0.843
1751285348684,2025-06-30T15:09:08.684,4.970,1.198,-0.041,0.959
1751285348694,2025-06-30T15:09:08.694,4.980,1.164,-0.031,1.047
1751285348704,2025-06-30T15:09:08.704,4.990,1.104,-0.018,1.214
1751285348714,2025-06-30T15:09:08.714,5.000,1.038,0.005,1.350
1751285348724,2025-06-30T15:09:08.724,5.010,1.026,0.037,1.407
1751285348734,2025-06-30T15:09:08.734,5.020,1.037,0.086,1.493
1751285348744,2025-06-30T15:09:08.744,5.030,0.990,0.140,1.599
1751285348754,2025-06-30T15:09:08.754,5.040,0.960,0.167,1.667
1751285348764,2025-06-30T15:09:08.764,5.050,0.952,0.188,1.726
1751285348774,2025-06-30T15:09:08.774,5.060,0.859,0.247,1.773
1751285348784,2025-06-30T15:09:08.784,5.070,0.733,0.320,1.783
1751285348794,2025-06-30T15:09:08.794,5.080,0.623,0.385,1.820
1751285348804,2025-06-30T15:09:08.804,5.090,0.538,0.426,1.855
1751285348814,2025-06-30T15:09:08.814,5.100,0.492,0.426,1.842
1751285348824,2025-06-30T15:09:08.824,5.110,0.443,0.427,1.822
1751285348834,2025-06-30T15:09:08.834,5.120,0.366,0.444,1.782
1751285348844,2025-06-30T15:09:08.844,5.130,0.297,0.461,1.742
1751285348854,2025-06-30T15:09:08.854,5.140,0.229,0.472,1.718
1751285348864,2025-06-30T15:09:08.864,5.150,0.132,0.475,1.683
1751285348874,2025-06-30T15:09:08.874,5.160,0.046,0.460,1.630
1751285348884,2025-06-30T15:09:08.884,5.170,-0.044,0.443,1.579
1751285348894,2025-06-30T15:09:08.894,5.180,-0.139,0.431,1.522
1751285348904,2025-06-30T15:09:08.904,5.190,-0.226,0.408,1.463
1751285348914,2025-06-30T15:09:08.914,5.200,-0.301,0.375,1.408
1751285348924,2025-06-30T15:09:08.924,5.210,-0.319,0.328,1.363
1751285348934,2025-06-30T15:09:08.934,5.220,-0.341,0.308,1.313
1751285348944,2025-06-30T15:09:08.944,5.230,-0.398,0.304,1.262
1751285348954,2025-06-30T15:09:08.954,5.240,-0.439,0.297,1.192
1751285348964,2025-06-30T15:09:08.964,5.250,-0.456,0.278,1.111
1751285348974,2025-06-30T15:09:08.974,5.260,-0.434,0.243,1.030
1751285348984,2025-06-30T15:09:08.984,5.270,-0.417,0.220,0.959
1751285348994,2025-06-30T15:09:08.994,5.280,-0.448,0.204,0.878
1751285349004,2025-06-30T15:09:09.004,5.290,-0.475,0.173,0.818
1751285349014,2025-06-30T15:09:09.014,5.300,-0.420,0.119,0.758
1751285349024,2025-06-30T15:09:09.024,5.310,-0.343,0.088,0.666
1751285349034,2025-06-30T15:09:09.034,5.320,-0.283,0.073,0.591
1751285349044,2025-06-30T15:09:09.044,5.330,-0.218,0.059,0.528
1751285349054,2025-06-30T15:09:09.054,5.340,-0.148,0.011,0.493
1751285349064,2025-06-30T15:09:09.064,5.350,-0.042,-0.051,0.463
1751285349074,2025-06-30T15:09:09.074,5.360,0.106,-0.099,0.455
1751285349084,2025-06-30T15:09:09.084,5.370,0.235,-0.127,0.448
1751285349094,2025-06-30T15:09:09.094,5.380,0.330,-0.147,0.458
1751285349104,2025-06-30T15:09:09.104,5.390,0.379,-0.158,0.487
1751285349114,2025-06-30T15:09:09.114,5.400,0.422,-0.150,0.535
1751285349124,2025-06-30T15:09:09.124,5.410,0.485,-0.147,0.590
1751285349134,2025-06-30T15:09:09.134,5.420,0.531,-0.179,0.624
1751285349144,2025-06-30T15:09:09.144,5.430,0.542,-0.219,0.670
1751285349154,2025-06-30T15:09:09.154,5.440,0.508,-0.268,0.722
1751285349164,2025-06-30T15:09:09.164,5.450,0.433,-0.315,0.803
1751285349174,2025-06-30T15:09:09.174,5.460,0.384,-0.361,0.860
1751285349184,2025-06-30T15:09:09.184,5.470,0.377,-0.389,0.876
1751285349194,2025-06-30T15:09:09.194,5.480,0.325,-0.366,0.890
1751285349204,2025-06-30T15:09:09.204,5.490,0.216,-0.296,0.891
1751285349214,2025-06-30T15:09:09.214,5.500,0.131,-0.262,0.893
1751285349224,2025-06-30T15:09:09.224,5.510,0.076,-0.245,0.892
1751285349234,2025-06-30T15:09:09.234,5.520,0.025,-0.236,0.871
1751285349244,2025-06-30T15:09:09.244,5.530,0.006,-0.239,0.854
1751285349254,2025-06-30T15:09:09.254,5.540,0.010,-0.232,0.845
1751285349264,2025-06-30T15:09:09.264,5.550,-0.007,-0.219,0.818
1751285349274,2025-06-30T15:09:09.274,5.560,-0.069,-0.213,0.774
1751285349284,2025-06-30T15:09:09.284,5.570,-0.101,-0.207,0.715
1751285349294,2025-06-30T15:09:09.294,5.580,-0.156,-0.188,0.661
1751285349304,2025-06-30T15:09:09.304,5.590,-0.190,-0.174,0.598
1751285349314,2025-06-30T15:09:09.314,5.600,-0.182,-0.169,0.546
1751285349324,2025-06-30T15:09:09.324,5.610,-0.198,-0.153,0.519
1751285349334,2025-06-30T15:09:09.334,5.620,-0.193,-0.147,0.490
1751285349344,2025-06-30T15:09:09.344,5.630,-0.113,-0.152,0.479
1751285349354,2025-06-30T15:09:09.354,5.640,-0.037,-0.149,0.497
1751285349364,2025-06-30T15:09:09.364,5.650,0.010,-0.137,0.535
1751285349374,2025-06-30T15:09:09.374,5.660,0.019,-0.107,0.541
1751285349384,2025-06-30T15:09:09.384,5.670,0.005,-0.085,0.520
1751285349394,2025-06-30T15:09:09.394,5.680,0.014,-0.064,0.503
1751285349404,2025-06-30T15:09:09.404,5.690,0.091,-0.043,0.468
1751285349414,2025-06-30T15:09:09.414,5.700,0.227,-0.027,0.455
1751285349424,2025-06-30T15:09:09.424,5.710,0.355,-0.010,0.497
1751285349434,2025-06-30T15:09:09.434,5.720,0.456,0.005,0.567
1751285349444,2025-06-30T15:09:09.444,5.730,0.456,0.018,0.679
1751285349454,2025-06-30T15:09:09.454,5.740,0.539,0.000,0.723
1751285349464,2025-06-30T15:09:09.464,5.750,0.699,-0.009,0.777
1751285349474,2025-06-30T15:09:09.474,5.760,0.844,0.015,0.890
1751285349484,2025-06-30T15:09:09.484,5.770,0.977,0.045,1.014
1751285349494,2025-06-30T15:09:09.494,5.780,1.074,0.050,1.119
1751285349504,2025-06-30T15:09:09.504,5.790,1.124,0.050,1.185
1751285349514,2025-06-30T15:09:09.514,5.800,1.149,0.064,1.234
1751285349524,2025-06-30T15:09:09.524,5.810,1.161,0.068,1.349
1751285349534,2025-06-30T15:09:09.534,5.820,1.099,0.063,1.451
1751285349544,2025-06-30T15:09:09.544,5.830,1.052,0.058,1.509
1751285349554,2025-06-30T15:09:09.554,5.840,1.051,0.072,1.595
1751285349564,2025-06-30T15:09:09.564,5.850,0.999,0.125,1.665
1751285349574,2025-06-30T15:09:09.574,5.860,0.915,0.176,1.705
1751285349584,2025-06-30T15:09:09.584,5.870,0.832,0.229,1.743
1751285349594,2025-06-30T15:09:09.594,5.880,0.738,0.277,1.752
1751285349604,2025-06-30T15:09:09.604,5.890,0.646,0.320,1.752
1751285349614,2025-06-30T15:09:09.614,5.900,0.574,0.354,1.768
1751285349624,2025-06-30T15:09:09.624,5.910,0.518,0.380,1.799
1751285349634,2025-06-30T15:09:09.634,5.920,0.407,0.417,1.811
1751285349644,2025-06-30T15:09:09.644,5.930,0.272,0.446,1.793
1751285349654,2025-06-30T15:09:09.654,5.940,0.167,0.459,1.775
1751285349664,2025-06-30T15:09:09.664,5.950,0.053,0.469,1.759
1751285349674,2025-06-30T15:09:09.674,5.960,-0.034,0.466,1.720
1751285349684,2025-06-30T15:09:09.684,5.970,-0.086,0.458,1.671
1751285349694,2025-06-30T15:09:09.694,5.980,-0.165,0.460,1.612
1751285349704,2025-06-30T15:09:09.704,5.990,-0.236,0.451,1.545
1751285349714,2025-06-30T15:09:09.714,6.000,-0.278,0.427,1.476
1751285349724,2025-06-30T15:09:09.724,6.010,-0.342,0.410,1.401
1751285349734,2025-06-30T15:09:09.734,6.020,-0.398,0.387,1.320
1751285349744,2025-06-30T15:09:09.744,6.030,-0.438,0.362,1.229
1751285349754,2025-06-30T15:09:09.754,6.040,-0.450,0.330,1.155
1751285349764,2025-06-30T15:09:09.764,6.050,-0.420,0.293,1.090
1751285349774,2025-06-30T15:09:09.774,6.060,-0.396,0.265,1.021
1751285349784,2025-06-30T15:09:09.784,6.070,-0.388,0.230,0.957
1751285349794,2025-06-30T15:09:09.794,6.080,-0.373,0.195,0.892
1751285349804,2025-06-30T15:09:09.804,6.090,-0.365,0.166,0.812
1751285349814,2025-06-30T15:09:09.814,6.100,-0.330,0.139,0.725
1751285349824,2025-06-30T15:09:09.824,6.110,-0.298,0.128,0.646
1751285349834,2025-06-30T15:09:09.834,6.120,-0.264,0.093,0.579
1751285349844,2025-06-30T15:09:09.844,6.130,-0.182,0.033,0.523
1751285349854,2025-06-30T15:09:09.854,6.140,-0.066,-0.021,0.503
1751285349864,2025-06-30T15:09:09.864,6.150,0.055,-0.071,0.496
1751285349874,2025-06-30T15:09:09.874,6.160,0.169,-0.115,0.492
1751285349884,2025-06-30T15:09:09.884,6.170,0.278,-0.149,0.511
1751285349894,2025-06-30T15:09:09.894,6.180,0.333,-0.165,0.538
1751285349904,2025-06-30T15:09:09.904,6.190,0.348,-0.188,0.556
1751285349914,2025-06-30T15:09:09.914,6.200,0.361,-0.201,0.570
1751285349924,2025-06-30T15:09:09.924,6.210,0.410,-0.206,0.559
1751285349934,2025-06-30T15:09:09.934,6.220,0.475,-0.227,0.566
1751285349944,2025-06-30T15:09:09.944,6.230,0.490,-0.246,0.612
1751285349954,2025-06-30T15:09:09.954,6.240,0.456,-0.261,0.646
1751285349964,2025-06-30T15:09:09.964,6.250,0.403,-0.285,0.702
1751285349974,2025-06-30T15:09:09.974,6.260,0.359,-0.310,0.779
1751285349984,2025-06-30T15:09:09.984,6.270,0.327,-0.325,0.833
1751285349994,2025-06-30T15:09:09.994,6.280,0.297,-0.326,0.873
1751285350004,2025-06-30T15:09:10.004,6.290,0.246,-0.292,0.907
1751285350014,2025-06-30T15:09:10.014,6.300,0.163,-0.261,0.917
1751285350024,2025-06-30T15:09:10.024,6.310,0.096,-0.253,0.932
1751285350034,2025-06-30T15:09:10.034,6.320,0.033,-0.252,0.946
1751285350044,2025-06-30T15:09:10.044,6.330,-0.048,-0.242,0.942
1751285350054,2025-06-30T15:09:10.054,6.340,-0.113,-0.228,0.930
1751285350064,2025-06-30T15:09:10.064,6.350,-0.155,-0.202,0.896
1751285350074,2025-06-30T15:09:10.074,6.360,-0.186,-0.180,0.839
1751285350084,2025-06-30T15:09:10.084,6.370,-0.230,-0.153,0.800
1751285350094,2025-06-30T15:09:10.094,6.380,-0.234,-0.137,0.756
1751285350104,2025-06-30T15:09:10.104,6.390,-0.189,-0.136,0.725
1751285350114,2025-06-30T15:09:10.114,6.400,-0.143,-0.130,0.707
1751285350124,2025-06-30T15:09:10.124,6.410,-0.110,-0.121,0.691
1751285350134,2025-06-30T15:09:10.134,6.420,-0.090,-0.111,0.667
1751285350144,2025-06-30T15:09:10.144,6.430,-0.089,-0.099,0.636
1751285350154,2025-06-30T15:09:10.154,6.440,-0.125,-0.086,0.599
1751285350164,2025-06-30T15:09:10.164,6.450,-0.122,-0.083,0.570
1751285350174,2025-06-30T15:09:10.174,6.460,-0.062,-0.087,0.564
1751285350184,2025-06-30T15:09:10.184,6.470,-0.017,-0.076,0.569
1751285350194,2025-06-30T15:09:10.194,6.480,0.042,-0.068,0.555
1751285350204,2025-06-30T15:09:10.204,6.490,0.152,-0.060,0.542
1751285350214,2025-06-30T15:09:10.214,6.500,0.283,-0.046,0.554
1751285350224,2025-06-30T15:09:10.224,6.510,0.370,-0.032,0.560
1751285350234,2025-06-30T15:09:10.234,6.520,0.383,-0.028,0.590
1751285350244,2025-06-30T15:09:10.244,6.530,0.408,-0.039,0.625
1751285350254,2025-06-30T15:09:10.254,6.540,0.463,-0.063,0.637
1751285350264,2025-06-30T15:09:10.264,6.550,0.527,-0.094,0.685
1751285350274,2025-06-30T15:09:10.274,6.560,0.599,-0.078,0.718
1751285350284,2025-06-30T15:09:10.284,6.570,0.700,-0.045,0.743
1751285350294,2025-06-30T15:09:10.294,6.580,0.789,-0.000,0.770
1751285350304,2025-06-30T15:09:10.304,6.590,0.863,0.049,0.818
1751285350314,2025-06-30T15:09:10.314,6.600,0.974,0.049,0.893
1751285350324,2025-06-30T15:09:10.324,6.610,1.069,0.003,1.004
1751285350334,2025-06-30T15:09:10.334,6.620,1.078,-0.043,1.103
1751285350344,2025-06-30T15:09:10.344,6.630,1.020,-0.056,1.161
1751285350354,2025-06-30T15:09:10.354,6.640,0.980,-0.020,1.217
1751285350364,2025-06-30T15:09:10.364,6.650,0.984,0.034,1.322
1751285350374,2025-06-30T15:09:10.374,6.660,0.895,0.078,1.442
1751285350384,2025-06-30T15:09:10.384,6.670,0.817,0.097,1.503
1751285350394,2025-06-30T15:09:10.394,6.680,0.798,0.129,1.568
1751285350404,2025-06-30T15:09:10.404,6.690,0.759,0.191,1.644
1751285350414,2025-06-30T15:09:10.414,6.700,0.734,0.236,1.708
1751285350424,2025-06-30T15:09:10.424,6.710,0.733,0.278,1.753
1751285350434,2025-06-30T15:09:10.434,6.720,0.681,0.324,1.800
1751285350444,2025-06-30T15:09:10.444,6.730,0.567,0.377,1.816
1751285350454,2025-06-30T15:09:10.454,6.740,0.475,0.414,1.795
1751285350464,2025-06-30T15:09:10.464,6.750,0.405,0.441,1.777
1751285350474,2025-06-30T15:09:10.474,6.760,0.257,0.477,1.763
1751285350484,2025-06-30T15:09:10.484,6.770,0.155,0.478,1.732
1751285350494,2025-06-30T15:09:10.494,6.780,0.136,0.462,1.698
1751285350504,2025-06-30T15:09:10.504,6.790,0.082,0.472,1.660
1751285350514,2025-06-30T15:09:10.514,6.800,0.019,0.483,1.623
1751285350524,2025-06-30T15:09:10.524,6.810,-0.052,0.490,1.594
1751285350534,2025-06-30T15:09:10.534,6.820,-0.140,0.493,1.548
1751285350544,2025-06-30T15:09:10.544,6.830,-0.200,0.473,1.500
1751285350554,2025-06-30T15:09:10.554,6.840,-0.257,0.450,1.453
1751285350564,2025-06-30T15:09:10.564,6.850,-0.331,0.433,1.403
1751285350574,2025-06-30T15:09:10.574,6.860,-0.423,0.418,1.334
1751285350584,2025-06-30T15:09:10.584,6.870,-0.473,0.386,1.265
1751285350594,2025-06-30T15:09:10.594,6.880,-0.451,0.345,1.188
1751285350604,2025-06-30T15:09:10.604,6.890,-0.458,0.321,1.114
1751285350614,2025-06-30T15:09:10.614,6.900,-0.475,0.294,1.052
1751285350624,2025-06-30T15:09:10.624,6.910,-0.474,0.257,0.958
1751285350634,2025-06-30T15:09:10.634,6.920,-0.459,0.213,0.872
1751285350644,2025-06-30T15:09:10.644,6.930,-0.442,0.173,0.807
1751285350654,2025-06-30T15:09:10.654,6.940,-0.404,0.131,0.762
1751285350664,2025-06-30T15:09:10.664,6.950,-0.375,0.091,0.709
1751285350674,2025-06-30T15:09:10.674,6.960,-0.359,0.072,0.638
1751285350684,2025-06-30T15:09:10.684,6.970,-0.291,0.052,0.583
1751285350694,2025-06-30T15:09:10.694,6.980,-0.198,0.029,0.554
1751285350704,2025-06-30T15:09:10.704,6.990,-0.031,-0.004,0.461
1751285350714,2025-06-30T15:09:10.714,7.000,0.165,-0.041,0.423
1751285350724,2025-06-30T15:09:10.724,7.010,0.283,-0.068,0.385
1751285350734,2025-06-30T15:09:10.734,7.020,0.352,-0.110,0.359
1751285350744,2025-06-30T15:09:10.744,7.030,0.489,-0.173,0.423
1751285350754,2025-06-30T15:09:10.754,7.040,0.632,-0.246,0.466
1751285350764,2025-06-30T15:09:10.764,7.050,0.645,-0.318,0.506
1751285350774,2025-06-30T15:09:10.774,7.060,0.542,-0.322,0.527
1751285350784,2025-06-30T15:09:10.784,7.070,0.388,-0.310,0.550
1751285350794,2025-06-30T15:09:10.794,7.080,0.302,-0.321,0.609
1751285350804,2025-06-30T15:09:10.804,7.090,0.315,-0.335,0.697
1751285350814,2025-06-30T15:09:10.814,7.100,0.346,-0.352,0.746
1751285350824,2025-06-30T15:09:10.824,7.110,0.364,-0.354,0.779
1751285350834,2025-06-30T15:09:10.834,7.120,0.342,-0.338,0.813
1751285350844,2025-06-30T15:09:10.844,7.130,0.266,-0.306,0.834
1751285350854,2025-06-30T15:09:10.854,7.140,0.146,-0.271,0.878
1751285350864,2025-06-30T15:09:10.864,7.150,0.015,-0.233,0.942
1751285350874,2025-06-30T15:09:10.874,7.160,-0.104,-0.210,0.991
1751285350884,2025-06-30T15:09:10.884,7.170,-0.168,-0.188,1.021
1751285350894,2025-06-30T15:09:10.894,7.180,-0.193,-0.152,1.029
1751285350904,2025-06-30T15:09:10.904,7.190,-0.204,-0.121,1.010
1751285350914,2025-06-30T15:09:10.914,7.200,-0.183,-0.101,0.963
1751285350924,2025-06-30T15:09:10.924,7.210,-0.156,-0.092,0.931
1751285350934,2025-06-30T15:09:10.934,7.220,-0.135,-0.086,0.921
1751285350944,2025-06-30T15:09:10.944,7.230,-0.106,-0.088,0.933
1751285350954,2025-06-30T15:09:10.954,7.240,-0.107,-0.078,0.897
1751285350964,2025-06-30T15:09:10.964,7.250,-0.130,-0.070,0.848
1751285350974,2025-06-30T15:09:10.974,7.260,-0.162,-0.046,0.803
1751285350984,2025-06-30T15:09:10.984,7.270,-0.188,-0.025,0.732
1751285350994,2025-06-30T15:09:10.994,7.280,-0.190,-0.016,0.665
1751285351004,2025-06-30T15:09:11.004,7.290,-0.191,-0.008,0.606
1751285351014,2025-06-30T15:09:11.014,7.300,-0.190,-0.015,0.554
1751285351024,2025-06-30T15:09:11.024,7.310,-0.156,-0.040,0.530
1751285351034,2025-06-30T15:09:11.034,7.320,-0.086,-0.063,0.504
1751285351044,2025-06-30T15:09:11.044,7.330,0.021,-0.069,0.472
1751285351054,2025-06-30T15:09:11.054,7.340,0.186,-0.058,0.449
1751285351064,2025-06-30T15:09:11.064,7.350,0.368,-0.022,0.428
1751285351074,2025-06-30T15:09:11.074,7.360,0.531,-0.001,0.393
1751285351084,2025-06-30T15:09:11.084,7.370,0.652,-0.001,0.417
1751285351094,2025-06-30T15:09:11.094,7.380,0.684,-0.013,0.473
1751285351104,2025-06-30T15:09:11.104,7.390,0.693,-0.047,0.516
1751285351114,2025-06-30T15:09:11.114,7.400,0.776,-0.096,0.547
1751285351124,2025-06-30T15:09:11.124,7.410,0.877,-0.112,0.579
1751285351134,2025-06-30T15:09:11.134,7.420,0.979,-0.093,0.627
1751285351144,2025-06-30T15:09:11.144,7.430,1.025,-0.058,0.736
1751285351154,2025-06-30T15:09:11.154,7.440,1.003,-0.020,0.792
1751285351164,2025-06-30T15:09:11.164,7.450,1.034,-0.021,0.893
1751285351174,2025-06-30T15:09:11.174,7.460,1.063,-0.024,1.021
1751285351184,2025-06-30T15:09:11.184,7.470,1.057,-0.019,1.151
1751285351194,2025-06-30T15:09:11.194,7.480,0.978,0.003,1.363
1751285351204,2025-06-30T15:09:11.204,7.490,0.887,0.065,1.469
1751285351214,2025-06-30T15:09:11.214,7.500,0.867,0.106,1.587
1751285351224,2025-06-30T15:09:11.224,7.510,0.830,0.179,1.733
1751285351234,2025-06-30T15:09:11.234,7.520,0.750,0.254,1.825
1751285351244,2025-06-30T15:09:11.244,7.530,0.653,0.304,1.888
1751285351254,2025-06-30T15:09:11.254,7.540,0.545,0.369,1.949
1751285351264,2025-06-30T15:09:11.264,7.550,0.457,0.425,1.978
1751285351274,2025-06-30T15:09:11.274,7.560,0.397,0.465,1.995
1751285351284,2025-06-30T15:09:11.284,7.570,0.362,0.494,2.015
1751285351294,2025-06-30T15:09:11.294,7.580,0.322,0.509,2.012
1751285351304,2025-06-30T15:09:11.304,7.590,0.251,0.519,1.977
1751285351314,2025-06-30T15:09:11.314,7.600,0.186,0.528,1.906
1751285351324,2025-06-30T15:09:11.324,7.610,0.093,0.549,1.835
1751285351334,2025-06-30T15:09:11.334,7.620,-0.034,0.566,1.767
1751285351344,2025-06-30T15:09:11.344,7.630,-0.118,0.556,1.685
1751285351354,2025-06-30T15:09:11.354,7.640,-0.161,0.533,1.627
1751285351364,2025-06-30T15:09:11.364,7.650,-0.226,0.514,1.562
1751285351374,2025-06-30T15:09:11.374,7.660,-0.283,0.488,1.501
1751285351384,2025-06-30T15:09:11.384,7.670,-0.348,0.468,1.456
1751285351394,2025-06-30T15:09:11.394,7.680,-0.403,0.444,1.380
1751285351404,2025-06-30T15:09:11.404,7.690,-0.417,0.416,1.288
1751285351414,2025-06-30T15:09:11.414,7.700,-0.469,0.403,1.223
1751285351424,2025-06-30T15:09:11.424,7.710,-0.561,0.378,1.142
1751285351434,2025-06-30T15:09:11.434,7.720,-0.586,0.324,1.052
1751285351444,2025-06-30T15:09:11.444,7.730,-0.567,0.275,0.990
1751285351454,2025-06-30T15:09:11.454,7.740,-0.543,0.237,0.923
1751285351464,2025-06-30T15:09:11.464,7.750,-0.516,0.199,0.865
1751285351474,2025-06-30T15:09:11.474,7.760,-0.504,0.160,0.795
1751285351484,2025-06-30T15:09:11.484,7.770,-0.529,0.135,0.713
1751285351494,2025-06-30T15:09:11.494,7.780,-0.529,0.099,0.654
1751285351504,2025-06-30T15:09:11.504,7.790,-0.509,0.069,0.616
1751285351514,2025-06-30T15:09:11.514,7.800,-0.456,0.051,0.550
1751285351524,2025-06-30T15:09:11.524,7.810,-0.362,0.049,0.507
1751285351534,2025-06-30T15:09:11.534,7.820,-0.355,0.042,0.448
1751285351544,2025-06-30T15:09:11.544,7.830,-0.225,-0.038,0.376
1751285351554,2025-06-30T15:09:11.554,7.840,0.016,-0.106,0.399
1751285351564,2025-06-30T15:09:11.564,7.850,0.135,-0.119,0.444
1751285351574,2025-06-30T15:09:11.574,7.860,0.190,-0.142,0.453
1751285351584,2025-06-30T15:09:11.584,7.870,0.217,-0.158,0.478
1751285351594,2025-06-30T15:09:11.594,7.880,0.289,-0.153,0.542
1751285351604,2025-06-30T15:09:11.604,7.890,0.364,-0.154,0.638
1751285351614,2025-06-30T15:09:11.614,7.900,0.381,-0.146,0.688
1751285351624,2025-06-30T15:09:11.624,7.910,0.382,-0.154,0.720
1751285351634,2025-06-30T15:09:11.634,7.920,0.388,-0.176,0.765
1751285351644,2025-06-30T15:09:11.644,7.930,0.397,-0.214,0.811
1751285351654,2025-06-30T15:09:11.654,7.940,0.397,-0.269,0.850
1751285351664,2025-06-30T15:09:11.664,7.950,0.390,-0.311,0.888
1751285351674,2025-06-30T15:09:11.674,7.960,0.335,-0.321,0.916
1751285351684,2025-06-30T15:09:11.684,7.970,0.193,-0.299,0.947
1751285351694,2025-06-30T15:09:11.694,7.980,0.081,-0.285,0.958
1751285351704,2025-06-30T15:09:11.704,7.990,0.068,-0.291,0.959
1751285351714,2025-06-30T15:09:11.714,8.000,0.067,-0.280,0.958
1751285351724,2025-06-30T15:09:11.724,8.010,0.053,-0.265,0.950
1751285351734,2025-06-30T15:09:11.734,8.020,0.024,-0.242,0.934
1751285351744,2025-06-30T15:09:11.744,8.030,-0.032,-0.212,0.894
1751285351754,2025-06-30T15:09:11.754,8.040,-0.093,-0.196,0.846
1751285351764,2025-06-30T15:09:11.764,8.050,-0.111,-0.194,0.806
1751285351774,2025-06-30T15:09:11.774,8.060,-0.142,-0.184,0.767
1751285351784,2025-06-30T15:09:11.784,8.070,-0.198,-0.163,0.707
1751285351794,2025-06-30T15:09:11.794,8.080,-0.230,-0.145,0.620
1751285351804,2025-06-30T15:09:11.804,8.090,-0.239,-0.137,0.507
1751285351814,2025-06-30T15:09:11.814,8.100,-0.125,-0.162,0.416
1751285351824,2025-06-30T15:09:11.824,8.110,0.083,-0.165,0.397
1751285351834,2025-06-30T15:09:11.834,8.120,0.201,-0.144,0.378
1751285351844,2025-06-30T15:09:11.844,8.130,0.202,-0.139,0.364
1751285351854,2025-06-30T15:09:11.854,8.140,0.149,-0.135,0.358
1751285351864,2025-06-30T15:09:11.864,8.150,0.079,-0.125,0.386
1751285351874,2025-06-30T15:09:11.874,8.160,0.013,-0.110,0.392
1751285351884,2025-06-30T15:09:11.884,8.170,0.030,-0.118,0.395
1751285351894,2025-06-30T15:09:11.894,8.180,0.160,-0.099,0.398
1751285351904,2025-06-30T15:09:11.904,8.190,0.300,-0.058,0.417
1751285351914,2025-06-30T15:09:11.914,8.200,0.450,-0.025,0.464
1751285351924,2025-06-30T15:09:11.924,8.210,0.606,-0.015,0.561
1751285351934,2025-06-30T15:09:11.934,8.220,0.739,-0.025,0.698
1751285351944,2025-06-30T15:09:11.944,8.230,0.766,-0.050,0.850
1751285351954,2025-06-30T15:09:11.954,8.240,0.687,-0.070,0.967
1751285351964,2025-06-30T15:09:11.964,8.250,0.638,-0.055,1.068
1751285351974,2025-06-30T15:09:11.974,8.260,0.696,-0.002,1.165
1751285351984,2025-06-30T15:09:11.984,8.270,0.776,0.063,1.276
1751285351994,2025-06-30T15:09:11.994,8.280,0.832,0.090,1.456
1751285352004,2025-06-30T15:09:12.004,8.290,0.865,0.093,1.542
1751285352014,2025-06-30T15:09:12.014,8.300,0.887,0.094,1.568
1751285352024,2025-06-30T15:09:12.024,8.310,0.873,0.119,1.654
1751285352034,2025-06-30T15:09:12.034,8.320,0.812,0.154,1.686
1751285352044,2025-06-30T15:09:12.044,8.330,0.758,0.172,1.679
1751285352054,2025-06-30T15:09:12.054,8.340,0.688,0.196,1.725
1751285352064,2025-06-30T15:09:12.064,8.350,0.610,0.224,1.751
1751285352074,2025-06-30T15:09:12.074,8.360,0.590,0.252,1.750
1751285352084,2025-06-30T15:09:12.084,8.370,0.615,0.298,1.777
1751285352094,2025-06-30T15:09:12.094,8.380,0.567,0.369,1.813
1751285352104,2025-06-30T15:09:12.104,8.390,0.476,0.426,1.821
1751285352114,2025-06-30T15:09:12.114,8.400,0.412,0.461,1.813
1751285352124,2025-06-30T15:09:12.124,8.410,0.310,0.495,1.813
1751285352134,2025-06-30T15:09:12.134,8.420,0.149,0.521,1.778
1751285352144,2025-06-30T15:09:12.144,8.430,0.044,0.526,1.761
1751285352154,2025-06-30T15:09:12.154,8.440,-0.048,0.531,1.749
1751285352164,2025-06-30T15:09:12.164,8.450,-0.173,0.535,1.701
1751285352174,2025-06-30T15:09:12.174,8.460,-0.275,0.526,1.630
1751285352184,2025-06-30T15:09:12.184,8.470,-0.364,0.500,1.577
1751285352194,2025-06-30T15:09:12.194,8.480,-0.435,0.469,1.506
1751285352204,2025-06-30T15:09:12.204,8.490,-0.463,0.434,1.435
1751285352214,2025-06-30T15:09:12.214,8.500,-0.511,0.416,1.374
1751285352224,2025-06-30T15:09:12.224,8.510,-0.594,0.405,1.283
1751285352234,2025-06-30T15:09:12.234,8.520,-0.650,0.374,1.190
1751285352244,2025-06-30T15:09:12.244,8.530,-0.618,0.334,1.099
1751285352254,2025-06-30T15:09:12.254,8.540,-0.536,0.294,1.007
1751285352264,2025-06-30T15:09:12.264,8.550,-0.499,0.270,0.953
1751285352274,2025-06-30T15:09:12.274,8.560,-0.483,0.251,0.889
1751285352284,2025-06-30T15:09:12.284,8.570,-0.492,0.226,0.810
1751285352294,2025-06-30T15:09:12.294,8.580,-0.496,0.191,0.757
1751285352304,2025-06-30T15:09:12.304,8.590,-0.438,0.166,0.681
1751285352314,2025-06-30T15:09:12.314,8.600,-0.391,0.142,0.615
1751285352324,2025-06-30T15:09:12.324,8.610,-0.375,0.109,0.546
1751285352334,2025-06-30T15:09:12.334,8.620,-0.320,0.070,0.470
1751285352344,2025-06-30T15:09:12.344,8.630,-0.260,0.012,0.444
1751285352354,2025-06-30T15:09:12.354,8.640,-0.229,-0.055,0.445
1751285352364,2025-06-30T15:09:12.364,8.650,-0.161,-0.116,0.452
1751285352374,2025-06-30T15:09:12.374,8.660,-0.005,-0.150,0.468
1751285352384,2025-06-30T15:09:12.384,8.670,0.099,-0.151,0.483
1751285352394,2025-06-30T15:09:12.394,8.680,0.114,-0.146,0.479
1751285352404,2025-06-30T15:09:12.404,8.690,0.159,-0.142,0.493
1751285352414,2025-06-30T15:09:12.414,8.700,0.261,-0.151,0.523
1751285352424,2025-06-30T15:09:12.424,8.710,0.356,-0.180,0.558
1751285352434,2025-06-30T15:09:12.434,8.720,0.481,-0.188,0.660
1751285352444,2025-06-30T15:09:12.444,8.730,0.621,-0.186,0.763
1751285352454,2025-06-30T15:09:12.454,8.740,0.658,-0.193,0.812
1751285352464,2025-06-30T15:09:12.464,8.750,0.566,-0.212,0.817
1751285352474,2025-06-30T15:09:12.474,8.760,0.428,-0.234,0.823
1751285352484,2025-06-30T15:09:12.484,8.770,0.350,-0.254,0.878
1751285352494,2025-06-30T15:09:12.494,8.780,0.347,-0.283,0.935
1751285352504,2025-06-30T15:09:12.504,8.790,0.367,-0.302,0.970
1751285352514,2025-06-30T15:09:12.514,8.800,0.342,-0.297,0.987
1751285352524,2025-06-30T15:09:12.524,8.810,0.286,-0.291,0.999
1751285352534,2025-06-30T15:09:12.534,8.820,0.208,-0.281,1.017
1751285352544,2025-06-30T15:09:12.544,8.830,0.097,-0.258,1.008
1751285352554,2025-06-30T15:09:12.554,8.840,0.027,-0.246,1.012
1751285352564,2025-06-30T15:09:12.564,8.850,0.001,-0.237,0.990
1751285352574,2025-06-30T15:09:12.574,8.860,-0.074,-0.197,0.941
1751285352584,2025-06-30T15:09:12.584,8.870,-0.134,-0.164,0.896
1751285352594,2025-06-30T15:09:12.594,8.880,-0.152,-0.141,0.863
1751285352604,2025-06-30T15:09:12.604,8.890,-0.172,-0.126,0.846
1751285352614,2025-06-30T15:09:12.614,8.900,-0.203,-0.110,0.823
1751285352624,2025-06-30T15:09:12.624,8.910,-0.234,-0.103,0.788
1751285352634,2025-06-30T15:09:12.634,8.920,-0.240,-0.099,0.746
1751285352644,2025-06-30T15:09:12.644,8.930,-0.214,-0.095,0.698
1751285352654,2025-06-30T15:09:12.654,8.940,-0.208,-0.086,0.660
1751285352664,2025-06-30T15:09:12.664,8.950,-0.152,-0.078,0.635
1751285352674,2025-06-30T15:09:12.674,8.960,-0.074,-0.066,0.626
1751285352684,2025-06-30T15:09:12.684,8.970,-0.029,-0.060,0.609
1751285352694,2025-06-30T15:09:12.694,8.980,-0.009,-0.051,0.598
1751285352704,2025-06-30T15:09:12.704,8.990,0.009,-0.047,0.587
1751285352714,2025-06-30T15:09:12.714,9.000,0.052,-0.047,0.582
1751285352724,2025-06-30T15:09:12.724,9.010,0.125,-0.042,0.558
1751285352734,2025-06-30T15:09:12.734,9.020,0.225,-0.028,0.527
1751285352744,2025-06-30T15:09:12.744,9.030,0.299,-0.006,0.523
1751285352754,2025-06-30T15:09:12.754,9.040,0.335,0.014,0.553
1751285352764,2025-06-30T15:09:12.764,9.050,0.388,0.026,0.580
1751285352774,2025-06-30T15:09:12.774,9.060,0.481,0.027,0.560
1751285352784,2025-06-30T15:09:12.784,9.070,0.666,-0.007,0.518
1751285352794,2025-06-30T15:09:12.794,9.080,0.846,-0.062,0.582
1751285352804,2025-06-30T15:09:12.804,9.090,0.917,-0.087,0.664
1751285352814,2025-06-30T15:09:12.814,9.100,0.927,-0.097,0.734
1751285352824,2025-06-30T15:09:12.824,9.110,0.933,-0.096,0.816
1751285352834,2025-06-30T15:09:12.834,9.120,0.979,-0.085,0.941
1751285352844,2025-06-30T15:09:12.844,9.130,1.062,-0.063,1.082
1751285352854,2025-06-30T15:09:12.854,9.140,1.070,-0.027,1.216
1751285352864,2025-06-30T15:09:12.864,9.150,1.035,0.015,1.336
1751285352874,2025-06-30T15:09:12.874,9.160,1.021,0.057,1.397
1751285352884,2025-06-30T15:09:12.884,9.170,0.969,0.108,1.453
1751285352894,2025-06-30T15:09:12.894,9.180,0.890,0.172,1.533
1751285352904,2025-06-30T15:09:12.904,9.190,0.817,0.217,1.648
1751285352914,2025-06-30T15:09:12.914,9.200,0.762,0.244,1.781
1751285352924,2025-06-30T15:09:12.924,9.210,0.719,0.272,1.883
1751285352934,2025-06-30T15:09:12.934,9.220,0.688,0.316,1.912
1751285352944,2025-06-30T15:09:12.944,9.230,0.631,0.385,1.935
1751285352954,2025-06-30T15:09:12.954,9.240,0.519,0.467,1.947
1751285352964,2025-06-30T15:09:12.964,9.250,0.393,0.523,1.943
1751285352974,2025-06-30T15:09:12.974,9.260,0.286,0.555,1.948
1751285352984,2025-06-30T15:09:12.984,9.270,0.187,0.567,1.943
1751285352994,2025-06-30T15:09:12.994,9.280,0.122,0.572,1.921
1751285353004,2025-06-30T15:09:13.004,9.290,0.062,0.574,1.879
1751285353014,2025-06-30T15:09:13.014,9.300,-0.052,0.579,1.807
1751285353024,2025-06-30T15:09:13.024,9.310,-0.164,0.564,1.740
1751285353034,2025-06-30T15:09:13.034,9.320,-0.197,0.541,1.688
1751285353044,2025-06-30T15:09:13.044,9.330,-0.257,0.525,1.628
1751285353054,2025-06-30T15:09:13.054,9.340,-0.346,0.500,1.549
1751285353064,2025-06-30T15:09:13.064,9.350,-0.416,0.470,1.444
1751285353074,2025-06-30T15:09:13.074,9.360,-0.452,0.432,1.359
1751285353084,2025-06-30T15:09:13.084,9.370,-0.449,0.388,1.273
1751285353094,2025-06-30T15:09:13.094,9.380,-0.413,0.354,1.187
1751285353104,2025-06-30T15:09:13.104,9.390,-0.379,0.327,1.113
1751285353114,2025-06-30T15:09:13.114,9.400,-0.382,0.291,1.013
1751285353124,2025-06-30T15:09:13.124,9.410,-0.400,0.242,0.908
1751285353134,2025-06-30T15:09:13.134,9.420,-0.409,0.188,0.852
1751285353144,2025-06-30T15:09:13.144,9.430,-0.428,0.141,0.785
1751285353154,2025-06-30T15:09:13.154,9.440,-0.407,0.102,0.708
1751285353164,2025-06-30T15:09:13.164,9.450,-0.331,0.080,0.631
1751285353174,2025-06-30T15:09:13.174,9.460,-0.247,0.072,0.566
1751285353184,2025-06-30T15:09:13.184,9.470,-0.221,0.058,0.527
1751285353194,2025-06-30T15:09:13.194,9.480,-0.203,0.021,0.470
1751285353204,2025-06-30T15:09:13.204,9.490,-0.115,-0.022,0.427
1751285353214,2025-06-30T15:09:13.214,9.500,-0.009,-0.061,0.420
1751285353224,2025-06-30T15:09:13.224,9.510,0.084,-0.111,0.432
1751285353234,2025-06-30T15:09:13.234,9.520,0.153,-0.153,0.438
1751285353244,2025-06-30T15:09:13.244,9.530,0.197,-0.178,0.438
1751285353254,2025-06-30T15:09:13.254,9.540,0.247,-0.195,0.432
1751285353264,2025-06-30T15:09:13.264,9.550,0.299,-0.205,0.471
1751285353274,2025-06-30T15:09:13.274,9.560,0.330,-0.206,0.518
1751285353284,2025-06-30T15:09:13.284,9.570,0.368,-0.217,0.559
1751285353294,2025-06-30T15:09:13.294,9.580,0.441,-0.243,0.616
1751285353304,2025-06-30T15:09:13.304,9.590,0.479,-0.271,0.673
1751285353314,2025-06-30T15:09:13.314,9.600,0.462,-0.298,0.717
1751285353324,2025-06-30T15:09:13.324,9.610,0.427,-0.317,0.788
1751285353334,2025-06-30T15:09:13.334,9.620,0.366,-0.318,0.842
1751285353344,2025-06-30T15:09:13.344,9.630,0.304,-0.313,0.883
1751285353354,2025-06-30T15:09:13.354,9.640,0.254,-0.311,0.901
1751285353364,2025-06-30T15:09:13.364,9.650,0.205,-0.297,0.906
1751285353374,2025-06-30T15:09:13.374,9.660,0.141,-0.276,0.921
1751285353384,2025-06-30T15:09:13.384,9.670,0.055,-0.251,0.930
1751285353394,2025-06-30T15:09:13.394,9.680,0.015,-0.241,0.936
1751285353404,2025-06-30T15:09:13.404,9.690,0.023,-0.240,0.946
1751285353414,2025-06-30T15:09:13.414,9.700,0.021,-0.228,0.942
1751285353424,2025-06-30T15:09:13.424,9.710,-0.019,-0.207,0.916
1751285353434,2025-06-30T15:09:13.434,9.720,-0.057,-0.199,0.875
1751285353444,2025-06-30T15:09:13.444,9.730,-0.082,-0.187,0.843
1751285353454,2025-06-30T15:09:13.454,9.740,-0.125,-0.157,0.801
1751285353464,2025-06-30T15:09:13.464,9.750,-0.167,-0.144,0.745
1751285353474,2025-06-30T15:09:13.474,9.760,-0.203,-0.136,0.692
1751285353484,2025-06-30T15:09:13.484,9.770,-0.221,-0.124,0.656
1751285353494,2025-06-30T15:09:13.494,9.780,-0.192,-0.123,0.629
1751285353504,2025-06-30T15:09:13.504,9.790,-0.143,-0.118,0.602
1751285353514,2025-06-30T15:09:13.514,9.800,-0.109,-0.105,0.588
1751285353524,2025-06-30T15:09:13.524,9.810,-0.092,-0.096,0.580
1751285353534,2025-06-30T15:09:13.534,9.820,-0.084,-0.088,0.563
1751285353544,2025-06-30T15:09:13.544,9.830,-0.088,-0.079,0.548
1751285353554,2025-06-30T15:09:13.554,9.840,-0.052,-0.071,0.535
1751285353564,2025-06-30T15:09:13.564,9.850,0.010,-0.057,0.532
1751285353574,2025-06-30T15:09:13.574,9.860,0.083,-0.035,0.528
1751285353584,2025-06-30T15:09:13.584,9.870,0.148,-0.019,0.543
1751285353594,2025-06-30T15:09:13.594,9.880,0.185,-0.010,0.550
1751285353604,2025-06-30T15:09:13.604,9.890,0.256,0.007,0.564
1751285353614,2025-06-30T15:09:13.614,9.900,0.323,0.031,0.582
1751285353624,2025-06-30T15:09:13.624,9.910,0.429,0.045,0.563
1751285353634,2025-06-30T15:09:13.634,9.920,0.631,0.058,0.577
1751285353644,2025-06-30T15:09:13.644,9.930,0.818,0.034,0.668
1751285353654,2025-06-30T15:09:13.654,9.940,0.913,-0.017,0.705
1751285353664,2025-06-30T15:09:13.664,9.950,0.914,-0.052,0.709
1751285353674,2025-06-30T15:09:13.674,9.960,0.983,-0.072,0.783
1751285353684,2025-06-30T15:09:13.684,9.970,1.122,-0.080,0.937
1751285353694,2025-06-30T15:09:13.694,9.980,1.234,-0.046,1.104
1751285353704,2025-06-30T15:09:13.704,9.990,1.300,-0.007,1.251
1751285353714,2025-06-30T15:09:13.714,10.000,1.358,0.002,1.412
1751285353724,2025-06-30T15:09:13.724,10.010,1.322,0.019,1.520
1751285353734,2025-06-30T15:09:13.734,10.020,1.190,0.070,1.590
1751285353744,2025-06-30T15:09:13.744,10.030,1.021,0.141,1.638
1751285353754,2025-06-30T15:09:13.754,10.040,0.872,0.212,1.692
1751285353764,2025-06-30T15:09:13.764,10.050,0.779,0.270,1.771
1751285353774,2025-06-30T15:09:13.774,10.060,0.769,0.324,1.851
1751285353784,2025-06-30T15:09:13.784,10.070,0.770,0.374,1.914
1751285353794,2025-06-30T15:09:13.794,10.080,0.708,0.428,1.927
1751285353804,2025-06-30T15:09:13.804,10.090,0.588,0.485,1.921
1751285353814,2025-06-30T15:09:13.814,10.100,0.457,0.535,1.902
1751285353824,2025-06-30T15:09:13.824,10.110,0.341,0.567,1.870
1751285353834,2025-06-30T15:09:13.834,10.120,0.244,0.587,1.834
1751285353844,2025-06-30T15:09:13.844,10.130,0.149,0.587,1.795
1751285353854,2025-06-30T15:09:13.854,10.140,0.077,0.574,1.761
1751285353864,2025-06-30T15:09:13.864,10.150,0.004,0.561,1.718
1751285353874,2025-06-30T15:09:13.874,10.160,-0.101,0.546,1.667
1751285353884,2025-06-30T15:09:13.884,10.170,-0.188,0.533,1.600
1751285353894,2025-06-30T15:09:13.894,10.180,-0.275,0.511,1.545
1751285353904,2025-06-30T15:09:13.904,10.190,-0.360,0.467,1.492
1751285353914,2025-06-30T15:09:13.914,10.200,-0.391,0.412,1.413
1751285353924,2025-06-30T15:09:13.924,10.210,-0.418,0.377,1.341
1751285353934,2025-06-30T15:09:13.934,10.220,-0.423,0.336,1.288
1751285353944,2025-06-30T15:09:13.944,10.230,-0.430,0.301,1.201
1751285353954,2025-06-30T15:09:13.954,10.240,-0.442,0.280,1.122
1751285353964,2025-06-30T15:09:13.964,10.250,-0.426,0.249,1.069
1751285353974,2025-06-30T15:09:13.974,10.260,-0.461,0.224,1.001
1751285353984,2025-06-30T15:09:13.984,10.270,-0.489,0.195,0.900
1751285353994,2025-06-30T15:09:13.994,10.280,-0.473,0.171,0.797
1751285354004,2025-06-30T15:09:14.004,10.290,-0.460,0.157,0.707
1751285354014,2025-06-30T15:09:14.014,10.300,-0.415,0.119,0.604
1751285354024,2025-06-30T15:09:14.024,10.310,-0.292,0.071,0.516
1751285354034,2025-06-30T15:09:14.034,10.320,-0.169,0.023,0.488
1751285354044,2025-06-30T15:09:14.044,10.330,-0.055,-0.028,0.498
1751285354054,2025-06-30T15:09:14.054,10.340,0.038,-0.073,0.486
1751285354064,2025-06-30T15:09:14.064,10.350,0.122,-0.105,0.446
1751285354074,2025-06-30T15:09:14.074,10.360,0.204,-0.119,0.423
1751285354084,2025-06-30T15:09:14.084,10.370,0.266,-0.142,0.408
1751285354094,2025-06-30T15:09:14.094,10.380,0.334,-0.164,0.382
1751285354104,2025-06-30T15:09:14.104,10.390,0.393,-0.180,0.386
1751285354114,2025-06-30T15:09:14.114,10.400,0.468,-0.192,0.434
1751285354124,2025-06-30T15:09:14.124,10.410,0.479,-0.211,0.496
1751285354134,2025-06-30T15:09:14.134,10.420,0.423,-0.230,0.531
1751285354144,2025-06-30T15:09:14.144,10.430,0.396,-0.249,0.550
1751285354154,2025-06-30T15:09:14.154,10.440,0.392,-0.265,0.602
1751285354164,2025-06-30T15:09:14.164,10.450,0.323,-0.264,0.644
1751285354174,2025-06-30T15:09:14.174,10.460,0.291,-0.292,0.678
1751285354184,2025-06-30T15:09:14.184,10.470,0.324,-0.318,0.723
1751285354194,2025-06-30T15:09:14.194,10.480,0.355,-0.338,0.782
1751285354204,2025-06-30T15:09:14.204,10.490,0.367,-0.348,0.835
1751285354214,2025-06-30T15:09:14.214,10.500,0.345,-0.348,0.896
1751285354224,2025-06-30T15:09:14.224,10.510,0.309,-0.337,0.934
1751285354234,2025-06-30T15:09:14.234,10.520,0.243,-0.313,0.929
1751285354244,2025-06-30T15:09:14.244,10.530,0.133,-0.274,0.902
1751285354254,2025-06-30T15:09:14.254,10.540,0.063,-0.237,0.884
1751285354264,2025-06-30T15:09:14.264,10.550,0.035,-0.211,0.872
1751285354274,2025-06-30T15:09:14.274,10.560,-0.003,-0.193,0.846
1751285354284,2025-06-30T15:09:14.284,10.570,-0.033,-0.171,0.810
1751285354294,2025-06-30T15:09:14.294,10.580,-0.037,-0.150,0.777
1751285354304,2025-06-30T15:09:14.304,10.590,-0.048,-0.136,0.742
1751285354314,2025-06-30T15:09:14.314,10.600,-0.082,-0.124,0.709
1751285354324,2025-06-30T15:09:14.324,10.610,-0.081,-0.129,0.674
1751285354334,2025-06-30T15:09:14.334,10.620,-0.049,-0.134,0.659
1751285354344,2025-06-30T15:09:14.344,10.630,-0.039,-0.112,0.647
1751285354354,2025-06-30T15:09:14.354,10.640,-0.038,-0.098,0.643
1751285354364,2025-06-30T15:09:14.364,10.650,-0.045,-0.079,0.620
1751285354374,2025-06-30T15:09:14.374,10.660,-0.061,-0.049,0.567
1751285354384,2025-06-30T15:09:14.384,10.670,-0.075,-0.028,0.538
1751285354394,2025-06-30T15:09:14.394,10.680,-0.064,-0.020,0.523
1751285354404,2025-06-30T15:09:14.404,10.690,0.026,-0.027,0.515
1751285354414,2025-06-30T15:09:14.414,10.700,0.136,-0.024,0.526
1751285354424,2025-06-30T15:09:14.424,10.710,0.234,-0.015,0.543
1751285354434,2025-06-30T15:09:14.434,10.720,0.312,-0.009,0.574
1751285354444,2025-06-30T15:09:14.444,10.730,0.394,-0.007,0.604
1751285354454,2025-06-30T15:09:14.454,10.740,0.438,0.012,0.644
1751285354464,2025-06-30T15:09:14.464,10.750,0.460,0.035,0.664
1751285354474,2025-06-30T15:09:14.474,10.760,0.507,0.055,0.701
1751285354484,2025-06-30T15:09:14.484,10.770,0.593,0.063,0.745
1751285354494,2025-06-30T15:09:14.494,10.780,0.760,0.088,0.800
1751285354504,2025-06-30T15:09:14.504,10.790,0.969,0.101,0.896
1751285354514,2025-06-30T15:09:14.514,10.800,1.092,0.103,1.000
1751285354524,2025-06-30T15:09:14.524,10.810,1.112,0.106,1.080
1751285354534,2025-06-30T15:09:14.534,10.820,1.059,0.106,1.142
1751285354544,2025-06-30T15:09:14.544,10.830,1.005,0.083,1.168
1751285354554,2025-06-30T15:09:14.554,10.840,1.015,0.053,1.254
1751285354564,2025-06-30T15:09:14.564,10.850,1.043,0.062,1.353
1751285354574,2025-06-30T15:09:14.574,10.860,1.078,0.089,1.405
1751285354584,2025-06-30T15:09:14.584,10.870,1.105,0.124,1.487
1751285354594,2025-06-30T15:09:14.594,10.880,1.085,0.158,1.583
1751285354604,2025-06-30T15:09:14.604,10.890,1.017,0.182,1.652
1751285354614,2025-06-30T15:09:14.614,10.900,0.930,0.220,1.707
1751285354624,2025-06-30T15:09:14.624,10.910,0.813,0.287,1.762
1751285354634,2025-06-30T15:09:14.634,10.920,0.724,0.340,1.786
1751285354644,2025-06-30T15:09:14.644,10.930,0.656,0.375,1.816
1751285354654,2025-06-30T15:09:14.654,10.940,0.577,0.416,1.846
1751285354664,2025-06-30T15:09:14.664,10.950,0.498,0.449,1.836
1751285354674,2025-06-30T15:09:14.674,10.960,0.385,0.486,1.802
1751285354684,2025-06-30T15:09:14.684,10.970,0.272,0.506,1.771
1751285354694,2025-06-30T15:09:14.694,10.980,0.203,0.514,1.772
1751285354704,2025-06-30T15:09:14.704,10.990,0.118,0.517,1.763
1751285354714,2025-06-30T15:09:14.714,11.000,0.020,0.512,1.721
1751285354724,2025-06-30T15:09:14.724,11.010,-0.057,0.513,1.670
1751285354734,2025-06-30T15:09:14.734,11.020,-0.140,0.525,1.616
1751285354744,2025-06-30T15:09:14.744,11.030,-0.202,0.513,1.541
1751285354754,2025-06-30T15:09:14.754,11.040,-0.267,0.500,1.468
1751285354764,2025-06-30T15:09:14.764,11.050,-0.330,0.474,1.407
1751285354774,2025-06-30T15:09:14.774,11.060,-0.349,0.442,1.345
1751285354784,2025-06-30T15:09:14.784,11.070,-0.365,0.429,1.280
1751285354794,2025-06-30T15:09:14.794,11.080,-0.389,0.413,1.209
1751285354804,2025-06-30T15:09:14.804,11.090,-0.397,0.394,1.146
1751285354814,2025-06-30T15:09:14.814,11.100,-0.422,0.373,1.073
1751285354824,2025-06-30T15:09:14.824,11.110,-0.455,0.337,0.978
1751285354834,2025-06-30T15:09:14.834,11.120,-0.499,0.300,0.876
1751285354844,2025-06-30T15:09:14.844,11.130,-0.503,0.252,0.792
1751285354854,2025-06-30T15:09:14.854,11.140,-0.488,0.205,0.720
1751285354864,2025-06-30T15:09:14.864,11.150,-0.464,0.156,0.643
1751285354874,2025-06-30T15:09:14.874,11.160,-0.405,0.108,0.585
1751285354884,2025-06-30T15:09:14.884,11.170,-0.383,0.083,0.529
1751285354894,2025-06-30T15:09:14.894,11.180,-0.361,0.043,0.477
1751285354904,2025-06-30T15:09:14.904,11.190,-0.229,-0.011,0.436
1751285354914,2025-06-30T15:09:14.914,11.200,-0.106,-0.047,0.423
1751285354924,2025-06-30T15:09:14.924,11.210,-0.053,-0.086,0.434
1751285354934,2025-06-30T15:09:14.934,11.220,0.006,-0.112,0.406
1751285354944,2025-06-30T15:09:14.944,11.230,0.101,-0.129,0.370
1751285354954,2025-06-30T15:09:14.954,11.240,0.209,-0.151,0.373
1751285354964,2025-06-30T15:09:14.964,11.250,0.331,-0.177,0.417
1751285354974,2025-06-30T15:09:14.974,11.260,0.429,-0.204,0.473
1751285354984,2025-06-30T15:09:14.984,11.270,0.457,-0.230,0.532
1751285354994,2025-06-30T15:09:14.994,11.280,0.451,-0.271,0.560
1751285355004,2025-06-30T15:09:15.004,11.290,0.451,-0.303,0.596
1751285355014,2025-06-30T15:09:15.014,11.300,0.434,-0.310,0.671
1751285355024,2025-06-30T15:09:15.024,11.310,0.442,-0.319,0.732
1751285355034,2025-06-30T15:09:15.034,11.320,0.440,-0.332,0.809
1751285355044,2025-06-30T15:09:15.044,11.330,0.379,-0.330,0.843
1751285355054,2025-06-30T15:09:15.054,11.340,0.312,-0.335,0.857
1751285355064,2025-06-30T15:09:15.064,11.350,0.297,-0.345,0.876
1751285355074,2025-06-30T15:09:15.074,11.360,0.317,-0.358,0.893
1751285355084,2025-06-30T15:09:15.084,11.370,0.290,-0.353,0.949
1751285355094,2025-06-30T15:09:15.094,11.380,0.217,-0.330,0.985
1751285355104,2025-06-30T15:09:15.104,11.390,0.182,-0.312,0.991
1751285355114,2025-06-30T15:09:15.114,11.400,0.137,-0.290,0.990
1751285355124,2025-06-30T15:09:15.124,11.410,0.069,-0.253,0.973
1751285355134,2025-06-30T15:09:15.134,11.420,0.026,-0.225,0.959
1751285355144,2025-06-30T15:09:15.144,11.430,-0.023,-0.199,0.932
1751285355154,2025-06-30T15:09:15.154,11.440,-0.103,-0.178,0.886
1751285355164,2025-06-30T15:09:15.164,11.450,-0.149,-0.171,0.839
1751285355174,2025-06-30T15:09:15.174,11.460,-0.160,-0.160,0.795
1751285355184,2025-06-30T15:09:15.184,11.470,-0.147,-0.146,0.755
1751285355194,2025-06-30T15:09:15.194,11.480,-0.114,-0.155,0.723
1751285355204,2025-06-30T15:09:15.204,11.490,-0.117,-0.148,0.687
1751285355214,2025-06-30T15:09:15.214,11.500,-0.144,-0.137,0.646
1751285355224,2025-06-30T15:09:15.224,11.510,-0.200,-0.125,0.614
1751285355234,2025-06-30T15:09:15.234,11.520,-0.208,-0.118,0.587
1751285355244,2025-06-30T15:09:15.244,11.530,-0.238,-0.106,0.563
1751285355254,2025-06-30T15:09:15.254,11.540,-0.267,-0.089,0.530
1751285355264,2025-06-30T15:09:15.264,11.550,-0.211,-0.065,0.526
1751285355274,2025-06-30T15:09:15.274,11.560,-0.138,-0.023,0.534
1751285355284,2025-06-30T15:09:15.284,11.570,-0.021,0.002,0.517
1751285355294,2025-06-30T15:09:15.294,11.580,0.121,0.022,0.525
1751285355304,2025-06-30T15:09:15.304,11.590,0.264,0.037,0.544
1751285355314,2025-06-30T15:09:15.314,11.600,0.426,0.032,0.547
1751285355324,2025-06-30T15:09:15.324,11.610,0.540,0.017,0.561
1751285355334,2025-06-30T15:09:15.334,11.620,0.620,-0.007,0.632
1751285355344,2025-06-30T15:09:15.344,11.630,0.698,-0.036,0.667
1751285355354,2025-06-30T15:09:15.354,11.640,0.759,-0.077,0.697
1751285355364,2025-06-30T15:09:15.364,11.650,0.797,-0.083,0.738
1751285355374,2025-06-30T15:09:15.374,11.660,0.818,-0.072,0.773
1751285355384,2025-06-30T15:09:15.384,11.670,0.786,-0.066,0.858
1751285355394,2025-06-30T15:09:15.394,11.680,0.745,-0.055,0.923
1751285355404,2025-06-30T15:09:15.404,11.690,0.785,-0.049,0.989
1751285355414,2025-06-30T15:09:15.414,11.700,0.855,-0.032,1.103
1751285355424,2025-06-30T15:09:15.424,11.710,0.870,0.000,1.230
1751285355434,2025-06-30T15:09:15.434,11.720,0.872,0.037,1.339
1751285355444,2025-06-30T15:09:15.444,11.730,0.855,0.093,1.420
1751285355454,2025-06-30T15:09:15.454,11.740,0.810,0.175,1.468
1751285355464,2025-06-30T15:09:15.464,11.750,0.790,0.231,1.529
1751285355474,2025-06-30T15:09:15.474,11.760,0.780,0.269,1.613
1751285355484,2025-06-30T15:09:15.484,11.770,0.761,0.288,1.711
1751285355494,2025-06-30T15:09:15.494,11.780,0.737,0.303,1.794
1751285355504,2025-06-30T15:09:15.504,11.790,0.679,0.330,1.845
1751285355514,2025-06-30T15:09:15.514,11.800,0.556,0.375,1.880
1751285355524,2025-06-30T15:09:15.524,11.810,0.433,0.425,1.871
1751285355534,2025-06-30T15:09:15.534,11.820,0.343,0.460,1.848
1751285355544,2025-06-30T15:09:15.544,11.830,0.279,0.493,1.834
1751285355554,2025-06-30T15:09:15.554,11.840,0.221,0.515,1.830
1751285355564,2025-06-30T15:09:15.564,11.850,0.186,0.514,1.801
1751285355574,2025-06-30T15:09:15.574,11.860,0.155,0.506,1.760
1751285355584,2025-06-30T15:09:15.584,11.870,0.087,0.509,1.696
1751285355594,2025-06-30T15:09:15.594,11.880,-0.004,0.502,1.649
1751285355604,2025-06-30T15:09:15.604,11.890,-0.115,0.495,1.625
1751285355614,2025-06-30T15:09:15.614,11.900,-0.206,0.479,1.583
1751285355624,2025-06-30T15:09:15.624,11.910,-0.271,0.456,1.528
1751285355634,2025-06-30T15:09:15.634,11.920,-0.363,0.444,1.449
1751285355644,2025-06-30T15:09:15.644,11.930,-0.470,0.438,1.377
1751285355654,2025-06-30T15:09:15.654,11.940,-0.538,0.424,1.294
1751285355664,2025-06-30T15:09:15.664,11.950,-0.572,0.402,1.211
1751285355674,2025-06-30T15:09:15.674,11.960,-0.588,0.377,1.140
1751285355684,2025-06-30T15:09:15.684,11.970,-0.566,0.346,1.073
1751285355694,2025-06-30T15:09:15.694,11.980,-0.554,0.328,0.992
1751285355704,2025-06-30T15:09:15.704,11.990,-0.582,0.300,0.925
1751285355714,2025-06-30T15:09:15.714,12.000,-0.579,0.254,0.853
1751285355724,2025-06-30T15:09:15.724,12.010,-0.566,0.216,0.790
1751285355734,2025-06-30T15:09:15.734,12.020,-0.598,0.180,0.717
1751285355744,2025-06-30T15:09:15.744,12.030,-0.594,0.138,0.627
1751285355754,2025-06-30T15:09:15.754,12.040,-0.526,0.108,0.566
1751285355764,2025-06-30T15:09:15.764,12.050,-0.447,0.089,0.534
1751285355774,2025-06-30T15:09:15.774,12.060,-0.359,0.061,0.483
1751285355784,2025-06-30T15:09:15.784,12.070,-0.261,0.034,0.405
1751285355794,2025-06-30T15:09:15.794,12.080,-0.113,0.011,0.347
1751285355804,2025-06-30T15:09:15.804,12.090,0.029,-0.013,0.317
1751285355814,2025-06-30T15:09:15.814,12.100,0.128,-0.064,0.285
1751285355824,2025-06-30T15:09:15.824,12.110,0.219,-0.124,0.321
1751285355834,2025-06-30T15:09:15.834,12.120,0.270,-0.175,0.401
1751285355844,2025-06-30T15:09:15.844,12.130,0.292,-0.215,0.460
1751285355854,2025-06-30T15:09:15.854,12.140,0.282,-0.248,0.552
1751285355864,2025-06-30T15:09:15.864,12.150,0.268,-0.273,0.611
1751285355874,2025-06-30T15:09:15.874,12.160,0.346,-0.330,0.636
1751285355884,2025-06-30T15:09:15.884,12.170,0.412,-0.351,0.637
1751285355894,2025-06-30T15:09:15.894,12.180,0.410,-0.317,0.640
1751285355904,2025-06-30T15:09:15.904,12.190,0.415,-0.292,0.703
1751285355914,2025-06-30T15:09:15.914,12.200,0.399,-0.303,0.778
1751285355924,2025-06-30T15:09:15.924,12.210,0.332,-0.325,0.845
1751285355934,2025-06-30T15:09:15.934,12.220,0.255,-0.336,0.896
1751285355944,2025-06-30T15:09:15.944,12.230,0.148,-0.314,0.920
1751285355954,2025-06-30T15:09:15.954,12.240,0.042,-0.293,0.913
1751285355964,2025-06-30T15:09:15.964,12.250,-0.006,-0.279,0.896
1751285355974,2025-06-30T15:09:15.974,12.260,-0.050,-0.248,0.887
1751285355984,2025-06-30T15:09:15.984,12.270,-0.109,-0.209,0.858
1751285355994,2025-06-30T15:09:15.994,12.280,-0.151,-0.177,0.821
1751285356004,2025-06-30T15:09:16.004,12.290,-0.209,-0.136,0.780
1751285356014,2025-06-30T15:09:16.014,12.300,-0.279,-0.103,0.729
1751285356024,2025-06-30T15:09:16.024,12.310,-0.301,-0.084,0.688
1751285356034,2025-06-30T15:09:16.034,12.320,-0.277,-0.068,0.652
1751285356044,2025-06-30T15:09:16.044,12.330,-0.231,-0.057,0.607
1751285356054,2025-06-30T15:09:16.054,12.340,-0.163,-0.037,0.560
1751285356064,2025-06-30T15:09:16.064,12.350,-0.111,-0.021,0.515
1751285356074,2025-06-30T15:09:16.074,12.360,-0.106,-0.018,0.492
1751285356084,2025-06-30T15:09:16.084,12.370,-0.083,-0.033,0.491
1751285356094,2025-06-30T15:09:16.094,12.380,-0.025,-0.037,0.500
1751285356104,2025-06-30T15:09:16.104,12.390,0.048,-0.020,0.490
1751285356114,2025-06-30T15:09:16.114,12.400,0.137,0.011,0.466
1751285356124,2025-06-30T15:09:16.124,12.410,0.229,0.048,0.476
1751285356134,2025-06-30T15:09:16.134,12.420,0.305,0.065,0.500
1751285356144,2025-06-30T15:09:16.144,12.430,0.439,0.063,0.555
1751285356154,2025-06-30T15:09:16.154,12.440,0.540,0.045,0.717
1751285356164,2025-06-30T15:09:16.164,12.450,0.638,0.014,0.829
1751285356174,2025-06-30T15:09:16.174,12.460,0.760,0.001,0.935
1751285356184,2025-06-30T15:09:16.184,12.470,0.792,0.024,1.066
1751285356194,2025-06-30T15:09:16.194,12.480,0.757,0.052,1.141
1751285356204,2025-06-30T15:09:16.204,12.490,0.688,0.061,1.200
1751285356214,2025-06-30T15:09:16.214,12.500,0.634,0.056,1.310
1751285356224,2025-06-30T15:09:16.224,12.510,0.641,0.079,1.386
1751285356234,2025-06-30T15:09:16.234,12.520,0.631,0.122,1.448
1751285356244,2025-06-30T15:09:16.244,12.530,0.612,0.184,1.571
1751285356254,2025-06-30T15:09:16.254,12.540,0.664,0.224,1.687
1751285356264,2025-06-30T15:09:16.264,12.550,0.727,0.231,1.746
1751285356274,2025-06-30T15:09:16.274,12.560,0.697,0.271,1.796
1751285356284,2025-06-30T15:09:16.284,12.570,0.580,0.341,1.825
1751285356294,2025-06-30T15:09:16.294,12.580,0.484,0.398,1.849
1751285356304,2025-06-30T15:09:16.304,12.590,0.424,0.449,1.869
1751285356314,2025-06-30T15:09:16.314,12.600,0.348,0.502,1.883
1751285356324,2025-06-30T15:09:16.324,12.610,0.272,0.539,1.906
1751285356334,2025-06-30T15:09:16.334,12.620,0.195,0.553,1.901
1751285356344,2025-06-30T15:09:16.344,12.630,0.131,0.562,1.887
1751285356354,2025-06-30T15:09:16.354,12.640,0.061,0.579,1.872
1751285356364,2025-06-30T15:09:16.364,12.650,-0.029,0.594,1.834
1751285356374,2025-06-30T15:09:16.374,12.660,-0.115,0.592,1.792
1751285356384,2025-06-30T15:09:16.384,12.670,-0.193,0.583,1.741
1751285356394,2025-06-30T15:09:16.394,12.680,-0.284,0.570,1.685
1751285356404,2025-06-30T15:09:16.404,12.690,-0.388,0.559,1.611
1751285356414,2025-06-30T15:09:16.414,12.700,-0.427,0.533,1.553
1751285356424,2025-06-30T15:09:16.424,12.710,-0.447,0.508,1.502
1751285356434,2025-06-30T15:09:16.434,12.720,-0.489,0.482,1.433
1751285356444,2025-06-30T15:09:16.444,12.730,-0.535,0.454,1.361
1751285356454,2025-06-30T15:09:16.454,12.740,-0.590,0.428,1.270
1751285356464,2025-06-30T15:09:16.464,12.750,-0.659,0.392,1.175
1751285356474,2025-06-30T15:09:16.474,12.760,-0.652,0.342,1.112
1751285356484,2025-06-30T15:09:16.484,12.770,-0.626,0.327,1.042
1751285356494,2025-06-30T15:09:16.494,12.780,-0.617,0.331,0.950
1751285356504,2025-06-30T15:09:16.504,12.790,-0.569,0.300,0.855
1751285356514,2025-06-30T15:09:16.514,12.800,-0.534,0.254,0.774
1751285356524,2025-06-30T15:09:16.524,12.810,-0.531,0.218,0.697
1751285356534,2025-06-30T15:09:16.534,12.820,-0.537,0.195,0.628
1751285356544,2025-06-30T15:09:16.544,12.830,-0.562,0.185,0.547
1751285356554,2025-06-30T15:09:16.554,12.840,-0.614,0.175,0.456
1751285356564,2025-06-30T15:09:16.564,12.850,-0.593,0.148,0.388
1751285356574,2025-06-30T15:09:16.574,12.860,-0.495,0.117,0.325
1751285356584,2025-06-30T15:09:16.584,12.870,-0.364,0.087,0.289
1751285356594,2025-06-30T15:09:16.594,12.880,-0.228,0.055,0.266
1751285356604,2025-06-30T15:09:16.604,12.890,-0.149,0.016,0.266
1751285356614,2025-06-30T15:09:16.614,12.900,-0.127,-0.037,0.276
1751285356624,2025-06-30T15:09:16.624,12.910,-0.088,-0.095,0.287
1751285356634,2025-06-30T15:09:16.634,12.920,-0.005,-0.142,0.378
1751285356644,2025-06-30T15:09:16.644,12.930,0.082,-0.186,0.552
1751285356654,2025-06-30T15:09:16.654,12.940,0.169,-0.215,0.648
1751285356664,2025-06-30T15:09:16.664,12.950,0.203,-0.195,0.656
1751285356674,2025-06-30T15:09:16.674,12.960,0.341,-0.122,0.758
1751285356684,2025-06-30T15:09:16.684,12.970,0.517,-0.042,0.876
1751285356694,2025-06-30T15:09:16.694,12.980,0.504,0.000,1.015
1751285356704,2025-06-30T15:09:16.704,12.990,0.496,-0.021,1.135
1751285356714,2025-06-30T15:09:16.714,13.000,0.590,-0.145,1.176
1751285356724,2025-06-30T15:09:16.724,13.010,0.670,-0.263,1.212
1751285356734,2025-06-30T15:09:16.734,13.020,0.638,-0.323,1.224
1751285356744,2025-06-30T15:09:16.744,13.030,0.500,-0.344,1.177
1751285356754,2025-06-30T15:09:16.754,13.040,0.422,-0.343,1.125
1751285356764,2025-06-30T15:09:16.764,13.050,0.410,-0.339,1.098
1751285356774,2025-06-30T15:09:16.774,13.060,0.368,-0.334,1.071
1751285356784,2025-06-30T15:09:16.784,13.070,0.295,-0.322,1.031
1751285356794,2025-06-30T15:09:16.794,13.080,0.207,-0.306,0.976
1751285356804,2025-06-30T15:09:16.804,13.090,0.128,-0.292,0.891
1751285356814,2025-06-30T15:09:16.814,13.100,0.074,-0.273,0.804
1751285356824,2025-06-30T15:09:16.824,13.110,-0.001,-0.246,0.722
1751285356834,2025-06-30T15:09:16.834,13.120,-0.065,-0.227,0.648
1751285356844,2025-06-30T15:09:16.844,13.130,-0.107,-0.213,0.604
1751285356854,2025-06-30T15:09:16.854,13.140,-0.159,-0.194,0.556
1751285356864,2025-06-30T15:09:16.864,13.150,-0.194,-0.182,0.496
1751285356874,2025-06-30T15:09:16.874,13.160,-0.209,-0.171,0.451
1751285356884,2025-06-30T15:09:16.884,13.170,-0.207,-0.165,0.421
1751285356894,2025-06-30T15:09:16.894,13.180,-0.169,-0.163,0.403
1751285356904,2025-06-30T15:09:16.904,13.190,-0.109,-0.146,0.377
1751285356914,2025-06-30T15:09:16.914,13.200,-0.038,-0.145,0.361
1751285356924,2025-06-30T15:09:16.924,13.210,0.059,-0.128,0.361
1751285356934,2025-06-30T15:09:16.934,13.220,0.120,-0.100,0.367
1751285356944,2025-06-30T15:09:16.944,13.230,0.138,-0.073,0.366
1751285356954,2025-06-30T15:09:16.954,13.240,0.229,-0.043,0.387
1751285356964,2025-06-30T15:09:16.964,13.250,0.327,-0.029,0.467
1751285356974,2025-06-30T15:09:16.974,13.260,0.445,-0.023,0.498
1751285356984,2025-06-30T15:09:16.984,13.270,0.604,-0.002,0.540
1751285356994,2025-06-30T15:09:16.994,13.280,0.735,0.007,0.638
1751285357004,2025-06-30T15:09:17.004,13.290,0.769,-0.020,0.760
1751285357014,2025-06-30T15:09:17.014,13.300,0.769,-0.082,0.909
1751285357024,2025-06-30T15:09:17.024,13.310,0.720,-0.127,1.050
1751285357034,2025-06-30T15:09:17.034,13.320,0.594,-0.125,1.167
1751285357044,2025-06-30T15:09:17.044,13.330,0.526,-0.090,1.281
1751285357054,2025-06-30T15:09:17.054,13.340,0.574,-0.020,1.373
1751285357064,2025-06-30T15:09:17.064,13.350,0.650,0.057,1.459
1751285357074,2025-06-30T15:09:17.074,13.360,0.699,0.137,1.557
1751285357084,2025-06-30T15:09:17.084,13.370,0.707,0.224,1.624
1751285357094,2025-06-30T15:09:17.094,13.380,0.641,0.271,1.732
1751285357104,2025-06-30T15:09:17.104,13.390,0.517,0.298,1.869
1751285357114,2025-06-30T15:09:17.114,13.400,0.418,0.309,1.942
1751285357124,2025-06-30T15:09:17.124,13.410,0.375,0.325,1.984
1751285357134,2025-06-30T15:09:17.134,13.420,0.307,0.383,2.005
1751285357144,2025-06-30T15:09:17.144,13.430,0.216,0.446,2.009
1751285357154,2025-06-30T15:09:17.154,13.440,0.150,0.485,1.983
1751285357164,2025-06-30T15:09:17.164,13.450,0.114,0.512,1.967
1751285357174,2025-06-30T15:09:17.174,13.460,0.091,0.531,1.952
1751285357184,2025-06-30T15:09:17.184,13.470,0.037,0.544,1.947
1751285357194,2025-06-30T15:09:17.194,13.480,-0.056,0.559,1.884
1751285357204,2025-06-30T15:09:17.204,13.490,-0.179,0.565,1.789
1751285357214,2025-06-30T15:09:17.214,13.500,-0.277,0.555,1.697
1751285357224,2025-06-30T15:09:17.224,13.510,-0.370,0.542,1.629
1751285357234,2025-06-30T15:09:17.234,13.520,-0.468,0.525,1.560
1751285357244,2025-06-30T15:09:17.244,13.530,-0.544,0.494,1.491
1751285357254,2025-06-30T15:09:17.254,13.540,-0.593,0.449,1.427
1751285357264,2025-06-30T15:09:17.264,13.550,-0.616,0.402,1.328
1751285357274,2025-06-30T15:09:17.274,13.560,-0.629,0.365,1.216
1751285357284,2025-06-30T15:09:17.284,13.570,-0.605,0.333,1.129
1751285357294,2025-06-30T15:09:17.294,13.580,-0.569,0.311,1.030
1751285357304,2025-06-30T15:09:17.304,13.590,-0.565,0.292,0.938
1751285357314,2025-06-30T15:09:17.314,13.600,-0.594,0.258,0.860
1751285357324,2025-06-30T15:09:17.324,13.610,-0.581,0.206,0.800
1751285357334,2025-06-30T15:09:17.334,13.620,-0.510,0.151,0.758
1751285357344,2025-06-30T15:09:17.344,13.630,-0.476,0.116,0.689
1751285357354,2025-06-30T15:09:17.354,13.640,-0.483,0.088,0.638
1751285357364,2025-06-30T15:09:17.364,13.650,-0.452,0.067,0.583
1751285357374,2025-06-30T15:09:17.374,13.660,-0.386,0.042,0.527
1751285357384,2025-06-30T15:09:17.384,13.670,-0.349,0.015,0.491
1751285357394,2025-06-30T15:09:17.394,13.680,-0.303,-0.016,0.449
1751285357404,2025-06-30T15:09:17.404,13.690,-0.206,-0.052,0.406
1751285357414,2025-06-30T15:09:17.414,13.700,-0.108,-0.085,0.406
1751285357424,2025-06-30T15:09:17.424,13.710,-0.047,-0.129,0.390
1751285357434,2025-06-30T15:09:17.434,13.720,0.013,-0.181,0.362
1751285357444,2025-06-30T15:09:17.444,13.730,0.070,-0.219,0.376
1751285357454,2025-06-30T15:09:17.454,13.740,0.132,-0.250,0.422
1751285357464,2025-06-30T15:09:17.464,13.750,0.162,-0.284,0.468
1751285357474,2025-06-30T15:09:17.474,13.760,0.182,-0.331,0.534
1751285357484,2025-06-30T15:09:17.484,13.770,0.250,-0.347,0.638
1751285357494,2025-06-30T15:09:17.494,13.780,0.294,-0.328,0.742
1751285357504,2025-06-30T15:09:17.504,13.790,0.302,-0.301,0.789
1751285357514,2025-06-30T15:09:17.514,13.800,0.338,-0.271,0.783
1751285357524,2025-06-30T15:09:17.524,13.810,0.358,-0.258,0.785
1751285357534,2025-06-30T15:09:17.534,13.820,0.334,-0.257,0.808
1751285357544,2025-06-30T15:09:17.544,13.830,0.290,-0.268,0.841
1751285357554,2025-06-30T15:09:17.554,13.840,0.293,-0.297,0.889
1751285357564,2025-06-30T15:09:17.564,13.850,0.291,-0.333,0.937
1751285357574,2025-06-30T15:09:17.574,13.860,0.229,-0.359,0.962
1751285357584,2025-06-30T15:09:17.584,13.870,0.160,-0.372,0.970
1751285357594,2025-06-30T15:09:17.594,13.880,0.123,-0.368,0.967
1751285357604,2025-06-30T15:09:17.604,13.890,0.071,-0.333,0.937
1751285357614,2025-06-30T15:09:17.614,13.900,-0.017,-0.279,0.882
1751285357624,2025-06-30T15:09:17.624,13.910,-0.115,-0.238,0.814
1751285357634,2025-06-30T15:09:17.634,13.920,-0.214,-0.206,0.744
1751285357644,2025-06-30T15:09:17.644,13.930,-0.288,-0.173,0.684
1751285357654,2025-06-30T15:09:17.654,13.940,-0.324,-0.156,0.645
1751285357664,2025-06-30T15:09:17.664,13.950,-0.298,-0.141,0.616
1751285357674,2025-06-30T15:09:17.674,13.960,-0.290,-0.125,0.570
1751285357684,2025-06-30T15:09:17.684,13.970,-0.271,-0.114,0.520
1751285357694,2025-06-30T15:09:17.694,13.980,-0.183,-0.118,0.479
1751285357704,2025-06-30T15:09:17.704,13.990,-0.063,-0.133,0.479
1751285357714,2025-06-30T15:09:17.714,14.000,-0.004,-0.118,0.494
1751285357724,2025-06-30T15:09:17.724,14.010,-0.042,-0.092,0.480
1751285357734,2025-06-30T15:09:17.734,14.020,-0.102,-0.070,0.447
1751285357744,2025-06-30T15:09:17.744,14.030,-0.108,-0.041,0.433
1751285357754,2025-06-30T15:09:17.754,14.040,-0.104,-0.010,0.441
1751285357764,2025-06-30T15:09:17.764,14.050,-0.081,0.027,0.462
1751285357774,2025-06-30T15:09:17.774,14.060,-0.002,0.073,0.492
1751285357784,2025-06-30T15:09:17.784,14.070,0.134,0.092,0.540
1751285357794,2025-06-30T15:09:17.794,14.080,0.284,0.092,0.620
1751285357804,2025-06-30T15:09:17.804,14.090,0.361,0.083,0.683
1751285357814,2025-06-30T15:09:17.814,14.100,0.461,0.068,0.750
1751285357824,2025-06-30T15:09:17.824,14.110,0.599,0.083,0.846
1751285357834,2025-06-30T15:09:17.834,14.120,0.724,0.101,0.962
1751285357844,2025-06-30T15:09:17.844,14.130,0.813,0.101,1.050
1751285357854,2025-06-30T15:09:17.854,14.140,0.832,0.104,1.142
1751285357864,2025-06-30T15:09:17.864,14.150,0.813,0.110,1.248
1751285357874,2025-06-30T15:09:17.874,14.160,0.895,0.100,1.332
1751285357884,2025-06-30T15:09:17.884,14.170,1.016,0.093,1.416
1751285357894,2025-06-30T15:09:17.894,14.180,1.047,0.100,1.526
1751285357904,2025-06-30T15:09:17.904,14.190,1.060,0.097,1.580
1751285357914,2025-06-30T15:09:17.914,14.200,1.050,0.092,1.616
1751285357924,2025-06-30T15:09:17.924,14.210,0.979,0.112,1.659
1751285357934,2025-06-30T15:09:17.934,14.220,0.938,0.135,1.692
1751285357944,2025-06-30T15:09:17.944,14.230,0.945,0.161,1.739
1751285357954,2025-06-30T15:09:17.954,14.240,0.907,0.208,1.770
1751285357964,2025-06-30T15:09:17.964,14.250,0.847,0.243,1.775
1751285357974,2025-06-30T15:09:17.974,14.260,0.784,0.279,1.764
1751285357984,2025-06-30T15:09:17.984,14.270,0.722,0.318,1.742
1751285357994,2025-06-30T15:09:17.994,14.280,0.647,0.352,1.735
1751285358004,2025-06-30T15:09:18.004,14.290,0.546,0.389,1.729
1751285358014,2025-06-30T15:09:18.014,14.300,0.464,0.401,1.741
1751285358024,2025-06-30T15:09:18.024,14.310,0.415,0.408,1.761
1751285358034,2025-06-30T15:09:18.034,14.320,0.340,0.435,1.743
1751285358044,2025-06-30T15:09:18.044,14.330,0.231,0.474,1.688
1751285358054,2025-06-30T15:09:18.054,14.340,0.124,0.503,1.641
1751285358064,2025-06-30T15:09:18.064,14.350,0.038,0.512,1.608
1751285358074,2025-06-30T15:09:18.074,14.360,-0.052,0.508,1.572
1751285358084,2025-06-30T15:09:18.084,14.370,-0.153,0.496,1.541
1751285358094,2025-06-30T15:09:18.094,14.380,-0.244,0.478,1.514
1751285358104,2025-06-30T15:09:18.104,14.390,-0.301,0.459,1.459
1751285358114,2025-06-30T15:09:18.114,14.400,-0.321,0.440,1.420
1751285358124,2025-06-30T15:09:18.124,14.410,-0.358,0.440,1.384
1751285358134,2025-06-30T15:09:18.134,14.420,-0.396,0.438,1.308
1751285358144,2025-06-30T15:09:18.144,14.430,-0.407,0.420,1.235
1751285358154,2025-06-30T15:09:18.154,14.440,-0.423,0.395,1.178
1751285358164,2025-06-30T15:09:18.164,14.450,-0.445,0.358,1.112
1751285358174,2025-06-30T15:09:18.174,14.460,-0.466,0.327,1.036
1751285358184,2025-06-30T15:09:18.184,14.470,-0.510,0.297,0.971
1751285358194,2025-06-30T15:09:18.194,14.480,-0.528,0.259,0.891
1751285358204,2025-06-30T15:09:18.204,14.490,-0.499,0.223,0.817
1751285358214,2025-06-30T15:09:18.214,14.500,-0.470,0.188,0.757
1751285358224,2025-06-30T15:09:18.224,14.510,-0.489,0.156,0.699
1751285358234,2025-06-30T15:09:18.234,14.520,-0.457,0.115,0.617
1751285358244,2025-06-30T15:09:18.244,14.530,-0.369,0.076,0.534
1751285358254,2025-06-30T15:09:18.254,14.540,-0.277,0.041,0.485
1751285358264,2025-06-30T15:09:18.264,14.550,-0.239,-0.008,0.481
1751285358274,2025-06-30T15:09:18.274,14.560,-0.147,-0.078,0.468
1751285358284,2025-06-30T15:09:18.284,14.570,0.017,-0.138,0.488
1751285358294,2025-06-30T15:09:18.294,14.580,0.137,-0.169,0.509
1751285358304,2025-06-30T15:09:18.304,14.590,0.245,-0.171,0.521
1751285358314,2025-06-30T15:09:18.314,14.600,0.314,-0.166,0.547
1751285358324,2025-06-30T15:09:18.324,14.610,0.330,-0.159,0.560
1751285358334,2025-06-30T15:09:18.334,14.620,0.332,-0.165,0.571
1751285358344,2025-06-30T15:09:18.344,14.630,0.366,-0.205,0.575
1751285358354,2025-06-30T15:09:18.354,14.640,0.432,-0.251,0.575
1751285358364,2025-06-30T15:09:18.364,14.650,0.477,-0.291,0.594
1751285358374,2025-06-30T15:09:18.374,14.660,0.494,-0.338,0.635
1751285358384,2025-06-30T15:09:18.384,14.670,0.451,-0.375,0.675
1751285358394,2025-06-30T15:09:18.394,14.680,0.357,-0.408,0.709
1751285358404,2025-06-30T15:09:18.404,14.690,0.272,-0.437,0.727
1751285358414,2025-06-30T15:09:18.414,14.700,0.206,-0.446,0.743
1751285358424,2025-06-30T15:09:18.424,14.710,0.102,-0.437,0.767
1751285358434,2025-06-30T15:09:18.434,14.720,0.009,-0.416,0.780
1751285358444,2025-06-30T15:09:18.444,14.730,-0.054,-0.386,0.773
1751285358454,2025-06-30T15:09:18.454,14.740,-0.088,-0.348,0.746
1751285358464,2025-06-30T15:09:18.464,14.750,-0.138,-0.297,0.706
1751285358474,2025-06-30T15:09:18.474,14.760,-0.167,-0.257,0.673
1751285358484,2025-06-30T15:09:18.484,14.770,-0.175,-0.229,0.622
1751285358494,2025-06-30T15:09:18.494,14.780,-0.184,-0.208,0.568
1751285358504,2025-06-30T15:09:18.504,14.790,-0.184,-0.191,0.528
1751285358514,2025-06-30T15:09:18.514,14.800,-0.203,-0.173,0.512
1751285358524,2025-06-30T15:09:18.524,14.810,-0.207,-0.162,0.502
1751285358534,2025-06-30T15:09:18.534,14.820,-0.160,-0.159,0.489
1751285358544,2025-06-30T15:09:18.544,14.830,-0.156,-0.143,0.490
1751285358554,2025-06-30T15:09:18.554,14.840,-0.169,-0.129,0.485
1751285358564,2025-06-30T15:09:18.564,14.850,-0.153,-0.112,0.484
1751285358574,2025-06-30T15:09:18.574,14.860,-0.151,-0.090,0.501
1751285358584,2025-06-30T15:09:18.584,14.870,-0.154,-0.069,0.490
1751285358594,2025-06-30T15:09:18.594,14.880,-0.109,-0.032,0.485
1751285358604,2025-06-30T15:09:18.604,14.890,-0.039,0.010,0.515
1751285358614,2025-06-30T15:09:18.614,14.900,0.052,0.036,0.530
1751285358624,2025-06-30T15:09:18.624,14.910,0.164,0.044,0.581
1751285358634,2025-06-30T15:09:18.634,14.920,0.236,0.046,0.672
1751285358644,2025-06-30T15:09:18.644,14.930,0.264,0.041,0.725
1751285358654,2025-06-30T15:09:18.654,14.940,0.276,0.038,0.786
1751285358664,2025-06-30T15:09:18.664,14.950,0.313,0.059,0.815
1751285358674,2025-06-30T15:09:18.674,14.960,0.401,0.092,0.785
1751285358684,2025-06-30T15:09:18.684,14.970,0.639,0.134,0.768
1751285358694,2025-06-30T15:09:18.694,14.980,1.012,0.129,0.895
1751285358704,2025-06-30T15:09:18.704,14.990,1.342,0.062,1.107
1751285358714,2025-06-30T15:09:18.714,15.000,1.463,-0.002,1.298
1751285358724,2025-06-30T15:09:18.724,15.010,1.307,-0.044,1.424
1751285358734,2025-06-30T15:09:18.734,15.020,1.111,-0.047,1.454
1751285358744,2025-06-30T15:09:18.744,15.030,1.032,-0.008,1.462
1751285358754,2025-06-30T15:09:18.754,15.040,0.979,0.061,1.494
1751285358764,2025-06-30T15:09:18.764,15.050,0.963,0.120,1.543
1751285358774,2025-06-30T15:09:18.774,15.060,1.011,0.119,1.585
1751285358784,2025-06-30T15:09:18.784,15.070,1.071,0.088,1.635
1751285358794,2025-06-30T15:09:18.794,15.080,1.102,0.096,1.682
1751285358804,2025-06-30T15:09:18.804,15.090,1.077,0.147,1.702
1751285358814,2025-06-30T15:09:18.814,15.100,1.003,0.209,1.704
1751285358824,2025-06-30T15:09:18.824,15.110,0.909,0.261,1.684
1751285358834,2025-06-30T15:09:18.834,15.120,0.794,0.306,1.677
1751285358844,2025-06-30T15:09:18.844,15.130,0.670,0.343,1.665
1751285358854,2025-06-30T15:09:18.854,15.140,0.578,0.374,1.647
1751285358864,2025-06-30T15:09:18.864,15.150,0.498,0.410,1.633
1751285358874,2025-06-30T15:09:18.874,15.160,0.404,0.438,1.608
1751285358884,2025-06-30T15:09:18.884,15.170,0.330,0.452,1.578
1751285358894,2025-06-30T15:09:18.894,15.180,0.257,0.461,1.579
1751285358904,2025-06-30T15:09:18.904,15.190,0.157,0.474,1.575
1751285358914,2025-06-30T15:09:18.914,15.200,0.044,0.475,1.547
1751285358924,2025-06-30T15:09:18.924,15.210,-0.062,0.463,1.487
1751285358934,2025-06-30T15:09:18.934,15.220,-0.164,0.445,1.441
1751285358944,2025-06-30T15:09:18.944,15.230,-0.249,0.421,1.415
1751285358954,2025-06-30T15:09:18.954,15.240,-0.325,0.396,1.381
1751285358964,2025-06-30T15:09:18.964,15.250,-0.386,0.378,1.347
1751285358974,2025-06-30T15:09:18.974,15.260,-0.423,0.356,1.314
1751285358984,2025-06-30T15:09:18.984,15.270,-0.417,0.333,1.277
1751285358994,2025-06-30T15:09:18.994,15.280,-0.456,0.339,1.207
1751285359004,2025-06-30T15:09:19.004,15.290,-0.522,0.332,1.128
1751285359014,2025-06-30T15:09:19.014,15.300,-0.574,0.315,1.076
1751285359024,2025-06-30T15:09:19.024,15.310,-0.599,0.292,1.008
1751285359034,2025-06-30T15:09:19.034,15.320,-0.555,0.249,0.942
1751285359044,2025-06-30T15:09:19.044,15.330,-0.509,0.225,0.874
1751285359054,2025-06-30T15:09:19.054,15.340,-0.469,0.207,0.800
1751285359064,2025-06-30T15:09:19.064,15.350,-0.427,0.166,0.742
1751285359074,2025-06-30T15:09:19.074,15.360,-0.383,0.111,0.689
1751285359084,2025-06-30T15:09:19.084,15.370,-0.325,0.058,0.642
1751285359094,2025-06-30T15:09:19.094,15.380,-0.258,0.016,0.611
1751285359104,2025-06-30T15:09:19.104,15.390,-0.175,-0.013,0.578
1751285359114,2025-06-30T15:09:19.114,15.400,-0.095,-0.029,0.581
1751285359124,2025-06-30T15:09:19.124,15.410,-0.026,-0.054,0.594
1751285359134,2025-06-30T15:09:19.134,15.420,0.063,-0.086,0.568
1751285359144,2025-06-30T15:09:19.144,15.430,0.169,-0.108,0.561
1751285359154,2025-06-30T15:09:19.154,15.440,0.255,-0.108,0.572
1751285359164,2025-06-30T15:09:19.164,15.450,0.303,-0.133,0.589
1751285359174,2025-06-30T15:09:19.174,15.460,0.339,-0.179,0.604
1751285359184,2025-06-30T15:09:19.184,15.470,0.360,-0.217,0.598
1751285359194,2025-06-30T15:09:19.194,15.480,0.364,-0.250,0.604
1751285359204,2025-06-30T15:09:19.204,15.490,0.360,-0.271,0.608
1751285359214,2025-06-30T15:09:19.214,15.500,0.329,-0.300,0.638
1751285359224,2025-06-30T15:09:19.224,15.510,0.243,-0.314,0.679
1751285359234,2025-06-30T15:09:19.234,15.520,0.176,-0.324,0.712
1751285359244,2025-06-30T15:09:19.244,15.530,0.155,-0.333,0.763
1751285359254,2025-06-30T15:09:19.254,15.540,0.165,-0.343,0.806
1751285359264,2025-06-30T15:09:19.264,15.550,0.092,-0.332,0.837
1751285359274,2025-06-30T15:09:19.274,15.560,0.001,-0.311,0.850
1751285359284,2025-06-30T15:09:19.284,15.570,-0.013,-0.295,0.842
1751285359294,2025-06-30T15:09:19.294,15.580,-0.059,-0.263,0.827
1751285359304,2025-06-30T15:09:19.304,15.590,-0.128,-0.229,0.793
1751285359314,2025-06-30T15:09:19.314,15.600,-0.181,-0.212,0.763
1751285359324,2025-06-30T15:09:19.324,15.610,-0.186,-0.197,0.757
1751285359334,2025-06-30T15:09:19.334,15.620,-0.180,-0.179,0.729
1751285359344,2025-06-30T15:09:19.344,15.630,-0.165,-0.173,0.711
1751285359354,2025-06-30T15:09:19.354,15.640,-0.138,-0.164,0.717
1751285359364,2025-06-30T15:09:19.364,15.650,-0.159,-0.144,0.712
1751285359374,2025-06-30T15:09:19.374,15.660,-0.211,-0.127,0.681
1751285359384,2025-06-30T15:09:19.384,15.670,-0.249,-0.121,0.660
1751285359394,2025-06-30T15:09:19.394,15.680,-0.256,-0.115,0.662
1751285359404,2025-06-30T15:09:19.404,15.690,-0.250,-0.103,0.652
1751285359414,2025-06-30T15:09:19.414,15.700,-0.238,-0.077,0.636
1751285359424,2025-06-30T15:09:19.424,15.710,-0.175,-0.046,0.642
1751285359434,2025-06-30T15:09:19.434,15.720,-0.112,-0.032,0.649
1751285359444,2025-06-30T15:09:19.444,15.730,-0.072,-0.020,0.655
1751285359454,2025-06-30T15:09:19.454,15.740,-0.009,-0.007,0.659
1751285359464,2025-06-30T15:09:19.464,15.750,0.092,0.004,0.681
1751285359474,2025-06-30T15:09:19.474,15.760,0.179,0.031,0.705
1751285359484,2025-06-30T15:09:19.484,15.770,0.291,0.067,0.724
1751285359494,2025-06-30T15:09:19.494,15.780,0.390,0.098,0.744
1751285359504,2025-06-30T15:09:19.504,15.790,0.435,0.110,0.756
1751285359514,2025-06-30T15:09:19.514,15.800,0.452,0.104,0.796
1751285359524,2025-06-30T15:09:19.524,15.810,0.444,0.086,0.799
1751285359534,2025-06-30T15:09:19.534,15.820,0.521,0.068,0.773
1751285359544,2025-06-30T15:09:19.544,15.830,0.699,0.061,0.810
1751285359554,2025-06-30T15:09:19.554,15.840,0.859,0.091,0.860
1751285359564,2025-06-30T15:09:19.564,15.850,0.958,0.099,0.934
1751285359574,2025-06-30T15:09:19.574,15.860,1.045,0.069,0.986
1751285359584,2025-06-30T15:09:19.584,15.870,1.128,0.044,0.986
1751285359594,2025-06-30T15:09:19.594,15.880,1.139,0.021,1.037
1751285359604,2025-06-30T15:09:19.604,15.890,1.115,0.018,1.118
1751285359614,2025-06-30T15:09:19.614,15.900,1.119,0.027,1.164
1751285359624,2025-06-30T15:09:19.624,15.910,1.110,0.040,1.217
1751285359634,2025-06-30T15:09:19.634,15.920,1.104,0.055,1.265
1751285359644,2025-06-30T15:09:19.644,15.930,1.085,0.067,1.318
1751285359654,2025-06-30T15:09:19.654,15.940,1.003,0.059,1.410
1751285359664,2025-06-30T15:09:19.664,15.950,0.936,0.051,1.461
1751285359674,2025-06-30T15:09:19.674,15.960,0.916,0.065,1.486
1751285359684,2025-06-30T15:09:19.684,15.970,0.897,0.125,1.526
1751285359694,2025-06-30T15:09:19.694,15.980,0.862,0.215,1.542
1751285359704,2025-06-30T15:09:19.704,15.990,0.785,0.283,1.555
1751285359714,2025-06-30T15:09:19.714,16.000,0.673,0.348,1.566
1751285359724,2025-06-30T15:09:19.724,16.010,0.579,0.398,1.590
1751285359734,2025-06-30T15:09:19.734,16.020,0.487,0.443,1.605
1751285359744,2025-06-30T15:09:19.744,16.030,0.379,0.484,1.613
1751285359754,2025-06-30T15:09:19.754,16.040,0.285,0.520,1.638
1751285359764,2025-06-30T15:09:19.764,16.050,0.196,0.547,1.658
1751285359774,2025-06-30T15:09:19.774,16.060,0.116,0.548,1.679
1751285359784,2025-06-30T15:09:19.784,16.070,-0.000,0.559,1.659
1751285359794,2025-06-30T15:09:19.794,16.080,-0.112,0.558,1.633
1751285359804,2025-06-30T15:09:19.804,16.090,-0.167,0.531,1.611
1751285359814,2025-06-30T15:09:19.814,16.100,-0.240,0.522,1.570
1751285359824,2025-06-30T15:09:19.824,16.110,-0.340,0.515,1.526
1751285359834,2025-06-30T15:09:19.834,16.120,-0.399,0.494,1.477
1751285359844,2025-06-30T15:09:19.844,16.130,-0.434,0.485,1.428
1751285359854,2025-06-30T15:09:19.854,16.140,-0.461,0.473,1.385
1751285359864,2025-06-30T15:09:19.864,16.150,-0.466,0.450,1.334
1751285359874,2025-06-30T15:09:19.874,16.160,-0.484,0.427,1.280
1751285359884,2025-06-30T15:09:19.884,16.170,-0.540,0.405,1.202
1751285359894,2025-06-30T15:09:19.894,16.180,-0.577,0.384,1.118
1751285359904,2025-06-30T15:09:19.904,16.190,-0.572,0.345,1.045
1751285359914,2025-06-30T15:09:19.914,16.200,-0.554,0.308,0.979
1751285359924,2025-06-30T15:09:19.924,16.210,-0.515,0.277,0.910
1751285359934,2025-06-30T15:09:19.934,16.220,-0.459,0.247,0.832
1751285359944,2025-06-30T15:09:19.944,16.230,-0.387,0.217,0.756
1751285359954,2025-06-30T15:09:19.954,16.240,-0.303,0.182,0.682
1751285359964,2025-06-30T15:09:19.964,16.250,-0.242,0.138,0.610
1751285359974,2025-06-30T15:09:19.974,16.260,-0.173,0.087,0.561
1751285359984,2025-06-30T15:09:19.984,16.270,-0.100,0.036,0.531
1751285359994,2025-06-30T15:09:19.994,16.280,-0.021,-0.013,0.506
1751285360004,2025-06-30T15:09:20.004,16.290,0.033,-0.050,0.487
1751285360014,2025-06-30T15:09:20.014,16.300,0.051,-0.082,0.449
1751285360024,2025-06-30T15:09:20.024,16.310,0.053,-0.112,0.400
1751285360034,2025-06-30T15:09:20.034,16.320,0.127,-0.144,0.365
1751285360044,2025-06-30T15:09:20.044,16.330,0.223,-0.169,0.347
1751285360054,2025-06-30T15:09:20.054,16.340,0.333,-0.184,0.348
1751285360064,2025-06-30T15:09:20.064,16.350,0.501,-0.201,0.447
1751285360074,2025-06-30T15:09:20.074,16.360,0.573,-0.229,0.559
1751285360084,2025-06-30T15:09:20.084,16.370,0.545,-0.278,0.647
1751285360094,2025-06-30T15:09:20.094,16.380,0.488,-0.338,0.708
1751285360104,2025-06-30T15:09:20.104,16.390,0.404,-0.380,0.727
1751285360114,2025-06-30T15:09:20.114,16.400,0.298,-0.361,0.757
1751285360124,2025-06-30T15:09:20.124,16.410,0.178,-0.301,0.800
1751285360134,2025-06-30T15:09:20.134,16.420,0.138,-0.257,0.833
1751285360144,2025-06-30T15:09:20.144,16.430,0.125,-0.236,0.871
1751285360154,2025-06-30T15:09:20.154,16.440,0.090,-0.231,0.912
1751285360164,2025-06-30T15:09:20.164,16.450,0.063,-0.235,0.941
1751285360174,2025-06-30T15:09:20.174,16.460,0.062,-0.236,0.965
1751285360184,2025-06-30T15:09:20.184,16.470,0.052,-0.225,0.974
1751285360194,2025-06-30T15:09:20.194,16.480,0.005,-0.204,0.957
1751285360204,2025-06-30T15:09:20.204,16.490,-0.021,-0.191,0.931
1751285360214,2025-06-30T15:09:20.214,16.500,0.001,-0.182,0.927
1751285360224,2025-06-30T15:09:20.224,16.510,-0.041,-0.148,0.907
1751285360234,2025-06-30T15:09:20.234,16.520,-0.121,-0.127,0.875
1751285360244,2025-06-30T15:09:20.244,16.530,-0.189,-0.121,0.854
1751285360254,2025-06-30T15:09:20.254,16.540,-0.216,-0.117,0.843
1751285360264,2025-06-30T15:09:20.264,16.550,-0.227,-0.105,0.817
1751285360274,2025-06-30T15:09:20.274,16.560,-0.246,-0.086,0.789
1751285360284,2025-06-30T15:09:20.284,16.570,-0.233,-0.073,0.757
1751285360294,2025-06-30T15:09:20.294,16.580,-0.198,-0.063,0.742
1751285360304,2025-06-30T15:09:20.304,16.590,-0.188,-0.052,0.719
1751285360314,2025-06-30T15:09:20.314,16.600,-0.170,-0.047,0.696
1751285360324,2025-06-30T15:09:20.324,16.610,-0.155,-0.033,0.689
1751285360334,2025-06-30T15:09:20.334,16.620,-0.176,-0.014,0.681
1751285360344,2025-06-30T15:09:20.344,16.630,-0.201,-0.001,0.656
1751285360354,2025-06-30T15:09:20.354,16.640,-0.174,0.008,0.619
1751285360364,2025-06-30T15:09:20.364,16.650,-0.116,0.030,0.569
1751285360374,2025-06-30T15:09:20.374,16.660,-0.012,0.048,0.549
1751285360384,2025-06-30T15:09:20.384,16.670,0.106,0.044,0.568
1751285360394,2025-06-30T15:09:20.394,16.680,0.237,0.026,0.563
1751285360404,2025-06-30T15:09:20.404,16.690,0.432,0.018,0.586
1751285360414,2025-06-30T15:09:20.414,16.700,0.549,0.009,0.663
1751285360424,2025-06-30T15:09:20.424,16.710,0.542,0.011,0.665
1751285360434,2025-06-30T15:09:20.434,16.720,0.525,0.006,0.680
1751285360444,2025-06-30T15:09:20.444,16.730,0.582,0.031,0.743
1751285360454,2025-06-30T15:09:20.454,16.740,0.721,0.063,0.835
1751285360464,2025-06-30T15:09:20.464,16.750,0.820,0.055,0.966
1751285360474,2025-06-30T15:09:20.474,16.760,0.892,0.038,1.032
1751285360484,2025-06-30T15:09:20.484,16.770,0.970,0.014,1.107
1751285360494,2025-06-30T15:09:20.494,16.780,1.001,0.023,1.216
1751285360504,2025-06-30T15:09:20.504,16.790,1.011,0.068,1.253
1751285360514,2025-06-30T15:09:20.514,16.800,0.957,0.092,1.321
1751285360524,2025-06-30T15:09:20.524,16.810,0.898,0.101,1.429
1751285360534,2025-06-30T15:09:20.534,16.820,0.894,0.099,1.472
1751285360544,2025-06-30T15:09:20.544,16.830,0.855,0.128,1.508
1751285360554,2025-06-30T15:09:20.554,16.840,0.785,0.181,1.574
1751285360564,2025-06-30T15:09:20.564,16.850,0.733,0.219,1.576
1751285360574,2025-06-30T15:09:20.574,16.860,0.701,0.239,1.587
1751285360584,2025-06-30T15:09:20.584,16.870,0.624,0.268,1.623
1751285360594,2025-06-30T15:09:20.594,16.880,0.524,0.292,1.649
1751285360604,2025-06-30T15:09:20.604,16.890,0.443,0.325,1.653
1751285360614,2025-06-30T15:09:20.614,16.900,0.383,0.369,1.654
1751285360624,2025-06-30T15:09:20.624,16.910,0.333,0.409,1.649
1751285360634,2025-06-30T15:09:20.634,16.920,0.273,0.442,1.641
1751285360644,2025-06-30T15:09:20.644,16.930,0.224,0.456,1.645
1751285360654,2025-06-30T15:09:20.654,16.940,0.193,0.465,1.640
1751285360664,2025-06-30T15:09:20.664,16.950,0.138,0.491,1.634
1751285360674,2025-06-30T15:09:20.674,16.960,0.038,0.528,1.617
1751285360684,2025-06-30T15:09:20.684,16.970,-0.074,0.545,1.583
1751285360694,2025-06-30T15:09:20.694,16.980,-0.196,0.542,1.551
1751285360704,2025-06-30T15:09:20.704,16.990,-0.313,0.523,1.496
1751285360714,2025-06-30T15:09:20.714,17.000,-0.387,0.476,1.456
1751285360724,2025-06-30T15:09:20.724,17.010,-0.444,0.445,1.426
1751285360734,2025-06-30T15:09:20.734,17.020,-0.518,0.424,1.392
1751285360744,2025-06-30T15:09:20.744,17.030,-0.540,0.400,1.364
1751285360754,2025-06-30T15:09:20.754,17.040,-0.542,0.400,1.326
1751285360764,2025-06-30T15:09:20.764,17.050,-0.553,0.396,1.279
1751285360774,2025-06-30T15:09:20.774,17.060,-0.538,0.388,1.205
1751285360784,2025-06-30T15:09:20.784,17.070,-0.519,0.374,1.143
1751285360794,2025-06-30T15:09:20.794,17.080,-0.526,0.353,1.083
1751285360804,2025-06-30T15:09:20.804,17.090,-0.503,0.331,1.014
1751285360814,2025-06-30T15:09:20.814,17.100,-0.486,0.303,0.949
1751285360824,2025-06-30T15:09:20.824,17.110,-0.502,0.276,0.893
1751285360834,2025-06-30T15:09:20.834,17.120,-0.455,0.233,0.837
1751285360844,2025-06-30T15:09:20.844,17.130,-0.396,0.194,0.796
1751285360854,2025-06-30T15:09:20.854,17.140,-0.339,0.164,0.726
1751285360864,2025-06-30T15:09:20.864,17.150,-0.247,0.117,0.671
1751285360874,2025-06-30T15:09:20.874,17.160,-0.178,0.083,0.632
1751285360884,2025-06-30T15:09:20.884,17.170,-0.130,0.045,0.581
1751285360894,2025-06-30T15:09:20.894,17.180,-0.030,-0.005,0.518
1751285360904,2025-06-30T15:09:20.904,17.190,0.080,-0.053,0.487
1751285360914,2025-06-30T15:09:20.914,17.200,0.161,-0.094,0.472
1751285360924,2025-06-30T15:09:20.924,17.210,0.242,-0.133,0.464
1751285360934,2025-06-30T15:09:20.934,17.220,0.312,-0.160,0.478
1751285360944,2025-06-30T15:09:20.944,17.230,0.347,-0.176,0.478
1751285360954,2025-06-30T15:09:20.954,17.240,0.352,-0.208,0.480
1751285360964,2025-06-30T15:09:20.964,17.250,0.330,-0.251,0.491
1751285360974,2025-06-30T15:09:20.974,17.260,0.300,-0.299,0.514
1751285360984,2025-06-30T15:09:20.984,17.270,0.287,-0.343,0.540
1751285360994,2025-06-30T15:09:20.994,17.280,0.278,-0.365,0.569
1751285361004,2025-06-30T15:09:21.004,17.290,0.257,-0.365,0.610
1751285361014,2025-06-30T15:09:21.014,17.300,0.213,-0.352,0.660
1751285361024,2025-06-30T15:09:21.024,17.310,0.183,-0.335,0.689
1751285361034,2025-06-30T15:09:21.034,17.320,0.173,-0.308,0.722
1751285361044,2025-06-30T15:09:21.044,17.330,0.160,-0.269,0.750
1751285361054,2025-06-30T15:09:21.054,17.340,0.135,-0.238,0.761
1751285361064,2025-06-30T15:09:21.064,17.350,0.073,-0.212,0.759
1751285361074,2025-06-30T15:09:21.074,17.360,-0.016,-0.183,0.737
1751285361084,2025-06-30T15:09:21.084,17.370,-0.074,-0.165,0.732
1751285361094,2025-06-30T15:09:21.094,17.380,-0.104,-0.148,0.745
1751285361104,2025-06-30T15:09:21.104,17.390,-0.130,-0.126,0.749
1751285361114,2025-06-30T15:09:21.114,17.400,-0.193,-0.112,0.735
1751285361124,2025-06-30T15:09:21.124,17.410,-0.204,-0.115,0.736
1751285361134,2025-06-30T15:09:21.134,17.420,-0.180,-0.106,0.731
1751285361144,2025-06-30T15:09:21.144,17.430,-0.173,-0.082,0.707
1751285361154,2025-06-30T15:09:21.154,17.440,-0.154,-0.067,0.687
1751285361164,2025-06-30T15:09:21.164,17.450,-0.134,-0.042,0.687
1751285361174,2025-06-30T15:09:21.174,17.460,-0.122,-0.025,0.687
1751285361184,2025-06-30T15:09:21.184,17.470,-0.090,-0.016,0.665
1751285361194,2025-06-30T15:09:21.194,17.480,-0.063,-0.001,0.663
1751285361204,2025-06-30T15:09:21.204,17.490,-0.053,0.020,0.672
1751285361214,2025-06-30T15:09:21.214,17.500,-0.036,0.037,0.682
1751285361224,2025-06-30T15:09:21.224,17.510,0.042,0.049,0.686
1751285361234,2025-06-30T15:09:21.234,17.520,0.180,0.043,0.752
1751285361244,2025-06-30T15:09:21.244,17.530,0.328,0.041,0.790
1751285361254,2025-06-30T15:09:21.254,17.540,0.415,0.048,0.807
1751285361264,2025-06-30T15:09:21.264,17.550,0.448,0.061,0.846
1751285361274,2025-06-30T15:09:21.274,17.560,0.430,0.067,0.865
1751285361284,2025-06-30T15:09:21.284,17.570,0.430,0.054,0.898
1751285361294,2025-06-30T15:09:21.294,17.580,0.504,0.037,0.959
1751285361304,2025-06-30T15:09:21.304,17.590,0.645,0.023,0.973
1751285361314,2025-06-30T15:09:21.314,17.600,0.760,0.022,1.044
1751285361324,2025-06-30T15:09:21.324,17.610,0.805,0.045,1.115
1751285361334,2025-06-30T15:09:21.334,17.620,0.881,0.050,1.188
1751285361344,2025-06-30T15:09:21.344,17.630,0.961,0.038,1.302
1751285361354,2025-06-30T15:09:21.354,17.640,0.937,0.061,1.393
1751285361364,2025-06-30T15:09:21.364,17.650,0.842,0.080,1.446
1751285361374,2025-06-30T15:09:21.374,17.660,0.775,0.106,1.493
1751285361384,2025-06-30T15:09:21.384,17.670,0.787,0.156,1.529
1751285361394,2025-06-30T15:09:21.394,17.680,0.817,0.191,1.551
1751285361404,2025-06-30T15:09:21.404,17.690,0.833,0.207,1.582
1751285361414,2025-06-30T15:09:21.414,17.700,0.830,0.215,1.595
1751285361424,2025-06-30T15:09:21.424,17.710,0.796,0.233,1.591
1751285361434,2025-06-30T15:09:21.434,17.720,0.732,0.269,1.585
1751285361444,2025-06-30T15:09:21.444,17.730,0.621,0.320,1.590
1751285361454,2025-06-30T15:09:21.454,17.740,0.498,0.360,1.580
1751285361464,2025-06-30T15:09:21.464,17.750,0.402,0.386,1.569
1751285361474,2025-06-30T15:09:21.474,17.760,0.303,0.411,1.580
1751285361484,2025-06-30T15:09:21.484,17.770,0.225,0.414,1.570
1751285361494,2025-06-30T15:09:21.494,17.780,0.227,0.392,1.570
1751285361504,2025-06-30T15:09:21.504,17.790,0.213,0.404,1.568
1751285361514,2025-06-30T15:09:21.514,17.800,0.131,0.425,1.546
1751285361524,2025-06-30T15:09:21.524,17.810,0.047,0.426,1.522
1751285361534,2025-06-30T15:09:21.534,17.820,-0.018,0.426,1.492
1751285361544,2025-06-30T15:09:21.544,17.830,-0.107,0.432,1.447
1751285361554,2025-06-30T15:09:21.554,17.840,-0.216,0.435,1.412
1751285361564,2025-06-30T15:09:21.564,17.850,-0.292,0.420,1.376
1751285361574,2025-06-30T15:09:21.574,17.860,-0.327,0.403,1.344
1751285361584,2025-06-30T15:09:21.584,17.870,-0.329,0.388,1.307
1751285361594,2025-06-30T15:09:21.594,17.880,-0.347,0.382,1.258
1751285361604,2025-06-30T15:09:21.604,17.890,-0.351,0.374,1.206
1751285361614,2025-06-30T15:09:21.614,17.900,-0.334,0.357,1.156
1751285361624,2025-06-30T15:09:21.624,17.910,-0.332,0.338,1.096
1751285361634,2025-06-30T15:09:21.634,17.920,-0.346,0.314,1.044
1751285361644,2025-06-30T15:09:21.644,17.930,-0.354,0.282,0.996
1751285361654,2025-06-30T15:09:21.654,17.940,-0.345,0.254,0.933
1751285361664,2025-06-30T15:09:21.664,17.950,-0.343,0.229,0.869
1751285361674,2025-06-30T15:09:21.674,17.960,-0.333,0.204,0.804
1751285361684,2025-06-30T15:09:21.684,17.970,-0.288,0.172,0.742
1751285361694,2025-06-30T15:09:21.694,17.980,-0.280,0.140,0.703
1751285361704,2025-06-30T15:09:21.704,17.990,-0.270,0.092,0.655
1751285361714,2025-06-30T15:09:21.714,18.000,-0.233,0.051,0.607
1751285361724,2025-06-30T15:09:21.724,18.010,-0.208,0.017,0.575
1751285361734,2025-06-30T15:09:21.734,18.020,-0.154,-0.020,0.521
1751285361744,2025-06-30T15:09:21.744,18.030,-0.020,-0.048,0.473
1751285361754,2025-06-30T15:09:21.754,18.040,0.084,-0.066,0.448
1751285361764,2025-06-30T15:09:21.764,18.050,0.144,-0.094,0.423
1751285361774,2025-06-30T15:09:21.774,18.060,0.220,-0.133,0.423
1751285361784,2025-06-30T15:09:21.784,18.070,0.311,-0.160,0.454
1751285361794,2025-06-30T15:09:21.794,18.080,0.343,-0.195,0.497
1751285361804,2025-06-30T15:09:21.804,18.090,0.342,-0.232,0.547
1751285361814,2025-06-30T15:09:21.814,18.100,0.349,-0.265,0.583
1751285361824,2025-06-30T15:09:21.824,18.110,0.393,-0.290,0.596
1751285361834,2025-06-30T15:09:21.834,18.120,0.414,-0.306,0.640
1751285361844,2025-06-30T15:09:21.844,18.130,0.376,-0.298,0.703
1751285361854,2025-06-30T15:09:21.854,18.140,0.353,-0.275,0.760
1751285361864,2025-06-30T15:09:21.864,18.150,0.354,-0.269,0.814
1751285361874,2025-06-30T15:09:21.874,18.160,0.362,-0.270,0.851
1751285361884,2025-06-30T15:09:21.884,18.170,0.332,-0.258,0.891
1751285361894,2025-06-30T15:09:21.894,18.180,0.255,-0.243,0.925
1751285361904,2025-06-30T15:09:21.904,18.190,0.172,-0.227,0.948
1751285361914,2025-06-30T15:09:21.914,18.200,0.093,-0.214,0.948
1751285361924,2025-06-30T15:09:21.924,18.210,0.026,-0.197,0.941
1751285361934,2025-06-30T15:09:21.934,18.220,-0.036,-0.175,0.935
1751285361944,2025-06-30T15:09:21.944,18.230,-0.068,-0.145,0.928
1751285361954,2025-06-30T15:09:21.954,18.240,-0.094,-0.111,0.911
1751285361964,2025-06-30T15:09:21.964,18.250,-0.126,-0.086,0.889
1751285361974,2025-06-30T15:09:21.974,18.260,-0.134,-0.068,0.861
1751285361984,2025-06-30T15:09:21.984,18.270,-0.139,-0.055,0.833
1751285361994,2025-06-30T15:09:21.994,18.280,-0.115,-0.049,0.813
1751285362004,2025-06-30T15:09:22.004,18.290,-0.071,-0.037,0.786
1751285362014,2025-06-30T15:09:22.014,18.300,-0.070,-0.019,0.735
1751285362024,2025-06-30T15:09:22.024,18.310,-0.068,-0.021,0.685
1751285362034,2025-06-30T15:09:22.034,18.320,-0.071,-0.025,0.653
1751285362044,2025-06-30T15:09:22.044,18.330,-0.057,-0.029,0.630
1751285362054,2025-06-30T15:09:22.054,18.340,0.014,-0.035,0.624
1751285362064,2025-06-30T15:09:22.064,18.350,0.056,-0.024,0.612
1751285362074,2025-06-30T15:09:22.074,18.360,0.065,-0.003,0.588
1751285362084,2025-06-30T15:09:22.084,18.370,0.116,0.012,0.537
1751285362094,2025-06-30T15:09:22.094,18.380,0.188,0.021,0.526
1751285362104,2025-06-30T15:09:22.104,18.390,0.215,0.031,0.552
1751285362114,2025-06-30T15:09:22.114,18.400,0.248,0.035,0.566
1751285362124,2025-06-30T15:09:22.124,18.410,0.338,0.009,0.630
1751285362134,2025-06-30T15:09:22.134,18.420,0.459,-0.004,0.685
1751285362144,2025-06-30T15:09:22.144,18.430,0.545,0.004,0.739
1751285362154,2025-06-30T15:09:22.154,18.440,0.621,0.022,0.792
1751285362164,2025-06-30T15:09:22.164,18.450,0.736,0.060,0.825
1751285362174,2025-06-30T15:09:22.174,18.460,0.800,0.084,0.920
1751285362184,2025-06-30T15:09:22.184,18.470,0.804,0.093,1.052
1751285362194,2025-06-30T15:09:22.194,18.480,0.781,0.090,1.169
1751285362204,2025-06-30T15:09:22.204,18.490,0.799,0.084,1.276
1751285362214,2025-06-30T15:09:22.214,18.500,0.901,0.110,1.389
1751285362224,2025-06-30T15:09:22.224,18.510,0.998,0.169,1.488
1751285362234,2025-06-30T15:09:22.234,18.520,0.991,0.229,1.558
1751285362244,2025-06-30T15:09:22.244,18.530,0.940,0.258,1.606
1751285362254,2025-06-30T15:09:22.254,18.540,0.898,0.258,1.640
1751285362264,2025-06-30T15:09:22.264,18.550,0.832,0.258,1.681
1751285362274,2025-06-30T15:09:22.274,18.560,0.744,0.284,1.695
1751285362284,2025-06-30T15:09:22.284,18.570,0.670,0.319,1.683
1751285362294,2025-06-30T15:09:22.294,18.580,0.610,0.357,1.667
1751285362304,2025-06-30T15:09:22.304,18.590,0.552,0.395,1.655
1751285362314,2025-06-30T15:09:22.314,18.600,0.489,0.421,1.643
1751285362324,2025-06-30T15:09:22.324,18.610,0.435,0.434,1.648
1751285362334,2025-06-30T15:09:22.334,18.620,0.374,0.449,1.655
1751285362344,2025-06-30T15:09:22.344,18.630,0.303,0.463,1.656
1751285362354,2025-06-30T15:09:22.354,18.640,0.217,0.480,1.658
1751285362364,2025-06-30T15:09:22.364,18.650,0.131,0.500,1.638
1751285362374,2025-06-30T15:09:22.374,18.660,0.066,0.508,1.632
1751285362384,2025-06-30T15:09:22.384,18.670,-0.016,0.527,1.593
1751285362394,2025-06-30T15:09:22.394,18.680,-0.121,0.537,1.530
1751285362404,2025-06-30T15:09:22.404,18.690,-0.226,0.533,1.467
1751285362414,2025-06-30T15:09:22.414,18.700,-0.320,0.516,1.422
1751285362424,2025-06-30T15:09:22.424,18.710,-0.359,0.474,1.389
1751285362434,2025-06-30T15:09:22.434,18.720,-0.382,0.438,1.364
1751285362444,2025-06-30T15:09:22.444,18.730,-0.452,0.422,1.323
1751285362454,2025-06-30T15:09:22.454,18.740,-0.484,0.387,1.253
1751285362464,2025-06-30T15:09:22.464,18.750,-0.446,0.344,1.183
1751285362474,2025-06-30T15:09:22.474,18.760,-0.442,0.334,1.125
1751285362484,2025-06-30T15:09:22.484,18.770,-0.450,0.320,1.051
1751285362494,2025-06-30T15:09:22.494,18.780,-0.379,0.279,0.966
1751285362504,2025-06-30T15:09:22.504,18.790,-0.333,0.248,0.919
1751285362514,2025-06-30T15:09:22.514,18.800,-0.314,0.221,0.853
1751285362524,2025-06-30T15:09:22.524,18.810,-0.283,0.193,0.773
1751285362534,2025-06-30T15:09:22.534,18.820,-0.244,0.164,0.715
1751285362544,2025-06-30T15:09:22.544,18.830,-0.200,0.137,0.656
1751285362554,2025-06-30T15:09:22.554,18.840,-0.169,0.098,0.592
1751285362564,2025-06-30T15:09:22.564,18.850,-0.147,0.053,0.557
1751285362574,2025-06-30T15:09:22.574,18.860,-0.090,0.006,0.539
1751285362584,2025-06-30T15:09:22.584,18.870,0.005,-0.043,0.510
1751285362594,2025-06-30T15:09:22.594,18.880,0.104,-0.079,0.508
1751285362604,2025-06-30T15:09:22.604,18.890,0.183,-0.114,0.504
1751285362614,2025-06-30T15:09:22.614,18.900,0.216,-0.142,0.515
1751285362624,2025-06-30T15:09:22.624,18.910,0.205,-0.162,0.546
1751285362634,2025-06-30T15:09:22.634,18.920,0.184,-0.177,0.556
1751285362644,2025-06-30T15:09:22.644,18.930,0.171,-0.199,0.542
1751285362654,2025-06-30T15:09:22.654,18.940,0.176,-0.220,0.549
1751285362664,2025-06-30T15:09:22.664,18.950,0.210,-0.233,0.575
1751285362674,2025-06-30T15:09:22.674,18.960,0.260,-0.257,0.606
1751285362684,2025-06-30T15:09:22.684,18.970,0.294,-0.271,0.659
1751285362694,2025-06-30T15:09:22.694,18.980,0.300,-0.269,0.696
1751285362704,2025-06-30T15:09:22.704,18.990,0.283,-0.269,0.720
1751285362714,2025-06-30T15:09:22.714,19.000,0.246,-0.258,0.737
1751285362724,2025-06-30T15:09:22.724,19.010,0.200,-0.243,0.750
1751285362734,2025-06-30T15:09:22.734,19.020,0.141,-0.232,0.757
1751285362744,2025-06-30T15:09:22.744,19.030,0.104,-0.221,0.755
1751285362754,2025-06-30T15:09:22.754,19.040,0.091,-0.215,0.754
1751285362764,2025-06-30T15:09:22.764,19.050,0.072,-0.207,0.756
1751285362774,2025-06-30T15:09:22.774,19.060,0.025,-0.195,0.752
1751285362784,2025-06-30T15:09:22.784,19.070,0.023,-0.200,0.752
1751285362794,2025-06-30T15:09:22.794,19.080,0.024,-0.185,0.752
1751285362804,2025-06-30T15:09:22.804,19.090,-0.030,-0.152,0.736
1751285362814,2025-06-30T15:09:22.814,19.100,-0.071,-0.133,0.711
1751285362824,2025-06-30T15:09:22.824,19.110,-0.085,-0.117,0.700
1751285362834,2025-06-30T15:09:22.834,19.120,-0.094,-0.095,0.687
1751285362844,2025-06-30T15:09:22.844,19.130,-0.085,-0.084,0.665
1751285362854,2025-06-30T15:09:22.854,19.140,-0.006,-0.073,0.669
1751285362864,2025-06-30T15:09:22.864,19.150,0.067,-0.049,0.677
1751285362874,2025-06-30T15:09:22.874,19.160,0.092,-0.036,0.675
1751285362884,2025-06-30T15:09:22.884,19.170,0.112,-0.032,0.672
1751285362894,2025-06-30T15:09:22.894,19.180,0.125,-0.021,0.665
1751285362904,2025-06-30T15:09:22.904,19.190,0.147,0.001,0.650
1751285362914,2025-06-30T15:09:22.914,19.200,0.208,0.025,0.655
1751285362924,2025-06-30T15:09:22.924,19.210,0.271,0.042,0.675
1751285362934,2025-06-30T15:09:22.934,19.220,0.317,0.045,0.665
1751285362944,2025-06-30T15:09:22.944,19.230,0.359,0.045,0.668
1751285362954,2025-06-30T15:09:22.954,19.240,0.417,0.055,0.690
1751285362964,2025-06-30T15:09:22.964,19.250,0.490,0.060,0.772
1751285362974,2025-06-30T15:09:22.974,19.260,0.535,0.048,0.818
1751285362984,2025-06-30T15:09:22.984,19.270,0.583,0.042,0.819
1751285362994,2025-06-30T15:09:22.994,19.280,0.635,0.054,0.825
1751285363004,2025-06-30T15:09:23.004,19.290,0.703,0.084,0.835
1751285363014,2025-06-30T15:09:23.014,19.300,0.775,0.102,0.897
1751285363024,2025-06-30T15:09:23.024,19.310,0.805,0.085,0.981
1751285363034,2025-06-30T15:09:23.034,19.320,0.858,0.064,1.021
1751285363044,2025-06-30T15:09:23.044,19.330,0.949,0.058,1.106
1751285363054,2025-06-30T15:09:23.054,19.340,0.974,0.069,1.247
1751285363064,2025-06-30T15:09:23.064,19.350,0.977,0.087,1.305
1751285363074,2025-06-30T15:09:23.074,19.360,1.003,0.103,1.344
1751285363084,2025-06-30T15:09:23.084,19.370,0.957,0.155,1.422
1751285363094,2025-06-30T15:09:23.094,19.380,0.876,0.192,1.484
1751285363104,2025-06-30T15:09:23.104,19.390,0.841,0.207,1.521
1751285363114,2025-06-30T15:09:23.114,19.400,0.818,0.236,1.565
1751285363124,2025-06-30T15:09:23.124,19.410,0.775,0.274,1.588
1751285363134,2025-06-30T15:09:23.134,19.420,0.731,0.341,1.582
1751285363144,2025-06-30T15:09:23.144,19.430,0.594,0.454,1.832
1751285363154,2025-06-30T15:09:23.154,19.440,0.515,0.466,1.936
1751285363164,2025-06-30T15:09:23.164,19.450,0.674,0.424,1.851
1751285363174,2025-06-30T15:09:23.174,19.460,0.753,0.434,1.680
1751285363184,2025-06-30T15:09:23.184,19.470,0.646,0.475,1.573
1751285363194,2025-06-30T15:09:23.194,19.480,0.443,0.545,1.556
1751285363204,2025-06-30T15:09:23.204,19.490,0.178,0.603,1.515
1751285363214,2025-06-30T15:09:23.214,19.500,0.043,0.578,1.449
1751285363224,2025-06-30T15:09:23.224,19.510,0.071,0.512,1.455
1751285363234,2025-06-30T15:09:23.234,19.520,0.076,0.465,1.488
1751285363244,2025-06-30T15:09:23.244,19.530,-0.008,0.450,1.511
1751285363254,2025-06-30T15:09:23.254,19.540,-0.128,0.445,1.517
1751285363264,2025-06-30T15:09:23.264,19.550,-0.216,0.430,1.496
1751285363274,2025-06-30T15:09:23.274,19.560,-0.264,0.402,1.433
1751285363284,2025-06-30T15:09:23.284,19.570,-0.317,0.395,1.352
1751285363294,2025-06-30T15:09:23.294,19.580,-0.371,0.406,1.269
1751285363304,2025-06-30T15:09:23.304,19.590,-0.387,0.402,1.218
1751285363314,2025-06-30T15:09:23.314,19.600,-0.407,0.405,1.187
1751285363324,2025-06-30T15:09:23.324,19.610,-0.414,0.392,1.136
1751285363334,2025-06-30T15:09:23.334,19.620,-0.381,0.356,1.073
1751285363344,2025-06-30T15:09:23.344,19.630,-0.394,0.334,1.028
1751285363354,2025-06-30T15:09:23.354,19.640,-0.404,0.311,0.975
1751285363364,2025-06-30T15:09:23.364,19.650,-0.408,0.286,0.903
1751285363374,2025-06-30T15:09:23.374,19.660,-0.439,0.263,0.832
1751285363384,2025-06-30T15:09:23.384,19.670,-0.416,0.221,0.776
1751285363394,2025-06-30T15:09:23.394,19.680,-0.343,0.184,0.718
1751285363404,2025-06-30T15:09:23.404,19.690,-0.271,0.163,0.649
1751285363414,2025-06-30T15:09:23.414,19.700,-0.233,0.138,0.584
1751285363424,2025-06-30T15:09:23.424,19.710,-0.177,0.083,0.521
1751285363434,2025-06-30T15:09:23.434,19.720,-0.087,0.033,0.477
1751285363444,2025-06-30T15:09:23.444,19.730,-0.017,-0.014,0.446
1751285363454,2025-06-30T15:09:23.454,19.740,0.054,-0.077,0.443
1751285363464,2025-06-30T15:09:23.464,19.750,0.132,-0.133,0.463
1751285363474,2025-06-30T15:09:23.474,19.760,0.176,-0.167,0.511
1751285363484,2025-06-30T15:09:23.484,19.770,0.182,-0.191,0.548
1751285363494,2025-06-30T15:09:23.494,19.780,0.196,-0.200,0.578
1751285363504,2025-06-30T15:09:23.504,19.790,0.214,-0.207,0.590
1751285363514,2025-06-30T15:09:23.514,19.800,0.205,-0.206,0.604
1751285363524,2025-06-30T15:09:23.524,19.810,0.250,-0.200,0.638
1751285363534,2025-06-30T15:09:23.534,19.820,0.325,-0.205,0.695
1751285363544,2025-06-30T15:09:23.544,19.830,0.330,-0.204,0.763
1751285363554,2025-06-30T15:09:23.554,19.840,0.316,-0.223,0.808
1751285363564,2025-06-30T15:09:23.564,19.850,0.319,-0.252,0.841
1751285363574,2025-06-30T15:09:23.574,19.860,0.307,-0.265,0.879
1751285363584,2025-06-30T15:09:23.584,19.870,0.268,-0.270,0.910
1751285363594,2025-06-30T15:09:23.594,19.880,0.218,-0.271,0.918
1751285363604,2025-06-30T15:09:23.604,19.890,0.191,-0.257,0.912
1751285363614,2025-06-30T15:09:23.614,19.900,0.158,-0.233,0.920
1751285363624,2025-06-30T15:09:23.624,19.910,0.091,-0.202,0.924
1751285363634,2025-06-30T15:09:23.634,19.920,0.046,-0.194,0.912
1751285363644,2025-06-30T15:09:23.644,19.930,0.040,-0.196,0.906
1751285363654,2025-06-30T15:09:23.654,19.940,-0.011,-0.178,0.883
1751285363664,2025-06-30T15:09:23.664,19.950,-0.085,-0.164,0.851
1751285363674,2025-06-30T15:09:23.674,19.960,-0.153,-0.143,0.811
1751285363684,2025-06-30T15:09:23.684,19.970,-0.193,-0.125,0.770
1751285363694,2025-06-30T15:09:23.694,19.980,-0.178,-0.130,0.733
1751285363704,2025-06-30T15:09:23.704,19.990,-0.141,-0.136,0.729
1751285363714,2025-06-30T15:09:23.714,20.000,-0.123,-0.131,0.716
1751285363724,2025-06-30T15:09:23.724,20.010,-0.115,-0.109,0.683
1751285363734,2025-06-30T15:09:23.734,20.020,-0.123,-0.082,0.643
1751285363744,2025-06-30T15:09:23.744,20.030,-0.167,-0.068,0.603
1751285363754,2025-06-30T15:09:23.754,20.040,-0.166,-0.060,0.580
1751285363764,2025-06-30T15:09:23.764,20.050,-0.134,-0.037,0.570
1751285363774,2025-06-30T15:09:23.774,20.060,-0.101,-0.017,0.563
1751285363784,2025-06-30T15:09:23.784,20.070,-0.063,-0.014,0.556
1751285363794,2025-06-30T15:09:23.794,20.080,0.008,0.003,0.549
1751285363804,2025-06-30T15:09:23.804,20.090,0.118,0.019,0.546
1751285363814,2025-06-30T15:09:23.814,20.100,0.210,0.014,0.556
1751285363824,2025-06-30T15:09:23.824,20.110,0.307,0.007,0.555
1751285363834,2025-06-30T15:09:23.834,20.120,0.420,0.009,0.589
1751285363844,2025-06-30T15:09:23.844,20.130,0.542,0.004,0.687
1751285363854,2025-06-30T15:09:23.854,20.140,0.596,0.000,0.728
1751285363864,2025-06-30T15:09:23.864,20.150,0.627,-0.012,0.728
1751285363874,2025-06-30T15:09:23.874,20.160,0.632,-0.008,0.783
1751285363884,2025-06-30T15:09:23.884,20.170,0.646,0.015,0.814
1751285363894,2025-06-30T15:09:23.894,20.180,0.716,0.017,0.813
1751285363904,2025-06-30T15:09:23.904,20.190,0.815,0.029,0.874
1751285363914,2025-06-30T15:09:23.914,20.200,0.936,0.045,0.945
1751285363924,2025-06-30T15:09:23.924,20.210,1.079,0.014,1.019
1751285363934,2025-06-30T15:09:23.934,20.220,1.180,-0.026,1.113
1751285363944,2025-06-30T15:09:23.944,20.230,1.160,-0.004,1.186
1751285363954,2025-06-30T15:09:23.954,20.240,1.013,0.029,1.279
1751285363964,2025-06-30T15:09:23.964,20.250,0.835,0.080,1.360
1751285363974,2025-06-30T15:09:23.974,20.260,0.742,0.126,1.424
1751285363984,2025-06-30T15:09:23.984,20.270,0.719,0.176,1.536
1751285363994,2025-06-30T15:09:23.994,20.280,0.720,0.233,1.660
1751285364004,2025-06-30T15:09:24.004,20.290,0.754,0.265,1.724
1751285364014,2025-06-30T15:09:24.014,20.300,0.807,0.286,1.761
1751285364024,2025-06-30T15:09:24.024,20.310,0.754,0.335,1.804
1751285364034,2025-06-30T15:09:24.034,20.320,0.610,0.396,1.805
1751285364044,2025-06-30T15:09:24.044,20.330,0.469,0.435,1.771
1751285364054,2025-06-30T15:09:24.054,20.340,0.380,0.458,1.771
1751285364064,2025-06-30T15:09:24.064,20.350,0.348,0.483,1.775
1751285364074,2025-06-30T15:09:24.074,20.360,0.308,0.513,1.760
1751285364084,2025-06-30T15:09:24.084,20.370,0.198,0.550,1.741
1751285364094,2025-06-30T15:09:24.094,20.380,0.082,0.565,1.694
1751285364104,2025-06-30T15:09:24.104,20.390,0.020,0.546,1.675
1751285364114,2025-06-30T15:09:24.114,20.400,-0.064,0.534,1.658
1751285364124,2025-06-30T15:09:24.124,20.410,-0.152,0.512,1.629
1751285364134,2025-06-30T15:09:24.134,20.420,-0.248,0.497,1.588
1751285364144,2025-06-30T15:09:24.144,20.430,-0.349,0.500,1.527
1751285364154,2025-06-30T15:09:24.154,20.440,-0.396,0.484,1.457
1751285364164,2025-06-30T15:09:24.164,20.450,-0.380,0.466,1.403
1751285364174,2025-06-30T15:09:24.174,20.460,-0.378,0.458,1.355
1751285364184,2025-06-30T15:09:24.184,20.470,-0.401,0.452,1.309
1751285364194,2025-06-30T15:09:24.194,20.480,-0.427,0.434,1.237
1751285364204,2025-06-30T15:09:24.204,20.490,-0.415,0.400,1.173
1751285364214,2025-06-30T15:09:24.214,20.500,-0.383,0.361,1.120
1751285364224,2025-06-30T15:09:24.224,20.510,-0.409,0.334,1.062
1751285364234,2025-06-30T15:09:24.234,20.520,-0.413,0.298,1.002
1751285364244,2025-06-30T15:09:24.244,20.530,-0.374,0.270,0.934
1751285364254,2025-06-30T15:09:24.254,20.540,-0.354,0.250,0.873
1751285364264,2025-06-30T15:09:24.264,20.550,-0.353,0.224,0.778
1751285364274,2025-06-30T15:09:24.274,20.560,-0.288,0.181,0.687
1751285364284,2025-06-30T15:09:24.284,20.570,-0.216,0.141,0.651
1751285364294,2025-06-30T15:09:24.294,20.580,-0.177,0.097,0.562
1751285364304,2025-06-30T15:09:24.304,20.590,-0.103,0.029,0.467
1751285364314,2025-06-30T15:09:24.314,20.600,-0.003,-0.027,0.422
1751285364324,2025-06-30T15:09:24.324,20.610,0.115,-0.076,0.398
1751285364334,2025-06-30T15:09:24.334,20.620,0.211,-0.120,0.406
1751285364344,2025-06-30T15:09:24.344,20.630,0.276,-0.155,0.427
1751285364354,2025-06-30T15:09:24.354,20.640,0.271,-0.184,0.441
1751285364364,2025-06-30T15:09:24.364,20.650,0.229,-0.224,0.440
1751285364374,2025-06-30T15:09:24.374,20.660,0.238,-0.271,0.429
1751285364384,2025-06-30T15:09:24.384,20.670,0.245,-0.307,0.442
1751285364394,2025-06-30T15:09:24.394,20.680,0.225,-0.315,0.468
1751285364404,2025-06-30T15:09:24.404,20.690,0.208,-0.321,0.521
1751285364414,2025-06-30T15:09:24.414,20.700,0.166,-0.326,0.561
1751285364424,2025-06-30T15:09:24.424,20.710,0.144,-0.331,0.565
1751285364434,2025-06-30T15:09:24.434,20.720,0.164,-0.329,0.594
1751285364444,2025-06-30T15:09:24.444,20.730,0.154,-0.310,0.649
1751285364454,2025-06-30T15:09:24.454,20.740,0.104,-0.296,0.704
1751285364464,2025-06-30T15:09:24.464,20.750,0.031,-0.291,0.745
1751285364474,2025-06-30T15:09:24.474,20.760,-0.018,-0.287,0.767
1751285364484,2025-06-30T15:09:24.484,20.770,-0.024,-0.284,0.776
1751285364494,2025-06-30T15:09:24.494,20.780,-0.043,-0.273,0.805
1751285364504,2025-06-30T15:09:24.504,20.790,-0.077,-0.251,0.814
1751285364514,2025-06-30T15:09:24.514,20.800,-0.099,-0.237,0.817
1751285364524,2025-06-30T15:09:24.524,20.810,-0.116,-0.218,0.823
1751285364534,2025-06-30T15:09:24.534,20.820,-0.153,-0.196,0.819
1751285364544,2025-06-30T15:09:24.544,20.830,-0.179,-0.190,0.793
1751285364554,2025-06-30T15:09:24.554,20.840,-0.192,-0.174,0.785
1751285364564,2025-06-30T15:09:24.564,20.850,-0.210,-0.130,0.771
1751285364574,2025-06-30T15:09:24.574,20.860,-0.226,-0.089,0.757
1751285364584,2025-06-30T15:09:24.584,20.870,-0.209,-0.059,0.747
1751285364594,2025-06-30T15:09:24.594,20.880,-0.157,-0.033,0.732
1751285364604,2025-06-30T15:09:24.604,20.890,-0.125,-0.011,0.701
1751285364614,2025-06-30T15:09:24.614,20.900,-0.110,0.016,0.669
1751285364624,2025-06-30T15:09:24.624,20.910,-0.052,0.034,0.622
1751285364634,2025-06-30T15:09:24.634,20.920,0.054,0.040,0.566
1751285364644,2025-06-30T15:09:24.644,20.930,0.161,0.047,0.541
1751285364654,2025-06-30T15:09:24.654,20.940,0.248,0.043,0.516
1751285364664,2025-06-30T15:09:24.664,20.950,0.366,0.043,0.494
1751285364674,2025-06-30T15:09:24.674,20.960,0.488,0.041,0.509
1751285364684,2025-06-30T15:09:24.684,20.970,0.548,0.009,0.532
1751285364694,2025-06-30T15:09:24.694,20.980,0.570,-0.033,0.507
1751285364704,2025-06-30T15:09:24.704,20.990,0.586,-0.069,0.534
1751285364714,2025-06-30T15:09:24.714,21.000,0.567,-0.080,0.582
1751285364724,2025-06-30T15:09:24.724,21.010,0.616,-0.083,0.579
1751285364734,2025-06-30T15:09:24.734,21.020,0.706,-0.082,0.608
1751285364744,2025-06-30T15:09:24.744,21.030,0.777,-0.057,0.695
1751285364754,2025-06-30T15:09:24.754,21.040,0.912,-0.042,0.781
1751285364764,2025-06-30T15:09:24.764,21.050,1.102,-0.061,0.883
1751285364774,2025-06-30T15:09:24.774,21.060,1.233,-0.046,1.047
1751285364784,2025-06-30T15:09:24.784,21.070,1.231,-0.020,1.215
1751285364794,2025-06-30T15:09:24.794,21.080,1.193,-0.010,1.353
1751285364804,2025-06-30T15:09:24.804,21.090,1.183,0.014,1.459
1751285364814,2025-06-30T15:09:24.814,21.100,1.146,0.047,1.551
1751285364824,2025-06-30T15:09:24.824,21.110,1.118,0.089,1.607
1751285364834,2025-06-30T15:09:24.834,21.120,1.120,0.142,1.649
1751285364844,2025-06-30T15:09:24.844,21.130,1.089,0.208,1.687
1751285364854,2025-06-30T15:09:24.854,21.140,1.035,0.263,1.705
1751285364864,2025-06-30T15:09:24.864,21.150,0.983,0.304,1.732
1751285364874,2025-06-30T15:09:24.874,21.160,0.921,0.333,1.780
1751285364884,2025-06-30T15:09:24.884,21.170,0.830,0.369,1.778
1751285364894,2025-06-30T15:09:24.894,21.180,0.723,0.414,1.749
1751285364904,2025-06-30T15:09:24.904,21.190,0.610,0.470,1.731
1751285364914,2025-06-30T15:09:24.914,21.200,0.521,0.500,1.729
1751285364924,2025-06-30T15:09:24.924,21.210,0.457,0.510,1.709
1751285364934,2025-06-30T15:09:24.934,21.220,0.395,0.516,1.685
1751285364944,2025-06-30T15:09:24.944,21.230,0.318,0.524,1.662
1751285364954,2025-06-30T15:09:24.954,21.240,0.189,0.540,1.624
1751285364964,2025-06-30T15:09:24.964,21.250,0.035,0.528,1.571
1751285364974,2025-06-30T15:09:24.974,21.260,-0.065,0.481,1.551
1751285364984,2025-06-30T15:09:24.984,21.270,-0.134,0.437,1.526
1751285364994,2025-06-30T15:09:24.994,21.280,-0.177,0.390,1.491
1751285365004,2025-06-30T15:09:25.004,21.290,-0.207,0.363,1.445
1751285365014,2025-06-30T15:09:25.014,21.300,-0.257,0.367,1.386
1751285365024,2025-06-30T15:09:25.024,21.310,-0.263,0.367,1.318
1751285365034,2025-06-30T15:09:25.034,21.320,-0.266,0.372,1.244
1751285365044,2025-06-30T15:09:25.044,21.330,-0.284,0.362,1.172
1751285365054,2025-06-30T15:09:25.054,21.340,-0.294,0.335,1.113
1751285365064,2025-06-30T15:09:25.064,21.350,-0.292,0.306,1.036
1751285365074,2025-06-30T15:09:25.074,21.360,-0.285,0.267,0.987
1751285365084,2025-06-30T15:09:25.084,21.370,-0.304,0.234,0.939
1751285365094,2025-06-30T15:09:25.094,21.380,-0.281,0.191,0.878
1751285365104,2025-06-30T15:09:25.104,21.390,-0.253,0.159,0.825
1751285365114,2025-06-30T15:09:25.114,21.400,-0.293,0.149,0.777
1751285365124,2025-06-30T15:09:25.124,21.410,-0.309,0.126,0.695
1751285365134,2025-06-30T15:09:25.134,21.420,-0.286,0.110,0.620
1751285365144,2025-06-30T15:09:25.144,21.430,-0.260,0.097,0.561
1751285365154,2025-06-30T15:09:25.154,21.440,-0.269,0.083,0.504
1751285365164,2025-06-30T15:09:25.164,21.450,-0.243,0.057,0.452
1751285365174,2025-06-30T15:09:25.174,21.460,-0.137,0.028,0.411
1751285365184,2025-06-30T15:09:25.184,21.470,0.007,-0.006,0.354
1751285365194,2025-06-30T15:09:25.194,21.480,0.115,-0.046,0.343
1751285365204,2025-06-30T15:09:25.204,21.490,0.202,-0.085,0.344
1751285365214,2025-06-30T15:09:25.214,21.500,0.288,-0.118,0.368
1751285365224,2025-06-30T15:09:25.224,21.510,0.350,-0.133,0.441
1751285365234,2025-06-30T15:09:25.234,21.520,0.362,-0.149,0.504
1751285365244,2025-06-30T15:09:25.244,21.530,0.337,-0.176,0.518
1751285365254,2025-06-30T15:09:25.254,21.540,0.385,-0.202,0.562
1751285365264,2025-06-30T15:09:25.264,21.550,0.521,-0.219,0.622
1751285365274,2025-06-30T15:09:25.274,21.560,0.661,-0.230,0.688
1751285365284,2025-06-30T15:09:25.284,21.570,0.771,-0.228,0.747
1751285365294,2025-06-30T15:09:25.294,21.580,0.862,-0.238,0.807
1751285365304,2025-06-30T15:09:25.304,21.590,0.904,-0.268,0.868
1751285365314,2025-06-30T15:09:25.314,21.600,0.829,-0.285,0.924
1751285365324,2025-06-30T15:09:25.324,21.610,0.738,-0.285,0.961
1751285365334,2025-06-30T15:09:25.334,21.620,0.685,-0.272,1.002
1751285365344,2025-06-30T15:09:25.344,21.630,0.663,-0.258,1.042
1751285365354,2025-06-30T15:09:25.354,21.640,0.661,-0.249,1.068
1751285365364,2025-06-30T15:09:25.364,21.650,0.653,-0.242,1.069
1751285365374,2025-06-30T15:09:25.374,21.660,0.592,-0.221,1.055
1751285365384,2025-06-30T15:09:25.384,21.670,0.502,-0.200,1.026
1751285365394,2025-06-30T15:09:25.394,21.680,0.462,-0.195,1.012
1751285365404,2025-06-30T15:09:25.404,21.690,0.413,-0.176,0.981
1751285365414,2025-06-30T15:09:25.414,21.700,0.347,-0.153,0.936
1751285365424,2025-06-30T15:09:25.424,21.710,0.307,-0.147,0.905
1751285365434,2025-06-30T15:09:25.434,21.720,0.245,-0.147,0.865
1751285365444,2025-06-30T15:09:25.444,21.730,0.191,-0.141,0.817
1751285365454,2025-06-30T15:09:25.454,21.740,0.153,-0.128,0.758
1751285365464,2025-06-30T15:09:25.464,21.750,0.126,-0.122,0.696
1751285365474,2025-06-30T15:09:25.474,21.760,0.082,-0.110,0.622
1751285365484,2025-06-30T15:09:25.484,21.770,0.031,-0.096,0.548
1751285365494,2025-06-30T15:09:25.494,21.780,0.003,-0.078,0.467
1751285365504,2025-06-30T15:09:25.504,21.790,0.002,-0.068,0.397
1751285365514,2025-06-30T15:09:25.514,21.800,0.058,-0.077,0.355
1751285365524,2025-06-30T15:09:25.524,21.810,0.158,-0.085,0.334
1751285365534,2025-06-30T15:09:25.534,21.820,0.267,-0.085,0.324
1751285365544,2025-06-30T15:09:25.544,21.830,0.337,-0.083,0.325
1751285365554,2025-06-30T15:09:25.554,21.840,0.339,-0.077,0.349
1751285365564,2025-06-30T15:09:25.564,21.850,0.290,-0.075,0.381
1751285365574,2025-06-30T15:09:25.574,21.860,0.278,-0.093,0.392
1751285365584,2025-06-30T15:09:25.584,21.870,0.354,-0.114,0.482
1751285365594,2025-06-30T15:09:25.594,21.880,0.437,-0.108,0.588
1751285365604,2025-06-30T15:09:25.604,21.890,0.529,-0.085,0.657
1751285365614,2025-06-30T15:09:25.614,21.900,0.655,-0.042,0.740
1751285365624,2025-06-30T15:09:25.624,21.910,0.754,0.008,0.868
1751285365634,2025-06-30T15:09:25.634,21.920,0.782,0.033,1.023
1751285365644,2025-06-30T15:09:25.644,21.930,0.782,0.028,1.128
1751285365654,2025-06-30T15:09:25.654,21.940,0.835,0.055,1.188
1751285365664,2025-06-30T15:09:25.664,21.950,0.898,0.141,1.280
1751285365674,2025-06-30T15:09:25.674,21.960,0.942,0.205,1.423
1751285365684,2025-06-30T15:09:25.684,21.970,0.950,0.228,1.581
1751285365694,2025-06-30T15:09:25.694,21.980,0.906,0.231,1.678
1751285365704,2025-06-30T15:09:25.704,21.990,0.854,0.230,1.746
1751285365714,2025-06-30T15:09:25.714,22.000,0.799,0.262,1.799
1751285365724,2025-06-30T15:09:25.724,22.010,0.744,0.299,1.835
1751285365734,2025-06-30T15:09:25.734,22.020,0.727,0.333,1.858
1751285365744,2025-06-30T15:09:25.744,22.030,0.673,0.383,1.867
1751285365754,2025-06-30T15:09:25.754,22.040,0.593,0.428,1.873
1751285365764,2025-06-30T15:09:25.764,22.050,0.528,0.462,1.877
1751285365774,2025-06-30T15:09:25.774,22.060,0.444,0.486,1.871
1751285365784,2025-06-30T15:09:25.784,22.070,0.340,0.500,1.836
1751285365794,2025-06-30T15:09:25.794,22.080,0.247,0.510,1.774
1751285365804,2025-06-30T15:09:25.804,22.090,0.159,0.509,1.718
1751285365814,2025-06-30T15:09:25.814,22.100,0.037,0.513,1.639
1751285365824,2025-06-30T15:09:25.824,22.110,-0.044,0.494,1.578
1751285365834,2025-06-30T15:09:25.834,22.120,-0.060,0.461,1.547
1751285365844,2025-06-30T15:09:25.844,22.130,-0.099,0.434,1.487
1751285365854,2025-06-30T15:09:25.854,22.140,-0.157,0.405,1.416
1751285365864,2025-06-30T15:09:25.864,22.150,-0.208,0.378,1.356
1751285365874,2025-06-30T15:09:25.874,22.160,-0.258,0.348,1.282
1751285365884,2025-06-30T15:09:25.884,22.170,-0.310,0.320,1.204
1751285365894,2025-06-30T15:09:25.894,22.180,-0.392,0.298,1.133
1751285365904,2025-06-30T15:09:25.904,22.190,-0.431,0.259,1.086
1751285365914,2025-06-30T15:09:25.914,22.200,-0.395,0.224,1.038
1751285365924,2025-06-30T15:09:25.924,22.210,-0.402,0.214,0.972
1751285365934,2025-06-30T15:09:25.934,22.220,-0.432,0.198,0.876
1751285365944,2025-06-30T15:09:25.944,22.230,-0.435,0.167,0.823
1751285365954,2025-06-30T15:09:25.954,22.240,-0.445,0.141,0.752
1751285365964,2025-06-30T15:09:25.964,22.250,-0.445,0.109,0.681
1751285365974,2025-06-30T15:09:25.974,22.260,-0.416,0.091,0.632
1751285365984,2025-06-30T15:09:25.984,22.270,-0.381,0.081,0.574
1751285365994,2025-06-30T15:09:25.994,22.280,-0.333,0.060,0.516
1751285366004,2025-06-30T15:09:26.004,22.290,-0.287,0.040,0.475
1751285366014,2025-06-30T15:09:26.014,22.300,-0.251,0.019,0.430
1751285366024,2025-06-30T15:09:26.024,22.310,-0.226,-0.018,0.370
1751285366034,2025-06-30T15:09:26.034,22.320,-0.177,-0.054,0.331
1751285366044,2025-06-30T15:09:26.044,22.330,-0.070,-0.098,0.320
1751285366054,2025-06-30T15:09:26.054,22.340,0.051,-0.159,0.330
1751285366064,2025-06-30T15:09:26.064,22.350,0.153,-0.207,0.355
1751285366074,2025-06-30T15:09:26.074,22.360,0.216,-0.215,0.429
1751285366084,2025-06-30T15:09:26.084,22.370,0.237,-0.207,0.481
1751285366094,2025-06-30T15:09:26.094,22.380,0.240,-0.216,0.517
1751285366104,2025-06-30T15:09:26.104,22.390,0.282,-0.230,0.511
1751285366114,2025-06-30T15:09:26.114,22.400,0.343,-0.229,0.519
1751285366124,2025-06-30T15:09:26.124,22.410,0.415,-0.245,0.591
1751285366134,2025-06-30T15:09:26.134,22.420,0.550,-0.271,0.671
1751285366144,2025-06-30T15:09:26.144,22.430,0.729,-0.297,0.762
1751285366154,2025-06-30T15:09:26.154,22.440,0.835,-0.317,0.849
1751285366164,2025-06-30T15:09:26.164,22.450,0.823,-0.336,0.885
1751285366174,2025-06-30T15:09:26.174,22.460,0.756,-0.341,0.915
1751285366184,2025-06-30T15:09:26.184,22.470,0.698,-0.333,0.959
1751285366194,2025-06-30T15:09:26.194,22.480,0.647,-0.315,0.996
1751285366204,2025-06-30T15:09:26.204,22.490,0.615,-0.314,1.009
1751285366214,2025-06-30T15:09:26.214,22.500,0.585,-0.316,0.998
1751285366224,2025-06-30T15:09:26.224,22.510,0.531,-0.299,0.965
1751285366234,2025-06-30T15:09:26.234,22.520,0.482,-0.286,0.938
1751285366244,2025-06-30T15:09:26.244,22.530,0.454,-0.271,0.908
1751285366254,2025-06-30T15:09:26.254,22.540,0.393,-0.239,0.869
1751285366264,2025-06-30T15:09:26.264,22.550,0.292,-0.202,0.814
1751285366274,2025-06-30T15:09:26.274,22.560,0.195,-0.172,0.747
1751285366284,2025-06-30T15:09:26.284,22.570,0.109,-0.145,0.689
1751285366294,2025-06-30T15:09:26.294,22.580,0.045,-0.125,0.633
1751285366304,2025-06-30T15:09:26.304,22.590,0.008,-0.119,0.569
1751285366314,2025-06-30T15:09:26.314,22.600,-0.016,-0.116,0.491
1751285366324,2025-06-30T15:09:26.324,22.610,0.021,-0.127,0.460
1751285366334,2025-06-30T15:09:26.334,22.620,0.086,-0.135,0.462
1751285366344,2025-06-30T15:09:26.344,22.630,0.101,-0.130,0.458
1751285366354,2025-06-30T15:09:26.354,22.640,0.126,-0.118,0.458
1751285366364,2025-06-30T15:09:26.364,22.650,0.120,-0.105,0.446
1751285366374,2025-06-30T15:09:26.374,22.660,0.096,-0.098,0.413
1751285366384,2025-06-30T15:09:26.384,22.670,0.075,-0.063,0.415
1751285366394,2025-06-30T15:09:26.394,22.680,0.109,-0.018,0.419
1751285366404,2025-06-30T15:09:26.404,22.690,0.248,0.023,0.418
1751285366414,2025-06-30T15:09:26.414,22.700,0.403,0.045,0.483
1751285366424,2025-06-30T15:09:26.424,22.710,0.550,0.062,0.583
1751285366434,2025-06-30T15:09:26.434,22.720,0.689,0.039,0.725
1751285366444,2025-06-30T15:09:26.444,22.730,0.800,-0.026,0.923
1751285366454,2025-06-30T15:09:26.454,22.740,0.810,-0.058,1.042
1751285366464,2025-06-30T15:09:26.464,22.750,0.738,0.000,1.067
1751285366474,2025-06-30T15:09:26.474,22.760,0.765,0.118,1.144
1751285366484,2025-06-30T15:09:26.484,22.770,0.794,0.213,1.239
1751285366494,2025-06-30T15:09:26.494,22.780,0.827,0.250,1.325
1751285366504,2025-06-30T15:09:26.504,22.790,0.946,0.241,1.434
1751285366514,2025-06-30T15:09:26.514,22.800,1.032,0.203,1.571
1751285366524,2025-06-30T15:09:26.524,22.810,1.039,0.172,1.676
1751285366534,2025-06-30T15:09:26.534,22.820,1.023,0.177,1.758
1751285366544,2025-06-30T15:09:26.544,22.830,0.988,0.222,1.795
1751285366554,2025-06-30T15:09:26.554,22.840,0.902,0.268,1.828
1751285366564,2025-06-30T15:09:26.564,22.850,0.793,0.320,1.841
1751285366574,2025-06-30T15:09:26.574,22.860,0.748,0.357,1.844
1751285366584,2025-06-30T15:09:26.584,22.870,0.733,0.372,1.858
1751285366594,2025-06-30T15:09:26.594,22.880,0.676,0.394,1.871
1751285366604,2025-06-30T15:09:26.604,22.890,0.589,0.410,1.834
1751285366614,2025-06-30T15:09:26.614,22.900,0.485,0.432,1.792
1751285366624,2025-06-30T15:09:26.624,22.910,0.364,0.458,1.743
1751285366634,2025-06-30T15:09:26.634,22.920,0.270,0.465,1.717
1751285366644,2025-06-30T15:09:26.644,22.930,0.208,0.466,1.698
1751285366654,2025-06-30T15:09:26.654,22.940,0.122,0.470,1.682
1751285366664,2025-06-30T15:09:26.664,22.950,0.048,0.465,1.645
1751285366674,2025-06-30T15:09:26.674,22.960,-0.038,0.472,1.581
1751285366684,2025-06-30T15:09:26.684,22.970,-0.153,0.478,1.503
1751285366694,2025-06-30T15:09:26.694,22.980,-0.227,0.460,1.413
1751285366704,2025-06-30T15:09:26.704,22.990,-0.254,0.424,1.343
1751285366714,2025-06-30T15:09:26.714,23.000,-0.270,0.401,1.313
1751285366724,2025-06-30T15:09:26.724,23.010,-0.301,0.400,1.268
1751285366734,2025-06-30T15:09:26.734,23.020,-0.333,0.395,1.202
1751285366744,2025-06-30T15:09:26.744,23.030,-0.402,0.389,1.123
1751285366754,2025-06-30T15:09:26.754,23.040,-0.508,0.368,1.048
1751285366764,2025-06-30T15:09:26.764,23.050,-0.494,0.320,0.954
1751285366774,2025-06-30T15:09:26.774,23.060,-0.463,0.293,0.872
1751285366784,2025-06-30T15:09:26.784,23.070,-0.461,0.270,0.799
1751285366794,2025-06-30T15:09:26.794,23.080,-0.431,0.235,0.736
1751285366804,2025-06-30T15:09:26.804,23.090,-0.422,0.198,0.660
1751285366814,2025-06-30T15:09:26.814,23.100,-0.407,0.149,0.600
1751285366824,2025-06-30T15:09:26.824,23.110,-0.396,0.109,0.542
1751285366834,2025-06-30T15:09:26.834,23.120,-0.447,0.081,0.482
1751285366844,2025-06-30T15:09:26.844,23.130,-0.442,0.045,0.431
1751285366854,2025-06-30T15:09:26.854,23.140,-0.383,0.024,0.387
1751285366864,2025-06-30T15:09:26.864,23.150,-0.343,0.008,0.315
1751285366874,2025-06-30T15:09:26.874,23.160,-0.319,-0.003,0.256
1751285366884,2025-06-30T15:09:26.884,23.170,-0.264,-0.017,0.221
1751285366894,2025-06-30T15:09:26.894,23.180,-0.218,-0.044,0.239
1751285366904,2025-06-30T15:09:26.904,23.190,-0.180,-0.087,0.248
1751285366914,2025-06-30T15:09:26.914,23.200,-0.119,-0.134,0.281
1751285366924,2025-06-30T15:09:26.924,23.210,-0.042,-0.168,0.345
1751285366934,2025-06-30T15:09:26.934,23.220,0.036,-0.176,0.404
1751285366944,2025-06-30T15:09:26.944,23.230,0.117,-0.172,0.493
1751285366954,2025-06-30T15:09:26.954,23.240,0.142,-0.164,0.543
1751285366964,2025-06-30T15:09:26.964,23.250,0.142,-0.144,0.543
1751285366974,2025-06-30T15:09:26.974,23.260,0.281,-0.125,0.616
1751285366984,2025-06-30T15:09:26.984,23.270,0.463,-0.130,0.783
1751285366994,2025-06-30T15:09:26.994,23.280,0.602,-0.139,0.911
1751285367004,2025-06-30T15:09:27.004,23.290,0.760,-0.152,0.979
1751285367014,2025-06-30T15:09:27.014,23.300,0.927,-0.148,1.056
1751285367024,2025-06-30T15:09:27.024,23.310,0.989,-0.138,1.134
1751285367034,2025-06-30T15:09:27.034,23.320,0.912,-0.146,1.178
1751285367044,2025-06-30T15:09:27.044,23.330,0.783,-0.172,1.195
1751285367054,2025-06-30T15:09:27.054,23.340,0.650,-0.184,1.208
1751285367064,2025-06-30T15:09:27.064,23.350,0.589,-0.186,1.217
1751285367074,2025-06-30T15:09:27.074,23.360,0.580,-0.181,1.214
1751285367084,2025-06-30T15:09:27.084,23.370,0.594,-0.178,1.189
1751285367094,2025-06-30T15:09:27.094,23.380,0.614,-0.168,1.160
1751285367104,2025-06-30T15:09:27.104,23.390,0.539,-0.131,1.097
1751285367114,2025-06-30T15:09:27.114,23.400,0.392,-0.098,1.010
1751285367124,2025-06-30T15:09:27.124,23.410,0.255,-0.067,0.941
1751285367134,2025-06-30T15:09:27.134,23.420,0.130,-0.042,0.873
1751285367144,2025-06-30T15:09:27.144,23.430,0.001,-0.026,0.811
1751285367154,2025-06-30T15:09:27.154,23.440,0.009,-0.031,0.771
1751285367164,2025-06-30T15:09:27.164,23.450,0.086,-0.032,0.729
1751285367174,2025-06-30T15:09:27.174,23.460,0.163,-0.042,0.679
1751285367184,2025-06-30T15:09:27.184,23.470,0.241,-0.063,0.634
1751285367194,2025-06-30T15:09:27.194,23.480,0.313,-0.079,0.610
1751285367204,2025-06-30T15:09:27.204,23.490,0.363,-0.084,0.592
1751285367214,2025-06-30T15:09:27.214,23.500,0.371,-0.064,0.538
1751285367224,2025-06-30T15:09:27.224,23.510,0.351,-0.041,0.519
1751285367234,2025-06-30T15:09:27.234,23.520,0.341,-0.031,0.511
1751285367244,2025-06-30T15:09:27.244,23.530,0.393,-0.033,0.510
1751285367254,2025-06-30T15:09:27.254,23.540,0.453,-0.032,0.557
1751285367264,2025-06-30T15:09:27.264,23.550,0.522,-0.025,0.571
1751285367274,2025-06-30T15:09:27.274,23.560,0.665,-0.048,0.592
1751285367284,2025-06-30T15:09:27.284,23.570,0.813,-0.078,0.701
1751285367294,2025-06-30T15:09:27.294,23.580,0.886,-0.105,0.839
1751285367304,2025-06-30T15:09:27.304,23.590,0.899,-0.139,0.987
1751285367314,2025-06-30T15:09:27.314,23.600,0.897,-0.139,1.063
1751285367324,2025-06-30T15:09:27.324,23.610,0.898,-0.087,1.120
1751285367334,2025-06-30T15:09:27.334,23.620,0.845,0.001,1.168
1751285367344,2025-06-30T15:09:27.344,23.630,0.759,0.085,1.198
1751285367354,2025-06-30T15:09:27.354,23.640,0.733,0.116,1.271
1751285367364,2025-06-30T15:09:27.364,23.650,0.765,0.117,1.385
1751285367374,2025-06-30T15:09:27.374,23.660,0.750,0.140,1.494
1751285367384,2025-06-30T15:09:27.384,23.670,0.666,0.184,1.563
1751285367394,2025-06-30T15:09:27.394,23.680,0.583,0.240,1.626
1751285367404,2025-06-30T15:09:27.404,23.690,0.534,0.297,1.676
1751285367414,2025-06-30T15:09:27.414,23.700,0.520,0.334,1.719
1751285367424,2025-06-30T15:09:27.424,23.710,0.462,0.384,1.756
1751285367434,2025-06-30T15:09:27.434,23.720,0.367,0.438,1.811
1751285367444,2025-06-30T15:09:27.444,23.730,0.245,0.481,1.854
1751285367454,2025-06-30T15:09:27.454,23.740,0.098,0.517,1.874
1751285367464,2025-06-30T15:09:27.464,23.750,-0.033,0.539,1.885
1751285367474,2025-06-30T15:09:27.474,23.760,-0.130,0.542,1.874
1751285367484,2025-06-30T15:09:27.484,23.770,-0.215,0.551,1.826
1751285367494,2025-06-30T15:09:27.494,23.780,-0.279,0.556,1.759
1751285367504,2025-06-30T15:09:27.504,23.790,-0.339,0.552,1.691
1751285367514,2025-06-30T15:09:27.514,23.800,-0.374,0.535,1.621
1751285367524,2025-06-30T15:09:27.524,23.810,-0.385,0.512,1.536
1751285367534,2025-06-30T15:09:27.534,23.820,-0.389,0.484,1.438
1751285367544,2025-06-30T15:09:27.544,23.830,-0.404,0.453,1.361
1751285367554,2025-06-30T15:09:27.554,23.840,-0.425,0.417,1.282
1751285367564,2025-06-30T15:09:27.564,23.850,-0.417,0.378,1.190
1751285367574,2025-06-30T15:09:27.574,23.860,-0.423,0.351,1.104
1751285367584,2025-06-30T15:09:27.584,23.870,-0.454,0.324,1.014
1751285367594,2025-06-30T15:09:27.594,23.880,-0.483,0.290,0.922
1751285367604,2025-06-30T15:09:27.604,23.890,-0.498,0.259,0.845
1751285367614,2025-06-30T15:09:27.614,23.900,-0.465,0.224,0.789
1751285367624,2025-06-30T15:09:27.624,23.910,-0.440,0.188,0.723
1751285367634,2025-06-30T15:09:27.634,23.920,-0.404,0.156,0.639
1751285367644,2025-06-30T15:09:27.644,23.930,-0.354,0.125,0.553
1751285367654,2025-06-30T15:09:27.654,23.940,-0.310,0.100,0.505
1751285367664,2025-06-30T15:09:27.664,23.950,-0.249,0.066,0.479
1751285367674,2025-06-30T15:09:27.674,23.960,-0.242,0.032,0.438
1751285367684,2025-06-30T15:09:27.684,23.970,-0.270,0.006,0.402
1751285367694,2025-06-30T15:09:27.694,23.980,-0.243,-0.021,0.376
1751285367704,2025-06-30T15:09:27.704,23.990,-0.190,-0.040,0.333
1751285367714,2025-06-30T15:09:27.714,24.000,-0.078,-0.071,0.299
1751285367724,2025-06-30T15:09:27.724,24.010,0.089,-0.104,0.315
1751285367734,2025-06-30T15:09:27.734,24.020,0.249,-0.125,0.350
1751285367744,2025-06-30T15:09:27.744,24.030,0.428,-0.176,0.441
1751285367754,2025-06-30T15:09:27.754,24.040,0.602,-0.233,0.614
1751285367764,2025-06-30T15:09:27.764,24.050,0.726,-0.282,0.734
1751285367774,2025-06-30T15:09:27.774,24.060,0.780,-0.329,0.760
1751285367784,2025-06-30T15:09:27.784,24.070,0.822,-0.312,0.785
1751285367794,2025-06-30T15:09:27.794,24.080,0.839,-0.266,0.816
1751285367804,2025-06-30T15:09:27.804,24.090,0.799,-0.255,0.828
1751285367814,2025-06-30T15:09:27.814,24.100,0.711,-0.269,0.794
1751285367824,2025-06-30T15:09:27.824,24.110,0.661,-0.298,0.762
1751285367834,2025-06-30T15:09:27.834,24.120,0.677,-0.326,0.798
1751285367844,2025-06-30T15:09:27.844,24.130,0.722,-0.356,0.846
1751285367854,2025-06-30T15:09:27.854,24.140,0.733,-0.384,0.879
1751285367864,2025-06-30T15:09:27.864,24.150,0.657,-0.391,0.886
1751285367874,2025-06-30T15:09:27.874,24.160,0.558,-0.396,0.869
1751285367884,2025-06-30T15:09:27.884,24.170,0.451,-0.369,0.874
1751285367894,2025-06-30T15:09:27.894,24.180,0.329,-0.331,0.888
1751285367904,2025-06-30T15:09:27.904,24.190,0.178,-0.297,0.857
1751285367914,2025-06-30T15:09:27.914,24.200,0.053,-0.257,0.821
1751285367924,2025-06-30T15:09:27.924,24.210,-0.035,-0.199,0.805
1751285367934,2025-06-30T15:09:27.934,24.220,-0.093,-0.146,0.783
1751285367944,2025-06-30T15:09:27.944,24.230,-0.105,-0.118,0.760
1751285367954,2025-06-30T15:09:27.954,24.240,-0.093,-0.108,0.738
1751285367964,2025-06-30T15:09:27.964,24.250,-0.097,-0.101,0.709
1751285367974,2025-06-30T15:09:27.974,24.260,-0.063,-0.110,0.692
1751285367984,2025-06-30T15:09:27.984,24.270,-0.004,-0.102,0.688
1751285367994,2025-06-30T15:09:27.994,24.280,0.013,-0.080,0.659
1751285368004,2025-06-30T15:09:28.004,24.290,0.040,-0.065,0.629
1751285368014,2025-06-30T15:09:28.014,24.300,0.075,-0.048,0.590
1751285368024,2025-06-30T15:09:28.024,24.310,0.082,-0.032,0.544
1751285368034,2025-06-30T15:09:28.034,24.320,0.072,-0.007,0.481
1751285368044,2025-06-30T15:09:28.044,24.330,0.099,0.022,0.415
1751285368054,2025-06-30T15:09:28.054,24.340,0.243,0.039,0.401
1751285368064,2025-06-30T15:09:28.064,24.350,0.436,0.034,0.438
1751285368074,2025-06-30T15:09:28.074,24.360,0.554,0.003,0.554
1751285368084,2025-06-30T15:09:28.084,24.370,0.558,-0.033,0.617
1751285368094,2025-06-30T15:09:28.094,24.380,0.523,-0.075,0.673
1751285368104,2025-06-30T15:09:28.104,24.390,0.533,-0.101,0.731
1751285368114,2025-06-30T15:09:28.114,24.400,0.583,-0.096,0.752
1751285368124,2025-06-30T15:09:28.124,24.410,0.645,-0.047,0.793
1751285368134,2025-06-30T15:09:28.134,24.420,0.743,0.012,0.834
1751285368144,2025-06-30T15:09:28.144,24.430,0.828,0.028,0.846
1751285368154,2025-06-30T15:09:28.154,24.440,0.904,-0.006,0.972
1751285368164,2025-06-30T15:09:28.164,24.450,0.968,-0.053,1.117
1751285368174,2025-06-30T15:09:28.174,24.460,1.013,-0.077,1.197
1751285368184,2025-06-30T15:09:28.184,24.470,1.031,-0.051,1.321
1751285368194,2025-06-30T15:09:28.194,24.480,1.016,0.007,1.411
1751285368204,2025-06-30T15:09:28.204,24.490,0.994,0.049,1.463
1751285368214,2025-06-30T15:09:28.214,24.500,0.944,0.094,1.533
1751285368224,2025-06-30T15:09:28.224,24.510,0.886,0.153,1.570
1751285368234,2025-06-30T15:09:28.234,24.520,0.836,0.204,1.579
1751285368244,2025-06-30T15:09:28.244,24.530,0.799,0.253,1.609
1751285368254,2025-06-30T15:09:28.254,24.540,0.754,0.299,1.656
1751285368264,2025-06-30T15:09:28.264,24.550,0.712,0.329,1.680
1751285368274,2025-06-30T15:09:28.274,24.560,0.709,0.349,1.719
1751285368284,2025-06-30T15:09:28.284,24.570,0.673,0.402,1.731
1751285368294,2025-06-30T15:09:28.294,24.580,0.581,0.450,1.734
1751285368304,2025-06-30T15:09:28.304,24.590,0.473,0.486,1.746
1751285368314,2025-06-30T15:09:28.314,24.600,0.389,0.511,1.746
1751285368324,2025-06-30T15:09:28.324,24.610,0.298,0.521,1.750
1751285368334,2025-06-30T15:09:28.334,24.620,0.165,0.519,1.728
1751285368344,2025-06-30T15:09:28.344,24.630,0.056,0.500,1.696
1751285368354,2025-06-30T15:09:28.354,24.640,-0.025,0.484,1.650
1751285368364,2025-06-30T15:09:28.364,24.650,-0.119,0.474,1.595
1751285368374,2025-06-30T15:09:28.374,24.660,-0.193,0.447,1.542
1751285368384,2025-06-30T15:09:28.384,24.670,-0.220,0.411,1.487
1751285368394,2025-06-30T15:09:28.394,24.680,-0.272,0.403,1.432
1751285368404,2025-06-30T15:09:28.404,24.690,-0.307,0.393,1.365
1751285368414,2025-06-30T15:09:28.414,24.700,-0.313,0.381,1.303
1751285368424,2025-06-30T15:09:28.424,24.710,-0.349,0.379,1.217
1751285368434,2025-06-30T15:09:28.434,24.720,-0.358,0.353,1.114
1751285368444,2025-06-30T15:09:28.444,24.730,-0.338,0.320,1.033
1751285368454,2025-06-30T15:09:28.454,24.740,-0.315,0.299,0.963
1751285368464,2025-06-30T15:09:28.464,24.750,-0.314,0.273,0.890
1751285368474,2025-06-30T15:09:28.474,24.760,-0.334,0.247,0.816
1751285368484,2025-06-30T15:09:28.484,24.770,-0.366,0.220,0.735
1751285368494,2025-06-30T15:09:28.494,24.780,-0.337,0.178,0.656
1751285368504,2025-06-30T15:09:28.504,24.790,-0.283,0.144,0.583
1751285368514,2025-06-30T15:09:28.514,24.800,-0.259,0.117,0.507
1751285368524,2025-06-30T15:09:28.524,24.810,-0.247,0.106,0.427
1751285368534,2025-06-30T15:09:28.534,24.820,-0.244,0.090,0.356
1751285368544,2025-06-30T15:09:28.544,24.830,-0.190,0.045,0.275
1751285368554,2025-06-30T15:09:28.554,24.840,-0.130,-0.002,0.223
1751285368564,2025-06-30T15:09:28.564,24.850,-0.098,-0.041,0.204
1751285368574,2025-06-30T15:09:28.574,24.860,-0.033,-0.087,0.171
1751285368584,2025-06-30T15:09:28.584,24.870,0.063,-0.141,0.150
1751285368594,2025-06-30T15:09:28.594,24.880,0.127,-0.171,0.175
1751285368604,2025-06-30T15:09:28.604,24.890,0.203,-0.199,0.225
1751285368614,2025-06-30T15:09:28.614,24.900,0.262,-0.250,0.258
1751285368624,2025-06-30T15:09:28.624,24.910,0.343,-0.275,0.315
1751285368634,2025-06-30T15:09:28.634,24.920,0.478,-0.288,0.444
1751285368644,2025-06-30T15:09:28.644,24.930,0.563,-0.301,0.569
1751285368654,2025-06-30T15:09:28.654,24.940,0.598,-0.302,0.683
1751285368664,2025-06-30T15:09:28.664,24.950,0.655,-0.298,0.792
1751285368674,2025-06-30T15:09:28.674,24.960,0.749,-0.304,0.871
1751285368684,2025-06-30T15:09:28.684,24.970,0.804,-0.290,0.942
1751285368694,2025-06-30T15:09:28.694,24.980,0.792,-0.247,1.002
1751285368704,2025-06-30T15:09:28.704,24.990,0.748,-0.220,1.049
1751285368714,2025-06-30T15:09:28.714,25.000,0.712,-0.225,1.105
1751285368724,2025-06-30T15:09:28.724,25.010,0.663,-0.219,1.151
1751285368734,2025-06-30T15:09:28.734,25.020,0.608,-0.201,1.174
1751285368744,2025-06-30T15:09:28.744,25.030,0.566,-0.178,1.188
1751285368754,2025-06-30T15:09:28.754,25.040,0.505,-0.152,1.175
1751285368764,2025-06-30T15:09:28.764,25.050,0.430,-0.126,1.145
1751285368774,2025-06-30T15:09:28.774,25.060,0.369,-0.102,1.109
1751285368784,2025-06-30T15:09:28.784,25.070,0.301,-0.085,1.063
1751285368794,2025-06-30T15:09:28.794,25.080,0.221,-0.072,1.007
1751285368804,2025-06-30T15:09:28.804,25.090,0.175,-0.056,0.958
1751285368814,2025-06-30T15:09:28.814,25.100,0.167,-0.045,0.904
1751285368824,2025-06-30T15:09:28.824,25.110,0.173,-0.040,0.846
1751285368834,2025-06-30T15:09:28.834,25.120,0.148,-0.021,0.784
1751285368844,2025-06-30T15:09:28.844,25.130,0.108,-0.014,0.704
1751285368854,2025-06-30T15:09:28.854,25.140,0.082,-0.021,0.617
1751285368864,2025-06-30T15:09:28.864,25.150,0.089,-0.035,0.558
1751285368874,2025-06-30T15:09:28.874,25.160,0.113,-0.050,0.514
1751285368884,2025-06-30T15:09:28.884,25.170,0.174,-0.043,0.462
1751285368894,2025-06-30T15:09:28.894,25.180,0.256,-0.016,0.463
1751285368904,2025-06-30T15:09:28.904,25.190,0.315,-0.007,0.455
1751285368914,2025-06-30T15:09:28.914,25.200,0.389,-0.016,0.420
1751285368924,2025-06-30T15:09:28.924,25.210,0.439,-0.022,0.459
1751285368934,2025-06-30T15:09:28.934,25.220,0.458,-0.014,0.487
1751285368944,2025-06-30T15:09:28.944,25.230,0.514,-0.035,0.518
1751285368954,2025-06-30T15:09:28.954,25.240,0.626,-0.065,0.609
1751285368964,2025-06-30T15:09:28.964,25.250,0.713,-0.067,0.709
1751285368974,2025-06-30T15:09:28.974,25.260,0.795,-0.064,0.780
1751285368984,2025-06-30T15:09:28.984,25.270,0.842,-0.047,0.868
1751285368994,2025-06-30T15:09:28.994,25.280,0.825,-0.017,0.912
1751285369004,2025-06-30T15:09:29.004,25.290,0.827,0.005,0.979
1751285369014,2025-06-30T15:09:29.014,25.300,0.849,0.040,1.089
1751285369024,2025-06-30T15:09:29.024,25.310,0.858,0.057,1.231
1751285369034,2025-06-30T15:09:29.034,25.320,0.859,0.077,1.356
1751285369044,2025-06-30T15:09:29.044,25.330,0.862,0.125,1.458
1751285369054,2025-06-30T15:09:29.054,25.340,0.837,0.190,1.557
1751285369064,2025-06-30T15:09:29.064,25.350,0.764,0.249,1.675
1751285369074,2025-06-30T15:09:29.074,25.360,0.672,0.284,1.782
1751285369084,2025-06-30T15:09:29.084,25.370,0.569,0.319,1.833
1751285369094,2025-06-30T15:09:29.094,25.380,0.482,0.363,1.849
1751285369104,2025-06-30T15:09:29.104,25.390,0.411,0.417,1.876
1751285369114,2025-06-30T15:09:29.114,25.400,0.331,0.473,1.904
1751285369124,2025-06-30T15:09:29.124,25.410,0.259,0.504,1.902
1751285369134,2025-06-30T15:09:29.134,25.420,0.242,0.518,1.903
1751285369144,2025-06-30T15:09:29.144,25.430,0.210,0.542,1.881
1751285369154,2025-06-30T15:09:29.154,25.440,0.114,0.563,1.836
1751285369164,2025-06-30T15:09:29.164,25.450,0.021,0.566,1.778
1751285369174,2025-06-30T15:09:29.174,25.460,-0.088,0.568,1.717
1751285369184,2025-06-30T15:09:29.184,25.470,-0.223,0.556,1.639
1751285369194,2025-06-30T15:09:29.194,25.480,-0.321,0.524,1.559
1751285369204,2025-06-30T15:09:29.204,25.490,-0.351,0.472,1.489
1751285369214,2025-06-30T15:09:29.214,25.500,-0.360,0.431,1.427
1751285369224,2025-06-30T15:09:29.224,25.510,-0.364,0.410,1.369
1751285369234,2025-06-30T15:09:29.234,25.520,-0.353,0.394,1.292
1751285369244,2025-06-30T15:09:29.244,25.530,-0.365,0.386,1.201
1751285369254,2025-06-30T15:09:29.254,25.540,-0.399,0.375,1.104
1751285369264,2025-06-30T15:09:29.264,25.550,-0.433,0.355,1.012
1751285369274,2025-06-30T15:09:29.274,25.560,-0.464,0.327,0.914
1751285369284,2025-06-30T15:09:29.284,25.570,-0.488,0.299,0.839
1751285369294,2025-06-30T15:09:29.294,25.580,-0.504,0.266,0.780
1751285369304,2025-06-30T15:09:29.304,25.590,-0.492,0.234,0.692
1751285369314,2025-06-30T15:09:29.314,25.600,-0.407,0.186,0.608
1751285369324,2025-06-30T15:09:29.324,25.610,-0.297,0.156,0.556
1751285369334,2025-06-30T15:09:29.334,25.620,-0.246,0.123,0.539
1751285369344,2025-06-30T15:09:29.344,25.630,-0.250,0.069,0.498
1751285369354,2025-06-30T15:09:29.354,25.640,-0.207,0.007,0.425
1751285369364,2025-06-30T15:09:29.364,25.650,-0.100,-0.047,0.408
1751285369374,2025-06-30T15:09:29.374,25.660,0.006,-0.102,0.395
1751285369384,2025-06-30T15:09:29.384,25.670,0.070,-0.150,0.349
1751285369394,2025-06-30T15:09:29.394,25.680,0.189,-0.170,0.387
1751285369404,2025-06-30T15:09:29.404,25.690,0.329,-0.193,0.451
1751285369414,2025-06-30T15:09:29.414,25.700,0.441,-0.221,0.535
1751285369424,2025-06-30T15:09:29.424,25.710,0.512,-0.233,0.586
1751285369434,2025-06-30T15:09:29.434,25.720,0.493,-0.245,0.563
1751285369444,2025-06-30T15:09:29.444,25.730,0.448,-0.273,0.538
1751285369454,2025-06-30T15:09:29.454,25.740,0.446,-0.316,0.560
1751285369464,2025-06-30T15:09:29.464,25.750,0.414,-0.345,0.628
1751285369474,2025-06-30T15:09:29.474,25.760,0.377,-0.367,0.705
1751285369484,2025-06-30T15:09:29.484,25.770,0.397,-0.406,0.776
1751285369494,2025-06-30T15:09:29.494,25.780,0.417,-0.440,0.843
1751285369504,2025-06-30T15:09:29.504,25.790,0.375,-0.438,0.890
1751285369514,2025-06-30T15:09:29.514,25.800,0.264,-0.396,0.900
1751285369524,2025-06-30T15:09:29.524,25.810,0.128,-0.336,0.906
1751285369534,2025-06-30T15:09:29.534,25.820,-0.009,-0.276,0.901
1751285369544,2025-06-30T15:09:29.544,25.830,-0.073,-0.239,0.898
1751285369554,2025-06-30T15:09:29.554,25.840,-0.108,-0.201,0.909
1751285369564,2025-06-30T15:09:29.564,25.850,-0.161,-0.169,0.904
1751285369574,2025-06-30T15:09:29.574,25.860,-0.201,-0.147,0.870
1751285369584,2025-06-30T15:09:29.584,25.870,-0.188,-0.139,0.840
1751285369594,2025-06-30T15:09:29.594,25.880,-0.133,-0.135,0.847
1751285369604,2025-06-30T15:09:29.604,25.890,-0.142,-0.110,0.831
1751285369614,2025-06-30T15:09:29.614,25.900,-0.191,-0.094,0.780
1751285369624,2025-06-30T15:09:29.624,25.910,-0.199,-0.094,0.727
1751285369634,2025-06-30T15:09:29.634,25.920,-0.201,-0.087,0.700
1751285369644,2025-06-30T15:09:29.644,25.930,-0.226,-0.063,0.665
1751285369654,2025-06-30T15:09:29.654,25.940,-0.241,-0.045,0.615
1751285369664,2025-06-30T15:09:29.664,25.950,-0.216,-0.035,0.567
1751285369674,2025-06-30T15:09:29.674,25.960,-0.138,-0.044,0.553
1751285369684,2025-06-30T15:09:29.684,25.970,-0.075,-0.045,0.559
1751285369694,2025-06-30T15:09:29.694,25.980,-0.045,-0.032,0.573
1751285369704,2025-06-30T15:09:29.704,25.990,0.006,-0.036,0.570
1751285369714,2025-06-30T15:09:29.714,26.000,0.094,-0.018,0.549
1751285369724,2025-06-30T15:09:29.724,26.010,0.214,0.019,0.517
1751285369734,2025-06-30T15:09:29.734,26.020,0.349,0.042,0.487
1751285369744,2025-06-30T15:09:29.744,26.030,0.439,0.059,0.514
1751285369754,2025-06-30T15:09:29.754,26.040,0.498,0.063,0.550
1751285369764,2025-06-30T15:09:29.764,26.050,0.597,0.037,0.576
1751285369774,2025-06-30T15:09:29.774,26.060,0.679,-0.009,0.622
1751285369784,2025-06-30T15:09:29.784,26.070,0.790,-0.036,0.631
1751285369794,2025-06-30T15:09:29.794,26.080,0.937,-0.067,0.734
1751285369804,2025-06-30T15:09:29.804,26.090,1.023,-0.067,0.854
1751285369814,2025-06-30T15:09:29.814,26.100,1.058,-0.083,0.932
1751285369824,2025-06-30T15:09:29.824,26.110,1.046,-0.110,1.035
1751285369834,2025-06-30T15:09:29.834,26.120,1.048,-0.084,1.079
1751285369844,2025-06-30T15:09:29.844,26.130,1.106,-0.040,1.153
1751285369854,2025-06-30T15:09:29.854,26.140,1.078,0.022,1.306
1751285369864,2025-06-30T15:09:29.864,26.150,1.016,0.056,1.433
1751285369874,2025-06-30T15:09:29.874,26.160,1.003,0.069,1.542
1751285369884,2025-06-30T15:09:29.884,26.170,0.945,0.107,1.674
1751285369894,2025-06-30T15:09:29.894,26.180,0.896,0.156,1.785
1751285369904,2025-06-30T15:09:29.904,26.190,0.854,0.215,1.844
1751285369914,2025-06-30T15:09:29.914,26.200,0.780,0.284,1.885
1751285369924,2025-06-30T15:09:29.924,26.210,0.673,0.359,1.888
1751285369934,2025-06-30T15:09:29.934,26.220,0.580,0.409,1.866
1751285369944,2025-06-30T15:09:29.944,26.230,0.528,0.442,1.861
1751285369954,2025-06-30T15:09:29.954,26.240,0.476,0.482,1.852
1751285369964,2025-06-30T15:09:29.964,26.250,0.410,0.513,1.829
1751285369974,2025-06-30T15:09:29.974,26.260,0.324,0.538,1.785
1751285369984,2025-06-30T15:09:29.984,26.270,0.234,0.547,1.742
1751285369994,2025-06-30T15:09:29.994,26.280,0.141,0.549,1.714
1751285370004,2025-06-30T15:09:30.004,26.290,0.039,0.550,1.684
1751285370014,2025-06-30T15:09:30.014,26.300,-0.042,0.545,1.651
1751285370024,2025-06-30T15:09:30.024,26.310,-0.143,0.545,1.616
1751285370034,2025-06-30T15:09:30.034,26.320,-0.242,0.542,1.555
1751285370044,2025-06-30T15:09:30.044,26.330,-0.298,0.526,1.491
1751285370054,2025-06-30T15:09:30.054,26.340,-0.334,0.511,1.416
1751285370064,2025-06-30T15:09:30.064,26.350,-0.382,0.495,1.344
1751285370074,2025-06-30T15:09:30.074,26.360,-0.426,0.482,1.277
1751285370084,2025-06-30T15:09:30.084,26.370,-0.467,0.471,1.197
1751285370094,2025-06-30T15:09:30.094,26.380,-0.505,0.448,1.113
1751285370104,2025-06-30T15:09:30.104,26.390,-0.500,0.408,1.034
1751285370114,2025-06-30T15:09:30.114,26.400,-0.477,0.376,0.974
1751285370124,2025-06-30T15:09:30.124,26.410,-0.460,0.340,0.900
1751285370134,2025-06-30T15:09:30.134,26.420,-0.473,0.301,0.821
1751285370144,2025-06-30T15:09:30.144,26.430,-0.488,0.265,0.740
1751285370154,2025-06-30T15:09:30.154,26.440,-0.454,0.226,0.674
1751285370164,2025-06-30T15:09:30.164,26.450,-0.447,0.184,0.617
1751285370174,2025-06-30T15:09:30.174,26.460,-0.438,0.129,0.562
1751285370184,2025-06-30T15:09:30.184,26.470,-0.376,0.083,0.523
1751285370194,2025-06-30T15:09:30.194,26.480,-0.329,0.060,0.501
1751285370204,2025-06-30T15:09:30.204,26.490,-0.288,0.047,0.445
1751285370214,2025-06-30T15:09:30.214,26.500,-0.190,0.035,0.374
1751285370224,2025-06-30T15:09:30.224,26.510,-0.095,0.019,0.328
1751285370234,2025-06-30T15:09:30.234,26.520,-0.030,-0.016,0.287
1751285370244,2025-06-30T15:09:30.244,26.530,0.045,-0.054,0.282
1751285370254,2025-06-30T15:09:30.254,26.540,0.165,-0.095,0.376
1751285370264,2025-06-30T15:09:30.264,26.550,0.323,-0.140,0.500
1751285370274,2025-06-30T15:09:30.274,26.560,0.423,-0.197,0.631
1751285370284,2025-06-30T15:09:30.284,26.570,0.458,-0.241,0.724
1751285370294,2025-06-30T15:09:30.294,26.580,0.478,-0.258,0.695
1751285370304,2025-06-30T15:09:30.304,26.590,0.474,-0.260,0.656
1751285370314,2025-06-30T15:09:30.314,26.600,0.493,-0.235,0.648
1751285370324,2025-06-30T15:09:30.324,26.610,0.547,-0.222,0.699
1751285370334,2025-06-30T15:09:30.334,26.620,0.560,-0.237,0.789
1751285370344,2025-06-30T15:09:30.344,26.630,0.522,-0.259,0.854
1751285370354,2025-06-30T15:09:30.354,26.640,0.508,-0.279,0.926
1751285370364,2025-06-30T15:09:30.364,26.650,0.511,-0.280,0.996
1751285370374,2025-06-30T15:09:30.374,26.660,0.481,-0.255,1.023
1751285370384,2025-06-30T15:09:30.384,26.670,0.403,-0.218,1.026
1751285370394,2025-06-30T15:09:30.394,26.680,0.325,-0.191,1.026
1751285370404,2025-06-30T15:09:30.404,26.690,0.267,-0.182,1.011
1751285370414,2025-06-30T15:09:30.414,26.700,0.217,-0.182,1.005
1751285370424,2025-06-30T15:09:30.424,26.710,0.155,-0.170,0.991
1751285370434,2025-06-30T15:09:30.434,26.720,0.107,-0.158,0.976
1751285370444,2025-06-30T15:09:30.444,26.730,0.075,-0.145,0.950
1751285370454,2025-06-30T15:09:30.454,26.740,0.055,-0.137,0.913
1751285370464,2025-06-30T15:09:30.464,26.750,0.048,-0.132,0.880
1751285370474,2025-06-30T15:09:30.474,26.760,0.011,-0.118,0.837
1751285370484,2025-06-30T15:09:30.484,26.770,-0.037,-0.097,0.786
1751285370494,2025-06-30T15:09:30.494,26.780,-0.059,-0.072,0.724
1751285370504,2025-06-30T15:09:30.504,26.790,-0.048,-0.053,0.663
1751285370514,2025-06-30T15:09:30.514,26.800,-0.023,-0.038,0.616
1751285370524,2025-06-30T15:09:30.524,26.810,0.012,-0.029,0.567
1751285370534,2025-06-30T15:09:30.534,26.820,0.045,-0.028,0.519
1751285370544,2025-06-30T15:09:30.544,26.830,0.074,-0.032,0.475
1751285370554,2025-06-30T15:09:30.554,26.840,0.107,-0.030,0.451
1751285370564,2025-06-30T15:09:30.564,26.850,0.162,-0.015,0.407
1751285370574,2025-06-30T15:09:30.574,26.860,0.214,0.010,0.395
1751285370584,2025-06-30T15:09:30.584,26.870,0.255,0.014,0.436
1751285370594,2025-06-30T15:09:30.594,26.880,0.261,-0.008,0.463
1751285370604,2025-06-30T15:09:30.604,26.890,0.285,-0.042,0.498
1751285370614,2025-06-30T15:09:30.614,26.900,0.334,-0.040,0.541
1751285370624,2025-06-30T15:09:30.624,26.910,0.393,-0.021,0.574
1751285370634,2025-06-30T15:09:30.634,26.920,0.490,0.006,0.654
1751285370644,2025-06-30T15:09:30.644,26.930,0.668,0.036,0.763
1751285370654,2025-06-30T15:09:30.654,26.940,0.844,0.022,0.882
1751285370664,2025-06-30T15:09:30.664,26.950,0.920,0.007,1.043
1751285370674,2025-06-30T15:09:30.674,26.960,0.895,0.038,1.172
1751285370684,2025-06-30T15:09:30.684,26.970,0.850,0.068,1.261
1751285370694,2025-06-30T15:09:30.694,26.980,0.838,0.099,1.405
1751285370704,2025-06-30T15:09:30.704,26.990,0.845,0.124,1.536
1751285370714,2025-06-30T15:09:30.714,27.000,0.871,0.154,1.557
1751285370724,2025-06-30T15:09:30.724,27.010,0.899,0.205,1.583
1751285370734,2025-06-30T15:09:30.734,27.020,0.884,0.266,1.635
1751285370744,2025-06-30T15:09:30.744,27.030,0.813,0.309,1.673
1751285370754,2025-06-30T15:09:30.754,27.040,0.735,0.330,1.723
1751285370764,2025-06-30T15:09:30.764,27.050,0.686,0.347,1.750
1751285370774,2025-06-30T15:09:30.774,27.060,0.673,0.358,1.754
1751285370784,2025-06-30T15:09:30.784,27.070,0.651,0.385,1.748
1751285370794,2025-06-30T15:09:30.794,27.080,0.587,0.423,1.746
1751285370804,2025-06-30T15:09:30.804,27.090,0.499,0.436,1.742
1751285370814,2025-06-30T15:09:30.814,27.100,0.427,0.446,1.730
1751285370824,2025-06-30T15:09:30.824,27.110,0.316,0.474,1.689
1751285370834,2025-06-30T15:09:30.834,27.120,0.174,0.496,1.650
1751285370844,2025-06-30T15:09:30.844,27.130,0.073,0.511,1.620
1751285370854,2025-06-30T15:09:30.854,27.140,-0.005,0.517,1.595
1751285370864,2025-06-30T15:09:30.864,27.150,-0.095,0.523,1.573
1751285370874,2025-06-30T15:09:30.874,27.160,-0.193,0.531,1.552
1751285370884,2025-06-30T15:09:30.884,27.170,-0.260,0.514,1.504
1751285370894,2025-06-30T15:09:30.894,27.180,-0.308,0.484,1.458
1751285370904,2025-06-30T15:09:30.904,27.190,-0.382,0.461,1.413
1751285370914,2025-06-30T15:09:30.914,27.200,-0.406,0.433,1.364
1751285370924,2025-06-30T15:09:30.924,27.210,-0.416,0.420,1.311
1751285370934,2025-06-30T15:09:30.934,27.220,-0.433,0.418,1.256
1751285370944,2025-06-30T15:09:30.944,27.230,-0.446,0.416,1.182
1751285370954,2025-06-30T15:09:30.954,27.240,-0.461,0.400,1.113
1751285370964,2025-06-30T15:09:30.964,27.250,-0.478,0.376,1.042
1751285370974,2025-06-30T15:09:30.974,27.260,-0.488,0.342,0.970
1751285370984,2025-06-30T15:09:30.984,27.270,-0.456,0.309,0.917
1751285370994,2025-06-30T15:09:30.994,27.280,-0.417,0.278,0.856
1751285371004,2025-06-30T15:09:31.004,27.290,-0.406,0.251,0.791
1751285371014,2025-06-30T15:09:31.014,27.300,-0.428,0.229,0.729
1751285371024,2025-06-30T15:09:31.024,27.310,-0.415,0.196,0.659
1751285371034,2025-06-30T15:09:31.034,27.320,-0.342,0.159,0.573
1751285371044,2025-06-30T15:09:31.044,27.330,-0.263,0.139,0.495
1751285371054,2025-06-30T15:09:31.054,27.340,-0.235,0.121,0.447
1751285371064,2025-06-30T15:09:31.064,27.350,-0.232,0.073,0.383
1751285371074,2025-06-30T15:09:31.074,27.360,-0.156,0.009,0.319
1751285371084,2025-06-30T15:09:31.084,27.370,-0.002,-0.036,0.274
1751285371094,2025-06-30T15:09:31.094,27.380,0.128,-0.064,0.219
1751285371104,2025-06-30T15:09:31.104,27.390,0.246,-0.105,0.207
1751285371114,2025-06-30T15:09:31.114,27.400,0.355,-0.153,0.273
1751285371124,2025-06-30T15:09:31.124,27.410,0.363,-0.189,0.388
1751285371134,2025-06-30T15:09:31.134,27.420,0.287,-0.248,0.488
1751285371144,2025-06-30T15:09:31.144,27.430,0.238,-0.291,0.543
1751285371154,2025-06-30T15:09:31.154,27.440,0.275,-0.339,0.592
1751285371164,2025-06-30T15:09:31.164,27.450,0.323,-0.370,0.654
1751285371174,2025-06-30T15:09:31.174,27.460,0.366,-0.334,0.705
1751285371184,2025-06-30T15:09:31.184,27.470,0.471,-0.260,0.768
1751285371194,2025-06-30T15:09:31.194,27.480,0.564,-0.213,0.861
1751285371204,2025-06-30T15:09:31.204,27.490,0.589,-0.216,0.935
1751285371214,2025-06-30T15:09:31.214,27.500,0.561,-0.249,1.016
1751285371224,2025-06-30T15:09:31.224,27.510,0.468,-0.254,1.098
1751285371234,2025-06-30T15:09:31.234,27.520,0.354,-0.228,1.134
1751285371244,2025-06-30T15:09:31.244,27.530,0.289,-0.193,1.139
1751285371254,2025-06-30T15:09:31.254,27.540,0.241,-0.160,1.136
1751285371264,2025-06-30T15:09:31.264,27.550,0.197,-0.144,1.135
1751285371274,2025-06-30T15:09:31.274,27.560,0.147,-0.133,1.126
1751285371284,2025-06-30T15:09:31.284,27.570,0.085,-0.114,1.104
1751285371294,2025-06-30T15:09:31.294,27.580,0.044,-0.104,1.081
1751285371304,2025-06-30T15:09:31.304,27.590,-0.006,-0.089,1.063
1751285371314,2025-06-30T15:09:31.314,27.600,-0.079,-0.073,1.025
1751285371324,2025-06-30T15:09:31.324,27.610,-0.131,-0.074,0.972
1751285371334,2025-06-30T15:09:31.334,27.620,-0.165,-0.071,0.924
1751285371344,2025-06-30T15:09:31.344,27.630,-0.181,-0.055,0.887
1751285371354,2025-06-30T15:09:31.354,27.640,-0.179,-0.039,0.854
1751285371364,2025-06-30T15:09:31.364,27.650,-0.197,-0.016,0.803
1751285371374,2025-06-30T15:09:31.374,27.660,-0.218,-0.008,0.736
1751285371384,2025-06-30T15:09:31.384,27.670,-0.206,-0.009,0.681
1751285371394,2025-06-30T15:09:31.394,27.680,-0.173,-0.010,0.636
1751285371404,2025-06-30T15:09:31.404,27.690,-0.170,0.000,0.592
1751285371414,2025-06-30T15:09:31.414,27.700,-0.155,0.003,0.568
1751285371424,2025-06-30T15:09:31.424,27.710,-0.100,0.004,0.547
1751285371434,2025-06-30T15:09:31.434,27.720,-0.020,0.022,0.532
1751285371444,2025-06-30T15:09:31.444,27.730,0.054,0.032,0.526
1751285371454,2025-06-30T15:09:31.454,27.740,0.109,0.042,0.510
1751285371464,2025-06-30T15:09:31.464,27.750,0.174,0.064,0.515
1751285371474,2025-06-30T15:09:31.474,27.760,0.263,0.062,0.558
1751285371484,2025-06-30T15:09:31.484,27.770,0.352,0.063,0.571
1751285371494,2025-06-30T15:09:31.494,27.780,0.475,0.061,0.593
1751285371504,2025-06-30T15:09:31.504,27.790,0.590,0.058,0.651
1751285371514,2025-06-30T15:09:31.514,27.800,0.640,0.045,0.698
1751285371524,2025-06-30T15:09:31.524,27.810,0.720,0.006,0.769
1751285371534,2025-06-30T15:09:31.534,27.820,0.843,-0.029,0.875
1751285371544,2025-06-30T15:09:31.544,27.830,0.888,-0.036,0.973
1751285371554,2025-06-30T15:09:31.554,27.840,0.834,-0.001,1.063
1751285371564,2025-06-30T15:09:31.564,27.850,0.854,0.057,1.135
1751285371574,2025-06-30T15:09:31.574,27.860,0.922,0.092,1.217
1751285371584,2025-06-30T15:09:31.584,27.870,0.959,0.125,1.317
1751285371594,2025-06-30T15:09:31.594,27.880,0.940,0.138,1.427
1751285371604,2025-06-30T15:09:31.604,27.890,0.832,0.147,1.515
1751285371614,2025-06-30T15:09:31.614,27.900,0.755,0.172,1.582
1751285371624,2025-06-30T15:09:31.624,27.910,0.718,0.201,1.680
1751285371634,2025-06-30T15:09:31.634,27.920,0.626,0.269,1.753
1751285371644,2025-06-30T15:09:31.644,27.930,0.563,0.314,1.772
1751285371654,2025-06-30T15:09:31.654,27.940,0.568,0.348,1.772
1751285371664,2025-06-30T15:09:31.664,27.950,0.579,0.385,1.786
1751285371674,2025-06-30T15:09:31.674,27.960,0.544,0.426,1.791
1751285371684,2025-06-30T15:09:31.684,27.970,0.461,0.468,1.767
1751285371694,2025-06-30T15:09:31.694,27.980,0.342,0.499,1.758
1751285371704,2025-06-30T15:09:31.704,27.990,0.224,0.516,1.779
1751285371714,2025-06-30T15:09:31.714,28.000,0.125,0.529,1.773
1751285371724,2025-06-30T15:09:31.724,28.010,0.046,0.544,1.745
1751285371734,2025-06-30T15:09:31.734,28.020,-0.041,0.567,1.709
1751285371744,2025-06-30T15:09:31.744,28.030,-0.160,0.586,1.674
1751285371754,2025-06-30T15:09:31.754,28.040,-0.261,0.588,1.618
1751285371764,2025-06-30T15:09:31.764,28.050,-0.324,0.580,1.568
1751285371774,2025-06-30T15:09:31.774,28.060,-0.383,0.572,1.524
1751285371784,2025-06-30T15:09:31.784,28.070,-0.427,0.563,1.487
1751285371794,2025-06-30T15:09:31.794,28.080,-0.469,0.551,1.440
1751285371804,2025-06-30T15:09:31.804,28.090,-0.507,0.533,1.370
1751285371814,2025-06-30T15:09:31.814,28.100,-0.548,0.502,1.285
1751285371824,2025-06-30T15:09:31.824,28.110,-0.581,0.472,1.218
1751285371834,2025-06-30T15:09:31.834,28.120,-0.600,0.439,1.147
1751285371844,2025-06-30T15:09:31.844,28.130,-0.611,0.399,1.071
1751285371854,2025-06-30T15:09:31.854,28.140,-0.619,0.362,0.992
1751285371864,2025-06-30T15:09:31.864,28.150,-0.583,0.315,0.918
1751285371874,2025-06-30T15:09:31.874,28.160,-0.528,0.275,0.846
1751285371884,2025-06-30T15:09:31.884,28.170,-0.487,0.240,0.755
1751285371894,2025-06-30T15:09:31.894,28.180,-0.417,0.206,0.685
1751285371904,2025-06-30T15:09:31.904,28.190,-0.379,0.178,0.619
1751285371914,2025-06-30T15:09:31.914,28.200,-0.359,0.125,0.539
1751285371924,2025-06-30T15:09:31.924,28.210,-0.317,0.067,0.462
1751285371934,2025-06-30T15:09:31.934,28.220,-0.209,0.019,0.430
1751285371944,2025-06-30T15:09:31.944,28.230,-0.150,-0.017,0.433
1751285371954,2025-06-30T15:09:31.954,28.240,-0.129,-0.068,0.394
1751285371964,2025-06-30T15:09:31.964,28.250,-0.018,-0.128,0.372
1751285371974,2025-06-30T15:09:31.974,28.260,0.074,-0.158,0.385
1751285371984,2025-06-30T15:09:31.984,28.270,0.143,-0.168,0.402
1751285371994,2025-06-30T15:09:31.994,28.280,0.188,-0.195,0.431
1751285372004,2025-06-30T15:09:32.004,28.290,0.186,-0.209,0.439
1751285372014,2025-06-30T15:09:32.014,28.300,0.217,-0.209,0.464
1751285372024,2025-06-30T15:09:32.024,28.310,0.308,-0.219,0.532
1751285372034,2025-06-30T15:09:32.034,28.320,0.384,-0.237,0.617
1751285372044,2025-06-30T15:09:32.044,28.330,0.388,-0.254,0.700
1751285372054,2025-06-30T15:09:32.054,28.340,0.376,-0.269,0.734
1751285372064,2025-06-30T15:09:32.064,28.350,0.406,-0.280,0.733
1751285372074,2025-06-30T15:09:32.074,28.360,0.416,-0.263,0.766
1751285372084,2025-06-30T15:09:32.084,28.370,0.401,-0.245,0.813
1751285372094,2025-06-30T15:09:32.094,28.380,0.388,-0.258,0.868
1751285372104,2025-06-30T15:09:32.104,28.390,0.370,-0.262,0.914
1751285372114,2025-06-30T15:09:32.114,28.400,0.317,-0.255,0.945
1751285372124,2025-06-30T15:09:32.124,28.410,0.243,-0.253,0.971
1751285372134,2025-06-30T15:09:32.134,28.420,0.184,-0.253,0.968
1751285372144,2025-06-30T15:09:32.144,28.430,0.141,-0.250,0.970
1751285372154,2025-06-30T15:09:32.154,28.440,0.086,-0.237,0.967
1751285372164,2025-06-30T15:09:32.164,28.450,0.043,-0.222,0.956
1751285372174,2025-06-30T15:09:32.174,28.460,0.024,-0.208,0.942
1751285372184,2025-06-30T15:09:32.184,28.470,-0.014,-0.180,0.926
1751285372194,2025-06-30T15:09:32.194,28.480,-0.074,-0.155,0.908
1751285372204,2025-06-30T15:09:32.204,28.490,-0.139,-0.138,0.883
1751285372214,2025-06-30T15:09:32.214,28.500,-0.217,-0.118,0.844
1751285372224,2025-06-30T15:09:32.224,28.510,-0.271,-0.106,0.804
1751285372234,2025-06-30T15:09:32.234,28.520,-0.301,-0.104,0.769
1751285372244,2025-06-30T15:09:32.244,28.530,-0.288,-0.106,0.743
1751285372254,2025-06-30T15:09:32.254,28.540,-0.256,-0.099,0.716
1751285372264,2025-06-30T15:09:32.264,28.550,-0.259,-0.078,0.652
1751285372274,2025-06-30T15:09:32.274,28.560,-0.180,-0.080,0.621
1751285372284,2025-06-30T15:09:32.284,28.570,-0.073,-0.060,0.631
1751285372294,2025-06-30T15:09:32.294,28.580,-0.060,-0.027,0.641
1751285372304,2025-06-30T15:09:32.304,28.590,-0.118,-0.008,0.608
1751285372314,2025-06-30T15:09:32.314,28.600,-0.155,0.005,0.557
1751285372324,2025-06-30T15:09:32.324,28.610,-0.144,0.019,0.554
1751285372334,2025-06-30T15:09:32.334,28.620,-0.079,0.043,0.558
1751285372344,2025-06-30T15:09:32.344,28.630,0.002,0.068,0.553
1751285372354,2025-06-30T15:09:32.354,28.640,0.168,0.078,0.578
1751285372364,2025-06-30T15:09:32.364,28.650,0.367,0.092,0.631
1751285372374,2025-06-30T15:09:32.374,28.660,0.473,0.092,0.691
1751285372384,2025-06-30T15:09:32.384,28.670,0.513,0.089,0.745
1751285372394,2025-06-30T15:09:32.394,28.680,0.535,0.086,0.795
1751285372404,2025-06-30T15:09:32.404,28.690,0.537,0.074,0.832
1751285372414,2025-06-30T15:09:32.414,28.700,0.518,0.075,0.857
1751285372424,2025-06-30T15:09:32.424,28.710,0.613,0.063,0.976
1751285372434,2025-06-30T15:09:32.434,28.720,0.783,0.021,1.167
1751285372444,2025-06-30T15:09:32.444,28.730,0.903,0.000,1.259
1751285372454,2025-06-30T15:09:32.454,28.740,0.953,0.009,1.325
1751285372464,2025-06-30T15:09:32.464,28.750,0.846,0.060,1.412
1751285372474,2025-06-30T15:09:32.474,28.760,0.666,0.112,1.469
1751285372484,2025-06-30T15:09:32.484,28.770,0.543,0.120,1.497
1751285372494,2025-06-30T15:09:32.494,28.780,0.535,0.113,1.515
1751285372504,2025-06-30T15:09:32.504,28.790,0.609,0.143,1.515
1751285372514,2025-06-30T15:09:32.514,28.800,0.681,0.203,1.555
1751285372524,2025-06-30T15:09:32.524,28.810,0.716,0.278,1.611
1751285372534,2025-06-30T15:09:32.534,28.820,0.704,0.341,1.660
1751285372544,2025-06-30T15:09:32.544,28.830,0.644,0.370,1.700
1751285372554,2025-06-30T15:09:32.554,28.840,0.549,0.402,1.719
1751285372564,2025-06-30T15:09:32.564,28.850,0.444,0.445,1.750
1751285372574,2025-06-30T15:09:32.574,28.860,0.364,0.477,1.794
1751285372584,2025-06-30T15:09:32.584,28.870,0.312,0.510,1.813
1751285372594,2025-06-30T15:09:32.594,28.880,0.243,0.551,1.797
1751285372604,2025-06-30T15:09:32.604,28.890,0.171,0.579,1.779
1751285372614,2025-06-30T15:09:32.614,28.900,0.085,0.595,1.767
1751285372624,2025-06-30T15:09:32.624,28.910,-0.032,0.600,1.719
1751285372634,2025-06-30T15:09:32.634,28.920,-0.180,0.584,1.670
1751285372644,2025-06-30T15:09:32.644,28.930,-0.285,0.558,1.640
1751285372654,2025-06-30T15:09:32.654,28.940,-0.308,0.523,1.624
1751285372664,2025-06-30T15:09:32.664,28.950,-0.357,0.507,1.579
1751285372674,2025-06-30T15:09:32.674,28.960,-0.458,0.502,1.500
1751285372684,2025-06-30T15:09:32.684,28.970,-0.499,0.480,1.420
1751285372694,2025-06-30T15:09:32.694,28.980,-0.490,0.459,1.359
1751285372704,2025-06-30T15:09:32.704,28.990,-0.522,0.450,1.265
1751285372714,2025-06-30T15:09:32.714,29.000,-0.527,0.422,1.174
1751285372724,2025-06-30T15:09:32.724,29.010,-0.501,0.396,1.105
1751285372734,2025-06-30T15:09:32.734,29.020,-0.479,0.372,1.032
1751285372744,2025-06-30T15:09:32.744,29.030,-0.460,0.333,0.958
1751285372754,2025-06-30T15:09:32.754,29.040,-0.442,0.299,0.889
1751285372764,2025-06-30T15:09:32.764,29.050,-0.447,0.271,0.808
1751285372774,2025-06-30T15:09:32.774,29.060,-0.417,0.229,0.747
1751285372784,2025-06-30T15:09:32.784,29.070,-0.368,0.199,0.703
1751285372794,2025-06-30T15:09:32.794,29.080,-0.332,0.171,0.645
1751285372804,2025-06-30T15:09:32.804,29.090,-0.281,0.133,0.580
1751285372814,2025-06-30T15:09:32.814,29.100,-0.228,0.105,0.546
1751285372824,2025-06-30T15:09:32.824,29.110,-0.174,0.064,0.486
1751285372834,2025-06-30T15:09:32.834,29.120,-0.023,-0.005,0.455
1751285372844,2025-06-30T15:09:32.844,29.130,0.180,-0.042,0.472
1751285372854,2025-06-30T15:09:32.854,29.140,0.263,-0.062,0.488
1751285372864,2025-06-30T15:09:32.864,29.150,0.274,-0.096,0.493
1751285372874,2025-06-30T15:09:32.874,29.160,0.301,-0.125,0.490
1751285372884,2025-06-30T15:09:32.884,29.170,0.358,-0.147,0.486
1751285372894,2025-06-30T15:09:32.894,29.180,0.447,-0.177,0.500
1751285372904,2025-06-30T15:09:32.904,29.190,0.512,-0.224,0.547
1751285372914,2025-06-30T15:09:32.914,29.200,0.497,-0.254,0.575
1751285372924,2025-06-30T15:09:32.924,29.210,0.411,-0.263,0.590
1751285372934,2025-06-30T15:09:32.934,29.220,0.313,-0.271,0.622
1751285372944,2025-06-30T15:09:32.944,29.230,0.274,-0.294,0.662
1751285372954,2025-06-30T15:09:32.954,29.240,0.275,-0.322,0.686
1751285372964,2025-06-30T15:09:32.964,29.250,0.269,-0.334,0.726
1751285372974,2025-06-30T15:09:32.974,29.260,0.258,-0.336,0.770
1751285372984,2025-06-30T15:09:32.984,29.270,0.239,-0.327,0.810
1751285372994,2025-06-30T15:09:32.994,29.280,0.204,-0.312,0.844
1751285373004,2025-06-30T15:09:33.004,29.290,0.153,-0.286,0.881
1751285373014,2025-06-30T15:09:33.014,29.300,0.093,-0.252,0.890
1751285373024,2025-06-30T15:09:33.024,29.310,0.014,-0.217,0.873
1751285373034,2025-06-30T15:09:33.034,29.320,-0.062,-0.187,0.839
1751285373044,2025-06-30T15:09:33.044,29.330,-0.120,-0.157,0.806
1751285373054,2025-06-30T15:09:33.054,29.340,-0.158,-0.129,0.780
1751285373064,2025-06-30T15:09:33.064,29.350,-0.174,-0.112,0.758
1751285373074,2025-06-30T15:09:33.074,29.360,-0.182,-0.098,0.734
1751285373084,2025-06-30T15:09:33.084,29.370,-0.183,-0.097,0.709
1751285373094,2025-06-30T15:09:33.094,29.380,-0.158,-0.104,0.684
1751285373104,2025-06-30T15:09:33.104,29.390,-0.139,-0.107,0.666
1751285373114,2025-06-30T15:09:33.114,29.400,-0.093,-0.109,0.670
1751285373124,2025-06-30T15:09:33.124,29.410,-0.035,-0.091,0.673
1751285373134,2025-06-30T15:09:33.134,29.420,-0.034,-0.061,0.652
1751285373144,2025-06-30T15:09:33.144,29.430,-0.049,-0.037,0.623
1751285373154,2025-06-30T15:09:33.154,29.440,-0.073,-0.010,0.598
1751285373164,2025-06-30T15:09:33.164,29.450,-0.087,0.017,0.573
1751285373174,2025-06-30T15:09:33.174,29.460,-0.042,0.039,0.541
1751285373184,2025-06-30T15:09:33.184,29.470,0.074,0.055,0.522
1751285373194,2025-06-30T15:09:33.194,29.480,0.234,0.081,0.552
1751285373204,2025-06-30T15:09:33.204,29.490,0.341,0.092,0.627
1751285373214,2025-06-30T15:09:33.214,29.500,0.367,0.071,0.684
1751285373224,2025-06-30T15:09:33.224,29.510,0.378,0.052,0.682
1751285373234,2025-06-30T15:09:33.234,29.520,0.461,0.053,0.677
1751285373244,2025-06-30T15:09:33.244,29.530,0.576,0.070,0.691
1751285373254,2025-06-30T15:09:33.254,29.540,0.667,0.078,0.710
1751285373264,2025-06-30T15:09:33.264,29.550,0.778,0.045,0.739
1751285373274,2025-06-30T15:09:33.274,29.560,0.984,0.003,0.771
1751285373284,2025-06-30T15:09:33.284,29.570,1.167,-0.039,0.896
1751285373294,2025-06-30T15:09:33.294,29.580,1.208,-0.043,0.996
1751285373304,2025-06-30T15:09:33.304,29.590,1.201,-0.016,1.064
1751285373314,2025-06-30T15:09:33.314,29.600,1.196,0.012,1.161
1751285373324,2025-06-30T15:09:33.324,29.610,1.162,0.048,1.278
1751285373334,2025-06-30T15:09:33.334,29.620,1.135,0.072,1.383
1751285373344,2025-06-30T15:09:33.344,29.630,1.122,0.103,1.450
1751285373354,2025-06-30T15:09:33.354,29.640,1.108,0.146,1.508
1751285373364,2025-06-30T15:09:33.364,29.650,1.088,0.181,1.565
1751285373374,2025-06-30T15:09:33.374,29.660,1.061,0.229,1.633
1751285373384,2025-06-30T15:09:33.384,29.670,1.005,0.274,1.710
1751285373394,2025-06-30T15:09:33.394,29.680,0.948,0.314,1.760
1751285373404,2025-06-30T15:09:33.404,29.690,0.869,0.363,1.774
1751285373414,2025-06-30T15:09:33.414,29.700,0.777,0.418,1.781
1751285373424,2025-06-30T15:09:33.424,29.710,0.686,0.464,1.790
1751285373434,2025-06-30T15:09:33.434,29.720,0.587,0.496,1.779
1751285373444,2025-06-30T15:09:33.444,29.730,0.479,0.517,1.758
1751285373454,2025-06-30T15:09:33.454,29.740,0.378,0.532,1.735
1751285373464,2025-06-30T15:09:33.464,29.750,0.293,0.533,1.732
1751285373474,2025-06-30T15:09:33.474,29.760,0.217,0.531,1.697
1751285373484,2025-06-30T15:09:33.484,29.770,0.125,0.531,1.651
1751285373494,2025-06-30T15:09:33.494,29.780,0.019,0.533,1.596
1751285373504,2025-06-30T15:09:33.504,29.790,-0.096,0.523,1.538
1751285373514,2025-06-30T15:09:33.514,29.800,-0.177,0.496,1.482
1751285373524,2025-06-30T15:09:33.524,29.810,-0.233,0.471,1.427
1751285373534,2025-06-30T15:09:33.534,29.820,-0.268,0.441,1.371
1751285373544,2025-06-30T15:09:33.544,29.830,-0.301,0.422,1.322
1751285373554,2025-06-30T15:09:33.554,29.840,-0.343,0.402,1.270
1751285373564,2025-06-30T15:09:33.564,29.850,-0.338,0.378,1.206
1751285373574,2025-06-30T15:09:33.574,29.860,-0.379,0.373,1.150
1751285373584,2025-06-30T15:09:33.584,29.870,-0.445,0.362,1.083
1751285373594,2025-06-30T15:09:33.594,29.880,-0.479,0.336,1.000
1751285373604,2025-06-30T15:09:33.604,29.890,-0.479,0.301,0.930
1751285373614,2025-06-30T15:09:33.614,29.900,-0.494,0.267,0.863
1751285373624,2025-06-30T15:09:33.624,29.910,-0.470,0.224,0.794
1751285373634,2025-06-30T15:09:33.634,29.920,-0.392,0.181,0.727
1751285373644,2025-06-30T15:09:33.644,29.930,-0.364,0.149,0.682
1751285373654,2025-06-30T15:09:33.654,29.940,-0.324,0.106,0.616
1751285373664,2025-06-30T15:09:33.664,29.950,-0.205,0.069,0.536
1751285373674,2025-06-30T15:09:33.674,29.960,-0.130,0.051,0.514
1751285373684,2025-06-30T15:09:33.684,29.970,-0.144,0.022,0.510
1751285373694,2025-06-30T15:09:33.694,29.980,-0.101,-0.034,0.475
1751285373704,2025-06-30T15:09:33.704,29.990,0.039,-0.081,0.465
1751285373714,2025-06-30T15:09:33.714,30.000,0.151,-0.095,0.465
1751285373724,2025-06-30T15:09:33.724,30.010,0.219,-0.097,0.430
1751285373734,2025-06-30T15:09:33.734,30.020,0.278,-0.094,0.411
1751285373744,2025-06-30T15:09:33.744,30.030,0.373,-0.086,0.428
1751285373754,2025-06-30T15:09:33.754,30.040,0.476,-0.123,0.464
1751285373764,2025-06-30T15:09:33.764,30.050,0.554,-0.185,0.497
1751285373774,2025-06-30T15:09:33.774,30.060,0.614,-0.238,0.543
1751285373784,2025-06-30T15:09:33.784,30.070,0.628,-0.286,0.617
1751285373794,2025-06-30T15:09:33.794,30.080,0.595,-0.325,0.685
1751285373804,2025-06-30T15:09:33.804,30.090,0.536,-0.341,0.706
1751285373814,2025-06-30T15:09:33.814,30.100,0.503,-0.347,0.739
1751285373824,2025-06-30T15:09:33.824,30.110,0.443,-0.336,0.807
1751285373834,2025-06-30T15:09:33.834,30.120,0.388,-0.322,0.850
1751285373844,2025-06-30T15:09:33.844,30.130,0.393,-0.313,0.893
1751285373854,2025-06-30T15:09:33.854,30.140,0.375,-0.303,0.933
1751285373864,2025-06-30T15:09:33.864,30.150,0.333,-0.296,0.947
1751285373874,2025-06-30T15:09:33.874,30.160,0.258,-0.277,0.950
1751285373884,2025-06-30T15:09:33.884,30.170,0.211,-0.255,0.961
1751285373894,2025-06-30T15:09:33.894,30.180,0.167,-0.233,0.974
1751285373904,2025-06-30T15:09:33.904,30.190,0.098,-0.202,0.979
1751285373914,2025-06-30T15:09:33.914,30.200,0.047,-0.180,0.967
1751285373924,2025-06-30T15:09:33.924,30.210,-0.015,-0.155,0.947
1751285373934,2025-06-30T15:09:33.934,30.220,-0.073,-0.141,0.925
1751285373944,2025-06-30T15:09:33.944,30.230,-0.091,-0.134,0.907
1751285373954,2025-06-30T15:09:33.954,30.240,-0.104,-0.133,0.876
1751285373964,2025-06-30T15:09:33.964,30.250,-0.084,-0.130,0.849
1751285373974,2025-06-30T15:09:33.974,30.260,-0.068,-0.114,0.812
1751285373984,2025-06-30T15:09:33.984,30.270,-0.077,-0.098,0.765
1751285373994,2025-06-30T15:09:33.994,30.280,-0.064,-0.094,0.727
1751285374004,2025-06-30T15:09:34.004,30.290,-0.030,-0.080,0.700
1751285374014,2025-06-30T15:09:34.014,30.300,-0.016,-0.066,0.657
1751285374024,2025-06-30T15:09:34.024,30.310,-0.008,-0.063,0.604
1751285374034,2025-06-30T15:09:34.034,30.320,0.040,-0.060,0.575
1751285374044,2025-06-30T15:09:34.044,30.330,0.094,-0.049,0.549
1751285374054,2025-06-30T15:09:34.054,30.340,0.115,-0.031,0.530
1751285374064,2025-06-30T15:09:34.064,30.350,0.157,-0.009,0.498
1751285374074,2025-06-30T15:09:34.074,30.360,0.202,-0.002,0.506
1751285374084,2025-06-30T15:09:34.084,30.370,0.215,-0.002,0.502
1751285374094,2025-06-30T15:09:34.094,30.380,0.264,-0.001,0.477
1751285374104,2025-06-30T15:09:34.104,30.390,0.361,0.004,0.463
1751285374114,2025-06-30T15:09:34.114,30.400,0.472,0.003,0.508
1751285374124,2025-06-30T15:09:34.124,30.410,0.655,-0.023,0.577
1751285374134,2025-06-30T15:09:34.134,30.420,0.832,-0.064,0.685
1751285374144,2025-06-30T15:09:34.144,30.430,0.843,-0.076,0.832
1751285374154,2025-06-30T15:09:34.154,30.440,0.713,-0.060,0.857
1751285374164,2025-06-30T15:09:34.164,30.450,0.625,-0.075,0.850
1751285374174,2025-06-30T15:09:34.174,30.460,0.614,-0.062,0.953
1751285374184,2025-06-30T15:09:34.184,30.470,0.720,-0.017,1.054
1751285374194,2025-06-30T15:09:34.194,30.480,0.901,0.042,1.142
1751285374204,2025-06-30T15:09:34.204,30.490,1.036,0.101,1.280
1751285374214,2025-06-30T15:09:34.214,30.500,1.035,0.111,1.422
1751285374224,2025-06-30T15:09:34.224,30.510,0.958,0.109,1.529
1751285374234,2025-06-30T15:09:34.234,30.520,0.865,0.146,1.623
1751285374244,2025-06-30T15:09:34.244,30.530,0.782,0.216,1.694
1751285374254,2025-06-30T15:09:34.254,30.540,0.719,0.282,1.759
1751285374264,2025-06-30T15:09:34.264,30.550,0.675,0.336,1.829
1751285374274,2025-06-30T15:09:34.274,30.560,0.614,0.398,1.868
1751285374284,2025-06-30T15:09:34.284,30.570,0.546,0.450,1.895
1751285374294,2025-06-30T15:09:34.294,30.580,0.474,0.496,1.899
1751285374304,2025-06-30T15:09:34.304,30.590,0.394,0.534,1.902
1751285374314,2025-06-30T15:09:34.314,30.600,0.315,0.558,1.905
1751285374324,2025-06-30T15:09:34.324,30.610,0.219,0.580,1.896
1751285374334,2025-06-30T15:09:34.334,30.620,0.093,0.595,1.850
1751285374344,2025-06-30T15:09:34.344,30.630,-0.053,0.592,1.794
1751285374354,2025-06-30T15:09:34.354,30.640,-0.183,0.568,1.708
1751285374364,2025-06-30T15:09:34.364,30.650,-0.237,0.509,1.622
1751285374374,2025-06-30T15:09:34.374,30.660,-0.266,0.453,1.587
1751285374384,2025-06-30T15:09:34.384,30.670,-0.326,0.439,1.540
1751285374394,2025-06-30T15:09:34.394,30.680,-0.411,0.443,1.461
1751285374404,2025-06-30T15:09:34.404,30.690,-0.479,0.463,1.371
1751285374414,2025-06-30T15:09:34.414,30.700,-0.537,0.476,1.276
1751285374424,2025-06-30T15:09:34.424,30.710,-0.542,0.473,1.180
1751285374434,2025-06-30T15:09:34.434,30.720,-0.492,0.450,1.107
1751285374444,2025-06-30T15:09:34.444,30.730,-0.502,0.424,1.034
1751285374454,2025-06-30T15:09:34.454,30.740,-0.497,0.379,0.956
1751285374464,2025-06-30T15:09:34.464,30.750,-0.459,0.333,0.889
1751285374474,2025-06-30T15:09:34.474,30.760,-0.498,0.307,0.831
1751285374484,2025-06-30T15:09:34.484,30.770,-0.490,0.266,0.752
1751285374494,2025-06-30T15:09:34.494,30.780,-0.461,0.234,0.681
1751285374504,2025-06-30T15:09:34.504,30.790,-0.440,0.213,0.618
1751285374514,2025-06-30T15:09:34.514,30.800,-0.424,0.185,0.554
1751285374524,2025-06-30T15:09:34.524,30.810,-0.403,0.152,0.510
1751285374534,2025-06-30T15:09:34.534,30.820,-0.354,0.121,0.459
1751285374544,2025-06-30T15:09:34.544,30.830,-0.307,0.095,0.409
1751285374554,2025-06-30T15:09:34.554,30.840,-0.239,0.072,0.370
1751285374564,2025-06-30T15:09:34.564,30.850,-0.175,0.052,0.353
1751285374574,2025-06-30T15:09:34.574,30.860,-0.144,0.021,0.341
1751285374584,2025-06-30T15:09:34.584,30.870,-0.049,-0.039,0.335
1751285374594,2025-06-30T15:09:34.594,30.880,0.063,-0.087,0.382
1751285374604,2025-06-30T15:09:34.604,30.890,0.066,-0.084,0.437
1751285374614,2025-06-30T15:09:34.614,30.900,0.132,-0.073,0.477
1751285374624,2025-06-30T15:09:34.624,30.910,0.234,-0.063,0.532
1751285374634,2025-06-30T15:09:34.634,30.920,0.305,-0.047,0.570
1751285374644,2025-06-30T15:09:34.644,30.930,0.381,-0.056,0.612
1751285374654,2025-06-30T15:09:34.654,30.940,0.490,-0.079,0.681
1751285374664,2025-06-30T15:09:34.664,30.950,0.640,-0.108,0.763
1751285374674,2025-06-30T15:09:34.674,30.960,0.729,-0.130,0.836
1751285374684,2025-06-30T15:09:34.684,30.970,0.767,-0.153,0.896
1751285374694,2025-06-30T15:09:34.694,30.980,0.830,-0.175,0.946
1751285374704,2025-06-30T15:09:34.704,30.990,0.841,-0.169,0.997
1751285374714,2025-06-30T15:09:34.714,31.000,0.817,-0.165,1.030
1751285374724,2025-06-30T15:09:34.724,31.010,0.818,-0.184,1.048
1751285374734,2025-06-30T15:09:34.734,31.020,0.774,-0.188,1.074
1751285374744,2025-06-30T15:09:34.744,31.030,0.666,-0.173,1.088
1751285374754,2025-06-30T15:09:34.754,31.040,0.611,-0.168,1.096
1751285374764,2025-06-30T15:09:34.764,31.050,0.598,-0.161,1.097
1751285374774,2025-06-30T15:09:34.774,31.060,0.529,-0.151,1.084
1751285374784,2025-06-30T15:09:34.784,31.070,0.452,-0.137,1.061
1751285374794,2025-06-30T15:09:34.794,31.080,0.410,-0.112,1.043
1751285374804,2025-06-30T15:09:34.804,31.090,0.381,-0.096,1.025
1751285374814,2025-06-30T15:09:34.814,31.100,0.291,-0.071,0.993
1751285374824,2025-06-30T15:09:34.824,31.110,0.175,-0.042,0.945
1751285374834,2025-06-30T15:09:34.834,31.120,0.131,-0.035,0.900
1751285374844,2025-06-30T15:09:34.844,31.130,0.086,-0.028,0.858
1751285374854,2025-06-30T15:09:34.854,31.140,0.057,-0.018,0.812
1751285374864,2025-06-30T15:09:34.864,31.150,0.071,-0.005,0.745
1751285374874,2025-06-30T15:09:34.874,31.160,0.073,0.016,0.671
1751285374884,2025-06-30T15:09:34.884,31.170,0.086,0.019,0.602
1751285374894,2025-06-30T15:09:34.894,31.180,0.147,-0.005,0.556
1751285374904,2025-06-30T15:09:34.904,31.190,0.264,-0.041,0.555
1751285374914,2025-06-30T15:09:34.914,31.200,0.355,-0.036,0.543
1751285374924,2025-06-30T15:09:34.924,31.210,0.385,-0.024,0.516
1751285374934,2025-06-30T15:09:34.934,31.220,0.403,-0.013,0.496
1751285374944,2025-06-30T15:09:34.944,31.230,0.427,0.000,0.498
1751285374954,2025-06-30T15:09:34.954,31.240,0.427,0.002,0.507
1751285374964,2025-06-30T15:09:34.964,31.250,0.458,-0.018,0.542
1751285374974,2025-06-30T15:09:34.974,31.260,0.545,-0.042,0.600
1751285374984,2025-06-30T15:09:34.984,31.270,0.655,-0.046,0.677
1751285374994,2025-06-30T15:09:34.994,31.280,0.763,-0.057,0.781
1751285375004,2025-06-30T15:09:35.004,31.290,0.845,-0.066,0.859
1751285375014,2025-06-30T15:09:35.014,31.300,0.850,-0.060,0.955
1751285375024,2025-06-30T15:09:35.024,31.310,0.816,-0.019,1.073
1751285375034,2025-06-30T15:09:35.034,31.320,0.824,0.040,1.164
1751285375044,2025-06-30T15:09:35.044,31.330,0.811,0.093,1.254
1751285375054,2025-06-30T15:09:35.054,31.340,0.803,0.137,1.401
1751285375064,2025-06-30T15:09:35.064,31.350,0.751,0.182,1.521
1751285375074,2025-06-30T15:09:35.074,31.360,0.687,0.220,1.623
1751285375084,2025-06-30T15:09:35.084,31.370,0.653,0.260,1.715
1751285375094,2025-06-30T15:09:35.094,31.380,0.599,0.309,1.768
1751285375104,2025-06-30T15:09:35.104,31.390,0.521,0.357,1.830
1751285375114,2025-06-30T15:09:35.114,31.400,0.459,0.414,1.876
1751285375124,2025-06-30T15:09:35.124,31.410,0.399,0.457,1.885
1751285375134,2025-06-30T15:09:35.134,31.420,0.331,0.482,1.877
1751285375144,2025-06-30T15:09:35.144,31.430,0.240,0.503,1.858
1751285375154,2025-06-30T15:09:35.154,31.440,0.153,0.505,1.826
1751285375164,2025-06-30T15:09:35.164,31.450,0.126,0.493,1.790
1751285375174,2025-06-30T15:09:35.174,31.460,0.088,0.490,1.742
1751285375184,2025-06-30T15:09:35.184,31.470,0.013,0.493,1.670
1751285375194,2025-06-30T15:09:35.194,31.480,-0.081,0.479,1.595
1751285375204,2025-06-30T15:09:35.204,31.490,-0.153,0.441,1.517
1751285375214,2025-06-30T15:09:35.214,31.500,-0.194,0.394,1.448
1751285375224,2025-06-30T15:09:35.224,31.510,-0.240,0.364,1.370
1751285375234,2025-06-30T15:09:35.234,31.520,-0.281,0.343,1.297
1751285375244,2025-06-30T15:09:35.244,31.530,-0.317,0.328,1.203
1751285375254,2025-06-30T15:09:35.254,31.540,-0.372,0.310,1.121
1751285375264,2025-06-30T15:09:35.264,31.550,-0.415,0.281,1.028
1751285375274,2025-06-30T15:09:35.274,31.560,-0.407,0.250,0.947
1751285375284,2025-06-30T15:09:35.284,31.570,-0.415,0.230,0.881
1751285375294,2025-06-30T15:09:35.294,31.580,-0.411,0.198,0.799
1751285375304,2025-06-30T15:09:35.304,31.590,-0.358,0.175,0.716
1751285375314,2025-06-30T15:09:35.314,31.600,-0.312,0.164,0.643
1751285375324,2025-06-30T15:09:35.324,31.610,-0.321,0.147,0.585
1751285375334,2025-06-30T15:09:35.334,31.620,-0.332,0.114,0.555
1751285375344,2025-06-30T15:09:35.344,31.630,-0.292,0.075,0.504
1751285375354,2025-06-30T15:09:35.354,31.640,-0.236,0.037,0.444
1751285375364,2025-06-30T15:09:35.364,31.650,-0.179,0.011,0.419
1751285375374,2025-06-30T15:09:35.374,31.660,-0.171,0.002,0.425
1751285375384,2025-06-30T15:09:35.384,31.670,-0.145,-0.028,0.424
1751285375394,2025-06-30T15:09:35.394,31.680,-0.049,-0.087,0.438
1751285375404,2025-06-30T15:09:35.404,31.690,0.049,-0.121,0.475
1751285375414,2025-06-30T15:09:35.414,31.700,0.151,-0.125,0.510
1751285375424,2025-06-30T15:09:35.424,31.710,0.259,-0.153,0.564
1751285375434,2025-06-30T15:09:35.434,31.720,0.325,-0.163,0.616
1751285375444,2025-06-30T15:09:35.444,31.730,0.362,-0.142,0.656
1751285375454,2025-06-30T15:09:35.454,31.740,0.446,-0.139,0.710
1751285375464,2025-06-30T15:09:35.464,31.750,0.500,-0.144,0.756
1751285375474,2025-06-30T15:09:35.474,31.760,0.506,-0.140,0.803
1751285375484,2025-06-30T15:09:35.484,31.770,0.524,-0.158,0.814
1751285375494,2025-06-30T15:09:35.494,31.780,0.623,-0.203,0.831
1751285375504,2025-06-30T15:09:35.504,31.790,0.755,-0.246,0.886
1751285375514,2025-06-30T15:09:35.514,31.800,0.825,-0.280,0.946
1751285375524,2025-06-30T15:09:35.524,31.810,0.790,-0.290,0.989
1751285375534,2025-06-30T15:09:35.534,31.820,0.693,-0.280,0.996
1751285375544,2025-06-30T15:09:35.544,31.830,0.607,-0.270,0.989
1751285375554,2025-06-30T15:09:35.554,31.840,0.516,-0.252,0.998
1751285375564,2025-06-30T15:09:35.564,31.850,0.461,-0.246,1.002
1751285375574,2025-06-30T15:09:35.574,31.860,0.439,-0.243,0.992
1751285375584,2025-06-30T15:09:35.584,31.870,0.400,-0.229,0.978
1751285375594,2025-06-30T15:09:35.594,31.880,0.348,-0.219,0.963
1751285375604,2025-06-30T15:09:35.604,31.890,0.307,-0.214,0.957
1751285375614,2025-06-30T15:09:35.614,31.900,0.253,-0.200,0.946
1751285375624,2025-06-30T15:09:35.624,31.910,0.193,-0.186,0.924
1751285375634,2025-06-30T15:09:35.634,31.920,0.128,-0.175,0.897
1751285375644,2025-06-30T15:09:35.644,31.930,0.079,-0.168,0.859
1751285375654,2025-06-30T15:09:35.654,31.940,0.042,-0.158,0.831
1751285375664,2025-06-30T15:09:35.664,31.950,-0.024,-0.138,0.788
1751285375674,2025-06-30T15:09:35.674,31.960,-0.102,-0.116,0.734
1751285375684,2025-06-30T15:09:35.684,31.970,-0.138,-0.102,0.680
1751285375694,2025-06-30T15:09:35.694,31.980,-0.143,-0.102,0.629
1751285375704,2025-06-30T15:09:35.704,31.990,-0.158,-0.100,0.601
1751285375714,2025-06-30T15:09:35.714,32.000,-0.105,-0.103,0.579
1751285375724,2025-06-30T15:09:35.724,32.010,-0.041,-0.101,0.561
1751285375734,2025-06-30T15:09:35.734,32.020,-0.000,-0.081,0.539
1751285375744,2025-06-30T15:09:35.744,32.030,0.031,-0.052,0.523
1751285375754,2025-06-30T15:09:35.754,32.040,0.040,-0.018,0.517
1751285375764,2025-06-30T15:09:35.764,32.050,0.048,0.010,0.534
1751285375774,2025-06-30T15:09:35.774,32.060,0.073,0.037,0.536
1751285375784,2025-06-30T15:09:35.784,32.070,0.099,0.058,0.515
1751285375794,2025-06-30T15:09:35.794,32.080,0.157,0.094,0.488
1751285375804,2025-06-30T15:09:35.804,32.090,0.292,0.131,0.525
1751285375814,2025-06-30T15:09:35.814,32.100,0.414,0.127,0.596
1751285375824,2025-06-30T15:09:35.824,32.110,0.535,0.102,0.667
1751285375834,2025-06-30T15:09:35.834,32.120,0.669,0.060,0.800
1751285375844,2025-06-30T15:09:35.844,32.130,0.782,0.057,0.825
1751285375854,2025-06-30T15:09:35.854,32.140,0.939,0.061,0.860
1751285375864,2025-06-30T15:09:35.864,32.150,1.035,0.043,1.022
1751285375874,2025-06-30T15:09:35.874,32.160,1.049,-0.012,1.068
1751285375884,2025-06-30T15:09:35.884,32.170,1.125,-0.099,1.060
1751285375894,2025-06-30T15:09:35.894,32.180,1.211,-0.163,1.129
1751285375904,2025-06-30T15:09:35.904,32.190,1.239,-0.188,1.252
1751285375914,2025-06-30T15:09:35.914,32.200,1.181,-0.150,1.365
1751285375924,2025-06-30T15:09:35.924,32.210,1.116,-0.090,1.450
1751285375934,2025-06-30T15:09:35.934,32.220,1.087,-0.026,1.541
1751285375944,2025-06-30T15:09:35.944,32.230,1.018,0.058,1.644
1751285375954,2025-06-30T15:09:35.954,32.240,0.890,0.174,1.727
1751285375964,2025-06-30T15:09:35.964,32.250,0.761,0.264,1.782
1751285375974,2025-06-30T15:09:35.974,32.260,0.636,0.335,1.816
1751285375984,2025-06-30T15:09:35.984,32.270,0.523,0.407,1.835
1751285375994,2025-06-30T15:09:35.994,32.280,0.453,0.461,1.874
1751285376004,2025-06-30T15:09:36.004,32.290,0.368,0.528,1.898
1751285376014,2025-06-30T15:09:36.014,32.300,0.290,0.586,1.893
1751285376024,2025-06-30T15:09:36.024,32.310,0.229,0.629,1.859
1751285376034,2025-06-30T15:09:36.034,32.320,0.153,0.651,1.807
1751285376044,2025-06-30T15:09:36.044,32.330,0.121,0.639,1.743
1751285376054,2025-06-30T15:09:36.054,32.340,0.093,0.625,1.689
1751285376064,2025-06-30T15:09:36.064,32.350,0.035,0.610,1.625
1751285376074,2025-06-30T15:09:36.074,32.360,-0.044,0.586,1.554
1751285376084,2025-06-30T15:09:36.084,32.370,-0.105,0.544,1.483
1751285376094,2025-06-30T15:09:36.094,32.380,-0.172,0.503,1.421
1751285376104,2025-06-30T15:09:36.104,32.390,-0.249,0.461,1.360
1751285376114,2025-06-30T15:09:36.114,32.400,-0.275,0.412,1.288
1751285376124,2025-06-30T15:09:36.124,32.410,-0.282,0.377,1.204
1751285376134,2025-06-30T15:09:36.134,32.420,-0.298,0.356,1.135
1751285376144,2025-06-30T15:09:36.144,32.430,-0.313,0.335,1.058
1751285376154,2025-06-30T15:09:36.154,32.440,-0.317,0.307,0.987
1751285376164,2025-06-30T15:09:36.164,32.450,-0.350,0.281,0.920
1751285376174,2025-06-30T15:09:36.174,32.460,-0.381,0.248,0.858
1751285376184,2025-06-30T15:09:36.184,32.470,-0.377,0.211,0.794
1751285376194,2025-06-30T15:09:36.194,32.480,-0.375,0.180,0.717
1751285376204,2025-06-30T15:09:36.204,32.490,-0.389,0.146,0.667
1751285376214,2025-06-30T15:09:36.214,32.500,-0.359,0.110,0.612
1751285376224,2025-06-30T15:09:36.224,32.510,-0.326,0.083,0.556
1751285376234,2025-06-30T15:09:36.234,32.520,-0.338,0.063,0.516
1751285376244,2025-06-30T15:09:36.244,32.530,-0.323,0.039,0.474
1751285376254,2025-06-30T15:09:36.254,32.540,-0.237,0.014,0.415
1751285376264,2025-06-30T15:09:36.264,32.550,-0.118,-0.017,0.371
1751285376274,2025-06-30T15:09:36.274,32.560,-0.027,-0.045,0.388
1751285376284,2025-06-30T15:09:36.284,32.570,0.028,-0.080,0.406
1751285376294,2025-06-30T15:09:36.294,32.580,0.119,-0.146,0.415
1751285376304,2025-06-30T15:09:36.304,32.590,0.246,-0.186,0.461
1751285376314,2025-06-30T15:09:36.314,32.600,0.321,-0.177,0.530
1751285376324,2025-06-30T15:09:36.324,32.610,0.394,-0.173,0.581
1751285376334,2025-06-30T15:09:36.334,32.620,0.423,-0.162,0.602
1751285376344,2025-06-30T15:09:36.344,32.630,0.434,-0.151,0.649
1751285376354,2025-06-30T15:09:36.354,32.640,0.491,-0.161,0.698
1751285376364,2025-06-30T15:09:36.364,32.650,0.555,-0.210,0.764
1751285376374,2025-06-30T15:09:36.374,32.660,0.610,-0.264,0.836
1751285376384,2025-06-30T15:09:36.384,32.670,0.653,-0.312,0.876
1751285376394,2025-06-30T15:09:36.394,32.680,0.657,-0.332,0.908
1751285376404,2025-06-30T15:09:36.404,32.690,0.603,-0.314,0.943
1751285376414,2025-06-30T15:09:36.414,32.700,0.530,-0.285,0.987
1751285376424,2025-06-30T15:09:36.424,32.710,0.465,-0.269,1.011
1751285376434,2025-06-30T15:09:36.434,32.720,0.430,-0.263,1.023
1751285376444,2025-06-30T15:09:36.444,32.730,0.378,-0.248,1.056
1751285376454,2025-06-30T15:09:36.454,32.740,0.336,-0.234,1.068
1751285376464,2025-06-30T15:09:36.464,32.750,0.280,-0.220,1.058
1751285376474,2025-06-30T15:09:36.474,32.760,0.157,-0.179,1.026
1751285376484,2025-06-30T15:09:36.484,32.770,0.033,-0.150,0.990
1751285376494,2025-06-30T15:09:36.494,32.780,-0.039,-0.137,0.970
1751285376504,2025-06-30T15:09:36.504,32.790,-0.104,-0.114,0.958
1751285376514,2025-06-30T15:09:36.514,32.800,-0.155,-0.094,0.942
1751285376524,2025-06-30T15:09:36.524,32.810,-0.181,-0.076,0.912
1751285376534,2025-06-30T15:09:36.534,32.820,-0.201,-0.059,0.869
1751285376544,2025-06-30T15:09:36.544,32.830,-0.172,-0.070,0.804
1751285376554,2025-06-30T15:09:36.554,32.840,-0.136,-0.078,0.791
1751285376564,2025-06-30T15:09:36.564,32.850,-0.139,-0.060,0.768
1751285376574,2025-06-30T15:09:36.574,32.860,-0.160,-0.052,0.721
1751285376584,2025-06-30T15:09:36.584,32.870,-0.157,-0.038,0.656
1751285376594,2025-06-30T15:09:36.594,32.880,-0.158,-0.021,0.613
1751285376604,2025-06-30T15:09:36.604,32.890,-0.160,0.004,0.582
1751285376614,2025-06-30T15:09:36.614,32.900,-0.146,0.027,0.558
1751285376624,2025-06-30T15:09:36.624,32.910,-0.130,0.042,0.543
1751285376634,2025-06-30T15:09:36.634,32.920,-0.074,0.049,0.538
1751285376644,2025-06-30T15:09:36.644,32.930,0.055,0.050,0.518
1751285376654,2025-06-30T15:09:36.654,32.940,0.216,0.051,0.496
1751285376664,2025-06-30T15:09:36.664,32.950,0.326,0.046,0.484
1751285376674,2025-06-30T15:09:36.674,32.960,0.412,0.062,0.490
1751285376684,2025-06-30T15:09:36.684,32.970,0.478,0.061,0.547
1751285376694,2025-06-30T15:09:36.694,32.980,0.485,0.037,0.592
1751285376704,2025-06-30T15:09:36.704,32.990,0.543,0.006,0.621
1751285376714,2025-06-30T15:09:36.714,33.000,0.613,-0.041,0.696
1751285376724,2025-06-30T15:09:36.724,33.010,0.698,-0.066,0.736
1751285376734,2025-06-30T15:09:36.734,33.020,0.838,-0.093,0.802
1751285376744,2025-06-30T15:09:36.744,33.030,0.992,-0.126,0.905
1751285376754,2025-06-30T15:09:36.754,33.040,1.088,-0.143,1.005
1751285376764,2025-06-30T15:09:36.764,33.050,1.089,-0.128,1.118
1751285376774,2025-06-30T15:09:36.774,33.060,1.112,-0.083,1.218
1751285376784,2025-06-30T15:09:36.784,33.070,1.103,-0.044,1.332
1751285376794,2025-06-30T15:09:36.794,33.080,1.054,0.018,1.493
1751285376804,2025-06-30T15:09:36.804,33.090,1.014,0.093,1.618
1751285376814,2025-06-30T15:09:36.814,33.100,0.960,0.154,1.681
1751285376824,2025-06-30T15:09:36.824,33.110,0.947,0.213,1.733
1751285376834,2025-06-30T15:09:36.834,33.120,0.952,0.261,1.790
1751285376844,2025-06-30T15:09:36.844,33.130,0.900,0.305,1.834
1751285376854,2025-06-30T15:09:36.854,33.140,0.826,0.354,1.874
1751285376864,2025-06-30T15:09:36.864,33.150,0.731,0.409,1.893
1751285376874,2025-06-30T15:09:36.874,33.160,0.593,0.464,1.876
1751285376884,2025-06-30T15:09:36.884,33.170,0.492,0.500,1.846
1751285376894,2025-06-30T15:09:36.894,33.180,0.406,0.533,1.804
1751285376904,2025-06-30T15:09:36.904,33.190,0.297,0.558,1.775
1751285376914,2025-06-30T15:09:36.914,33.200,0.224,0.556,1.761
1751285376924,2025-06-30T15:09:36.924,33.210,0.142,0.550,1.758
1751285376934,2025-06-30T15:09:36.934,33.220,0.006,0.535,1.718
1751285376944,2025-06-30T15:09:36.944,33.230,-0.085,0.495,1.649
1751285376954,2025-06-30T15:09:36.954,33.240,-0.156,0.479,1.602
1751285376964,2025-06-30T15:09:36.964,33.250,-0.257,0.478,1.542
1751285376974,2025-06-30T15:09:36.974,33.260,-0.306,0.460,1.468
1751285376984,2025-06-30T15:09:36.984,33.270,-0.326,0.457,1.390
1751285376994,2025-06-30T15:09:36.994,33.280,-0.347,0.455,1.310
1751285377004,2025-06-30T15:09:37.004,33.290,-0.353,0.445,1.223
1751285377014,2025-06-30T15:09:37.014,33.300,-0.350,0.421,1.118
1751285377024,2025-06-30T15:09:37.024,33.310,-0.354,0.383,1.017
1751285377034,2025-06-30T15:09:37.034,33.320,-0.412,0.345,0.926
1751285377044,2025-06-30T15:09:37.044,33.330,-0.411,0.291,0.837
1751285377054,2025-06-30T15:09:37.054,33.340,-0.305,0.236,0.732
1751285377064,2025-06-30T15:09:37.064,33.350,-0.232,0.203,0.639
1751285377074,2025-06-30T15:09:37.074,33.360,-0.194,0.158,0.566
1751285377084,2025-06-30T15:09:37.084,33.370,-0.184,0.113,0.503
1751285377094,2025-06-30T15:09:37.094,33.380,-0.147,0.073,0.441
1751285377104,2025-06-30T15:09:37.104,33.390,-0.077,0.034,0.414
1751285377114,2025-06-30T15:09:37.114,33.400,-0.019,-0.001,0.401
1751285377124,2025-06-30T15:09:37.124,33.410,0.062,-0.045,0.377
1751285377134,2025-06-30T15:09:37.134,33.420,0.155,-0.078,0.376
1751285377144,2025-06-30T15:09:37.144,33.430,0.256,-0.102,0.419
1751285377154,2025-06-30T15:09:37.154,33.440,0.354,-0.134,0.485
1751285377164,2025-06-30T15:09:37.164,33.450,0.398,-0.159,0.561
1751285377174,2025-06-30T15:09:37.174,33.460,0.369,-0.175,0.601
1751285377184,2025-06-30T15:09:37.184,33.470,0.272,-0.188,0.627
1751285377194,2025-06-30T15:09:37.194,33.480,0.173,-0.188,0.654
1751285377204,2025-06-30T15:09:37.204,33.490,0.096,-0.192,0.679
1751285377214,2025-06-30T15:09:37.214,33.500,0.075,-0.198,0.708
1751285377224,2025-06-30T15:09:37.224,33.510,0.082,-0.198,0.771
1751285377234,2025-06-30T15:09:37.234,33.520,0.124,-0.211,0.834
1751285377244,2025-06-30T15:09:37.244,33.530,0.211,-0.232,0.892
1751285377254,2025-06-30T15:09:37.254,33.540,0.287,-0.246,0.947
1751285377264,2025-06-30T15:09:37.264,33.550,0.296,-0.247,0.992
1751285377274,2025-06-30T15:09:37.274,33.560,0.239,-0.241,1.029
1751285377284,2025-06-30T15:09:37.284,33.570,0.136,-0.216,1.038
1751285377294,2025-06-30T15:09:37.294,33.580,0.092,-0.199,1.012
1751285377304,2025-06-30T15:09:37.304,33.590,0.058,-0.186,0.990
1751285377314,2025-06-30T15:09:37.314,33.600,-0.019,-0.161,0.973
1751285377324,2025-06-30T15:09:37.324,33.610,-0.065,-0.157,0.950
1751285377334,2025-06-30T15:09:37.334,33.620,-0.101,-0.149,0.933
1751285377344,2025-06-30T15:09:37.344,33.630,-0.117,-0.143,0.910
1751285377354,2025-06-30T15:09:37.354,33.640,-0.067,-0.143,0.880
1751285377364,2025-06-30T15:09:37.364,33.650,-0.056,-0.123,0.857
1751285377374,2025-06-30T15:09:37.374,33.660,-0.090,-0.107,0.835
1751285377384,2025-06-30T15:09:37.384,33.670,-0.076,-0.107,0.785
1751285377394,2025-06-30T15:09:37.394,33.680,-0.050,-0.101,0.748
1751285377404,2025-06-30T15:09:37.404,33.690,-0.044,-0.079,0.708
1751285377414,2025-06-30T15:09:37.414,33.700,-0.022,-0.058,0.671
1751285377424,2025-06-30T15:09:37.424,33.710,0.011,-0.043,0.642
1751285377434,2025-06-30T15:09:37.434,33.720,0.035,-0.033,0.598
1751285377444,2025-06-30T15:09:37.444,33.730,0.059,-0.029,0.558
1751285377454,2025-06-30T15:09:37.454,33.740,0.064,-0.024,0.537
1751285377464,2025-06-30T15:09:37.464,33.750,0.077,-0.020,0.531
1751285377474,2025-06-30T15:09:37.474,33.760,0.102,-0.028,0.521
1751285377484,2025-06-30T15:09:37.484,33.770,0.160,-0.028,0.504
1751285377494,2025-06-30T15:09:37.494,33.780,0.298,-0.019,0.481
1751285377504,2025-06-30T15:09:37.504,33.790,0.451,-0.013,0.444
1751285377514,2025-06-30T15:09:37.514,33.800,0.568,-0.019,0.439
1751285377524,2025-06-30T15:09:37.524,33.810,0.597,-0.027,0.490
1751285377534,2025-06-30T15:09:37.534,33.820,0.580,-0.035,0.542
1751285377544,2025-06-30T15:09:37.544,33.830,0.625,-0.062,0.547
1751285377554,2025-06-30T15:09:37.554,33.840,0.686,-0.088,0.570
1751285377564,2025-06-30T15:09:37.564,33.850,0.744,-0.071,0.625
1751285377574,2025-06-30T15:09:37.574,33.860,0.803,-0.037,0.693
1751285377584,2025-06-30T15:09:37.584,33.870,0.898,-0.008,0.779
1751285377594,2025-06-30T15:09:37.594,33.880,0.987,-0.020,0.875
1751285377604,2025-06-30T15:09:37.604,33.890,0.952,-0.066,0.971
1751285377614,2025-06-30T15:09:37.614,33.900,0.891,-0.096,1.065
1751285377624,2025-06-30T15:09:37.624,33.910,0.931,-0.099,1.188
1751285377634,2025-06-30T15:09:37.634,33.920,0.976,-0.078,1.297
1751285377644,2025-06-30T15:09:37.644,33.930,0.956,-0.041,1.363
1751285377654,2025-06-30T15:09:37.654,33.940,0.974,0.015,1.430
1751285377664,2025-06-30T15:09:37.664,33.950,1.021,0.082,1.521
1751285377674,2025-06-30T15:09:37.674,33.960,1.044,0.150,1.619
1751285377684,2025-06-30T15:09:37.684,33.970,0.990,0.211,1.710
1751285377694,2025-06-30T15:09:37.694,33.980,0.909,0.257,1.773
1751285377704,2025-06-30T15:09:37.704,33.990,0.861,0.305,1.802
1751285377714,2025-06-30T15:09:37.714,34.000,0.820,0.367,1.833
1751285377724,2025-06-30T15:09:37.724,34.010,0.756,0.440,1.844
1751285377734,2025-06-30T15:09:37.734,34.020,0.669,0.500,1.820
1751285377744,2025-06-30T15:09:37.744,34.030,0.604,0.519,1.790
1751285377754,2025-06-30T15:09:37.754,34.040,0.551,0.529,1.769
1751285377764,2025-06-30T15:09:37.764,34.050,0.488,0.537,1.768
1751285377774,2025-06-30T15:09:37.774,34.060,0.434,0.533,1.780
1751285377784,2025-06-30T15:09:37.784,34.070,0.337,0.538,1.769
1751285377794,2025-06-30T15:09:37.794,34.080,0.185,0.539,1.709
1751285377804,2025-06-30T15:09:37.804,34.090,0.044,0.517,1.645
1751285377814,2025-06-30T15:09:37.814,34.100,-0.055,0.503,1.584
1751285377824,2025-06-30T15:09:37.824,34.110,-0.146,0.488,1.536
1751285377834,2025-06-30T15:09:37.834,34.120,-0.238,0.472,1.470
1751285377844,2025-06-30T15:09:37.844,34.130,-0.304,0.441,1.376
1751285377854,2025-06-30T15:09:37.854,34.140,-0.285,0.391,1.303
1751285377864,2025-06-30T15:09:37.864,34.150,-0.245,0.380,1.234
1751285377874,2025-06-30T15:09:37.874,34.160,-0.252,0.384,1.143
1751285377884,2025-06-30T15:09:37.884,34.170,-0.278,0.373,1.053
1751285377894,2025-06-30T15:09:37.894,34.180,-0.284,0.355,0.957
1751285377904,2025-06-30T15:09:37.904,34.190,-0.304,0.321,0.851
1751285377914,2025-06-30T15:09:37.914,34.200,-0.345,0.284,0.755
1751285377924,2025-06-30T15:09:37.924,34.210,-0.367,0.243,0.677
1751285377934,2025-06-30T15:09:37.934,34.220,-0.348,0.194,0.610
1751285377944,2025-06-30T15:09:37.944,34.230,-0.328,0.160,0.541
1751285377954,2025-06-30T15:09:37.954,34.240,-0.309,0.144,0.468
1751285377964,2025-06-30T15:09:37.964,34.250,-0.285,0.125,0.392
1751285377974,2025-06-30T15:09:37.974,34.260,-0.285,0.094,0.292
1751285377984,2025-06-30T15:09:37.984,34.270,-0.273,0.042,0.229
1751285377994,2025-06-30T15:09:37.994,34.280,-0.178,-0.010,0.182
1751285378004,2025-06-30T15:09:38.004,34.290,-0.045,-0.026,0.154
1751285378014,2025-06-30T15:09:38.014,34.300,0.111,-0.046,0.246
1751285378024,2025-06-30T15:09:38.024,34.310,0.262,-0.081,0.388
1751285378034,2025-06-30T15:09:38.034,34.320,0.454,-0.146,0.570
1751285378044,2025-06-30T15:09:38.044,34.330,0.639,-0.189,0.801
1751285378054,2025-06-30T15:09:38.054,34.340,0.717,-0.179,0.892
1751285378064,2025-06-30T15:09:38.064,34.350,0.701,-0.187,0.853
1751285378074,2025-06-30T15:09:38.074,34.360,0.639,-0.156,0.781
1751285378084,2025-06-30T15:09:38.084,34.370,0.650,-0.120,0.768
1751285378094,2025-06-30T15:09:38.094,34.380,0.627,-0.096,0.828
1751285378104,2025-06-30T15:09:38.104,34.390,0.546,-0.089,0.878
1751285378114,2025-06-30T15:09:38.114,34.400,0.522,-0.146,0.912
1751285378124,2025-06-30T15:09:38.124,34.410,0.627,-0.221,0.969
1751285378134,2025-06-30T15:09:38.134,34.420,0.710,-0.250,1.017
1751285378144,2025-06-30T15:09:38.144,34.430,0.641,-0.235,1.040
1751285378154,2025-06-30T15:09:38.154,34.440,0.486,-0.223,1.020
1751285378164,2025-06-30T15:09:38.164,34.450,0.378,-0.219,0.979
1751285378174,2025-06-30T15:09:38.174,34.460,0.279,-0.197,0.943
1751285378184,2025-06-30T15:09:38.184,34.470,0.148,-0.174,0.899
1751285378194,2025-06-30T15:09:38.194,34.480,0.028,-0.151,0.847
1751285378204,2025-06-30T15:09:38.204,34.490,-0.056,-0.134,0.805
1751285378214,2025-06-30T15:09:38.214,34.500,-0.091,-0.126,0.783
1751285378224,2025-06-30T15:09:38.224,34.510,-0.109,-0.120,0.759
1751285378234,2025-06-30T15:09:38.234,34.520,-0.121,-0.119,0.734
1751285378244,2025-06-30T15:09:38.244,34.530,-0.115,-0.109,0.688
1751285378254,2025-06-30T15:09:38.254,34.540,-0.100,-0.083,0.636
1751285378264,2025-06-30T15:09:38.264,34.550,-0.042,-0.061,0.587
1751285378274,2025-06-30T15:09:38.274,34.560,-0.008,-0.032,0.534
1751285378284,2025-06-30T15:09:38.284,34.570,-0.004,-0.005,0.480
1751285378294,2025-06-30T15:09:38.294,34.580,0.003,0.003,0.433
1751285378304,2025-06-30T15:09:38.304,34.590,-0.008,-0.007,0.381
1751285378314,2025-06-30T15:09:38.314,34.600,-0.002,-0.017,0.357
1751285378324,2025-06-30T15:09:38.324,34.610,0.119,-0.030,0.378
1751285378334,2025-06-30T15:09:38.334,34.620,0.229,-0.020,0.483
1751285378344,2025-06-30T15:09:38.344,34.630,0.164,0.003,0.514
1751285378354,2025-06-30T15:09:38.354,34.640,0.150,-0.012,0.480
1751285378364,2025-06-30T15:09:38.364,34.650,0.276,0.002,0.550
1751285378374,2025-06-30T15:09:38.374,34.660,0.438,0.050,0.648
1751285378384,2025-06-30T15:09:38.384,34.670,0.607,0.068,0.714
1751285378394,2025-06-30T15:09:38.394,34.680,0.770,0.068,0.810
1751285378404,2025-06-30T15:09:38.404,34.690,0.972,0.044,0.943
1751285378414,2025-06-30T15:09:38.414,34.700,1.113,0.007,1.110
1751285378424,2025-06-30T15:09:38.424,34.710,1.074,0.008,1.223
1751285378434,2025-06-30T15:09:38.434,34.720,1.026,0.027,1.314
1751285378444,2025-06-30T15:09:38.444,34.730,1.057,0.076,1.397
1751285378454,2025-06-30T15:09:38.454,34.740,1.081,0.127,1.511
1751285378464,2025-06-30T15:09:38.464,34.750,1.112,0.151,1.599
1751285378474,2025-06-30T15:09:38.474,34.760,1.159,0.146,1.682
1751285378484,2025-06-30T15:09:38.484,34.770,1.130,0.155,1.730
1751285378494,2025-06-30T15:09:38.494,34.780,1.054,0.199,1.756
1751285378504,2025-06-30T15:09:38.504,34.790,0.967,0.255,1.755
1751285378514,2025-06-30T15:09:38.514,34.800,0.894,0.305,1.739
1751285378524,2025-06-30T15:09:38.524,34.810,0.811,0.341,1.755
1751285378534,2025-06-30T15:09:38.534,34.820,0.698,0.380,1.750
1751285378544,2025-06-30T15:09:38.544,34.830,0.602,0.406,1.722
1751285378554,2025-06-30T15:09:38.554,34.840,0.489,0.442,1.714
1751285378564,2025-06-30T15:09:38.564,34.850,0.364,0.482,1.704
1751285378574,2025-06-30T15:09:38.574,34.860,0.255,0.509,1.694
1751285378584,2025-06-30T15:09:38.584,34.870,0.114,0.530,1.659
1751285378594,2025-06-30T15:09:38.594,34.880,-0.038,0.531,1.616
1751285378604,2025-06-30T15:09:38.604,34.890,-0.169,0.510,1.573
1751285378614,2025-06-30T15:09:38.614,34.900,-0.249,0.478,1.514
1751285378624,2025-06-30T15:09:38.624,34.910,-0.292,0.455,1.441
1751285378634,2025-06-30T15:09:38.634,34.920,-0.358,0.450,1.367
1751285378644,2025-06-30T15:09:38.644,34.930,-0.441,0.455,1.299
1751285378654,2025-06-30T15:09:38.654,34.940,-0.500,0.446,1.224
1751285378664,2025-06-30T15:09:38.664,34.950,-0.499,0.418,1.146
1751285378674,2025-06-30T15:09:38.674,34.960,-0.493,0.390,1.069
1751285378684,2025-06-30T15:09:38.684,34.970,-0.491,0.354,0.993
1751285378694,2025-06-30T15:09:38.694,34.980,-0.495,0.322,0.923
1751285378704,2025-06-30T15:09:38.704,34.990,-0.514,0.294,0.843
1751285378714,2025-06-30T15:09:38.714,35.000,-0.501,0.255,0.784
1751285378724,2025-06-30T15:09:38.724,35.010,-0.454,0.220,0.736
1751285378734,2025-06-30T15:09:38.734,35.020,-0.451,0.198,0.679
1751285378744,2025-06-30T15:09:38.744,35.030,-0.454,0.165,0.619
1751285378754,2025-06-30T15:09:38.754,35.040,-0.399,0.124,0.575
1751285378764,2025-06-30T15:09:38.764,35.050,-0.352,0.093,0.540
1751285378774,2025-06-30T15:09:38.774,35.060,-0.319,0.061,0.533
1751285378784,2025-06-30T15:09:38.784,35.070,-0.281,0.022,0.500
1751285378794,2025-06-30T15:09:38.794,35.080,-0.223,-0.014,0.476
1751285378804,2025-06-30T15:09:38.804,35.090,-0.166,-0.038,0.484
1751285378814,2025-06-30T15:09:38.814,35.100,-0.129,-0.055,0.460
1751285378824,2025-06-30T15:09:38.824,35.110,0.005,-0.076,0.422
1751285378834,2025-06-30T15:09:38.834,35.120,0.186,-0.075,0.449
1751285378844,2025-06-30T15:09:38.844,35.130,0.302,-0.070,0.502
1751285378854,2025-06-30T15:09:38.854,35.140,0.391,-0.099,0.537
1751285378864,2025-06-30T15:09:38.864,35.150,0.460,-0.137,0.563
1751285378874,2025-06-30T15:09:38.874,35.160,0.502,-0.169,0.590
1751285378884,2025-06-30T15:09:38.884,35.170,0.518,-0.212,0.616
1751285378894,2025-06-30T15:09:38.894,35.180,0.537,-0.233,0.658
1751285378904,2025-06-30T15:09:38.904,35.190,0.562,-0.236,0.727
1751285378914,2025-06-30T15:09:38.914,35.200,0.546,-0.250,0.790
1751285378924,2025-06-30T15:09:38.924,35.210,0.484,-0.255,0.833
1751285378934,2025-06-30T15:09:38.934,35.220,0.482,-0.264,0.887
1751285378944,2025-06-30T15:09:38.944,35.230,0.525,-0.277,0.965
1751285378954,2025-06-30T15:09:38.954,35.240,0.522,-0.277,1.044
1751285378964,2025-06-30T15:09:38.964,35.250,0.467,-0.260,1.079
1751285378974,2025-06-30T15:09:38.974,35.260,0.371,-0.224,1.078
1751285378984,2025-06-30T15:09:38.984,35.270,0.278,-0.185,1.085
1751285378994,2025-06-30T15:09:38.994,35.280,0.237,-0.169,1.088
1751285379004,2025-06-30T15:09:39.004,35.290,0.189,-0.149,1.080
1751285379014,2025-06-30T15:09:39.014,35.300,0.127,-0.123,1.064
1751285379024,2025-06-30T15:09:39.024,35.310,0.087,-0.099,1.036
1751285379034,2025-06-30T15:09:39.034,35.320,0.048,-0.075,1.001
1751285379044,2025-06-30T15:09:39.044,35.330,0.008,-0.054,0.962
1751285379054,2025-06-30T15:09:39.054,35.340,-0.018,-0.042,0.921
1751285379064,2025-06-30T15:09:39.064,35.350,-0.030,-0.039,0.878
1751285379074,2025-06-30T15:09:39.074,35.360,-0.044,-0.026,0.830
1751285379084,2025-06-30T15:09:39.084,35.370,-0.090,-0.019,0.771
1751285379094,2025-06-30T15:09:39.094,35.380,-0.089,-0.021,0.715
1751285379104,2025-06-30T15:09:39.104,35.390,-0.046,-0.016,0.668
1751285379114,2025-06-30T15:09:39.114,35.400,0.003,-0.021,0.638
1751285379124,2025-06-30T15:09:39.124,35.410,0.042,-0.025,0.605
1751285379134,2025-06-30T15:09:39.134,35.420,0.063,-0.018,0.574
1751285379144,2025-06-30T15:09:39.144,35.430,0.080,-0.009,0.563
1751285379154,2025-06-30T15:09:39.154,35.440,0.070,0.012,0.562
1751285379164,2025-06-30T15:09:39.164,35.450,0.068,0.023,0.538
1751285379174,2025-06-30T15:09:39.174,35.460,0.103,0.039,0.517
1751285379184,2025-06-30T15:09:39.184,35.470,0.163,0.057,0.505
1751285379194,2025-06-30T15:09:39.194,35.480,0.297,0.057,0.508
1751285379204,2025-06-30T15:09:39.204,35.490,0.432,0.047,0.513
1751285379214,2025-06-30T15:09:39.214,35.500,0.521,0.037,0.564
1751285379224,2025-06-30T15:09:39.224,35.510,0.568,0.014,0.680
1751285379234,2025-06-30T15:09:39.234,35.520,0.568,-0.008,0.753
1751285379244,2025-06-30T15:09:39.244,35.530,0.605,-0.022,0.802
1751285379254,2025-06-30T15:09:39.254,35.540,0.680,-0.026,0.879
1751285379264,2025-06-30T15:09:39.264,35.550,0.793,-0.009,0.930
1751285379274,2025-06-30T15:09:39.274,35.560,0.976,0.023,0.984
1751285379284,2025-06-30T15:09:39.284,35.570,1.083,0.049,1.119
1751285379294,2025-06-30T15:09:39.294,35.580,1.080,0.055,1.212
1751285379304,2025-06-30T15:09:39.304,35.590,1.081,0.026,1.320
1751285379314,2025-06-30T15:09:39.314,35.600,1.106,-0.009,1.490
1751285379324,2025-06-30T15:09:39.324,35.610,1.072,0.007,1.621
1751285379334,2025-06-30T15:09:39.334,35.620,0.979,0.073,1.723
1751285379344,2025-06-30T15:09:39.344,35.630,0.869,0.154,1.821
1751285379354,2025-06-30T15:09:39.354,35.640,0.785,0.222,1.847
1751285379364,2025-06-30T15:09:39.364,35.650,0.744,0.252,1.833
1751285379374,2025-06-30T15:09:39.374,35.660,0.723,0.298,1.833
1751285379384,2025-06-30T15:09:39.384,35.670,0.659,0.355,1.820
1751285379394,2025-06-30T15:09:39.394,35.680,0.587,0.393,1.810
1751285379404,2025-06-30T15:09:39.404,35.690,0.529,0.428,1.797
1751285379414,2025-06-30T15:09:39.414,35.700,0.434,0.453,1.745
1751285379424,2025-06-30T15:09:39.424,35.710,0.314,0.450,1.690
1751285379434,2025-06-30T15:09:39.434,35.720,0.261,0.430,1.653
1751285379444,2025-06-30T15:09:39.444,35.730,0.235,0.419,1.623
1751285379454,2025-06-30T15:09:39.454,35.740,0.179,0.438,1.563
1751285379464,2025-06-30T15:09:39.464,35.750,0.123,0.444,1.488
1751285379474,2025-06-30T15:09:39.474,35.760,0.048,0.435,1.433
1751285379484,2025-06-30T15:09:39.484,35.770,-0.022,0.409,1.376
1751285379494,2025-06-30T15:09:39.494,35.780,-0.052,0.377,1.324
1751285379504,2025-06-30T15:09:39.504,35.790,-0.102,0.369,1.272
1751285379514,2025-06-30T15:09:39.514,35.800,-0.151,0.362,1.218
1751285379524,2025-06-30T15:09:39.524,35.810,-0.206,0.346,1.164
1751285379534,2025-06-30T15:09:39.534,35.820,-0.250,0.317,1.088
1751285379544,2025-06-30T15:09:39.544,35.830,-0.249,0.279,1.043
1751285379554,2025-06-30T15:09:39.554,35.840,-0.273,0.278,0.993
1751285379564,2025-06-30T15:09:39.564,35.850,-0.329,0.270,0.914
1751285379574,2025-06-30T15:09:39.574,35.860,-0.365,0.248,0.836
1751285379584,2025-06-30T15:09:39.584,35.870,-0.371,0.239,0.770
1751285379594,2025-06-30T15:09:39.594,35.880,-0.343,0.216,0.704
1751285379604,2025-06-30T15:09:39.604,35.890,-0.309,0.189,0.645
1751285379614,2025-06-30T15:09:39.614,35.900,-0.301,0.162,0.589
1751285379624,2025-06-30T15:09:39.624,35.910,-0.319,0.127,0.548
1751285379634,2025-06-30T15:09:39.634,35.920,-0.261,0.090,0.499
1751285379644,2025-06-30T15:09:39.644,35.930,-0.206,0.078,0.450
1751285379654,2025-06-30T15:09:39.654,35.940,-0.198,0.069,0.415
1751285379664,2025-06-30T15:09:39.664,35.950,-0.203,0.047,0.380
1751285379674,2025-06-30T15:09:39.674,35.960,-0.163,0.015,0.358
1751285379684,2025-06-30T15:09:39.684,35.970,-0.068,-0.028,0.343
1751285379694,2025-06-30T15:09:39.694,35.980,0.092,-0.077,0.299
1751285379704,2025-06-30T15:09:39.704,35.990,0.285,-0.100,0.334
1751285379714,2025-06-30T15:09:39.714,36.000,0.394,-0.102,0.440
1751285379724,2025-06-30T15:09:39.724,36.010,0.416,-0.119,0.511
1751285379734,2025-06-30T15:09:39.734,36.020,0.452,-0.147,0.568
1751285379744,2025-06-30T15:09:39.744,36.030,0.485,-0.173,0.626
1751285379754,2025-06-30T15:09:39.754,36.040,0.530,-0.213,0.688
1751285379764,2025-06-30T15:09:39.764,36.050,0.624,-0.249,0.751
1751285379774,2025-06-30T15:09:39.774,36.060,0.728,-0.245,0.815
1751285379784,2025-06-30T15:09:39.784,36.070,0.787,-0.230,0.848
1751285379794,2025-06-30T15:09:39.794,36.080,0.817,-0.228,0.868
1751285379804,2025-06-30T15:09:39.804,36.090,0.830,-0.238,0.905
1751285379814,2025-06-30T15:09:39.814,36.100,0.769,-0.242,0.955
1751285379824,2025-06-30T15:09:39.824,36.110,0.718,-0.247,0.969
1751285379834,2025-06-30T15:09:39.834,36.120,0.717,-0.257,0.992
1751285379844,2025-06-30T15:09:39.844,36.130,0.698,-0.238,1.021
1751285379854,2025-06-30T15:09:39.854,36.140,0.666,-0.216,1.023
1751285379864,2025-06-30T15:09:39.864,36.150,0.608,-0.191,1.015
1751285379874,2025-06-30T15:09:39.874,36.160,0.485,-0.152,0.983
1751285379884,2025-06-30T15:09:39.884,36.170,0.341,-0.126,0.933
1751285379894,2025-06-30T15:09:39.894,36.180,0.271,-0.117,0.896
1751285379904,2025-06-30T15:09:39.904,36.190,0.223,-0.100,0.876
1751285379914,2025-06-30T15:09:39.914,36.200,0.161,-0.076,0.843
1751285379924,2025-06-30T15:09:39.924,36.210,0.121,-0.060,0.794
1751285379934,2025-06-30T15:09:39.934,36.220,0.111,-0.045,0.740
1751285379944,2025-06-30T15:09:39.944,36.230,0.118,-0.037,0.680
1751285379954,2025-06-30T15:09:39.954,36.240,0.136,-0.031,0.612
1751285379964,2025-06-30T15:09:39.964,36.250,0.149,-0.026,0.549
1751285379974,2025-06-30T15:09:39.974,36.260,0.177,-0.050,0.508
1751285379984,2025-06-30T15:09:39.984,36.270,0.233,-0.082,0.483
1751285379994,2025-06-30T15:09:39.994,36.280,0.273,-0.088,0.485
1751285380004,2025-06-30T15:09:40.004,36.290,0.305,-0.063,0.521
1751285380014,2025-06-30T15:09:40.014,36.300,0.308,-0.031,0.529
1751285380024,2025-06-30T15:09:40.024,36.310,0.301,-0.015,0.461
1751285380034,2025-06-30T15:09:40.034,36.320,0.362,-0.016,0.463
1751285380044,2025-06-30T15:09:40.044,36.330,0.439,-0.006,0.511
1751285380054,2025-06-30T15:09:40.054,36.340,0.543,-0.005,0.556
1751285380064,2025-06-30T15:09:40.064,36.350,0.652,-0.017,0.662
1751285380074,2025-06-30T15:09:40.074,36.360,0.761,-0.049,0.789
1751285380084,2025-06-30T15:09:40.084,36.370,0.844,-0.078,0.934
1751285380094,2025-06-30T15:09:40.094,36.380,0.870,-0.064,1.017
1751285380104,2025-06-30T15:09:40.104,36.390,0.852,-0.028,1.061
1751285380114,2025-06-30T15:09:40.114,36.400,0.842,0.025,1.130
1751285380124,2025-06-30T15:09:40.124,36.410,0.862,0.058,1.229
1751285380134,2025-06-30T15:09:40.134,36.420,0.904,0.089,1.328
1751285380144,2025-06-30T15:09:40.144,36.430,0.963,0.136,1.434
1751285380154,2025-06-30T15:09:40.154,36.440,0.972,0.165,1.564
1751285380164,2025-06-30T15:09:40.164,36.450,0.931,0.195,1.671
1751285380174,2025-06-30T15:09:40.174,36.460,0.881,0.233,1.712
1751285380184,2025-06-30T15:09:40.184,36.470,0.845,0.263,1.715
1751285380194,2025-06-30T15:09:40.194,36.480,0.800,0.301,1.708
1751285380204,2025-06-30T15:09:40.204,36.490,0.746,0.334,1.708
1751285380214,2025-06-30T15:09:40.214,36.500,0.692,0.360,1.704
1751285380224,2025-06-30T15:09:40.224,36.510,0.632,0.374,1.689
1751285380234,2025-06-30T15:09:40.234,36.520,0.584,0.391,1.691
1751285380244,2025-06-30T15:09:40.244,36.530,0.504,0.431,1.684
1751285380254,2025-06-30T15:09:40.254,36.540,0.407,0.458,1.651
1751285380264,2025-06-30T15:09:40.264,36.550,0.321,0.465,1.607
1751285380274,2025-06-30T15:09:40.274,36.560,0.236,0.464,1.571
1751285380284,2025-06-30T15:09:40.284,36.570,0.116,0.465,1.547
1751285380294,2025-06-30T15:09:40.294,36.580,-0.005,0.447,1.504
1751285380304,2025-06-30T15:09:40.304,36.590,-0.081,0.397,1.454
1751285380314,2025-06-30T15:09:40.314,36.600,-0.121,0.359,1.413
1751285380324,2025-06-30T15:09:40.324,36.610,-0.167,0.338,1.362
1751285380334,2025-06-30T15:09:40.334,36.620,-0.231,0.340,1.297
1751285380344,2025-06-30T15:09:40.344,36.630,-0.301,0.355,1.226
1751285380354,2025-06-30T15:09:40.354,36.640,-0.350,0.355,1.148
1751285380364,2025-06-30T15:09:40.364,36.650,-0.351,0.330,1.076
1751285380374,2025-06-30T15:09:40.374,36.660,-0.359,0.313,0.988
1751285380384,2025-06-30T15:09:40.384,36.670,-0.371,0.295,0.897
1751285380394,2025-06-30T15:09:40.394,36.680,-0.345,0.271,0.817
1751285380404,2025-06-30T15:09:40.404,36.690,-0.307,0.249,0.751
1751285380414,2025-06-30T15:09:40.414,36.700,-0.311,0.218,0.686
1751285380424,2025-06-30T15:09:40.424,36.710,-0.338,0.178,0.616
1751285380434,2025-06-30T15:09:40.434,36.720,-0.302,0.134,0.550
1751285380444,2025-06-30T15:09:40.444,36.730,-0.235,0.109,0.509
1751285380454,2025-06-30T15:09:40.454,36.740,-0.205,0.093,0.488
1751285380464,2025-06-30T15:09:40.464,36.750,-0.217,0.069,0.442
1751285380474,2025-06-30T15:09:40.474,36.760,-0.212,0.046,0.397
1751285380484,2025-06-30T15:09:40.484,36.770,-0.143,0.003,0.364
1751285380494,2025-06-30T15:09:40.494,36.780,-0.023,-0.044,0.382
1751285380504,2025-06-30T15:09:40.504,36.790,0.058,-0.063,0.423
1751285380514,2025-06-30T15:09:40.514,36.800,0.133,-0.089,0.417
1751285380524,2025-06-30T15:09:40.524,36.810,0.206,-0.117,0.438
1751285380534,2025-06-30T15:09:40.534,36.820,0.212,-0.116,0.508
1751285380544,2025-06-30T15:09:40.544,36.830,0.242,-0.138,0.620
1751285380554,2025-06-30T15:09:40.554,36.840,0.287,-0.192,0.714
1751285380564,2025-06-30T15:09:40.564,36.850,0.358,-0.241,0.782
1751285380574,2025-06-30T15:09:40.574,36.860,0.506,-0.259,0.817
1751285380584,2025-06-30T15:09:40.584,36.870,0.629,-0.226,0.824
1751285380594,2025-06-30T15:09:40.594,36.880,0.689,-0.176,0.841
1751285380604,2025-06-30T15:09:40.604,36.890,0.723,-0.156,0.864
1751285380614,2025-06-30T15:09:40.614,36.900,0.775,-0.188,0.889
1751285380624,2025-06-30T15:09:40.624,36.910,0.777,-0.217,0.938
1751285380634,2025-06-30T15:09:40.634,36.920,0.719,-0.233,0.964
1751285380644,2025-06-30T15:09:40.644,36.930,0.670,-0.251,0.972
1751285380654,2025-06-30T15:09:40.654,36.940,0.683,-0.259,0.971
1751285380664,2025-06-30T15:09:40.664,36.950,0.681,-0.242,0.964
1751285380674,2025-06-30T15:09:40.674,36.960,0.597,-0.208,0.958
1751285380684,2025-06-30T15:09:40.684,36.970,0.515,-0.180,0.935
1751285380694,2025-06-30T15:09:40.694,36.980,0.462,-0.158,0.917
1751285380704,2025-06-30T15:09:40.704,36.990,0.385,-0.136,0.898
1751285380714,2025-06-30T15:09:40.714,37.000,0.290,-0.123,0.883
1751285380724,2025-06-30T15:09:40.724,37.010,0.198,-0.107,0.875
1751285380734,2025-06-30T15:09:40.734,37.020,0.102,-0.079,0.870
1751285380744,2025-06-30T15:09:40.744,37.030,0.023,-0.065,0.853
1751285380754,2025-06-30T15:09:40.754,37.040,0.001,-0.074,0.832
1751285380764,2025-06-30T15:09:40.764,37.050,-0.012,-0.068,0.806
1751285380774,2025-06-30T15:09:40.774,37.060,-0.068,-0.040,0.772
1751285380784,2025-06-30T15:09:40.784,37.070,-0.107,-0.028,0.728
1751285380794,2025-06-30T15:09:40.794,37.080,-0.065,-0.032,0.698
1751285380804,2025-06-30T15:09:40.804,37.090,-0.007,-0.027,0.670
1751285380814,2025-06-30T15:09:40.814,37.100,0.066,-0.025,0.649
1751285380824,2025-06-30T15:09:40.824,37.110,0.117,-0.010,0.633
1751285380834,2025-06-30T15:09:40.834,37.120,0.131,0.015,0.624
1751285380844,2025-06-30T15:09:40.844,37.130,0.123,0.042,0.606
1751285380854,2025-06-30T15:09:40.854,37.140,0.118,0.065,0.583
1751285380864,2025-06-30T15:09:40.864,37.150,0.111,0.083,0.548
1751285380874,2025-06-30T15:09:40.874,37.160,0.177,0.093,0.507
1751285380884,2025-06-30T15:09:40.884,37.170,0.378,0.083,0.565
1751285380894,2025-06-30T15:09:40.894,37.180,0.543,0.057,0.620
1751285380904,2025-06-30T15:09:40.904,37.190,0.647,0.017,0.622
1751285380914,2025-06-30T15:09:40.914,37.200,0.763,-0.014,0.669
1751285380924,2025-06-30T15:09:40.924,37.210,0.840,-0.019,0.784
1751285380934,2025-06-30T15:09:40.934,37.220,0.837,-0.026,0.876
1751285380944,2025-06-30T15:09:40.944,37.230,0.810,-0.035,0.941
1751285380954,2025-06-30T15:09:40.954,37.240,0.848,-0.021,0.998
1751285380964,2025-06-30T15:09:40.964,37.250,0.950,0.000,1.105
1751285380974,2025-06-30T15:09:40.974,37.260,1.030,0.025,1.221
1751285380984,2025-06-30T15:09:40.984,37.270,1.111,0.053,1.315
1751285380994,2025-06-30T15:09:40.994,37.280,1.186,0.089,1.387
1751285381004,2025-06-30T15:09:41.004,37.290,1.165,0.142,1.470
1751285381014,2025-06-30T15:09:41.014,37.300,1.054,0.202,1.563
1751285381024,2025-06-30T15:09:41.024,37.310,0.952,0.239,1.647
1751285381034,2025-06-30T15:09:41.034,37.320,0.878,0.267,1.698
1751285381044,2025-06-30T15:09:41.044,37.330,0.816,0.304,1.719
1751285381054,2025-06-30T15:09:41.054,37.340,0.770,0.341,1.738
1751285381064,2025-06-30T15:09:41.064,37.350,0.725,0.384,1.745
1751285381074,2025-06-30T15:09:41.074,37.360,0.649,0.424,1.735
1751285381084,2025-06-30T15:09:41.084,37.370,0.582,0.452,1.719
1751285381094,2025-06-30T15:09:41.094,37.380,0.520,0.476,1.703
1751285381104,2025-06-30T15:09:41.104,37.390,0.439,0.500,1.668
1751285381114,2025-06-30T15:09:41.114,37.400,0.340,0.510,1.640
1751285381124,2025-06-30T15:09:41.124,37.410,0.227,0.514,1.622
1751285381134,2025-06-30T15:09:41.134,37.420,0.129,0.500,1.595
1751285381144,2025-06-30T15:09:41.144,37.430,0.043,0.479,1.556
1751285381154,2025-06-30T15:09:41.154,37.440,-0.081,0.465,1.512
1751285381164,2025-06-30T15:09:41.164,37.450,-0.189,0.439,1.449
1751285381174,2025-06-30T15:09:41.174,37.460,-0.208,0.392,1.412
1751285381184,2025-06-30T15:09:41.184,37.470,-0.230,0.378,1.364
1751285381194,2025-06-30T15:09:41.194,37.480,-0.292,0.383,1.312
1751285381204,2025-06-30T15:09:41.204,37.490,-0.321,0.383,1.238
1751285381214,2025-06-30T15:09:41.214,37.500,-0.328,0.381,1.158
1751285381224,2025-06-30T15:09:41.224,37.510,-0.360,0.369,1.082
1751285381234,2025-06-30T15:09:41.234,37.520,-0.387,0.342,1.002
1751285381244,2025-06-30T15:09:41.244,37.530,-0.360,0.309,0.925
1751285381254,2025-06-30T15:09:41.254,37.540,-0.344,0.281,0.868
1751285381264,2025-06-30T15:09:41.264,37.550,-0.347,0.247,0.813
1751285381274,2025-06-30T15:09:41.274,37.560,-0.319,0.216,0.752
1751285381284,2025-06-30T15:09:41.284,37.570,-0.293,0.188,0.697
1751285381294,2025-06-30T15:09:41.294,37.580,-0.283,0.161,0.657
1751285381304,2025-06-30T15:09:41.304,37.590,-0.288,0.130,0.612
1751285381314,2025-06-30T15:09:41.314,37.600,-0.280,0.098,0.539
1751285381324,2025-06-30T15:09:41.324,37.610,-0.204,0.063,0.474
1751285381334,2025-06-30T15:09:41.334,37.620,-0.111,0.035,0.446
1751285381344,2025-06-30T15:09:41.344,37.630,-0.049,-0.008,0.440
1751285381354,2025-06-30T15:09:41.354,37.640,0.012,-0.063,0.433
1751285381364,2025-06-30T15:09:41.364,37.650,0.112,-0.103,0.405
1751285381374,2025-06-30T15:09:41.374,37.660,0.241,-0.134,0.356
1751285381384,2025-06-30T15:09:41.384,37.670,0.360,-0.158,0.323
1751285381394,2025-06-30T15:09:41.394,37.680,0.420,-0.171,0.356
1751285381404,2025-06-30T15:09:41.404,37.690,0.442,-0.200,0.405
1751285381414,2025-06-30T15:09:41.414,37.700,0.499,-0.251,0.486
1751285381424,2025-06-30T15:09:41.424,37.710,0.555,-0.304,0.559
1751285381434,2025-06-30T15:09:41.434,37.720,0.586,-0.357,0.606
1751285381444,2025-06-30T15:09:41.444,37.730,0.591,-0.391,0.665
1751285381454,2025-06-30T15:09:41.454,37.740,0.581,-0.376,0.729
1751285381464,2025-06-30T15:09:41.464,37.750,0.585,-0.332,0.798
1751285381474,2025-06-30T15:09:41.474,37.760,0.614,-0.283,0.853
1751285381484,2025-06-30T15:09:41.484,37.770,0.631,-0.255,0.913
1751285381494,2025-06-30T15:09:41.494,37.780,0.595,-0.237,0.958
1751285381504,2025-06-30T15:09:41.504,37.790,0.535,-0.220,0.997
1751285381514,2025-06-30T15:09:41.514,37.800,0.471,-0.195,1.037
1751285381524,2025-06-30T15:09:41.524,37.810,0.378,-0.169,1.060
1751285381534,2025-06-30T15:09:41.534,37.820,0.272,-0.144,1.065
1751285381544,2025-06-30T15:09:41.544,37.830,0.183,-0.125,1.058
1751285381554,2025-06-30T15:09:41.554,37.840,0.099,-0.107,1.040
1751285381564,2025-06-30T15:09:41.564,37.850,0.035,-0.090,1.020
1751285381574,2025-06-30T15:09:41.574,37.860,-0.002,-0.077,1.009
1751285381584,2025-06-30T15:09:41.584,37.870,-0.062,-0.063,0.979
1751285381594,2025-06-30T15:09:41.594,37.880,-0.103,-0.056,0.946
1751285381604,2025-06-30T15:09:41.604,37.890,-0.095,-0.057,0.908
1751285381614,2025-06-30T15:09:41.614,37.900,-0.097,-0.046,0.860
1751285381624,2025-06-30T15:09:41.624,37.910,-0.123,-0.034,0.805
1751285381634,2025-06-30T15:09:41.634,37.920,-0.121,-0.030,0.741
1751285381644,2025-06-30T15:09:41.644,37.930,-0.091,-0.030,0.685
1751285381654,2025-06-30T15:09:41.654,37.940,-0.030,-0.037,0.641
1751285381664,2025-06-30T15:09:41.664,37.950,0.019,-0.043,0.607
1751285381674,2025-06-30T15:09:41.674,37.960,0.021,-0.036,0.593
1751285381684,2025-06-30T15:09:41.684,37.970,0.024,-0.037,0.606
1751285381694,2025-06-30T15:09:41.694,37.980,0.043,-0.041,0.612
1751285381704,2025-06-30T15:09:41.704,37.990,0.057,-0.020,0.581
1751285381714,2025-06-30T15:09:41.714,38.000,0.098,0.016,0.524
1751285381724,2025-06-30T15:09:41.724,38.010,0.172,0.053,0.497
1751285381734,2025-06-30T15:09:41.734,38.020,0.256,0.066,0.490
1751285381744,2025-06-30T15:09:41.744,38.030,0.346,0.033,0.484
1751285381754,2025-06-30T15:09:41.754,38.040,0.503,-0.022,0.504
1751285381764,2025-06-30T15:09:41.764,38.050,0.694,-0.070,0.587
1751285381774,2025-06-30T15:09:41.774,38.060,0.794,-0.098,0.685
1751285381784,2025-06-30T15:09:41.784,38.070,0.796,-0.084,0.733
1751285381794,2025-06-30T15:09:41.794,38.080,0.784,-0.047,0.740
1751285381804,2025-06-30T15:09:41.804,38.090,0.824,-0.012,0.748
1751285381814,2025-06-30T15:09:41.814,38.100,0.956,0.003,0.813
1751285381824,2025-06-30T15:09:41.824,38.110,1.089,0.002,0.899
1751285381834,2025-06-30T15:09:41.834,38.120,1.166,-0.017,0.979
1751285381844,2025-06-30T15:09:41.844,38.130,1.264,-0.066,1.052
1751285381854,2025-06-30T15:09:41.854,38.140,1.362,-0.096,1.127
1751285381864,2025-06-30T15:09:41.864,38.150,1.363,-0.068,1.202
1751285381874,2025-06-30T15:09:41.874,38.160,1.238,-0.011,1.268
1751285381884,2025-06-30T15:09:41.884,38.170,1.091,0.040,1.323
1751285381894,2025-06-30T15:09:41.894,38.180,1.012,0.068,1.377
1751285381904,2025-06-30T15:09:41.904,38.190,1.019,0.079,1.431
1751285381914,2025-06-30T15:09:41.914,38.200,1.048,0.100,1.502
1751285381924,2025-06-30T15:09:41.924,38.210,1.012,0.161,1.583
1751285381934,2025-06-30T15:09:41.934,38.220,0.930,0.234,1.620
1751285381944,2025-06-30T15:09:41.944,38.230,0.841,0.294,1.646
1751285381954,2025-06-30T15:09:41.954,38.240,0.713,0.355,1.663
1751285381964,2025-06-30T15:09:41.964,38.250,0.562,0.411,1.654
1751285381974,2025-06-30T15:09:41.974,38.260,0.460,0.450,1.653
1751285381984,2025-06-30T15:09:41.984,38.270,0.389,0.487,1.666
1751285381994,2025-06-30T15:09:41.994,38.280,0.316,0.510,1.694
1751285382004,2025-06-30T15:09:42.004,38.290,0.202,0.521,1.688
1751285382014,2025-06-30T15:09:42.014,38.300,0.122,0.502,1.682
1751285382024,2025-06-30T15:09:42.024,38.310,0.062,0.496,1.674
1751285382034,2025-06-30T15:09:42.034,38.320,0.000,0.499,1.643
1751285382044,2025-06-30T15:09:42.044,38.330,-0.055,0.518,1.598
1751285382054,2025-06-30T15:09:42.054,38.340,-0.153,0.548,1.540
1751285382064,2025-06-30T15:09:42.064,38.350,-0.251,0.559,1.469
1751285382074,2025-06-30T15:09:42.074,38.360,-0.285,0.534,1.396
1751285382084,2025-06-30T15:09:42.084,38.370,-0.265,0.496,1.331
1751285382094,2025-06-30T15:09:42.094,38.380,-0.255,0.463,1.257
1751285382104,2025-06-30T15:09:42.104,38.390,-0.285,0.448,1.188
1751285382114,2025-06-30T15:09:42.114,38.400,-0.331,0.416,1.106
1751285382124,2025-06-30T15:09:42.124,38.410,-0.327,0.366,1.021
1751285382134,2025-06-30T15:09:42.134,38.420,-0.343,0.329,0.937
1751285382144,2025-06-30T15:09:42.144,38.430,-0.357,0.288,0.867
1751285382154,2025-06-30T15:09:42.154,38.440,-0.319,0.235,0.801
1751285382164,2025-06-30T15:09:42.164,38.450,-0.305,0.198,0.726
1751285382174,2025-06-30T15:09:42.174,38.460,-0.315,0.166,0.664
1751285382184,2025-06-30T15:09:42.184,38.470,-0.300,0.128,0.597
1751285382194,2025-06-30T15:09:42.194,38.480,-0.266,0.082,0.543
1751285382204,2025-06-30T15:09:42.204,38.490,-0.219,0.046,0.505
1751285382214,2025-06-30T15:09:42.214,38.500,-0.176,0.006,0.489
1751285382224,2025-06-30T15:09:42.224,38.510,-0.127,-0.035,0.473
1751285382234,2025-06-30T15:09:42.234,38.520,-0.042,-0.072,0.480
1751285382244,2025-06-30T15:09:42.244,38.530,-0.013,-0.085,0.502
1751285382254,2025-06-30T15:09:42.254,38.540,0.032,-0.083,0.480
1751285382264,2025-06-30T15:09:42.264,38.550,0.140,-0.084,0.450
1751285382274,2025-06-30T15:09:42.274,38.560,0.299,-0.075,0.419
1751285382284,2025-06-30T15:09:42.284,38.570,0.521,-0.075,0.447
1751285382294,2025-06-30T15:09:42.294,38.580,0.722,-0.112,0.497
1751285382304,2025-06-30T15:09:42.304,38.590,0.834,-0.171,0.562
1751285382314,2025-06-30T15:09:42.314,38.600,0.883,-0.220,0.604
1751285382324,2025-06-30T15:09:42.324,38.610,0.851,-0.241,0.616
1751285382334,2025-06-30T15:09:42.334,38.620,0.735,-0.236,0.612
1751285382344,2025-06-30T15:09:42.344,38.630,0.660,-0.236,0.652
1751285382354,2025-06-30T15:09:42.354,38.640,0.608,-0.246,0.723
1751285382364,2025-06-30T15:09:42.364,38.650,0.573,-0.268,0.768
1751285382374,2025-06-30T15:09:42.374,38.660,0.573,-0.294,0.804
1751285382384,2025-06-30T15:09:42.384,38.670,0.526,-0.285,0.846
1751285382394,2025-06-30T15:09:42.394,38.680,0.439,-0.253,0.897
1751285382404,2025-06-30T15:09:42.404,38.690,0.347,-0.222,0.930
1751285382414,2025-06-30T15:09:42.414,38.700,0.249,-0.201,0.945
1751285382424,2025-06-30T15:09:42.424,38.710,0.145,-0.172,0.940
1751285382434,2025-06-30T15:09:42.434,38.720,0.062,-0.141,0.928
1751285382444,2025-06-30T15:09:42.444,38.730,0.040,-0.123,0.923
1751285382454,2025-06-30T15:09:42.454,38.740,0.010,-0.099,0.918
1751285382464,2025-06-30T15:09:42.464,38.750,-0.037,-0.073,0.900
1751285382474,2025-06-30T15:09:42.474,38.760,-0.043,-0.065,0.870
1751285382484,2025-06-30T15:09:42.484,38.770,-0.066,-0.050,0.852
1751285382494,2025-06-30T15:09:42.494,38.780,-0.087,-0.035,0.844
1751285382504,2025-06-30T15:09:42.504,38.790,-0.076,-0.026,0.827
1751285382514,2025-06-30T15:09:42.514,38.800,-0.090,-0.003,0.791
1751285382524,2025-06-30T15:09:42.524,38.810,-0.120,0.023,0.752
1751285382534,2025-06-30T15:09:42.534,38.820,-0.083,0.030,0.723
1751285382544,2025-06-30T15:09:42.544,38.830,-0.029,0.035,0.720
1751285382554,2025-06-30T15:09:42.554,38.840,-0.005,0.047,0.729
1751285382564,2025-06-30T15:09:42.564,38.850,0.025,0.065,0.744
1751285382574,2025-06-30T15:09:42.574,38.860,0.051,0.086,0.746
1751285382584,2025-06-30T15:09:42.584,38.870,0.054,0.117,0.728
1751285382594,2025-06-30T15:09:42.594,38.880,0.082,0.147,0.698
1751285382604,2025-06-30T15:09:42.604,38.890,0.142,0.160,0.654
1751285382614,2025-06-30T15:09:42.614,38.900,0.201,0.153,0.597
1751285382624,2025-06-30T15:09:42.624,38.910,0.269,0.154,0.623
1751285382634,2025-06-30T15:09:42.634,38.920,0.387,0.131,0.654
1751285382644,2025-06-30T15:09:42.644,38.930,0.527,0.057,0.728
1751285382654,2025-06-30T15:09:42.654,38.940,0.612,-0.006,0.782
1751285382664,2025-06-30T15:09:42.664,38.950,0.688,-0.045,0.828
1751285382674,2025-06-30T15:09:42.674,38.960,0.777,-0.086,0.854
1751285382684,2025-06-30T15:09:42.684,38.970,0.915,-0.135,0.844
1751285382694,2025-06-30T15:09:42.694,38.980,1.056,-0.178,0.879
1751285382704,2025-06-30T15:09:42.704,38.990,1.095,-0.193,0.960
1751285382714,2025-06-30T15:09:42.714,39.000,1.059,-0.201,1.000
1751285382724,2025-06-30T15:09:42.724,39.010,1.022,-0.211,1.024
1751285382734,2025-06-30T15:09:42.734,39.020,1.058,-0.201,1.080
1751285382744,2025-06-30T15:09:42.744,39.030,1.143,-0.158,1.142
1751285382754,2025-06-30T15:09:42.754,39.040,1.217,-0.100,1.203
1751285382764,2025-06-30T15:09:42.764,39.050,1.215,-0.041,1.294
1751285382774,2025-06-30T15:09:42.774,39.060,1.176,-0.010,1.374
1751285382784,2025-06-30T15:09:42.784,39.070,1.130,0.022,1.434
1751285382794,2025-06-30T15:09:42.794,39.080,1.058,0.081,1.475
1751285382804,2025-06-30T15:09:42.804,39.090,0.997,0.159,1.497
1751285382814,2025-06-30T15:09:42.814,39.100,0.944,0.236,1.521
1751285382824,2025-06-30T15:09:42.824,39.110,0.874,0.300,1.547
1751285382834,2025-06-30T15:09:42.834,39.120,0.791,0.358,1.579
1751285382844,2025-06-30T15:09:42.844,39.130,0.725,0.401,1.597
1751285382854,2025-06-30T15:09:42.854,39.140,0.662,0.432,1.623
1751285382864,2025-06-30T15:09:42.864,39.150,0.536,0.480,1.649
1751285382874,2025-06-30T15:09:42.874,39.160,0.394,0.515,1.656
1751285382884,2025-06-30T15:09:42.884,39.170,0.268,0.529,1.667
1751285382894,2025-06-30T15:09:42.894,39.180,0.133,0.532,1.673
1751285382904,2025-06-30T15:09:42.904,39.190,0.037,0.515,1.653
1751285382914,2025-06-30T15:09:42.914,39.200,-0.052,0.510,1.616
1751285382924,2025-06-30T15:09:42.924,39.210,-0.182,0.519,1.564
1751285382934,2025-06-30T15:09:42.934,39.220,-0.242,0.489,1.515
1751285382944,2025-06-30T15:09:42.944,39.230,-0.226,0.461,1.474
1751285382954,2025-06-30T15:09:42.954,39.240,-0.230,0.462,1.456
1751285382964,2025-06-30T15:09:42.964,39.250,-0.250,0.461,1.405
1751285382974,2025-06-30T15:09:42.974,39.260,-0.241,0.445,1.328
1751285382984,2025-06-30T15:09:42.984,39.270,-0.261,0.423,1.262
1751285382994,2025-06-30T15:09:42.994,39.280,-0.308,0.398,1.192
1751285383004,2025-06-30T15:09:43.004,39.290,-0.332,0.357,1.124
1751285383014,2025-06-30T15:09:43.014,39.300,-0.373,0.330,1.057
1751285383024,2025-06-30T15:09:43.024,39.310,-0.369,0.298,0.987
1751285383034,2025-06-30T15:09:43.034,39.320,-0.305,0.260,0.917
1751285383044,2025-06-30T15:09:43.044,39.330,-0.283,0.236,0.855
1751285383054,2025-06-30T15:09:43.054,39.340,-0.271,0.207,0.778
1751285383064,2025-06-30T15:09:43.064,39.350,-0.230,0.176,0.703
1751285383074,2025-06-30T15:09:43.074,39.360,-0.178,0.147,0.625
1751285383084,2025-06-30T15:09:43.084,39.370,-0.171,0.122,0.562
1751285383094,2025-06-30T15:09:43.094,39.380,-0.167,0.097,0.521
1751285383104,2025-06-30T15:09:43.104,39.390,-0.080,0.057,0.478
1751285383114,2025-06-30T15:09:43.114,39.400,0.005,0.023,0.459
1751285383124,2025-06-30T15:09:43.124,39.410,0.058,-0.025,0.417
1751285383134,2025-06-30T15:09:43.134,39.420,0.170,-0.085,0.388
1751285383144,2025-06-30T15:09:43.144,39.430,0.308,-0.118,0.416
1751285383154,2025-06-30T15:09:43.154,39.440,0.369,-0.133,0.480
1751285383164,2025-06-30T15:09:43.164,39.450,0.377,-0.155,0.527
1751285383174,2025-06-30T15:09:43.174,39.460,0.375,-0.171,0.512
1751285383184,2025-06-30T15:09:43.184,39.470,0.364,-0.189,0.516
1751285383194,2025-06-30T15:09:43.194,39.480,0.381,-0.196,0.536
1751285383204,2025-06-30T15:09:43.204,39.490,0.445,-0.215,0.561
1751285383214,2025-06-30T15:09:43.214,39.500,0.517,-0.233,0.609
1751285383224,2025-06-30T15:09:43.224,39.510,0.569,-0.238,0.683
1751285383234,2025-06-30T15:09:43.234,39.520,0.578,-0.251,0.738
1751285383244,2025-06-30T15:09:43.244,39.530,0.572,-0.279,0.784
1751285383254,2025-06-30T15:09:43.254,39.540,0.566,-0.292,0.840
1751285383264,2025-06-30T15:09:43.264,39.550,0.523,-0.277,0.890
1751285383274,2025-06-30T15:09:43.274,39.560,0.457,-0.247,0.916
1751285383284,2025-06-30T15:09:43.284,39.570,0.394,-0.229,0.939
1751285383294,2025-06-30T15:09:43.294,39.580,0.331,-0.213,0.949
1751285383304,2025-06-30T15:09:43.304,39.590,0.252,-0.197,0.940
1751285383314,2025-06-30T15:09:43.314,39.600,0.198,-0.176,0.938
1751285383324,2025-06-30T15:09:43.324,39.610,0.144,-0.151,0.936
1751285383334,2025-06-30T15:09:43.334,39.620,0.093,-0.133,0.922
1751285383344,2025-06-30T15:09:43.344,39.630,0.029,-0.114,0.893
1751285383354,2025-06-30T15:09:43.354,39.640,-0.054,-0.093,0.854
1751285383364,2025-06-30T15:09:43.364,39.650,-0.076,-0.101,0.824
1751285383374,2025-06-30T15:09:43.374,39.660,-0.073,-0.102,0.811
1751285383384,2025-06-30T15:09:43.384,39.670,-0.068,-0.093,0.783
1751285383394,2025-06-30T15:09:43.394,39.680,-0.086,-0.077,0.725
1751285383404,2025-06-30T15:09:43.404,39.690,-0.079,-0.062,0.684
1751285383414,2025-06-30T15:09:43.414,39.700,-0.042,-0.048,0.666
1751285383424,2025-06-30T15:09:43.424,39.710,-0.003,-0.036,0.651
1751285383434,2025-06-30T15:09:43.434,39.720,0.038,-0.024,0.644
1751285383444,2025-06-30T15:09:43.444,39.730,0.054,-0.001,0.635
1751285383454,2025-06-30T15:09:43.454,39.740,0.070,0.021,0.622
1751285383464,2025-06-30T15:09:43.464,39.750,0.099,0.029,0.595
1751285383474,2025-06-30T15:09:43.474,39.760,0.179,0.033,0.579
1751285383484,2025-06-30T15:09:43.484,39.770,0.268,0.040,0.583
1751285383494,2025-06-30T15:09:43.494,39.780,0.333,0.040,0.613
1751285383504,2025-06-30T15:09:43.504,39.790,0.386,0.032,0.667
1751285383514,2025-06-30T15:09:43.514,39.800,0.423,0.008,0.687
1751285383524,2025-06-30T15:09:43.524,39.810,0.499,-0.022,0.732
1751285383534,2025-06-30T15:09:43.534,39.820,0.573,-0.027,0.794
1751285383544,2025-06-30T15:09:43.544,39.830,0.628,0.000,0.823
1751285383554,2025-06-30T15:09:43.554,39.840,0.691,0.033,0.852
1751285383564,2025-06-30T15:09:43.564,39.850,0.751,0.059,0.911
1751285383574,2025-06-30T15:09:43.574,39.860,0.856,0.047,0.987
1751285383584,2025-06-30T15:09:43.584,39.870,0.988,0.000,1.115
1751285383594,2025-06-30T15:09:43.594,39.880,1.030,-0.046,1.174
1751285383604,2025-06-30T15:09:43.604,39.890,1.035,-0.086,1.228
1751285383614,2025-06-30T15:09:43.614,39.900,1.013,-0.049,1.317
1751285383624,2025-06-30T15:09:43.624,39.910,0.976,0.007,1.398
1751285383634,2025-06-30T15:09:43.634,39.920,0.986,0.031,1.458
1751285383644,2025-06-30T15:09:43.644,39.930,1.003,0.060,1.496
1751285383654,2025-06-30T15:09:43.654,39.940,0.988,0.108,1.548
1751285383664,2025-06-30T15:09:43.664,39.950,0.967,0.157,1.585
1751285383674,2025-06-30T15:09:43.674,39.960,0.975,0.186,1.611
1751285383684,2025-06-30T15:09:43.684,39.970,0.964,0.219,1.621
1751285383694,2025-06-30T15:09:43.694,39.980,0.895,0.263,1.600
1751285383704,2025-06-30T15:09:43.704,39.990,0.779,0.317,1.564
1751285383714,2025-06-30T15:09:43.714,40.000,0.661,0.354,1.530
1751285383724,2025-06-30T15:09:43.724,40.010,0.560,0.380,1.516
1751285383734,2025-06-30T15:09:43.734,40.020,0.492,0.398,1.521
1751285383744,2025-06-30T15:09:43.744,40.030,0.423,0.411,1.520
1751285383754,2025-06-30T15:09:43.754,40.040,0.314,0.428,1.507
1751285383764,2025-06-30T15:09:43.764,40.050,0.179,0.425,1.487
1751285383774,2025-06-30T15:09:43.774,40.060,0.062,0.416,1.479
1751285383784,2025-06-30T15:09:43.784,40.070,0.001,0.413,1.477
1751285383794,2025-06-30T15:09:43.794,40.080,-0.077,0.415,1.485
1751285383804,2025-06-30T15:09:43.804,40.090,-0.179,0.417,1.468
1751285383814,2025-06-30T15:09:43.814,40.100,-0.207,0.406,1.399
1751285383824,2025-06-30T15:09:43.824,40.110,-0.223,0.414,1.340
1751285383834,2025-06-30T15:09:43.834,40.120,-0.262,0.437,1.293
1751285383844,2025-06-30T15:09:43.844,40.130,-0.295,0.441,1.244
1751285383854,2025-06-30T15:09:43.854,40.140,-0.319,0.424,1.189
1751285383864,2025-06-30T15:09:43.864,40.150,-0.302,0.389,1.115
1751285383874,2025-06-30T15:09:43.874,40.160,-0.309,0.361,1.073
1751285383884,2025-06-30T15:09:43.884,40.170,-0.355,0.338,1.028
1751285383894,2025-06-30T15:09:43.894,40.180,-0.362,0.291,0.969
1751285383904,2025-06-30T15:09:43.904,40.190,-0.378,0.253,0.908
1751285383914,2025-06-30T15:09:43.914,40.200,-0.345,0.215,0.833
1751285383924,2025-06-30T15:09:43.924,40.210,-0.290,0.190,0.765
1751285383934,2025-06-30T15:09:43.934,40.220,-0.265,0.176,0.710
1751285383944,2025-06-30T15:09:43.944,40.230,-0.244,0.130,0.647
1751285383954,2025-06-30T15:09:43.954,40.240,-0.164,0.070,0.598
1751285383964,2025-06-30T15:09:43.964,40.250,-0.076,0.030,0.586
1751285383974,2025-06-30T15:09:43.974,40.260,-0.065,0.002,0.583
1751285383984,2025-06-30T15:09:43.984,40.270,-0.017,-0.031,0.550
1751285383994,2025-06-30T15:09:43.994,40.280,0.099,-0.067,0.522
1751285384004,2025-06-30T15:09:44.004,40.290,0.217,-0.094,0.519
1751285384014,2025-06-30T15:09:44.014,40.300,0.282,-0.114,0.537
1751285384024,2025-06-30T15:09:44.024,40.310,0.306,-0.130,0.577
1751285384034,2025-06-30T15:09:44.034,40.320,0.332,-0.154,0.604
1751285384044,2025-06-30T15:09:44.044,40.330,0.366,-0.188,0.607
1751285384054,2025-06-30T15:09:44.054,40.340,0.401,-0.213,0.606
1751285384064,2025-06-30T15:09:44.064,40.350,0.429,-0.221,0.622
1751285384074,2025-06-30T15:09:44.074,40.360,0.419,-0.221,0.657
1751285384084,2025-06-30T15:09:44.084,40.370,0.390,-0.220,0.699
1751285384094,2025-06-30T15:09:44.094,40.380,0.363,-0.228,0.728
1751285384104,2025-06-30T15:09:44.104,40.390,0.386,-0.248,0.780
1751285384114,2025-06-30T15:09:44.114,40.400,0.397,-0.256,0.851
1751285384124,2025-06-30T15:09:44.124,40.410,0.359,-0.265,0.884
1751285384134,2025-06-30T15:09:44.134,40.420,0.313,-0.264,0.915
1751285384144,2025-06-30T15:09:44.144,40.430,0.240,-0.241,0.944
1751285384154,2025-06-30T15:09:44.154,40.440,0.137,-0.219,0.958
1751285384164,2025-06-30T15:09:44.164,40.450,0.073,-0.213,0.970
1751285384174,2025-06-30T15:09:44.174,40.460,0.060,-0.198,0.987
1751285384184,2025-06-30T15:09:44.184,40.470,0.028,-0.168,0.999
1751285384194,2025-06-30T15:09:44.194,40.480,-0.019,-0.137,0.988
1751285384204,2025-06-30T15:09:44.204,40.490,-0.069,-0.110,0.954
1751285384214,2025-06-30T15:09:44.214,40.500,-0.139,-0.097,0.937
1751285384224,2025-06-30T15:09:44.224,40.510,-0.149,-0.100,0.939
1751285384234,2025-06-30T15:09:44.234,40.520,-0.133,-0.085,0.926
1751285384244,2025-06-30T15:09:44.244,40.530,-0.133,-0.059,0.902
1751285384254,2025-06-30T15:09:44.254,40.540,-0.142,-0.036,0.856
1751285384264,2025-06-30T15:09:44.264,40.550,-0.137,-0.022,0.810
1751285384274,2025-06-30T15:09:44.274,40.560,-0.143,-0.011,0.765
1751285384284,2025-06-30T15:09:44.284,40.570,-0.164,-0.005,0.727
1751285384294,2025-06-30T15:09:44.294,40.580,-0.130,-0.015,0.708
1751285384304,2025-06-30T15:09:44.304,40.590,-0.085,-0.015,0.711
1751285384314,2025-06-30T15:09:44.314,40.600,-0.067,-0.009,0.706
1751285384324,2025-06-30T15:09:44.324,40.610,-0.034,0.002,0.690
1751285384334,2025-06-30T15:09:44.334,40.620,-0.004,0.030,0.675
1751285384344,2025-06-30T15:09:44.344,40.630,0.008,0.053,0.672
1751285384354,2025-06-30T15:09:44.354,40.640,0.016,0.061,0.655
1751285384364,2025-06-30T15:09:44.364,40.650,0.033,0.065,0.638
1751285384374,2025-06-30T15:09:44.374,40.660,0.110,0.068,0.585
1751285384384,2025-06-30T15:09:44.384,40.670,0.279,0.064,0.545
1751285384394,2025-06-30T15:09:44.394,40.680,0.424,0.059,0.548
1751285384404,2025-06-30T15:09:44.404,40.690,0.511,0.048,0.623
1751285384414,2025-06-30T15:09:44.414,40.700,0.585,0.029,0.690
1751285384424,2025-06-30T15:09:44.424,40.710,0.667,-0.008,0.712
1751285384434,2025-06-30T15:09:44.434,40.720,0.754,-0.042,0.745
1751285384444,2025-06-30T15:09:44.444,40.730,0.807,-0.054,0.761
1751285384454,2025-06-30T15:09:44.454,40.740,0.900,-0.050,0.787
1751285384464,2025-06-30T15:09:44.464,40.750,1.021,-0.046,0.825
1751285384474,2025-06-30T15:09:44.474,40.760,1.142,-0.064,0.846
1751285384484,2025-06-30T15:09:44.484,40.770,1.227,-0.090,0.915
1751285384494,2025-06-30T15:09:44.494,40.780,1.250,-0.095,0.982
1751285384504,2025-06-30T15:09:44.504,40.790,1.242,-0.103,1.068
1751285384514,2025-06-30T15:09:44.514,40.800,1.194,-0.110,1.196
1751285384524,2025-06-30T15:09:44.524,40.810,1.152,-0.091,1.274
1751285384534,2025-06-30T15:09:44.534,40.820,1.123,-0.046,1.346
1751285384544,2025-06-30T15:09:44.544,40.830,1.070,0.022,1.416
1751285384554,2025-06-30T15:09:44.554,40.840,1.027,0.078,1.461
1751285384564,2025-06-30T15:09:44.564,40.850,1.000,0.124,1.511
1751285384574,2025-06-30T15:09:44.574,40.860,0.968,0.178,1.566
1751285384584,2025-06-30T15:09:44.584,40.870,0.907,0.231,1.632
1751285384594,2025-06-30T15:09:44.594,40.880,0.864,0.291,1.692
1751285384604,2025-06-30T15:09:44.604,40.890,0.791,0.362,1.731
1751285384614,2025-06-30T15:09:44.614,40.900,0.667,0.435,1.721
1751285384624,2025-06-30T15:09:44.624,40.910,0.561,0.490,1.711
1751285384634,2025-06-30T15:09:44.634,40.920,0.478,0.531,1.711
1751285384644,2025-06-30T15:09:44.644,40.930,0.381,0.569,1.701
1751285384654,2025-06-30T15:09:44.654,40.940,0.261,0.599,1.705
1751285384664,2025-06-30T15:09:44.664,40.950,0.106,0.604,1.723
1751285384674,2025-06-30T15:09:44.674,40.960,-0.043,0.567,1.690
1751285384684,2025-06-30T15:09:44.684,40.970,-0.125,0.511,1.648
1751285384694,2025-06-30T15:09:44.694,40.980,-0.158,0.475,1.624
1751285384704,2025-06-30T15:09:44.704,40.990,-0.195,0.471,1.588
1751285384714,2025-06-30T15:09:44.714,41.000,-0.237,0.489,1.504
1751285384724,2025-06-30T15:09:44.724,41.010,-0.284,0.508,1.430
1751285384734,2025-06-30T15:09:44.734,41.020,-0.336,0.505,1.342
1751285384744,2025-06-30T15:09:44.744,41.030,-0.331,0.467,1.223
1751285384754,2025-06-30T15:09:44.754,41.040,-0.322,0.428,1.126
1751285384764,2025-06-30T15:09:44.764,41.050,-0.358,0.394,1.049
1751285384774,2025-06-30T15:09:44.774,41.060,-0.384,0.347,0.976
1751285384784,2025-06-30T15:09:44.784,41.070,-0.347,0.302,0.877
1751285384794,2025-06-30T15:09:44.794,41.080,-0.286,0.258,0.795
1751285384804,2025-06-30T15:09:44.804,41.090,-0.240,0.223,0.734
1751285384814,2025-06-30T15:09:44.814,41.100,-0.250,0.185,0.649
1751285384824,2025-06-30T15:09:44.824,41.110,-0.253,0.143,0.564
1751285384834,2025-06-30T15:09:44.834,41.120,-0.196,0.105,0.483
1751285384844,2025-06-30T15:09:44.844,41.130,-0.118,0.072,0.399
1751285384854,2025-06-30T15:09:44.854,41.140,-0.059,0.060,0.322
1751285384864,2025-06-30T15:09:44.864,41.150,0.017,0.048,0.265
1751285384874,2025-06-30T15:09:44.874,41.160,0.147,-0.000,0.258
1751285384884,2025-06-30T15:09:44.884,41.170,0.313,-0.066,0.347
1751285384894,2025-06-30T15:09:44.894,41.180,0.497,-0.141,0.492
1751285384904,2025-06-30T15:09:44.904,41.190,0.611,-0.201,0.595
1751285384914,2025-06-30T15:09:44.914,41.200,0.573,-0.236,0.584
1751285384924,2025-06-30T15:09:44.924,41.210,0.398,-0.236,0.550
1751285384934,2025-06-30T15:09:44.934,41.220,0.270,-0.235,0.540
1751285384944,2025-06-30T15:09:44.944,41.230,0.298,-0.260,0.553
1751285384954,2025-06-30T15:09:44.954,41.240,0.341,-0.271,0.623
1751285384964,2025-06-30T15:09:44.964,41.250,0.253,-0.251,0.713
1751285384974,2025-06-30T15:09:44.974,41.260,0.146,-0.235,0.791
1751285384984,2025-06-30T15:09:44.984,41.270,0.197,-0.251,0.856
1751285384994,2025-06-30T15:09:44.994,41.280,0.348,-0.282,0.916
1751285385004,2025-06-30T15:09:45.004,41.290,0.393,-0.268,0.969
1751285385014,2025-06-30T15:09:45.014,41.300,0.329,-0.215,1.013
1751285385024,2025-06-30T15:09:45.024,41.310,0.255,-0.149,1.025
1751285385034,2025-06-30T15:09:45.034,41.320,0.183,-0.095,1.003
1751285385044,2025-06-30T15:09:45.044,41.330,0.106,-0.059,0.985
1751285385054,2025-06-30T15:09:45.054,41.340,0.009,-0.037,0.975
1751285385064,2025-06-30T15:09:45.064,41.350,-0.072,-0.026,0.964
1751285385074,2025-06-30T15:09:45.074,41.360,-0.122,-0.022,0.945
1751285385084,2025-06-30T15:09:45.084,41.370,-0.143,-0.028,0.927
1751285385094,2025-06-30T15:09:45.094,41.380,-0.096,-0.036,0.908
1751285385104,2025-06-30T15:09:45.104,41.390,-0.046,-0.028,0.889
1751285385114,2025-06-30T15:09:45.114,41.400,-0.031,-0.010,0.849
1751285385124,2025-06-30T15:09:45.124,41.410,0.007,0.000,0.794
1751285385134,2025-06-30T15:09:45.134,41.420,0.040,0.012,0.726
1751285385144,2025-06-30T15:09:45.144,41.430,0.053,0.008,0.658
1751285385154,2025-06-30T15:09:45.154,41.440,0.064,0.003,0.595
1751285385164,2025-06-30T15:09:45.164,41.450,0.111,0.000,0.530
1751285385174,2025-06-30T15:09:45.174,41.460,0.202,0.000,0.480
1751285385184,2025-06-30T15:09:45.184,41.470,0.292,0.012,0.469
1751285385194,2025-06-30T15:09:45.194,41.480,0.355,0.012,0.458
1751285385204,2025-06-30T15:09:45.204,41.490,0.399,-0.008,0.431
1751285385214,2025-06-30T15:09:45.214,41.500,0.440,-0.037,0.442
1751285385224,2025-06-30T15:09:45.224,41.510,0.505,-0.063,0.447
1751285385234,2025-06-30T15:09:45.234,41.520,0.610,-0.069,0.449
1751285385244,2025-06-30T15:09:45.244,41.530,0.698,-0.054,0.484
1751285385254,2025-06-30T15:09:45.254,41.540,0.773,-0.051,0.535
1751285385264,2025-06-30T15:09:45.264,41.550,0.848,-0.083,0.601
1751285385274,2025-06-30T15:09:45.274,41.560,0.916,-0.134,0.624
1751285385284,2025-06-30T15:09:45.284,41.570,1.038,-0.184,0.692
1751285385294,2025-06-30T15:09:45.294,41.580,1.163,-0.212,0.845
1751285385304,2025-06-30T15:09:45.304,41.590,1.254,-0.220,1.053
1751285385314,2025-06-30T15:09:45.314,41.600,1.276,-0.170,1.196
1751285385324,2025-06-30T15:09:45.324,41.610,1.203,-0.087,1.296
1751285385334,2025-06-30T15:09:45.334,41.620,1.115,0.003,1.386
1751285385344,2025-06-30T15:09:45.344,41.630,1.051,0.079,1.444
1751285385354,2025-06-30T15:09:45.354,41.640,1.037,0.115,1.488
1751285385364,2025-06-30T15:09:45.364,41.650,1.040,0.136,1.546
1751285385374,2025-06-30T15:09:45.374,41.660,1.027,0.156,1.615
1751285385384,2025-06-30T15:09:45.384,41.670,0.999,0.187,1.687
1751285385394,2025-06-30T15:09:45.394,41.680,0.973,0.231,1.750
1751285385404,2025-06-30T15:09:45.404,41.690,0.936,0.291,1.752
1751285385414,2025-06-30T15:09:45.414,41.700,0.828,0.379,1.738
1751285385424,2025-06-30T15:09:45.424,41.710,0.681,0.477,1.724
1751285385434,2025-06-30T15:09:45.434,41.720,0.546,0.531,1.710
1751285385444,2025-06-30T15:09:45.444,41.730,0.437,0.540,1.671
1751285385454,2025-06-30T15:09:45.454,41.740,0.383,0.515,1.650
1751285385464,2025-06-30T15:09:45.464,41.750,0.326,0.499,1.660
1751285385474,2025-06-30T15:09:45.474,41.760,0.232,0.480,1.665
1751285385484,2025-06-30T15:09:45.484,41.770,0.103,0.479,1.654
1751285385494,2025-06-30T15:09:45.494,41.780,-0.028,0.485,1.608
1751285385504,2025-06-30T15:09:45.504,41.790,-0.142,0.489,1.543
1751285385514,2025-06-30T15:09:45.514,41.800,-0.242,0.484,1.470
1751285385524,2025-06-30T15:09:45.524,41.810,-0.284,0.468,1.391
1751285385534,2025-06-30T15:09:45.534,41.820,-0.297,0.449,1.326
1751285385544,2025-06-30T15:09:45.544,41.830,-0.329,0.432,1.257
1751285385554,2025-06-30T15:09:45.554,41.840,-0.317,0.399,1.168
1751285385564,2025-06-30T15:09:45.564,41.850,-0.300,0.374,1.082
1751285385574,2025-06-30T15:09:45.574,41.860,-0.335,0.353,1.003
1751285385584,2025-06-30T15:09:45.584,41.870,-0.364,0.313,0.926
1751285385594,2025-06-30T15:09:45.594,41.880,-0.352,0.272,0.839
1751285385604,2025-06-30T15:09:45.604,41.890,-0.329,0.237,0.765
1751285385614,2025-06-30T15:09:45.614,41.900,-0.301,0.205,0.695
1751285385624,2025-06-30T15:09:45.624,41.910,-0.283,0.178,0.627
1751285385634,2025-06-30T15:09:45.634,41.920,-0.260,0.145,0.556
1751285385644,2025-06-30T15:09:45.644,41.930,-0.213,0.100,0.493
1751285385654,2025-06-30T15:09:45.654,41.940,-0.193,0.069,0.467
1751285385664,2025-06-30T15:09:45.664,41.950,-0.167,0.034,0.421
1751285385674,2025-06-30T15:09:45.674,41.960,-0.110,-0.009,0.386
1751285385684,2025-06-30T15:09:45.684,41.970,-0.059,-0.032,0.359
1751285385694,2025-06-30T15:09:45.694,41.980,0.016,-0.063,0.327
1751285385704,2025-06-30T15:09:45.704,41.990,0.135,-0.104,0.349
1751285385714,2025-06-30T15:09:45.714,42.000,0.265,-0.121,0.429
1751285385724,2025-06-30T15:09:45.724,42.010,0.351,-0.133,0.509
1751285385734,2025-06-30T15:09:45.734,42.020,0.370,-0.147,0.580
1751285385744,2025-06-30T15:09:45.744,42.030,0.338,-0.157,0.623
1751285385754,2025-06-30T15:09:45.754,42.040,0.321,-0.167,0.616
1751285385764,2025-06-30T15:09:45.764,42.050,0.388,-0.179,0.634
1751285385774,2025-06-30T15:09:45.774,42.060,0.535,-0.203,0.712
1751285385784,2025-06-30T15:09:45.784,42.070,0.653,-0.218,0.806
1751285385794,2025-06-30T15:09:45.794,42.080,0.719,-0.221,0.852
1751285385804,2025-06-30T15:09:45.804,42.090,0.756,-0.229,0.890
1751285385814,2025-06-30T15:09:45.814,42.100,0.737,-0.218,0.930
1751285385824,2025-06-30T15:09:45.824,42.110,0.647,-0.192,0.955
1751285385834,2025-06-30T15:09:45.834,42.120,0.559,-0.180,0.957
1751285385844,2025-06-30T15:09:45.844,42.130,0.544,-0.185,0.959
1751285385854,2025-06-30T15:09:45.854,42.140,0.524,-0.181,0.977
1751285385864,2025-06-30T15:09:45.864,42.150,0.494,-0.168,0.998
1751285385874,2025-06-30T15:09:45.874,42.160,0.459,-0.153,0.999
1751285385884,2025-06-30T15:09:45.884,42.170,0.419,-0.142,0.976
1751285385894,2025-06-30T15:09:45.894,42.180,0.366,-0.138,0.950
1751285385904,2025-06-30T15:09:45.904,42.190,0.287,-0.124,0.935
1751285385914,2025-06-30T15:09:45.914,42.200,0.224,-0.115,0.924
1751285385924,2025-06-30T15:09:45.924,42.210,0.181,-0.112,0.915
1751285385934,2025-06-30T15:09:45.934,42.220,0.143,-0.109,0.898
1751285385944,2025-06-30T15:09:45.944,42.230,0.088,-0.097,0.863
1751285385954,2025-06-30T15:09:45.954,42.240,0.029,-0.084,0.821
1751285385964,2025-06-30T15:09:45.964,42.250,0.001,-0.077,0.785
1751285385974,2025-06-30T15:09:45.974,42.260,0.006,-0.064,0.751
1751285385984,2025-06-30T15:09:45.984,42.270,0.012,-0.052,0.701
1751285385994,2025-06-30T15:09:45.994,42.280,0.040,-0.038,0.646
1751285386004,2025-06-30T15:09:46.004,42.290,0.074,-0.022,0.598
1751285386014,2025-06-30T15:09:46.014,42.300,0.099,-0.014,0.560
1751285386024,2025-06-30T15:09:46.024,42.310,0.146,-0.012,0.550
1751285386034,2025-06-30T15:09:46.034,42.320,0.210,-0.017,0.558
1751285386044,2025-06-30T15:09:46.044,42.330,0.282,-0.027,0.557
1751285386054,2025-06-30T15:09:46.054,42.340,0.339,-0.021,0.565
1751285386064,2025-06-30T15:09:46.064,42.350,0.424,-0.011,0.566
1751285386074,2025-06-30T15:09:46.074,42.360,0.486,-0.003,0.579
1751285386084,2025-06-30T15:09:46.084,42.370,0.505,-0.003,0.599
1751285386094,2025-06-30T15:09:46.094,42.380,0.533,-0.011,0.626
1751285386104,2025-06-30T15:09:46.104,42.390,0.619,-0.008,0.663
1751285386114,2025-06-30T15:09:46.114,42.400,0.764,-0.003,0.730
1751285386124,2025-06-30T15:09:46.124,42.410,0.924,-0.019,0.775
1751285386134,2025-06-30T15:09:46.134,42.420,1.124,-0.073,0.788
1751285386144,2025-06-30T15:09:46.144,42.430,1.272,-0.123,0.834
1751285386154,2025-06-30T15:09:46.154,42.440,1.285,-0.124,0.917
1751285386164,2025-06-30T15:09:46.164,42.450,1.225,-0.109,1.028
1751285386174,2025-06-30T15:09:46.174,42.460,1.091,-0.106,1.140
1751285386184,2025-06-30T15:09:46.184,42.470,1.008,-0.082,1.271
1751285386194,2025-06-30T15:09:46.194,42.480,0.988,-0.028,1.399
1751285386204,2025-06-30T15:09:46.204,42.490,0.978,0.019,1.482
1751285386214,2025-06-30T15:09:46.214,42.500,0.975,0.067,1.542
1751285386224,2025-06-30T15:09:46.224,42.510,0.948,0.131,1.594
1751285386234,2025-06-30T15:09:46.234,42.520,0.878,0.195,1.632
1751285386244,2025-06-30T15:09:46.244,42.530,0.795,0.254,1.666
1751285386254,2025-06-30T15:09:46.254,42.540,0.724,0.310,1.700
1751285386264,2025-06-30T15:09:46.264,42.550,0.658,0.357,1.728
1751285386274,2025-06-30T15:09:46.274,42.560,0.591,0.390,1.739
1751285386284,2025-06-30T15:09:46.284,42.570,0.538,0.411,1.717
1751285386294,2025-06-30T15:09:46.294,42.580,0.478,0.418,1.678
1751285386304,2025-06-30T15:09:46.304,42.590,0.409,0.417,1.641
1751285386314,2025-06-30T15:09:46.314,42.600,0.325,0.426,1.600
1751285386324,2025-06-30T15:09:46.324,42.610,0.229,0.429,1.552
1751285386334,2025-06-30T15:09:46.334,42.620,0.167,0.409,1.494
1751285386344,2025-06-30T15:09:46.344,42.630,0.128,0.380,1.453
1751285386354,2025-06-30T15:09:46.354,42.640,0.044,0.370,1.420
1751285386364,2025-06-30T15:09:46.364,42.650,-0.046,0.337,1.360
1751285386374,2025-06-30T15:09:46.374,42.660,-0.066,0.292,1.284
1751285386384,2025-06-30T15:09:46.384,42.670,-0.073,0.276,1.211
1751285386394,2025-06-30T15:09:46.394,42.680,-0.110,0.288,1.147
1751285386404,2025-06-30T15:09:46.404,42.690,-0.142,0.294,1.069
1751285386414,2025-06-30T15:09:46.414,42.700,-0.157,0.289,0.982
1751285386424,2025-06-30T15:09:46.424,42.710,-0.169,0.271,0.896
1751285386434,2025-06-30T15:09:46.434,42.720,-0.177,0.240,0.827
1751285386444,2025-06-30T15:09:46.444,42.730,-0.174,0.217,0.758
1751285386454,2025-06-30T15:09:46.454,42.740,-0.212,0.189,0.690
1751285386464,2025-06-30T15:09:46.464,42.750,-0.237,0.143,0.645
1751285386474,2025-06-30T15:09:46.474,42.760,-0.201,0.097,0.603
1751285386484,2025-06-30T15:09:46.484,42.770,-0.176,0.067,0.543
1751285386494,2025-06-30T15:09:46.494,42.780,-0.164,0.061,0.493
1751285386504,2025-06-30T15:09:46.504,42.790,-0.152,0.063,0.446
1751285386514,2025-06-30T15:09:46.514,42.800,-0.128,0.059,0.384
1751285386524,2025-06-30T15:09:46.524,42.810,-0.080,0.041,0.337
1751285386534,2025-06-30T15:09:46.534,42.820,-0.038,0.020,0.318
1751285386544,2025-06-30T15:09:46.544,42.830,0.040,-0.018,0.295
1751285386554,2025-06-30T15:09:46.554,42.840,0.145,-0.071,0.275
1751285386564,2025-06-30T15:09:46.564,42.850,0.246,-0.098,0.312
1751285386574,2025-06-30T15:09:46.574,42.860,0.326,-0.115,0.361
1751285386584,2025-06-30T15:09:46.584,42.870,0.382,-0.153,0.403
1751285386594,2025-06-30T15:09:46.594,42.880,0.434,-0.188,0.466
1751285386604,2025-06-30T15:09:46.604,42.890,0.448,-0.219,0.538
1751285386614,2025-06-30T15:09:46.614,42.900,0.516,-0.237,0.617
1751285386624,2025-06-30T15:09:46.624,42.910,0.657,-0.246,0.737
1751285386634,2025-06-30T15:09:46.634,42.920,0.733,-0.244,0.829
1751285386644,2025-06-30T15:09:46.644,42.930,0.736,-0.236,0.865
1751285386654,2025-06-30T15:09:46.654,42.940,0.783,-0.225,0.888
1751285386664,2025-06-30T15:09:46.664,42.950,0.873,-0.212,0.951
1751285386674,2025-06-30T15:09:46.674,42.960,0.943,-0.216,1.023
1751285386684,2025-06-30T15:09:46.684,42.970,0.963,-0.223,1.083
1751285386694,2025-06-30T15:09:46.694,42.980,0.912,-0.213,1.121
1751285386704,2025-06-30T15:09:46.704,42.990,0.859,-0.196,1.148
1751285386714,2025-06-30T15:09:46.714,43.000,0.827,-0.171,1.154
1751285386724,2025-06-30T15:09:46.724,43.010,0.772,-0.153,1.147
1751285386734,2025-06-30T15:09:46.734,43.020,0.694,-0.131,1.141
1751285386744,2025-06-30T15:09:46.744,43.030,0.661,-0.118,1.139
1751285386754,2025-06-30T15:09:46.754,43.040,0.657,-0.111,1.134
1751285386764,2025-06-30T15:09:46.764,43.050,0.600,-0.104,1.119
1751285386774,2025-06-30T15:09:46.774,43.060,0.503,-0.098,1.086
1751285386784,2025-06-30T15:09:46.784,43.070,0.434,-0.100,1.051
1751285386794,2025-06-30T15:09:46.794,43.080,0.388,-0.106,1.019
1751285386804,2025-06-30T15:09:46.804,43.090,0.329,-0.100,0.992
1751285386814,2025-06-30T15:09:46.814,43.100,0.258,-0.097,0.954
1751285386824,2025-06-30T15:09:46.824,43.110,0.224,-0.110,0.912
1751285386834,2025-06-30T15:09:46.834,43.120,0.182,-0.097,0.882
1751285386844,2025-06-30T15:09:46.844,43.130,0.138,-0.084,0.841
1751285386854,2025-06-30T15:09:46.854,43.140,0.115,-0.092,0.797
1751285386864,2025-06-30T15:09:46.864,43.150,0.055,-0.091,0.748
1751285386874,2025-06-30T15:09:46.874,43.160,-0.024,-0.089,0.703
1751285386884,2025-06-30T15:09:46.884,43.170,-0.019,-0.094,0.670
1751285386894,2025-06-30T15:09:46.894,43.180,-0.008,-0.073,0.634
1751285386904,2025-06-30T15:09:46.904,43.190,-0.023,-0.040,0.591
1751285386914,2025-06-30T15:09:46.914,43.200,0.000,-0.024,0.555
1751285386924,2025-06-30T15:09:46.924,43.210,0.054,-0.016,0.518
1751285386934,2025-06-30T15:09:46.934,43.220,0.101,-0.010,0.489
1751285386944,2025-06-30T15:09:46.944,43.230,0.162,0.005,0.470
1751285386954,2025-06-30T15:09:46.954,43.240,0.247,0.029,0.440
1751285386964,2025-06-30T15:09:46.964,43.250,0.329,0.042,0.405
1751285386974,2025-06-30T15:09:46.974,43.260,0.423,0.038,0.403
1751285386984,2025-06-30T15:09:46.984,43.270,0.600,0.006,0.455
1751285386994,2025-06-30T15:09:46.994,43.280,0.728,-0.037,0.520
1751285387004,2025-06-30T15:09:47.004,43.290,0.767,-0.047,0.587
1751285387014,2025-06-30T15:09:47.014,43.300,0.753,-0.037,0.643
1751285387024,2025-06-30T15:09:47.024,43.310,0.751,-0.035,0.715
1751285387034,2025-06-30T15:09:47.034,43.320,0.795,-0.034,0.794
1751285387044,2025-06-30T15:09:47.044,43.330,0.838,-0.027,0.857
1751285387054,2025-06-30T15:09:47.054,43.340,0.910,-0.024,0.897
1751285387064,2025-06-30T15:09:47.064,43.350,1.002,-0.006,0.992
1751285387074,2025-06-30T15:09:47.074,43.360,0.996,0.031,1.115
1751285387084,2025-06-30T15:09:47.084,43.370,0.940,0.055,1.235
1751285387094,2025-06-30T15:09:47.094,43.380,0.885,0.073,1.356
1751285387104,2025-06-30T15:09:47.104,43.390,0.869,0.101,1.455
1751285387114,2025-06-30T15:09:47.114,43.400,0.884,0.142,1.570
1751285387124,2025-06-30T15:09:47.124,43.410,0.847,0.213,1.673
1751285387134,2025-06-30T15:09:47.134,43.420,0.747,0.290,1.739
1751285387144,2025-06-30T15:09:47.144,43.430,0.632,0.355,1.773
1751285387154,2025-06-30T15:09:47.154,43.440,0.544,0.410,1.783
1751285387164,2025-06-30T15:09:47.164,43.450,0.484,0.459,1.797
1751285387174,2025-06-30T15:09:47.174,43.460,0.429,0.502,1.807
1751285387184,2025-06-30T15:09:47.184,43.470,0.396,0.518,1.820
1751285387194,2025-06-30T15:09:47.194,43.480,0.357,0.528,1.829
1751285387204,2025-06-30T15:09:47.204,43.490,0.279,0.526,1.791
1751285387214,2025-06-30T15:09:47.214,43.500,0.178,0.520,1.730
1751285387224,2025-06-30T15:09:47.224,43.510,0.058,0.514,1.664
1751285387234,2025-06-30T15:09:47.234,43.520,-0.074,0.494,1.589
1751285387244,2025-06-30T15:09:47.244,43.530,-0.156,0.454,1.497
1751285387254,2025-06-30T15:09:47.254,43.540,-0.192,0.416,1.435
1751285387264,2025-06-30T15:09:47.264,43.550,-0.250,0.400,1.383
1751285387274,2025-06-30T15:09:47.274,43.560,-0.309,0.389,1.307
1751285387284,2025-06-30T15:09:47.284,43.570,-0.375,0.367,1.222
1751285387294,2025-06-30T15:09:47.294,43.580,-0.417,0.338,1.144
1751285387304,2025-06-30T15:09:47.304,43.590,-0.410,0.299,1.036
1751285387314,2025-06-30T15:09:47.314,43.600,-0.385,0.261,0.960
1751285387324,2025-06-30T15:09:47.324,43.610,-0.429,0.247,0.891
1751285387334,2025-06-30T15:09:47.334,43.620,-0.473,0.225,0.810
1751285387344,2025-06-30T15:09:47.344,43.630,-0.466,0.202,0.722
1751285387354,2025-06-30T15:09:47.354,43.640,-0.454,0.183,0.652
1751285387364,2025-06-30T15:09:47.364,43.650,-0.433,0.153,0.592
1751285387374,2025-06-30T15:09:47.374,43.660,-0.391,0.113,0.542
1751285387384,2025-06-30T15:09:47.384,43.670,-0.353,0.089,0.521
1751285387394,2025-06-30T15:09:47.394,43.680,-0.314,0.066,0.488
1751285387404,2025-06-30T15:09:47.404,43.690,-0.255,0.022,0.433
1751285387414,2025-06-30T15:09:47.414,43.700,-0.119,-0.025,0.421
1751285387424,2025-06-30T15:09:47.424,43.710,-0.019,-0.042,0.444
1751285387434,2025-06-30T15:09:47.434,43.720,0.012,-0.059,0.448
1751285387444,2025-06-30T15:09:47.444,43.730,0.093,-0.076,0.488
1751285387454,2025-06-30T15:09:47.454,43.740,0.200,-0.070,0.555
1751285387464,2025-06-30T15:09:47.464,43.750,0.265,-0.079,0.607
1751285387474,2025-06-30T15:09:47.474,43.760,0.287,-0.115,0.613
1751285387484,2025-06-30T15:09:47.484,43.770,0.307,-0.135,0.638
1751285387494,2025-06-30T15:09:47.494,43.780,0.362,-0.138,0.694
1751285387504,2025-06-30T15:09:47.504,43.790,0.408,-0.150,0.748
1751285387514,2025-06-30T15:09:47.514,43.800,0.431,-0.170,0.786
1751285387524,2025-06-30T15:09:47.524,43.810,0.447,-0.183,0.825
1751285387534,2025-06-30T15:09:47.534,43.820,0.452,-0.198,0.866
1751285387544,2025-06-30T15:09:47.544,43.830,0.454,-0.224,0.888
1751285387554,2025-06-30T15:09:47.554,43.840,0.458,-0.238,0.914
1751285387564,2025-06-30T15:09:47.564,43.850,0.438,-0.238,0.950
1751285387574,2025-06-30T15:09:47.574,43.860,0.404,-0.234,0.977
1751285387584,2025-06-30T15:09:47.584,43.870,0.364,-0.224,0.982
1751285387594,2025-06-30T15:09:47.594,43.880,0.307,-0.214,0.975
1751285387604,2025-06-30T15:09:47.604,43.890,0.215,-0.201,0.968
1751285387614,2025-06-30T15:09:47.614,43.900,0.148,-0.183,0.958
1751285387624,2025-06-30T15:09:47.624,43.910,0.090,-0.162,0.942
1751285387634,2025-06-30T15:09:47.634,43.920,0.054,-0.146,0.924
1751285387644,2025-06-30T15:09:47.644,43.930,0.019,-0.129,0.901
1751285387654,2025-06-30T15:09:47.654,43.940,-0.029,-0.109,0.864
1751285387664,2025-06-30T15:09:47.664,43.950,-0.061,-0.098,0.824
1751285387674,2025-06-30T15:09:47.674,43.960,-0.058,-0.097,0.784
1751285387684,2025-06-30T15:09:47.684,43.970,-0.059,-0.096,0.744
1751285387694,2025-06-30T15:09:47.694,43.980,-0.041,-0.098,0.706
1751285387704,2025-06-30T15:09:47.704,43.990,0.009,-0.103,0.682
1751285387714,2025-06-30T15:09:47.714,44.000,0.043,-0.092,0.669
1751285387724,2025-06-30T15:09:47.724,44.010,0.050,-0.066,0.650
1751285387734,2025-06-30T15:09:47.734,44.020,0.033,-0.048,0.618
1751285387744,2025-06-30T15:09:47.744,44.030,0.038,-0.034,0.593
1751285387754,2025-06-30T15:09:47.754,44.040,0.060,-0.026,0.577
1751285387764,2025-06-30T15:09:47.764,44.050,0.091,-0.010,0.587
1751285387774,2025-06-30T15:09:47.774,44.060,0.110,0.012,0.589
1751285387784,2025-06-30T15:09:47.784,44.070,0.104,0.027,0.592
1751285387794,2025-06-30T15:09:47.794,44.080,0.156,0.042,0.595
1751285387804,2025-06-30T15:09:47.804,44.090,0.256,0.049,0.652
1751285387814,2025-06-30T15:09:47.814,44.100,0.331,0.042,0.682
1751285387824,2025-06-30T15:09:47.824,44.110,0.438,0.034,0.703
1751285387834,2025-06-30T15:09:47.834,44.120,0.547,0.003,0.815
1751285387844,2025-06-30T15:09:47.844,44.130,0.688,-0.029,0.897
1751285387854,2025-06-30T15:09:47.854,44.140,0.811,-0.032,0.933
1751285387864,2025-06-30T15:09:47.864,44.150,0.849,0.009,0.998
1751285387874,2025-06-30T15:09:47.874,44.160,0.840,0.045,1.055
1751285387884,2025-06-30T15:09:47.884,44.170,0.792,0.050,1.130
1751285387894,2025-06-30T15:09:47.894,44.180,0.776,0.060,1.191
1751285387904,2025-06-30T15:09:47.904,44.190,0.865,0.064,1.251
1751285387914,2025-06-30T15:09:47.914,44.200,0.967,0.069,1.340
1751285387924,2025-06-30T15:09:47.924,44.210,1.003,0.084,1.427
1751285387934,2025-06-30T15:09:47.934,44.220,1.017,0.103,1.472
1751285387944,2025-06-30T15:09:47.944,44.230,1.032,0.134,1.505
1751285387954,2025-06-30T15:09:47.954,44.240,0.998,0.159,1.559
1751285387964,2025-06-30T15:09:47.964,44.250,0.924,0.187,1.614
1751285387974,2025-06-30T15:09:47.974,44.260,0.866,0.240,1.655
1751285387984,2025-06-30T15:09:47.984,44.270,0.802,0.303,1.666
1751285387994,2025-06-30T15:09:47.994,44.280,0.715,0.367,1.679
1751285388004,2025-06-30T15:09:48.004,44.290,0.608,0.419,1.671
1751285388014,2025-06-30T15:09:48.014,44.300,0.535,0.462,1.651
1751285388024,2025-06-30T15:09:48.024,44.310,0.464,0.514,1.657
1751285388034,2025-06-30T15:09:48.034,44.320,0.377,0.552,1.669
1751285388044,2025-06-30T15:09:48.044,44.330,0.281,0.569,1.669
1751285388054,2025-06-30T15:09:48.054,44.340,0.118,0.591,1.642
1751285388064,2025-06-30T15:09:48.064,44.350,-0.047,0.567,1.591
1751285388074,2025-06-30T15:09:48.074,44.360,-0.151,0.506,1.554
1751285388084,2025-06-30T15:09:48.084,44.370,-0.239,0.465,1.515
1751285388094,2025-06-30T15:09:48.094,44.380,-0.296,0.434,1.459
1751285388104,2025-06-30T15:09:48.104,44.390,-0.355,0.431,1.394
1751285388114,2025-06-30T15:09:48.114,44.400,-0.401,0.441,1.327
1751285388124,2025-06-30T15:09:48.124,44.410,-0.403,0.442,1.252
1751285388134,2025-06-30T15:09:48.134,44.420,-0.374,0.434,1.176
1751285388144,2025-06-30T15:09:48.144,44.430,-0.359,0.416,1.101
1751285388154,2025-06-30T15:09:48.154,44.440,-0.352,0.385,1.034
1751285388164,2025-06-30T15:09:48.164,44.450,-0.366,0.358,0.982
1751285388174,2025-06-30T15:09:48.174,44.460,-0.403,0.333,0.928
1751285388184,2025-06-30T15:09:48.184,44.470,-0.391,0.284,0.866
1751285388194,2025-06-30T15:09:48.194,44.480,-0.350,0.249,0.814
1751285388204,2025-06-30T15:09:48.204,44.490,-0.347,0.229,0.774
1751285388214,2025-06-30T15:09:48.214,44.500,-0.348,0.209,0.725
1751285388224,2025-06-30T15:09:48.224,44.510,-0.362,0.183,0.669
1751285388234,2025-06-30T15:09:48.234,44.520,-0.390,0.160,0.612
1751285388244,2025-06-30T15:09:48.244,44.530,-0.355,0.131,0.565
1751285388254,2025-06-30T15:09:48.254,44.540,-0.321,0.106,0.541
1751285388264,2025-06-30T15:09:48.264,44.550,-0.276,0.081,0.512
1751285388274,2025-06-30T15:09:48.274,44.560,-0.210,0.059,0.491
1751285388284,2025-06-30T15:09:48.284,44.570,-0.192,0.044,0.480
1751285388294,2025-06-30T15:09:48.294,44.580,-0.156,0.015,0.466
1751285388304,2025-06-30T15:09:48.304,44.590,-0.033,-0.020,0.482
1751285388314,2025-06-30T15:09:48.314,44.600,0.088,-0.039,0.512
1751285388324,2025-06-30T15:09:48.324,44.610,0.211,-0.054,0.518
1751285388334,2025-06-30T15:09:48.334,44.620,0.418,-0.072,0.592
1751285388344,2025-06-30T15:09:48.344,44.630,0.546,-0.067,0.735
1751285388354,2025-06-30T15:09:48.354,44.640,0.606,-0.066,0.830
1751285388364,2025-06-30T15:09:48.364,44.650,0.688,-0.082,0.794
1751285388374,2025-06-30T15:09:48.374,44.660,0.761,-0.110,0.771
1751285388384,2025-06-30T15:09:48.384,44.670,0.764,-0.129,0.781
1751285388394,2025-06-30T15:09:48.394,44.680,0.709,-0.139,0.802
1751285388404,2025-06-30T15:09:48.404,44.690,0.679,-0.145,0.833
1751285388414,2025-06-30T15:09:48.414,44.700,0.718,-0.163,0.886
1751285388424,2025-06-30T15:09:48.424,44.710,0.728,-0.189,0.954
1751285388434,2025-06-30T15:09:48.434,44.720,0.677,-0.199,0.991
1751285388444,2025-06-30T15:09:48.444,44.730,0.591,-0.179,0.999
1751285388454,2025-06-30T15:09:48.454,44.740,0.510,-0.153,1.010
1751285388464,2025-06-30T15:09:48.464,44.750,0.442,-0.140,1.009
1751285388474,2025-06-30T15:09:48.474,44.760,0.359,-0.123,0.993
1751285388484,2025-06-30T15:09:48.484,44.770,0.277,-0.104,0.978
1751285388494,2025-06-30T15:09:48.494,44.780,0.176,-0.078,0.950
1751285388504,2025-06-30T15:09:48.504,44.790,0.101,-0.062,0.916
1751285388514,2025-06-30T15:09:48.514,44.800,0.053,-0.049,0.895
1751285388524,2025-06-30T15:09:48.524,44.810,0.007,-0.040,0.871
1751285388534,2025-06-30T15:09:48.534,44.820,-0.038,-0.033,0.826
1751285388544,2025-06-30T15:09:48.544,44.830,-0.099,-0.028,0.764
1751285388554,2025-06-30T15:09:48.554,44.840,-0.104,-0.030,0.722
1751285388564,2025-06-30T15:09:48.564,44.850,-0.075,-0.026,0.690
1751285388574,2025-06-30T15:09:48.574,44.860,-0.075,-0.012,0.644
1751285388584,2025-06-30T15:09:48.584,44.870,-0.053,0.000,0.600
1751285388594,2025-06-30T15:09:48.594,44.880,-0.011,0.011,0.570
1751285388604,2025-06-30T15:09:48.604,44.890,0.022,0.019,0.572
1751285388614,2025-06-30T15:09:48.614,44.900,0.033,0.022,0.562
1751285388624,2025-06-30T15:09:48.624,44.910,0.027,0.037,0.574
1751285388634,2025-06-30T15:09:48.634,44.920,0.053,0.048,0.578
1751285388644,2025-06-30T15:09:48.644,44.930,0.115,0.063,0.558
1751285388654,2025-06-30T15:09:48.654,44.940,0.152,0.098,0.551
1751285388664,2025-06-30T15:09:48.664,44.950,0.195,0.116,0.616
1751285388674,2025-06-30T15:09:48.674,44.960,0.289,0.104,0.693
1751285388684,2025-06-30T15:09:48.684,44.970,0.392,0.083,0.756
1751285388694,2025-06-30T15:09:48.694,44.980,0.507,0.073,0.831
1751285388704,2025-06-30T15:09:48.704,44.990,0.597,0.066,0.900
1751285388714,2025-06-30T15:09:48.714,45.000,0.634,0.084,0.951
1751285388724,2025-06-30T15:09:48.724,45.010,0.689,0.105,1.033
1751285388734,2025-06-30T15:09:48.734,45.020,0.802,0.104,1.094
1751285388744,2025-06-30T15:09:48.744,45.030,0.929,0.085,1.151
1751285388754,2025-06-30T15:09:48.754,45.040,1.009,0.080,1.226
1751285388764,2025-06-30T15:09:48.764,45.050,1.040,0.079,1.302
1751285388774,2025-06-30T15:09:48.774,45.060,1.039,0.086,1.361
1751285388784,2025-06-30T15:09:48.784,45.070,1.014,0.095,1.395
1751285388794,2025-06-30T15:09:48.794,45.080,0.976,0.110,1.415
1751285388804,2025-06-30T15:09:48.804,45.090,0.999,0.141,1.440
1751285388814,2025-06-30T15:09:48.814,45.100,0.990,0.179,1.458
1751285388824,2025-06-30T15:09:48.824,45.110,0.913,0.223,1.470
1751285388834,2025-06-30T15:09:48.834,45.120,0.852,0.252,1.486
1751285388844,2025-06-30T15:09:48.844,45.130,0.801,0.280,1.502
1751285388854,2025-06-30T15:09:48.854,45.140,0.759,0.308,1.518
1751285388864,2025-06-30T15:09:48.864,45.150,0.697,0.335,1.539
1751285388874,2025-06-30T15:09:48.874,45.160,0.609,0.370,1.552
1751285388884,2025-06-30T15:09:48.884,45.170,0.520,0.413,1.554
1751285388894,2025-06-30T15:09:48.894,45.180,0.443,0.449,1.544
1751285388904,2025-06-30T15:09:48.904,45.190,0.363,0.476,1.527
1751285388914,2025-06-30T15:09:48.914,45.200,0.197,0.520,1.511
1751285388924,2025-06-30T15:09:48.924,45.210,0.019,0.535,1.503
1751285388934,2025-06-30T15:09:48.934,45.220,-0.038,0.510,1.532
1751285388944,2025-06-30T15:09:48.944,45.230,-0.089,0.494,1.544
1751285388954,2025-06-30T15:09:48.954,45.240,-0.176,0.493,1.527
1751285388964,2025-06-30T15:09:48.964,45.250,-0.260,0.501,1.502
1751285388974,2025-06-30T15:09:48.974,45.260,-0.338,0.516,1.438
1751285388984,2025-06-30T15:09:48.984,45.270,-0.373,0.508,1.382
1751285388994,2025-06-30T15:09:48.994,45.280,-0.366,0.489,1.350
1751285389004,2025-06-30T15:09:49.004,45.290,-0.378,0.479,1.291
1751285389014,2025-06-30T15:09:49.014,45.300,-0.407,0.468,1.216
1751285389024,2025-06-30T15:09:49.024,45.310,-0.441,0.450,1.152
1751285389034,2025-06-30T15:09:49.034,45.320,-0.452,0.415,1.098
1751285389044,2025-06-30T15:09:49.044,45.330,-0.450,0.371,1.034
1751285389054,2025-06-30T15:09:49.054,45.340,-0.427,0.326,0.964
1751285389064,2025-06-30T15:09:49.064,45.350,-0.396,0.293,0.912
1751285389074,2025-06-30T15:09:49.074,45.360,-0.378,0.270,0.848
1751285389084,2025-06-30T15:09:49.084,45.370,-0.362,0.244,0.780
1751285389094,2025-06-30T15:09:49.094,45.380,-0.346,0.214,0.708
1751285389104,2025-06-30T15:09:49.104,45.390,-0.298,0.175,0.640
1751285389114,2025-06-30T15:09:49.114,45.400,-0.259,0.129,0.580
1751285389124,2025-06-30T15:09:49.124,45.410,-0.251,0.090,0.546
1751285389134,2025-06-30T15:09:49.134,45.420,-0.208,0.045,0.505
1751285389144,2025-06-30T15:09:49.144,45.430,-0.107,0.004,0.458
1751285389154,2025-06-30T15:09:49.154,45.440,-0.008,-0.026,0.431
1751285389164,2025-06-30T15:09:49.164,45.450,0.059,-0.058,0.425
1751285389174,2025-06-30T15:09:49.174,45.460,0.109,-0.093,0.432
1751285389184,2025-06-30T15:09:49.184,45.470,0.177,-0.129,0.465
1751285389194,2025-06-30T15:09:49.194,45.480,0.242,-0.145,0.492
1751285389204,2025-06-30T15:09:49.204,45.490,0.319,-0.159,0.520
1751285389214,2025-06-30T15:09:49.214,45.500,0.383,-0.167,0.557
1751285389224,2025-06-30T15:09:49.224,45.510,0.424,-0.162,0.601
1751285389234,2025-06-30T15:09:49.234,45.520,0.439,-0.168,0.657
1751285389244,2025-06-30T15:09:49.244,45.530,0.448,-0.194,0.718
1751285389254,2025-06-30T15:09:49.254,45.540,0.470,-0.220,0.768
1751285389264,2025-06-30T15:09:49.264,45.550,0.469,-0.234,0.812
1751285389274,2025-06-30T15:09:49.274,45.560,0.435,-0.234,0.853
1751285389284,2025-06-30T15:09:49.284,45.570,0.390,-0.223,0.864
1751285389294,2025-06-30T15:09:49.294,45.580,0.348,-0.219,0.890
1751285389304,2025-06-30T15:09:49.304,45.590,0.274,-0.206,0.923
1751285389314,2025-06-30T15:09:49.314,45.600,0.238,-0.209,0.941
1751285389324,2025-06-30T15:09:49.324,45.610,0.247,-0.208,0.960
1751285389334,2025-06-30T15:09:49.334,45.620,0.179,-0.174,0.956
1751285389344,2025-06-30T15:09:49.344,45.630,0.080,-0.148,0.941
1751285389354,2025-06-30T15:09:49.354,45.640,0.058,-0.147,0.937
1751285389364,2025-06-30T15:09:49.364,45.650,0.044,-0.137,0.935
1751285389374,2025-06-30T15:09:49.374,45.660,0.001,-0.110,0.913
1751285389384,2025-06-30T15:09:49.384,45.670,-0.047,-0.096,0.883
1751285389394,2025-06-30T15:09:49.394,45.680,-0.088,-0.070,0.846
1751285389404,2025-06-30T15:09:49.404,45.690,-0.109,-0.036,0.801
1751285389414,2025-06-30T15:09:49.414,45.700,-0.093,-0.021,0.762
1751285389424,2025-06-30T15:09:49.424,45.710,-0.058,0.001,0.728
1751285389434,2025-06-30T15:09:49.434,45.720,-0.035,0.022,0.683
1751285389444,2025-06-30T15:09:49.444,45.730,-0.044,0.038,0.631
1751285389454,2025-06-30T15:09:49.454,45.740,-0.027,0.037,0.589
1751285389464,2025-06-30T15:09:49.464,45.750,0.052,0.012,0.582
1751285389474,2025-06-30T15:09:49.474,45.760,0.141,-0.004,0.603
1751285389484,2025-06-30T15:09:49.484,45.770,0.184,-0.007,0.632
1751285389494,2025-06-30T15:09:49.494,45.780,0.186,-0.002,0.616
1751285389504,2025-06-30T15:09:49.504,45.790,0.169,0.019,0.578
1751285389514,2025-06-30T15:09:49.514,45.800,0.194,0.056,0.575
1751285389524,2025-06-30T15:09:49.524,45.810,0.225,0.080,0.581
1751285389534,2025-06-30T15:09:49.534,45.820,0.335,0.067,0.602
1751285389544,2025-06-30T15:09:49.544,45.830,0.555,0.034,0.690
1751285389554,2025-06-30T15:09:49.554,45.840,0.856,-0.013,0.778
1751285389564,2025-06-30T15:09:49.564,45.850,1.021,-0.051,0.877
1751285389574,2025-06-30T15:09:49.574,45.860,0.979,-0.049,0.989
1751285389584,2025-06-30T15:09:49.584,45.870,0.811,-0.024,1.039
1751285389594,2025-06-30T15:09:49.594,45.880,0.700,-0.008,1.027
1751285389604,2025-06-30T15:09:49.604,45.890,0.719,0.007,1.047
1751285389614,2025-06-30T15:09:49.614,45.900,0.802,0.008,1.118
1751285389624,2025-06-30T15:09:49.624,45.910,0.936,-0.004,1.180
1751285389634,2025-06-30T15:09:49.634,45.920,1.020,-0.022,1.258
1751285389644,2025-06-30T15:09:49.644,45.930,1.044,-0.010,1.367
1751285389654,2025-06-30T15:09:49.654,45.940,1.044,0.002,1.434
1751285389664,2025-06-30T15:09:49.664,45.950,0.983,0.035,1.473
1751285389674,2025-06-30T15:09:49.674,45.960,0.885,0.100,1.525
1751285389684,2025-06-30T15:09:49.684,45.970,0.792,0.153,1.577
1751285389694,2025-06-30T15:09:49.694,45.980,0.708,0.204,1.610
1751285389704,2025-06-30T15:09:49.704,45.990,0.661,0.237,1.616
1751285389714,2025-06-30T15:09:49.714,46.000,0.626,0.271,1.628
1751285389724,2025-06-30T15:09:49.724,46.010,0.565,0.320,1.646
1751285389734,2025-06-30T15:09:49.734,46.020,0.511,0.364,1.643
1751285389744,2025-06-30T15:09:49.744,46.030,0.462,0.408,1.636
1751285389754,2025-06-30T15:09:49.754,46.040,0.384,0.445,1.625
1751285389764,2025-06-30T15:09:49.764,46.050,0.338,0.464,1.617
1751285389774,2025-06-30T15:09:49.774,46.060,0.303,0.494,1.617
1751285389784,2025-06-30T15:09:49.784,46.070,0.219,0.537,1.621
1751285389794,2025-06-30T15:09:49.794,46.080,0.108,0.558,1.604
1751285389804,2025-06-30T15:09:49.804,46.090,0.024,0.550,1.559
1751285389814,2025-06-30T15:09:49.814,46.100,-0.018,0.530,1.517
1751285389824,2025-06-30T15:09:49.824,46.110,-0.063,0.520,1.479
1751285389834,2025-06-30T15:09:49.834,46.120,-0.131,0.506,1.425
1751285389844,2025-06-30T15:09:49.844,46.130,-0.160,0.487,1.373
1751285389854,2025-06-30T15:09:49.854,46.140,-0.188,0.470,1.336
1751285389864,2025-06-30T15:09:49.864,46.150,-0.222,0.443,1.278
1751285389874,2025-06-30T15:09:49.874,46.160,-0.239,0.417,1.208
1751285389884,2025-06-30T15:09:49.884,46.170,-0.262,0.402,1.130
1751285389894,2025-06-30T15:09:49.894,46.180,-0.283,0.385,1.048
1751285389904,2025-06-30T15:09:49.904,46.190,-0.305,0.359,0.971
1751285389914,2025-06-30T15:09:49.914,46.200,-0.324,0.326,0.904
1751285389924,2025-06-30T15:09:49.924,46.210,-0.340,0.282,0.825
1751285389934,2025-06-30T15:09:49.934,46.220,-0.339,0.237,0.761
1751285389944,2025-06-30T15:09:49.944,46.230,-0.313,0.199,0.711
1751285389954,2025-06-30T15:09:49.954,46.240,-0.271,0.167,0.677
1751285389964,2025-06-30T15:09:49.964,46.250,-0.238,0.139,0.631
1751285389974,2025-06-30T15:09:49.974,46.260,-0.228,0.109,0.574
1751285389984,2025-06-30T15:09:49.984,46.270,-0.216,0.072,0.535
1751285389994,2025-06-30T15:09:49.994,46.280,-0.198,0.041,0.493
1751285390004,2025-06-30T15:09:50.004,46.290,-0.175,0.011,0.447
1751285390014,2025-06-30T15:09:50.014,46.300,-0.140,-0.014,0.417
1751285390024,2025-06-30T15:09:50.024,46.310,-0.041,-0.040,0.379
1751285390034,2025-06-30T15:09:50.034,46.320,0.096,-0.068,0.366
1751285390044,2025-06-30T15:09:50.044,46.330,0.189,-0.093,0.400
1751285390054,2025-06-30T15:09:50.054,46.340,0.303,-0.094,0.479
1751285390064,2025-06-30T15:09:50.064,46.350,0.396,-0.104,0.555
1751285390074,2025-06-30T15:09:50.074,46.360,0.431,-0.145,0.595
1751285390084,2025-06-30T15:09:50.084,46.370,0.410,-0.170,0.606
1751285390094,2025-06-30T15:09:50.094,46.380,0.437,-0.168,0.623
1751285390104,2025-06-30T15:09:50.104,46.390,0.545,-0.174,0.682
1751285390114,2025-06-30T15:09:50.114,46.400,0.638,-0.161,0.752
1751285390124,2025-06-30T15:09:50.124,46.410,0.607,-0.145,0.812
1751285390134,2025-06-30T15:09:50.134,46.420,0.531,-0.159,0.839
1751285390144,2025-06-30T15:09:50.144,46.430,0.510,-0.182,0.866
1751285390154,2025-06-30T15:09:50.154,46.440,0.499,-0.199,0.904
1751285390164,2025-06-30T15:09:50.164,46.450,0.480,-0.203,0.958
1751285390174,2025-06-30T15:09:50.174,46.460,0.450,-0.194,0.995
1751285390184,2025-06-30T15:09:50.184,46.470,0.395,-0.186,1.011
1751285390194,2025-06-30T15:09:50.194,46.480,0.337,-0.177,1.024
1751285390204,2025-06-30T15:09:50.204,46.490,0.271,-0.150,1.032
1751285390214,2025-06-30T15:09:50.214,46.500,0.188,-0.128,1.021
1751285390224,2025-06-30T15:09:50.224,46.510,0.145,-0.119,0.994
1751285390234,2025-06-30T15:09:50.234,46.520,0.106,-0.094,0.971
1751285390244,2025-06-30T15:09:50.244,46.530,0.039,-0.057,0.952
1751285390254,2025-06-30T15:09:50.254,46.540,-0.014,-0.038,0.933
1751285390264,2025-06-30T15:09:50.264,46.550,-0.054,-0.031,0.905
1751285390274,2025-06-30T15:09:50.274,46.560,-0.097,-0.022,0.864
1751285390284,2025-06-30T15:09:50.284,46.570,-0.084,-0.023,0.822
1751285390294,2025-06-30T15:09:50.294,46.580,-0.032,-0.030,0.790
1751285390304,2025-06-30T15:09:50.304,46.590,0.010,-0.029,0.758
1751285390314,2025-06-30T15:09:50.314,46.600,0.039,-0.022,0.723
1751285390324,2025-06-30T15:09:50.324,46.610,0.074,-0.016,0.694
1751285390334,2025-06-30T15:09:50.334,46.620,0.081,-0.001,0.686
1751285390344,2025-06-30T15:09:50.344,46.630,0.077,0.013,0.671
1751285390354,2025-06-30T15:09:50.354,46.640,0.109,0.011,0.654
1751285390364,2025-06-30T15:09:50.364,46.650,0.184,0.017,0.612
1751285390374,2025-06-30T15:09:50.374,46.660,0.311,0.020,0.587
1751285390384,2025-06-30T15:09:50.384,46.670,0.419,0.035,0.645
1751285390394,2025-06-30T15:09:50.394,46.680,0.436,0.044,0.699
1751285390404,2025-06-30T15:09:50.404,46.690,0.387,0.016,0.734
1751285390414,2025-06-30T15:09:50.414,46.700,0.375,-0.016,0.755
1751285390424,2025-06-30T15:09:50.424,46.710,0.449,-0.023,0.773
1751285390434,2025-06-30T15:09:50.434,46.720,0.538,0.010,0.828
1751285390444,2025-06-30T15:09:50.444,46.730,0.622,0.041,0.881
1751285390454,2025-06-30T15:09:50.454,46.740,0.709,0.046,0.927
1751285390464,2025-06-30T15:09:50.464,46.750,0.747,0.038,0.979
1751285390474,2025-06-30T15:09:50.474,46.760,0.775,0.016,1.027
1751285390484,2025-06-30T15:09:50.484,46.770,0.829,0.003,1.079
1751285390494,2025-06-30T15:09:50.494,46.780,0.887,0.013,1.139
1751285390504,2025-06-30T15:09:50.504,46.790,0.929,0.032,1.203
1751285390514,2025-06-30T15:09:50.514,46.800,0.910,0.057,1.237
1751285390524,2025-06-30T15:09:50.524,46.810,0.835,0.074,1.283
1751285390534,2025-06-30T15:09:50.534,46.820,0.758,0.090,1.321
1751285390544,2025-06-30T15:09:50.544,46.830,0.753,0.099,1.349
1751285390554,2025-06-30T15:09:50.554,46.840,0.771,0.112,1.375
1751285390564,2025-06-30T15:09:50.564,46.850,0.774,0.150,1.383
1751285390574,2025-06-30T15:09:50.574,46.860,0.772,0.191,1.396
1751285390584,2025-06-30T15:09:50.584,46.870,0.750,0.241,1.418
1751285390594,2025-06-30T15:09:50.594,46.880,0.700,0.284,1.430
1751285390604,2025-06-30T15:09:50.604,46.890,0.645,0.309,1.439
1751285390614,2025-06-30T15:09:50.614,46.900,0.577,0.337,1.452
1751285390624,2025-06-30T15:09:50.624,46.910,0.484,0.362,1.467
1751285390634,2025-06-30T15:09:50.634,46.920,0.436,0.375,1.498
1751285390644,2025-06-30T15:09:50.644,46.930,0.401,0.396,1.540
1751285390654,2025-06-30T15:09:50.654,46.940,0.329,0.423,1.548
1751285390664,2025-06-30T15:09:50.664,46.950,0.224,0.437,1.543
1751285390674,2025-06-30T15:09:50.674,46.960,0.124,0.442,1.522
1751285390684,2025-06-30T15:09:50.684,46.970,0.050,0.436,1.509
1751285390694,2025-06-30T15:09:50.694,46.980,-0.028,0.423,1.510
1751285390704,2025-06-30T15:09:50.704,46.990,-0.127,0.438,1.495
1751285390714,2025-06-30T15:09:50.714,47.000,-0.221,0.447,1.459
1751285390724,2025-06-30T15:09:50.724,47.010,-0.252,0.439,1.411
1751285390734,2025-06-30T15:09:50.734,47.020,-0.257,0.437,1.356
1751285390744,2025-06-30T15:09:50.744,47.030,-0.273,0.436,1.318
1751285390754,2025-06-30T15:09:50.754,47.040,-0.302,0.435,1.248
1751285390764,2025-06-30T15:09:50.764,47.050,-0.340,0.422,1.179
1751285390774,2025-06-30T15:09:50.774,47.060,-0.354,0.395,1.110
1751285390784,2025-06-30T15:09:50.784,47.070,-0.350,0.363,1.047
1751285390794,2025-06-30T15:09:50.794,47.080,-0.378,0.328,0.990
1751285390804,2025-06-30T15:09:50.804,47.090,-0.404,0.286,0.915
1751285390814,2025-06-30T15:09:50.814,47.100,-0.367,0.234,0.861
1751285390824,2025-06-30T15:09:50.824,47.110,-0.325,0.199,0.833
1751285390834,2025-06-30T15:09:50.834,47.120,-0.304,0.165,0.778
1751285390844,2025-06-30T15:09:50.844,47.130,-0.272,0.130,0.707
1751285390854,2025-06-30T15:09:50.854,47.140,-0.226,0.106,0.649
1751285390864,2025-06-30T15:09:50.864,47.150,-0.184,0.089,0.573
1751285390874,2025-06-30T15:09:50.874,47.160,-0.145,0.060,0.532
1751285390884,2025-06-30T15:09:50.884,47.170,-0.104,0.036,0.504
1751285390894,2025-06-30T15:09:50.894,47.180,-0.034,-0.000,0.458
1751285390904,2025-06-30T15:09:50.904,47.190,0.077,-0.040,0.451
1751285390914,2025-06-30T15:09:50.914,47.200,0.182,-0.061,0.443
1751285390924,2025-06-30T15:09:50.924,47.210,0.269,-0.093,0.413
1751285390934,2025-06-30T15:09:50.934,47.220,0.336,-0.135,0.416
1751285390944,2025-06-30T15:09:50.944,47.230,0.404,-0.160,0.458
1751285390954,2025-06-30T15:09:50.954,47.240,0.467,-0.178,0.527
1751285390964,2025-06-30T15:09:50.964,47.250,0.482,-0.182,0.581
1751285390974,2025-06-30T15:09:50.974,47.260,0.454,-0.174,0.593
1751285390984,2025-06-30T15:09:50.984,47.270,0.405,-0.169,0.611
1751285390994,2025-06-30T15:09:50.994,47.280,0.374,-0.156,0.665
1751285391004,2025-06-30T15:09:51.004,47.290,0.396,-0.142,0.715
1751285391014,2025-06-30T15:09:51.014,47.300,0.446,-0.153,0.776
1751285391024,2025-06-30T15:09:51.024,47.310,0.470,-0.167,0.838
1751285391034,2025-06-30T15:09:51.034,47.320,0.478,-0.188,0.884
1751285391044,2025-06-30T15:09:51.044,47.330,0.501,-0.216,0.968
1751285391054,2025-06-30T15:09:51.054,47.340,0.454,-0.195,1.033
1751285391064,2025-06-30T15:09:51.064,47.350,0.375,-0.162,1.067
1751285391074,2025-06-30T15:09:51.074,47.360,0.310,-0.124,1.078
1751285391084,2025-06-30T15:09:51.084,47.370,0.246,-0.085,1.082
1751285391094,2025-06-30T15:09:51.094,47.380,0.158,-0.054,1.073
1751285391104,2025-06-30T15:09:51.104,47.390,0.072,-0.031,1.062
1751285391114,2025-06-30T15:09:51.114,47.400,0.037,-0.014,1.054
1751285391124,2025-06-30T15:09:51.124,47.410,0.041,-0.005,1.054
1751285391134,2025-06-30T15:09:51.134,47.420,0.065,0.003,1.059
1751285391144,2025-06-30T15:09:51.144,47.430,0.053,0.022,1.024
1751285391154,2025-06-30T15:09:51.154,47.440,0.016,0.045,0.956
1751285391164,2025-06-30T15:09:51.164,47.450,0.023,0.048,0.883
1751285391174,2025-06-30T15:09:51.174,47.460,0.020,0.041,0.824
1751285391184,2025-06-30T15:09:51.184,47.470,0.023,0.015,0.778
1751285391194,2025-06-30T15:09:51.194,47.480,0.076,-0.022,0.748
1751285391204,2025-06-30T15:09:51.204,47.490,0.150,-0.029,0.701
1751285391214,2025-06-30T15:09:51.214,47.500,0.256,-0.021,0.660
1751285391224,2025-06-30T15:09:51.224,47.510,0.336,-0.010,0.646
1751285391234,2025-06-30T15:09:51.234,47.520,0.397,-0.017,0.608
1751285391244,2025-06-30T15:09:51.244,47.530,0.438,-0.041,0.576
1751285391254,2025-06-30T15:09:51.254,47.540,0.456,-0.051,0.569
1751285391264,2025-06-30T15:09:51.264,47.550,0.505,-0.082,0.583
1751285391274,2025-06-30T15:09:51.274,47.560,0.574,-0.122,0.598
1751285391284,2025-06-30T15:09:51.284,47.570,0.652,-0.141,0.596
1751285391294,2025-06-30T15:09:51.294,47.580,0.720,-0.137,0.613
1751285391304,2025-06-30T15:09:51.304,47.590,0.749,-0.118,0.630
1751285391314,2025-06-30T15:09:51.314,47.600,0.757,-0.102,0.663
1751285391324,2025-06-30T15:09:51.324,47.610,0.763,-0.090,0.703
1751285391334,2025-06-30T15:09:51.334,47.620,0.784,-0.086,0.769
1751285391344,2025-06-30T15:09:51.344,47.630,0.812,-0.065,0.814
1751285391354,2025-06-30T15:09:51.354,47.640,0.837,-0.028,0.863
1751285391364,2025-06-30T15:09:51.364,47.650,0.831,0.012,0.928
1751285391374,2025-06-30T15:09:51.374,47.660,0.811,0.052,1.014
1751285391384,2025-06-30T15:09:51.384,47.670,0.821,0.079,1.113
1751285391394,2025-06-30T15:09:51.394,47.680,0.840,0.110,1.208
1751285391404,2025-06-30T15:09:51.404,47.690,0.840,0.154,1.306
1751285391414,2025-06-30T15:09:51.414,47.700,0.821,0.194,1.401
1751285391424,2025-06-30T15:09:51.424,47.710,0.766,0.234,1.472
1751285391434,2025-06-30T15:09:51.434,47.720,0.709,0.268,1.529
1751285391444,2025-06-30T15:09:51.444,47.730,0.657,0.299,1.578
1751285391454,2025-06-30T15:09:51.454,47.740,0.609,0.332,1.606
1751285391464,2025-06-30T15:09:51.464,47.750,0.562,0.367,1.629
1751285391474,2025-06-30T15:09:51.474,47.760,0.502,0.387,1.631
1751285391484,2025-06-30T15:09:51.484,47.770,0.483,0.383,1.631
1751285391494,2025-06-30T15:09:51.494,47.780,0.468,0.380,1.628
1751285391504,2025-06-30T15:09:51.504,47.790,0.438,0.384,1.614
1751285391514,2025-06-30T15:09:51.514,47.800,0.398,0.390,1.592
1751285391524,2025-06-30T15:09:51.524,47.810,0.328,0.397,1.560
1751285391534,2025-06-30T15:09:51.534,47.820,0.251,0.390,1.516
1751285391544,2025-06-30T15:09:51.544,47.830,0.181,0.372,1.465
1751285391554,2025-06-30T15:09:51.554,47.840,0.110,0.358,1.425
1751285391564,2025-06-30T15:09:51.564,47.850,0.074,0.331,1.386
1751285391574,2025-06-30T15:09:51.574,47.860,0.053,0.308,1.351
1751285391584,2025-06-30T15:09:51.584,47.870,-0.020,0.308,1.309
1751285391594,2025-06-30T15:09:51.594,47.880,-0.106,0.293,1.235
1751285391604,2025-06-30T15:09:51.604,47.890,-0.132,0.256,1.185
1751285391614,2025-06-30T15:09:51.614,47.900,-0.141,0.241,1.147
1751285391624,2025-06-30T15:09:51.624,47.910,-0.178,0.234,1.090
1751285391634,2025-06-30T15:09:51.634,47.920,-0.185,0.217,1.026
1751285391644,2025-06-30T15:09:51.644,47.930,-0.196,0.214,0.975
1751285391654,2025-06-30T15:09:51.654,47.940,-0.235,0.211,0.910
1751285391664,2025-06-30T15:09:51.664,47.950,-0.245,0.192,0.841
1751285391674,2025-06-30T15:09:51.674,47.960,-0.224,0.169,0.781
1751285391684,2025-06-30T15:09:51.684,47.970,-0.232,0.151,0.738
1751285391694,2025-06-30T15:09:51.694,47.980,-0.260,0.124,0.693
1751285391704,2025-06-30T15:09:51.704,47.990,-0.236,0.077,0.630
1751285391714,2025-06-30T15:09:51.714,48.000,-0.202,0.059,0.586
1751285391724,2025-06-30T15:09:51.724,48.010,-0.172,0.045,0.561
1751285391734,2025-06-30T15:09:51.734,48.020,-0.161,0.014,0.543
1751285391744,2025-06-30T15:09:51.744,48.030,-0.129,-0.022,0.520
1751285391754,2025-06-30T15:09:51.754,48.040,-0.038,-0.067,0.502
1751285391764,2025-06-30T15:09:51.764,48.050,0.076,-0.110,0.545
1751285391774,2025-06-30T15:09:51.774,48.060,0.143,-0.111,0.583
1751285391784,2025-06-30T15:09:51.784,48.070,0.204,-0.108,0.589
1751285391794,2025-06-30T15:09:51.794,48.080,0.276,-0.089,0.626
1751285391804,2025-06-30T15:09:51.804,48.090,0.326,-0.076,0.676
1751285391814,2025-06-30T15:09:51.814,48.100,0.368,-0.090,0.744
1751285391824,2025-06-30T15:09:51.824,48.110,0.417,-0.114,0.787
1751285391834,2025-06-30T15:09:51.834,48.120,0.467,-0.138,0.813
1751285391844,2025-06-30T15:09:51.844,48.130,0.500,-0.154,0.817
1751285391854,2025-06-30T15:09:51.854,48.140,0.531,-0.165,0.827
1751285391864,2025-06-30T15:09:51.864,48.150,0.550,-0.178,0.841
1751285391874,2025-06-30T15:09:51.874,48.160,0.542,-0.193,0.858
1751285391884,2025-06-30T15:09:51.884,48.170,0.518,-0.221,0.882
1751285391894,2025-06-30T15:09:51.894,48.180,0.501,-0.240,0.903
1751285391904,2025-06-30T15:09:51.904,48.190,0.474,-0.242,0.919
1751285391914,2025-06-30T15:09:51.914,48.200,0.421,-0.231,0.928
1751285391924,2025-06-30T15:09:51.924,48.210,0.372,-0.215,0.930
1751285391934,2025-06-30T15:09:51.934,48.220,0.324,-0.196,0.923
1751285391944,2025-06-30T15:09:51.944,48.230,0.289,-0.178,0.916
1751285391954,2025-06-30T15:09:51.954,48.240,0.249,-0.161,0.912
1751285391964,2025-06-30T15:09:51.964,48.250,0.174,-0.133,0.899
1751285391974,2025-06-30T15:09:51.974,48.260,0.097,-0.112,0.869
1751285391984,2025-06-30T15:09:51.984,48.270,0.054,-0.100,0.839
1751285391994,2025-06-30T15:09:51.994,48.280,-0.008,-0.089,0.802
1751285392004,2025-06-30T15:09:52.004,48.290,-0.066,-0.079,0.757
1751285392014,2025-06-30T15:09:52.014,48.300,-0.055,-0.071,0.704
1751285392024,2025-06-30T15:09:52.024,48.310,-0.035,-0.051,0.652
1751285392034,2025-06-30T15:09:52.034,48.320,-0.020,-0.033,0.589
1751285392044,2025-06-30T15:09:52.044,48.330,0.015,-0.030,0.511
1751285392054,2025-06-30T15:09:52.054,48.340,0.070,-0.039,0.445
1751285392064,2025-06-30T15:09:52.064,48.350,0.160,-0.057,0.408
1751285392074,2025-06-30T15:09:52.074,48.360,0.275,-0.057,0.406
1751285392084,2025-06-30T15:09:52.084,48.370,0.348,-0.032,0.434
1751285392094,2025-06-30T15:09:52.094,48.380,0.369,-0.022,0.466
1751285392104,2025-06-30T15:09:52.104,48.390,0.354,-0.038,0.495
1751285392114,2025-06-30T15:09:52.114,48.400,0.364,-0.045,0.512
1751285392124,2025-06-30T15:09:52.124,48.410,0.436,-0.043,0.531
