epoch (ms),time (03:00),elapsed (s),x-axis (deg/s),y-axis (deg/s),z-axis (deg/s)
1714823076471,2024-05-04T14:44:36.471,0.000,1.951,4.512,-0.915
1714823076481,2024-05-04T14:44:36.481,0.010,2.134,4.695,-1.098
1714823076491,2024-05-04T14:44:36.491,0.020,1.768,4.024,-0.854
1714823076501,2024-05-04T14:44:36.501,0.030,1.463,2.805,-0.671
1714823076511,2024-05-04T14:44:36.511,0.040,1.646,2.195,-0.488
1714823076521,2024-05-04T14:44:36.521,0.050,1.890,2.439,-0.488
1714823076531,2024-05-04T14:44:36.531,0.060,2.500,2.988,-0.488
1714823076541,2024-05-04T14:44:36.541,0.070,2.744,2.622,0.183
1714823076551,2024-05-04T14:44:36.551,0.080,1.646,1.890,0.488
1714823076561,2024-05-04T14:44:36.561,0.090,0.122,1.402,0.488
1714823076571,2024-05-04T14:44:36.571,0.100,-0.427,1.341,0.183
1714823076581,2024-05-04T14:44:36.581,0.110,0.488,1.159,0.000
1714823076591,2024-05-04T14:44:36.591,0.120,1.646,1.463,0.122
1714823076601,2024-05-04T14:44:36.601,0.130,2.561,2.195,0.488
1714823076611,2024-05-04T14:44:36.611,0.140,2.012,2.378,0.427
1714823076621,2024-05-04T14:44:36.621,0.150,0.244,1.341,-0.183
1714823076631,2024-05-04T14:44:36.631,0.160,-0.122,0.183,-0.610
1714823076641,2024-05-04T14:44:36.641,0.170,0.732,-0.366,-0.976
1714823076651,2024-05-04T14:44:36.651,0.180,1.463,0.366,-1.280
1714823076661,2024-05-04T14:44:36.661,0.190,1.951,2.134,-1.341
1714823076671,2024-05-04T14:44:36.671,0.200,2.927,3.841,-0.793
1714823076681,2024-05-04T14:44:36.681,0.210,2.073,4.024,-0.488
1714823076691,2024-05-04T14:44:36.691,0.220,0.061,2.378,-0.915
1714823076701,2024-05-04T14:44:36.701,0.230,-0.732,-0.244,-1.098
1714823076711,2024-05-04T14:44:36.711,0.240,0.122,-1.890,-0.915
1714823076721,2024-05-04T14:44:36.721,0.250,1.341,-1.707,-0.915
1714823076731,2024-05-04T14:44:36.731,0.260,2.561,-0.122,-0.671
1714823076741,2024-05-04T14:44:36.741,0.270,2.378,1.524,-0.549
1714823076751,2024-05-04T14:44:36.751,0.280,0.854,1.646,-0.732
1714823076761,2024-05-04T14:44:36.761,0.290,-0.183,0.000,-0.854
1714823076771,2024-05-04T14:44:36.771,0.300,0.183,-2.134,-0.183
1714823076781,2024-05-04T14:44:36.781,0.310,0.610,-3.293,0.122
1714823076791,2024-05-04T14:44:36.791,0.320,0.366,-2.927,-0.305
1714823076801,2024-05-04T14:44:36.801,0.330,0.671,-1.524,-0.427
1714823076811,2024-05-04T14:44:36.811,0.340,0.915,-0.305,-0.549
1714823076821,2024-05-04T14:44:36.821,0.350,0.244,-0.061,-0.915
1714823076831,2024-05-04T14:44:36.831,0.360,-0.488,-1.951,-0.854
1714823076841,2024-05-04T14:44:36.841,0.370,-1.707,-5.244,-0.610
1714823076851,2024-05-04T14:44:36.851,0.380,-3.171,-7.439,-0.671
1714823076861,2024-05-04T14:44:36.861,0.390,-3.354,-7.134,-0.915
1714823076871,2024-05-04T14:44:36.871,0.400,-1.768,-5.366,-0.915
1714823076881,2024-05-04T14:44:36.881,0.410,-0.427,-3.537,-0.793
1714823076891,2024-05-04T14:44:36.891,0.420,-1.280,-2.378,-1.037
1714823076901,2024-05-04T14:44:36.901,0.430,-2.744,-2.744,-1.159
1714823076911,2024-05-04T14:44:36.911,0.440,-2.805,-3.902,-1.037
1714823076921,2024-05-04T14:44:36.921,0.450,-1.829,-4.085,-0.610
1714823076931,2024-05-04T14:44:36.931,0.460,-1.341,-2.561,-0.793
1714823076941,2024-05-04T14:44:36.941,0.470,-0.549,-0.061,-1.098
1714823076951,2024-05-04T14:44:36.951,0.480,0.793,2.256,-0.915
1714823076961,2024-05-04T14:44:36.961,0.490,1.159,3.354,-0.610
1714823076971,2024-05-04T14:44:36.971,0.500,0.976,2.683,-0.427
1714823076981,2024-05-04T14:44:36.981,0.510,0.610,1.402,0.366
1714823076991,2024-05-04T14:44:36.991,0.520,0.488,1.524,1.098
1714823077001,2024-05-04T14:44:37.001,0.530,1.098,2.988,1.341
1714823077011,2024-05-04T14:44:37.011,0.540,1.707,4.085,1.463
1714823077021,2024-05-04T14:44:37.021,0.550,1.890,3.841,1.524
1714823077031,2024-05-04T14:44:37.031,0.560,2.073,3.110,1.585
1714823077041,2024-05-04T14:44:37.041,0.570,2.500,1.829,1.890
1714823077051,2024-05-04T14:44:37.051,0.580,2.683,0.976,2.561
1714823077061,2024-05-04T14:44:37.061,0.590,2.927,1.585,2.683
1714823077071,2024-05-04T14:44:37.071,0.600,3.232,2.805,2.317
1714823077081,2024-05-04T14:44:37.081,0.610,3.354,4.268,1.829
1714823077091,2024-05-04T14:44:37.091,0.620,4.024,5.488,1.585
1714823077101,2024-05-04T14:44:37.101,0.630,4.207,4.817,0.732
1714823077111,2024-05-04T14:44:37.111,0.640,3.232,2.439,0.183
1714823077121,2024-05-04T14:44:37.121,0.650,1.890,0.000,0.244
1714823077131,2024-05-04T14:44:37.131,0.660,1.768,-0.671,0.915
1714823077141,2024-05-04T14:44:37.141,0.670,5.000,1.951,1.951
1714823077151,2024-05-04T14:44:37.151,0.680,9.146,7.500,2.378
1714823077161,2024-05-04T14:44:37.161,0.690,12.561,13.049,2.683
1714823077171,2024-05-04T14:44:37.171,0.700,12.866,17.927,2.744
1714823077181,2024-05-04T14:44:37.181,0.710,10.183,21.463,2.988
1714823077191,2024-05-04T14:44:37.191,0.720,8.780,25.366,3.659
1714823077201,2024-05-04T14:44:37.201,0.730,10.488,28.171,4.939
1714823077211,2024-05-04T14:44:37.211,0.740,12.439,26.829,6.646
1714823077221,2024-05-04T14:44:37.221,0.750,15.061,21.890,8.780
1714823077231,2024-05-04T14:44:37.231,0.760,17.256,17.683,11.707
1714823077241,2024-05-04T14:44:37.241,0.770,17.744,16.829,13.476
1714823077251,2024-05-04T14:44:37.251,0.780,18.963,17.256,12.683
1714823077261,2024-05-04T14:44:37.261,0.790,21.463,12.866,8.902
1714823077271,2024-05-04T14:44:37.271,0.800,23.293,5.793,8.476
1714823077281,2024-05-04T14:44:37.281,0.810,23.841,3.720,8.902
1714823077291,2024-05-04T14:44:37.291,0.820,23.476,5.610,6.220
1714823077301,2024-05-04T14:44:37.301,0.830,26.098,6.098,4.512
1714823077311,2024-05-04T14:44:37.311,0.840,27.927,0.671,3.780
1714823077321,2024-05-04T14:44:37.321,0.850,27.134,-7.012,3.415
1714823077331,2024-05-04T14:44:37.331,0.860,25.671,-17.073,-0.488
1714823077341,2024-05-04T14:44:37.341,0.870,23.415,-28.232,-5.427
1714823077351,2024-05-04T14:44:37.351,0.880,22.134,-30.183,-6.646
1714823077361,2024-05-04T14:44:37.361,0.890,21.037,-16.524,-11.524
1714823077371,2024-05-04T14:44:37.371,0.900,23.354,5.793,-19.390
1714823077381,2024-05-04T14:44:37.381,0.910,26.951,30.061,-23.415
1714823077391,2024-05-04T14:44:37.391,0.920,27.256,51.524,-20.793
1714823077401,2024-05-04T14:44:37.401,0.930,10.732,63.049,-15.671
1714823077411,2024-05-04T14:44:37.411,0.940,-22.622,62.378,-8.902
1714823077421,2024-05-04T14:44:37.421,0.950,-56.524,60.976,-0.122
1714823077431,2024-05-04T14:44:37.431,0.960,-77.744,64.939,15.610
1714823077441,2024-05-04T14:44:37.441,0.970,-93.415,75.000,29.817
1714823077451,2024-05-04T14:44:37.451,0.980,-102.317,97.805,32.012
1714823077461,2024-05-04T14:44:37.461,0.990,-112.317,129.268,24.085
1714823077471,2024-05-04T14:44:37.471,1.000,-133.841,166.098,18.049
1714823077481,2024-05-04T14:44:37.481,1.010,-162.439,192.805,11.341
1714823077491,2024-05-04T14:44:37.491,1.020,-174.939,178.720,-14.634
1714823077501,2024-05-04T14:44:37.501,1.030,-165.122,144.512,-16.646
1714823077511,2024-05-04T14:44:37.511,1.040,-150.427,112.622,-8.720
1714823077521,2024-05-04T14:44:37.521,1.050,-148.598,74.939,-2.866
1714823077531,2024-05-04T14:44:37.531,1.060,-132.378,31.402,1.829
1714823077541,2024-05-04T14:44:37.541,1.070,-96.829,0.183,-2.073
1714823077551,2024-05-04T14:44:37.551,1.080,-62.561,-4.634,0.793
1714823077561,2024-05-04T14:44:37.561,1.090,-36.402,2.927,10.732
1714823077571,2024-05-04T14:44:37.571,1.100,-17.134,8.902,15.854
1714823077581,2024-05-04T14:44:37.581,1.110,-1.463,18.963,17.256
1714823077591,2024-05-04T14:44:37.591,1.120,14.695,39.695,22.012
1714823077601,2024-05-04T14:44:37.601,1.130,26.768,60.183,30.183
1714823077611,2024-05-04T14:44:37.611,1.140,36.098,75.854,41.402
1714823077621,2024-05-04T14:44:37.621,1.150,42.744,82.012,46.159
1714823077631,2024-05-04T14:44:37.631,1.160,47.866,74.512,44.207
1714823077641,2024-05-04T14:44:37.641,1.170,49.878,57.561,41.646
1714823077651,2024-05-04T14:44:37.651,1.180,47.195,36.646,34.756
1714823077661,2024-05-04T14:44:37.661,1.190,47.317,17.561,26.524
1714823077671,2024-05-04T14:44:37.671,1.200,50.305,-2.378,23.293
1714823077681,2024-05-04T14:44:37.681,1.210,50.305,-22.073,20.183
1714823077691,2024-05-04T14:44:37.691,1.220,45.000,-37.866,13.780
1714823077701,2024-05-04T14:44:37.701,1.230,39.085,-46.159,8.415
1714823077711,2024-05-04T14:44:37.711,1.240,38.537,-43.537,6.098
1714823077721,2024-05-04T14:44:37.721,1.250,40.122,-32.134,5.366
1714823077731,2024-05-04T14:44:37.731,1.260,41.524,-17.378,5.183
1714823077741,2024-05-04T14:44:37.741,1.270,42.073,-2.256,5.610
1714823077751,2024-05-04T14:44:37.751,1.280,41.707,12.378,7.134
1714823077761,2024-05-04T14:44:37.761,1.290,43.659,13.841,7.927
1714823077771,2024-05-04T14:44:37.771,1.300,45.854,0.671,6.402
1714823077781,2024-05-04T14:44:37.781,1.310,45.061,-17.622,3.902
1714823077791,2024-05-04T14:44:37.791,1.320,44.268,-34.207,3.902
1714823077801,2024-05-04T14:44:37.801,1.330,46.951,-44.329,3.415
1714823077811,2024-05-04T14:44:37.811,1.340,52.805,-45.976,3.232
1714823077821,2024-05-04T14:44:37.821,1.350,55.793,-42.073,3.171
1714823077831,2024-05-04T14:44:37.831,1.360,54.146,-34.817,1.646
1714823077841,2024-05-04T14:44:37.841,1.370,51.707,-28.598,-0.488
1714823077851,2024-05-04T14:44:37.851,1.380,49.329,-23.354,-2.256
1714823077861,2024-05-04T14:44:37.861,1.390,47.439,-19.451,-2.134
1714823077871,2024-05-04T14:44:37.871,1.400,45.854,-15.793,-0.915
1714823077881,2024-05-04T14:44:37.881,1.410,42.683,-12.256,-0.488
1714823077891,2024-05-04T14:44:37.891,1.420,38.720,-12.134,-0.488
1714823077901,2024-05-04T14:44:37.901,1.430,36.341,-19.390,-1.098
1714823077911,2024-05-04T14:44:37.911,1.440,35.122,-32.622,-2.439
1714823077921,2024-05-04T14:44:37.921,1.450,33.476,-44.451,-3.537
1714823077931,2024-05-04T14:44:37.931,1.460,32.012,-52.683,-5.000
1714823077941,2024-05-04T14:44:37.941,1.470,31.037,-58.354,-5.488
1714823077951,2024-05-04T14:44:37.951,1.480,28.232,-61.585,-5.793
1714823077961,2024-05-04T14:44:37.961,1.490,21.951,-62.561,-7.134
1714823077971,2024-05-04T14:44:37.971,1.500,15.793,-58.780,-8.293
1714823077981,2024-05-04T14:44:37.981,1.510,12.561,-48.963,-8.537
1714823077991,2024-05-04T14:44:37.991,1.520,12.439,-37.927,-8.232
1714823078001,2024-05-04T14:44:38.001,1.530,11.585,-29.512,-8.110
1714823078011,2024-05-04T14:44:38.011,1.540,7.683,-23.659,-9.207
1714823078021,2024-05-04T14:44:38.021,1.550,3.780,-20.366,-11.463
1714823078031,2024-05-04T14:44:38.031,1.560,1.585,-20.244,-13.232
1714823078041,2024-05-04T14:44:38.041,1.570,1.159,-23.902,-13.049
1714823078051,2024-05-04T14:44:38.051,1.580,1.951,-30.732,-11.037
1714823078061,2024-05-04T14:44:38.061,1.590,0.976,-37.317,-9.756
1714823078071,2024-05-04T14:44:38.071,1.600,0.122,-39.512,-9.573
1714823078081,2024-05-04T14:44:38.081,1.610,2.195,-36.220,-9.329
1714823078091,2024-05-04T14:44:38.091,1.620,3.841,-28.963,-9.512
1714823078101,2024-05-04T14:44:38.101,1.630,3.476,-19.878,-9.634
1714823078111,2024-05-04T14:44:38.111,1.640,2.927,-11.402,-9.268
1714823078121,2024-05-04T14:44:38.121,1.650,2.622,-7.622,-8.598
1714823078131,2024-05-04T14:44:38.131,1.660,1.098,-10.732,-7.805
1714823078141,2024-05-04T14:44:38.141,1.670,-0.671,-17.256,-6.280
1714823078151,2024-05-04T14:44:38.151,1.680,-1.463,-23.476,-4.573
1714823078161,2024-05-04T14:44:38.161,1.690,-1.037,-27.378,-4.207
1714823078171,2024-05-04T14:44:38.171,1.700,-0.061,-27.683,-4.085
1714823078181,2024-05-04T14:44:38.181,1.710,-0.427,-24.268,-4.268
1714823078191,2024-05-04T14:44:38.191,1.720,-1.829,-18.780,-4.329
1714823078201,2024-05-04T14:44:38.201,1.730,-3.659,-14.024,-4.024
1714823078211,2024-05-04T14:44:38.211,1.740,-4.878,-11.707,-3.841
1714823078221,2024-05-04T14:44:38.221,1.750,-4.756,-11.280,-3.049
1714823078231,2024-05-04T14:44:38.231,1.760,-3.537,-9.817,-3.171
1714823078241,2024-05-04T14:44:38.241,1.770,-0.671,-6.890,-3.598
1714823078251,2024-05-04T14:44:38.251,1.780,2.317,-4.695,-3.902
1714823078261,2024-05-04T14:44:38.261,1.790,1.402,-4.939,-4.329
1714823078271,2024-05-04T14:44:38.271,1.800,-0.732,-6.463,-4.939
1714823078281,2024-05-04T14:44:38.281,1.810,0.366,-8.049,-4.329
1714823078291,2024-05-04T14:44:38.291,1.820,2.439,-9.939,-2.805
1714823078301,2024-05-04T14:44:38.301,1.830,3.354,-11.463,-1.463
1714823078311,2024-05-04T14:44:38.311,1.840,5.915,-12.317,-0.122
1714823078321,2024-05-04T14:44:38.321,1.850,8.171,-13.963,-0.305
1714823078331,2024-05-04T14:44:38.331,1.860,8.780,-17.439,-1.037
1714823078341,2024-05-04T14:44:38.341,1.870,11.524,-20.793,-0.061
1714823078351,2024-05-04T14:44:38.351,1.880,13.232,-22.988,0.427
1714823078361,2024-05-04T14:44:38.361,1.890,11.890,-22.134,1.341
1714823078371,2024-05-04T14:44:38.371,1.900,11.524,-17.134,1.646
1714823078381,2024-05-04T14:44:38.381,1.910,14.024,-11.463,0.976
1714823078391,2024-05-04T14:44:38.391,1.920,15.854,-9.634,2.561
1714823078401,2024-05-04T14:44:38.401,1.930,15.915,-16.585,3.537
1714823078411,2024-05-04T14:44:38.411,1.940,15.793,-30.427,2.805
1714823078421,2024-05-04T14:44:38.421,1.950,16.585,-45.976,3.110
1714823078431,2024-05-04T14:44:38.431,1.960,19.268,-63.293,6.585
1714823078441,2024-05-04T14:44:38.441,1.970,17.073,-75.427,9.756
1714823078451,2024-05-04T14:44:38.451,1.980,11.402,-78.171,10.488
1714823078461,2024-05-04T14:44:38.461,1.990,12.195,-77.195,11.768
1714823078471,2024-05-04T14:44:38.471,2.000,16.890,-80.610,7.439
1714823078481,2024-05-04T14:44:38.481,2.010,25.671,-95.915,0.549
1714823078491,2024-05-04T14:44:38.491,2.020,30.061,-111.341,0.366
1714823078501,2024-05-04T14:44:38.501,2.030,28.232,-107.805,0.244
1714823078511,2024-05-04T14:44:38.511,2.040,30.427,-81.951,-1.159
1714823078521,2024-05-04T14:44:38.521,2.050,34.817,-48.171,-0.122
1714823078531,2024-05-04T14:44:38.531,2.060,32.561,-20.183,-0.183
1714823078541,2024-05-04T14:44:38.541,2.070,27.744,0.244,-2.744
1714823078551,2024-05-04T14:44:38.551,2.080,26.829,17.500,-1.707
1714823078561,2024-05-04T14:44:38.561,2.090,25.305,31.463,0.976
1714823078571,2024-05-04T14:44:38.571,2.100,10.122,32.378,5.549
1714823078581,2024-05-04T14:44:38.581,2.110,-21.707,20.000,10.000
1714823078591,2024-05-04T14:44:38.591,2.120,-50.671,0.305,15.915
1714823078601,2024-05-04T14:44:38.601,2.130,-71.829,-15.488,22.195
1714823078611,2024-05-04T14:44:38.611,2.140,-89.146,-12.500,29.939
1714823078621,2024-05-04T14:44:38.621,2.150,-98.049,5.366,32.927
1714823078631,2024-05-04T14:44:38.631,2.160,-107.317,31.341,31.707
1714823078641,2024-05-04T14:44:38.641,2.170,-127.866,67.805,36.829
1714823078651,2024-05-04T14:44:38.651,2.180,-152.317,112.256,35.183
1714823078661,2024-05-04T14:44:38.661,2.190,-180.305,157.622,25.122
1714823078671,2024-05-04T14:44:38.671,2.200,-210.976,181.829,16.646
1714823078681,2024-05-04T14:44:38.681,2.210,-227.683,178.598,4.146
1714823078691,2024-05-04T14:44:38.691,2.220,-206.463,168.354,1.707
1714823078701,2024-05-04T14:44:38.701,2.230,-165.183,157.439,15.854
1714823078711,2024-05-04T14:44:38.711,2.240,-135.366,142.073,10.244
1714823078721,2024-05-04T14:44:38.721,2.250,-114.512,125.671,-9.207
1714823078731,2024-05-04T14:44:38.731,2.260,-87.622,106.037,-21.402
1714823078741,2024-05-04T14:44:38.741,2.270,-44.451,74.634,-16.280
1714823078751,2024-05-04T14:44:38.751,2.280,6.768,29.329,-0.427
1714823078761,2024-05-04T14:44:38.761,2.290,51.098,-6.707,15.183
1714823078771,2024-05-04T14:44:38.771,2.300,71.098,-22.317,20.122
1714823078781,2024-05-04T14:44:38.781,2.310,69.634,-25.122,13.232
1714823078791,2024-05-04T14:44:38.791,2.320,65.061,-21.707,5.854
1714823078801,2024-05-04T14:44:38.801,2.330,60.854,-17.988,0.915
1714823078811,2024-05-04T14:44:38.811,2.340,58.232,-18.293,-2.683
1714823078821,2024-05-04T14:44:38.821,2.350,58.902,-25.610,-2.866
1714823078831,2024-05-04T14:44:38.831,2.360,59.878,-32.561,-6.341
1714823078841,2024-05-04T14:44:38.841,2.370,56.768,-32.439,-11.951
1714823078851,2024-05-04T14:44:38.851,2.380,53.232,-26.890,-16.159
1714823078861,2024-05-04T14:44:38.861,2.390,53.049,-19.817,-17.622
1714823078871,2024-05-04T14:44:38.871,2.400,53.049,-13.780,-16.829
1714823078881,2024-05-04T14:44:38.881,2.410,49.024,-8.780,-12.439
1714823078891,2024-05-04T14:44:38.891,2.420,42.317,-7.073,-4.573
1714823078901,2024-05-04T14:44:38.901,2.430,38.110,-9.573,1.220
1714823078911,2024-05-04T14:44:38.911,2.440,39.268,-14.329,3.537
1714823078921,2024-05-04T14:44:38.921,2.450,43.537,-20.610,3.049
1714823078931,2024-05-04T14:44:38.931,2.460,48.598,-28.598,2.073
1714823078941,2024-05-04T14:44:38.941,2.470,51.463,-38.232,0.427
1714823078951,2024-05-04T14:44:38.951,2.480,50.244,-41.829,-1.707
1714823078961,2024-05-04T14:44:38.961,2.490,45.732,-31.159,-1.098
1714823078971,2024-05-04T14:44:38.971,2.500,42.561,-14.085,-0.610
1714823078981,2024-05-04T14:44:38.981,2.510,42.805,-3.963,-1.524
1714823078991,2024-05-04T14:44:38.991,2.520,44.451,-2.195,-1.098
1714823079001,2024-05-04T14:44:39.001,2.530,43.659,-6.159,-1.341
1714823079011,2024-05-04T14:44:39.011,2.540,40.793,-9.817,-4.329
1714823079021,2024-05-04T14:44:39.021,2.550,38.476,-10.671,-7.439
1714823079031,2024-05-04T14:44:39.031,2.560,35.854,-10.366,-8.293
1714823079041,2024-05-04T14:44:39.041,2.570,32.683,-10.427,-9.146
1714823079051,2024-05-04T14:44:39.051,2.580,29.939,-11.341,-9.024
1714823079061,2024-05-04T14:44:39.061,2.590,28.415,-8.476,-6.098
1714823079071,2024-05-04T14:44:39.071,2.600,28.354,-4.146,-5.244
1714823079081,2024-05-04T14:44:39.081,2.610,28.659,-5.000,-7.073
1714823079091,2024-05-04T14:44:39.091,2.620,27.012,-10.671,-8.476
1714823079101,2024-05-04T14:44:39.101,2.630,22.866,-15.122,-8.476
1714823079111,2024-05-04T14:44:39.111,2.640,17.073,-15.183,-9.695
1714823079121,2024-05-04T14:44:39.121,2.650,13.049,-15.000,-10.610
1714823079131,2024-05-04T14:44:39.131,2.660,12.134,-14.268,-9.146
1714823079141,2024-05-04T14:44:39.141,2.670,12.805,-10.305,-7.500
1714823079151,2024-05-04T14:44:39.151,2.680,13.780,-3.232,-6.037
1714823079161,2024-05-04T14:44:39.161,2.690,11.829,4.085,-5.671
1714823079171,2024-05-04T14:44:39.171,2.700,7.134,8.476,-6.707
1714823079181,2024-05-04T14:44:39.181,2.710,3.902,8.659,-7.317
1714823079191,2024-05-04T14:44:39.191,2.720,3.720,6.159,-6.402
1714823079201,2024-05-04T14:44:39.201,2.730,5.366,3.780,-4.329
1714823079211,2024-05-04T14:44:39.211,2.740,7.439,2.439,-1.707
1714823079221,2024-05-04T14:44:39.221,2.750,5.061,0.488,-0.671
1714823079231,2024-05-04T14:44:39.231,2.760,-1.037,-3.049,-0.915
1714823079241,2024-05-04T14:44:39.241,2.770,-4.146,-7.500,-1.646
1714823079251,2024-05-04T14:44:39.251,2.780,-3.537,-12.073,-2.256
1714823079261,2024-05-04T14:44:39.261,2.790,-1.463,-14.878,-1.280
1714823079271,2024-05-04T14:44:39.271,2.800,0.244,-14.390,0.610
1714823079281,2024-05-04T14:44:39.281,2.810,-0.061,-11.646,1.402
1714823079291,2024-05-04T14:44:39.291,2.820,-3.171,-8.659,1.159
1714823079301,2024-05-04T14:44:39.301,2.830,-5.793,-5.732,0.854
1714823079311,2024-05-04T14:44:39.311,2.840,-4.024,-3.415,0.427
1714823079321,2024-05-04T14:44:39.321,2.850,-1.280,-1.829,-0.122
1714823079331,2024-05-04T14:44:39.331,2.860,0.427,-0.915,-0.732
1714823079341,2024-05-04T14:44:39.341,2.870,1.768,0.061,-1.037
1714823079351,2024-05-04T14:44:39.351,2.880,2.134,1.037,-1.220
1714823079361,2024-05-04T14:44:39.361,2.890,1.707,1.159,-1.280
1714823079371,2024-05-04T14:44:39.371,2.900,0.854,0.183,-1.341
1714823079381,2024-05-04T14:44:39.381,2.910,0.000,-1.646,-1.159
1714823079391,2024-05-04T14:44:39.391,2.920,0.732,-3.659,0.183
1714823079401,2024-05-04T14:44:39.401,2.930,2.500,-4.695,1.341
1714823079411,2024-05-04T14:44:39.411,2.940,6.463,-5.366,1.707
1714823079421,2024-05-04T14:44:39.421,2.950,12.317,-6.646,2.378
1714823079431,2024-05-04T14:44:39.431,2.960,13.963,-7.744,3.598
1714823079441,2024-05-04T14:44:39.441,2.970,11.707,-7.866,3.476
1714823079451,2024-05-04T14:44:39.451,2.980,13.049,-6.951,3.232
1714823079461,2024-05-04T14:44:39.461,2.990,17.622,-3.598,3.963
1714823079471,2024-05-04T14:44:39.471,3.000,22.134,-2.073,2.744
1714823079481,2024-05-04T14:44:39.481,3.010,22.073,-3.354,2.134
1714823079491,2024-05-04T14:44:39.491,3.020,20.976,-7.439,0.732
1714823079501,2024-05-04T14:44:39.501,3.030,22.622,-20.244,-1.951
1714823079511,2024-05-04T14:44:39.511,3.040,26.707,-41.829,-1.098
1714823079521,2024-05-04T14:44:39.521,3.050,26.220,-67.317,-0.488
1714823079531,2024-05-04T14:44:39.531,3.060,18.354,-86.037,0.366
1714823079541,2024-05-04T14:44:39.541,3.070,9.695,-89.573,2.256
1714823079551,2024-05-04T14:44:39.551,3.080,3.232,-79.390,-0.122
1714823079561,2024-05-04T14:44:39.561,3.090,-0.549,-66.585,-6.098
1714823079571,2024-05-04T14:44:39.571,3.100,-2.988,-62.683,-8.659
1714823079581,2024-05-04T14:44:39.581,3.110,-10.915,-70.976,-7.744
1714823079591,2024-05-04T14:44:39.591,3.120,-22.744,-76.768,-3.110
1714823079601,2024-05-04T14:44:39.601,3.130,-30.976,-65.854,2.134
1714823079611,2024-05-04T14:44:39.611,3.140,-36.037,-39.085,6.280
1714823079621,2024-05-04T14:44:39.621,3.150,-43.232,-13.293,12.561
1714823079631,2024-05-04T14:44:39.631,3.160,-55.000,1.463,16.159
1714823079641,2024-05-04T14:44:39.641,3.170,-65.854,19.085,15.854
1714823079651,2024-05-04T14:44:39.651,3.180,-69.512,49.329,17.012
1714823079661,2024-05-04T14:44:39.661,3.190,-70.244,86.220,15.854
1714823079671,2024-05-04T14:44:39.671,3.200,-78.841,129.695,12.256
1714823079681,2024-05-04T14:44:39.681,3.210,-98.049,180.000,5.366
1714823079691,2024-05-04T14:44:39.691,3.220,-115.122,220.000,-3.354
1714823079701,2024-05-04T14:44:39.701,3.230,-133.232,234.756,-11.159
1714823079711,2024-05-04T14:44:39.711,3.240,-149.451,224.817,-12.500
1714823079721,2024-05-04T14:44:39.721,3.250,-167.866,199.939,-12.988
1714823079731,2024-05-04T14:44:39.731,3.260,-182.805,170.915,-18.598
1714823079741,2024-05-04T14:44:39.741,3.270,-173.293,155.732,-18.720
1714823079751,2024-05-04T14:44:39.751,3.280,-159.695,161.707,-19.817
1714823079761,2024-05-04T14:44:39.761,3.290,-152.927,173.232,-21.829
1714823079771,2024-05-04T14:44:39.771,3.300,-124.451,171.463,-16.707
1714823079781,2024-05-04T14:44:39.781,3.310,-89.329,149.695,-5.671
1714823079791,2024-05-04T14:44:39.791,3.320,-55.427,119.573,16.646
1714823079801,2024-05-04T14:44:39.801,3.330,-19.695,88.963,38.354
1714823079811,2024-05-04T14:44:39.811,3.340,23.537,65.183,50.915
1714823079821,2024-05-04T14:44:39.821,3.350,65.122,62.927,59.207
1714823079831,2024-05-04T14:44:39.831,3.360,90.915,76.341,69.390
1714823079841,2024-05-04T14:44:39.841,3.370,96.646,83.354,75.915
1714823079851,2024-05-04T14:44:39.851,3.380,93.659,79.146,72.622
1714823079861,2024-05-04T14:44:39.861,3.390,86.951,63.232,61.524
1714823079871,2024-05-04T14:44:39.871,3.400,84.573,41.707,53.841
1714823079881,2024-05-04T14:44:39.881,3.410,84.451,21.951,47.073
1714823079891,2024-05-04T14:44:39.891,3.420,83.293,6.951,37.988
1714823079901,2024-05-04T14:44:39.901,3.430,79.695,-4.756,32.134
1714823079911,2024-05-04T14:44:39.911,3.440,73.780,-19.390,28.049
1714823079921,2024-05-04T14:44:39.921,3.450,67.195,-38.110,20.305
1714823079931,2024-05-04T14:44:39.931,3.460,58.659,-56.280,15.427
1714823079941,2024-05-04T14:44:39.941,3.470,52.195,-68.902,14.695
1714823079951,2024-05-04T14:44:39.951,3.480,49.329,-79.390,12.988
1714823079961,2024-05-04T14:44:39.961,3.490,47.561,-91.585,10.976
1714823079971,2024-05-04T14:44:39.971,3.500,46.159,-107.500,9.573
1714823079981,2024-05-04T14:44:39.981,3.510,44.451,-125.366,7.866
1714823079991,2024-05-04T14:44:39.991,3.520,43.293,-139.939,2.500
1714823080001,2024-05-04T14:44:40.001,3.530,42.622,-149.878,-4.085
1714823080011,2024-05-04T14:44:40.011,3.540,42.805,-153.415,-7.134
1714823080021,2024-05-04T14:44:40.021,3.550,42.561,-147.622,-7.073
1714823080031,2024-05-04T14:44:40.031,3.560,42.500,-132.012,-6.098
1714823080041,2024-05-04T14:44:40.041,3.570,41.768,-109.512,-3.232
1714823080051,2024-05-04T14:44:40.051,3.580,37.561,-85.488,0.000
1714823080061,2024-05-04T14:44:40.061,3.590,31.402,-66.159,0.854
1714823080071,2024-05-04T14:44:40.071,3.600,27.561,-59.573,-1.463
1714823080081,2024-05-04T14:44:40.081,3.610,27.073,-59.451,-3.354
1714823080091,2024-05-04T14:44:40.091,3.620,29.085,-57.927,-2.927
1714823080101,2024-05-04T14:44:40.101,3.630,31.524,-53.415,-2.073
1714823080111,2024-05-04T14:44:40.111,3.640,31.890,-48.537,-2.317
1714823080121,2024-05-04T14:44:40.121,3.650,28.963,-44.451,-1.829
1714823080131,2024-05-04T14:44:40.131,3.660,24.207,-43.354,-1.768
1714823080141,2024-05-04T14:44:40.141,3.670,20.915,-43.537,-2.439
1714823080151,2024-05-04T14:44:40.151,3.680,20.366,-41.341,-1.585
1714823080161,2024-05-04T14:44:40.161,3.690,19.817,-36.951,-0.793
1714823080171,2024-05-04T14:44:40.171,3.700,19.268,-32.256,-1.585
1714823080181,2024-05-04T14:44:40.181,3.710,19.207,-30.732,-2.561
1714823080191,2024-05-04T14:44:40.191,3.720,17.439,-32.805,-2.927
1714823080201,2024-05-04T14:44:40.201,3.730,15.549,-36.037,-0.915
1714823080211,2024-05-04T14:44:40.211,3.740,13.476,-38.537,-1.037
1714823080221,2024-05-04T14:44:40.221,3.750,12.256,-39.329,-2.744
1714823080231,2024-05-04T14:44:40.231,3.760,13.720,-34.634,-2.195
1714823080241,2024-05-04T14:44:40.241,3.770,15.488,-25.183,-1.402
1714823080251,2024-05-04T14:44:40.251,3.780,12.500,-17.012,-3.049
1714823080261,2024-05-04T14:44:40.261,3.790,6.646,-12.561,-5.061
1714823080271,2024-05-04T14:44:40.271,3.800,4.329,-10.183,-5.305
1714823080281,2024-05-04T14:44:40.281,3.810,2.927,-11.220,-4.085
1714823080291,2024-05-04T14:44:40.291,3.820,1.463,-11.159,-2.134
1714823080301,2024-05-04T14:44:40.301,3.830,2.073,-10.183,-0.793
1714823080311,2024-05-04T14:44:40.311,3.840,2.988,-11.159,-0.610
1714823080321,2024-05-04T14:44:40.321,3.850,1.585,-12.744,-0.976
1714823080331,2024-05-04T14:44:40.331,3.860,0.427,-13.049,-1.951
1714823080341,2024-05-04T14:44:40.341,3.870,0.244,-11.768,-2.134
1714823080351,2024-05-04T14:44:40.351,3.880,-0.061,-11.098,-0.122
1714823080361,2024-05-04T14:44:40.361,3.890,-0.976,-11.524,1.037
1714823080371,2024-05-04T14:44:40.371,3.900,-0.488,-11.220,1.768
1714823080381,2024-05-04T14:44:40.381,3.910,0.183,-9.329,1.829
1714823080391,2024-05-04T14:44:40.391,3.920,1.890,-6.037,0.854
1714823080401,2024-05-04T14:44:40.401,3.930,3.963,-5.122,-0.183
1714823080411,2024-05-04T14:44:40.411,3.940,3.841,-7.317,-0.488
1714823080421,2024-05-04T14:44:40.421,3.950,2.256,-10.610,0.183
1714823080431,2024-05-04T14:44:40.431,3.960,1.098,-11.524,0.915
1714823080441,2024-05-04T14:44:40.441,3.970,1.829,-9.024,1.646
1714823080451,2024-05-04T14:44:40.451,3.980,3.659,-5.000,1.707
1714823080461,2024-05-04T14:44:40.461,3.990,5.183,-1.159,1.524
1714823080471,2024-05-04T14:44:40.471,4.000,5.183,0.549,0.854
1714823080481,2024-05-04T14:44:40.481,4.010,3.293,0.366,-0.183
1714823080491,2024-05-04T14:44:40.491,4.020,2.012,-0.610,-0.610
1714823080501,2024-05-04T14:44:40.501,4.030,2.561,-0.976,-0.610
1714823080511,2024-05-04T14:44:40.511,4.040,4.451,-0.732,-0.366
1714823080521,2024-05-04T14:44:40.521,4.050,6.280,-0.183,0.244
1714823080531,2024-05-04T14:44:40.531,4.060,7.683,0.793,1.037
1714823080541,2024-05-04T14:44:40.541,4.070,8.171,0.061,0.610
1714823080551,2024-05-04T14:44:40.551,4.080,7.378,-2.561,0.244
1714823080561,2024-05-04T14:44:40.561,4.090,6.463,-4.756,1.098
1714823080571,2024-05-04T14:44:40.571,4.100,6.829,-5.061,1.829
1714823080581,2024-05-04T14:44:40.581,4.110,7.866,-3.963,2.805
1714823080591,2024-05-04T14:44:40.591,4.120,11.037,-4.878,3.537
1714823080601,2024-05-04T14:44:40.601,4.130,13.293,-7.561,2.988
1714823080611,2024-05-04T14:44:40.611,4.140,16.524,-7.439,4.024
1714823080621,2024-05-04T14:44:40.621,4.150,17.744,-7.195,4.268
1714823080631,2024-05-04T14:44:40.631,4.160,17.500,-10.610,2.927
1714823080641,2024-05-04T14:44:40.641,4.170,13.963,-18.293,1.159
1714823080651,2024-05-04T14:44:40.651,4.180,8.902,-23.476,3.720
1714823080661,2024-05-04T14:44:40.661,4.190,7.561,-21.402,5.427
1714823080671,2024-05-04T14:44:40.671,4.200,8.841,-16.402,4.146
1714823080681,2024-05-04T14:44:40.681,4.210,9.634,-16.524,2.073
1714823080691,2024-05-04T14:44:40.691,4.220,9.451,-21.890,1.707
1714823080701,2024-05-04T14:44:40.701,4.230,7.500,-26.524,1.524
1714823080711,2024-05-04T14:44:40.711,4.240,2.866,-25.427,0.732
1714823080721,2024-05-04T14:44:40.721,4.250,-0.793,-16.707,-2.500
1714823080731,2024-05-04T14:44:40.731,4.260,1.402,-2.256,-5.000
1714823080741,2024-05-04T14:44:40.741,4.270,5.061,10.488,-4.634
1714823080751,2024-05-04T14:44:40.751,4.280,0.671,16.829,-4.268
1714823080761,2024-05-04T14:44:40.761,4.290,-11.159,16.098,-4.085
1714823080771,2024-05-04T14:44:40.771,4.300,-25.244,5.366,-4.329
1714823080781,2024-05-04T14:44:40.781,4.310,-38.049,-12.378,-2.012
1714823080791,2024-05-04T14:44:40.791,4.320,-48.110,-21.768,5.366
1714823080801,2024-05-04T14:44:40.801,4.330,-54.756,-14.085,10.488
1714823080811,2024-05-04T14:44:40.811,4.340,-57.256,2.073,11.524
1714823080821,2024-05-04T14:44:40.821,4.350,-61.220,17.866,13.415
1714823080831,2024-05-04T14:44:40.831,4.360,-66.280,30.915,16.768
1714823080841,2024-05-04T14:44:40.841,4.370,-74.756,46.585,20.122
1714823080851,2024-05-04T14:44:40.851,4.380,-85.244,64.268,22.683
1714823080861,2024-05-04T14:44:40.861,4.390,-91.585,77.378,22.500
1714823080871,2024-05-04T14:44:40.871,4.400,-95.976,91.463,23.963
1714823080881,2024-05-04T14:44:40.881,4.410,-106.220,104.817,24.085
1714823080891,2024-05-04T14:44:40.891,4.420,-121.890,117.744,12.439
1714823080901,2024-05-04T14:44:40.901,4.430,-128.659,130.061,-1.220
1714823080911,2024-05-04T14:44:40.911,4.440,-129.939,128.415,-7.988
1714823080921,2024-05-04T14:44:40.921,4.450,-125.671,105.366,-11.220
1714823080931,2024-05-04T14:44:40.931,4.460,-106.707,69.512,-5.488
1714823080941,2024-05-04T14:44:40.941,4.470,-73.049,31.159,7.378
1714823080951,2024-05-04T14:44:40.951,4.480,-26.646,9.390,21.951
1714823080961,2024-05-04T14:44:40.961,4.490,16.585,10.732,26.220
1714823080971,2024-05-04T14:44:40.971,4.500,40.793,5.366,20.366
1714823080981,2024-05-04T14:44:40.981,4.510,44.329,-21.646,11.220
1714823080991,2024-05-04T14:44:40.991,4.520,37.622,-43.049,0.671
1714823081001,2024-05-04T14:44:41.001,4.530,34.817,-40.183,-5.366
1714823081011,2024-05-04T14:44:41.011,4.540,35.732,-19.329,-7.012
1714823081021,2024-05-04T14:44:41.021,4.550,36.402,6.280,-7.012
1714823081031,2024-05-04T14:44:41.031,4.560,37.317,25.366,-7.988
1714823081041,2024-05-04T14:44:41.041,4.570,38.171,37.866,-5.549
1714823081051,2024-05-04T14:44:41.051,4.580,36.890,40.427,-3.598
1714823081061,2024-05-04T14:44:41.061,4.590,33.841,33.171,-4.451
1714823081071,2024-05-04T14:44:41.071,4.600,32.073,19.329,-3.720
1714823081081,2024-05-04T14:44:41.081,4.610,31.341,1.768,-2.317
1714823081091,2024-05-04T14:44:41.091,4.620,32.134,-17.134,-1.768
1714823081101,2024-05-04T14:44:41.101,4.630,34.207,-33.902,-0.488
1714823081111,2024-05-04T14:44:41.111,4.640,34.939,-45.976,0.793
1714823081121,2024-05-04T14:44:41.121,4.650,33.720,-53.659,0.366
1714823081131,2024-05-04T14:44:41.131,4.660,34.024,-56.341,-0.488
1714823081141,2024-05-04T14:44:41.141,4.670,36.159,-53.720,-1.951
1714823081151,2024-05-04T14:44:41.151,4.680,37.805,-47.439,-4.268
1714823081161,2024-05-04T14:44:41.161,4.690,38.841,-39.207,-6.951
1714823081171,2024-05-04T14:44:41.171,4.700,39.695,-29.695,-9.024
1714823081181,2024-05-04T14:44:41.181,4.710,39.695,-20.549,-9.268
1714823081191,2024-05-04T14:44:41.191,4.720,39.146,-13.293,-8.720
1714823081201,2024-05-04T14:44:41.201,4.730,37.866,-8.659,-9.207
1714823081211,2024-05-04T14:44:41.211,4.740,36.524,-8.171,-8.963
1714823081221,2024-05-04T14:44:41.221,4.750,34.573,-14.390,-6.463
1714823081231,2024-05-04T14:44:41.231,4.760,30.061,-24.512,-2.927
1714823081241,2024-05-04T14:44:41.241,4.770,27.317,-30.488,0.610
1714823081251,2024-05-04T14:44:41.251,4.780,27.927,-27.195,1.402
1714823081261,2024-05-04T14:44:41.261,4.790,32.561,-20.549,0.976
1714823081271,2024-05-04T14:44:41.271,4.800,36.402,-16.768,0.183
1714823081281,2024-05-04T14:44:41.281,4.810,35.244,-18.293,-1.646
1714823081291,2024-05-04T14:44:41.291,4.820,30.061,-22.317,-0.976
1714823081301,2024-05-04T14:44:41.301,4.830,27.012,-21.585,0.610
1714823081311,2024-05-04T14:44:41.311,4.840,27.012,-17.988,0.427
1714823081321,2024-05-04T14:44:41.321,4.850,24.390,-15.793,1.463
1714823081331,2024-05-04T14:44:41.331,4.860,17.683,-15.183,1.646
1714823081341,2024-05-04T14:44:41.341,4.870,12.012,-15.671,-1.220
1714823081351,2024-05-04T14:44:41.351,4.880,10.488,-14.329,-1.098
1714823081361,2024-05-04T14:44:41.361,4.890,10.305,-12.256,-1.402
1714823081371,2024-05-04T14:44:41.371,4.900,8.841,-12.988,-2.195
1714823081381,2024-05-04T14:44:41.381,4.910,6.890,-16.707,-0.610
1714823081391,2024-05-04T14:44:41.391,4.920,6.159,-19.512,1.707
1714823081401,2024-05-04T14:44:41.401,4.930,4.817,-20.122,2.378
1714823081411,2024-05-04T14:44:41.411,4.940,1.646,-20.000,2.134
1714823081421,2024-05-04T14:44:41.421,4.950,-2.317,-19.634,2.561
1714823081431,2024-05-04T14:44:41.431,4.960,-4.817,-18.354,2.561
1714823081441,2024-05-04T14:44:41.441,4.970,-5.000,-16.463,1.585
1714823081451,2024-05-04T14:44:41.451,4.980,-3.476,-14.085,0.366
1714823081461,2024-05-04T14:44:41.461,4.990,-0.183,-10.671,-0.183
1714823081471,2024-05-04T14:44:41.471,5.000,2.988,-6.707,-0.122
1714823081481,2024-05-04T14:44:41.481,5.010,2.256,-4.329,-1.220
1714823081491,2024-05-04T14:44:41.491,5.020,-2.195,-4.451,-2.988
1714823081501,2024-05-04T14:44:41.501,5.030,-5.366,-5.488,-3.354
1714823081511,2024-05-04T14:44:41.511,5.040,-5.732,-6.341,-2.805
1714823081521,2024-05-04T14:44:41.521,5.050,-4.146,-5.915,-2.195
1714823081531,2024-05-04T14:44:41.531,5.060,-1.768,-3.476,-2.195
1714823081541,2024-05-04T14:44:41.541,5.070,-0.244,0.061,-3.232
1714823081551,2024-05-04T14:44:41.551,5.080,0.976,2.927,-3.720
1714823081561,2024-05-04T14:44:41.561,5.090,1.646,3.720,-3.841
1714823081571,2024-05-04T14:44:41.571,5.100,0.122,2.683,-3.171
1714823081581,2024-05-04T14:44:41.581,5.110,-2.988,0.610,-1.768
1714823081591,2024-05-04T14:44:41.591,5.120,-4.329,-1.220,-0.183
1714823081601,2024-05-04T14:44:41.601,5.130,-2.012,-1.829,1.585
1714823081611,2024-05-04T14:44:41.611,5.140,1.707,-2.317,3.049
1714823081621,2024-05-04T14:44:41.621,5.150,4.207,-2.927,4.207
1714823081631,2024-05-04T14:44:41.631,5.160,3.110,-4.207,3.720
1714823081641,2024-05-04T14:44:41.641,5.170,-0.427,-6.646,1.341
1714823081651,2024-05-04T14:44:41.651,5.180,-2.012,-10.000,0.122
1714823081661,2024-05-04T14:44:41.661,5.190,-1.098,-12.805,0.732
1714823081671,2024-05-04T14:44:41.671,5.200,0.183,-12.500,1.524
1714823081681,2024-05-04T14:44:41.681,5.210,2.012,-8.354,1.646
1714823081691,2024-05-04T14:44:41.691,5.220,4.939,-2.439,1.098
1714823081701,2024-05-04T14:44:41.701,5.230,7.073,2.439,1.037
1714823081711,2024-05-04T14:44:41.711,5.240,7.317,5.183,0.244
1714823081721,2024-05-04T14:44:41.721,5.250,6.951,4.390,-1.098
1714823081731,2024-05-04T14:44:41.731,5.260,7.317,-0.183,-0.976
1714823081741,2024-05-04T14:44:41.741,5.270,10.061,-6.280,0.793
1714823081751,2024-05-04T14:44:41.751,5.280,12.439,-10.427,1.768
1714823081761,2024-05-04T14:44:41.761,5.290,15.366,-10.122,2.378
1714823081771,2024-05-04T14:44:41.771,5.300,19.451,-3.354,3.598
1714823081781,2024-05-04T14:44:41.781,5.310,25.793,9.146,3.902
1714823081791,2024-05-04T14:44:41.791,5.320,28.415,14.268,0.976
1714823081801,2024-05-04T14:44:41.801,5.330,25.061,11.159,-1.098
1714823081811,2024-05-04T14:44:41.811,5.340,22.012,7.256,-0.610
1714823081821,2024-05-04T14:44:41.821,5.350,19.634,5.366,0.854
1714823081831,2024-05-04T14:44:41.831,5.360,20.976,6.524,1.707
1714823081841,2024-05-04T14:44:41.841,5.370,23.293,7.866,0.793
1714823081851,2024-05-04T14:44:41.851,5.380,23.110,6.707,0.244
1714823081861,2024-05-04T14:44:41.861,5.390,20.854,5.122,-0.366
1714823081871,2024-05-04T14:44:41.871,5.400,17.134,3.780,-0.915
1714823081881,2024-05-04T14:44:41.881,5.410,13.415,-0.915,-3.415
1714823081891,2024-05-04T14:44:41.891,5.420,13.232,-1.098,-2.805
1714823081901,2024-05-04T14:44:41.901,5.430,13.659,3.537,-1.220
1714823081911,2024-05-04T14:44:41.911,5.440,8.720,4.207,-7.378
1714823081921,2024-05-04T14:44:41.921,5.450,2.256,-0.244,-11.037
1714823081931,2024-05-04T14:44:41.931,5.460,-5.061,-7.317,-10.366
1714823081941,2024-05-04T14:44:41.941,5.470,-13.354,-10.488,-11.280
1714823081951,2024-05-04T14:44:41.951,5.480,-23.110,-7.317,-8.293
1714823081961,2024-05-04T14:44:41.961,5.490,-35.549,-2.256,-1.890
1714823081971,2024-05-04T14:44:41.971,5.500,-52.927,0.549,1.829
1714823081981,2024-05-04T14:44:41.981,5.510,-71.646,1.159,6.951
1714823081991,2024-05-04T14:44:41.991,5.520,-89.756,3.232,11.707
1714823082001,2024-05-04T14:44:42.001,5.530,-102.256,13.537,13.171
1714823082011,2024-05-04T14:44:42.011,5.540,-101.951,26.951,11.951
1714823082021,2024-05-04T14:44:42.021,5.550,-98.902,34.573,12.683
1714823082031,2024-05-04T14:44:42.031,5.560,-107.988,38.963,15.244
1714823082041,2024-05-04T14:44:42.041,5.570,-127.073,44.085,18.720
1714823082051,2024-05-04T14:44:42.051,5.580,-149.817,52.988,18.171
1714823082061,2024-05-04T14:44:42.061,5.590,-174.329,60.976,10.793
1714823082071,2024-05-04T14:44:42.071,5.600,-193.049,60.305,-7.073
1714823082081,2024-05-04T14:44:42.081,5.610,-184.024,59.268,-6.220
1714823082091,2024-05-04T14:44:42.091,5.620,-150.183,51.159,1.159
1714823082101,2024-05-04T14:44:42.101,5.630,-98.537,40.183,-12.012
1714823082111,2024-05-04T14:44:42.111,5.640,-46.098,25.061,-8.110
1714823082121,2024-05-04T14:44:42.121,5.650,7.500,-8.415,5.183
1714823082131,2024-05-04T14:44:42.131,5.660,48.659,-34.817,6.037
1714823082141,2024-05-04T14:44:42.141,5.670,58.841,-39.329,1.951
1714823082151,2024-05-04T14:44:42.151,5.680,51.220,-30.915,-4.512
1714823082161,2024-05-04T14:44:42.161,5.690,44.634,-15.915,-7.500
1714823082171,2024-05-04T14:44:42.171,5.700,45.244,0.549,-5.549
1714823082181,2024-05-04T14:44:42.181,5.710,48.171,14.451,-3.720
1714823082191,2024-05-04T14:44:42.191,5.720,48.963,28.110,-5.122
1714823082201,2024-05-04T14:44:42.201,5.730,47.622,42.866,-8.232
1714823082211,2024-05-04T14:44:42.211,5.740,48.171,53.049,-9.512
1714823082221,2024-05-04T14:44:42.221,5.750,50.000,49.756,-8.049
1714823082231,2024-05-04T14:44:42.231,5.760,49.146,30.976,-5.976
1714823082241,2024-05-04T14:44:42.241,5.770,46.037,6.220,-2.927
1714823082251,2024-05-04T14:44:42.251,5.780,43.293,-16.341,0.305
1714823082261,2024-05-04T14:44:42.261,5.790,39.268,-32.561,1.585
1714823082271,2024-05-04T14:44:42.271,5.800,36.220,-40.549,1.890
1714823082281,2024-05-04T14:44:42.281,5.810,36.890,-40.061,1.524
1714823082291,2024-05-04T14:44:42.291,5.820,40.122,-35.244,0.915
1714823082301,2024-05-04T14:44:42.301,5.830,42.195,-30.122,0.183
1714823082311,2024-05-04T14:44:42.311,5.840,41.890,-26.341,-0.976
1714823082321,2024-05-04T14:44:42.321,5.850,40.366,-22.866,-3.415
1714823082331,2024-05-04T14:44:42.331,5.860,38.841,-21.341,-5.915
1714823082341,2024-05-04T14:44:42.341,5.870,37.744,-22.866,-6.585
1714823082351,2024-05-04T14:44:42.351,5.880,35.732,-24.695,-6.341
1714823082361,2024-05-04T14:44:42.361,5.890,34.573,-23.171,-4.573
1714823082371,2024-05-04T14:44:42.371,5.900,34.451,-19.939,-2.927
1714823082381,2024-05-04T14:44:42.381,5.910,33.415,-18.110,-3.049
1714823082391,2024-05-04T14:44:42.391,5.920,29.939,-18.232,-3.110
1714823082401,2024-05-04T14:44:42.401,5.930,24.817,-19.390,-2.927
1714823082411,2024-05-04T14:44:42.411,5.940,20.122,-17.073,-2.927
1714823082421,2024-05-04T14:44:42.421,5.950,18.049,-12.012,-3.537
1714823082431,2024-05-04T14:44:42.431,5.960,17.866,-7.561,-3.476
1714823082441,2024-05-04T14:44:42.441,5.970,19.207,-5.305,-2.744
1714823082451,2024-05-04T14:44:42.451,5.980,18.963,-6.159,-1.098
1714823082461,2024-05-04T14:44:42.461,5.990,14.634,-8.780,-0.427
1714823082471,2024-05-04T14:44:42.471,6.000,9.878,-11.524,-0.305
1714823082481,2024-05-04T14:44:42.481,6.010,7.561,-13.780,0.000
1714823082491,2024-05-04T14:44:42.491,6.020,6.463,-14.390,0.427
1714823082501,2024-05-04T14:44:42.501,6.030,6.341,-12.561,1.463
1714823082511,2024-05-04T14:44:42.511,6.040,8.232,-7.439,2.073
1714823082521,2024-05-04T14:44:42.521,6.050,10.854,-2.073,2.805
1714823082531,2024-05-04T14:44:42.531,6.060,8.720,-0.305,3.841
1714823082541,2024-05-04T14:44:42.541,6.070,2.500,-1.707,3.110
1714823082551,2024-05-04T14:44:42.551,6.080,-0.366,-5.671,2.683
1714823082561,2024-05-04T14:44:42.561,6.090,0.488,-10.427,2.622
1714823082571,2024-05-04T14:44:42.571,6.100,3.110,-11.829,3.293
1714823082581,2024-05-04T14:44:42.581,6.110,5.122,-10.427,3.720
1714823082591,2024-05-04T14:44:42.591,6.120,4.024,-7.744,3.293
1714823082601,2024-05-04T14:44:42.601,6.130,-0.183,-5.427,2.378
1714823082611,2024-05-04T14:44:42.611,6.140,-3.354,-3.720,1.463
1714823082621,2024-05-04T14:44:42.621,6.150,-4.146,-3.902,1.402
1714823082631,2024-05-04T14:44:42.631,6.160,-4.329,-4.695,2.195
1714823082641,2024-05-04T14:44:42.641,6.170,-3.476,-4.146,2.927
1714823082651,2024-05-04T14:44:42.651,6.180,-0.915,-1.829,3.354
1714823082661,2024-05-04T14:44:42.661,6.190,0.671,-0.183,3.110
1714823082671,2024-05-04T14:44:42.671,6.200,-0.488,-0.427,2.195
1714823082681,2024-05-04T14:44:42.681,6.210,-2.927,-2.744,0.976
1714823082691,2024-05-04T14:44:42.691,6.220,-4.878,-6.768,0.366
1714823082701,2024-05-04T14:44:42.701,6.230,-4.939,-9.817,0.610
1714823082711,2024-05-04T14:44:42.711,6.240,-3.110,-10.366,1.220
1714823082721,2024-05-04T14:44:42.721,6.250,-0.732,-7.073,1.768
1714823082731,2024-05-04T14:44:42.731,6.260,0.976,-2.378,1.524
1714823082741,2024-05-04T14:44:42.741,6.270,0.427,0.854,1.098
1714823082751,2024-05-04T14:44:42.751,6.280,-2.012,1.707,0.122
1714823082761,2024-05-04T14:44:42.761,6.290,-3.354,0.671,-0.549
1714823082771,2024-05-04T14:44:42.771,6.300,-2.988,-1.890,-0.122
1714823082781,2024-05-04T14:44:42.781,6.310,-2.012,-4.573,0.671
1714823082791,2024-05-04T14:44:42.791,6.320,0.427,-5.854,1.951
1714823082801,2024-05-04T14:44:42.801,6.330,1.463,-6.159,2.683
1714823082811,2024-05-04T14:44:42.811,6.340,-0.427,-6.220,2.134
1714823082821,2024-05-04T14:44:42.821,6.350,-0.549,-4.573,1.829
1714823082831,2024-05-04T14:44:42.831,6.360,1.768,-1.829,1.890
1714823082841,2024-05-04T14:44:42.841,6.370,4.207,0.427,2.073
1714823082851,2024-05-04T14:44:42.851,6.380,5.793,1.707,2.500
1714823082861,2024-05-04T14:44:42.861,6.390,8.659,1.890,2.805
1714823082871,2024-05-04T14:44:42.871,6.400,12.378,-0.244,2.195
1714823082881,2024-05-04T14:44:42.881,6.410,14.329,-4.207,1.890
1714823082891,2024-05-04T14:44:42.891,6.420,15.366,-6.585,2.134
1714823082901,2024-05-04T14:44:42.901,6.430,20.000,-4.756,2.927
1714823082911,2024-05-04T14:44:42.911,6.440,25.732,-2.744,3.110
1714823082921,2024-05-04T14:44:42.921,6.450,27.683,-1.951,3.110
1714823082931,2024-05-04T14:44:42.931,6.460,30.366,-3.415,1.159
1714823082941,2024-05-04T14:44:42.941,6.470,34.756,-8.476,2.317
1714823082951,2024-05-04T14:44:42.951,6.480,37.378,-16.159,2.683
1714823082961,2024-05-04T14:44:42.961,6.490,36.768,-27.622,1.098
1714823082971,2024-05-04T14:44:42.971,6.500,32.073,-36.280,2.561
1714823082981,2024-05-04T14:44:42.981,6.510,25.366,-37.500,1.220
1714823082991,2024-05-04T14:44:42.991,6.520,21.585,-33.171,-4.024
1714823083001,2024-05-04T14:44:43.001,6.530,21.768,-28.232,-9.512
1714823083011,2024-05-04T14:44:43.011,6.540,21.220,-23.720,-13.232
1714823083021,2024-05-04T14:44:43.021,6.550,18.720,-16.768,-16.280
1714823083031,2024-05-04T14:44:43.031,6.560,18.780,-6.890,-19.390
1714823083041,2024-05-04T14:44:43.041,6.570,18.780,-3.293,-21.463
1714823083051,2024-05-04T14:44:43.051,6.580,8.598,-9.268,-23.537
1714823083061,2024-05-04T14:44:43.061,6.590,-6.768,-19.268,-25.549
1714823083071,2024-05-04T14:44:43.071,6.600,-18.963,-27.195,-24.329
1714823083081,2024-05-04T14:44:43.081,6.610,-29.878,-30.915,-20.854
1714823083091,2024-05-04T14:44:43.091,6.620,-39.817,-26.220,-14.329
1714823083101,2024-05-04T14:44:43.101,6.630,-49.268,-11.280,-5.061
1714823083111,2024-05-04T14:44:43.111,6.640,-59.695,7.073,2.683
1714823083121,2024-05-04T14:44:43.121,6.650,-67.866,19.268,11.768
1714823083131,2024-05-04T14:44:43.131,6.660,-71.463,31.890,18.232
1714823083141,2024-05-04T14:44:43.141,6.670,-77.073,53.232,18.049
1714823083151,2024-05-04T14:44:43.151,6.680,-93.476,82.500,18.659
1714823083161,2024-05-04T14:44:43.161,6.690,-119.329,117.744,29.146
1714823083171,2024-05-04T14:44:43.171,6.700,-150.488,150.610,26.707
1714823083181,2024-05-04T14:44:43.181,6.710,-181.890,155.061,7.866
1714823083191,2024-05-04T14:44:43.191,6.720,-200.244,132.866,14.146
1714823083201,2024-05-04T14:44:43.201,6.730,-200.366,109.268,33.415
1714823083211,2024-05-04T14:44:43.211,6.740,-194.268,98.841,35.671
1714823083221,2024-05-04T14:44:43.221,6.750,-175.366,102.134,18.963
1714823083231,2024-05-04T14:44:43.231,6.760,-137.073,99.634,-0.793
1714823083241,2024-05-04T14:44:43.241,6.770,-74.024,66.159,0.793
1714823083251,2024-05-04T14:44:43.251,6.780,-5.427,1.829,12.988
1714823083261,2024-05-04T14:44:43.261,6.790,46.280,-62.988,14.817
1714823083271,2024-05-04T14:44:43.271,6.800,68.232,-103.902,16.402
1714823083281,2024-05-04T14:44:43.281,6.810,67.500,-115.305,9.512
1714823083291,2024-05-04T14:44:43.291,6.820,61.159,-104.268,-2.317
1714823083301,2024-05-04T14:44:43.301,6.830,58.537,-77.683,-6.159
1714823083311,2024-05-04T14:44:43.311,6.840,58.537,-41.341,-6.524
1714823083321,2024-05-04T14:44:43.321,6.850,59.573,-5.732,-7.256
1714823083331,2024-05-04T14:44:43.331,6.860,60.000,23.415,-10.732
1714823083341,2024-05-04T14:44:43.341,6.870,55.854,40.366,-10.671
1714823083351,2024-05-04T14:44:43.351,6.880,52.744,45.610,-12.683
1714823083361,2024-05-04T14:44:43.361,6.890,52.805,42.683,-11.951
1714823083371,2024-05-04T14:44:43.371,6.900,53.232,34.207,-10.061
1714823083381,2024-05-04T14:44:43.381,6.910,55.793,21.646,-8.476
1714823083391,2024-05-04T14:44:43.391,6.920,57.744,2.805,-4.390
1714823083401,2024-05-04T14:44:43.401,6.930,54.207,-19.756,-1.768
1714823083411,2024-05-04T14:44:43.411,6.940,48.537,-40.122,-1.768
1714823083421,2024-05-04T14:44:43.421,6.950,46.463,-53.659,-0.793
1714823083431,2024-05-04T14:44:43.431,6.960,46.951,-58.232,-0.366
1714823083441,2024-05-04T14:44:43.441,6.970,46.951,-56.280,-1.098
1714823083451,2024-05-04T14:44:43.451,6.980,43.780,-50.610,-1.524
1714823083461,2024-05-04T14:44:43.461,6.990,38.354,-44.512,-0.915
1714823083471,2024-05-04T14:44:43.471,7.000,33.476,-36.159,-0.549
1714823083481,2024-05-04T14:44:43.481,7.010,30.915,-23.049,-1.098
1714823083491,2024-05-04T14:44:43.491,7.020,30.305,-11.280,-2.500
1714823083501,2024-05-04T14:44:43.501,7.030,28.537,-0.854,-3.659
1714823083511,2024-05-04T14:44:43.511,7.040,28.232,9.878,-3.171
1714823083521,2024-05-04T14:44:43.521,7.050,30.793,12.744,-2.683
1714823083531,2024-05-04T14:44:43.531,7.060,30.061,6.768,-1.037
1714823083541,2024-05-04T14:44:43.541,7.070,24.024,-4.390,-0.061
1714823083551,2024-05-04T14:44:43.551,7.080,17.134,-17.866,0.549
1714823083561,2024-05-04T14:44:43.561,7.090,12.073,-26.768,2.866
1714823083571,2024-05-04T14:44:43.571,7.100,7.744,-29.024,2.134
1714823083581,2024-05-04T14:44:43.581,7.110,5.610,-25.488,0.488
1714823083591,2024-05-04T14:44:43.591,7.120,5.427,-19.268,0.854
1714823083601,2024-05-04T14:44:43.601,7.130,4.512,-12.439,0.915
1714823083611,2024-05-04T14:44:43.611,7.140,3.720,-6.646,1.341
1714823083621,2024-05-04T14:44:43.621,7.150,4.207,-4.695,1.707
1714823083631,2024-05-04T14:44:43.631,7.160,5.000,-8.476,0.915
1714823083641,2024-05-04T14:44:43.641,7.170,4.024,-15.183,0.305
1714823083651,2024-05-04T14:44:43.651,7.180,1.829,-16.768,-0.305
1714823083661,2024-05-04T14:44:43.661,7.190,2.622,-10.122,-1.098
1714823083671,2024-05-04T14:44:43.671,7.200,4.939,-1.829,-1.159
1714823083681,2024-05-04T14:44:43.681,7.210,4.329,4.024,-0.976
1714823083691,2024-05-04T14:44:43.691,7.220,1.159,6.585,0.061
1714823083701,2024-05-04T14:44:43.701,7.230,-1.646,8.780,0.244
1714823083711,2024-05-04T14:44:43.711,7.240,-2.134,9.207,-0.305
1714823083721,2024-05-04T14:44:43.721,7.250,-0.061,6.159,-0.427
1714823083731,2024-05-04T14:44:43.731,7.260,1.890,1.402,-0.610
1714823083741,2024-05-04T14:44:43.741,7.270,3.049,-3.537,-0.488
1714823083751,2024-05-04T14:44:43.751,7.280,2.561,-6.037,-0.305
1714823083761,2024-05-04T14:44:43.761,7.290,0.183,-6.159,-0.732
1714823083771,2024-05-04T14:44:43.771,7.300,-2.073,-4.390,0.183
1714823083781,2024-05-04T14:44:43.781,7.310,-3.049,-1.768,1.646
1714823083791,2024-05-04T14:44:43.791,7.320,-2.622,1.220,2.561
1714823083801,2024-05-04T14:44:43.801,7.330,-0.793,3.049,2.805
1714823083811,2024-05-04T14:44:43.811,7.340,1.951,3.110,2.927
1714823083821,2024-05-04T14:44:43.821,7.350,2.500,0.488,2.805
1714823083831,2024-05-04T14:44:43.831,7.360,-1.402,-4.390,0.915
1714823083841,2024-05-04T14:44:43.841,7.370,-3.659,-9.878,-0.488
1714823083851,2024-05-04T14:44:43.851,7.380,-2.744,-14.878,0.000
1714823083861,2024-05-04T14:44:43.861,7.390,-1.768,-16.524,1.463
1714823083871,2024-05-04T14:44:43.871,7.400,-0.549,-13.780,2.500
1714823083881,2024-05-04T14:44:43.881,7.410,0.488,-7.927,2.439
1714823083891,2024-05-04T14:44:43.891,7.420,1.646,-0.732,2.012
1714823083901,2024-05-04T14:44:43.901,7.430,2.988,4.939,1.098
1714823083911,2024-05-04T14:44:43.911,7.440,3.232,7.073,0.549
1714823083921,2024-05-04T14:44:43.921,7.450,2.500,7.256,0.549
1714823083931,2024-05-04T14:44:43.931,7.460,2.927,6.402,0.976
1714823083941,2024-05-04T14:44:43.941,7.470,3.110,4.512,1.890
1714823083951,2024-05-04T14:44:43.951,7.480,1.951,4.695,3.110
1714823083961,2024-05-04T14:44:43.961,7.490,1.768,8.354,3.354
1714823083971,2024-05-04T14:44:43.971,7.500,3.232,13.476,1.890
1714823083981,2024-05-04T14:44:43.981,7.510,4.634,18.598,-0.732
1714823083991,2024-05-04T14:44:43.991,7.520,7.561,22.500,-3.232
1714823084001,2024-05-04T14:44:44.001,7.530,11.524,24.878,-4.756
1714823084011,2024-05-04T14:44:44.011,7.540,13.232,28.354,-4.878
1714823084021,2024-05-04T14:44:44.021,7.550,15.305,34.024,-4.512
1714823084031,2024-05-04T14:44:44.031,7.560,20.915,38.476,-5.549
1714823084041,2024-05-04T14:44:44.041,7.570,29.817,36.951,-5.610
1714823084051,2024-05-04T14:44:44.051,7.580,34.329,30.976,-4.451
1714823084061,2024-05-04T14:44:44.061,7.590,32.744,29.329,-5.488
1714823084071,2024-05-04T14:44:44.071,7.600,31.159,34.085,-7.500
1714823084081,2024-05-04T14:44:44.081,7.610,34.085,39.817,-8.354
1714823084091,2024-05-04T14:44:44.091,7.620,37.988,41.402,-7.744
1714823084101,2024-05-04T14:44:44.101,7.630,37.744,36.341,-6.524
1714823084111,2024-05-04T14:44:44.111,7.640,35.366,26.402,-8.415
1714823084121,2024-05-04T14:44:44.121,7.650,33.354,19.085,-9.451
1714823084131,2024-05-04T14:44:44.131,7.660,29.451,14.817,-10.732
1714823084141,2024-05-04T14:44:44.141,7.670,26.951,14.695,-14.146
1714823084151,2024-05-04T14:44:44.151,7.680,24.146,9.817,-14.817
1714823084161,2024-05-04T14:44:44.161,7.690,15.000,-5.061,-13.415
1714823084171,2024-05-04T14:44:44.171,7.700,-1.341,-22.256,-13.232
1714823084181,2024-05-04T14:44:44.181,7.710,-17.439,-30.305,-12.195
1714823084191,2024-05-04T14:44:44.191,7.720,-31.463,-27.439,-12.134
1714823084201,2024-05-04T14:44:44.201,7.730,-45.671,-20.366,-12.805
1714823084211,2024-05-04T14:44:44.211,7.740,-60.671,-23.171,-6.098
1714823084221,2024-05-04T14:44:44.221,7.750,-83.049,-36.220,2.134
1714823084231,2024-05-04T14:44:44.231,7.760,-101.463,-44.390,12.988
1714823084241,2024-05-04T14:44:44.241,7.770,-107.988,-44.817,14.939
1714823084251,2024-05-04T14:44:44.251,7.780,-105.671,-33.963,18.049
1714823084261,2024-05-04T14:44:44.261,7.790,-107.500,-11.707,16.098
1714823084271,2024-05-04T14:44:44.271,7.800,-117.378,20.427,15.183
1714823084281,2024-05-04T14:44:44.281,7.810,-129.512,58.659,20.793
1714823084291,2024-05-04T14:44:44.291,7.820,-150.671,90.244,15.305
1714823084301,2024-05-04T14:44:44.301,7.830,-180.183,105.122,0.549
1714823084311,2024-05-04T14:44:44.311,7.840,-205.793,110.549,-0.976
1714823084321,2024-05-04T14:44:44.321,7.850,-204.451,113.354,8.232
1714823084331,2024-05-04T14:44:44.331,7.860,-176.341,126.829,19.512
1714823084341,2024-05-04T14:44:44.341,7.870,-139.817,131.220,5.854
1714823084351,2024-05-04T14:44:44.351,7.880,-88.780,106.280,-10.793
1714823084361,2024-05-04T14:44:44.361,7.890,-27.378,67.500,0.183
1714823084371,2024-05-04T14:44:44.371,7.900,15.915,28.780,13.110
1714823084381,2024-05-04T14:44:44.381,7.910,43.537,-5.671,17.073
1714823084391,2024-05-04T14:44:44.391,7.920,70.976,-27.195,20.427
1714823084401,2024-05-04T14:44:44.401,7.930,86.585,-29.329,23.476
1714823084411,2024-05-04T14:44:44.411,7.940,85.549,-18.841,20.122
1714823084421,2024-05-04T14:44:44.421,7.950,78.598,-6.829,14.817
1714823084431,2024-05-04T14:44:44.431,7.960,72.927,0.244,12.866
1714823084441,2024-05-04T14:44:44.441,7.970,70.366,1.280,10.793
1714823084451,2024-05-04T14:44:44.451,7.980,68.049,-0.915,4.146
1714823084461,2024-05-04T14:44:44.461,7.990,64.390,-5.793,-0.915
1714823084471,2024-05-04T14:44:44.471,8.000,62.927,-12.805,-3.232
1714823084481,2024-05-04T14:44:44.481,8.010,62.134,-21.524,-5.244
1714823084491,2024-05-04T14:44:44.491,8.020,59.878,-28.415,-5.000
1714823084501,2024-05-04T14:44:44.501,8.030,57.561,-31.280,-1.037
1714823084511,2024-05-04T14:44:44.511,8.040,55.183,-35.488,1.280
1714823084521,2024-05-04T14:44:44.521,8.050,53.232,-40.610,0.305
1714823084531,2024-05-04T14:44:44.531,8.060,52.195,-41.037,2.683
1714823084541,2024-05-04T14:44:44.541,8.070,50.610,-38.415,5.000
1714823084551,2024-05-04T14:44:44.551,8.080,48.902,-36.098,3.415
1714823084561,2024-05-04T14:44:44.561,8.090,47.134,-36.037,1.768
1714823084571,2024-05-04T14:44:44.571,8.100,44.268,-38.780,2.317
1714823084581,2024-05-04T14:44:44.581,8.110,40.976,-43.841,2.073
1714823084591,2024-05-04T14:44:44.591,8.120,38.171,-51.037,0.183
1714823084601,2024-05-04T14:44:44.601,8.130,36.524,-57.622,-0.305
1714823084611,2024-05-04T14:44:44.611,8.140,36.524,-59.207,0.366
1714823084621,2024-05-04T14:44:44.621,8.150,37.927,-57.317,-0.366
1714823084631,2024-05-04T14:44:44.631,8.160,38.171,-54.390,-0.976
1714823084641,2024-05-04T14:44:44.641,8.170,35.244,-49.329,-1.159
1714823084651,2024-05-04T14:44:44.651,8.180,31.220,-43.049,-1.524
1714823084661,2024-05-04T14:44:44.661,8.190,27.805,-38.537,-1.524
1714823084671,2024-05-04T14:44:44.671,8.200,25.427,-34.390,-0.244
1714823084681,2024-05-04T14:44:44.681,8.210,24.329,-30.427,0.122
1714823084691,2024-05-04T14:44:44.691,8.220,23.841,-26.890,0.915
1714823084701,2024-05-04T14:44:44.701,8.230,21.890,-21.829,1.220
1714823084711,2024-05-04T14:44:44.711,8.240,17.805,-16.463,-1.280
1714823084721,2024-05-04T14:44:44.721,8.250,15.488,-13.415,-3.232
1714823084731,2024-05-04T14:44:44.731,8.260,15.915,-11.951,-2.561
1714823084741,2024-05-04T14:44:44.741,8.270,16.646,-13.598,-1.402
1714823084751,2024-05-04T14:44:44.751,8.280,15.183,-16.280,1.524
1714823084761,2024-05-04T14:44:44.761,8.290,12.073,-17.439,4.634
1714823084771,2024-05-04T14:44:44.771,8.300,8.902,-15.061,4.634
1714823084781,2024-05-04T14:44:44.781,8.310,8.598,-10.183,3.476
1714823084791,2024-05-04T14:44:44.791,8.320,8.720,-8.232,3.415
1714823084801,2024-05-04T14:44:44.801,8.330,8.598,-5.549,4.573
1714823084811,2024-05-04T14:44:44.811,8.340,8.293,-1.829,5.488
1714823084821,2024-05-04T14:44:44.821,8.350,8.049,-0.610,5.244
1714823084831,2024-05-04T14:44:44.831,8.360,6.890,-3.110,5.061
1714823084841,2024-05-04T14:44:44.841,8.370,3.476,-8.293,4.024
1714823084851,2024-05-04T14:44:44.851,8.380,1.768,-9.451,4.878
1714823084861,2024-05-04T14:44:44.861,8.390,2.378,-6.890,5.244
1714823084871,2024-05-04T14:44:44.871,8.400,3.537,-6.159,4.451
1714823084881,2024-05-04T14:44:44.881,8.410,3.232,-9.573,4.329
1714823084891,2024-05-04T14:44:44.891,8.420,0.122,-12.683,3.598
1714823084901,2024-05-04T14:44:44.901,8.430,-2.439,-12.622,2.378
1714823084911,2024-05-04T14:44:44.911,8.440,-2.012,-10.000,1.890
1714823084921,2024-05-04T14:44:44.921,8.450,0.061,-6.341,2.256
1714823084931,2024-05-04T14:44:44.931,8.460,0.976,-3.415,3.049
1714823084941,2024-05-04T14:44:44.941,8.470,-1.707,-1.829,3.049
1714823084951,2024-05-04T14:44:44.951,8.480,-5.122,-1.707,1.402
1714823084961,2024-05-04T14:44:44.961,8.490,-4.634,-2.500,0.122
1714823084971,2024-05-04T14:44:44.971,8.500,-2.561,-3.110,-0.610
1714823084981,2024-05-04T14:44:44.981,8.510,-0.976,-2.012,-1.037
1714823084991,2024-05-04T14:44:44.991,8.520,0.915,0.976,-0.854
1714823085001,2024-05-04T14:44:45.001,8.530,0.976,4.085,-0.549
1714823085011,2024-05-04T14:44:45.011,8.540,-0.549,5.244,-0.671
1714823085021,2024-05-04T14:44:45.021,8.550,-1.585,4.268,-0.366
1714823085031,2024-05-04T14:44:45.031,8.560,-1.159,2.500,0.488
1714823085041,2024-05-04T14:44:45.041,8.570,-0.366,1.890,0.976
1714823085051,2024-05-04T14:44:45.051,8.580,0.549,2.439,0.854
1714823085061,2024-05-04T14:44:45.061,8.590,1.951,2.927,1.098
1714823085071,2024-05-04T14:44:45.071,8.600,3.110,3.476,1.220
1714823085081,2024-05-04T14:44:45.081,8.610,4.329,4.390,1.402
1714823085091,2024-05-04T14:44:45.091,8.620,7.256,6.220,2.012
1714823085101,2024-05-04T14:44:45.101,8.630,10.793,7.012,2.988
1714823085111,2024-05-04T14:44:45.111,8.640,11.890,7.683,4.085
1714823085121,2024-05-04T14:44:45.121,8.650,13.537,9.207,3.902
1714823085131,2024-05-04T14:44:45.131,8.660,16.951,9.695,2.866
1714823085141,2024-05-04T14:44:45.141,8.670,21.220,11.463,3.598
1714823085151,2024-05-04T14:44:45.151,8.680,25.183,14.207,4.207
1714823085161,2024-05-04T14:44:45.161,8.690,23.110,13.232,-1.524
1714823085171,2024-05-04T14:44:45.171,8.700,19.451,13.110,-3.049
1714823085181,2024-05-04T14:44:45.181,8.710,16.159,13.537,-2.500
1714823085191,2024-05-04T14:44:45.191,8.720,13.476,13.049,-3.963
1714823085201,2024-05-04T14:44:45.201,8.730,12.561,14.451,-6.037
1714823085211,2024-05-04T14:44:45.211,8.740,12.439,21.402,-7.622
1714823085221,2024-05-04T14:44:45.221,8.750,12.805,30.366,-10.122
1714823085231,2024-05-04T14:44:45.231,8.760,14.329,35.854,-11.707
1714823085241,2024-05-04T14:44:45.241,8.770,8.598,31.524,-13.598
1714823085251,2024-05-04T14:44:45.251,8.780,-5.549,15.610,-19.146
1714823085261,2024-05-04T14:44:45.261,8.790,-19.512,-4.024,-21.037
1714823085271,2024-05-04T14:44:45.271,8.800,-29.817,-20.244,-19.939
1714823085281,2024-05-04T14:44:45.281,8.810,-37.683,-28.415,-18.293
1714823085291,2024-05-04T14:44:45.291,8.820,-41.524,-26.280,-11.890
1714823085301,2024-05-04T14:44:45.301,8.830,-45.671,-16.890,-6.585
1714823085311,2024-05-04T14:44:45.311,8.840,-56.098,-4.634,-1.463
1714823085321,2024-05-04T14:44:45.321,8.850,-67.195,5.671,3.598
1714823085331,2024-05-04T14:44:45.331,8.860,-74.512,17.439,6.646
1714823085341,2024-05-04T14:44:45.341,8.870,-79.939,23.720,6.098
1714823085351,2024-05-04T14:44:45.351,8.880,-79.207,24.817,8.171
1714823085361,2024-05-04T14:44:45.361,8.890,-75.732,23.659,14.329
1714823085371,2024-05-04T14:44:45.371,8.900,-76.402,31.951,19.695
1714823085381,2024-05-04T14:44:45.381,8.910,-81.646,51.768,18.659
1714823085391,2024-05-04T14:44:45.391,8.920,-92.012,67.012,19.329
1714823085401,2024-05-04T14:44:45.401,8.930,-112.195,64.634,21.159
1714823085411,2024-05-04T14:44:45.411,8.940,-134.207,52.500,18.354
1714823085421,2024-05-04T14:44:45.421,8.950,-151.524,56.037,16.159
1714823085431,2024-05-04T14:44:45.431,8.960,-158.537,77.012,20.244
1714823085441,2024-05-04T14:44:45.441,8.970,-149.573,99.634,25.122
1714823085451,2024-05-04T14:44:45.451,8.980,-131.585,109.878,16.220
1714823085461,2024-05-04T14:44:45.461,8.990,-107.561,101.585,1.220
1714823085471,2024-05-04T14:44:45.471,9.000,-72.683,72.561,-3.659
1714823085481,2024-05-04T14:44:45.481,9.010,-31.463,30.244,-1.159
1714823085491,2024-05-04T14:44:45.491,9.020,4.390,-7.500,-1.585
1714823085501,2024-05-04T14:44:45.501,9.030,33.963,-25.915,-1.463
1714823085511,2024-05-04T14:44:45.511,9.040,58.415,-25.732,3.476
1714823085521,2024-05-04T14:44:45.521,9.050,76.098,-18.659,7.744
1714823085531,2024-05-04T14:44:45.531,9.060,80.549,-8.415,6.159
1714823085541,2024-05-04T14:44:45.541,9.070,73.415,2.012,1.098
1714823085551,2024-05-04T14:44:45.551,9.080,65.793,8.415,-3.537
1714823085561,2024-05-04T14:44:45.561,9.090,63.232,11.463,-6.585
1714823085571,2024-05-04T14:44:45.571,9.100,62.012,9.268,-8.476
1714823085581,2024-05-04T14:44:45.581,9.110,61.402,0.061,-9.756
1714823085591,2024-05-04T14:44:45.591,9.120,62.805,-18.049,-10.183
1714823085601,2024-05-04T14:44:45.601,9.130,63.780,-40.610,-10.488
1714823085611,2024-05-04T14:44:45.611,9.140,64.451,-58.902,-8.293
1714823085621,2024-05-04T14:44:45.621,9.150,62.744,-70.610,-4.939
1714823085631,2024-05-04T14:44:45.631,9.160,57.073,-76.402,-7.500
1714823085641,2024-05-04T14:44:45.641,9.170,51.402,-74.817,-11.707
1714823085651,2024-05-04T14:44:45.651,9.180,52.317,-67.439,-10.549
1714823085661,2024-05-04T14:44:45.661,9.190,54.451,-61.159,-5.305
1714823085671,2024-05-04T14:44:45.671,9.200,51.220,-60.122,-3.659
1714823085681,2024-05-04T14:44:45.681,9.210,43.537,-57.866,-4.024
1714823085691,2024-05-04T14:44:45.691,9.220,38.293,-49.939,-2.134
1714823085701,2024-05-04T14:44:45.701,9.230,37.256,-39.939,0.793
1714823085711,2024-05-04T14:44:45.711,9.240,36.280,-35.061,2.988
1714823085721,2024-05-04T14:44:45.721,9.250,30.610,-35.488,4.390
1714823085731,2024-05-04T14:44:45.731,9.260,22.805,-38.415,2.866
1714823085741,2024-05-04T14:44:45.741,9.270,17.561,-38.415,2.439
1714823085751,2024-05-04T14:44:45.751,9.280,19.756,-28.171,5.183
1714823085761,2024-05-04T14:44:45.761,9.290,25.671,-11.768,6.890
1714823085771,2024-05-04T14:44:45.771,9.300,29.756,-2.927,7.256
1714823085781,2024-05-04T14:44:45.781,9.310,25.854,-15.122,6.463
1714823085791,2024-05-04T14:44:45.791,9.320,18.780,-25.000,9.512
1714823085801,2024-05-04T14:44:45.801,9.330,18.780,-28.780,10.366
1714823085811,2024-05-04T14:44:45.811,9.340,17.195,-33.049,7.073
1714823085821,2024-05-04T14:44:45.821,9.350,11.280,-35.976,5.671
1714823085831,2024-05-04T14:44:45.831,9.360,7.378,-38.232,4.939
1714823085841,2024-05-04T14:44:45.841,9.370,5.488,-34.329,6.098
1714823085851,2024-05-04T14:44:45.851,9.380,4.451,-25.610,5.244
1714823085861,2024-05-04T14:44:45.861,9.390,5.366,-15.183,2.866
1714823085871,2024-05-04T14:44:45.871,9.400,8.171,-4.878,2.805
1714823085881,2024-05-04T14:44:45.881,9.410,8.171,-0.427,2.927
1714823085891,2024-05-04T14:44:45.891,9.420,4.573,-1.463,2.744
1714823085901,2024-05-04T14:44:45.901,9.430,0.976,-6.341,2.073
1714823085911,2024-05-04T14:44:45.911,9.440,-0.305,-11.890,2.256
1714823085921,2024-05-04T14:44:45.921,9.450,1.646,-12.378,2.744
1714823085931,2024-05-04T14:44:45.931,9.460,5.183,-8.415,1.463
1714823085941,2024-05-04T14:44:45.941,9.470,7.561,-2.744,1.159
1714823085951,2024-05-04T14:44:45.951,9.480,5.610,2.134,0.122
1714823085961,2024-05-04T14:44:45.961,9.490,0.793,5.366,-2.622
1714823085971,2024-05-04T14:44:45.971,9.500,-0.976,5.488,-3.537
1714823085981,2024-05-04T14:44:45.981,9.510,-0.915,2.683,-1.646
1714823085991,2024-05-04T14:44:45.991,9.520,0.061,2.866,0.488
1714823086001,2024-05-04T14:44:46.001,9.530,3.659,4.634,0.366
1714823086011,2024-05-04T14:44:46.011,9.540,7.378,5.793,-0.183
1714823086021,2024-05-04T14:44:46.021,9.550,7.195,5.915,-0.061
1714823086031,2024-05-04T14:44:46.031,9.560,2.805,5.793,-0.915
1714823086041,2024-05-04T14:44:46.041,9.570,-1.768,4.268,-1.707
1714823086051,2024-05-04T14:44:46.051,9.580,-2.256,1.341,-0.610
1714823086061,2024-05-04T14:44:46.061,9.590,0.244,-1.829,0.854
1714823086071,2024-05-04T14:44:46.071,9.600,2.073,-3.476,0.915
1714823086081,2024-05-04T14:44:46.081,9.610,4.573,-1.646,0.671
1714823086091,2024-05-04T14:44:46.091,9.620,7.256,1.402,0.366
1714823086101,2024-05-04T14:44:46.101,9.630,10.000,4.512,0.793
1714823086111,2024-05-04T14:44:46.111,9.640,13.110,5.671,0.915
1714823086121,2024-05-04T14:44:46.121,9.650,13.354,4.390,0.488
1714823086131,2024-05-04T14:44:46.131,9.660,12.073,4.146,1.280
1714823086141,2024-05-04T14:44:46.141,9.670,12.134,8.598,1.463
1714823086151,2024-05-04T14:44:46.151,9.680,13.354,16.463,0.488
1714823086161,2024-05-04T14:44:46.161,9.690,16.220,25.366,0.305
1714823086171,2024-05-04T14:44:46.171,9.700,20.427,35.061,1.220
1714823086181,2024-05-04T14:44:46.181,9.710,23.354,40.915,1.524
1714823086191,2024-05-04T14:44:46.191,9.720,22.500,35.854,-2.256
1714823086201,2024-05-04T14:44:46.201,9.730,17.988,23.537,-3.841
1714823086211,2024-05-04T14:44:46.211,9.740,14.451,11.524,-2.073
1714823086221,2024-05-04T14:44:46.221,9.750,12.439,1.524,-1.402
1714823086231,2024-05-04T14:44:46.231,9.760,9.573,-3.354,-1.646
1714823086241,2024-05-04T14:44:46.241,9.770,7.927,-3.049,-0.915
1714823086251,2024-05-04T14:44:46.251,9.780,9.817,-3.659,0.366
1714823086261,2024-05-04T14:44:46.261,9.790,10.061,-9.329,-0.244
1714823086271,2024-05-04T14:44:46.271,9.800,5.854,-16.098,-2.500
1714823086281,2024-05-04T14:44:46.281,9.810,-0.244,-18.841,-4.817
1714823086291,2024-05-04T14:44:46.291,9.820,-2.195,-13.415,-6.159
1714823086301,2024-05-04T14:44:46.301,9.830,-1.341,-3.415,-6.768
1714823086311,2024-05-04T14:44:46.311,9.840,-2.622,3.232,-7.927
1714823086321,2024-05-04T14:44:46.321,9.850,-6.037,5.732,-9.390
1714823086331,2024-05-04T14:44:46.331,9.860,-9.085,7.805,-11.646
1714823086341,2024-05-04T14:44:46.341,9.870,-12.012,9.878,-14.756
1714823086351,2024-05-04T14:44:46.351,9.880,-15.122,9.878,-16.707
1714823086361,2024-05-04T14:44:46.361,9.890,-17.927,3.841,-17.622
1714823086371,2024-05-04T14:44:46.371,9.900,-24.146,-4.268,-17.561
1714823086381,2024-05-04T14:44:46.381,9.910,-32.927,-7.622,-16.707
1714823086391,2024-05-04T14:44:46.391,9.920,-40.305,-5.732,-15.061
1714823086401,2024-05-04T14:44:46.401,9.930,-45.244,-2.439,-12.073
1714823086411,2024-05-04T14:44:46.411,9.940,-47.866,-0.671,-6.707
1714823086421,2024-05-04T14:44:46.421,9.950,-50.915,2.378,-1.707
1714823086431,2024-05-04T14:44:46.431,9.960,-56.098,4.756,2.073
1714823086441,2024-05-04T14:44:46.441,9.970,-64.451,1.585,8.049
1714823086451,2024-05-04T14:44:46.451,9.980,-76.524,-1.098,13.963
1714823086461,2024-05-04T14:44:46.461,9.990,-88.293,4.756,20.000
1714823086471,2024-05-04T14:44:46.471,10.000,-99.573,19.512,25.488
1714823086481,2024-05-04T14:44:46.481,10.010,-115.610,35.976,28.598
1714823086491,2024-05-04T14:44:46.491,10.020,-137.500,53.598,27.134
1714823086501,2024-05-04T14:44:46.501,10.030,-157.561,66.220,17.988
1714823086511,2024-05-04T14:44:46.511,10.040,-177.500,64.939,12.866
1714823086521,2024-05-04T14:44:46.521,10.050,-192.927,56.707,20.732
1714823086531,2024-05-04T14:44:46.531,10.060,-193.415,74.329,38.780
1714823086541,2024-05-04T14:44:46.541,10.070,-172.500,114.146,32.622
1714823086551,2024-05-04T14:44:46.551,10.080,-128.232,122.622,1.098
1714823086561,2024-05-04T14:44:46.561,10.090,-76.829,83.293,3.659
1714823086571,2024-05-04T14:44:46.571,10.100,-24.146,6.402,8.537
1714823086581,2024-05-04T14:44:46.581,10.110,13.232,-65.549,0.488
1714823086591,2024-05-04T14:44:46.591,10.120,36.707,-105.671,1.463
1714823086601,2024-05-04T14:44:46.601,10.130,52.134,-125.000,3.354
1714823086611,2024-05-04T14:44:46.611,10.140,61.341,-134.512,1.220
1714823086621,2024-05-04T14:44:46.621,10.150,64.756,-130.427,-1.098
1714823086631,2024-05-04T14:44:46.631,10.160,65.488,-111.159,-2.805
1714823086641,2024-05-04T14:44:46.641,10.170,64.207,-79.756,-5.549
1714823086651,2024-05-04T14:44:46.651,10.180,60.671,-42.012,-7.012
1714823086661,2024-05-04T14:44:46.661,10.190,58.659,-3.902,-9.024
1714823086671,2024-05-04T14:44:46.671,10.200,55.854,27.805,-12.378
1714823086681,2024-05-04T14:44:46.681,10.210,55.366,46.646,-13.110
1714823086691,2024-05-04T14:44:46.691,10.220,59.695,52.683,-11.524
1714823086701,2024-05-04T14:44:46.701,10.230,65.000,47.500,-8.902
1714823086711,2024-05-04T14:44:46.711,10.240,65.427,34.207,-7.195
1714823086721,2024-05-04T14:44:46.721,10.250,63.841,19.024,-5.732
1714823086731,2024-05-04T14:44:46.731,10.260,64.756,8.110,-3.902
1714823086741,2024-05-04T14:44:46.741,10.270,68.354,1.585,-1.341
1714823086751,2024-05-04T14:44:46.751,10.280,72.439,-2.805,1.280
1714823086761,2024-05-04T14:44:46.761,10.290,73.598,-8.293,3.293
1714823086771,2024-05-04T14:44:46.771,10.300,72.134,-18.476,2.012
1714823086781,2024-05-04T14:44:46.781,10.310,69.939,-27.744,0.244
1714823086791,2024-05-04T14:44:46.791,10.320,68.049,-34.939,1.341
1714823086801,2024-05-04T14:44:46.801,10.330,63.415,-42.134,1.890
1714823086811,2024-05-04T14:44:46.811,10.340,57.195,-46.646,-0.793
1714823086821,2024-05-04T14:44:46.821,10.350,52.744,-44.024,-2.866
1714823086831,2024-05-04T14:44:46.831,10.360,53.780,-37.256,-1.829
1714823086841,2024-05-04T14:44:46.841,10.370,57.866,-32.561,-0.976
1714823086851,2024-05-04T14:44:46.851,10.380,58.110,-26.280,-2.378
1714823086861,2024-05-04T14:44:46.861,10.390,53.720,-16.341,-3.171
1714823086871,2024-05-04T14:44:46.871,10.400,45.244,-5.122,-5.000
1714823086881,2024-05-04T14:44:46.881,10.410,39.268,7.012,-5.671
1714823086891,2024-05-04T14:44:46.891,10.420,36.646,17.866,-5.976
1714823086901,2024-05-04T14:44:46.901,10.430,35.610,24.268,-4.329
1714823086911,2024-05-04T14:44:46.911,10.440,36.159,27.317,0.000
1714823086921,2024-05-04T14:44:46.921,10.450,35.549,23.232,1.463
1714823086931,2024-05-04T14:44:46.931,10.460,29.817,9.146,0.610
1714823086941,2024-05-04T14:44:46.941,10.470,24.634,-1.951,1.524
1714823086951,2024-05-04T14:44:46.951,10.480,21.585,1.646,5.854
1714823086961,2024-05-04T14:44:46.961,10.490,12.805,14.390,6.463
1714823086971,2024-05-04T14:44:46.971,10.500,-1.524,26.280,0.854
1714823086981,2024-05-04T14:44:46.981,10.510,-11.280,41.890,-5.427
1714823086991,2024-05-04T14:44:46.991,10.520,-13.598,55.549,-7.378
1714823087001,2024-05-04T14:44:47.001,10.530,-16.220,61.890,-4.451
1714823087011,2024-05-04T14:44:47.011,10.540,-21.829,56.402,2.805
1714823087021,2024-05-04T14:44:47.021,10.550,-21.037,40.610,5.793
1714823087031,2024-05-04T14:44:47.031,10.560,-14.451,5.000,2.622
1714823087041,2024-05-04T14:44:47.041,10.570,-15.488,-43.232,1.768
1714823087051,2024-05-04T14:44:47.051,10.580,-17.195,-74.085,5.671
1714823087061,2024-05-04T14:44:47.061,10.590,-12.622,-70.976,4.451
1714823087071,2024-05-04T14:44:47.071,10.600,-3.293,-44.512,1.159
1714823087081,2024-05-04T14:44:47.081,10.610,5.549,-16.402,0.915
1714823087091,2024-05-04T14:44:47.091,10.620,5.732,-0.671,0.366
1714823087101,2024-05-04T14:44:47.101,10.630,-1.951,6.890,-0.610
1714823087111,2024-05-04T14:44:47.111,10.640,-5.305,18.293,-2.500
1714823087121,2024-05-04T14:44:47.121,10.650,-2.134,32.439,-4.146
1714823087131,2024-05-04T14:44:47.131,10.660,2.744,43.476,-4.756
1714823087141,2024-05-04T14:44:47.141,10.670,3.963,46.829,-4.939
1714823087151,2024-05-04T14:44:47.151,10.680,1.890,42.500,-4.451
1714823087161,2024-05-04T14:44:47.161,10.690,-0.793,30.427,-4.695
1714823087171,2024-05-04T14:44:47.171,10.700,-3.232,14.634,-3.720
1714823087181,2024-05-04T14:44:47.181,10.710,-4.451,-0.122,-2.317
1714823087191,2024-05-04T14:44:47.191,10.720,-3.049,-8.963,-0.366
1714823087201,2024-05-04T14:44:47.201,10.730,0.183,-11.159,1.524
1714823087211,2024-05-04T14:44:47.211,10.740,1.890,-9.695,2.134
1714823087221,2024-05-04T14:44:47.221,10.750,1.098,-7.073,2.012
1714823087231,2024-05-04T14:44:47.231,10.760,-0.549,-3.659,1.280
1714823087241,2024-05-04T14:44:47.241,10.770,-0.610,0.366,0.671
1714823087251,2024-05-04T14:44:47.251,10.780,0.366,3.049,0.244
1714823087261,2024-05-04T14:44:47.261,10.790,2.256,4.268,0.366
1714823087271,2024-05-04T14:44:47.271,10.800,3.537,3.598,0.732
1714823087281,2024-05-04T14:44:47.281,10.810,3.537,2.378,0.854
1714823087291,2024-05-04T14:44:47.291,10.820,4.268,0.854,1.037
1714823087301,2024-05-04T14:44:47.301,10.830,7.683,-1.159,2.622
1714823087311,2024-05-04T14:44:47.311,10.840,11.890,-4.085,4.695
1714823087321,2024-05-04T14:44:47.321,10.850,16.402,-6.890,6.768
1714823087331,2024-05-04T14:44:47.331,10.860,19.512,-8.659,7.561
1714823087341,2024-05-04T14:44:47.341,10.870,23.537,-8.841,8.415
1714823087351,2024-05-04T14:44:47.351,10.880,26.159,-9.207,6.585
1714823087361,2024-05-04T14:44:47.361,10.890,26.341,-6.951,6.037
1714823087371,2024-05-04T14:44:47.371,10.900,27.256,0.366,7.744
1714823087381,2024-05-04T14:44:47.381,10.910,29.817,2.866,2.073
1714823087391,2024-05-04T14:44:47.391,10.920,30.793,-0.061,-2.927
1714823087401,2024-05-04T14:44:47.401,10.930,27.073,5.305,-3.659
1714823087411,2024-05-04T14:44:47.411,10.940,24.390,25.244,-5.244
1714823087421,2024-05-04T14:44:47.421,10.950,24.390,54.512,-8.963
1714823087431,2024-05-04T14:44:47.431,10.960,26.768,78.476,-11.829
1714823087441,2024-05-04T14:44:47.441,10.970,28.720,82.988,-11.159
1714823087451,2024-05-04T14:44:47.451,10.980,22.927,68.354,-8.659
1714823087461,2024-05-04T14:44:47.461,10.990,7.134,43.415,-7.988
1714823087471,2024-05-04T14:44:47.471,11.000,-8.537,19.146,-7.683
1714823087481,2024-05-04T14:44:47.481,11.010,-18.598,0.549,-7.744
1714823087491,2024-05-04T14:44:47.491,11.020,-28.841,-15.000,-6.524
1714823087501,2024-05-04T14:44:47.501,11.030,-40.976,-27.561,-0.061
1714823087511,2024-05-04T14:44:47.511,11.040,-57.317,-36.585,4.207
1714823087521,2024-05-04T14:44:47.521,11.050,-72.012,-44.817,8.232
1714823087531,2024-05-04T14:44:47.531,11.060,-83.659,-47.500,9.390
1714823087541,2024-05-04T14:44:47.541,11.070,-92.256,-36.646,2.073
1714823087551,2024-05-04T14:44:47.551,11.080,-96.646,-10.427,-3.963
1714823087561,2024-05-04T14:44:47.561,11.090,-102.866,28.293,-1.890
1714823087571,2024-05-04T14:44:47.571,11.100,-115.854,64.268,-3.537
1714823087581,2024-05-04T14:44:47.581,11.110,-134.878,89.512,-10.732
1714823087591,2024-05-04T14:44:47.591,11.120,-152.012,91.890,-21.341
1714823087601,2024-05-04T14:44:47.601,11.130,-159.817,66.890,-31.585
1714823087611,2024-05-04T14:44:47.611,11.140,-148.780,45.305,-21.829
1714823087621,2024-05-04T14:44:47.621,11.150,-131.768,43.476,-5.915
1714823087631,2024-05-04T14:44:47.631,11.160,-122.622,59.146,5.976
1714823087641,2024-05-04T14:44:47.641,11.170,-122.866,72.134,11.646
1714823087651,2024-05-04T14:44:47.651,11.180,-114.390,77.378,4.024
1714823087661,2024-05-04T14:44:47.661,11.190,-86.098,76.829,-4.268
1714823087671,2024-05-04T14:44:47.671,11.200,-51.707,67.195,-1.280
1714823087681,2024-05-04T14:44:47.681,11.210,-17.805,51.463,10.061
1714823087691,2024-05-04T14:44:47.691,11.220,17.805,38.232,19.756
1714823087701,2024-05-04T14:44:47.701,11.230,50.244,34.024,26.585
1714823087711,2024-05-04T14:44:47.711,11.240,68.841,35.000,29.512
1714823087721,2024-05-04T14:44:47.721,11.250,73.598,34.390,26.829
1714823087731,2024-05-04T14:44:47.731,11.260,68.780,29.390,20.427
1714823087741,2024-05-04T14:44:47.741,11.270,61.098,22.256,14.268
1714823087751,2024-05-04T14:44:47.751,11.280,56.463,17.317,8.963
1714823087761,2024-05-04T14:44:47.761,11.290,55.610,12.683,6.463
1714823087771,2024-05-04T14:44:47.771,11.300,53.720,4.268,5.000
1714823087781,2024-05-04T14:44:47.781,11.310,51.585,-7.805,4.146
1714823087791,2024-05-04T14:44:47.791,11.320,50.793,-18.110,2.622
1714823087801,2024-05-04T14:44:47.801,11.330,47.805,-26.890,1.585
1714823087811,2024-05-04T14:44:47.811,11.340,47.195,-35.366,0.915
1714823087821,2024-05-04T14:44:47.821,11.350,50.183,-44.878,0.366
1714823087831,2024-05-04T14:44:47.831,11.360,54.146,-53.720,0.488
1714823087841,2024-05-04T14:44:47.841,11.370,56.280,-58.415,1.280
1714823087851,2024-05-04T14:44:47.851,11.380,55.244,-60.549,2.683
1714823087861,2024-05-04T14:44:47.861,11.390,53.902,-61.037,3.841
1714823087871,2024-05-04T14:44:47.871,11.400,54.695,-59.024,6.707
1714823087881,2024-05-04T14:44:47.881,11.410,54.695,-58.537,6.829
1714823087891,2024-05-04T14:44:47.891,11.420,52.988,-57.500,3.232
1714823087901,2024-05-04T14:44:47.901,11.430,52.805,-54.817,0.488
1714823087911,2024-05-04T14:44:47.911,11.440,51.037,-52.073,-0.183
1714823087921,2024-05-04T14:44:47.921,11.450,45.976,-48.171,-1.037
1714823087931,2024-05-04T14:44:47.931,11.460,40.854,-38.537,0.183
1714823087941,2024-05-04T14:44:47.941,11.470,39.573,-25.488,2.073
1714823087951,2024-05-04T14:44:47.951,11.480,40.915,-18.232,2.378
1714823087961,2024-05-04T14:44:47.961,11.490,39.817,-22.805,4.207
1714823087971,2024-05-04T14:44:47.971,11.500,33.963,-34.451,5.000
1714823087981,2024-05-04T14:44:47.981,11.510,25.915,-43.720,3.110
1714823087991,2024-05-04T14:44:47.991,11.520,19.756,-44.695,2.927
1714823088001,2024-05-04T14:44:48.001,11.530,18.902,-36.098,3.598
1714823088011,2024-05-04T14:44:48.011,11.540,21.159,-28.902,2.134
1714823088021,2024-05-04T14:44:48.021,11.550,22.805,-19.634,3.476
1714823088031,2024-05-04T14:44:48.031,11.560,20.549,-7.012,5.488
1714823088041,2024-05-04T14:44:48.041,11.570,15.549,6.159,2.317
1714823088051,2024-05-04T14:44:48.051,11.580,10.671,14.695,0.488
1714823088061,2024-05-04T14:44:48.061,11.590,7.195,11.951,-1.098
1714823088071,2024-05-04T14:44:48.071,11.600,4.695,2.744,-1.524
1714823088081,2024-05-04T14:44:48.081,11.610,4.268,-7.927,-0.610
1714823088091,2024-05-04T14:44:48.091,11.620,5.549,-20.305,0.000
1714823088101,2024-05-04T14:44:48.101,11.630,3.415,-34.390,2.012
1714823088111,2024-05-04T14:44:48.111,11.640,-0.671,-45.427,3.841
1714823088121,2024-05-04T14:44:48.121,11.650,-2.195,-48.171,3.780
1714823088131,2024-05-04T14:44:48.131,11.660,-1.220,-41.951,3.537
1714823088141,2024-05-04T14:44:48.141,11.670,0.854,-29.939,2.317
1714823088151,2024-05-04T14:44:48.151,11.680,3.110,-16.951,-0.183
1714823088161,2024-05-04T14:44:48.161,11.690,4.512,-5.122,-1.037
1714823088171,2024-05-04T14:44:48.171,11.700,4.085,2.500,-0.549
1714823088181,2024-05-04T14:44:48.181,11.710,0.244,4.451,-0.915
1714823088191,2024-05-04T14:44:48.191,11.720,-2.927,3.963,-0.427
1714823088201,2024-05-04T14:44:48.201,11.730,-1.646,1.159,-0.183
1714823088211,2024-05-04T14:44:48.211,11.740,0.610,-4.024,-0.732
1714823088221,2024-05-04T14:44:48.221,11.750,2.683,-6.646,0.183
1714823088231,2024-05-04T14:44:48.231,11.760,3.110,-5.976,0.244
1714823088241,2024-05-04T14:44:48.241,11.770,1.341,-3.963,-0.732
1714823088251,2024-05-04T14:44:48.251,11.780,-0.671,-2.012,-1.098
1714823088261,2024-05-04T14:44:48.261,11.790,-1.646,-1.402,-1.463
1714823088271,2024-05-04T14:44:48.271,11.800,-1.280,-0.793,-1.402
1714823088281,2024-05-04T14:44:48.281,11.810,-0.183,0.244,-0.671
1714823088291,2024-05-04T14:44:48.291,11.820,0.671,0.854,-0.549
1714823088301,2024-05-04T14:44:48.301,11.830,1.402,0.671,-0.488
1714823088311,2024-05-04T14:44:48.311,11.840,1.463,-0.122,-0.793
1714823088321,2024-05-04T14:44:48.321,11.850,0.732,-1.037,-1.220
1714823088331,2024-05-04T14:44:48.331,11.860,0.366,-0.854,-1.585
1714823088341,2024-05-04T14:44:48.341,11.870,1.280,0.610,-1.341
1714823088351,2024-05-04T14:44:48.351,11.880,3.049,3.354,-0.671
1714823088361,2024-05-04T14:44:48.361,11.890,5.427,6.646,0.000
1714823088371,2024-05-04T14:44:48.371,11.900,8.537,8.720,0.915
1714823088381,2024-05-04T14:44:48.381,11.910,10.366,8.598,2.012
1714823088391,2024-05-04T14:44:48.391,11.920,10.915,6.159,2.195
1714823088401,2024-05-04T14:44:48.401,11.930,11.646,2.927,2.500
1714823088411,2024-05-04T14:44:48.411,11.940,10.244,-0.915,2.683
1714823088421,2024-05-04T14:44:48.421,11.950,10.610,-1.280,4.268
1714823088431,2024-05-04T14:44:48.431,11.960,12.561,3.659,4.207
1714823088441,2024-05-04T14:44:48.441,11.970,14.085,9.146,3.354
1714823088451,2024-05-04T14:44:48.451,11.980,16.159,17.195,2.622
1714823088461,2024-05-04T14:44:48.461,11.990,17.683,26.524,0.488
1714823088471,2024-05-04T14:44:48.471,12.000,16.037,32.744,0.000
1714823088481,2024-05-04T14:44:48.481,12.010,10.854,30.915,-1.098
1714823088491,2024-05-04T14:44:48.491,12.020,7.500,22.561,-4.817
1714823088501,2024-05-04T14:44:48.501,12.030,7.805,7.378,-5.061
1714823088511,2024-05-04T14:44:48.511,12.040,4.024,-11.159,-3.293
1714823088521,2024-05-04T14:44:48.521,12.050,-5.976,-24.024,-3.598
1714823088531,2024-05-04T14:44:48.531,12.060,-14.695,-30.732,-6.402
1714823088541,2024-05-04T14:44:48.541,12.070,-22.622,-36.768,-9.085
1714823088551,2024-05-04T14:44:48.551,12.080,-30.427,-42.561,-8.171
1714823088561,2024-05-04T14:44:48.561,12.090,-39.939,-44.024,-5.427
1714823088571,2024-05-04T14:44:48.571,12.100,-51.159,-37.805,-4.451
1714823088581,2024-05-04T14:44:48.581,12.110,-60.549,-23.415,-1.707
1714823088591,2024-05-04T14:44:48.591,12.120,-67.927,-1.524,4.878
1714823088601,2024-05-04T14:44:48.601,12.130,-73.963,21.951,7.805
1714823088611,2024-05-04T14:44:48.611,12.140,-79.085,37.622,6.098
1714823088621,2024-05-04T14:44:48.621,12.150,-88.293,53.232,5.610
1714823088631,2024-05-04T14:44:48.631,12.160,-100.915,78.780,5.854
1714823088641,2024-05-04T14:44:48.641,12.170,-108.049,114.146,2.073
1714823088651,2024-05-04T14:44:48.651,12.180,-106.707,153.659,0.183
1714823088661,2024-05-04T14:44:48.661,12.190,-105.793,181.951,-1.951
1714823088671,2024-05-04T14:44:48.671,12.200,-111.707,189.573,-8.415
1714823088681,2024-05-04T14:44:48.681,12.210,-120.488,178.415,-16.707
1714823088691,2024-05-04T14:44:48.691,12.220,-133.841,157.378,-18.841
1714823088701,2024-05-04T14:44:48.701,12.230,-152.256,128.476,-15.366
1714823088711,2024-05-04T14:44:48.711,12.240,-161.159,97.988,-9.878
1714823088721,2024-05-04T14:44:48.721,12.250,-151.220,81.768,3.171
1714823088731,2024-05-04T14:44:48.731,12.260,-137.683,94.390,18.293
1714823088741,2024-05-04T14:44:48.741,12.270,-125.549,113.780,18.110
1714823088751,2024-05-04T14:44:48.751,12.280,-104.329,112.317,3.963
1714823088761,2024-05-04T14:44:48.761,12.290,-72.561,84.085,0.976
1714823088771,2024-05-04T14:44:48.771,12.300,-42.683,47.439,3.720
1714823088781,2024-05-04T14:44:48.781,12.310,-22.622,20.122,3.354
1714823088791,2024-05-04T14:44:48.791,12.320,-7.012,2.683,7.927
1714823088801,2024-05-04T14:44:48.801,12.330,10.183,-6.098,15.915
1714823088811,2024-05-04T14:44:48.811,12.340,25.549,-6.890,18.293
1714823088821,2024-05-04T14:44:48.821,12.350,38.659,0.183,17.988
1714823088831,2024-05-04T14:44:48.831,12.360,48.171,16.098,16.585
1714823088841,2024-05-04T14:44:48.841,12.370,55.061,27.012,13.293
1714823088851,2024-05-04T14:44:48.851,12.380,59.817,25.366,11.829
1714823088861,2024-05-04T14:44:48.861,12.390,60.122,15.305,8.476
1714823088871,2024-05-04T14:44:48.871,12.400,59.878,1.707,5.549
1714823088881,2024-05-04T14:44:48.881,12.410,62.256,-12.195,4.024
1714823088891,2024-05-04T14:44:48.891,12.420,65.976,-27.134,2.134
1714823088901,2024-05-04T14:44:48.901,12.430,67.256,-40.061,0.976
1714823088911,2024-05-04T14:44:48.911,12.440,67.073,-52.927,1.280
1714823088921,2024-05-04T14:44:48.921,12.450,68.902,-66.402,-0.305
1714823088931,2024-05-04T14:44:48.931,12.460,72.744,-81.098,-1.768
1714823088941,2024-05-04T14:44:48.941,12.470,75.427,-96.341,-0.305
1714823088951,2024-05-04T14:44:48.951,12.480,75.183,-105.610,0.976
1714823088961,2024-05-04T14:44:48.961,12.490,73.598,-103.293,-2.195
1714823088971,2024-05-04T14:44:48.971,12.500,72.988,-90.244,-4.939
1714823088981,2024-05-04T14:44:48.981,12.510,71.707,-75.366,-3.354
1714823088991,2024-05-04T14:44:48.991,12.520,68.110,-63.110,-3.598
1714823089001,2024-05-04T14:44:49.001,12.530,65.549,-55.915,-4.573
1714823089011,2024-05-04T14:44:49.011,12.540,64.817,-54.634,-4.390
1714823089021,2024-05-04T14:44:49.021,12.550,65.183,-56.829,-3.354
1714823089031,2024-05-04T14:44:49.031,12.560,63.537,-61.829,-1.890
1714823089041,2024-05-04T14:44:49.041,12.570,57.622,-64.756,-1.098
1714823089051,2024-05-04T14:44:49.051,12.580,49.390,-60.488,-0.915
1714823089061,2024-05-04T14:44:49.061,12.590,43.171,-50.854,0.122
1714823089071,2024-05-04T14:44:49.071,12.600,40.610,-42.622,1.707
1714823089081,2024-05-04T14:44:49.081,12.610,38.841,-40.488,1.890
1714823089091,2024-05-04T14:44:49.091,12.620,37.134,-42.012,1.098
1714823089101,2024-05-04T14:44:49.101,12.630,35.244,-45.000,0.000
1714823089111,2024-05-04T14:44:49.111,12.640,33.415,-49.146,-1.890
1714823089121,2024-05-04T14:44:49.121,12.650,33.598,-50.183,-1.768
1714823089131,2024-05-04T14:44:49.131,12.660,31.220,-41.829,0.610
1714823089141,2024-05-04T14:44:49.141,12.670,25.061,-24.024,0.732
1714823089151,2024-05-04T14:44:49.151,12.680,22.622,-0.061,2.561
1714823089161,2024-05-04T14:44:49.161,12.690,21.037,14.085,2.988
1714823089171,2024-05-04T14:44:49.171,12.700,17.317,10.915,1.646
1714823089181,2024-05-04T14:44:49.181,12.710,12.012,0.976,2.622
1714823089191,2024-05-04T14:44:49.191,12.720,8.171,-4.390,2.195
1714823089201,2024-05-04T14:44:49.201,12.730,7.866,-5.061,0.854
1714823089211,2024-05-04T14:44:49.211,12.740,7.378,-6.098,0.183
1714823089221,2024-05-04T14:44:49.221,12.750,4.878,-7.378,1.037
1714823089231,2024-05-04T14:44:49.231,12.760,2.134,-5.976,2.378
1714823089241,2024-05-04T14:44:49.241,12.770,0.610,-3.659,2.988
1714823089251,2024-05-04T14:44:49.251,12.780,1.098,-3.537,3.415
1714823089261,2024-05-04T14:44:49.261,12.790,0.732,-6.463,3.232
1714823089271,2024-05-04T14:44:49.271,12.800,0.732,-9.390,2.134
1714823089281,2024-05-04T14:44:49.281,12.810,2.683,-10.854,0.549
1714823089291,2024-05-04T14:44:49.291,12.820,4.085,-11.159,-0.549
1714823089301,2024-05-04T14:44:49.301,12.830,2.988,-8.780,-1.341
1714823089311,2024-05-04T14:44:49.311,12.840,1.341,-3.720,-2.256
1714823089321,2024-05-04T14:44:49.321,12.850,0.488,0.732,-2.683
1714823089331,2024-05-04T14:44:49.331,12.860,0.244,2.500,-2.866
1714823089341,2024-05-04T14:44:49.341,12.870,0.488,2.439,-2.866
1714823089351,2024-05-04T14:44:49.351,12.880,2.317,3.720,-2.744
1714823089361,2024-05-04T14:44:49.361,12.890,5.610,5.305,-2.683
1714823089371,2024-05-04T14:44:49.371,12.900,7.378,3.659,-2.744
1714823089381,2024-05-04T14:44:49.381,12.910,6.341,-0.305,-2.683
1714823089391,2024-05-04T14:44:49.391,12.920,4.573,-3.476,-2.622
1714823089401,2024-05-04T14:44:49.401,12.930,4.939,-3.963,-2.744
1714823089411,2024-05-04T14:44:49.411,12.940,6.829,-2.500,-1.890
1714823089421,2024-05-04T14:44:49.421,12.950,9.451,-0.183,-0.488
1714823089431,2024-05-04T14:44:49.431,12.960,11.707,1.220,0.244
1714823089441,2024-05-04T14:44:49.441,12.970,13.841,1.829,0.854
1714823089451,2024-05-04T14:44:49.451,12.980,14.207,2.073,1.159
1714823089461,2024-05-04T14:44:49.461,12.990,13.171,2.866,0.549
1714823089471,2024-05-04T14:44:49.471,13.000,12.134,3.232,0.366
1714823089481,2024-05-04T14:44:49.481,13.010,10.305,3.171,-0.061
1714823089491,2024-05-04T14:44:49.491,13.020,10.915,4.085,0.000
1714823089501,2024-05-04T14:44:49.501,13.030,14.512,4.573,0.488
1714823089511,2024-05-04T14:44:49.511,13.040,16.524,3.780,0.610
1714823089521,2024-05-04T14:44:49.521,13.050,14.512,4.451,-0.366
1714823089531,2024-05-04T14:44:49.531,13.060,13.720,8.598,-1.159
1714823089541,2024-05-04T14:44:49.541,13.070,15.793,17.561,-2.561
1714823089551,2024-05-04T14:44:49.551,13.080,17.927,28.598,-3.841
1714823089561,2024-05-04T14:44:49.561,13.090,17.195,35.854,-5.244
1714823089571,2024-05-04T14:44:49.571,13.100,16.280,39.634,-3.902
1714823089581,2024-05-04T14:44:49.581,13.110,13.293,43.476,-2.622
1714823089591,2024-05-04T14:44:49.591,13.120,7.988,45.488,-3.171
1714823089601,2024-05-04T14:44:49.601,13.130,3.902,40.915,-3.354
1714823089611,2024-05-04T14:44:49.611,13.140,0.854,27.744,-1.951
1714823089621,2024-05-04T14:44:49.621,13.150,-4.756,12.256,-0.488
1714823089631,2024-05-04T14:44:49.631,13.160,-10.183,3.963,1.707
1714823089641,2024-05-04T14:44:49.641,13.170,-13.659,4.634,2.073
1714823089651,2024-05-04T14:44:49.651,13.180,-19.268,5.427,2.256
1714823089661,2024-05-04T14:44:49.661,13.190,-32.561,-2.256,2.866
1714823089671,2024-05-04T14:44:49.671,13.200,-47.805,-14.024,5.244
1714823089681,2024-05-04T14:44:49.681,13.210,-57.805,-20.061,7.988
1714823089691,2024-05-04T14:44:49.691,13.220,-63.720,-22.744,8.476
1714823089701,2024-05-04T14:44:49.701,13.230,-67.256,-25.854,12.683
1714823089711,2024-05-04T14:44:49.711,13.240,-72.256,-22.134,15.915
1714823089721,2024-05-04T14:44:49.721,13.250,-80.122,-9.512,17.622
1714823089731,2024-05-04T14:44:49.731,13.260,-89.634,6.280,20.915
1714823089741,2024-05-04T14:44:49.741,13.270,-99.024,25.976,21.098
1714823089751,2024-05-04T14:44:49.751,13.280,-104.634,51.707,16.220
1714823089761,2024-05-04T14:44:49.761,13.290,-109.512,79.207,10.732
1714823089771,2024-05-04T14:44:49.771,13.300,-116.402,103.598,6.768
1714823089781,2024-05-04T14:44:49.781,13.310,-124.695,125.366,0.976
1714823089791,2024-05-04T14:44:49.791,13.320,-135.976,146.585,-7.805
1714823089801,2024-05-04T14:44:49.801,13.330,-151.951,156.280,-13.171
1714823089811,2024-05-04T14:44:49.811,13.340,-170.305,140.427,-16.890
1714823089821,2024-05-04T14:44:49.821,13.350,-177.622,117.195,-9.817
1714823089831,2024-05-04T14:44:49.831,13.360,-164.329,101.280,7.073
1714823089841,2024-05-04T14:44:49.841,13.370,-136.524,87.988,5.122
1714823089851,2024-05-04T14:44:49.851,13.380,-94.512,65.061,-0.854
1714823089861,2024-05-04T14:44:49.861,13.390,-46.280,26.585,12.073
1714823089871,2024-05-04T14:44:49.871,13.400,-7.073,-14.878,22.317
1714823089881,2024-05-04T14:44:49.881,13.410,23.354,-40.427,23.232
1714823089891,2024-05-04T14:44:49.891,13.420,46.463,-49.024,22.378
1714823089901,2024-05-04T14:44:49.901,13.430,58.659,-47.317,19.573
1714823089911,2024-05-04T14:44:49.911,13.440,61.585,-35.183,12.744
1714823089921,2024-05-04T14:44:49.921,13.450,60.000,-19.085,5.671
1714823089931,2024-05-04T14:44:49.931,13.460,56.890,-4.573,2.378
1714823089941,2024-05-04T14:44:49.941,13.470,55.000,7.805,0.061
1714823089951,2024-05-04T14:44:49.951,13.480,54.024,15.671,-0.366
1714823089961,2024-05-04T14:44:49.961,13.490,52.439,17.805,-0.183
1714823089971,2024-05-04T14:44:49.971,13.500,52.866,11.220,-2.256
1714823089981,2024-05-04T14:44:49.981,13.510,56.524,-0.488,-4.695
1714823089991,2024-05-04T14:44:49.991,13.520,59.268,-14.756,-1.890
1714823090001,2024-05-04T14:44:50.001,13.530,60.000,-31.280,1.037
1714823090011,2024-05-04T14:44:50.011,13.540,58.963,-47.012,-0.183
1714823090021,2024-05-04T14:44:50.021,13.550,59.085,-61.829,-0.610
1714823090031,2024-05-04T14:44:50.031,13.560,62.439,-75.244,0.976
1714823090041,2024-05-04T14:44:50.041,13.570,65.183,-82.866,0.549
1714823090051,2024-05-04T14:44:50.051,13.580,68.902,-81.768,-1.707
1714823090061,2024-05-04T14:44:50.061,13.590,73.110,-76.280,-2.195
1714823090071,2024-05-04T14:44:50.071,13.600,75.000,-71.220,-0.305
1714823090081,2024-05-04T14:44:50.081,13.610,73.659,-67.439,-2.622
1714823090091,2024-05-04T14:44:50.091,13.620,70.488,-64.512,-7.805
1714823090101,2024-05-04T14:44:50.101,13.630,65.915,-60.732,-9.634
1714823090111,2024-05-04T14:44:50.111,13.640,59.817,-51.402,-8.902
1714823090121,2024-05-04T14:44:50.121,13.650,55.793,-41.890,-11.159
1714823090131,2024-05-04T14:44:50.131,13.660,57.378,-38.232,-13.415
1714823090141,2024-05-04T14:44:50.141,13.670,62.683,-45.671,-10.427
1714823090151,2024-05-04T14:44:50.151,13.680,62.256,-60.671,-7.744
1714823090161,2024-05-04T14:44:50.161,13.690,53.841,-68.720,-8.537
1714823090171,2024-05-04T14:44:50.171,13.700,46.768,-61.707,-8.841
1714823090181,2024-05-04T14:44:50.181,13.710,42.927,-47.256,-8.415
1714823090191,2024-05-04T14:44:50.191,13.720,38.293,-35.305,-6.402
1714823090201,2024-05-04T14:44:50.201,13.730,32.622,-27.195,-4.146
1714823090211,2024-05-04T14:44:50.211,13.740,27.561,-19.207,-4.146
1714823090221,2024-05-04T14:44:50.221,13.750,25.427,-8.354,-5.427
1714823090231,2024-05-04T14:44:50.231,13.760,26.890,3.354,-6.707
1714823090241,2024-05-04T14:44:50.241,13.770,26.890,9.695,-6.463
1714823090251,2024-05-04T14:44:50.251,13.780,21.524,9.573,-6.098
1714823090261,2024-05-04T14:44:50.261,13.790,13.476,5.122,-6.646
1714823090271,2024-05-04T14:44:50.271,13.800,8.476,0.549,-5.183
1714823090281,2024-05-04T14:44:50.281,13.810,8.537,-3.537,-2.256
1714823090291,2024-05-04T14:44:50.291,13.820,12.073,-9.390,1.037
1714823090301,2024-05-04T14:44:50.301,13.830,13.902,-18.780,4.207
1714823090311,2024-05-04T14:44:50.311,13.840,9.756,-27.378,5.061
1714823090321,2024-05-04T14:44:50.321,13.850,4.756,-30.610,4.268
1714823090331,2024-05-04T14:44:50.331,13.860,3.293,-29.024,2.378
1714823090341,2024-05-04T14:44:50.341,13.870,4.207,-23.841,1.890
1714823090351,2024-05-04T14:44:50.351,13.880,6.585,-16.220,3.110
1714823090361,2024-05-04T14:44:50.361,13.890,8.232,-7.988,3.963
1714823090371,2024-05-04T14:44:50.371,13.900,8.476,-1.951,3.963
1714823090381,2024-05-04T14:44:50.381,13.910,6.768,-0.122,3.293
1714823090391,2024-05-04T14:44:50.391,13.920,4.451,-0.732,2.073
1714823090401,2024-05-04T14:44:50.401,13.930,3.659,-1.768,1.646
1714823090411,2024-05-04T14:44:50.411,13.940,3.415,-3.110,1.098
1714823090421,2024-05-04T14:44:50.421,13.950,3.598,-3.537,1.524
1714823090431,2024-05-04T14:44:50.431,13.960,3.902,-3.537,2.256
1714823090441,2024-05-04T14:44:50.441,13.970,2.195,-3.354,2.012
1714823090451,2024-05-04T14:44:50.451,13.980,0.915,-2.012,1.402
1714823090461,2024-05-04T14:44:50.461,13.990,0.427,-0.915,-0.061
1714823090471,2024-05-04T14:44:50.471,14.000,-0.427,-1.280,-1.341
1714823090481,2024-05-04T14:44:50.481,14.010,-0.610,-0.793,-1.159
1714823090491,2024-05-04T14:44:50.491,14.020,0.549,1.220,-1.159
1714823090501,2024-05-04T14:44:50.501,14.030,2.317,3.110,-1.098
1714823090511,2024-05-04T14:44:50.511,14.040,3.415,3.841,-0.793
1714823090521,2024-05-04T14:44:50.521,14.050,3.049,3.049,-1.341
1714823090531,2024-05-04T14:44:50.531,14.060,1.951,0.244,-1.829
1714823090541,2024-05-04T14:44:50.541,14.070,1.646,-2.622,-0.671
1714823090551,2024-05-04T14:44:50.551,14.080,1.768,-3.293,0.488
1714823090561,2024-05-04T14:44:50.561,14.090,2.927,-1.829,0.732
1714823090571,2024-05-04T14:44:50.571,14.100,5.793,-0.122,1.220
1714823090581,2024-05-04T14:44:50.581,14.110,9.329,0.671,1.646
1714823090591,2024-05-04T14:44:50.591,14.120,13.598,2.134,3.293
1714823090601,2024-05-04T14:44:50.601,14.130,16.951,4.024,3.415
1714823090611,2024-05-04T14:44:50.611,14.140,18.841,4.756,1.280
1714823090621,2024-05-04T14:44:50.621,14.150,16.707,4.939,0.488
1714823090631,2024-05-04T14:44:50.631,14.160,13.110,4.695,-0.671
1714823090641,2024-05-04T14:44:50.641,14.170,14.939,7.134,0.366
1714823090651,2024-05-04T14:44:50.651,14.180,17.927,8.963,0.061
1714823090661,2024-05-04T14:44:50.661,14.190,16.220,10.366,-0.793
1714823090671,2024-05-04T14:44:50.671,14.200,13.537,15.427,-2.256
1714823090681,2024-05-04T14:44:50.681,14.210,11.890,21.159,-5.000
1714823090691,2024-05-04T14:44:50.691,14.220,11.951,24.939,-5.854
1714823090701,2024-05-04T14:44:50.701,14.230,10.854,24.817,-5.976
1714823090711,2024-05-04T14:44:50.711,14.240,5.366,22.927,-7.866
1714823090721,2024-05-04T14:44:50.721,14.250,0.183,22.073,-10.122
1714823090731,2024-05-04T14:44:50.731,14.260,-3.354,21.585,-11.829
1714823090741,2024-05-04T14:44:50.741,14.270,-8.354,19.817,-11.159
1714823090751,2024-05-04T14:44:50.751,14.280,-14.085,17.927,-10.549
1714823090761,2024-05-04T14:44:50.761,14.290,-19.329,13.232,-11.707
1714823090771,2024-05-04T14:44:50.771,14.300,-24.878,2.317,-12.012
1714823090781,2024-05-04T14:44:50.781,14.310,-33.780,-14.756,-10.976
1714823090791,2024-05-04T14:44:50.791,14.320,-48.537,-34.085,-7.439
1714823090801,2024-05-04T14:44:50.801,14.330,-65.366,-48.598,-3.720
1714823090811,2024-05-04T14:44:50.811,14.340,-79.268,-56.098,-2.744
1714823090821,2024-05-04T14:44:50.821,14.350,-88.354,-52.988,1.220
1714823090831,2024-05-04T14:44:50.831,14.360,-94.695,-36.341,5.000
1714823090841,2024-05-04T14:44:50.841,14.370,-97.378,-14.085,6.159
1714823090851,2024-05-04T14:44:50.851,14.380,-98.415,5.244,9.268
1714823090861,2024-05-04T14:44:50.861,14.390,-106.402,20.427,14.329
1714823090871,2024-05-04T14:44:50.871,14.400,-120.183,34.634,15.793
1714823090881,2024-05-04T14:44:50.881,14.410,-130.732,56.220,13.232
1714823090891,2024-05-04T14:44:50.891,14.420,-140.061,81.829,9.207
1714823090901,2024-05-04T14:44:50.901,14.430,-153.293,101.280,6.159
1714823090911,2024-05-04T14:44:50.911,14.440,-171.159,112.561,5.244
1714823090921,2024-05-04T14:44:50.921,14.450,-184.634,125.488,2.073
1714823090931,2024-05-04T14:44:50.931,14.460,-183.476,142.988,4.207
1714823090941,2024-05-04T14:44:50.941,14.470,-165.671,151.341,7.439
1714823090951,2024-05-04T14:44:50.951,14.480,-145.427,140.305,-2.683
1714823090961,2024-05-04T14:44:50.961,14.490,-124.024,99.085,-12.805
1714823090971,2024-05-04T14:44:50.971,14.500,-85.244,37.317,-4.146
1714823090981,2024-05-04T14:44:50.981,14.510,-39.085,-23.110,4.451
1714823090991,2024-05-04T14:44:50.991,14.520,-0.061,-59.695,7.988
1714823091001,2024-05-04T14:44:51.001,14.530,32.500,-71.646,15.000
1714823091011,2024-05-04T14:44:51.011,14.540,57.500,-68.963,17.317
1714823091021,2024-05-04T14:44:51.021,14.550,69.451,-54.146,15.366
1714823091031,2024-05-04T14:44:51.031,14.560,70.000,-27.256,11.707
1714823091041,2024-05-04T14:44:51.041,14.570,63.537,-1.098,6.890
1714823091051,2024-05-04T14:44:51.051,14.580,56.098,14.573,1.829
1714823091061,2024-05-04T14:44:51.061,14.590,53.659,21.098,-1.524
1714823091071,2024-05-04T14:44:51.071,14.600,54.756,20.000,-2.805
1714823091081,2024-05-04T14:44:51.081,14.610,57.317,12.622,-4.573
1714823091091,2024-05-04T14:44:51.091,14.620,58.110,2.256,-5.671
1714823091101,2024-05-04T14:44:51.101,14.630,61.402,-8.598,-5.305
1714823091111,2024-05-04T14:44:51.111,14.640,69.268,-18.049,-4.085
1714823091121,2024-05-04T14:44:51.121,14.650,76.463,-24.207,-1.098
1714823091131,2024-05-04T14:44:51.131,14.660,78.720,-28.537,1.890
1714823091141,2024-05-04T14:44:51.141,14.670,75.671,-33.720,0.427
1714823091151,2024-05-04T14:44:51.151,14.680,73.171,-37.683,-0.549
1714823091161,2024-05-04T14:44:51.161,14.690,74.207,-42.073,3.598
1714823091171,2024-05-04T14:44:51.171,14.700,74.512,-51.768,5.854
1714823091181,2024-05-04T14:44:51.181,14.710,69.756,-62.500,4.268
1714823091191,2024-05-04T14:44:51.191,14.720,65.366,-65.915,3.415
1714823091201,2024-05-04T14:44:51.201,14.730,63.415,-65.183,4.268
1714823091211,2024-05-04T14:44:51.211,14.740,59.634,-64.146,2.683
1714823091221,2024-05-04T14:44:51.221,14.750,55.854,-62.683,-1.585
1714823091231,2024-05-04T14:44:51.231,14.760,54.024,-59.146,-5.854
1714823091241,2024-05-04T14:44:51.241,14.770,54.024,-55.427,-6.280
1714823091251,2024-05-04T14:44:51.251,14.780,53.049,-49.512,-3.293
1714823091261,2024-05-04T14:44:51.261,14.790,51.159,-43.841,-0.305
1714823091271,2024-05-04T14:44:51.271,14.800,45.793,-41.098,-0.244
1714823091281,2024-05-04T14:44:51.281,14.810,39.817,-40.549,-2.439
1714823091291,2024-05-04T14:44:51.291,14.820,38.537,-39.756,-0.061
1714823091301,2024-05-04T14:44:51.301,14.830,39.451,-38.902,4.085
1714823091311,2024-05-04T14:44:51.311,14.840,35.732,-35.915,4.146
1714823091321,2024-05-04T14:44:51.321,14.850,32.500,-33.841,3.415
1714823091331,2024-05-04T14:44:51.331,14.860,29.756,-28.476,0.305
1714823091341,2024-05-04T14:44:51.341,14.870,27.622,-12.439,-2.256
1714823091351,2024-05-04T14:44:51.351,14.880,24.451,7.744,-3.232
1714823091361,2024-05-04T14:44:51.361,14.890,16.768,18.598,-4.634
1714823091371,2024-05-04T14:44:51.371,14.900,8.720,11.341,-2.866
1714823091381,2024-05-04T14:44:51.381,14.910,5.244,-8.110,1.220
1714823091391,2024-05-04T14:44:51.391,14.920,5.000,-22.744,6.159
1714823091401,2024-05-04T14:44:51.401,14.930,5.793,-30.183,7.195
1714823091411,2024-05-04T14:44:51.411,14.940,6.280,-33.476,3.780
1714823091421,2024-05-04T14:44:51.421,14.950,4.878,-23.110,5.122
1714823091431,2024-05-04T14:44:51.431,14.960,2.500,-8.720,3.354
1714823091441,2024-05-04T14:44:51.441,14.970,-0.305,0.854,1.159
1714823091451,2024-05-04T14:44:51.451,14.980,-2.256,1.463,2.134
1714823091461,2024-05-04T14:44:51.461,14.990,-0.732,-5.610,3.232
1714823091471,2024-05-04T14:44:51.471,15.000,2.195,-14.207,5.122
1714823091481,2024-05-04T14:44:51.481,15.010,3.902,-18.963,5.732
1714823091491,2024-05-04T14:44:51.491,15.020,3.110,-20.427,4.390
1714823091501,2024-05-04T14:44:51.501,15.030,1.402,-19.146,1.463
1714823091511,2024-05-04T14:44:51.511,15.040,0.244,-15.671,-0.854
1714823091521,2024-05-04T14:44:51.521,15.050,0.000,-9.695,-1.524
1714823091531,2024-05-04T14:44:51.531,15.060,0.488,-1.951,-1.098
1714823091541,2024-05-04T14:44:51.541,15.070,1.707,4.817,0.061
1714823091551,2024-05-04T14:44:51.551,15.080,0.915,7.927,1.463
1714823091561,2024-05-04T14:44:51.561,15.090,-0.854,6.829,1.768
1714823091571,2024-05-04T14:44:51.571,15.100,-1.768,0.305,0.488
1714823091581,2024-05-04T14:44:51.581,15.110,-1.829,-7.073,-0.366
1714823091591,2024-05-04T14:44:51.591,15.120,-1.037,-9.817,-0.488
1714823091601,2024-05-04T14:44:51.601,15.130,1.829,-6.220,-0.122
1714823091611,2024-05-04T14:44:51.611,15.140,3.659,-0.549,0.427
1714823091621,2024-05-04T14:44:51.621,15.150,3.293,2.256,0.915
1714823091631,2024-05-04T14:44:51.631,15.160,3.171,2.866,2.500
1714823091641,2024-05-04T14:44:51.641,15.170,3.171,3.780,3.476
1714823091651,2024-05-04T14:44:51.651,15.180,3.780,4.024,3.293
1714823091661,2024-05-04T14:44:51.661,15.190,5.061,3.171,3.110
1714823091671,2024-05-04T14:44:51.671,15.200,7.500,2.073,3.659
1714823091681,2024-05-04T14:44:51.681,15.210,10.915,3.293,4.695
1714823091691,2024-05-04T14:44:51.691,15.220,15.854,5.976,5.183
1714823091701,2024-05-04T14:44:51.701,15.230,16.220,6.829,4.573
1714823091711,2024-05-04T14:44:51.711,15.240,14.878,11.098,4.390
1714823091721,2024-05-04T14:44:51.721,15.250,11.951,15.183,2.256
1714823091731,2024-05-04T14:44:51.731,15.260,8.902,15.732,-0.366
1714823091741,2024-05-04T14:44:51.741,15.270,11.646,17.500,-0.854
1714823091751,2024-05-04T14:44:51.751,15.280,14.390,19.695,0.305
1714823091761,2024-05-04T14:44:51.761,15.290,13.476,18.415,0.000
1714823091771,2024-05-04T14:44:51.771,15.300,11.341,16.646,-0.976
1714823091781,2024-05-04T14:44:51.781,15.310,8.780,13.598,-2.805
1714823091791,2024-05-04T14:44:51.791,15.320,3.841,6.951,-4.512
1714823091801,2024-05-04T14:44:51.801,15.330,-3.354,-2.500,-7.988
1714823091811,2024-05-04T14:44:51.811,15.340,-8.902,-12.988,-9.695
1714823091821,2024-05-04T14:44:51.821,15.350,-15.671,-22.927,-10.244
1714823091831,2024-05-04T14:44:51.831,15.360,-22.927,-27.622,-9.695
1714823091841,2024-05-04T14:44:51.841,15.370,-27.561,-25.671,-7.134
1714823091851,2024-05-04T14:44:51.851,15.380,-30.915,-19.390,-1.585
1714823091861,2024-05-04T14:44:51.861,15.390,-36.463,-12.317,0.549
1714823091871,2024-05-04T14:44:51.871,15.400,-41.829,-10.305,1.402
1714823091881,2024-05-04T14:44:51.881,15.410,-50.244,-17.134,4.573
1714823091891,2024-05-04T14:44:51.891,15.420,-62.805,-26.585,9.329
1714823091901,2024-05-04T14:44:51.901,15.430,-75.915,-28.720,14.024
1714823091911,2024-05-04T14:44:51.911,15.440,-86.890,-10.671,17.561
1714823091921,2024-05-04T14:44:51.921,15.450,-95.671,27.744,24.085
1714823091931,2024-05-04T14:44:51.931,15.460,-115.732,61.646,21.829
1714823091941,2024-05-04T14:44:51.941,15.470,-149.695,80.000,0.366
1714823091951,2024-05-04T14:44:51.951,15.480,-174.756,92.866,-5.976
1714823091961,2024-05-04T14:44:51.961,15.490,-174.756,103.171,10.305
1714823091971,2024-05-04T14:44:51.971,15.500,-151.829,121.098,17.378
1714823091981,2024-05-04T14:44:51.981,15.510,-123.780,138.780,4.085
1714823091991,2024-05-04T14:44:51.991,15.520,-87.744,134.573,-7.927
1714823092001,2024-05-04T14:44:52.001,15.530,-47.439,98.841,-7.866
1714823092011,2024-05-04T14:44:52.011,15.540,-11.707,49.817,1.280
1714823092021,2024-05-04T14:44:52.021,15.550,21.098,13.902,10.793
1714823092031,2024-05-04T14:44:52.031,15.560,43.963,-2.927,15.549
1714823092041,2024-05-04T14:44:52.041,15.570,54.329,-10.122,20.610
1714823092051,2024-05-04T14:44:52.051,15.580,58.049,-12.622,21.768
1714823092061,2024-05-04T14:44:52.061,15.590,56.829,-4.207,16.890
1714823092071,2024-05-04T14:44:52.071,15.600,49.146,10.671,11.951
1714823092081,2024-05-04T14:44:52.081,15.610,38.780,23.659,8.476
1714823092091,2024-05-04T14:44:52.091,15.620,32.622,33.293,4.756
1714823092101,2024-05-04T14:44:52.101,15.630,32.683,39.634,2.012
1714823092111,2024-05-04T14:44:52.111,15.640,34.939,36.402,-0.061
1714823092121,2024-05-04T14:44:52.121,15.650,37.622,27.378,-0.671
1714823092131,2024-05-04T14:44:52.131,15.660,38.171,18.902,0.732
1714823092141,2024-05-04T14:44:52.141,15.670,39.512,11.159,0.976
1714823092151,2024-05-04T14:44:52.151,15.680,41.037,5.305,2.256
1714823092161,2024-05-04T14:44:52.161,15.690,45.305,-1.037,6.402
1714823092171,2024-05-04T14:44:52.171,15.700,51.890,-6.768,7.561
1714823092181,2024-05-04T14:44:52.181,15.710,55.610,-11.098,7.073
1714823092191,2024-05-04T14:44:52.191,15.720,55.976,-17.195,7.256
1714823092201,2024-05-04T14:44:52.201,15.730,54.451,-23.963,7.134
1714823092211,2024-05-04T14:44:52.211,15.740,52.561,-28.963,6.890
1714823092221,2024-05-04T14:44:52.221,15.750,50.732,-30.854,5.366
1714823092231,2024-05-04T14:44:52.231,15.760,49.451,-28.049,5.122
1714823092241,2024-05-04T14:44:52.241,15.770,50.488,-21.524,5.976
1714823092251,2024-05-04T14:44:52.251,15.780,55.122,-18.780,7.683
1714823092261,2024-05-04T14:44:52.261,15.790,57.866,-24.756,7.500
1714823092271,2024-05-04T14:44:52.271,15.800,57.500,-32.439,4.817
1714823092281,2024-05-04T14:44:52.281,15.810,55.000,-35.122,5.854
1714823092291,2024-05-04T14:44:52.291,15.820,51.829,-35.000,8.841
1714823092301,2024-05-04T14:44:52.301,15.830,47.744,-36.280,7.622
1714823092311,2024-05-04T14:44:52.311,15.840,44.817,-34.695,4.329
1714823092321,2024-05-04T14:44:52.321,15.850,45.366,-28.720,4.024
1714823092331,2024-05-04T14:44:52.331,15.860,46.159,-20.732,5.610
1714823092341,2024-05-04T14:44:52.341,15.870,43.841,-14.878,4.085
1714823092351,2024-05-04T14:44:52.351,15.880,39.146,-13.963,0.915
1714823092361,2024-05-04T14:44:52.361,15.890,33.537,-15.183,-1.220
1714823092371,2024-05-04T14:44:52.371,15.900,29.939,-14.268,-2.561
1714823092381,2024-05-04T14:44:52.381,15.910,29.146,-11.768,-2.378
1714823092391,2024-05-04T14:44:52.391,15.920,29.207,-11.098,-1.524
1714823092401,2024-05-04T14:44:52.401,15.930,28.354,-14.634,-1.341
1714823092411,2024-05-04T14:44:52.411,15.940,25.610,-20.000,-0.061
1714823092421,2024-05-04T14:44:52.421,15.950,22.012,-22.439,0.549
1714823092431,2024-05-04T14:44:52.431,15.960,18.049,-24.390,-1.463
1714823092441,2024-05-04T14:44:52.441,15.970,15.061,-25.183,-2.439
1714823092451,2024-05-04T14:44:52.451,15.980,14.207,-22.317,-2.500
1714823092461,2024-05-04T14:44:52.461,15.990,13.841,-17.195,-2.805
1714823092471,2024-05-04T14:44:52.471,16.000,12.439,-10.305,-3.049
1714823092481,2024-05-04T14:44:52.481,16.010,10.061,-1.341,-2.561
1714823092491,2024-05-04T14:44:52.491,16.020,7.439,5.732,-2.805
1714823092501,2024-05-04T14:44:52.501,16.030,4.817,7.073,-2.500
1714823092511,2024-05-04T14:44:52.511,16.040,1.463,2.744,-0.854
1714823092521,2024-05-04T14:44:52.521,16.050,0.427,-2.866,1.402
1714823092531,2024-05-04T14:44:52.531,16.060,2.561,-6.768,3.110
1714823092541,2024-05-04T14:44:52.541,16.070,4.085,-8.476,3.232
1714823092551,2024-05-04T14:44:52.551,16.080,3.354,-7.988,1.707
1714823092561,2024-05-04T14:44:52.561,16.090,2.073,-7.195,0.610
1714823092571,2024-05-04T14:44:52.571,16.100,0.305,-6.951,0.122
1714823092581,2024-05-04T14:44:52.581,16.110,-1.646,-6.707,0.183
1714823092591,2024-05-04T14:44:52.591,16.120,-2.622,-6.951,-0.183
1714823092601,2024-05-04T14:44:52.601,16.130,-1.463,-7.134,-0.061
1714823092611,2024-05-04T14:44:52.611,16.140,-0.793,-6.890,-0.244
1714823092621,2024-05-04T14:44:52.621,16.150,-0.366,-4.817,-0.366
1714823092631,2024-05-04T14:44:52.631,16.160,-0.244,-0.915,-0.915
1714823092641,2024-05-04T14:44:52.641,16.170,-1.585,2.439,-1.341
1714823092651,2024-05-04T14:44:52.651,16.180,-4.146,2.988,-1.280
1714823092661,2024-05-04T14:44:52.661,16.190,-4.878,1.098,-0.488
1714823092671,2024-05-04T14:44:52.671,16.200,-3.598,-1.768,0.549
1714823092681,2024-05-04T14:44:52.681,16.210,-1.646,-3.841,1.524
1714823092691,2024-05-04T14:44:52.691,16.220,-0.244,-3.720,1.524
1714823092701,2024-05-04T14:44:52.701,16.230,0.610,-1.280,0.427
1714823092711,2024-05-04T14:44:52.711,16.240,0.793,2.561,-0.610
1714823092721,2024-05-04T14:44:52.721,16.250,0.549,5.366,-1.098
1714823092731,2024-05-04T14:44:52.731,16.260,-0.183,5.671,-0.976
1714823092741,2024-05-04T14:44:52.741,16.270,-1.402,2.744,-0.061
1714823092751,2024-05-04T14:44:52.751,16.280,-1.524,-1.890,0.915
1714823092761,2024-05-04T14:44:52.761,16.290,0.793,-4.451,1.646
1714823092771,2024-05-04T14:44:52.771,16.300,4.207,-4.939,1.768
1714823092781,2024-05-04T14:44:52.781,16.310,5.061,-5.183,1.951
1714823092791,2024-05-04T14:44:52.791,16.320,2.866,-4.939,1.951
1714823092801,2024-05-04T14:44:52.801,16.330,0.854,-4.268,0.915
1714823092811,2024-05-04T14:44:52.811,16.340,-0.061,-4.634,0.549
1714823092821,2024-05-04T14:44:52.821,16.350,-0.854,-5.305,0.854
1714823092831,2024-05-04T14:44:52.831,16.360,-0.488,-4.451,1.463
1714823092841,2024-05-04T14:44:52.841,16.370,0.488,-2.805,1.280
1714823092851,2024-05-04T14:44:52.851,16.380,0.366,-3.476,0.976
1714823092861,2024-05-04T14:44:52.861,16.390,-0.976,-5.183,0.671
1714823092871,2024-05-04T14:44:52.871,16.400,-1.951,-6.098,0.122
1714823092881,2024-05-04T14:44:52.881,16.410,-2.439,-6.341,0.305
1714823092891,2024-05-04T14:44:52.891,16.420,-4.695,-6.037,-0.305
1714823092901,2024-05-04T14:44:52.901,16.430,-7.866,-5.305,-1.037
1714823092911,2024-05-04T14:44:52.911,16.440,-9.512,-4.268,-1.220
1714823092921,2024-05-04T14:44:52.921,16.450,-10.549,-1.951,-1.402
1714823092931,2024-05-04T14:44:52.931,16.460,-11.524,0.000,-1.768
1714823092941,2024-05-04T14:44:52.941,16.470,-11.524,-2.744,-0.061
1714823092951,2024-05-04T14:44:52.951,16.480,-16.951,-12.805,3.598
1714823092961,2024-05-04T14:44:52.961,16.490,-33.171,-26.341,3.841
1714823092971,2024-05-04T14:44:52.971,16.500,-53.049,-35.732,-0.305
1714823092981,2024-05-04T14:44:52.981,16.510,-69.085,-37.195,-3.841
1714823092991,2024-05-04T14:44:52.991,16.520,-77.195,-30.366,-1.220
1714823093001,2024-05-04T14:44:53.001,16.530,-84.207,-15.305,-3.415
1714823093011,2024-05-04T14:44:53.011,16.540,-89.085,4.207,-9.451
1714823093021,2024-05-04T14:44:53.021,16.550,-94.085,25.061,-9.085
1714823093031,2024-05-04T14:44:53.031,16.560,-105.610,57.561,-1.829
1714823093041,2024-05-04T14:44:53.041,16.570,-113.720,109.024,-6.280
1714823093051,2024-05-04T14:44:53.051,16.580,-121.402,170.000,-21.280
1714823093061,2024-05-04T14:44:53.061,16.590,-145.000,213.841,-33.902
1714823093071,2024-05-04T14:44:53.071,16.600,-179.695,238.232,-43.110
1714823093081,2024-05-04T14:44:53.081,16.610,-208.476,239.695,-46.159
1714823093091,2024-05-04T14:44:53.091,16.620,-207.927,214.390,-34.085
1714823093101,2024-05-04T14:44:53.101,16.630,-171.159,178.720,-20.732
1714823093111,2024-05-04T14:44:53.111,16.640,-117.500,140.183,7.134
1714823093121,2024-05-04T14:44:53.121,16.650,-59.024,102.622,32.866
1714823093131,2024-05-04T14:44:53.131,16.660,-16.463,66.524,27.012
1714823093141,2024-05-04T14:44:53.141,16.670,19.573,30.671,23.232
1714823093151,2024-05-04T14:44:53.151,16.680,47.622,-4.634,34.512
1714823093161,2024-05-04T14:44:53.161,16.690,60.549,-32.073,36.463
1714823093171,2024-05-04T14:44:53.171,16.700,61.159,-46.463,25.549
1714823093181,2024-05-04T14:44:53.181,16.710,52.256,-47.378,15.122
1714823093191,2024-05-04T14:44:53.191,16.720,40.976,-37.683,10.000
1714823093201,2024-05-04T14:44:53.201,16.730,34.573,-25.244,8.293
1714823093211,2024-05-04T14:44:53.211,16.740,31.280,-15.671,5.122
1714823093221,2024-05-04T14:44:53.221,16.750,27.439,-10.244,2.866
1714823093231,2024-05-04T14:44:53.231,16.760,24.878,-9.512,2.378
1714823093241,2024-05-04T14:44:53.241,16.770,25.366,-14.695,1.707
1714823093251,2024-05-04T14:44:53.251,16.780,28.476,-24.634,2.683
1714823093261,2024-05-04T14:44:53.261,16.790,31.707,-36.341,4.573
1714823093271,2024-05-04T14:44:53.271,16.800,34.817,-49.756,5.732
1714823093281,2024-05-04T14:44:53.281,16.810,38.049,-65.305,7.073
1714823093291,2024-05-04T14:44:53.291,16.820,40.427,-84.268,9.207
1714823093301,2024-05-04T14:44:53.301,16.830,42.439,-104.146,10.122
1714823093311,2024-05-04T14:44:53.311,16.840,43.841,-118.049,9.268
1714823093321,2024-05-04T14:44:53.321,16.850,45.671,-123.720,7.988
1714823093331,2024-05-04T14:44:53.331,16.860,49.939,-119.817,9.695
1714823093341,2024-05-04T14:44:53.341,16.870,52.744,-107.866,10.183
1714823093351,2024-05-04T14:44:53.351,16.880,53.720,-94.146,5.793
1714823093361,2024-05-04T14:44:53.361,16.890,55.793,-80.366,3.415
1714823093371,2024-05-04T14:44:53.371,16.900,60.366,-71.585,2.561
1714823093381,2024-05-04T14:44:53.381,16.910,64.451,-72.439,-1.098
1714823093391,2024-05-04T14:44:53.391,16.920,63.720,-69.207,0.000
1714823093401,2024-05-04T14:44:53.401,16.930,60.122,-46.646,10.305
1714823093411,2024-05-04T14:44:53.411,16.940,57.683,-24.573,11.585
1714823093421,2024-05-04T14:44:53.421,16.950,55.488,-24.817,6.463
1714823093431,2024-05-04T14:44:53.431,16.960,51.037,-42.317,4.573
1714823093441,2024-05-04T14:44:53.441,16.970,45.976,-58.293,3.659
1714823093451,2024-05-04T14:44:53.451,16.980,44.207,-59.573,2.561
1714823093461,2024-05-04T14:44:53.461,16.990,43.293,-51.280,3.841
1714823093471,2024-05-04T14:44:53.471,17.000,39.878,-47.256,6.098
1714823093481,2024-05-04T14:44:53.481,17.010,34.207,-52.683,8.720
1714823093491,2024-05-04T14:44:53.491,17.020,26.768,-63.171,9.268
1714823093501,2024-05-04T14:44:53.501,17.030,21.707,-67.744,7.927
1714823093511,2024-05-04T14:44:53.511,17.040,19.756,-60.000,5.793
1714823093521,2024-05-04T14:44:53.521,17.050,19.451,-43.049,2.500
1714823093531,2024-05-04T14:44:53.531,17.060,19.512,-24.939,-0.122
1714823093541,2024-05-04T14:44:53.541,17.070,18.476,-12.744,-0.488
1714823093551,2024-05-04T14:44:53.551,17.080,17.317,-8.171,0.305
1714823093561,2024-05-04T14:44:53.561,17.090,15.610,-9.512,0.000
1714823093571,2024-05-04T14:44:53.571,17.100,13.476,-15.976,-0.244
1714823093581,2024-05-04T14:44:53.581,17.110,11.037,-23.780,-0.854
1714823093591,2024-05-04T14:44:53.591,17.120,10.244,-29.268,-1.829
1714823093601,2024-05-04T14:44:53.601,17.130,10.000,-31.768,-2.134
1714823093611,2024-05-04T14:44:53.611,17.140,10.244,-29.878,-1.220
1714823093621,2024-05-04T14:44:53.621,17.150,11.159,-22.561,-0.183
1714823093631,2024-05-04T14:44:53.631,17.160,11.220,-12.927,0.305
1714823093641,2024-05-04T14:44:53.641,17.170,8.720,-6.402,-0.244
1714823093651,2024-05-04T14:44:53.651,17.180,7.134,-4.207,-0.610
1714823093661,2024-05-04T14:44:53.661,17.190,7.561,-8.659,-0.610
1714823093671,2024-05-04T14:44:53.671,17.200,8.476,-16.037,0.549
1714823093681,2024-05-04T14:44:53.681,17.210,9.634,-20.183,1.037
1714823093691,2024-05-04T14:44:53.691,17.220,10.976,-20.000,0.366
1714823093701,2024-05-04T14:44:53.701,17.230,10.610,-17.378,-0.671
1714823093711,2024-05-04T14:44:53.711,17.240,8.476,-14.268,-0.671
1714823093721,2024-05-04T14:44:53.721,17.250,6.402,-11.159,-0.671
1714823093731,2024-05-04T14:44:53.731,17.260,4.756,-7.988,-1.280
1714823093741,2024-05-04T14:44:53.741,17.270,3.841,-4.695,-1.951
1714823093751,2024-05-04T14:44:53.751,17.280,3.232,-3.354,-2.561
1714823093761,2024-05-04T14:44:53.761,17.290,3.902,-2.500,-1.951
1714823093771,2024-05-04T14:44:53.771,17.300,6.524,-0.488,-0.671
1714823093781,2024-05-04T14:44:53.781,17.310,6.037,0.427,-0.610
1714823093791,2024-05-04T14:44:53.791,17.320,2.500,-0.122,-1.524
1714823093801,2024-05-04T14:44:53.801,17.330,1.159,-0.671,-1.463
1714823093811,2024-05-04T14:44:53.811,17.340,1.524,0.000,-0.549
1714823093821,2024-05-04T14:44:53.821,17.350,1.098,2.439,0.854
1714823093831,2024-05-04T14:44:53.831,17.360,0.915,5.427,0.549
1714823093841,2024-05-04T14:44:53.841,17.370,1.463,7.256,-0.488
1714823093851,2024-05-04T14:44:53.851,17.380,1.951,5.488,-0.976
1714823093861,2024-05-04T14:44:53.861,17.390,2.073,2.317,-0.732
1714823093871,2024-05-04T14:44:53.871,17.400,1.037,1.159,-0.610
1714823093881,2024-05-04T14:44:53.881,17.410,-0.488,1.037,-1.037
1714823093891,2024-05-04T14:44:53.891,17.420,-2.012,-1.341,-1.159
1714823093901,2024-05-04T14:44:53.901,17.430,-1.402,-6.159,-1.280
1714823093911,2024-05-04T14:44:53.911,17.440,-0.732,-9.878,-1.159
1714823093921,2024-05-04T14:44:53.921,17.450,-2.500,-13.415,-1.463
1714823093931,2024-05-04T14:44:53.931,17.460,-3.841,-17.744,-1.707
1714823093941,2024-05-04T14:44:53.941,17.470,-4.146,-22.500,-1.646
1714823093951,2024-05-04T14:44:53.951,17.480,-4.939,-24.451,-1.280
1714823093961,2024-05-04T14:44:53.961,17.490,-6.585,-24.451,-2.195
1714823093971,2024-05-04T14:44:53.971,17.500,-10.061,-26.280,-4.634
1714823093981,2024-05-04T14:44:53.981,17.510,-13.110,-30.488,-6.220
1714823093991,2024-05-04T14:44:53.991,17.520,-13.415,-31.220,-6.037
1714823094001,2024-05-04T14:44:54.001,17.530,-14.878,-26.768,-7.378
1714823094011,2024-05-04T14:44:54.011,17.540,-17.988,-20.305,-12.073
1714823094021,2024-05-04T14:44:54.021,17.550,-20.793,-13.720,-14.146
1714823094031,2024-05-04T14:44:54.031,17.560,-27.683,-6.646,-15.000
1714823094041,2024-05-04T14:44:54.041,17.570,-38.293,8.415,-14.817
1714823094051,2024-05-04T14:44:54.051,17.580,-46.280,29.512,-11.463
1714823094061,2024-05-04T14:44:54.061,17.590,-51.098,48.293,-5.183
1714823094071,2024-05-04T14:44:54.071,17.600,-61.890,79.878,2.073
1714823094081,2024-05-04T14:44:54.081,17.610,-76.402,139.695,7.195
1714823094091,2024-05-04T14:44:54.091,17.620,-86.768,216.341,3.841
1714823094101,2024-05-04T14:44:54.101,17.630,-89.878,277.439,-3.902
1714823094111,2024-05-04T14:44:54.111,17.640,-97.927,289.512,-10.854
1714823094121,2024-05-04T14:44:54.121,17.650,-114.329,261.280,-20.183
1714823094131,2024-05-04T14:44:54.131,17.660,-132.744,258.171,-17.622
1714823094141,2024-05-04T14:44:54.141,17.670,-146.463,280.427,-9.207
1714823094151,2024-05-04T14:44:54.151,17.680,-160.122,254.146,-11.159
1714823094161,2024-05-04T14:44:54.161,17.690,-182.134,201.037,-20.976
1714823094171,2024-05-04T14:44:54.171,17.700,-177.012,140.183,-16.098
1714823094181,2024-05-04T14:44:54.181,17.710,-147.134,84.390,-5.305
1714823094191,2024-05-04T14:44:54.191,17.720,-114.939,47.439,-3.720
1714823094201,2024-05-04T14:44:54.201,17.730,-89.939,35.366,9.207
1714823094211,2024-05-04T14:44:54.211,17.740,-76.402,30.366,21.768
1714823094221,2024-05-04T14:44:54.221,17.750,-63.293,19.207,17.927
1714823094231,2024-05-04T14:44:54.231,17.760,-36.829,11.159,18.049
1714823094241,2024-05-04T14:44:54.241,17.770,-4.146,10.732,20.793
1714823094251,2024-05-04T14:44:54.251,17.780,24.573,16.098,22.073
1714823094261,2024-05-04T14:44:54.261,17.790,44.146,21.280,26.220
1714823094271,2024-05-04T14:44:54.271,17.800,52.622,20.671,22.500
1714823094281,2024-05-04T14:44:54.281,17.810,55.305,12.500,14.817
1714823094291,2024-05-04T14:44:54.291,17.820,56.829,1.768,9.024
1714823094301,2024-05-04T14:44:54.301,17.830,58.110,-8.232,5.366
1714823094311,2024-05-04T14:44:54.311,17.840,60.976,-17.317,4.817
1714823094321,2024-05-04T14:44:54.321,17.850,64.329,-26.890,5.122
1714823094331,2024-05-04T14:44:54.331,17.860,62.256,-35.610,1.463
1714823094341,2024-05-04T14:44:54.341,17.870,55.549,-40.793,-0.671
1714823094351,2024-05-04T14:44:54.351,17.880,52.012,-44.573,0.305
1714823094361,2024-05-04T14:44:54.361,17.890,50.732,-51.890,0.793
1714823094371,2024-05-04T14:44:54.371,17.900,50.976,-61.829,1.585
1714823094381,2024-05-04T14:44:54.381,17.910,51.768,-67.988,5.366
1714823094391,2024-05-04T14:44:54.391,17.920,52.561,-69.451,7.012
1714823094401,2024-05-04T14:44:54.401,17.930,53.841,-73.293,4.512
1714823094411,2024-05-04T14:44:54.411,17.940,55.244,-85.671,3.720
1714823094421,2024-05-04T14:44:54.421,17.950,56.220,-107.317,5.732
1714823094431,2024-05-04T14:44:54.431,17.960,55.610,-129.512,7.683
1714823094441,2024-05-04T14:44:54.441,17.970,53.720,-143.232,8.171
1714823094451,2024-05-04T14:44:54.451,17.980,53.659,-142.500,6.463
1714823094461,2024-05-04T14:44:54.461,17.990,57.500,-133.902,4.878
1714823094471,2024-05-04T14:44:54.471,18.000,61.951,-125.488,3.841
1714823094481,2024-05-04T14:44:54.481,18.010,62.195,-119.817,1.341
1714823094491,2024-05-04T14:44:54.491,18.020,58.354,-113.293,-1.524
1714823094501,2024-05-04T14:44:54.501,18.030,55.061,-98.659,-1.829
1714823094511,2024-05-04T14:44:54.511,18.040,53.476,-77.500,-0.244
1714823094521,2024-05-04T14:44:54.521,18.050,52.073,-57.683,-0.122
1714823094531,2024-05-04T14:44:54.531,18.060,50.854,-44.878,-0.366
1714823094541,2024-05-04T14:44:54.541,18.070,48.720,-39.146,0.183
1714823094551,2024-05-04T14:44:54.551,18.080,45.671,-36.341,1.220
1714823094561,2024-05-04T14:44:54.561,18.090,41.585,-32.988,1.768
1714823094571,2024-05-04T14:44:54.571,18.100,37.988,-29.817,2.988
1714823094581,2024-05-04T14:44:54.581,18.110,35.366,-31.890,4.024
1714823094591,2024-05-04T14:44:54.591,18.120,33.171,-46.159,4.207
1714823094601,2024-05-04T14:44:54.601,18.130,29.085,-71.220,3.293
1714823094611,2024-05-04T14:44:54.611,18.140,25.488,-91.768,3.963
1714823094621,2024-05-04T14:44:54.621,18.150,22.378,-93.476,5.854
1714823094631,2024-05-04T14:44:54.631,18.160,21.463,-77.805,4.878
1714823094641,2024-05-04T14:44:54.641,18.170,21.829,-56.280,2.683
1714823094651,2024-05-04T14:44:54.651,18.180,19.024,-38.780,1.463
1714823094661,2024-05-04T14:44:54.661,18.190,13.780,-26.402,1.098
1714823094671,2024-05-04T14:44:54.671,18.200,10.488,-18.415,1.220
1714823094681,2024-05-04T14:44:54.681,18.210,8.963,-16.829,0.244
1714823094691,2024-05-04T14:44:54.691,18.220,7.927,-18.598,0.976
1714823094701,2024-05-04T14:44:54.701,18.230,8.659,-23.049,1.890
1714823094711,2024-05-04T14:44:54.711,18.240,9.939,-28.720,2.622
1714823094721,2024-05-04T14:44:54.721,18.250,9.756,-32.195,3.476
1714823094731,2024-05-04T14:44:54.731,18.260,8.963,-32.927,3.476
1714823094741,2024-05-04T14:44:54.741,18.270,7.683,-29.695,3.476
1714823094751,2024-05-04T14:44:54.751,18.280,6.463,-23.354,3.720
1714823094761,2024-05-04T14:44:54.761,18.290,6.646,-15.671,4.024
1714823094771,2024-05-04T14:44:54.771,18.300,6.098,-9.512,4.329
1714823094781,2024-05-04T14:44:54.781,18.310,4.634,-5.488,4.329
1714823094791,2024-05-04T14:44:54.791,18.320,4.146,-4.390,4.085
1714823094801,2024-05-04T14:44:54.801,18.330,3.963,-4.512,4.207
1714823094811,2024-05-04T14:44:54.811,18.340,4.268,-4.451,3.537
1714823094821,2024-05-04T14:44:54.821,18.350,4.085,-5.122,2.012
1714823094831,2024-05-04T14:44:54.831,18.360,3.171,-7.988,1.220
1714823094841,2024-05-04T14:44:54.841,18.370,2.134,-13.293,0.488
1714823094851,2024-05-04T14:44:54.851,18.380,1.768,-16.402,0.549
1714823094861,2024-05-04T14:44:54.861,18.390,1.768,-15.854,0.976
1714823094871,2024-05-04T14:44:54.871,18.400,0.793,-12.195,0.610
1714823094881,2024-05-04T14:44:54.881,18.410,-0.122,-6.951,0.061
1714823094891,2024-05-04T14:44:54.891,18.420,0.244,-2.439,-0.122
1714823094901,2024-05-04T14:44:54.901,18.430,0.610,-0.427,-0.427
1714823094911,2024-05-04T14:44:54.911,18.440,-0.366,-0.549,-0.366
1714823094921,2024-05-04T14:44:54.921,18.450,-1.098,-1.890,-0.610
1714823094931,2024-05-04T14:44:54.931,18.460,-0.427,-2.439,-0.610
1714823094941,2024-05-04T14:44:54.941,18.470,2.317,-1.524,-0.488
1714823094951,2024-05-04T14:44:54.951,18.480,4.268,0.671,-0.366
1714823094961,2024-05-04T14:44:54.961,18.490,3.415,2.744,-0.549
1714823094971,2024-05-04T14:44:54.971,18.500,1.463,2.744,-0.976
1714823094981,2024-05-04T14:44:54.981,18.510,-0.366,0.305,-1.037
1714823094991,2024-05-04T14:44:54.991,18.520,-2.134,-0.976,-0.488
1714823095001,2024-05-04T14:44:55.001,18.530,-3.049,-1.037,-0.976
1714823095011,2024-05-04T14:44:55.011,18.540,-2.256,-2.195,-1.463
1714823095021,2024-05-04T14:44:55.021,18.550,-1.341,-6.098,-2.256
1714823095031,2024-05-04T14:44:55.031,18.560,-2.073,-10.305,-3.354
1714823095041,2024-05-04T14:44:55.041,18.570,-3.232,-9.451,-4.695
1714823095051,2024-05-04T14:44:55.051,18.580,-4.024,-3.720,-6.585
1714823095061,2024-05-04T14:44:55.061,18.590,-5.366,3.354,-7.439
1714823095071,2024-05-04T14:44:55.071,18.600,-7.866,8.293,-7.256
1714823095081,2024-05-04T14:44:55.081,18.610,-11.524,11.402,-7.805
1714823095091,2024-05-04T14:44:55.091,18.620,-14.512,12.988,-9.390
1714823095101,2024-05-04T14:44:55.101,18.630,-16.890,10.488,-7.622
1714823095111,2024-05-04T14:44:55.111,18.640,-23.598,2.317,-5.244
1714823095121,2024-05-04T14:44:55.121,18.650,-34.146,-9.146,-6.098
1714823095131,2024-05-04T14:44:55.131,18.660,-44.085,-22.622,-4.695
1714823095141,2024-05-04T14:44:55.141,18.670,-54.634,-31.646,0.122
1714823095151,2024-05-04T14:44:55.151,18.680,-62.683,-26.098,5.671
1714823095161,2024-05-04T14:44:55.161,18.690,-69.146,1.463,11.341
1714823095171,2024-05-04T14:44:55.171,18.700,-72.805,39.878,14.512
1714823095181,2024-05-04T14:44:55.181,18.710,-70.854,62.134,11.463
1714823095191,2024-05-04T14:44:55.191,18.720,-62.622,54.390,14.329
1714823095201,2024-05-04T14:44:55.201,18.730,-63.720,24.878,19.207
1714823095211,2024-05-04T14:44:55.211,18.740,-87.805,7.805,20.488
1714823095221,2024-05-04T14:44:55.221,18.750,-121.951,26.524,18.963
1714823095231,2024-05-04T14:44:55.231,18.760,-147.012,86.524,17.927
1714823095241,2024-05-04T14:44:55.241,18.770,-154.024,157.256,15.000
1714823095251,2024-05-04T14:44:55.251,18.780,-158.415,207.012,9.573
1714823095261,2024-05-04T14:44:55.261,18.790,-170.000,222.195,14.756
1714823095271,2024-05-04T14:44:55.271,18.800,-177.805,207.317,15.915
1714823095281,2024-05-04T14:44:55.281,18.810,-171.951,191.098,10.427
1714823095291,2024-05-04T14:44:55.291,18.820,-146.890,180.305,16.220
1714823095301,2024-05-04T14:44:55.301,18.830,-106.707,153.354,13.232
1714823095311,2024-05-04T14:44:55.311,18.840,-68.841,110.427,1.585
1714823095321,2024-05-04T14:44:55.321,18.850,-31.951,64.390,1.463
1714823095331,2024-05-04T14:44:55.331,18.860,1.890,33.415,7.683
1714823095341,2024-05-04T14:44:55.341,18.870,29.329,24.207,10.061
1714823095351,2024-05-04T14:44:55.351,18.880,49.573,34.146,11.402
1714823095361,2024-05-04T14:44:55.361,18.890,60.122,54.634,10.061
1714823095371,2024-05-04T14:44:55.371,18.900,56.341,75.244,2.439
1714823095381,2024-05-04T14:44:55.381,18.910,46.707,93.659,-6.646
1714823095391,2024-05-04T14:44:55.391,18.920,42.012,113.293,-8.963
1714823095401,2024-05-04T14:44:55.401,18.930,46.463,118.659,-3.659
1714823095411,2024-05-04T14:44:55.411,18.940,53.537,84.207,3.354
1714823095421,2024-05-04T14:44:55.421,18.950,57.317,38.537,3.841
1714823095431,2024-05-04T14:44:55.431,18.960,58.476,3.293,2.134
1714823095441,2024-05-04T14:44:55.441,18.970,62.744,-21.341,0.061
1714823095451,2024-05-04T14:44:55.451,18.980,67.622,-36.524,-3.476
1714823095461,2024-05-04T14:44:55.461,18.990,71.585,-46.159,-4.634
1714823095471,2024-05-04T14:44:55.471,19.000,72.927,-50.305,-2.866
1714823095481,2024-05-04T14:44:55.481,19.010,74.024,-55.061,0.061
1714823095491,2024-05-04T14:44:55.491,19.020,74.512,-63.841,6.524
1714823095501,2024-05-04T14:44:55.501,19.030,74.878,-77.866,11.402
1714823095511,2024-05-04T14:44:55.511,19.040,75.000,-93.780,11.890
1714823095521,2024-05-04T14:44:55.521,19.050,75.061,-105.549,9.451
1714823095531,2024-05-04T14:44:55.531,19.060,76.768,-117.195,5.305
1714823095541,2024-05-04T14:44:55.541,19.070,77.927,-130.671,1.890
1714823095551,2024-05-04T14:44:55.551,19.080,76.159,-141.220,2.195
1714823095561,2024-05-04T14:44:55.561,19.090,73.171,-148.415,0.305
1714823095571,2024-05-04T14:44:55.571,19.100,70.854,-152.317,-2.744
1714823095581,2024-05-04T14:44:55.581,19.110,64.817,-153.476,-3.902
1714823095591,2024-05-04T14:44:55.591,19.120,53.902,-149.024,-6.768
1714823095601,2024-05-04T14:44:55.601,19.130,46.646,-136.646,-7.073
1714823095611,2024-05-04T14:44:55.611,19.140,44.085,-118.659,-6.280
1714823095621,2024-05-04T14:44:55.621,19.150,41.829,-96.829,-8.963
1714823095631,2024-05-04T14:44:55.631,19.160,37.927,-74.878,-9.024
1714823095641,2024-05-04T14:44:55.641,19.170,31.951,-60.183,-8.110
1714823095651,2024-05-04T14:44:55.651,19.180,27.256,-52.073,-6.951
1714823095661,2024-05-04T14:44:55.661,19.190,24.268,-49.207,-6.402
1714823095671,2024-05-04T14:44:55.671,19.200,19.695,-46.220,-5.793
1714823095681,2024-05-04T14:44:55.681,19.210,14.817,-37.927,-4.146
1714823095691,2024-05-04T14:44:55.691,19.220,12.988,-29.695,-2.317
1714823095701,2024-05-04T14:44:55.701,19.230,13.049,-25.915,-0.305
1714823095711,2024-05-04T14:44:55.711,19.240,11.646,-25.915,1.707
1714823095721,2024-05-04T14:44:55.721,19.250,9.939,-28.780,3.110
1714823095731,2024-05-04T14:44:55.731,19.260,7.927,-32.012,3.720
1714823095741,2024-05-04T14:44:55.741,19.270,5.366,-35.061,4.390
1714823095751,2024-05-04T14:44:55.751,19.280,2.378,-38.902,4.024
1714823095761,2024-05-04T14:44:55.761,19.290,0.000,-39.451,3.963
1714823095771,2024-05-04T14:44:55.771,19.300,-1.098,-33.354,4.207
1714823095781,2024-05-04T14:44:55.781,19.310,-0.610,-21.585,3.841
1714823095791,2024-05-04T14:44:55.791,19.320,1.646,-9.939,4.390
1714823095801,2024-05-04T14:44:55.801,19.330,2.866,-1.951,5.671
1714823095811,2024-05-04T14:44:55.811,19.340,1.037,0.305,5.732
1714823095821,2024-05-04T14:44:55.821,19.350,-1.585,-3.171,4.085
1714823095831,2024-05-04T14:44:55.831,19.360,-2.073,-8.415,2.439
1714823095841,2024-05-04T14:44:55.841,19.370,-1.037,-10.915,1.463
1714823095851,2024-05-04T14:44:55.851,19.380,0.183,-8.171,0.488
1714823095861,2024-05-04T14:44:55.861,19.390,1.463,-1.524,-0.671
1714823095871,2024-05-04T14:44:55.871,19.400,2.622,5.915,-1.707
1714823095881,2024-05-04T14:44:55.881,19.410,1.951,11.951,-1.890
1714823095891,2024-05-04T14:44:55.891,19.420,-0.061,15.976,-1.280
1714823095901,2024-05-04T14:44:55.901,19.430,-1.463,17.988,-0.671
1714823095911,2024-05-04T14:44:55.911,19.440,-0.732,16.341,-0.549
1714823095921,2024-05-04T14:44:55.921,19.450,-0.183,11.341,-0.244
1714823095931,2024-05-04T14:44:55.931,19.460,0.732,3.537,0.061
1714823095941,2024-05-04T14:44:55.941,19.470,0.488,-4.512,0.061
1714823095951,2024-05-04T14:44:55.951,19.480,-1.159,-9.573,1.159
1714823095961,2024-05-04T14:44:55.961,19.490,-4.634,-10.366,1.890
1714823095971,2024-05-04T14:44:55.971,19.500,-6.890,-7.317,2.866
1714823095981,2024-05-04T14:44:55.981,19.510,-7.073,-3.110,3.415
1714823095991,2024-05-04T14:44:55.991,19.520,-5.610,-1.341,3.354
1714823096001,2024-05-04T14:44:56.001,19.530,-3.720,-2.622,3.171
1714823096011,2024-05-04T14:44:56.011,19.540,-2.683,-3.476,1.829
1714823096021,2024-05-04T14:44:56.021,19.550,-0.854,-1.951,-0.366
1714823096031,2024-05-04T14:44:56.031,19.560,1.463,-0.183,-2.317
1714823096041,2024-05-04T14:44:56.041,19.570,1.707,1.341,-2.744
1714823096051,2024-05-04T14:44:56.051,19.580,0.549,3.415,-2.500
1714823096061,2024-05-04T14:44:56.061,19.590,0.366,5.427,-2.500
1714823096071,2024-05-04T14:44:56.071,19.600,2.134,6.098,-2.378
1714823096081,2024-05-04T14:44:56.081,19.610,5.122,4.451,-2.378
1714823096091,2024-05-04T14:44:56.091,19.620,8.415,0.793,-3.293
1714823096101,2024-05-04T14:44:56.101,19.630,11.098,-6.463,-4.390
1714823096111,2024-05-04T14:44:56.111,19.640,13.293,-14.939,-4.146
1714823096121,2024-05-04T14:44:56.121,19.650,15.793,-23.659,-4.268
1714823096131,2024-05-04T14:44:56.131,19.660,16.402,-29.512,-3.780
1714823096141,2024-05-04T14:44:56.141,19.670,16.220,-29.939,-3.902
1714823096151,2024-05-04T14:44:56.151,19.680,17.500,-29.146,-4.390
1714823096161,2024-05-04T14:44:56.161,19.690,16.341,-28.293,-4.817
1714823096171,2024-05-04T14:44:56.171,19.700,15.122,-31.159,-7.256
1714823096181,2024-05-04T14:44:56.181,19.710,16.463,-43.841,-11.890
1714823096191,2024-05-04T14:44:56.191,19.720,14.695,-55.183,-13.171
1714823096201,2024-05-04T14:44:56.201,19.730,8.841,-55.427,-12.622
1714823096211,2024-05-04T14:44:56.211,19.740,3.476,-45.915,-13.659
1714823096221,2024-05-04T14:44:56.221,19.750,-3.598,-33.598,-12.744
1714823096231,2024-05-04T14:44:56.231,19.760,-15.549,-19.207,-7.073
1714823096241,2024-05-04T14:44:56.241,19.770,-28.902,2.378,-1.280
1714823096251,2024-05-04T14:44:56.251,19.780,-35.732,32.134,3.293
1714823096261,2024-05-04T14:44:56.261,19.790,-39.512,66.463,11.280
1714823096271,2024-05-04T14:44:56.271,19.800,-47.805,110.976,17.805
1714823096281,2024-05-04T14:44:56.281,19.810,-58.110,170.427,21.098
1714823096291,2024-05-04T14:44:56.291,19.820,-73.902,233.049,17.256
1714823096301,2024-05-04T14:44:56.301,19.830,-93.841,291.159,9.085
1714823096311,2024-05-04T14:44:56.311,19.840,-104.634,349.939,-0.061
1714823096321,2024-05-04T14:44:56.321,19.850,-116.159,383.415,-12.134
1714823096331,2024-05-04T14:44:56.331,19.860,-142.256,387.134,-22.683
1714823096341,2024-05-04T14:44:56.341,19.870,-167.134,367.744,-27.744
1714823096351,2024-05-04T14:44:56.351,19.880,-177.622,336.098,-31.646
1714823096361,2024-05-04T14:44:56.361,19.890,-181.280,329.817,-27.134
1714823096371,2024-05-04T14:44:56.371,19.900,-150.000,283.293,-19.756
1714823096381,2024-05-04T14:44:56.381,19.910,-115.427,196.159,-10.915
1714823096391,2024-05-04T14:44:56.391,19.920,-95.244,121.646,-4.024
1714823096401,2024-05-04T14:44:56.401,19.930,-83.841,74.756,2.561
1714823096411,2024-05-04T14:44:56.411,19.940,-58.110,47.439,9.268
1714823096421,2024-05-04T14:44:56.421,19.950,-24.634,24.756,14.634
1714823096431,2024-05-04T14:44:56.431,19.960,-1.646,3.720,17.500
1714823096441,2024-05-04T14:44:56.441,19.970,12.073,-12.073,17.744
1714823096451,2024-05-04T14:44:56.451,19.980,21.951,-21.341,16.037
1714823096461,2024-05-04T14:44:56.461,19.990,28.171,-26.159,15.183
1714823096471,2024-05-04T14:44:56.471,20.000,30.488,-28.963,12.988
1714823096481,2024-05-04T14:44:56.481,20.010,30.732,-32.195,9.085
1714823096491,2024-05-04T14:44:56.491,20.020,31.341,-37.500,6.585
1714823096501,2024-05-04T14:44:56.501,20.030,33.110,-42.683,3.232
1714823096511,2024-05-04T14:44:56.511,20.040,34.207,-47.317,-0.061
1714823096521,2024-05-04T14:44:56.521,20.050,33.293,-51.585,-1.402
1714823096531,2024-05-04T14:44:56.531,20.060,32.683,-58.049,-2.256
1714823096541,2024-05-04T14:44:56.541,20.070,32.134,-68.354,-3.720
1714823096551,2024-05-04T14:44:56.551,20.080,32.866,-80.915,-3.902
1714823096561,2024-05-04T14:44:56.561,20.090,33.720,-97.256,-3.598
1714823096571,2024-05-04T14:44:56.571,20.100,35.488,-115.549,-4.329
1714823096581,2024-05-04T14:44:56.581,20.110,37.683,-132.073,-4.939
1714823096591,2024-05-04T14:44:56.591,20.120,40.610,-142.195,-6.524
1714823096601,2024-05-04T14:44:56.601,20.130,47.317,-150.732,-8.476
1714823096611,2024-05-04T14:44:56.611,20.140,53.110,-161.707,-11.768
1714823096621,2024-05-04T14:44:56.621,20.150,58.476,-173.841,-14.695
1714823096631,2024-05-04T14:44:56.631,20.160,64.817,-182.683,-16.098
1714823096641,2024-05-04T14:44:56.641,20.170,68.476,-186.220,-15.122
1714823096651,2024-05-04T14:44:56.651,20.180,65.427,-183.780,-15.183
1714823096661,2024-05-04T14:44:56.661,20.190,60.915,-174.634,-17.561
1714823096671,2024-05-04T14:44:56.671,20.200,59.451,-166.707,-15.793
1714823096681,2024-05-04T14:44:56.681,20.210,56.159,-166.098,-6.890
1714823096691,2024-05-04T14:44:56.691,20.220,48.537,-171.707,-6.037
1714823096701,2024-05-04T14:44:56.701,20.230,40.427,-165.061,-14.695
1714823096711,2024-05-04T14:44:56.711,20.240,39.268,-144.817,-14.573
1714823096721,2024-05-04T14:44:56.721,20.250,39.329,-119.268,-12.256
1714823096731,2024-05-04T14:44:56.731,20.260,39.024,-94.390,-14.329
1714823096741,2024-05-04T14:44:56.741,20.270,37.317,-74.085,-14.085
1714823096751,2024-05-04T14:44:56.751,20.280,33.415,-58.902,-9.390
1714823096761,2024-05-04T14:44:56.761,20.290,26.646,-48.232,-3.232
1714823096771,2024-05-04T14:44:56.771,20.300,16.646,-46.951,-1.463
1714823096781,2024-05-04T14:44:56.781,20.310,7.378,-53.293,-3.171
1714823096791,2024-05-04T14:44:56.791,20.320,2.744,-53.598,0.000
1714823096801,2024-05-04T14:44:56.801,20.330,3.720,-44.634,4.085
1714823096811,2024-05-04T14:44:56.811,20.340,10.244,-33.415,2.744
1714823096821,2024-05-04T14:44:56.821,20.350,16.341,-26.402,0.671
1714823096831,2024-05-04T14:44:56.831,20.360,16.280,-18.415,0.671
1714823096841,2024-05-04T14:44:56.841,20.370,12.622,-7.866,-0.671
1714823096851,2024-05-04T14:44:56.851,20.380,7.439,-0.244,-3.902
1714823096861,2024-05-04T14:44:56.861,20.390,1.280,-0.061,-2.927
1714823096871,2024-05-04T14:44:56.871,20.400,-5.000,-5.366,-2.317
1714823096881,2024-05-04T14:44:56.881,20.410,-7.805,-6.829,-2.744
1714823096891,2024-05-04T14:44:56.891,20.420,-4.207,-0.427,-3.171
1714823096901,2024-05-04T14:44:56.901,20.430,2.683,8.598,-3.841
1714823096911,2024-05-04T14:44:56.911,20.440,6.280,13.476,-2.378
1714823096921,2024-05-04T14:44:56.921,20.450,6.951,12.988,-1.037
1714823096931,2024-05-04T14:44:56.931,20.460,6.098,3.841,-1.159
1714823096941,2024-05-04T14:44:56.941,20.470,4.573,-10.732,1.159
1714823096951,2024-05-04T14:44:56.951,20.480,3.476,-23.963,3.963
1714823096961,2024-05-04T14:44:56.961,20.490,1.829,-28.598,5.183
1714823096971,2024-05-04T14:44:56.971,20.500,1.037,-22.134,6.037
1714823096981,2024-05-04T14:44:56.981,20.510,1.159,-8.902,5.549
1714823096991,2024-05-04T14:44:56.991,20.520,1.159,3.780,4.085
1714823097001,2024-05-04T14:44:57.001,20.530,2.012,10.915,3.537
1714823097011,2024-05-04T14:44:57.011,20.540,2.927,8.476,2.927
1714823097021,2024-05-04T14:44:57.021,20.550,1.463,0.915,2.195
1714823097031,2024-05-04T14:44:57.031,20.560,1.159,-3.232,2.744
1714823097041,2024-05-04T14:44:57.041,20.570,5.732,-1.585,2.805
1714823097051,2024-05-04T14:44:57.051,20.580,10.366,1.220,3.293
1714823097061,2024-05-04T14:44:57.061,20.590,9.634,3.354,3.780
1714823097071,2024-05-04T14:44:57.071,20.600,4.512,4.085,3.171
1714823097081,2024-05-04T14:44:57.081,20.610,1.220,5.671,3.720
1714823097091,2024-05-04T14:44:57.091,20.620,1.951,7.866,4.878
1714823097101,2024-05-04T14:44:57.101,20.630,4.817,8.659,6.280
1714823097111,2024-05-04T14:44:57.111,20.640,6.037,6.220,6.098
1714823097121,2024-05-04T14:44:57.121,20.650,4.695,2.744,4.451
1714823097131,2024-05-04T14:44:57.131,20.660,4.939,3.354,3.780
1714823097141,2024-05-04T14:44:57.141,20.670,8.354,9.939,4.512
1714823097151,2024-05-04T14:44:57.151,20.680,11.585,17.195,5.549
1714823097161,2024-05-04T14:44:57.161,20.690,14.207,19.451,6.280
1714823097171,2024-05-04T14:44:57.171,20.700,14.939,15.244,6.037
1714823097181,2024-05-04T14:44:57.181,20.710,11.951,6.951,5.244
1714823097191,2024-05-04T14:44:57.191,20.720,9.390,2.073,4.451
1714823097201,2024-05-04T14:44:57.201,20.730,13.110,3.659,3.293
1714823097211,2024-05-04T14:44:57.211,20.740,20.000,8.476,2.561
1714823097221,2024-05-04T14:44:57.221,20.750,24.817,14.817,2.866
1714823097231,2024-05-04T14:44:57.231,20.760,25.671,23.963,0.427
1714823097241,2024-05-04T14:44:57.241,20.770,27.195,35.061,-3.720
1714823097251,2024-05-04T14:44:57.251,20.780,29.878,44.390,-6.463
1714823097261,2024-05-04T14:44:57.261,20.790,35.488,50.000,-9.329
1714823097271,2024-05-04T14:44:57.271,20.800,38.902,51.159,-12.012
1714823097281,2024-05-04T14:44:57.281,20.810,38.598,52.866,-13.049
1714823097291,2024-05-04T14:44:57.291,20.820,35.976,58.780,-16.524
1714823097301,2024-05-04T14:44:57.301,20.830,35.061,70.305,-21.037
1714823097311,2024-05-04T14:44:57.311,20.840,36.951,83.659,-25.976
1714823097321,2024-05-04T14:44:57.321,20.850,37.866,97.683,-30.000
1714823097331,2024-05-04T14:44:57.331,20.860,34.756,115.610,-30.976
1714823097341,2024-05-04T14:44:57.341,20.870,27.561,139.573,-31.098
1714823097351,2024-05-04T14:44:57.351,20.880,23.659,168.110,-31.707
1714823097361,2024-05-04T14:44:57.361,20.890,20.366,196.037,-31.951
1714823097371,2024-05-04T14:44:57.371,20.900,11.463,213.354,-33.720
1714823097381,2024-05-04T14:44:57.381,20.910,4.756,207.439,-35.000
1714823097391,2024-05-04T14:44:57.391,20.920,-2.195,173.232,-33.293
1714823097401,2024-05-04T14:44:57.401,20.930,-16.402,124.695,-28.720
1714823097411,2024-05-04T14:44:57.411,20.940,-34.878,75.000,-28.659
1714823097421,2024-05-04T14:44:57.421,20.950,-51.829,35.732,-28.415
1714823097431,2024-05-04T14:44:57.431,20.960,-66.220,14.756,-21.463
1714823097441,2024-05-04T14:44:57.441,20.970,-81.768,16.768,-8.598
1714823097451,2024-05-04T14:44:57.451,20.980,-100.000,28.963,3.110
1714823097461,2024-05-04T14:44:57.461,20.990,-113.110,42.256,6.585
1714823097471,2024-05-04T14:44:57.471,21.000,-126.890,71.585,5.610
1714823097481,2024-05-04T14:44:57.481,21.010,-142.012,119.939,-11.524
1714823097491,2024-05-04T14:44:57.491,21.020,-154.268,191.037,-27.378
1714823097501,2024-05-04T14:44:57.501,21.030,-172.378,283.415,-38.049
1714823097511,2024-05-04T14:44:57.511,21.040,-198.232,332.500,-73.232
1714823097521,2024-05-04T14:44:57.521,21.050,-225.549,284.085,-103.171
1714823097531,2024-05-04T14:44:57.531,21.060,-220.732,205.305,-67.195
1714823097541,2024-05-04T14:44:57.541,21.070,-176.402,125.244,-23.110
1714823097551,2024-05-04T14:44:57.551,21.080,-122.866,39.878,-23.720
1714823097561,2024-05-04T14:44:57.561,21.090,-70.976,-38.659,-29.207
1714823097571,2024-05-04T14:44:57.571,21.100,-28.232,-94.573,-22.622
1714823097581,2024-05-04T14:44:57.581,21.110,6.098,-120.793,-13.963
1714823097591,2024-05-04T14:44:57.591,21.120,30.976,-129.329,-1.646
1714823097601,2024-05-04T14:44:57.601,21.130,42.561,-128.476,12.073
1714823097611,2024-05-04T14:44:57.611,21.140,45.000,-116.037,19.451
1714823097621,2024-05-04T14:44:57.621,21.150,41.159,-91.768,19.268
1714823097631,2024-05-04T14:44:57.631,21.160,34.085,-63.963,16.402
1714823097641,2024-05-04T14:44:57.641,21.170,29.817,-38.841,13.415
1714823097651,2024-05-04T14:44:57.651,21.180,27.988,-20.671,9.695
1714823097661,2024-05-04T14:44:57.661,21.190,27.317,-13.659,6.280
1714823097671,2024-05-04T14:44:57.671,21.200,25.732,-18.902,5.610
1714823097681,2024-05-04T14:44:57.681,21.210,24.146,-34.390,7.256
1714823097691,2024-05-04T14:44:57.691,21.220,25.000,-59.512,9.268
1714823097701,2024-05-04T14:44:57.701,21.230,30.183,-89.756,11.829
1714823097711,2024-05-04T14:44:57.711,21.240,37.256,-123.232,14.146
1714823097721,2024-05-04T14:44:57.721,21.250,41.341,-153.354,13.293
1714823097731,2024-05-04T14:44:57.731,21.260,42.256,-174.939,10.488
1714823097741,2024-05-04T14:44:57.741,21.270,43.049,-188.049,8.415
1714823097751,2024-05-04T14:44:57.751,21.280,46.951,-195.427,4.756
1714823097761,2024-05-04T14:44:57.761,21.290,51.220,-195.122,3.110
1714823097771,2024-05-04T14:44:57.771,21.300,52.500,-192.378,2.073
1714823097781,2024-05-04T14:44:57.781,21.310,51.220,-191.280,0.671
1714823097791,2024-05-04T14:44:57.791,21.320,47.927,-189.207,0.183
1714823097801,2024-05-04T14:44:57.801,21.330,43.049,-182.988,-2.988
1714823097811,2024-05-04T14:44:57.811,21.340,41.341,-171.341,-5.244
1714823097821,2024-05-04T14:44:57.821,21.350,41.585,-161.280,-4.390
1714823097831,2024-05-04T14:44:57.831,21.360,38.841,-152.195,-2.683
1714823097841,2024-05-04T14:44:57.841,21.370,31.646,-142.134,0.854
1714823097851,2024-05-04T14:44:57.851,21.380,22.683,-131.829,4.939
1714823097861,2024-05-04T14:44:57.861,21.390,17.195,-114.085,8.415
1714823097871,2024-05-04T14:44:57.871,21.400,19.024,-95.549,10.671
1714823097881,2024-05-04T14:44:57.881,21.410,18.780,-95.549,11.707
1714823097891,2024-05-04T14:44:57.891,21.420,2.927,-87.378,7.561
1714823097901,2024-05-04T14:44:57.901,21.430,0.366,-50.244,4.390
1714823097911,2024-05-04T14:44:57.911,21.440,2.866,-13.963,2.012
1714823097921,2024-05-04T14:44:57.921,21.450,6.829,7.378,5.244
1714823097931,2024-05-04T14:44:57.931,21.460,8.293,7.012,6.890
1714823097941,2024-05-04T14:44:57.941,21.470,3.537,-8.537,2.317
1714823097951,2024-05-04T14:44:57.951,21.480,-1.890,-13.354,4.512
1714823097961,2024-05-04T14:44:57.961,21.490,2.195,-3.476,6.280
1714823097971,2024-05-04T14:44:57.971,21.500,7.439,-3.171,1.220
1714823097981,2024-05-04T14:44:57.981,21.510,4.878,-17.988,-0.671
1714823097991,2024-05-04T14:44:57.991,21.520,-1.829,-32.073,3.720
1714823098001,2024-05-04T14:44:58.001,21.530,-4.573,-33.537,7.561
1714823098011,2024-05-04T14:44:58.011,21.540,-3.476,-23.537,8.293
1714823098021,2024-05-04T14:44:58.021,21.550,0.732,-5.793,6.646
1714823098031,2024-05-04T14:44:58.031,21.560,6.341,8.354,5.732
1714823098041,2024-05-04T14:44:58.041,21.570,7.561,14.573,5.000
1714823098051,2024-05-04T14:44:58.051,21.580,3.963,11.463,2.561
1714823098061,2024-05-04T14:44:58.061,21.590,1.707,-0.793,0.549
1714823098071,2024-05-04T14:44:58.071,21.600,1.829,-14.878,1.524
1714823098081,2024-05-04T14:44:58.081,21.610,1.098,-22.134,2.195
1714823098091,2024-05-04T14:44:58.091,21.620,1.341,-16.220,2.988
1714823098101,2024-05-04T14:44:58.101,21.630,3.171,-1.585,3.232
1714823098111,2024-05-04T14:44:58.111,21.640,2.195,10.244,0.732
1714823098121,2024-05-04T14:44:58.121,21.650,-0.732,15.183,-0.976
1714823098131,2024-05-04T14:44:58.131,21.660,-2.866,14.329,-2.073
1714823098141,2024-05-04T14:44:58.141,21.670,-1.159,10.244,-2.195
1714823098151,2024-05-04T14:44:58.151,21.680,3.598,4.695,-1.037
1714823098161,2024-05-04T14:44:58.161,21.690,4.939,1.646,1.159
1714823098171,2024-05-04T14:44:58.171,21.700,2.012,4.573,-0.732
1714823098181,2024-05-04T14:44:58.181,21.710,-0.305,8.841,-4.207
1714823098191,2024-05-04T14:44:58.191,21.720,-0.671,12.378,-2.622
1714823098201,2024-05-04T14:44:58.201,21.730,-0.549,13.780,-1.098
1714823098211,2024-05-04T14:44:58.211,21.740,-0.183,12.561,-0.732
1714823098221,2024-05-04T14:44:58.221,21.750,0.732,10.183,0.122
1714823098231,2024-05-04T14:44:58.231,21.760,0.732,8.537,-0.305
1714823098241,2024-05-04T14:44:58.241,21.770,2.012,9.268,-1.524
1714823098251,2024-05-04T14:44:58.251,21.780,7.683,10.915,-1.402
1714823098261,2024-05-04T14:44:58.261,21.790,16.280,12.500,-1.341
1714823098271,2024-05-04T14:44:58.271,21.800,22.683,12.378,-2.927
1714823098281,2024-05-04T14:44:58.281,21.810,27.622,6.463,-1.890
1714823098291,2024-05-04T14:44:58.291,21.820,29.817,1.585,-3.963
1714823098301,2024-05-04T14:44:58.301,21.830,28.537,5.244,-5.549
1714823098311,2024-05-04T14:44:58.311,21.840,29.085,13.720,-4.817
1714823098321,2024-05-04T14:44:58.321,21.850,34.390,25.976,-8.232
1714823098331,2024-05-04T14:44:58.331,21.860,43.171,33.293,-10.183
1714823098341,2024-05-04T14:44:58.341,21.870,43.293,27.866,-14.695
1714823098351,2024-05-04T14:44:58.351,21.880,39.512,24.024,-16.707
1714823098361,2024-05-04T14:44:58.361,21.890,38.110,29.817,-16.280
1714823098371,2024-05-04T14:44:58.371,21.900,38.841,38.232,-20.061
1714823098381,2024-05-04T14:44:58.381,21.910,36.951,46.646,-21.098
1714823098391,2024-05-04T14:44:58.391,21.920,34.634,53.232,-22.378
1714823098401,2024-05-04T14:44:58.401,21.930,32.317,60.732,-25.976
1714823098411,2024-05-04T14:44:58.411,21.940,30.122,75.122,-31.220
1714823098421,2024-05-04T14:44:58.421,21.950,31.524,96.159,-36.098
1714823098431,2024-05-04T14:44:58.431,21.960,35.671,118.780,-37.012
1714823098441,2024-05-04T14:44:58.441,21.970,38.476,135.976,-37.317
1714823098451,2024-05-04T14:44:58.451,21.980,35.671,145.000,-38.659
1714823098461,2024-05-04T14:44:58.461,21.990,27.988,152.195,-36.646
1714823098471,2024-05-04T14:44:58.471,22.000,21.524,144.390,-35.061
1714823098481,2024-05-04T14:44:58.481,22.010,2.256,112.622,-37.744
1714823098491,2024-05-04T14:44:58.491,22.020,-26.341,70.854,-40.244
1714823098501,2024-05-04T14:44:58.501,22.030,-46.585,36.463,-38.293
1714823098511,2024-05-04T14:44:58.511,22.040,-57.561,23.354,-31.037
1714823098521,2024-05-04T14:44:58.521,22.050,-67.744,29.390,-26.402
1714823098531,2024-05-04T14:44:58.531,22.060,-76.463,41.707,-23.171
1714823098541,2024-05-04T14:44:58.541,22.070,-87.073,49.451,-21.951
1714823098551,2024-05-04T14:44:58.551,22.080,-98.354,53.293,-24.512
1714823098561,2024-05-04T14:44:58.561,22.090,-108.598,58.841,-20.854
1714823098571,2024-05-04T14:44:58.571,22.100,-122.500,81.463,-16.585
1714823098581,2024-05-04T14:44:58.581,22.110,-130.549,125.122,-22.927
1714823098591,2024-05-04T14:44:58.591,22.120,-138.720,163.049,-25.732
1714823098601,2024-05-04T14:44:58.601,22.130,-155.244,174.329,-23.537
1714823098611,2024-05-04T14:44:58.611,22.140,-168.841,166.768,-29.024
1714823098621,2024-05-04T14:44:58.621,22.150,-164.390,170.122,-32.805
1714823098631,2024-05-04T14:44:58.631,22.160,-140.854,168.232,-20.915
1714823098641,2024-05-04T14:44:58.641,22.170,-105.366,138.415,-11.098
1714823098651,2024-05-04T14:44:58.651,22.180,-62.683,103.354,-15.305
1714823098661,2024-05-04T14:44:58.661,22.190,-17.378,71.402,-3.049
1714823098671,2024-05-04T14:44:58.671,22.200,22.500,36.402,17.012
1714823098681,2024-05-04T14:44:58.681,22.210,45.671,1.341,21.524
1714823098691,2024-05-04T14:44:58.691,22.220,54.268,-23.415,19.268
1714823098701,2024-05-04T14:44:58.701,22.230,52.378,-36.524,18.902
1714823098711,2024-05-04T14:44:58.711,22.240,43.963,-47.073,17.927
1714823098721,2024-05-04T14:44:58.721,22.250,33.476,-57.561,12.988
1714823098731,2024-05-04T14:44:58.731,22.260,25.793,-63.415,8.415
1714823098741,2024-05-04T14:44:58.741,22.270,21.890,-61.098,5.854
1714823098751,2024-05-04T14:44:58.751,22.280,20.000,-52.134,5.915
1714823098761,2024-05-04T14:44:58.761,22.290,18.354,-43.476,6.829
1714823098771,2024-05-04T14:44:58.771,22.300,15.976,-38.415,7.805
1714823098781,2024-05-04T14:44:58.781,22.310,14.451,-37.805,9.024
1714823098791,2024-05-04T14:44:58.791,22.320,15.976,-42.012,10.976
1714823098801,2024-05-04T14:44:58.801,22.330,21.220,-52.927,13.171
1714823098811,2024-05-04T14:44:58.811,22.340,26.951,-70.061,14.939
1714823098821,2024-05-04T14:44:58.821,22.350,30.061,-87.866,16.951
1714823098831,2024-05-04T14:44:58.831,22.360,31.524,-102.927,17.927
1714823098841,2024-05-04T14:44:58.841,22.370,29.451,-116.463,17.866
1714823098851,2024-05-04T14:44:58.851,22.380,22.622,-126.951,17.012
1714823098861,2024-05-04T14:44:58.861,22.390,19.329,-133.780,15.976
1714823098871,2024-05-04T14:44:58.871,22.400,19.817,-137.805,15.671
1714823098881,2024-05-04T14:44:58.881,22.410,23.293,-141.037,18.415
1714823098891,2024-05-04T14:44:58.891,22.420,30.244,-142.561,18.720
1714823098901,2024-05-04T14:44:58.901,22.430,34.634,-141.220,13.780
1714823098911,2024-05-04T14:44:58.911,22.440,32.134,-132.683,10.549
1714823098921,2024-05-04T14:44:58.921,22.450,22.683,-114.024,11.829
1714823098931,2024-05-04T14:44:58.931,22.460,15.793,-86.829,12.317
1714823098941,2024-05-04T14:44:58.941,22.470,14.329,-59.512,11.585
1714823098951,2024-05-04T14:44:58.951,22.480,14.451,-37.195,12.805
1714823098961,2024-05-04T14:44:58.961,22.490,12.744,-26.646,13.354
1714823098971,2024-05-04T14:44:58.971,22.500,11.524,-28.415,12.195
1714823098981,2024-05-04T14:44:58.981,22.510,10.183,-40.000,11.524
1714823098991,2024-05-04T14:44:58.991,22.520,10.122,-52.012,11.037
1714823099001,2024-05-04T14:44:59.001,22.530,11.463,-58.354,10.183
1714823099011,2024-05-04T14:44:59.011,22.540,13.537,-56.707,9.512
1714823099021,2024-05-04T14:44:59.021,22.550,15.976,-49.146,9.695
1714823099031,2024-05-04T14:44:59.031,22.560,17.195,-40.366,10.488
1714823099041,2024-05-04T14:44:59.041,22.570,17.378,-35.488,10.549
1714823099051,2024-05-04T14:44:59.051,22.580,16.037,-36.463,11.585
1714823099061,2024-05-04T14:44:59.061,22.590,16.098,-38.841,13.720
1714823099071,2024-05-04T14:44:59.071,22.600,17.805,-39.878,13.476
1714823099081,2024-05-04T14:44:59.081,22.610,20.610,-38.110,13.293
1714823099091,2024-05-04T14:44:59.091,22.620,22.927,-31.402,14.451
1714823099101,2024-05-04T14:44:59.101,22.630,21.463,-22.866,13.476
1714823099111,2024-05-04T14:44:59.111,22.640,16.524,-15.793,11.098
1714823099121,2024-05-04T14:44:59.121,22.650,12.561,-10.732,10.122
1714823099131,2024-05-04T14:44:59.131,22.660,11.037,-7.195,10.427
1714823099141,2024-05-04T14:44:59.141,22.670,11.585,-2.134,11.524
1714823099151,2024-05-04T14:44:59.151,22.680,13.354,3.659,12.317
1714823099161,2024-05-04T14:44:59.161,22.690,14.634,7.744,11.402
1714823099171,2024-05-04T14:44:59.171,22.700,15.183,6.768,9.207
1714823099181,2024-05-04T14:44:59.181,22.710,14.756,0.732,7.317
1714823099191,2024-05-04T14:44:59.191,22.720,13.780,-5.671,7.134
1714823099201,2024-05-04T14:44:59.201,22.730,11.646,-9.817,7.805
1714823099211,2024-05-04T14:44:59.211,22.740,8.537,-10.610,7.439
1714823099221,2024-05-04T14:44:59.221,22.750,6.646,-8.720,7.805
1714823099231,2024-05-04T14:44:59.231,22.760,6.890,-4.024,8.780
1714823099241,2024-05-04T14:44:59.241,22.770,6.098,0.610,7.683
1714823099251,2024-05-04T14:44:59.251,22.780,5.366,2.134,5.915
1714823099261,2024-05-04T14:44:59.261,22.790,5.427,-1.280,5.366
1714823099271,2024-05-04T14:44:59.271,22.800,5.793,-7.866,5.244
1714823099281,2024-05-04T14:44:59.281,22.810,6.707,-14.939,5.549
1714823099291,2024-05-04T14:44:59.291,22.820,7.500,-20.915,6.402
1714823099301,2024-05-04T14:44:59.301,22.830,6.951,-22.561,7.256
1714823099311,2024-05-04T14:44:59.311,22.840,7.073,-20.000,6.951
1714823099321,2024-05-04T14:44:59.321,22.850,8.659,-15.732,6.402
1714823099331,2024-05-04T14:44:59.331,22.860,10.122,-10.549,5.915
1714823099341,2024-05-04T14:44:59.341,22.870,11.829,-4.939,5.671
1714823099351,2024-05-04T14:44:59.351,22.880,15.061,-1.159,6.280
1714823099361,2024-05-04T14:44:59.361,22.890,17.805,-2.012,6.280
1714823099371,2024-05-04T14:44:59.371,22.900,20.366,-4.329,7.256
1714823099381,2024-05-04T14:44:59.381,22.910,21.280,-5.610,8.354
1714823099391,2024-05-04T14:44:59.391,22.920,20.671,-4.207,7.805
1714823099401,2024-05-04T14:44:59.401,22.930,22.439,-1.220,6.220
1714823099411,2024-05-04T14:44:59.411,22.940,25.976,0.061,4.939
1714823099421,2024-05-04T14:44:59.421,22.950,28.415,0.183,4.695
1714823099431,2024-05-04T14:44:59.431,22.960,32.195,4.817,5.183
1714823099441,2024-05-04T14:44:59.441,22.970,35.366,12.805,3.537
1714823099451,2024-05-04T14:44:59.451,22.980,34.146,17.622,-0.732
1714823099461,2024-05-04T14:44:59.461,22.990,30.915,22.195,-2.195
1714823099471,2024-05-04T14:44:59.471,23.000,33.354,27.195,-7.317
1714823099481,2024-05-04T14:44:59.481,23.010,37.500,27.195,-12.988
1714823099491,2024-05-04T14:44:59.491,23.020,39.390,28.232,-14.634
1714823099501,2024-05-04T14:44:59.501,23.030,41.646,30.854,-18.415
1714823099511,2024-05-04T14:44:59.511,23.040,40.671,31.768,-24.451
1714823099521,2024-05-04T14:44:59.521,23.050,37.927,35.610,-28.537
1714823099531,2024-05-04T14:44:59.531,23.060,34.573,44.390,-33.659
1714823099541,2024-05-04T14:44:59.541,23.070,31.280,59.390,-39.573
1714823099551,2024-05-04T14:44:59.551,23.080,32.134,83.171,-42.988
1714823099561,2024-05-04T14:44:59.561,23.090,37.622,108.780,-43.902
1714823099571,2024-05-04T14:44:59.571,23.100,38.537,124.756,-43.415
1714823099581,2024-05-04T14:44:59.581,23.110,27.500,125.732,-44.451
1714823099591,2024-05-04T14:44:59.591,23.120,9.573,117.134,-45.793
1714823099601,2024-05-04T14:44:59.601,23.130,-10.671,108.415,-44.390
1714823099611,2024-05-04T14:44:59.611,23.140,-29.878,107.622,-42.805
1714823099621,2024-05-04T14:44:59.621,23.150,-44.817,112.256,-43.415
1714823099631,2024-05-04T14:44:59.631,23.160,-53.963,103.476,-44.024
1714823099641,2024-05-04T14:44:59.641,23.170,-71.524,75.122,-44.024
1714823099651,2024-05-04T14:44:59.651,23.180,-88.841,49.390,-36.707
1714823099661,2024-05-04T14:44:59.661,23.190,-100.061,49.329,-27.256
1714823099671,2024-05-04T14:44:59.671,23.200,-107.622,70.183,-23.476
1714823099681,2024-05-04T14:44:59.681,23.210,-112.622,93.232,-22.256
1714823099691,2024-05-04T14:44:59.691,23.220,-120.305,110.000,-22.988
1714823099701,2024-05-04T14:44:59.701,23.230,-126.037,115.305,-20.427
1714823099711,2024-05-04T14:44:59.711,23.240,-125.427,114.573,-14.634
1714823099721,2024-05-04T14:44:59.721,23.250,-130.061,121.524,-17.378
1714823099731,2024-05-04T14:44:59.731,23.260,-147.073,157.744,-21.463
1714823099741,2024-05-04T14:44:59.741,23.270,-169.085,183.963,-35.915
1714823099751,2024-05-04T14:44:59.751,23.280,-182.866,179.329,-47.317
1714823099761,2024-05-04T14:44:59.761,23.290,-168.293,159.024,-32.439
1714823099771,2024-05-04T14:44:59.771,23.300,-133.049,139.329,-17.500
1714823099781,2024-05-04T14:44:59.781,23.310,-100.061,123.171,-6.341
1714823099791,2024-05-04T14:44:59.791,23.320,-68.476,96.341,11.098
1714823099801,2024-05-04T14:44:59.801,23.330,-28.598,58.598,25.976
1714823099811,2024-05-04T14:44:59.811,23.340,22.378,18.963,32.805
1714823099821,2024-05-04T14:44:59.821,23.350,71.220,-10.061,39.085
1714823099831,2024-05-04T14:44:59.831,23.360,95.305,-26.646,41.280
1714823099841,2024-05-04T14:44:59.841,23.370,89.024,-37.256,36.402
1714823099851,2024-05-04T14:44:59.851,23.380,69.573,-46.037,29.207
1714823099861,2024-05-04T14:44:59.861,23.390,51.585,-56.707,23.049
1714823099871,2024-05-04T14:44:59.871,23.400,41.341,-65.854,18.841
1714823099881,2024-05-04T14:44:59.881,23.410,39.451,-70.061,15.122
1714823099891,2024-05-04T14:44:59.891,23.420,41.098,-69.756,11.037
1714823099901,2024-05-04T14:44:59.901,23.430,37.988,-68.598,6.646
1714823099911,2024-05-04T14:44:59.911,23.440,31.768,-72.561,3.537
1714823099921,2024-05-04T14:44:59.921,23.450,27.073,-82.134,3.476
1714823099931,2024-05-04T14:44:59.931,23.460,25.488,-95.000,4.634
1714823099941,2024-05-04T14:44:59.941,23.470,25.427,-107.134,5.976
1714823099951,2024-05-04T14:44:59.951,23.480,25.000,-116.951,8.476
1714823099961,2024-05-04T14:44:59.961,23.490,24.756,-125.183,12.805
1714823099971,2024-05-04T14:44:59.971,23.500,24.695,-130.061,14.390
1714823099981,2024-05-04T14:44:59.981,23.510,24.634,-134.268,12.500
1714823099991,2024-05-04T14:44:59.991,23.520,26.524,-137.866,9.695
1714823100001,2024-05-04T14:45:00.001,23.530,31.646,-139.512,6.524
1714823100011,2024-05-04T14:45:00.011,23.540,37.195,-142.256,4.634
1714823100021,2024-05-04T14:45:00.021,23.550,38.415,-143.537,3.110
1714823100031,2024-05-04T14:45:00.031,23.560,38.963,-132.561,5.610
1714823100041,2024-05-04T14:45:00.041,23.570,36.220,-112.317,8.049
1714823100051,2024-05-04T14:45:00.051,23.580,31.341,-98.780,6.341
1714823100061,2024-05-04T14:45:00.061,23.590,30.915,-100.244,4.817
1714823100071,2024-05-04T14:45:00.071,23.600,34.817,-115.244,5.244
1714823100081,2024-05-04T14:45:00.081,23.610,36.585,-136.341,8.049
1714823100091,2024-05-04T14:45:00.091,23.620,31.280,-150.427,12.134
1714823100101,2024-05-04T14:45:00.101,23.630,21.098,-148.598,14.268
1714823100111,2024-05-04T14:45:00.111,23.640,12.378,-134.146,14.390
1714823100121,2024-05-04T14:45:00.121,23.650,9.817,-114.329,14.085
1714823100131,2024-05-04T14:45:00.131,23.660,9.451,-95.427,14.085
1714823100141,2024-05-04T14:45:00.141,23.670,11.037,-78.293,13.415
1714823100151,2024-05-04T14:45:00.151,23.680,13.720,-69.085,10.976
1714823100161,2024-05-04T14:45:00.161,23.690,13.415,-65.671,9.634
1714823100171,2024-05-04T14:45:00.171,23.700,9.695,-61.585,9.512
1714823100181,2024-05-04T14:45:00.181,23.710,5.915,-54.573,6.951
1714823100191,2024-05-04T14:45:00.191,23.720,6.220,-44.451,3.841
1714823100201,2024-05-04T14:45:00.201,23.730,8.537,-33.415,2.988
1714823100211,2024-05-04T14:45:00.211,23.740,10.305,-21.707,4.512
1714823100221,2024-05-04T14:45:00.221,23.750,11.341,-9.817,4.817
1714823100231,2024-05-04T14:45:00.231,23.760,12.134,-2.622,2.317
1714823100241,2024-05-04T14:45:00.241,23.770,13.780,-3.354,0.976
1714823100251,2024-05-04T14:45:00.251,23.780,14.268,-9.878,1.585
1714823100261,2024-05-04T14:45:00.261,23.790,12.866,-16.951,2.073
1714823100271,2024-05-04T14:45:00.271,23.800,9.817,-21.159,1.768
1714823100281,2024-05-04T14:45:00.281,23.810,6.646,-19.390,1.707
1714823100291,2024-05-04T14:45:00.291,23.820,5.671,-11.646,0.976
1714823100301,2024-05-04T14:45:00.301,23.830,7.683,-2.439,-0.244
1714823100311,2024-05-04T14:45:00.311,23.840,9.085,5.244,-0.976
1714823100321,2024-05-04T14:45:00.321,23.850,9.207,11.098,-0.793
1714823100331,2024-05-04T14:45:00.331,23.860,7.256,11.220,-0.427
1714823100341,2024-05-04T14:45:00.341,23.870,4.634,8.415,1.037
1714823100351,2024-05-04T14:45:00.351,23.880,3.293,6.463,1.829
1714823100361,2024-05-04T14:45:00.361,23.890,3.171,7.683,1.585
1714823100371,2024-05-04T14:45:00.371,23.900,6.159,9.329,2.073
1714823100381,2024-05-04T14:45:00.381,23.910,8.415,6.646,1.951
1714823100391,2024-05-04T14:45:00.391,23.920,7.256,0.488,2.744
1714823100401,2024-05-04T14:45:00.401,23.930,4.695,-5.305,3.902
1714823100411,2024-05-04T14:45:00.411,23.940,2.805,-7.012,4.329
1714823100421,2024-05-04T14:45:00.421,23.950,1.951,-5.427,4.573
1714823100431,2024-05-04T14:45:00.431,23.960,2.073,-2.134,4.756
1714823100441,2024-05-04T14:45:00.441,23.970,3.720,1.524,4.878
1714823100451,2024-05-04T14:45:00.451,23.980,4.939,5.488,5.122
1714823100461,2024-05-04T14:45:00.461,23.990,3.720,9.634,4.451
1714823100471,2024-05-04T14:45:00.471,24.000,4.451,11.890,3.415
1714823100481,2024-05-04T14:45:00.481,24.010,6.646,10.854,3.902
1714823100491,2024-05-04T14:45:00.491,24.020,8.902,4.512,5.671
1714823100501,2024-05-04T14:45:00.501,24.030,9.329,-3.780,7.195
1714823100511,2024-05-04T14:45:00.511,24.040,9.329,-10.549,7.988
1714823100521,2024-05-04T14:45:00.521,24.050,8.110,-12.927,6.646
1714823100531,2024-05-04T14:45:00.531,24.060,7.927,-10.061,5.976
1714823100541,2024-05-04T14:45:00.541,24.070,10.061,-4.817,5.793
1714823100551,2024-05-04T14:45:00.551,24.080,10.244,-0.061,5.183
1714823100561,2024-05-04T14:45:00.561,24.090,7.744,4.390,4.756
1714823100571,2024-05-04T14:45:00.571,24.100,7.195,8.354,3.720
1714823100581,2024-05-04T14:45:00.581,24.110,9.451,8.598,1.585
1714823100591,2024-05-04T14:45:00.591,24.120,12.073,7.256,-0.061
1714823100601,2024-05-04T14:45:00.601,24.130,14.695,9.939,-1.220
1714823100611,2024-05-04T14:45:00.611,24.140,18.537,16.037,-2.256
1714823100621,2024-05-04T14:45:00.621,24.150,24.878,19.817,-2.805
1714823100631,2024-05-04T14:45:00.631,24.160,27.561,15.366,-4.024
1714823100641,2024-05-04T14:45:00.641,24.170,25.183,7.195,-3.902
1714823100651,2024-05-04T14:45:00.651,24.180,25.183,2.134,-2.012
1714823100661,2024-05-04T14:45:00.661,24.190,26.890,2.012,-0.061
1714823100671,2024-05-04T14:45:00.671,24.200,29.451,5.793,-0.488
1714823100681,2024-05-04T14:45:00.681,24.210,32.683,10.183,-3.232
1714823100691,2024-05-04T14:45:00.691,24.220,34.146,13.110,-6.463
1714823100701,2024-05-04T14:45:00.701,24.230,35.183,13.780,-9.573
1714823100711,2024-05-04T14:45:00.711,24.240,36.037,14.024,-13.171
1714823100721,2024-05-04T14:45:00.721,24.250,35.915,17.561,-16.585
1714823100731,2024-05-04T14:45:00.731,24.260,37.256,25.488,-18.902
1714823100741,2024-05-04T14:45:00.741,24.270,38.110,35.061,-20.915
1714823100751,2024-05-04T14:45:00.751,24.280,32.256,41.585,-23.902
1714823100761,2024-05-04T14:45:00.761,24.290,19.634,38.049,-27.988
1714823100771,2024-05-04T14:45:00.771,24.300,3.902,24.634,-31.646
1714823100781,2024-05-04T14:45:00.781,24.310,-9.878,13.720,-29.451
1714823100791,2024-05-04T14:45:00.791,24.320,-25.671,11.341,-24.817
1714823100801,2024-05-04T14:45:00.801,24.330,-44.878,23.232,-18.659
1714823100811,2024-05-04T14:45:00.811,24.340,-62.134,48.415,-7.927
1714823100821,2024-05-04T14:45:00.821,24.350,-78.415,87.683,-1.280
1714823100831,2024-05-04T14:45:00.831,24.360,-94.207,129.024,1.220
1714823100841,2024-05-04T14:45:00.841,24.370,-111.402,158.780,3.171
1714823100851,2024-05-04T14:45:00.851,24.380,-124.817,182.134,5.305
1714823100861,2024-05-04T14:45:00.861,24.390,-129.573,200.549,1.951
1714823100871,2024-05-04T14:45:00.871,24.400,-126.829,221.463,-4.390
1714823100881,2024-05-04T14:45:00.881,24.410,-127.073,244.268,-13.963
1714823100891,2024-05-04T14:45:00.891,24.420,-143.902,312.927,-24.024
1714823100901,2024-05-04T14:45:00.901,24.430,-121.768,377.073,-20.915
1714823100911,2024-05-04T14:45:00.911,24.440,-112.622,346.524,-28.902
1714823100921,2024-05-04T14:45:00.921,24.450,-137.439,278.841,-52.988
1714823100931,2024-05-04T14:45:00.931,24.460,-152.622,212.378,-50.488
1714823100941,2024-05-04T14:45:00.941,24.470,-138.841,162.927,-34.695
1714823100951,2024-05-04T14:45:00.951,24.480,-112.012,128.659,-22.073
1714823100961,2024-05-04T14:45:00.961,24.490,-84.878,91.585,-7.683
1714823100971,2024-05-04T14:45:00.971,24.500,-59.512,43.293,4.146
1714823100981,2024-05-04T14:45:00.981,24.510,-34.024,-3.720,14.268
1714823100991,2024-05-04T14:45:00.991,24.520,-11.037,-39.695,22.622
1714823101001,2024-05-04T14:45:01.001,24.530,8.720,-64.634,29.024
1714823101011,2024-05-04T14:45:01.011,24.540,27.561,-77.073,32.744
1714823101021,2024-05-04T14:45:01.021,24.550,43.293,-80.366,29.817
1714823101031,2024-05-04T14:45:01.031,24.560,52.622,-81.829,23.841
1714823101041,2024-05-04T14:45:01.041,24.570,54.878,-82.195,19.268
1714823101051,2024-05-04T14:45:01.051,24.580,54.146,-76.890,16.707
1714823101061,2024-05-04T14:45:01.061,24.590,51.951,-64.390,13.841
1714823101071,2024-05-04T14:45:01.071,24.600,48.476,-48.963,9.634
1714823101081,2024-05-04T14:45:01.081,24.610,45.976,-35.732,8.598
1714823101091,2024-05-04T14:45:01.091,24.620,45.610,-28.780,9.451
1714823101101,2024-05-04T14:45:01.101,24.630,45.610,-25.183,8.415
1714823101111,2024-05-04T14:45:01.111,24.640,44.573,-24.329,7.866
1714823101121,2024-05-04T14:45:01.121,24.650,44.024,-26.280,9.817
1714823101131,2024-05-04T14:45:01.131,24.660,46.280,-33.476,12.195
1714823101141,2024-05-04T14:45:01.141,24.670,49.878,-49.512,14.329
1714823101151,2024-05-04T14:45:01.151,24.680,51.829,-72.256,16.585
1714823101161,2024-05-04T14:45:01.161,24.690,51.829,-96.707,17.195
1714823101171,2024-05-04T14:45:01.171,24.700,50.854,-122.500,15.183
1714823101181,2024-05-04T14:45:01.181,24.710,49.390,-146.463,14.451
1714823101191,2024-05-04T14:45:01.191,24.720,47.988,-162.927,14.390
1714823101201,2024-05-04T14:45:01.201,24.730,44.817,-169.329,9.695
1714823101211,2024-05-04T14:45:01.211,24.740,45.793,-170.854,4.634
1714823101221,2024-05-04T14:45:01.221,24.750,49.268,-172.073,3.963
1714823101231,2024-05-04T14:45:01.231,24.760,50.244,-173.171,2.866
1714823101241,2024-05-04T14:45:01.241,24.770,46.280,-168.293,-0.366
1714823101251,2024-05-04T14:45:01.251,24.780,44.146,-153.963,-3.110
1714823101261,2024-05-04T14:45:01.261,24.790,44.939,-133.354,-1.524
1714823101271,2024-05-04T14:45:01.271,24.800,43.354,-115.854,0.671
1714823101281,2024-05-04T14:45:01.281,24.810,37.561,-106.220,-0.793
1714823101291,2024-05-04T14:45:01.291,24.820,29.573,-97.683,-2.622
1714823101301,2024-05-04T14:45:01.301,24.830,23.293,-75.854,1.890
1714823101311,2024-05-04T14:45:01.311,24.840,25.244,-52.622,3.659
1714823101321,2024-05-04T14:45:01.321,24.850,26.402,-45.122,0.183
1714823101331,2024-05-04T14:45:01.331,24.860,23.902,-46.829,3.659
1714823101341,2024-05-04T14:45:01.341,24.870,18.110,-51.646,6.402
1714823101351,2024-05-04T14:45:01.351,24.880,12.927,-55.122,4.634
1714823101361,2024-05-04T14:45:01.361,24.890,11.585,-53.659,4.085
1714823101371,2024-05-04T14:45:01.371,24.900,12.744,-46.341,5.549
1714823101381,2024-05-04T14:45:01.381,24.910,13.415,-38.720,5.854
1714823101391,2024-05-04T14:45:01.391,24.920,11.037,-36.098,6.280
1714823101401,2024-05-04T14:45:01.401,24.930,6.890,-33.780,8.110
1714823101411,2024-05-04T14:45:01.411,24.940,4.878,-30.732,7.805
1714823101421,2024-05-04T14:45:01.421,24.950,6.402,-30.061,5.915
1714823101431,2024-05-04T14:45:01.431,24.960,7.500,-31.463,4.573
1714823101441,2024-05-04T14:45:01.441,24.970,6.463,-32.927,4.085
1714823101451,2024-05-04T14:45:01.451,24.980,2.988,-34.451,2.317
1714823101461,2024-05-04T14:45:01.461,24.990,-0.549,-32.988,1.280
1714823101471,2024-05-04T14:45:01.471,25.000,-1.646,-26.768,2.317
1714823101481,2024-05-04T14:45:01.481,25.010,-0.488,-19.512,3.293
1714823101491,2024-05-04T14:45:01.491,25.020,1.098,-13.049,3.476
1714823101501,2024-05-04T14:45:01.501,25.030,2.805,-7.988,3.293
1714823101511,2024-05-04T14:45:01.511,25.040,2.927,-4.451,2.866
1714823101521,2024-05-04T14:45:01.521,25.050,1.768,-0.732,2.012
1714823101531,2024-05-04T14:45:01.531,25.060,1.098,1.402,0.427
1714823101541,2024-05-04T14:45:01.541,25.070,0.244,1.280,-0.610
1714823101551,2024-05-04T14:45:01.551,25.080,0.366,-0.427,-0.488
1714823101561,2024-05-04T14:45:01.561,25.090,2.927,-2.012,-0.427
1714823101571,2024-05-04T14:45:01.571,25.100,3.720,-2.317,0.000
1714823101581,2024-05-04T14:45:01.581,25.110,1.585,-0.732,0.122
1714823101591,2024-05-04T14:45:01.591,25.120,-0.427,3.232,-0.244
1714823101601,2024-05-04T14:45:01.601,25.130,-2.073,5.061,-0.488
1714823101611,2024-05-04T14:45:01.611,25.140,-3.415,3.415,-0.366
1714823101621,2024-05-04T14:45:01.621,25.150,-3.293,0.793,0.183
1714823101631,2024-05-04T14:45:01.631,25.160,-2.134,-2.256,-0.305
1714823101641,2024-05-04T14:45:01.641,25.170,-0.427,-2.561,0.000
1714823101651,2024-05-04T14:45:01.651,25.180,2.317,0.427,0.488
1714823101661,2024-05-04T14:45:01.661,25.190,3.110,3.780,0.244
1714823101671,2024-05-04T14:45:01.671,25.200,1.524,5.061,0.305
1714823101681,2024-05-04T14:45:01.681,25.210,0.854,3.537,1.463
1714823101691,2024-05-04T14:45:01.691,25.220,2.744,0.000,2.439
1714823101701,2024-05-04T14:45:01.701,25.230,10.854,-3.659,2.378
1714823101711,2024-05-04T14:45:01.711,25.240,20.976,-4.695,4.207
1714823101721,2024-05-04T14:45:01.721,25.250,26.524,-4.939,5.671
1714823101731,2024-05-04T14:45:01.731,25.260,29.146,-1.646,3.476
1714823101741,2024-05-04T14:45:01.741,25.270,29.695,1.707,1.037
1714823101751,2024-05-04T14:45:01.751,25.280,29.756,1.707,-2.439
1714823101761,2024-05-04T14:45:01.761,25.290,30.000,2.134,-1.463
1714823101771,2024-05-04T14:45:01.771,25.300,29.146,9.634,-1.524
1714823101781,2024-05-04T14:45:01.781,25.310,29.939,19.390,-4.146
1714823101791,2024-05-04T14:45:01.791,25.320,30.976,28.537,-5.061
1714823101801,2024-05-04T14:45:01.801,25.330,26.890,37.683,-3.902
1714823101811,2024-05-04T14:45:01.811,25.340,22.866,43.841,-6.463
1714823101821,2024-05-04T14:45:01.821,25.350,25.122,46.463,-8.659
1714823101831,2024-05-04T14:45:01.831,25.360,29.390,42.683,-7.500
1714823101841,2024-05-04T14:45:01.841,25.370,27.744,23.110,-10.732
1714823101851,2024-05-04T14:45:01.851,25.380,21.890,-8.049,-13.780
1714823101861,2024-05-04T14:45:01.861,25.390,8.780,-32.256,-9.329
1714823101871,2024-05-04T14:45:01.871,25.400,-9.878,-35.793,-8.354
1714823101881,2024-05-04T14:45:01.881,25.410,-18.720,-31.341,-11.098
1714823101891,2024-05-04T14:45:01.891,25.420,-21.707,-31.402,-11.707
1714823101901,2024-05-04T14:45:01.901,25.430,-26.646,-33.415,-8.049
1714823101911,2024-05-04T14:45:01.911,25.440,-31.951,-29.146,-3.171
1714823101921,2024-05-04T14:45:01.921,25.450,-35.427,-18.415,2.256
1714823101931,2024-05-04T14:45:01.931,25.460,-43.476,-8.720,7.439
1714823101941,2024-05-04T14:45:01.941,25.470,-56.159,-2.134,10.427
1714823101951,2024-05-04T14:45:01.951,25.480,-65.793,4.451,10.610
1714823101961,2024-05-04T14:45:01.961,25.490,-71.159,17.012,12.683
1714823101971,2024-05-04T14:45:01.971,25.500,-77.439,39.146,15.671
1714823101981,2024-05-04T14:45:01.981,25.510,-82.866,68.780,11.341
1714823101991,2024-05-04T14:45:01.991,25.520,-86.098,108.232,7.683
1714823102001,2024-05-04T14:45:02.001,25.530,-90.549,157.439,7.195
1714823102011,2024-05-04T14:45:02.011,25.540,-106.098,202.500,-1.890
1714823102021,2024-05-04T14:45:02.021,25.550,-126.098,232.927,-11.159
1714823102031,2024-05-04T14:45:02.031,25.560,-140.671,248.354,-16.890
1714823102041,2024-05-04T14:45:02.041,25.570,-147.744,251.037,-26.402
1714823102051,2024-05-04T14:45:02.051,25.580,-141.098,237.073,-24.329
1714823102061,2024-05-04T14:45:02.061,25.590,-127.317,200.061,-17.439
1714823102071,2024-05-04T14:45:02.071,25.600,-107.317,165.671,-10.183
1714823102081,2024-05-04T14:45:02.081,25.610,-67.927,156.280,3.232
1714823102091,2024-05-04T14:45:02.091,25.620,-10.793,143.780,19.573
1714823102101,2024-05-04T14:45:02.101,25.630,40.854,101.524,25.488
1714823102111,2024-05-04T14:45:02.111,25.640,67.256,41.829,16.402
1714823102121,2024-05-04T14:45:02.121,25.650,66.524,-4.756,8.537
1714823102131,2024-05-04T14:45:02.131,25.660,51.768,-26.098,3.902
1714823102141,2024-05-04T14:45:02.141,25.670,37.256,-31.585,1.402
1714823102151,2024-05-04T14:45:02.151,25.680,29.512,-32.012,1.890
1714823102161,2024-05-04T14:45:02.161,25.690,26.220,-28.354,1.402
1714823102171,2024-05-04T14:45:02.171,25.700,23.598,-16.524,0.732
1714823102181,2024-05-04T14:45:02.181,25.710,20.732,-1.402,0.732
1714823102191,2024-05-04T14:45:02.191,25.720,18.659,7.988,0.244
1714823102201,2024-05-04T14:45:02.201,25.730,19.268,6.646,2.317
1714823102211,2024-05-04T14:45:02.211,25.740,22.439,-6.829,6.951
1714823102221,2024-05-04T14:45:02.221,25.750,25.061,-29.207,10.244
1714823102231,2024-05-04T14:45:02.231,25.760,24.146,-55.122,11.646
1714823102241,2024-05-04T14:45:02.241,25.770,21.220,-78.963,10.915
1714823102251,2024-05-04T14:45:02.251,25.780,21.280,-95.061,10.061
1714823102261,2024-05-04T14:45:02.261,25.790,21.524,-102.744,10.244
1714823102271,2024-05-04T14:45:02.271,25.800,20.793,-105.183,7.500
1714823102281,2024-05-04T14:45:02.281,25.810,19.695,-102.134,4.390
1714823102291,2024-05-04T14:45:02.291,25.820,20.793,-97.683,3.841
1714823102301,2024-05-04T14:45:02.301,25.830,23.293,-99.756,1.646
1714823102311,2024-05-04T14:45:02.311,25.840,28.415,-103.537,0.427
1714823102321,2024-05-04T14:45:02.321,25.850,32.012,-97.561,2.683
1714823102331,2024-05-04T14:45:02.331,25.860,30.549,-84.756,1.829
1714823102341,2024-05-04T14:45:02.341,25.870,24.329,-73.598,-0.610
1714823102351,2024-05-04T14:45:02.351,25.880,20.244,-63.780,0.488
1714823102361,2024-05-04T14:45:02.361,25.890,18.720,-58.293,1.646
1714823102371,2024-05-04T14:45:02.371,25.900,17.622,-58.598,0.915
1714823102381,2024-05-04T14:45:02.381,25.910,15.854,-58.415,0.244
1714823102391,2024-05-04T14:45:02.391,25.920,14.146,-56.829,0.061
1714823102401,2024-05-04T14:45:02.401,25.930,13.780,-52.317,-0.549
1714823102411,2024-05-04T14:45:02.411,25.940,14.451,-47.866,0.366
1714823102421,2024-05-04T14:45:02.421,25.950,15.610,-43.171,1.890
1714823102431,2024-05-04T14:45:02.431,25.960,16.280,-40.427,2.378
1714823102441,2024-05-04T14:45:02.441,25.970,14.817,-40.732,3.110
1714823102451,2024-05-04T14:45:02.451,25.980,12.134,-41.098,4.390
1714823102461,2024-05-04T14:45:02.461,25.990,9.085,-40.732,4.268
1714823102471,2024-05-04T14:45:02.471,26.000,7.927,-38.232,4.756
1714823102481,2024-05-04T14:45:02.481,26.010,9.451,-32.195,7.134
1714823102491,2024-05-04T14:45:02.491,26.020,10.549,-24.573,8.232
1714823102501,2024-05-04T14:45:02.501,26.030,9.085,-18.598,7.927
1714823102511,2024-05-04T14:45:02.511,26.040,7.439,-11.951,7.317
1714823102521,2024-05-04T14:45:02.521,26.050,7.927,-4.817,6.159
1714823102531,2024-05-04T14:45:02.531,26.060,9.268,0.000,5.183
1714823102541,2024-05-04T14:45:02.541,26.070,9.573,0.793,4.390
1714823102551,2024-05-04T14:45:02.551,26.080,9.268,-2.622,3.537
1714823102561,2024-05-04T14:45:02.561,26.090,7.927,-8.049,2.988
1714823102571,2024-05-04T14:45:02.571,26.100,4.817,-13.232,2.683
1714823102581,2024-05-04T14:45:02.581,26.110,2.073,-14.817,2.988
1714823102591,2024-05-04T14:45:02.591,26.120,1.341,-11.280,3.354
1714823102601,2024-05-04T14:45:02.601,26.130,0.976,-7.012,2.927
1714823102611,2024-05-04T14:45:02.611,26.140,-0.427,-2.988,2.378
1714823102621,2024-05-04T14:45:02.621,26.150,-2.256,1.402,0.915
1714823102631,2024-05-04T14:45:02.631,26.160,-4.024,4.451,-0.915
1714823102641,2024-05-04T14:45:02.641,26.170,-5.549,5.793,-1.951
1714823102651,2024-05-04T14:45:02.651,26.180,-5.732,4.878,-2.012
1714823102661,2024-05-04T14:45:02.661,26.190,-5.732,1.829,-2.378
1714823102671,2024-05-04T14:45:02.671,26.200,-5.366,-2.134,-1.768
1714823102681,2024-05-04T14:45:02.681,26.210,-4.390,-4.512,-1.098
1714823102691,2024-05-04T14:45:02.691,26.220,-3.293,-5.610,-0.976
1714823102701,2024-05-04T14:45:02.701,26.230,-3.110,-4.634,-0.366
1714823102711,2024-05-04T14:45:02.711,26.240,-3.415,-2.500,-0.610
1714823102721,2024-05-04T14:45:02.721,26.250,-3.171,-0.122,-0.793
1714823102731,2024-05-04T14:45:02.731,26.260,-1.707,2.073,-0.366
1714823102741,2024-05-04T14:45:02.741,26.270,0.915,4.756,0.305
1714823102751,2024-05-04T14:45:02.751,26.280,2.622,8.780,0.427
1714823102761,2024-05-04T14:45:02.761,26.290,4.085,12.012,-0.244
1714823102771,2024-05-04T14:45:02.771,26.300,7.073,12.378,0.183
1714823102781,2024-05-04T14:45:02.781,26.310,9.695,8.963,0.610
1714823102791,2024-05-04T14:45:02.791,26.320,12.012,2.744,0.976
1714823102801,2024-05-04T14:45:02.801,26.330,14.756,-1.524,1.890
1714823102811,2024-05-04T14:45:02.811,26.340,17.500,-2.134,2.439
1714823102821,2024-05-04T14:45:02.821,26.350,19.756,2.012,1.585
1714823102831,2024-05-04T14:45:02.831,26.360,23.049,11.585,1.098
1714823102841,2024-05-04T14:45:02.841,26.370,26.890,22.866,-0.976
1714823102851,2024-05-04T14:45:02.851,26.380,28.841,34.512,-2.683
1714823102861,2024-05-04T14:45:02.861,26.390,27.561,47.378,-3.598
1714823102871,2024-05-04T14:45:02.871,26.400,25.732,60.671,-5.854
1714823102881,2024-05-04T14:45:02.881,26.410,25.244,72.256,-8.293
1714823102891,2024-05-04T14:45:02.891,26.420,25.244,81.829,-9.329
1714823102901,2024-05-04T14:45:02.901,26.430,30.122,89.451,-9.146
1714823102911,2024-05-04T14:45:02.911,26.440,36.768,87.866,-8.841
1714823102921,2024-05-04T14:45:02.921,26.450,38.963,77.866,-4.390
1714823102931,2024-05-04T14:45:02.931,26.460,37.622,69.329,1.646
1714823102941,2024-05-04T14:45:02.941,26.470,35.976,63.110,0.793
1714823102951,2024-05-04T14:45:02.951,26.480,35.610,56.585,-0.854
1714823102961,2024-05-04T14:45:02.961,26.490,35.793,48.963,0.976
1714823102971,2024-05-04T14:45:02.971,26.500,33.415,37.012,2.134
1714823102981,2024-05-04T14:45:02.981,26.510,28.476,20.061,3.659
1714823102991,2024-05-04T14:45:02.991,26.520,23.659,0.854,7.988
1714823103001,2024-05-04T14:45:03.001,26.530,16.707,-14.756,13.049
1714823103011,2024-05-04T14:45:03.011,26.540,6.463,-23.354,15.915
1714823103021,2024-05-04T14:45:03.021,26.550,-3.293,-26.463,16.585
1714823103031,2024-05-04T14:45:03.031,26.560,-12.683,-27.317,15.488
1714823103041,2024-05-04T14:45:03.041,26.570,-25.366,-32.500,14.390
1714823103051,2024-05-04T14:45:03.051,26.580,-42.439,-45.366,10.549
1714823103061,2024-05-04T14:45:03.061,26.590,-59.207,-64.085,4.695
1714823103071,2024-05-04T14:45:03.071,26.600,-74.756,-87.622,1.098
1714823103081,2024-05-04T14:45:03.081,26.610,-89.634,-103.598,-2.988
1714823103091,2024-05-04T14:45:03.091,26.620,-94.817,-96.402,-2.622
1714823103101,2024-05-04T14:45:03.101,26.630,-93.902,-70.305,1.220
1714823103111,2024-05-04T14:45:03.111,26.640,-97.927,-39.146,4.634
1714823103121,2024-05-04T14:45:03.121,26.650,-107.073,-17.012,0.549
1714823103131,2024-05-04T14:45:03.131,26.660,-113.415,-2.500,-3.598
1714823103141,2024-05-04T14:45:03.141,26.670,-116.280,16.037,-0.854
1714823103151,2024-05-04T14:45:03.151,26.680,-124.512,50.305,-6.829
1714823103161,2024-05-04T14:45:03.161,26.690,-134.390,95.732,-22.134
1714823103171,2024-05-04T14:45:03.171,26.700,-148.110,135.000,-33.537
1714823103181,2024-05-04T14:45:03.181,26.710,-159.390,152.134,-39.085
1714823103191,2024-05-04T14:45:03.191,26.720,-153.049,140.061,-33.841
1714823103201,2024-05-04T14:45:03.201,26.730,-125.610,109.085,-17.073
1714823103211,2024-05-04T14:45:03.211,26.740,-97.256,68.963,-2.622
1714823103221,2024-05-04T14:45:03.221,26.750,-63.171,26.646,-3.963
1714823103231,2024-05-04T14:45:03.231,26.760,-12.866,0.976,-1.463
1714823103241,2024-05-04T14:45:03.241,26.770,41.098,-13.963,12.500
1714823103251,2024-05-04T14:45:03.251,26.780,70.793,-32.805,17.134
1714823103261,2024-05-04T14:45:03.261,26.790,71.402,-45.671,11.890
1714823103271,2024-05-04T14:45:03.271,26.800,57.866,-49.268,6.585
1714823103281,2024-05-04T14:45:03.281,26.810,45.732,-39.878,-1.220
1714823103291,2024-05-04T14:45:03.291,26.820,41.829,-17.988,-7.134
1714823103301,2024-05-04T14:45:03.301,26.830,43.780,9.268,-7.439
1714823103311,2024-05-04T14:45:03.311,26.840,46.646,31.768,-5.793
1714823103321,2024-05-04T14:45:03.321,26.850,47.561,45.488,-5.854
1714823103331,2024-05-04T14:45:03.331,26.860,47.439,47.561,-4.268
1714823103341,2024-05-04T14:45:03.341,26.870,48.780,35.732,-0.427
1714823103351,2024-05-04T14:45:03.351,26.880,51.341,12.988,3.537
1714823103361,2024-05-04T14:45:03.361,26.890,51.524,-13.354,6.951
1714823103371,2024-05-04T14:45:03.371,26.900,48.537,-34.146,10.244
1714823103381,2024-05-04T14:45:03.381,26.910,45.976,-47.073,12.927
1714823103391,2024-05-04T14:45:03.391,26.920,41.463,-57.073,9.695
1714823103401,2024-05-04T14:45:03.401,26.930,37.561,-63.902,4.695
1714823103411,2024-05-04T14:45:03.411,26.940,35.732,-61.707,5.488
1714823103421,2024-05-04T14:45:03.421,26.950,35.183,-53.598,3.902
1714823103431,2024-05-04T14:45:03.431,26.960,37.073,-40.854,2.866
1714823103441,2024-05-04T14:45:03.441,26.970,42.805,-24.451,2.073
1714823103451,2024-05-04T14:45:03.451,26.980,46.646,-13.415,-2.317
1714823103461,2024-05-04T14:45:03.461,26.990,47.866,-6.951,-4.390
1714823103471,2024-05-04T14:45:03.471,27.000,43.049,3.841,-5.183
1714823103481,2024-05-04T14:45:03.481,27.010,39.634,22.195,-4.512
1714823103491,2024-05-04T14:45:03.491,27.020,36.585,38.537,-4.695
1714823103501,2024-05-04T14:45:03.501,27.030,33.415,44.329,-4.390
1714823103511,2024-05-04T14:45:03.511,27.040,27.866,34.390,-2.378
1714823103521,2024-05-04T14:45:03.521,27.050,22.988,19.634,2.927
1714823103531,2024-05-04T14:45:03.531,27.060,19.207,6.585,7.317
1714823103541,2024-05-04T14:45:03.541,27.070,15.793,-4.390,7.622
1714823103551,2024-05-04T14:45:03.551,27.080,12.256,-16.463,7.012
1714823103561,2024-05-04T14:45:03.561,27.090,7.561,-29.451,5.915
1714823103571,2024-05-04T14:45:03.571,27.100,2.378,-38.780,5.427
1714823103581,2024-05-04T14:45:03.581,27.110,-0.793,-40.793,5.732
1714823103591,2024-05-04T14:45:03.591,27.120,-1.220,-38.598,6.768
1714823103601,2024-05-04T14:45:03.601,27.130,-1.098,-35.427,8.354
1714823103611,2024-05-04T14:45:03.611,27.140,-0.671,-31.037,8.659
1714823103621,2024-05-04T14:45:03.621,27.150,-0.366,-27.134,6.585
1714823103631,2024-05-04T14:45:03.631,27.160,0.244,-23.963,4.634
1714823103641,2024-05-04T14:45:03.641,27.170,0.427,-20.122,3.049
1714823103651,2024-05-04T14:45:03.651,27.180,1.280,-16.463,0.976
1714823103661,2024-05-04T14:45:03.661,27.190,3.476,-15.488,0.122
1714823103671,2024-05-04T14:45:03.671,27.200,6.585,-14.695,2.073
1714823103681,2024-05-04T14:45:03.681,27.210,7.012,-12.195,3.415
1714823103691,2024-05-04T14:45:03.691,27.220,4.512,-7.744,2.927
1714823103701,2024-05-04T14:45:03.701,27.230,2.073,-2.805,1.768
1714823103711,2024-05-04T14:45:03.711,27.240,1.341,1.098,0.854
1714823103721,2024-05-04T14:45:03.721,27.250,2.073,3.171,0.427
1714823103731,2024-05-04T14:45:03.731,27.260,3.659,2.683,0.671
1714823103741,2024-05-04T14:45:03.741,27.270,4.329,0.183,1.585
1714823103751,2024-05-04T14:45:03.751,27.280,2.439,-2.500,2.744
1714823103761,2024-05-04T14:45:03.761,27.290,0.366,-2.500,2.866
1714823103771,2024-05-04T14:45:03.771,27.300,-0.488,-1.829,0.976
1714823103781,2024-05-04T14:45:03.781,27.310,-0.610,-2.439,0.488
1714823103791,2024-05-04T14:45:03.791,27.320,-0.854,-3.110,1.707
1714823103801,2024-05-04T14:45:03.801,27.330,-1.585,-3.293,2.195
1714823103811,2024-05-04T14:45:03.811,27.340,-2.256,-2.622,1.951
1714823103821,2024-05-04T14:45:03.821,27.350,-0.854,-2.439,1.890
1714823103831,2024-05-04T14:45:03.831,27.360,1.402,-3.780,2.500
1714823103841,2024-05-04T14:45:03.841,27.370,2.805,-7.866,3.415
1714823103851,2024-05-04T14:45:03.851,27.380,4.024,-16.524,3.841
1714823103861,2024-05-04T14:45:03.861,27.390,8.659,-27.012,4.451
1714823103871,2024-05-04T14:45:03.871,27.400,15.366,-38.537,4.329
1714823103881,2024-05-04T14:45:03.881,27.410,18.537,-46.402,5.122
1714823103891,2024-05-04T14:45:03.891,27.420,23.232,-44.817,7.439
1714823103901,2024-05-04T14:45:03.901,27.430,29.451,-37.744,8.902
1714823103911,2024-05-04T14:45:03.911,27.440,32.683,-33.963,9.085
1714823103921,2024-05-04T14:45:03.921,27.450,33.598,-30.671,12.439
1714823103931,2024-05-04T14:45:03.931,27.460,32.866,-28.780,11.951
1714823103941,2024-05-04T14:45:03.941,27.470,31.280,-27.195,9.817
1714823103951,2024-05-04T14:45:03.951,27.480,32.988,-23.171,8.171
1714823103961,2024-05-04T14:45:03.961,27.490,36.951,-19.878,5.732
1714823103971,2024-05-04T14:45:03.971,27.500,37.866,-21.829,4.085
1714823103981,2024-05-04T14:45:03.981,27.510,36.098,-24.634,4.634
1714823103991,2024-05-04T14:45:03.991,27.520,32.561,-25.305,4.085
1714823104001,2024-05-04T14:45:04.001,27.530,27.683,-24.085,2.378
1714823104011,2024-05-04T14:45:04.011,27.540,23.659,-23.293,0.793
1714823104021,2024-05-04T14:45:04.021,27.550,21.402,-24.451,0.000
1714823104031,2024-05-04T14:45:04.031,27.560,19.085,-25.488,0.305
1714823104041,2024-05-04T14:45:04.041,27.570,18.659,-25.061,-0.427
1714823104051,2024-05-04T14:45:04.051,27.580,20.305,-20.427,-2.500
1714823104061,2024-05-04T14:45:04.061,27.590,24.329,-17.134,-5.183
1714823104071,2024-05-04T14:45:04.071,27.600,26.220,-20.976,-9.512
1714823104081,2024-05-04T14:45:04.081,27.610,24.085,-25.427,-11.280
1714823104091,2024-05-04T14:45:04.091,27.620,22.073,-26.463,-12.439
1714823104101,2024-05-04T14:45:04.101,27.630,20.061,-24.634,-15.427
1714823104111,2024-05-04T14:45:04.111,27.640,17.683,-20.976,-15.793
1714823104121,2024-05-04T14:45:04.121,27.650,16.524,-17.012,-15.976
1714823104131,2024-05-04T14:45:04.131,27.660,13.963,-16.220,-14.329
1714823104141,2024-05-04T14:45:04.141,27.670,4.146,-22.988,-14.634
1714823104151,2024-05-04T14:45:04.151,27.680,-14.329,-33.902,-16.646
1714823104161,2024-05-04T14:45:04.161,27.690,-34.573,-47.561,-16.951
1714823104171,2024-05-04T14:45:04.171,27.700,-50.366,-50.976,-14.329
1714823104181,2024-05-04T14:45:04.181,27.710,-59.573,-41.037,-5.427
1714823104191,2024-05-04T14:45:04.191,27.720,-63.598,-22.622,7.500
1714823104201,2024-05-04T14:45:04.201,27.730,-69.878,2.561,16.220
1714823104211,2024-05-04T14:45:04.211,27.740,-82.561,29.329,18.659
1714823104221,2024-05-04T14:45:04.221,27.750,-101.646,58.963,20.976
1714823104231,2024-05-04T14:45:04.231,27.760,-120.610,103.841,18.232
1714823104241,2024-05-04T14:45:04.241,27.770,-129.756,169.573,12.561
1714823104251,2024-05-04T14:45:04.251,27.780,-133.171,241.159,4.085
1714823104261,2024-05-04T14:45:04.261,27.790,-139.573,288.537,-11.707
1714823104271,2024-05-04T14:45:04.271,27.800,-153.537,295.427,-20.671
1714823104281,2024-05-04T14:45:04.281,27.810,-160.793,274.024,-16.220
1714823104291,2024-05-04T14:45:04.291,27.820,-149.512,237.500,-3.354
1714823104301,2024-05-04T14:45:04.301,27.830,-125.793,191.585,13.720
1714823104311,2024-05-04T14:45:04.311,27.840,-101.220,142.378,19.024
1714823104321,2024-05-04T14:45:04.321,27.850,-69.756,87.012,12.683
1714823104331,2024-05-04T14:45:04.331,27.860,-23.354,35.427,6.402
1714823104341,2024-05-04T14:45:04.341,27.870,21.463,-0.427,7.988
1714823104351,2024-05-04T14:45:04.351,27.880,53.537,-28.537,9.817
1714823104361,2024-05-04T14:45:04.361,27.890,65.549,-42.195,8.171
1714823104371,2024-05-04T14:45:04.371,27.900,59.756,-31.768,9.390
1714823104381,2024-05-04T14:45:04.381,27.910,45.671,-13.415,5.183
1714823104391,2024-05-04T14:45:04.391,27.920,36.220,-1.463,-0.976
1714823104401,2024-05-04T14:45:04.401,27.930,31.707,5.976,0.915
1714823104411,2024-05-04T14:45:04.411,27.940,28.841,18.232,0.732
1714823104421,2024-05-04T14:45:04.421,27.950,27.500,30.244,-3.659
1714823104431,2024-05-04T14:45:04.431,27.960,26.829,32.012,-5.366
1714823104441,2024-05-04T14:45:04.441,27.970,26.037,24.268,-0.488
1714823104451,2024-05-04T14:45:04.451,27.980,27.317,6.402,3.232
1714823104461,2024-05-04T14:45:04.461,27.990,32.927,-17.378,3.902
1714823104471,2024-05-04T14:45:04.471,28.000,40.671,-37.927,6.951
1714823104481,2024-05-04T14:45:04.481,28.010,43.415,-48.537,10.244
1714823104491,2024-05-04T14:45:04.491,28.020,42.256,-54.207,10.671
1714823104501,2024-05-04T14:45:04.501,28.030,41.220,-62.805,10.244
1714823104511,2024-05-04T14:45:04.511,28.040,38.293,-77.134,10.793
1714823104521,2024-05-04T14:45:04.521,28.050,34.207,-91.768,10.671
1714823104531,2024-05-04T14:45:04.531,28.060,30.122,-101.159,8.841
1714823104541,2024-05-04T14:45:04.541,28.070,27.378,-104.695,6.768
1714823104551,2024-05-04T14:45:04.551,28.080,28.476,-109.451,4.268
1714823104561,2024-05-04T14:45:04.561,28.090,33.110,-120.183,1.037
1714823104571,2024-05-04T14:45:04.571,28.100,37.805,-128.110,-1.707
1714823104581,2024-05-04T14:45:04.581,28.110,37.378,-118.598,0.122
1714823104591,2024-05-04T14:45:04.591,28.120,33.720,-96.585,1.768
1714823104601,2024-05-04T14:45:04.601,28.130,22.073,-74.329,3.171
1714823104611,2024-05-04T14:45:04.611,28.140,13.110,-52.012,4.024
1714823104621,2024-05-04T14:45:04.621,28.150,10.854,-37.134,2.805
1714823104631,2024-05-04T14:45:04.631,28.160,13.049,-31.585,0.793
1714823104641,2024-05-04T14:45:04.641,28.170,10.610,-32.317,0.061
1714823104651,2024-05-04T14:45:04.651,28.180,6.098,-34.573,0.000
1714823104661,2024-05-04T14:45:04.661,28.190,3.110,-39.512,0.976
1714823104671,2024-05-04T14:45:04.671,28.200,1.098,-48.841,3.659
1714823104681,2024-05-04T14:45:04.681,28.210,-0.549,-55.244,5.488
1714823104691,2024-05-04T14:45:04.691,28.220,0.732,-54.146,4.756
1714823104701,2024-05-04T14:45:04.701,28.230,3.537,-46.341,4.146
1714823104711,2024-05-04T14:45:04.711,28.240,4.817,-32.561,4.695
1714823104721,2024-05-04T14:45:04.721,28.250,5.061,-14.878,4.024
1714823104731,2024-05-04T14:45:04.731,28.260,4.634,-0.427,2.195
1714823104741,2024-05-04T14:45:04.741,28.270,2.866,5.488,0.915
1714823104751,2024-05-04T14:45:04.751,28.280,2.622,6.280,0.976
1714823104761,2024-05-04T14:45:04.761,28.290,6.280,4.268,1.280
1714823104771,2024-05-04T14:45:04.771,28.300,10.610,-0.793,1.951
1714823104781,2024-05-04T14:45:04.781,28.310,10.610,-6.707,3.537
1714823104791,2024-05-04T14:45:04.791,28.320,5.549,-11.646,3.476
1714823104801,2024-05-04T14:45:04.801,28.330,1.341,-13.963,2.622
1714823104811,2024-05-04T14:45:04.811,28.340,-0.671,-13.293,2.439
1714823104821,2024-05-04T14:45:04.821,28.350,-0.671,-8.110,2.744
1714823104831,2024-05-04T14:45:04.831,28.360,1.098,0.122,2.134
1714823104841,2024-05-04T14:45:04.841,28.370,2.744,6.890,0.854
1714823104851,2024-05-04T14:45:04.851,28.380,2.256,11.220,0.732
1714823104861,2024-05-04T14:45:04.861,28.390,0.854,14.939,0.427
1714823104871,2024-05-04T14:45:04.871,28.400,0.854,17.073,-1.280
1714823104881,2024-05-04T14:45:04.881,28.410,0.915,16.402,-1.707
1714823104891,2024-05-04T14:45:04.891,28.420,1.037,14.695,-0.427
1714823104901,2024-05-04T14:45:04.901,28.430,1.585,11.341,0.183
1714823104911,2024-05-04T14:45:04.911,28.440,0.427,6.402,1.220
1714823104921,2024-05-04T14:45:04.921,28.450,-2.439,3.171,1.768
1714823104931,2024-05-04T14:45:04.931,28.460,-4.634,2.561,0.854
1714823104941,2024-05-04T14:45:04.941,28.470,-4.451,2.561,0.366
1714823104951,2024-05-04T14:45:04.951,28.480,-3.537,1.646,0.305
1714823104961,2024-05-04T14:45:04.961,28.490,-0.427,1.280,0.671
1714823104971,2024-05-04T14:45:04.971,28.500,6.220,1.646,1.646
1714823104981,2024-05-04T14:45:04.981,28.510,10.915,1.646,1.341
1714823104991,2024-05-04T14:45:04.991,28.520,12.439,4.451,1.220
1714823105001,2024-05-04T14:45:05.001,28.530,14.024,11.402,-0.183
1714823105011,2024-05-04T14:45:05.011,28.540,17.927,19.451,-4.329
1714823105021,2024-05-04T14:45:05.021,28.550,24.329,27.012,-4.451
1714823105031,2024-05-04T14:45:05.031,28.560,28.598,30.915,-6.341
1714823105041,2024-05-04T14:45:05.041,28.570,30.976,31.037,-8.232
1714823105051,2024-05-04T14:45:05.051,28.580,32.683,26.220,-8.537
1714823105061,2024-05-04T14:45:05.061,28.590,35.183,15.671,-8.232
1714823105071,2024-05-04T14:45:05.071,28.600,40.000,1.098,-6.585
1714823105081,2024-05-04T14:45:05.081,28.610,40.915,-13.720,-6.037
1714823105091,2024-05-04T14:45:05.091,28.620,38.049,-21.098,-6.220
1714823105101,2024-05-04T14:45:05.101,28.630,35.671,-18.598,-7.805
1714823105111,2024-05-04T14:45:05.111,28.640,34.939,-10.549,-9.146
1714823105121,2024-05-04T14:45:05.121,28.650,36.402,-0.061,-8.598
1714823105131,2024-05-04T14:45:05.131,28.660,37.561,5.000,-8.476
1714823105141,2024-05-04T14:45:05.141,28.670,32.195,1.098,-9.146
1714823105151,2024-05-04T14:45:05.151,28.680,23.780,-7.073,-9.390
1714823105161,2024-05-04T14:45:05.161,28.690,18.841,-15.427,-8.720
1714823105171,2024-05-04T14:45:05.171,28.700,14.634,-22.683,-7.622
1714823105181,2024-05-04T14:45:05.181,28.710,8.659,-25.671,-6.098
1714823105191,2024-05-04T14:45:05.191,28.720,5.488,-22.195,-3.354
1714823105201,2024-05-04T14:45:05.201,28.730,5.122,-16.098,0.122
1714823105211,2024-05-04T14:45:05.211,28.740,1.829,-14.085,2.561
1714823105221,2024-05-04T14:45:05.221,28.750,-6.463,-16.585,5.488
1714823105231,2024-05-04T14:45:05.231,28.760,-17.683,-19.878,8.720
1714823105241,2024-05-04T14:45:05.241,28.770,-28.476,-22.866,8.598
1714823105251,2024-05-04T14:45:05.251,28.780,-38.415,-25.732,7.744
1714823105261,2024-05-04T14:45:05.261,28.790,-47.927,-24.451,7.744
1714823105271,2024-05-04T14:45:05.271,28.800,-56.707,-19.268,3.720
1714823105281,2024-05-04T14:45:05.281,28.810,-64.512,-11.220,-1.341
1714823105291,2024-05-04T14:45:05.291,28.820,-68.476,-4.085,-2.622
1714823105301,2024-05-04T14:45:05.301,28.830,-75.854,1.220,-3.110
1714823105311,2024-05-04T14:45:05.311,28.840,-85.427,6.768,0.366
1714823105321,2024-05-04T14:45:05.321,28.850,-90.549,6.890,3.598
1714823105331,2024-05-04T14:45:05.331,28.860,-96.951,5.183,1.524
1714823105341,2024-05-04T14:45:05.341,28.870,-102.988,17.927,1.524
1714823105351,2024-05-04T14:45:05.351,28.880,-103.293,53.841,7.866
1714823105361,2024-05-04T14:45:05.361,28.890,-105.122,109.329,8.598
1714823105371,2024-05-04T14:45:05.371,28.900,-114.878,171.098,1.341
1714823105381,2024-05-04T14:45:05.381,28.910,-134.085,215.732,-12.378
1714823105391,2024-05-04T14:45:05.391,28.920,-156.341,234.329,-26.890
1714823105401,2024-05-04T14:45:05.401,28.930,-163.476,226.646,-26.646
1714823105411,2024-05-04T14:45:05.411,28.940,-147.988,190.000,-7.256
1714823105421,2024-05-04T14:45:05.421,28.950,-127.744,132.134,14.146
1714823105431,2024-05-04T14:45:05.431,28.960,-111.341,72.683,14.512
1714823105441,2024-05-04T14:45:05.441,28.970,-70.061,19.024,3.232
1714823105451,2024-05-04T14:45:05.451,28.980,-1.707,-22.378,6.098
1714823105461,2024-05-04T14:45:05.461,28.990,54.329,-44.268,20.549
1714823105471,2024-05-04T14:45:05.471,29.000,74.878,-52.378,22.622
1714823105481,2024-05-04T14:45:05.481,29.010,68.415,-56.646,12.683
1714823105491,2024-05-04T14:45:05.491,29.020,53.171,-53.537,4.207
1714823105501,2024-05-04T14:45:05.501,29.030,39.146,-39.573,-0.183
1714823105511,2024-05-04T14:45:05.511,29.040,34.024,-20.061,-2.256
1714823105521,2024-05-04T14:45:05.521,29.050,35.183,4.146,-3.963
1714823105531,2024-05-04T14:45:05.531,29.060,35.427,30.915,-4.390
1714823105541,2024-05-04T14:45:05.541,29.070,35.122,51.890,-3.354
1714823105551,2024-05-04T14:45:05.551,29.080,37.195,56.890,-3.293
1714823105561,2024-05-04T14:45:05.561,29.090,40.610,43.780,-2.622
1714823105571,2024-05-04T14:45:05.571,29.100,43.293,24.451,0.549
1714823105581,2024-05-04T14:45:05.581,29.110,45.976,8.110,5.671
1714823105591,2024-05-04T14:45:05.591,29.120,46.341,-4.207,9.512
1714823105601,2024-05-04T14:45:05.601,29.130,43.415,-15.732,10.061
1714823105611,2024-05-04T14:45:05.611,29.140,38.902,-27.927,9.146
1714823105621,2024-05-04T14:45:05.621,29.150,34.390,-39.085,9.512
1714823105631,2024-05-04T14:45:05.631,29.160,30.732,-46.707,8.354
1714823105641,2024-05-04T14:45:05.641,29.170,26.585,-52.622,3.780
1714823105651,2024-05-04T14:45:05.651,29.180,25.610,-60.854,0.915
1714823105661,2024-05-04T14:45:05.661,29.190,28.110,-70.549,3.841
1714823105671,2024-05-04T14:45:05.671,29.200,34.146,-78.110,9.817
1714823105681,2024-05-04T14:45:05.681,29.210,35.183,-90.610,6.890
1714823105691,2024-05-04T14:45:05.691,29.220,33.049,-102.378,-1.646
1714823105701,2024-05-04T14:45:05.701,29.230,28.354,-84.512,-0.976
1714823105711,2024-05-04T14:45:05.711,29.240,26.220,-32.439,2.073
1714823105721,2024-05-04T14:45:05.721,29.250,32.378,24.085,0.732
1714823105731,2024-05-04T14:45:05.731,29.260,32.256,48.293,-4.024
1714823105741,2024-05-04T14:45:05.741,29.270,27.439,47.195,-5.061
1714823105751,2024-05-04T14:45:05.751,29.280,22.378,33.841,4.634
1714823105761,2024-05-04T14:45:05.761,29.290,15.732,17.195,2.622
1714823105771,2024-05-04T14:45:05.771,29.300,9.939,6.585,-0.305
1714823105781,2024-05-04T14:45:05.781,29.310,12.866,-9.268,1.220
1714823105791,2024-05-04T14:45:05.791,29.320,14.146,-32.195,3.232
1714823105801,2024-05-04T14:45:05.801,29.330,11.463,-47.866,7.988
1714823105811,2024-05-04T14:45:05.811,29.340,6.829,-50.610,9.634
1714823105821,2024-05-04T14:45:05.821,29.350,3.963,-42.195,6.220
1714823105831,2024-05-04T14:45:05.831,29.360,3.659,-31.037,5.122
1714823105841,2024-05-04T14:45:05.841,29.370,3.354,-21.707,5.915
1714823105851,2024-05-04T14:45:05.851,29.380,2.866,-13.476,5.061
1714823105861,2024-05-04T14:45:05.861,29.390,3.841,-7.134,3.537
1714823105871,2024-05-04T14:45:05.871,29.400,5.366,-3.110,2.622
1714823105881,2024-05-04T14:45:05.881,29.410,6.037,-0.366,2.622
1714823105891,2024-05-04T14:45:05.891,29.420,5.122,-1.098,2.073
1714823105901,2024-05-04T14:45:05.901,29.430,2.134,-6.159,1.402
1714823105911,2024-05-04T14:45:05.911,29.440,-0.915,-12.134,1.159
1714823105921,2024-05-04T14:45:05.921,29.450,-1.159,-16.463,0.976
1714823105931,2024-05-04T14:45:05.931,29.460,1.768,-17.073,2.500
1714823105941,2024-05-04T14:45:05.941,29.470,3.476,-14.390,2.744
1714823105951,2024-05-04T14:45:05.951,29.480,2.378,-11.220,1.524
1714823105961,2024-05-04T14:45:05.961,29.490,-0.244,-7.195,1.768
1714823105971,2024-05-04T14:45:05.971,29.500,-1.463,-2.439,1.463
1714823105981,2024-05-04T14:45:05.981,29.510,-0.976,-0.244,1.402
1714823105991,2024-05-04T14:45:05.991,29.520,-0.854,-1.159,0.854
1714823106001,2024-05-04T14:45:06.001,29.530,-1.098,-3.232,0.305
1714823106011,2024-05-04T14:45:06.011,29.540,-0.244,-4.207,-0.671
1714823106021,2024-05-04T14:45:06.021,29.550,1.098,-5.549,-1.037
1714823106031,2024-05-04T14:45:06.031,29.560,0.427,-5.854,-0.305
1714823106041,2024-05-04T14:45:06.041,29.570,-1.280,-4.634,-0.244
1714823106051,2024-05-04T14:45:06.051,29.580,-2.012,-2.378,-0.244
1714823106061,2024-05-04T14:45:06.061,29.590,-2.439,-0.122,-0.122
1714823106071,2024-05-04T14:45:06.071,29.600,-2.683,1.402,0.488
1714823106081,2024-05-04T14:45:06.081,29.610,-2.012,2.561,0.732
1714823106091,2024-05-04T14:45:06.091,29.620,-1.402,2.439,-0.061
1714823106101,2024-05-04T14:45:06.101,29.630,-0.610,-0.061,-0.671
1714823106111,2024-05-04T14:45:06.111,29.640,0.488,-2.378,0.122
1714823106121,2024-05-04T14:45:06.121,29.650,1.220,-4.207,0.244
1714823106131,2024-05-04T14:45:06.131,29.660,3.049,-5.549,0.183
1714823106141,2024-05-04T14:45:06.141,29.670,7.500,-6.220,1.585
1714823106151,2024-05-04T14:45:06.151,29.680,12.744,-6.829,2.378
1714823106161,2024-05-04T14:45:06.161,29.690,15.366,-6.890,1.159
1714823106171,2024-05-04T14:45:06.171,29.700,17.195,-2.500,0.488
1714823106181,2024-05-04T14:45:06.181,29.710,21.585,3.476,0.427
1714823106191,2024-05-04T14:45:06.191,29.720,27.439,8.780,-0.244
1714823106201,2024-05-04T14:45:06.201,29.730,31.159,13.537,-0.549
1714823106211,2024-05-04T14:45:06.211,29.740,34.573,17.500,-0.061
1714823106221,2024-05-04T14:45:06.221,29.750,41.159,22.805,-0.488
1714823106231,2024-05-04T14:45:06.231,29.760,48.293,33.110,-0.793
1714823106241,2024-05-04T14:45:06.241,29.770,53.110,47.683,0.854
1714823106251,2024-05-04T14:45:06.251,29.780,50.610,60.305,-1.280
1714823106261,2024-05-04T14:45:06.261,29.790,48.415,71.159,-2.561
1714823106271,2024-05-04T14:45:06.271,29.800,47.805,68.537,-2.805
1714823106281,2024-05-04T14:45:06.281,29.810,47.744,61.402,0.183
1714823106291,2024-05-04T14:45:06.291,29.820,51.829,57.500,0.000
1714823106301,2024-05-04T14:45:06.301,29.830,53.963,50.854,-5.854
1714823106311,2024-05-04T14:45:06.311,29.840,53.659,45.244,-6.890
1714823106321,2024-05-04T14:45:06.321,29.850,51.037,41.280,-7.744
1714823106331,2024-05-04T14:45:06.331,29.860,46.829,36.524,-9.817
1714823106341,2024-05-04T14:45:06.341,29.870,40.183,30.244,-10.427
1714823106351,2024-05-04T14:45:06.351,29.880,30.000,23.110,-10.610
1714823106361,2024-05-04T14:45:06.361,29.890,21.463,18.537,-7.988
1714823106371,2024-05-04T14:45:06.371,29.900,14.329,14.756,-5.427
1714823106381,2024-05-04T14:45:06.381,29.910,4.146,7.744,-5.305
1714823106391,2024-05-04T14:45:06.391,29.920,-8.232,-4.878,-6.524
1714823106401,2024-05-04T14:45:06.401,29.930,-19.817,-21.159,-9.207
1714823106411,2024-05-04T14:45:06.411,29.940,-32.317,-34.207,-11.037
1714823106421,2024-05-04T14:45:06.421,29.950,-47.744,-42.561,-12.683
1714823106431,2024-05-04T14:45:06.431,29.960,-62.561,-45.610,-17.744
1714823106441,2024-05-04T14:45:06.441,29.970,-73.841,-39.268,-14.329
1714823106451,2024-05-04T14:45:06.451,29.980,-86.159,-21.951,-9.634
1714823106461,2024-05-04T14:45:06.461,29.990,-96.951,2.988,-5.610
1714823106471,2024-05-04T14:45:06.471,30.000,-101.220,22.988,-7.683
1714823106481,2024-05-04T14:45:06.481,30.010,-99.329,30.427,-12.561
1714823106491,2024-05-04T14:45:06.491,30.020,-100.732,36.280,-17.683
1714823106501,2024-05-04T14:45:06.501,30.030,-112.866,51.463,-19.939
1714823106511,2024-05-04T14:45:06.511,30.040,-122.805,79.024,-17.622
1714823106521,2024-05-04T14:45:06.521,30.050,-120.122,101.768,-12.012
1714823106531,2024-05-04T14:45:06.531,30.060,-127.622,101.890,-8.476
1714823106541,2024-05-04T14:45:06.541,30.070,-140.366,83.963,-17.622
1714823106551,2024-05-04T14:45:06.551,30.080,-139.512,60.488,-21.524
1714823106561,2024-05-04T14:45:06.561,30.090,-117.988,22.744,-16.463
1714823106571,2024-05-04T14:45:06.571,30.100,-89.329,-21.951,-5.793
1714823106581,2024-05-04T14:45:06.581,30.110,-60.610,-56.463,7.744
1714823106591,2024-05-04T14:45:06.591,30.120,-22.622,-75.183,3.293
1714823106601,2024-05-04T14:45:06.601,30.130,21.768,-74.817,1.951
1714823106611,2024-05-04T14:45:06.611,30.140,61.220,-65.732,13.902
1714823106621,2024-05-04T14:45:06.621,30.150,76.341,-52.988,16.220
1714823106631,2024-05-04T14:45:06.631,30.160,70.000,-31.707,12.012
1714823106641,2024-05-04T14:45:06.641,30.170,54.939,0.488,11.829
1714823106651,2024-05-04T14:45:06.651,30.180,43.841,31.280,14.451
1714823106661,2024-05-04T14:45:06.661,30.190,43.293,43.963,15.183
1714823106671,2024-05-04T14:45:06.671,30.200,43.841,41.646,12.012
1714823106681,2024-05-04T14:45:06.681,30.210,42.012,34.451,7.622
1714823106691,2024-05-04T14:45:06.691,30.220,40.061,21.829,9.390
1714823106701,2024-05-04T14:45:06.701,30.230,39.817,0.976,12.378
1714823106711,2024-05-04T14:45:06.711,30.240,40.488,-23.476,11.768
1714823106721,2024-05-04T14:45:06.721,30.250,41.402,-45.793,12.256
1714823106731,2024-05-04T14:45:06.731,30.260,40.061,-60.793,14.878
1714823106741,2024-05-04T14:45:06.741,30.270,35.183,-67.683,15.549
1714823106751,2024-05-04T14:45:06.751,30.280,28.963,-70.183,13.293
1714823106761,2024-05-04T14:45:06.761,30.290,24.024,-67.256,12.927
1714823106771,2024-05-04T14:45:06.771,30.300,19.085,-60.488,12.134
1714823106781,2024-05-04T14:45:06.781,30.310,16.829,-55.854,8.659
1714823106791,2024-05-04T14:45:06.791,30.320,17.561,-53.354,7.012
1714823106801,2024-05-04T14:45:06.801,30.330,20.000,-47.439,6.463
1714823106811,2024-05-04T14:45:06.811,30.340,20.061,-45.061,4.329
1714823106821,2024-05-04T14:45:06.821,30.350,14.634,-43.354,1.768
1714823106831,2024-05-04T14:45:06.831,30.360,9.878,-38.171,1.098
1714823106841,2024-05-04T14:45:06.841,30.370,7.317,-35.610,0.671
1714823106851,2024-05-04T14:45:06.851,30.380,5.488,-36.220,-5.671
1714823106861,2024-05-04T14:45:06.861,30.390,3.537,-28.476,-2.256
1714823106871,2024-05-04T14:45:06.871,30.400,0.854,-16.098,0.305
1714823106881,2024-05-04T14:45:06.881,30.410,0.000,-7.927,-0.610
1714823106891,2024-05-04T14:45:06.891,30.420,1.890,-5.610,-0.305
1714823106901,2024-05-04T14:45:06.901,30.430,5.061,-9.207,-2.439
1714823106911,2024-05-04T14:45:06.911,30.440,5.793,-13.598,-2.439
1714823106921,2024-05-04T14:45:06.921,30.450,2.256,-15.976,-1.402
1714823106931,2024-05-04T14:45:06.931,30.460,-0.793,-19.451,1.159
1714823106941,2024-05-04T14:45:06.941,30.470,-1.646,-27.561,2.561
1714823106951,2024-05-04T14:45:06.951,30.480,-3.476,-35.915,0.427
1714823106961,2024-05-04T14:45:06.961,30.490,-5.305,-35.000,1.341
1714823106971,2024-05-04T14:45:06.971,30.500,-6.768,-23.476,3.232
1714823106981,2024-05-04T14:45:06.981,30.510,-5.671,-11.463,1.646
1714823106991,2024-05-04T14:45:06.991,30.520,-1.220,-6.159,0.793
1714823107001,2024-05-04T14:45:07.001,30.530,2.256,-5.488,1.037
1714823107011,2024-05-04T14:45:07.011,30.540,2.256,-4.207,1.646
1714823107021,2024-05-04T14:45:07.021,30.550,-0.610,-3.110,0.793
1714823107031,2024-05-04T14:45:07.031,30.560,-4.207,-5.305,-1.159
1714823107041,2024-05-04T14:45:07.041,30.570,-5.854,-9.512,-1.829
1714823107051,2024-05-04T14:45:07.051,30.580,-4.451,-11.402,-1.463
1714823107061,2024-05-04T14:45:07.061,30.590,-0.366,-9.085,-2.378
1714823107071,2024-05-04T14:45:07.071,30.600,3.537,-5.976,-2.500
1714823107081,2024-05-04T14:45:07.081,30.610,3.415,-2.500,-1.280
1714823107091,2024-05-04T14:45:07.091,30.620,-0.061,1.463,-1.098
1714823107101,2024-05-04T14:45:07.101,30.630,-1.951,2.744,-1.707
1714823107111,2024-05-04T14:45:07.111,30.640,-1.037,-0.366,-1.402
1714823107121,2024-05-04T14:45:07.121,30.650,0.122,-4.085,-0.793
1714823107131,2024-05-04T14:45:07.131,30.660,1.159,-4.268,-0.976
1714823107141,2024-05-04T14:45:07.141,30.670,2.256,-1.585,-1.402
1714823107151,2024-05-04T14:45:07.151,30.680,2.073,1.463,-1.220
1714823107161,2024-05-04T14:45:07.161,30.690,0.671,2.805,-0.671
1714823107171,2024-05-04T14:45:07.171,30.700,-0.427,2.073,-0.366
1714823107181,2024-05-04T14:45:07.181,30.710,-0.549,0.244,-0.244
1714823107191,2024-05-04T14:45:07.191,30.720,0.671,-1.159,0.305
1714823107201,2024-05-04T14:45:07.201,30.730,2.256,-1.159,0.793
1714823107211,2024-05-04T14:45:07.211,30.740,4.756,-0.061,0.915
1714823107221,2024-05-04T14:45:07.221,30.750,8.598,0.610,0.671
1714823107231,2024-05-04T14:45:07.231,30.760,13.171,-1.098,0.549
1714823107241,2024-05-04T14:45:07.241,30.770,19.268,-3.963,2.195
1714823107251,2024-05-04T14:45:07.251,30.780,26.220,-3.841,4.512
1714823107261,2024-05-04T14:45:07.261,30.790,30.610,2.866,4.268
1714823107271,2024-05-04T14:45:07.271,30.800,32.317,11.524,1.463
1714823107281,2024-05-04T14:45:07.281,30.810,32.195,18.232,0.732
1714823107291,2024-05-04T14:45:07.291,30.820,34.451,25.915,-3.659
1714823107301,2024-05-04T14:45:07.301,30.830,38.963,35.915,-5.366
1714823107311,2024-05-04T14:45:07.311,30.840,45.427,43.963,-5.610
1714823107321,2024-05-04T14:45:07.321,30.850,47.805,41.585,-3.537
1714823107331,2024-05-04T14:45:07.331,30.860,46.951,37.683,-0.854
1714823107341,2024-05-04T14:45:07.341,30.870,43.720,34.817,2.805
1714823107351,2024-05-04T14:45:07.351,30.880,36.280,27.134,2.500
1714823107361,2024-05-04T14:45:07.361,30.890,34.939,21.524,0.488
1714823107371,2024-05-04T14:45:07.371,30.900,38.598,14.573,-1.159
1714823107381,2024-05-04T14:45:07.381,30.910,39.878,10.732,-1.829
1714823107391,2024-05-04T14:45:07.391,30.920,39.146,10.366,-3.902
1714823107401,2024-05-04T14:45:07.401,30.930,39.634,10.671,-5.366
1714823107411,2024-05-04T14:45:07.411,30.940,38.720,12.073,-5.610
1714823107421,2024-05-04T14:45:07.421,30.950,33.720,15.671,-7.195
1714823107431,2024-05-04T14:45:07.431,30.960,30.549,22.927,-9.939
1714823107441,2024-05-04T14:45:07.441,30.970,27.378,32.866,-12.439
1714823107451,2024-05-04T14:45:07.451,30.980,23.232,40.732,-15.183
1714823107461,2024-05-04T14:45:07.461,30.990,23.902,39.329,-15.549
1714823107471,2024-05-04T14:45:07.471,31.000,17.805,22.805,-14.451
1714823107481,2024-05-04T14:45:07.481,31.010,-2.256,-6.646,-17.927
1714823107491,2024-05-04T14:45:07.491,31.020,-24.878,-35.305,-20.000
1714823107501,2024-05-04T14:45:07.501,31.030,-40.366,-51.341,-20.366
1714823107511,2024-05-04T14:45:07.511,31.040,-51.951,-55.366,-22.805
1714823107521,2024-05-04T14:45:07.521,31.050,-63.537,-50.183,-21.585
1714823107531,2024-05-04T14:45:07.531,31.060,-76.524,-41.220,-15.183
1714823107541,2024-05-04T14:45:07.541,31.070,-93.963,-33.232,-8.720
1714823107551,2024-05-04T14:45:07.551,31.080,-111.280,-26.707,-0.061
1714823107561,2024-05-04T14:45:07.561,31.090,-123.110,-17.378,7.500
1714823107571,2024-05-04T14:45:07.571,31.100,-133.415,0.122,9.390
1714823107581,2024-05-04T14:45:07.581,31.110,-136.768,16.159,3.659
1714823107591,2024-05-04T14:45:07.591,31.120,-140.366,32.195,7.683
1714823107601,2024-05-04T14:45:07.601,31.130,-155.061,48.110,20.305
1714823107611,2024-05-04T14:45:07.611,31.140,-172.073,65.915,18.110
1714823107621,2024-05-04T14:45:07.621,31.150,-190.244,84.756,7.683
1714823107631,2024-05-04T14:45:07.631,31.160,-210.061,92.195,-1.707
1714823107641,2024-05-04T14:45:07.641,31.170,-217.683,91.951,-5.061
1714823107651,2024-05-04T14:45:07.651,31.180,-195.244,88.659,7.134
1714823107661,2024-05-04T14:45:07.661,31.190,-167.134,79.146,8.293
1714823107671,2024-05-04T14:45:07.671,31.200,-141.646,68.415,10.122
1714823107681,2024-05-04T14:45:07.681,31.210,-98.537,50.366,13.902
1714823107691,2024-05-04T14:45:07.691,31.220,-42.439,25.366,16.890
1714823107701,2024-05-04T14:45:07.701,31.230,18.293,7.561,28.963
1714823107711,2024-05-04T14:45:07.711,31.240,68.780,4.024,39.451
1714823107721,2024-05-04T14:45:07.721,31.250,93.232,14.024,37.744
1714823107731,2024-05-04T14:45:07.731,31.260,96.890,23.659,32.073
1714823107741,2024-05-04T14:45:07.741,31.270,88.171,27.073,25.427
1714823107751,2024-05-04T14:45:07.751,31.280,73.659,30.793,15.732
1714823107761,2024-05-04T14:45:07.761,31.290,60.122,35.427,8.354
1714823107771,2024-05-04T14:45:07.771,31.300,55.000,36.951,6.951
1714823107781,2024-05-04T14:45:07.781,31.310,57.622,34.146,8.780
1714823107791,2024-05-04T14:45:07.791,31.320,60.305,26.829,9.024
1714823107801,2024-05-04T14:45:07.801,31.330,59.817,16.098,7.012
1714823107811,2024-05-04T14:45:07.811,31.340,60.366,4.207,7.866
1714823107821,2024-05-04T14:45:07.821,31.350,62.500,-9.451,10.732
1714823107831,2024-05-04T14:45:07.831,31.360,62.866,-27.866,10.061
1714823107841,2024-05-04T14:45:07.841,31.370,61.890,-48.720,7.012
1714823107851,2024-05-04T14:45:07.851,31.380,61.280,-65.732,8.232
1714823107861,2024-05-04T14:45:07.861,31.390,61.402,-75.549,9.146
1714823107871,2024-05-04T14:45:07.871,31.400,60.915,-77.500,5.976
1714823107881,2024-05-04T14:45:07.881,31.410,58.902,-76.159,5.366
1714823107891,2024-05-04T14:45:07.891,31.420,56.037,-75.488,3.659
1714823107901,2024-05-04T14:45:07.901,31.430,52.561,-73.354,-0.610
1714823107911,2024-05-04T14:45:07.911,31.440,48.354,-69.573,-0.549
1714823107921,2024-05-04T14:45:07.921,31.450,44.512,-63.598,0.305
1714823107931,2024-05-04T14:45:07.931,31.460,43.902,-55.488,-1.646
1714823107941,2024-05-04T14:45:07.941,31.470,44.390,-45.488,-1.159
1714823107951,2024-05-04T14:45:07.951,31.480,43.049,-34.329,5.549
1714823107961,2024-05-04T14:45:07.961,31.490,44.268,-25.549,11.341
1714823107971,2024-05-04T14:45:07.971,31.500,45.793,-22.378,8.293
1714823107981,2024-05-04T14:45:07.981,31.510,43.476,-20.061,1.585
1714823107991,2024-05-04T14:45:07.991,31.520,41.829,-13.537,-0.488
1714823108001,2024-05-04T14:45:08.001,31.530,38.659,-4.573,-1.646
1714823108011,2024-05-04T14:45:08.011,31.540,32.500,6.220,-1.463
1714823108021,2024-05-04T14:45:08.021,31.550,24.939,11.402,5.000
1714823108031,2024-05-04T14:45:08.031,31.560,18.415,9.207,9.024
1714823108041,2024-05-04T14:45:08.041,31.570,15.671,3.780,7.195
1714823108051,2024-05-04T14:45:08.051,31.580,16.341,-8.293,3.110
1714823108061,2024-05-04T14:45:08.061,31.590,15.061,-27.317,2.439
1714823108071,2024-05-04T14:45:08.071,31.600,8.659,-36.585,3.598
1714823108081,2024-05-04T14:45:08.081,31.610,2.256,-35.244,0.976
1714823108091,2024-05-04T14:45:08.091,31.620,-0.610,-31.159,0.183
1714823108101,2024-05-04T14:45:08.101,31.630,-2.195,-25.488,2.500
1714823108111,2024-05-04T14:45:08.111,31.640,-3.415,-24.878,2.683
1714823108121,2024-05-04T14:45:08.121,31.650,-5.244,-27.439,3.293
1714823108131,2024-05-04T14:45:08.131,31.660,-6.341,-27.561,5.366
1714823108141,2024-05-04T14:45:08.141,31.670,-3.476,-22.805,5.549
1714823108151,2024-05-04T14:45:08.151,31.680,-0.244,-18.232,3.110
1714823108161,2024-05-04T14:45:08.161,31.690,0.061,-16.159,1.098
1714823108171,2024-05-04T14:45:08.171,31.700,-1.463,-14.085,1.037
1714823108181,2024-05-04T14:45:08.181,31.710,-1.951,-10.366,0.488
1714823108191,2024-05-04T14:45:08.191,31.720,-1.829,-6.707,-0.671
1714823108201,2024-05-04T14:45:08.201,31.730,-1.646,-3.598,0.122
1714823108211,2024-05-04T14:45:08.211,31.740,-1.098,-0.793,1.768
1714823108221,2024-05-04T14:45:08.221,31.750,-1.890,0.732,1.707
1714823108231,2024-05-04T14:45:08.231,31.760,-3.720,1.341,0.061
1714823108241,2024-05-04T14:45:08.241,31.770,-4.207,0.427,-1.220
1714823108251,2024-05-04T14:45:08.251,31.780,-4.268,-1.951,-1.402
1714823108261,2024-05-04T14:45:08.261,31.790,-3.720,-3.415,-0.915
1714823108271,2024-05-04T14:45:08.271,31.800,-2.439,-4.512,-0.915
1714823108281,2024-05-04T14:45:08.281,31.810,-2.683,-5.610,-1.220
1714823108291,2024-05-04T14:45:08.291,31.820,-3.232,-5.366,-1.524
1714823108301,2024-05-04T14:45:08.301,31.830,-3.171,-3.110,-1.890
1714823108311,2024-05-04T14:45:08.311,31.840,-3.049,-0.854,-2.866
1714823108321,2024-05-04T14:45:08.321,31.850,-2.561,1.280,-2.317
1714823108331,2024-05-04T14:45:08.331,31.860,-1.159,2.134,-1.280
1714823108341,2024-05-04T14:45:08.341,31.870,-0.122,0.854,-1.098
1714823108351,2024-05-04T14:45:08.351,31.880,1.707,-2.683,-0.671
1714823108361,2024-05-04T14:45:08.361,31.890,4.756,-5.732,0.671
1714823108371,2024-05-04T14:45:08.371,31.900,8.841,-5.305,2.195
1714823108381,2024-05-04T14:45:08.381,31.910,13.049,-4.268,2.988
1714823108391,2024-05-04T14:45:08.391,31.920,16.037,-4.329,3.354
1714823108401,2024-05-04T14:45:08.401,31.930,18.293,-2.561,2.378
1714823108411,2024-05-04T14:45:08.411,31.940,21.280,0.915,2.256
1714823108421,2024-05-04T14:45:08.421,31.950,25.244,4.268,1.280
1714823108431,2024-05-04T14:45:08.431,31.960,30.854,7.927,1.768
1714823108441,2024-05-04T14:45:08.441,31.970,35.549,9.939,4.756
1714823108451,2024-05-04T14:45:08.451,31.980,41.037,13.963,5.915
1714823108461,2024-05-04T14:45:08.461,31.990,45.854,14.085,5.366
1714823108471,2024-05-04T14:45:08.471,32.000,46.402,7.378,-1.159
1714823108481,2024-05-04T14:45:08.481,32.010,51.341,9.634,0.122
1714823108491,2024-05-04T14:45:08.491,32.020,51.829,20.244,1.220
1714823108501,2024-05-04T14:45:08.501,32.030,49.268,37.561,-5.732
1714823108511,2024-05-04T14:45:08.511,32.040,51.159,55.915,-11.159
1714823108521,2024-05-04T14:45:08.521,32.050,57.134,73.659,-12.073
1714823108531,2024-05-04T14:45:08.531,32.060,61.524,84.573,-8.232
1714823108541,2024-05-04T14:45:08.541,32.070,56.280,80.488,-8.598
1714823108551,2024-05-04T14:45:08.551,32.080,39.817,60.488,-12.561
1714823108561,2024-05-04T14:45:08.561,32.090,24.085,33.354,-15.732
1714823108571,2024-05-04T14:45:08.571,32.100,16.098,8.780,-17.378
1714823108581,2024-05-04T14:45:08.581,32.110,8.110,-8.659,-15.854
1714823108591,2024-05-04T14:45:08.591,32.120,-2.561,-17.988,-15.366
1714823108601,2024-05-04T14:45:08.601,32.130,-11.707,-19.878,-18.841
1714823108611,2024-05-04T14:45:08.611,32.140,-20.000,-20.183,-20.549
1714823108621,2024-05-04T14:45:08.621,32.150,-31.159,-25.549,-24.756
1714823108631,2024-05-04T14:45:08.631,32.160,-44.634,-29.451,-30.183
1714823108641,2024-05-04T14:45:08.641,32.170,-57.439,-26.220,-33.476
1714823108651,2024-05-04T14:45:08.651,32.180,-70.915,-16.646,-34.695
1714823108661,2024-05-04T14:45:08.661,32.190,-87.744,-0.915,-27.195
1714823108671,2024-05-04T14:45:08.671,32.200,-102.195,17.561,-19.695
1714823108681,2024-05-04T14:45:08.681,32.210,-105.366,34.390,-17.805
1714823108691,2024-05-04T14:45:08.691,32.220,-99.756,51.037,-10.610
1714823108701,2024-05-04T14:45:08.701,32.230,-90.122,60.732,-6.768
1714823108711,2024-05-04T14:45:08.711,32.240,-86.037,59.512,-9.024
1714823108721,2024-05-04T14:45:08.721,32.250,-104.024,50.244,2.622
1714823108731,2024-05-04T14:45:08.731,32.260,-137.683,38.720,20.244
1714823108741,2024-05-04T14:45:08.741,32.270,-167.317,31.524,17.683
1714823108751,2024-05-04T14:45:08.751,32.280,-178.841,20.061,2.378
1714823108761,2024-05-04T14:45:08.761,32.290,-174.512,8.598,0.671
1714823108771,2024-05-04T14:45:08.771,32.300,-141.463,3.293,5.366
1714823108781,2024-05-04T14:45:08.781,32.310,-84.390,7.683,10.793
1714823108791,2024-05-04T14:45:08.791,32.320,-38.780,14.268,14.390
1714823108801,2024-05-04T14:45:08.801,32.330,-22.927,12.988,4.085
1714823108811,2024-05-04T14:45:08.811,32.340,-13.415,16.829,-10.854
1714823108821,2024-05-04T14:45:08.821,32.350,8.415,29.329,-3.780
1714823108831,2024-05-04T14:45:08.831,32.360,30.366,37.317,6.829
1714823108841,2024-05-04T14:45:08.841,32.370,34.573,38.415,7.744
1714823108851,2024-05-04T14:45:08.851,32.380,29.329,32.500,4.939
1714823108861,2024-05-04T14:45:08.861,32.390,25.976,19.512,1.402
1714823108871,2024-05-04T14:45:08.871,32.400,26.037,5.915,-1.037
1714823108881,2024-05-04T14:45:08.881,32.410,28.476,-2.012,-2.134
1714823108891,2024-05-04T14:45:08.891,32.420,31.402,-5.488,-3.110
1714823108901,2024-05-04T14:45:08.901,32.430,34.268,-8.841,-3.293
1714823108911,2024-05-04T14:45:08.911,32.440,37.805,-12.256,-1.646
1714823108921,2024-05-04T14:45:08.921,32.450,42.134,-14.329,1.524
1714823108931,2024-05-04T14:45:08.931,32.460,46.585,-17.195,3.476
1714823108941,2024-05-04T14:45:08.941,32.470,49.329,-21.280,4.024
1714823108951,2024-05-04T14:45:08.951,32.480,48.963,-26.220,5.671
1714823108961,2024-05-04T14:45:08.961,32.490,46.646,-31.402,5.549
1714823108971,2024-05-04T14:45:08.971,32.500,43.110,-37.317,2.927
1714823108981,2024-05-04T14:45:08.981,32.510,41.402,-42.256,3.110
1714823108991,2024-05-04T14:45:08.991,32.520,42.134,-42.561,3.963
1714823109001,2024-05-04T14:45:09.001,32.530,43.902,-40.366,3.293
1714823109011,2024-05-04T14:45:09.011,32.540,44.451,-38.415,4.268
1714823109021,2024-05-04T14:45:09.021,32.550,41.890,-36.159,5.793
1714823109031,2024-05-04T14:45:09.031,32.560,37.561,-31.707,6.159
1714823109041,2024-05-04T14:45:09.041,32.570,35.305,-26.585,6.280
1714823109051,2024-05-04T14:45:09.051,32.580,39.939,-22.134,6.707
1714823109061,2024-05-04T14:45:09.061,32.590,44.390,-24.756,9.329
1714823109071,2024-05-04T14:45:09.071,32.600,41.463,-30.854,5.305
1714823109081,2024-05-04T14:45:09.081,32.610,36.098,-30.366,6.768
1714823109091,2024-05-04T14:45:09.091,32.620,30.488,-26.341,12.378
1714823109101,2024-05-04T14:45:09.101,32.630,24.268,-25.305,10.000
1714823109111,2024-05-04T14:45:09.111,32.640,22.744,-19.207,14.024
1714823109121,2024-05-04T14:45:09.121,32.650,21.646,-15.610,17.012
1714823109131,2024-05-04T14:45:09.131,32.660,15.061,-15.366,11.829
1714823109141,2024-05-04T14:45:09.141,32.670,10.366,-20.366,8.049
1714823109151,2024-05-04T14:45:09.151,32.680,12.073,-30.122,5.732
1714823109161,2024-05-04T14:45:09.161,32.690,15.366,-39.146,6.159
1714823109171,2024-05-04T14:45:09.171,32.700,14.085,-41.463,7.256
1714823109181,2024-05-04T14:45:09.181,32.710,10.427,-35.976,7.805
1714823109191,2024-05-04T14:45:09.191,32.720,9.512,-30.549,7.378
1714823109201,2024-05-04T14:45:09.201,32.730,7.744,-28.841,7.866
1714823109211,2024-05-04T14:45:09.211,32.740,3.537,-27.378,7.866
1714823109221,2024-05-04T14:45:09.221,32.750,1.220,-22.805,6.951
1714823109231,2024-05-04T14:45:09.231,32.760,2.805,-15.366,6.402
1714823109241,2024-05-04T14:45:09.241,32.770,5.122,-10.183,5.366
1714823109251,2024-05-04T14:45:09.251,32.780,5.549,-9.390,5.122
1714823109261,2024-05-04T14:45:09.261,32.790,3.963,-12.317,4.817
1714823109271,2024-05-04T14:45:09.271,32.800,0.854,-16.159,4.939
1714823109281,2024-05-04T14:45:09.281,32.810,-2.744,-16.585,5.549
1714823109291,2024-05-04T14:45:09.291,32.820,-2.561,-12.500,5.549
1714823109301,2024-05-04T14:45:09.301,32.830,2.378,-8.232,5.366
1714823109311,2024-05-04T14:45:09.311,32.840,6.524,-5.671,5.366
1714823109321,2024-05-04T14:45:09.321,32.850,7.866,-3.598,5.915
1714823109331,2024-05-04T14:45:09.331,32.860,6.524,-1.341,5.122
1714823109341,2024-05-04T14:45:09.341,32.870,3.537,1.280,2.866
1714823109351,2024-05-04T14:45:09.351,32.880,3.415,3.293,2.195
1714823109361,2024-05-04T14:45:09.361,32.890,6.951,3.415,1.890
1714823109371,2024-05-04T14:45:09.371,32.900,10.915,1.220,0.793
1714823109381,2024-05-04T14:45:09.381,32.910,16.159,-0.793,2.927
1714823109391,2024-05-04T14:45:09.391,32.920,18.110,-3.598,3.659
1714823109401,2024-05-04T14:45:09.401,32.930,19.146,-0.854,4.268
1714823109411,2024-05-04T14:45:09.411,32.940,19.878,8.110,5.732
1714823109421,2024-05-04T14:45:09.421,32.950,22.012,19.024,4.939
1714823109431,2024-05-04T14:45:09.431,32.960,21.646,26.280,3.171
1714823109441,2024-05-04T14:45:09.441,32.970,21.707,26.829,2.134
1714823109451,2024-05-04T14:45:09.451,32.980,26.646,21.280,10.305
1714823109461,2024-05-04T14:45:09.461,32.990,28.720,8.537,13.354
1714823109471,2024-05-04T14:45:09.471,33.000,24.878,-13.902,2.988
1714823109481,2024-05-04T14:45:09.481,33.010,22.195,-36.098,0.488
1714823109491,2024-05-04T14:45:09.491,33.020,23.720,-46.890,-0.549
1714823109501,2024-05-04T14:45:09.501,33.030,24.573,-53.354,-3.720
1714823109511,2024-05-04T14:45:09.511,33.040,23.415,-57.622,-1.768
1714823109521,2024-05-04T14:45:09.521,33.050,19.817,-63.780,-4.573
1714823109531,2024-05-04T14:45:09.531,33.060,16.829,-70.793,-10.305
1714823109541,2024-05-04T14:45:09.541,33.070,21.402,-83.232,-14.756
1714823109551,2024-05-04T14:45:09.551,33.080,25.976,-101.585,-19.878
1714823109561,2024-05-04T14:45:09.561,33.090,24.207,-117.500,-20.305
1714823109571,2024-05-04T14:45:09.571,33.100,14.329,-124.939,-21.463
1714823109581,2024-05-04T14:45:09.581,33.110,2.439,-124.329,-23.963
1714823109591,2024-05-04T14:45:09.591,33.120,-7.439,-119.390,-24.085
1714823109601,2024-05-04T14:45:09.601,33.130,-18.720,-113.110,-20.976
1714823109611,2024-05-04T14:45:09.611,33.140,-28.780,-103.598,-14.390
1714823109621,2024-05-04T14:45:09.621,33.150,-35.915,-80.976,-8.354
1714823109631,2024-05-04T14:45:09.631,33.160,-39.512,-47.805,-4.817
1714823109641,2024-05-04T14:45:09.641,33.170,-43.963,-23.720,-0.549
1714823109651,2024-05-04T14:45:09.651,33.180,-52.256,-17.012,4.695
1714823109661,2024-05-04T14:45:09.661,33.190,-61.037,-12.988,10.610
1714823109671,2024-05-04T14:45:09.671,33.200,-70.305,5.427,16.159
1714823109681,2024-05-04T14:45:09.681,33.210,-79.329,36.585,21.280
1714823109691,2024-05-04T14:45:09.691,33.220,-82.256,70.610,23.171
1714823109701,2024-05-04T14:45:09.701,33.230,-84.207,102.805,27.195
1714823109711,2024-05-04T14:45:09.711,33.240,-89.207,139.329,31.402
1714823109721,2024-05-04T14:45:09.721,33.250,-93.902,184.085,29.817
1714823109731,2024-05-04T14:45:09.731,33.260,-103.537,227.134,22.927
1714823109741,2024-05-04T14:45:09.741,33.270,-123.902,253.110,9.512
1714823109751,2024-05-04T14:45:09.751,33.280,-143.476,252.561,-2.256
1714823109761,2024-05-04T14:45:09.761,33.290,-156.585,238.598,0.488
1714823109771,2024-05-04T14:45:09.771,33.300,-161.098,230.793,9.268
1714823109781,2024-05-04T14:45:09.781,33.310,-154.329,226.463,18.232
1714823109791,2024-05-04T14:45:09.791,33.320,-133.902,211.280,27.439
1714823109801,2024-05-04T14:45:09.801,33.330,-106.707,187.378,21.463
1714823109811,2024-05-04T14:45:09.811,33.340,-73.232,155.000,16.098
1714823109821,2024-05-04T14:45:09.821,33.350,-30.793,105.244,23.171
1714823109831,2024-05-04T14:45:09.831,33.360,10.610,41.829,31.463
1714823109841,2024-05-04T14:45:09.841,33.370,45.183,-12.439,36.707
1714823109851,2024-05-04T14:45:09.851,33.380,65.244,-47.683,34.146
1714823109861,2024-05-04T14:45:09.861,33.390,72.439,-73.293,27.195
1714823109871,2024-05-04T14:45:09.871,33.400,72.744,-89.390,21.037
1714823109881,2024-05-04T14:45:09.881,33.410,66.037,-96.341,16.037
1714823109891,2024-05-04T14:45:09.891,33.420,54.512,-99.329,9.268
1714823109901,2024-05-04T14:45:09.901,33.430,45.305,-98.232,2.073
1714823109911,2024-05-04T14:45:09.911,33.440,46.159,-88.110,-1.585
1714823109921,2024-05-04T14:45:09.921,33.450,49.085,-69.878,-0.732
1714823109931,2024-05-04T14:45:09.931,33.460,46.280,-48.476,0.305
1714823109941,2024-05-04T14:45:09.941,33.470,39.024,-30.244,1.159
1714823109951,2024-05-04T14:45:09.951,33.480,32.927,-21.890,1.890
1714823109961,2024-05-04T14:45:09.961,33.490,29.695,-21.951,2.012
1714823109971,2024-05-04T14:45:09.971,33.500,29.939,-24.817,3.780
1714823109981,2024-05-04T14:45:09.981,33.510,34.024,-25.793,7.744
1714823109991,2024-05-04T14:45:09.991,33.520,39.695,-26.890,13.171
1714823110001,2024-05-04T14:45:10.001,33.530,42.195,-29.451,15.305
1714823110011,2024-05-04T14:45:10.011,33.540,39.268,-34.207,11.707
1714823110021,2024-05-04T14:45:10.021,33.550,35.610,-41.402,7.012
1714823110031,2024-05-04T14:45:10.031,33.560,32.866,-47.622,4.085
1714823110041,2024-05-04T14:45:10.041,33.570,31.829,-46.707,0.915
1714823110051,2024-05-04T14:45:10.051,33.580,32.622,-38.902,-0.488
1714823110061,2024-05-04T14:45:10.061,33.590,33.598,-30.610,1.220
1714823110071,2024-05-04T14:45:10.071,33.600,31.951,-27.073,3.110
1714823110081,2024-05-04T14:45:10.081,33.610,29.146,-28.963,3.963
1714823110091,2024-05-04T14:45:10.091,33.620,25.610,-34.085,2.988
1714823110101,2024-05-04T14:45:10.101,33.630,21.159,-37.378,1.098
1714823110111,2024-05-04T14:45:10.111,33.640,18.659,-34.878,0.366
1714823110121,2024-05-04T14:45:10.121,33.650,20.122,-28.598,-0.122
1714823110131,2024-05-04T14:45:10.131,33.660,22.805,-25.000,1.159
1714823110141,2024-05-04T14:45:10.141,33.670,21.890,-22.500,3.354
1714823110151,2024-05-04T14:45:10.151,33.680,17.134,-20.488,2.378
1714823110161,2024-05-04T14:45:10.161,33.690,12.317,-19.085,2.378
1714823110171,2024-05-04T14:45:10.171,33.700,8.598,-15.976,3.963
1714823110181,2024-05-04T14:45:10.181,33.710,8.354,-16.951,2.683
1714823110191,2024-05-04T14:45:10.191,33.720,10.366,-23.354,0.732
1714823110201,2024-05-04T14:45:10.201,33.730,11.951,-28.841,1.280
1714823110211,2024-05-04T14:45:10.211,33.740,12.195,-27.500,3.293
1714823110221,2024-05-04T14:45:10.221,33.750,10.732,-22.988,3.049
1714823110231,2024-05-04T14:45:10.231,33.760,8.841,-19.573,3.110
1714823110241,2024-05-04T14:45:10.241,33.770,7.012,-17.195,4.451
1714823110251,2024-05-04T14:45:10.251,33.780,3.963,-13.415,3.963
1714823110261,2024-05-04T14:45:10.261,33.790,2.317,-6.707,2.378
1714823110271,2024-05-04T14:45:10.271,33.800,3.902,0.976,2.439
1714823110281,2024-05-04T14:45:10.281,33.810,3.902,5.732,1.890
1714823110291,2024-05-04T14:45:10.291,33.820,0.610,5.854,-0.061
1714823110301,2024-05-04T14:45:10.301,33.830,-1.707,0.122,-1.220
1714823110311,2024-05-04T14:45:10.311,33.840,-1.280,-7.195,-0.976
1714823110321,2024-05-04T14:45:10.321,33.850,0.976,-12.439,-0.488
1714823110331,2024-05-04T14:45:10.331,33.860,3.780,-11.829,1.280
1714823110341,2024-05-04T14:45:10.341,33.870,6.037,-4.817,2.805
1714823110351,2024-05-04T14:45:10.351,33.880,6.890,0.549,2.317
1714823110361,2024-05-04T14:45:10.361,33.890,6.280,2.195,1.890
1714823110371,2024-05-04T14:45:10.371,33.900,5.793,0.854,3.110
1714823110381,2024-05-04T14:45:10.381,33.910,8.841,-4.451,3.841
1714823110391,2024-05-04T14:45:10.391,33.920,12.317,-10.976,0.061
1714823110401,2024-05-04T14:45:10.401,33.930,15.671,-13.841,3.537
1714823110411,2024-05-04T14:45:10.411,33.940,18.780,-10.366,7.195
1714823110421,2024-05-04T14:45:10.421,33.950,21.037,-12.256,2.195
1714823110431,2024-05-04T14:45:10.431,33.960,26.463,-13.659,2.073
1714823110441,2024-05-04T14:45:10.441,33.970,38.902,-11.159,0.122
1714823110451,2024-05-04T14:45:10.451,33.980,44.512,-10.793,-3.963
1714823110461,2024-05-04T14:45:10.461,33.990,40.854,-8.963,-5.732
1714823110471,2024-05-04T14:45:10.471,34.000,37.622,-6.890,-10.793
1714823110481,2024-05-04T14:45:10.481,34.010,39.146,-7.927,-16.037
1714823110491,2024-05-04T14:45:10.491,34.020,42.195,-6.890,-17.073
1714823110501,2024-05-04T14:45:10.501,34.030,44.268,-7.256,-18.963
1714823110511,2024-05-04T14:45:10.511,34.040,46.341,-16.037,-26.524
1714823110521,2024-05-04T14:45:10.521,34.050,53.293,-29.146,-29.817
1714823110531,2024-05-04T14:45:10.531,34.060,56.037,-36.220,-30.549
1714823110541,2024-05-04T14:45:10.541,34.070,49.085,-31.037,-37.012
1714823110551,2024-05-04T14:45:10.551,34.080,44.329,-24.634,-40.000
1714823110561,2024-05-04T14:45:10.561,34.090,38.659,-23.841,-35.488
1714823110571,2024-05-04T14:45:10.571,34.100,29.817,-22.317,-34.634
1714823110581,2024-05-04T14:45:10.581,34.110,23.049,-17.683,-35.305
1714823110591,2024-05-04T14:45:10.591,34.120,17.744,-8.659,-33.171
1714823110601,2024-05-04T14:45:10.601,34.130,10.854,-0.732,-30.366
1714823110611,2024-05-04T14:45:10.611,34.140,-1.524,-2.012,-31.890
1714823110621,2024-05-04T14:45:10.621,34.150,-13.780,-8.659,-32.195
1714823110631,2024-05-04T14:45:10.631,34.160,-28.780,-11.402,-27.744
1714823110641,2024-05-04T14:45:10.641,34.170,-51.524,-1.159,-23.841
1714823110651,2024-05-04T14:45:10.651,34.180,-73.354,21.768,-21.037
1714823110661,2024-05-04T14:45:10.661,34.190,-83.293,50.366,-12.317
1714823110671,2024-05-04T14:45:10.671,34.200,-93.354,83.049,-3.476
1714823110681,2024-05-04T14:45:10.681,34.210,-109.024,130.427,1.098
1714823110691,2024-05-04T14:45:10.691,34.220,-121.829,180.000,-1.402
1714823110701,2024-05-04T14:45:10.701,34.230,-128.720,210.549,-5.732
1714823110711,2024-05-04T14:45:10.711,34.240,-137.439,225.305,-8.232
1714823110721,2024-05-04T14:45:10.721,34.250,-144.634,228.659,-21.646
1714823110731,2024-05-04T14:45:10.731,34.260,-154.207,237.378,-35.305
1714823110741,2024-05-04T14:45:10.741,34.270,-169.146,243.049,-44.817
1714823110751,2024-05-04T14:45:10.751,34.280,-183.415,219.390,-49.146
1714823110761,2024-05-04T14:45:10.761,34.290,-184.329,185.488,-41.829
1714823110771,2024-05-04T14:45:10.771,34.300,-168.720,157.805,-28.293
1714823110781,2024-05-04T14:45:10.781,34.310,-153.171,149.451,-7.866
1714823110791,2024-05-04T14:45:10.791,34.320,-118.354,141.829,8.293
1714823110801,2024-05-04T14:45:10.801,34.330,-72.988,124.390,17.927
1714823110811,2024-05-04T14:45:10.811,34.340,-30.793,111.159,28.049
1714823110821,2024-05-04T14:45:10.821,34.350,6.220,92.927,40.793
1714823110831,2024-05-04T14:45:10.831,34.360,30.732,58.354,44.146
1714823110841,2024-05-04T14:45:10.841,34.370,44.146,15.793,41.951
1714823110851,2024-05-04T14:45:10.851,34.380,52.317,-20.366,36.585
1714823110861,2024-05-04T14:45:10.861,34.390,52.683,-41.707,28.659
1714823110871,2024-05-04T14:45:10.871,34.400,47.561,-54.451,20.976
1714823110881,2024-05-04T14:45:10.881,34.410,45.183,-65.976,15.366
1714823110891,2024-05-04T14:45:10.891,34.420,48.293,-75.427,13.049
1714823110901,2024-05-04T14:45:10.901,34.430,51.951,-80.488,11.768
1714823110911,2024-05-04T14:45:10.911,34.440,50.366,-79.390,10.183
1714823110921,2024-05-04T14:45:10.921,34.450,44.329,-75.427,11.280
1714823110931,2024-05-04T14:45:10.931,34.460,38.720,-71.463,14.024
1714823110941,2024-05-04T14:45:10.941,34.470,35.000,-71.524,16.159
1714823110951,2024-05-04T14:45:10.951,34.480,32.378,-77.622,18.049
1714823110961,2024-05-04T14:45:10.961,34.490,31.463,-84.573,20.732
1714823110971,2024-05-04T14:45:10.971,34.500,32.805,-90.732,22.744
1714823110981,2024-05-04T14:45:10.981,34.510,34.390,-93.720,22.256
1714823110991,2024-05-04T14:45:10.991,34.520,35.793,-93.354,20.427
1714823111001,2024-05-04T14:45:11.001,34.530,37.683,-89.939,18.659
1714823111011,2024-05-04T14:45:11.011,34.540,39.817,-86.159,16.951
1714823111021,2024-05-04T14:45:11.021,34.550,41.220,-86.585,16.402
1714823111031,2024-05-04T14:45:11.031,34.560,39.695,-91.037,15.671
1714823111041,2024-05-04T14:45:11.041,34.570,36.951,-96.707,11.951
1714823111051,2024-05-04T14:45:11.051,34.580,33.902,-101.280,8.293
1714823111061,2024-05-04T14:45:11.061,34.590,33.110,-105.854,7.866
1714823111071,2024-05-04T14:45:11.071,34.600,32.927,-111.220,7.256
1714823111081,2024-05-04T14:45:11.081,34.610,32.012,-113.049,6.707
1714823111091,2024-05-04T14:45:11.091,34.620,30.122,-111.220,6.829
1714823111101,2024-05-04T14:45:11.101,34.630,24.695,-108.354,5.183
1714823111111,2024-05-04T14:45:11.111,34.640,17.927,-103.171,4.695
1714823111121,2024-05-04T14:45:11.121,34.650,14.268,-97.683,5.244
1714823111131,2024-05-04T14:45:11.131,34.660,14.756,-94.329,3.354
1714823111141,2024-05-04T14:45:11.141,34.670,19.390,-94.390,3.537
1714823111151,2024-05-04T14:45:11.151,34.680,22.927,-95.671,4.268
1714823111161,2024-05-04T14:45:11.161,34.690,24.085,-90.000,1.585
1714823111171,2024-05-04T14:45:11.171,34.700,22.317,-74.390,0.610
1714823111181,2024-05-04T14:45:11.181,34.710,15.793,-50.854,2.256
1714823111191,2024-05-04T14:45:11.191,34.720,10.122,-25.854,2.439
1714823111201,2024-05-04T14:45:11.201,34.730,9.207,-8.232,0.549
1714823111211,2024-05-04T14:45:11.211,34.740,12.195,1.707,0.366
1714823111221,2024-05-04T14:45:11.221,34.750,13.537,6.220,2.256
1714823111231,2024-05-04T14:45:11.231,34.760,13.598,6.524,4.390
1714823111241,2024-05-04T14:45:11.241,34.770,12.988,0.366,5.427
1714823111251,2024-05-04T14:45:11.251,34.780,9.329,-12.073,5.122
1714823111261,2024-05-04T14:45:11.261,34.790,5.671,-24.268,4.024
1714823111271,2024-05-04T14:45:11.271,34.800,6.159,-29.207,3.171
1714823111281,2024-05-04T14:45:11.281,34.810,10.183,-25.793,2.561
1714823111291,2024-05-04T14:45:11.291,34.820,13.902,-17.439,2.744
1714823111301,2024-05-04T14:45:11.301,34.830,12.012,-8.780,2.500
1714823111311,2024-05-04T14:45:11.311,34.840,4.268,-3.659,0.610
1714823111321,2024-05-04T14:45:11.321,34.850,-2.317,1.098,-1.037
1714823111331,2024-05-04T14:45:11.331,34.860,-3.902,6.037,-0.427
1714823111341,2024-05-04T14:45:11.341,34.870,0.244,9.939,2.195
1714823111351,2024-05-04T14:45:11.351,34.880,5.122,7.683,3.720
1714823111361,2024-05-04T14:45:11.361,34.890,6.707,-2.073,3.171
1714823111371,2024-05-04T14:45:11.371,34.900,5.000,-12.744,2.195
1714823111381,2024-05-04T14:45:11.381,34.910,3.293,-16.341,1.098
1714823111391,2024-05-04T14:45:11.391,34.920,3.963,-12.134,-0.061
1714823111401,2024-05-04T14:45:11.401,34.930,6.280,-4.268,-0.122
1714823111411,2024-05-04T14:45:11.411,34.940,8.659,2.561,0.427
1714823111421,2024-05-04T14:45:11.421,34.950,9.268,5.549,0.732
1714823111431,2024-05-04T14:45:11.431,34.960,8.963,7.073,0.732
1714823111441,2024-05-04T14:45:11.441,34.970,10.915,8.780,0.671
1714823111451,2024-05-04T14:45:11.451,34.980,13.171,9.878,-0.915
1714823111461,2024-05-04T14:45:11.461,34.990,16.402,10.610,-1.768
1714823111471,2024-05-04T14:45:11.471,35.000,22.012,10.854,-0.976
1714823111481,2024-05-04T14:45:11.481,35.010,27.378,11.768,-0.305
1714823111491,2024-05-04T14:45:11.491,35.020,32.500,13.049,0.549
1714823111501,2024-05-04T14:45:11.501,35.030,36.280,13.780,1.098
1714823111511,2024-05-04T14:45:11.511,35.040,36.829,16.402,2.073
1714823111521,2024-05-04T14:45:11.521,35.050,40.122,20.915,1.890
1714823111531,2024-05-04T14:45:11.531,35.060,44.512,23.049,0.610
1714823111541,2024-05-04T14:45:11.541,35.070,44.817,19.512,0.061
1714823111551,2024-05-04T14:45:11.551,35.080,44.939,13.720,-0.366
1714823111561,2024-05-04T14:45:11.561,35.090,43.171,6.646,-2.805
1714823111571,2024-05-04T14:45:11.571,35.100,35.427,7.927,-5.122
1714823111581,2024-05-04T14:45:11.581,35.110,27.805,20.183,-6.951
1714823111591,2024-05-04T14:45:11.591,35.120,29.695,36.646,-10.183
1714823111601,2024-05-04T14:45:11.601,35.130,36.037,45.854,-11.707
1714823111611,2024-05-04T14:45:11.611,35.140,34.756,39.939,-13.659
1714823111621,2024-05-04T14:45:11.621,35.150,21.646,25.488,-16.098
1714823111631,2024-05-04T14:45:11.631,35.160,1.280,9.817,-19.268
1714823111641,2024-05-04T14:45:11.641,35.170,-16.280,-2.622,-22.805
1714823111651,2024-05-04T14:45:11.651,35.180,-29.939,-9.451,-23.902
1714823111661,2024-05-04T14:45:11.661,35.190,-43.232,-5.915,-25.976
1714823111671,2024-05-04T14:45:11.671,35.200,-53.049,7.744,-25.793
1714823111681,2024-05-04T14:45:11.681,35.210,-60.549,29.024,-25.671
1714823111691,2024-05-04T14:45:11.691,35.220,-74.512,51.951,-19.756
1714823111701,2024-05-04T14:45:11.701,35.230,-99.695,69.756,-16.768
1714823111711,2024-05-04T14:45:11.711,35.240,-125.671,95.915,-13.598
1714823111721,2024-05-04T14:45:11.721,35.250,-146.585,138.598,-10.671
1714823111731,2024-05-04T14:45:11.731,35.260,-163.659,186.159,-21.037
1714823111741,2024-05-04T14:45:11.741,35.270,-172.866,237.988,-29.817
1714823111751,2024-05-04T14:45:11.751,35.280,-176.037,272.134,-30.854
1714823111761,2024-05-04T14:45:11.761,35.290,-177.988,281.098,-46.646
1714823111771,2024-05-04T14:45:11.771,35.300,-176.890,273.841,-66.341
1714823111781,2024-05-04T14:45:11.781,35.310,-181.951,248.780,-74.939
1714823111791,2024-05-04T14:45:11.791,35.320,-200.366,198.902,-80.427
1714823111801,2024-05-04T14:45:11.801,35.330,-222.927,134.390,-83.293
1714823111811,2024-05-04T14:45:11.811,35.340,-203.598,87.988,-59.451
1714823111821,2024-05-04T14:45:11.821,35.350,-131.707,113.110,-21.098
1714823111831,2024-05-04T14:45:11.831,35.360,-91.646,39.939,3.902
1714823111841,2024-05-04T14:45:11.841,35.370,-47.500,-24.573,4.756
1714823111851,2024-05-04T14:45:11.851,35.380,4.695,-28.598,6.951
1714823111861,2024-05-04T14:45:11.861,35.390,23.780,-13.171,26.951
1714823111871,2024-05-04T14:45:11.871,35.400,31.890,-15.793,41.524
1714823111881,2024-05-04T14:45:11.881,35.410,49.695,-36.646,46.951
1714823111891,2024-05-04T14:45:11.891,35.420,68.293,-60.000,51.829
1714823111901,2024-05-04T14:45:11.901,35.430,77.683,-73.659,52.500
1714823111911,2024-05-04T14:45:11.911,35.440,80.854,-76.159,47.073
1714823111921,2024-05-04T14:45:11.921,35.450,77.317,-73.963,42.195
1714823111931,2024-05-04T14:45:11.931,35.460,70.549,-71.890,35.244
1714823111941,2024-05-04T14:45:11.941,35.470,66.585,-67.500,26.098
1714823111951,2024-05-04T14:45:11.951,35.480,66.220,-59.878,20.549
1714823111961,2024-05-04T14:45:11.961,35.490,65.549,-55.122,18.659
1714823111971,2024-05-04T14:45:11.971,35.500,62.866,-56.768,17.012
1714823111981,2024-05-04T14:45:11.981,35.510,58.841,-61.402,17.195
1714823111991,2024-05-04T14:45:11.991,35.520,57.256,-62.622,20.061
1714823112001,2024-05-04T14:45:12.001,35.530,56.951,-62.561,21.890
1714823112011,2024-05-04T14:45:12.011,35.540,57.012,-65.549,21.341
1714823112021,2024-05-04T14:45:12.021,35.550,58.415,-71.463,20.183
1714823112031,2024-05-04T14:45:12.031,35.560,59.268,-78.537,17.988
1714823112041,2024-05-04T14:45:12.041,35.570,58.659,-84.695,16.829
1714823112051,2024-05-04T14:45:12.051,35.580,57.317,-88.841,16.220
1714823112061,2024-05-04T14:45:12.061,35.590,54.756,-89.695,14.146
1714823112071,2024-05-04T14:45:12.071,35.600,50.915,-83.598,12.561
1714823112081,2024-05-04T14:45:12.081,35.610,47.622,-65.915,11.402
1714823112091,2024-05-04T14:45:12.091,35.620,46.524,-41.098,10.793
1714823112101,2024-05-04T14:45:12.101,35.630,45.366,-20.244,10.427
1714823112111,2024-05-04T14:45:12.111,35.640,48.049,-13.049,8.537
1714823112121,2024-05-04T14:45:12.121,35.650,51.768,-18.780,8.171
1714823112131,2024-05-04T14:45:12.131,35.660,50.244,-30.915,9.207
1714823112141,2024-05-04T14:45:12.141,35.670,44.451,-43.049,10.000
1714823112151,2024-05-04T14:45:12.151,35.680,40.915,-51.280,9.268
1714823112161,2024-05-04T14:45:12.161,35.690,40.244,-57.988,7.866
1714823112171,2024-05-04T14:45:12.171,35.700,40.549,-58.232,7.927
1714823112181,2024-05-04T14:45:12.181,35.710,39.451,-48.476,6.768
1714823112191,2024-05-04T14:45:12.191,35.720,34.268,-32.500,4.878
1714823112201,2024-05-04T14:45:12.201,35.730,26.524,-19.146,2.317
1714823112211,2024-05-04T14:45:12.211,35.740,20.183,-14.146,0.000
1714823112221,2024-05-04T14:45:12.221,35.750,17.561,-16.463,0.915
1714823112231,2024-05-04T14:45:12.231,35.760,15.061,-21.463,2.134
1714823112241,2024-05-04T14:45:12.241,35.770,12.805,-24.451,3.171
1714823112251,2024-05-04T14:45:12.251,35.780,10.915,-27.256,3.841
1714823112261,2024-05-04T14:45:12.261,35.790,8.415,-32.439,3.720
1714823112271,2024-05-04T14:45:12.271,35.800,5.427,-37.866,3.049
1714823112281,2024-05-04T14:45:12.281,35.810,1.585,-40.549,1.402
1714823112291,2024-05-04T14:45:12.291,35.820,-0.732,-38.232,0.488
1714823112301,2024-05-04T14:45:12.301,35.830,0.305,-32.744,0.488
1714823112311,2024-05-04T14:45:12.311,35.840,1.463,-29.878,0.183
1714823112321,2024-05-04T14:45:12.321,35.850,0.610,-29.756,1.037
1714823112331,2024-05-04T14:45:12.331,35.860,-1.524,-28.171,1.037
1714823112341,2024-05-04T14:45:12.341,35.870,-1.829,-24.024,-0.244
1714823112351,2024-05-04T14:45:12.351,35.880,-1.280,-19.634,-1.951
1714823112361,2024-05-04T14:45:12.361,35.890,-1.220,-15.610,-3.110
1714823112371,2024-05-04T14:45:12.371,35.900,-0.183,-11.951,-4.329
1714823112381,2024-05-04T14:45:12.381,35.910,1.768,-9.451,-5.061
1714823112391,2024-05-04T14:45:12.391,35.920,2.683,-7.378,-3.902
1714823112401,2024-05-04T14:45:12.401,35.930,1.402,-5.671,-1.829
1714823112411,2024-05-04T14:45:12.411,35.940,0.122,-3.780,-0.732
1714823112421,2024-05-04T14:45:12.421,35.950,-0.549,-2.744,-0.305
1714823112431,2024-05-04T14:45:12.431,35.960,-1.098,-3.049,-0.061
1714823112441,2024-05-04T14:45:12.441,35.970,-1.402,-3.354,0.000
1714823112451,2024-05-04T14:45:12.451,35.980,-0.549,-2.744,0.183
1714823112461,2024-05-04T14:45:12.461,35.990,1.951,-1.220,0.610
1714823112471,2024-05-04T14:45:12.471,36.000,5.366,0.549,0.732
1714823112481,2024-05-04T14:45:12.481,36.010,7.073,0.549,1.341
1714823112491,2024-05-04T14:45:12.491,36.020,7.500,0.183,2.561
1714823112501,2024-05-04T14:45:12.501,36.030,9.695,0.549,2.317
1714823112511,2024-05-04T14:45:12.511,36.040,14.817,0.061,1.890
1714823112521,2024-05-04T14:45:12.521,36.050,20.244,-1.646,2.439
1714823112531,2024-05-04T14:45:12.531,36.060,25.427,-3.171,2.439
1714823112541,2024-05-04T14:45:12.541,36.070,31.829,-5.000,2.622
1714823112551,2024-05-04T14:45:12.551,36.080,37.378,-5.244,4.512
1714823112561,2024-05-04T14:45:12.561,36.090,38.659,-3.049,6.341
1714823112571,2024-05-04T14:45:12.571,36.100,35.183,0.122,6.037
1714823112581,2024-05-04T14:45:12.581,36.110,34.573,4.878,2.378
1714823112591,2024-05-04T14:45:12.591,36.120,35.305,7.683,-0.793
1714823112601,2024-05-04T14:45:12.601,36.130,33.720,10.427,-0.488
1714823112611,2024-05-04T14:45:12.611,36.140,32.500,13.537,-1.707
1714823112621,2024-05-04T14:45:12.621,36.150,32.500,13.171,-5.061
1714823112631,2024-05-04T14:45:12.631,36.160,30.976,13.171,-3.902
1714823112641,2024-05-04T14:45:12.641,36.170,29.451,17.012,-3.293
1714823112651,2024-05-04T14:45:12.651,36.180,27.012,22.134,-4.878
1714823112661,2024-05-04T14:45:12.661,36.190,23.415,26.098,-6.890
1714823112671,2024-05-04T14:45:12.671,36.200,21.890,25.549,-10.183
1714823112681,2024-05-04T14:45:12.681,36.210,20.671,19.024,-11.098
1714823112691,2024-05-04T14:45:12.691,36.220,13.354,8.720,-16.402
1714823112701,2024-05-04T14:45:12.701,36.230,4.939,0.610,-23.902
1714823112711,2024-05-04T14:45:12.711,36.240,-1.829,-4.146,-30.427
1714823112721,2024-05-04T14:45:12.721,36.250,-8.049,-7.012,-35.610
1714823112731,2024-05-04T14:45:12.731,36.260,-16.463,-6.829,-37.317
1714823112741,2024-05-04T14:45:12.741,36.270,-29.207,-3.049,-34.451
1714823112751,2024-05-04T14:45:12.751,36.280,-48.171,3.354,-32.439
1714823112761,2024-05-04T14:45:12.761,36.290,-67.805,13.720,-25.488
1714823112771,2024-05-04T14:45:12.771,36.300,-85.122,21.585,-18.171
1714823112781,2024-05-04T14:45:12.781,36.310,-96.524,24.390,-8.902
1714823112791,2024-05-04T14:45:12.791,36.320,-106.098,35.000,-0.549
1714823112801,2024-05-04T14:45:12.801,36.330,-114.756,72.683,3.659
1714823112811,2024-05-04T14:45:12.811,36.340,-119.024,130.610,-3.963
1714823112821,2024-05-04T14:45:12.821,36.350,-123.476,179.024,-9.512
1714823112831,2024-05-04T14:45:12.831,36.360,-140.854,189.695,-4.878
1714823112841,2024-05-04T14:45:12.841,36.370,-175.671,178.902,-3.415
1714823112851,2024-05-04T14:45:12.851,36.380,-200.915,177.012,5.732
1714823112861,2024-05-04T14:45:12.861,36.390,-201.951,185.976,0.305
1714823112871,2024-05-04T14:45:12.871,36.400,-189.024,202.012,-17.500
1714823112881,2024-05-04T14:45:12.881,36.410,-169.634,206.037,-14.756
1714823112891,2024-05-04T14:45:12.891,36.420,-151.646,188.110,-8.049
1714823112901,2024-05-04T14:45:12.901,36.430,-126.890,155.671,-4.146
1714823112911,2024-05-04T14:45:12.911,36.440,-90.427,103.049,8.110
1714823112921,2024-05-04T14:45:12.921,36.450,-46.341,32.073,20.793
1714823112931,2024-05-04T14:45:12.931,36.460,-2.439,-30.732,29.146
1714823112941,2024-05-04T14:45:12.941,36.470,30.610,-63.476,38.780
1714823112951,2024-05-04T14:45:12.951,36.480,48.720,-76.402,43.963
1714823112961,2024-05-04T14:45:12.961,36.490,59.329,-81.951,42.683
1714823112971,2024-05-04T14:45:12.971,36.500,67.317,-81.463,39.390
1714823112981,2024-05-04T14:45:12.981,36.510,70.427,-74.939,36.463
1714823112991,2024-05-04T14:45:12.991,36.520,68.232,-66.402,32.195
1714823113001,2024-05-04T14:45:13.001,36.530,63.720,-56.829,24.756
1714823113011,2024-05-04T14:45:13.011,36.540,62.134,-44.512,17.561
1714823113021,2024-05-04T14:45:13.021,36.550,62.622,-38.415,11.890
1714823113031,2024-05-04T14:45:13.031,36.560,60.366,-41.402,7.256
1714823113041,2024-05-04T14:45:13.041,36.570,55.671,-50.793,4.573
1714823113051,2024-05-04T14:45:13.051,36.580,51.768,-64.512,4.207
1714823113061,2024-05-04T14:45:13.061,36.590,47.866,-81.646,1.646
1714823113071,2024-05-04T14:45:13.071,36.600,44.207,-99.756,-2.500
1714823113081,2024-05-04T14:45:13.081,36.610,42.378,-118.537,-1.829
1714823113091,2024-05-04T14:45:13.091,36.620,42.073,-131.890,-0.244
1714823113101,2024-05-04T14:45:13.101,36.630,39.329,-132.134,-2.988
1714823113111,2024-05-04T14:45:13.111,36.640,36.402,-119.207,-6.951
1714823113121,2024-05-04T14:45:13.121,36.650,33.049,-104.268,-4.268
1714823113131,2024-05-04T14:45:13.131,36.660,30.793,-92.805,-4.329
1714823113141,2024-05-04T14:45:13.141,36.670,30.793,-80.061,-13.293
1714823113151,2024-05-04T14:45:13.151,36.680,35.427,-66.585,-16.037
1714823113161,2024-05-04T14:45:13.161,36.690,38.659,-57.866,-11.280
1714823113171,2024-05-04T14:45:13.171,36.700,41.585,-48.476,-9.390
1714823113181,2024-05-04T14:45:13.181,36.710,39.451,-36.037,-6.768
1714823113191,2024-05-04T14:45:13.191,36.720,32.378,-27.378,-2.927
1714823113201,2024-05-04T14:45:13.201,36.730,23.232,-32.012,-2.073
1714823113211,2024-05-04T14:45:13.211,36.740,16.524,-45.122,-4.024
1714823113221,2024-05-04T14:45:13.221,36.750,12.561,-57.927,-5.061
1714823113231,2024-05-04T14:45:13.231,36.760,10.671,-63.720,-5.976
1714823113241,2024-05-04T14:45:13.241,36.770,9.329,-62.927,-7.195
1714823113251,2024-05-04T14:45:13.251,36.780,8.415,-58.293,-6.524
1714823113261,2024-05-04T14:45:13.261,36.790,6.463,-55.061,-5.549
1714823113271,2024-05-04T14:45:13.271,36.800,2.378,-52.988,-5.610
1714823113281,2024-05-04T14:45:13.281,36.810,-2.927,-48.963,-4.878
1714823113291,2024-05-04T14:45:13.291,36.820,-5.244,-41.951,-4.512
1714823113301,2024-05-04T14:45:13.301,36.830,-2.134,-33.659,-5.000
1714823113311,2024-05-04T14:45:13.311,36.840,4.024,-27.866,-4.268
1714823113321,2024-05-04T14:45:13.321,36.850,8.476,-24.329,-2.866
1714823113331,2024-05-04T14:45:13.331,36.860,9.695,-20.854,-3.354
1714823113341,2024-05-04T14:45:13.341,36.870,7.927,-19.451,-5.366
1714823113351,2024-05-04T14:45:13.351,36.880,3.902,-19.085,-6.890
1714823113361,2024-05-04T14:45:13.361,36.890,1.646,-14.939,-7.317
1714823113371,2024-05-04T14:45:13.371,36.900,4.085,-7.012,-6.524
1714823113381,2024-05-04T14:45:13.381,36.910,7.500,1.402,-4.573
1714823113391,2024-05-04T14:45:13.391,36.920,7.134,5.915,-3.537
1714823113401,2024-05-04T14:45:13.401,36.930,3.902,6.341,-4.024
1714823113411,2024-05-04T14:45:13.411,36.940,1.037,2.866,-4.878
1714823113421,2024-05-04T14:45:13.421,36.950,-0.244,-2.988,-4.329
1714823113431,2024-05-04T14:45:13.431,36.960,1.159,-7.195,-3.049
1714823113441,2024-05-04T14:45:13.441,36.970,4.207,-10.000,-1.159
1714823113451,2024-05-04T14:45:13.451,36.980,4.451,-12.012,0.671
1714823113461,2024-05-04T14:45:13.461,36.990,2.317,-11.280,1.463
1714823113471,2024-05-04T14:45:13.471,37.000,2.500,-7.683,1.341
1714823113481,2024-05-04T14:45:13.481,37.010,4.878,-2.622,1.220
1714823113491,2024-05-04T14:45:13.491,37.020,5.732,0.915,1.341
1714823113501,2024-05-04T14:45:13.501,37.030,3.293,1.768,0.549
1714823113511,2024-05-04T14:45:13.511,37.040,0.488,0.793,0.000
1714823113521,2024-05-04T14:45:13.521,37.050,-0.488,-2.073,-0.305
1714823113531,2024-05-04T14:45:13.531,37.060,1.341,-5.366,-0.671
1714823113541,2024-05-04T14:45:13.541,37.070,4.634,-7.195,-0.427
1714823113551,2024-05-04T14:45:13.551,37.080,7.927,-5.549,0.854
1714823113561,2024-05-04T14:45:13.561,37.090,11.037,0.000,1.341
1714823113571,2024-05-04T14:45:13.571,37.100,13.659,5.610,1.037
1714823113581,2024-05-04T14:45:13.581,37.110,16.585,9.939,0.976
1714823113591,2024-05-04T14:45:13.591,37.120,20.427,13.049,1.646
1714823113601,2024-05-04T14:45:13.601,37.130,24.695,14.634,1.098
1714823113611,2024-05-04T14:45:13.611,37.140,29.756,13.537,1.098
1714823113621,2024-05-04T14:45:13.621,37.150,37.134,11.159,4.146
1714823113631,2024-05-04T14:45:13.631,37.160,44.756,12.561,7.683
1714823113641,2024-05-04T14:45:13.641,37.170,48.110,17.561,8.110
1714823113651,2024-05-04T14:45:13.651,37.180,46.829,24.573,6.463
1714823113661,2024-05-04T14:45:13.661,37.190,45.915,33.537,5.671
1714823113671,2024-05-04T14:45:13.671,37.200,44.329,40.732,4.512
1714823113681,2024-05-04T14:45:13.681,37.210,43.476,47.927,6.098
1714823113691,2024-05-04T14:45:13.691,37.220,46.341,57.683,11.341
1714823113701,2024-05-04T14:45:13.701,37.230,48.902,65.183,11.463
1714823113711,2024-05-04T14:45:13.711,37.240,52.927,62.683,7.073
1714823113721,2024-05-04T14:45:13.721,37.250,56.098,51.463,6.524
1714823113731,2024-05-04T14:45:13.731,37.260,56.037,34.024,8.110
1714823113741,2024-05-04T14:45:13.741,37.270,49.085,9.634,4.085
1714823113751,2024-05-04T14:45:13.751,37.280,40.061,-12.561,-0.488
1714823113761,2024-05-04T14:45:13.761,37.290,31.646,-23.537,-2.805
1714823113771,2024-05-04T14:45:13.771,37.300,21.829,-22.134,-4.390
1714823113781,2024-05-04T14:45:13.781,37.310,12.439,-15.915,-9.024
1714823113791,2024-05-04T14:45:13.791,37.320,7.317,-6.585,-12.317
1714823113801,2024-05-04T14:45:13.801,37.330,3.659,2.561,-14.329
1714823113811,2024-05-04T14:45:13.811,37.340,-2.439,7.744,-16.707
1714823113821,2024-05-04T14:45:13.821,37.350,-12.012,9.512,-19.817
1714823113831,2024-05-04T14:45:13.831,37.360,-24.634,7.256,-23.902
1714823113841,2024-05-04T14:45:13.841,37.370,-35.366,1.829,-27.012
1714823113851,2024-05-04T14:45:13.851,37.380,-45.305,-3.841,-28.902
1714823113861,2024-05-04T14:45:13.861,37.390,-56.341,-6.829,-31.829
1714823113871,2024-05-04T14:45:13.871,37.400,-69.146,-7.622,-32.012
1714823113881,2024-05-04T14:45:13.881,37.410,-86.646,-4.268,-30.000
1714823113891,2024-05-04T14:45:13.891,37.420,-105.610,2.134,-32.805
1714823113901,2024-05-04T14:45:13.901,37.430,-122.927,8.415,-31.402
1714823113911,2024-05-04T14:45:13.911,37.440,-133.780,14.329,-24.817
1714823113921,2024-05-04T14:45:13.921,37.450,-133.963,27.256,-20.366
1714823113931,2024-05-04T14:45:13.931,37.460,-128.720,57.012,-18.049
1714823113941,2024-05-04T14:45:13.941,37.470,-127.683,98.780,-12.988
1714823113951,2024-05-04T14:45:13.951,37.480,-123.537,133.902,-8.537
1714823113961,2024-05-04T14:45:13.961,37.490,-131.220,153.110,-10.427
1714823113971,2024-05-04T14:45:13.971,37.500,-159.512,162.195,-10.915
1714823113981,2024-05-04T14:45:13.981,37.510,-195.854,174.146,-7.561
1714823113991,2024-05-04T14:45:13.991,37.520,-215.732,183.780,-8.232
1714823114001,2024-05-04T14:45:14.001,37.530,-193.659,167.439,4.329
1714823114011,2024-05-04T14:45:14.011,37.540,-152.439,135.549,30.244
1714823114021,2024-05-04T14:45:14.021,37.550,-116.585,108.476,20.671
1714823114031,2024-05-04T14:45:14.031,37.560,-71.037,83.293,14.329
1714823114041,2024-05-04T14:45:14.041,37.570,-25.915,46.829,30.488
1714823114051,2024-05-04T14:45:14.051,37.580,22.073,10.610,46.646
1714823114061,2024-05-04T14:45:14.061,37.590,70.976,-9.390,59.085
1714823114071,2024-05-04T14:45:14.071,37.600,89.939,-17.073,55.061
1714823114081,2024-05-04T14:45:14.081,37.610,85.732,-19.756,49.390
1714823114091,2024-05-04T14:45:14.091,37.620,74.085,-27.012,41.829
1714823114101,2024-05-04T14:45:14.101,37.630,65.671,-37.500,30.854
1714823114111,2024-05-04T14:45:14.111,37.640,62.073,-37.988,22.988
1714823114121,2024-05-04T14:45:14.121,37.650,58.476,-25.915,16.585
1714823114131,2024-05-04T14:45:14.131,37.660,55.183,-11.280,10.061
1714823114141,2024-05-04T14:45:14.141,37.670,52.500,-0.732,4.390
1714823114151,2024-05-04T14:45:14.151,37.680,50.488,3.354,1.098
1714823114161,2024-05-04T14:45:14.161,37.690,48.049,1.890,1.341
1714823114171,2024-05-04T14:45:14.171,37.700,47.439,-6.220,4.634
1714823114181,2024-05-04T14:45:14.181,37.710,48.171,-22.805,9.207
1714823114191,2024-05-04T14:45:14.191,37.720,48.720,-42.988,15.610
1714823114201,2024-05-04T14:45:14.201,37.730,47.561,-60.854,20.488
1714823114211,2024-05-04T14:45:14.211,37.740,43.232,-72.622,18.659
1714823114221,2024-05-04T14:45:14.221,37.750,39.512,-80.427,15.976
1714823114231,2024-05-04T14:45:14.231,37.760,38.293,-87.134,14.634
1714823114241,2024-05-04T14:45:14.241,37.770,38.720,-91.524,10.061
1714823114251,2024-05-04T14:45:14.251,37.780,40.305,-91.768,3.232
1714823114261,2024-05-04T14:45:14.261,37.790,43.171,-87.500,0.366
1714823114271,2024-05-04T14:45:14.271,37.800,44.634,-82.744,-2.927
1714823114281,2024-05-04T14:45:14.281,37.810,42.561,-77.805,-6.890
1714823114291,2024-05-04T14:45:14.291,37.820,38.354,-70.366,-6.707
1714823114301,2024-05-04T14:45:14.301,37.830,33.171,-63.537,-4.878
1714823114311,2024-05-04T14:45:14.311,37.840,26.220,-60.671,-5.000
1714823114321,2024-05-04T14:45:14.321,37.850,22.378,-62.378,-3.476
1714823114331,2024-05-04T14:45:14.331,37.860,20.671,-69.695,-2.866
1714823114341,2024-05-04T14:45:14.341,37.870,21.341,-89.085,-5.000
1714823114351,2024-05-04T14:45:14.351,37.880,13.232,-99.817,-4.939
1714823114361,2024-05-04T14:45:14.361,37.890,13.415,-85.915,-0.366
1714823114371,2024-05-04T14:45:14.371,37.900,13.720,-68.171,-4.329
1714823114381,2024-05-04T14:45:14.381,37.910,11.768,-52.134,-6.768
1714823114391,2024-05-04T14:45:14.391,37.920,7.744,-41.707,-5.305
1714823114401,2024-05-04T14:45:14.401,37.930,5.854,-36.646,-3.171
1714823114411,2024-05-04T14:45:14.411,37.940,5.000,-30.610,-3.049
1714823114421,2024-05-04T14:45:14.421,37.950,4.268,-28.780,-6.463
1714823114431,2024-05-04T14:45:14.431,37.960,1.524,-35.122,-9.024
1714823114441,2024-05-04T14:45:14.441,37.970,-4.146,-46.463,-7.073
1714823114451,2024-05-04T14:45:14.451,37.980,-8.354,-52.195,-4.573
1714823114461,2024-05-04T14:45:14.461,37.990,-7.805,-49.878,-3.110
1714823114471,2024-05-04T14:45:14.471,38.000,-2.500,-39.329,-0.976
1714823114481,2024-05-04T14:45:14.481,38.010,5.183,-22.866,0.793
1714823114491,2024-05-04T14:45:14.491,38.020,6.402,-8.902,-0.366
1714823114501,2024-05-04T14:45:14.501,38.030,1.524,0.183,-2.683
1714823114511,2024-05-04T14:45:14.511,38.040,-2.012,1.585,-2.927
1714823114521,2024-05-04T14:45:14.521,38.050,-2.561,-3.232,-2.927
1714823114531,2024-05-04T14:45:14.531,38.060,-1.220,-9.817,-1.280
1714823114541,2024-05-04T14:45:14.541,38.070,2.012,-13.415,1.341
1714823114551,2024-05-04T14:45:14.551,38.080,5.549,-10.610,2.683
1714823114561,2024-05-04T14:45:14.561,38.090,4.512,-6.098,1.890
1714823114571,2024-05-04T14:45:14.571,38.100,-0.732,-1.341,-0.732
1714823114581,2024-05-04T14:45:14.581,38.110,-3.659,1.951,-2.317
1714823114591,2024-05-04T14:45:14.591,38.120,-2.683,2.744,-2.256
1714823114601,2024-05-04T14:45:14.601,38.130,0.366,2.805,-0.976
1714823114611,2024-05-04T14:45:14.611,38.140,2.317,1.768,-0.305
1714823114621,2024-05-04T14:45:14.621,38.150,1.463,-0.122,-0.366
1714823114631,2024-05-04T14:45:14.631,38.160,-0.305,-1.280,-1.098
1714823114641,2024-05-04T14:45:14.641,38.170,-0.427,-1.098,-1.159
1714823114651,2024-05-04T14:45:14.651,38.180,0.000,-0.122,-1.707
1714823114661,2024-05-04T14:45:14.661,38.190,0.061,2.744,-1.890
1714823114671,2024-05-04T14:45:14.671,38.200,1.707,6.707,-1.829
1714823114681,2024-05-04T14:45:14.681,38.210,4.878,8.293,-1.585
1714823114691,2024-05-04T14:45:14.691,38.220,5.854,6.768,-0.610
1714823114701,2024-05-04T14:45:14.701,38.230,3.293,2.500,-0.488
1714823114711,2024-05-04T14:45:14.711,38.240,0.061,-2.622,0.122
1714823114721,2024-05-04T14:45:14.721,38.250,-1.463,-5.976,1.220
1714823114731,2024-05-04T14:45:14.731,38.260,-0.732,-6.951,2.561
1714823114741,2024-05-04T14:45:14.741,38.270,0.854,-6.098,4.024
1714823114751,2024-05-04T14:45:14.751,38.280,1.829,-4.146,4.695
1714823114761,2024-05-04T14:45:14.761,38.290,3.232,-1.890,4.329
1714823114771,2024-05-04T14:45:14.771,38.300,4.939,0.183,3.171
1714823114781,2024-05-04T14:45:14.781,38.310,7.805,2.439,2.561
1714823114791,2024-05-04T14:45:14.791,38.320,10.732,4.146,2.378
1714823114801,2024-05-04T14:45:14.801,38.330,13.659,4.329,1.707
1714823114811,2024-05-04T14:45:14.811,38.340,16.463,4.573,0.671
1714823114821,2024-05-04T14:45:14.821,38.350,18.354,5.915,0.000
1714823114831,2024-05-04T14:45:14.831,38.360,20.732,10.793,0.610
1714823114841,2024-05-04T14:45:14.841,38.370,25.793,17.500,0.549
1714823114851,2024-05-04T14:45:14.851,38.380,30.305,21.037,-0.549
1714823114861,2024-05-04T14:45:14.861,38.390,30.488,23.476,-3.780
1714823114871,2024-05-04T14:45:14.871,38.400,35.000,34.512,-2.500
1714823114881,2024-05-04T14:45:14.881,38.410,39.024,43.963,-3.293
1714823114891,2024-05-04T14:45:14.891,38.420,41.402,54.390,-5.610
1714823114901,2024-05-04T14:45:14.901,38.430,46.402,63.780,-6.341
1714823114911,2024-05-04T14:45:14.911,38.440,49.329,67.317,-8.415
1714823114921,2024-05-04T14:45:14.921,38.450,52.012,71.768,-9.695
1714823114931,2024-05-04T14:45:14.931,38.460,57.866,78.049,-12.134
1714823114941,2024-05-04T14:45:14.941,38.470,60.793,84.390,-16.463
1714823114951,2024-05-04T14:45:14.951,38.480,61.890,91.280,-20.915
1714823114961,2024-05-04T14:45:14.961,38.490,63.232,98.537,-24.817
1714823114971,2024-05-04T14:45:14.971,38.500,65.366,102.622,-27.439
1714823114981,2024-05-04T14:45:14.981,38.510,63.476,100.793,-28.537
1714823114991,2024-05-04T14:45:14.991,38.520,57.256,92.073,-26.829
1714823115001,2024-05-04T14:45:15.001,38.530,47.195,75.732,-22.988
1714823115011,2024-05-04T14:45:15.011,38.540,24.329,53.232,-24.451
1714823115021,2024-05-04T14:45:15.021,38.550,-6.037,29.085,-30.305
1714823115031,2024-05-04T14:45:15.031,38.560,-27.744,11.280,-28.841
1714823115041,2024-05-04T14:45:15.041,38.570,-45.915,-2.988,-27.805
1714823115051,2024-05-04T14:45:15.051,38.580,-66.890,-16.585,-27.927
1714823115061,2024-05-04T14:45:15.061,38.590,-88.720,-26.159,-24.207
1714823115071,2024-05-04T14:45:15.071,38.600,-107.561,-26.402,-19.634
1714823115081,2024-05-04T14:45:15.081,38.610,-119.024,-23.841,-19.146
1714823115091,2024-05-04T14:45:15.091,38.620,-120.793,-27.561,-18.293
1714823115101,2024-05-04T14:45:15.101,38.630,-122.317,-37.927,-16.159
1714823115111,2024-05-04T14:45:15.111,38.640,-136.159,-47.500,-10.610
1714823115121,2024-05-04T14:45:15.121,38.650,-148.354,-42.622,0.305
1714823115131,2024-05-04T14:45:15.131,38.660,-164.207,-23.293,8.171
1714823115141,2024-05-04T14:45:15.141,38.670,-195.976,16.341,-0.610
1714823115151,2024-05-04T14:45:15.151,38.680,-217.256,66.341,-25.488
1714823115161,2024-05-04T14:45:15.161,38.690,-219.451,81.890,-48.537
1714823115171,2024-05-04T14:45:15.171,38.700,-194.268,56.707,-39.024
1714823115181,2024-05-04T14:45:15.181,38.710,-151.098,56.707,-7.378
1714823115191,2024-05-04T14:45:15.191,38.720,-117.012,104.451,11.524
1714823115201,2024-05-04T14:45:15.201,38.730,-85.915,130.305,5.854
1714823115211,2024-05-04T14:45:15.211,38.740,-37.195,103.354,4.085
1714823115221,2024-05-04T14:45:15.221,38.750,5.671,56.037,8.598
1714823115231,2024-05-04T14:45:15.231,38.760,34.634,27.927,13.110
1714823115241,2024-05-04T14:45:15.241,38.770,54.390,19.268,22.622
1714823115251,2024-05-04T14:45:15.251,38.780,70.427,11.707,32.439
1714823115261,2024-05-04T14:45:15.261,38.790,83.598,4.512,35.671
1714823115271,2024-05-04T14:45:15.271,38.800,84.451,1.402,32.195
1714823115281,2024-05-04T14:45:15.281,38.810,74.146,0.244,25.183
1714823115291,2024-05-04T14:45:15.291,38.820,67.317,-2.317,17.988
1714823115301,2024-05-04T14:45:15.301,38.830,64.756,-3.293,10.976
1714823115311,2024-05-04T14:45:15.311,38.840,62.439,-4.024,6.280
1714823115321,2024-05-04T14:45:15.321,38.850,58.963,-11.402,4.817
1714823115331,2024-05-04T14:45:15.331,38.860,55.915,-25.061,6.037
1714823115341,2024-05-04T14:45:15.341,38.870,54.146,-43.232,7.073
1714823115351,2024-05-04T14:45:15.351,38.880,54.146,-60.976,6.341
1714823115361,2024-05-04T14:45:15.361,38.890,53.476,-78.659,4.085
1714823115371,2024-05-04T14:45:15.371,38.900,51.463,-95.183,2.988
1714823115381,2024-05-04T14:45:15.381,38.910,46.341,-113.598,5.183
1714823115391,2024-05-04T14:45:15.391,38.920,39.329,-129.390,3.902
1714823115401,2024-05-04T14:45:15.401,38.930,30.549,-130.732,-2.866
1714823115411,2024-05-04T14:45:15.411,38.940,20.976,-114.024,-12.195
1714823115421,2024-05-04T14:45:15.421,38.950,13.598,-80.366,-15.976
1714823115431,2024-05-04T14:45:15.431,38.960,15.061,-33.171,-10.732
1714823115441,2024-05-04T14:45:15.441,38.970,25.305,12.988,-0.854
1714823115451,2024-05-04T14:45:15.451,38.980,37.622,11.768,3.171
1714823115461,2024-05-04T14:45:15.461,38.990,40.000,-25.976,-5.610
1714823115471,2024-05-04T14:45:15.471,39.000,41.646,-32.927,-13.476
1714823115481,2024-05-04T14:45:15.481,39.010,39.329,-0.793,-2.805
1714823115491,2024-05-04T14:45:15.491,39.020,24.024,24.146,3.780
1714823115501,2024-05-04T14:45:15.501,39.030,2.683,11.402,8.171
1714823115511,2024-05-04T14:45:15.511,39.040,-6.768,-17.744,11.951
1714823115521,2024-05-04T14:45:15.521,39.050,-0.183,-49.329,8.598
1714823115531,2024-05-04T14:45:15.531,39.060,3.476,-69.817,5.549
1714823115541,2024-05-04T14:45:15.541,39.070,2.927,-73.049,9.268
1714823115551,2024-05-04T14:45:15.551,39.080,3.476,-68.293,13.720
1714823115561,2024-05-04T14:45:15.561,39.090,4.695,-63.293,10.427
1714823115571,2024-05-04T14:45:15.571,39.100,5.122,-61.463,6.220
1714823115581,2024-05-04T14:45:15.581,39.110,5.976,-51.707,4.756
1714823115591,2024-05-04T14:45:15.591,39.120,7.073,-33.963,3.354
1714823115601,2024-05-04T14:45:15.601,39.130,7.805,-13.354,2.866
1714823115611,2024-05-04T14:45:15.611,39.140,7.378,2.439,1.829
1714823115621,2024-05-04T14:45:15.621,39.150,7.500,8.415,0.549
1714823115631,2024-05-04T14:45:15.631,39.160,8.110,7.988,1.463
1714823115641,2024-05-04T14:45:15.641,39.170,9.207,4.817,2.683
1714823115651,2024-05-04T14:45:15.651,39.180,10.427,-1.402,3.780
1714823115661,2024-05-04T14:45:15.661,39.190,11.098,-7.744,4.512
1714823115671,2024-05-04T14:45:15.671,39.200,9.573,-13.232,2.988
1714823115681,2024-05-04T14:45:15.681,39.210,6.402,-15.488,1.768
1714823115691,2024-05-04T14:45:15.691,39.220,3.659,-10.671,1.646
1714823115701,2024-05-04T14:45:15.701,39.230,1.768,-1.585,0.549
1714823115711,2024-05-04T14:45:15.711,39.240,2.012,6.341,-0.427
1714823115721,2024-05-04T14:45:15.721,39.250,2.805,8.963,0.793
1714823115731,2024-05-04T14:45:15.731,39.260,1.890,9.085,2.317
1714823115741,2024-05-04T14:45:15.741,39.270,0.000,8.415,1.585
1714823115751,2024-05-04T14:45:15.751,39.280,-0.915,5.549,0.183
1714823115761,2024-05-04T14:45:15.761,39.290,-0.854,1.463,-0.244
1714823115771,2024-05-04T14:45:15.771,39.300,-0.244,-1.707,-0.122
1714823115781,2024-05-04T14:45:15.781,39.310,1.646,-3.232,0.610
1714823115791,2024-05-04T14:45:15.791,39.320,4.756,-3.171,1.768
1714823115801,2024-05-04T14:45:15.801,39.330,7.012,-2.622,2.805
1714823115811,2024-05-04T14:45:15.811,39.340,7.500,-3.110,3.720
1714823115821,2024-05-04T14:45:15.821,39.350,8.354,-3.415,5.000
1714823115831,2024-05-04T14:45:15.831,39.360,9.695,-2.439,4.756
1714823115841,2024-05-04T14:45:15.841,39.370,12.256,0.183,4.268
1714823115851,2024-05-04T14:45:15.851,39.380,16.768,3.537,4.451
1714823115861,2024-05-04T14:45:15.861,39.390,20.061,7.134,4.573
1714823115871,2024-05-04T14:45:15.871,39.400,22.805,10.427,3.537
1714823115881,2024-05-04T14:45:15.881,39.410,25.000,17.805,2.378
1714823115891,2024-05-04T14:45:15.891,39.420,30.061,30.061,4.512
1714823115901,2024-05-04T14:45:15.901,39.430,35.183,40.793,5.000
1714823115911,2024-05-04T14:45:15.911,39.440,40.610,44.268,4.573
1714823115921,2024-05-04T14:45:15.921,39.450,45.610,42.866,5.549
1714823115931,2024-05-04T14:45:15.931,39.460,52.988,37.988,4.695
1714823115941,2024-05-04T14:45:15.941,39.470,61.463,28.232,3.659
1714823115951,2024-05-04T14:45:15.951,39.480,67.683,13.598,5.305
1714823115961,2024-05-04T14:45:15.961,39.490,69.695,2.866,6.037
1714823115971,2024-05-04T14:45:15.971,39.500,67.561,-0.854,2.378
1714823115981,2024-05-04T14:45:15.981,39.510,64.207,2.439,-4.390
1714823115991,2024-05-04T14:45:15.991,39.520,65.915,15.061,-9.329
1714823116001,2024-05-04T14:45:16.001,39.530,71.951,29.573,-13.476
1714823116011,2024-05-04T14:45:16.011,39.540,74.207,40.976,-15.244
1714823116021,2024-05-04T14:45:16.021,39.550,73.232,47.744,-15.305
1714823116031,2024-05-04T14:45:16.031,39.560,71.951,47.439,-17.561
1714823116041,2024-05-04T14:45:16.041,39.570,66.463,43.415,-19.146
1714823116051,2024-05-04T14:45:16.051,39.580,56.463,40.427,-19.207
1714823116061,2024-05-04T14:45:16.061,39.590,45.671,41.220,-20.366
1714823116071,2024-05-04T14:45:16.071,39.600,36.768,46.707,-22.683
1714823116081,2024-05-04T14:45:16.081,39.610,29.390,50.793,-26.768
1714823116091,2024-05-04T14:45:16.091,39.620,22.134,47.561,-30.854
1714823116101,2024-05-04T14:45:16.101,39.630,10.427,35.915,-35.488
1714823116111,2024-05-04T14:45:16.111,39.640,-9.573,15.671,-45.061
1714823116121,2024-05-04T14:45:16.121,39.650,-32.866,-12.927,-53.049
1714823116131,2024-05-04T14:45:16.131,39.660,-56.463,-42.683,-54.756
1714823116141,2024-05-04T14:45:16.141,39.670,-75.366,-55.183,-51.768
1714823116151,2024-05-04T14:45:16.151,39.680,-85.427,-44.512,-40.610
1714823116161,2024-05-04T14:45:16.161,39.690,-87.866,-27.561,-31.890
1714823116171,2024-05-04T14:45:16.171,39.700,-86.098,-19.756,-23.110
1714823116181,2024-05-04T14:45:16.181,39.710,-94.207,-9.695,-18.293
1714823116191,2024-05-04T14:45:16.191,39.720,-106.524,10.244,-23.537
1714823116201,2024-05-04T14:45:16.201,39.730,-130.305,37.317,-14.939
1714823116211,2024-05-04T14:45:16.211,39.740,-157.927,69.390,6.524
1714823116221,2024-05-04T14:45:16.221,39.750,-191.037,68.598,-10.061
1714823116231,2024-05-04T14:45:16.231,39.760,-232.378,51.768,-27.927
1714823116241,2024-05-04T14:45:16.241,39.770,-239.573,38.476,-16.951
1714823116251,2024-05-04T14:45:16.251,39.780,-205.122,29.512,-13.659
1714823116261,2024-05-04T14:45:16.261,39.790,-153.476,24.634,-2.744
1714823116271,2024-05-04T14:45:16.271,39.800,-110.671,14.329,13.963
1714823116281,2024-05-04T14:45:16.281,39.810,-75.122,1.037,9.512
1714823116291,2024-05-04T14:45:16.291,39.820,-34.329,-5.854,1.220
1714823116301,2024-05-04T14:45:16.301,39.830,6.159,-4.085,6.768
1714823116311,2024-05-04T14:45:16.311,39.840,40.915,0.610,20.732
1714823116321,2024-05-04T14:45:16.321,39.850,67.622,0.305,34.329
1714823116331,2024-05-04T14:45:16.331,39.860,75.366,-2.927,38.720
1714823116341,2024-05-04T14:45:16.341,39.870,66.646,-6.159,32.622
1714823116351,2024-05-04T14:45:16.351,39.880,56.037,-9.756,24.207
1714823116361,2024-05-04T14:45:16.361,39.890,49.512,-11.646,20.244
1714823116371,2024-05-04T14:45:16.371,39.900,47.256,-11.220,20.061
1714823116381,2024-05-04T14:45:16.381,39.910,48.110,-9.207,18.598
1714823116391,2024-05-04T14:45:16.391,39.920,48.049,-8.354,18.476
1714823116401,2024-05-04T14:45:16.401,39.930,47.012,-13.415,22.805
1714823116411,2024-05-04T14:45:16.411,39.940,43.537,-26.524,23.415
1714823116421,2024-05-04T14:45:16.421,39.950,38.293,-39.939,18.720
1714823116431,2024-05-04T14:45:16.431,39.960,34.085,-49.085,17.012
1714823116441,2024-05-04T14:45:16.441,39.970,30.793,-56.707,17.988
1714823116451,2024-05-04T14:45:16.451,39.980,27.622,-60.671,17.012
1714823116461,2024-05-04T14:45:16.461,39.990,25.061,-61.220,16.280
1714823116471,2024-05-04T14:45:16.471,40.000,22.134,-61.037,15.427
1714823116481,2024-05-04T14:45:16.481,40.010,16.951,-61.829,13.780
1714823116491,2024-05-04T14:45:16.491,40.020,7.622,-63.293,12.744
1714823116501,2024-05-04T14:45:16.501,40.030,-1.463,-56.646,13.598
1714823116511,2024-05-04T14:45:16.511,40.040,-4.817,-40.183,14.512
1714823116521,2024-05-04T14:45:16.521,40.050,0.000,-28.415,14.573
1714823116531,2024-05-04T14:45:16.531,40.060,4.390,-33.293,10.061
1714823116541,2024-05-04T14:45:16.541,40.070,7.805,-48.232,2.622
1714823116551,2024-05-04T14:45:16.551,40.080,11.463,-56.646,3.841
1714823116561,2024-05-04T14:45:16.561,40.090,17.439,-32.805,8.720
1714823116571,2024-05-04T14:45:16.571,40.100,24.573,-5.732,9.207
1714823116581,2024-05-04T14:45:16.581,40.110,9.634,4.512,9.085
1714823116591,2024-05-04T14:45:16.591,40.120,-9.756,8.659,7.500
1714823116601,2024-05-04T14:45:16.601,40.130,-9.512,1.890,5.366
1714823116611,2024-05-04T14:45:16.611,40.140,4.512,-11.280,6.159
1714823116621,2024-05-04T14:45:16.621,40.150,8.171,-24.634,6.037
1714823116631,2024-05-04T14:45:16.631,40.160,-0.610,-32.439,2.683
1714823116641,2024-05-04T14:45:16.641,40.170,-6.951,-32.744,-0.305
1714823116651,2024-05-04T14:45:16.651,40.180,-7.012,-32.012,-0.549
1714823116661,2024-05-04T14:45:16.661,40.190,-4.024,-27.012,0.976
1714823116671,2024-05-04T14:45:16.671,40.200,-0.793,-18.841,1.220
1714823116681,2024-05-04T14:45:16.681,40.210,0.427,-9.878,0.488
1714823116691,2024-05-04T14:45:16.691,40.220,-1.829,-4.268,0.488
1714823116701,2024-05-04T14:45:16.701,40.230,-4.817,-1.524,1.463
1714823116711,2024-05-04T14:45:16.711,40.240,-5.488,-0.427,1.524
1714823116721,2024-05-04T14:45:16.721,40.250,-4.024,-2.988,0.915
1714823116731,2024-05-04T14:45:16.731,40.260,-1.646,-8.354,2.256
1714823116741,2024-05-04T14:45:16.741,40.270,0.976,-10.366,3.720
1714823116751,2024-05-04T14:45:16.751,40.280,3.293,-8.902,3.415
1714823116761,2024-05-04T14:45:16.761,40.290,3.902,-5.854,3.902
1714823116771,2024-05-04T14:45:16.771,40.300,1.585,-2.500,3.780
1714823116781,2024-05-04T14:45:16.781,40.310,-1.646,-0.854,2.500
1714823116791,2024-05-04T14:45:16.791,40.320,-2.439,0.305,2.622
1714823116801,2024-05-04T14:45:16.801,40.330,-1.159,1.220,2.561
1714823116811,2024-05-04T14:45:16.811,40.340,-0.061,2.317,2.561
1714823116821,2024-05-04T14:45:16.821,40.350,-0.183,4.146,2.195
1714823116831,2024-05-04T14:45:16.831,40.360,-2.317,3.780,0.732
1714823116841,2024-05-04T14:45:16.841,40.370,-4.817,0.976,-0.061
1714823116851,2024-05-04T14:45:16.851,40.380,-5.305,-3.476,0.610
1714823116861,2024-05-04T14:45:16.861,40.390,-4.573,-7.317,1.098
1714823116871,2024-05-04T14:45:16.871,40.400,-3.171,-9.695,1.159
1714823116881,2024-05-04T14:45:16.881,40.410,0.000,-9.878,0.732
1714823116891,2024-05-04T14:45:16.891,40.420,5.000,-9.756,0.671
1714823116901,2024-05-04T14:45:16.901,40.430,9.329,-8.841,1.768
1714823116911,2024-05-04T14:45:16.911,40.440,10.793,-4.207,2.073
1714823116921,2024-05-04T14:45:16.921,40.450,11.463,6.220,1.890
1714823116931,2024-05-04T14:45:16.931,40.460,12.744,16.402,0.671
1714823116941,2024-05-04T14:45:16.941,40.470,13.841,24.329,-1.890
1714823116951,2024-05-04T14:45:16.951,40.480,18.537,35.427,-1.768
1714823116961,2024-05-04T14:45:16.961,40.490,21.524,46.768,-2.927
1714823116971,2024-05-04T14:45:16.971,40.500,21.829,57.988,-2.866
1714823116981,2024-05-04T14:45:16.981,40.510,23.598,64.817,-3.232
1714823116991,2024-05-04T14:45:16.991,40.520,26.159,61.768,-2.744
1714823117001,2024-05-04T14:45:17.001,40.530,31.220,48.963,1.585
1714823117011,2024-05-04T14:45:17.011,40.540,35.000,32.439,4.390
1714823117021,2024-05-04T14:45:17.021,40.550,38.110,22.439,5.488
1714823117031,2024-05-04T14:45:17.031,40.560,41.768,23.415,5.793
1714823117041,2024-05-04T14:45:17.041,40.570,44.451,31.463,3.780
1714823117051,2024-05-04T14:45:17.051,40.580,48.049,36.829,0.732
1714823117061,2024-05-04T14:45:17.061,40.590,51.098,34.085,-1.768
1714823117071,2024-05-04T14:45:17.071,40.600,53.841,26.220,-2.622
1714823117081,2024-05-04T14:45:17.081,40.610,56.524,15.732,-1.951
1714823117091,2024-05-04T14:45:17.091,40.620,56.768,2.866,-2.195
1714823117101,2024-05-04T14:45:17.101,40.630,52.012,-9.268,-4.268
1714823117111,2024-05-04T14:45:17.111,40.640,45.427,-15.671,-6.768
1714823117121,2024-05-04T14:45:17.121,40.650,40.671,-16.585,-9.695
1714823117131,2024-05-04T14:45:17.131,40.660,36.890,-14.390,-12.439
1714823117141,2024-05-04T14:45:17.141,40.670,37.256,-11.159,-12.073
1714823117151,2024-05-04T14:45:17.151,40.680,37.927,-16.159,-11.220
1714823117161,2024-05-04T14:45:17.161,40.690,30.793,-30.122,-12.500
1714823117171,2024-05-04T14:45:17.171,40.700,17.988,-43.963,-13.841
1714823117181,2024-05-04T14:45:17.181,40.710,5.671,-52.317,-18.171
1714823117191,2024-05-04T14:45:17.191,40.720,-2.073,-56.951,-23.110
1714823117201,2024-05-04T14:45:17.201,40.730,-10.610,-57.317,-26.402
1714823117211,2024-05-04T14:45:17.211,40.740,-20.671,-52.439,-32.561
1714823117221,2024-05-04T14:45:17.221,40.750,-36.524,-39.329,-31.707
1714823117231,2024-05-04T14:45:17.231,40.760,-63.171,-10.000,-26.037
1714823117241,2024-05-04T14:45:17.241,40.770,-84.024,16.707,-21.098
1714823117251,2024-05-04T14:45:17.251,40.780,-93.232,11.707,-15.854
1714823117261,2024-05-04T14:45:17.261,40.790,-110.671,-17.012,-4.146
1714823117271,2024-05-04T14:45:17.271,40.800,-142.622,-37.988,18.537
1714823117281,2024-05-04T14:45:17.281,40.810,-150.976,-24.634,37.256
1714823117291,2024-05-04T14:45:17.291,40.820,-152.805,5.915,47.866
1714823117301,2024-05-04T14:45:17.301,40.830,-174.268,29.329,38.720
1714823117311,2024-05-04T14:45:17.311,40.840,-200.061,26.098,5.915
1714823117321,2024-05-04T14:45:17.321,40.850,-210.854,26.463,-16.280
1714823117331,2024-05-04T14:45:17.331,40.860,-199.756,42.683,-11.341
1714823117341,2024-05-04T14:45:17.341,40.870,-173.049,58.841,2.805
1714823117351,2024-05-04T14:45:17.351,40.880,-149.329,66.098,10.915
1714823117361,2024-05-04T14:45:17.361,40.890,-117.500,67.378,6.159
1714823117371,2024-05-04T14:45:17.371,40.900,-74.634,63.232,5.244
1714823117381,2024-05-04T14:45:17.381,40.910,-23.963,51.037,17.866
1714823117391,2024-05-04T14:45:17.391,40.920,26.280,36.098,30.793
1714823117401,2024-05-04T14:45:17.401,40.930,65.793,24.451,36.280
1714823117411,2024-05-04T14:45:17.411,40.940,82.988,18.476,33.293
1714823117421,2024-05-04T14:45:17.421,40.950,80.854,15.366,24.573
1714823117431,2024-05-04T14:45:17.431,40.960,72.134,11.159,14.390
1714823117441,2024-05-04T14:45:17.441,40.970,61.707,6.341,6.951
1714823117451,2024-05-04T14:45:17.451,40.980,52.073,8.841,0.244
1714823117461,2024-05-04T14:45:17.461,40.990,47.500,19.878,-5.976
1714823117471,2024-05-04T14:45:17.471,41.000,49.085,32.805,-9.024
1714823117481,2024-05-04T14:45:17.481,41.010,54.329,40.732,-8.720
1714823117491,2024-05-04T14:45:17.491,41.020,58.476,40.305,-5.793
1714823117501,2024-05-04T14:45:17.501,41.030,59.146,31.829,-2.988
1714823117511,2024-05-04T14:45:17.511,41.040,56.524,16.098,-1.951
1714823117521,2024-05-04T14:45:17.521,41.050,52.805,-5.732,-3.902
1714823117531,2024-05-04T14:45:17.531,41.060,50.244,-31.159,-5.488
1714823117541,2024-05-04T14:45:17.541,41.070,43.720,-49.024,-1.341
1714823117551,2024-05-04T14:45:17.551,41.080,37.378,-56.707,1.585
1714823117561,2024-05-04T14:45:17.561,41.090,32.744,-62.317,0.000
1714823117571,2024-05-04T14:45:17.571,41.100,30.732,-61.707,-1.646
1714823117581,2024-05-04T14:45:17.581,41.110,33.171,-50.854,-1.280
1714823117591,2024-05-04T14:45:17.591,41.120,36.159,-34.268,0.488
1714823117601,2024-05-04T14:45:17.601,41.130,32.927,-20.793,-4.268
1714823117611,2024-05-04T14:45:17.611,41.140,31.524,-7.927,-9.939
1714823117621,2024-05-04T14:45:17.621,41.150,32.988,-1.098,-8.293
1714823117631,2024-05-04T14:45:17.631,41.160,29.451,-0.488,-5.610
1714823117641,2024-05-04T14:45:17.641,41.170,27.866,4.878,0.122
1714823117651,2024-05-04T14:45:17.651,41.180,26.951,7.317,5.488
1714823117661,2024-05-04T14:45:17.661,41.190,20.732,6.220,3.537
1714823117671,2024-05-04T14:45:17.671,41.200,14.207,-0.305,2.195
1714823117681,2024-05-04T14:45:17.681,41.210,12.439,-12.256,2.317
1714823117691,2024-05-04T14:45:17.691,41.220,12.256,-21.098,1.707
1714823117701,2024-05-04T14:45:17.701,41.230,11.951,-20.610,1.159
1714823117711,2024-05-04T14:45:17.711,41.240,12.256,-17.378,0.244
1714823117721,2024-05-04T14:45:17.721,41.250,11.402,-16.707,-0.427
1714823117731,2024-05-04T14:45:17.731,41.260,8.049,-17.744,0.610
1714823117741,2024-05-04T14:45:17.741,41.270,2.683,-17.561,0.854
1714823117751,2024-05-04T14:45:17.751,41.280,-0.976,-14.207,0.732
1714823117761,2024-05-04T14:45:17.761,41.290,-2.012,-10.793,0.549
1714823117771,2024-05-04T14:45:17.771,41.300,-2.256,-10.183,0.915
1714823117781,2024-05-04T14:45:17.781,41.310,-1.098,-9.939,3.293
1714823117791,2024-05-04T14:45:17.791,41.320,0.305,-10.549,4.817
1714823117801,2024-05-04T14:45:17.801,41.330,0.976,-11.707,4.146
1714823117811,2024-05-04T14:45:17.811,41.340,0.427,-14.146,2.744
1714823117821,2024-05-04T14:45:17.821,41.350,-1.159,-16.280,2.927
1714823117831,2024-05-04T14:45:17.831,41.360,-2.134,-14.085,3.354
1714823117841,2024-05-04T14:45:17.841,41.370,-1.280,-9.512,3.476
1714823117851,2024-05-04T14:45:17.851,41.380,0.732,-5.549,4.512
1714823117861,2024-05-04T14:45:17.861,41.390,0.732,-4.512,5.549
1714823117871,2024-05-04T14:45:17.871,41.400,-2.317,-5.488,4.817
1714823117881,2024-05-04T14:45:17.881,41.410,-5.061,-7.134,4.024
1714823117891,2024-05-04T14:45:17.891,41.420,-4.817,-9.512,4.756
1714823117901,2024-05-04T14:45:17.901,41.430,-3.598,-12.988,5.732
1714823117911,2024-05-04T14:45:17.911,41.440,-2.500,-17.561,5.915
1714823117921,2024-05-04T14:45:17.921,41.450,-1.585,-20.366,5.976
1714823117931,2024-05-04T14:45:17.931,41.460,0.488,-18.659,5.366
1714823117941,2024-05-04T14:45:17.941,41.470,4.695,-14.085,5.000
1714823117951,2024-05-04T14:45:17.951,41.480,10.732,-10.305,5.793
1714823117961,2024-05-04T14:45:17.961,41.490,16.524,-7.927,6.280
1714823117971,2024-05-04T14:45:17.971,41.500,19.695,-6.951,5.976
1714823117981,2024-05-04T14:45:17.981,41.510,22.805,-6.646,6.951
1714823117991,2024-05-04T14:45:17.991,41.520,25.183,-7.378,6.524
1714823118001,2024-05-04T14:45:18.001,41.530,26.159,-4.695,4.390
1714823118011,2024-05-04T14:45:18.011,41.540,28.476,2.134,4.207
1714823118021,2024-05-04T14:45:18.021,41.550,33.354,8.415,4.390
1714823118031,2024-05-04T14:45:18.031,41.560,41.280,9.390,8.720
1714823118041,2024-05-04T14:45:18.041,41.570,46.402,1.646,14.085
1714823118051,2024-05-04T14:45:18.051,41.580,47.378,-14.329,16.037
1714823118061,2024-05-04T14:45:18.061,41.590,44.939,-32.134,16.890
1714823118071,2024-05-04T14:45:18.071,41.600,42.256,-42.622,18.720
1714823118081,2024-05-04T14:45:18.081,41.610,40.732,-43.841,18.720
1714823118091,2024-05-04T14:45:18.091,41.620,39.085,-38.780,15.061
1714823118101,2024-05-04T14:45:18.101,41.630,40.366,-28.171,11.402
1714823118111,2024-05-04T14:45:18.111,41.640,45.244,-15.488,8.720
1714823118121,2024-05-04T14:45:18.121,41.650,50.000,-8.598,7.317
1714823118131,2024-05-04T14:45:18.131,41.660,49.939,-10.122,7.988
1714823118141,2024-05-04T14:45:18.141,41.670,46.707,-18.902,8.171
1714823118151,2024-05-04T14:45:18.151,41.680,41.280,-31.646,7.195
1714823118161,2024-05-04T14:45:18.161,41.690,32.500,-38.963,5.610
1714823118171,2024-05-04T14:45:18.171,41.700,26.524,-35.305,2.622
1714823118181,2024-05-04T14:45:18.181,41.710,21.280,-26.037,0.183
1714823118191,2024-05-04T14:45:18.191,41.720,12.744,-17.256,-5.915
1714823118201,2024-05-04T14:45:18.201,41.730,4.573,-13.110,-13.049
1714823118211,2024-05-04T14:45:18.211,41.740,-0.976,-20.671,-19.268
1714823118221,2024-05-04T14:45:18.221,41.750,-13.659,-34.817,-24.085
1714823118231,2024-05-04T14:45:18.231,41.760,-32.866,-45.549,-28.537
1714823118241,2024-05-04T14:45:18.241,41.770,-43.598,-50.610,-24.939
1714823118251,2024-05-04T14:45:18.251,41.780,-54.207,-45.427,-15.427
1714823118261,2024-05-04T14:45:18.261,41.790,-72.805,-22.988,-4.085
1714823118271,2024-05-04T14:45:18.271,41.800,-87.805,8.537,6.707
1714823118281,2024-05-04T14:45:18.281,41.810,-97.744,31.159,13.902
1714823118291,2024-05-04T14:45:18.291,41.820,-108.293,43.902,20.671
1714823118301,2024-05-04T14:45:18.301,41.830,-123.720,51.341,28.659
1714823118311,2024-05-04T14:45:18.311,41.840,-137.866,78.476,27.927
1714823118321,2024-05-04T14:45:18.321,41.850,-146.585,127.073,10.854
1714823118331,2024-05-04T14:45:18.331,41.860,-156.402,170.610,-3.354
1714823118341,2024-05-04T14:45:18.341,41.870,-164.939,172.866,-0.305
1714823118351,2024-05-04T14:45:18.351,41.880,-169.817,132.744,5.427
1714823118361,2024-05-04T14:45:18.361,41.890,-170.366,97.927,0.366
1714823118371,2024-05-04T14:45:18.371,41.900,-162.134,107.134,4.939
1714823118381,2024-05-04T14:45:18.381,41.910,-147.744,142.134,23.171
1714823118391,2024-05-04T14:45:18.391,41.920,-127.866,146.159,16.585
1714823118401,2024-05-04T14:45:18.401,41.930,-82.073,115.793,11.402
1714823118411,2024-05-04T14:45:18.411,41.940,-11.037,64.878,21.524
1714823118421,2024-05-04T14:45:18.421,41.950,37.317,7.805,27.500
1714823118431,2024-05-04T14:45:18.431,41.960,53.171,-31.220,23.841
1714823118441,2024-05-04T14:45:18.441,41.970,59.573,-46.463,16.768
1714823118451,2024-05-04T14:45:18.451,41.980,65.793,-47.317,9.451
1714823118461,2024-05-04T14:45:18.461,41.990,64.878,-37.378,2.134
1714823118471,2024-05-04T14:45:18.471,42.000,57.744,-21.402,-2.744
1714823118481,2024-05-04T14:45:18.481,42.010,50.122,-6.890,-4.634
1714823118491,2024-05-04T14:45:18.491,42.020,45.854,2.073,-6.159
1714823118501,2024-05-04T14:45:18.501,42.030,43.232,5.549,-6.951
1714823118511,2024-05-04T14:45:18.511,42.040,43.476,2.927,-4.939
1714823118521,2024-05-04T14:45:18.521,42.050,45.976,-7.805,-4.085
1714823118531,2024-05-04T14:45:18.531,42.060,46.890,-25.061,-5.671
1714823118541,2024-05-04T14:45:18.541,42.070,45.854,-42.744,-6.159
1714823118551,2024-05-04T14:45:18.551,42.080,44.329,-55.000,-5.488
1714823118561,2024-05-04T14:45:18.561,42.090,42.256,-61.951,-5.915
1714823118571,2024-05-04T14:45:18.571,42.100,39.268,-64.695,-6.524
1714823118581,2024-05-04T14:45:18.581,42.110,35.427,-63.049,-5.183
1714823118591,2024-05-04T14:45:18.591,42.120,33.902,-57.988,-6.646
1714823118601,2024-05-04T14:45:18.601,42.130,34.207,-49.878,-8.841
1714823118611,2024-05-04T14:45:18.611,42.140,32.500,-40.854,-10.549
1714823118621,2024-05-04T14:45:18.621,42.150,28.841,-37.073,-12.866
1714823118631,2024-05-04T14:45:18.631,42.160,24.390,-35.854,-14.207
1714823118641,2024-05-04T14:45:18.641,42.170,21.829,-33.537,-17.622
1714823118651,2024-05-04T14:45:18.651,42.180,22.317,-32.439,-20.244
1714823118661,2024-05-04T14:45:18.661,42.190,28.293,-40.061,-19.695
1714823118671,2024-05-04T14:45:18.671,42.200,28.476,-54.756,-18.476
1714823118681,2024-05-04T14:45:18.681,42.210,26.220,-50.000,-15.976
1714823118691,2024-05-04T14:45:18.691,42.220,25.366,-26.951,-11.890
1714823118701,2024-05-04T14:45:18.701,42.230,24.695,-5.732,-12.073
1714823118711,2024-05-04T14:45:18.711,42.240,22.134,4.878,-11.341
1714823118721,2024-05-04T14:45:18.721,42.250,15.610,8.476,-10.976
1714823118731,2024-05-04T14:45:18.731,42.260,9.146,3.537,-12.927
1714823118741,2024-05-04T14:45:18.741,42.270,7.195,-6.037,-11.768
1714823118751,2024-05-04T14:45:18.751,42.280,7.134,-16.951,-9.817
1714823118761,2024-05-04T14:45:18.761,42.290,7.256,-28.720,-9.451
1714823118771,2024-05-04T14:45:18.771,42.300,3.963,-39.695,-6.463
1714823118781,2024-05-04T14:45:18.781,42.310,-1.098,-44.329,-1.585
1714823118791,2024-05-04T14:45:18.791,42.320,-4.756,-41.707,0.488
1714823118801,2024-05-04T14:45:18.801,42.330,-4.207,-35.610,-0.366
1714823118811,2024-05-04T14:45:18.811,42.340,-1.890,-30.854,-0.610
1714823118821,2024-05-04T14:45:18.821,42.350,0.793,-25.671,1.220
1714823118831,2024-05-04T14:45:18.831,42.360,2.683,-19.512,3.232
1714823118841,2024-05-04T14:45:18.841,42.370,2.622,-13.293,2.866
1714823118851,2024-05-04T14:45:18.851,42.380,0.610,-9.512,1.402
1714823118861,2024-05-04T14:45:18.861,42.390,-1.463,-10.305,1.220
1714823118871,2024-05-04T14:45:18.871,42.400,-0.915,-10.915,2.378
1714823118881,2024-05-04T14:45:18.881,42.410,2.073,-9.573,2.256
1714823118891,2024-05-04T14:45:18.891,42.420,7.073,-7.988,2.073
1714823118901,2024-05-04T14:45:18.901,42.430,10.915,-6.524,3.476
1714823118911,2024-05-04T14:45:18.911,42.440,9.573,-4.634,3.171
1714823118921,2024-05-04T14:45:18.921,42.450,6.646,-2.439,1.585
1714823118931,2024-05-04T14:45:18.931,42.460,5.305,-1.463,1.280
1714823118941,2024-05-04T14:45:18.941,42.470,4.207,-2.195,1.646
1714823118951,2024-05-04T14:45:18.951,42.480,2.378,-4.512,2.927
1714823118961,2024-05-04T14:45:18.961,42.490,2.378,-4.451,4.024
1714823118971,2024-05-04T14:45:18.971,42.500,4.695,-2.439,4.390
1714823118981,2024-05-04T14:45:18.981,42.510,6.768,0.244,4.390
1714823118991,2024-05-04T14:45:18.991,42.520,7.439,3.232,3.598
1714823119001,2024-05-04T14:45:19.001,42.530,5.976,4.451,2.134
1714823119011,2024-05-04T14:45:19.011,42.540,3.415,3.598,1.280
1714823119021,2024-05-04T14:45:19.021,42.550,1.524,1.768,2.256
1714823119031,2024-05-04T14:45:19.031,42.560,0.732,-0.183,3.780
1714823119041,2024-05-04T14:45:19.041,42.570,-0.061,-2.378,4.390
1714823119051,2024-05-04T14:45:19.051,42.580,-0.061,-3.476,4.939
1714823119061,2024-05-04T14:45:19.061,42.590,1.463,-2.256,5.610
1714823119071,2024-05-04T14:45:19.071,42.600,2.927,-0.427,5.854
1714823119081,2024-05-04T14:45:19.081,42.610,4.451,0.793,5.671
1714823119091,2024-05-04T14:45:19.091,42.620,7.317,-1.890,5.854
1714823119101,2024-05-04T14:45:19.101,42.630,10.366,-11.341,5.793
1714823119111,2024-05-04T14:45:19.111,42.640,12.561,-23.598,5.061
1714823119121,2024-05-04T14:45:19.121,42.650,20.122,-27.744,8.476
1714823119131,2024-05-04T14:45:19.131,42.660,27.134,-25.549,10.061
1714823119141,2024-05-04T14:45:19.141,42.670,34.451,-14.878,7.866
1714823119151,2024-05-04T14:45:19.151,42.680,47.683,2.195,5.305
1714823119161,2024-05-04T14:45:19.161,42.690,57.744,15.793,2.012
1714823119171,2024-05-04T14:45:19.171,42.700,64.085,28.110,0.061
1714823119181,2024-05-04T14:45:19.181,42.710,67.012,37.683,-2.317
1714823119191,2024-05-04T14:45:19.191,42.720,63.598,41.402,-4.939
1714823119201,2024-05-04T14:45:19.201,42.730,55.305,45.976,-4.207
1714823119211,2024-05-04T14:45:19.211,42.740,57.378,52.927,-7.561
1714823119221,2024-05-04T14:45:19.221,42.750,61.951,56.707,-12.439
1714823119231,2024-05-04T14:45:19.231,42.760,63.598,62.927,-12.805
1714823119241,2024-05-04T14:45:19.241,42.770,72.134,75.793,-13.841
1714823119251,2024-05-04T14:45:19.251,42.780,87.683,77.744,-13.049
1714823119261,2024-05-04T14:45:19.261,42.790,85.610,58.598,-11.524
1714823119271,2024-05-04T14:45:19.271,42.800,59.085,28.476,-12.622
1714823119281,2024-05-04T14:45:19.281,42.810,26.951,5.183,-17.317
1714823119291,2024-05-04T14:45:19.291,42.820,8.476,-9.512,-21.707
1714823119301,2024-05-04T14:45:19.301,42.830,-3.902,-17.988,-22.378
1714823119311,2024-05-04T14:45:19.311,42.840,-16.951,-24.146,-25.671
1714823119321,2024-05-04T14:45:19.321,42.850,-31.341,-30.244,-25.000
1714823119331,2024-05-04T14:45:19.331,42.860,-55.061,-32.683,-22.134
1714823119341,2024-05-04T14:45:19.341,42.870,-83.232,-17.134,-23.293
1714823119351,2024-05-04T14:45:19.351,42.880,-103.537,9.207,-18.902
1714823119361,2024-05-04T14:45:19.361,42.890,-118.659,21.707,-12.927
1714823119371,2024-05-04T14:45:19.371,42.900,-132.500,24.756,-4.817
1714823119381,2024-05-04T14:45:19.381,42.910,-152.988,36.890,-3.415
1714823119391,2024-05-04T14:45:19.391,42.920,-168.780,66.768,-6.829
1714823119401,2024-05-04T14:45:19.401,42.930,-162.622,106.768,-6.768
1714823119411,2024-05-04T14:45:19.411,42.940,-159.329,139.451,-21.707
1714823119421,2024-05-04T14:45:19.421,42.950,-169.756,162.866,-46.463
1714823119431,2024-05-04T14:45:19.431,42.960,-188.415,158.598,-61.768
1714823119441,2024-05-04T14:45:19.441,42.970,-209.817,138.110,-56.646
1714823119451,2024-05-04T14:45:19.451,42.980,-206.585,130.976,-43.963
1714823119461,2024-05-04T14:45:19.461,42.990,-176.402,133.049,-41.829
1714823119471,2024-05-04T14:45:19.471,43.000,-133.293,120.793,-20.793
1714823119481,2024-05-04T14:45:19.481,43.010,-81.341,85.732,4.695
1714823119491,2024-05-04T14:45:19.491,43.020,-33.537,56.220,12.561
1714823119501,2024-05-04T14:45:19.501,43.030,4.329,44.634,22.683
1714823119511,2024-05-04T14:45:19.511,43.040,29.207,36.707,33.232
1714823119521,2024-05-04T14:45:19.521,43.050,47.561,25.549,39.268
1714823119531,2024-05-04T14:45:19.531,43.060,58.537,15.488,41.037
1714823119541,2024-05-04T14:45:19.541,43.070,64.573,6.951,44.024
1714823119551,2024-05-04T14:45:19.551,43.080,68.415,-3.354,45.915
1714823119561,2024-05-04T14:45:19.561,43.090,67.012,-17.744,40.122
1714823119571,2024-05-04T14:45:19.571,43.100,64.207,-31.951,32.866
1714823119581,2024-05-04T14:45:19.581,43.110,61.341,-41.402,27.622
1714823119591,2024-05-04T14:45:19.591,43.120,58.841,-49.817,22.988
1714823119601,2024-05-04T14:45:19.601,43.130,55.427,-59.634,18.354
1714823119611,2024-05-04T14:45:19.611,43.140,51.220,-69.207,16.159
1714823119621,2024-05-04T14:45:19.621,43.150,47.134,-79.512,15.244
1714823119631,2024-05-04T14:45:19.631,43.160,42.805,-88.293,14.634
1714823119641,2024-05-04T14:45:19.641,43.170,38.780,-93.841,14.634
1714823119651,2024-05-04T14:45:19.651,43.180,36.341,-95.671,12.256
1714823119661,2024-05-04T14:45:19.661,43.190,36.524,-98.232,9.634
1714823119671,2024-05-04T14:45:19.671,43.200,37.500,-103.293,7.744
1714823119681,2024-05-04T14:45:19.681,43.210,38.110,-100.610,4.817
1714823119691,2024-05-04T14:45:19.691,43.220,38.110,-89.146,4.512
1714823119701,2024-05-04T14:45:19.701,43.230,35.854,-73.232,3.293
1714823119711,2024-05-04T14:45:19.711,43.240,30.610,-55.244,-1.768
1714823119721,2024-05-04T14:45:19.721,43.250,27.988,-33.720,-7.012
1714823119731,2024-05-04T14:45:19.731,43.260,28.841,-13.415,-7.927
1714823119741,2024-05-04T14:45:19.741,43.270,27.988,-1.524,-8.476
1714823119751,2024-05-04T14:45:19.751,43.280,22.073,-0.732,-10.427
1714823119761,2024-05-04T14:45:19.761,43.290,16.524,-6.707,-8.963
1714823119771,2024-05-04T14:45:19.771,43.300,8.720,-6.951,-2.134
1714823119781,2024-05-04T14:45:19.781,43.310,11.159,17.012,2.500
1714823119791,2024-05-04T14:45:19.791,43.320,18.293,30.854,5.122
1714823119801,2024-05-04T14:45:19.801,43.330,26.890,27.317,8.598
1714823119811,2024-05-04T14:45:19.811,43.340,40.000,8.537,10.854
1714823119821,2024-05-04T14:45:19.821,43.350,21.646,-23.415,6.951
1714823119831,2024-05-04T14:45:19.831,43.360,-5.854,-41.280,1.402
1714823119841,2024-05-04T14:45:19.841,43.370,-7.378,-43.780,0.976
1714823119851,2024-05-04T14:45:19.851,43.380,3.293,-44.024,2.439
1714823119861,2024-05-04T14:45:19.861,43.390,5.244,-45.122,6.707
1714823119871,2024-05-04T14:45:19.871,43.400,-0.305,-42.378,6.524
1714823119881,2024-05-04T14:45:19.881,43.410,-3.171,-36.341,2.195
1714823119891,2024-05-04T14:45:19.891,43.420,-2.195,-31.341,0.366
1714823119901,2024-05-04T14:45:19.901,43.430,-0.671,-29.573,0.610
1714823119911,2024-05-04T14:45:19.911,43.440,-0.366,-28.841,2.683
1714823119921,2024-05-04T14:45:19.921,43.450,0.732,-29.085,4.573
1714823119931,2024-05-04T14:45:19.931,43.460,2.073,-30.549,5.183
1714823119941,2024-05-04T14:45:19.941,43.470,3.415,-30.000,5.366
1714823119951,2024-05-04T14:45:19.951,43.480,3.963,-25.732,5.122
1714823119961,2024-05-04T14:45:19.961,43.490,3.354,-16.524,4.024
1714823119971,2024-05-04T14:45:19.971,43.500,3.720,-6.220,2.561
1714823119981,2024-05-04T14:45:19.981,43.510,4.390,-1.707,1.829
1714823119991,2024-05-04T14:45:19.991,43.520,2.744,-2.195,2.500
1714823120001,2024-05-04T14:45:20.001,43.530,-0.183,-5.000,3.598
1714823120011,2024-05-04T14:45:20.011,43.540,-0.610,-10.427,4.268
1714823120021,2024-05-04T14:45:20.021,43.550,2.439,-17.683,7.012
1714823120031,2024-05-04T14:45:20.031,43.560,6.585,-24.085,10.366
1714823120041,2024-05-04T14:45:20.041,43.570,9.146,-27.744,11.585
1714823120051,2024-05-04T14:45:20.051,43.580,9.390,-27.012,11.707
1714823120061,2024-05-04T14:45:20.061,43.590,9.146,-22.683,11.402
1714823120071,2024-05-04T14:45:20.071,43.600,11.037,-16.890,11.524
1714823120081,2024-05-04T14:45:20.081,43.610,15.488,-10.793,12.439
1714823120091,2024-05-04T14:45:20.091,43.620,22.439,-3.354,14.573
1714823120101,2024-05-04T14:45:20.101,43.630,29.756,6.768,14.695
1714823120111,2024-05-04T14:45:20.111,43.640,36.159,16.220,10.610
1714823120121,2024-05-04T14:45:20.121,43.650,41.341,22.134,2.866
1714823120131,2024-05-04T14:45:20.131,43.660,47.927,28.293,-2.256
1714823120141,2024-05-04T14:45:20.141,43.670,55.732,35.549,-4.695
1714823120151,2024-05-04T14:45:20.151,43.680,62.622,37.439,-8.049
1714823120161,2024-05-04T14:45:20.161,43.690,65.427,35.610,-9.329
1714823120171,2024-05-04T14:45:20.171,43.700,68.415,36.707,-11.098
1714823120181,2024-05-04T14:45:20.181,43.710,71.098,40.610,-16.220
1714823120191,2024-05-04T14:45:20.191,43.720,71.768,46.585,-20.061
1714823120201,2024-05-04T14:45:20.201,43.730,71.037,51.890,-22.744
1714823120211,2024-05-04T14:45:20.211,43.740,71.951,55.000,-25.915
1714823120221,2024-05-04T14:45:20.221,43.750,72.622,54.817,-27.317
1714823120231,2024-05-04T14:45:20.231,43.760,70.183,52.317,-26.890
1714823120241,2024-05-04T14:45:20.241,43.770,66.707,47.500,-26.341
1714823120251,2024-05-04T14:45:20.251,43.780,65.854,39.512,-26.159
1714823120261,2024-05-04T14:45:20.261,43.790,63.110,27.927,-26.159
1714823120271,2024-05-04T14:45:20.271,43.800,56.585,21.098,-25.427
1714823120281,2024-05-04T14:45:20.281,43.810,52.256,26.098,-24.878
1714823120291,2024-05-04T14:45:20.291,43.820,49.207,33.720,-25.610
1714823120301,2024-05-04T14:45:20.301,43.830,43.720,33.963,-24.939
1714823120311,2024-05-04T14:45:20.311,43.840,33.598,26.524,-24.634
1714823120321,2024-05-04T14:45:20.321,43.850,18.780,16.463,-22.744
1714823120331,2024-05-04T14:45:20.331,43.860,0.122,5.549,-20.488
1714823120341,2024-05-04T14:45:20.341,43.870,-18.720,-7.317,-22.988
1714823120351,2024-05-04T14:45:20.351,43.880,-32.866,-24.634,-26.402
1714823120361,2024-05-04T14:45:20.361,43.890,-48.232,-36.341,-18.598
1714823120371,2024-05-04T14:45:20.371,43.900,-67.561,-21.280,-9.207
1714823120381,2024-05-04T14:45:20.381,43.910,-83.780,13.110,-2.012
1714823120391,2024-05-04T14:45:20.391,43.920,-99.146,39.451,0.671
1714823120401,2024-05-04T14:45:20.401,43.930,-116.280,48.415,3.171
1714823120411,2024-05-04T14:45:20.411,43.940,-134.207,56.951,6.341
1714823120421,2024-05-04T14:45:20.421,43.950,-148.598,85.122,8.902
1714823120431,2024-05-04T14:45:20.431,43.960,-166.280,137.744,-8.963
1714823120441,2024-05-04T14:45:20.441,43.970,-190.183,204.268,-44.024
1714823120451,2024-05-04T14:45:20.451,43.980,-215.183,242.378,-72.805
1714823120461,2024-05-04T14:45:20.461,43.990,-241.159,239.634,-63.293
1714823120471,2024-05-04T14:45:20.471,44.000,-252.561,204.695,-39.756
1714823120481,2024-05-04T14:45:20.481,44.010,-217.073,157.927,-21.707
1714823120491,2024-05-04T14:45:20.491,44.020,-135.549,130.732,20.366
1714823120501,2024-05-04T14:45:20.501,44.030,-58.171,89.634,28.171
1714823120511,2024-05-04T14:45:20.511,44.040,-9.756,25.854,11.402
1714823120521,2024-05-04T14:45:20.521,44.050,23.598,-28.720,20.183
1714823120531,2024-05-04T14:45:20.531,44.060,47.317,-64.146,31.037
1714823120541,2024-05-04T14:45:20.541,44.070,62.866,-82.805,34.085
1714823120551,2024-05-04T14:45:20.551,44.080,67.073,-85.000,33.598
1714823120561,2024-05-04T14:45:20.561,44.090,62.195,-79.390,30.915
1714823120571,2024-05-04T14:45:20.571,44.100,53.415,-72.744,26.463
1714823120581,2024-05-04T14:45:20.581,44.110,45.000,-63.537,21.707
1714823120591,2024-05-04T14:45:20.591,44.120,41.037,-52.073,19.268
1714823120601,2024-05-04T14:45:20.601,44.130,40.000,-41.829,18.110
1714823120611,2024-05-04T14:45:20.611,44.140,39.573,-35.671,15.488
1714823120621,2024-05-04T14:45:20.621,44.150,38.110,-36.463,13.902
1714823120631,2024-05-04T14:45:20.631,44.160,38.659,-43.598,15.793
1714823120641,2024-05-04T14:45:20.641,44.170,42.134,-55.305,19.573
1714823120651,2024-05-04T14:45:20.651,44.180,45.183,-70.000,24.024
1714823120661,2024-05-04T14:45:20.661,44.190,45.549,-88.415,24.695
1714823120671,2024-05-04T14:45:20.671,44.200,41.890,-107.561,22.500
1714823120681,2024-05-04T14:45:20.681,44.210,36.768,-122.744,21.280
1714823120691,2024-05-04T14:45:20.691,44.220,32.988,-130.000,19.451
1714823120701,2024-05-04T14:45:20.701,44.230,29.573,-130.610,16.402
1714823120711,2024-05-04T14:45:20.711,44.240,28.171,-125.671,13.659
1714823120721,2024-05-04T14:45:20.721,44.250,27.866,-123.232,11.341
1714823120731,2024-05-04T14:45:20.731,44.260,25.244,-126.037,9.085
1714823120741,2024-05-04T14:45:20.741,44.270,15.549,-127.866,4.756
1714823120751,2024-05-04T14:45:20.751,44.280,6.890,-118.720,-2.134
1714823120761,2024-05-04T14:45:20.761,44.290,7.256,-95.122,-6.890
1714823120771,2024-05-04T14:45:20.771,44.300,6.707,-74.390,-10.061
1714823120781,2024-05-04T14:45:20.781,44.310,7.439,-47.134,-9.817
1714823120791,2024-05-04T14:45:20.791,44.320,5.244,-11.890,-10.427
1714823120801,2024-05-04T14:45:20.801,44.330,2.378,4.756,-8.720
1714823120811,2024-05-04T14:45:20.811,44.340,-2.988,2.378,-2.744
1714823120821,2024-05-04T14:45:20.821,44.350,0.183,-11.524,3.171
1714823120831,2024-05-04T14:45:20.831,44.360,-1.524,-39.939,5.000
1714823120841,2024-05-04T14:45:20.841,44.370,-10.122,-67.073,2.256
1714823120851,2024-05-04T14:45:20.851,44.380,-16.402,-81.646,2.073
1714823120861,2024-05-04T14:45:20.861,44.390,-16.463,-82.073,3.537
1714823120871,2024-05-04T14:45:20.871,44.400,-15.305,-75.427,4.878
1714823120881,2024-05-04T14:45:20.881,44.410,-15.610,-64.634,3.537
1714823120891,2024-05-04T14:45:20.891,44.420,-13.049,-51.585,2.378
1714823120901,2024-05-04T14:45:20.901,44.430,-7.683,-37.439,2.683
1714823120911,2024-05-04T14:45:20.911,44.440,-3.598,-23.171,2.500
1714823120921,2024-05-04T14:45:20.921,44.450,-2.622,-11.341,2.317
1714823120931,2024-05-04T14:45:20.931,44.460,-3.598,-3.171,2.988
1714823120941,2024-05-04T14:45:20.941,44.470,-4.451,-1.829,4.817
1714823120951,2024-05-04T14:45:20.951,44.480,-3.963,-7.622,6.646
1714823120961,2024-05-04T14:45:20.961,44.490,-1.951,-16.524,7.622
1714823120971,2024-05-04T14:45:20.971,44.500,0.976,-24.817,9.329
1714823120981,2024-05-04T14:45:20.981,44.510,2.988,-27.622,11.707
1714823120991,2024-05-04T14:45:20.991,44.520,3.293,-23.354,11.829
1714823121001,2024-05-04T14:45:21.001,44.530,3.293,-16.098,10.122
1714823121011,2024-05-04T14:45:21.011,44.540,4.268,-10.549,9.207
1714823121021,2024-05-04T14:45:21.021,44.550,4.878,-6.098,8.659
1714823121031,2024-05-04T14:45:21.031,44.560,4.756,-0.793,7.561
1714823121041,2024-05-04T14:45:21.041,44.570,5.183,4.329,6.585
1714823121051,2024-05-04T14:45:21.051,44.580,5.976,6.768,5.854
1714823121061,2024-05-04T14:45:21.061,44.590,7.012,6.768,5.366
1714823121071,2024-05-04T14:45:21.071,44.600,7.683,4.817,4.756
1714823121081,2024-05-04T14:45:21.081,44.610,7.561,2.500,2.683
1714823121091,2024-05-04T14:45:21.091,44.620,7.622,5.061,1.524
1714823121101,2024-05-04T14:45:21.101,44.630,10.488,8.841,1.890
1714823121111,2024-05-04T14:45:21.111,44.640,13.232,10.244,1.585
1714823121121,2024-05-04T14:45:21.121,44.650,15.244,10.549,1.707
1714823121131,2024-05-04T14:45:21.131,44.660,20.488,13.659,1.890
1714823121141,2024-05-04T14:45:21.141,44.670,27.012,21.890,1.768
1714823121151,2024-05-04T14:45:21.151,44.680,29.085,35.061,-0.366
1714823121161,2024-05-04T14:45:21.161,44.690,30.366,54.817,-1.768
1714823121171,2024-05-04T14:45:21.171,44.700,34.878,80.244,-3.110
1714823121181,2024-05-04T14:45:21.181,44.710,39.390,103.780,-6.524
1714823121191,2024-05-04T14:45:21.191,44.720,40.671,127.500,-5.976
1714823121201,2024-05-04T14:45:21.201,44.730,42.073,157.073,-6.220
1714823121211,2024-05-04T14:45:21.211,44.740,48.476,181.341,-12.378
1714823121221,2024-05-04T14:45:21.221,44.750,53.232,190.122,-12.012
1714823121231,2024-05-04T14:45:21.231,44.760,54.878,180.854,-6.646
1714823121241,2024-05-04T14:45:21.241,44.770,55.549,155.915,-1.280
1714823121251,2024-05-04T14:45:21.251,44.780,56.098,119.146,3.293
1714823121261,2024-05-04T14:45:21.261,44.790,57.439,77.012,3.963
1714823121271,2024-05-04T14:45:21.271,44.800,59.939,35.488,2.439
1714823121281,2024-05-04T14:45:21.281,44.810,64.878,0.671,-2.012
1714823121291,2024-05-04T14:45:21.291,44.820,66.829,-18.232,-6.829
1714823121301,2024-05-04T14:45:21.301,44.830,64.085,-16.098,-10.000
1714823121311,2024-05-04T14:45:21.311,44.840,62.866,-3.841,-12.256
1714823121321,2024-05-04T14:45:21.321,44.850,60.000,7.134,-12.683
1714823121331,2024-05-04T14:45:21.331,44.860,52.561,13.841,-12.561
1714823121341,2024-05-04T14:45:21.341,44.870,43.110,18.415,-15.000
1714823121351,2024-05-04T14:45:21.351,44.880,31.463,20.610,-16.280
1714823121361,2024-05-04T14:45:21.361,44.890,18.110,17.927,-17.439
1714823121371,2024-05-04T14:45:21.371,44.900,1.707,9.024,-22.012
1714823121381,2024-05-04T14:45:21.381,44.910,-16.707,-4.207,-33.720
1714823121391,2024-05-04T14:45:21.391,44.920,-31.646,-20.305,-44.756
1714823121401,2024-05-04T14:45:21.401,44.930,-51.280,-43.902,-55.244
1714823121411,2024-05-04T14:45:21.411,44.940,-71.280,-66.829,-58.720
1714823121421,2024-05-04T14:45:21.421,44.950,-92.012,-75.061,-53.476
1714823121431,2024-05-04T14:45:21.431,44.960,-113.841,-59.146,-47.622
1714823121441,2024-05-04T14:45:21.441,44.970,-132.012,-31.890,-43.354
1714823121451,2024-05-04T14:45:21.451,44.980,-145.488,-9.329,-41.402
1714823121461,2024-05-04T14:45:21.461,44.990,-152.073,10.976,-40.671
1714823121471,2024-05-04T14:45:21.471,45.000,-152.744,37.500,-36.280
1714823121481,2024-05-04T14:45:21.481,45.010,-160.732,82.866,-25.732
1714823121491,2024-05-04T14:45:21.491,45.020,-174.451,153.476,-25.854
1714823121501,2024-05-04T14:45:21.501,45.030,-194.756,224.573,-52.622
1714823121511,2024-05-04T14:45:21.511,45.040,-218.415,238.902,-70.305
1714823121521,2024-05-04T14:45:21.521,45.050,-227.134,174.390,-60.549
1714823121531,2024-05-04T14:45:21.531,45.060,-200.732,92.866,-48.659
1714823121541,2024-05-04T14:45:21.541,45.070,-148.171,50.549,-23.659
1714823121551,2024-05-04T14:45:21.551,45.080,-85.854,37.378,13.293
1714823121561,2024-05-04T14:45:21.561,45.090,-20.854,15.000,34.268
1714823121571,2024-05-04T14:45:21.571,45.100,41.707,-25.000,36.098
1714823121581,2024-05-04T14:45:21.581,45.110,80.610,-61.707,43.537
1714823121591,2024-05-04T14:45:21.591,45.120,90.976,-78.720,51.768
1714823121601,2024-05-04T14:45:21.601,45.130,86.159,-78.354,48.171
1714823121611,2024-05-04T14:45:21.611,45.140,76.463,-73.354,33.841
1714823121621,2024-05-04T14:45:21.621,45.150,70.000,-62.744,20.610
1714823121631,2024-05-04T14:45:21.631,45.160,65.915,-39.268,13.841
1714823121641,2024-05-04T14:45:21.641,45.170,61.159,-12.439,10.793
1714823121651,2024-05-04T14:45:21.651,45.180,59.390,8.171,7.866
1714823121661,2024-05-04T14:45:21.661,45.190,58.659,16.524,7.927
1714823121671,2024-05-04T14:45:21.671,45.200,56.098,11.037,11.402
1714823121681,2024-05-04T14:45:21.681,45.210,52.317,-8.354,13.780
1714823121691,2024-05-04T14:45:21.691,45.220,48.659,-42.012,16.220
1714823121701,2024-05-04T14:45:21.701,45.230,44.390,-78.780,17.012
1714823121711,2024-05-04T14:45:21.711,45.240,40.610,-105.366,16.524
1714823121721,2024-05-04T14:45:21.721,45.250,39.695,-119.085,16.280
1714823121731,2024-05-04T14:45:21.731,45.260,38.415,-120.915,16.890
1714823121741,2024-05-04T14:45:21.741,45.270,36.341,-114.878,17.073
1714823121751,2024-05-04T14:45:21.751,45.280,34.146,-106.280,16.890
1714823121761,2024-05-04T14:45:21.761,45.290,29.085,-96.707,15.793
1714823121771,2024-05-04T14:45:21.771,45.300,24.085,-83.415,13.293
1714823121781,2024-05-04T14:45:21.781,45.310,19.390,-67.500,12.256
1714823121791,2024-05-04T14:45:21.791,45.320,16.646,-52.805,10.915
1714823121801,2024-05-04T14:45:21.801,45.330,17.561,-43.841,10.244
1714823121811,2024-05-04T14:45:21.811,45.340,16.280,-45.122,5.793
1714823121821,2024-05-04T14:45:21.821,45.350,15.793,-44.207,7.073
1714823121831,2024-05-04T14:45:21.831,45.360,12.866,-31.585,13.171
1714823121841,2024-05-04T14:45:21.841,45.370,12.073,-12.195,18.232
1714823121851,2024-05-04T14:45:21.851,45.380,18.293,-2.012,19.390
1714823121861,2024-05-04T14:45:21.861,45.390,15.793,-12.561,17.866
1714823121871,2024-05-04T14:45:21.871,45.400,2.073,-31.159,13.171
1714823121881,2024-05-04T14:45:21.881,45.410,-6.159,-47.256,11.280
1714823121891,2024-05-04T14:45:21.891,45.420,-3.720,-55.793,10.915
1714823121901,2024-05-04T14:45:21.901,45.430,-2.317,-63.110,11.768
1714823121911,2024-05-04T14:45:21.911,45.440,-4.512,-66.280,14.085
1714823121921,2024-05-04T14:45:21.921,45.450,-5.000,-62.256,15.305
1714823121931,2024-05-04T14:45:21.931,45.460,-3.963,-50.671,16.159
1714823121941,2024-05-04T14:45:21.941,45.470,-2.439,-34.024,15.366
1714823121951,2024-05-04T14:45:21.951,45.480,-1.280,-20.915,13.232
1714823121961,2024-05-04T14:45:21.961,45.490,-1.646,-12.561,11.768
1714823121971,2024-05-04T14:45:21.971,45.500,-2.317,-7.256,11.280
1714823121981,2024-05-04T14:45:21.981,45.510,-0.915,-5.366,11.341
1714823121991,2024-05-04T14:45:21.991,45.520,0.427,-8.963,10.305
1714823122001,2024-05-04T14:45:22.001,45.530,0.610,-15.671,8.537
1714823122011,2024-05-04T14:45:22.011,45.540,1.402,-20.183,7.439
1714823122021,2024-05-04T14:45:22.021,45.550,2.927,-20.488,7.378
1714823122031,2024-05-04T14:45:22.031,45.560,4.024,-16.280,7.927
1714823122041,2024-05-04T14:45:22.041,45.570,4.207,-9.878,7.866
1714823122051,2024-05-04T14:45:22.051,45.580,4.756,-4.634,6.402
1714823122061,2024-05-04T14:45:22.061,45.590,6.341,-1.037,6.159
1714823122071,2024-05-04T14:45:22.071,45.600,7.134,3.049,7.073
1714823122081,2024-05-04T14:45:22.081,45.610,7.805,7.988,7.012
1714823122091,2024-05-04T14:45:22.091,45.620,9.390,11.463,6.585
1714823122101,2024-05-04T14:45:22.101,45.630,11.402,10.366,6.951
1714823122111,2024-05-04T14:45:22.111,45.640,14.878,5.793,7.317
1714823122121,2024-05-04T14:45:22.121,45.650,19.756,0.244,7.378
1714823122131,2024-05-04T14:45:22.131,45.660,27.256,-6.159,9.268
1714823122141,2024-05-04T14:45:22.141,45.670,34.878,-12.317,14.207
1714823122151,2024-05-04T14:45:22.151,45.680,36.524,-15.427,17.500
1714823122161,2024-05-04T14:45:22.161,45.690,35.610,-9.207,14.085
1714823122171,2024-05-04T14:45:22.171,45.700,42.439,1.768,15.122
1714823122181,2024-05-04T14:45:22.181,45.710,45.549,11.768,21.463
1714823122191,2024-05-04T14:45:22.191,45.720,49.451,17.805,21.280
1714823122201,2024-05-04T14:45:22.201,45.730,51.707,22.805,17.012
1714823122211,2024-05-04T14:45:22.211,45.740,50.549,31.890,13.415
1714823122221,2024-05-04T14:45:22.221,45.750,50.610,42.805,9.390
1714823122231,2024-05-04T14:45:22.231,45.760,57.561,45.061,4.939
1714823122241,2024-05-04T14:45:22.241,45.770,64.085,25.549,1.646
1714823122251,2024-05-04T14:45:22.251,45.780,62.134,-7.378,0.793
1714823122261,2024-05-04T14:45:22.261,45.790,56.280,-27.744,1.159
1714823122271,2024-05-04T14:45:22.271,45.800,55.976,-22.012,-4.512
1714823122281,2024-05-04T14:45:22.281,45.810,60.427,-2.988,-12.134
1714823122291,2024-05-04T14:45:22.291,45.820,62.256,15.610,-16.829
1714823122301,2024-05-04T14:45:22.301,45.830,62.866,32.012,-20.488
1714823122311,2024-05-04T14:45:22.311,45.840,60.732,47.134,-25.183
1714823122321,2024-05-04T14:45:22.321,45.850,57.622,60.244,-28.598
1714823122331,2024-05-04T14:45:22.331,45.860,51.159,69.695,-31.463
1714823122341,2024-05-04T14:45:22.341,45.870,42.012,73.720,-36.707
1714823122351,2024-05-04T14:45:22.351,45.880,30.488,69.207,-40.610
1714823122361,2024-05-04T14:45:22.361,45.890,13.598,55.427,-43.476
1714823122371,2024-05-04T14:45:22.371,45.900,-5.305,34.451,-44.329
1714823122381,2024-05-04T14:45:22.381,45.910,-25.488,7.073,-45.122
1714823122391,2024-05-04T14:45:22.391,45.920,-50.000,-24.756,-47.439
1714823122401,2024-05-04T14:45:22.401,45.930,-75.854,-47.073,-49.512
1714823122411,2024-05-04T14:45:22.411,45.940,-94.268,-41.341,-42.683
1714823122421,2024-05-04T14:45:22.421,45.950,-113.537,-12.988,-30.183
1714823122431,2024-05-04T14:45:22.431,45.960,-134.329,18.598,-21.951
1714823122441,2024-05-04T14:45:22.441,45.970,-147.134,38.476,-16.890
1714823122451,2024-05-04T14:45:22.451,45.980,-145.549,52.561,-18.659
1714823122461,2024-05-04T14:45:22.461,45.990,-145.671,68.110,-29.634
1714823122471,2024-05-04T14:45:22.471,46.000,-157.073,95.427,-32.195
1714823122481,2024-05-04T14:45:22.481,46.010,-172.988,122.439,-14.878
1714823122491,2024-05-04T14:45:22.491,46.020,-212.012,137.439,-8.841
1714823122501,2024-05-04T14:45:22.501,46.030,-259.146,114.817,-29.817
1714823122511,2024-05-04T14:45:22.511,46.040,-283.354,84.695,-44.512
1714823122521,2024-05-04T14:45:22.521,46.050,-236.768,72.561,-12.561
1714823122531,2024-05-04T14:45:22.531,46.060,-158.415,68.049,30.000
1714823122541,2024-05-04T14:45:22.541,46.070,-84.939,54.207,21.585
1714823122551,2024-05-04T14:45:22.551,46.080,-19.390,6.829,20.061
1714823122561,2024-05-04T14:45:22.561,46.090,30.122,-44.634,29.756
1714823122571,2024-05-04T14:45:22.571,46.100,64.695,-59.390,33.780
1714823122581,2024-05-04T14:45:22.581,46.110,93.354,-46.951,44.573
1714823122591,2024-05-04T14:45:22.591,46.120,109.146,-31.890,47.195
1714823122601,2024-05-04T14:45:22.601,46.130,100.427,-15.671,44.207
1714823122611,2024-05-04T14:45:22.611,46.140,76.585,3.049,35.366
1714823122621,2024-05-04T14:45:22.621,46.150,58.171,18.780,23.354
1714823122631,2024-05-04T14:45:22.631,46.160,51.037,28.232,13.841
1714823122641,2024-05-04T14:45:22.641,46.170,49.878,30.549,5.732
1714823122651,2024-05-04T14:45:22.651,46.180,51.037,26.951,1.037
1714823122661,2024-05-04T14:45:22.661,46.190,54.085,17.073,-2.683
1714823122671,2024-05-04T14:45:22.671,46.200,53.232,0.854,-4.329
1714823122681,2024-05-04T14:45:22.681,46.210,49.207,-20.915,-1.159
1714823122691,2024-05-04T14:45:22.691,46.220,45.366,-42.683,2.622
1714823122701,2024-05-04T14:45:22.701,46.230,42.988,-61.037,5.549
1714823122711,2024-05-04T14:45:22.711,46.240,42.622,-76.159,7.805
1714823122721,2024-05-04T14:45:22.721,46.250,43.841,-92.195,10.061
1714823122731,2024-05-04T14:45:22.731,46.260,41.829,-108.415,8.720
1714823122741,2024-05-04T14:45:22.741,46.270,35.183,-117.988,4.207
1714823122751,2024-05-04T14:45:22.751,46.280,29.695,-117.805,1.037
1714823122761,2024-05-04T14:45:22.761,46.290,25.183,-109.024,0.305
1714823122771,2024-05-04T14:45:22.771,46.300,22.256,-94.756,-1.159
1714823122781,2024-05-04T14:45:22.781,46.310,18.659,-78.110,-2.073
1714823122791,2024-05-04T14:45:22.791,46.320,16.280,-61.280,0.122
1714823122801,2024-05-04T14:45:22.801,46.330,16.159,-47.683,1.707
1714823122811,2024-05-04T14:45:22.811,46.340,16.463,-36.463,2.683
1714823122821,2024-05-04T14:45:22.821,46.350,18.354,-30.671,4.268
1714823122831,2024-05-04T14:45:22.831,46.360,21.402,-40.366,5.000
1714823122841,2024-05-04T14:45:22.841,46.370,16.037,-53.841,7.378
1714823122851,2024-05-04T14:45:22.851,46.380,12.195,-50.732,13.049
1714823122861,2024-05-04T14:45:22.861,46.390,13.049,-43.841,14.207
1714823122871,2024-05-04T14:45:22.871,46.400,12.500,-45.976,9.512
1714823122881,2024-05-04T14:45:22.881,46.410,10.671,-51.037,13.720
1714823122891,2024-05-04T14:45:22.891,46.420,5.244,-51.098,16.037
1714823122901,2024-05-04T14:45:22.901,46.430,2.256,-50.000,12.256
1714823122911,2024-05-04T14:45:22.911,46.440,2.256,-51.463,11.402
1714823122921,2024-05-04T14:45:22.921,46.450,2.927,-52.439,10.732
1714823122931,2024-05-04T14:45:22.931,46.460,0.915,-52.134,7.012
1714823122941,2024-05-04T14:45:22.941,46.470,-1.220,-48.354,5.305
1714823122951,2024-05-04T14:45:22.951,46.480,-1.280,-43.902,6.402
1714823122961,2024-05-04T14:45:22.961,46.490,-1.402,-40.854,7.073
1714823122971,2024-05-04T14:45:22.971,46.500,-1.646,-36.524,6.707
1714823122981,2024-05-04T14:45:22.981,46.510,-2.744,-30.793,5.244
1714823122991,2024-05-04T14:45:22.991,46.520,-3.354,-23.110,3.841
1714823123001,2024-05-04T14:45:23.001,46.530,-0.732,-13.902,3.171
1714823123011,2024-05-04T14:45:23.011,46.540,1.768,-7.317,1.402
1714823123021,2024-05-04T14:45:23.021,46.550,1.341,-3.293,-0.244
1714823123031,2024-05-04T14:45:23.031,46.560,1.159,-0.610,-0.732
1714823123041,2024-05-04T14:45:23.041,46.570,1.890,-1.341,-1.646
1714823123051,2024-05-04T14:45:23.051,46.580,1.220,-4.817,-1.159
1714823123061,2024-05-04T14:45:23.061,46.590,0.488,-7.012,0.854
1714823123071,2024-05-04T14:45:23.071,46.600,1.098,-6.951,1.707
1714823123081,2024-05-04T14:45:23.081,46.610,1.829,-4.695,2.317
1714823123091,2024-05-04T14:45:23.091,46.620,2.256,-1.585,2.561
1714823123101,2024-05-04T14:45:23.101,46.630,1.098,-0.549,1.829
1714823123111,2024-05-04T14:45:23.111,46.640,-0.854,-1.037,1.951
1714823123121,2024-05-04T14:45:23.121,46.650,-2.134,-1.402,2.561
1714823123131,2024-05-04T14:45:23.131,46.660,-2.317,-0.671,2.744
1714823123141,2024-05-04T14:45:23.141,46.670,-1.098,0.427,3.110
1714823123151,2024-05-04T14:45:23.151,46.680,0.549,1.220,3.963
1714823123161,2024-05-04T14:45:23.161,46.690,1.829,1.585,4.817
1714823123171,2024-05-04T14:45:23.171,46.700,1.890,1.707,5.061
1714823123181,2024-05-04T14:45:23.181,46.710,1.707,2.256,4.756
1714823123191,2024-05-04T14:45:23.191,46.720,3.476,1.829,4.878
1714823123201,2024-05-04T14:45:23.201,46.730,5.427,1.524,5.122
1714823123211,2024-05-04T14:45:23.211,46.740,8.049,2.805,4.573
1714823123221,2024-05-04T14:45:23.221,46.750,12.195,4.024,3.354
1714823123231,2024-05-04T14:45:23.231,46.760,17.256,4.878,1.768
1714823123241,2024-05-04T14:45:23.241,46.770,23.780,9.451,0.122
1714823123251,2024-05-04T14:45:23.251,46.780,32.561,15.610,-0.305
1714823123261,2024-05-04T14:45:23.261,46.790,36.341,20.671,-2.195
1714823123271,2024-05-04T14:45:23.271,46.800,37.439,25.732,-2.744
1714823123281,2024-05-04T14:45:23.281,46.810,41.280,32.866,1.159
1714823123291,2024-05-04T14:45:23.291,46.820,49.817,39.451,3.659
1714823123301,2024-05-04T14:45:23.301,46.830,57.256,44.817,3.476
1714823123311,2024-05-04T14:45:23.311,46.840,63.049,50.793,3.537
1714823123321,2024-05-04T14:45:23.321,46.850,69.390,55.488,0.915
1714823123331,2024-05-04T14:45:23.331,46.860,75.671,60.061,-6.098
1714823123341,2024-05-04T14:45:23.341,46.870,81.707,66.341,-13.720
1714823123351,2024-05-04T14:45:23.351,46.880,87.744,75.915,-20.183
1714823123361,2024-05-04T14:45:23.361,46.890,92.805,84.695,-24.634
1714823123371,2024-05-04T14:45:23.371,46.900,92.744,92.805,-25.183
1714823123381,2024-05-04T14:45:23.381,46.910,89.756,105.183,-25.976
1714823123391,2024-05-04T14:45:23.391,46.920,88.232,120.854,-27.744
1714823123401,2024-05-04T14:45:23.401,46.930,86.280,131.341,-29.451
1714823123411,2024-05-04T14:45:23.411,46.940,79.756,131.585,-31.768
1714823123421,2024-05-04T14:45:23.421,46.950,70.488,120.732,-33.476
1714823123431,2024-05-04T14:45:23.431,46.960,58.902,102.195,-32.927
1714823123441,2024-05-04T14:45:23.441,46.970,41.463,84.024,-30.183
1714823123451,2024-05-04T14:45:23.451,46.980,21.890,68.476,-27.012
1714823123461,2024-05-04T14:45:23.461,46.990,0.915,55.976,-25.244
1714823123471,2024-05-04T14:45:23.471,47.000,-20.610,42.927,-26.037
1714823123481,2024-05-04T14:45:23.481,47.010,-41.890,26.402,-28.963
1714823123491,2024-05-04T14:45:23.491,47.020,-63.720,12.134,-31.707
1714823123501,2024-05-04T14:45:23.501,47.030,-83.354,8.537,-34.512
1714823123511,2024-05-04T14:45:23.511,47.040,-97.195,12.561,-39.329
1714823123521,2024-05-04T14:45:23.521,47.050,-106.220,20.244,-38.354
1714823123531,2024-05-04T14:45:23.531,47.060,-116.585,32.256,-37.134
1714823123541,2024-05-04T14:45:23.541,47.070,-122.134,51.829,-41.829
1714823123551,2024-05-04T14:45:23.551,47.080,-123.902,70.305,-44.085
1714823123561,2024-05-04T14:45:23.561,47.090,-133.598,87.988,-33.780
1714823123571,2024-05-04T14:45:23.571,47.100,-143.780,117.256,-24.695
1714823123581,2024-05-04T14:45:23.581,47.110,-162.683,148.537,-45.122
1714823123591,2024-05-04T14:45:23.591,47.120,-181.707,168.659,-68.415
1714823123601,2024-05-04T14:45:23.601,47.130,-187.561,169.817,-65.000
1714823123611,2024-05-04T14:45:23.611,47.140,-174.695,139.878,-52.927
1714823123621,2024-05-04T14:45:23.621,47.150,-143.171,91.037,-37.134
1714823123631,2024-05-04T14:45:23.631,47.160,-105.183,47.805,-23.780
1714823123641,2024-05-04T14:45:23.641,47.170,-70.793,25.427,-17.012
1714823123651,2024-05-04T14:45:23.651,47.180,-40.671,18.415,-3.780
1714823123661,2024-05-04T14:45:23.661,47.190,-14.207,7.866,11.402
1714823123671,2024-05-04T14:45:23.671,47.200,11.098,-12.561,19.939
1714823123681,2024-05-04T14:45:23.681,47.210,30.427,-33.110,25.671
1714823123691,2024-05-04T14:45:23.691,47.220,39.146,-43.537,31.037
1714823123701,2024-05-04T14:45:23.701,47.230,43.049,-48.841,29.146
1714823123711,2024-05-04T14:45:23.711,47.240,49.634,-54.329,25.549
1714823123721,2024-05-04T14:45:23.721,47.250,53.415,-59.390,22.500
1714823123731,2024-05-04T14:45:23.731,47.260,53.049,-64.268,20.427
1714823123741,2024-05-04T14:45:23.741,47.270,50.366,-71.951,19.085
1714823123751,2024-05-04T14:45:23.751,47.280,47.500,-87.683,19.878
1714823123761,2024-05-04T14:45:23.761,47.290,44.817,-105.976,22.866
1714823123771,2024-05-04T14:45:23.771,47.300,44.451,-123.232,23.841
1714823123781,2024-05-04T14:45:23.781,47.310,45.732,-139.939,22.561
1714823123791,2024-05-04T14:45:23.791,47.320,46.037,-155.244,21.220
1714823123801,2024-05-04T14:45:23.801,47.330,45.549,-167.866,18.659
1714823123811,2024-05-04T14:45:23.811,47.340,44.024,-180.427,14.939
1714823123821,2024-05-04T14:45:23.821,47.350,39.634,-191.524,13.232
1714823123831,2024-05-04T14:45:23.831,47.360,32.927,-189.756,15.183
1714823123841,2024-05-04T14:45:23.841,47.370,24.817,-176.037,13.110
1714823123851,2024-05-04T14:45:23.851,47.380,16.951,-155.488,7.195
1714823123861,2024-05-04T14:45:23.861,47.390,14.268,-127.073,1.524
1714823123871,2024-05-04T14:45:23.871,47.400,16.220,-104.512,-3.476
1714823123881,2024-05-04T14:45:23.881,47.410,16.890,-95.610,-5.976
1714823123891,2024-05-04T14:45:23.891,47.420,11.646,-91.098,-8.049
1714823123901,2024-05-04T14:45:23.901,47.430,6.220,-91.890,-12.134
1714823123911,2024-05-04T14:45:23.911,47.440,8.902,-81.829,-5.488
1714823123921,2024-05-04T14:45:23.921,47.450,27.317,-39.512,9.329
1714823123931,2024-05-04T14:45:23.931,47.460,32.073,-16.524,6.463
1714823123941,2024-05-04T14:45:23.941,47.470,0.854,-33.780,5.671
1714823123951,2024-05-04T14:45:23.951,47.480,-26.524,-47.927,15.610
1714823123961,2024-05-04T14:45:23.961,47.490,-25.549,-46.524,15.366
1714823123971,2024-05-04T14:45:23.971,47.500,-9.817,-51.159,14.634
1714823123981,2024-05-04T14:45:23.981,47.510,-1.768,-57.012,17.317
1714823123991,2024-05-04T14:45:23.991,47.520,-1.463,-59.573,16.463
1714823124001,2024-05-04T14:45:24.001,47.530,-2.683,-59.817,16.707
1714823124011,2024-05-04T14:45:24.011,47.540,-4.451,-51.768,16.951
1714823124021,2024-05-04T14:45:24.021,47.550,-5.000,-37.134,13.049
1714823124031,2024-05-04T14:45:24.031,47.560,-3.659,-25.244,8.780
1714823124041,2024-05-04T14:45:24.041,47.570,-0.854,-16.890,7.439
1714823124051,2024-05-04T14:45:24.051,47.580,3.354,-9.146,6.402
1714823124061,2024-05-04T14:45:24.061,47.590,6.646,-2.744,4.024
1714823124071,2024-05-04T14:45:24.071,47.600,8.049,0.610,3.232
1714823124081,2024-05-04T14:45:24.081,47.610,7.622,1.220,3.780
1714823124091,2024-05-04T14:45:24.091,47.620,3.110,-4.268,2.866
1714823124101,2024-05-04T14:45:24.101,47.630,-2.317,-12.500,3.720
1714823124111,2024-05-04T14:45:24.111,47.640,-4.695,-15.915,4.268
1714823124121,2024-05-04T14:45:24.121,47.650,-4.329,-14.329,3.963
1714823124131,2024-05-04T14:45:24.131,47.660,-4.207,-9.024,4.207
1714823124141,2024-05-04T14:45:24.141,47.670,-5.793,-3.354,3.902
1714823124151,2024-05-04T14:45:24.151,47.680,-7.622,-0.549,3.293
1714823124161,2024-05-04T14:45:24.161,47.690,-8.841,1.829,4.024
1714823124171,2024-05-04T14:45:24.171,47.700,-8.476,6.707,4.878
1714823124181,2024-05-04T14:45:24.181,47.710,-5.427,14.085,5.183
1714823124191,2024-05-04T14:45:24.191,47.720,-1.341,21.707,4.390
1714823124201,2024-05-04T14:45:24.201,47.730,3.841,26.646,3.171
1714823124211,2024-05-04T14:45:24.211,47.740,10.976,28.293,2.500
1714823124221,2024-05-04T14:45:24.221,47.750,16.585,29.146,0.854
1714823124231,2024-05-04T14:45:24.231,47.760,19.512,30.183,-0.732
1714823124241,2024-05-04T14:45:24.241,47.770,21.463,36.707,-1.951
1714823124251,2024-05-04T14:45:24.251,47.780,28.354,49.573,-2.683
1714823124261,2024-05-04T14:45:24.261,47.790,40.793,61.098,-5.488
1714823124271,2024-05-04T14:45:24.271,47.800,44.451,65.488,-8.659
1714823124281,2024-05-04T14:45:24.281,47.810,42.683,71.037,-6.524
1714823124291,2024-05-04T14:45:24.291,47.820,41.524,80.000,-5.122
1714823124301,2024-05-04T14:45:24.301,47.830,45.305,87.195,-6.098
1714823124311,2024-05-04T14:45:24.311,47.840,54.085,86.220,-3.415
1714823124321,2024-05-04T14:45:24.321,47.850,61.585,74.939,2.317
1714823124331,2024-05-04T14:45:24.331,47.860,63.963,56.951,3.720
1714823124341,2024-05-04T14:45:24.341,47.870,62.439,38.902,0.305
1714823124351,2024-05-04T14:45:24.351,47.880,63.780,24.207,-3.780
1714823124361,2024-05-04T14:45:24.361,47.890,68.598,9.390,-5.915
1714823124371,2024-05-04T14:45:24.371,47.900,70.366,-5.122,-8.110
1714823124381,2024-05-04T14:45:24.381,47.910,69.939,-12.256,-13.720
1714823124391,2024-05-04T14:45:24.391,47.920,75.549,-13.293,-15.793
1714823124401,2024-05-04T14:45:24.401,47.930,79.634,-13.537,-13.354
1714823124411,2024-05-04T14:45:24.411,47.940,75.061,-14.390,-15.549
1714823124421,2024-05-04T14:45:24.421,47.950,65.549,-10.610,-17.866
1714823124431,2024-05-04T14:45:24.431,47.960,54.878,5.549,-17.744
1714823124441,2024-05-04T14:45:24.441,47.970,47.866,29.085,-21.220
1714823124451,2024-05-04T14:45:24.451,47.980,45.976,51.037,-22.988
1714823124461,2024-05-04T14:45:24.461,47.990,44.634,64.939,-18.598
1714823124471,2024-05-04T14:45:24.471,48.000,37.744,65.244,-13.659
1714823124481,2024-05-04T14:45:24.481,48.010,23.841,52.988,-12.134
1714823124491,2024-05-04T14:45:24.491,48.020,7.195,34.756,-12.561
1714823124501,2024-05-04T14:45:24.501,48.030,-9.634,13.537,-13.841
1714823124511,2024-05-04T14:45:24.511,48.040,-27.012,-7.805,-16.463
1714823124521,2024-05-04T14:45:24.521,48.050,-40.305,-26.280,-21.707
1714823124531,2024-05-04T14:45:24.531,48.060,-53.720,-43.963,-29.085
1714823124541,2024-05-04T14:45:24.541,48.070,-72.622,-57.134,-35.427
1714823124551,2024-05-04T14:45:24.551,48.080,-89.634,-58.171,-33.537
1714823124561,2024-05-04T14:45:24.561,48.090,-102.439,-30.732,-28.476
1714823124571,2024-05-04T14:45:24.571,48.100,-109.756,20.671,-21.280
1714823124581,2024-05-04T14:45:24.581,48.110,-115.366,73.171,-17.805
1714823124591,2024-05-04T14:45:24.591,48.120,-125.732,112.134,-18.963
1714823124601,2024-05-04T14:45:24.601,48.130,-133.780,139.695,-18.780
1714823124611,2024-05-04T14:45:24.611,48.140,-139.512,157.256,-16.159
1714823124621,2024-05-04T14:45:24.621,48.150,-153.476,171.585,-25.000
1714823124631,2024-05-04T14:45:24.631,48.160,-170.488,183.537,-38.110
1714823124641,2024-05-04T14:45:24.641,48.170,-181.524,183.293,-26.768
1714823124651,2024-05-04T14:45:24.651,48.180,-170.366,161.037,-18.963
1714823124661,2024-05-04T14:45:24.661,48.190,-159.939,141.159,-23.537
1714823124671,2024-05-04T14:45:24.671,48.200,-145.122,134.817,-16.829
1714823124681,2024-05-04T14:45:24.681,48.210,-113.537,115.671,-3.476
1714823124691,2024-05-04T14:45:24.691,48.220,-76.707,84.024,0.915
1714823124701,2024-05-04T14:45:24.701,48.230,-38.049,44.329,8.232
1714823124711,2024-05-04T14:45:24.711,48.240,-4.634,3.780,14.878
1714823124721,2024-05-04T14:45:24.721,48.250,25.610,-24.085,22.195
1714823124731,2024-05-04T14:45:24.731,48.260,52.317,-34.756,32.073
1714823124741,2024-05-04T14:45:24.741,48.270,67.683,-40.366,32.012
1714823124751,2024-05-04T14:45:24.751,48.280,73.780,-48.902,26.646
1714823124761,2024-05-04T14:45:24.761,48.290,70.915,-61.646,20.854
1714823124771,2024-05-04T14:45:24.771,48.300,61.951,-76.951,16.951
1714823124781,2024-05-04T14:45:24.781,48.310,56.037,-88.110,12.439
1714823124791,2024-05-04T14:45:24.791,48.320,54.573,-92.256,5.976
1714823124801,2024-05-04T14:45:24.801,48.330,55.854,-93.659,3.902
1714823124811,2024-05-04T14:45:24.811,48.340,58.476,-98.415,6.098
1714823124821,2024-05-04T14:45:24.821,48.350,57.622,-107.378,10.000
1714823124831,2024-05-04T14:45:24.831,48.360,53.293,-118.232,11.524
1714823124841,2024-05-04T14:45:24.841,48.370,49.817,-130.122,12.317
1714823124851,2024-05-04T14:45:24.851,48.380,47.378,-144.329,14.695
1714823124861,2024-05-04T14:45:24.861,48.390,42.073,-158.841,18.659
1714823124871,2024-05-04T14:45:24.871,48.400,32.866,-168.659,19.451
1714823124881,2024-05-04T14:45:24.881,48.410,25.000,-168.293,15.183
1714823124891,2024-05-04T14:45:24.891,48.420,20.427,-158.232,15.549
1714823124901,2024-05-04T14:45:24.901,48.430,17.744,-141.220,17.012
1714823124911,2024-05-04T14:45:24.911,48.440,19.573,-122.683,13.963
1714823124921,2024-05-04T14:45:24.921,48.450,16.829,-112.439,13.110
1714823124931,2024-05-04T14:45:24.931,48.460,6.890,-102.622,16.646
1714823124941,2024-05-04T14:45:24.941,48.470,-2.134,-84.878,15.000
1714823124951,2024-05-04T14:45:24.951,48.480,-1.341,-60.732,12.439
1714823124961,2024-05-04T14:45:24.961,48.490,4.512,-42.561,12.744
1714823124971,2024-05-04T14:45:24.971,48.500,4.878,-36.402,13.537
1714823124981,2024-05-04T14:45:24.981,48.510,-1.402,-37.561,14.268
1714823124991,2024-05-04T14:45:24.991,48.520,-7.073,-41.646,12.500
1714823125001,2024-05-04T14:45:25.001,48.530,-7.195,-47.866,12.988
1714823125011,2024-05-04T14:45:25.011,48.540,-8.659,-49.634,17.500
1714823125021,2024-05-04T14:45:25.021,48.550,-2.683,-39.512,19.268
1714823125031,2024-05-04T14:45:25.031,48.560,-0.793,-34.268,15.244
1714823125041,2024-05-04T14:45:25.041,48.570,-1.890,-21.890,11.159
1714823125051,2024-05-04T14:45:25.051,48.580,0.122,-4.573,16.280
1714823125061,2024-05-04T14:45:25.061,48.590,1.159,8.537,14.146
1714823125071,2024-05-04T14:45:25.071,48.600,0.000,5.061,5.854
1714823125081,2024-05-04T14:45:25.081,48.610,-2.683,-7.683,9.329
1714823125091,2024-05-04T14:45:25.091,48.620,-4.268,-13.415,13.902
1714823125101,2024-05-04T14:45:25.101,48.630,-2.195,-14.695,8.720
1714823125111,2024-05-04T14:45:25.111,48.640,-0.732,-15.976,5.061
1714823125121,2024-05-04T14:45:25.121,48.650,-1.585,-15.000,5.610
1714823125131,2024-05-04T14:45:25.131,48.660,-1.098,-12.927,4.146
1714823125141,2024-05-04T14:45:25.141,48.670,0.122,-11.280,3.293
1714823125151,2024-05-04T14:45:25.151,48.680,0.610,-6.585,4.146
1714823125161,2024-05-04T14:45:25.161,48.690,0.549,-0.122,2.683
1714823125171,2024-05-04T14:45:25.171,48.700,1.220,5.976,-0.549
1714823125181,2024-05-04T14:45:25.181,48.710,1.159,10.854,-2.561
1714823125191,2024-05-04T14:45:25.191,48.720,0.549,15.000,-3.293
1714823125201,2024-05-04T14:45:25.201,48.730,-0.366,17.195,-3.841
1714823125211,2024-05-04T14:45:25.211,48.740,-0.244,15.671,-3.354
1714823125221,2024-05-04T14:45:25.221,48.750,0.244,8.598,-1.098
1714823125231,2024-05-04T14:45:25.231,48.760,-1.402,-0.610,1.463
1714823125241,2024-05-04T14:45:25.241,48.770,-4.146,-7.195,2.866
1714823125251,2024-05-04T14:45:25.251,48.780,-5.671,-8.232,3.293
1714823125261,2024-05-04T14:45:25.261,48.790,-5.244,-3.720,4.085
1714823125271,2024-05-04T14:45:25.271,48.800,-3.476,2.256,5.061
1714823125281,2024-05-04T14:45:25.281,48.810,-3.659,4.878,4.634
1714823125291,2024-05-04T14:45:25.291,48.820,-6.037,3.598,4.024
1714823125301,2024-05-04T14:45:25.301,48.830,-8.720,0.793,3.049
1714823125311,2024-05-04T14:45:25.311,48.840,-8.110,-2.256,0.976
1714823125321,2024-05-04T14:45:25.321,48.850,-1.341,-4.390,0.366
1714823125331,2024-05-04T14:45:25.331,48.860,6.341,-5.976,-1.280
1714823125341,2024-05-04T14:45:25.341,48.870,12.317,-1.098,-5.854
1714823125351,2024-05-04T14:45:25.351,48.880,22.500,17.134,-6.402
1714823125361,2024-05-04T14:45:25.361,48.890,34.512,38.598,-10.793
1714823125371,2024-05-04T14:45:25.371,48.900,40.793,52.439,-16.037
1714823125381,2024-05-04T14:45:25.381,48.910,43.720,61.098,-19.817
1714823125391,2024-05-04T14:45:25.391,48.920,48.293,69.695,-22.256
1714823125401,2024-05-04T14:45:25.401,48.930,55.976,80.854,-21.646
1714823125411,2024-05-04T14:45:25.411,48.940,63.293,93.293,-19.329
1714823125421,2024-05-04T14:45:25.421,48.950,68.415,108.841,-21.280
1714823125431,2024-05-04T14:45:25.431,48.960,73.720,127.195,-25.671
1714823125441,2024-05-04T14:45:25.441,48.970,75.854,142.378,-27.744
1714823125451,2024-05-04T14:45:25.451,48.980,73.232,151.585,-28.354
1714823125461,2024-05-04T14:45:25.461,48.990,68.598,154.451,-29.390
1714823125471,2024-05-04T14:45:25.471,49.000,64.207,150.915,-28.354
1714823125481,2024-05-04T14:45:25.481,49.010,60.549,144.512,-22.683
1714823125491,2024-05-04T14:45:25.491,49.020,57.561,135.915,-18.110
1714823125501,2024-05-04T14:45:25.501,49.030,57.439,124.207,-16.646
1714823125511,2024-05-04T14:45:25.511,49.040,59.695,111.402,-13.049
1714823125521,2024-05-04T14:45:25.521,49.050,60.244,99.207,-10.122
1714823125531,2024-05-04T14:45:25.531,49.060,56.280,87.439,-9.451
1714823125541,2024-05-04T14:45:25.541,49.070,48.963,73.963,-9.878
1714823125551,2024-05-04T14:45:25.551,49.080,42.012,55.549,-11.402
1714823125561,2024-05-04T14:45:25.561,49.090,36.707,31.646,-10.610
1714823125571,2024-05-04T14:45:25.571,49.100,28.659,7.683,-5.976
1714823125581,2024-05-04T14:45:25.581,49.110,20.732,-9.268,-1.098
1714823125591,2024-05-04T14:45:25.591,49.120,15.427,-14.573,1.402
1714823125601,2024-05-04T14:45:25.601,49.130,7.195,-15.000,-2.866
1714823125611,2024-05-04T14:45:25.611,49.140,-10.915,-19.024,-10.915
1714823125621,2024-05-04T14:45:25.621,49.150,-31.341,-25.549,-17.927
1714823125631,2024-05-04T14:45:25.631,49.160,-50.000,-32.195,-30.000
1714823125641,2024-05-04T14:45:25.641,49.170,-64.939,-37.927,-43.476
1714823125651,2024-05-04T14:45:25.651,49.180,-79.451,-44.451,-44.512
1714823125661,2024-05-04T14:45:25.661,49.190,-95.549,-40.000,-35.610
1714823125671,2024-05-04T14:45:25.671,49.200,-110.122,-6.220,-24.939
1714823125681,2024-05-04T14:45:25.681,49.210,-114.817,46.280,-19.817
1714823125691,2024-05-04T14:45:25.691,49.220,-114.695,80.244,-19.329
1714823125701,2024-05-04T14:45:25.701,49.230,-121.402,86.098,-21.341
1714823125711,2024-05-04T14:45:25.711,49.240,-129.695,83.841,-20.671
1714823125721,2024-05-04T14:45:25.721,49.250,-133.049,87.134,-22.256
1714823125731,2024-05-04T14:45:25.731,49.260,-134.451,91.098,-29.817
1714823125741,2024-05-04T14:45:25.741,49.270,-142.927,99.878,-30.000
1714823125751,2024-05-04T14:45:25.751,49.280,-153.902,101.707,-11.037
1714823125761,2024-05-04T14:45:25.761,49.290,-167.073,91.585,-5.183
1714823125771,2024-05-04T14:45:25.771,49.300,-146.951,46.402,-8.963
1714823125781,2024-05-04T14:45:25.781,49.310,-94.268,21.341,12.561
1714823125791,2024-05-04T14:45:25.791,49.320,-48.902,-6.341,20.366
1714823125801,2024-05-04T14:45:25.801,49.330,-27.256,-40.427,17.439
1714823125811,2024-05-04T14:45:25.811,49.340,-7.317,-65.305,19.878
1714823125821,2024-05-04T14:45:25.821,49.350,16.341,-84.390,14.207
1714823125831,2024-05-04T14:45:25.831,49.360,44.390,-95.183,10.854
1714823125841,2024-05-04T14:45:25.841,49.370,63.049,-90.976,15.610
1714823125851,2024-05-04T14:45:25.851,49.380,64.817,-76.890,20.610
1714823125861,2024-05-04T14:45:25.861,49.390,54.268,-67.134,20.183
1714823125871,2024-05-04T14:45:25.871,49.400,42.195,-68.476,17.256
1714823125881,2024-05-04T14:45:25.881,49.410,35.732,-79.451,16.159
1714823125891,2024-05-04T14:45:25.891,49.420,35.122,-99.573,15.122
1714823125901,2024-05-04T14:45:25.901,49.430,37.012,-123.902,14.329
1714823125911,2024-05-04T14:45:25.911,49.440,38.537,-148.537,15.366
1714823125921,2024-05-04T14:45:25.921,49.450,37.683,-169.512,18.232
1714823125931,2024-05-04T14:45:25.931,49.460,34.695,-183.415,18.598
1714823125941,2024-05-04T14:45:25.941,49.470,33.415,-189.024,16.951
1714823125951,2024-05-04T14:45:25.951,49.480,32.256,-193.780,16.768
1714823125961,2024-05-04T14:45:25.961,49.490,27.622,-199.878,16.524
1714823125971,2024-05-04T14:45:25.971,49.500,24.573,-208.232,12.744
1714823125981,2024-05-04T14:45:25.981,49.510,24.268,-221.463,10.366
1714823125991,2024-05-04T14:45:25.991,49.520,15.732,-227.500,14.024
1714823126001,2024-05-04T14:45:26.001,49.530,0.427,-219.634,15.793
1714823126011,2024-05-04T14:45:26.011,49.540,-10.610,-194.878,11.524
1714823126021,2024-05-04T14:45:26.021,49.550,-11.402,-159.024,3.354
1714823126031,2024-05-04T14:45:26.031,49.560,-9.634,-124.085,2.561
1714823126041,2024-05-04T14:45:26.041,49.570,-12.134,-85.671,5.122
1714823126051,2024-05-04T14:45:26.051,49.580,-11.951,-51.951,1.646
1714823126061,2024-05-04T14:45:26.061,49.590,-12.561,-34.146,-7.256
1714823126071,2024-05-04T14:45:26.071,49.600,-10.305,-21.768,-10.488
1714823126081,2024-05-04T14:45:26.081,49.610,-9.512,0.183,-8.171
1714823126091,2024-05-04T14:45:26.091,49.620,-6.159,16.768,-16.280
1714823126101,2024-05-04T14:45:26.101,49.630,-6.768,20.244,-12.317
1714823126111,2024-05-04T14:45:26.111,49.640,-7.195,15.305,-2.805
1714823126121,2024-05-04T14:45:26.121,49.650,-9.817,3.049,3.110
1714823126131,2024-05-04T14:45:26.131,49.660,-12.073,-5.366,7.195
1714823126141,2024-05-04T14:45:26.141,49.670,-12.683,-10.915,5.610
1714823126151,2024-05-04T14:45:26.151,49.680,-9.939,-17.378,3.110
1714823126161,2024-05-04T14:45:26.161,49.690,-5.610,-19.756,4.329
1714823126171,2024-05-04T14:45:26.171,49.700,-1.585,-13.171,5.122
1714823126181,2024-05-04T14:45:26.181,49.710,3.963,-1.768,4.451
1714823126191,2024-05-04T14:45:26.191,49.720,7.195,8.171,5.000
1714823126201,2024-05-04T14:45:26.201,49.730,3.902,15.549,5.671
1714823126211,2024-05-04T14:45:26.211,49.740,1.829,22.927,4.390
1714823126221,2024-05-04T14:45:26.221,49.750,3.902,26.220,3.232
1714823126231,2024-05-04T14:45:26.231,49.760,7.561,22.317,4.390
1714823126241,2024-05-04T14:45:26.241,49.770,11.341,13.110,6.524
1714823126251,2024-05-04T14:45:26.251,49.780,11.098,0.488,7.988
1714823126261,2024-05-04T14:45:26.261,49.790,5.305,-8.902,9.085
1714823126271,2024-05-04T14:45:26.271,49.800,-0.488,-10.000,9.024
1714823126281,2024-05-04T14:45:26.281,49.810,-1.463,-5.305,8.659
1714823126291,2024-05-04T14:45:26.291,49.820,-0.366,-1.159,9.878
1714823126301,2024-05-04T14:45:26.301,49.830,-1.037,1.463,11.768
1714823126311,2024-05-04T14:45:26.311,49.840,-2.012,4.512,12.744
1714823126321,2024-05-04T14:45:26.321,49.850,-1.402,8.171,12.317
1714823126331,2024-05-04T14:45:26.331,49.860,4.329,12.744,11.280
1714823126341,2024-05-04T14:45:26.341,49.870,14.207,18.963,12.927
1714823126351,2024-05-04T14:45:26.351,49.880,21.768,29.390,13.720
1714823126361,2024-05-04T14:45:26.361,49.890,24.085,45.671,9.390
1714823126371,2024-05-04T14:45:26.371,49.900,26.463,63.720,6.707
1714823126381,2024-05-04T14:45:26.381,49.910,27.500,75.854,5.976
1714823126391,2024-05-04T14:45:26.391,49.920,28.415,81.463,3.171
1714823126401,2024-05-04T14:45:26.401,49.930,33.049,79.756,0.061
1714823126411,2024-05-04T14:45:26.411,49.940,41.829,75.366,0.915
1714823126421,2024-05-04T14:45:26.421,49.950,48.049,68.902,4.207
1714823126431,2024-05-04T14:45:26.431,49.960,50.183,62.317,7.683
1714823126441,2024-05-04T14:45:26.441,49.970,49.634,57.317,6.159
1714823126451,2024-05-04T14:45:26.451,49.980,50.122,54.634,1.707
1714823126461,2024-05-04T14:45:26.461,49.990,54.085,54.024,0.183
1714823126471,2024-05-04T14:45:26.471,50.000,60.244,46.890,-1.768
1714823126481,2024-05-04T14:45:26.481,50.010,62.195,29.207,-4.695
1714823126491,2024-05-04T14:45:26.491,50.020,59.695,9.085,-6.585
1714823126501,2024-05-04T14:45:26.501,50.030,57.561,-2.500,-9.207
1714823126511,2024-05-04T14:45:26.511,50.040,57.805,-4.207,-11.220
1714823126521,2024-05-04T14:45:26.521,50.050,58.720,-1.951,-13.780
1714823126531,2024-05-04T14:45:26.531,50.060,60.915,1.768,-15.732
1714823126541,2024-05-04T14:45:26.541,50.070,65.976,1.037,-16.890
1714823126551,2024-05-04T14:45:26.551,50.080,65.488,-6.585,-18.841
1714823126561,2024-05-04T14:45:26.561,50.090,56.402,-11.829,-18.659
1714823126571,2024-05-04T14:45:26.571,50.100,49.085,-10.427,-18.720
1714823126581,2024-05-04T14:45:26.581,50.110,43.171,-8.110,-19.573
1714823126591,2024-05-04T14:45:26.591,50.120,33.476,-4.390,-16.280
1714823126601,2024-05-04T14:45:26.601,50.130,23.841,4.390,-13.598
1714823126611,2024-05-04T14:45:26.611,50.140,19.939,15.427,-15.976
1714823126621,2024-05-04T14:45:26.621,50.150,20.000,23.841,-17.500
1714823126631,2024-05-04T14:45:26.631,50.160,18.780,28.659,-18.902
1714823126641,2024-05-04T14:45:26.641,50.170,18.902,25.671,-21.951
1714823126651,2024-05-04T14:45:26.651,50.180,18.841,10.061,-25.122
1714823126661,2024-05-04T14:45:26.661,50.190,10.488,-7.561,-25.549
1714823126671,2024-05-04T14:45:26.671,50.200,-4.573,-14.024,-26.341
1714823126681,2024-05-04T14:45:26.681,50.210,-17.317,-12.500,-30.854
1714823126691,2024-05-04T14:45:26.691,50.220,-28.780,-12.317,-30.732
1714823126701,2024-05-04T14:45:26.701,50.230,-44.329,-12.317,-25.427
1714823126711,2024-05-04T14:45:26.711,50.240,-58.598,-1.768,-18.415
1714823126721,2024-05-04T14:45:26.721,50.250,-67.012,20.610,-9.939
1714823126731,2024-05-04T14:45:26.731,50.260,-77.317,58.415,-1.585
1714823126741,2024-05-04T14:45:26.741,50.270,-95.061,114.329,1.829
1714823126751,2024-05-04T14:45:26.751,50.280,-113.110,177.439,0.976
1714823126761,2024-05-04T14:45:26.761,50.290,-127.195,240.122,-3.537
1714823126771,2024-05-04T14:45:26.771,50.300,-134.939,293.476,-17.439
1714823126781,2024-05-04T14:45:26.781,50.310,-136.707,326.341,-36.707
1714823126791,2024-05-04T14:45:26.791,50.320,-140.488,326.890,-62.134
1714823126801,2024-05-04T14:45:26.801,50.330,-158.049,335.488,-76.280
1714823126811,2024-05-04T14:45:26.811,50.340,-181.829,327.378,-62.439
1714823126821,2024-05-04T14:45:26.821,50.350,-195.244,291.037,-32.012
1714823126831,2024-05-04T14:45:26.831,50.360,-174.146,272.622,-0.793
1714823126841,2024-05-04T14:45:26.841,50.370,-124.451,206.829,-7.866
1714823126851,2024-05-04T14:45:26.851,50.380,-80.732,98.049,-22.195
1714823126861,2024-05-04T14:45:26.861,50.390,-29.817,10.061,2.256
1714823126871,2024-05-04T14:45:26.871,50.400,12.988,-46.829,27.988
1714823126881,2024-05-04T14:45:26.881,50.410,40.549,-83.780,33.049
1714823126891,2024-05-04T14:45:26.891,50.420,55.854,-105.793,33.598
1714823126901,2024-05-04T14:45:26.901,50.430,62.622,-117.073,30.366
1714823126911,2024-05-04T14:45:26.911,50.440,64.024,-124.451,22.805
1714823126921,2024-05-04T14:45:26.921,50.450,59.329,-126.463,15.854
1714823126931,2024-05-04T14:45:26.931,50.460,55.122,-119.512,14.207
1714823126941,2024-05-04T14:45:26.941,50.470,55.000,-106.463,13.537
1714823126951,2024-05-04T14:45:26.951,50.480,54.024,-90.427,9.268
1714823126961,2024-05-04T14:45:26.961,50.490,52.866,-72.866,7.561
1714823126971,2024-05-04T14:45:26.971,50.500,51.159,-60.244,9.634
1714823126981,2024-05-04T14:45:26.981,50.510,49.451,-59.329,11.707
1714823126991,2024-05-04T14:45:26.991,50.520,50.244,-76.829,14.878
1714823127001,2024-05-04T14:45:27.001,50.530,52.256,-111.951,19.512
1714823127011,2024-05-04T14:45:27.011,50.540,48.963,-155.732,23.902
1714823127021,2024-05-04T14:45:27.021,50.550,38.841,-189.939,25.488
1714823127031,2024-05-04T14:45:27.031,50.560,31.220,-202.134,24.695
1714823127041,2024-05-04T14:45:27.041,50.570,30.549,-201.463,21.037
1714823127051,2024-05-04T14:45:27.051,50.580,31.280,-197.805,15.793
1714823127061,2024-05-04T14:45:27.061,50.590,26.951,-190.732,16.646
1714823127071,2024-05-04T14:45:27.071,50.600,17.805,-174.756,20.793
1714823127081,2024-05-04T14:45:27.081,50.610,9.146,-147.622,18.476
1714823127091,2024-05-04T14:45:27.091,50.620,5.915,-114.695,15.122
1714823127101,2024-05-04T14:45:27.101,50.630,8.780,-85.183,12.012
1714823127111,2024-05-04T14:45:27.111,50.640,10.854,-69.451,5.915
1714823127121,2024-05-04T14:45:27.121,50.650,9.756,-63.841,2.134
1714823127131,2024-05-04T14:45:27.131,50.660,5.244,-62.439,3.720
1714823127141,2024-05-04T14:45:27.141,50.670,-1.341,-58.720,-1.707
1714823127151,2024-05-04T14:45:27.151,50.680,-2.683,-42.378,6.768
1714823127161,2024-05-04T14:45:27.161,50.690,-6.524,-13.659,12.317
1714823127171,2024-05-04T14:45:27.171,50.700,-2.134,-5.976,12.988
1714823127181,2024-05-04T14:45:27.181,50.710,-6.402,-34.878,10.061
1714823127191,2024-05-04T14:45:27.191,50.720,-6.098,-49.207,14.451
1714823127201,2024-05-04T14:45:27.201,50.730,0.671,-56.220,16.159
1714823127211,2024-05-04T14:45:27.211,50.740,-1.463,-57.012,15.122
1714823127221,2024-05-04T14:45:27.221,50.750,-3.293,-54.146,9.512
1714823127231,2024-05-04T14:45:27.231,50.760,-5.793,-49.207,8.780
1714823127241,2024-05-04T14:45:27.241,50.770,-8.049,-32.439,11.463
1714823127251,2024-05-04T14:45:27.251,50.780,-7.561,-14.146,7.317
1714823127261,2024-05-04T14:45:27.261,50.790,-4.329,-4.146,3.354
1714823127271,2024-05-04T14:45:27.271,50.800,-2.439,-2.134,5.244
1714823127281,2024-05-04T14:45:27.281,50.810,-3.171,-0.793,7.683
1714823127291,2024-05-04T14:45:27.291,50.820,-3.780,-0.366,5.671
1714823127301,2024-05-04T14:45:27.301,50.830,-1.524,-7.012,3.049
1714823127311,2024-05-04T14:45:27.311,50.840,0.244,-18.171,2.561
1714823127321,2024-05-04T14:45:27.321,50.850,-2.439,-23.415,3.232
1714823127331,2024-05-04T14:45:27.331,50.860,-5.488,-16.646,2.683
1714823127341,2024-05-04T14:45:27.341,50.870,-5.244,-5.122,1.524
1714823127351,2024-05-04T14:45:27.351,50.880,-4.451,3.049,1.402
1714823127361,2024-05-04T14:45:27.361,50.890,-5.915,5.976,2.012
1714823127371,2024-05-04T14:45:27.371,50.900,-8.171,6.768,2.500
1714823127381,2024-05-04T14:45:27.381,50.910,-9.878,8.293,2.866
1714823127391,2024-05-04T14:45:27.391,50.920,-9.329,8.720,3.598
1714823127401,2024-05-04T14:45:27.401,50.930,-7.622,5.000,4.512
1714823127411,2024-05-04T14:45:27.411,50.940,-7.683,-1.585,6.159
1714823127421,2024-05-04T14:45:27.421,50.950,-9.207,-6.524,7.622
1714823127431,2024-05-04T14:45:27.431,50.960,-11.098,-7.317,8.171
1714823127441,2024-05-04T14:45:27.441,50.970,-12.561,-3.659,8.354
1714823127451,2024-05-04T14:45:27.451,50.980,-13.963,3.232,7.561
1714823127461,2024-05-04T14:45:27.461,50.990,-15.366,11.098,6.524
1714823127471,2024-05-04T14:45:27.471,51.000,-16.280,18.659,5.244
1714823127481,2024-05-04T14:45:27.481,51.010,-17.500,27.073,3.354
1714823127491,2024-05-04T14:45:27.491,51.020,-16.768,37.744,1.280
1714823127501,2024-05-04T14:45:27.501,51.030,-14.085,48.232,0.793
1714823127511,2024-05-04T14:45:27.511,51.040,-13.841,59.817,0.427
1714823127521,2024-05-04T14:45:27.521,51.050,-13.293,72.134,-3.293
1714823127531,2024-05-04T14:45:27.531,51.060,-9.878,79.512,-5.244
1714823127541,2024-05-04T14:45:27.541,51.070,-9.939,82.439,-8.476
1714823127551,2024-05-04T14:45:27.551,51.080,-11.220,85.549,-12.744
1714823127561,2024-05-04T14:45:27.561,51.090,-13.049,94.451,-16.890
1714823127571,2024-05-04T14:45:27.571,51.100,-4.390,113.354,-22.195
1714823127581,2024-05-04T14:45:27.581,51.110,6.646,126.585,-25.488
1714823127591,2024-05-04T14:45:27.591,51.120,13.780,117.317,-28.415
1714823127601,2024-05-04T14:45:27.601,51.130,17.744,85.183,-30.549
1714823127611,2024-05-04T14:45:27.611,51.140,24.085,48.659,-24.329
1714823127621,2024-05-04T14:45:27.621,51.150,33.232,23.537,-11.159
1714823127631,2024-05-04T14:45:27.631,51.160,46.402,17.073,-4.756
1714823127641,2024-05-04T14:45:27.641,51.170,65.671,27.561,-1.829
1714823127651,2024-05-04T14:45:27.651,51.180,86.829,40.244,1.037
1714823127661,2024-05-04T14:45:27.661,51.190,99.329,43.841,-0.732
1714823127671,2024-05-04T14:45:27.671,51.200,102.805,34.512,-2.927
1714823127681,2024-05-04T14:45:27.681,51.210,99.756,15.793,-2.561
1714823127691,2024-05-04T14:45:27.691,51.220,92.012,-6.646,-3.232
1714823127701,2024-05-04T14:45:27.701,51.230,79.512,-26.280,-5.854
1714823127711,2024-05-04T14:45:27.711,51.240,72.744,-32.073,-6.463
1714823127721,2024-05-04T14:45:27.721,51.250,72.805,-21.280,-3.110
1714823127731,2024-05-04T14:45:27.731,51.260,72.073,-5.488,-1.341
1714823127741,2024-05-04T14:45:27.741,51.270,67.378,10.061,-5.305
1714823127751,2024-05-04T14:45:27.751,51.280,61.463,20.793,-11.890
1714823127761,2024-05-04T14:45:27.761,51.290,54.451,28.537,-15.122
1714823127771,2024-05-04T14:45:27.771,51.300,46.890,32.561,-16.402
1714823127781,2024-05-04T14:45:27.781,51.310,36.707,27.378,-16.768
1714823127791,2024-05-04T14:45:27.791,51.320,22.195,11.890,-13.902
1714823127801,2024-05-04T14:45:27.801,51.330,0.610,-15.854,-14.268
1714823127811,2024-05-04T14:45:27.811,51.340,-27.378,-45.549,-18.720
1714823127821,2024-05-04T14:45:27.821,51.350,-58.902,-67.561,-21.890
1714823127831,2024-05-04T14:45:27.831,51.360,-92.439,-69.085,-27.378
1714823127841,2024-05-04T14:45:27.841,51.370,-110.854,-43.598,-19.329
1714823127851,2024-05-04T14:45:27.851,51.380,-121.585,-10.000,-7.683
1714823127861,2024-05-04T14:45:27.861,51.390,-132.317,27.134,0.244
1714823127871,2024-05-04T14:45:27.871,51.400,-150.732,69.085,-1.829
1714823127881,2024-05-04T14:45:27.881,51.410,-168.293,116.220,-9.695
1714823127891,2024-05-04T14:45:27.891,51.420,-163.354,148.232,-10.610
1714823127901,2024-05-04T14:45:27.901,51.430,-167.805,155.854,-17.622
1714823127911,2024-05-04T14:45:27.911,51.440,-197.256,170.488,-34.146
1714823127921,2024-05-04T14:45:27.921,51.450,-216.037,192.012,-53.049
1714823127931,2024-05-04T14:45:27.931,51.460,-214.024,203.598,-63.537
1714823127941,2024-05-04T14:45:27.941,51.470,-179.695,183.171,-40.122
1714823127951,2024-05-04T14:45:27.951,51.480,-125.671,125.610,-5.000
1714823127961,2024-05-04T14:45:27.961,51.490,-81.159,94.695,4.817
1714823127971,2024-05-04T14:45:27.971,51.500,-43.415,90.366,12.744
1714823127981,2024-05-04T14:45:27.981,51.510,-5.122,79.268,26.463
1714823127991,2024-05-04T14:45:27.991,51.520,38.720,44.695,37.012
1714823128001,2024-05-04T14:45:28.001,51.530,73.598,3.293,44.695
1714823128011,2024-05-04T14:45:28.011,51.540,86.829,-18.476,43.354
1714823128021,2024-05-04T14:45:28.021,51.550,83.415,-28.537,35.549
1714823128031,2024-05-04T14:45:28.031,51.560,71.890,-41.220,27.561
1714823128041,2024-05-04T14:45:28.041,51.570,63.293,-52.378,20.061
1714823128051,2024-05-04T14:45:28.051,51.580,57.805,-56.159,11.890
1714823128061,2024-05-04T14:45:28.061,51.590,54.146,-58.963,8.049
1714823128071,2024-05-04T14:45:28.071,51.600,51.768,-67.317,7.134
1714823128081,2024-05-04T14:45:28.081,51.610,48.537,-79.756,3.902
1714823128091,2024-05-04T14:45:28.091,51.620,45.915,-92.378,2.927
1714823128101,2024-05-04T14:45:28.101,51.630,43.720,-102.195,3.659
1714823128111,2024-05-04T14:45:28.111,51.640,40.427,-109.329,4.268
1714823128121,2024-05-04T14:45:28.121,51.650,37.195,-118.659,5.061
1714823128131,2024-05-04T14:45:28.131,51.660,34.817,-127.927,6.037
1714823128141,2024-05-04T14:45:28.141,51.670,31.159,-137.500,7.378
1714823128151,2024-05-04T14:45:28.151,51.680,26.159,-141.037,6.768
1714823128161,2024-05-04T14:45:28.161,51.690,19.573,-136.159,5.305
1714823128171,2024-05-04T14:45:28.171,51.700,12.683,-117.622,1.280
1714823128181,2024-05-04T14:45:28.181,51.710,10.427,-86.585,-0.976
1714823128191,2024-05-04T14:45:28.191,51.720,9.085,-51.402,0.305
1714823128201,2024-05-04T14:45:28.201,51.730,4.085,-22.195,2.134
1714823128211,2024-05-04T14:45:28.211,51.740,1.768,-8.049,2.317
1714823128221,2024-05-04T14:45:28.221,51.750,2.866,-14.573,-5.244
1714823128231,2024-05-04T14:45:28.231,51.760,7.683,-28.293,-7.134
1714823128241,2024-05-04T14:45:28.241,51.770,28.354,-13.902,14.573
1714823128251,2024-05-04T14:45:28.251,51.780,34.573,2.317,16.220
1714823128261,2024-05-04T14:45:28.261,51.790,9.756,-3.841,6.037
1714823128271,2024-05-04T14:45:28.271,51.800,-15.061,-6.159,9.024
1714823128281,2024-05-04T14:45:28.281,51.810,-13.110,4.695,8.841
1714823128291,2024-05-04T14:45:28.291,51.820,-1.829,10.305,8.780
1714823128301,2024-05-04T14:45:28.301,51.830,-0.549,1.159,6.951
1714823128311,2024-05-04T14:45:28.311,51.840,-6.341,-17.683,4.634
1714823128321,2024-05-04T14:45:28.321,51.850,-11.585,-32.988,7.927
1714823128331,2024-05-04T14:45:28.331,51.860,-13.476,-37.622,11.159
1714823128341,2024-05-04T14:45:28.341,51.870,-12.073,-35.854,9.878
1714823128351,2024-05-04T14:45:28.351,51.880,-10.549,-31.951,9.390
1714823128361,2024-05-04T14:45:28.361,51.890,-7.988,-24.390,9.207
1714823128371,2024-05-04T14:45:28.371,51.900,-5.610,-15.732,7.012
1714823128381,2024-05-04T14:45:28.381,51.910,-2.927,-6.585,5.732
1714823128391,2024-05-04T14:45:28.391,51.920,-1.768,2.195,5.671
1714823128401,2024-05-04T14:45:28.401,51.930,-3.354,9.878,4.268
1714823128411,2024-05-04T14:45:28.411,51.940,-5.183,13.780,2.988
1714823128421,2024-05-04T14:45:28.421,51.950,-5.183,11.098,3.415
1714823128431,2024-05-04T14:45:28.431,51.960,-6.159,2.012,3.963
1714823128441,2024-05-04T14:45:28.441,51.970,-8.171,-9.268,4.939
1714823128451,2024-05-04T14:45:28.451,51.980,-9.085,-18.841,6.037
1714823128461,2024-05-04T14:45:28.461,51.990,-8.720,-24.939,6.341
1714823128471,2024-05-04T14:45:28.471,52.000,-7.317,-25.915,6.220
1714823128481,2024-05-04T14:45:28.481,52.010,-5.732,-22.927,6.098
1714823128491,2024-05-04T14:45:28.491,52.020,-5.366,-17.439,6.524
1714823128501,2024-05-04T14:45:28.501,52.030,-7.256,-11.280,6.463
1714823128511,2024-05-04T14:45:28.511,52.040,-9.268,-6.402,5.549
1714823128521,2024-05-04T14:45:28.521,52.050,-9.146,-4.695,5.183
1714823128531,2024-05-04T14:45:28.531,52.060,-9.085,-4.024,4.207
1714823128541,2024-05-04T14:45:28.541,52.070,-8.537,-3.354,3.354
1714823128551,2024-05-04T14:45:28.551,52.080,-7.195,-3.963,1.707
1714823128561,2024-05-04T14:45:28.561,52.090,-6.463,-4.390,0.122
1714823128571,2024-05-04T14:45:28.571,52.100,-6.098,-4.878,-0.610
1714823128581,2024-05-04T14:45:28.581,52.110,-4.512,-3.780,-0.854
1714823128591,2024-05-04T14:45:28.591,52.120,-1.585,0.183,-0.610
1714823128601,2024-05-04T14:45:28.601,52.130,6.220,6.768,-0.793
1714823128611,2024-05-04T14:45:28.611,52.140,13.415,12.195,0.793
1714823128621,2024-05-04T14:45:28.621,52.150,16.220,15.061,3.902
1714823128631,2024-05-04T14:45:28.631,52.160,15.854,21.280,3.415
1714823128641,2024-05-04T14:45:28.641,52.170,15.671,31.159,-0.427
1714823128651,2024-05-04T14:45:28.651,52.180,20.305,37.012,-0.793
1714823128661,2024-05-04T14:45:28.661,52.190,26.585,39.939,0.061
1714823128671,2024-05-04T14:45:28.671,52.200,31.829,40.061,0.549
1714823128681,2024-05-04T14:45:28.681,52.210,37.378,38.354,4.024
1714823128691,2024-05-04T14:45:28.691,52.220,45.305,39.329,7.134
1714823128701,2024-05-04T14:45:28.701,52.230,56.585,43.110,5.915
1714823128711,2024-05-04T14:45:28.711,52.240,67.317,45.427,3.415
1714823128721,2024-05-04T14:45:28.721,52.250,73.110,45.610,2.683
1714823128731,2024-05-04T14:45:28.731,52.260,75.244,46.220,2.378
1714823128741,2024-05-04T14:45:28.741,52.270,74.329,49.146,0.000
1714823128751,2024-05-04T14:45:28.751,52.280,70.549,50.183,-1.098
1714823128761,2024-05-04T14:45:28.761,52.290,65.793,46.220,-0.305
1714823128771,2024-05-04T14:45:28.771,52.300,61.585,39.268,1.220
1714823128781,2024-05-04T14:45:28.781,52.310,60.427,29.756,4.329
1714823128791,2024-05-04T14:45:28.791,52.320,57.317,17.134,3.476
1714823128801,2024-05-04T14:45:28.801,52.330,50.122,7.988,-0.183
1714823128811,2024-05-04T14:45:28.811,52.340,47.134,4.390,-1.098
1714823128821,2024-05-04T14:45:28.821,52.350,46.159,-0.732,-1.463
1714823128831,2024-05-04T14:45:28.831,52.360,42.317,-10.061,-4.146
1714823128841,2024-05-04T14:45:28.841,52.370,34.756,-18.415,-4.756
1714823128851,2024-05-04T14:45:28.851,52.380,26.402,-23.293,-5.671
1714823128861,2024-05-04T14:45:28.861,52.390,13.171,-26.524,-9.634
1714823128871,2024-05-04T14:45:28.871,52.400,-1.402,-30.122,-12.561
1714823128881,2024-05-04T14:45:28.881,52.410,-17.683,-33.720,-16.159
1714823128891,2024-05-04T14:45:28.891,52.420,-34.268,-35.061,-20.671
1714823128901,2024-05-04T14:45:28.901,52.430,-49.695,-27.195,-22.744
1714823128911,2024-05-04T14:45:28.911,52.440,-62.195,2.683,-17.805
1714823128921,2024-05-04T14:45:28.921,52.450,-73.415,42.561,-14.146
1714823128931,2024-05-04T14:45:28.931,52.460,-88.354,66.951,-15.122
1714823128941,2024-05-04T14:45:28.941,52.470,-112.073,79.634,-13.354
1714823128951,2024-05-04T14:45:28.951,52.480,-128.963,103.232,-12.012
1714823128961,2024-05-04T14:45:28.961,52.490,-128.049,142.866,-15.610
1714823128971,2024-05-04T14:45:28.971,52.500,-136.768,186.524,-18.963
1714823128981,2024-05-04T14:45:28.981,52.510,-164.512,215.000,-26.098
1714823128991,2024-05-04T14:45:28.991,52.520,-193.293,200.305,-35.610
1714823129001,2024-05-04T14:45:29.001,52.530,-206.159,156.280,-32.500
1714823129011,2024-05-04T14:45:29.011,52.540,-191.098,117.500,-12.927
1714823129021,2024-05-04T14:45:29.021,52.550,-167.988,105.122,14.390
1714823129031,2024-05-04T14:45:29.031,52.560,-131.341,99.878,23.354
1714823129041,2024-05-04T14:45:29.041,52.570,-80.061,66.768,11.890
1714823129051,2024-05-04T14:45:29.051,52.580,-30.732,15.122,13.293
1714823129061,2024-05-04T14:45:29.061,52.590,2.195,-22.622,29.390
1714823129071,2024-05-04T14:45:29.071,52.600,28.598,-43.232,41.707
1714823129081,2024-05-04T14:45:29.081,52.610,52.866,-55.000,50.183
1714823129091,2024-05-04T14:45:29.091,52.620,70.000,-55.122,56.341
1714823129101,2024-05-04T14:45:29.101,52.630,77.805,-40.244,57.256
1714823129111,2024-05-04T14:45:29.111,52.640,76.951,-23.415,50.915
1714823129121,2024-05-04T14:45:29.121,52.650,70.122,-13.780,39.207
1714823129131,2024-05-04T14:45:29.131,52.660,61.951,-8.902,27.561
1714823129141,2024-05-04T14:45:29.141,52.670,53.963,-4.146,18.415
1714823129151,2024-05-04T14:45:29.151,52.680,48.659,-2.317,10.366
1714823129161,2024-05-04T14:45:29.161,52.690,46.280,-7.988,5.610
1714823129171,2024-05-04T14:45:29.171,52.700,45.610,-21.098,6.951
1714823129181,2024-05-04T14:45:29.181,52.710,44.207,-41.098,7.805
1714823129191,2024-05-04T14:45:29.191,52.720,41.280,-64.573,8.049
1714823129201,2024-05-04T14:45:29.201,52.730,40.305,-88.902,10.000
1714823129211,2024-05-04T14:45:29.211,52.740,39.634,-112.988,9.329
1714823129221,2024-05-04T14:45:29.221,52.750,36.585,-138.171,7.683
1714823129231,2024-05-04T14:45:29.231,52.760,31.890,-160.488,3.049
1714823129241,2024-05-04T14:45:29.241,52.770,28.902,-174.085,-3.841
1714823129251,2024-05-04T14:45:29.251,52.780,26.280,-177.256,-7.439
1714823129261,2024-05-04T14:45:29.261,52.790,21.402,-168.902,-10.610
1714823129271,2024-05-04T14:45:29.271,52.800,15.976,-152.561,-8.354
1714823129281,2024-05-04T14:45:29.281,52.810,17.012,-132.256,-8.720
1714823129291,2024-05-04T14:45:29.291,52.820,22.927,-115.915,-12.378
1714823129301,2024-05-04T14:45:29.301,52.830,28.659,-116.829,-11.951
1714823129311,2024-05-04T14:45:29.311,52.840,17.561,-102.500,-6.951
1714823129321,2024-05-04T14:45:29.321,52.850,17.439,-52.988,-6.524
1714823129331,2024-05-04T14:45:29.331,52.860,17.195,3.659,-5.427
1714823129341,2024-05-04T14:45:29.341,52.870,12.744,37.622,-6.037
1714823129351,2024-05-04T14:45:29.351,52.880,7.134,35.000,-4.939
1714823129361,2024-05-04T14:45:29.361,52.890,2.927,9.878,-1.646
1714823129371,2024-05-04T14:45:29.371,52.900,0.122,-21.463,2.256
1714823129381,2024-05-04T14:45:29.381,52.910,-3.963,-47.988,5.915
1714823129391,2024-05-04T14:45:29.391,52.920,-6.707,-63.354,5.915
1714823129401,2024-05-04T14:45:29.401,52.930,-5.671,-71.037,2.317
1714823129411,2024-05-04T14:45:29.411,52.940,-3.537,-73.232,2.378
1714823129421,2024-05-04T14:45:29.421,52.950,-5.427,-68.232,5.610
1714823129431,2024-05-04T14:45:29.431,52.960,-9.634,-54.817,6.768
1714823129441,2024-05-04T14:45:29.441,52.970,-11.463,-38.232,4.817
1714823129451,2024-05-04T14:45:29.451,52.980,-10.122,-25.305,4.451
1714823129461,2024-05-04T14:45:29.461,52.990,-8.476,-16.341,5.610
1714823129471,2024-05-04T14:45:29.471,53.000,-6.707,-8.232,5.061
1714823129481,2024-05-04T14:45:29.481,53.010,-2.561,0.976,4.268
1714823129491,2024-05-04T14:45:29.491,53.020,2.500,6.037,3.110
1714823129501,2024-05-04T14:45:29.501,53.030,4.268,0.976,1.829
1714823129511,2024-05-04T14:45:29.511,53.040,2.683,-12.378,1.524
1714823129521,2024-05-04T14:45:29.521,53.050,-0.915,-28.537,1.890
1714823129531,2024-05-04T14:45:29.531,53.060,-3.841,-41.646,3.049
1714823129541,2024-05-04T14:45:29.541,53.070,-4.573,-46.585,4.573
1714823129551,2024-05-04T14:45:29.551,53.080,-3.780,-42.256,6.037
1714823129561,2024-05-04T14:45:29.561,53.090,-2.500,-30.122,7.256
1714823129571,2024-05-04T14:45:29.571,53.100,-2.317,-15.000,5.976
1714823129581,2024-05-04T14:45:29.581,53.110,-5.976,-1.768,3.171
1714823129591,2024-05-04T14:45:29.591,53.120,-11.220,7.744,1.341
1714823129601,2024-05-04T14:45:29.601,53.130,-14.085,14.268,0.915
1714823129611,2024-05-04T14:45:29.611,53.140,-13.598,18.598,1.768
1714823129621,2024-05-04T14:45:29.621,53.150,-11.646,21.890,3.598
1714823129631,2024-05-04T14:45:29.631,53.160,-10.122,25.488,4.390
1714823129641,2024-05-04T14:45:29.641,53.170,-8.963,24.573,4.573
1714823129651,2024-05-04T14:45:29.651,53.180,-8.537,18.659,4.756
1714823129661,2024-05-04T14:45:29.661,53.190,-8.354,8.963,4.939
1714823129671,2024-05-04T14:45:29.671,53.200,-10.000,0.000,1.524
1714823129681,2024-05-04T14:45:29.681,53.210,-11.585,-0.732,-3.049
1714823129691,2024-05-04T14:45:29.691,53.220,-11.159,7.744,-0.305
1714823129701,2024-05-04T14:45:29.701,53.230,-7.012,18.780,0.610
1714823129711,2024-05-04T14:45:29.711,53.240,-2.683,24.817,-3.476
1714823129721,2024-05-04T14:45:29.721,53.250,-0.183,25.976,-3.354
1714823129731,2024-05-04T14:45:29.731,53.260,1.037,23.354,2.012
1714823129741,2024-05-04T14:45:29.741,53.270,4.207,14.390,5.793
1714823129751,2024-05-04T14:45:29.751,53.280,10.488,1.463,5.122
1714823129761,2024-05-04T14:45:29.761,53.290,19.329,-7.866,6.890
1714823129771,2024-05-04T14:45:29.771,53.300,24.634,-8.476,6.951
1714823129781,2024-05-04T14:45:29.781,53.310,26.890,0.000,5.976
1714823129791,2024-05-04T14:45:29.791,53.320,34.329,10.549,5.183
1714823129801,2024-05-04T14:45:29.801,53.330,44.329,16.646,3.963
1714823129811,2024-05-04T14:45:29.811,53.340,51.951,14.451,2.561
1714823129821,2024-05-04T14:45:29.821,53.350,58.110,2.622,-2.256
1714823129831,2024-05-04T14:45:29.831,53.360,62.012,-9.695,-5.915
1714823129841,2024-05-04T14:45:29.841,53.370,62.500,-9.390,-7.439
1714823129851,2024-05-04T14:45:29.851,53.380,65.976,-0.366,-10.915
1714823129861,2024-05-04T14:45:29.861,53.390,74.024,-0.244,-14.634
1714823129871,2024-05-04T14:45:29.871,53.400,74.634,-11.829,-13.841
1714823129881,2024-05-04T14:45:29.881,53.410,60.000,-17.683,-14.085
1714823129891,2024-05-04T14:45:29.891,53.420,44.573,-6.829,-20.000
1714823129901,2024-05-04T14:45:29.901,53.430,42.073,13.354,-26.829
1714823129911,2024-05-04T14:45:29.911,53.440,42.866,23.476,-32.805
1714823129921,2024-05-04T14:45:29.921,53.450,33.476,14.451,-36.707
1714823129931,2024-05-04T14:45:29.931,53.460,17.866,-6.707,-36.341
1714823129941,2024-05-04T14:45:29.941,53.470,0.427,-22.073,-39.146
1714823129951,2024-05-04T14:45:29.951,53.480,-19.573,-23.963,-39.939
1714823129961,2024-05-04T14:45:29.961,53.490,-34.878,-8.232,-33.049
1714823129971,2024-05-04T14:45:29.971,53.500,-47.866,29.146,-25.915
1714823129981,2024-05-04T14:45:29.981,53.510,-62.256,78.598,-19.695
1714823129991,2024-05-04T14:45:29.991,53.520,-79.451,110.488,-14.573
1714823130001,2024-05-04T14:45:30.001,53.530,-97.805,120.061,-10.915
1714823130011,2024-05-04T14:45:30.011,53.540,-108.049,130.976,-7.805
1714823130021,2024-05-04T14:45:30.021,53.550,-108.171,150.000,-11.159
1714823130031,2024-05-04T14:45:30.031,53.560,-114.024,172.805,-21.951
1714823130041,2024-05-04T14:45:30.041,53.570,-119.329,200.122,-18.415
1714823130051,2024-05-04T14:45:30.051,53.580,-134.634,213.476,-15.244
1714823130061,2024-05-04T14:45:30.061,53.590,-165.366,224.939,-23.963
1714823130071,2024-05-04T14:45:30.071,53.600,-198.110,215.671,-29.817
1714823130081,2024-05-04T14:45:30.081,53.610,-214.756,177.561,-30.915
1714823130091,2024-05-04T14:45:30.091,53.620,-207.561,140.488,-33.902
1714823130101,2024-05-04T14:45:30.101,53.630,-183.049,116.402,-30.671
1714823130111,2024-05-04T14:45:30.111,53.640,-149.939,99.207,-11.402
1714823130121,2024-05-04T14:45:30.121,53.650,-106.524,83.841,13.780
1714823130131,2024-05-04T14:45:30.131,53.660,-52.744,44.085,27.439
1714823130141,2024-05-04T14:45:30.141,53.670,-6.159,-8.476,27.927
1714823130151,2024-05-04T14:45:30.151,53.680,25.976,-47.744,28.659
1714823130161,2024-05-04T14:45:30.161,53.690,47.195,-69.207,36.037
1714823130171,2024-05-04T14:45:30.171,53.700,64.451,-80.732,45.610
1714823130181,2024-05-04T14:45:30.181,53.710,74.817,-88.780,48.841
1714823130191,2024-05-04T14:45:30.191,53.720,79.512,-92.378,45.610
1714823130201,2024-05-04T14:45:30.201,53.730,79.329,-87.134,36.341
1714823130211,2024-05-04T14:45:30.211,53.740,77.744,-77.134,27.073
1714823130221,2024-05-04T14:45:30.221,53.750,75.244,-64.329,19.024
1714823130231,2024-05-04T14:45:30.231,53.760,68.293,-53.598,10.244
1714823130241,2024-05-04T14:45:30.241,53.770,58.841,-46.280,3.354
1714823130251,2024-05-04T14:45:30.251,53.780,50.976,-45.915,2.622
1714823130261,2024-05-04T14:45:30.261,53.790,47.866,-50.366,3.171
1714823130271,2024-05-04T14:45:30.271,53.800,43.659,-55.671,1.463
1714823130281,2024-05-04T14:45:30.281,53.810,38.049,-63.902,3.110
1714823130291,2024-05-04T14:45:30.291,53.820,34.695,-73.293,1.768
1714823130301,2024-05-04T14:45:30.301,53.830,32.866,-80.732,-1.829
1714823130311,2024-05-04T14:45:30.311,53.840,28.110,-85.244,-2.439
1714823130321,2024-05-04T14:45:30.321,53.850,20.305,-86.890,-5.488
1714823130331,2024-05-04T14:45:30.331,53.860,18.902,-87.195,-7.134
1714823130341,2024-05-04T14:45:30.341,53.870,29.451,-91.159,-7.439
1714823130351,2024-05-04T14:45:30.351,53.880,40.854,-106.890,-4.146
1714823130361,2024-05-04T14:45:30.361,53.890,47.439,-116.402,-1.707
1714823130371,2024-05-04T14:45:30.371,53.900,45.915,-110.000,-4.451
1714823130381,2024-05-04T14:45:30.381,53.910,34.573,-96.341,-6.951
1714823130391,2024-05-04T14:45:30.391,53.920,19.085,-81.037,-6.280
1714823130401,2024-05-04T14:45:30.401,53.930,10.244,-59.268,-3.598
1714823130411,2024-05-04T14:45:30.411,53.940,7.805,-38.963,-4.573
1714823130421,2024-05-04T14:45:30.421,53.950,10.488,-25.061,-6.829
1714823130431,2024-05-04T14:45:30.431,53.960,14.024,-23.476,-3.110
1714823130441,2024-05-04T14:45:30.441,53.970,14.634,-32.012,2.134
1714823130451,2024-05-04T14:45:30.451,53.980,11.768,-46.951,4.146
1714823130461,2024-05-04T14:45:30.461,53.990,5.610,-63.720,5.549
1714823130471,2024-05-04T14:45:30.471,54.000,0.915,-75.610,7.439
1714823130481,2024-05-04T14:45:30.481,54.010,-0.122,-79.817,7.012
1714823130491,2024-05-04T14:45:30.491,54.020,0.793,-76.402,5.793
1714823130501,2024-05-04T14:45:30.501,54.030,2.195,-66.159,6.280
1714823130511,2024-05-04T14:45:30.511,54.040,3.110,-52.744,7.561
1714823130521,2024-05-04T14:45:30.521,54.050,3.415,-40.305,8.537
1714823130531,2024-05-04T14:45:30.531,54.060,4.268,-30.915,9.085
1714823130541,2024-05-04T14:45:30.541,54.070,6.402,-25.305,10.183
1714823130551,2024-05-04T14:45:30.551,54.080,7.378,-22.134,10.915
1714823130561,2024-05-04T14:45:30.561,54.090,5.976,-21.037,9.207
1714823130571,2024-05-04T14:45:30.571,54.100,5.000,-21.159,6.341
1714823130581,2024-05-04T14:45:30.581,54.110,5.549,-22.744,4.878
1714823130591,2024-05-04T14:45:30.591,54.120,6.951,-23.598,4.695
1714823130601,2024-05-04T14:45:30.601,54.130,7.500,-22.622,4.695
1714823130611,2024-05-04T14:45:30.611,54.140,6.707,-18.841,4.207
1714823130621,2024-05-04T14:45:30.621,54.150,5.122,-12.988,2.927
1714823130631,2024-05-04T14:45:30.631,54.160,4.878,-6.159,2.317
1714823130641,2024-05-04T14:45:30.641,54.170,5.427,0.244,2.927
1714823130651,2024-05-04T14:45:30.651,54.180,5.122,4.939,3.415
1714823130661,2024-05-04T14:45:30.661,54.190,3.902,6.890,4.085
1714823130671,2024-05-04T14:45:30.671,54.200,3.720,6.585,5.244
1714823130681,2024-05-04T14:45:30.681,54.210,5.549,3.841,6.585
1714823130691,2024-05-04T14:45:30.691,54.220,7.805,-1.890,7.012
1714823130701,2024-05-04T14:45:30.701,54.230,9.756,-9.207,7.500
1714823130711,2024-05-04T14:45:30.711,54.240,11.341,-15.976,9.146
1714823130721,2024-05-04T14:45:30.721,54.250,12.256,-20.793,9.207
1714823130731,2024-05-04T14:45:30.731,54.260,13.963,-23.049,7.622
1714823130741,2024-05-04T14:45:30.741,54.270,15.061,-22.317,8.841
1714823130751,2024-05-04T14:45:30.751,54.280,15.732,-18.232,8.902
1714823130761,2024-05-04T14:45:30.761,54.290,19.329,-12.378,8.415
1714823130771,2024-05-04T14:45:30.771,54.300,22.744,-5.854,9.695
1714823130781,2024-05-04T14:45:30.781,54.310,24.207,-0.183,8.415
1714823130791,2024-05-04T14:45:30.791,54.320,26.829,0.854,6.646
1714823130801,2024-05-04T14:45:30.801,54.330,31.585,-2.500,6.646
1714823130811,2024-05-04T14:45:30.811,54.340,38.110,-8.841,7.805
1714823130821,2024-05-04T14:45:30.821,54.350,42.012,-17.866,5.183
1714823130831,2024-05-04T14:45:30.831,54.360,39.024,-27.256,0.976
1714823130841,2024-05-04T14:45:30.841,54.370,35.000,-29.390,0.244
1714823130851,2024-05-04T14:45:30.851,54.380,35.549,-24.878,-0.854
1714823130861,2024-05-04T14:45:30.861,54.390,37.256,-17.256,-2.622
1714823130871,2024-05-04T14:45:30.871,54.400,40.183,-7.622,-3.476
1714823130881,2024-05-04T14:45:30.881,54.410,46.341,-0.732,-4.756
1714823130891,2024-05-04T14:45:30.891,54.420,50.488,-1.585,-7.317
1714823130901,2024-05-04T14:45:30.901,54.430,49.756,-7.561,-10.122
1714823130911,2024-05-04T14:45:30.911,54.440,44.024,-12.195,-13.293
1714823130921,2024-05-04T14:45:30.921,54.450,38.963,-10.732,-16.585
1714823130931,2024-05-04T14:45:30.931,54.460,38.598,-2.744,-19.634
1714823130941,2024-05-04T14:45:30.941,54.470,35.976,7.561,-21.829
1714823130951,2024-05-04T14:45:30.951,54.480,31.768,17.195,-28.171
1714823130961,2024-05-04T14:45:30.961,54.490,31.768,25.732,-35.488
1714823130971,2024-05-04T14:45:30.971,54.500,31.646,36.463,-37.866
1714823130981,2024-05-04T14:45:30.981,54.510,25.915,49.451,-42.134
1714823130991,2024-05-04T14:45:30.991,54.520,18.841,64.146,-47.988
1714823131001,2024-05-04T14:45:31.001,54.530,11.280,78.415,-50.671
1714823131011,2024-05-04T14:45:31.011,54.540,-0.549,84.024,-52.378
1714823131021,2024-05-04T14:45:31.021,54.550,-15.915,78.293,-51.524
1714823131031,2024-05-04T14:45:31.031,54.560,-34.512,67.256,-48.171
1714823131041,2024-05-04T14:45:31.041,54.570,-53.110,61.037,-44.024
1714823131051,2024-05-04T14:45:31.051,54.580,-69.268,70.366,-39.634
1714823131061,2024-05-04T14:45:31.061,54.590,-82.134,92.012,-35.549
1714823131071,2024-05-04T14:45:31.071,54.600,-96.280,113.841,-26.341
1714823131081,2024-05-04T14:45:31.081,54.610,-115.366,134.939,-19.146
1714823131091,2024-05-04T14:45:31.091,54.620,-126.890,154.329,-21.220
1714823131101,2024-05-04T14:45:31.101,54.630,-130.061,158.720,-22.927
1714823131111,2024-05-04T14:45:31.111,54.640,-135.671,143.841,-18.354
1714823131121,2024-05-04T14:45:31.121,54.650,-142.866,124.146,-14.329
1714823131131,2024-05-04T14:45:31.131,54.660,-146.951,113.354,-10.488
1714823131141,2024-05-04T14:45:31.141,54.670,-158.902,109.756,-4.390
1714823131151,2024-05-04T14:45:31.151,54.680,-170.915,99.390,-4.268
1714823131161,2024-05-04T14:45:31.161,54.690,-179.146,93.780,-6.159
1714823131171,2024-05-04T14:45:31.171,54.700,-182.988,102.683,-2.439
1714823131181,2024-05-04T14:45:31.181,54.710,-170.671,115.732,12.561
1714823131191,2024-05-04T14:45:31.191,54.720,-137.561,105.366,15.305
1714823131201,2024-05-04T14:45:31.201,54.730,-94.207,69.756,-0.366
1714823131211,2024-05-04T14:45:31.211,54.740,-42.439,17.683,10.122
1714823131221,2024-05-04T14:45:31.221,54.750,7.683,-23.476,25.427
1714823131231,2024-05-04T14:45:31.231,54.760,39.024,-40.549,28.902
1714823131241,2024-05-04T14:45:31.241,54.770,52.378,-48.354,27.439
1714823131251,2024-05-04T14:45:31.251,54.780,56.890,-52.134,21.707
1714823131261,2024-05-04T14:45:31.261,54.790,59.695,-45.305,16.524
1714823131271,2024-05-04T14:45:31.271,54.800,58.537,-32.988,13.841
1714823131281,2024-05-04T14:45:31.281,54.810,53.780,-18.537,9.939
1714823131291,2024-05-04T14:45:31.291,54.820,49.573,-4.756,9.329
1714823131301,2024-05-04T14:45:31.301,54.830,46.402,0.000,11.402
1714823131311,2024-05-04T14:45:31.311,54.840,43.049,2.439,6.463
1714823131321,2024-05-04T14:45:31.321,54.850,38.110,6.463,2.378
1714823131331,2024-05-04T14:45:31.331,54.860,34.878,10.061,-0.183
1714823131341,2024-05-04T14:45:31.341,54.870,36.646,10.610,-2.866
1714823131351,2024-05-04T14:45:31.351,54.880,39.939,0.793,3.110
1714823131361,2024-05-04T14:45:31.361,54.890,42.073,-21.402,13.963
1714823131371,2024-05-04T14:45:31.371,54.900,43.841,-50.244,20.122
1714823131381,2024-05-04T14:45:31.381,54.910,44.573,-82.073,18.293
1714823131391,2024-05-04T14:45:31.391,54.920,47.927,-102.561,13.720
1714823131401,2024-05-04T14:45:31.401,54.930,53.720,-105.061,7.622
1714823131411,2024-05-04T14:45:31.411,54.940,53.598,-88.232,2.500
1714823131421,2024-05-04T14:45:31.421,54.950,45.671,-65.671,1.341
1714823131431,2024-05-04T14:45:31.431,54.960,35.427,-42.744,5.793
1714823131441,2024-05-04T14:45:31.441,54.970,31.463,-30.122,8.841
1714823131451,2024-05-04T14:45:31.451,54.980,30.549,-34.573,5.427
1714823131461,2024-05-04T14:45:31.461,54.990,30.000,-42.988,5.427
1714823131471,2024-05-04T14:45:31.471,55.000,27.500,-43.049,10.305
1714823131481,2024-05-04T14:45:31.481,55.010,24.878,-37.805,11.220
1714823131491,2024-05-04T14:45:31.491,55.020,23.780,-34.756,8.598
1714823131501,2024-05-04T14:45:31.501,55.030,22.195,-35.610,8.902
1714823131511,2024-05-04T14:45:31.511,55.040,17.622,-36.951,10.061
1714823131521,2024-05-04T14:45:31.521,55.050,12.622,-36.829,8.049
1714823131531,2024-05-04T14:45:31.531,55.060,9.634,-36.159,5.549
1714823131541,2024-05-04T14:45:31.541,55.070,10.610,-35.427,6.707
1714823131551,2024-05-04T14:45:31.551,55.080,10.549,-35.915,10.183
1714823131561,2024-05-04T14:45:31.561,55.090,6.768,-35.976,11.768
1714823131571,2024-05-04T14:45:31.571,55.100,3.049,-34.268,10.366
1714823131581,2024-05-04T14:45:31.581,55.110,2.378,-32.134,9.268
1714823131591,2024-05-04T14:45:31.591,55.120,3.902,-31.707,8.902
1714823131601,2024-05-04T14:45:31.601,55.130,4.573,-33.963,7.439
1714823131611,2024-05-04T14:45:31.611,55.140,5.183,-35.061,7.073
1714823131621,2024-05-04T14:45:31.621,55.150,5.976,-33.780,6.524
1714823131631,2024-05-04T14:45:31.631,55.160,4.024,-31.402,5.061
1714823131641,2024-05-04T14:45:31.641,55.170,1.037,-29.817,4.390
1714823131651,2024-05-04T14:45:31.651,55.180,-0.549,-30.305,5.915
1714823131661,2024-05-04T14:45:31.661,55.190,-0.793,-29.268,7.561
1714823131671,2024-05-04T14:45:31.671,55.200,0.000,-25.244,6.890
1714823131681,2024-05-04T14:45:31.681,55.210,2.439,-18.354,6.463
1714823131691,2024-05-04T14:45:31.691,55.220,4.390,-11.098,6.037
1714823131701,2024-05-04T14:45:31.701,55.230,4.329,-7.744,5.305
1714823131711,2024-05-04T14:45:31.711,55.240,2.378,-10.122,4.329
1714823131721,2024-05-04T14:45:31.721,55.250,0.732,-17.500,4.207
1714823131731,2024-05-04T14:45:31.731,55.260,-0.183,-25.732,5.244
1714823131741,2024-05-04T14:45:31.741,55.270,-0.122,-31.220,5.793
1714823131751,2024-05-04T14:45:31.751,55.280,1.890,-31.524,6.280
1714823131761,2024-05-04T14:45:31.761,55.290,5.000,-25.976,6.280
1714823131771,2024-05-04T14:45:31.771,55.300,8.537,-17.622,5.000
1714823131781,2024-05-04T14:45:31.781,55.310,13.232,-10.854,4.451
1714823131791,2024-05-04T14:45:31.791,55.320,17.256,-9.390,4.878
1714823131801,2024-05-04T14:45:31.801,55.330,18.780,-12.988,5.854
1714823131811,2024-05-04T14:45:31.811,55.340,20.000,-18.841,6.585
1714823131821,2024-05-04T14:45:31.821,55.350,23.171,-21.341,7.500
1714823131831,2024-05-04T14:45:31.831,55.360,28.171,-19.817,6.159
1714823131841,2024-05-04T14:45:31.841,55.370,32.439,-14.573,5.976
1714823131851,2024-05-04T14:45:31.851,55.380,34.939,-4.939,5.488
1714823131861,2024-05-04T14:45:31.861,55.390,35.549,3.659,3.659
1714823131871,2024-05-04T14:45:31.871,55.400,33.659,8.232,1.768
1714823131881,2024-05-04T14:45:31.881,55.410,33.415,8.659,2.317
1714823131891,2024-05-04T14:45:31.891,55.420,34.451,5.915,3.598
1714823131901,2024-05-04T14:45:31.901,55.430,38.598,1.341,3.415
1714823131911,2024-05-04T14:45:31.911,55.440,43.476,-2.378,0.122
1714823131921,2024-05-04T14:45:31.921,55.450,43.720,-3.902,-0.976
1714823131931,2024-05-04T14:45:31.931,55.460,41.585,3.415,-1.280
1714823131941,2024-05-04T14:45:31.941,55.470,41.402,19.573,-4.146
1714823131951,2024-05-04T14:45:31.951,55.480,40.122,39.695,-7.805
1714823131961,2024-05-04T14:45:31.961,55.490,35.854,59.390,-9.207
1714823131971,2024-05-04T14:45:31.971,55.500,30.976,73.171,-11.829
1714823131981,2024-05-04T14:45:31.981,55.510,28.171,80.000,-15.000
1714823131991,2024-05-04T14:45:31.991,55.520,28.415,77.317,-16.585
1714823132001,2024-05-04T14:45:32.001,55.530,29.207,67.012,-18.780
1714823132011,2024-05-04T14:45:32.011,55.540,30.976,53.780,-19.329
1714823132021,2024-05-04T14:45:32.021,55.550,30.610,40.549,-21.829
1714823132031,2024-05-04T14:45:32.031,55.560,27.622,30.000,-23.963
1714823132041,2024-05-04T14:45:32.041,55.570,21.829,27.683,-22.683
1714823132051,2024-05-04T14:45:32.051,55.580,14.146,34.329,-23.598
1714823132061,2024-05-04T14:45:32.061,55.590,9.878,38.415,-28.902
1714823132071,2024-05-04T14:45:32.071,55.600,6.829,33.354,-28.659
1714823132081,2024-05-04T14:45:32.081,55.610,-0.793,26.585,-27.805
1714823132091,2024-05-04T14:45:32.091,55.620,-11.951,24.512,-35.061
1714823132101,2024-05-04T14:45:32.101,55.630,-23.354,24.756,-42.866
1714823132111,2024-05-04T14:45:32.111,55.640,-35.671,21.524,-50.488
1714823132121,2024-05-04T14:45:32.121,55.650,-50.183,17.317,-56.646
1714823132131,2024-05-04T14:45:32.131,55.660,-64.024,17.073,-52.866
1714823132141,2024-05-04T14:45:32.141,55.670,-80.061,26.646,-46.463
1714823132151,2024-05-04T14:45:32.151,55.680,-96.707,51.524,-40.671
1714823132161,2024-05-04T14:45:32.161,55.690,-112.988,85.000,-35.854
1714823132171,2024-05-04T14:45:32.171,55.700,-126.829,126.037,-40.610
1714823132181,2024-05-04T14:45:32.181,55.710,-132.012,163.537,-44.817
1714823132191,2024-05-04T14:45:32.191,55.720,-134.817,180.244,-44.817
1714823132201,2024-05-04T14:45:32.201,55.730,-142.561,182.500,-48.476
1714823132211,2024-05-04T14:45:32.211,55.740,-155.854,192.622,-52.134
1714823132221,2024-05-04T14:45:32.221,55.750,-190.732,233.232,-50.793
1714823132231,2024-05-04T14:45:32.231,55.760,-209.207,239.390,-60.366
1714823132241,2024-05-04T14:45:32.241,55.770,-228.232,192.927,-78.841
1714823132251,2024-05-04T14:45:32.251,55.780,-243.354,128.354,-82.561
1714823132261,2024-05-04T14:45:32.261,55.790,-219.146,47.805,-56.585
1714823132271,2024-05-04T14:45:32.271,55.800,-174.817,-13.232,-26.768
1714823132281,2024-05-04T14:45:32.281,55.810,-129.878,-24.451,-13.598
1714823132291,2024-05-04T14:45:32.291,55.820,-78.780,-12.561,4.207
1714823132301,2024-05-04T14:45:32.301,55.830,-36.585,-13.049,20.488
1714823132311,2024-05-04T14:45:32.311,55.840,-3.598,-20.000,23.171
1714823132321,2024-05-04T14:45:32.321,55.850,26.524,-26.768,33.902
1714823132331,2024-05-04T14:45:32.331,55.860,51.829,-38.720,47.439
1714823132341,2024-05-04T14:45:32.341,55.870,72.073,-49.451,50.976
1714823132351,2024-05-04T14:45:32.351,55.880,81.707,-54.512,48.720
1714823132361,2024-05-04T14:45:32.361,55.890,80.854,-53.902,45.061
1714823132371,2024-05-04T14:45:32.371,55.900,71.707,-47.378,40.732
1714823132381,2024-05-04T14:45:32.381,55.910,61.768,-40.854,32.500
1714823132391,2024-05-04T14:45:32.391,55.920,56.220,-40.488,22.561
1714823132401,2024-05-04T14:45:32.401,55.930,54.573,-49.146,17.439
1714823132411,2024-05-04T14:45:32.411,55.940,54.390,-67.683,16.402
1714823132421,2024-05-04T14:45:32.421,55.950,53.476,-90.488,13.293
1714823132431,2024-05-04T14:45:32.431,55.960,51.341,-109.695,11.585
1714823132441,2024-05-04T14:45:32.441,55.970,50.854,-123.110,13.963
1714823132451,2024-05-04T14:45:32.451,55.980,52.256,-129.939,15.854
1714823132461,2024-05-04T14:45:32.461,55.990,53.780,-131.341,15.122
1714823132471,2024-05-04T14:45:32.471,56.000,54.512,-130.000,13.780
1714823132481,2024-05-04T14:45:32.481,56.010,52.622,-128.354,13.598
1714823132491,2024-05-04T14:45:32.491,56.020,48.598,-122.805,11.280
1714823132501,2024-05-04T14:45:32.501,56.030,45.854,-110.122,6.646
1714823132511,2024-05-04T14:45:32.511,56.040,46.037,-90.549,2.195
1714823132521,2024-05-04T14:45:32.521,56.050,47.378,-70.366,-0.976
1714823132531,2024-05-04T14:45:32.531,56.060,47.805,-55.427,-0.976
1714823132541,2024-05-04T14:45:32.541,56.070,48.171,-52.683,1.585
1714823132551,2024-05-04T14:45:32.551,56.080,45.732,-57.561,3.476
1714823132561,2024-05-04T14:45:32.561,56.090,40.976,-64.512,3.293
1714823132571,2024-05-04T14:45:32.571,56.100,38.598,-63.963,2.012
1714823132581,2024-05-04T14:45:32.581,56.110,42.622,-60.915,0.122
1714823132591,2024-05-04T14:45:32.591,56.120,44.573,-63.963,0.732
1714823132601,2024-05-04T14:45:32.601,56.130,41.646,-62.195,2.012
1714823132611,2024-05-04T14:45:32.611,56.140,35.610,-53.780,1.707
1714823132621,2024-05-04T14:45:32.621,56.150,28.598,-44.085,0.549
1714823132631,2024-05-04T14:45:32.631,56.160,21.585,-36.341,0.854
1714823132641,2024-05-04T14:45:32.641,56.170,15.976,-32.317,2.256
1714823132651,2024-05-04T14:45:32.651,56.180,13.049,-25.915,3.171
1714823132661,2024-05-04T14:45:32.661,56.190,12.134,-16.890,2.805
1714823132671,2024-05-04T14:45:32.671,56.200,11.402,-13.902,0.427
1714823132681,2024-05-04T14:45:32.681,56.210,11.829,-19.024,-1.585
1714823132691,2024-05-04T14:45:32.691,56.220,10.915,-29.268,-2.805
1714823132701,2024-05-04T14:45:32.701,56.230,7.927,-39.085,-3.110
1714823132711,2024-05-04T14:45:32.711,56.240,5.366,-43.171,-2.134
1714823132721,2024-05-04T14:45:32.721,56.250,2.439,-42.744,-0.915
1714823132731,2024-05-04T14:45:32.731,56.260,-1.463,-36.463,-0.122
1714823132741,2024-05-04T14:45:32.741,56.270,-2.927,-23.963,-0.183
1714823132751,2024-05-04T14:45:32.751,56.280,-1.402,-12.073,-1.524
1714823132761,2024-05-04T14:45:32.761,56.290,0.671,-4.634,-2.866
1714823132771,2024-05-04T14:45:32.771,56.300,3.171,-1.280,-3.537
1714823132781,2024-05-04T14:45:32.781,56.310,4.939,-1.768,-3.720
1714823132791,2024-05-04T14:45:32.791,56.320,3.415,-5.366,-3.415
1714823132801,2024-05-04T14:45:32.801,56.330,-0.488,-11.159,-3.720
1714823132811,2024-05-04T14:45:32.811,56.340,-4.451,-16.646,-3.476
1714823132821,2024-05-04T14:45:32.821,56.350,-5.610,-17.073,-1.341
1714823132831,2024-05-04T14:45:32.831,56.360,-4.390,-12.561,0.366
1714823132841,2024-05-04T14:45:32.841,56.370,-2.317,-6.524,0.976
1714823132851,2024-05-04T14:45:32.851,56.380,-0.427,-2.195,1.585
1714823132861,2024-05-04T14:45:32.861,56.390,-0.671,0.305,2.317
1714823132871,2024-05-04T14:45:32.871,56.400,-2.744,2.195,2.500
1714823132881,2024-05-04T14:45:32.881,56.410,-4.268,3.232,2.378
1714823132891,2024-05-04T14:45:32.891,56.420,-4.207,2.866,2.744
1714823132901,2024-05-04T14:45:32.901,56.430,-2.744,1.707,3.902
1714823132911,2024-05-04T14:45:32.911,56.440,-0.732,-0.366,5.244
1714823132921,2024-05-04T14:45:32.921,56.450,0.000,-2.927,6.402
1714823132931,2024-05-04T14:45:32.931,56.460,-0.732,-3.720,6.646
1714823132941,2024-05-04T14:45:32.941,56.470,-1.220,-1.829,6.524
1714823132951,2024-05-04T14:45:32.951,56.480,1.402,2.744,6.951
1714823132961,2024-05-04T14:45:32.961,56.490,6.768,8.902,7.622
1714823132971,2024-05-04T14:45:32.971,56.500,12.500,12.073,6.463
1714823132981,2024-05-04T14:45:32.981,56.510,17.195,13.476,6.220
1714823132991,2024-05-04T14:45:32.991,56.520,20.244,20.061,6.890
1714823133001,2024-05-04T14:45:33.001,56.530,19.085,32.805,4.451
1714823133011,2024-05-04T14:45:33.011,56.540,19.268,50.915,-2.134
1714823133021,2024-05-04T14:45:33.021,56.550,24.512,65.244,-7.866
1714823133031,2024-05-04T14:45:33.031,56.560,29.817,71.646,-15.854
1714823133041,2024-05-04T14:45:33.041,56.570,31.463,76.890,-21.951
1714823133051,2024-05-04T14:45:33.051,56.580,29.573,86.463,-22.012
1714823133061,2024-05-04T14:45:33.061,56.590,30.488,98.841,-20.366
1714823133071,2024-05-04T14:45:33.071,56.600,35.549,107.317,-21.037
1714823133081,2024-05-04T14:45:33.081,56.610,43.049,105.976,-18.963
1714823133091,2024-05-04T14:45:33.091,56.620,47.988,97.561,-11.829
1714823133101,2024-05-04T14:45:33.101,56.630,46.646,93.110,-7.378
1714823133111,2024-05-04T14:45:33.111,56.640,50.244,90.793,-12.195
1714823133121,2024-05-04T14:45:33.121,56.650,59.939,77.012,-11.829
1714823133131,2024-05-04T14:45:33.131,56.660,59.146,54.878,-4.451
1714823133141,2024-05-04T14:45:33.141,56.670,54.146,36.463,-7.927
1714823133151,2024-05-04T14:45:33.151,56.680,57.378,29.817,-9.451
1714823133161,2024-05-04T14:45:33.161,56.690,62.012,26.220,-7.988
1714823133171,2024-05-04T14:45:33.171,56.700,63.293,20.122,-8.720
1714823133181,2024-05-04T14:45:33.181,56.710,60.427,19.268,-10.061
1714823133191,2024-05-04T14:45:33.191,56.720,55.671,28.293,-10.732
1714823133201,2024-05-04T14:45:33.201,56.730,51.098,42.378,-10.244
1714823133211,2024-05-04T14:45:33.211,56.740,45.854,51.707,-9.817
1714823133221,2024-05-04T14:45:33.221,56.750,38.598,49.512,-8.110
1714823133231,2024-05-04T14:45:33.231,56.760,30.976,40.732,-7.134
1714823133241,2024-05-04T14:45:33.241,56.770,25.122,34.207,-7.744
1714823133251,2024-05-04T14:45:33.251,56.780,17.927,29.146,-10.671
1714823133261,2024-05-04T14:45:33.261,56.790,8.415,20.366,-12.195
1714823133271,2024-05-04T14:45:33.271,56.800,-6.280,8.598,-13.415
1714823133281,2024-05-04T14:45:33.281,56.810,-26.829,-3.598,-19.329
1714823133291,2024-05-04T14:45:33.291,56.820,-46.768,-14.451,-22.927
1714823133301,2024-05-04T14:45:33.301,56.830,-65.000,-20.366,-22.073
1714823133311,2024-05-04T14:45:33.311,56.840,-81.890,-15.488,-19.085
1714823133321,2024-05-04T14:45:33.321,56.850,-96.646,-4.878,-14.207
1714823133331,2024-05-04T14:45:33.331,56.860,-106.829,4.085,-11.098
1714823133341,2024-05-04T14:45:33.341,56.870,-116.098,11.768,-10.488
1714823133351,2024-05-04T14:45:33.351,56.880,-127.805,9.146,-10.122
1714823133361,2024-05-04T14:45:33.361,56.890,-142.500,-14.512,0.976
1714823133371,2024-05-04T14:45:33.371,56.900,-168.537,-48.659,17.927
1714823133381,2024-05-04T14:45:33.381,56.910,-215.244,-58.902,20.061
1714823133391,2024-05-04T14:45:33.391,56.920,-245.061,-37.378,6.585
1714823133401,2024-05-04T14:45:33.401,56.930,-245.366,-10.854,-5.671
1714823133411,2024-05-04T14:45:33.411,56.940,-221.768,-6.829,-14.695
1714823133421,2024-05-04T14:45:33.421,56.950,-172.439,-39.451,-11.524
1714823133431,2024-05-04T14:45:33.431,56.960,-126.585,-64.451,5.793
1714823133441,2024-05-04T14:45:33.441,56.970,-101.220,-46.646,14.390
1714823133451,2024-05-04T14:45:33.451,56.980,-78.537,-12.744,9.085
1714823133461,2024-05-04T14:45:33.461,56.990,-46.524,8.476,1.220
1714823133471,2024-05-04T14:45:33.471,57.000,-18.780,18.659,1.098
1714823133481,2024-05-04T14:45:33.481,57.010,1.280,26.463,10.854
1714823133491,2024-05-04T14:45:33.491,57.020,26.402,31.951,26.829
1714823133501,2024-05-04T14:45:33.501,57.030,50.793,35.732,35.488
1714823133511,2024-05-04T14:45:33.511,57.040,63.963,40.427,33.780
1714823133521,2024-05-04T14:45:33.521,57.050,67.500,47.744,30.305
1714823133531,2024-05-04T14:45:33.531,57.060,67.439,55.061,26.341
1714823133541,2024-05-04T14:45:33.541,57.070,64.146,59.329,20.976
1714823133551,2024-05-04T14:45:33.551,57.080,59.817,59.939,16.707
1714823133561,2024-05-04T14:45:33.561,57.090,56.707,55.305,13.415
1714823133571,2024-05-04T14:45:33.571,57.100,53.902,41.280,10.549
1714823133581,2024-05-04T14:45:33.581,57.110,52.378,19.634,7.683
1714823133591,2024-05-04T14:45:33.591,57.120,51.341,-3.659,5.244
1714823133601,2024-05-04T14:45:33.601,57.130,48.354,-22.744,1.524
1714823133611,2024-05-04T14:45:33.611,57.140,44.390,-36.585,-2.073
1714823133621,2024-05-04T14:45:33.621,57.150,42.744,-48.720,-1.768
1714823133631,2024-05-04T14:45:33.631,57.160,42.439,-61.463,-2.134
1714823133641,2024-05-04T14:45:33.641,57.170,41.402,-74.695,-5.061
1714823133651,2024-05-04T14:45:33.651,57.180,39.268,-85.366,-1.768
1714823133661,2024-05-04T14:45:33.661,57.190,37.561,-91.768,-0.244
1714823133671,2024-05-04T14:45:33.671,57.200,33.963,-93.476,-2.317
1714823133681,2024-05-04T14:45:33.681,57.210,31.524,-91.890,-3.659
1714823133691,2024-05-04T14:45:33.691,57.220,31.951,-86.646,-3.110
1714823133701,2024-05-04T14:45:33.701,57.230,36.707,-80.427,-1.463
1714823133711,2024-05-04T14:45:33.711,57.240,41.463,-82.195,1.890
1714823133721,2024-05-04T14:45:33.721,57.250,39.329,-80.061,4.024
1714823133731,2024-05-04T14:45:33.731,57.260,37.744,-65.305,1.585
1714823133741,2024-05-04T14:45:33.741,57.270,32.073,-41.037,2.805
1714823133751,2024-05-04T14:45:33.751,57.280,23.780,-20.976,5.061
1714823133761,2024-05-04T14:45:33.761,57.290,17.683,-11.220,6.341
1714823133771,2024-05-04T14:45:33.771,57.300,16.890,-9.390,7.012
1714823133781,2024-05-04T14:45:33.781,57.310,16.159,-17.500,5.183
1714823133791,2024-05-04T14:45:33.791,57.320,15.244,-34.329,5.000
1714823133801,2024-05-04T14:45:33.801,57.330,12.378,-54.146,6.341
1714823133811,2024-05-04T14:45:33.811,57.340,7.073,-69.451,8.110
1714823133821,2024-05-04T14:45:33.821,57.350,4.939,-69.756,9.817
1714823133831,2024-05-04T14:45:33.831,57.360,6.098,-56.707,7.439
1714823133841,2024-05-04T14:45:33.841,57.370,7.256,-38.537,3.963
1714823133851,2024-05-04T14:45:33.851,57.380,6.646,-21.220,1.890
1714823133861,2024-05-04T14:45:33.861,57.390,5.366,-9.329,0.244
1714823133871,2024-05-04T14:45:33.871,57.400,3.963,-5.610,-0.549
1714823133881,2024-05-04T14:45:33.881,57.410,3.780,-8.232,0.244
1714823133891,2024-05-04T14:45:33.891,57.420,4.207,-13.780,2.073
1714823133901,2024-05-04T14:45:33.901,57.430,3.720,-17.012,2.622
1714823133911,2024-05-04T14:45:33.911,57.440,2.866,-19.207,0.854
1714823133921,2024-05-04T14:45:33.921,57.450,3.232,-21.951,0.183
1714823133931,2024-05-04T14:45:33.931,57.460,3.415,-23.659,0.366
1714823133941,2024-05-04T14:45:33.941,57.470,2.500,-22.134,-0.244
1714823133951,2024-05-04T14:45:33.951,57.480,1.768,-18.049,-0.488
1714823133961,2024-05-04T14:45:33.961,57.490,-0.976,-13.841,-1.098
1714823133971,2024-05-04T14:45:33.971,57.500,-3.780,-9.085,-1.890
1714823133981,2024-05-04T14:45:33.981,57.510,-3.902,-3.537,-1.768
1714823133991,2024-05-04T14:45:33.991,57.520,-2.195,2.744,-1.585
1714823134001,2024-05-04T14:45:34.001,57.530,-0.122,7.134,-2.988
1714823134011,2024-05-04T14:45:34.011,57.540,1.890,7.012,-4.878
1714823134021,2024-05-04T14:45:34.021,57.550,2.378,2.744,-4.939
1714823134031,2024-05-04T14:45:34.031,57.560,-0.732,-4.146,-5.122
1714823134041,2024-05-04T14:45:34.041,57.570,-4.451,-11.098,-4.939
1714823134051,2024-05-04T14:45:34.051,57.580,-5.061,-14.695,-3.415
1714823134061,2024-05-04T14:45:34.061,57.590,-5.305,-14.573,-2.683
1714823134071,2024-05-04T14:45:34.071,57.600,-4.939,-10.793,-2.317
1714823134081,2024-05-04T14:45:34.081,57.610,-2.988,-4.939,-1.280
1714823134091,2024-05-04T14:45:34.091,57.620,-2.378,-0.854,-0.854
1714823134101,2024-05-04T14:45:34.101,57.630,-3.110,-0.061,-0.305
1714823134111,2024-05-04T14:45:34.111,57.640,-1.951,-0.671,1.463
1714823134121,2024-05-04T14:45:34.121,57.650,0.305,-2.256,4.207
1714823134131,2024-05-04T14:45:34.131,57.660,3.049,-4.146,5.671
1714823134141,2024-05-04T14:45:34.141,57.670,6.829,-6.524,7.866
1714823134151,2024-05-04T14:45:34.151,57.680,10.854,-8.415,9.939
1714823134161,2024-05-04T14:45:34.161,57.690,15.488,-4.817,9.817
1714823134171,2024-05-04T14:45:34.171,57.700,22.256,7.256,9.878
1714823134181,2024-05-04T14:45:34.181,57.710,27.927,27.134,9.207
1714823134191,2024-05-04T14:45:34.191,57.720,30.610,42.866,7.134
1714823134201,2024-05-04T14:45:34.201,57.730,34.085,47.500,6.402
1714823134211,2024-05-04T14:45:34.211,57.740,38.110,46.159,11.951
1714823134221,2024-05-04T14:45:34.221,57.750,48.720,38.963,14.817
1714823134231,2024-05-04T14:45:34.231,57.760,54.268,30.244,9.024
1714823134241,2024-05-04T14:45:34.241,57.770,54.268,31.098,11.463
1714823134251,2024-05-04T14:45:34.251,57.780,55.000,37.805,15.610
1714823134261,2024-05-04T14:45:34.261,57.790,58.841,47.317,12.439
1714823134271,2024-05-04T14:45:34.271,57.800,65.793,55.122,9.390
1714823134281,2024-05-04T14:45:34.281,57.810,69.756,53.720,8.354
1714823134291,2024-05-04T14:45:34.291,57.820,70.732,36.402,2.256
1714823134301,2024-05-04T14:45:34.301,57.830,73.354,8.049,-4.634
1714823134311,2024-05-04T14:45:34.311,57.840,77.073,-10.061,-4.817
1714823134321,2024-05-04T14:45:34.321,57.850,78.720,-6.463,-7.256
1714823134331,2024-05-04T14:45:34.331,57.860,82.500,9.390,-12.500
1714823134341,2024-05-04T14:45:34.341,57.870,86.220,22.134,-16.646
1714823134351,2024-05-04T14:45:34.351,57.880,84.512,23.780,-20.244
1714823134361,2024-05-04T14:45:34.361,57.890,76.341,18.354,-23.598
1714823134371,2024-05-04T14:45:34.371,57.900,65.183,9.634,-27.317
1714823134381,2024-05-04T14:45:34.381,57.910,55.244,0.915,-29.390
1714823134391,2024-05-04T14:45:34.391,57.920,47.256,0.183,-30.244
1714823134401,2024-05-04T14:45:34.401,57.930,39.451,6.280,-32.012
1714823134411,2024-05-04T14:45:34.411,57.940,27.622,9.695,-39.451
1714823134421,2024-05-04T14:45:34.421,57.950,16.768,3.780,-43.293
1714823134431,2024-05-04T14:45:34.431,57.960,1.829,-8.049,-41.890
1714823134441,2024-05-04T14:45:34.441,57.970,-19.268,-12.744,-45.732
1714823134451,2024-05-04T14:45:34.451,57.980,-40.244,-4.024,-44.817
1714823134461,2024-05-04T14:45:34.461,57.990,-63.537,12.134,-39.878
1714823134471,2024-05-04T14:45:34.471,58.000,-84.390,28.963,-29.512
1714823134481,2024-05-04T14:45:34.481,58.010,-105.366,40.488,-21.646
1714823134491,2024-05-04T14:45:34.491,58.020,-123.232,46.463,-15.183
1714823134501,2024-05-04T14:45:34.501,58.030,-127.622,52.073,-9.817
1714823134511,2024-05-04T14:45:34.511,58.040,-127.012,60.122,-10.061
1714823134521,2024-05-04T14:45:34.521,58.050,-144.512,69.329,-9.207
1714823134531,2024-05-04T14:45:34.531,58.060,-172.317,79.207,10.732
1714823134541,2024-05-04T14:45:34.541,58.070,-196.341,89.146,18.354
1714823134551,2024-05-04T14:45:34.551,58.080,-231.646,106.220,3.354
1714823134561,2024-05-04T14:45:34.561,58.090,-258.293,95.488,-5.976
1714823134571,2024-05-04T14:45:34.571,58.100,-269.512,71.037,4.817
1714823134581,2024-05-04T14:45:34.581,58.110,-252.683,81.037,16.098
1714823134591,2024-05-04T14:45:34.591,58.120,-240.488,127.988,-6.037
1714823134601,2024-05-04T14:45:34.601,58.130,-183.780,144.817,-24.756
1714823134611,2024-05-04T14:45:34.611,58.140,-64.329,81.646,3.841
1714823134621,2024-05-04T14:45:34.621,58.150,2.378,-6.646,9.634
1714823134631,2024-05-04T14:45:34.631,58.160,34.756,-59.085,7.988
1714823134641,2024-05-04T14:45:34.641,58.170,61.829,-72.805,22.073
1714823134651,2024-05-04T14:45:34.651,58.180,78.415,-71.220,33.354
1714823134661,2024-05-04T14:45:34.661,58.190,82.927,-65.671,38.476
1714823134671,2024-05-04T14:45:34.671,58.200,79.268,-52.561,35.793
1714823134681,2024-05-04T14:45:34.681,58.210,71.585,-33.110,28.780
1714823134691,2024-05-04T14:45:34.691,58.220,66.402,-8.902,22.988
1714823134701,2024-05-04T14:45:34.701,58.230,64.024,9.695,17.317
1714823134711,2024-05-04T14:45:34.711,58.240,58.415,22.378,10.305
1714823134721,2024-05-04T14:45:34.721,58.250,53.415,28.720,3.171
1714823134731,2024-05-04T14:45:34.731,58.260,49.817,26.951,-1.220
1714823134741,2024-05-04T14:45:34.741,58.270,47.805,16.402,-4.207
1714823134751,2024-05-04T14:45:34.751,58.280,47.500,-1.768,-7.073
1714823134761,2024-05-04T14:45:34.761,58.290,46.585,-28.110,-3.537
1714823134771,2024-05-04T14:45:34.771,58.300,44.451,-58.659,0.427
1714823134781,2024-05-04T14:45:34.781,58.310,40.061,-85.000,-1.037
1714823134791,2024-05-04T14:45:34.791,58.320,32.012,-97.317,-4.939
1714823134801,2024-05-04T14:45:34.801,58.330,26.037,-97.012,-10.488
1714823134811,2024-05-04T14:45:34.811,58.340,22.988,-89.817,-12.195
1714823134821,2024-05-04T14:45:34.821,58.350,23.049,-77.805,-9.634
1714823134831,2024-05-04T14:45:34.831,58.360,27.805,-69.268,-6.524
1714823134841,2024-05-04T14:45:34.841,58.370,36.402,-82.073,-3.293
1714823134851,2024-05-04T14:45:34.851,58.380,37.073,-99.390,-6.402
1714823134861,2024-05-04T14:45:34.861,58.390,33.780,-96.220,-13.171
1714823134871,2024-05-04T14:45:34.871,58.400,24.207,-69.390,-13.415
1714823134881,2024-05-04T14:45:34.881,58.410,7.805,-35.488,-16.220
1714823134891,2024-05-04T14:45:34.891,58.420,0.732,-5.671,-7.866
1714823134901,2024-05-04T14:45:34.901,58.430,-0.244,5.976,3.659
1714823134911,2024-05-04T14:45:34.911,58.440,2.988,-2.988,4.756
1714823134921,2024-05-04T14:45:34.921,58.450,6.402,-17.195,3.841
1714823134931,2024-05-04T14:45:34.931,58.460,1.463,-33.476,3.963
1714823134941,2024-05-04T14:45:34.941,58.470,-7.439,-53.598,5.976
1714823134951,2024-05-04T14:45:34.951,58.480,-9.756,-72.561,9.878
1714823134961,2024-05-04T14:45:34.961,58.490,-6.585,-84.390,10.366
1714823134971,2024-05-04T14:45:34.971,58.500,-5.671,-84.451,6.402
1714823134981,2024-05-04T14:45:34.981,58.510,-5.854,-70.671,2.073
1714823134991,2024-05-04T14:45:34.991,58.520,-2.439,-47.866,0.183
1714823135001,2024-05-04T14:45:35.001,58.530,2.683,-27.134,-0.549
1714823135011,2024-05-04T14:45:35.011,58.540,3.780,-15.549,-0.854
1714823135021,2024-05-04T14:45:35.021,58.550,1.829,-9.390,-0.549
1714823135031,2024-05-04T14:45:35.031,58.560,1.341,-4.756,-0.244
1714823135041,2024-05-04T14:45:35.041,58.570,1.707,-3.049,-0.305
1714823135051,2024-05-04T14:45:35.051,58.580,0.793,-5.305,0.976
1714823135061,2024-05-04T14:45:35.061,58.590,-1.037,-9.512,3.293
1714823135071,2024-05-04T14:45:35.071,58.600,-3.049,-11.890,4.207
1714823135081,2024-05-04T14:45:35.081,58.610,-4.329,-11.951,4.512
1714823135091,2024-05-04T14:45:35.091,58.620,-3.841,-9.756,4.817
1714823135101,2024-05-04T14:45:35.101,58.630,-3.232,-8.415,4.817
1714823135111,2024-05-04T14:45:35.111,58.640,-3.537,-8.963,5.061
1714823135121,2024-05-04T14:45:35.121,58.650,-4.573,-10.793,5.183
1714823135131,2024-05-04T14:45:35.131,58.660,-6.159,-10.183,5.061
1714823135141,2024-05-04T14:45:35.141,58.670,-5.976,-4.024,5.427
1714823135151,2024-05-04T14:45:35.151,58.680,-3.232,6.402,5.793
1714823135161,2024-05-04T14:45:35.161,58.690,0.671,17.927,4.634
1714823135171,2024-05-04T14:45:35.171,58.700,4.878,27.744,3.780
1714823135181,2024-05-04T14:45:35.181,58.710,5.915,28.720,5.244
1714823135191,2024-05-04T14:45:35.191,58.720,0.854,23.720,2.561
1714823135201,2024-05-04T14:45:35.201,58.730,-5.976,19.268,-3.598
1714823135211,2024-05-04T14:45:35.211,58.740,-6.098,17.439,-7.439
1714823135221,2024-05-04T14:45:35.221,58.750,-2.317,15.976,-3.841
1714823135231,2024-05-04T14:45:35.231,58.760,-1.524,18.171,-4.024
1714823135241,2024-05-04T14:45:35.241,58.770,-5.366,25.183,-6.037
1714823135251,2024-05-04T14:45:35.251,58.780,-6.951,26.829,-1.524
1714823135261,2024-05-04T14:45:35.261,58.790,-2.744,20.244,4.085
1714823135271,2024-05-04T14:45:35.271,58.800,2.622,10.976,3.110
1714823135281,2024-05-04T14:45:35.281,58.810,2.561,10.976,-0.244
1714823135291,2024-05-04T14:45:35.291,58.820,-1.402,18.171,3.110
1714823135301,2024-05-04T14:45:35.301,58.830,-2.317,19.329,6.890
1714823135311,2024-05-04T14:45:35.311,58.840,-1.098,12.683,7.256
1714823135321,2024-05-04T14:45:35.321,58.850,-0.061,10.915,2.439
1714823135331,2024-05-04T14:45:35.331,58.860,7.012,22.805,-2.439
1714823135341,2024-05-04T14:45:35.341,58.870,22.073,40.610,-2.073
1714823135351,2024-05-04T14:45:35.351,58.880,39.756,55.122,2.927
1714823135361,2024-05-04T14:45:35.361,58.890,58.049,66.829,6.220
1714823135371,2024-05-04T14:45:35.371,58.900,76.037,74.695,8.110
1714823135381,2024-05-04T14:45:35.381,58.910,89.695,76.220,10.915
1714823135391,2024-05-04T14:45:35.391,58.920,99.085,74.268,13.110
1714823135401,2024-05-04T14:45:35.401,58.930,102.622,72.744,12.744
1714823135411,2024-05-04T14:45:35.411,58.940,103.476,69.939,12.317
1714823135421,2024-05-04T14:45:35.421,58.950,101.159,63.659,13.780
1714823135431,2024-05-04T14:45:35.431,58.960,93.232,55.488,12.805
1714823135441,2024-05-04T14:45:35.441,58.970,84.634,42.927,8.720
1714823135451,2024-05-04T14:45:35.451,58.980,82.500,22.866,3.537
1714823135461,2024-05-04T14:45:35.461,58.990,78.415,-2.927,-2.256
1714823135471,2024-05-04T14:45:35.471,59.000,73.598,-23.476,-7.134
1714823135481,2024-05-04T14:45:35.481,59.010,66.829,-33.537,-7.500
1714823135491,2024-05-04T14:45:35.491,59.020,57.927,-42.805,-9.573
1714823135501,2024-05-04T14:45:35.501,59.030,47.683,-49.390,-17.622
1714823135511,2024-05-04T14:45:35.511,59.040,29.207,-46.341,-25.671
1714823135521,2024-05-04T14:45:35.521,59.050,15.183,-36.098,-27.561
1714823135531,2024-05-04T14:45:35.531,59.060,9.146,-23.841,-19.817
1714823135541,2024-05-04T14:45:35.541,59.070,-8.293,-20.000,-12.012
1714823135551,2024-05-04T14:45:35.551,59.080,-36.890,-29.939,-14.756
1714823135561,2024-05-04T14:45:35.561,59.090,-63.049,-49.695,-24.085
1714823135571,2024-05-04T14:45:35.571,59.100,-78.537,-63.232,-21.402
1714823135581,2024-05-04T14:45:35.581,59.110,-92.683,-51.585,-13.720
1714823135591,2024-05-04T14:45:35.591,59.120,-105.671,-23.415,-6.646
1714823135601,2024-05-04T14:45:35.601,59.130,-121.768,-0.732,2.012
1714823135611,2024-05-04T14:45:35.611,59.140,-141.037,12.195,9.573
1714823135621,2024-05-04T14:45:35.621,59.150,-150.061,12.622,12.866
1714823135631,2024-05-04T14:45:35.631,59.160,-159.756,8.537,9.939
1714823135641,2024-05-04T14:45:35.641,59.170,-180.488,23.963,-1.585
1714823135651,2024-05-04T14:45:35.651,59.180,-196.341,66.341,-11.829
1714823135661,2024-05-04T14:45:35.661,59.190,-193.902,89.085,-19.390
1714823135671,2024-05-04T14:45:35.671,59.200,-198.049,84.268,-18.232
1714823135681,2024-05-04T14:45:35.681,59.210,-198.537,86.646,-8.780
1714823135691,2024-05-04T14:45:35.691,59.220,-181.951,113.171,5.244
1714823135701,2024-05-04T14:45:35.701,59.230,-137.805,138.598,6.829
1714823135711,2024-05-04T14:45:35.711,59.240,-84.817,121.402,-8.415
1714823135721,2024-05-04T14:45:35.721,59.250,-38.598,63.049,-7.683
1714823135731,2024-05-04T14:45:35.731,59.260,-6.829,1.159,4.878
1714823135741,2024-05-04T14:45:35.741,59.270,15.244,-35.854,12.927
1714823135751,2024-05-04T14:45:35.751,59.280,37.988,-51.951,20.671
1714823135761,2024-05-04T14:45:35.761,59.290,55.061,-62.439,24.207
1714823135771,2024-05-04T14:45:35.771,59.300,61.646,-65.671,21.341
1714823135781,2024-05-04T14:45:35.781,59.310,58.537,-58.537,16.402
1714823135791,2024-05-04T14:45:35.791,59.320,50.000,-47.378,9.634
1714823135801,2024-05-04T14:45:35.801,59.330,43.780,-36.585,1.524
1714823135811,2024-05-04T14:45:35.811,59.340,43.415,-28.354,-3.780
1714823135821,2024-05-04T14:45:35.821,59.350,45.488,-21.646,-6.037
1714823135831,2024-05-04T14:45:35.831,59.360,43.354,-16.098,-7.927
1714823135841,2024-05-04T14:45:35.841,59.370,37.439,-15.549,-7.378
1714823135851,2024-05-04T14:45:35.851,59.380,34.512,-21.951,-5.183
1714823135861,2024-05-04T14:45:35.861,59.390,35.061,-33.720,-4.085
1714823135871,2024-05-04T14:45:35.871,59.400,35.488,-46.098,-3.415
1714823135881,2024-05-04T14:45:35.881,59.410,34.451,-57.012,-0.976
1714823135891,2024-05-04T14:45:35.891,59.420,33.720,-66.037,1.159
1714823135901,2024-05-04T14:45:35.901,59.430,31.829,-72.134,0.122
1714823135911,2024-05-04T14:45:35.911,59.440,31.402,-73.780,-2.561
1714823135921,2024-05-04T14:45:35.921,59.450,33.537,-72.073,-4.085
1714823135931,2024-05-04T14:45:35.931,59.460,34.573,-66.098,-5.976
1714823135941,2024-05-04T14:45:35.941,59.470,31.951,-58.293,-8.049
1714823135951,2024-05-04T14:45:35.951,59.480,29.268,-48.537,-7.988
1714823135961,2024-05-04T14:45:35.961,59.490,31.159,-38.171,-5.732
1714823135971,2024-05-04T14:45:35.971,59.500,34.390,-32.744,-2.439
1714823135981,2024-05-04T14:45:35.981,59.510,35.732,-35.305,-0.671
1714823135991,2024-05-04T14:45:35.991,59.520,34.756,-44.390,-0.732
1714823136001,2024-05-04T14:45:36.001,59.530,30.000,-51.341,0.732
1714823136011,2024-05-04T14:45:36.011,59.540,24.756,-49.695,2.134
1714823136021,2024-05-04T14:45:36.021,59.550,20.183,-43.537,5.488
1714823136031,2024-05-04T14:45:36.031,59.560,20.366,-28.110,8.354
1714823136041,2024-05-04T14:45:36.041,59.570,23.110,-9.756,9.878
1714823136051,2024-05-04T14:45:36.051,59.580,21.280,0.244,9.207
1714823136061,2024-05-04T14:45:36.061,59.590,18.537,-1.524,8.841
1714823136071,2024-05-04T14:45:36.071,59.600,16.037,-9.634,8.293
1714823136081,2024-05-04T14:45:36.081,59.610,14.939,-17.744,7.988
1714823136091,2024-05-04T14:45:36.091,59.620,14.146,-28.598,6.646
1714823136101,2024-05-04T14:45:36.101,59.630,12.073,-38.841,8.354
1714823136111,2024-05-04T14:45:36.111,59.640,9.207,-42.195,11.646
1714823136121,2024-05-04T14:45:36.121,59.650,8.415,-38.780,11.341
1714823136131,2024-05-04T14:45:36.131,59.660,9.451,-30.244,10.427
1714823136141,2024-05-04T14:45:36.141,59.670,9.756,-17.683,9.939
1714823136151,2024-05-04T14:45:36.151,59.680,9.878,-5.793,9.268
1714823136161,2024-05-04T14:45:36.161,59.690,8.841,1.159,8.963
1714823136171,2024-05-04T14:45:36.171,59.700,5.183,1.280,8.415
1714823136181,2024-05-04T14:45:36.181,59.710,1.707,-2.317,7.683
1714823136191,2024-05-04T14:45:36.191,59.720,0.366,-2.744,6.951
1714823136201,2024-05-04T14:45:36.201,59.730,1.646,0.610,4.939
1714823136211,2024-05-04T14:45:36.211,59.740,4.512,1.829,4.207
1714823136221,2024-05-04T14:45:36.221,59.750,5.305,-1.768,5.793
1714823136231,2024-05-04T14:45:36.231,59.760,3.415,-7.561,6.829
1714823136241,2024-05-04T14:45:36.241,59.770,0.976,-13.049,6.341
1714823136251,2024-05-04T14:45:36.251,59.780,0.000,-15.000,6.037
1714823136261,2024-05-04T14:45:36.261,59.790,0.427,-11.829,6.098
1714823136271,2024-05-04T14:45:36.271,59.800,2.622,-4.939,5.793
1714823136281,2024-05-04T14:45:36.281,59.810,6.768,2.988,5.976
1714823136291,2024-05-04T14:45:36.291,59.820,9.634,9.817,6.646
1714823136301,2024-05-04T14:45:36.301,59.830,9.207,15.183,6.585
1714823136311,2024-05-04T14:45:36.311,59.840,6.707,19.329,5.671
1714823136321,2024-05-04T14:45:36.321,59.850,4.512,23.232,4.939
1714823136331,2024-05-04T14:45:36.331,59.860,5.305,27.134,4.817
1714823136341,2024-05-04T14:45:36.341,59.870,9.817,29.024,5.366
1714823136351,2024-05-04T14:45:36.351,59.880,17.744,27.805,6.220
1714823136361,2024-05-04T14:45:36.361,59.890,23.659,19.573,7.195
1714823136371,2024-05-04T14:45:36.371,59.900,24.268,4.695,7.622
1714823136381,2024-05-04T14:45:36.381,59.910,23.720,-9.695,5.976
1714823136391,2024-05-04T14:45:36.391,59.920,28.659,-18.415,6.829
1714823136401,2024-05-04T14:45:36.401,59.930,32.866,-29.512,10.366
1714823136411,2024-05-04T14:45:36.411,59.940,34.512,-40.061,14.207
1714823136421,2024-05-04T14:45:36.421,59.950,37.012,-47.744,13.780
1714823136431,2024-05-04T14:45:36.431,59.960,38.415,-48.963,10.244
1714823136441,2024-05-04T14:45:36.441,59.970,39.329,-38.963,10.305
1714823136451,2024-05-04T14:45:36.451,59.980,42.866,-20.061,9.024
1714823136461,2024-05-04T14:45:36.461,59.990,48.293,-1.707,5.122
1714823136471,2024-05-04T14:45:36.471,60.000,52.927,7.622,5.061
1714823136481,2024-05-04T14:45:36.481,60.010,54.390,4.878,7.195
1714823136491,2024-05-04T14:45:36.491,60.020,55.122,-4.939,5.122
1714823136501,2024-05-04T14:45:36.501,60.030,57.439,-17.195,0.122
1714823136511,2024-05-04T14:45:36.511,60.040,61.220,-22.317,-2.500
1714823136521,2024-05-04T14:45:36.521,60.050,63.537,-17.927,-7.012
1714823136531,2024-05-04T14:45:36.531,60.060,62.500,-10.366,-14.573
1714823136541,2024-05-04T14:45:36.541,60.070,61.341,-0.183,-20.549
1714823136551,2024-05-04T14:45:36.551,60.080,61.037,14.695,-24.817
1714823136561,2024-05-04T14:45:36.561,60.090,62.073,32.378,-27.927
1714823136571,2024-05-04T14:45:36.571,60.100,64.512,47.805,-29.390
1714823136581,2024-05-04T14:45:36.581,60.110,68.598,59.329,-27.378
1714823136591,2024-05-04T14:45:36.591,60.120,64.146,66.585,-26.646
1714823136601,2024-05-04T14:45:36.601,60.130,47.073,67.683,-32.134
1714823136611,2024-05-04T14:45:36.611,60.140,30.427,63.598,-35.488
1714823136621,2024-05-04T14:45:36.621,60.150,17.866,57.683,-35.488
1714823136631,2024-05-04T14:45:36.631,60.160,6.585,48.171,-35.732
1714823136641,2024-05-04T14:45:36.641,60.170,-6.951,31.829,-36.524
1714823136651,2024-05-04T14:45:36.651,60.180,-30.061,8.963,-38.476
1714823136661,2024-05-04T14:45:36.661,60.190,-56.768,-8.171,-38.049
1714823136671,2024-05-04T14:45:36.671,60.200,-76.280,-3.110,-30.305
1714823136681,2024-05-04T14:45:36.681,60.210,-90.915,26.646,-25.976
1714823136691,2024-05-04T14:45:36.691,60.220,-102.805,64.878,-17.744
1714823136701,2024-05-04T14:45:36.701,60.230,-118.902,91.098,-7.561
1714823136711,2024-05-04T14:45:36.711,60.240,-134.268,102.805,-1.890
1714823136721,2024-05-04T14:45:36.721,60.250,-139.573,110.671,-2.073
1714823136731,2024-05-04T14:45:36.731,60.260,-139.512,114.695,-6.707
1714823136741,2024-05-04T14:45:36.741,60.270,-154.268,117.073,-11.098
1714823136751,2024-05-04T14:45:36.751,60.280,-181.098,125.183,-11.463
1714823136761,2024-05-04T14:45:36.761,60.290,-205.183,134.207,-20.244
1714823136771,2024-05-04T14:45:36.771,60.300,-211.707,142.866,-17.683
1714823136781,2024-05-04T14:45:36.781,60.310,-203.963,120.244,-7.500
1714823136791,2024-05-04T14:45:36.791,60.320,-186.402,76.951,-16.707
1714823136801,2024-05-04T14:45:36.801,60.330,-169.756,55.976,-13.963
1714823136811,2024-05-04T14:45:36.811,60.340,-152.378,55.671,4.024
1714823136821,2024-05-04T14:45:36.821,60.350,-132.073,58.049,0.793
1714823136831,2024-05-04T14:45:36.831,60.360,-98.537,45.793,-12.988
1714823136841,2024-05-04T14:45:36.841,60.370,-63.110,7.134,-13.780
1714823136851,2024-05-04T14:45:36.851,60.380,-30.976,-42.317,-2.744
1714823136861,2024-05-04T14:45:36.861,60.390,-0.793,-79.390,6.890
1714823136871,2024-05-04T14:45:36.871,60.400,24.451,-97.622,13.720
1714823136881,2024-05-04T14:45:36.881,60.410,46.098,-99.939,19.146
1714823136891,2024-05-04T14:45:36.891,60.420,59.756,-89.695,21.280
1714823136901,2024-05-04T14:45:36.901,60.430,61.524,-70.244,18.902
1714823136911,2024-05-04T14:45:36.911,60.440,56.463,-48.963,13.354
1714823136921,2024-05-04T14:45:36.921,60.450,49.878,-31.402,8.293
1714823136931,2024-05-04T14:45:36.931,60.460,44.146,-18.232,3.902
1714823136941,2024-05-04T14:45:36.941,60.470,42.805,-8.537,2.439
1714823136951,2024-05-04T14:45:36.951,60.480,44.695,-3.110,3.659
1714823136961,2024-05-04T14:45:36.961,60.490,42.561,-0.305,2.439
1714823136971,2024-05-04T14:45:36.971,60.500,37.866,-3.659,2.378
1714823136981,2024-05-04T14:45:36.981,60.510,35.488,-11.951,0.854
1714823136991,2024-05-04T14:45:36.991,60.520,33.720,-21.890,-2.744
1714823137001,2024-05-04T14:45:37.001,60.530,33.110,-26.890,-5.427
1714823137011,2024-05-04T14:45:37.011,60.540,33.476,-26.585,-3.415
1714823137021,2024-05-04T14:45:37.021,60.550,39.268,-22.622,1.768
1714823137031,2024-05-04T14:45:37.031,60.560,50.427,-17.805,4.634
1714823137041,2024-05-04T14:45:37.041,60.570,61.402,-22.073,6.646
1714823137051,2024-05-04T14:45:37.051,60.580,70.854,-43.476,6.037
1714823137061,2024-05-04T14:45:37.061,60.590,74.024,-65.549,1.037
1714823137071,2024-05-04T14:45:37.071,60.600,71.890,-60.549,-2.988
1714823137081,2024-05-04T14:45:37.081,60.610,62.073,-30.244,1.402
1714823137091,2024-05-04T14:45:37.091,60.620,51.402,2.988,2.927
1714823137101,2024-05-04T14:45:37.101,60.630,46.098,20.366,2.561
1714823137111,2024-05-04T14:45:37.111,60.640,44.695,22.134,5.366
1714823137121,2024-05-04T14:45:37.121,60.650,44.390,14.024,9.939
1714823137131,2024-05-04T14:45:37.131,60.660,41.463,1.585,12.256
1714823137141,2024-05-04T14:45:37.141,60.670,35.549,-14.878,11.402
1714823137151,2024-05-04T14:45:37.151,60.680,29.756,-33.171,11.524
1714823137161,2024-05-04T14:45:37.161,60.690,25.488,-47.744,12.927
1714823137171,2024-05-04T14:45:37.171,60.700,23.110,-54.085,11.646
1714823137181,2024-05-04T14:45:37.181,60.710,23.293,-52.805,9.390
1714823137191,2024-05-04T14:45:37.191,60.720,23.232,-49.268,8.476
1714823137201,2024-05-04T14:45:37.201,60.730,20.671,-46.098,7.012
1714823137211,2024-05-04T14:45:37.211,60.740,18.354,-43.841,5.732
1714823137221,2024-05-04T14:45:37.221,60.750,17.256,-42.378,6.037
1714823137231,2024-05-04T14:45:37.231,60.760,16.159,-40.427,6.098
1714823137241,2024-05-04T14:45:37.241,60.770,15.244,-37.439,5.000
1714823137251,2024-05-04T14:45:37.251,60.780,16.341,-32.683,4.024
1714823137261,2024-05-04T14:45:37.261,60.790,18.049,-27.744,4.146
1714823137271,2024-05-04T14:45:37.271,60.800,16.159,-23.598,4.573
1714823137281,2024-05-04T14:45:37.281,60.810,10.488,-20.854,4.268
1714823137291,2024-05-04T14:45:37.291,60.820,4.878,-19.390,4.024
1714823137301,2024-05-04T14:45:37.301,60.830,1.951,-17.744,4.207
1714823137311,2024-05-04T14:45:37.311,60.840,1.463,-15.427,4.390
1714823137321,2024-05-04T14:45:37.321,60.850,3.598,-13.537,5.366
1714823137331,2024-05-04T14:45:37.331,60.860,4.024,-13.232,6.951
1714823137341,2024-05-04T14:45:37.341,60.870,1.951,-12.378,6.829
1714823137351,2024-05-04T14:45:37.351,60.880,0.122,-11.646,5.061
1714823137361,2024-05-04T14:45:37.361,60.890,0.610,-12.378,4.451
1714823137371,2024-05-04T14:45:37.371,60.900,1.951,-14.573,5.244
1714823137381,2024-05-04T14:45:37.381,60.910,2.561,-17.622,5.244
1714823137391,2024-05-04T14:45:37.391,60.920,2.561,-18.963,4.634
1714823137401,2024-05-04T14:45:37.401,60.930,2.988,-16.890,4.024
1714823137411,2024-05-04T14:45:37.411,60.940,4.268,-12.866,3.110
1714823137421,2024-05-04T14:45:37.421,60.950,5.122,-8.720,1.890
1714823137431,2024-05-04T14:45:37.431,60.960,5.366,-4.756,0.976
1714823137441,2024-05-04T14:45:37.441,60.970,6.341,-1.402,0.244
1714823137451,2024-05-04T14:45:37.451,60.980,7.378,1.585,-0.244
1714823137461,2024-05-04T14:45:37.461,60.990,10.305,4.634,-0.366
1714823137471,2024-05-04T14:45:37.471,61.000,15.244,5.610,-0.366
1714823137481,2024-05-04T14:45:37.481,61.010,18.720,3.598,-1.037
1714823137491,2024-05-04T14:45:37.491,61.020,19.207,5.244,-0.488
1714823137501,2024-05-04T14:45:37.501,61.030,21.037,12.317,-1.280
1714823137511,2024-05-04T14:45:37.511,61.040,25.183,22.622,-1.159
1714823137521,2024-05-04T14:45:37.521,61.050,28.902,34.573,-0.366
1714823137531,2024-05-04T14:45:37.531,61.060,32.927,45.305,-2.195
1714823137541,2024-05-04T14:45:37.541,61.070,39.207,53.415,-3.415
1714823137551,2024-05-04T14:45:37.551,61.080,45.427,61.951,-3.354
1714823137561,2024-05-04T14:45:37.561,61.090,46.037,80.488,-2.622
1714823137571,2024-05-04T14:45:37.571,61.100,46.280,110.976,-2.561
1714823137581,2024-05-04T14:45:37.581,61.110,52.561,141.037,-6.463
1714823137591,2024-05-04T14:45:37.591,61.120,65.122,154.329,-8.780
1714823137601,2024-05-04T14:45:37.601,61.130,76.585,140.183,-7.195
1714823137611,2024-05-04T14:45:37.611,61.140,80.244,106.220,-9.939
1714823137621,2024-05-04T14:45:37.621,61.150,76.646,72.988,-14.512
1714823137631,2024-05-04T14:45:37.631,61.160,75.000,53.537,-18.171
1714823137641,2024-05-04T14:45:37.641,61.170,80.244,46.585,-21.280
1714823137651,2024-05-04T14:45:37.651,61.180,82.927,49.146,-22.195
1714823137661,2024-05-04T14:45:37.661,61.190,79.024,56.585,-22.500
1714823137671,2024-05-04T14:45:37.671,61.200,75.610,61.463,-24.756
1714823137681,2024-05-04T14:45:37.681,61.210,71.890,58.780,-26.646
1714823137691,2024-05-04T14:45:37.691,61.220,63.902,50.671,-27.866
1714823137701,2024-05-04T14:45:37.701,61.230,54.634,43.841,-29.329
1714823137711,2024-05-04T14:45:37.711,61.240,45.793,40.000,-31.463
1714823137721,2024-05-04T14:45:37.721,61.250,34.085,35.244,-35.488
1714823137731,2024-05-04T14:45:37.731,61.260,17.805,25.793,-36.463
1714823137741,2024-05-04T14:45:37.741,61.270,-5.122,7.134,-39.268
1714823137751,2024-05-04T14:45:37.751,61.280,-30.671,-19.817,-42.073
1714823137761,2024-05-04T14:45:37.761,61.290,-56.159,-46.341,-43.110
1714823137771,2024-05-04T14:45:37.771,61.300,-78.720,-63.110,-45.366
1714823137781,2024-05-04T14:45:37.781,61.310,-97.500,-66.524,-46.098
1714823137791,2024-05-04T14:45:37.791,61.320,-115.183,-62.805,-44.817
1714823137801,2024-05-04T14:45:37.801,61.330,-131.829,-59.207,-34.939
1714823137811,2024-05-04T14:45:37.811,61.340,-153.110,-54.146,-21.524
1714823137821,2024-05-04T14:45:37.821,61.350,-174.085,-40.793,-14.451
1714823137831,2024-05-04T14:45:37.831,61.360,-183.720,-16.037,-12.012
1714823137841,2024-05-04T14:45:37.841,61.370,-184.024,15.244,-17.500
1714823137851,2024-05-04T14:45:37.851,61.380,-194.939,48.780,-30.427
1714823137861,2024-05-04T14:45:37.861,61.390,-196.280,81.951,-31.707
1714823137871,2024-05-04T14:45:37.871,61.400,-189.085,102.134,-16.951
1714823137881,2024-05-04T14:45:37.881,61.410,-200.305,115.000,-20.915
1714823137891,2024-05-04T14:45:37.891,61.420,-217.500,123.232,-43.902
1714823137901,2024-05-04T14:45:37.901,61.430,-222.439,110.976,-56.341
1714823137911,2024-05-04T14:45:37.911,61.440,-221.098,69.695,-60.366
1714823137921,2024-05-04T14:45:37.921,61.450,-208.537,13.476,-43.293
1714823137931,2024-05-04T14:45:37.931,61.460,-177.195,-18.720,4.573
1714823137941,2024-05-04T14:45:37.941,61.470,-107.561,-33.902,23.780
1714823137951,2024-05-04T14:45:37.951,61.480,-36.220,-47.317,2.256
1714823137961,2024-05-04T14:45:37.961,61.490,6.220,-65.366,7.744
1714823137971,2024-05-04T14:45:37.971,61.500,30.610,-91.098,22.500
1714823137981,2024-05-04T14:45:37.981,61.510,57.561,-106.402,27.195
1714823137991,2024-05-04T14:45:37.991,61.520,83.720,-97.805,33.354
1714823138001,2024-05-04T14:45:38.001,61.530,94.695,-72.073,33.963
1714823138011,2024-05-04T14:45:38.011,61.540,90.244,-45.976,30.427
1714823138021,2024-05-04T14:45:38.021,61.550,80.183,-29.390,26.524
1714823138031,2024-05-04T14:45:38.031,61.560,69.085,-23.293,18.598
1714823138041,2024-05-04T14:45:38.041,61.570,61.585,-21.890,10.610
1714823138051,2024-05-04T14:45:38.051,61.580,58.659,-20.915,5.427
1714823138061,2024-05-04T14:45:38.061,61.590,55.732,-27.134,1.585
1714823138071,2024-05-04T14:45:38.071,61.600,51.524,-40.000,-0.061
1714823138081,2024-05-04T14:45:38.081,61.610,49.390,-52.744,1.159
1714823138091,2024-05-04T14:45:38.091,61.620,49.634,-64.512,1.402
1714823138101,2024-05-04T14:45:38.101,61.630,51.159,-79.512,3.780
1714823138111,2024-05-04T14:45:38.111,61.640,52.561,-95.793,6.098
1714823138121,2024-05-04T14:45:38.121,61.650,51.280,-110.732,5.610
1714823138131,2024-05-04T14:45:38.131,61.660,47.195,-119.451,5.122
1714823138141,2024-05-04T14:45:38.141,61.670,40.854,-114.146,4.085
1714823138151,2024-05-04T14:45:38.151,61.680,32.744,-92.317,5.366
1714823138161,2024-05-04T14:45:38.161,61.690,27.500,-62.988,8.720
1714823138171,2024-05-04T14:45:38.171,61.700,27.012,-40.488,10.549
1714823138181,2024-05-04T14:45:38.181,61.710,31.220,-35.610,8.720
1714823138191,2024-05-04T14:45:38.191,61.720,31.341,-48.598,7.073
1714823138201,2024-05-04T14:45:38.201,61.730,28.110,-47.500,5.305
1714823138211,2024-05-04T14:45:38.211,61.740,29.390,-33.720,3.841
1714823138221,2024-05-04T14:45:38.221,61.750,25.854,-21.890,8.171
1714823138231,2024-05-04T14:45:38.231,61.760,24.817,-21.098,12.439
1714823138241,2024-05-04T14:45:38.241,61.770,24.207,-40.488,12.927
1714823138251,2024-05-04T14:45:38.251,61.780,20.793,-62.256,12.378
1714823138261,2024-05-04T14:45:38.261,61.790,20.061,-69.817,14.085
1714823138271,2024-05-04T14:45:38.271,61.800,17.561,-66.524,12.256
1714823138281,2024-05-04T14:45:38.281,61.810,14.939,-57.256,8.232
1714823138291,2024-05-04T14:45:38.291,61.820,12.378,-48.293,7.500
1714823138301,2024-05-04T14:45:38.301,61.830,11.341,-39.451,7.256
1714823138311,2024-05-04T14:45:38.311,61.840,8.902,-36.707,6.707
1714823138321,2024-05-04T14:45:38.321,61.850,5.244,-37.866,7.561
1714823138331,2024-05-04T14:45:38.331,61.860,2.622,-41.159,7.134
1714823138341,2024-05-04T14:45:38.341,61.870,2.073,-45.244,6.159
1714823138351,2024-05-04T14:45:38.351,61.880,3.598,-43.537,4.634
1714823138361,2024-05-04T14:45:38.361,61.890,5.244,-35.488,1.707
1714823138371,2024-05-04T14:45:38.371,61.900,5.732,-25.488,-0.976
1714823138381,2024-05-04T14:45:38.381,61.910,4.451,-16.280,-1.707
1714823138391,2024-05-04T14:45:38.391,61.920,2.073,-8.902,-1.829
1714823138401,2024-05-04T14:45:38.401,61.930,-0.366,-5.793,-0.793
1714823138411,2024-05-04T14:45:38.411,61.940,-1.341,-4.451,0.427
1714823138421,2024-05-04T14:45:38.421,61.950,-1.159,-4.451,-0.549
1714823138431,2024-05-04T14:45:38.431,61.960,0.000,-5.488,-1.646
1714823138441,2024-05-04T14:45:38.441,61.970,1.707,-3.902,-0.732
1714823138451,2024-05-04T14:45:38.451,61.980,1.890,-1.524,-0.061
1714823138461,2024-05-04T14:45:38.461,61.990,-0.061,-3.354,0.244
1714823138471,2024-05-04T14:45:38.471,62.000,-2.866,-11.829,1.524
1714823138481,2024-05-04T14:45:38.481,62.010,-6.159,-23.598,3.780
1714823138491,2024-05-04T14:45:38.491,62.020,-8.171,-29.878,6.037
1714823138501,2024-05-04T14:45:38.501,62.030,-7.317,-27.683,6.463
1714823138511,2024-05-04T14:45:38.511,62.040,-5.000,-19.512,5.610
1714823138521,2024-05-04T14:45:38.521,62.050,-3.232,-9.268,4.207
1714823138531,2024-05-04T14:45:38.531,62.060,-2.866,-0.671,3.171
1714823138541,2024-05-04T14:45:38.541,62.070,-3.476,4.207,2.866
1714823138551,2024-05-04T14:45:38.551,62.080,-4.878,3.720,3.110
1714823138561,2024-05-04T14:45:38.561,62.090,-4.756,-0.671,3.841
1714823138571,2024-05-04T14:45:38.571,62.100,-3.415,-6.159,5.427
1714823138581,2024-05-04T14:45:38.581,62.110,-1.463,-8.354,6.768
1714823138591,2024-05-04T14:45:38.591,62.120,0.732,-5.732,6.768
1714823138601,2024-05-04T14:45:38.601,62.130,2.927,-0.671,6.098
1714823138611,2024-05-04T14:45:38.611,62.140,4.390,3.659,5.793
1714823138621,2024-05-04T14:45:38.621,62.150,4.817,6.402,6.037
1714823138631,2024-05-04T14:45:38.631,62.160,5.732,7.439,6.585
1714823138641,2024-05-04T14:45:38.641,62.170,7.622,8.659,6.890
1714823138651,2024-05-04T14:45:38.651,62.180,10.061,10.671,6.098
1714823138661,2024-05-04T14:45:38.661,62.190,14.146,13.293,5.061
1714823138671,2024-05-04T14:45:38.671,62.200,19.451,16.707,3.293
1714823138681,2024-05-04T14:45:38.681,62.210,21.646,21.890,0.244
1714823138691,2024-05-04T14:45:38.691,62.220,23.841,33.841,-1.707
1714823138701,2024-05-04T14:45:38.701,62.230,27.256,49.085,-2.134
1714823138711,2024-05-04T14:45:38.711,62.240,33.171,59.573,-4.451
1714823138721,2024-05-04T14:45:38.721,62.250,39.451,65.366,-4.390
1714823138731,2024-05-04T14:45:38.731,62.260,44.634,69.268,-1.524
1714823138741,2024-05-04T14:45:38.741,62.270,50.000,71.037,-3.902
1714823138751,2024-05-04T14:45:38.751,62.280,51.220,65.366,-7.927
1714823138761,2024-05-04T14:45:38.761,62.290,45.793,55.732,-10.610
1714823138771,2024-05-04T14:45:38.771,62.300,40.305,47.439,-15.122
1714823138781,2024-05-04T14:45:38.781,62.310,40.976,43.659,-18.415
1714823138791,2024-05-04T14:45:38.791,62.320,45.488,47.195,-19.146
1714823138801,2024-05-04T14:45:38.801,62.330,49.939,55.976,-20.183
1714823138811,2024-05-04T14:45:38.811,62.340,53.720,63.720,-21.646
1714823138821,2024-05-04T14:45:38.821,62.350,55.549,67.134,-23.049
1714823138831,2024-05-04T14:45:38.831,62.360,56.585,65.793,-24.573
1714823138841,2024-05-04T14:45:38.841,62.370,54.939,64.573,-25.915
1714823138851,2024-05-04T14:45:38.851,62.380,51.159,67.683,-28.049
1714823138861,2024-05-04T14:45:38.861,62.390,48.232,73.780,-32.073
1714823138871,2024-05-04T14:45:38.871,62.400,46.341,80.732,-37.622
1714823138881,2024-05-04T14:45:38.881,62.410,44.939,89.634,-42.683
1714823138891,2024-05-04T14:45:38.891,62.420,42.866,97.073,-46.098
1714823138901,2024-05-04T14:45:38.901,62.430,32.866,101.707,-49.817
1714823138911,2024-05-04T14:45:38.911,62.440,17.561,106.402,-56.463
1714823138921,2024-05-04T14:45:38.921,62.450,2.073,110.915,-64.634
1714823138931,2024-05-04T14:45:38.931,62.460,-15.427,102.622,-69.756
1714823138941,2024-05-04T14:45:38.941,62.470,-42.866,70.122,-74.390
1714823138951,2024-05-04T14:45:38.951,62.480,-73.963,31.768,-75.061
1714823138961,2024-05-04T14:45:38.961,62.490,-98.659,15.854,-73.598
1714823138971,2024-05-04T14:45:38.971,62.500,-117.744,16.159,-73.841
1714823138981,2024-05-04T14:45:38.981,62.510,-137.622,12.683,-64.512
1714823138991,2024-05-04T14:45:38.991,62.520,-155.915,1.037,-55.061
1714823139001,2024-05-04T14:45:39.001,62.530,-168.110,-9.390,-51.707
1714823139011,2024-05-04T14:45:39.011,62.540,-169.939,-15.793,-53.902
1714823139021,2024-05-04T14:45:39.021,62.550,-166.890,-21.220,-62.256
1714823139031,2024-05-04T14:45:39.031,62.560,-169.451,-18.659,-59.085
1714823139041,2024-05-04T14:45:39.041,62.570,-172.134,-1.159,-35.732
1714823139051,2024-05-04T14:45:39.051,62.580,-178.902,9.207,-26.524
1714823139061,2024-05-04T14:45:39.061,62.590,-196.707,8.049,-34.451
1714823139071,2024-05-04T14:45:39.071,62.600,-196.768,0.122,-27.866
1714823139081,2024-05-04T14:45:39.081,62.610,-168.598,-2.195,-5.244
1714823139091,2024-05-04T14:45:39.091,62.620,-117.073,-3.841,14.512
1714823139101,2024-05-04T14:45:39.101,62.630,-67.622,-10.976,9.573
1714823139111,2024-05-04T14:45:39.111,62.640,-18.841,-20.122,6.341
1714823139121,2024-05-04T14:45:39.121,62.650,26.402,-30.976,22.805
1714823139131,2024-05-04T14:45:39.131,62.660,50.915,-55.000,34.268
1714823139141,2024-05-04T14:45:39.141,62.670,51.280,-80.305,28.598
1714823139151,2024-05-04T14:45:39.151,62.680,43.476,-87.195,22.012
1714823139161,2024-05-04T14:45:39.161,62.690,39.573,-72.988,20.122
1714823139171,2024-05-04T14:45:39.171,62.700,40.976,-52.683,18.110
1714823139181,2024-05-04T14:45:39.181,62.710,45.183,-40.122,14.695
1714823139191,2024-05-04T14:45:39.191,62.720,46.951,-36.463,14.817
1714823139201,2024-05-04T14:45:39.201,62.730,47.317,-35.061,18.598
1714823139211,2024-05-04T14:45:39.211,62.740,48.720,-34.329,20.549
1714823139221,2024-05-04T14:45:39.221,62.750,50.854,-41.341,22.073
1714823139231,2024-05-04T14:45:39.231,62.760,54.146,-59.634,25.061
1714823139241,2024-05-04T14:45:39.241,62.770,56.402,-83.902,26.098
1714823139251,2024-05-04T14:45:39.251,62.780,55.305,-105.183,24.695
1714823139261,2024-05-04T14:45:39.261,62.790,53.476,-116.220,24.756
1714823139271,2024-05-04T14:45:39.271,62.800,51.341,-118.354,26.402
1714823139281,2024-05-04T14:45:39.281,62.810,47.439,-113.110,26.280
1714823139291,2024-05-04T14:45:39.291,62.820,44.146,-102.317,26.220
1714823139301,2024-05-04T14:45:39.301,62.830,41.280,-85.915,26.829
1714823139311,2024-05-04T14:45:39.311,62.840,39.329,-69.634,27.744
1714823139321,2024-05-04T14:45:39.321,62.850,39.207,-60.366,28.537
1714823139331,2024-05-04T14:45:39.331,62.860,36.890,-61.829,26.768
1714823139341,2024-05-04T14:45:39.341,62.870,36.159,-57.683,24.207
1714823139351,2024-05-04T14:45:39.351,62.880,42.500,-48.049,27.561
1714823139361,2024-05-04T14:45:39.361,62.890,43.598,-47.012,32.073
1714823139371,2024-05-04T14:45:39.371,62.900,40.122,-52.439,31.768
1714823139381,2024-05-04T14:45:39.381,62.910,33.049,-62.683,30.061
1714823139391,2024-05-04T14:45:39.391,62.920,26.159,-67.683,27.561
1714823139401,2024-05-04T14:45:39.401,62.930,23.171,-61.707,24.268
1714823139411,2024-05-04T14:45:39.411,62.940,24.512,-49.939,22.195
1714823139421,2024-05-04T14:45:39.421,62.950,25.183,-38.537,20.061
1714823139431,2024-05-04T14:45:39.431,62.960,25.183,-29.451,18.415
1714823139441,2024-05-04T14:45:39.441,62.970,20.793,-27.317,16.585
1714823139451,2024-05-04T14:45:39.451,62.980,11.280,-28.110,15.976
1714823139461,2024-05-04T14:45:39.461,62.990,3.598,-23.963,14.329
1714823139471,2024-05-04T14:45:39.471,63.000,2.378,-19.207,9.878
1714823139481,2024-05-04T14:45:39.481,63.010,3.537,-18.354,8.720
1714823139491,2024-05-04T14:45:39.491,63.020,1.159,-17.683,9.268
1714823139501,2024-05-04T14:45:39.501,63.030,-2.195,-15.427,7.256
1714823139511,2024-05-04T14:45:39.511,63.040,-2.012,-12.561,5.732
1714823139521,2024-05-04T14:45:39.521,63.050,-1.890,-14.207,6.524
1714823139531,2024-05-04T14:45:39.531,63.060,-2.256,-16.585,8.780
1714823139541,2024-05-04T14:45:39.541,63.070,-1.280,-16.707,8.293
1714823139551,2024-05-04T14:45:39.551,63.080,-0.122,-17.012,6.341
1714823139561,2024-05-04T14:45:39.561,63.090,-0.244,-15.854,5.793
1714823139571,2024-05-04T14:45:39.571,63.100,-1.341,-12.439,5.244
1714823139581,2024-05-04T14:45:39.581,63.110,-3.171,-7.805,2.866
1714823139591,2024-05-04T14:45:39.591,63.120,-4.207,-3.232,0.366
1714823139601,2024-05-04T14:45:39.601,63.130,-2.866,0.610,-0.854
1714823139611,2024-05-04T14:45:39.611,63.140,-0.366,2.683,-0.305
1714823139621,2024-05-04T14:45:39.621,63.150,-0.671,2.927,1.463
1714823139631,2024-05-04T14:45:39.631,63.160,-2.622,2.500,1.646
1714823139641,2024-05-04T14:45:39.641,63.170,-3.354,0.915,1.585
1714823139651,2024-05-04T14:45:39.651,63.180,-3.049,-1.280,2.317
1714823139661,2024-05-04T14:45:39.661,63.190,-2.683,-3.537,2.683
1714823139671,2024-05-04T14:45:39.671,63.200,-1.951,-5.000,2.683
1714823139681,2024-05-04T14:45:39.681,63.210,-0.549,-4.268,2.927
1714823139691,2024-05-04T14:45:39.691,63.220,1.585,-2.256,2.500
1714823139701,2024-05-04T14:45:39.701,63.230,2.866,-0.976,2.439
1714823139711,2024-05-04T14:45:39.711,63.240,1.646,3.049,1.646
1714823139721,2024-05-04T14:45:39.721,63.250,1.951,12.561,1.037
1714823139731,2024-05-04T14:45:39.731,63.260,5.427,16.159,-0.183
1714823139741,2024-05-04T14:45:39.741,63.270,7.561,22.012,-6.524
1714823139751,2024-05-04T14:45:39.751,63.280,4.146,29.695,-8.232
1714823139761,2024-05-04T14:45:39.761,63.290,12.561,38.232,-5.305
1714823139771,2024-05-04T14:45:39.771,63.300,18.720,34.512,-6.829
1714823139781,2024-05-04T14:45:39.781,63.310,12.073,22.256,-9.390
1714823139791,2024-05-04T14:45:39.791,63.320,3.720,10.732,-6.220
1714823139801,2024-05-04T14:45:39.801,63.330,4.329,1.585,-1.037
1714823139811,2024-05-04T14:45:39.811,63.340,13.537,-2.683,0.000
1714823139821,2024-05-04T14:45:39.821,63.350,17.561,-4.512,-1.098
1714823139831,2024-05-04T14:45:39.831,63.360,18.963,-3.232,0.183
1714823139841,2024-05-04T14:45:39.841,63.370,19.207,-1.098,-0.305
1714823139851,2024-05-04T14:45:39.851,63.380,23.293,-1.463,-1.402
1714823139861,2024-05-04T14:45:39.861,63.390,29.329,-5.061,-0.915
1714823139871,2024-05-04T14:45:39.871,63.400,31.524,-7.195,-1.037
1714823139881,2024-05-04T14:45:39.881,63.410,35.244,-2.500,-2.134
1714823139891,2024-05-04T14:45:39.891,63.420,43.963,6.220,-2.744
1714823139901,2024-05-04T14:45:39.901,63.430,54.085,12.683,-2.622
1714823139911,2024-05-04T14:45:39.911,63.440,60.305,16.463,-3.354
1714823139921,2024-05-04T14:45:39.921,63.450,62.073,24.817,-6.159
1714823139931,2024-05-04T14:45:39.931,63.460,63.659,39.512,-10.183
1714823139941,2024-05-04T14:45:39.941,63.470,66.829,55.793,-13.293
1714823139951,2024-05-04T14:45:39.951,63.480,70.244,70.122,-14.207
1714823139961,2024-05-04T14:45:39.961,63.490,71.646,82.073,-15.793
1714823139971,2024-05-04T14:45:39.971,63.500,71.402,91.280,-18.598
1714823139981,2024-05-04T14:45:39.981,63.510,71.707,99.024,-19.512
1714823139991,2024-05-04T14:45:39.991,63.520,72.744,105.732,-18.841
1714823140001,2024-05-04T14:45:40.001,63.530,71.951,111.402,-18.415
1714823140011,2024-05-04T14:45:40.011,63.540,69.329,117.134,-18.354
1714823140021,2024-05-04T14:45:40.021,63.550,68.902,126.463,-17.012
1714823140031,2024-05-04T14:45:40.031,63.560,67.500,134.329,-18.049
1714823140041,2024-05-04T14:45:40.041,63.570,63.232,132.439,-23.537
1714823140051,2024-05-04T14:45:40.051,63.580,57.256,114.512,-29.756
1714823140061,2024-05-04T14:45:40.061,63.590,47.927,83.902,-36.037
1714823140071,2024-05-04T14:45:40.071,63.600,32.561,57.073,-42.744
1714823140081,2024-05-04T14:45:40.081,63.610,17.317,45.305,-50.854
1714823140091,2024-05-04T14:45:40.091,63.620,2.500,44.817,-56.646
1714823140101,2024-05-04T14:45:40.101,63.630,-21.220,43.232,-60.061
1714823140111,2024-05-04T14:45:40.111,63.640,-50.915,35.793,-57.866
1714823140121,2024-05-04T14:45:40.121,63.650,-79.329,26.951,-48.902
1714823140131,2024-05-04T14:45:40.131,63.660,-101.707,24.939,-42.134
1714823140141,2024-05-04T14:45:40.141,63.670,-117.256,27.988,-33.902
1714823140151,2024-05-04T14:45:40.151,63.680,-127.866,26.829,-28.110
1714823140161,2024-05-04T14:45:40.161,63.690,-137.561,20.488,-25.305
1714823140171,2024-05-04T14:45:40.171,63.700,-157.256,18.780,-23.354
1714823140181,2024-05-04T14:45:40.181,63.710,-181.768,33.232,-14.817
1714823140191,2024-05-04T14:45:40.191,63.720,-198.720,64.329,-6.159
1714823140201,2024-05-04T14:45:40.201,63.730,-213.415,86.829,-13.110
1714823140211,2024-05-04T14:45:40.211,63.740,-221.890,63.841,-24.146
1714823140221,2024-05-04T14:45:40.221,63.750,-230.915,20.610,-14.329
1714823140231,2024-05-04T14:45:40.231,63.760,-214.939,1.585,12.134
1714823140241,2024-05-04T14:45:40.241,63.770,-174.573,2.378,34.146
1714823140251,2024-05-04T14:45:40.251,63.780,-125.671,-18.354,24.146
1714823140261,2024-05-04T14:45:40.261,63.790,-69.268,-63.720,11.463
1714823140271,2024-05-04T14:45:40.271,63.800,-19.634,-96.890,18.780
1714823140281,2024-05-04T14:45:40.281,63.810,14.390,-103.354,31.768
1714823140291,2024-05-04T14:45:40.291,63.820,37.439,-102.805,37.134
1714823140301,2024-05-04T14:45:40.301,63.830,49.390,-96.524,31.585
1714823140311,2024-05-04T14:45:40.311,63.840,54.756,-72.805,23.963
1714823140321,2024-05-04T14:45:40.321,63.850,52.378,-39.634,18.293
1714823140331,2024-05-04T14:45:40.331,63.860,43.780,-13.232,10.366
1714823140341,2024-05-04T14:45:40.341,63.870,36.220,3.049,2.561
1714823140351,2024-05-04T14:45:40.351,63.880,32.439,13.171,-2.317
1714823140361,2024-05-04T14:45:40.361,63.890,32.012,13.720,-5.122
1714823140371,2024-05-04T14:45:40.371,63.900,35.427,-0.488,-6.220
1714823140381,2024-05-04T14:45:40.381,63.910,39.207,-26.341,-5.854
1714823140391,2024-05-04T14:45:40.391,63.920,40.854,-58.598,-1.159
1714823140401,2024-05-04T14:45:40.401,63.930,39.146,-90.305,0.000
1714823140411,2024-05-04T14:45:40.411,63.940,36.463,-116.524,-0.854
1714823140421,2024-05-04T14:45:40.421,63.950,34.451,-134.085,-3.293
1714823140431,2024-05-04T14:45:40.431,63.960,33.963,-141.280,-5.305
1714823140441,2024-05-04T14:45:40.441,63.970,36.341,-139.634,-6.098
1714823140451,2024-05-04T14:45:40.451,63.980,38.232,-135.183,-6.037
1714823140461,2024-05-04T14:45:40.461,63.990,34.390,-134.024,-4.146
1714823140471,2024-05-04T14:45:40.471,64.000,28.415,-136.402,-4.817
1714823140481,2024-05-04T14:45:40.481,64.010,26.707,-138.049,-6.585
1714823140491,2024-05-04T14:45:40.491,64.020,22.500,-132.317,-10.488
1714823140501,2024-05-04T14:45:40.501,64.030,15.305,-109.268,-11.707
1714823140511,2024-05-04T14:45:40.511,64.040,14.573,-64.634,-6.098
1714823140521,2024-05-04T14:45:40.521,64.050,17.866,-29.268,-6.829
1714823140531,2024-05-04T14:45:40.531,64.060,24.939,-19.634,-5.915
1714823140541,2024-05-04T14:45:40.541,64.070,25.488,-30.305,4.146
1714823140551,2024-05-04T14:45:40.551,64.080,15.915,-47.317,4.756
1714823140561,2024-05-04T14:45:40.561,64.090,8.232,-57.561,3.537
1714823140571,2024-05-04T14:45:40.571,64.100,6.402,-56.890,3.537
1714823140581,2024-05-04T14:45:40.581,64.110,8.354,-51.280,-0.244
1714823140591,2024-05-04T14:45:40.591,64.120,8.415,-46.890,-0.915
1714823140601,2024-05-04T14:45:40.601,64.130,5.854,-40.366,1.098
1714823140611,2024-05-04T14:45:40.611,64.140,4.390,-30.061,0.915
1714823140621,2024-05-04T14:45:40.621,64.150,5.488,-20.122,-0.305
1714823140631,2024-05-04T14:45:40.631,64.160,5.366,-11.159,-2.134
1714823140641,2024-05-04T14:45:40.641,64.170,6.037,-3.598,-6.524
1714823140651,2024-05-04T14:45:40.651,64.180,8.354,-0.793,-9.634
1714823140661,2024-05-04T14:45:40.661,64.190,10.305,-0.244,-8.110
1714823140671,2024-05-04T14:45:40.671,64.200,11.037,0.305,-6.098
1714823140681,2024-05-04T14:45:40.681,64.210,11.037,-0.305,-5.366
1714823140691,2024-05-04T14:45:40.691,64.220,9.573,-2.073,-2.927
1714823140701,2024-05-04T14:45:40.701,64.230,6.402,-3.171,-0.671
1714823140711,2024-05-04T14:45:40.711,64.240,2.195,-4.207,0.183
1714823140721,2024-05-04T14:45:40.721,64.250,-0.183,-5.122,0.610
1714823140731,2024-05-04T14:45:40.731,64.260,-0.061,-6.341,0.488
1714823140741,2024-05-04T14:45:40.741,64.270,2.561,-8.354,2.195
1714823140751,2024-05-04T14:45:40.751,64.280,3.232,-11.402,3.537
1714823140761,2024-05-04T14:45:40.761,64.290,0.793,-14.146,2.195
1714823140771,2024-05-04T14:45:40.771,64.300,-1.402,-13.232,1.159
1714823140781,2024-05-04T14:45:40.781,64.310,-0.854,-6.951,0.427
1714823140791,2024-05-04T14:45:40.791,64.320,1.098,0.854,-0.488
1714823140801,2024-05-04T14:45:40.801,64.330,1.890,6.463,-0.549
1714823140811,2024-05-04T14:45:40.811,64.340,0.305,9.817,-0.671
1714823140821,2024-05-04T14:45:40.821,64.350,-2.073,13.476,-1.463
1714823140831,2024-05-04T14:45:40.831,64.360,-1.890,18.293,-1.768
1714823140841,2024-05-04T14:45:40.841,64.370,-0.793,22.195,-1.646
1714823140851,2024-05-04T14:45:40.851,64.380,-0.183,24.207,-0.732
1714823140861,2024-05-04T14:45:40.861,64.390,-1.280,25.366,0.000
1714823140871,2024-05-04T14:45:40.871,64.400,-3.415,28.902,-0.488
1714823140881,2024-05-04T14:45:40.881,64.410,-3.537,34.939,-1.585
1714823140891,2024-05-04T14:45:40.891,64.420,-0.732,39.878,-2.744
1714823140901,2024-05-04T14:45:40.901,64.430,3.598,43.232,-4.207
1714823140911,2024-05-04T14:45:40.911,64.440,5.732,43.049,-2.073
1714823140921,2024-05-04T14:45:40.921,64.450,5.976,41.098,-1.098
1714823140931,2024-05-04T14:45:40.931,64.460,6.768,32.744,-3.293
1714823140941,2024-05-04T14:45:40.941,64.470,6.037,24.817,-3.049
1714823140951,2024-05-04T14:45:40.951,64.480,7.500,24.939,-2.805
1714823140961,2024-05-04T14:45:40.961,64.490,15.122,28.841,-4.024
1714823140971,2024-05-04T14:45:40.971,64.500,26.098,29.695,-2.256
1714823140981,2024-05-04T14:45:40.981,64.510,34.939,23.232,2.805
1714823140991,2024-05-04T14:45:40.991,64.520,38.110,10.610,4.024
1714823141001,2024-05-04T14:45:41.001,64.530,38.841,0.061,2.927
1714823141011,2024-05-04T14:45:41.011,64.540,41.220,-1.768,3.293
1714823141021,2024-05-04T14:45:41.021,64.550,46.280,5.305,2.500
1714823141031,2024-05-04T14:45:41.031,64.560,52.195,16.524,0.732
1714823141041,2024-05-04T14:45:41.041,64.570,57.195,25.183,2.073
1714823141051,2024-05-04T14:45:41.051,64.580,60.610,30.976,3.232
1714823141061,2024-05-04T14:45:41.061,64.590,63.293,36.220,3.049
1714823141071,2024-05-04T14:45:41.071,64.600,67.683,39.146,2.683
1714823141081,2024-05-04T14:45:41.081,64.610,72.378,35.305,3.232
1714823141091,2024-05-04T14:45:41.091,64.620,73.598,24.207,2.683
1714823141101,2024-05-04T14:45:41.101,64.630,71.402,11.220,0.427
1714823141111,2024-05-04T14:45:41.111,64.640,67.561,2.683,-1.402
1714823141121,2024-05-04T14:45:41.121,64.650,64.634,2.195,-3.293
1714823141131,2024-05-04T14:45:41.131,64.660,63.720,11.220,-4.573
1714823141141,2024-05-04T14:45:41.141,64.670,62.500,27.683,-5.366
1714823141151,2024-05-04T14:45:41.151,64.680,59.939,46.829,-7.256
1714823141161,2024-05-04T14:45:41.161,64.690,57.012,63.354,-8.720
1714823141171,2024-05-04T14:45:41.171,64.700,52.012,76.463,-9.817
1714823141181,2024-05-04T14:45:41.181,64.710,45.610,87.012,-11.159
1714823141191,2024-05-04T14:45:41.191,64.720,39.512,95.000,-12.988
1714823141201,2024-05-04T14:45:41.201,64.730,33.598,101.098,-14.390
1714823141211,2024-05-04T14:45:41.211,64.740,26.037,108.110,-14.573
1714823141221,2024-05-04T14:45:41.221,64.750,17.378,115.061,-14.878
1714823141231,2024-05-04T14:45:41.231,64.760,10.793,118.049,-15.000
1714823141241,2024-05-04T14:45:41.241,64.770,1.463,114.756,-16.402
1714823141251,2024-05-04T14:45:41.251,64.780,-12.500,106.890,-18.963
1714823141261,2024-05-04T14:45:41.261,64.790,-27.866,96.341,-22.439
1714823141271,2024-05-04T14:45:41.271,64.800,-45.122,81.707,-30.732
1714823141281,2024-05-04T14:45:41.281,64.810,-66.159,59.817,-40.427
1714823141291,2024-05-04T14:45:41.291,64.820,-91.646,19.085,-51.098
1714823141301,2024-05-04T14:45:41.301,64.830,-110.915,-35.122,-54.268
1714823141311,2024-05-04T14:45:41.311,64.840,-119.634,-68.415,-39.024
1714823141321,2024-05-04T14:45:41.321,64.850,-136.341,-50.122,-32.195
1714823141331,2024-05-04T14:45:41.331,64.860,-150.671,1.951,-29.634
1714823141341,2024-05-04T14:45:41.341,64.870,-163.780,44.329,-32.317
1714823141351,2024-05-04T14:45:41.351,64.880,-176.768,62.012,-38.049
1714823141361,2024-05-04T14:45:41.361,64.890,-190.610,65.244,-39.146
1714823141371,2024-05-04T14:45:41.371,64.900,-201.646,77.561,-31.829
1714823141381,2024-05-04T14:45:41.381,64.910,-209.329,96.829,-24.817
1714823141391,2024-05-04T14:45:41.391,64.920,-223.780,111.037,-30.122
1714823141401,2024-05-04T14:45:41.401,64.930,-224.817,100.915,-32.805
1714823141411,2024-05-04T14:45:41.411,64.940,-195.244,62.012,-20.488
1714823141421,2024-05-04T14:45:41.421,64.950,-132.561,12.134,11.646
1714823141431,2024-05-04T14:45:41.431,64.960,-66.707,-37.988,16.037
1714823141441,2024-05-04T14:45:41.441,64.970,-12.317,-82.622,-0.244
1714823141451,2024-05-04T14:45:41.451,64.980,23.354,-112.866,10.183
1714823141461,2024-05-04T14:45:41.461,64.990,34.512,-127.256,18.720
1714823141471,2024-05-04T14:45:41.471,65.000,35.793,-123.963,9.695
1714823141481,2024-05-04T14:45:41.481,65.010,39.024,-101.037,3.537
1714823141491,2024-05-04T14:45:41.491,65.020,39.634,-65.061,1.951
1714823141501,2024-05-04T14:45:41.501,65.030,37.073,-29.085,1.280
1714823141511,2024-05-04T14:45:41.511,65.040,35.244,-0.854,0.915
1714823141521,2024-05-04T14:45:41.521,65.050,33.720,14.329,0.854
1714823141531,2024-05-04T14:45:41.531,65.060,34.268,16.890,0.976
1714823141541,2024-05-04T14:45:41.541,65.070,35.732,8.902,1.280
1714823141551,2024-05-04T14:45:41.551,65.080,35.732,-5.976,1.951
1714823141561,2024-05-04T14:45:41.561,65.090,35.854,-25.183,2.866
1714823141571,2024-05-04T14:45:41.571,65.100,37.805,-45.671,4.451
1714823141581,2024-05-04T14:45:41.581,65.110,38.780,-65.061,6.341
1714823141591,2024-05-04T14:45:41.591,65.120,37.683,-79.146,7.500
1714823141601,2024-05-04T14:45:41.601,65.130,37.256,-85.000,10.427
1714823141611,2024-05-04T14:45:41.611,65.140,40.854,-84.451,9.817
1714823141621,2024-05-04T14:45:41.621,65.150,45.854,-96.159,6.646
1714823141631,2024-05-04T14:45:41.631,65.160,41.646,-110.000,5.305
1714823141641,2024-05-04T14:45:41.641,65.170,39.573,-107.561,5.000
1714823141651,2024-05-04T14:45:41.651,65.180,40.305,-89.268,11.159
1714823141661,2024-05-04T14:45:41.661,65.190,35.427,-76.463,9.634
1714823141671,2024-05-04T14:45:41.671,65.200,26.707,-70.366,5.915
1714823141681,2024-05-04T14:45:41.681,65.210,22.134,-63.476,11.220
1714823141691,2024-05-04T14:45:41.691,65.220,21.768,-55.366,12.073
1714823141701,2024-05-04T14:45:41.701,65.230,22.927,-46.829,11.402
1714823141711,2024-05-04T14:45:41.711,65.240,28.598,-39.451,13.902
1714823141721,2024-05-04T14:45:41.721,65.250,27.256,-51.951,11.707
1714823141731,2024-05-04T14:45:41.731,65.260,20.976,-72.805,11.585
1714823141741,2024-05-04T14:45:41.741,65.270,14.268,-88.476,13.598
1714823141751,2024-05-04T14:45:41.751,65.280,8.720,-89.573,13.659
1714823141761,2024-05-04T14:45:41.761,65.290,6.220,-77.378,12.439
1714823141771,2024-05-04T14:45:41.771,65.300,6.159,-60.488,10.732
1714823141781,2024-05-04T14:45:41.781,65.310,7.439,-45.122,9.024
1714823141791,2024-05-04T14:45:41.791,65.320,7.500,-36.280,7.195
1714823141801,2024-05-04T14:45:41.801,65.330,5.732,-34.268,5.854
1714823141811,2024-05-04T14:45:41.811,65.340,4.085,-35.366,4.756
1714823141821,2024-05-04T14:45:41.821,65.350,2.622,-37.805,3.537
1714823141831,2024-05-04T14:45:41.831,65.360,1.341,-36.037,3.171
1714823141841,2024-05-04T14:45:41.841,65.370,0.183,-28.171,2.500
1714823141851,2024-05-04T14:45:41.851,65.380,0.305,-17.622,1.890
1714823141861,2024-05-04T14:45:41.861,65.390,-0.488,-8.293,2.134
1714823141871,2024-05-04T14:45:41.871,65.400,-2.439,-1.463,2.378
1714823141881,2024-05-04T14:45:41.881,65.410,-2.805,3.476,2.195
1714823141891,2024-05-04T14:45:41.891,65.420,-2.195,4.268,2.683
1714823141901,2024-05-04T14:45:41.901,65.430,-2.683,1.768,4.207
1714823141911,2024-05-04T14:45:41.911,65.440,-4.451,-1.829,4.451
1714823141921,2024-05-04T14:45:41.921,65.450,-6.098,-7.561,3.841
1714823141931,2024-05-04T14:45:41.931,65.460,-6.646,-12.317,4.939
1714823141941,2024-05-04T14:45:41.941,65.470,-6.220,-11.463,5.671
1714823141951,2024-05-04T14:45:41.951,65.480,-4.573,-6.159,4.634
1714823141961,2024-05-04T14:45:41.961,65.490,-2.073,0.915,3.720
1714823141971,2024-05-04T14:45:41.971,65.500,-0.793,8.476,3.293
1714823141981,2024-05-04T14:45:41.981,65.510,-0.305,13.780,4.878
1714823141991,2024-05-04T14:45:41.991,65.520,-0.305,13.293,7.439
1714823142001,2024-05-04T14:45:42.001,65.530,-1.585,12.927,6.951
1714823142011,2024-05-04T14:45:42.011,65.540,-0.854,14.878,4.695
1714823142021,2024-05-04T14:45:42.021,65.550,4.390,19.451,4.634
1714823142031,2024-05-04T14:45:42.031,65.560,7.256,27.012,0.183
1714823142041,2024-05-04T14:45:42.041,65.570,9.146,38.415,-4.756
1714823142051,2024-05-04T14:45:42.051,65.580,11.220,50.671,-3.232
1714823142061,2024-05-04T14:45:42.061,65.590,18.780,59.329,-3.720
1714823142071,2024-05-04T14:45:42.071,65.600,27.561,55.671,-2.500
1714823142081,2024-05-04T14:45:42.081,65.610,33.963,41.280,-1.402
1714823142091,2024-05-04T14:45:42.091,65.620,37.561,24.512,1.646
1714823142101,2024-05-04T14:45:42.101,65.630,37.805,20.122,4.939
1714823142111,2024-05-04T14:45:42.111,65.640,41.098,32.134,8.110
1714823142121,2024-05-04T14:45:42.121,65.650,49.451,42.744,7.744
1714823142131,2024-05-04T14:45:42.131,65.660,56.341,36.037,1.707
1714823142141,2024-05-04T14:45:42.141,65.670,58.049,18.963,-3.598
1714823142151,2024-05-04T14:45:42.151,65.680,58.293,5.244,-7.439
1714823142161,2024-05-04T14:45:42.161,65.690,60.549,2.683,-9.878
1714823142171,2024-05-04T14:45:42.171,65.700,67.134,8.415,-11.037
1714823142181,2024-05-04T14:45:42.181,65.710,73.780,16.159,-12.988
1714823142191,2024-05-04T14:45:42.191,65.720,77.866,23.415,-16.463
1714823142201,2024-05-04T14:45:42.201,65.730,83.171,27.622,-18.963
1714823142211,2024-05-04T14:45:42.211,65.740,83.415,27.012,-20.671
1714823142221,2024-05-04T14:45:42.221,65.750,78.049,25.305,-21.159
1714823142231,2024-05-04T14:45:42.231,65.760,71.402,26.951,-21.098
1714823142241,2024-05-04T14:45:42.241,65.770,68.780,28.537,-21.646
1714823142251,2024-05-04T14:45:42.251,65.780,66.341,25.732,-24.329
1714823142261,2024-05-04T14:45:42.261,65.790,63.171,20.488,-29.390
1714823142271,2024-05-04T14:45:42.271,65.800,62.927,16.707,-32.073
1714823142281,2024-05-04T14:45:42.281,65.810,57.012,14.146,-30.732
1714823142291,2024-05-04T14:45:42.291,65.820,46.220,15.854,-28.110
1714823142301,2024-05-04T14:45:42.301,65.830,33.659,20.000,-29.695
1714823142311,2024-05-04T14:45:42.311,65.840,18.598,21.402,-35.061
1714823142321,2024-05-04T14:45:42.321,65.850,0.427,18.841,-38.476
1714823142331,2024-05-04T14:45:42.331,65.860,-17.805,17.378,-41.707
1714823142341,2024-05-04T14:45:42.341,65.870,-33.049,23.537,-44.939
1714823142351,2024-05-04T14:45:42.351,65.880,-50.244,32.500,-45.305
1714823142361,2024-05-04T14:45:42.361,65.890,-71.890,45.732,-42.988
1714823142371,2024-05-04T14:45:42.371,65.900,-89.207,77.134,-31.402
1714823142381,2024-05-04T14:45:42.381,65.910,-107.134,121.159,-23.171
1714823142391,2024-05-04T14:45:42.391,65.920,-126.707,164.512,-19.573
1714823142401,2024-05-04T14:45:42.401,65.930,-140.488,194.451,-19.146
1714823142411,2024-05-04T14:45:42.411,65.940,-140.549,209.878,-22.927
1714823142421,2024-05-04T14:45:42.421,65.950,-138.110,206.646,-31.280
1714823142431,2024-05-04T14:45:42.431,65.960,-146.280,190.488,-41.220
1714823142441,2024-05-04T14:45:42.441,65.970,-154.207,169.512,-35.732
1714823142451,2024-05-04T14:45:42.451,65.980,-164.207,142.988,-26.890
1714823142461,2024-05-04T14:45:42.461,65.990,-187.317,120.610,-20.854
1714823142471,2024-05-04T14:45:42.471,66.000,-210.305,96.280,-2.561
1714823142481,2024-05-04T14:45:42.481,66.010,-211.037,69.695,9.939
1714823142491,2024-05-04T14:45:42.491,66.020,-194.756,51.463,7.073
1714823142501,2024-05-04T14:45:42.501,66.030,-163.232,42.683,28.537
1714823142511,2024-05-04T14:45:42.511,66.040,-121.159,47.866,44.939
1714823142521,2024-05-04T14:45:42.521,66.050,-74.573,28.780,21.585
1714823142531,2024-05-04T14:45:42.531,66.060,-32.744,-7.622,13.841
1714823142541,2024-05-04T14:45:42.541,66.070,0.915,-40.183,30.732
1714823142551,2024-05-04T14:45:42.551,66.080,19.329,-70.488,38.780
1714823142561,2024-05-04T14:45:42.561,66.090,33.171,-102.927,36.341
1714823142571,2024-05-04T14:45:42.571,66.100,45.976,-121.951,30.183
1714823142581,2024-05-04T14:45:42.581,66.110,53.171,-120.671,25.000
1714823142591,2024-05-04T14:45:42.591,66.120,52.988,-110.244,18.354
1714823142601,2024-05-04T14:45:42.601,66.130,51.220,-101.707,10.122
1714823142611,2024-05-04T14:45:42.611,66.140,52.073,-100.671,4.146
1714823142621,2024-05-04T14:45:42.621,66.150,51.707,-104.451,-0.915
1714823142631,2024-05-04T14:45:42.631,66.160,49.268,-108.598,-3.720
1714823142641,2024-05-04T14:45:42.641,66.170,48.171,-111.159,-4.939
1714823142651,2024-05-04T14:45:42.651,66.180,45.122,-111.341,-4.512
1714823142661,2024-05-04T14:45:42.661,66.190,40.976,-108.780,-2.317
1714823142671,2024-05-04T14:45:42.671,66.200,38.841,-106.524,-1.037
1714823142681,2024-05-04T14:45:42.681,66.210,38.598,-106.524,1.585
1714823142691,2024-05-04T14:45:42.691,66.220,40.793,-110.305,1.463
1714823142701,2024-05-04T14:45:42.701,66.230,42.378,-118.780,0.488
1714823142711,2024-05-04T14:45:42.711,66.240,41.037,-129.634,1.646
1714823142721,2024-05-04T14:45:42.721,66.250,37.378,-144.634,-0.305
1714823142731,2024-05-04T14:45:42.731,66.260,34.695,-158.110,-2.256
1714823142741,2024-05-04T14:45:42.741,66.270,35.427,-160.610,-5.671
1714823142751,2024-05-04T14:45:42.751,66.280,39.024,-152.134,-9.512
1714823142761,2024-05-04T14:45:42.761,66.290,42.378,-140.854,-9.329
1714823142771,2024-05-04T14:45:42.771,66.300,40.549,-126.037,-8.720
1714823142781,2024-05-04T14:45:42.781,66.310,36.524,-102.317,-8.841
1714823142791,2024-05-04T14:45:42.791,66.320,31.220,-77.012,-5.061
1714823142801,2024-05-04T14:45:42.801,66.330,22.744,-64.207,-1.890
1714823142811,2024-05-04T14:45:42.811,66.340,16.402,-63.659,-1.829
1714823142821,2024-05-04T14:45:42.821,66.350,11.524,-70.183,-2.073
1714823142831,2024-05-04T14:45:42.831,66.360,9.878,-75.122,-2.744
1714823142841,2024-05-04T14:45:42.841,66.370,11.037,-77.988,-3.293
1714823142851,2024-05-04T14:45:42.851,66.380,10.305,-78.354,-3.049
1714823142861,2024-05-04T14:45:42.861,66.390,5.854,-79.695,-4.207
1714823142871,2024-05-04T14:45:42.871,66.400,0.610,-83.110,-7.012
1714823142881,2024-05-04T14:45:42.881,66.410,-1.768,-83.110,-5.671
1714823142891,2024-05-04T14:45:42.891,66.420,-3.780,-72.744,1.524
1714823142901,2024-05-04T14:45:42.901,66.430,-2.805,-47.927,5.671
1714823142911,2024-05-04T14:45:42.911,66.440,1.341,-22.683,2.500
1714823142921,2024-05-04T14:45:42.921,66.450,5.122,-8.963,1.037
1714823142931,2024-05-04T14:45:42.931,66.460,5.549,-3.293,2.073
1714823142941,2024-05-04T14:45:42.941,66.470,4.695,0.183,2.256
1714823142951,2024-05-04T14:45:42.951,66.480,5.244,0.915,1.341
1714823142961,2024-05-04T14:45:42.961,66.490,4.756,-3.049,1.220
1714823142971,2024-05-04T14:45:42.971,66.500,1.829,-8.049,2.744
1714823142981,2024-05-04T14:45:42.981,66.510,-1.280,-7.073,4.390
1714823142991,2024-05-04T14:45:42.991,66.520,-2.744,1.220,3.902
1714823143001,2024-05-04T14:45:43.001,66.530,0.000,11.159,2.012
1714823143011,2024-05-04T14:45:43.011,66.540,3.659,17.805,1.159
1714823143021,2024-05-04T14:45:43.021,66.550,4.512,18.232,0.488
1714823143031,2024-05-04T14:45:43.031,66.560,2.683,15.122,0.305
1714823143041,2024-05-04T14:45:43.041,66.570,1.220,10.244,1.463
1714823143051,2024-05-04T14:45:43.051,66.580,1.159,3.110,2.500
1714823143061,2024-05-04T14:45:43.061,66.590,0.610,-3.720,3.720
1714823143071,2024-05-04T14:45:43.071,66.600,0.549,-5.732,5.000
1714823143081,2024-05-04T14:45:43.081,66.610,1.280,-2.195,4.878
1714823143091,2024-05-04T14:45:43.091,66.620,2.805,4.085,4.756
1714823143101,2024-05-04T14:45:43.101,66.630,4.573,9.329,5.671
1714823143111,2024-05-04T14:45:43.111,66.640,5.244,9.695,6.463
1714823143121,2024-05-04T14:45:43.121,66.650,5.000,7.256,8.293
1714823143131,2024-05-04T14:45:43.131,66.660,4.878,5.793,9.878
1714823143141,2024-05-04T14:45:43.141,66.670,6.951,6.585,11.220
1714823143151,2024-05-04T14:45:43.151,66.680,12.622,8.720,12.988
1714823143161,2024-05-04T14:45:43.161,66.690,19.390,9.146,16.037
1714823143171,2024-05-04T14:45:43.171,66.700,20.427,7.866,19.329
1714823143181,2024-05-04T14:45:43.181,66.710,17.622,9.817,13.232
1714823143191,2024-05-04T14:45:43.191,66.720,20.122,16.159,8.232
1714823143201,2024-05-04T14:45:43.201,66.730,26.220,22.378,5.305
1714823143211,2024-05-04T14:45:43.211,66.740,31.463,31.159,4.695
1714823143221,2024-05-04T14:45:43.221,66.750,31.768,35.732,4.817
1714823143231,2024-05-04T14:45:43.231,66.760,36.220,32.866,0.610
1714823143241,2024-05-04T14:45:43.241,66.770,36.768,21.646,-3.963
1714823143251,2024-05-04T14:45:43.251,66.780,33.293,12.866,-1.646
1714823143261,2024-05-04T14:45:43.261,66.790,36.463,7.378,-0.488
1714823143271,2024-05-04T14:45:43.271,66.800,41.768,-1.890,-0.427
1714823143281,2024-05-04T14:45:43.281,66.810,43.659,-7.927,2.073
1714823143291,2024-05-04T14:45:43.291,66.820,48.049,-6.890,-0.915
1714823143301,2024-05-04T14:45:43.301,66.830,53.720,-3.049,-3.232
1714823143311,2024-05-04T14:45:43.311,66.840,57.744,7.805,-2.073
1714823143321,2024-05-04T14:45:43.321,66.850,63.171,21.890,-2.012
1714823143331,2024-05-04T14:45:43.331,66.860,67.744,30.122,-2.378
1714823143341,2024-05-04T14:45:43.341,66.870,66.890,28.415,-6.524
1714823143351,2024-05-04T14:45:43.351,66.880,62.500,22.744,-10.122
1714823143361,2024-05-04T14:45:43.361,66.890,60.610,22.744,-10.427
1714823143371,2024-05-04T14:45:43.371,66.900,58.659,27.683,-11.220
1714823143381,2024-05-04T14:45:43.381,66.910,56.463,34.451,-10.000
1714823143391,2024-05-04T14:45:43.391,66.920,54.695,38.841,-8.110
1714823143401,2024-05-04T14:45:43.401,66.930,47.927,39.085,-4.695
1714823143411,2024-05-04T14:45:43.411,66.940,39.451,35.366,-2.134
1714823143421,2024-05-04T14:45:43.421,66.950,29.390,27.622,-2.317
1714823143431,2024-05-04T14:45:43.431,66.960,17.744,17.195,-2.805
1714823143441,2024-05-04T14:45:43.441,66.970,4.085,6.402,-7.744
1714823143451,2024-05-04T14:45:43.451,66.980,-8.720,5.488,-9.878
1714823143461,2024-05-04T14:45:43.461,66.990,-23.598,12.805,-11.280
1714823143471,2024-05-04T14:45:43.471,67.000,-42.683,28.659,-11.890
1714823143481,2024-05-04T14:45:43.481,67.010,-64.512,47.561,-11.585
1714823143491,2024-05-04T14:45:43.491,67.020,-85.915,62.561,-12.317
1714823143501,2024-05-04T14:45:43.501,67.030,-104.146,72.683,-15.427
1714823143511,2024-05-04T14:45:43.511,67.040,-112.256,72.927,-22.866
1714823143521,2024-05-04T14:45:43.521,67.050,-115.061,64.024,-29.695
1714823143531,2024-05-04T14:45:43.531,67.060,-117.927,52.622,-34.817
1714823143541,2024-05-04T14:45:43.541,67.070,-124.573,36.829,-37.683
1714823143551,2024-05-04T14:45:43.551,67.080,-143.902,13.659,-23.171
1714823143561,2024-05-04T14:45:43.561,67.090,-172.134,-7.012,-2.317
1714823143571,2024-05-04T14:45:43.571,67.100,-207.012,-2.561,-8.049
1714823143581,2024-05-04T14:45:43.581,67.110,-224.451,17.012,-28.293
1714823143591,2024-05-04T14:45:43.591,67.120,-217.988,25.793,-37.927
1714823143601,2024-05-04T14:45:43.601,67.130,-207.378,21.585,-33.537
1714823143611,2024-05-04T14:45:43.611,67.140,-191.220,-1.220,-20.549
1714823143621,2024-05-04T14:45:43.621,67.150,-163.232,-12.439,-7.439
1714823143631,2024-05-04T14:45:43.631,67.160,-122.073,0.671,-7.744
1714823143641,2024-05-04T14:45:43.641,67.170,-65.549,14.695,-13.354
1714823143651,2024-05-04T14:45:43.651,67.180,-13.049,15.671,-2.683
1714823143661,2024-05-04T14:45:43.661,67.190,16.951,2.134,13.110
1714823143671,2024-05-04T14:45:43.671,67.200,32.561,-16.585,15.061
1714823143681,2024-05-04T14:45:43.681,67.210,37.866,-23.841,11.280
1714823143691,2024-05-04T14:45:43.691,67.220,37.744,-19.146,9.756
1714823143701,2024-05-04T14:45:43.701,67.230,35.549,-12.561,7.744
1714823143711,2024-05-04T14:45:43.711,67.240,33.841,-3.293,5.793
1714823143721,2024-05-04T14:45:43.721,67.250,33.171,7.622,5.671
1714823143731,2024-05-04T14:45:43.731,67.260,33.171,15.061,6.037
1714823143741,2024-05-04T14:45:43.741,67.270,34.939,16.037,5.244
1714823143751,2024-05-04T14:45:43.751,67.280,34.695,10.488,3.354
1714823143761,2024-05-04T14:45:43.761,67.290,32.500,1.524,2.317
1714823143771,2024-05-04T14:45:43.771,67.300,31.707,-11.646,0.549
1714823143781,2024-05-04T14:45:43.781,67.310,32.439,-24.146,-1.220
1714823143791,2024-05-04T14:45:43.791,67.320,34.024,-34.695,1.341
1714823143801,2024-05-04T14:45:43.801,67.330,35.122,-43.659,2.439
1714823143811,2024-05-04T14:45:43.811,67.340,33.659,-50.000,3.232
1714823143821,2024-05-04T14:45:43.821,67.350,31.463,-50.183,2.561
1714823143831,2024-05-04T14:45:43.831,67.360,31.646,-42.500,0.610
1714823143841,2024-05-04T14:45:43.841,67.370,35.366,-30.000,0.488
1714823143851,2024-05-04T14:45:43.851,67.380,39.329,-17.622,0.915
1714823143861,2024-05-04T14:45:43.861,67.390,39.817,-8.537,1.280
1714823143871,2024-05-04T14:45:43.871,67.400,40.244,-3.598,1.098
1714823143881,2024-05-04T14:45:43.881,67.410,44.878,-1.768,-0.183
1714823143891,2024-05-04T14:45:43.891,67.420,53.963,-8.232,-0.915
1714823143901,2024-05-04T14:45:43.901,67.430,56.402,-22.317,3.902
1714823143911,2024-05-04T14:45:43.911,67.440,56.768,-22.195,9.024
1714823143921,2024-05-04T14:45:43.921,67.450,55.793,-11.037,9.390
1714823143931,2024-05-04T14:45:43.931,67.460,47.256,5.000,10.427
1714823143941,2024-05-04T14:45:43.941,67.470,37.195,21.524,11.341
1714823143951,2024-05-04T14:45:43.951,67.480,30.183,26.341,11.402
1714823143961,2024-05-04T14:45:43.961,67.490,30.061,21.220,11.280
1714823143971,2024-05-04T14:45:43.971,67.500,28.720,10.732,10.854
1714823143981,2024-05-04T14:45:43.981,67.510,25.366,-1.341,9.756
1714823143991,2024-05-04T14:45:43.991,67.520,23.598,-14.634,11.159
1714823144001,2024-05-04T14:45:44.001,67.530,21.768,-24.634,14.024
1714823144011,2024-05-04T14:45:44.011,67.540,19.695,-27.988,12.683
1714823144021,2024-05-04T14:45:44.021,67.550,18.110,-27.622,10.000
1714823144031,2024-05-04T14:45:44.031,67.560,16.098,-24.634,9.756
1714823144041,2024-05-04T14:45:44.041,67.570,13.171,-19.512,9.024
1714823144051,2024-05-04T14:45:44.051,67.580,12.317,-13.110,7.195
1714823144061,2024-05-04T14:45:44.061,67.590,13.354,-7.500,6.220
1714823144071,2024-05-04T14:45:44.071,67.600,13.232,-4.817,6.037
1714823144081,2024-05-04T14:45:44.081,67.610,11.707,-3.049,5.732
1714823144091,2024-05-04T14:45:44.091,67.620,10.122,-1.341,4.878
1714823144101,2024-05-04T14:45:44.101,67.630,8.902,-0.671,4.329
1714823144111,2024-05-04T14:45:44.111,67.640,7.622,-0.061,3.720
1714823144121,2024-05-04T14:45:44.121,67.650,6.951,0.244,3.720
1714823144131,2024-05-04T14:45:44.131,67.660,6.098,-0.610,4.390
1714823144141,2024-05-04T14:45:44.141,67.670,5.244,-1.220,5.000
1714823144151,2024-05-04T14:45:44.151,67.680,4.817,-2.378,5.488
1714823144161,2024-05-04T14:45:44.161,67.690,4.512,-1.768,5.915
1714823144171,2024-05-04T14:45:44.171,67.700,5.183,-0.915,5.915
1714823144181,2024-05-04T14:45:44.181,67.710,6.037,-0.183,5.732
1714823144191,2024-05-04T14:45:44.191,67.720,5.000,0.488,5.488
1714823144201,2024-05-04T14:45:44.201,67.730,3.963,0.976,4.695
1714823144211,2024-05-04T14:45:44.211,67.740,5.915,0.244,3.841
1714823144221,2024-05-04T14:45:44.221,67.750,7.622,-2.317,4.085
1714823144231,2024-05-04T14:45:44.231,67.760,9.573,-2.195,6.280
1714823144241,2024-05-04T14:45:44.241,67.770,15.183,2.317,8.598
1714823144251,2024-05-04T14:45:44.251,67.780,18.293,5.915,8.780
1714823144261,2024-05-04T14:45:44.261,67.790,20.305,9.634,8.293
1714823144271,2024-05-04T14:45:44.271,67.800,24.024,6.463,9.939
1714823144281,2024-05-04T14:45:44.281,67.810,28.354,-8.780,9.756
1714823144291,2024-05-04T14:45:44.291,67.820,32.439,-27.256,9.390
1714823144301,2024-05-04T14:45:44.301,67.830,33.720,-39.085,7.012
1714823144311,2024-05-04T14:45:44.311,67.840,33.293,-34.268,5.854
1714823144321,2024-05-04T14:45:44.321,67.850,36.524,-15.854,7.012
1714823144331,2024-05-04T14:45:44.331,67.860,43.537,1.524,6.585
1714823144341,2024-05-04T14:45:44.341,67.870,50.854,9.085,7.134
1714823144351,2024-05-04T14:45:44.351,67.880,55.671,4.390,7.439
1714823144361,2024-05-04T14:45:44.361,67.890,53.659,-7.866,6.098
1714823144371,2024-05-04T14:45:44.371,67.900,48.415,-16.402,5.122
1714823144381,2024-05-04T14:45:44.381,67.910,45.305,-16.220,3.659
1714823144391,2024-05-04T14:45:44.391,67.920,45.244,-10.610,2.744
1714823144401,2024-05-04T14:45:44.401,67.930,45.854,-3.902,2.317
1714823144411,2024-05-04T14:45:44.411,67.940,43.354,4.085,2.439
1714823144421,2024-05-04T14:45:44.421,67.950,40.427,11.220,2.439
1714823144431,2024-05-04T14:45:44.431,67.960,37.805,12.683,0.061
1714823144441,2024-05-04T14:45:44.441,67.970,33.415,10.427,0.122
1714823144451,2024-05-04T14:45:44.451,67.980,26.037,8.841,1.463
1714823144461,2024-05-04T14:45:44.461,67.990,21.524,6.098,-1.829
1714823144471,2024-05-04T14:45:44.471,68.000,18.902,-2.012,-5.305
1714823144481,2024-05-04T14:45:44.481,68.010,10.915,-8.598,-6.951
1714823144491,2024-05-04T14:45:44.491,68.020,2.866,-8.171,-9.756
1714823144501,2024-05-04T14:45:44.501,68.030,-3.110,-4.085,-12.622
1714823144511,2024-05-04T14:45:44.511,68.040,-12.500,-0.793,-18.780
1714823144521,2024-05-04T14:45:44.521,68.050,-25.427,-1.220,-23.415
1714823144531,2024-05-04T14:45:44.531,68.060,-44.085,-5.732,-24.390
1714823144541,2024-05-04T14:45:44.541,68.070,-63.354,-1.524,-20.976
1714823144551,2024-05-04T14:45:44.551,68.080,-73.049,5.854,-17.134
1714823144561,2024-05-04T14:45:44.561,68.090,-82.988,9.024,-18.415
1714823144571,2024-05-04T14:45:44.571,68.100,-98.720,13.780,-16.951
1714823144581,2024-05-04T14:45:44.581,68.110,-113.598,27.622,-13.537
1714823144591,2024-05-04T14:45:44.591,68.120,-119.024,46.341,-9.024
1714823144601,2024-05-04T14:45:44.601,68.130,-132.073,60.793,-11.951
1714823144611,2024-05-04T14:45:44.611,68.140,-163.963,86.707,-22.195
1714823144621,2024-05-04T14:45:44.621,68.150,-181.220,121.341,-32.988
1714823144631,2024-05-04T14:45:44.631,68.160,-180.061,136.951,-38.537
1714823144641,2024-05-04T14:45:44.641,68.170,-171.768,115.976,-35.427
1714823144651,2024-05-04T14:45:44.651,68.180,-163.537,71.890,-27.256
1714823144661,2024-05-04T14:45:44.661,68.190,-155.549,44.878,-17.988
1714823144671,2024-05-04T14:45:44.671,68.200,-144.390,50.244,-9.207
1714823144681,2024-05-04T14:45:44.681,68.210,-131.098,74.207,-18.476
1714823144691,2024-05-04T14:45:44.691,68.220,-116.220,91.768,-27.439
1714823144701,2024-05-04T14:45:44.701,68.230,-90.732,89.695,-20.244
1714823144711,2024-05-04T14:45:44.711,68.240,-53.659,65.732,-6.280
1714823144721,2024-05-04T14:45:44.721,68.250,-18.598,32.012,3.720
1714823144731,2024-05-04T14:45:44.731,68.260,5.061,3.659,11.220
1714823144741,2024-05-04T14:45:44.741,68.270,19.939,-15.244,19.817
1714823144751,2024-05-04T14:45:44.751,68.280,28.902,-25.793,25.000
1714823144761,2024-05-04T14:45:44.761,68.290,36.159,-28.659,25.427
1714823144771,2024-05-04T14:45:44.771,68.300,42.866,-28.963,23.780
1714823144781,2024-05-04T14:45:44.781,68.310,44.817,-28.598,20.427
1714823144791,2024-05-04T14:45:44.791,68.320,42.561,-25.305,17.561
1714823144801,2024-05-04T14:45:44.801,68.330,40.305,-19.390,14.390
1714823144811,2024-05-04T14:45:44.811,68.340,38.537,-15.183,10.549
1714823144821,2024-05-04T14:45:44.821,68.350,36.159,-14.024,6.646
1714823144831,2024-05-04T14:45:44.831,68.360,33.415,-15.671,5.549
1714823144841,2024-05-04T14:45:44.841,68.370,32.256,-14.817,5.061
1714823144851,2024-05-04T14:45:44.851,68.380,33.171,-12.622,4.146
1714823144861,2024-05-04T14:45:44.861,68.390,34.512,-16.951,3.415
1714823144871,2024-05-04T14:45:44.871,68.400,35.366,-25.366,4.268
1714823144881,2024-05-04T14:45:44.881,68.410,36.402,-32.195,5.976
1714823144891,2024-05-04T14:45:44.891,68.420,37.317,-35.061,6.402
1714823144901,2024-05-04T14:45:44.901,68.430,38.476,-37.012,5.610
1714823144911,2024-05-04T14:45:44.911,68.440,41.037,-42.073,6.890
1714823144921,2024-05-04T14:45:44.921,68.450,45.732,-51.159,8.780
1714823144931,2024-05-04T14:45:44.931,68.460,49.207,-61.098,8.171
1714823144941,2024-05-04T14:45:44.941,68.470,49.024,-65.732,7.195
1714823144951,2024-05-04T14:45:44.951,68.480,46.951,-62.073,3.598
1714823144961,2024-05-04T14:45:44.961,68.490,46.707,-51.037,-0.732
1714823144971,2024-05-04T14:45:44.971,68.500,51.098,-36.463,-2.256
1714823144981,2024-05-04T14:45:44.981,68.510,57.683,-23.537,-0.366
1714823144991,2024-05-04T14:45:44.991,68.520,61.951,-15.244,3.171
1714823145001,2024-05-04T14:45:45.001,68.530,60.732,-12.378,7.012
1714823145011,2024-05-04T14:45:45.011,68.540,51.220,-12.500,9.329
1714823145021,2024-05-04T14:45:45.021,68.550,37.866,-17.012,4.817
1714823145031,2024-05-04T14:45:45.031,68.560,30.610,-23.232,2.073
1714823145041,2024-05-04T14:45:45.041,68.570,33.171,-21.524,3.841
1714823145051,2024-05-04T14:45:45.051,68.580,37.866,-18.049,3.841
1714823145061,2024-05-04T14:45:45.061,68.590,41.280,-16.890,5.610
1714823145071,2024-05-04T14:45:45.071,68.600,40.244,-19.451,7.744
1714823145081,2024-05-04T14:45:45.081,68.610,31.463,-23.659,6.037
1714823145091,2024-05-04T14:45:45.091,68.620,26.341,-24.207,4.268
1714823145101,2024-05-04T14:45:45.101,68.630,23.780,-28.293,5.427
1714823145111,2024-05-04T14:45:45.111,68.640,20.183,-35.671,6.220
1714823145121,2024-05-04T14:45:45.121,68.650,15.305,-39.451,7.683
1714823145131,2024-05-04T14:45:45.131,68.660,13.171,-34.085,7.256
1714823145141,2024-05-04T14:45:45.141,68.670,15.122,-22.073,5.549
1714823145151,2024-05-04T14:45:45.151,68.680,20.366,-11.890,4.512
1714823145161,2024-05-04T14:45:45.161,68.690,24.268,-13.963,4.024
1714823145171,2024-05-04T14:45:45.171,68.700,18.598,-25.244,4.085
1714823145181,2024-05-04T14:45:45.181,68.710,9.024,-30.061,2.988
1714823145191,2024-05-04T14:45:45.191,68.720,6.768,-24.512,0.915
1714823145201,2024-05-04T14:45:45.201,68.730,10.610,-16.463,-1.220
1714823145211,2024-05-04T14:45:45.211,68.740,10.244,-12.378,-0.549
1714823145221,2024-05-04T14:45:45.221,68.750,5.244,-8.963,1.951
1714823145231,2024-05-04T14:45:45.231,68.760,1.463,-3.720,3.598
1714823145241,2024-05-04T14:45:45.241,68.770,2.683,1.341,4.939
1714823145251,2024-05-04T14:45:45.251,68.780,4.817,3.354,5.671
1714823145261,2024-05-04T14:45:45.261,68.790,5.671,1.829,5.732
1714823145271,2024-05-04T14:45:45.271,68.800,6.402,-3.354,6.585
1714823145281,2024-05-04T14:45:45.281,68.810,5.183,-10.793,7.256
1714823145291,2024-05-04T14:45:45.291,68.820,0.976,-17.195,5.427
1714823145301,2024-05-04T14:45:45.301,68.830,-0.305,-18.841,2.683
1714823145311,2024-05-04T14:45:45.311,68.840,1.524,-18.720,0.488
1714823145321,2024-05-04T14:45:45.321,68.850,2.622,-17.744,0.183
1714823145331,2024-05-04T14:45:45.331,68.860,2.256,-14.817,0.488
1714823145341,2024-05-04T14:45:45.341,68.870,0.976,-9.390,-0.122
1714823145351,2024-05-04T14:45:45.351,68.880,0.183,-2.073,-0.793
1714823145361,2024-05-04T14:45:45.361,68.890,0.915,3.720,-0.976
1714823145371,2024-05-04T14:45:45.371,68.900,1.220,6.402,0.061
1714823145381,2024-05-04T14:45:45.381,68.910,0.793,8.171,0.366
1714823145391,2024-05-04T14:45:45.391,68.920,0.793,9.085,-0.610
1714823145401,2024-05-04T14:45:45.401,68.930,3.537,9.207,0.061
1714823145411,2024-05-04T14:45:45.411,68.940,7.744,10.305,1.341
1714823145421,2024-05-04T14:45:45.421,68.950,12.317,10.427,1.768
1714823145431,2024-05-04T14:45:45.431,68.960,15.122,6.402,1.402
1714823145441,2024-05-04T14:45:45.441,68.970,17.439,3.232,2.195
1714823145451,2024-05-04T14:45:45.451,68.980,22.012,4.634,3.171
1714823145461,2024-05-04T14:45:45.461,68.990,27.744,9.817,3.415
1714823145471,2024-05-04T14:45:45.471,69.000,32.317,19.390,6.280
1714823145481,2024-05-04T14:45:45.481,69.010,30.610,32.134,6.098
1714823145491,2024-05-04T14:45:45.491,69.020,28.720,46.037,3.659
1714823145501,2024-05-04T14:45:45.501,69.030,30.122,53.354,5.915
1714823145511,2024-05-04T14:45:45.511,69.040,32.500,46.402,5.427
1714823145521,2024-05-04T14:45:45.521,69.050,30.610,31.890,2.988
1714823145531,2024-05-04T14:45:45.531,69.060,32.256,17.012,7.622
1714823145541,2024-05-04T14:45:45.541,69.070,37.012,0.854,13.902
1714823145551,2024-05-04T14:45:45.551,69.080,40.305,-7.744,18.720
1714823145561,2024-05-04T14:45:45.561,69.090,39.695,-4.329,18.049
1714823145571,2024-05-04T14:45:45.571,69.100,45.305,1.341,13.659
1714823145581,2024-05-04T14:45:45.581,69.110,54.085,0.488,8.476
1714823145591,2024-05-04T14:45:45.591,69.120,57.927,-5.305,6.037
1714823145601,2024-05-04T14:45:45.601,69.130,57.805,-10.061,4.390
1714823145611,2024-05-04T14:45:45.611,69.140,56.524,-10.854,1.951
1714823145621,2024-05-04T14:45:45.621,69.150,54.390,-4.878,0.305
1714823145631,2024-05-04T14:45:45.631,69.160,55.244,8.293,-1.524
1714823145641,2024-05-04T14:45:45.641,69.170,59.573,20.183,-4.573
1714823145651,2024-05-04T14:45:45.651,69.180,62.683,24.207,-5.061
1714823145661,2024-05-04T14:45:45.661,69.190,55.854,17.988,-6.280
1714823145671,2024-05-04T14:45:45.671,69.200,42.439,7.134,-7.439
1714823145681,2024-05-04T14:45:45.681,69.210,26.951,-3.537,-10.488
1714823145691,2024-05-04T14:45:45.691,69.220,14.573,-12.561,-15.244
1714823145701,2024-05-04T14:45:45.701,69.230,3.110,-23.293,-14.329
1714823145711,2024-05-04T14:45:45.711,69.240,-10.366,-34.146,-14.207
1714823145721,2024-05-04T14:45:45.721,69.250,-20.732,-34.512,-18.415
1714823145731,2024-05-04T14:45:45.731,69.260,-30.854,-22.317,-23.720
1714823145741,2024-05-04T14:45:45.741,69.270,-45.915,-3.232,-25.061
1714823145751,2024-05-04T14:45:45.751,69.280,-66.463,10.427,-29.085
1714823145761,2024-05-04T14:45:45.761,69.290,-84.573,18.171,-31.646
1714823145771,2024-05-04T14:45:45.771,69.300,-97.378,21.951,-22.988
1714823145781,2024-05-04T14:45:45.781,69.310,-105.671,31.037,-17.012
1714823145791,2024-05-04T14:45:45.791,69.320,-111.402,51.585,-15.732
1714823145801,2024-05-04T14:45:45.801,69.330,-115.000,72.195,-20.976
1714823145811,2024-05-04T14:45:45.811,69.340,-123.902,76.159,-33.659
1714823145821,2024-05-04T14:45:45.821,69.350,-140.610,68.659,-37.134
1714823145831,2024-05-04T14:45:45.831,69.360,-151.341,69.878,-16.402
1714823145841,2024-05-04T14:45:45.841,69.370,-175.244,58.171,-5.244
1714823145851,2024-05-04T14:45:45.851,69.380,-202.683,45.122,-4.878
1714823145861,2024-05-04T14:45:45.861,69.390,-193.354,26.037,-10.427
1714823145871,2024-05-04T14:45:45.871,69.400,-150.793,-45.183,-29.512
1714823145881,2024-05-04T14:45:45.881,69.410,-96.524,-87.439,1.463
1714823145891,2024-05-04T14:45:45.891,69.420,-65.000,-66.890,13.841
1714823145901,2024-05-04T14:45:45.901,69.430,-45.610,-23.537,-1.159
1714823145911,2024-05-04T14:45:45.911,69.440,-29.695,0.488,-1.037
1714823145921,2024-05-04T14:45:45.921,69.450,-15.732,-3.720,0.549
1714823145931,2024-05-04T14:45:45.931,69.460,2.561,-17.195,2.439
1714823145941,2024-05-04T14:45:45.941,69.470,20.732,-22.866,8.415
1714823145951,2024-05-04T14:45:45.951,69.480,29.573,-19.939,9.268
1714823145961,2024-05-04T14:45:45.961,69.490,31.037,-13.963,5.427
1714823145971,2024-05-04T14:45:45.971,69.500,31.646,-5.122,2.500
1714823145981,2024-05-04T14:45:45.981,69.510,32.378,3.902,1.768
1714823145991,2024-05-04T14:45:45.991,69.520,33.841,9.573,-0.793
1714823146001,2024-05-04T14:45:46.001,69.530,34.634,8.963,-2.134
1714823146011,2024-05-04T14:45:46.011,69.540,33.780,3.171,-0.366
1714823146021,2024-05-04T14:45:46.021,69.550,31.951,-4.512,0.061
1714823146031,2024-05-04T14:45:46.031,69.560,31.341,-8.598,-0.915
1714823146041,2024-05-04T14:45:46.041,69.570,32.927,-9.085,-0.793
1714823146051,2024-05-04T14:45:46.051,69.580,35.610,-11.280,0.854
1714823146061,2024-05-04T14:45:46.061,69.590,36.280,-17.012,3.902
1714823146071,2024-05-04T14:45:46.071,69.600,30.915,-25.549,5.366
1714823146081,2024-05-04T14:45:46.081,69.610,22.195,-34.512,1.890
1714823146091,2024-05-04T14:45:46.091,69.620,15.305,-38.780,-1.037
1714823146101,2024-05-04T14:45:46.101,69.630,12.622,-34.329,0.000
1714823146111,2024-05-04T14:45:46.111,69.640,14.085,-25.366,-0.488
1714823146121,2024-05-04T14:45:46.121,69.650,17.744,-13.476,-1.098
1714823146131,2024-05-04T14:45:46.131,69.660,21.890,-2.988,-0.244
1714823146141,2024-05-04T14:45:46.141,69.670,24.329,2.012,-0.427
1714823146151,2024-05-04T14:45:46.151,69.680,24.451,2.927,-1.646
1714823146161,2024-05-04T14:45:46.161,69.690,22.927,1.037,-2.317
1714823146171,2024-05-04T14:45:46.171,69.700,19.634,-3.049,-3.354
1714823146181,2024-05-04T14:45:46.181,69.710,17.744,-6.829,-2.256
1714823146191,2024-05-04T14:45:46.191,69.720,18.841,-6.768,1.585
1714823146201,2024-05-04T14:45:46.201,69.730,18.720,-9.024,5.122
1714823146211,2024-05-04T14:45:46.211,69.740,19.573,-17.012,5.793
1714823146221,2024-05-04T14:45:46.221,69.750,15.427,-18.049,4.451
1714823146231,2024-05-04T14:45:46.231,69.760,15.183,-9.268,4.390
1714823146241,2024-05-04T14:45:46.241,69.770,12.927,-2.134,3.293
1714823146251,2024-05-04T14:45:46.251,69.780,11.220,0.671,3.049
1714823146261,2024-05-04T14:45:46.261,69.790,9.207,-6.280,2.683
1714823146271,2024-05-04T14:45:46.271,69.800,9.268,-15.793,2.439
1714823146281,2024-05-04T14:45:46.281,69.810,5.366,-20.122,5.488
1714823146291,2024-05-04T14:45:46.291,69.820,2.500,-14.756,6.890
1714823146301,2024-05-04T14:45:46.301,69.830,4.451,-8.780,4.329
1714823146311,2024-05-04T14:45:46.311,69.840,6.524,-11.646,3.476
1714823146321,2024-05-04T14:45:46.321,69.850,3.720,-19.085,5.732
1714823146331,2024-05-04T14:45:46.331,69.860,-1.707,-23.171,5.305
1714823146341,2024-05-04T14:45:46.341,69.870,-4.085,-22.012,2.805
1714823146351,2024-05-04T14:45:46.351,69.880,-2.439,-17.683,0.610
1714823146361,2024-05-04T14:45:46.361,69.890,0.976,-12.317,-0.061
1714823146371,2024-05-04T14:45:46.371,69.900,3.659,-6.768,0.610
1714823146381,2024-05-04T14:45:46.381,69.910,4.573,-1.098,-0.305
1714823146391,2024-05-04T14:45:46.391,69.920,5.061,1.098,-2.439
1714823146401,2024-05-04T14:45:46.401,69.930,5.000,0.793,-2.500
1714823146411,2024-05-04T14:45:46.411,69.940,4.329,1.280,-1.890
1714823146421,2024-05-04T14:45:46.421,69.950,5.488,2.927,-0.671
1714823146431,2024-05-04T14:45:46.431,69.960,7.378,3.902,0.549
1714823146441,2024-05-04T14:45:46.441,69.970,8.780,3.659,1.402
1714823146451,2024-05-04T14:45:46.451,69.980,12.012,3.049,2.927
1714823146461,2024-05-04T14:45:46.461,69.990,13.537,3.110,3.415
1714823146471,2024-05-04T14:45:46.471,70.000,14.756,4.390,2.012
1714823146481,2024-05-04T14:45:46.481,70.010,17.622,5.000,0.366
1714823146491,2024-05-04T14:45:46.491,70.020,18.354,3.902,0.610
1714823146501,2024-05-04T14:45:46.501,70.030,17.256,3.659,1.341
1714823146511,2024-05-04T14:45:46.511,70.040,14.634,5.000,1.524
1714823146521,2024-05-04T14:45:46.521,70.050,13.049,9.573,0.488
1714823146531,2024-05-04T14:45:46.531,70.060,15.183,17.012,-1.768
1714823146541,2024-05-04T14:45:46.541,70.070,17.317,24.146,-2.988
1714823146551,2024-05-04T14:45:46.551,70.080,18.598,27.988,-2.439
1714823146561,2024-05-04T14:45:46.561,70.090,21.037,28.232,-0.305
1714823146571,2024-05-04T14:45:46.571,70.100,24.817,23.049,1.159
1714823146581,2024-05-04T14:45:46.581,70.110,28.049,13.293,1.890
1714823146591,2024-05-04T14:45:46.591,70.120,30.976,5.122,1.463
1714823146601,2024-05-04T14:45:46.601,70.130,35.122,1.341,-0.854
1714823146611,2024-05-04T14:45:46.611,70.140,40.549,-3.415,-4.024
1714823146621,2024-05-04T14:45:46.621,70.150,46.768,-12.988,-7.195
1714823146631,2024-05-04T14:45:46.631,70.160,55.000,-26.463,-10.122
1714823146641,2024-05-04T14:45:46.641,70.170,57.988,-41.829,-12.073
1714823146651,2024-05-04T14:45:46.651,70.180,50.610,-47.622,-13.841
1714823146661,2024-05-04T14:45:46.661,70.190,42.744,-35.000,-18.537
1714823146671,2024-05-04T14:45:46.671,70.200,39.878,-10.610,-24.207
1714823146681,2024-05-04T14:45:46.681,70.210,41.463,12.134,-27.134
1714823146691,2024-05-04T14:45:46.691,70.220,39.756,26.829,-30.427
1714823146701,2024-05-04T14:45:46.701,70.230,35.671,35.122,-34.207
1714823146711,2024-05-04T14:45:46.711,70.240,31.768,41.768,-37.378
1714823146721,2024-05-04T14:45:46.721,70.250,28.415,46.646,-42.683
1714823146731,2024-05-04T14:45:46.731,70.260,23.720,43.720,-46.646
1714823146741,2024-05-04T14:45:46.741,70.270,8.598,33.659,-46.402
1714823146751,2024-05-04T14:45:46.751,70.280,-9.817,18.659,-43.537
1714823146761,2024-05-04T14:45:46.761,70.290,-28.720,-2.744,-41.707
1714823146771,2024-05-04T14:45:46.771,70.300,-48.476,-25.122,-36.768
1714823146781,2024-05-04T14:45:46.781,70.310,-65.183,-37.683,-29.512
1714823146791,2024-05-04T14:45:46.791,70.320,-73.232,-33.598,-17.927
1714823146801,2024-05-04T14:45:46.801,70.330,-80.793,-18.963,-9.512
1714823146811,2024-05-04T14:45:46.811,70.340,-91.341,-1.585,1.159
1714823146821,2024-05-04T14:45:46.821,70.350,-104.512,10.061,8.902
1714823146831,2024-05-04T14:45:46.831,70.360,-112.866,13.354,11.829
1714823146841,2024-05-04T14:45:46.841,70.370,-120.122,10.000,19.024
1714823146851,2024-05-04T14:45:46.851,70.380,-132.134,24.390,32.988
1714823146861,2024-05-04T14:45:46.861,70.390,-142.073,64.085,30.671
1714823146871,2024-05-04T14:45:46.871,70.400,-151.768,123.293,21.220
1714823146881,2024-05-04T14:45:46.881,70.410,-167.195,163.232,11.890
1714823146891,2024-05-04T14:45:46.891,70.420,-169.146,154.146,-1.341
1714823146901,2024-05-04T14:45:46.901,70.430,-154.939,132.195,4.756
1714823146911,2024-05-04T14:45:46.911,70.440,-136.646,127.195,16.037
1714823146921,2024-05-04T14:45:46.921,70.450,-122.805,151.037,21.402
1714823146931,2024-05-04T14:45:46.931,70.460,-96.646,169.268,19.024
1714823146941,2024-05-04T14:45:46.941,70.470,-61.159,149.695,11.402
1714823146951,2024-05-04T14:45:46.951,70.480,-26.037,103.659,10.122
1714823146961,2024-05-04T14:45:46.961,70.490,-4.024,59.756,11.037
1714823146971,2024-05-04T14:45:46.971,70.500,0.793,30.976,15.183
1714823146981,2024-05-04T14:45:46.981,70.510,8.110,9.695,21.098
1714823146991,2024-05-04T14:45:46.991,70.520,24.512,-7.622,21.646
1714823147001,2024-05-04T14:45:47.001,70.530,38.659,-12.439,20.000
1714823147011,2024-05-04T14:45:47.011,70.540,39.512,-3.780,17.927
1714823147021,2024-05-04T14:45:47.021,70.550,35.305,6.524,14.878
1714823147031,2024-05-04T14:45:47.031,70.560,35.976,10.732,12.012
1714823147041,2024-05-04T14:45:47.041,70.570,36.951,11.220,10.976
1714823147051,2024-05-04T14:45:47.051,70.580,36.402,12.134,11.220
1714823147061,2024-05-04T14:45:47.061,70.590,35.122,12.744,10.610
1714823147071,2024-05-04T14:45:47.071,70.600,31.098,12.256,9.451
1714823147081,2024-05-04T14:45:47.081,70.610,30.000,12.012,9.268
1714823147091,2024-05-04T14:45:47.091,70.620,32.683,6.098,8.902
1714823147101,2024-05-04T14:45:47.101,70.630,34.451,-6.098,6.524
1714823147111,2024-05-04T14:45:47.111,70.640,35.000,-17.683,5.244
1714823147121,2024-05-04T14:45:47.121,70.650,35.793,-27.500,5.366
1714823147131,2024-05-04T14:45:47.131,70.660,38.415,-36.707,5.183
1714823147141,2024-05-04T14:45:47.141,70.670,43.354,-45.976,3.780
1714823147151,2024-05-04T14:45:47.151,70.680,47.805,-57.622,4.634
1714823147161,2024-05-04T14:45:47.161,70.690,50.976,-70.061,7.378
1714823147171,2024-05-04T14:45:47.171,70.700,52.805,-79.329,7.805
1714823147181,2024-05-04T14:45:47.181,70.710,54.756,-84.268,5.122
1714823147191,2024-05-04T14:45:47.191,70.720,55.183,-87.073,3.476
1714823147201,2024-05-04T14:45:47.201,70.730,55.305,-88.110,1.098
1714823147211,2024-05-04T14:45:47.211,70.740,57.073,-90.732,2.073
1714823147221,2024-05-04T14:45:47.221,70.750,57.317,-97.622,4.329
1714823147231,2024-05-04T14:45:47.231,70.760,52.805,-100.915,4.390
1714823147241,2024-05-04T14:45:47.241,70.770,53.110,-101.829,8.902
1714823147251,2024-05-04T14:45:47.251,70.780,63.537,-103.841,13.415
1714823147261,2024-05-04T14:45:47.261,70.790,61.829,-109.207,7.378
1714823147271,2024-05-04T14:45:47.271,70.800,50.671,-89.695,1.585
1714823147281,2024-05-04T14:45:47.281,70.810,42.866,-29.512,4.329
1714823147291,2024-05-04T14:45:47.291,70.820,41.646,44.878,7.012
1714823147301,2024-05-04T14:45:47.301,70.830,44.573,80.305,-8.110
1714823147311,2024-05-04T14:45:47.311,70.840,52.439,66.220,-2.561
1714823147321,2024-05-04T14:45:47.321,70.850,48.720,28.902,9.024
1714823147331,2024-05-04T14:45:47.331,70.860,26.098,-28.049,8.598
1714823147341,2024-05-04T14:45:47.341,70.870,8.963,-58.537,19.817
1714823147351,2024-05-04T14:45:47.351,70.880,4.756,-55.610,16.585
1714823147361,2024-05-04T14:45:47.361,70.890,8.232,-57.012,5.610
1714823147371,2024-05-04T14:45:47.371,70.900,8.232,-64.573,7.195
1714823147381,2024-05-04T14:45:47.381,70.910,5.183,-61.220,10.183
1714823147391,2024-05-04T14:45:47.391,70.920,3.415,-46.951,7.500
1714823147401,2024-05-04T14:45:47.401,70.930,2.622,-30.854,6.585
1714823147411,2024-05-04T14:45:47.411,70.940,2.256,-16.341,8.110
1714823147421,2024-05-04T14:45:47.421,70.950,2.073,-7.561,6.098
1714823147431,2024-05-04T14:45:47.431,70.960,2.195,-4.939,4.085
1714823147441,2024-05-04T14:45:47.441,70.970,4.939,-3.354,4.390
1714823147451,2024-05-04T14:45:47.451,70.980,7.317,-2.683,3.963
1714823147461,2024-05-04T14:45:47.461,70.990,7.134,-3.902,3.780
1714823147471,2024-05-04T14:45:47.471,71.000,6.341,-5.976,4.817
1714823147481,2024-05-04T14:45:47.481,71.010,6.341,-8.415,6.037
1714823147491,2024-05-04T14:45:47.491,71.020,5.549,-9.329,7.378
1714823147501,2024-05-04T14:45:47.501,71.030,5.183,-7.805,7.134
1714823147511,2024-05-04T14:45:47.511,71.040,6.829,-5.976,5.610
1714823147521,2024-05-04T14:45:47.521,71.050,10.244,-3.963,5.366
1714823147531,2024-05-04T14:45:47.531,71.060,14.268,1.402,6.402
1714823147541,2024-05-04T14:45:47.541,71.070,16.707,9.695,5.793
1714823147551,2024-05-04T14:45:47.551,71.080,16.829,17.683,3.232
1714823147561,2024-05-04T14:45:47.561,71.090,16.341,22.317,0.122
1714823147571,2024-05-04T14:45:47.571,71.100,16.220,23.720,-1.646
1714823147581,2024-05-04T14:45:47.581,71.110,15.854,23.110,-2.256
1714823147591,2024-05-04T14:45:47.591,71.120,18.537,23.720,-2.988
1714823147601,2024-05-04T14:45:47.601,71.130,20.793,23.476,-6.707
1714823147611,2024-05-04T14:45:47.611,71.140,22.744,21.585,-9.390
1714823147621,2024-05-04T14:45:47.621,71.150,23.171,21.098,-7.134
1714823147631,2024-05-04T14:45:47.631,71.160,25.488,20.488,-8.293
1714823147641,2024-05-04T14:45:47.641,71.170,24.695,16.646,-6.524
1714823147651,2024-05-04T14:45:47.651,71.180,19.695,15.305,-5.183
1714823147661,2024-05-04T14:45:47.661,71.190,15.549,18.963,-6.829
1714823147671,2024-05-04T14:45:47.671,71.200,16.037,23.780,-10.488
1714823147681,2024-05-04T14:45:47.681,71.210,14.756,25.976,-13.171
1714823147691,2024-05-04T14:45:47.691,71.220,11.341,30.915,-14.207
1714823147701,2024-05-04T14:45:47.701,71.230,12.622,34.878,-16.524
1714823147711,2024-05-04T14:45:47.711,71.240,14.512,35.305,-19.390
1714823147721,2024-05-04T14:45:47.721,71.250,17.378,30.061,-21.220
1714823147731,2024-05-04T14:45:47.731,71.260,17.988,19.329,-22.988
1714823147741,2024-05-04T14:45:47.741,71.270,14.634,7.134,-23.963
1714823147751,2024-05-04T14:45:47.751,71.280,9.512,2.500,-24.695
1714823147761,2024-05-04T14:45:47.761,71.290,6.402,7.439,-28.049
1714823147771,2024-05-04T14:45:47.771,71.300,3.963,17.073,-29.939
1714823147781,2024-05-04T14:45:47.781,71.310,0.183,26.220,-28.049
1714823147791,2024-05-04T14:45:47.791,71.320,-6.037,31.768,-25.732
1714823147801,2024-05-04T14:45:47.801,71.330,-15.732,31.646,-23.049
1714823147811,2024-05-04T14:45:47.811,71.340,-27.927,24.024,-19.695
1714823147821,2024-05-04T14:45:47.821,71.350,-42.134,11.463,-18.293
1714823147831,2024-05-04T14:45:47.831,71.360,-56.463,0.000,-16.768
1714823147841,2024-05-04T14:45:47.841,71.370,-68.963,-3.232,-12.988
1714823147851,2024-05-04T14:45:47.851,71.380,-82.012,4.756,-10.610
1714823147861,2024-05-04T14:45:47.861,71.390,-95.549,27.073,-8.780
1714823147871,2024-05-04T14:45:47.871,71.400,-107.378,57.622,-8.659
1714823147881,2024-05-04T14:45:47.881,71.410,-116.524,84.146,-10.244
1714823147891,2024-05-04T14:45:47.891,71.420,-123.598,102.378,-8.476
1714823147901,2024-05-04T14:45:47.901,71.430,-126.280,119.634,-10.305
1714823147911,2024-05-04T14:45:47.911,71.440,-128.171,144.085,-19.756
1714823147921,2024-05-04T14:45:47.921,71.450,-137.256,170.244,-30.183
1714823147931,2024-05-04T14:45:47.931,71.460,-157.744,172.683,-39.085
1714823147941,2024-05-04T14:45:47.941,71.470,-174.634,145.976,-32.256
1714823147951,2024-05-04T14:45:47.951,71.480,-174.878,132.805,-14.146
1714823147961,2024-05-04T14:45:47.961,71.490,-164.268,159.756,1.159
1714823147971,2024-05-04T14:45:47.971,71.500,-129.939,141.159,21.220
1714823147981,2024-05-04T14:45:47.981,71.510,-86.646,96.280,26.341
1714823147991,2024-05-04T14:45:47.991,71.520,-45.610,33.902,11.220
1714823148001,2024-05-04T14:45:48.001,71.530,-9.634,-29.512,10.244
1714823148011,2024-05-04T14:45:48.011,71.540,14.573,-68.902,22.012
1714823148021,2024-05-04T14:45:48.021,71.550,30.122,-92.195,30.427
1714823148031,2024-05-04T14:45:48.031,71.560,43.963,-105.854,30.732
1714823148041,2024-05-04T14:45:48.041,71.570,54.329,-107.195,27.195
1714823148051,2024-05-04T14:45:48.051,71.580,56.707,-96.463,22.988
1714823148061,2024-05-04T14:45:48.061,71.590,52.866,-81.098,18.720
1714823148071,2024-05-04T14:45:48.071,71.600,47.805,-66.220,10.915
1714823148081,2024-05-04T14:45:48.081,71.610,44.756,-51.829,2.012
1714823148091,2024-05-04T14:45:48.091,71.620,44.878,-35.915,-2.988
1714823148101,2024-05-04T14:45:48.101,71.630,44.634,-22.622,-1.951
1714823148111,2024-05-04T14:45:48.111,71.640,43.110,-17.622,0.854
1714823148121,2024-05-04T14:45:48.121,71.650,41.524,-20.122,2.622
1714823148131,2024-05-04T14:45:48.131,71.660,41.159,-27.317,4.817
1714823148141,2024-05-04T14:45:48.141,71.670,40.183,-36.280,5.366
1714823148151,2024-05-04T14:45:48.151,71.680,42.317,-44.878,4.878
1714823148161,2024-05-04T14:45:48.161,71.690,47.378,-52.805,2.988
1714823148171,2024-05-04T14:45:48.171,71.700,51.646,-60.427,0.427
1714823148181,2024-05-04T14:45:48.181,71.710,51.951,-67.744,-0.671
1714823148191,2024-05-04T14:45:48.191,71.720,48.293,-74.024,-2.439
1714823148201,2024-05-04T14:45:48.201,71.730,45.976,-78.841,-7.256
1714823148211,2024-05-04T14:45:48.211,71.740,46.280,-77.195,-10.732
1714823148221,2024-05-04T14:45:48.221,71.750,47.805,-64.390,-11.829
1714823148231,2024-05-04T14:45:48.231,71.760,47.866,-42.561,-12.500
1714823148241,2024-05-04T14:45:48.241,71.770,44.634,-19.878,-11.159
1714823148251,2024-05-04T14:45:48.251,71.780,40.549,2.317,-8.841
1714823148261,2024-05-04T14:45:48.261,71.790,37.805,21.585,-7.317
1714823148271,2024-05-04T14:45:48.271,71.800,35.427,28.659,-7.439
1714823148281,2024-05-04T14:45:48.281,71.810,31.037,20.000,-7.195
1714823148291,2024-05-04T14:45:48.291,71.820,25.671,-1.220,-2.378
1714823148301,2024-05-04T14:45:48.301,71.830,21.341,-30.366,-1.159
1714823148311,2024-05-04T14:45:48.311,71.840,12.134,-40.732,2.073
1714823148321,2024-05-04T14:45:48.321,71.850,14.939,-17.195,11.951
1714823148331,2024-05-04T14:45:48.331,71.860,21.463,14.695,10.732
1714823148341,2024-05-04T14:45:48.341,71.870,18.963,24.390,2.622
1714823148351,2024-05-04T14:45:48.351,71.880,14.939,10.427,1.768
1714823148361,2024-05-04T14:45:48.361,71.890,11.159,-8.049,3.902
1714823148371,2024-05-04T14:45:48.371,71.900,11.585,-14.207,2.134
1714823148381,2024-05-04T14:45:48.381,71.910,12.073,-11.341,-1.280
1714823148391,2024-05-04T14:45:48.391,71.920,10.549,-8.415,-0.549
1714823148401,2024-05-04T14:45:48.401,71.930,9.512,-8.659,1.951
1714823148411,2024-05-04T14:45:48.411,71.940,10.366,-10.305,3.354
1714823148421,2024-05-04T14:45:48.421,71.950,12.744,-9.634,4.207
1714823148431,2024-05-04T14:45:48.431,71.960,13.659,-7.561,3.780
1714823148441,2024-05-04T14:45:48.441,71.970,12.805,-6.280,2.866
1714823148451,2024-05-04T14:45:48.451,71.980,11.098,-7.622,2.561
1714823148461,2024-05-04T14:45:48.461,71.990,9.878,-11.768,2.805
1714823148471,2024-05-04T14:45:48.471,72.000,9.329,-16.159,3.476
1714823148481,2024-05-04T14:45:48.481,72.010,8.659,-18.780,3.171
1714823148491,2024-05-04T14:45:48.491,72.020,8.415,-17.622,3.049
1714823148501,2024-05-04T14:45:48.501,72.030,8.902,-12.500,3.232
1714823148511,2024-05-04T14:45:48.511,72.040,8.354,-6.280,3.049
1714823148521,2024-05-04T14:45:48.521,72.050,7.622,-2.744,2.561
1714823148531,2024-05-04T14:45:48.531,72.060,5.793,-5.244,1.585
1714823148541,2024-05-04T14:45:48.541,72.070,4.024,-11.463,1.524
1714823148551,2024-05-04T14:45:48.551,72.080,3.598,-16.951,2.683
1714823148561,2024-05-04T14:45:48.561,72.090,4.634,-18.963,3.841
1714823148571,2024-05-04T14:45:48.571,72.100,6.220,-18.049,5.244
1714823148581,2024-05-04T14:45:48.581,72.110,7.622,-16.220,6.402
1714823148591,2024-05-04T14:45:48.591,72.120,7.622,-14.573,6.524
1714823148601,2024-05-04T14:45:48.601,72.130,6.707,-14.085,6.037
1714823148611,2024-05-04T14:45:48.611,72.140,5.061,-14.390,5.061
1714823148621,2024-05-04T14:45:48.621,72.150,4.817,-14.573,3.841
1714823148631,2024-05-04T14:45:48.631,72.160,9.146,-13.354,4.512
1714823148641,2024-05-04T14:45:48.641,72.170,16.098,-14.878,6.159
1714823148651,2024-05-04T14:45:48.651,72.180,19.512,-20.976,6.707
1714823148661,2024-05-04T14:45:48.661,72.190,21.524,-28.171,8.171
1714823148671,2024-05-04T14:45:48.671,72.200,22.195,-35.061,9.695
1714823148681,2024-05-04T14:45:48.681,72.210,22.744,-36.585,11.341
1714823148691,2024-05-04T14:45:48.691,72.220,24.329,-31.890,10.793
1714823148701,2024-05-04T14:45:48.701,72.230,27.073,-28.110,8.841
1714823148711,2024-05-04T14:45:48.711,72.240,31.524,-31.341,10.000
1714823148721,2024-05-04T14:45:48.721,72.250,37.439,-48.293,12.744
1714823148731,2024-05-04T14:45:48.731,72.260,37.744,-79.024,15.305
1714823148741,2024-05-04T14:45:48.741,72.270,30.427,-112.561,15.183
1714823148751,2024-05-04T14:45:48.751,72.280,22.866,-135.061,8.963
1714823148761,2024-05-04T14:45:48.761,72.290,21.280,-137.988,0.793
1714823148771,2024-05-04T14:45:48.771,72.300,19.207,-117.622,-5.427
1714823148781,2024-05-04T14:45:48.781,72.310,19.878,-79.512,-11.768
1714823148791,2024-05-04T14:45:48.791,72.320,24.939,-42.317,-19.268
1714823148801,2024-05-04T14:45:48.801,72.330,28.780,-20.244,-24.817
1714823148811,2024-05-04T14:45:48.811,72.340,27.805,-13.780,-29.146
1714823148821,2024-05-04T14:45:48.821,72.350,16.951,-17.012,-35.061
1714823148831,2024-05-04T14:45:48.831,72.360,2.744,-18.476,-39.207
1714823148841,2024-05-04T14:45:48.841,72.370,-11.159,-12.195,-40.549
1714823148851,2024-05-04T14:45:48.851,72.380,-26.768,-6.707,-41.951
1714823148861,2024-05-04T14:45:48.861,72.390,-44.085,-10.366,-39.634
1714823148871,2024-05-04T14:45:48.871,72.400,-63.232,-15.732,-35.976
1714823148881,2024-05-04T14:45:48.881,72.410,-76.098,-5.671,-27.988
1714823148891,2024-05-04T14:45:48.891,72.420,-86.220,23.354,-15.244
1714823148901,2024-05-04T14:45:48.901,72.430,-101.159,65.183,-2.256
1714823148911,2024-05-04T14:45:48.911,72.440,-116.341,110.488,9.146
1714823148921,2024-05-04T14:45:48.921,72.450,-131.037,151.341,15.427
1714823148931,2024-05-04T14:45:48.931,72.460,-133.476,186.098,17.561
1714823148941,2024-05-04T14:45:48.941,72.470,-127.866,205.671,21.524
1714823148951,2024-05-04T14:45:48.951,72.480,-151.037,213.841,27.134
1714823148961,2024-05-04T14:45:48.961,72.490,-162.134,231.220,22.683
1714823148971,2024-05-04T14:45:48.971,72.500,-153.902,215.671,8.232
1714823148981,2024-05-04T14:45:48.981,72.510,-160.366,176.768,-11.341
1714823148991,2024-05-04T14:45:48.991,72.520,-171.220,151.768,-5.732
1714823149001,2024-05-04T14:45:49.001,72.530,-179.329,147.317,5.305
1714823149011,2024-05-04T14:45:49.011,72.540,-172.805,146.951,5.427
1714823149021,2024-05-04T14:45:49.021,72.550,-141.463,132.805,10.549
1714823149031,2024-05-04T14:45:49.031,72.560,-103.963,118.293,18.963
1714823149041,2024-05-04T14:45:49.041,72.570,-78.354,112.866,25.183
1714823149051,2024-05-04T14:45:49.051,72.580,-53.293,113.110,33.049
1714823149061,2024-05-04T14:45:49.061,72.590,-18.598,113.841,37.561
1714823149071,2024-05-04T14:45:49.071,72.600,18.049,109.207,36.585
1714823149081,2024-05-04T14:45:49.081,72.610,44.451,94.634,38.720
1714823149091,2024-05-04T14:45:49.091,72.620,61.707,74.146,43.720
1714823149101,2024-05-04T14:45:49.101,72.630,72.805,53.659,44.390
1714823149111,2024-05-04T14:45:49.111,72.640,74.756,36.159,39.634
1714823149121,2024-05-04T14:45:49.121,72.650,70.427,21.098,33.659
1714823149131,2024-05-04T14:45:49.131,72.660,66.341,7.988,28.354
1714823149141,2024-05-04T14:45:49.141,72.670,64.512,-5.488,23.171
1714823149151,2024-05-04T14:45:49.151,72.680,64.451,-23.841,18.598
1714823149161,2024-05-04T14:45:49.161,72.690,65.610,-48.720,15.793
1714823149171,2024-05-04T14:45:49.171,72.700,66.402,-77.256,13.049
1714823149181,2024-05-04T14:45:49.181,72.710,67.317,-100.915,10.122
1714823149191,2024-05-04T14:45:49.191,72.720,66.585,-117.073,8.415
1714823149201,2024-05-04T14:45:49.201,72.730,66.951,-128.902,8.476
1714823149211,2024-05-04T14:45:49.211,72.740,68.049,-137.988,6.829
1714823149221,2024-05-04T14:45:49.221,72.750,66.098,-138.841,4.573
1714823149231,2024-05-04T14:45:49.231,72.760,63.354,-133.963,3.049
1714823149241,2024-05-04T14:45:49.241,72.770,62.378,-128.659,0.244
1714823149251,2024-05-04T14:45:49.251,72.780,62.256,-125.854,-3.780
1714823149261,2024-05-04T14:45:49.261,72.790,60.305,-124.024,-5.915
1714823149271,2024-05-04T14:45:49.271,72.800,56.463,-119.207,-6.524
1714823149281,2024-05-04T14:45:49.281,72.810,53.049,-107.073,-7.683
1714823149291,2024-05-04T14:45:49.291,72.820,51.220,-88.963,-8.841
1714823149301,2024-05-04T14:45:49.301,72.830,50.488,-68.780,-7.561
1714823149311,2024-05-04T14:45:49.311,72.840,48.598,-49.451,-6.707
1714823149321,2024-05-04T14:45:49.321,72.850,45.854,-32.317,-6.220
1714823149331,2024-05-04T14:45:49.331,72.860,39.268,-20.244,-4.390
1714823149341,2024-05-04T14:45:49.341,72.870,33.841,-14.512,-5.610
1714823149351,2024-05-04T14:45:49.351,72.880,30.488,-18.354,-8.841
1714823149361,2024-05-04T14:45:49.361,72.890,27.561,-28.293,-12.012
1714823149371,2024-05-04T14:45:49.371,72.900,26.463,-41.768,-11.646
1714823149381,2024-05-04T14:45:49.381,72.910,19.207,-48.780,-5.732
1714823149391,2024-05-04T14:45:49.391,72.920,16.463,-30.305,0.427
1714823149401,2024-05-04T14:45:49.401,72.930,21.646,-13.780,-3.841
1714823149411,2024-05-04T14:45:49.411,72.940,14.573,-11.280,-1.402
1714823149421,2024-05-04T14:45:49.421,72.950,2.988,-5.854,7.317
1714823149431,2024-05-04T14:45:49.431,72.960,-0.976,-0.427,4.695
1714823149441,2024-05-04T14:45:49.441,72.970,2.683,-3.720,-0.427
1714823149451,2024-05-04T14:45:49.451,72.980,2.256,-15.061,-1.280
1714823149461,2024-05-04T14:45:49.461,72.990,0.976,-23.476,-0.793
1714823149471,2024-05-04T14:45:49.471,73.000,1.524,-26.707,-1.524
1714823149481,2024-05-04T14:45:49.481,73.010,1.768,-26.280,-0.793
1714823149491,2024-05-04T14:45:49.491,73.020,-0.549,-22.805,2.805
1714823149501,2024-05-04T14:45:49.501,73.030,-1.585,-17.256,4.146
1714823149511,2024-05-04T14:45:49.511,73.040,-1.341,-15.671,3.049
1714823149521,2024-05-04T14:45:49.521,73.050,-0.427,-16.098,2.439
1714823149531,2024-05-04T14:45:49.531,73.060,-0.427,-15.427,2.012
1714823149541,2024-05-04T14:45:49.541,73.070,-0.366,-12.866,0.915
1714823149551,2024-05-04T14:45:49.551,73.080,0.305,-10.915,-0.183
1714823149561,2024-05-04T14:45:49.561,73.090,0.854,-11.098,-1.037
1714823149571,2024-05-04T14:45:49.571,73.100,-0.061,-11.341,-1.585
1714823149581,2024-05-04T14:45:49.581,73.110,-1.951,-10.671,-1.829
1714823149591,2024-05-04T14:45:49.591,73.120,-2.927,-7.073,-2.012
1714823149601,2024-05-04T14:45:49.601,73.130,-2.927,-4.024,-2.866
1714823149611,2024-05-04T14:45:49.611,73.140,-3.293,-4.207,-2.988
1714823149621,2024-05-04T14:45:49.621,73.150,-3.659,-5.061,-2.500
1714823149631,2024-05-04T14:45:49.631,73.160,-2.622,-4.573,-2.622
1714823149641,2024-05-04T14:45:49.641,73.170,-1.280,-3.780,-1.951
1714823149651,2024-05-04T14:45:49.651,73.180,-0.488,-1.768,-1.159
1714823149661,2024-05-04T14:45:49.661,73.190,-0.183,-0.366,-0.671
1714823149671,2024-05-04T14:45:49.671,73.200,0.366,-0.671,0.183
1714823149681,2024-05-04T14:45:49.681,73.210,1.524,-1.159,0.671
1714823149691,2024-05-04T14:45:49.691,73.220,4.268,-2.195,0.122
1714823149701,2024-05-04T14:45:49.701,73.230,11.341,-4.146,3.110
1714823149711,2024-05-04T14:45:49.711,73.240,16.829,-5.427,5.549
1714823149721,2024-05-04T14:45:49.721,73.250,22.317,-1.829,5.061
1714823149731,2024-05-04T14:45:49.731,73.260,25.305,-0.305,7.500
1714823149741,2024-05-04T14:45:49.741,73.270,26.951,-0.488,12.622
1714823149751,2024-05-04T14:45:49.751,73.280,32.622,-1.585,16.341
1714823149761,2024-05-04T14:45:49.761,73.290,38.659,-12.195,16.220
1714823149771,2024-05-04T14:45:49.771,73.300,35.122,-33.171,16.890
1714823149781,2024-05-04T14:45:49.781,73.310,20.793,-48.232,15.549
1714823149791,2024-05-04T14:45:49.791,73.320,9.573,-45.976,6.524
1714823149801,2024-05-04T14:45:49.801,73.330,14.939,-31.463,-4.207
1714823149811,2024-05-04T14:45:49.811,73.340,29.817,-17.317,-7.866
1714823149821,2024-05-04T14:45:49.821,73.350,41.951,-9.878,-6.951
1714823149831,2024-05-04T14:45:49.831,73.360,47.805,-9.512,-9.329
1714823149841,2024-05-04T14:45:49.841,73.370,50.305,-12.073,-10.976
1714823149851,2024-05-04T14:45:49.851,73.380,51.341,-15.488,-11.707
1714823149861,2024-05-04T14:45:49.861,73.390,52.439,-14.695,-13.780
1714823149871,2024-05-04T14:45:49.871,73.400,54.390,-4.817,-14.939
1714823149881,2024-05-04T14:45:49.881,73.410,56.463,5.183,-15.061
1714823149891,2024-05-04T14:45:49.891,73.420,53.293,12.805,-15.976
1714823149901,2024-05-04T14:45:49.901,73.430,46.646,24.939,-18.415
1714823149911,2024-05-04T14:45:49.911,73.440,41.524,39.390,-21.037
1714823149921,2024-05-04T14:45:49.921,73.450,39.207,50.000,-25.122
1714823149931,2024-05-04T14:45:49.931,73.460,38.415,54.695,-29.756
1714823149941,2024-05-04T14:45:49.941,73.470,29.390,56.707,-34.756
1714823149951,2024-05-04T14:45:49.951,73.480,12.622,68.780,-37.744
1714823149961,2024-05-04T14:45:49.961,73.490,2.256,92.927,-38.902
1714823149971,2024-05-04T14:45:49.971,73.500,-0.061,114.085,-40.671
1714823149981,2024-05-04T14:45:49.981,73.510,-8.720,115.122,-43.232
1714823149991,2024-05-04T14:45:49.991,73.520,-28.110,97.927,-38.110
1714823150001,2024-05-04T14:45:50.001,73.530,-58.354,72.500,-30.915
1714823150011,2024-05-04T14:45:50.011,73.540,-89.085,58.841,-27.805
1714823150021,2024-05-04T14:45:50.021,73.550,-113.902,64.878,-36.890
1714823150031,2024-05-04T14:45:50.031,73.560,-126.585,92.439,-34.268
1714823150041,2024-05-04T14:45:50.041,73.570,-135.427,113.780,-20.976
1714823150051,2024-05-04T14:45:50.051,73.580,-147.561,125.183,-18.049
1714823150061,2024-05-04T14:45:50.061,73.590,-152.988,119.024,-31.037
1714823150071,2024-05-04T14:45:50.071,73.600,-163.293,99.451,-46.037
1714823150081,2024-05-04T14:45:50.081,73.610,-168.659,101.463,-36.402
1714823150091,2024-05-04T14:45:50.091,73.620,-178.354,112.683,-20.366
1714823150101,2024-05-04T14:45:50.101,73.630,-200.244,128.171,-22.317
1714823150111,2024-05-04T14:45:50.111,73.640,-208.902,132.500,-38.049
1714823150121,2024-05-04T14:45:50.121,73.650,-197.073,112.439,-42.012
1714823150131,2024-05-04T14:45:50.131,73.660,-182.317,90.244,-24.085
1714823150141,2024-05-04T14:45:50.141,73.670,-165.305,83.110,-11.524
1714823150151,2024-05-04T14:45:50.151,73.680,-145.671,80.854,3.841
1714823150161,2024-05-04T14:45:50.161,73.690,-105.061,70.061,17.927
1714823150171,2024-05-04T14:45:50.171,73.700,-52.561,45.305,16.159
1714823150181,2024-05-04T14:45:50.181,73.710,-12.744,9.878,20.000
1714823150191,2024-05-04T14:45:50.191,73.720,13.902,-21.159,31.098
1714823150201,2024-05-04T14:45:50.201,73.730,38.110,-31.585,37.317
1714823150211,2024-05-04T14:45:50.211,73.740,61.341,-24.817,42.439
1714823150221,2024-05-04T14:45:50.221,73.750,74.146,-18.171,44.939
1714823150231,2024-05-04T14:45:50.231,73.760,74.024,-17.683,42.378
1714823150241,2024-05-04T14:45:50.241,73.770,67.805,-20.671,34.085
1714823150251,2024-05-04T14:45:50.251,73.780,60.244,-27.073,24.634
1714823150261,2024-05-04T14:45:50.261,73.790,54.756,-37.927,19.024
1714823150271,2024-05-04T14:45:50.271,73.800,51.890,-52.805,16.646
1714823150281,2024-05-04T14:45:50.281,73.810,50.976,-70.671,14.268
1714823150291,2024-05-04T14:45:50.291,73.820,51.585,-91.098,12.195
1714823150301,2024-05-04T14:45:50.301,73.830,51.646,-108.902,11.159
1714823150311,2024-05-04T14:45:50.311,73.840,53.171,-117.683,11.890
1714823150321,2024-05-04T14:45:50.321,73.850,54.329,-121.220,11.402
1714823150331,2024-05-04T14:45:50.331,73.860,52.012,-125.366,8.293
1714823150341,2024-05-04T14:45:50.341,73.870,49.085,-131.341,7.500
1714823150351,2024-05-04T14:45:50.351,73.880,48.963,-139.939,6.341
1714823150361,2024-05-04T14:45:50.361,73.890,52.805,-147.256,4.695
1714823150371,2024-05-04T14:45:50.371,73.900,57.500,-151.098,3.902
1714823150381,2024-05-04T14:45:50.381,73.910,55.976,-144.024,2.805
1714823150391,2024-05-04T14:45:50.391,73.920,49.268,-123.902,1.646
1714823150401,2024-05-04T14:45:50.401,73.930,41.890,-100.427,0.427
1714823150411,2024-05-04T14:45:50.411,73.940,38.476,-80.061,-1.951
1714823150421,2024-05-04T14:45:50.421,73.950,40.427,-56.585,-1.280
1714823150431,2024-05-04T14:45:50.431,73.960,41.768,-34.207,0.793
1714823150441,2024-05-04T14:45:50.441,73.970,40.488,-20.671,3.902
1714823150451,2024-05-04T14:45:50.451,73.980,37.805,-14.451,8.110
1714823150461,2024-05-04T14:45:50.461,73.990,33.049,-15.183,9.268
1714823150471,2024-05-04T14:45:50.471,74.000,27.195,-23.354,8.841
1714823150481,2024-05-04T14:45:50.481,74.010,21.524,-30.244,10.427
1714823150491,2024-05-04T14:45:50.491,74.020,12.744,-33.476,11.280
1714823150501,2024-05-04T14:45:50.501,74.030,7.927,-25.793,15.244
1714823150511,2024-05-04T14:45:50.511,74.040,9.939,-17.683,20.671
1714823150521,2024-05-04T14:45:50.521,74.050,5.976,-23.171,19.939
1714823150531,2024-05-04T14:45:50.531,74.060,1.098,-32.622,19.024
1714823150541,2024-05-04T14:45:50.541,74.070,-1.585,-43.293,15.488
1714823150551,2024-05-04T14:45:50.551,74.080,-3.476,-48.720,13.293
1714823150561,2024-05-04T14:45:50.561,74.090,-7.134,-44.756,14.329
1714823150571,2024-05-04T14:45:50.571,74.100,-8.598,-37.561,13.963
1714823150581,2024-05-04T14:45:50.581,74.110,-8.171,-36.341,11.585
1714823150591,2024-05-04T14:45:50.591,74.120,-7.866,-37.439,9.817
1714823150601,2024-05-04T14:45:50.601,74.130,-6.098,-32.195,9.329
1714823150611,2024-05-04T14:45:50.611,74.140,-2.866,-20.488,7.744
1714823150621,2024-05-04T14:45:50.621,74.150,0.183,-10.305,5.549
1714823150631,2024-05-04T14:45:50.631,74.160,-0.183,-8.720,5.549
1714823150641,2024-05-04T14:45:50.641,74.170,-2.561,-11.890,7.744
1714823150651,2024-05-04T14:45:50.651,74.180,-4.207,-14.817,9.207
1714823150661,2024-05-04T14:45:50.661,74.190,-4.024,-13.476,10.732
1714823150671,2024-05-04T14:45:50.671,74.200,-3.110,-7.683,12.500
1714823150681,2024-05-04T14:45:50.681,74.210,-2.988,-1.890,14.024
1714823150691,2024-05-04T14:45:50.691,74.220,-5.549,1.707,14.939
1714823150701,2024-05-04T14:45:50.701,74.230,-10.671,5.061,12.439
1714823150711,2024-05-04T14:45:50.711,74.240,-12.134,7.805,8.476
1714823150721,2024-05-04T14:45:50.721,74.250,-7.805,6.280,9.207
1714823150731,2024-05-04T14:45:50.731,74.260,-5.854,-1.037,8.902
1714823150741,2024-05-04T14:45:50.741,74.270,-4.512,-5.610,6.829
1714823150751,2024-05-04T14:45:50.751,74.280,-1.524,-11.037,6.585
1714823150761,2024-05-04T14:45:50.761,74.290,3.963,-14.817,5.122
1714823150771,2024-05-04T14:45:50.771,74.300,10.122,-14.573,3.963
1714823150781,2024-05-04T14:45:50.781,74.310,16.098,-10.488,2.927
1714823150791,2024-05-04T14:45:50.791,74.320,22.744,-0.183,0.732
1714823150801,2024-05-04T14:45:50.801,74.330,26.951,10.427,1.707
1714823150811,2024-05-04T14:45:50.811,74.340,25.854,18.354,4.573
1714823150821,2024-05-04T14:45:50.821,74.350,22.805,21.341,6.768
1714823150831,2024-05-04T14:45:50.831,74.360,24.329,16.585,6.829
1714823150841,2024-05-04T14:45:50.841,74.370,30.732,1.220,6.585
1714823150851,2024-05-04T14:45:50.851,74.380,34.634,-19.085,10.122
1714823150861,2024-05-04T14:45:50.861,74.390,35.488,-38.963,9.573
1714823150871,2024-05-04T14:45:50.871,74.400,36.341,-55.915,4.878
1714823150881,2024-05-04T14:45:50.881,74.410,33.780,-60.427,2.622
1714823150891,2024-05-04T14:45:50.891,74.420,29.573,-47.073,-0.244
1714823150901,2024-05-04T14:45:50.901,74.430,29.390,-24.695,-5.854
1714823150911,2024-05-04T14:45:50.911,74.440,32.317,-8.415,-11.463
1714823150921,2024-05-04T14:45:50.921,74.450,34.634,-6.768,-13.171
1714823150931,2024-05-04T14:45:50.931,74.460,28.659,-11.768,-15.122
1714823150941,2024-05-04T14:45:50.941,74.470,18.171,-12.866,-20.000
1714823150951,2024-05-04T14:45:50.951,74.480,13.232,-7.134,-25.000
1714823150961,2024-05-04T14:45:50.961,74.490,11.524,0.122,-27.744
1714823150971,2024-05-04T14:45:50.971,74.500,6.890,7.317,-27.256
1714823150981,2024-05-04T14:45:50.981,74.510,-1.037,16.341,-28.963
1714823150991,2024-05-04T14:45:50.991,74.520,-9.939,21.707,-30.976
1714823151001,2024-05-04T14:45:51.001,74.530,-22.256,24.634,-29.634
1714823151011,2024-05-04T14:45:51.011,74.540,-38.780,27.134,-30.122
1714823151021,2024-05-04T14:45:51.021,74.550,-52.561,31.707,-29.329
1714823151031,2024-05-04T14:45:51.031,74.560,-64.146,38.963,-27.195
1714823151041,2024-05-04T14:45:51.041,74.570,-72.439,53.110,-22.256
1714823151051,2024-05-04T14:45:51.051,74.580,-85.122,78.963,-18.780
1714823151061,2024-05-04T14:45:51.061,74.590,-94.817,113.598,-17.683
1714823151071,2024-05-04T14:45:51.071,74.600,-96.220,143.110,-16.585
1714823151081,2024-05-04T14:45:51.081,74.610,-103.659,158.720,-17.439
1714823151091,2024-05-04T14:45:51.091,74.620,-115.671,165.854,-15.976
1714823151101,2024-05-04T14:45:51.101,74.630,-128.049,165.854,-16.159
1714823151111,2024-05-04T14:45:51.111,74.640,-148.354,163.659,-28.537
1714823151121,2024-05-04T14:45:51.121,74.650,-171.463,179.878,-31.707
1714823151131,2024-05-04T14:45:51.131,74.660,-173.415,196.707,-17.866
1714823151141,2024-05-04T14:45:51.141,74.670,-159.817,197.683,-19.573
1714823151151,2024-05-04T14:45:51.151,74.680,-149.451,194.329,-23.293
1714823151161,2024-05-04T14:45:51.161,74.690,-128.354,174.878,-12.866
1714823151171,2024-05-04T14:45:51.171,74.700,-96.220,142.317,-1.280
1714823151181,2024-05-04T14:45:51.181,74.710,-71.829,104.817,6.951
1714823151191,2024-05-04T14:45:51.191,74.720,-50.427,72.927,17.866
1714823151201,2024-05-04T14:45:51.201,74.730,-24.024,40.610,26.829
1714823151211,2024-05-04T14:45:51.211,74.740,6.768,4.573,32.439
1714823151221,2024-05-04T14:45:51.221,74.750,36.402,-27.073,38.293
1714823151231,2024-05-04T14:45:51.231,74.760,57.805,-48.780,39.390
1714823151241,2024-05-04T14:45:51.241,74.770,64.085,-61.524,33.537
1714823151251,2024-05-04T14:45:51.251,74.780,60.793,-70.122,26.037
1714823151261,2024-05-04T14:45:51.261,74.790,55.061,-73.780,21.341
1714823151271,2024-05-04T14:45:51.271,74.800,50.061,-72.744,17.561
1714823151281,2024-05-04T14:45:51.281,74.810,47.744,-69.268,12.439
1714823151291,2024-05-04T14:45:51.291,74.820,47.134,-66.890,8.049
1714823151301,2024-05-04T14:45:51.301,74.830,45.549,-65.671,4.817
1714823151311,2024-05-04T14:45:51.311,74.840,42.195,-63.171,2.927
1714823151321,2024-05-04T14:45:51.321,74.850,38.902,-58.598,1.585
1714823151331,2024-05-04T14:45:51.331,74.860,37.378,-55.000,1.341
1714823151341,2024-05-04T14:45:51.341,74.870,37.805,-54.390,2.317
1714823151351,2024-05-04T14:45:51.351,74.880,40.305,-57.561,4.817
1714823151361,2024-05-04T14:45:51.361,74.890,42.378,-61.585,7.134
1714823151371,2024-05-04T14:45:51.371,74.900,44.024,-62.683,8.841
1714823151381,2024-05-04T14:45:51.381,74.910,45.915,-60.671,9.939
1714823151391,2024-05-04T14:45:51.391,74.920,46.463,-59.512,10.732
1714823151401,2024-05-04T14:45:51.401,74.930,45.122,-62.500,9.329
1714823151411,2024-05-04T14:45:51.411,74.940,42.195,-66.220,5.610
1714823151421,2024-05-04T14:45:51.421,74.950,40.671,-68.841,5.671
1714823151431,2024-05-04T14:45:51.431,74.960,40.854,-68.659,5.610
1714823151441,2024-05-04T14:45:51.441,74.970,42.134,-59.146,2.500
1714823151451,2024-05-04T14:45:51.451,74.980,44.634,-40.305,1.646
1714823151461,2024-05-04T14:45:51.461,74.990,48.415,-21.159,4.756
1714823151471,2024-05-04T14:45:51.471,75.000,53.049,-14.024,7.378
1714823151481,2024-05-04T14:45:51.481,75.010,53.110,-23.659,7.561
1714823151491,2024-05-04T14:45:51.491,75.020,46.402,-47.378,10.427
1714823151501,2024-05-04T14:45:51.501,75.030,41.402,-73.293,13.354
1714823151511,2024-05-04T14:45:51.511,75.040,37.500,-93.659,12.561
1714823151521,2024-05-04T14:45:51.521,75.050,34.451,-87.134,10.549
1714823151531,2024-05-04T14:45:51.531,75.060,36.829,-53.963,8.110
1714823151541,2024-05-04T14:45:51.541,75.070,41.402,-17.378,5.854
1714823151551,2024-05-04T14:45:51.551,75.080,44.085,-3.598,5.488
1714823151561,2024-05-04T14:45:51.561,75.090,41.220,-16.524,6.646
1714823151571,2024-05-04T14:45:51.571,75.100,33.537,-38.598,9.817
1714823151581,2024-05-04T14:45:51.581,75.110,24.329,-57.195,12.378
1714823151591,2024-05-04T14:45:51.591,75.120,20.854,-63.171,12.378
1714823151601,2024-05-04T14:45:51.601,75.130,22.195,-61.341,10.671
1714823151611,2024-05-04T14:45:51.611,75.140,23.476,-55.915,8.841
1714823151621,2024-05-04T14:45:51.621,75.150,21.341,-47.378,8.110
1714823151631,2024-05-04T14:45:51.631,75.160,17.988,-35.000,7.683
1714823151641,2024-05-04T14:45:51.641,75.170,17.073,-22.378,6.829
1714823151651,2024-05-04T14:45:51.651,75.180,16.341,-17.561,6.707
1714823151661,2024-05-04T14:45:51.661,75.190,13.537,-21.524,7.256
1714823151671,2024-05-04T14:45:51.671,75.200,11.098,-32.073,5.366
1714823151681,2024-05-04T14:45:51.681,75.210,10.427,-44.512,2.378
1714823151691,2024-05-04T14:45:51.691,75.220,10.915,-51.280,2.195
1714823151701,2024-05-04T14:45:51.701,75.230,10.000,-47.622,2.683
1714823151711,2024-05-04T14:45:51.711,75.240,7.012,-36.951,2.500
1714823151721,2024-05-04T14:45:51.721,75.250,4.573,-26.524,2.927
1714823151731,2024-05-04T14:45:51.731,75.260,2.561,-21.890,4.573
1714823151741,2024-05-04T14:45:51.741,75.270,1.585,-19.878,6.341
1714823151751,2024-05-04T14:45:51.751,75.280,3.232,-18.476,5.549
1714823151761,2024-05-04T14:45:51.761,75.290,6.768,-18.354,4.878
1714823151771,2024-05-04T14:45:51.771,75.300,8.354,-19.390,4.695
1714823151781,2024-05-04T14:45:51.781,75.310,7.195,-22.927,4.207
1714823151791,2024-05-04T14:45:51.791,75.320,6.341,-26.341,4.268
1714823151801,2024-05-04T14:45:51.801,75.330,5.488,-26.829,5.671
1714823151811,2024-05-04T14:45:51.811,75.340,4.329,-22.805,6.707
1714823151821,2024-05-04T14:45:51.821,75.350,5.427,-15.061,5.976
1714823151831,2024-05-04T14:45:51.831,75.360,9.451,-6.524,5.000
1714823151841,2024-05-04T14:45:51.841,75.370,14.207,0.610,4.878
1714823151851,2024-05-04T14:45:51.851,75.380,19.512,4.207,4.634
1714823151861,2024-05-04T14:45:51.861,75.390,22.866,1.768,5.000
1714823151871,2024-05-04T14:45:51.871,75.400,22.866,-3.963,3.110
1714823151881,2024-05-04T14:45:51.881,75.410,23.902,-9.817,2.500
1714823151891,2024-05-04T14:45:51.891,75.420,23.720,-13.659,1.341
1714823151901,2024-05-04T14:45:51.901,75.430,25.427,-9.146,-0.854
1714823151911,2024-05-04T14:45:51.911,75.440,27.866,-1.159,1.707
1714823151921,2024-05-04T14:45:51.921,75.450,29.756,7.744,2.561
1714823151931,2024-05-04T14:45:51.931,75.460,39.024,16.341,-2.622
1714823151941,2024-05-04T14:45:51.941,75.470,44.939,15.305,-8.780
1714823151951,2024-05-04T14:45:51.951,75.480,40.671,11.341,-12.683
1714823151961,2024-05-04T14:45:51.961,75.490,34.390,20.305,-16.890
1714823151971,2024-05-04T14:45:51.971,75.500,38.841,34.939,-22.500
1714823151981,2024-05-04T14:45:51.981,75.510,46.585,38.841,-27.866
1714823151991,2024-05-04T14:45:51.991,75.520,52.683,33.659,-29.329
1714823152001,2024-05-04T14:45:52.001,75.530,53.354,32.256,-28.841
1714823152011,2024-05-04T14:45:52.011,75.540,52.378,37.988,-30.671
1714823152021,2024-05-04T14:45:52.021,75.550,53.232,39.573,-34.512
1714823152031,2024-05-04T14:45:52.031,75.560,50.488,41.341,-33.171
1714823152041,2024-05-04T14:45:52.041,75.570,47.927,49.939,-29.390
1714823152051,2024-05-04T14:45:52.051,75.580,47.134,55.671,-29.207
1714823152061,2024-05-04T14:45:52.061,75.590,41.341,58.659,-24.451
1714823152071,2024-05-04T14:45:52.071,75.600,27.622,60.183,-20.244
1714823152081,2024-05-04T14:45:52.081,75.610,15.854,63.171,-19.573
1714823152091,2024-05-04T14:45:52.091,75.620,7.683,60.915,-21.159
1714823152101,2024-05-04T14:45:52.101,75.630,-1.707,43.841,-22.744
1714823152111,2024-05-04T14:45:52.111,75.640,-17.012,21.341,-20.488
1714823152121,2024-05-04T14:45:52.121,75.650,-35.732,5.732,-21.037
1714823152131,2024-05-04T14:45:52.131,75.660,-53.598,1.524,-22.317
1714823152141,2024-05-04T14:45:52.141,75.670,-73.902,8.720,-24.634
1714823152151,2024-05-04T14:45:52.151,75.680,-92.378,33.659,-20.488
1714823152161,2024-05-04T14:45:52.161,75.690,-111.220,65.793,-17.744
1714823152171,2024-05-04T14:45:52.171,75.700,-125.000,96.768,-12.683
1714823152181,2024-05-04T14:45:52.181,75.710,-134.573,121.402,-6.524
1714823152191,2024-05-04T14:45:52.191,75.720,-140.427,143.232,-11.585
1714823152201,2024-05-04T14:45:52.201,75.730,-144.634,159.390,-28.598
1714823152211,2024-05-04T14:45:52.211,75.740,-150.732,167.744,-41.037
1714823152221,2024-05-04T14:45:52.221,75.750,-156.280,165.610,-35.183
1714823152231,2024-05-04T14:45:52.231,75.760,-160.610,151.341,-37.134
1714823152241,2024-05-04T14:45:52.241,75.770,-184.329,144.695,-58.720
1714823152251,2024-05-04T14:45:52.251,75.780,-207.378,135.732,-72.500
1714823152261,2024-05-04T14:45:52.261,75.790,-219.390,126.585,-89.268
1714823152271,2024-05-04T14:45:52.271,75.800,-237.134,135.671,-107.805
1714823152281,2024-05-04T14:45:52.281,75.810,-222.744,118.415,-83.720
1714823152291,2024-05-04T14:45:52.291,75.820,-168.110,41.768,-40.671
1714823152301,2024-05-04T14:45:52.301,75.830,-108.963,-25.366,-25.671
1714823152311,2024-05-04T14:45:52.311,75.840,-66.341,-38.537,-11.280
1714823152321,2024-05-04T14:45:52.321,75.850,-39.085,-15.732,0.427
1714823152331,2024-05-04T14:45:52.331,75.860,-9.817,3.049,2.744
1714823152341,2024-05-04T14:45:52.341,75.870,15.183,3.293,9.207
1714823152351,2024-05-04T14:45:52.351,75.880,37.378,1.585,19.390
1714823152361,2024-05-04T14:45:52.361,75.890,48.171,6.402,26.707
1714823152371,2024-05-04T14:45:52.371,75.900,52.561,6.220,33.354
1714823152381,2024-05-04T14:45:52.381,75.910,56.768,0.305,36.341
1714823152391,2024-05-04T14:45:52.391,75.920,62.317,-5.061,35.366
1714823152401,2024-05-04T14:45:52.401,75.930,64.695,-8.841,32.256
1714823152411,2024-05-04T14:45:52.411,75.940,62.378,-13.659,28.780
1714823152421,2024-05-04T14:45:52.421,75.950,59.024,-21.220,25.183
1714823152431,2024-05-04T14:45:52.431,75.960,55.610,-32.195,19.451
1714823152441,2024-05-04T14:45:52.441,75.970,51.951,-47.073,13.049
1714823152451,2024-05-04T14:45:52.451,75.980,50.366,-66.341,10.915
1714823152461,2024-05-04T14:45:52.461,75.990,49.573,-87.317,11.463
1714823152471,2024-05-04T14:45:52.471,76.000,48.415,-105.366,9.451
1714823152481,2024-05-04T14:45:52.481,76.010,47.439,-118.049,10.183
1714823152491,2024-05-04T14:45:52.491,76.020,48.476,-125.854,12.134
1714823152501,2024-05-04T14:45:52.501,76.030,50.549,-133.293,11.280
1714823152511,2024-05-04T14:45:52.511,76.040,51.280,-140.793,5.915
1714823152521,2024-05-04T14:45:52.521,76.050,50.366,-143.841,0.671
1714823152531,2024-05-04T14:45:52.531,76.060,47.805,-139.085,1.402
1714823152541,2024-05-04T14:45:52.541,76.070,41.768,-127.561,2.805
1714823152551,2024-05-04T14:45:52.551,76.080,34.878,-110.183,-1.646
1714823152561,2024-05-04T14:45:52.561,76.090,32.378,-87.256,-2.439
1714823152571,2024-05-04T14:45:52.571,76.100,33.963,-62.866,1.585
1714823152581,2024-05-04T14:45:52.581,76.110,34.390,-39.024,2.805
1714823152591,2024-05-04T14:45:52.591,76.120,32.012,-24.146,1.707
1714823152601,2024-05-04T14:45:52.601,76.130,27.256,-22.866,-1.951
1714823152611,2024-05-04T14:45:52.611,76.140,22.683,-30.183,-8.720
1714823152621,2024-05-04T14:45:52.621,76.150,23.110,-37.012,-10.976
1714823152631,2024-05-04T14:45:52.631,76.160,25.793,-40.000,-2.805
1714823152641,2024-05-04T14:45:52.641,76.170,28.354,-44.268,5.305
1714823152651,2024-05-04T14:45:52.651,76.180,25.366,-57.683,5.854
1714823152661,2024-05-04T14:45:52.661,76.190,20.000,-63.659,6.524
1714823152671,2024-05-04T14:45:52.671,76.200,17.500,-55.549,6.951
1714823152681,2024-05-04T14:45:52.681,76.210,14.146,-41.768,3.720
1714823152691,2024-05-04T14:45:52.691,76.220,14.390,-27.988,2.988
1714823152701,2024-05-04T14:45:52.701,76.230,17.073,-19.146,5.488
1714823152711,2024-05-04T14:45:52.711,76.240,18.476,-15.183,6.829
1714823152721,2024-05-04T14:45:52.721,76.250,15.732,-18.963,8.720
1714823152731,2024-05-04T14:45:52.731,76.260,12.195,-20.366,12.805
1714823152741,2024-05-04T14:45:52.741,76.270,10.183,-21.159,12.744
1714823152751,2024-05-04T14:45:52.751,76.280,10.305,-25.732,10.854
1714823152761,2024-05-04T14:45:52.761,76.290,11.220,-31.707,9.817
1714823152771,2024-05-04T14:45:52.771,76.300,9.695,-36.159,8.598
1714823152781,2024-05-04T14:45:52.781,76.310,7.927,-32.378,8.171
1714823152791,2024-05-04T14:45:52.791,76.320,7.744,-21.220,6.402
1714823152801,2024-05-04T14:45:52.801,76.330,7.927,-8.110,4.085
1714823152811,2024-05-04T14:45:52.811,76.340,6.159,1.280,3.720
1714823152821,2024-05-04T14:45:52.821,76.350,4.939,7.805,2.805
1714823152831,2024-05-04T14:45:52.831,76.360,3.232,8.415,1.159
1714823152841,2024-05-04T14:45:52.841,76.370,0.427,3.720,0.610
1714823152851,2024-05-04T14:45:52.851,76.380,-0.427,-1.646,0.671
1714823152861,2024-05-04T14:45:52.861,76.390,1.463,-3.963,0.854
1714823152871,2024-05-04T14:45:52.871,76.400,2.256,-3.780,1.463
1714823152881,2024-05-04T14:45:52.881,76.410,2.195,-1.098,2.256
1714823152891,2024-05-04T14:45:52.891,76.420,1.037,-0.427,1.585
1714823152901,2024-05-04T14:45:52.901,76.430,-2.134,-4.573,1.829
1714823152911,2024-05-04T14:45:52.911,76.440,-3.963,-7.683,2.805
1714823152921,2024-05-04T14:45:52.921,76.450,-3.537,-8.354,2.622
1714823152931,2024-05-04T14:45:52.931,76.460,-2.561,-7.256,3.110
1714823152941,2024-05-04T14:45:52.941,76.470,-1.098,-2.439,3.841
1714823152951,2024-05-04T14:45:52.951,76.480,0.915,2.805,2.988
1714823152961,2024-05-04T14:45:52.961,76.490,0.610,3.293,2.805
1714823152971,2024-05-04T14:45:52.971,76.500,-1.159,-0.915,3.537
1714823152981,2024-05-04T14:45:52.981,76.510,-1.707,-7.195,4.390
1714823152991,2024-05-04T14:45:52.991,76.520,-0.915,-11.707,6.037
1714823153001,2024-05-04T14:45:53.001,76.530,0.427,-12.378,7.866
1714823153011,2024-05-04T14:45:53.011,76.540,3.049,-9.268,9.024
1714823153021,2024-05-04T14:45:53.021,76.550,6.037,-4.268,9.207
1714823153031,2024-05-04T14:45:53.031,76.560,8.780,0.366,10.366
1714823153041,2024-05-04T14:45:53.041,76.570,10.427,4.024,13.598
1714823153051,2024-05-04T14:45:53.051,76.580,11.524,7.500,15.793
1714823153061,2024-05-04T14:45:53.061,76.590,13.537,12.439,17.317
1714823153071,2024-05-04T14:45:53.071,76.600,17.805,15.000,18.293
1714823153081,2024-05-04T14:45:53.081,76.610,21.951,11.768,18.171
1714823153091,2024-05-04T14:45:53.091,76.620,25.793,9.573,17.439
1714823153101,2024-05-04T14:45:53.101,76.630,30.061,13.232,21.402
1714823153111,2024-05-04T14:45:53.111,76.640,30.976,22.866,25.488
1714823153121,2024-05-04T14:45:53.121,76.650,32.195,33.476,27.805
1714823153131,2024-05-04T14:45:53.131,76.660,31.890,39.146,30.000
1714823153141,2024-05-04T14:45:53.141,76.670,30.549,43.110,34.024
1714823153151,2024-05-04T14:45:53.151,76.680,30.793,47.012,35.366
1714823153161,2024-05-04T14:45:53.161,76.690,37.683,46.280,33.293
1714823153171,2024-05-04T14:45:53.171,76.700,47.683,39.939,32.378
1714823153181,2024-05-04T14:45:53.181,76.710,54.512,26.951,29.878
1714823153191,2024-05-04T14:45:53.191,76.720,58.841,12.866,23.659
1714823153201,2024-05-04T14:45:53.201,76.730,69.024,4.878,18.049
1714823153211,2024-05-04T14:45:53.211,76.740,80.061,-1.037,14.695
1714823153221,2024-05-04T14:45:53.221,76.750,86.585,-10.854,11.220
1714823153231,2024-05-04T14:45:53.231,76.760,86.220,-17.317,7.073
1714823153241,2024-05-04T14:45:53.241,76.770,82.378,-14.756,1.280
1714823153251,2024-05-04T14:45:53.251,76.780,78.110,-5.061,-5.915
1714823153261,2024-05-04T14:45:53.261,76.790,76.768,7.927,-11.829
1714823153271,2024-05-04T14:45:53.271,76.800,76.463,18.598,-15.549
1714823153281,2024-05-04T14:45:53.281,76.810,72.256,21.220,-21.890
1714823153291,2024-05-04T14:45:53.291,76.820,64.817,14.634,-28.780
1714823153301,2024-05-04T14:45:53.301,76.830,53.720,5.000,-33.354
1714823153311,2024-05-04T14:45:53.311,76.840,36.646,-3.293,-41.463
1714823153321,2024-05-04T14:45:53.321,76.850,15.183,-12.622,-52.927
1714823153331,2024-05-04T14:45:53.331,76.860,-3.780,-21.951,-60.854
1714823153341,2024-05-04T14:45:53.341,76.870,-18.902,-20.122,-67.744
1714823153351,2024-05-04T14:45:53.351,76.880,-30.976,-5.488,-74.451
1714823153361,2024-05-04T14:45:53.361,76.890,-48.354,8.171,-76.829
1714823153371,2024-05-04T14:45:53.371,76.900,-70.854,16.463,-74.024
1714823153381,2024-05-04T14:45:53.381,76.910,-96.951,23.841,-68.720
1714823153391,2024-05-04T14:45:53.391,76.920,-122.317,31.341,-61.402
1714823153401,2024-05-04T14:45:53.401,76.930,-144.756,41.402,-50.732
1714823153411,2024-05-04T14:45:53.411,76.940,-163.537,51.098,-43.902
1714823153421,2024-05-04T14:45:53.421,76.950,-171.220,53.476,-38.110
1714823153431,2024-05-04T14:45:53.431,76.960,-164.329,57.012,-32.622
1714823153441,2024-05-04T14:45:53.441,76.970,-150.183,69.695,-29.756
1714823153451,2024-05-04T14:45:53.451,76.980,-163.659,92.744,-22.012
1714823153461,2024-05-04T14:45:53.461,76.990,-201.402,111.585,-26.646
1714823153471,2024-05-04T14:45:53.471,77.000,-218.476,125.854,-24.817
1714823153481,2024-05-04T14:45:53.481,77.010,-256.220,132.988,-19.573
1714823153491,2024-05-04T14:45:53.491,77.020,-280.488,136.951,-39.268
1714823153501,2024-05-04T14:45:53.501,77.030,-239.634,124.573,-56.159
1714823153511,2024-05-04T14:45:53.511,77.040,-154.634,89.695,-30.122
1714823153521,2024-05-04T14:45:53.521,77.050,-72.927,36.829,-0.427
1714823153531,2024-05-04T14:45:53.531,77.060,-14.329,-10.976,-0.915
1714823153541,2024-05-04T14:45:53.541,77.070,17.012,-40.854,-4.085
1714823153551,2024-05-04T14:45:53.551,77.080,24.024,-49.817,-0.488
1714823153561,2024-05-04T14:45:53.561,77.090,26.890,-43.171,6.159
1714823153571,2024-05-04T14:45:53.571,77.100,33.720,-33.171,12.744
1714823153581,2024-05-04T14:45:53.581,77.110,40.915,-28.232,16.463
1714823153591,2024-05-04T14:45:53.591,77.120,44.024,-29.573,19.207
1714823153601,2024-05-04T14:45:53.601,77.130,44.329,-32.134,19.573
1714823153611,2024-05-04T14:45:53.611,77.140,45.915,-30.915,17.744
1714823153621,2024-05-04T14:45:53.621,77.150,48.963,-27.744,14.878
1714823153631,2024-05-04T14:45:53.631,77.160,51.524,-24.573,11.220
1714823153641,2024-05-04T14:45:53.641,77.170,54.390,-22.378,8.171
1714823153651,2024-05-04T14:45:53.651,77.180,58.049,-22.622,8.232
1714823153661,2024-05-04T14:45:53.661,77.190,60.976,-28.720,11.220
1714823153671,2024-05-04T14:45:53.671,77.200,59.329,-38.598,14.512
1714823153681,2024-05-04T14:45:53.681,77.210,55.061,-46.098,13.476
1714823153691,2024-05-04T14:45:53.691,77.220,52.683,-49.329,12.073
1714823153701,2024-05-04T14:45:53.701,77.230,52.134,-49.268,12.805
1714823153711,2024-05-04T14:45:53.711,77.240,51.524,-47.561,12.500
1714823153721,2024-05-04T14:45:53.721,77.250,49.817,-45.061,12.073
1714823153731,2024-05-04T14:45:53.731,77.260,48.171,-41.037,13.537
1714823153741,2024-05-04T14:45:53.741,77.270,47.195,-36.280,14.634
1714823153751,2024-05-04T14:45:53.751,77.280,45.549,-30.610,14.085
1714823153761,2024-05-04T14:45:53.761,77.290,44.695,-25.000,13.415
1714823153771,2024-05-04T14:45:53.771,77.300,45.122,-24.634,12.805
1714823153781,2024-05-04T14:45:53.781,77.310,42.256,-31.646,11.220
1714823153791,2024-05-04T14:45:53.791,77.320,35.427,-38.659,11.829
1714823153801,2024-05-04T14:45:53.801,77.330,30.976,-38.902,15.915
1714823153811,2024-05-04T14:45:53.811,77.340,32.500,-41.341,13.476
1714823153821,2024-05-04T14:45:53.821,77.350,28.110,-51.646,6.463
1714823153831,2024-05-04T14:45:53.831,77.360,26.159,-58.110,12.256
1714823153841,2024-05-04T14:45:53.841,77.370,23.963,-62.439,11.951
1714823153851,2024-05-04T14:45:53.851,77.380,15.122,-49.939,10.793
1714823153861,2024-05-04T14:45:53.861,77.390,17.012,-24.939,14.024
1714823153871,2024-05-04T14:45:53.871,77.400,17.073,-6.646,5.305
1714823153881,2024-05-04T14:45:53.881,77.410,12.073,-1.159,1.463
1714823153891,2024-05-04T14:45:53.891,77.420,3.293,-7.439,-0.122
1714823153901,2024-05-04T14:45:53.901,77.430,-3.171,-5.000,1.037
1714823153911,2024-05-04T14:45:53.911,77.440,-2.561,3.720,-0.732
1714823153921,2024-05-04T14:45:53.921,77.450,0.061,8.110,-2.073
1714823153931,2024-05-04T14:45:53.931,77.460,0.366,3.293,2.439
1714823153941,2024-05-04T14:45:53.941,77.470,-3.415,-9.329,8.293
1714823153951,2024-05-04T14:45:53.951,77.480,-10.549,-21.585,11.707
1714823153961,2024-05-04T14:45:53.961,77.490,-14.878,-28.110,11.707
1714823153971,2024-05-04T14:45:53.971,77.500,-13.415,-29.146,10.915
1714823153981,2024-05-04T14:45:53.981,77.510,-8.110,-25.183,11.098
1714823153991,2024-05-04T14:45:53.991,77.520,-3.232,-19.207,10.061
1714823154001,2024-05-04T14:45:54.001,77.530,-1.280,-12.012,8.902
1714823154011,2024-05-04T14:45:54.011,77.540,-0.671,-3.659,7.866
1714823154021,2024-05-04T14:45:54.021,77.550,-0.244,2.378,4.634
1714823154031,2024-05-04T14:45:54.031,77.560,-1.646,2.866,2.744
1714823154041,2024-05-04T14:45:54.041,77.570,-3.780,-1.768,2.500
1714823154051,2024-05-04T14:45:54.051,77.580,-4.695,-8.293,2.744
1714823154061,2024-05-04T14:45:54.061,77.590,-4.573,-12.073,3.720
1714823154071,2024-05-04T14:45:54.071,77.600,-3.232,-11.280,5.488
1714823154081,2024-05-04T14:45:54.081,77.610,-1.159,-7.073,6.524
1714823154091,2024-05-04T14:45:54.091,77.620,0.122,-3.293,7.073
1714823154101,2024-05-04T14:45:54.101,77.630,0.732,-2.134,7.378
1714823154111,2024-05-04T14:45:54.111,77.640,0.061,-4.939,6.341
1714823154121,2024-05-04T14:45:54.121,77.650,-0.305,-8.780,6.220
1714823154131,2024-05-04T14:45:54.131,77.660,0.854,-9.573,6.829
1714823154141,2024-05-04T14:45:54.141,77.670,2.805,-5.183,6.463
1714823154151,2024-05-04T14:45:54.151,77.680,6.402,2.500,7.195
1714823154161,2024-05-04T14:45:54.161,77.690,7.683,8.537,7.683
1714823154171,2024-05-04T14:45:54.171,77.700,7.073,12.622,7.988
1714823154181,2024-05-04T14:45:54.181,77.710,6.402,14.207,8.841
1714823154191,2024-05-04T14:45:54.191,77.720,6.768,11.829,9.451
1714823154201,2024-05-04T14:45:54.201,77.730,8.963,7.866,10.854
1714823154211,2024-05-04T14:45:54.211,77.740,12.500,6.341,11.524
1714823154221,2024-05-04T14:45:54.221,77.750,15.732,6.524,10.854
1714823154231,2024-05-04T14:45:54.231,77.760,19.268,9.512,11.646
1714823154241,2024-05-04T14:45:54.241,77.770,21.707,18.232,10.366
1714823154251,2024-05-04T14:45:54.251,77.780,21.463,27.561,8.232
1714823154261,2024-05-04T14:45:54.261,77.790,21.341,31.341,6.037
1714823154271,2024-05-04T14:45:54.271,77.800,28.537,22.927,4.268
1714823154281,2024-05-04T14:45:54.281,77.810,40.244,-0.427,8.354
1714823154291,2024-05-04T14:45:54.291,77.820,48.476,-33.902,15.427
1714823154301,2024-05-04T14:45:54.301,77.830,50.610,-56.463,17.988
1714823154311,2024-05-04T14:45:54.311,77.840,52.134,-52.561,13.293
1714823154321,2024-05-04T14:45:54.321,77.850,57.195,-31.037,6.280
1714823154331,2024-05-04T14:45:54.331,77.860,62.622,-9.207,1.951
1714823154341,2024-05-04T14:45:54.341,77.870,64.939,4.390,0.305
1714823154351,2024-05-04T14:45:54.351,77.880,63.476,8.659,-0.976
1714823154361,2024-05-04T14:45:54.361,77.890,62.317,11.280,0.427
1714823154371,2024-05-04T14:45:54.371,77.900,64.817,16.768,0.061
1714823154381,2024-05-04T14:45:54.381,77.910,65.915,20.183,-3.841
1714823154391,2024-05-04T14:45:54.391,77.920,66.037,23.841,-5.366
1714823154401,2024-05-04T14:45:54.401,77.930,67.927,30.000,-5.793
1714823154411,2024-05-04T14:45:54.411,77.940,68.293,33.902,-9.451
1714823154421,2024-05-04T14:45:54.421,77.950,66.585,30.976,-12.500
1714823154431,2024-05-04T14:45:54.431,77.960,62.378,26.098,-12.256
1714823154441,2024-05-04T14:45:54.441,77.970,55.549,23.354,-12.256
1714823154451,2024-05-04T14:45:54.451,77.980,50.671,26.159,-14.939
1714823154461,2024-05-04T14:45:54.461,77.990,48.963,34.024,-19.085
1714823154471,2024-05-04T14:45:54.471,78.000,46.890,41.220,-23.415
1714823154481,2024-05-04T14:45:54.481,78.010,41.646,42.195,-28.049
1714823154491,2024-05-04T14:45:54.491,78.020,33.598,36.707,-32.439
1714823154501,2024-05-04T14:45:54.501,78.030,23.659,32.134,-35.671
1714823154511,2024-05-04T14:45:54.511,78.040,11.341,31.585,-40.793
1714823154521,2024-05-04T14:45:54.521,78.050,-4.573,32.500,-46.768
1714823154531,2024-05-04T14:45:54.531,78.060,-25.061,33.476,-49.512
1714823154541,2024-05-04T14:45:54.541,78.070,-52.012,34.817,-50.061
1714823154551,2024-05-04T14:45:54.551,78.080,-82.805,39.756,-54.207
1714823154561,2024-05-04T14:45:54.561,78.090,-107.805,38.780,-53.780
1714823154571,2024-05-04T14:45:54.571,78.100,-132.805,29.024,-42.622
1714823154581,2024-05-04T14:45:54.581,78.110,-161.220,23.232,-31.829
1714823154591,2024-05-04T14:45:54.591,78.120,-176.829,32.866,-24.451
1714823154601,2024-05-04T14:45:54.601,78.130,-176.463,54.817,-27.866
1714823154611,2024-05-04T14:45:54.611,78.140,-176.098,79.939,-34.878
1714823154621,2024-05-04T14:45:54.621,78.150,-199.085,103.841,-38.354
1714823154631,2024-05-04T14:45:54.631,78.160,-223.841,121.768,-35.061
1714823154641,2024-05-04T14:45:54.641,78.170,-246.159,126.098,-27.988
1714823154651,2024-05-04T14:45:54.651,78.180,-271.280,92.256,-50.671
1714823154661,2024-05-04T14:45:54.661,78.190,-283.110,19.024,-56.890
1714823154671,2024-05-04T14:45:54.671,78.200,-268.902,-58.598,-40.671
1714823154681,2024-05-04T14:45:54.681,78.210,-210.610,-92.317,-18.110
1714823154691,2024-05-04T14:45:54.691,78.220,-126.585,-78.354,12.012
1714823154701,2024-05-04T14:45:54.701,78.230,-52.744,-48.110,11.768
1714823154711,2024-05-04T14:45:54.711,78.240,-6.159,-36.402,-1.098
1714823154721,2024-05-04T14:45:54.721,78.250,22.073,-38.049,2.073
1714823154731,2024-05-04T14:45:54.731,78.260,40.305,-43.537,5.305
1714823154741,2024-05-04T14:45:54.741,78.270,57.561,-48.963,7.378
1714823154751,2024-05-04T14:45:54.751,78.280,70.671,-47.683,10.122
1714823154761,2024-05-04T14:45:54.761,78.290,71.220,-40.488,12.073
1714823154771,2024-05-04T14:45:54.771,78.300,60.732,-27.561,7.195
1714823154781,2024-05-04T14:45:54.781,78.310,52.378,-18.537,1.280
1714823154791,2024-05-04T14:45:54.791,78.320,49.512,-13.598,-1.220
1714823154801,2024-05-04T14:45:54.801,78.330,51.646,-9.878,-1.463
1714823154811,2024-05-04T14:45:54.811,78.340,54.512,-9.268,-1.585
1714823154821,2024-05-04T14:45:54.821,78.350,55.122,-10.976,-1.585
1714823154831,2024-05-04T14:45:54.831,78.360,54.695,-16.037,-2.195
1714823154841,2024-05-04T14:45:54.841,78.370,54.939,-23.841,-2.561
1714823154851,2024-05-04T14:45:54.851,78.380,56.707,-35.610,-0.244
1714823154861,2024-05-04T14:45:54.861,78.390,57.073,-50.305,1.890
1714823154871,2024-05-04T14:45:54.871,78.400,55.000,-63.537,2.561
1714823154881,2024-05-04T14:45:54.881,78.410,52.744,-70.610,2.378
1714823154891,2024-05-04T14:45:54.891,78.420,50.000,-70.244,2.195
1714823154901,2024-05-04T14:45:54.901,78.430,44.512,-63.841,0.244
1714823154911,2024-05-04T14:45:54.911,78.440,39.085,-51.646,-1.890
1714823154921,2024-05-04T14:45:54.921,78.450,38.110,-34.390,-0.976
1714823154931,2024-05-04T14:45:54.931,78.460,39.329,-19.756,0.427
1714823154941,2024-05-04T14:45:54.941,78.470,39.512,-12.195,1.585
1714823154951,2024-05-04T14:45:54.951,78.480,38.354,-7.134,4.390
1714823154961,2024-05-04T14:45:54.961,78.490,38.720,-5.122,6.585
1714823154971,2024-05-04T14:45:54.971,78.500,37.378,-10.183,9.146
1714823154981,2024-05-04T14:45:54.981,78.510,35.732,-15.000,11.159
1714823154991,2024-05-04T14:45:54.991,78.520,35.793,-21.768,10.061
1714823155001,2024-05-04T14:45:55.001,78.530,36.768,-28.659,9.817
1714823155011,2024-05-04T14:45:55.011,78.540,33.415,-30.976,12.256
1714823155021,2024-05-04T14:45:55.021,78.550,29.024,-23.049,13.720
1714823155031,2024-05-04T14:45:55.031,78.560,24.817,-13.720,12.012
1714823155041,2024-05-04T14:45:55.041,78.570,17.378,-7.195,9.878
1714823155051,2024-05-04T14:45:55.051,78.580,7.805,-5.366,10.610
1714823155061,2024-05-04T14:45:55.061,78.590,1.890,-5.671,12.683
1714823155071,2024-05-04T14:45:55.071,78.600,1.768,-4.939,12.256
1714823155081,2024-05-04T14:45:55.081,78.610,1.768,-10.122,9.451
1714823155091,2024-05-04T14:45:55.091,78.620,2.256,-17.378,8.659
1714823155101,2024-05-04T14:45:55.101,78.630,3.110,-20.915,8.232
1714823155111,2024-05-04T14:45:55.111,78.640,3.293,-20.183,6.951
1714823155121,2024-05-04T14:45:55.121,78.650,2.500,-16.768,6.037
1714823155131,2024-05-04T14:45:55.131,78.660,0.793,-12.927,5.915
1714823155141,2024-05-04T14:45:55.141,78.670,0.610,-9.878,6.951
1714823155151,2024-05-04T14:45:55.151,78.680,1.829,-7.317,7.561
1714823155161,2024-05-04T14:45:55.161,78.690,3.415,-5.854,7.195
1714823155171,2024-05-04T14:45:55.171,78.700,4.756,-5.061,6.220
1714823155181,2024-05-04T14:45:55.181,78.710,5.061,-3.780,4.817
1714823155191,2024-05-04T14:45:55.191,78.720,4.024,-2.500,3.232
1714823155201,2024-05-04T14:45:55.201,78.730,2.195,-1.829,1.402
1714823155211,2024-05-04T14:45:55.211,78.740,0.488,-1.402,0.671
1714823155221,2024-05-04T14:45:55.221,78.750,0.549,-1.098,0.854
1714823155231,2024-05-04T14:45:55.231,78.760,0.732,-1.768,0.854
1714823155241,2024-05-04T14:45:55.241,78.770,-0.183,-2.073,1.768
1714823155251,2024-05-04T14:45:55.251,78.780,-2.073,-0.915,2.927
1714823155261,2024-05-04T14:45:55.261,78.790,-3.354,0.976,2.622
1714823155271,2024-05-04T14:45:55.271,78.800,-1.707,1.341,2.256
1714823155281,2024-05-04T14:45:55.281,78.810,0.366,-0.854,2.561
1714823155291,2024-05-04T14:45:55.291,78.820,0.854,-3.537,3.354
1714823155301,2024-05-04T14:45:55.301,78.830,0.549,-4.268,4.146
1714823155311,2024-05-04T14:45:55.311,78.840,0.793,-3.354,4.512
1714823155321,2024-05-04T14:45:55.321,78.850,1.646,-3.049,5.366
1714823155331,2024-05-04T14:45:55.331,78.860,4.085,-3.049,7.317
1714823155341,2024-05-04T14:45:55.341,78.870,7.561,-4.634,9.939
1714823155351,2024-05-04T14:45:55.351,78.880,9.695,-8.598,12.561
1714823155361,2024-05-04T14:45:55.361,78.890,11.890,-11.220,13.659
1714823155371,2024-05-04T14:45:55.371,78.900,16.829,-12.073,14.573
1714823155381,2024-05-04T14:45:55.381,78.910,22.622,-8.232,18.354
1714823155391,2024-05-04T14:45:55.391,78.920,30.061,-2.073,20.732
1714823155401,2024-05-04T14:45:55.401,78.930,32.805,9.878,19.878
1714823155411,2024-05-04T14:45:55.411,78.940,33.171,22.561,20.244
1714823155421,2024-05-04T14:45:55.421,78.950,31.098,31.890,19.878
1714823155431,2024-05-04T14:45:55.431,78.960,31.707,34.268,21.768
1714823155441,2024-05-04T14:45:55.441,78.970,32.805,25.244,25.427
1714823155451,2024-05-04T14:45:55.451,78.980,26.098,10.976,25.976
1714823155461,2024-05-04T14:45:55.461,78.990,23.415,5.305,22.073
1714823155471,2024-05-04T14:45:55.471,79.000,32.866,8.110,21.402
1714823155481,2024-05-04T14:45:55.481,79.010,43.415,4.878,24.878
1714823155491,2024-05-04T14:45:55.491,79.020,45.488,-3.963,26.585
1714823155501,2024-05-04T14:45:55.501,79.030,46.220,-11.341,22.683
1714823155511,2024-05-04T14:45:55.511,79.040,51.890,-15.915,18.659
1714823155521,2024-05-04T14:45:55.521,79.050,56.829,-13.110,21.707
1714823155531,2024-05-04T14:45:55.531,79.060,62.012,-4.329,18.780
1714823155541,2024-05-04T14:45:55.541,79.070,66.098,2.683,13.720
1714823155551,2024-05-04T14:45:55.551,79.080,69.390,9.024,9.634
1714823155561,2024-05-04T14:45:55.561,79.090,73.720,14.512,5.366
1714823155571,2024-05-04T14:45:55.571,79.100,75.915,15.854,1.646
1714823155581,2024-05-04T14:45:55.581,79.110,72.683,13.171,-2.073
1714823155591,2024-05-04T14:45:55.591,79.120,68.171,12.744,-5.976
1714823155601,2024-05-04T14:45:55.601,79.130,63.049,16.707,-9.512
1714823155611,2024-05-04T14:45:55.611,79.140,54.390,21.402,-13.902
1714823155621,2024-05-04T14:45:55.621,79.150,45.122,25.122,-19.695
1714823155631,2024-05-04T14:45:55.631,79.160,39.024,27.744,-26.463
1714823155641,2024-05-04T14:45:55.641,79.170,34.146,27.317,-33.110
1714823155651,2024-05-04T14:45:55.651,79.180,28.598,26.890,-38.049
1714823155661,2024-05-04T14:45:55.661,79.190,20.732,25.793,-43.780
1714823155671,2024-05-04T14:45:55.671,79.200,9.512,22.378,-50.610
1714823155681,2024-05-04T14:45:55.681,79.210,-8.780,19.024,-58.171
1714823155691,2024-05-04T14:45:55.691,79.220,-33.171,15.305,-61.646
1714823155701,2024-05-04T14:45:55.701,79.230,-55.793,15.793,-63.232
1714823155711,2024-05-04T14:45:55.711,79.240,-77.988,23.963,-68.659
1714823155721,2024-05-04T14:45:55.721,79.250,-96.707,37.683,-70.671
1714823155731,2024-05-04T14:45:55.731,79.260,-117.744,52.439,-63.963
1714823155741,2024-05-04T14:45:55.741,79.270,-141.646,73.293,-49.512
1714823155751,2024-05-04T14:45:55.751,79.280,-169.329,82.134,-40.671
1714823155761,2024-05-04T14:45:55.761,79.290,-191.585,67.866,-34.756
1714823155771,2024-05-04T14:45:55.771,79.300,-198.841,49.939,-31.463
1714823155781,2024-05-04T14:45:55.781,79.310,-199.207,40.366,-34.878
1714823155791,2024-05-04T14:45:55.791,79.320,-211.098,33.537,-35.732
1714823155801,2024-05-04T14:45:55.801,79.330,-234.756,28.598,-19.756
1714823155811,2024-05-04T14:45:55.811,79.340,-262.317,30.183,-1.524
1714823155821,2024-05-04T14:45:55.821,79.350,-289.817,42.683,1.951
1714823155831,2024-05-04T14:45:55.831,79.360,-301.768,27.256,-11.098
1714823155841,2024-05-04T14:45:55.841,79.370,-257.256,0.122,-37.256
1714823155851,2024-05-04T14:45:55.851,79.380,-173.780,-12.988,-26.829
1714823155861,2024-05-04T14:45:55.861,79.390,-108.476,7.805,-0.488
1714823155871,2024-05-04T14:45:55.871,79.400,-55.427,49.085,-6.280
1714823155881,2024-05-04T14:45:55.881,79.410,-13.171,64.756,-10.122
1714823155891,2024-05-04T14:45:55.891,79.420,21.524,49.268,5.915
1714823155901,2024-05-04T14:45:55.901,79.430,56.768,28.476,18.049
1714823155911,2024-05-04T14:45:55.911,79.440,84.085,22.439,22.622
1714823155921,2024-05-04T14:45:55.921,79.450,95.244,32.317,28.049
1714823155931,2024-05-04T14:45:55.931,79.460,86.768,53.354,30.183
1714823155941,2024-05-04T14:45:55.941,79.470,70.000,68.232,27.256
1714823155951,2024-05-04T14:45:55.951,79.480,66.890,52.805,24.573
1714823155961,2024-05-04T14:45:55.961,79.490,72.073,23.780,23.537
1714823155971,2024-05-04T14:45:55.971,79.500,74.817,0.366,22.744
1714823155981,2024-05-04T14:45:55.981,79.510,74.268,-17.134,19.512
1714823155991,2024-05-04T14:45:55.991,79.520,75.549,-30.854,13.902
1714823156001,2024-05-04T14:45:56.001,79.530,76.280,-42.012,11.402
1714823156011,2024-05-04T14:45:56.011,79.540,75.244,-50.488,12.439
1714823156021,2024-05-04T14:45:56.021,79.550,72.805,-57.561,11.524
1714823156031,2024-05-04T14:45:56.031,79.560,70.549,-63.780,13.902
1714823156041,2024-05-04T14:45:56.041,79.570,68.780,-69.878,15.122
1714823156051,2024-05-04T14:45:56.051,79.580,67.073,-69.695,10.183
1714823156061,2024-05-04T14:45:56.061,79.590,64.634,-58.963,10.122
1714823156071,2024-05-04T14:45:56.071,79.600,60.854,-43.963,9.146
1714823156081,2024-05-04T14:45:56.081,79.610,59.085,-31.768,5.549
1714823156091,2024-05-04T14:45:56.091,79.620,56.524,-26.890,4.573
1714823156101,2024-05-04T14:45:56.101,79.630,51.829,-27.866,7.622
1714823156111,2024-05-04T14:45:56.111,79.640,47.561,-29.268,13.537
1714823156121,2024-05-04T14:45:56.121,79.650,44.634,-27.988,18.537
1714823156131,2024-05-04T14:45:56.131,79.660,44.634,-27.195,20.732
1714823156141,2024-05-04T14:45:56.141,79.670,48.902,-36.280,19.146
1714823156151,2024-05-04T14:45:56.151,79.680,48.476,-56.159,16.463
1714823156161,2024-05-04T14:45:56.161,79.690,42.012,-65.610,17.195
1714823156171,2024-05-04T14:45:56.171,79.700,34.939,-56.463,15.793
1714823156181,2024-05-04T14:45:56.181,79.710,27.744,-41.341,12.500
1714823156191,2024-05-04T14:45:56.191,79.720,24.512,-36.159,9.573
1714823156201,2024-05-04T14:45:56.201,79.730,19.634,-41.890,9.817
1714823156211,2024-05-04T14:45:56.211,79.740,16.037,-43.354,13.841
1714823156221,2024-05-04T14:45:56.221,79.750,12.866,-38.841,13.171
1714823156231,2024-05-04T14:45:56.231,79.760,8.963,-36.524,7.927
1714823156241,2024-05-04T14:45:56.241,79.770,5.244,-36.890,5.183
1714823156251,2024-05-04T14:45:56.251,79.780,0.854,-39.085,4.024
1714823156261,2024-05-04T14:45:56.261,79.790,-2.927,-38.537,4.024
1714823156271,2024-05-04T14:45:56.271,79.800,-4.085,-34.634,5.122
1714823156281,2024-05-04T14:45:56.281,79.810,-3.171,-30.671,6.646
1714823156291,2024-05-04T14:45:56.291,79.820,-2.988,-27.256,9.024
1714823156301,2024-05-04T14:45:56.301,79.830,-4.634,-22.195,11.402
1714823156311,2024-05-04T14:45:56.311,79.840,-5.671,-17.195,9.756
1714823156321,2024-05-04T14:45:56.321,79.850,-3.598,-16.524,5.427
1714823156331,2024-05-04T14:45:56.331,79.860,-0.976,-21.768,1.585
1714823156341,2024-05-04T14:45:56.341,79.870,-0.366,-28.659,0.488
1714823156351,2024-05-04T14:45:56.351,79.880,-1.037,-30.366,0.732
1714823156361,2024-05-04T14:45:56.361,79.890,-1.220,-25.976,-0.366
1714823156371,2024-05-04T14:45:56.371,79.900,0.610,-18.476,-1.341
1714823156381,2024-05-04T14:45:56.381,79.910,1.829,-9.024,-1.768
1714823156391,2024-05-04T14:45:56.391,79.920,1.341,1.463,-2.805
1714823156401,2024-05-04T14:45:56.401,79.930,0.366,8.110,-5.000
1714823156411,2024-05-04T14:45:56.411,79.940,-1.585,6.829,-5.915
1714823156421,2024-05-04T14:45:56.421,79.950,-3.232,-0.305,-4.268
1714823156431,2024-05-04T14:45:56.431,79.960,-4.573,-8.171,-2.805
1714823156441,2024-05-04T14:45:56.441,79.970,-4.024,-12.927,-1.524
1714823156451,2024-05-04T14:45:56.451,79.980,-1.951,-14.390,-0.671
1714823156461,2024-05-04T14:45:56.461,79.990,-0.915,-13.171,-0.183
1714823156471,2024-05-04T14:45:56.471,80.000,-1.951,-10.183,-0.183
1714823156481,2024-05-04T14:45:56.481,80.010,-2.988,-6.646,-0.732
1714823156491,2024-05-04T14:45:56.491,80.020,-3.598,-4.451,-0.427
1714823156501,2024-05-04T14:45:56.501,80.030,-3.598,-3.598,0.061
1714823156511,2024-05-04T14:45:56.511,80.040,-2.195,-4.024,1.159
1714823156521,2024-05-04T14:45:56.521,80.050,-0.305,-5.000,2.927
1714823156531,2024-05-04T14:45:56.531,80.060,1.037,-6.402,4.146
1714823156541,2024-05-04T14:45:56.541,80.070,2.134,-6.890,4.634
1714823156551,2024-05-04T14:45:56.551,80.080,3.293,-5.854,4.695
1714823156561,2024-05-04T14:45:56.561,80.090,4.756,-3.415,5.244
1714823156571,2024-05-04T14:45:56.571,80.100,6.768,-0.610,7.012
1714823156581,2024-05-04T14:45:56.581,80.110,8.659,0.122,8.780
1714823156591,2024-05-04T14:45:56.591,80.120,8.476,-1.524,9.878
1714823156601,2024-05-04T14:45:56.601,80.130,10.305,-3.049,10.854
1714823156611,2024-05-04T14:45:56.611,80.140,13.476,-4.634,13.963
1714823156621,2024-05-04T14:45:56.621,80.150,13.841,-6.098,14.390
1714823156631,2024-05-04T14:45:56.631,80.160,13.476,-7.073,15.549
1714823156641,2024-05-04T14:45:56.641,80.170,14.878,-10.305,22.073
1714823156651,2024-05-04T14:45:56.651,80.180,15.549,-15.488,29.512
1714823156661,2024-05-04T14:45:56.661,80.190,12.683,-23.354,33.110
1714823156671,2024-05-04T14:45:56.671,80.200,8.476,-31.768,36.341
1714823156681,2024-05-04T14:45:56.681,80.210,8.537,-36.890,40.427
1714823156691,2024-05-04T14:45:56.691,80.220,12.317,-39.390,43.171
1714823156701,2024-05-04T14:45:56.701,80.230,16.402,-40.488,44.085
1714823156711,2024-05-04T14:45:56.711,80.240,19.085,-42.256,44.573
1714823156721,2024-05-04T14:45:56.721,80.250,23.049,-44.817,43.902
1714823156731,2024-05-04T14:45:56.731,80.260,29.451,-46.402,42.805
1714823156741,2024-05-04T14:45:56.741,80.270,36.098,-49.817,41.280
1714823156751,2024-05-04T14:45:56.751,80.280,38.841,-56.098,38.171
1714823156761,2024-05-04T14:45:56.761,80.290,39.695,-60.732,33.232
1714823156771,2024-05-04T14:45:56.771,80.300,43.232,-59.451,28.110
1714823156781,2024-05-04T14:45:56.781,80.310,47.561,-50.427,22.622
1714823156791,2024-05-04T14:45:56.791,80.320,52.805,-37.744,17.683
1714823156801,2024-05-04T14:45:56.801,80.330,56.707,-25.671,13.110
1714823156811,2024-05-04T14:45:56.811,80.340,58.232,-15.671,8.232
1714823156821,2024-05-04T14:45:56.821,80.350,60.122,-10.244,3.902
1714823156831,2024-05-04T14:45:56.831,80.360,59.939,-6.585,-1.037
1714823156841,2024-05-04T14:45:56.841,80.370,55.793,1.768,-5.915
1714823156851,2024-05-04T14:45:56.851,80.380,51.159,18.476,-11.524
1714823156861,2024-05-04T14:45:56.861,80.390,49.878,38.598,-19.939
1714823156871,2024-05-04T14:45:56.871,80.400,50.305,57.805,-26.524
1714823156881,2024-05-04T14:45:56.881,80.410,53.293,72.561,-26.159
1714823156891,2024-05-04T14:45:56.891,80.420,49.146,77.683,-26.280
1714823156901,2024-05-04T14:45:56.901,80.430,34.878,70.549,-34.024
1714823156911,2024-05-04T14:45:56.911,80.440,13.780,58.476,-39.817
1714823156921,2024-05-04T14:45:56.921,80.450,-8.171,54.268,-43.902
1714823156931,2024-05-04T14:45:56.931,80.460,-23.476,59.390,-49.878
1714823156941,2024-05-04T14:45:56.941,80.470,-40.244,59.634,-54.268
1714823156951,2024-05-04T14:45:56.951,80.480,-56.098,54.207,-52.744
1714823156961,2024-05-04T14:45:56.961,80.490,-71.768,63.049,-47.988
1714823156971,2024-05-04T14:45:56.971,80.500,-90.671,101.951,-38.110
1714823156981,2024-05-04T14:45:56.981,80.510,-115.000,163.049,-26.829
1714823156991,2024-05-04T14:45:56.991,80.520,-141.707,226.768,-23.476
1714823157001,2024-05-04T14:45:57.001,80.530,-157.073,269.634,-28.232
1714823157011,2024-05-04T14:45:57.011,80.540,-163.476,287.805,-38.049
1714823157021,2024-05-04T14:45:57.021,80.550,-165.000,284.939,-46.951
1714823157031,2024-05-04T14:45:57.031,80.560,-174.878,267.622,-55.976
1714823157041,2024-05-04T14:45:57.041,80.570,-190.915,271.524,-60.976
1714823157051,2024-05-04T14:45:57.051,80.580,-221.280,305.305,-56.951
1714823157061,2024-05-04T14:45:57.061,80.590,-245.915,301.524,-58.232
1714823157071,2024-05-04T14:45:57.071,80.600,-254.939,249.085,-68.415
1714823157081,2024-05-04T14:45:57.081,80.610,-230.488,187.866,-82.866
1714823157091,2024-05-04T14:45:57.091,80.620,-197.073,117.622,-76.037
1714823157101,2024-05-04T14:45:57.101,80.630,-150.610,34.024,-46.037
1714823157111,2024-05-04T14:45:57.111,80.640,-104.146,-45.732,-17.866
1714823157121,2024-05-04T14:45:57.121,80.650,-66.646,-88.415,21.402
1714823157131,2024-05-04T14:45:57.131,80.660,-21.341,-93.171,38.171
1714823157141,2024-05-04T14:45:57.141,80.670,8.841,-78.720,26.159
1714823157151,2024-05-04T14:45:57.151,80.680,30.793,-63.171,20.671
1714823157161,2024-05-04T14:45:57.161,80.690,56.402,-56.585,25.305
1714823157171,2024-05-04T14:45:57.171,80.700,74.695,-59.207,29.695
1714823157181,2024-05-04T14:45:57.181,80.710,89.207,-62.378,31.463
1714823157191,2024-05-04T14:45:57.191,80.720,103.537,-56.524,29.207
1714823157201,2024-05-04T14:45:57.201,80.730,106.098,-46.768,26.341
1714823157211,2024-05-04T14:45:57.211,80.740,97.683,-36.951,21.768
1714823157221,2024-05-04T14:45:57.221,80.750,89.878,-29.390,15.732
1714823157231,2024-05-04T14:45:57.231,80.760,87.500,-26.402,8.841
1714823157241,2024-05-04T14:45:57.241,80.770,87.195,-28.598,2.744
1714823157251,2024-05-04T14:45:57.251,80.780,85.854,-38.841,-2.622
1714823157261,2024-05-04T14:45:57.261,80.790,84.634,-62.134,-4.634
1714823157271,2024-05-04T14:45:57.271,80.800,82.378,-89.939,-3.598
1714823157281,2024-05-04T14:45:57.281,80.810,79.024,-115.122,1.890
1714823157291,2024-05-04T14:45:57.291,80.820,76.951,-134.695,7.073
1714823157301,2024-05-04T14:45:57.301,80.830,75.061,-147.866,6.646
1714823157311,2024-05-04T14:45:57.311,80.840,72.866,-154.329,-0.305
1714823157321,2024-05-04T14:45:57.321,80.850,70.366,-150.732,-6.646
1714823157331,2024-05-04T14:45:57.331,80.860,66.341,-138.476,-10.854
1714823157341,2024-05-04T14:45:57.341,80.870,61.768,-123.049,-16.159
1714823157351,2024-05-04T14:45:57.351,80.880,57.378,-106.159,-19.085
1714823157361,2024-05-04T14:45:57.361,80.890,54.024,-88.537,-19.085
1714823157371,2024-05-04T14:45:57.371,80.900,50.061,-67.866,-17.683
1714823157381,2024-05-04T14:45:57.381,80.910,49.329,-43.902,-11.768
1714823157391,2024-05-04T14:45:57.391,80.920,51.402,-32.866,-6.098
1714823157401,2024-05-04T14:45:57.401,80.930,49.390,-44.268,-7.317
1714823157411,2024-05-04T14:45:57.411,80.940,42.927,-71.890,-11.524
1714823157421,2024-05-04T14:45:57.421,80.950,35.061,-103.110,-14.573
1714823157431,2024-05-04T14:45:57.431,80.960,29.207,-122.622,-16.098
1714823157441,2024-05-04T14:45:57.441,80.970,21.890,-103.841,-7.195
1714823157451,2024-05-04T14:45:57.451,80.980,18.110,-56.646,-2.866
1714823157461,2024-05-04T14:45:57.461,80.990,14.939,-4.268,-6.341
1714823157471,2024-05-04T14:45:57.471,81.000,9.939,30.732,-9.451
1714823157481,2024-05-04T14:45:57.481,81.010,7.744,36.768,-5.854
1714823157491,2024-05-04T14:45:57.491,81.020,5.183,17.866,-3.354
1714823157501,2024-05-04T14:45:57.501,81.030,4.268,-20.000,-4.512
1714823157511,2024-05-04T14:45:57.511,81.040,4.390,-64.268,1.585
1714823157521,2024-05-04T14:45:57.521,81.050,4.451,-93.659,15.427
1714823157531,2024-05-04T14:45:57.531,81.060,3.537,-96.098,24.817
1714823157541,2024-05-04T14:45:57.541,81.070,0.366,-74.329,22.805
1714823157551,2024-05-04T14:45:57.551,81.080,-0.549,-46.280,16.524
1714823157561,2024-05-04T14:45:57.561,81.090,1.768,-28.354,14.207
1714823157571,2024-05-04T14:45:57.571,81.100,2.744,-20.000,14.451
1714823157581,2024-05-04T14:45:57.581,81.110,2.012,-14.878,13.232
1714823157591,2024-05-04T14:45:57.591,81.120,1.585,-8.171,10.732
1714823157601,2024-05-04T14:45:57.601,81.130,2.439,-0.549,9.146
1714823157611,2024-05-04T14:45:57.611,81.140,1.463,6.037,9.207
1714823157621,2024-05-04T14:45:57.621,81.150,-0.732,10.183,7.134
1714823157631,2024-05-04T14:45:57.631,81.160,-2.500,5.732,4.146
1714823157641,2024-05-04T14:45:57.641,81.170,-2.988,-1.463,3.415
1714823157651,2024-05-04T14:45:57.651,81.180,-2.927,-4.512,3.171
1714823157661,2024-05-04T14:45:57.661,81.190,-1.646,-2.256,2.012
1714823157671,2024-05-04T14:45:57.671,81.200,-1.951,-0.793,0.671
1714823157681,2024-05-04T14:45:57.681,81.210,-2.256,-2.744,0.610
1714823157691,2024-05-04T14:45:57.691,81.220,-2.256,-8.049,0.854
1714823157701,2024-05-04T14:45:57.701,81.230,-2.012,-12.805,1.707
1714823157711,2024-05-04T14:45:57.711,81.240,-1.646,-15.488,1.768
1714823157721,2024-05-04T14:45:57.721,81.250,-0.854,-15.671,2.134
1714823157731,2024-05-04T14:45:57.731,81.260,-0.061,-12.439,3.232
1714823157741,2024-05-04T14:45:57.741,81.270,0.366,-7.622,3.354
1714823157751,2024-05-04T14:45:57.751,81.280,1.402,-3.720,3.171
1714823157761,2024-05-04T14:45:57.761,81.290,4.024,-1.707,3.415
1714823157771,2024-05-04T14:45:57.771,81.300,7.073,-1.829,3.659
1714823157781,2024-05-04T14:45:57.781,81.310,9.695,-4.512,3.902
1714823157791,2024-05-04T14:45:57.791,81.320,12.927,-7.866,4.634
1714823157801,2024-05-04T14:45:57.801,81.330,14.939,-11.159,4.573
1714823157811,2024-05-04T14:45:57.811,81.340,17.012,-10.183,3.720
1714823157821,2024-05-04T14:45:57.821,81.350,19.939,-4.268,2.622
1714823157831,2024-05-04T14:45:57.831,81.360,23.598,5.671,1.829
1714823157841,2024-05-04T14:45:57.841,81.370,29.268,19.939,0.427
1714823157851,2024-05-04T14:45:57.851,81.380,34.878,35.793,-3.293
1714823157861,2024-05-04T14:45:57.861,81.390,42.378,49.878,-5.793
1714823157871,2024-05-04T14:45:57.871,81.400,49.451,56.890,-6.402
1714823157881,2024-05-04T14:45:57.881,81.410,55.488,55.000,-3.293
1714823157891,2024-05-04T14:45:57.891,81.420,57.195,43.598,1.159
1714823157901,2024-05-04T14:45:57.901,81.430,53.537,25.610,3.415
1714823157911,2024-05-04T14:45:57.911,81.440,43.659,10.915,5.488
1714823157921,2024-05-04T14:45:57.921,81.450,36.768,11.159,10.000
1714823157931,2024-05-04T14:45:57.931,81.460,38.476,24.268,12.927
1714823157941,2024-05-04T14:45:57.941,81.470,46.220,35.549,11.890
1714823157951,2024-05-04T14:45:57.951,81.480,51.890,35.610,10.366
1714823157961,2024-05-04T14:45:57.961,81.490,50.183,24.207,9.207
1714823157971,2024-05-04T14:45:57.971,81.500,47.256,10.976,5.976
1714823157981,2024-05-04T14:45:57.981,81.510,49.024,1.524,1.829
1714823157991,2024-05-04T14:45:57.991,81.520,48.963,-3.537,-1.341
1714823158001,2024-05-04T14:45:58.001,81.530,48.232,-1.768,-2.744
1714823158011,2024-05-04T14:45:58.011,81.540,49.695,6.402,-3.293
1714823158021,2024-05-04T14:45:58.021,81.550,49.329,21.341,-5.671
1714823158031,2024-05-04T14:45:58.031,81.560,48.171,38.780,-9.390
1714823158041,2024-05-04T14:45:58.041,81.570,46.524,52.927,-12.805
1714823158051,2024-05-04T14:45:58.051,81.580,43.049,58.537,-16.951
1714823158061,2024-05-04T14:45:58.061,81.590,38.780,59.329,-23.354
1714823158071,2024-05-04T14:45:58.071,81.600,35.732,57.683,-30.366
1714823158081,2024-05-04T14:45:58.081,81.610,32.256,57.317,-37.805
1714823158091,2024-05-04T14:45:58.091,81.620,29.878,59.634,-42.500
1714823158101,2024-05-04T14:45:58.101,81.630,27.317,61.646,-45.732
1714823158111,2024-05-04T14:45:58.111,81.640,21.463,59.512,-52.256
1714823158121,2024-05-04T14:45:58.121,81.650,9.573,48.841,-59.024
1714823158131,2024-05-04T14:45:58.131,81.660,-13.598,33.049,-64.817
1714823158141,2024-05-04T14:45:58.141,81.670,-43.720,14.451,-74.939
1714823158151,2024-05-04T14:45:58.151,81.680,-72.378,1.463,-78.902
1714823158161,2024-05-04T14:45:58.161,81.690,-95.061,-4.756,-76.341
1714823158171,2024-05-04T14:45:58.171,81.700,-110.183,1.098,-74.817
1714823158181,2024-05-04T14:45:58.181,81.710,-115.427,16.646,-63.232
1714823158191,2024-05-04T14:45:58.191,81.720,-121.037,29.085,-55.488
1714823158201,2024-05-04T14:45:58.201,81.730,-131.159,42.988,-46.768
1714823158211,2024-05-04T14:45:58.211,81.740,-142.683,63.171,-42.988
1714823158221,2024-05-04T14:45:58.221,81.750,-148.110,94.878,-47.622
1714823158231,2024-05-04T14:45:58.231,81.760,-153.659,127.561,-57.744
1714823158241,2024-05-04T14:45:58.241,81.770,-167.683,144.695,-58.598
1714823158251,2024-05-04T14:45:58.251,81.780,-177.988,150.549,-48.293
1714823158261,2024-05-04T14:45:58.261,81.790,-185.244,132.073,-45.122
1714823158271,2024-05-04T14:45:58.271,81.800,-201.768,108.476,-26.585
1714823158281,2024-05-04T14:45:58.281,81.810,-207.378,93.537,3.537
1714823158291,2024-05-04T14:45:58.291,81.820,-182.805,59.634,0.061
1714823158301,2024-05-04T14:45:58.301,81.830,-152.195,11.524,-7.012
1714823158311,2024-05-04T14:45:58.311,81.840,-116.829,-14.573,16.951
1714823158321,2024-05-04T14:45:58.321,81.850,-89.085,-16.402,35.244
1714823158331,2024-05-04T14:45:58.331,81.860,-62.927,-10.671,37.134
1714823158341,2024-05-04T14:45:58.341,81.870,-29.329,-16.524,33.902
1714823158351,2024-05-04T14:45:58.351,81.880,8.049,-30.305,32.317
1714823158361,2024-05-04T14:45:58.361,81.890,35.610,-37.500,35.854
1714823158371,2024-05-04T14:45:58.371,81.900,48.232,-29.085,36.280
1714823158381,2024-05-04T14:45:58.381,81.910,53.598,-12.195,33.232
1714823158391,2024-05-04T14:45:58.391,81.920,54.939,1.402,29.146
1714823158401,2024-05-04T14:45:58.401,81.930,53.720,4.573,23.963
1714823158411,2024-05-04T14:45:58.411,81.940,51.037,-3.293,18.902
1714823158421,2024-05-04T14:45:58.421,81.950,48.537,-16.463,16.037
1714823158431,2024-05-04T14:45:58.431,81.960,48.902,-31.159,14.207
1714823158441,2024-05-04T14:45:58.441,81.970,50.427,-50.244,12.134
1714823158451,2024-05-04T14:45:58.451,81.980,53.476,-75.122,10.610
1714823158461,2024-05-04T14:45:58.461,81.990,58.293,-105.000,12.012
1714823158471,2024-05-04T14:45:58.471,82.000,62.744,-130.183,12.805
1714823158481,2024-05-04T14:45:58.481,82.010,65.976,-148.110,13.902
1714823158491,2024-05-04T14:45:58.491,82.020,70.793,-161.220,16.159
1714823158501,2024-05-04T14:45:58.501,82.030,73.476,-172.683,16.585
1714823158511,2024-05-04T14:45:58.511,82.040,76.280,-185.976,16.220
1714823158521,2024-05-04T14:45:58.521,82.050,75.854,-195.976,21.159
1714823158531,2024-05-04T14:45:58.531,82.060,73.354,-205.305,23.841
1714823158541,2024-05-04T14:45:58.541,82.070,66.037,-220.122,19.817
1714823158551,2024-05-04T14:45:58.551,82.080,53.415,-221.402,15.122
1714823158561,2024-05-04T14:45:58.561,82.090,45.244,-203.293,13.110
1714823158571,2024-05-04T14:45:58.571,82.100,39.390,-172.134,11.890
1714823158581,2024-05-04T14:45:58.581,82.110,33.415,-134.268,11.890
1714823158591,2024-05-04T14:45:58.591,82.120,30.610,-97.134,14.146
1714823158601,2024-05-04T14:45:58.601,82.130,27.805,-66.220,15.854
1714823158611,2024-05-04T14:45:58.611,82.140,28.780,-49.939,19.817
1714823158621,2024-05-04T14:45:58.621,82.150,26.341,-59.634,17.744
1714823158631,2024-05-04T14:45:58.631,82.160,16.951,-80.427,10.366
1714823158641,2024-05-04T14:45:58.641,82.170,11.768,-71.524,13.841
1714823158651,2024-05-04T14:45:58.651,82.180,20.244,-44.329,12.805
1714823158661,2024-05-04T14:45:58.661,82.190,16.585,-27.744,6.524
1714823158671,2024-05-04T14:45:58.671,82.200,13.171,-23.902,8.293
1714823158681,2024-05-04T14:45:58.681,82.210,9.573,-31.463,14.329
1714823158691,2024-05-04T14:45:58.691,82.220,5.244,-32.805,17.012
1714823158701,2024-05-04T14:45:58.701,82.230,1.037,-24.817,12.195
1714823158711,2024-05-04T14:45:58.711,82.240,0.122,-14.817,7.317
1714823158721,2024-05-04T14:45:58.721,82.250,-0.610,-12.134,6.707
1714823158731,2024-05-04T14:45:58.731,82.260,-3.780,-13.293,7.561
1714823158741,2024-05-04T14:45:58.741,82.270,-6.829,-13.232,7.256
1714823158751,2024-05-04T14:45:58.751,82.280,-7.256,-9.024,8.659
1714823158761,2024-05-04T14:45:58.761,82.290,-2.866,-1.585,7.439
1714823158771,2024-05-04T14:45:58.771,82.300,2.195,-0.854,2.988
1714823158781,2024-05-04T14:45:58.781,82.310,3.476,-8.293,1.646
1714823158791,2024-05-04T14:45:58.791,82.320,1.890,-15.305,2.378
1714823158801,2024-05-04T14:45:58.801,82.330,0.854,-14.085,1.707
1714823158811,2024-05-04T14:45:58.811,82.340,2.012,-5.305,-0.183
1714823158821,2024-05-04T14:45:58.821,82.350,1.768,0.732,-1.037
1714823158831,2024-05-04T14:45:58.831,82.360,-1.890,1.951,0.854
1714823158841,2024-05-04T14:45:58.841,82.370,-4.024,0.671,1.524
1714823158851,2024-05-04T14:45:58.851,82.380,-3.659,-3.537,1.402
1714823158861,2024-05-04T14:45:58.861,82.390,-2.500,-6.768,2.256
1714823158871,2024-05-04T14:45:58.871,82.400,0.183,-2.927,2.561
1714823158881,2024-05-04T14:45:58.881,82.410,1.707,6.037,1.098
1714823158891,2024-05-04T14:45:58.891,82.420,-0.061,13.110,-1.707
1714823158901,2024-05-04T14:45:58.901,82.430,-1.341,13.841,-2.378
1714823158911,2024-05-04T14:45:58.911,82.440,-0.915,8.902,-0.915
1714823158921,2024-05-04T14:45:58.921,82.450,-0.488,0.427,0.671
1714823158931,2024-05-04T14:45:58.931,82.460,-0.793,-6.220,1.524
1714823158941,2024-05-04T14:45:58.941,82.470,0.732,-6.707,2.317
1714823158951,2024-05-04T14:45:58.951,82.480,3.659,-3.232,3.293
1714823158961,2024-05-04T14:45:58.961,82.490,4.451,-1.890,3.902
1714823158971,2024-05-04T14:45:58.971,82.500,2.195,-5.610,5.183
1714823158981,2024-05-04T14:45:58.981,82.510,-1.037,-11.524,6.707
1714823158991,2024-05-04T14:45:58.991,82.520,-1.829,-14.939,8.659
1714823159001,2024-05-04T14:45:59.001,82.530,1.524,-13.720,10.549
1714823159011,2024-05-04T14:45:59.011,82.540,5.244,-9.268,12.378
1714823159021,2024-05-04T14:45:59.021,82.550,5.610,-3.476,11.220
1714823159031,2024-05-04T14:45:59.031,82.560,5.000,3.415,9.207
1714823159041,2024-05-04T14:45:59.041,82.570,4.939,7.927,5.915
1714823159051,2024-05-04T14:45:59.051,82.580,5.976,6.890,3.049
1714823159061,2024-05-04T14:45:59.061,82.590,6.585,-6.098,-3.232
1714823159071,2024-05-04T14:45:59.071,82.600,11.890,-21.159,-3.963
1714823159081,2024-05-04T14:45:59.081,82.610,14.024,-32.378,1.890
1714823159091,2024-05-04T14:45:59.091,82.620,17.134,-28.902,4.695
1714823159101,2024-05-04T14:45:59.101,82.630,25.793,-11.463,5.610
1714823159111,2024-05-04T14:45:59.111,82.640,37.439,6.280,3.841
1714823159121,2024-05-04T14:45:59.121,82.650,44.329,17.622,3.232
1714823159131,2024-05-04T14:45:59.131,82.660,46.341,22.988,3.537
1714823159141,2024-05-04T14:45:59.141,82.670,48.415,25.366,3.659
1714823159151,2024-05-04T14:45:59.151,82.680,53.902,25.793,3.659
1714823159161,2024-05-04T14:45:59.161,82.690,57.744,24.695,3.415
1714823159171,2024-05-04T14:45:59.171,82.700,58.476,26.768,1.220
1714823159181,2024-05-04T14:45:59.181,82.710,58.232,34.207,-3.171
1714823159191,2024-05-04T14:45:59.191,82.720,60.793,43.720,-6.585
1714823159201,2024-05-04T14:45:59.201,82.730,63.415,47.744,-10.122
1714823159211,2024-05-04T14:45:59.211,82.740,60.427,44.451,-14.451
1714823159221,2024-05-04T14:45:59.221,82.750,53.415,41.585,-17.500
1714823159231,2024-05-04T14:45:59.231,82.760,48.841,42.927,-19.573
1714823159241,2024-05-04T14:45:59.241,82.770,46.707,48.659,-23.293
1714823159251,2024-05-04T14:45:59.251,82.780,43.902,58.110,-28.659
1714823159261,2024-05-04T14:45:59.261,82.790,42.866,69.085,-34.390
1714823159271,2024-05-04T14:45:59.271,82.800,46.524,74.756,-38.963
1714823159281,2024-05-04T14:45:59.281,82.810,50.488,71.220,-41.098
1714823159291,2024-05-04T14:45:59.291,82.820,45.183,63.049,-39.939
1714823159301,2024-05-04T14:45:59.301,82.830,27.988,53.232,-38.415
1714823159311,2024-05-04T14:45:59.311,82.840,12.866,48.110,-39.146
1714823159321,2024-05-04T14:45:59.321,82.850,7.134,47.439,-40.000
1714823159331,2024-05-04T14:45:59.331,82.860,1.585,43.354,-42.134
1714823159341,2024-05-04T14:45:59.341,82.870,-4.390,38.841,-45.549
1714823159351,2024-05-04T14:45:59.351,82.880,-10.183,39.817,-49.329
1714823159361,2024-05-04T14:45:59.361,82.890,-17.195,49.817,-54.634
1714823159371,2024-05-04T14:45:59.371,82.900,-26.768,62.866,-58.293
1714823159381,2024-05-04T14:45:59.381,82.910,-40.366,71.890,-60.061
1714823159391,2024-05-04T14:45:59.391,82.920,-55.915,75.122,-60.366
1714823159401,2024-05-04T14:45:59.401,82.930,-73.902,71.098,-64.268
1714823159411,2024-05-04T14:45:59.411,82.940,-94.451,72.866,-62.561
1714823159421,2024-05-04T14:45:59.421,82.950,-115.244,87.256,-55.854
1714823159431,2024-05-04T14:45:59.431,82.960,-135.366,115.061,-48.841
1714823159441,2024-05-04T14:45:59.441,82.970,-153.841,146.220,-47.805
1714823159451,2024-05-04T14:45:59.451,82.980,-162.744,160.488,-51.707
1714823159461,2024-05-04T14:45:59.461,82.990,-166.341,153.232,-54.878
1714823159471,2024-05-04T14:45:59.471,83.000,-164.512,137.561,-59.207
1714823159481,2024-05-04T14:45:59.481,83.010,-163.415,118.537,-56.280
1714823159491,2024-05-04T14:45:59.491,83.020,-183.963,100.793,-42.134
1714823159501,2024-05-04T14:45:59.501,83.030,-206.585,100.488,-46.585
1714823159511,2024-05-04T14:45:59.511,83.040,-207.256,112.012,-65.976
1714823159521,2024-05-04T14:45:59.521,83.050,-224.878,103.049,-54.390
1714823159531,2024-05-04T14:45:59.531,83.060,-249.085,76.768,-25.366
1714823159541,2024-05-04T14:45:59.541,83.070,-226.220,38.476,-18.720
1714823159551,2024-05-04T14:45:59.551,83.080,-174.207,5.793,-18.902
1714823159561,2024-05-04T14:45:59.561,83.090,-108.232,4.024,12.683
1714823159571,2024-05-04T14:45:59.571,83.100,-44.207,13.720,27.988
1714823159581,2024-05-04T14:45:59.581,83.110,13.232,-12.195,11.829
1714823159591,2024-05-04T14:45:59.591,83.120,59.573,-68.841,21.220
1714823159601,2024-05-04T14:45:59.601,83.130,79.939,-112.866,37.012
1714823159611,2024-05-04T14:45:59.611,83.140,79.329,-122.744,36.220
1714823159621,2024-05-04T14:45:59.621,83.150,70.793,-111.829,31.098
1714823159631,2024-05-04T14:45:59.631,83.160,62.256,-96.707,27.256
1714823159641,2024-05-04T14:45:59.641,83.170,60.854,-85.732,23.354
1714823159651,2024-05-04T14:45:59.651,83.180,67.561,-80.244,17.134
1714823159661,2024-05-04T14:45:59.661,83.190,72.378,-70.305,11.646
1714823159671,2024-05-04T14:45:59.671,83.200,72.256,-55.549,11.280
1714823159681,2024-05-04T14:45:59.681,83.210,71.280,-42.561,10.915
1714823159691,2024-05-04T14:45:59.691,83.220,68.841,-32.378,9.939
1714823159701,2024-05-04T14:45:59.701,83.230,66.524,-25.671,11.524
1714823159711,2024-05-04T14:45:59.711,83.240,64.146,-22.134,15.183
1714823159721,2024-05-04T14:45:59.721,83.250,62.683,-26.585,18.476
1714823159731,2024-05-04T14:45:59.731,83.260,61.463,-38.963,18.232
1714823159741,2024-05-04T14:45:59.741,83.270,60.000,-53.110,16.585
1714823159751,2024-05-04T14:45:59.751,83.280,56.890,-66.037,14.085
1714823159761,2024-05-04T14:45:59.761,83.290,54.329,-72.744,10.366
1714823159771,2024-05-04T14:45:59.771,83.300,52.378,-69.878,10.610
1714823159781,2024-05-04T14:45:59.781,83.310,48.963,-63.049,14.878
1714823159791,2024-05-04T14:45:59.791,83.320,42.012,-54.695,15.305
1714823159801,2024-05-04T14:45:59.801,83.330,32.622,-50.549,14.512
1714823159811,2024-05-04T14:45:59.811,83.340,26.829,-53.110,10.671
1714823159821,2024-05-04T14:45:59.821,83.350,21.951,-63.293,5.244
1714823159831,2024-05-04T14:45:59.831,83.360,26.890,-74.939,12.866
1714823159841,2024-05-04T14:45:59.841,83.370,43.415,-86.280,15.610
1714823159851,2024-05-04T14:45:59.851,83.380,49.085,-95.610,34.390
1714823159861,2024-05-04T14:45:59.861,83.390,38.720,-93.171,33.902
1714823159871,2024-05-04T14:45:59.871,83.400,25.122,-86.951,17.378
1714823159881,2024-05-04T14:45:59.881,83.410,15.305,-67.256,22.622
1714823159891,2024-05-04T14:45:59.891,83.420,15.366,-40.366,22.012
1714823159901,2024-05-04T14:45:59.901,83.430,19.085,-16.890,9.756
1714823159911,2024-05-04T14:45:59.911,83.440,22.317,-8.963,5.488
1714823159921,2024-05-04T14:45:59.921,83.450,18.171,-20.915,9.024
1714823159931,2024-05-04T14:45:59.931,83.460,7.500,-35.183,16.341
1714823159941,2024-05-04T14:45:59.941,83.470,1.402,-38.232,19.756
1714823159951,2024-05-04T14:45:59.951,83.480,1.951,-39.024,12.805
1714823159961,2024-05-04T14:45:59.961,83.490,5.305,-52.622,10.183
1714823159971,2024-05-04T14:45:59.971,83.500,8.232,-67.134,14.939
1714823159981,2024-05-04T14:45:59.981,83.510,8.780,-65.122,15.549
1714823159991,2024-05-04T14:45:59.991,83.520,10.671,-48.598,12.744
1714823160001,2024-05-04T14:46:00.001,83.530,13.354,-28.293,11.220
1714823160011,2024-05-04T14:46:00.011,83.540,9.878,-12.134,10.488
1714823160021,2024-05-04T14:46:00.021,83.550,2.805,-1.890,9.634
1714823160031,2024-05-04T14:46:00.031,83.560,-0.610,-0.610,9.085
1714823160041,2024-05-04T14:46:00.041,83.570,-1.220,-6.402,9.451
1714823160051,2024-05-04T14:46:00.051,83.580,-0.732,-13.598,11.768
1714823160061,2024-05-04T14:46:00.061,83.590,1.890,-17.195,10.671
1714823160071,2024-05-04T14:46:00.071,83.600,4.573,-18.476,7.378
1714823160081,2024-05-04T14:46:00.081,83.610,4.085,-18.354,6.890
1714823160091,2024-05-04T14:46:00.091,83.620,1.037,-15.915,6.768
1714823160101,2024-05-04T14:46:00.101,83.630,-1.951,-12.073,5.549
1714823160111,2024-05-04T14:46:00.111,83.640,-3.232,-9.939,4.939
1714823160121,2024-05-04T14:46:00.121,83.650,-2.805,-10.183,4.939
1714823160131,2024-05-04T14:46:00.131,83.660,-0.976,-10.610,4.756
1714823160141,2024-05-04T14:46:00.141,83.670,1.341,-10.000,4.939
1714823160151,2024-05-04T14:46:00.151,83.680,2.439,-9.573,5.976
1714823160161,2024-05-04T14:46:00.161,83.690,1.585,-10.793,7.134
1714823160171,2024-05-04T14:46:00.171,83.700,1.463,-11.402,9.390
1714823160181,2024-05-04T14:46:00.181,83.710,1.890,-10.854,10.671
1714823160191,2024-05-04T14:46:00.191,83.720,2.195,-10.000,11.463
1714823160201,2024-05-04T14:46:00.201,83.730,3.354,-8.720,11.829
1714823160211,2024-05-04T14:46:00.211,83.740,6.524,-6.220,11.220
1714823160221,2024-05-04T14:46:00.221,83.750,9.695,-1.463,9.390
1714823160231,2024-05-04T14:46:00.231,83.760,8.659,2.073,5.732
1714823160241,2024-05-04T14:46:00.241,83.770,6.829,2.256,3.415
1714823160251,2024-05-04T14:46:00.251,83.780,18.171,4.451,9.329
1714823160261,2024-05-04T14:46:00.261,83.790,26.037,-3.415,13.841
1714823160271,2024-05-04T14:46:00.271,83.800,20.793,-17.927,17.500
1714823160281,2024-05-04T14:46:00.281,83.810,12.866,-24.451,18.963
1714823160291,2024-05-04T14:46:00.291,83.820,11.220,-19.817,19.451
1714823160301,2024-05-04T14:46:00.301,83.830,12.012,-9.817,22.805
1714823160311,2024-05-04T14:46:00.311,83.840,12.073,1.890,23.110
1714823160321,2024-05-04T14:46:00.321,83.850,14.329,2.378,21.159
1714823160331,2024-05-04T14:46:00.331,83.860,19.085,-10.305,25.122
1714823160341,2024-05-04T14:46:00.341,83.870,19.634,-39.756,22.073
1714823160351,2024-05-04T14:46:00.351,83.880,9.451,-69.390,17.439
1714823160361,2024-05-04T14:46:00.361,83.890,4.390,-70.793,14.207
1714823160371,2024-05-04T14:46:00.371,83.900,14.451,-54.573,4.512
1714823160381,2024-05-04T14:46:00.381,83.910,32.805,-42.500,0.854
1714823160391,2024-05-04T14:46:00.391,83.920,41.951,-36.402,1.646
1714823160401,2024-05-04T14:46:00.401,83.930,44.756,-27.805,-3.841
1714823160411,2024-05-04T14:46:00.411,83.940,47.622,-13.232,-9.024
1714823160421,2024-05-04T14:46:00.421,83.950,55.610,-3.049,-13.902
1714823160431,2024-05-04T14:46:00.431,83.960,58.659,3.110,-17.012
1714823160441,2024-05-04T14:46:00.441,83.970,53.171,19.207,-22.744
1714823160451,2024-05-04T14:46:00.451,83.980,52.012,39.695,-29.024
1714823160461,2024-05-04T14:46:00.461,83.990,58.780,54.451,-31.890
1714823160471,2024-05-04T14:46:00.471,84.000,64.390,59.634,-33.537
1714823160481,2024-05-04T14:46:00.481,84.010,65.061,59.085,-36.280
1714823160491,2024-05-04T14:46:00.491,84.020,58.659,62.195,-41.037
1714823160501,2024-05-04T14:46:00.501,84.030,51.280,76.829,-45.244
1714823160511,2024-05-04T14:46:00.511,84.040,50.488,100.793,-47.927
1714823160521,2024-05-04T14:46:00.521,84.050,52.134,124.756,-51.890
1714823160531,2024-05-04T14:46:00.531,84.060,51.037,139.939,-57.927
1714823160541,2024-05-04T14:46:00.541,84.070,43.476,147.744,-65.488
1714823160551,2024-05-04T14:46:00.551,84.080,31.585,155.183,-75.122
1714823160561,2024-05-04T14:46:00.561,84.090,20.671,166.341,-85.732
1714823160571,2024-05-04T14:46:00.571,84.100,13.293,174.390,-92.500
1714823160581,2024-05-04T14:46:00.581,84.110,-2.622,167.866,-90.793
1714823160591,2024-05-04T14:46:00.591,84.120,-43.537,145.793,-90.671
1714823160601,2024-05-04T14:46:00.601,84.130,-93.476,129.878,-77.927
1714823160611,2024-05-04T14:46:00.611,84.140,-129.268,142.988,-65.854
1714823160621,2024-05-04T14:46:00.621,84.150,-148.659,170.061,-62.622
1714823160631,2024-05-04T14:46:00.631,84.160,-156.463,165.915,-52.683
1714823160641,2024-05-04T14:46:00.641,84.170,-166.768,133.049,-45.122
1714823160651,2024-05-04T14:46:00.651,84.180,-176.280,117.195,-45.549
1714823160661,2024-05-04T14:46:00.661,84.190,-190.732,127.195,-54.878
1714823160671,2024-05-04T14:46:00.671,84.200,-224.451,139.207,-42.500
1714823160681,2024-05-04T14:46:00.681,84.210,-255.000,149.451,-25.244
1714823160691,2024-05-04T14:46:00.691,84.220,-280.671,156.768,-48.841
1714823160701,2024-05-04T14:46:00.701,84.230,-302.378,140.000,-70.183
1714823160711,2024-05-04T14:46:00.711,84.240,-290.915,49.329,-61.098
1714823160721,2024-05-04T14:46:00.721,84.250,-240.549,-37.866,-26.220
1714823160731,2024-05-04T14:46:00.731,84.260,-153.659,-41.707,15.061
1714823160741,2024-05-04T14:46:00.741,84.270,-66.768,-36.402,12.622
1714823160751,2024-05-04T14:46:00.751,84.280,1.220,-76.524,-2.134
1714823160761,2024-05-04T14:46:00.761,84.290,50.427,-127.927,5.793
1714823160771,2024-05-04T14:46:00.771,84.300,78.049,-151.463,16.768
1714823160781,2024-05-04T14:46:00.781,84.310,92.927,-143.049,15.793
1714823160791,2024-05-04T14:46:00.791,84.320,92.378,-117.012,13.354
1714823160801,2024-05-04T14:46:00.801,84.330,73.293,-87.622,8.049
1714823160811,2024-05-04T14:46:00.811,84.340,55.427,-63.049,0.549
1714823160821,2024-05-04T14:46:00.821,84.350,47.134,-44.024,-5.610
1714823160831,2024-05-04T14:46:00.831,84.360,45.000,-26.463,-11.280
1714823160841,2024-05-04T14:46:00.841,84.370,47.317,-10.915,-16.524
1714823160851,2024-05-04T14:46:00.851,84.380,50.244,-1.159,-19.451
1714823160861,2024-05-04T14:46:00.861,84.390,50.976,-3.110,-17.622
1714823160871,2024-05-04T14:46:00.871,84.400,51.341,-17.012,-11.768
1714823160881,2024-05-04T14:46:00.881,84.410,50.915,-37.866,-4.756
1714823160891,2024-05-04T14:46:00.891,84.420,50.366,-59.268,-0.183
1714823160901,2024-05-04T14:46:00.901,84.430,47.683,-81.463,1.463
1714823160911,2024-05-04T14:46:00.911,84.440,43.963,-99.512,-1.037
1714823160921,2024-05-04T14:46:00.921,84.450,42.073,-112.500,-2.500
1714823160931,2024-05-04T14:46:00.931,84.460,40.732,-121.341,-0.976
1714823160941,2024-05-04T14:46:00.941,84.470,37.500,-121.159,-2.927
1714823160951,2024-05-04T14:46:00.951,84.480,34.939,-111.037,-8.659
1714823160961,2024-05-04T14:46:00.961,84.490,33.659,-97.988,-8.659
1714823160971,2024-05-04T14:46:00.971,84.500,30.610,-84.207,-5.915
1714823160981,2024-05-04T14:46:00.981,84.510,27.378,-75.671,-3.049
1714823160991,2024-05-04T14:46:00.991,84.520,29.085,-76.829,-2.378
1714823161001,2024-05-04T14:46:01.001,84.530,31.037,-91.463,-4.085
1714823161011,2024-05-04T14:46:01.011,84.540,34.817,-120.305,-1.402
1714823161021,2024-05-04T14:46:01.021,84.550,32.866,-153.110,7.195
1714823161031,2024-05-04T14:46:01.031,84.560,25.915,-154.634,23.963
1714823161041,2024-05-04T14:46:01.041,84.570,24.085,-142.134,29.634
1714823161051,2024-05-04T14:46:01.051,84.580,23.476,-136.037,26.037
1714823161061,2024-05-04T14:46:01.061,84.590,27.195,-126.951,28.354
1714823161071,2024-05-04T14:46:01.071,84.600,24.390,-121.585,26.098
1714823161081,2024-05-04T14:46:01.081,84.610,20.549,-109.024,23.598
1714823161091,2024-05-04T14:46:01.091,84.620,20.854,-90.122,19.939
1714823161101,2024-05-04T14:46:01.101,84.630,18.720,-82.439,15.183
1714823161111,2024-05-04T14:46:01.111,84.640,14.085,-80.732,13.598
1714823161121,2024-05-04T14:46:01.121,84.650,12.012,-73.963,14.512
1714823161131,2024-05-04T14:46:01.131,84.660,11.585,-57.805,13.963
1714823161141,2024-05-04T14:46:01.141,84.670,10.976,-38.049,9.329
1714823161151,2024-05-04T14:46:01.151,84.680,7.927,-25.305,4.451
1714823161161,2024-05-04T14:46:01.161,84.690,6.341,-15.427,4.268
1714823161171,2024-05-04T14:46:01.171,84.700,8.232,-7.439,3.354
1714823161181,2024-05-04T14:46:01.181,84.710,10.793,-2.622,2.866
1714823161191,2024-05-04T14:46:01.191,84.720,12.866,1.707,4.207
1714823161201,2024-05-04T14:46:01.201,84.730,13.720,5.427,4.878
1714823161211,2024-05-04T14:46:01.211,84.740,11.524,6.159,5.244
1714823161221,2024-05-04T14:46:01.221,84.750,6.646,1.890,5.061
1714823161231,2024-05-04T14:46:01.231,84.760,2.439,-5.976,5.183
1714823161241,2024-05-04T14:46:01.241,84.770,0.671,-14.024,6.280
1714823161251,2024-05-04T14:46:01.251,84.780,0.671,-16.280,7.683
1714823161261,2024-05-04T14:46:01.261,84.790,1.890,-10.732,7.683
1714823161271,2024-05-04T14:46:01.271,84.800,3.354,-1.280,5.854
1714823161281,2024-05-04T14:46:01.281,84.810,2.683,5.427,3.354
1714823161291,2024-05-04T14:46:01.291,84.820,0.122,6.159,1.585
1714823161301,2024-05-04T14:46:01.301,84.830,-1.585,3.598,0.976
1714823161311,2024-05-04T14:46:01.311,84.840,-2.683,0.732,1.341
1714823161321,2024-05-04T14:46:01.321,84.850,-3.232,1.280,2.073
1714823161331,2024-05-04T14:46:01.331,84.860,-3.049,5.732,2.317
1714823161341,2024-05-04T14:46:01.341,84.870,-2.439,11.220,1.646
1714823161351,2024-05-04T14:46:01.351,84.880,-1.768,15.427,1.098
1714823161361,2024-05-04T14:46:01.361,84.890,-1.890,18.780,1.402
1714823161371,2024-05-04T14:46:01.371,84.900,-1.585,23.963,2.683
1714823161381,2024-05-04T14:46:01.381,84.910,1.098,32.805,2.805
1714823161391,2024-05-04T14:46:01.391,84.920,2.134,44.451,1.585
1714823161401,2024-05-04T14:46:01.401,84.930,-0.976,61.951,0.671
1714823161411,2024-05-04T14:46:01.411,84.940,-6.037,83.354,-5.244
1714823161421,2024-05-04T14:46:01.421,84.950,-2.866,111.341,-6.768
1714823161431,2024-05-04T14:46:01.431,84.960,2.561,135.244,-1.402
1714823161441,2024-05-04T14:46:01.441,84.970,3.841,149.573,0.427
1714823161451,2024-05-04T14:46:01.451,84.980,-0.244,150.671,0.732
1714823161461,2024-05-04T14:46:01.461,84.990,-7.622,135.366,2.988
1714823161471,2024-05-04T14:46:01.471,85.000,-11.585,117.866,5.854
1714823161481,2024-05-04T14:46:01.481,85.010,-7.561,104.024,14.390
1714823161491,2024-05-04T14:46:01.491,85.020,-1.341,86.098,17.378
1714823161501,2024-05-04T14:46:01.501,85.030,0.244,65.244,11.829
1714823161511,2024-05-04T14:46:01.511,85.040,0.549,44.207,9.085
1714823161521,2024-05-04T14:46:01.521,85.050,3.659,29.695,13.902
1714823161531,2024-05-04T14:46:01.531,85.060,11.829,20.183,18.537
1714823161541,2024-05-04T14:46:01.541,85.070,22.805,14.207,18.841
1714823161551,2024-05-04T14:46:01.551,85.080,33.720,7.256,20.000
1714823161561,2024-05-04T14:46:01.561,85.090,42.500,-3.049,19.878
1714823161571,2024-05-04T14:46:01.571,85.100,49.756,-11.951,16.524
1714823161581,2024-05-04T14:46:01.581,85.110,55.305,-15.854,13.902
1714823161591,2024-05-04T14:46:01.591,85.120,59.756,-15.061,11.646
1714823161601,2024-05-04T14:46:01.601,85.130,63.415,-12.805,7.744
1714823161611,2024-05-04T14:46:01.611,85.140,67.317,-12.317,6.585
1714823161621,2024-05-04T14:46:01.621,85.150,69.817,-10.732,5.427
1714823161631,2024-05-04T14:46:01.631,85.160,72.012,-2.073,2.439
1714823161641,2024-05-04T14:46:01.641,85.170,73.537,12.256,-1.037
1714823161651,2024-05-04T14:46:01.651,85.180,75.793,30.305,-3.354
1714823161661,2024-05-04T14:46:01.661,85.190,79.268,48.110,-5.183
1714823161671,2024-05-04T14:46:01.671,85.200,81.951,63.415,-10.061
1714823161681,2024-05-04T14:46:01.681,85.210,84.817,75.183,-13.963
1714823161691,2024-05-04T14:46:01.691,85.220,87.073,82.012,-15.000
1714823161701,2024-05-04T14:46:01.701,85.230,87.500,80.854,-15.793
1714823161711,2024-05-04T14:46:01.711,85.240,89.268,67.378,-16.951
1714823161721,2024-05-04T14:46:01.721,85.250,85.061,47.195,-17.683
1714823161731,2024-05-04T14:46:01.731,85.260,73.720,36.524,-18.780
1714823161741,2024-05-04T14:46:01.741,85.270,64.390,42.744,-20.061
1714823161751,2024-05-04T14:46:01.751,85.280,59.939,61.829,-24.695
1714823161761,2024-05-04T14:46:01.761,85.290,61.524,80.183,-30.915
1714823161771,2024-05-04T14:46:01.771,85.300,61.768,85.122,-34.756
1714823161781,2024-05-04T14:46:01.781,85.310,52.866,75.549,-36.402
1714823161791,2024-05-04T14:46:01.791,85.320,35.488,59.695,-37.134
1714823161801,2024-05-04T14:46:01.801,85.330,14.085,46.159,-38.902
1714823161811,2024-05-04T14:46:01.811,85.340,-10.976,34.756,-44.634
1714823161821,2024-05-04T14:46:01.821,85.350,-41.280,18.841,-55.732
1714823161831,2024-05-04T14:46:01.831,85.360,-75.000,0.122,-63.963
1714823161841,2024-05-04T14:46:01.841,85.370,-98.049,-15.305,-65.915
1714823161851,2024-05-04T14:46:01.851,85.380,-110.976,-11.341,-62.622
1714823161861,2024-05-04T14:46:01.861,85.390,-127.439,14.329,-51.098
1714823161871,2024-05-04T14:46:01.871,85.400,-145.854,42.439,-41.341
1714823161881,2024-05-04T14:46:01.881,85.410,-157.744,57.317,-31.159
1714823161891,2024-05-04T14:46:01.891,85.420,-166.646,61.829,-25.915
1714823161901,2024-05-04T14:46:01.901,85.430,-170.427,59.939,-26.524
1714823161911,2024-05-04T14:46:01.911,85.440,-180.122,46.220,-28.902
1714823161921,2024-05-04T14:46:01.921,85.450,-201.585,35.549,-24.451
1714823161931,2024-05-04T14:46:01.931,85.460,-228.049,41.585,-23.841
1714823161941,2024-05-04T14:46:01.941,85.470,-253.598,83.659,-16.220
1714823161951,2024-05-04T14:46:01.951,85.480,-245.244,136.098,-2.439
1714823161961,2024-05-04T14:46:01.961,85.490,-207.988,155.305,-13.110
1714823161971,2024-05-04T14:46:01.971,85.500,-166.951,140.427,-20.122
1714823161981,2024-05-04T14:46:01.981,85.510,-117.561,112.195,-9.939
1714823161991,2024-05-04T14:46:01.991,85.520,-70.610,69.268,-11.890
1714823162001,2024-05-04T14:46:02.001,85.530,-31.890,15.610,-10.183
1714823162011,2024-05-04T14:46:02.011,85.540,-2.378,-31.707,-4.329
1714823162021,2024-05-04T14:46:02.021,85.550,22.073,-57.805,1.646
1714823162031,2024-05-04T14:46:02.031,85.560,38.598,-66.707,5.366
1714823162041,2024-05-04T14:46:02.041,85.570,46.159,-67.683,6.159
1714823162051,2024-05-04T14:46:02.051,85.580,47.134,-65.244,5.610
1714823162061,2024-05-04T14:46:02.061,85.590,47.439,-63.780,4.939
1714823162071,2024-05-04T14:46:02.071,85.600,47.378,-65.854,3.902
1714823162081,2024-05-04T14:46:02.081,85.610,46.524,-66.707,1.890
1714823162091,2024-05-04T14:46:02.091,85.620,48.963,-64.146,1.585
1714823162101,2024-05-04T14:46:02.101,85.630,56.768,-64.756,3.537
1714823162111,2024-05-04T14:46:02.111,85.640,63.841,-70.732,2.866
1714823162121,2024-05-04T14:46:02.121,85.650,65.366,-82.073,2.744
1714823162131,2024-05-04T14:46:02.131,85.660,64.451,-98.415,5.976
1714823162141,2024-05-04T14:46:02.141,85.670,59.573,-112.195,8.659
1714823162151,2024-05-04T14:46:02.151,85.680,53.780,-115.244,7.683
1714823162161,2024-05-04T14:46:02.161,85.690,50.793,-106.159,10.854
1714823162171,2024-05-04T14:46:02.171,85.700,48.171,-91.768,13.720
1714823162181,2024-05-04T14:46:02.181,85.710,48.537,-78.110,13.171
1714823162191,2024-05-04T14:46:02.191,85.720,48.963,-68.354,10.610
1714823162201,2024-05-04T14:46:02.201,85.730,45.610,-71.098,4.512
1714823162211,2024-05-04T14:46:02.211,85.740,41.341,-87.744,3.354
1714823162221,2024-05-04T14:46:02.221,85.750,39.329,-104.939,4.207
1714823162231,2024-05-04T14:46:02.231,85.760,35.061,-120.549,8.232
1714823162241,2024-05-04T14:46:02.241,85.770,31.463,-124.634,14.817
1714823162251,2024-05-04T14:46:02.251,85.780,30.366,-124.756,14.207
1714823162261,2024-05-04T14:46:02.261,85.790,21.098,-103.049,21.707
1714823162271,2024-05-04T14:46:02.271,85.800,33.415,-53.537,30.366
1714823162281,2024-05-04T14:46:02.281,85.810,37.927,-40.854,11.646
1714823162291,2024-05-04T14:46:02.291,85.820,26.524,-54.878,15.000
1714823162301,2024-05-04T14:46:02.301,85.830,5.183,-70.305,24.573
1714823162311,2024-05-04T14:46:02.311,85.840,3.354,-71.159,21.098
1714823162321,2024-05-04T14:46:02.321,85.850,16.829,-67.866,17.134
1714823162331,2024-05-04T14:46:02.331,85.860,19.634,-70.427,17.073
1714823162341,2024-05-04T14:46:02.341,85.870,11.037,-74.329,19.085
1714823162351,2024-05-04T14:46:02.351,85.880,3.780,-71.402,17.988
1714823162361,2024-05-04T14:46:02.361,85.890,0.976,-60.976,14.085
1714823162371,2024-05-04T14:46:02.371,85.900,1.585,-42.561,10.183
1714823162381,2024-05-04T14:46:02.381,85.910,3.049,-23.780,5.793
1714823162391,2024-05-04T14:46:02.391,85.920,3.171,-8.293,2.317
1714823162401,2024-05-04T14:46:02.401,85.930,4.146,2.073,0.122
1714823162411,2024-05-04T14:46:02.411,85.940,4.634,4.390,-0.549
1714823162421,2024-05-04T14:46:02.421,85.950,3.659,0.488,-0.183
1714823162431,2024-05-04T14:46:02.431,85.960,0.488,-8.537,0.976
1714823162441,2024-05-04T14:46:02.441,85.970,-3.293,-17.500,3.171
1714823162451,2024-05-04T14:46:02.451,85.980,-5.671,-22.256,6.402
1714823162461,2024-05-04T14:46:02.461,85.990,-5.122,-21.402,7.683
1714823162471,2024-05-04T14:46:02.471,86.000,-4.085,-18.110,7.439
1714823162481,2024-05-04T14:46:02.481,86.010,-2.561,-14.329,6.220
1714823162491,2024-05-04T14:46:02.491,86.020,-1.585,-11.951,5.000
1714823162501,2024-05-04T14:46:02.501,86.030,-2.073,-9.085,4.451
1714823162511,2024-05-04T14:46:02.511,86.040,-3.171,-5.488,3.049
1714823162521,2024-05-04T14:46:02.521,86.050,-1.768,-3.293,2.012
1714823162531,2024-05-04T14:46:02.531,86.060,-0.061,-4.085,2.500
1714823162541,2024-05-04T14:46:02.541,86.070,-0.549,-6.159,3.293
1714823162551,2024-05-04T14:46:02.551,86.080,-1.402,-7.927,3.049
1714823162561,2024-05-04T14:46:02.561,86.090,-0.854,-10.671,2.561
1714823162571,2024-05-04T14:46:02.571,86.100,0.000,-12.317,3.720
1714823162581,2024-05-04T14:46:02.581,86.110,1.585,-11.341,5.183
1714823162591,2024-05-04T14:46:02.591,86.120,2.012,-9.634,5.793
1714823162601,2024-05-04T14:46:02.601,86.130,1.463,-6.707,7.866
1714823162611,2024-05-04T14:46:02.611,86.140,0.427,-0.305,10.122
1714823162621,2024-05-04T14:46:02.621,86.150,0.549,8.598,9.817
1714823162631,2024-05-04T14:46:02.631,86.160,3.232,18.232,8.537
1714823162641,2024-05-04T14:46:02.641,86.170,2.012,22.927,8.902
1714823162651,2024-05-04T14:46:02.651,86.180,4.756,29.939,10.915
1714823162661,2024-05-04T14:46:02.661,86.190,13.293,41.707,13.354
1714823162671,2024-05-04T14:46:02.671,86.200,23.293,46.463,9.329
1714823162681,2024-05-04T14:46:02.681,86.210,28.415,38.293,5.976
1714823162691,2024-05-04T14:46:02.691,86.220,29.573,25.854,7.805
1714823162701,2024-05-04T14:46:02.701,86.230,25.793,16.098,7.317
1714823162711,2024-05-04T14:46:02.711,86.240,23.354,15.061,5.549
1714823162721,2024-05-04T14:46:02.721,86.250,27.805,22.805,7.439
1714823162731,2024-05-04T14:46:02.731,86.260,35.793,33.171,7.195
1714823162741,2024-05-04T14:46:02.741,86.270,39.512,42.195,2.927
1714823162751,2024-05-04T14:46:02.751,86.280,44.390,53.049,-1.524
1714823162761,2024-05-04T14:46:02.761,86.290,50.305,59.390,-4.817
1714823162771,2024-05-04T14:46:02.771,86.300,58.171,54.634,-5.061
1714823162781,2024-05-04T14:46:02.781,86.310,65.488,42.012,-4.878
1714823162791,2024-05-04T14:46:02.791,86.320,66.890,28.902,-6.646
1714823162801,2024-05-04T14:46:02.801,86.330,61.037,27.256,-8.354
1714823162811,2024-05-04T14:46:02.811,86.340,55.732,36.646,-11.341
1714823162821,2024-05-04T14:46:02.821,86.350,53.598,47.439,-14.573
1714823162831,2024-05-04T14:46:02.831,86.360,50.366,55.061,-16.220
1714823162841,2024-05-04T14:46:02.841,86.370,47.744,57.439,-18.049
1714823162851,2024-05-04T14:46:02.851,86.380,45.000,55.061,-21.707
1714823162861,2024-05-04T14:46:02.861,86.390,41.280,49.573,-23.963
1714823162871,2024-05-04T14:46:02.871,86.400,32.439,42.683,-24.573
1714823162881,2024-05-04T14:46:02.881,86.410,21.951,36.280,-24.390
1714823162891,2024-05-04T14:46:02.891,86.420,11.341,30.183,-22.317
1714823162901,2024-05-04T14:46:02.901,86.430,-0.793,22.805,-21.951
1714823162911,2024-05-04T14:46:02.911,86.440,-13.049,11.280,-24.573
1714823162921,2024-05-04T14:46:02.921,86.450,-25.671,-5.549,-30.305
1714823162931,2024-05-04T14:46:02.931,86.460,-38.841,-23.963,-34.207
1714823162941,2024-05-04T14:46:02.941,86.470,-49.451,-36.768,-36.280
1714823162951,2024-05-04T14:46:02.951,86.480,-67.317,-45.793,-39.207
1714823162961,2024-05-04T14:46:02.961,86.490,-87.134,-49.024,-40.610
1714823162971,2024-05-04T14:46:02.971,86.500,-101.280,-35.976,-37.805
1714823162981,2024-05-04T14:46:02.981,86.510,-113.720,-10.000,-32.439
1714823162991,2024-05-04T14:46:02.991,86.520,-127.439,26.098,-24.146
1714823163001,2024-05-04T14:46:03.001,86.530,-139.817,62.256,-15.671
1714823163011,2024-05-04T14:46:03.011,86.540,-145.671,86.463,-12.256
1714823163021,2024-05-04T14:46:03.021,86.550,-148.110,104.512,-16.037
1714823163031,2024-05-04T14:46:03.031,86.560,-151.402,113.232,-27.927
1714823163041,2024-05-04T14:46:03.041,86.570,-149.268,120.793,-33.110
1714823163051,2024-05-04T14:46:03.051,86.580,-142.500,118.049,-25.915
1714823163061,2024-05-04T14:46:03.061,86.590,-150.305,109.939,-30.549
1714823163071,2024-05-04T14:46:03.071,86.600,-168.415,93.659,-43.598
1714823163081,2024-05-04T14:46:03.081,86.610,-174.024,61.524,-44.451
1714823163091,2024-05-04T14:46:03.091,86.620,-168.841,28.415,-34.634
1714823163101,2024-05-04T14:46:03.101,86.630,-162.012,11.220,-27.439
1714823163111,2024-05-04T14:46:03.111,86.640,-144.085,14.329,-20.244
1714823163121,2024-05-04T14:46:03.121,86.650,-115.976,22.927,0.549
1714823163131,2024-05-04T14:46:03.131,86.660,-77.683,21.098,15.732
1714823163141,2024-05-04T14:46:03.141,86.670,-27.256,14.756,11.890
1714823163151,2024-05-04T14:46:03.151,86.680,9.695,3.171,15.305
1714823163161,2024-05-04T14:46:03.161,86.690,35.122,-13.171,25.976
1714823163171,2024-05-04T14:46:03.171,86.700,58.171,-27.561,32.927
1714823163181,2024-05-04T14:46:03.181,86.710,76.951,-35.732,38.415
1714823163191,2024-05-04T14:46:03.191,86.720,86.098,-34.756,41.037
1714823163201,2024-05-04T14:46:03.201,86.730,83.780,-30.366,40.793
1714823163211,2024-05-04T14:46:03.211,86.740,76.829,-30.061,38.415
1714823163221,2024-05-04T14:46:03.221,86.750,72.927,-36.280,32.622
1714823163231,2024-05-04T14:46:03.231,86.760,72.927,-46.829,26.220
1714823163241,2024-05-04T14:46:03.241,86.770,74.085,-54.207,22.683
1714823163251,2024-05-04T14:46:03.251,86.780,75.915,-58.110,22.866
1714823163261,2024-05-04T14:46:03.261,86.790,76.585,-63.415,24.146
1714823163271,2024-05-04T14:46:03.271,86.800,75.976,-72.988,23.902
1714823163281,2024-05-04T14:46:03.281,86.810,73.354,-84.512,23.902
1714823163291,2024-05-04T14:46:03.291,86.820,71.098,-94.207,24.817
1714823163301,2024-05-04T14:46:03.301,86.830,72.012,-102.866,23.293
1714823163311,2024-05-04T14:46:03.311,86.840,71.402,-109.329,21.585
1714823163321,2024-05-04T14:46:03.321,86.850,70.366,-111.707,21.585
1714823163331,2024-05-04T14:46:03.331,86.860,69.268,-111.951,22.073
1714823163341,2024-05-04T14:46:03.341,86.870,64.695,-110.976,18.049
1714823163351,2024-05-04T14:46:03.351,86.880,57.988,-103.659,10.976
1714823163361,2024-05-04T14:46:03.361,86.890,55.610,-92.744,10.305
1714823163371,2024-05-04T14:46:03.371,86.900,55.427,-83.232,12.744
1714823163381,2024-05-04T14:46:03.381,86.910,50.976,-77.744,11.585
1714823163391,2024-05-04T14:46:03.391,86.920,45.793,-66.341,10.061
1714823163401,2024-05-04T14:46:03.401,86.930,45.854,-44.085,10.000
1714823163411,2024-05-04T14:46:03.411,86.940,47.134,-22.439,9.146
1714823163421,2024-05-04T14:46:03.421,86.950,46.768,-11.646,7.073
1714823163431,2024-05-04T14:46:03.431,86.960,41.951,-14.756,4.573
1714823163441,2024-05-04T14:46:03.441,86.970,31.341,-21.768,5.000
1714823163451,2024-05-04T14:46:03.451,86.980,21.402,-22.134,6.524
1714823163461,2024-05-04T14:46:03.461,86.990,13.720,-20.915,5.427
1714823163471,2024-05-04T14:46:03.471,87.000,6.402,-20.976,7.683
1714823163481,2024-05-04T14:46:03.481,87.010,0.427,-19.695,12.683
1714823163491,2024-05-04T14:46:03.491,87.020,0.061,-19.085,13.415
1714823163501,2024-05-04T14:46:03.501,87.030,5.305,-12.500,14.390
1714823163511,2024-05-04T14:46:03.511,87.040,9.451,-5.671,11.159
1714823163521,2024-05-04T14:46:03.521,87.050,6.951,-6.220,6.098
1714823163531,2024-05-04T14:46:03.531,87.060,0.732,-9.756,8.354
1714823163541,2024-05-04T14:46:03.541,87.070,-4.756,-16.159,10.488
1714823163551,2024-05-04T14:46:03.551,87.080,-5.244,-19.756,12.378
1714823163561,2024-05-04T14:46:03.561,87.090,-3.049,-13.354,13.902
1714823163571,2024-05-04T14:46:03.571,87.100,-1.524,-4.634,11.951
1714823163581,2024-05-04T14:46:03.581,87.110,0.244,-0.305,11.585
1714823163591,2024-05-04T14:46:03.591,87.120,1.768,1.646,12.256
1714823163601,2024-05-04T14:46:03.601,87.130,1.829,1.768,10.976
1714823163611,2024-05-04T14:46:03.611,87.140,1.341,1.890,8.720
1714823163621,2024-05-04T14:46:03.621,87.150,0.549,0.793,7.805
1714823163631,2024-05-04T14:46:03.631,87.160,-1.463,-0.976,7.805
1714823163641,2024-05-04T14:46:03.641,87.170,-3.780,-1.037,7.439
1714823163651,2024-05-04T14:46:03.651,87.180,-5.061,1.159,7.134
1714823163661,2024-05-04T14:46:03.661,87.190,-5.061,4.085,6.524
1714823163671,2024-05-04T14:46:03.671,87.200,-4.085,8.049,5.732
1714823163681,2024-05-04T14:46:03.681,87.210,-4.268,9.939,6.037
1714823163691,2024-05-04T14:46:03.691,87.220,-5.671,8.598,6.524
1714823163701,2024-05-04T14:46:03.701,87.230,-6.829,5.488,6.707
1714823163711,2024-05-04T14:46:03.711,87.240,-7.378,3.232,7.500
1714823163721,2024-05-04T14:46:03.721,87.250,-6.159,1.768,8.049
1714823163731,2024-05-04T14:46:03.731,87.260,-4.878,0.427,7.195
1714823163741,2024-05-04T14:46:03.741,87.270,-1.585,-0.183,6.037
1714823163751,2024-05-04T14:46:03.751,87.280,3.232,-0.610,8.171
1714823163761,2024-05-04T14:46:03.761,87.290,5.915,-4.268,8.598
1714823163771,2024-05-04T14:46:03.771,87.300,5.000,-10.854,7.927
1714823163781,2024-05-04T14:46:03.781,87.310,3.049,-12.134,6.159
1714823163791,2024-05-04T14:46:03.791,87.320,7.744,-6.341,5.610
1714823163801,2024-05-04T14:46:03.801,87.330,14.878,-2.195,4.939
1714823163811,2024-05-04T14:46:03.811,87.340,20.610,0.061,3.049
1714823163821,2024-05-04T14:46:03.821,87.350,22.744,5.000,5.061
1714823163831,2024-05-04T14:46:03.831,87.360,22.378,12.256,6.524
1714823163841,2024-05-04T14:46:03.841,87.370,27.439,16.037,7.317
1714823163851,2024-05-04T14:46:03.851,87.380,34.756,5.305,14.634
1714823163861,2024-05-04T14:46:03.861,87.390,38.110,-10.732,19.695
1714823163871,2024-05-04T14:46:03.871,87.400,35.732,-20.488,19.756
1714823163881,2024-05-04T14:46:03.881,87.410,37.012,-17.073,17.927
1714823163891,2024-05-04T14:46:03.891,87.420,43.963,-14.939,17.195
1714823163901,2024-05-04T14:46:03.901,87.430,45.854,-20.854,19.390
1714823163911,2024-05-04T14:46:03.911,87.440,44.024,-25.488,17.500
1714823163921,2024-05-04T14:46:03.921,87.450,44.024,-26.646,13.171
1714823163931,2024-05-04T14:46:03.931,87.460,48.537,-27.500,13.354
1714823163941,2024-05-04T14:46:03.941,87.470,52.866,-29.451,13.537
1714823163951,2024-05-04T14:46:03.951,87.480,52.988,-29.573,10.610
1714823163961,2024-05-04T14:46:03.961,87.490,51.707,-19.390,7.012
1714823163971,2024-05-04T14:46:03.971,87.500,53.598,0.122,2.561
1714823163981,2024-05-04T14:46:03.981,87.510,56.890,15.549,-5.061
1714823163991,2024-05-04T14:46:03.991,87.520,57.439,18.293,-11.585
1714823164001,2024-05-04T14:46:04.001,87.530,51.585,12.744,-17.439
1714823164011,2024-05-04T14:46:04.011,87.540,45.244,12.622,-22.866
1714823164021,2024-05-04T14:46:04.021,87.550,41.463,23.415,-31.037
1714823164031,2024-05-04T14:46:04.031,87.560,39.756,41.707,-38.049
1714823164041,2024-05-04T14:46:04.041,87.570,39.451,54.146,-41.220
1714823164051,2024-05-04T14:46:04.051,87.580,34.390,50.244,-42.988
1714823164061,2024-05-04T14:46:04.061,87.590,20.122,32.317,-44.878
1714823164071,2024-05-04T14:46:04.071,87.600,-1.280,5.793,-50.244
1714823164081,2024-05-04T14:46:04.081,87.610,-23.780,-22.195,-55.610
1714823164091,2024-05-04T14:46:04.091,87.620,-45.915,-44.451,-56.098
1714823164101,2024-05-04T14:46:04.101,87.630,-67.744,-55.305,-60.488
1714823164111,2024-05-04T14:46:04.111,87.640,-81.098,-44.268,-60.061
1714823164121,2024-05-04T14:46:04.121,87.650,-85.976,-22.134,-52.927
1714823164131,2024-05-04T14:46:04.131,87.660,-95.610,0.488,-48.110
1714823164141,2024-05-04T14:46:04.141,87.670,-111.037,21.768,-42.195
1714823164151,2024-05-04T14:46:04.151,87.680,-123.354,40.854,-39.634
1714823164161,2024-05-04T14:46:04.161,87.690,-122.988,52.134,-40.854
1714823164171,2024-05-04T14:46:04.171,87.700,-127.805,48.598,-38.720
1714823164181,2024-05-04T14:46:04.181,87.710,-151.098,41.037,-22.561
1714823164191,2024-05-04T14:46:04.191,87.720,-174.573,47.195,-7.744
1714823164201,2024-05-04T14:46:04.201,87.730,-190.488,72.622,-13.659
1714823164211,2024-05-04T14:46:04.211,87.740,-215.915,99.268,-21.098
1714823164221,2024-05-04T14:46:04.221,87.750,-217.134,102.195,-24.573
1714823164231,2024-05-04T14:46:04.231,87.760,-199.451,86.768,-31.280
1714823164241,2024-05-04T14:46:04.241,87.770,-173.841,69.024,-27.073
1714823164251,2024-05-04T14:46:04.251,87.780,-141.646,62.195,-8.171
1714823164261,2024-05-04T14:46:04.261,87.790,-104.146,62.805,1.280
1714823164271,2024-05-04T14:46:04.271,87.800,-66.098,60.671,6.280
1714823164281,2024-05-04T14:46:04.281,87.810,-30.244,49.268,12.256
1714823164291,2024-05-04T14:46:04.291,87.820,6.707,24.939,7.683
1714823164301,2024-05-04T14:46:04.301,87.830,42.622,-4.024,8.415
1714823164311,2024-05-04T14:46:04.311,87.840,70.671,-25.122,18.963
1714823164321,2024-05-04T14:46:04.321,87.850,83.902,-38.537,20.000
1714823164331,2024-05-04T14:46:04.331,87.860,86.098,-41.463,13.415
1714823164341,2024-05-04T14:46:04.341,87.870,83.354,-35.854,8.780
1714823164351,2024-05-04T14:46:04.351,87.880,78.110,-24.817,4.817
1714823164361,2024-05-04T14:46:04.361,87.890,75.671,-12.378,2.256
1714823164371,2024-05-04T14:46:04.371,87.900,75.366,-7.195,3.659
1714823164381,2024-05-04T14:46:04.381,87.910,75.244,-8.841,6.402
1714823164391,2024-05-04T14:46:04.391,87.920,73.902,-13.354,9.390
1714823164401,2024-05-04T14:46:04.401,87.930,74.207,-20.366,11.646
1714823164411,2024-05-04T14:46:04.411,87.940,75.549,-28.841,12.500
1714823164421,2024-05-04T14:46:04.421,87.950,73.841,-36.037,12.622
1714823164431,2024-05-04T14:46:04.431,87.960,71.768,-36.829,13.720
1714823164441,2024-05-04T14:46:04.441,87.970,71.951,-33.476,12.927
1714823164451,2024-05-04T14:46:04.451,87.980,70.000,-33.110,12.012
1714823164461,2024-05-04T14:46:04.461,87.990,64.512,-30.610,12.317
1714823164471,2024-05-04T14:46:04.471,88.000,58.598,-26.220,12.805
1714823164481,2024-05-04T14:46:04.481,88.010,54.024,-25.000,13.537
1714823164491,2024-05-04T14:46:04.491,88.020,47.805,-28.841,14.695
1714823164501,2024-05-04T14:46:04.501,88.030,44.085,-32.073,17.256
1714823164511,2024-05-04T14:46:04.511,88.040,42.134,-31.646,17.683
1714823164521,2024-05-04T14:46:04.521,88.050,38.293,-30.122,13.110
1714823164531,2024-05-04T14:46:04.531,88.060,36.220,-23.902,8.780
1714823164541,2024-05-04T14:46:04.541,88.070,36.159,-12.683,7.317
1714823164551,2024-05-04T14:46:04.551,88.080,31.646,-4.390,9.939
1714823164561,2024-05-04T14:46:04.561,88.090,23.354,-1.829,12.073
1714823164571,2024-05-04T14:46:04.571,88.100,15.549,-1.951,9.817
1714823164581,2024-05-04T14:46:04.581,88.110,9.695,-1.037,8.293
1714823164591,2024-05-04T14:46:04.591,88.120,4.878,-3.293,2.927
1714823164601,2024-05-04T14:46:04.601,88.130,6.341,-19.146,-1.463
1714823164611,2024-05-04T14:46:04.611,88.140,8.963,-30.976,12.134
1714823164621,2024-05-04T14:46:04.621,88.150,8.537,-18.354,16.220
1714823164631,2024-05-04T14:46:04.631,88.160,9.573,-19.451,6.402
1714823164641,2024-05-04T14:46:04.641,88.170,-4.207,-26.159,10.427
1714823164651,2024-05-04T14:46:04.651,88.180,-13.293,-12.378,14.146
1714823164661,2024-05-04T14:46:04.661,88.190,-7.988,1.646,4.756
1714823164671,2024-05-04T14:46:04.671,88.200,0.305,0.793,1.829
1714823164681,2024-05-04T14:46:04.681,88.210,-1.280,-10.061,6.280
1714823164691,2024-05-04T14:46:04.691,88.220,-7.012,-18.415,7.927
1714823164701,2024-05-04T14:46:04.701,88.230,-8.720,-20.122,5.732
1714823164711,2024-05-04T14:46:04.711,88.240,-6.098,-14.268,4.756
1714823164721,2024-05-04T14:46:04.721,88.250,-4.939,-7.805,4.451
1714823164731,2024-05-04T14:46:04.731,88.260,-5.061,-3.354,4.268
1714823164741,2024-05-04T14:46:04.741,88.270,-5.488,-0.610,4.085
1714823164751,2024-05-04T14:46:04.751,88.280,-6.220,1.220,4.146
1714823164761,2024-05-04T14:46:04.761,88.290,-7.012,3.110,4.878
1714823164771,2024-05-04T14:46:04.771,88.300,-7.195,1.768,5.366
1714823164781,2024-05-04T14:46:04.781,88.310,-7.012,-4.268,5.671
1714823164791,2024-05-04T14:46:04.791,88.320,-6.524,-10.305,7.195
1714823164801,2024-05-04T14:46:04.801,88.330,-5.793,-11.768,7.988
1714823164811,2024-05-04T14:46:04.811,88.340,-4.268,-8.598,7.500
1714823164821,2024-05-04T14:46:04.821,88.350,-3.171,-5.305,6.037
1714823164831,2024-05-04T14:46:04.831,88.360,-2.012,-5.244,5.000
1714823164841,2024-05-04T14:46:04.841,88.370,-2.500,-7.317,6.280
1714823164851,2024-05-04T14:46:04.851,88.380,-2.683,-9.207,8.293
1714823164861,2024-05-04T14:46:04.861,88.390,-1.220,-9.878,9.146
1714823164871,2024-05-04T14:46:04.871,88.400,0.854,-9.146,10.610
1714823164881,2024-05-04T14:46:04.881,88.410,2.744,-6.829,12.500
1714823164891,2024-05-04T14:46:04.891,88.420,4.878,-4.634,12.683
1714823164901,2024-05-04T14:46:04.901,88.430,5.915,-3.841,10.610
1714823164911,2024-05-04T14:46:04.911,88.440,6.951,-4.329,9.878
1714823164921,2024-05-04T14:46:04.921,88.450,7.927,-4.695,13.415
1714823164931,2024-05-04T14:46:04.931,88.460,9.390,-3.293,14.146
1714823164941,2024-05-04T14:46:04.941,88.470,11.524,-3.902,11.341
1714823164951,2024-05-04T14:46:04.951,88.480,13.293,-5.793,9.756
1714823164961,2024-05-04T14:46:04.961,88.490,14.695,-7.927,9.939
1714823164971,2024-05-04T14:46:04.971,88.500,16.646,-9.573,8.415
1714823164981,2024-05-04T14:46:04.981,88.510,17.622,-13.354,7.500
1714823164991,2024-05-04T14:46:04.991,88.520,16.037,-16.890,3.598
1714823165001,2024-05-04T14:46:05.001,88.530,13.902,-19.390,-1.402
1714823165011,2024-05-04T14:46:05.011,88.540,17.195,-21.037,-2.622
1714823165021,2024-05-04T14:46:05.021,88.550,21.951,-21.829,-2.378
1714823165031,2024-05-04T14:46:05.031,88.560,26.341,-22.500,-3.171
1714823165041,2024-05-04T14:46:05.041,88.570,29.756,-19.939,-5.610
1714823165051,2024-05-04T14:46:05.051,88.580,32.561,-14.634,-7.683
1714823165061,2024-05-04T14:46:05.061,88.590,35.732,-10.427,-8.415
1714823165071,2024-05-04T14:46:05.071,88.600,38.720,-11.402,-8.537
1714823165081,2024-05-04T14:46:05.081,88.610,39.329,-14.146,-8.171
1714823165091,2024-05-04T14:46:05.091,88.620,40.976,-10.854,-7.134
1714823165101,2024-05-04T14:46:05.101,88.630,43.902,-1.159,-7.378
1714823165111,2024-05-04T14:46:05.111,88.640,47.012,10.793,-7.805
1714823165121,2024-05-04T14:46:05.121,88.650,48.598,22.134,-8.902
1714823165131,2024-05-04T14:46:05.131,88.660,50.854,32.378,-10.915
1714823165141,2024-05-04T14:46:05.141,88.670,54.268,40.671,-11.341
1714823165151,2024-05-04T14:46:05.151,88.680,55.061,43.841,-10.000
1714823165161,2024-05-04T14:46:05.161,88.690,47.866,39.268,-10.183
1714823165171,2024-05-04T14:46:05.171,88.700,35.610,34.268,-11.463
1714823165181,2024-05-04T14:46:05.181,88.710,23.902,34.573,-13.659
1714823165191,2024-05-04T14:46:05.191,88.720,17.561,38.476,-16.707
1714823165201,2024-05-04T14:46:05.201,88.730,15.610,44.390,-18.659
1714823165211,2024-05-04T14:46:05.211,88.740,14.024,49.024,-21.951
1714823165221,2024-05-04T14:46:05.221,88.750,10.976,49.634,-25.427
1714823165231,2024-05-04T14:46:05.231,88.760,1.037,42.866,-27.988
1714823165241,2024-05-04T14:46:05.241,88.770,-17.927,30.305,-31.159
1714823165251,2024-05-04T14:46:05.251,88.780,-37.500,16.037,-31.707
1714823165261,2024-05-04T14:46:05.261,88.790,-54.817,-4.634,-32.561
1714823165271,2024-05-04T14:46:05.271,88.800,-71.341,-27.866,-30.366
1714823165281,2024-05-04T14:46:05.281,88.810,-89.268,-42.500,-29.146
1714823165291,2024-05-04T14:46:05.291,88.820,-100.549,-34.573,-25.183
1714823165301,2024-05-04T14:46:05.301,88.830,-109.329,-7.012,-19.512
1714823165311,2024-05-04T14:46:05.311,88.840,-119.085,21.463,-14.024
1714823165321,2024-05-04T14:46:05.321,88.850,-124.939,33.780,-8.293
1714823165331,2024-05-04T14:46:05.331,88.860,-126.098,40.000,-8.963
1714823165341,2024-05-04T14:46:05.341,88.870,-128.293,54.573,-13.110
1714823165351,2024-05-04T14:46:05.351,88.880,-143.049,73.537,-21.463
1714823165361,2024-05-04T14:46:05.361,88.890,-167.012,98.476,-12.927
1714823165371,2024-05-04T14:46:05.371,88.900,-194.634,124.024,-3.841
1714823165381,2024-05-04T14:46:05.381,88.910,-216.098,148.963,-27.195
1714823165391,2024-05-04T14:46:05.391,88.920,-223.780,170.244,-42.134
1714823165401,2024-05-04T14:46:05.401,88.930,-236.829,161.220,-42.561
1714823165411,2024-05-04T14:46:05.411,88.940,-243.232,108.110,-37.012
1714823165421,2024-05-04T14:46:05.421,88.950,-223.232,53.476,-18.780
1714823165431,2024-05-04T14:46:05.431,88.960,-144.695,40.854,-6.159
1714823165441,2024-05-04T14:46:05.441,88.970,-58.902,38.171,-1.159
1714823165451,2024-05-04T14:46:05.451,88.980,0.122,5.915,-4.390
1714823165461,2024-05-04T14:46:05.461,88.990,36.463,-22.073,1.402
1714823165471,2024-05-04T14:46:05.471,89.000,47.439,-33.293,20.244
1714823165481,2024-05-04T14:46:05.481,89.010,63.780,-41.037,27.622
1714823165491,2024-05-04T14:46:05.491,89.020,79.268,-47.744,27.744
1714823165501,2024-05-04T14:46:05.501,89.030,63.415,-54.024,25.061
1714823165511,2024-05-04T14:46:05.511,89.040,50.000,-56.463,21.098
1714823165521,2024-05-04T14:46:05.521,89.050,50.854,-50.183,14.573
1714823165531,2024-05-04T14:46:05.531,89.060,53.537,-32.622,7.561
1714823165541,2024-05-04T14:46:05.541,89.070,53.415,-9.695,2.439
1714823165551,2024-05-04T14:46:05.551,89.080,53.659,5.732,1.402
1714823165561,2024-05-04T14:46:05.561,89.090,54.939,8.293,2.134
1714823165571,2024-05-04T14:46:05.571,89.100,53.902,1.646,5.061
1714823165581,2024-05-04T14:46:05.581,89.110,52.805,-11.890,8.841
1714823165591,2024-05-04T14:46:05.591,89.120,55.427,-30.854,12.134
1714823165601,2024-05-04T14:46:05.601,89.130,58.293,-51.951,13.780
1714823165611,2024-05-04T14:46:05.611,89.140,59.207,-68.598,12.561
1714823165621,2024-05-04T14:46:05.621,89.150,60.671,-77.622,12.012
1714823165631,2024-05-04T14:46:05.631,89.160,61.037,-80.122,10.793
1714823165641,2024-05-04T14:46:05.641,89.170,60.244,-77.012,8.720
1714823165651,2024-05-04T14:46:05.651,89.180,60.305,-67.378,7.622
1714823165661,2024-05-04T14:46:05.661,89.190,59.756,-57.073,8.537
1714823165671,2024-05-04T14:46:05.671,89.200,57.317,-46.159,13.963
1714823165681,2024-05-04T14:46:05.681,89.210,50.549,-33.780,14.390
1714823165691,2024-05-04T14:46:05.691,89.220,43.659,-23.476,12.805
1714823165701,2024-05-04T14:46:05.701,89.230,44.512,-15.061,13.354
1714823165711,2024-05-04T14:46:05.711,89.240,46.037,-10.671,6.768
1714823165721,2024-05-04T14:46:05.721,89.250,40.427,-6.707,0.549
1714823165731,2024-05-04T14:46:05.731,89.260,34.085,1.341,7.866
1714823165741,2024-05-04T14:46:05.741,89.270,30.915,11.707,16.098
1714823165751,2024-05-04T14:46:05.751,89.280,27.622,15.915,14.939
1714823165761,2024-05-04T14:46:05.761,89.290,20.671,6.341,12.256
1714823165771,2024-05-04T14:46:05.771,89.300,13.537,-9.268,11.890
1714823165781,2024-05-04T14:46:05.781,89.310,6.159,-23.110,10.244
1714823165791,2024-05-04T14:46:05.791,89.320,0.549,-32.805,9.024
1714823165801,2024-05-04T14:46:05.801,89.330,-8.354,-27.073,15.427
1714823165811,2024-05-04T14:46:05.811,89.340,-2.378,-0.427,20.549
1714823165821,2024-05-04T14:46:05.821,89.350,1.463,11.463,10.793
1714823165831,2024-05-04T14:46:05.831,89.360,-0.793,5.000,13.902
1714823165841,2024-05-04T14:46:05.841,89.370,-9.207,-14.451,22.378
1714823165851,2024-05-04T14:46:05.851,89.380,-20.366,-29.695,21.220
1714823165861,2024-05-04T14:46:05.861,89.390,-19.695,-30.976,17.561
1714823165871,2024-05-04T14:46:05.871,89.400,-11.341,-26.951,15.732
1714823165881,2024-05-04T14:46:05.881,89.410,-6.463,-20.366,12.622
1714823165891,2024-05-04T14:46:05.891,89.420,-6.402,-12.683,9.573
1714823165901,2024-05-04T14:46:05.901,89.430,-6.220,-5.793,7.988
1714823165911,2024-05-04T14:46:05.911,89.440,-6.159,2.622,5.915
1714823165921,2024-05-04T14:46:05.921,89.450,-5.915,12.012,2.012
1714823165931,2024-05-04T14:46:05.931,89.460,-6.707,13.415,-1.829
1714823165941,2024-05-04T14:46:05.941,89.470,-7.561,6.220,-1.402
1714823165951,2024-05-04T14:46:05.951,89.480,-10.000,-7.378,3.232
1714823165961,2024-05-04T14:46:05.961,89.490,-11.463,-16.524,7.866
1714823165971,2024-05-04T14:46:05.971,89.500,-7.500,-12.744,7.256
1714823165981,2024-05-04T14:46:05.981,89.510,-1.585,-8.049,2.317
1714823165991,2024-05-04T14:46:05.991,89.520,0.244,-6.220,-0.122
1714823166001,2024-05-04T14:46:06.001,89.530,-2.317,-2.195,-0.427
1714823166011,2024-05-04T14:46:06.011,89.540,-3.841,3.293,-1.341
1714823166021,2024-05-04T14:46:06.021,89.550,-3.963,6.280,-2.439
1714823166031,2024-05-04T14:46:06.031,89.560,-4.451,7.195,-2.134
1714823166041,2024-05-04T14:46:06.041,89.570,-5.122,7.012,-0.976
1714823166051,2024-05-04T14:46:06.051,89.580,-5.732,5.854,-1.280
1714823166061,2024-05-04T14:46:06.061,89.590,-5.549,3.232,-1.707
1714823166071,2024-05-04T14:46:06.071,89.600,-4.573,-1.524,-1.707
1714823166081,2024-05-04T14:46:06.081,89.610,-3.902,-8.293,-2.378
1714823166091,2024-05-04T14:46:06.091,89.620,-1.280,-16.220,-1.707
1714823166101,2024-05-04T14:46:06.101,89.630,4.024,-23.049,0.915
1714823166111,2024-05-04T14:46:06.111,89.640,7.744,-25.366,2.317
1714823166121,2024-05-04T14:46:06.121,89.650,9.756,-18.354,2.195
1714823166131,2024-05-04T14:46:06.131,89.660,13.415,-3.963,3.110
1714823166141,2024-05-04T14:46:06.141,89.670,16.037,10.244,3.415
1714823166151,2024-05-04T14:46:06.151,89.680,18.902,21.524,6.037
1714823166161,2024-05-04T14:46:06.161,89.690,20.854,26.098,4.634
1714823166171,2024-05-04T14:46:06.171,89.700,21.098,34.146,2.988
1714823166181,2024-05-04T14:46:06.181,89.710,21.159,49.878,2.622
1714823166191,2024-05-04T14:46:06.191,89.720,26.037,61.037,2.561
1714823166201,2024-05-04T14:46:06.201,89.730,32.988,56.280,3.354
1714823166211,2024-05-04T14:46:06.211,89.740,35.244,42.805,6.524
1714823166221,2024-05-04T14:46:06.221,89.750,37.134,30.854,6.220
1714823166231,2024-05-04T14:46:06.231,89.760,40.427,19.085,6.646
1714823166241,2024-05-04T14:46:06.241,89.770,40.610,5.671,9.817
1714823166251,2024-05-04T14:46:06.251,89.780,40.061,-2.439,6.890
1714823166261,2024-05-04T14:46:06.261,89.790,43.415,-6.037,3.720
1714823166271,2024-05-04T14:46:06.271,89.800,51.098,-10.122,6.951
1714823166281,2024-05-04T14:46:06.281,89.810,59.268,-14.085,9.085
1714823166291,2024-05-04T14:46:06.291,89.820,67.012,-11.341,9.756
1714823166301,2024-05-04T14:46:06.301,89.830,72.561,-3.841,10.244
1714823166311,2024-05-04T14:46:06.311,89.840,75.183,-0.366,9.451
1714823166321,2024-05-04T14:46:06.321,89.850,76.341,-2.866,6.829
1714823166331,2024-05-04T14:46:06.331,89.860,73.841,-9.451,4.878
1714823166341,2024-05-04T14:46:06.341,89.870,66.463,-17.683,1.890
1714823166351,2024-05-04T14:46:06.351,89.880,60.854,-28.841,-4.390
1714823166361,2024-05-04T14:46:06.361,89.890,55.122,-41.220,-10.610
1714823166371,2024-05-04T14:46:06.371,89.900,48.720,-56.768,-12.317
1714823166381,2024-05-04T14:46:06.381,89.910,38.415,-68.537,-10.671
1714823166391,2024-05-04T14:46:06.391,89.920,23.780,-64.939,-10.183
1714823166401,2024-05-04T14:46:06.401,89.930,14.085,-48.049,-12.744
1714823166411,2024-05-04T14:46:06.411,89.940,9.512,-33.110,-15.610
1714823166421,2024-05-04T14:46:06.421,89.950,6.524,-32.012,-17.256
1714823166431,2024-05-04T14:46:06.431,89.960,-5.671,-47.622,-20.366
1714823166441,2024-05-04T14:46:06.441,89.970,-31.707,-68.841,-24.756
1714823166451,2024-05-04T14:46:06.451,89.980,-60.244,-77.744,-26.098
1714823166461,2024-05-04T14:46:06.461,89.990,-82.988,-64.634,-28.049
1714823166471,2024-05-04T14:46:06.471,90.000,-92.927,-33.171,-30.793
1714823166481,2024-05-04T14:46:06.481,90.010,-91.402,-6.220,-29.573
1714823166491,2024-05-04T14:46:06.491,90.020,-94.634,4.085,-32.927
1714823166501,2024-05-04T14:46:06.501,90.030,-110.976,11.402,-31.585
1714823166511,2024-05-04T14:46:06.511,90.040,-124.756,25.854,-18.171
1714823166521,2024-05-04T14:46:06.521,90.050,-140.122,38.232,-12.012
1714823166531,2024-05-04T14:46:06.531,90.060,-169.390,45.671,-12.195
1714823166541,2024-05-04T14:46:06.541,90.070,-211.707,57.134,-11.098
1714823166551,2024-05-04T14:46:06.551,90.080,-238.720,79.451,-22.927
1714823166561,2024-05-04T14:46:06.561,90.090,-238.232,103.354,-27.195
1714823166571,2024-05-04T14:46:06.571,90.100,-212.195,124.390,-21.829
1714823166581,2024-05-04T14:46:06.581,90.110,-178.963,138.659,-41.159
1714823166591,2024-05-04T14:46:06.591,90.120,-146.707,139.329,-54.817
1714823166601,2024-05-04T14:46:06.601,90.130,-115.305,116.098,-52.622
1714823166611,2024-05-04T14:46:06.611,90.140,-86.646,80.427,-49.146
1714823166621,2024-05-04T14:46:06.621,90.150,-51.707,51.585,-34.817
1714823166631,2024-05-04T14:46:06.631,90.160,-18.293,26.768,-12.012
1714823166641,2024-05-04T14:46:06.641,90.170,7.683,1.341,7.439
1714823166651,2024-05-04T14:46:06.651,90.180,30.305,-15.122,19.329
1714823166661,2024-05-04T14:46:06.661,90.190,44.817,-18.720,26.280
1714823166671,2024-05-04T14:46:06.671,90.200,54.329,-18.598,29.146
1714823166681,2024-05-04T14:46:06.681,90.210,58.841,-17.744,28.354
1714823166691,2024-05-04T14:46:06.691,90.220,58.049,-11.524,26.585
1714823166701,2024-05-04T14:46:06.701,90.230,54.512,1.341,23.476
1714823166711,2024-05-04T14:46:06.711,90.240,54.024,12.622,19.390
1714823166721,2024-05-04T14:46:06.721,90.250,57.012,14.939,15.366
1714823166731,2024-05-04T14:46:06.731,90.260,59.939,10.915,10.915
1714823166741,2024-05-04T14:46:06.741,90.270,60.122,6.037,8.232
1714823166751,2024-05-04T14:46:06.751,90.280,61.402,-3.841,8.415
1714823166761,2024-05-04T14:46:06.761,90.290,60.915,-22.805,6.341
1714823166771,2024-05-04T14:46:06.771,90.300,55.732,-42.439,2.927
1714823166781,2024-05-04T14:46:06.781,90.310,50.488,-54.146,1.402
1714823166791,2024-05-04T14:46:06.791,90.320,47.683,-57.134,1.524
1714823166801,2024-05-04T14:46:06.801,90.330,45.366,-51.098,-0.488
1714823166811,2024-05-04T14:46:06.811,90.340,43.780,-38.963,-1.646
1714823166821,2024-05-04T14:46:06.821,90.350,42.805,-27.317,0.671
1714823166831,2024-05-04T14:46:06.831,90.360,40.305,-22.439,1.037
1714823166841,2024-05-04T14:46:06.841,90.370,34.085,-23.598,3.110
1714823166851,2024-05-04T14:46:06.851,90.380,33.476,-16.220,2.561
1714823166861,2024-05-04T14:46:06.861,90.390,33.902,-3.293,4.024
1714823166871,2024-05-04T14:46:06.871,90.400,32.988,16.159,7.622
1714823166881,2024-05-04T14:46:06.881,90.410,35.976,31.646,10.854
1714823166891,2024-05-04T14:46:06.891,90.420,39.268,35.610,11.829
1714823166901,2024-05-04T14:46:06.901,90.430,37.073,28.415,9.329
1714823166911,2024-05-04T14:46:06.911,90.440,31.220,13.537,9.756
1714823166921,2024-05-04T14:46:06.921,90.450,26.463,-2.256,15.122
1714823166931,2024-05-04T14:46:06.931,90.460,18.659,-2.378,17.805
1714823166941,2024-05-04T14:46:06.941,90.470,17.805,14.268,15.427
1714823166951,2024-05-04T14:46:06.951,90.480,23.841,29.634,15.000
1714823166961,2024-05-04T14:46:06.961,90.490,25.427,35.122,17.927
1714823166971,2024-05-04T14:46:06.971,90.500,20.854,28.598,19.878
1714823166981,2024-05-04T14:46:06.981,90.510,12.134,15.549,16.829
1714823166991,2024-05-04T14:46:06.991,90.520,9.390,-0.366,15.000
1714823167001,2024-05-04T14:46:07.001,90.530,8.598,-16.037,17.622
1714823167011,2024-05-04T14:46:07.011,90.540,7.439,-24.329,21.768
1714823167021,2024-05-04T14:46:07.021,90.550,6.829,-26.890,20.061
1714823167031,2024-05-04T14:46:07.031,90.560,6.402,-26.037,16.768
1714823167041,2024-05-04T14:46:07.041,90.570,7.317,-20.610,17.744
1714823167051,2024-05-04T14:46:07.051,90.580,10.671,-10.732,17.561
1714823167061,2024-05-04T14:46:07.061,90.590,12.256,-4.024,14.634
1714823167071,2024-05-04T14:46:07.071,90.600,10.915,-3.415,13.232
1714823167081,2024-05-04T14:46:07.081,90.610,7.622,-7.317,14.390
1714823167091,2024-05-04T14:46:07.091,90.620,6.098,-9.512,15.610
1714823167101,2024-05-04T14:46:07.101,90.630,6.951,-11.159,14.146
1714823167111,2024-05-04T14:46:07.111,90.640,8.049,-13.171,13.415
1714823167121,2024-05-04T14:46:07.121,90.650,8.598,-13.598,12.866
1714823167131,2024-05-04T14:46:07.131,90.660,9.573,-11.463,11.341
1714823167141,2024-05-04T14:46:07.141,90.670,9.024,-7.988,9.634
1714823167151,2024-05-04T14:46:07.151,90.680,7.805,-6.037,8.415
1714823167161,2024-05-04T14:46:07.161,90.690,7.805,-7.317,9.390
1714823167171,2024-05-04T14:46:07.171,90.700,8.110,-11.829,10.061
1714823167181,2024-05-04T14:46:07.181,90.710,7.683,-15.793,10.732
1714823167191,2024-05-04T14:46:07.191,90.720,7.500,-15.610,9.817
1714823167201,2024-05-04T14:46:07.201,90.730,8.841,-11.341,7.073
1714823167211,2024-05-04T14:46:07.211,90.740,12.195,-8.110,3.963
1714823167221,2024-05-04T14:46:07.221,90.750,14.756,-8.902,1.341
1714823167231,2024-05-04T14:46:07.231,90.760,16.341,-8.598,-0.122
1714823167241,2024-05-04T14:46:07.241,90.770,17.866,-3.963,3.780
1714823167251,2024-05-04T14:46:07.251,90.780,13.598,0.976,4.451
1714823167261,2024-05-04T14:46:07.261,90.790,12.988,7.134,1.951
1714823167271,2024-05-04T14:46:07.271,90.800,16.341,12.744,0.976
1714823167281,2024-05-04T14:46:07.281,90.810,19.878,19.146,0.244
1714823167291,2024-05-04T14:46:07.291,90.820,21.341,25.061,-0.244
1714823167301,2024-05-04T14:46:07.301,90.830,22.500,26.829,-2.805
1714823167311,2024-05-04T14:46:07.311,90.840,21.646,27.378,-5.183
1714823167321,2024-05-04T14:46:07.321,90.850,21.768,31.463,-5.000
1714823167331,2024-05-04T14:46:07.331,90.860,21.341,39.878,-6.402
1714823167341,2024-05-04T14:46:07.341,90.870,20.488,49.939,-7.744
1714823167351,2024-05-04T14:46:07.351,90.880,21.829,55.976,-5.915
1714823167361,2024-05-04T14:46:07.361,90.890,22.073,56.890,-4.024
1714823167371,2024-05-04T14:46:07.371,90.900,22.317,53.110,-4.329
1714823167381,2024-05-04T14:46:07.381,90.910,23.720,45.732,-5.549
1714823167391,2024-05-04T14:46:07.391,90.920,25.610,32.683,-5.732
1714823167401,2024-05-04T14:46:07.401,90.930,22.256,14.756,-5.671
1714823167411,2024-05-04T14:46:07.411,90.940,15.183,-0.488,-6.585
1714823167421,2024-05-04T14:46:07.421,90.950,13.476,-8.110,-7.805
1714823167431,2024-05-04T14:46:07.431,90.960,15.976,-10.244,-8.049
1714823167441,2024-05-04T14:46:07.441,90.970,15.793,-11.402,-9.573
1714823167451,2024-05-04T14:46:07.451,90.980,11.951,-13.415,-12.317
1714823167461,2024-05-04T14:46:07.461,90.990,8.598,-12.378,-15.549
1714823167471,2024-05-04T14:46:07.471,91.000,6.098,-6.768,-19.878
1714823167481,2024-05-04T14:46:07.481,91.010,4.451,1.829,-24.451
1714823167491,2024-05-04T14:46:07.491,91.020,1.829,11.707,-29.451
1714823167501,2024-05-04T14:46:07.501,91.030,-1.890,22.500,-34.695
1714823167511,2024-05-04T14:46:07.511,91.040,-6.280,35.366,-38.232
1714823167521,2024-05-04T14:46:07.521,91.050,-12.439,47.988,-41.707
1714823167531,2024-05-04T14:46:07.531,91.060,-22.866,55.244,-46.646
1714823167541,2024-05-04T14:46:07.541,91.070,-36.768,54.390,-47.927
1714823167551,2024-05-04T14:46:07.551,91.080,-55.000,45.305,-48.598
1714823167561,2024-05-04T14:46:07.561,91.090,-73.902,30.061,-46.524
1714823167571,2024-05-04T14:46:07.571,91.100,-92.317,16.768,-37.317
1714823167581,2024-05-04T14:46:07.581,91.110,-110.793,9.756,-30.122
1714823167591,2024-05-04T14:46:07.591,91.120,-125.610,5.366,-24.512
1714823167601,2024-05-04T14:46:07.601,91.130,-139.207,2.927,-19.329
1714823167611,2024-05-04T14:46:07.611,91.140,-149.878,1.159,-15.549
1714823167621,2024-05-04T14:46:07.621,91.150,-156.829,-2.012,-12.378
1714823167631,2024-05-04T14:46:07.631,91.160,-160.122,-1.280,-5.915
1714823167641,2024-05-04T14:46:07.641,91.170,-153.902,7.744,1.707
1714823167651,2024-05-04T14:46:07.651,91.180,-147.439,10.671,5.732
1714823167661,2024-05-04T14:46:07.661,91.190,-154.634,-3.902,5.000
1714823167671,2024-05-04T14:46:07.671,91.200,-170.427,-10.671,5.732
1714823167681,2024-05-04T14:46:07.681,91.210,-170.854,7.622,16.524
1714823167691,2024-05-04T14:46:07.691,91.220,-148.841,32.622,18.720
1714823167701,2024-05-04T14:46:07.701,91.230,-105.488,46.280,-3.659
1714823167711,2024-05-04T14:46:07.711,91.240,-50.427,40.793,-8.720
1714823167721,2024-05-04T14:46:07.721,91.250,-0.427,22.378,1.159
1714823167731,2024-05-04T14:46:07.731,91.260,27.073,7.988,2.012
1714823167741,2024-05-04T14:46:07.741,91.270,39.878,1.890,2.622
1714823167751,2024-05-04T14:46:07.751,91.280,52.561,-3.598,7.988
1714823167761,2024-05-04T14:46:07.761,91.290,61.585,-11.951,12.805
1714823167771,2024-05-04T14:46:07.771,91.300,61.585,-14.695,11.402
1714823167781,2024-05-04T14:46:07.781,91.310,57.683,-5.793,8.232
1714823167791,2024-05-04T14:46:07.791,91.320,57.195,5.610,6.646
1714823167801,2024-05-04T14:46:07.801,91.330,58.963,8.415,3.110
1714823167811,2024-05-04T14:46:07.811,91.340,63.293,5.244,1.402
1714823167821,2024-05-04T14:46:07.821,91.350,69.695,-0.793,2.073
1714823167831,2024-05-04T14:46:07.831,91.360,74.756,-10.610,2.439
1714823167841,2024-05-04T14:46:07.841,91.370,76.951,-27.744,3.598
1714823167851,2024-05-04T14:46:07.851,91.380,75.610,-48.232,4.329
1714823167861,2024-05-04T14:46:07.861,91.390,71.402,-64.024,5.000
1714823167871,2024-05-04T14:46:07.871,91.400,68.902,-73.415,5.732
1714823167881,2024-05-04T14:46:07.881,91.410,68.171,-77.195,5.610
1714823167891,2024-05-04T14:46:07.891,91.420,68.841,-75.549,5.854
1714823167901,2024-05-04T14:46:07.901,91.430,69.085,-71.098,5.366
1714823167911,2024-05-04T14:46:07.911,91.440,66.646,-67.012,5.732
1714823167921,2024-05-04T14:46:07.921,91.450,61.707,-66.646,9.268
1714823167931,2024-05-04T14:46:07.931,91.460,53.780,-69.512,11.098
1714823167941,2024-05-04T14:46:07.941,91.470,44.939,-73.659,12.317
1714823167951,2024-05-04T14:46:07.951,91.480,37.012,-72.317,15.427
1714823167961,2024-05-04T14:46:07.961,91.490,34.146,-61.098,17.439
1714823167971,2024-05-04T14:46:07.971,91.500,32.195,-45.549,16.463
1714823167981,2024-05-04T14:46:07.981,91.510,33.049,-36.037,14.451
1714823167991,2024-05-04T14:46:07.991,91.520,32.683,-39.695,13.902
1714823168001,2024-05-04T14:46:08.001,91.530,27.012,-53.171,11.768
1714823168011,2024-05-04T14:46:08.011,91.540,19.512,-67.561,13.415
1714823168021,2024-05-04T14:46:08.021,91.550,13.780,-78.354,14.817
1714823168031,2024-05-04T14:46:08.031,91.560,10.854,-90.610,9.817
1714823168041,2024-05-04T14:46:08.041,91.570,-1.341,-99.634,5.244
1714823168051,2024-05-04T14:46:08.051,91.580,-4.573,-69.756,11.037
1714823168061,2024-05-04T14:46:08.061,91.590,3.537,-29.939,8.293
1714823168071,2024-05-04T14:46:08.071,91.600,10.061,7.988,5.122
1714823168081,2024-05-04T14:46:08.081,91.610,9.512,17.012,4.634
1714823168091,2024-05-04T14:46:08.091,91.620,-1.585,-5.488,3.659
1714823168101,2024-05-04T14:46:08.101,91.630,-10.366,-31.402,5.610
1714823168111,2024-05-04T14:46:08.111,91.640,-9.878,-52.439,6.220
1714823168121,2024-05-04T14:46:08.121,91.650,-7.073,-64.939,10.854
1714823168131,2024-05-04T14:46:08.131,91.660,-7.805,-61.707,15.854
1714823168141,2024-05-04T14:46:08.141,91.670,-9.024,-47.622,13.598
1714823168151,2024-05-04T14:46:08.151,91.680,-8.720,-32.805,9.756
1714823168161,2024-05-04T14:46:08.161,91.690,-5.915,-22.500,8.902
1714823168171,2024-05-04T14:46:08.171,91.700,-2.317,-16.768,8.293
1714823168181,2024-05-04T14:46:08.181,91.710,0.427,-15.549,5.122
1714823168191,2024-05-04T14:46:08.191,91.720,-0.549,-21.829,2.378
1714823168201,2024-05-04T14:46:08.201,91.730,-2.683,-27.805,2.561
1714823168211,2024-05-04T14:46:08.211,91.740,-2.988,-26.829,2.378
1714823168221,2024-05-04T14:46:08.221,91.750,-2.012,-20.610,1.768
1714823168231,2024-05-04T14:46:08.231,91.760,-2.256,-11.098,1.890
1714823168241,2024-05-04T14:46:08.241,91.770,-3.232,-0.732,0.976
1714823168251,2024-05-04T14:46:08.251,91.780,-3.354,5.793,-0.610
1714823168261,2024-05-04T14:46:08.261,91.790,-3.780,3.720,-1.707
1714823168271,2024-05-04T14:46:08.271,91.800,-4.451,-5.549,0.061
1714823168281,2024-05-04T14:46:08.281,91.810,-3.902,-13.902,1.220
1714823168291,2024-05-04T14:46:08.291,91.820,-2.317,-15.549,1.829
1714823168301,2024-05-04T14:46:08.301,91.830,0.793,-10.061,1.037
1714823168311,2024-05-04T14:46:08.311,91.840,2.134,-3.354,-0.854
1714823168321,2024-05-04T14:46:08.321,91.850,0.244,0.488,-1.768
1714823168331,2024-05-04T14:46:08.331,91.860,-2.134,1.402,-1.280
1714823168341,2024-05-04T14:46:08.341,91.870,-1.951,1.037,-1.159
1714823168351,2024-05-04T14:46:08.351,91.880,-0.366,-0.671,-0.671
1714823168361,2024-05-04T14:46:08.361,91.890,0.488,-2.256,-0.122
1714823168371,2024-05-04T14:46:08.371,91.900,0.915,-2.866,0.549
1714823168381,2024-05-04T14:46:08.381,91.910,0.122,-2.439,0.793
1714823168391,2024-05-04T14:46:08.391,91.920,-1.829,-1.768,0.305
1714823168401,2024-05-04T14:46:08.401,91.930,-2.439,-0.244,-0.061
1714823168411,2024-05-04T14:46:08.411,91.940,-1.951,1.890,0.549
1714823168421,2024-05-04T14:46:08.421,91.950,-1.524,5.793,1.341
1714823168431,2024-05-04T14:46:08.431,91.960,-0.183,9.878,1.646
1714823168441,2024-05-04T14:46:08.441,91.970,0.183,10.793,2.073
1714823168451,2024-05-04T14:46:08.451,91.980,-1.159,7.439,2.073
1714823168461,2024-05-04T14:46:08.461,91.990,-2.927,0.244,2.317
1714823168471,2024-05-04T14:46:08.471,92.000,-4.024,-7.134,2.439
1714823168481,2024-05-04T14:46:08.481,92.010,-3.049,-11.890,2.500
1714823168491,2024-05-04T14:46:08.491,92.020,-1.159,-13.598,2.622
1714823168501,2024-05-04T14:46:08.501,92.030,-0.305,-10.183,2.683
1714823168511,2024-05-04T14:46:08.511,92.040,0.183,-3.171,2.317
1714823168521,2024-05-04T14:46:08.521,92.050,0.671,3.049,2.500
1714823168531,2024-05-04T14:46:08.531,92.060,0.976,5.488,2.378
1714823168541,2024-05-04T14:46:08.541,92.070,0.061,3.049,2.317
1714823168551,2024-05-04T14:46:08.551,92.080,-0.488,0.122,3.171
1714823168561,2024-05-04T14:46:08.561,92.090,0.854,-1.463,3.659
1714823168571,2024-05-04T14:46:08.571,92.100,2.866,-2.378,3.902
1714823168581,2024-05-04T14:46:08.581,92.110,3.537,-3.598,4.207
1714823168591,2024-05-04T14:46:08.591,92.120,2.683,-3.902,4.024
1714823168601,2024-05-04T14:46:08.601,92.130,1.402,-2.439,3.110
1714823168611,2024-05-04T14:46:08.611,92.140,1.402,-0.671,2.256
1714823168621,2024-05-04T14:46:08.621,92.150,1.220,0.000,2.805
