epoch (ms),time (03:00),elapsed (s),x-axis (g),y-axis (g),z-axis (g)
1714822546187,2024-05-04T14:35:46.187,0.000,0.125,0.187,0.980
1714822546197,2024-05-04T14:35:46.197,0.010,0.137,0.195,0.987
1714822546207,2024-05-04T14:35:46.207,0.020,0.133,0.191,0.979
1714822546217,2024-05-04T14:35:46.217,0.030,0.122,0.183,0.976
1714822546227,2024-05-04T14:35:46.227,0.040,0.116,0.185,0.971
1714822546237,2024-05-04T14:35:46.237,0.050,0.108,0.193,0.967
1714822546247,2024-05-04T14:35:46.247,0.060,0.097,0.197,0.961
1714822546257,2024-05-04T14:35:46.257,0.070,0.100,0.202,0.961
1714822546267,2024-05-04T14:35:46.267,0.080,0.111,0.215,0.961
1714822546277,2024-05-04T14:35:46.277,0.090,0.112,0.224,0.965
1714822546287,2024-05-04T14:35:46.287,0.100,0.100,0.215,0.968
1714822546297,2024-05-04T14:35:46.297,0.110,0.091,0.206,0.966
1714822546307,2024-05-04T14:35:46.307,0.120,0.102,0.203,0.960
1714822546317,2024-05-04T14:35:46.317,0.130,0.110,0.204,0.957
1714822546327,2024-05-04T14:35:46.327,0.140,0.097,0.204,0.955
1714822546337,2024-05-04T14:35:46.337,0.150,0.081,0.203,0.957
1714822546347,2024-05-04T14:35:46.347,0.160,0.087,0.206,0.965
1714822546357,2024-05-04T14:35:46.357,0.170,0.101,0.205,0.973
1714822546367,2024-05-04T14:35:46.367,0.180,0.108,0.203,0.976
1714822546377,2024-05-04T14:35:46.377,0.190,0.113,0.202,0.976
1714822546387,2024-05-04T14:35:46.387,0.200,0.116,0.196,0.973
1714822546397,2024-05-04T14:35:46.397,0.210,0.116,0.197,0.964
1714822546407,2024-05-04T14:35:46.407,0.220,0.106,0.203,0.957
1714822546417,2024-05-04T14:35:46.417,0.230,0.096,0.212,0.960
1714822546427,2024-05-04T14:35:46.427,0.240,0.089,0.219,0.964
1714822546437,2024-05-04T14:35:46.437,0.250,0.096,0.213,0.968
1714822546447,2024-05-04T14:35:46.447,0.260,0.109,0.208,0.965
1714822546457,2024-05-04T14:35:46.457,0.270,0.114,0.202,0.963
1714822546467,2024-05-04T14:35:46.467,0.280,0.123,0.200,0.962
1714822546477,2024-05-04T14:35:46.477,0.290,0.135,0.209,0.963
1714822546487,2024-05-04T14:35:46.487,0.300,0.126,0.212,0.962
1714822546497,2024-05-04T14:35:46.497,0.310,0.112,0.214,0.965
1714822546507,2024-05-04T14:35:46.507,0.320,0.107,0.215,0.961
1714822546517,2024-05-04T14:35:46.517,0.330,0.105,0.211,0.966
1714822546527,2024-05-04T14:35:46.527,0.340,0.108,0.205,0.970
1714822546537,2024-05-04T14:35:46.537,0.350,0.119,0.202,0.969
1714822546547,2024-05-04T14:35:46.547,0.360,0.122,0.206,0.967
1714822546557,2024-05-04T14:35:46.557,0.370,0.118,0.216,0.962
1714822546567,2024-05-04T14:35:46.567,0.380,0.112,0.231,0.964
1714822546577,2024-05-04T14:35:46.577,0.390,0.107,0.229,0.973
1714822546587,2024-05-04T14:35:46.587,0.400,0.101,0.215,0.976
1714822546597,2024-05-04T14:35:46.597,0.410,0.087,0.202,0.981
1714822546607,2024-05-04T14:35:46.607,0.420,0.087,0.192,0.975
1714822546617,2024-05-04T14:35:46.617,0.430,0.104,0.194,0.963
1714822546627,2024-05-04T14:35:46.627,0.440,0.119,0.200,0.958
1714822546637,2024-05-04T14:35:46.637,0.450,0.129,0.204,0.960
1714822546647,2024-05-04T14:35:46.647,0.460,0.137,0.209,0.943
1714822546657,2024-05-04T14:35:46.657,0.470,0.124,0.206,0.904
1714822546667,2024-05-04T14:35:46.667,0.480,0.085,0.193,0.906
1714822546677,2024-05-04T14:35:46.677,0.490,0.060,0.188,0.951
1714822546687,2024-05-04T14:35:46.687,0.500,0.069,0.190,0.960
1714822546697,2024-05-04T14:35:46.697,0.510,0.045,0.193,0.938
1714822546707,2024-05-04T14:35:46.707,0.520,0.014,0.185,0.968
1714822546717,2024-05-04T14:35:46.717,0.530,0.116,0.194,1.040
1714822546727,2024-05-04T14:35:46.727,0.540,0.247,0.237,1.071
1714822546737,2024-05-04T14:35:46.737,0.550,0.307,0.249,1.052
1714822546747,2024-05-04T14:35:46.747,0.560,0.259,0.225,1.021
1714822546757,2024-05-04T14:35:46.757,0.570,0.103,0.198,0.992
1714822546767,2024-05-04T14:35:46.767,0.580,-0.022,0.189,1.006
1714822546777,2024-05-04T14:35:46.777,0.590,-0.006,0.208,1.032
1714822546787,2024-05-04T14:35:46.787,0.600,0.074,0.239,1.028
1714822546797,2024-05-04T14:35:46.797,0.610,0.088,0.231,1.021
1714822546807,2024-05-04T14:35:46.807,0.620,-0.015,0.198,0.996
1714822546817,2024-05-04T14:35:46.817,0.630,-0.124,0.189,0.935
1714822546827,2024-05-04T14:35:46.827,0.640,-0.115,0.229,0.892
1714822546837,2024-05-04T14:35:46.837,0.650,-0.080,0.256,0.877
1714822546847,2024-05-04T14:35:46.847,0.660,-0.147,0.241,0.901
1714822546857,2024-05-04T14:35:46.857,0.670,-0.218,0.218,0.950
1714822546867,2024-05-04T14:35:46.867,0.680,-0.224,0.217,0.980
1714822546877,2024-05-04T14:35:46.877,0.690,-0.167,0.226,1.002
1714822546887,2024-05-04T14:35:46.887,0.700,-0.117,0.230,1.026
1714822546897,2024-05-04T14:35:46.897,0.710,0.015,0.244,1.061
1714822546907,2024-05-04T14:35:46.907,0.720,0.160,0.285,1.087
1714822546917,2024-05-04T14:35:46.917,0.730,0.132,0.302,1.084
1714822546927,2024-05-04T14:35:46.927,0.740,-0.059,0.254,1.077
1714822546937,2024-05-04T14:35:46.937,0.750,-0.159,0.299,0.952
1714822546947,2024-05-04T14:35:46.947,0.760,0.389,0.088,1.190
1714822546957,2024-05-04T14:35:46.957,0.770,0.026,0.331,1.164
1714822546967,2024-05-04T14:35:46.967,0.780,-0.682,0.279,0.830
1714822546977,2024-05-04T14:35:46.977,0.790,-0.436,0.204,0.936
1714822546987,2024-05-04T14:35:46.987,0.800,-0.240,0.105,0.913
1714822546997,2024-05-04T14:35:46.997,0.810,-0.457,0.063,0.872
1714822547007,2024-05-04T14:35:47.007,0.820,-0.643,0.119,0.816
1714822547017,2024-05-04T14:35:47.017,0.830,-0.711,0.120,0.715
1714822547027,2024-05-04T14:35:47.027,0.840,-0.829,0.070,0.530
1714822547037,2024-05-04T14:35:47.037,0.850,-0.940,0.027,0.265
1714822547047,2024-05-04T14:35:47.047,0.860,-0.872,0.048,0.012
1714822547057,2024-05-04T14:35:47.057,0.870,-1.037,0.071,-0.207
1714822547067,2024-05-04T14:35:47.067,0.880,-1.348,0.084,-0.411
1714822547077,2024-05-04T14:35:47.077,0.890,-1.350,0.170,-0.642
1714822547087,2024-05-04T14:35:47.087,0.900,-1.248,0.357,-0.797
1714822547097,2024-05-04T14:35:47.097,0.910,-1.281,0.503,-0.919
1714822547107,2024-05-04T14:35:47.107,0.920,-1.491,0.564,-0.923
1714822547117,2024-05-04T14:35:47.117,0.930,-1.745,0.615,-0.813
1714822547127,2024-05-04T14:35:47.127,0.940,-1.633,0.724,-0.523
1714822547137,2024-05-04T14:35:47.137,0.950,-1.272,0.442,-0.012
1714822547147,2024-05-04T14:35:47.147,0.960,-0.904,-0.098,0.414
1714822547157,2024-05-04T14:35:47.157,0.970,-0.771,-0.080,0.521
1714822547167,2024-05-04T14:35:47.167,0.980,-0.613,0.229,0.437
1714822547177,2024-05-04T14:35:47.177,0.990,-0.679,0.224,0.249
1714822547187,2024-05-04T14:35:47.187,1.000,-1.084,0.163,0.030
1714822547197,2024-05-04T14:35:47.197,1.010,-1.403,0.219,-0.134
1714822547207,2024-05-04T14:35:47.207,1.020,-1.430,0.227,-0.180
1714822547217,2024-05-04T14:35:47.217,1.030,-1.308,0.219,-0.180
1714822547227,2024-05-04T14:35:47.227,1.040,-1.222,0.202,-0.143
1714822547237,2024-05-04T14:35:47.237,1.050,-1.119,0.182,-0.085
1714822547247,2024-05-04T14:35:47.247,1.060,-1.013,0.177,-0.026
1714822547257,2024-05-04T14:35:47.257,1.070,-0.989,0.199,-0.024
1714822547267,2024-05-04T14:35:47.267,1.080,-1.035,0.218,-0.041
1714822547277,2024-05-04T14:35:47.277,1.090,-1.075,0.218,-0.002
1714822547287,2024-05-04T14:35:47.287,1.100,-1.151,0.231,0.063
1714822547297,2024-05-04T14:35:47.297,1.110,-1.223,0.265,0.135
1714822547307,2024-05-04T14:35:47.307,1.120,-1.179,0.268,0.157
1714822547317,2024-05-04T14:35:47.317,1.130,-1.047,0.243,0.146
1714822547327,2024-05-04T14:35:47.327,1.140,-0.932,0.270,0.152
1714822547337,2024-05-04T14:35:47.337,1.150,-0.890,0.287,0.203
1714822547347,2024-05-04T14:35:47.347,1.160,-0.799,0.275,0.266
1714822547357,2024-05-04T14:35:47.357,1.170,-0.667,0.273,0.387
1714822547367,2024-05-04T14:35:47.367,1.180,-0.617,0.303,0.518
1714822547377,2024-05-04T14:35:47.377,1.190,-0.615,0.307,0.645
1714822547387,2024-05-04T14:35:47.387,1.200,-0.577,0.257,0.684
1714822547397,2024-05-04T14:35:47.397,1.210,-0.569,0.245,0.650
1714822547407,2024-05-04T14:35:47.407,1.220,-0.646,0.277,0.618
1714822547417,2024-05-04T14:35:47.417,1.230,-0.745,0.300,0.595
1714822547427,2024-05-04T14:35:47.427,1.240,-0.756,0.314,0.620
1714822547437,2024-05-04T14:35:47.437,1.250,-0.677,0.306,0.716
1714822547447,2024-05-04T14:35:47.447,1.260,-0.501,0.277,0.833
1714822547457,2024-05-04T14:35:47.457,1.270,-0.271,0.252,0.907
1714822547467,2024-05-04T14:35:47.467,1.280,-0.131,0.263,0.912
1714822547477,2024-05-04T14:35:47.477,1.290,-0.102,0.299,0.868
1714822547487,2024-05-04T14:35:47.487,1.300,-0.151,0.323,0.805
1714822547497,2024-05-04T14:35:47.497,1.310,-0.209,0.318,0.755
1714822547507,2024-05-04T14:35:47.507,1.320,-0.288,0.306,0.735
1714822547517,2024-05-04T14:35:47.517,1.330,-0.389,0.294,0.752
1714822547527,2024-05-04T14:35:47.527,1.340,-0.430,0.271,0.829
1714822547537,2024-05-04T14:35:47.537,1.350,-0.337,0.241,0.906
1714822547547,2024-05-04T14:35:47.547,1.360,-0.177,0.220,0.966
1714822547557,2024-05-04T14:35:47.557,1.370,-0.095,0.215,0.971
1714822547567,2024-05-04T14:35:47.567,1.380,-0.057,0.232,0.917
1714822547577,2024-05-04T14:35:47.577,1.390,0.008,0.274,0.872
1714822547587,2024-05-04T14:35:47.587,1.400,0.025,0.307,0.860
1714822547597,2024-05-04T14:35:47.597,1.410,-0.069,0.293,0.887
1714822547607,2024-05-04T14:35:47.607,1.420,-0.129,0.265,0.947
1714822547617,2024-05-04T14:35:47.617,1.430,-0.090,0.259,0.991
1714822547627,2024-05-04T14:35:47.627,1.440,-0.043,0.243,1.005
1714822547637,2024-05-04T14:35:47.637,1.450,-0.037,0.225,0.986
1714822547647,2024-05-04T14:35:47.647,1.460,-0.017,0.226,0.950
1714822547657,2024-05-04T14:35:47.657,1.470,0.051,0.243,0.918
1714822547667,2024-05-04T14:35:47.667,1.480,0.128,0.270,0.904
1714822547677,2024-05-04T14:35:47.677,1.490,0.173,0.291,0.931
1714822547687,2024-05-04T14:35:47.687,1.500,0.195,0.289,0.978
1714822547697,2024-05-04T14:35:47.697,1.510,0.208,0.266,1.015
1714822547707,2024-05-04T14:35:47.707,1.520,0.195,0.240,1.042
1714822547717,2024-05-04T14:35:47.717,1.530,0.188,0.228,1.049
1714822547727,2024-05-04T14:35:47.727,1.540,0.189,0.230,1.027
1714822547737,2024-05-04T14:35:47.737,1.550,0.183,0.252,1.001
1714822547747,2024-05-04T14:35:47.747,1.560,0.162,0.277,0.992
1714822547757,2024-05-04T14:35:47.757,1.570,0.115,0.267,1.005
1714822547767,2024-05-04T14:35:47.767,1.580,0.065,0.232,1.017
1714822547777,2024-05-04T14:35:47.777,1.590,0.065,0.206,1.027
1714822547787,2024-05-04T14:35:47.787,1.600,0.104,0.206,1.038
1714822547797,2024-05-04T14:35:47.797,1.610,0.126,0.219,1.041
1714822547807,2024-05-04T14:35:47.807,1.620,0.132,0.239,1.030
1714822547817,2024-05-04T14:35:47.817,1.630,0.132,0.259,1.014
1714822547827,2024-05-04T14:35:47.827,1.640,0.124,0.270,0.998
1714822547837,2024-05-04T14:35:47.837,1.650,0.103,0.268,1.004
1714822547847,2024-05-04T14:35:47.847,1.660,0.081,0.254,1.014
1714822547857,2024-05-04T14:35:47.857,1.670,0.063,0.229,1.021
1714822547867,2024-05-04T14:35:47.867,1.680,0.071,0.215,1.025
1714822547877,2024-05-04T14:35:47.877,1.690,0.097,0.213,1.025
1714822547887,2024-05-04T14:35:47.887,1.700,0.105,0.214,1.022
1714822547897,2024-05-04T14:35:47.897,1.710,0.102,0.220,1.008
1714822547907,2024-05-04T14:35:47.907,1.720,0.111,0.234,0.989
1714822547917,2024-05-04T14:35:47.917,1.730,0.108,0.247,0.985
1714822547927,2024-05-04T14:35:47.927,1.740,0.087,0.249,0.996
1714822547937,2024-05-04T14:35:47.937,1.750,0.075,0.240,1.000
1714822547947,2024-05-04T14:35:47.947,1.760,0.075,0.227,1.005
1714822547957,2024-05-04T14:35:47.957,1.770,0.073,0.224,1.000
1714822547967,2024-05-04T14:35:47.967,1.780,0.078,0.228,0.989
1714822547977,2024-05-04T14:35:47.977,1.790,0.073,0.239,0.974
1714822547987,2024-05-04T14:35:47.987,1.800,0.056,0.259,0.968
1714822547997,2024-05-04T14:35:47.997,1.810,0.045,0.254,0.968
1714822548007,2024-05-04T14:35:48.007,1.820,0.051,0.234,0.965
1714822548017,2024-05-04T14:35:48.017,1.830,0.057,0.225,0.975
1714822548027,2024-05-04T14:35:48.027,1.840,0.103,0.229,0.988
1714822548037,2024-05-04T14:35:48.037,1.850,0.176,0.231,1.000
1714822548047,2024-05-04T14:35:48.047,1.860,0.182,0.226,0.986
1714822548057,2024-05-04T14:35:48.057,1.870,0.127,0.222,0.962
1714822548067,2024-05-04T14:35:48.067,1.880,0.083,0.225,0.930
1714822548077,2024-05-04T14:35:48.077,1.890,0.047,0.229,0.917
1714822548087,2024-05-04T14:35:48.087,1.900,-0.000,0.224,0.912
1714822548097,2024-05-04T14:35:48.097,1.910,-0.000,0.216,0.918
1714822548107,2024-05-04T14:35:48.107,1.920,0.046,0.223,0.941
1714822548117,2024-05-04T14:35:48.117,1.930,0.060,0.235,0.971
1714822548127,2024-05-04T14:35:48.127,1.940,0.052,0.240,0.988
1714822548137,2024-05-04T14:35:48.137,1.950,0.080,0.231,1.007
1714822548147,2024-05-04T14:35:48.147,1.960,0.053,0.232,0.999
1714822548157,2024-05-04T14:35:48.157,1.970,-0.055,0.223,0.975
1714822548167,2024-05-04T14:35:48.167,1.980,-0.130,0.217,0.947
1714822548177,2024-05-04T14:35:48.177,1.990,-0.099,0.233,0.928
1714822548187,2024-05-04T14:35:48.187,2.000,-0.046,0.245,0.944
1714822548197,2024-05-04T14:35:48.197,2.010,-0.044,0.260,0.964
1714822548207,2024-05-04T14:35:48.207,2.020,-0.098,0.277,0.971
1714822548217,2024-05-04T14:35:48.217,2.030,-0.177,0.283,1.013
1714822548227,2024-05-04T14:35:48.227,2.040,-0.144,0.265,1.057
1714822548237,2024-05-04T14:35:48.237,2.050,-0.026,0.232,1.054
1714822548247,2024-05-04T14:35:48.247,2.060,0.041,0.229,1.041
1714822548257,2024-05-04T14:35:48.257,2.070,0.062,0.250,1.023
1714822548267,2024-05-04T14:35:48.267,2.080,0.052,0.259,0.981
1714822548277,2024-05-04T14:35:48.277,2.090,-0.014,0.256,0.944
1714822548287,2024-05-04T14:35:48.287,2.100,-0.081,0.261,0.944
1714822548297,2024-05-04T14:35:48.297,2.110,-0.135,0.252,0.998
1714822548307,2024-05-04T14:35:48.307,2.120,-0.213,0.199,1.035
1714822548317,2024-05-04T14:35:48.317,2.130,-0.206,0.154,0.962
1714822548327,2024-05-04T14:35:48.327,2.140,-0.162,0.174,0.719
1714822548337,2024-05-04T14:35:48.337,2.150,-0.001,0.055,0.498
1714822548347,2024-05-04T14:35:48.347,2.160,-0.352,0.292,0.541
1714822548357,2024-05-04T14:35:48.357,2.170,-1.448,0.225,0.095
1714822548367,2024-05-04T14:35:48.367,2.180,-1.519,0.091,0.058
1714822548377,2024-05-04T14:35:48.377,2.190,-1.187,0.122,-0.021
1714822548387,2024-05-04T14:35:48.387,2.200,-1.016,0.290,-0.077
1714822548397,2024-05-04T14:35:48.397,2.210,-1.057,0.350,-0.037
1714822548407,2024-05-04T14:35:48.407,2.220,-1.140,0.416,0.022
1714822548417,2024-05-04T14:35:48.417,2.230,-1.048,0.449,0.086
1714822548427,2024-05-04T14:35:48.427,2.240,-0.933,0.233,0.376
1714822548437,2024-05-04T14:35:48.437,2.250,-0.770,0.211,0.440
1714822548447,2024-05-04T14:35:48.447,2.260,-0.672,0.297,0.468
1714822548457,2024-05-04T14:35:48.457,2.270,-0.833,0.305,0.488
1714822548467,2024-05-04T14:35:48.467,2.280,-1.094,0.206,0.468
1714822548477,2024-05-04T14:35:48.477,2.290,-1.327,0.148,0.396
1714822548487,2024-05-04T14:35:48.487,2.300,-1.409,0.222,0.300
1714822548497,2024-05-04T14:35:48.497,2.310,-1.396,0.276,0.196
1714822548507,2024-05-04T14:35:48.507,2.320,-1.380,0.293,0.128
1714822548517,2024-05-04T14:35:48.517,2.330,-1.332,0.314,0.087
1714822548527,2024-05-04T14:35:48.527,2.340,-1.268,0.279,0.065
1714822548537,2024-05-04T14:35:48.537,2.350,-1.207,0.260,0.042
1714822548547,2024-05-04T14:35:48.547,2.360,-1.152,0.251,0.035
1714822548557,2024-05-04T14:35:48.557,2.370,-1.128,0.249,0.072
1714822548567,2024-05-04T14:35:48.567,2.380,-1.099,0.248,0.141
1714822548577,2024-05-04T14:35:48.577,2.390,-1.007,0.291,0.259
1714822548587,2024-05-04T14:35:48.587,2.400,-0.923,0.334,0.307
1714822548597,2024-05-04T14:35:48.597,2.410,-0.941,0.298,0.354
1714822548607,2024-05-04T14:35:48.607,2.420,-0.990,0.254,0.436
1714822548617,2024-05-04T14:35:48.617,2.430,-0.976,0.255,0.528
1714822548627,2024-05-04T14:35:48.627,2.440,-0.942,0.290,0.566
1714822548637,2024-05-04T14:35:48.637,2.450,-0.926,0.322,0.553
1714822548647,2024-05-04T14:35:48.647,2.460,-0.877,0.365,0.475
1714822548657,2024-05-04T14:35:48.657,2.470,-0.776,0.406,0.388
1714822548667,2024-05-04T14:35:48.667,2.480,-0.736,0.375,0.394
1714822548677,2024-05-04T14:35:48.677,2.490,-0.770,0.305,0.474
1714822548687,2024-05-04T14:35:48.687,2.500,-0.749,0.250,0.615
1714822548697,2024-05-04T14:35:48.697,2.510,-0.650,0.239,0.760
1714822548707,2024-05-04T14:35:48.707,2.520,-0.537,0.262,0.891
1714822548717,2024-05-04T14:35:48.717,2.530,-0.459,0.284,0.961
1714822548727,2024-05-04T14:35:48.727,2.540,-0.400,0.302,0.905
1714822548737,2024-05-04T14:35:48.737,2.550,-0.320,0.329,0.828
1714822548747,2024-05-04T14:35:48.747,2.560,-0.446,0.351,0.679
1714822548757,2024-05-04T14:35:48.757,2.570,-0.656,0.355,0.534
1714822548767,2024-05-04T14:35:48.767,2.580,-0.752,0.335,0.494
1714822548777,2024-05-04T14:35:48.777,2.590,-0.734,0.296,0.584
1714822548787,2024-05-04T14:35:48.787,2.600,-0.628,0.266,0.790
1714822548797,2024-05-04T14:35:48.797,2.610,-0.471,0.243,0.938
1714822548807,2024-05-04T14:35:48.807,2.620,-0.389,0.229,0.945
1714822548817,2024-05-04T14:35:48.817,2.630,-0.350,0.247,0.884
1714822548827,2024-05-04T14:35:48.827,2.640,-0.351,0.300,0.823
1714822548837,2024-05-04T14:35:48.837,2.650,-0.404,0.328,0.793
1714822548847,2024-05-04T14:35:48.847,2.660,-0.464,0.307,0.776
1714822548857,2024-05-04T14:35:48.857,2.670,-0.511,0.267,0.775
1714822548867,2024-05-04T14:35:48.867,2.680,-0.511,0.242,0.837
1714822548877,2024-05-04T14:35:48.877,2.690,-0.432,0.221,0.907
1714822548887,2024-05-04T14:35:48.887,2.700,-0.348,0.197,0.920
1714822548897,2024-05-04T14:35:48.897,2.710,-0.306,0.209,0.896
1714822548907,2024-05-04T14:35:48.907,2.720,-0.275,0.231,0.872
1714822548917,2024-05-04T14:35:48.917,2.730,-0.279,0.250,0.861
1714822548927,2024-05-04T14:35:48.927,2.740,-0.335,0.249,0.859
1714822548937,2024-05-04T14:35:48.937,2.750,-0.368,0.233,0.857
1714822548947,2024-05-04T14:35:48.947,2.760,-0.330,0.241,0.885
1714822548957,2024-05-04T14:35:48.957,2.770,-0.242,0.244,0.974
1714822548967,2024-05-04T14:35:48.967,2.780,-0.144,0.231,1.058
1714822548977,2024-05-04T14:35:48.977,2.790,-0.079,0.206,1.067
1714822548987,2024-05-04T14:35:48.987,2.800,-0.068,0.190,1.021
1714822548997,2024-05-04T14:35:48.997,2.810,-0.093,0.207,0.939
1714822549007,2024-05-04T14:35:49.007,2.820,-0.135,0.224,0.859
1714822549017,2024-05-04T14:35:49.017,2.830,-0.191,0.232,0.840
1714822549027,2024-05-04T14:35:49.027,2.840,-0.268,0.240,0.856
1714822549037,2024-05-04T14:35:49.037,2.850,-0.341,0.231,0.895
1714822549047,2024-05-04T14:35:49.047,2.860,-0.315,0.209,0.957
1714822549057,2024-05-04T14:35:49.057,2.870,-0.238,0.192,1.010
1714822549067,2024-05-04T14:35:49.067,2.880,-0.157,0.193,1.035
1714822549077,2024-05-04T14:35:49.077,2.890,-0.101,0.216,1.022
1714822549087,2024-05-04T14:35:49.087,2.900,-0.063,0.226,0.992
1714822549097,2024-05-04T14:35:49.097,2.910,-0.045,0.219,0.966
1714822549107,2024-05-04T14:35:49.107,2.920,-0.039,0.210,0.955
1714822549117,2024-05-04T14:35:49.117,2.930,-0.036,0.195,0.970
1714822549127,2024-05-04T14:35:49.127,2.940,-0.045,0.188,1.011
1714822549137,2024-05-04T14:35:49.137,2.950,-0.036,0.179,1.049
1714822549147,2024-05-04T14:35:49.147,2.960,0.013,0.171,1.067
1714822549157,2024-05-04T14:35:49.157,2.970,0.083,0.176,1.062
1714822549167,2024-05-04T14:35:49.167,2.980,0.124,0.185,1.043
1714822549177,2024-05-04T14:35:49.177,2.990,0.118,0.195,1.020
1714822549187,2024-05-04T14:35:49.187,3.000,0.093,0.186,1.012
1714822549197,2024-05-04T14:35:49.197,3.010,0.057,0.177,1.022
1714822549207,2024-05-04T14:35:49.207,3.020,0.042,0.182,1.048
1714822549217,2024-05-04T14:35:49.217,3.030,0.054,0.180,1.060
1714822549227,2024-05-04T14:35:49.227,3.040,0.065,0.176,1.051
1714822549237,2024-05-04T14:35:49.237,3.050,0.059,0.185,1.026
1714822549247,2024-05-04T14:35:49.247,3.060,0.040,0.209,0.991
1714822549257,2024-05-04T14:35:49.257,3.070,-0.003,0.235,0.990
1714822549267,2024-05-04T14:35:49.267,3.080,-0.035,0.234,1.016
1714822549277,2024-05-04T14:35:49.277,3.090,-0.026,0.198,1.033
1714822549287,2024-05-04T14:35:49.287,3.100,-0.021,0.171,1.036
1714822549297,2024-05-04T14:35:49.297,3.110,-0.016,0.181,1.021
1714822549307,2024-05-04T14:35:49.307,3.120,-0.016,0.197,1.003
1714822549317,2024-05-04T14:35:49.317,3.130,-0.026,0.206,0.990
1714822549327,2024-05-04T14:35:49.327,3.140,-0.044,0.213,0.987
1714822549337,2024-05-04T14:35:49.337,3.150,-0.070,0.204,0.991
1714822549347,2024-05-04T14:35:49.347,3.160,-0.099,0.189,0.997
1714822549357,2024-05-04T14:35:49.357,3.170,-0.124,0.182,1.000
1714822549367,2024-05-04T14:35:49.367,3.180,-0.125,0.183,0.999
1714822549377,2024-05-04T14:35:49.377,3.190,-0.097,0.189,0.989
1714822549387,2024-05-04T14:35:49.387,3.200,-0.060,0.203,0.987
1714822549397,2024-05-04T14:35:49.397,3.210,-0.036,0.215,0.980
1714822549407,2024-05-04T14:35:49.407,3.220,-0.039,0.219,0.974
1714822549417,2024-05-04T14:35:49.417,3.230,-0.063,0.208,0.976
1714822549427,2024-05-04T14:35:49.427,3.240,-0.065,0.188,0.991
1714822549437,2024-05-04T14:35:49.437,3.250,-0.045,0.179,0.998
1714822549447,2024-05-04T14:35:49.447,3.260,-0.039,0.183,0.993
1714822549457,2024-05-04T14:35:49.457,3.270,-0.080,0.188,0.965
1714822549467,2024-05-04T14:35:49.467,3.280,-0.120,0.199,0.949
1714822549477,2024-05-04T14:35:49.477,3.290,-0.117,0.218,0.944
1714822549487,2024-05-04T14:35:49.487,3.300,-0.110,0.217,0.940
1714822549497,2024-05-04T14:35:49.497,3.310,-0.092,0.220,0.946
1714822549507,2024-05-04T14:35:49.507,3.320,-0.062,0.221,0.981
1714822549517,2024-05-04T14:35:49.517,3.330,-0.037,0.209,1.017
1714822549527,2024-05-04T14:35:49.527,3.340,-0.010,0.188,1.045
1714822549537,2024-05-04T14:35:49.537,3.350,0.027,0.177,1.056
1714822549547,2024-05-04T14:35:49.547,3.360,0.049,0.180,1.040
1714822549557,2024-05-04T14:35:49.557,3.370,0.051,0.192,1.013
1714822549567,2024-05-04T14:35:49.567,3.380,0.034,0.205,0.995
1714822549577,2024-05-04T14:35:49.577,3.390,-0.001,0.197,0.982
1714822549587,2024-05-04T14:35:49.587,3.400,-0.028,0.175,0.972
1714822549597,2024-05-04T14:35:49.597,3.410,0.003,0.179,0.987
1714822549607,2024-05-04T14:35:49.607,3.420,0.060,0.191,1.017
1714822549617,2024-05-04T14:35:49.617,3.430,0.104,0.183,1.042
1714822549627,2024-05-04T14:35:49.627,3.440,0.151,0.173,1.042
1714822549637,2024-05-04T14:35:49.637,3.450,0.190,0.178,1.024
1714822549647,2024-05-04T14:35:49.647,3.460,0.219,0.186,1.009
1714822549657,2024-05-04T14:35:49.657,3.470,0.239,0.184,0.995
1714822549667,2024-05-04T14:35:49.667,3.480,0.265,0.170,0.987
1714822549677,2024-05-04T14:35:49.677,3.490,0.302,0.148,0.986
1714822549687,2024-05-04T14:35:49.687,3.500,0.368,0.151,0.998
1714822549697,2024-05-04T14:35:49.697,3.510,0.419,0.181,1.011
1714822549707,2024-05-04T14:35:49.707,3.520,0.440,0.217,0.971
1714822549717,2024-05-04T14:35:49.717,3.530,0.409,0.218,0.880
1714822549727,2024-05-04T14:35:49.727,3.540,0.315,0.206,0.830
1714822549737,2024-05-04T14:35:49.737,3.550,0.204,0.214,0.824
1714822549747,2024-05-04T14:35:49.747,3.560,0.084,0.205,0.845
1714822549757,2024-05-04T14:35:49.757,3.570,-0.005,0.175,0.904
1714822549767,2024-05-04T14:35:49.767,3.580,-0.050,0.176,0.968
1714822549777,2024-05-04T14:35:49.777,3.590,-0.091,0.204,0.993
1714822549787,2024-05-04T14:35:49.787,3.600,-0.145,0.228,1.002
1714822549797,2024-05-04T14:35:49.797,3.610,-0.199,0.252,0.983
1714822549807,2024-05-04T14:35:49.807,3.620,-0.285,0.242,0.943
1714822549817,2024-05-04T14:35:49.817,3.630,-0.334,0.208,0.964
1714822549827,2024-05-04T14:35:49.827,3.640,-0.289,0.182,0.967
1714822549837,2024-05-04T14:35:49.837,3.650,-0.222,0.152,0.914
1714822549847,2024-05-04T14:35:49.847,3.660,-0.199,0.179,0.828
1714822549857,2024-05-04T14:35:49.857,3.670,-0.199,0.243,0.688
1714822549867,2024-05-04T14:35:49.867,3.680,-0.206,0.256,0.452
1714822549877,2024-05-04T14:35:49.877,3.690,-0.188,0.151,0.133
1714822549887,2024-05-04T14:35:49.887,3.700,-0.465,0.046,0.344
1714822549897,2024-05-04T14:35:49.897,3.710,-1.774,0.222,-0.095
1714822549907,2024-05-04T14:35:49.907,3.720,-2.034,0.281,-0.131
1714822549917,2024-05-04T14:35:49.917,3.730,-2.071,0.206,-0.200
1714822549927,2024-05-04T14:35:49.927,3.740,-1.959,0.273,-0.239
1714822549937,2024-05-04T14:35:49.937,3.750,-1.425,0.413,-0.062
1714822549947,2024-05-04T14:35:49.947,3.760,-0.944,0.426,0.098
1714822549957,2024-05-04T14:35:49.957,3.770,-0.659,0.314,0.308
1714822549967,2024-05-04T14:35:49.967,3.780,-0.442,0.229,0.560
1714822549977,2024-05-04T14:35:49.977,3.790,-0.656,0.131,0.583
1714822549987,2024-05-04T14:35:49.987,3.800,-1.294,0.083,0.381
1714822549997,2024-05-04T14:35:49.997,3.810,-1.553,0.225,0.111
1714822550007,2024-05-04T14:35:50.007,3.820,-1.336,0.308,-0.077
1714822550017,2024-05-04T14:35:50.017,3.830,-1.179,0.270,-0.176
1714822550027,2024-05-04T14:35:50.027,3.840,-1.167,0.230,-0.176
1714822550037,2024-05-04T14:35:50.037,3.850,-1.160,0.202,-0.155
1714822550047,2024-05-04T14:35:50.047,3.860,-1.121,0.173,-0.174
1714822550057,2024-05-04T14:35:50.057,3.870,-1.090,0.139,-0.186
1714822550067,2024-05-04T14:35:50.067,3.880,-1.083,0.143,-0.144
1714822550077,2024-05-04T14:35:50.077,3.890,-1.047,0.191,-0.037
1714822550087,2024-05-04T14:35:50.087,3.900,-0.973,0.234,0.034
1714822550097,2024-05-04T14:35:50.097,3.910,-0.972,0.242,0.087
1714822550107,2024-05-04T14:35:50.107,3.920,-0.975,0.271,0.112
1714822550117,2024-05-04T14:35:50.117,3.930,-0.946,0.306,0.106
1714822550127,2024-05-04T14:35:50.127,3.940,-0.950,0.331,0.120
1714822550137,2024-05-04T14:35:50.137,3.950,-0.954,0.324,0.113
1714822550147,2024-05-04T14:35:50.147,3.960,-0.958,0.276,0.085
1714822550157,2024-05-04T14:35:50.157,3.970,-0.928,0.278,0.102
1714822550167,2024-05-04T14:35:50.167,3.980,-0.899,0.307,0.204
1714822550177,2024-05-04T14:35:50.177,3.990,-0.883,0.292,0.303
1714822550187,2024-05-04T14:35:50.187,4.000,-0.886,0.243,0.349
1714822550197,2024-05-04T14:35:50.197,4.010,-0.919,0.238,0.371
1714822550207,2024-05-04T14:35:50.207,4.020,-0.917,0.266,0.402
1714822550217,2024-05-04T14:35:50.217,4.030,-0.875,0.293,0.433
1714822550227,2024-05-04T14:35:50.227,4.040,-0.847,0.307,0.438
1714822550237,2024-05-04T14:35:50.237,4.050,-0.855,0.303,0.417
1714822550247,2024-05-04T14:35:50.247,4.060,-0.869,0.296,0.418
1714822550257,2024-05-04T14:35:50.257,4.070,-0.820,0.297,0.439
1714822550267,2024-05-04T14:35:50.267,4.080,-0.759,0.306,0.493
1714822550277,2024-05-04T14:35:50.277,4.090,-0.727,0.306,0.563
1714822550287,2024-05-04T14:35:50.287,4.100,-0.704,0.307,0.644
1714822550297,2024-05-04T14:35:50.297,4.110,-0.702,0.303,0.690
1714822550307,2024-05-04T14:35:50.307,4.120,-0.755,0.308,0.693
1714822550317,2024-05-04T14:35:50.317,4.130,-0.778,0.316,0.679
1714822550327,2024-05-04T14:35:50.327,4.140,-0.732,0.303,0.664
1714822550337,2024-05-04T14:35:50.337,4.150,-0.663,0.277,0.657
1714822550347,2024-05-04T14:35:50.347,4.160,-0.613,0.259,0.695
1714822550357,2024-05-04T14:35:50.357,4.170,-0.586,0.257,0.756
1714822550367,2024-05-04T14:35:50.367,4.180,-0.591,0.260,0.790
1714822550377,2024-05-04T14:35:50.377,4.190,-0.613,0.277,0.760
1714822550387,2024-05-04T14:35:50.387,4.200,-0.600,0.289,0.735
1714822550397,2024-05-04T14:35:50.397,4.210,-0.557,0.278,0.735
1714822550407,2024-05-04T14:35:50.407,4.220,-0.494,0.250,0.781
1714822550417,2024-05-04T14:35:50.417,4.230,-0.447,0.221,0.845
1714822550427,2024-05-04T14:35:50.427,4.240,-0.420,0.205,0.888
1714822550437,2024-05-04T14:35:50.437,4.250,-0.374,0.218,0.918
1714822550447,2024-05-04T14:35:50.447,4.260,-0.303,0.250,0.928
1714822550457,2024-05-04T14:35:50.457,4.270,-0.253,0.261,0.905
1714822550467,2024-05-04T14:35:50.467,4.280,-0.258,0.244,0.866
1714822550477,2024-05-04T14:35:50.477,4.290,-0.330,0.238,0.831
1714822550487,2024-05-04T14:35:50.487,4.300,-0.352,0.244,0.878
1714822550497,2024-05-04T14:35:50.497,4.310,-0.283,0.248,0.963
1714822550507,2024-05-04T14:35:50.507,4.320,-0.204,0.241,1.013
1714822550517,2024-05-04T14:35:50.517,4.330,-0.143,0.239,1.020
1714822550527,2024-05-04T14:35:50.527,4.340,-0.118,0.244,0.993
1714822550537,2024-05-04T14:35:50.537,4.350,-0.118,0.259,0.950
1714822550547,2024-05-04T14:35:50.547,4.360,-0.158,0.271,0.886
1714822550557,2024-05-04T14:35:50.557,4.370,-0.208,0.258,0.850
1714822550567,2024-05-04T14:35:50.567,4.380,-0.207,0.234,0.856
1714822550577,2024-05-04T14:35:50.577,4.390,-0.180,0.229,0.888
1714822550587,2024-05-04T14:35:50.587,4.400,-0.114,0.237,0.936
1714822550597,2024-05-04T14:35:50.597,4.410,-0.000,0.236,0.988
1714822550607,2024-05-04T14:35:50.607,4.420,0.094,0.225,1.008
1714822550617,2024-05-04T14:35:50.617,4.430,0.143,0.227,0.995
1714822550627,2024-05-04T14:35:50.627,4.440,0.148,0.242,0.978
1714822550637,2024-05-04T14:35:50.637,4.450,0.094,0.250,0.980
1714822550647,2024-05-04T14:35:50.647,4.460,-0.024,0.238,0.996
1714822550657,2024-05-04T14:35:50.657,4.470,-0.143,0.208,0.986
1714822550667,2024-05-04T14:35:50.667,4.480,-0.161,0.161,0.999
1714822550677,2024-05-04T14:35:50.677,4.490,-0.123,0.144,1.010
1714822550687,2024-05-04T14:35:50.687,4.500,-0.102,0.154,0.992
1714822550697,2024-05-04T14:35:50.697,4.510,-0.046,0.169,0.978
1714822550707,2024-05-04T14:35:50.707,4.520,0.052,0.186,0.976
1714822550717,2024-05-04T14:35:50.717,4.530,0.090,0.207,0.987
1714822550727,2024-05-04T14:35:50.727,4.540,0.049,0.221,1.015
1714822550737,2024-05-04T14:35:50.737,4.550,-0.011,0.205,1.052
1714822550747,2024-05-04T14:35:50.747,4.560,0.000,0.167,1.079
1714822550757,2024-05-04T14:35:50.757,4.570,0.050,0.163,1.060
1714822550767,2024-05-04T14:35:50.767,4.580,0.063,0.189,1.015
1714822550777,2024-05-04T14:35:50.777,4.590,0.031,0.217,0.974
1714822550787,2024-05-04T14:35:50.787,4.600,-0.002,0.223,0.973
1714822550797,2024-05-04T14:35:50.797,4.610,-0.017,0.212,1.002
1714822550807,2024-05-04T14:35:50.807,4.620,-0.001,0.188,1.034
1714822550817,2024-05-04T14:35:50.817,4.630,0.046,0.177,1.065
1714822550827,2024-05-04T14:35:50.827,4.640,0.084,0.185,1.079
1714822550837,2024-05-04T14:35:50.837,4.650,0.102,0.186,1.067
1714822550847,2024-05-04T14:35:50.847,4.660,0.109,0.181,1.041
1714822550857,2024-05-04T14:35:50.857,4.670,0.102,0.186,1.023
1714822550867,2024-05-04T14:35:50.867,4.680,0.062,0.197,1.010
1714822550877,2024-05-04T14:35:50.877,4.690,0.016,0.194,0.999
1714822550887,2024-05-04T14:35:50.887,4.700,-0.005,0.192,1.003
1714822550897,2024-05-04T14:35:50.897,4.710,0.000,0.192,1.028
1714822550907,2024-05-04T14:35:50.907,4.720,0.006,0.182,1.031
1714822550917,2024-05-04T14:35:50.917,4.730,0.027,0.170,1.020
1714822550927,2024-05-04T14:35:50.927,4.740,0.076,0.178,1.007
1714822550937,2024-05-04T14:35:50.937,4.750,0.119,0.197,1.003
1714822550947,2024-05-04T14:35:50.947,4.760,0.132,0.205,0.997
1714822550957,2024-05-04T14:35:50.957,4.770,0.091,0.203,0.975
1714822550967,2024-05-04T14:35:50.967,4.780,0.020,0.208,0.972
1714822550977,2024-05-04T14:35:50.977,4.790,-0.005,0.206,0.988
1714822550987,2024-05-04T14:35:50.987,4.800,0.021,0.197,1.009
1714822550997,2024-05-04T14:35:50.997,4.810,0.055,0.185,1.016
1714822551007,2024-05-04T14:35:51.007,4.820,0.077,0.185,0.998
1714822551017,2024-05-04T14:35:51.017,4.830,0.074,0.195,0.979
1714822551027,2024-05-04T14:35:51.027,4.840,0.048,0.205,0.961
1714822551037,2024-05-04T14:35:51.037,4.850,0.025,0.201,0.959
1714822551047,2024-05-04T14:35:51.047,4.860,0.022,0.195,0.971
1714822551057,2024-05-04T14:35:51.057,4.870,0.027,0.187,0.980
1714822551067,2024-05-04T14:35:51.067,4.880,0.050,0.182,0.989
1714822551077,2024-05-04T14:35:51.077,4.890,0.082,0.179,0.996
1714822551087,2024-05-04T14:35:51.087,4.900,0.099,0.177,0.995
1714822551097,2024-05-04T14:35:51.097,4.910,0.086,0.185,0.983
1714822551107,2024-05-04T14:35:51.107,4.920,0.067,0.198,0.968
1714822551117,2024-05-04T14:35:51.117,4.930,0.071,0.201,0.967
1714822551127,2024-05-04T14:35:51.127,4.940,0.082,0.197,0.978
1714822551137,2024-05-04T14:35:51.137,4.950,0.077,0.187,0.995
1714822551147,2024-05-04T14:35:51.147,4.960,0.076,0.174,1.015
1714822551157,2024-05-04T14:35:51.157,4.970,0.068,0.162,1.034
1714822551167,2024-05-04T14:35:51.167,4.980,0.064,0.145,1.030
1714822551177,2024-05-04T14:35:51.177,4.990,0.175,0.156,1.039
1714822551187,2024-05-04T14:35:51.187,5.000,0.361,0.169,1.065
1714822551197,2024-05-04T14:35:51.197,5.010,0.442,0.175,1.083
1714822551207,2024-05-04T14:35:51.207,5.020,0.304,0.177,1.072
1714822551217,2024-05-04T14:35:51.217,5.030,0.104,0.199,1.059
1714822551227,2024-05-04T14:35:51.227,5.040,0.026,0.229,1.092
1714822551237,2024-05-04T14:35:51.237,5.050,0.096,0.222,1.123
1714822551247,2024-05-04T14:35:51.247,5.060,0.197,0.181,1.133
1714822551257,2024-05-04T14:35:51.257,5.070,0.203,0.185,1.074
1714822551267,2024-05-04T14:35:51.267,5.080,0.206,0.186,0.965
1714822551277,2024-05-04T14:35:51.277,5.090,0.220,0.250,0.813
1714822551287,2024-05-04T14:35:51.287,5.100,0.301,0.276,0.737
1714822551297,2024-05-04T14:35:51.297,5.110,0.051,0.231,0.758
1714822551307,2024-05-04T14:35:51.307,5.120,-0.615,0.131,0.728
1714822551317,2024-05-04T14:35:51.317,5.130,-0.764,0.085,0.805
1714822551327,2024-05-04T14:35:51.327,5.140,-0.558,0.088,0.828
1714822551337,2024-05-04T14:35:51.337,5.150,-0.493,0.113,0.754
1714822551347,2024-05-04T14:35:51.347,5.160,-0.620,0.122,0.672
1714822551357,2024-05-04T14:35:51.357,5.170,-0.791,0.121,0.638
1714822551367,2024-05-04T14:35:51.367,5.180,-0.865,0.131,0.649
1714822551377,2024-05-04T14:35:51.377,5.190,-0.849,0.152,0.648
1714822551387,2024-05-04T14:35:51.387,5.200,-0.860,0.148,0.621
1714822551397,2024-05-04T14:35:51.397,5.210,-0.883,0.137,0.521
1714822551407,2024-05-04T14:35:51.407,5.220,-0.971,0.146,0.345
1714822551417,2024-05-04T14:35:51.417,5.230,-1.103,0.193,0.224
1714822551427,2024-05-04T14:35:51.427,5.240,-1.277,0.232,0.099
1714822551437,2024-05-04T14:35:51.437,5.250,-1.485,0.225,-0.026
1714822551447,2024-05-04T14:35:51.447,5.260,-1.561,0.187,-0.145
1714822551457,2024-05-04T14:35:51.457,5.270,-1.378,0.210,-0.223
1714822551467,2024-05-04T14:35:51.467,5.280,-1.112,0.372,-0.271
1714822551477,2024-05-04T14:35:51.477,5.290,-0.881,0.435,-0.112
1714822551487,2024-05-04T14:35:51.487,5.300,-0.690,0.269,0.175
1714822551497,2024-05-04T14:35:51.497,5.310,-0.714,0.034,0.486
1714822551507,2024-05-04T14:35:51.507,5.320,-0.837,-0.089,0.644
1714822551517,2024-05-04T14:35:51.517,5.330,-0.795,-0.092,0.633
1714822551527,2024-05-04T14:35:51.527,5.340,-0.811,0.002,0.529
1714822551537,2024-05-04T14:35:51.537,5.350,-0.996,0.083,0.409
1714822551547,2024-05-04T14:35:51.547,5.360,-1.152,0.095,0.311
1714822551557,2024-05-04T14:35:51.557,5.370,-1.212,0.100,0.263
1714822551567,2024-05-04T14:35:51.567,5.380,-1.210,0.106,0.230
1714822551577,2024-05-04T14:35:51.577,5.390,-1.113,0.128,0.201
1714822551587,2024-05-04T14:35:51.587,5.400,-1.057,0.143,0.221
1714822551597,2024-05-04T14:35:51.597,5.410,-1.041,0.160,0.206
1714822551607,2024-05-04T14:35:51.607,5.420,-1.006,0.176,0.166
1714822551617,2024-05-04T14:35:51.617,5.430,-0.956,0.181,0.152
1714822551627,2024-05-04T14:35:51.627,5.440,-0.937,0.185,0.163
1714822551637,2024-05-04T14:35:51.637,5.450,-0.961,0.168,0.193
1714822551647,2024-05-04T14:35:51.647,5.460,-0.962,0.179,0.273
1714822551657,2024-05-04T14:35:51.657,5.470,-0.954,0.226,0.345
1714822551667,2024-05-04T14:35:51.667,5.480,-0.920,0.231,0.372
1714822551677,2024-05-04T14:35:51.677,5.490,-0.897,0.205,0.367
1714822551687,2024-05-04T14:35:51.687,5.500,-0.915,0.214,0.358
1714822551697,2024-05-04T14:35:51.697,5.510,-0.907,0.263,0.376
1714822551707,2024-05-04T14:35:51.707,5.520,-0.855,0.301,0.404
1714822551717,2024-05-04T14:35:51.717,5.530,-0.820,0.270,0.408
1714822551727,2024-05-04T14:35:51.727,5.540,-0.881,0.226,0.392
1714822551737,2024-05-04T14:35:51.737,5.550,-0.979,0.228,0.414
1714822551747,2024-05-04T14:35:51.747,5.560,-0.996,0.249,0.492
1714822551757,2024-05-04T14:35:51.757,5.570,-0.917,0.232,0.562
1714822551767,2024-05-04T14:35:51.767,5.580,-0.809,0.188,0.588
1714822551777,2024-05-04T14:35:51.777,5.590,-0.764,0.186,0.581
1714822551787,2024-05-04T14:35:51.787,5.600,-0.788,0.211,0.570
1714822551797,2024-05-04T14:35:51.797,5.610,-0.811,0.231,0.577
1714822551807,2024-05-04T14:35:51.807,5.620,-0.794,0.241,0.596
1714822551817,2024-05-04T14:35:51.817,5.630,-0.764,0.250,0.648
1714822551827,2024-05-04T14:35:51.827,5.640,-0.711,0.270,0.779
1714822551837,2024-05-04T14:35:51.837,5.650,-0.624,0.271,0.856
1714822551847,2024-05-04T14:35:51.847,5.660,-0.598,0.223,0.814
1714822551857,2024-05-04T14:35:51.857,5.670,-0.617,0.202,0.715
1714822551867,2024-05-04T14:35:51.867,5.680,-0.630,0.245,0.680
1714822551877,2024-05-04T14:35:51.877,5.690,-0.615,0.274,0.718
1714822551887,2024-05-04T14:35:51.887,5.700,-0.599,0.272,0.775
1714822551897,2024-05-04T14:35:51.897,5.710,-0.622,0.271,0.836
1714822551907,2024-05-04T14:35:51.907,5.720,-0.587,0.268,0.941
1714822551917,2024-05-04T14:35:51.917,5.730,-0.457,0.256,1.033
1714822551927,2024-05-04T14:35:51.927,5.740,-0.323,0.221,1.036
1714822551937,2024-05-04T14:35:51.937,5.750,-0.236,0.209,0.986
1714822551947,2024-05-04T14:35:51.947,5.760,-0.203,0.227,0.923
1714822551957,2024-05-04T14:35:51.957,5.770,-0.241,0.249,0.882
1714822551967,2024-05-04T14:35:51.967,5.780,-0.292,0.266,0.860
1714822551977,2024-05-04T14:35:51.977,5.790,-0.308,0.274,0.883
1714822551987,2024-05-04T14:35:51.987,5.800,-0.294,0.275,0.929
1714822551997,2024-05-04T14:35:51.997,5.810,-0.270,0.266,0.964
1714822552007,2024-05-04T14:35:52.007,5.820,-0.274,0.262,0.967
1714822552017,2024-05-04T14:35:52.017,5.830,-0.276,0.269,0.950
1714822552027,2024-05-04T14:35:52.027,5.840,-0.287,0.267,0.919
1714822552037,2024-05-04T14:35:52.037,5.850,-0.335,0.241,0.868
1714822552047,2024-05-04T14:35:52.047,5.860,-0.359,0.235,0.837
1714822552057,2024-05-04T14:35:52.057,5.870,-0.315,0.245,0.854
1714822552067,2024-05-04T14:35:52.067,5.880,-0.253,0.239,0.895
1714822552077,2024-05-04T14:35:52.077,5.890,-0.223,0.226,0.942
1714822552087,2024-05-04T14:35:52.087,5.900,-0.189,0.229,0.979
1714822552097,2024-05-04T14:35:52.097,5.910,-0.131,0.243,0.995
1714822552107,2024-05-04T14:35:52.107,5.920,-0.074,0.249,0.994
1714822552117,2024-05-04T14:35:52.117,5.930,-0.059,0.248,0.972
1714822552127,2024-05-04T14:35:52.127,5.940,-0.095,0.247,0.921
1714822552137,2024-05-04T14:35:52.137,5.950,-0.175,0.248,0.873
1714822552147,2024-05-04T14:35:52.147,5.960,-0.231,0.251,0.861
1714822552157,2024-05-04T14:35:52.157,5.970,-0.185,0.254,0.889
1714822552167,2024-05-04T14:35:52.167,5.980,-0.076,0.249,0.927
1714822552177,2024-05-04T14:35:52.177,5.990,0.008,0.236,0.948
1714822552187,2024-05-04T14:35:52.187,6.000,0.044,0.237,0.947
1714822552197,2024-05-04T14:35:52.197,6.010,0.051,0.246,0.952
1714822552207,2024-05-04T14:35:52.207,6.020,0.053,0.252,0.943
1714822552217,2024-05-04T14:35:52.217,6.030,0.068,0.236,0.929
1714822552227,2024-05-04T14:35:52.227,6.040,0.063,0.217,0.927
1714822552237,2024-05-04T14:35:52.237,6.050,0.021,0.210,0.935
1714822552247,2024-05-04T14:35:52.247,6.060,0.026,0.205,0.967
1714822552257,2024-05-04T14:35:52.257,6.070,0.062,0.212,0.979
1714822552267,2024-05-04T14:35:52.267,6.080,0.063,0.214,0.979
1714822552277,2024-05-04T14:35:52.277,6.090,0.069,0.221,0.981
1714822552287,2024-05-04T14:35:52.287,6.100,0.105,0.230,0.954
1714822552297,2024-05-04T14:35:52.297,6.110,0.138,0.230,0.917
1714822552307,2024-05-04T14:35:52.307,6.120,0.141,0.219,0.925
1714822552317,2024-05-04T14:35:52.317,6.130,0.121,0.209,0.967
1714822552327,2024-05-04T14:35:52.327,6.140,0.116,0.197,1.010
1714822552337,2024-05-04T14:35:52.337,6.150,0.145,0.194,1.032
1714822552347,2024-05-04T14:35:52.347,6.160,0.174,0.205,1.036
1714822552357,2024-05-04T14:35:52.357,6.170,0.128,0.211,1.017
1714822552367,2024-05-04T14:35:52.367,6.180,0.056,0.205,0.998
1714822552377,2024-05-04T14:35:52.377,6.190,0.038,0.192,0.994
1714822552387,2024-05-04T14:35:52.387,6.200,0.054,0.185,0.982
1714822552397,2024-05-04T14:35:52.397,6.210,0.057,0.187,0.977
1714822552407,2024-05-04T14:35:52.407,6.220,0.063,0.203,0.987
1714822552417,2024-05-04T14:35:52.417,6.230,0.100,0.212,1.002
1714822552427,2024-05-04T14:35:52.427,6.240,0.139,0.208,1.017
1714822552437,2024-05-04T14:35:52.437,6.250,0.153,0.197,1.025
1714822552447,2024-05-04T14:35:52.447,6.260,0.147,0.187,1.018
1714822552457,2024-05-04T14:35:52.457,6.270,0.133,0.176,0.993
1714822552467,2024-05-04T14:35:52.467,6.280,0.106,0.177,0.978
1714822552477,2024-05-04T14:35:52.477,6.290,0.083,0.194,0.980
1714822552487,2024-05-04T14:35:52.487,6.300,0.070,0.216,0.999
1714822552497,2024-05-04T14:35:52.497,6.310,0.055,0.219,1.010
1714822552507,2024-05-04T14:35:52.507,6.320,0.043,0.208,1.021
1714822552517,2024-05-04T14:35:52.517,6.330,0.051,0.190,1.035
1714822552527,2024-05-04T14:35:52.527,6.340,0.076,0.184,1.036
1714822552537,2024-05-04T14:35:52.537,6.350,0.090,0.184,1.035
1714822552547,2024-05-04T14:35:52.547,6.360,0.097,0.190,1.026
1714822552557,2024-05-04T14:35:52.557,6.370,0.096,0.196,1.008
1714822552567,2024-05-04T14:35:52.567,6.380,0.091,0.205,0.999
1714822552577,2024-05-04T14:35:52.577,6.390,0.102,0.218,0.996
1714822552587,2024-05-04T14:35:52.587,6.400,0.106,0.196,1.017
1714822552597,2024-05-04T14:35:52.597,6.410,0.081,0.165,1.051
1714822552607,2024-05-04T14:35:52.607,6.420,0.087,0.160,1.080
1714822552617,2024-05-04T14:35:52.617,6.430,0.125,0.174,1.078
1714822552627,2024-05-04T14:35:52.627,6.440,0.167,0.168,1.057
1714822552637,2024-05-04T14:35:52.637,6.450,0.152,0.156,1.006
1714822552647,2024-05-04T14:35:52.647,6.460,0.054,0.173,0.947
1714822552657,2024-05-04T14:35:52.657,6.470,-0.060,0.192,0.933
1714822552667,2024-05-04T14:35:52.667,6.480,-0.130,0.191,0.946
1714822552677,2024-05-04T14:35:52.677,6.490,-0.174,0.176,0.959
1714822552687,2024-05-04T14:35:52.687,6.500,-0.238,0.155,0.979
1714822552697,2024-05-04T14:35:52.697,6.510,-0.281,0.128,0.993
1714822552707,2024-05-04T14:35:52.707,6.520,-0.278,0.098,0.972
1714822552717,2024-05-04T14:35:52.717,6.530,-0.229,0.122,0.949
1714822552727,2024-05-04T14:35:52.727,6.540,-0.132,0.188,0.966
1714822552737,2024-05-04T14:35:52.737,6.550,-0.094,0.265,0.996
1714822552747,2024-05-04T14:35:52.747,6.560,-0.156,0.290,1.028
1714822552757,2024-05-04T14:35:52.757,6.570,-0.229,0.243,1.083
1714822552767,2024-05-04T14:35:52.767,6.580,-0.189,0.183,1.135
1714822552777,2024-05-04T14:35:52.777,6.590,-0.092,0.128,1.129
1714822552787,2024-05-04T14:35:52.787,6.600,-0.051,0.110,1.050
1714822552797,2024-05-04T14:35:52.797,6.610,-0.110,0.174,0.900
1714822552807,2024-05-04T14:35:52.807,6.620,-0.256,0.277,0.771
1714822552817,2024-05-04T14:35:52.817,6.630,-0.453,0.339,0.750
1714822552827,2024-05-04T14:35:52.827,6.640,-0.595,0.323,0.828
1714822552837,2024-05-04T14:35:52.837,6.650,-0.758,0.268,0.903
1714822552847,2024-05-04T14:35:52.847,6.660,-0.824,0.220,0.960
1714822552857,2024-05-04T14:35:52.857,6.670,-0.605,0.242,0.774
1714822552867,2024-05-04T14:35:52.867,6.680,-0.190,0.266,0.687
1714822552877,2024-05-04T14:35:52.877,6.690,-0.222,0.314,0.448
1714822552887,2024-05-04T14:35:52.887,6.700,-0.819,0.346,0.086
1714822552897,2024-05-04T14:35:52.897,6.710,-1.276,0.392,-0.097
1714822552907,2024-05-04T14:35:52.907,6.720,-1.481,0.447,-0.155
1714822552917,2024-05-04T14:35:52.917,6.730,-1.501,0.479,-0.092
1714822552927,2024-05-04T14:35:52.927,6.740,-1.328,0.507,0.127
1714822552937,2024-05-04T14:35:52.937,6.750,-0.983,0.491,0.332
1714822552947,2024-05-04T14:35:52.947,6.760,-0.678,0.403,0.479
1714822552957,2024-05-04T14:35:52.957,6.770,-0.536,0.313,0.672
1714822552967,2024-05-04T14:35:52.967,6.780,-0.471,0.304,0.816
1714822552977,2024-05-04T14:35:52.977,6.790,-0.571,0.339,0.819
1714822552987,2024-05-04T14:35:52.987,6.800,-0.805,0.297,0.717
1714822552997,2024-05-04T14:35:52.997,6.810,-1.045,0.274,0.545
1714822553007,2024-05-04T14:35:53.007,6.820,-1.165,0.335,0.378
1714822553017,2024-05-04T14:35:53.017,6.830,-1.166,0.389,0.275
1714822553027,2024-05-04T14:35:53.027,6.840,-1.092,0.374,0.210
1714822553037,2024-05-04T14:35:53.037,6.850,-1.007,0.374,0.167
1714822553047,2024-05-04T14:35:53.047,6.860,-0.950,0.388,0.174
1714822553057,2024-05-04T14:35:53.057,6.870,-0.909,0.354,0.213
1714822553067,2024-05-04T14:35:53.067,6.880,-0.874,0.336,0.288
1714822553077,2024-05-04T14:35:53.077,6.890,-0.858,0.326,0.332
1714822553087,2024-05-04T14:35:53.087,6.900,-0.869,0.323,0.343
1714822553097,2024-05-04T14:35:53.097,6.910,-0.863,0.336,0.304
1714822553107,2024-05-04T14:35:53.107,6.920,-0.858,0.347,0.247
1714822553117,2024-05-04T14:35:53.117,6.930,-0.859,0.384,0.201
1714822553127,2024-05-04T14:35:53.127,6.940,-0.855,0.412,0.173
1714822553137,2024-05-04T14:35:53.137,6.950,-0.855,0.391,0.219
1714822553147,2024-05-04T14:35:53.147,6.960,-0.834,0.366,0.347
1714822553157,2024-05-04T14:35:53.157,6.970,-0.791,0.360,0.497
1714822553167,2024-05-04T14:35:53.167,6.980,-0.748,0.346,0.625
1714822553177,2024-05-04T14:35:53.177,6.990,-0.710,0.344,0.709
1714822553187,2024-05-04T14:35:53.187,7.000,-0.708,0.359,0.678
1714822553197,2024-05-04T14:35:53.197,7.010,-0.723,0.375,0.594
1714822553207,2024-05-04T14:35:53.207,7.020,-0.724,0.415,0.466
1714822553217,2024-05-04T14:35:53.217,7.030,-0.771,0.419,0.366
1714822553227,2024-05-04T14:35:53.227,7.040,-0.842,0.390,0.321
1714822553237,2024-05-04T14:35:53.237,7.050,-0.850,0.351,0.387
1714822553247,2024-05-04T14:35:53.247,7.060,-0.800,0.322,0.537
1714822553257,2024-05-04T14:35:53.257,7.070,-0.720,0.292,0.703
1714822553267,2024-05-04T14:35:53.267,7.080,-0.644,0.272,0.806
1714822553277,2024-05-04T14:35:53.277,7.090,-0.625,0.285,0.826
1714822553287,2024-05-04T14:35:53.287,7.100,-0.656,0.317,0.805
1714822553297,2024-05-04T14:35:53.297,7.110,-0.671,0.342,0.738
1714822553307,2024-05-04T14:35:53.307,7.120,-0.667,0.340,0.666
1714822553317,2024-05-04T14:35:53.317,7.130,-0.681,0.330,0.612
1714822553327,2024-05-04T14:35:53.327,7.140,-0.684,0.317,0.595
1714822553337,2024-05-04T14:35:53.337,7.150,-0.627,0.269,0.699
1714822553347,2024-05-04T14:35:53.347,7.160,-0.536,0.219,0.850
1714822553357,2024-05-04T14:35:53.357,7.170,-0.470,0.193,0.959
1714822553367,2024-05-04T14:35:53.367,7.180,-0.472,0.195,0.989
1714822553377,2024-05-04T14:35:53.377,7.190,-0.519,0.235,0.944
1714822553387,2024-05-04T14:35:53.387,7.200,-0.515,0.275,0.867
1714822553397,2024-05-04T14:35:53.397,7.210,-0.415,0.305,0.777
1714822553407,2024-05-04T14:35:53.407,7.220,-0.319,0.316,0.707
1714822553417,2024-05-04T14:35:53.417,7.230,-0.316,0.297,0.691
1714822553427,2024-05-04T14:35:53.427,7.240,-0.403,0.254,0.728
1714822553437,2024-05-04T14:35:53.437,7.250,-0.464,0.202,0.847
1714822553447,2024-05-04T14:35:53.447,7.260,-0.409,0.178,0.972
1714822553457,2024-05-04T14:35:53.457,7.270,-0.314,0.176,1.033
1714822553467,2024-05-04T14:35:53.467,7.280,-0.245,0.183,1.035
1714822553477,2024-05-04T14:35:53.477,7.290,-0.202,0.208,1.002
1714822553487,2024-05-04T14:35:53.487,7.300,-0.172,0.248,0.979
1714822553497,2024-05-04T14:35:53.497,7.310,-0.125,0.271,0.987
1714822553507,2024-05-04T14:35:53.507,7.320,-0.052,0.261,1.014
1714822553517,2024-05-04T14:35:53.517,7.330,-0.021,0.226,1.038
1714822553527,2024-05-04T14:35:53.527,7.340,-0.049,0.194,1.034
1714822553537,2024-05-04T14:35:53.537,7.350,-0.124,0.193,0.986
1714822553547,2024-05-04T14:35:53.547,7.360,-0.167,0.210,0.938
1714822553557,2024-05-04T14:35:53.557,7.370,-0.154,0.253,0.939
1714822553567,2024-05-04T14:35:53.567,7.380,-0.106,0.288,0.962
1714822553577,2024-05-04T14:35:53.577,7.390,-0.071,0.273,0.998
1714822553587,2024-05-04T14:35:53.587,7.400,-0.057,0.228,1.040
1714822553597,2024-05-04T14:35:53.597,7.410,-0.013,0.190,1.076
1714822553607,2024-05-04T14:35:53.607,7.420,0.054,0.180,1.097
1714822553617,2024-05-04T14:35:53.617,7.430,0.054,0.189,1.068
1714822553627,2024-05-04T14:35:53.627,7.440,-0.045,0.209,1.006
1714822553637,2024-05-04T14:35:53.637,7.450,-0.102,0.225,0.962
1714822553647,2024-05-04T14:35:53.647,7.460,-0.039,0.237,0.966
1714822553657,2024-05-04T14:35:53.657,7.470,0.056,0.235,0.984
1714822553667,2024-05-04T14:35:53.667,7.480,0.115,0.220,1.006
1714822553677,2024-05-04T14:35:53.677,7.490,0.147,0.207,1.030
1714822553687,2024-05-04T14:35:53.687,7.500,0.170,0.191,1.031
1714822553697,2024-05-04T14:35:53.697,7.510,0.151,0.193,1.008
1714822553707,2024-05-04T14:35:53.707,7.520,0.111,0.223,0.989
1714822553717,2024-05-04T14:35:53.717,7.530,0.088,0.245,0.986
1714822553727,2024-05-04T14:35:53.727,7.540,0.049,0.223,0.975
1714822553737,2024-05-04T14:35:53.737,7.550,-0.016,0.183,0.958
1714822553747,2024-05-04T14:35:53.747,7.560,-0.013,0.167,0.966
1714822553757,2024-05-04T14:35:53.757,7.570,0.098,0.184,0.990
1714822553767,2024-05-04T14:35:53.767,7.580,0.225,0.200,1.009
1714822553777,2024-05-04T14:35:53.777,7.590,0.283,0.219,1.021
1714822553787,2024-05-04T14:35:53.787,7.600,0.267,0.223,1.013
1714822553797,2024-05-04T14:35:53.797,7.610,0.235,0.208,1.013
1714822553807,2024-05-04T14:35:53.807,7.620,0.216,0.191,1.005
1714822553817,2024-05-04T14:35:53.817,7.630,0.190,0.188,0.988
1714822553827,2024-05-04T14:35:53.827,7.640,0.139,0.180,0.969
1714822553837,2024-05-04T14:35:53.837,7.650,0.086,0.176,0.946
1714822553847,2024-05-04T14:35:53.847,7.660,0.073,0.180,0.934
1714822553857,2024-05-04T14:35:53.857,7.670,0.080,0.192,0.934
1714822553867,2024-05-04T14:35:53.867,7.680,0.093,0.201,0.944
1714822553877,2024-05-04T14:35:53.877,7.690,0.127,0.205,0.942
1714822553887,2024-05-04T14:35:53.887,7.700,0.176,0.200,0.945
1714822553897,2024-05-04T14:35:53.897,7.710,0.201,0.187,0.951
1714822553907,2024-05-04T14:35:53.907,7.720,0.211,0.183,0.943
1714822553917,2024-05-04T14:35:53.917,7.730,0.193,0.196,0.947
1714822553927,2024-05-04T14:35:53.927,7.740,0.167,0.207,0.955
1714822553937,2024-05-04T14:35:53.937,7.750,0.149,0.208,0.958
1714822553947,2024-05-04T14:35:53.947,7.760,0.125,0.200,0.967
1714822553957,2024-05-04T14:35:53.957,7.770,0.133,0.194,0.983
1714822553967,2024-05-04T14:35:53.967,7.780,0.161,0.191,0.986
1714822553977,2024-05-04T14:35:53.977,7.790,0.183,0.201,0.987
1714822553987,2024-05-04T14:35:53.987,7.800,0.197,0.212,0.989
1714822553997,2024-05-04T14:35:53.997,7.810,0.191,0.215,0.993
1714822554007,2024-05-04T14:35:54.007,7.820,0.173,0.212,0.990
1714822554017,2024-05-04T14:35:54.017,7.830,0.165,0.210,0.986
1714822554027,2024-05-04T14:35:54.027,7.840,0.168,0.205,0.990
1714822554037,2024-05-04T14:35:54.037,7.850,0.179,0.194,1.004
1714822554047,2024-05-04T14:35:54.047,7.860,0.185,0.179,1.016
1714822554057,2024-05-04T14:35:54.057,7.870,0.170,0.169,1.018
1714822554067,2024-05-04T14:35:54.067,7.880,0.147,0.178,1.015
1714822554077,2024-05-04T14:35:54.077,7.890,0.136,0.184,1.013
1714822554087,2024-05-04T14:35:54.087,7.900,0.143,0.182,1.007
1714822554097,2024-05-04T14:35:54.097,7.910,0.188,0.183,1.010
1714822554107,2024-05-04T14:35:54.107,7.920,0.217,0.174,1.002
1714822554117,2024-05-04T14:35:54.117,7.930,0.226,0.169,0.989
1714822554127,2024-05-04T14:35:54.127,7.940,0.277,0.168,1.010
1714822554137,2024-05-04T14:35:54.137,7.950,0.337,0.178,1.003
1714822554147,2024-05-04T14:35:54.147,7.960,0.397,0.182,1.011
1714822554157,2024-05-04T14:35:54.157,7.970,0.456,0.156,1.028
1714822554167,2024-05-04T14:35:54.167,7.980,0.387,0.092,0.997
1714822554177,2024-05-04T14:35:54.177,7.990,0.190,0.060,0.908
1714822554187,2024-05-04T14:35:54.187,8.000,0.002,0.074,0.866
1714822554197,2024-05-04T14:35:54.197,8.010,-0.097,0.107,0.876
1714822554207,2024-05-04T14:35:54.207,8.020,-0.140,0.151,0.914
1714822554217,2024-05-04T14:35:54.217,8.030,-0.158,0.178,0.971
1714822554227,2024-05-04T14:35:54.227,8.040,-0.123,0.192,1.005
1714822554237,2024-05-04T14:35:54.237,8.050,-0.119,0.190,1.028
1714822554247,2024-05-04T14:35:54.247,8.060,-0.126,0.164,1.071
1714822554257,2024-05-04T14:35:54.257,8.070,-0.056,0.126,1.103
1714822554267,2024-05-04T14:35:54.267,8.080,0.043,0.145,1.104
1714822554277,2024-05-04T14:35:54.277,8.090,0.041,0.193,1.038
1714822554287,2024-05-04T14:35:54.287,8.100,-0.039,0.220,0.962
1714822554297,2024-05-04T14:35:54.297,8.110,-0.164,0.236,0.907
1714822554307,2024-05-04T14:35:54.307,8.120,-0.483,0.180,0.875
1714822554317,2024-05-04T14:35:54.317,8.130,-0.953,0.034,0.820
1714822554327,2024-05-04T14:35:54.327,8.140,-1.025,0.019,0.625
1714822554337,2024-05-04T14:35:54.337,8.150,-0.484,0.044,0.862
1714822554347,2024-05-04T14:35:54.347,8.160,-1.108,0.262,0.582
1714822554357,2024-05-04T14:35:54.357,8.170,-1.542,0.350,0.488
1714822554367,2024-05-04T14:35:54.367,8.180,-1.362,0.379,0.475
1714822554377,2024-05-04T14:35:54.377,8.190,-0.737,0.492,0.496
1714822554387,2024-05-04T14:35:54.387,8.200,-0.187,0.558,0.526
1714822554397,2024-05-04T14:35:54.397,8.210,-0.116,0.401,0.679
1714822554407,2024-05-04T14:35:54.407,8.220,-0.478,0.174,0.710
1714822554417,2024-05-04T14:35:54.417,8.230,-1.134,0.037,0.869
1714822554427,2024-05-04T14:35:54.427,8.240,-0.927,0.148,0.994
1714822554437,2024-05-04T14:35:54.437,8.250,-0.652,0.191,0.948
1714822554447,2024-05-04T14:35:54.447,8.260,-0.801,0.124,0.771
1714822554457,2024-05-04T14:35:54.457,8.270,-1.013,0.126,0.586
1714822554467,2024-05-04T14:35:54.467,8.280,-1.185,0.150,0.380
1714822554477,2024-05-04T14:35:54.477,8.290,-1.299,0.187,0.205
1714822554487,2024-05-04T14:35:54.487,8.300,-1.318,0.204,0.108
1714822554497,2024-05-04T14:35:54.497,8.310,-1.241,0.201,0.119
1714822554507,2024-05-04T14:35:54.507,8.320,-1.174,0.195,0.196
1714822554517,2024-05-04T14:35:54.517,8.330,-1.143,0.201,0.273
1714822554527,2024-05-04T14:35:54.527,8.340,-1.083,0.212,0.365
1714822554537,2024-05-04T14:35:54.537,8.350,-1.007,0.237,0.449
1714822554547,2024-05-04T14:35:54.547,8.360,-0.928,0.269,0.390
1714822554557,2024-05-04T14:35:54.557,8.370,-0.822,0.261,0.326
1714822554567,2024-05-04T14:35:54.567,8.380,-0.811,0.266,0.336
1714822554577,2024-05-04T14:35:54.577,8.390,-0.840,0.302,0.401
1714822554587,2024-05-04T14:35:54.587,8.400,-0.820,0.316,0.488
1714822554597,2024-05-04T14:35:54.597,8.410,-0.746,0.295,0.572
1714822554607,2024-05-04T14:35:54.607,8.420,-0.696,0.296,0.609
1714822554617,2024-05-04T14:35:54.617,8.430,-0.708,0.338,0.606
1714822554627,2024-05-04T14:35:54.627,8.440,-0.711,0.402,0.545
1714822554637,2024-05-04T14:35:54.637,8.450,-0.663,0.408,0.484
1714822554647,2024-05-04T14:35:54.647,8.460,-0.612,0.358,0.528
1714822554657,2024-05-04T14:35:54.657,8.470,-0.611,0.310,0.639
1714822554667,2024-05-04T14:35:54.667,8.480,-0.584,0.289,0.771
1714822554677,2024-05-04T14:35:54.677,8.490,-0.520,0.293,0.860
1714822554687,2024-05-04T14:35:54.687,8.500,-0.513,0.304,0.884
1714822554697,2024-05-04T14:35:54.697,8.510,-0.558,0.312,0.850
1714822554707,2024-05-04T14:35:54.707,8.520,-0.601,0.342,0.745
1714822554717,2024-05-04T14:35:54.717,8.530,-0.599,0.362,0.629
1714822554727,2024-05-04T14:35:54.727,8.540,-0.589,0.313,0.605
1714822554737,2024-05-04T14:35:54.737,8.550,-0.608,0.266,0.626
1714822554747,2024-05-04T14:35:54.747,8.560,-0.573,0.271,0.672
1714822554757,2024-05-04T14:35:54.757,8.570,-0.456,0.305,0.776
1714822554767,2024-05-04T14:35:54.767,8.580,-0.354,0.302,0.865
1714822554777,2024-05-04T14:35:54.777,8.590,-0.367,0.272,0.912
1714822554787,2024-05-04T14:35:54.787,8.600,-0.409,0.271,0.925
1714822554797,2024-05-04T14:35:54.797,8.610,-0.410,0.287,0.922
1714822554807,2024-05-04T14:35:54.807,8.620,-0.406,0.290,0.906
1714822554817,2024-05-04T14:35:54.817,8.630,-0.438,0.277,0.873
1714822554827,2024-05-04T14:35:54.827,8.640,-0.454,0.257,0.861
1714822554837,2024-05-04T14:35:54.837,8.650,-0.360,0.232,0.933
1714822554847,2024-05-04T14:35:54.847,8.660,-0.217,0.210,1.000
1714822554857,2024-05-04T14:35:54.857,8.670,-0.167,0.213,1.026
1714822554867,2024-05-04T14:35:54.867,8.680,-0.203,0.251,1.027
1714822554877,2024-05-04T14:35:54.877,8.690,-0.268,0.280,0.999
1714822554887,2024-05-04T14:35:54.887,8.700,-0.287,0.268,0.939
1714822554897,2024-05-04T14:35:54.897,8.710,-0.263,0.242,0.883
1714822554907,2024-05-04T14:35:54.907,8.720,-0.183,0.229,0.885
1714822554917,2024-05-04T14:35:54.917,8.730,-0.043,0.237,0.950
1714822554927,2024-05-04T14:35:54.927,8.740,0.042,0.250,1.007
1714822554937,2024-05-04T14:35:54.937,8.750,-0.008,0.245,1.015
1714822554947,2024-05-04T14:35:54.947,8.760,-0.085,0.243,0.998
1714822554957,2024-05-04T14:35:54.957,8.770,-0.069,0.257,0.981
1714822554967,2024-05-04T14:35:54.967,8.780,0.006,0.271,0.987
1714822554977,2024-05-04T14:35:54.977,8.790,0.042,0.270,0.984
1714822554987,2024-05-04T14:35:54.987,8.800,-0.011,0.265,0.976
1714822554997,2024-05-04T14:35:54.997,8.810,-0.011,0.261,0.978
1714822555007,2024-05-04T14:35:55.007,8.820,0.071,0.259,0.991
1714822555017,2024-05-04T14:35:55.017,8.830,0.116,0.238,1.019
1714822555027,2024-05-04T14:35:55.027,8.840,0.111,0.222,1.019
1714822555037,2024-05-04T14:35:55.037,8.850,0.086,0.223,1.004
1714822555047,2024-05-04T14:35:55.047,8.860,0.089,0.235,0.988
1714822555057,2024-05-04T14:35:55.057,8.870,0.075,0.252,0.968
1714822555067,2024-05-04T14:35:55.067,8.880,0.017,0.263,0.941
1714822555077,2024-05-04T14:35:55.077,8.890,0.002,0.265,0.941
1714822555087,2024-05-04T14:35:55.087,8.900,0.045,0.247,0.972
1714822555097,2024-05-04T14:35:55.097,8.910,0.087,0.220,1.010
1714822555107,2024-05-04T14:35:55.107,8.920,0.122,0.214,1.010
1714822555117,2024-05-04T14:35:55.117,8.930,0.155,0.226,0.982
1714822555127,2024-05-04T14:35:55.127,8.940,0.169,0.239,0.948
1714822555137,2024-05-04T14:35:55.137,8.950,0.152,0.250,0.910
1714822555147,2024-05-04T14:35:55.147,8.960,0.098,0.248,0.907
1714822555157,2024-05-04T14:35:55.157,8.970,0.033,0.232,0.940
1714822555167,2024-05-04T14:35:55.167,8.980,-0.007,0.208,0.968
1714822555177,2024-05-04T14:35:55.177,8.990,0.039,0.200,0.997
1714822555187,2024-05-04T14:35:55.187,9.000,0.115,0.198,1.014
1714822555197,2024-05-04T14:35:55.197,9.010,0.168,0.199,1.001
1714822555207,2024-05-04T14:35:55.207,9.020,0.181,0.227,0.980
1714822555217,2024-05-04T14:35:55.217,9.030,0.137,0.256,0.967
1714822555227,2024-05-04T14:35:55.227,9.040,0.089,0.254,0.962
1714822555237,2024-05-04T14:35:55.237,9.050,0.053,0.225,0.972
1714822555247,2024-05-04T14:35:55.247,9.060,0.043,0.201,0.993
1714822555257,2024-05-04T14:35:55.257,9.070,0.059,0.189,1.020
1714822555267,2024-05-04T14:35:55.267,9.080,0.074,0.186,1.008
1714822555277,2024-05-04T14:35:55.277,9.090,0.093,0.208,0.983
1714822555287,2024-05-04T14:35:55.287,9.100,0.094,0.239,0.984
1714822555297,2024-05-04T14:35:55.297,9.110,0.083,0.233,0.991
1714822555307,2024-05-04T14:35:55.307,9.120,0.071,0.213,0.991
1714822555317,2024-05-04T14:35:55.317,9.130,0.079,0.210,0.999
1714822555327,2024-05-04T14:35:55.327,9.140,0.099,0.209,1.000
1714822555337,2024-05-04T14:35:55.337,9.150,0.116,0.206,0.998
1714822555347,2024-05-04T14:35:55.347,9.160,0.144,0.206,0.991
1714822555357,2024-05-04T14:35:55.357,9.170,0.151,0.214,0.979
1714822555367,2024-05-04T14:35:55.367,9.180,0.117,0.226,0.969
1714822555377,2024-05-04T14:35:55.377,9.190,0.050,0.233,0.952
1714822555387,2024-05-04T14:35:55.387,9.200,0.007,0.228,0.963
1714822555397,2024-05-04T14:35:55.397,9.210,0.055,0.222,0.975
1714822555407,2024-05-04T14:35:55.407,9.220,0.139,0.211,0.989
1714822555417,2024-05-04T14:35:55.417,9.230,0.201,0.208,0.999
1714822555427,2024-05-04T14:35:55.427,9.240,0.214,0.211,0.994
1714822555437,2024-05-04T14:35:55.437,9.250,0.190,0.218,0.978
1714822555447,2024-05-04T14:35:55.447,9.260,0.177,0.230,0.965
1714822555457,2024-05-04T14:35:55.457,9.270,0.162,0.236,0.957
1714822555467,2024-05-04T14:35:55.467,9.280,0.140,0.237,0.965
1714822555477,2024-05-04T14:35:55.477,9.290,0.114,0.219,0.978
1714822555487,2024-05-04T14:35:55.487,9.300,0.101,0.199,1.000
1714822555497,2024-05-04T14:35:55.497,9.310,0.115,0.189,1.020
1714822555507,2024-05-04T14:35:55.507,9.320,0.135,0.186,1.021
1714822555517,2024-05-04T14:35:55.517,9.330,0.134,0.191,1.006
1714822555527,2024-05-04T14:35:55.527,9.340,0.129,0.216,0.996
1714822555537,2024-05-04T14:35:55.537,9.350,0.133,0.227,0.997
1714822555547,2024-05-04T14:35:55.547,9.360,0.164,0.222,1.004
1714822555557,2024-05-04T14:35:55.557,9.370,0.220,0.210,1.017
1714822555567,2024-05-04T14:35:55.567,9.380,0.312,0.209,1.056
1714822555577,2024-05-04T14:35:55.577,9.390,0.431,0.204,1.089
1714822555587,2024-05-04T14:35:55.587,9.400,0.508,0.187,1.101
1714822555597,2024-05-04T14:35:55.597,9.410,0.507,0.168,1.084
1714822555607,2024-05-04T14:35:55.607,9.420,0.473,0.167,1.060
1714822555617,2024-05-04T14:35:55.617,9.430,0.408,0.194,0.997
1714822555627,2024-05-04T14:35:55.627,9.440,0.248,0.219,0.937
1714822555637,2024-05-04T14:35:55.637,9.450,0.091,0.230,0.934
1714822555647,2024-05-04T14:35:55.647,9.460,0.056,0.228,0.949
1714822555657,2024-05-04T14:35:55.657,9.470,0.119,0.210,0.957
1714822555667,2024-05-04T14:35:55.667,9.480,0.133,0.181,0.945
1714822555677,2024-05-04T14:35:55.677,9.490,-0.003,0.147,0.866
1714822555687,2024-05-04T14:35:55.687,9.500,-0.215,0.127,0.799
1714822555697,2024-05-04T14:35:55.697,9.510,-0.297,0.181,0.774
1714822555707,2024-05-04T14:35:55.707,9.520,-0.295,0.265,0.569
1714822555717,2024-05-04T14:35:55.717,9.530,-0.070,0.125,1.060
1714822555727,2024-05-04T14:35:55.727,9.540,-0.801,0.145,0.910
1714822555737,2024-05-04T14:35:55.737,9.550,-1.067,0.084,0.740
1714822555747,2024-05-04T14:35:55.747,9.560,-0.665,0.024,0.612
1714822555757,2024-05-04T14:35:55.757,9.570,-0.317,0.083,0.375
1714822555767,2024-05-04T14:35:55.767,9.580,-0.458,0.212,0.181
1714822555777,2024-05-04T14:35:55.777,9.590,-0.905,0.282,0.172
1714822555787,2024-05-04T14:35:55.787,9.600,-1.229,0.236,0.223
1714822555797,2024-05-04T14:35:55.797,9.610,-1.263,0.169,0.215
1714822555807,2024-05-04T14:35:55.807,9.620,-1.187,0.205,0.159
1714822555817,2024-05-04T14:35:55.817,9.630,-1.239,0.228,0.172
1714822555827,2024-05-04T14:35:55.827,9.640,-1.209,0.106,0.247
1714822555837,2024-05-04T14:35:55.837,9.650,-0.919,0.004,0.273
1714822555847,2024-05-04T14:35:55.847,9.660,-0.778,-0.010,0.093
1714822555857,2024-05-04T14:35:55.857,9.670,-0.921,0.006,-0.229
1714822555867,2024-05-04T14:35:55.867,9.680,-1.166,0.077,-0.601
1714822555877,2024-05-04T14:35:55.877,9.690,-1.376,0.155,-0.742
1714822555887,2024-05-04T14:35:55.887,9.700,-1.357,0.095,-0.698
1714822555897,2024-05-04T14:35:55.897,9.710,-1.241,-0.017,-0.647
1714822555907,2024-05-04T14:35:55.907,9.720,-1.213,-0.051,-0.658
1714822555917,2024-05-04T14:35:55.917,9.730,-1.214,-0.031,-0.693
1714822555927,2024-05-04T14:35:55.927,9.740,-1.169,0.017,-0.678
1714822555937,2024-05-04T14:35:55.937,9.750,-1.124,0.071,-0.610
1714822555947,2024-05-04T14:35:55.947,9.760,-1.101,0.094,-0.547
1714822555957,2024-05-04T14:35:55.957,9.770,-1.066,0.098,-0.503
1714822555967,2024-05-04T14:35:55.967,9.780,-1.090,0.125,-0.441
1714822555977,2024-05-04T14:35:55.977,9.790,-1.136,0.171,-0.337
1714822555987,2024-05-04T14:35:55.987,9.800,-1.136,0.217,-0.212
1714822555997,2024-05-04T14:35:55.997,9.810,-1.106,0.231,-0.095
1714822556007,2024-05-04T14:35:56.007,9.820,-1.105,0.224,-0.020
1714822556017,2024-05-04T14:35:56.017,9.830,-1.111,0.229,0.015
1714822556027,2024-05-04T14:35:56.027,9.840,-1.030,0.212,0.004
1714822556037,2024-05-04T14:35:56.037,9.850,-0.982,0.182,-0.016
1714822556047,2024-05-04T14:35:56.047,9.860,-0.974,0.191,0.063
1714822556057,2024-05-04T14:35:56.057,9.870,-0.949,0.216,0.188
1714822556067,2024-05-04T14:35:56.067,9.880,-0.921,0.205,0.270
1714822556077,2024-05-04T14:35:56.077,9.890,-0.960,0.191,0.337
1714822556087,2024-05-04T14:35:56.087,9.900,-0.936,0.224,0.413
1714822556097,2024-05-04T14:35:56.097,9.910,-0.800,0.231,0.478
1714822556107,2024-05-04T14:35:56.107,9.920,-0.732,0.221,0.528
1714822556117,2024-05-04T14:35:56.117,9.930,-0.766,0.221,0.596
1714822556127,2024-05-04T14:35:56.127,9.940,-0.791,0.241,0.675
1714822556137,2024-05-04T14:35:56.137,9.950,-0.748,0.260,0.737
1714822556147,2024-05-04T14:35:56.147,9.960,-0.711,0.261,0.761
1714822556157,2024-05-04T14:35:56.157,9.970,-0.682,0.243,0.801
1714822556167,2024-05-04T14:35:56.167,9.980,-0.661,0.239,0.823
1714822556177,2024-05-04T14:35:56.177,9.990,-0.643,0.219,0.812
1714822556187,2024-05-04T14:35:56.187,10.000,-0.580,0.199,0.784
1714822556197,2024-05-04T14:35:56.197,10.010,-0.521,0.204,0.794
1714822556207,2024-05-04T14:35:56.207,10.020,-0.457,0.216,0.828
1714822556217,2024-05-04T14:35:56.217,10.030,-0.375,0.223,0.870
1714822556227,2024-05-04T14:35:56.227,10.040,-0.321,0.233,0.897
1714822556237,2024-05-04T14:35:56.237,10.050,-0.326,0.238,0.878
1714822556247,2024-05-04T14:35:56.247,10.060,-0.302,0.239,0.856
1714822556257,2024-05-04T14:35:56.257,10.070,-0.259,0.239,0.839
1714822556267,2024-05-04T14:35:56.267,10.080,-0.266,0.248,0.842
1714822556277,2024-05-04T14:35:56.277,10.090,-0.242,0.257,0.871
1714822556287,2024-05-04T14:35:56.287,10.100,-0.117,0.268,0.909
1714822556297,2024-05-04T14:35:56.297,10.110,0.013,0.286,0.941
1714822556307,2024-05-04T14:35:56.307,10.120,0.054,0.286,0.941
1714822556317,2024-05-04T14:35:56.317,10.130,0.005,0.274,0.918
1714822556327,2024-05-04T14:35:56.327,10.140,-0.099,0.266,0.913
1714822556337,2024-05-04T14:35:56.337,10.150,-0.180,0.252,0.910
1714822556347,2024-05-04T14:35:56.347,10.160,-0.196,0.230,0.919
1714822556357,2024-05-04T14:35:56.357,10.170,-0.142,0.223,0.939
1714822556367,2024-05-04T14:35:56.367,10.180,-0.044,0.230,0.953
1714822556377,2024-05-04T14:35:56.377,10.190,0.031,0.240,0.970
1714822556387,2024-05-04T14:35:56.387,10.200,0.049,0.254,0.970
1714822556397,2024-05-04T14:35:56.397,10.210,0.049,0.275,0.949
1714822556407,2024-05-04T14:35:56.407,10.220,0.026,0.284,0.934
1714822556417,2024-05-04T14:35:56.417,10.230,-0.024,0.255,0.934
1714822556427,2024-05-04T14:35:56.427,10.240,-0.079,0.218,0.935
1714822556437,2024-05-04T14:35:56.437,10.250,-0.048,0.207,0.964
1714822556447,2024-05-04T14:35:56.447,10.260,0.073,0.226,1.002
1714822556457,2024-05-04T14:35:56.457,10.270,0.134,0.242,1.016
1714822556467,2024-05-04T14:35:56.467,10.280,0.122,0.242,0.985
1714822556477,2024-05-04T14:35:56.477,10.290,0.081,0.241,0.945
1714822556487,2024-05-04T14:35:56.487,10.300,0.038,0.240,0.932
1714822556497,2024-05-04T14:35:56.497,10.310,-0.002,0.224,0.938
1714822556507,2024-05-04T14:35:56.507,10.320,0.027,0.210,0.964
1714822556517,2024-05-04T14:35:56.517,10.330,0.123,0.215,0.991
1714822556527,2024-05-04T14:35:56.527,10.340,0.180,0.218,0.999
1714822556537,2024-05-04T14:35:56.537,10.350,0.182,0.217,0.984
1714822556547,2024-05-04T14:35:56.547,10.360,0.172,0.225,0.963
1714822556557,2024-05-04T14:35:56.557,10.370,0.175,0.231,0.961
1714822556567,2024-05-04T14:35:56.567,10.380,0.172,0.234,0.970
1714822556577,2024-05-04T14:35:56.577,10.390,0.183,0.232,0.970
1714822556587,2024-05-04T14:35:56.587,10.400,0.188,0.230,0.961
1714822556597,2024-05-04T14:35:56.597,10.410,0.122,0.221,0.958
1714822556607,2024-05-04T14:35:56.607,10.420,0.040,0.209,0.957
1714822556617,2024-05-04T14:35:56.617,10.430,0.002,0.209,0.936
1714822556627,2024-05-04T14:35:56.627,10.440,-0.020,0.228,0.928
1714822556637,2024-05-04T14:35:56.637,10.450,0.005,0.245,0.940
1714822556647,2024-05-04T14:35:56.647,10.460,0.044,0.238,0.971
1714822556657,2024-05-04T14:35:56.657,10.470,0.096,0.213,0.993
1714822556667,2024-05-04T14:35:56.667,10.480,0.158,0.199,1.020
1714822556677,2024-05-04T14:35:56.677,10.490,0.173,0.199,1.030
1714822556687,2024-05-04T14:35:56.687,10.500,0.150,0.209,1.018
1714822556697,2024-05-04T14:35:56.697,10.510,0.129,0.230,1.004
1714822556707,2024-05-04T14:35:56.707,10.520,0.112,0.231,1.007
1714822556717,2024-05-04T14:35:56.717,10.530,0.073,0.216,1.004
1714822556727,2024-05-04T14:35:56.727,10.540,0.013,0.213,1.001
1714822556737,2024-05-04T14:35:56.737,10.550,0.022,0.224,1.006
1714822556747,2024-05-04T14:35:56.747,10.560,0.089,0.226,1.025
1714822556757,2024-05-04T14:35:56.757,10.570,0.139,0.218,1.031
1714822556767,2024-05-04T14:35:56.767,10.580,0.131,0.222,1.018
1714822556777,2024-05-04T14:35:56.777,10.590,0.102,0.230,1.009
1714822556787,2024-05-04T14:35:56.787,10.600,0.087,0.229,1.009
1714822556797,2024-05-04T14:35:56.797,10.610,0.091,0.221,1.005
1714822556807,2024-05-04T14:35:56.807,10.620,0.093,0.212,0.998
1714822556817,2024-05-04T14:35:56.817,10.630,0.094,0.211,1.008
1714822556827,2024-05-04T14:35:56.827,10.640,0.092,0.214,1.014
1714822556837,2024-05-04T14:35:56.837,10.650,0.072,0.223,1.006
1714822556847,2024-05-04T14:35:56.847,10.660,0.052,0.231,0.993
1714822556857,2024-05-04T14:35:56.857,10.670,0.043,0.232,0.991
1714822556867,2024-05-04T14:35:56.867,10.680,0.031,0.215,0.992
1714822556877,2024-05-04T14:35:56.877,10.690,0.031,0.201,1.000
1714822556887,2024-05-04T14:35:56.887,10.700,0.059,0.197,1.012
1714822556897,2024-05-04T14:35:56.897,10.710,0.101,0.201,1.009
1714822556907,2024-05-04T14:35:56.907,10.720,0.127,0.208,0.989
1714822556917,2024-05-04T14:35:56.917,10.730,0.126,0.208,0.982
1714822556927,2024-05-04T14:35:56.927,10.740,0.121,0.209,0.984
1714822556937,2024-05-04T14:35:56.937,10.750,0.142,0.202,0.994
1714822556947,2024-05-04T14:35:56.947,10.760,0.160,0.188,1.003
1714822556957,2024-05-04T14:35:56.957,10.770,0.174,0.185,1.009
1714822556967,2024-05-04T14:35:56.967,10.780,0.210,0.188,1.016
1714822556977,2024-05-04T14:35:56.977,10.790,0.268,0.196,1.036
1714822556987,2024-05-04T14:35:56.987,10.800,0.282,0.187,1.051
1714822556997,2024-05-04T14:35:56.997,10.810,0.261,0.178,1.047
1714822557007,2024-05-04T14:35:57.007,10.820,0.260,0.187,1.004
1714822557017,2024-05-04T14:35:57.017,10.830,0.283,0.194,0.970
1714822557027,2024-05-04T14:35:57.027,10.840,0.274,0.176,0.965
1714822557037,2024-05-04T14:35:57.037,10.850,0.188,0.149,0.941
1714822557047,2024-05-04T14:35:57.047,10.860,0.114,0.133,0.937
1714822557057,2024-05-04T14:35:57.057,10.870,0.159,0.126,0.911
1714822557067,2024-05-04T14:35:57.067,10.880,0.143,0.119,0.856
1714822557077,2024-05-04T14:35:57.077,10.890,-0.030,0.140,0.857
1714822557087,2024-05-04T14:35:57.087,10.900,-0.199,0.182,0.870
1714822557097,2024-05-04T14:35:57.097,10.910,-0.194,0.201,0.885
1714822557107,2024-05-04T14:35:57.107,10.920,-0.167,0.180,0.915
1714822557117,2024-05-04T14:35:57.117,10.930,-0.196,0.167,0.949
1714822557127,2024-05-04T14:35:57.127,10.940,-0.192,0.204,1.019
1714822557137,2024-05-04T14:35:57.137,10.950,-0.128,0.239,1.086
1714822557147,2024-05-04T14:35:57.147,10.960,-0.084,0.221,1.081
1714822557157,2024-05-04T14:35:57.157,10.970,-0.111,0.223,1.064
1714822557167,2024-05-04T14:35:57.167,10.980,-0.119,0.243,1.037
1714822557177,2024-05-04T14:35:57.177,10.990,-0.019,0.263,0.979
1714822557187,2024-05-04T14:35:57.187,11.000,0.008,0.277,0.881
1714822557197,2024-05-04T14:35:57.197,11.010,-0.154,0.252,0.736
1714822557207,2024-05-04T14:35:57.207,11.020,-0.370,0.193,0.548
1714822557217,2024-05-04T14:35:57.217,11.030,-0.576,0.180,0.334
1714822557227,2024-05-04T14:35:57.227,11.040,-0.399,0.031,-0.017
1714822557237,2024-05-04T14:35:57.237,11.050,-0.559,0.078,0.223
1714822557247,2024-05-04T14:35:57.247,11.060,-1.725,0.253,-0.146
1714822557257,2024-05-04T14:35:57.257,11.070,-1.690,0.176,-0.091
1714822557267,2024-05-04T14:35:57.267,11.080,-1.447,0.015,-0.209
1714822557277,2024-05-04T14:35:57.277,11.090,-1.611,-0.027,-0.514
1714822557287,2024-05-04T14:35:57.287,11.100,-1.934,0.047,-0.711
1714822557297,2024-05-04T14:35:57.297,11.110,-2.083,0.218,-0.744
1714822557307,2024-05-04T14:35:57.307,11.120,-1.781,0.347,-0.495
1714822557317,2024-05-04T14:35:57.317,11.130,-1.238,0.178,-0.040
1714822557327,2024-05-04T14:35:57.327,11.140,-0.776,0.065,0.201
1714822557337,2024-05-04T14:35:57.337,11.150,-0.668,0.135,0.081
1714822557347,2024-05-04T14:35:57.347,11.160,-0.770,0.114,-0.195
1714822557357,2024-05-04T14:35:57.357,11.170,-0.932,0.186,-0.502
1714822557367,2024-05-04T14:35:57.367,11.180,-1.083,0.228,-0.633
1714822557377,2024-05-04T14:35:57.377,11.190,-1.151,0.141,-0.605
1714822557387,2024-05-04T14:35:57.387,11.200,-1.225,0.091,-0.514
1714822557397,2024-05-04T14:35:57.397,11.210,-1.269,0.081,-0.404
1714822557407,2024-05-04T14:35:57.407,11.220,-1.211,0.061,-0.316
1714822557417,2024-05-04T14:35:57.417,11.230,-1.151,0.069,-0.251
1714822557427,2024-05-04T14:35:57.427,11.240,-1.139,0.118,-0.159
1714822557437,2024-05-04T14:35:57.437,11.250,-1.127,0.163,-0.079
1714822557447,2024-05-04T14:35:57.447,11.260,-1.109,0.195,-0.040
1714822557457,2024-05-04T14:35:57.457,11.270,-1.076,0.240,-0.009
1714822557467,2024-05-04T14:35:57.467,11.280,-1.037,0.292,0.010
1714822557477,2024-05-04T14:35:57.477,11.290,-1.023,0.303,0.015
1714822557487,2024-05-04T14:35:57.487,11.300,-1.061,0.274,0.012
1714822557497,2024-05-04T14:35:57.497,11.310,-1.116,0.255,0.042
1714822557507,2024-05-04T14:35:57.507,11.320,-1.067,0.255,0.152
1714822557517,2024-05-04T14:35:57.517,11.330,-0.951,0.248,0.309
1714822557527,2024-05-04T14:35:57.527,11.340,-0.871,0.238,0.438
1714822557537,2024-05-04T14:35:57.537,11.350,-0.833,0.249,0.512
1714822557547,2024-05-04T14:35:57.547,11.360,-0.798,0.260,0.506
1714822557557,2024-05-04T14:35:57.557,11.370,-0.833,0.257,0.459
1714822557567,2024-05-04T14:35:57.567,11.380,-0.889,0.237,0.443
1714822557577,2024-05-04T14:35:57.577,11.390,-0.840,0.235,0.475
1714822557587,2024-05-04T14:35:57.587,11.400,-0.742,0.234,0.526
1714822557597,2024-05-04T14:35:57.597,11.410,-0.696,0.229,0.570
1714822557607,2024-05-04T14:35:57.607,11.420,-0.685,0.236,0.626
1714822557617,2024-05-04T14:35:57.617,11.430,-0.689,0.248,0.676
1714822557627,2024-05-04T14:35:57.627,11.440,-0.704,0.247,0.694
1714822557637,2024-05-04T14:35:57.637,11.450,-0.686,0.240,0.719
1714822557647,2024-05-04T14:35:57.647,11.460,-0.596,0.234,0.763
1714822557657,2024-05-04T14:35:57.657,11.470,-0.515,0.237,0.758
1714822557667,2024-05-04T14:35:57.667,11.480,-0.499,0.229,0.753
1714822557677,2024-05-04T14:35:57.677,11.490,-0.531,0.211,0.780
1714822557687,2024-05-04T14:35:57.687,11.500,-0.542,0.207,0.819
1714822557697,2024-05-04T14:35:57.697,11.510,-0.463,0.212,0.850
1714822557707,2024-05-04T14:35:57.707,11.520,-0.431,0.209,0.839
1714822557717,2024-05-04T14:35:57.717,11.530,-0.441,0.200,0.854
1714822557727,2024-05-04T14:35:57.727,11.540,-0.408,0.207,0.896
1714822557737,2024-05-04T14:35:57.737,11.550,-0.363,0.208,0.927
1714822557747,2024-05-04T14:35:57.747,11.560,-0.306,0.208,0.926
1714822557757,2024-05-04T14:35:57.757,11.570,-0.279,0.227,0.921
1714822557767,2024-05-04T14:35:57.767,11.580,-0.271,0.243,0.928
1714822557777,2024-05-04T14:35:57.777,11.590,-0.265,0.270,0.917
1714822557787,2024-05-04T14:35:57.787,11.600,-0.219,0.278,0.913
1714822557797,2024-05-04T14:35:57.797,11.610,-0.113,0.257,0.968
1714822557807,2024-05-04T14:35:57.807,11.620,-0.022,0.226,1.025
1714822557817,2024-05-04T14:35:57.817,11.630,-0.065,0.208,1.001
1714822557827,2024-05-04T14:35:57.827,11.640,-0.134,0.217,0.959
1714822557837,2024-05-04T14:35:57.837,11.650,-0.130,0.253,0.920
1714822557847,2024-05-04T14:35:57.847,11.660,-0.144,0.274,0.910
1714822557857,2024-05-04T14:35:57.857,11.670,-0.154,0.272,0.947
1714822557867,2024-05-04T14:35:57.867,11.680,-0.122,0.253,0.966
1714822557877,2024-05-04T14:35:57.877,11.690,-0.048,0.232,0.996
1714822557887,2024-05-04T14:35:57.887,11.700,0.047,0.219,1.037
1714822557897,2024-05-04T14:35:57.897,11.710,0.067,0.205,1.061
1714822557907,2024-05-04T14:35:57.907,11.720,-0.025,0.208,1.001
1714822557917,2024-05-04T14:35:57.917,11.730,-0.048,0.236,0.952
1714822557927,2024-05-04T14:35:57.927,11.740,0.030,0.272,0.928
1714822557937,2024-05-04T14:35:57.937,11.750,0.049,0.266,0.910
1714822557947,2024-05-04T14:35:57.947,11.760,0.019,0.230,0.923
1714822557957,2024-05-04T14:35:57.957,11.770,0.028,0.203,0.952
1714822557967,2024-05-04T14:35:57.967,11.780,0.070,0.194,0.961
1714822557977,2024-05-04T14:35:57.977,11.790,0.111,0.208,0.980
1714822557987,2024-05-04T14:35:57.987,11.800,0.145,0.235,1.000
1714822557997,2024-05-04T14:35:57.997,11.810,0.162,0.252,1.010
1714822558007,2024-05-04T14:35:58.007,11.820,0.156,0.256,0.995
1714822558017,2024-05-04T14:35:58.017,11.830,0.190,0.250,0.982
1714822558027,2024-05-04T14:35:58.027,11.840,0.219,0.244,0.963
1714822558037,2024-05-04T14:35:58.037,11.850,0.216,0.246,0.937
1714822558047,2024-05-04T14:35:58.047,11.860,0.195,0.247,0.912
1714822558057,2024-05-04T14:35:58.057,11.870,0.167,0.254,0.896
1714822558067,2024-05-04T14:35:58.067,11.880,0.142,0.264,0.901
1714822558077,2024-05-04T14:35:58.077,11.890,0.158,0.273,0.923
1714822558087,2024-05-04T14:35:58.087,11.900,0.203,0.272,0.958
1714822558097,2024-05-04T14:35:58.097,11.910,0.229,0.249,0.961
1714822558107,2024-05-04T14:35:58.107,11.920,0.239,0.227,0.948
1714822558117,2024-05-04T14:35:58.117,11.930,0.251,0.225,0.938
1714822558127,2024-05-04T14:35:58.127,11.940,0.244,0.234,0.932
1714822558137,2024-05-04T14:35:58.137,11.950,0.225,0.250,0.940
1714822558147,2024-05-04T14:35:58.147,11.960,0.202,0.264,0.960
1714822558157,2024-05-04T14:35:58.157,11.970,0.187,0.259,0.988
1714822558167,2024-05-04T14:35:58.167,11.980,0.174,0.243,1.004
1714822558177,2024-05-04T14:35:58.177,11.990,0.181,0.228,1.004
1714822558187,2024-05-04T14:35:58.187,12.000,0.208,0.223,0.988
1714822558197,2024-05-04T14:35:58.197,12.010,0.218,0.229,0.974
1714822558207,2024-05-04T14:35:58.207,12.020,0.202,0.251,0.958
1714822558217,2024-05-04T14:35:58.217,12.030,0.182,0.259,0.953
1714822558227,2024-05-04T14:35:58.227,12.040,0.157,0.245,0.938
1714822558237,2024-05-04T14:35:58.237,12.050,0.111,0.232,0.936
1714822558247,2024-05-04T14:35:58.247,12.060,0.109,0.233,0.944
1714822558257,2024-05-04T14:35:58.257,12.070,0.167,0.238,0.972
1714822558267,2024-05-04T14:35:58.267,12.080,0.207,0.242,0.983
1714822558277,2024-05-04T14:35:58.277,12.090,0.208,0.248,0.976
1714822558287,2024-05-04T14:35:58.287,12.100,0.198,0.254,0.973
1714822558297,2024-05-04T14:35:58.297,12.110,0.177,0.258,0.973
1714822558307,2024-05-04T14:35:58.307,12.120,0.169,0.255,0.975
1714822558317,2024-05-04T14:35:58.317,12.130,0.153,0.249,0.978
1714822558327,2024-05-04T14:35:58.327,12.140,0.109,0.240,0.975
1714822558337,2024-05-04T14:35:58.337,12.150,0.091,0.233,0.973
1714822558347,2024-05-04T14:35:58.347,12.160,0.127,0.229,0.984
1714822558357,2024-05-04T14:35:58.357,12.170,0.180,0.232,0.990
1714822558367,2024-05-04T14:35:58.367,12.180,0.222,0.247,0.991
1714822558377,2024-05-04T14:35:58.377,12.190,0.249,0.257,0.995
1714822558387,2024-05-04T14:35:58.387,12.200,0.272,0.254,1.008
1714822558397,2024-05-04T14:35:58.397,12.210,0.314,0.251,1.021
1714822558407,2024-05-04T14:35:58.407,12.220,0.376,0.247,1.036
1714822558417,2024-05-04T14:35:58.417,12.230,0.420,0.242,1.059
1714822558427,2024-05-04T14:35:58.427,12.240,0.415,0.231,1.051
1714822558437,2024-05-04T14:35:58.437,12.250,0.417,0.216,1.028
1714822558447,2024-05-04T14:35:58.447,12.260,0.466,0.218,1.020
1714822558457,2024-05-04T14:35:58.457,12.270,0.493,0.235,0.979
1714822558467,2024-05-04T14:35:58.467,12.280,0.430,0.239,0.929
1714822558477,2024-05-04T14:35:58.477,12.290,0.286,0.227,0.874
1714822558487,2024-05-04T14:35:58.487,12.300,0.185,0.204,0.854
1714822558497,2024-05-04T14:35:58.497,12.310,0.093,0.186,0.871
1714822558507,2024-05-04T14:35:58.507,12.320,-0.060,0.152,0.885
1714822558517,2024-05-04T14:35:58.517,12.330,-0.123,0.119,0.896
1714822558527,2024-05-04T14:35:58.527,12.340,-0.053,0.103,0.893
1714822558537,2024-05-04T14:35:58.537,12.350,-0.014,0.104,0.875
1714822558547,2024-05-04T14:35:58.547,12.360,-0.130,0.138,0.853
1714822558557,2024-05-04T14:35:58.557,12.370,-0.223,0.175,0.841
1714822558567,2024-05-04T14:35:58.567,12.380,-0.246,0.191,0.792
1714822558577,2024-05-04T14:35:58.577,12.390,-0.300,0.142,0.764
1714822558587,2024-05-04T14:35:58.587,12.400,-0.367,0.063,0.764
1714822558597,2024-05-04T14:35:58.597,12.410,-0.197,-0.035,0.529
1714822558607,2024-05-04T14:35:58.607,12.420,-0.017,0.074,0.820
1714822558617,2024-05-04T14:35:58.617,12.430,-1.171,0.076,0.317
1714822558627,2024-05-04T14:35:58.627,12.440,-1.603,0.033,0.208
1714822558637,2024-05-04T14:35:58.637,12.450,-1.535,-0.008,0.035
1714822558647,2024-05-04T14:35:58.647,12.460,-1.592,0.102,-0.065
1714822558657,2024-05-04T14:35:58.657,12.470,-1.608,0.301,-0.045
1714822558667,2024-05-04T14:35:58.667,12.480,-1.436,0.346,-0.088
1714822558677,2024-05-04T14:35:58.677,12.490,-1.517,0.275,-0.171
1714822558687,2024-05-04T14:35:58.687,12.500,-1.538,0.262,-0.141
1714822558697,2024-05-04T14:35:58.697,12.510,-1.002,0.268,0.005
1714822558707,2024-05-04T14:35:58.707,12.520,-0.586,0.298,0.211
1714822558717,2024-05-04T14:35:58.717,12.530,-0.636,0.258,0.448
1714822558727,2024-05-04T14:35:58.727,12.540,-0.684,0.145,0.620
1714822558737,2024-05-04T14:35:58.737,12.550,-0.631,0.049,0.653
1714822558747,2024-05-04T14:35:58.747,12.560,-0.735,0.046,0.557
1714822558757,2024-05-04T14:35:58.757,12.570,-0.981,0.122,0.435
1714822558767,2024-05-04T14:35:58.767,12.580,-1.247,0.181,0.285
1714822558777,2024-05-04T14:35:58.777,12.590,-1.419,0.165,0.187
1714822558787,2024-05-04T14:35:58.787,12.600,-1.432,0.130,0.115
1714822558797,2024-05-04T14:35:58.797,12.610,-1.346,0.112,0.029
1714822558807,2024-05-04T14:35:58.807,12.620,-1.239,0.110,-0.030
1714822558817,2024-05-04T14:35:58.817,12.630,-1.161,0.095,-0.001
1714822558827,2024-05-04T14:35:58.827,12.640,-1.123,0.086,0.059
1714822558837,2024-05-04T14:35:58.837,12.650,-1.070,0.133,0.125
1714822558847,2024-05-04T14:35:58.847,12.660,-1.011,0.153,0.184
1714822558857,2024-05-04T14:35:58.857,12.670,-0.973,0.159,0.197
1714822558867,2024-05-04T14:35:58.867,12.680,-0.937,0.194,0.183
1714822558877,2024-05-04T14:35:58.877,12.690,-0.932,0.212,0.180
1714822558887,2024-05-04T14:35:58.887,12.700,-0.961,0.211,0.231
1714822558897,2024-05-04T14:35:58.897,12.710,-0.979,0.223,0.280
1714822558907,2024-05-04T14:35:58.907,12.720,-0.946,0.234,0.319
1714822558917,2024-05-04T14:35:58.917,12.730,-0.918,0.246,0.380
1714822558927,2024-05-04T14:35:58.927,12.740,-0.895,0.264,0.453
1714822558937,2024-05-04T14:35:58.937,12.750,-0.835,0.260,0.501
1714822558947,2024-05-04T14:35:58.947,12.760,-0.811,0.250,0.513
1714822558957,2024-05-04T14:35:58.957,12.770,-0.842,0.256,0.488
1714822558967,2024-05-04T14:35:58.967,12.780,-0.872,0.271,0.420
1714822558977,2024-05-04T14:35:58.977,12.790,-0.891,0.278,0.383
1714822558987,2024-05-04T14:35:58.987,12.800,-0.906,0.281,0.433
1714822558997,2024-05-04T14:35:58.997,12.810,-0.871,0.262,0.565
1714822559007,2024-05-04T14:35:59.007,12.820,-0.793,0.230,0.703
1714822559017,2024-05-04T14:35:59.017,12.830,-0.686,0.226,0.793
1714822559027,2024-05-04T14:35:59.027,12.840,-0.567,0.260,0.806
1714822559037,2024-05-04T14:35:59.037,12.850,-0.503,0.303,0.774
1714822559047,2024-05-04T14:35:59.047,12.860,-0.495,0.338,0.731
1714822559057,2024-05-04T14:35:59.057,12.870,-0.546,0.360,0.634
1714822559067,2024-05-04T14:35:59.067,12.880,-0.634,0.304,0.569
1714822559077,2024-05-04T14:35:59.077,12.890,-0.716,0.212,0.595
1714822559087,2024-05-04T14:35:59.087,12.900,-0.773,0.187,0.714
1714822559097,2024-05-04T14:35:59.097,12.910,-0.627,0.215,0.893
1714822559107,2024-05-04T14:35:59.107,12.920,-0.324,0.244,1.005
1714822559117,2024-05-04T14:35:59.117,12.930,-0.137,0.273,1.028
1714822559127,2024-05-04T14:35:59.127,12.940,-0.148,0.312,0.983
1714822559137,2024-05-04T14:35:59.137,12.950,-0.219,0.304,0.913
1714822559147,2024-05-04T14:35:59.147,12.960,-0.280,0.262,0.848
1714822559157,2024-05-04T14:35:59.157,12.970,-0.342,0.238,0.813
1714822559167,2024-05-04T14:35:59.167,12.980,-0.401,0.244,0.807
1714822559177,2024-05-04T14:35:59.177,12.990,-0.379,0.247,0.835
1714822559187,2024-05-04T14:35:59.187,13.000,-0.276,0.265,0.891
1714822559197,2024-05-04T14:35:59.197,13.010,-0.135,0.287,0.957
1714822559207,2024-05-04T14:35:59.207,13.020,-0.021,0.298,1.003
1714822559217,2024-05-04T14:35:59.217,13.030,0.012,0.297,1.006
1714822559227,2024-05-04T14:35:59.227,13.040,-0.011,0.289,0.973
1714822559237,2024-05-04T14:35:59.237,13.050,-0.016,0.285,0.948
1714822559247,2024-05-04T14:35:59.247,13.060,0.007,0.284,0.927
1714822559257,2024-05-04T14:35:59.257,13.070,-0.003,0.281,0.904
1714822559267,2024-05-04T14:35:59.267,13.080,-0.045,0.272,0.903
1714822559277,2024-05-04T14:35:59.277,13.090,-0.079,0.263,0.934
1714822559287,2024-05-04T14:35:59.287,13.100,-0.045,0.250,0.972
1714822559297,2024-05-04T14:35:59.297,13.110,0.008,0.243,0.999
1714822559307,2024-05-04T14:35:59.307,13.120,0.025,0.243,1.009
1714822559317,2024-05-04T14:35:59.317,13.130,-0.019,0.248,0.985
1714822559327,2024-05-04T14:35:59.327,13.140,-0.104,0.250,0.935
1714822559337,2024-05-04T14:35:59.337,13.150,-0.143,0.255,0.919
1714822559347,2024-05-04T14:35:59.347,13.160,-0.145,0.256,0.925
1714822559357,2024-05-04T14:35:59.357,13.170,-0.142,0.242,0.940
1714822559367,2024-05-04T14:35:59.367,13.180,-0.057,0.247,0.980
1714822559377,2024-05-04T14:35:59.377,13.190,0.049,0.266,1.010
1714822559387,2024-05-04T14:35:59.387,13.200,0.091,0.279,1.021
1714822559397,2024-05-04T14:35:59.397,13.210,0.085,0.284,1.008
1714822559407,2024-05-04T14:35:59.407,13.220,0.046,0.275,0.982
1714822559417,2024-05-04T14:35:59.417,13.230,-0.000,0.255,0.961
1714822559427,2024-05-04T14:35:59.427,13.240,-0.037,0.243,0.934
1714822559437,2024-05-04T14:35:59.437,13.250,-0.059,0.245,0.923
1714822559447,2024-05-04T14:35:59.447,13.260,-0.023,0.253,0.949
1714822559457,2024-05-04T14:35:59.457,13.270,0.055,0.255,0.968
1714822559467,2024-05-04T14:35:59.467,13.280,0.113,0.255,0.967
1714822559477,2024-05-04T14:35:59.477,13.290,0.135,0.265,0.975
1714822559487,2024-05-04T14:35:59.487,13.300,0.131,0.264,0.967
1714822559497,2024-05-04T14:35:59.497,13.310,0.132,0.246,0.965
1714822559507,2024-05-04T14:35:59.507,13.320,0.153,0.229,0.981
1714822559517,2024-05-04T14:35:59.517,13.330,0.184,0.229,0.991
1714822559527,2024-05-04T14:35:59.527,13.340,0.201,0.231,0.983
1714822559537,2024-05-04T14:35:59.537,13.350,0.211,0.240,0.963
1714822559547,2024-05-04T14:35:59.547,13.360,0.178,0.262,0.967
1714822559557,2024-05-04T14:35:59.557,13.370,0.112,0.272,0.964
1714822559567,2024-05-04T14:35:59.567,13.380,0.083,0.259,0.969
1714822559577,2024-05-04T14:35:59.577,13.390,0.103,0.244,0.979
1714822559587,2024-05-04T14:35:59.587,13.400,0.146,0.244,0.987
1714822559597,2024-05-04T14:35:59.597,13.410,0.183,0.250,0.989
1714822559607,2024-05-04T14:35:59.607,13.420,0.193,0.252,0.989
1714822559617,2024-05-04T14:35:59.617,13.430,0.180,0.241,0.984
1714822559627,2024-05-04T14:35:59.627,13.440,0.168,0.242,0.981
1714822559637,2024-05-04T14:35:59.637,13.450,0.167,0.248,0.988
1714822559647,2024-05-04T14:35:59.647,13.460,0.141,0.248,1.004
1714822559657,2024-05-04T14:35:59.657,13.470,0.057,0.241,0.999
1714822559667,2024-05-04T14:35:59.667,13.480,-0.010,0.237,0.984
1714822559677,2024-05-04T14:35:59.677,13.490,0.023,0.239,0.978
1714822559687,2024-05-04T14:35:59.687,13.500,0.096,0.239,0.979
1714822559697,2024-05-04T14:35:59.697,13.510,0.123,0.242,0.984
1714822559707,2024-05-04T14:35:59.707,13.520,0.116,0.246,0.990
1714822559717,2024-05-04T14:35:59.717,13.530,0.105,0.241,0.989
1714822559727,2024-05-04T14:35:59.727,13.540,0.108,0.239,0.990
1714822559737,2024-05-04T14:35:59.737,13.550,0.119,0.232,1.002
1714822559747,2024-05-04T14:35:59.747,13.560,0.144,0.228,1.009
1714822559757,2024-05-04T14:35:59.757,13.570,0.150,0.227,1.010
1714822559767,2024-05-04T14:35:59.767,13.580,0.136,0.229,1.001
1714822559777,2024-05-04T14:35:59.777,13.590,0.130,0.232,0.998
1714822559787,2024-05-04T14:35:59.787,13.600,0.130,0.228,0.992
1714822559797,2024-05-04T14:35:59.797,13.610,0.116,0.215,0.976
1714822559807,2024-05-04T14:35:59.807,13.620,0.111,0.216,0.954
1714822559817,2024-05-04T14:35:59.817,13.630,0.216,0.237,0.991
1714822559827,2024-05-04T14:35:59.827,13.640,0.334,0.248,1.029
1714822559837,2024-05-04T14:35:59.837,13.650,0.376,0.242,1.040
1714822559847,2024-05-04T14:35:59.847,13.660,0.365,0.230,1.057
1714822559857,2024-05-04T14:35:59.857,13.670,0.269,0.222,1.055
1714822559867,2024-05-04T14:35:59.867,13.680,0.120,0.209,1.045
1714822559877,2024-05-04T14:35:59.877,13.690,0.011,0.197,1.060
1714822559887,2024-05-04T14:35:59.887,13.700,-0.004,0.193,1.072
1714822559897,2024-05-04T14:35:59.897,13.710,0.083,0.192,1.079
1714822559907,2024-05-04T14:35:59.907,13.720,0.196,0.198,1.042
1714822559917,2024-05-04T14:35:59.917,13.730,0.207,0.206,0.976
1714822559927,2024-05-04T14:35:59.927,13.740,0.123,0.229,0.938
1714822559937,2024-05-04T14:35:59.937,13.750,0.075,0.258,0.933
1714822559947,2024-05-04T14:35:59.947,13.760,0.146,0.251,0.977
1714822559957,2024-05-04T14:35:59.957,13.770,0.183,0.198,1.045
1714822559967,2024-05-04T14:35:59.967,13.780,0.160,0.136,1.126
1714822559977,2024-05-04T14:35:59.977,13.790,0.225,0.103,1.122
1714822559987,2024-05-04T14:35:59.987,13.800,0.318,0.093,1.004
1714822559997,2024-05-04T14:35:59.997,13.810,0.238,0.087,0.780
1714822560007,2024-05-04T14:36:00.007,13.820,0.023,0.083,0.526
1714822560017,2024-05-04T14:36:00.017,13.830,-0.149,0.080,0.147
1714822560027,2024-05-04T14:36:00.027,13.840,-0.179,0.043,0.378
1714822560037,2024-05-04T14:36:00.037,13.850,-1.204,0.134,0.235
1714822560047,2024-05-04T14:36:00.047,13.860,-1.777,0.063,0.129
1714822560057,2024-05-04T14:36:00.057,13.870,-1.363,0.079,0.121
1714822560067,2024-05-04T14:36:00.067,13.880,-1.016,0.132,-0.055
1714822560077,2024-05-04T14:36:00.077,13.890,-1.155,0.141,-0.117
1714822560087,2024-05-04T14:36:00.087,13.900,-1.368,0.238,-0.096
1714822560097,2024-05-04T14:36:00.097,13.910,-1.457,0.345,-0.049
1714822560107,2024-05-04T14:36:00.107,13.920,-1.438,0.305,0.183
1714822560117,2024-05-04T14:36:00.117,13.930,-1.221,0.173,0.401
1714822560127,2024-05-04T14:36:00.127,13.940,-1.171,0.122,0.365
1714822560137,2024-05-04T14:36:00.137,13.950,-1.134,0.130,0.348
1714822560147,2024-05-04T14:36:00.147,13.960,-1.001,0.143,0.140
1714822560157,2024-05-04T14:36:00.157,13.970,-0.949,0.188,-0.083
1714822560167,2024-05-04T14:36:00.167,13.980,-1.010,0.204,-0.236
1714822560177,2024-05-04T14:36:00.177,13.990,-1.120,0.166,-0.326
1714822560187,2024-05-04T14:36:00.187,14.000,-1.179,0.145,-0.379
1714822560197,2024-05-04T14:36:00.197,14.010,-1.246,0.128,-0.395
1714822560207,2024-05-04T14:36:00.207,14.020,-1.314,0.109,-0.409
1714822560217,2024-05-04T14:36:00.217,14.030,-1.320,0.115,-0.404
1714822560227,2024-05-04T14:36:00.227,14.040,-1.270,0.124,-0.382
1714822560237,2024-05-04T14:36:00.237,14.050,-1.212,0.134,-0.367
1714822560247,2024-05-04T14:36:00.247,14.060,-1.173,0.167,-0.316
1714822560257,2024-05-04T14:36:00.257,14.070,-1.129,0.207,-0.250
1714822560267,2024-05-04T14:36:00.267,14.080,-1.107,0.234,-0.174
1714822560277,2024-05-04T14:36:00.277,14.090,-1.082,0.254,-0.105
1714822560287,2024-05-04T14:36:00.287,14.100,-1.061,0.260,-0.036
1714822560297,2024-05-04T14:36:00.297,14.110,-1.052,0.262,-0.004
1714822560307,2024-05-04T14:36:00.307,14.120,-1.053,0.265,0.023
1714822560317,2024-05-04T14:36:00.317,14.130,-1.027,0.284,0.075
1714822560327,2024-05-04T14:36:00.327,14.140,-0.974,0.293,0.140
1714822560337,2024-05-04T14:36:00.337,14.150,-0.942,0.293,0.166
1714822560347,2024-05-04T14:36:00.347,14.160,-0.964,0.281,0.218
1714822560357,2024-05-04T14:36:00.357,14.170,-0.958,0.282,0.311
1714822560367,2024-05-04T14:36:00.367,14.180,-0.917,0.276,0.350
1714822560377,2024-05-04T14:36:00.377,14.190,-0.926,0.250,0.358
1714822560387,2024-05-04T14:36:00.387,14.200,-0.954,0.263,0.362
1714822560397,2024-05-04T14:36:00.397,14.210,-0.955,0.283,0.339
1714822560407,2024-05-04T14:36:00.407,14.220,-0.964,0.273,0.297
1714822560417,2024-05-04T14:36:00.417,14.230,-0.974,0.259,0.335
1714822560427,2024-05-04T14:36:00.427,14.240,-0.875,0.250,0.440
1714822560437,2024-05-04T14:36:00.437,14.250,-0.746,0.239,0.550
1714822560447,2024-05-04T14:36:00.447,14.260,-0.675,0.220,0.660
1714822560457,2024-05-04T14:36:00.457,14.270,-0.635,0.220,0.718
1714822560467,2024-05-04T14:36:00.467,14.280,-0.620,0.245,0.737
1714822560477,2024-05-04T14:36:00.477,14.290,-0.629,0.283,0.738
1714822560487,2024-05-04T14:36:00.487,14.300,-0.628,0.317,0.728
1714822560497,2024-05-04T14:36:00.497,14.310,-0.596,0.330,0.711
1714822560507,2024-05-04T14:36:00.507,14.320,-0.528,0.303,0.728
1714822560517,2024-05-04T14:36:00.517,14.330,-0.441,0.269,0.772
1714822560527,2024-05-04T14:36:00.527,14.340,-0.381,0.246,0.835
1714822560537,2024-05-04T14:36:00.537,14.350,-0.354,0.234,0.890
1714822560547,2024-05-04T14:36:00.547,14.360,-0.364,0.249,0.883
1714822560557,2024-05-04T14:36:00.557,14.370,-0.374,0.283,0.844
1714822560567,2024-05-04T14:36:00.567,14.380,-0.351,0.313,0.796
1714822560577,2024-05-04T14:36:00.577,14.390,-0.292,0.322,0.777
1714822560587,2024-05-04T14:36:00.587,14.400,-0.268,0.313,0.770
1714822560597,2024-05-04T14:36:00.597,14.410,-0.260,0.285,0.801
1714822560607,2024-05-04T14:36:00.607,14.420,-0.231,0.269,0.823
1714822560617,2024-05-04T14:36:00.617,14.430,-0.197,0.276,0.841
1714822560627,2024-05-04T14:36:00.627,14.440,-0.121,0.291,0.889
1714822560637,2024-05-04T14:36:00.637,14.450,-0.060,0.282,0.918
1714822560647,2024-05-04T14:36:00.647,14.460,-0.072,0.261,0.922
1714822560657,2024-05-04T14:36:00.657,14.470,-0.094,0.268,0.926
1714822560667,2024-05-04T14:36:00.667,14.480,-0.094,0.291,0.932
1714822560677,2024-05-04T14:36:00.677,14.490,-0.050,0.301,0.938
1714822560687,2024-05-04T14:36:00.687,14.500,0.018,0.321,0.966
1714822560697,2024-05-04T14:36:00.697,14.510,0.054,0.327,0.987
1714822560707,2024-05-04T14:36:00.707,14.520,0.060,0.309,0.987
1714822560717,2024-05-04T14:36:00.717,14.530,0.068,0.297,0.972
1714822560727,2024-05-04T14:36:00.727,14.540,0.042,0.282,0.951
1714822560737,2024-05-04T14:36:00.737,14.550,-0.030,0.260,0.915
1714822560747,2024-05-04T14:36:00.747,14.560,-0.072,0.243,0.884
1714822560757,2024-05-04T14:36:00.757,14.570,-0.055,0.269,0.892
1714822560767,2024-05-04T14:36:00.767,14.580,-0.003,0.300,0.939
1714822560777,2024-05-04T14:36:00.777,14.590,0.066,0.288,0.981
1714822560787,2024-05-04T14:36:00.787,14.600,0.128,0.264,1.014
1714822560797,2024-05-04T14:36:00.797,14.610,0.178,0.258,1.008
1714822560807,2024-05-04T14:36:00.807,14.620,0.205,0.267,0.990
1714822560817,2024-05-04T14:36:00.817,14.630,0.197,0.273,0.967
1714822560827,2024-05-04T14:36:00.827,14.640,0.166,0.277,0.954
1714822560837,2024-05-04T14:36:00.837,14.650,0.134,0.282,0.962
1714822560847,2024-05-04T14:36:00.847,14.660,0.104,0.277,0.974
1714822560857,2024-05-04T14:36:00.857,14.670,0.104,0.273,0.984
1714822560867,2024-05-04T14:36:00.867,14.680,0.117,0.268,1.002
1714822560877,2024-05-04T14:36:00.877,14.690,0.118,0.256,1.001
1714822560887,2024-05-04T14:36:00.887,14.700,0.119,0.254,0.981
1714822560897,2024-05-04T14:36:00.897,14.710,0.130,0.260,0.960
1714822560907,2024-05-04T14:36:00.907,14.720,0.115,0.266,0.944
1714822560917,2024-05-04T14:36:00.917,14.730,0.082,0.266,0.949
1714822560927,2024-05-04T14:36:00.927,14.740,0.063,0.256,0.963
1714822560937,2024-05-04T14:36:00.937,14.750,0.068,0.240,0.983
1714822560947,2024-05-04T14:36:00.947,14.760,0.107,0.233,0.998
1714822560957,2024-05-04T14:36:00.957,14.770,0.140,0.239,0.991
1714822560967,2024-05-04T14:36:00.967,14.780,0.121,0.244,0.972
1714822560977,2024-05-04T14:36:00.977,14.790,0.087,0.249,0.942
1714822560987,2024-05-04T14:36:00.987,14.800,0.070,0.256,0.923
1714822560997,2024-05-04T14:36:00.997,14.810,0.049,0.255,0.930
1714822561007,2024-05-04T14:36:01.007,14.820,0.028,0.245,0.945
1714822561017,2024-05-04T14:36:01.017,14.830,0.018,0.237,0.968
1714822561027,2024-05-04T14:36:01.027,14.840,0.047,0.237,1.007
1714822561037,2024-05-04T14:36:01.037,14.850,0.095,0.240,1.022
1714822561047,2024-05-04T14:36:01.047,14.860,0.109,0.247,1.014
1714822561057,2024-05-04T14:36:01.057,14.870,0.096,0.259,0.994
1714822561067,2024-05-04T14:36:01.067,14.880,0.055,0.269,0.974
1714822561077,2024-05-04T14:36:01.077,14.890,0.024,0.273,0.968
1714822561087,2024-05-04T14:36:01.087,14.900,0.026,0.259,0.966
1714822561097,2024-05-04T14:36:01.097,14.910,0.026,0.248,0.977
1714822561107,2024-05-04T14:36:01.107,14.920,0.033,0.255,0.996
1714822561117,2024-05-04T14:36:01.117,14.930,0.048,0.252,1.013
1714822561127,2024-05-04T14:36:01.127,14.940,0.056,0.245,1.017
1714822561137,2024-05-04T14:36:01.137,14.950,0.062,0.239,1.010
1714822561147,2024-05-04T14:36:01.147,14.960,0.066,0.248,1.004
1714822561157,2024-05-04T14:36:01.157,14.970,0.053,0.260,1.003
1714822561167,2024-05-04T14:36:01.167,14.980,0.032,0.258,0.995
1714822561177,2024-05-04T14:36:01.177,14.990,0.018,0.250,0.993
1714822561187,2024-05-04T14:36:01.187,15.000,0.019,0.242,0.996
1714822561197,2024-05-04T14:36:01.197,15.010,0.026,0.236,1.010
1714822561207,2024-05-04T14:36:01.207,15.020,0.039,0.235,1.015
1714822561217,2024-05-04T14:36:01.217,15.030,0.043,0.240,1.019
1714822561227,2024-05-04T14:36:01.227,15.040,0.030,0.238,1.007
1714822561237,2024-05-04T14:36:01.237,15.050,0.021,0.240,0.995
1714822561247,2024-05-04T14:36:01.247,15.060,0.032,0.246,0.995
1714822561257,2024-05-04T14:36:01.257,15.070,0.075,0.252,0.993
1714822561267,2024-05-04T14:36:01.267,15.080,0.148,0.263,0.994
1714822561277,2024-05-04T14:36:01.277,15.090,0.241,0.265,1.003
1714822561287,2024-05-04T14:36:01.287,15.100,0.289,0.256,1.033
1714822561297,2024-05-04T14:36:01.297,15.110,0.251,0.244,1.044
1714822561307,2024-05-04T14:36:01.307,15.120,0.186,0.226,1.052
1714822561317,2024-05-04T14:36:01.317,15.130,0.176,0.222,1.059
1714822561327,2024-05-04T14:36:01.327,15.140,0.203,0.232,1.034
1714822561337,2024-05-04T14:36:01.337,15.150,0.232,0.234,1.010
1714822561347,2024-05-04T14:36:01.347,15.160,0.279,0.254,1.014
1714822561357,2024-05-04T14:36:01.357,15.170,0.337,0.254,1.006
1714822561367,2024-05-04T14:36:01.367,15.180,0.337,0.218,0.968
1714822561377,2024-05-04T14:36:01.377,15.190,0.255,0.169,0.927
1714822561387,2024-05-04T14:36:01.387,15.200,0.143,0.140,0.906
1714822561397,2024-05-04T14:36:01.397,15.210,0.106,0.161,0.901
1714822561407,2024-05-04T14:36:01.407,15.220,0.112,0.202,0.957
1714822561417,2024-05-04T14:36:01.417,15.230,0.067,0.210,1.042
1714822561427,2024-05-04T14:36:01.427,15.240,-0.089,0.155,1.103
1714822561437,2024-05-04T14:36:01.437,15.250,-0.248,0.070,1.069
1714822561447,2024-05-04T14:36:01.447,15.260,-0.350,0.030,0.937
1714822561457,2024-05-04T14:36:01.457,15.270,-0.505,0.064,0.718
1714822561467,2024-05-04T14:36:01.467,15.280,-0.723,0.151,0.417
1714822561477,2024-05-04T14:36:01.477,15.290,-0.928,0.288,0.238
1714822561487,2024-05-04T14:36:01.487,15.300,-0.781,0.282,0.130
1714822561497,2024-05-04T14:36:01.497,15.310,-1.007,0.370,0.380
1714822561507,2024-05-04T14:36:01.507,15.320,-1.886,0.383,0.248
1714822561517,2024-05-04T14:36:01.517,15.330,-1.805,0.359,0.375
1714822561527,2024-05-04T14:36:01.527,15.340,-1.312,0.361,0.459
1714822561537,2024-05-04T14:36:01.537,15.350,-0.770,0.369,0.556
1714822561547,2024-05-04T14:36:01.547,15.360,-0.682,0.334,0.600
1714822561557,2024-05-04T14:36:01.557,15.370,-1.119,0.262,0.549
1714822561567,2024-05-04T14:36:01.567,15.380,-1.277,0.180,0.595
1714822561577,2024-05-04T14:36:01.577,15.390,-1.113,0.208,0.685
1714822561587,2024-05-04T14:36:01.587,15.400,-1.065,0.251,0.680
1714822561597,2024-05-04T14:36:01.597,15.410,-1.037,0.247,0.566
1714822561607,2024-05-04T14:36:01.607,15.420,-1.012,0.266,0.393
1714822561617,2024-05-04T14:36:01.617,15.430,-1.021,0.302,0.231
1714822561627,2024-05-04T14:36:01.627,15.440,-1.055,0.321,0.139
1714822561637,2024-05-04T14:36:01.637,15.450,-1.054,0.296,0.115
1714822561647,2024-05-04T14:36:01.647,15.460,-1.008,0.264,0.145
1714822561657,2024-05-04T14:36:01.657,15.470,-0.941,0.258,0.214
1714822561667,2024-05-04T14:36:01.667,15.480,-0.873,0.267,0.294
1714822561677,2024-05-04T14:36:01.677,15.490,-0.817,0.273,0.316
1714822561687,2024-05-04T14:36:01.687,15.500,-0.777,0.287,0.304
1714822561697,2024-05-04T14:36:01.697,15.510,-0.758,0.328,0.274
1714822561707,2024-05-04T14:36:01.707,15.520,-0.743,0.364,0.279
1714822561717,2024-05-04T14:36:01.717,15.530,-0.712,0.388,0.319
1714822561727,2024-05-04T14:36:01.727,15.540,-0.664,0.407,0.401
1714822561737,2024-05-04T14:36:01.737,15.550,-0.647,0.412,0.469
1714822561747,2024-05-04T14:36:01.747,15.560,-0.650,0.417,0.493
1714822561757,2024-05-04T14:36:01.757,15.570,-0.641,0.419,0.521
1714822561767,2024-05-04T14:36:01.767,15.580,-0.635,0.423,0.516
1714822561777,2024-05-04T14:36:01.777,15.590,-0.646,0.430,0.515
1714822561787,2024-05-04T14:36:01.787,15.600,-0.652,0.439,0.515
1714822561797,2024-05-04T14:36:01.797,15.610,-0.637,0.441,0.530
1714822561807,2024-05-04T14:36:01.807,15.620,-0.623,0.461,0.526
1714822561817,2024-05-04T14:36:01.817,15.630,-0.620,0.469,0.487
1714822561827,2024-05-04T14:36:01.827,15.640,-0.620,0.451,0.493
1714822561837,2024-05-04T14:36:01.837,15.650,-0.626,0.429,0.499
1714822561847,2024-05-04T14:36:01.847,15.660,-0.647,0.400,0.491
1714822561857,2024-05-04T14:36:01.857,15.670,-0.686,0.398,0.497
1714822561867,2024-05-04T14:36:01.867,15.680,-0.713,0.425,0.500
1714822561877,2024-05-04T14:36:01.877,15.690,-0.703,0.431,0.515
1714822561887,2024-05-04T14:36:01.887,15.700,-0.670,0.417,0.543
1714822561897,2024-05-04T14:36:01.897,15.710,-0.644,0.410,0.613
1714822561907,2024-05-04T14:36:01.907,15.720,-0.588,0.413,0.725
1714822561917,2024-05-04T14:36:01.917,15.730,-0.571,0.396,0.768
1714822561927,2024-05-04T14:36:01.927,15.740,-0.611,0.383,0.740
1714822561937,2024-05-04T14:36:01.937,15.750,-0.624,0.411,0.687
1714822561947,2024-05-04T14:36:01.947,15.760,-0.627,0.416,0.613
1714822561957,2024-05-04T14:36:01.957,15.770,-0.673,0.378,0.564
1714822561967,2024-05-04T14:36:01.967,15.780,-0.699,0.324,0.635
1714822561977,2024-05-04T14:36:01.977,15.790,-0.578,0.280,0.779
1714822561987,2024-05-04T14:36:01.987,15.800,-0.419,0.271,0.897
1714822561997,2024-05-04T14:36:01.997,15.810,-0.345,0.290,0.990
1714822562007,2024-05-04T14:36:02.007,15.820,-0.342,0.309,0.996
1714822562017,2024-05-04T14:36:02.017,15.830,-0.350,0.327,0.929
1714822562027,2024-05-04T14:36:02.027,15.840,-0.352,0.359,0.845
1714822562037,2024-05-04T14:36:02.037,15.850,-0.399,0.369,0.807
1714822562047,2024-05-04T14:36:02.047,15.860,-0.466,0.345,0.812
1714822562057,2024-05-04T14:36:02.057,15.870,-0.513,0.299,0.824
1714822562067,2024-05-04T14:36:02.067,15.880,-0.485,0.263,0.872
1714822562077,2024-05-04T14:36:02.077,15.890,-0.364,0.253,0.954
1714822562087,2024-05-04T14:36:02.087,15.900,-0.279,0.258,0.998
1714822562097,2024-05-04T14:36:02.097,15.910,-0.263,0.285,0.992
1714822562107,2024-05-04T14:36:02.107,15.920,-0.275,0.314,0.982
1714822562117,2024-05-04T14:36:02.117,15.930,-0.331,0.318,0.938
1714822562127,2024-05-04T14:36:02.127,15.940,-0.344,0.293,0.910
1714822562137,2024-05-04T14:36:02.137,15.950,-0.277,0.268,0.911
1714822562147,2024-05-04T14:36:02.147,15.960,-0.208,0.253,0.951
1714822562157,2024-05-04T14:36:02.157,15.970,-0.142,0.244,0.988
1714822562167,2024-05-04T14:36:02.167,15.980,-0.122,0.250,1.003
1714822562177,2024-05-04T14:36:02.177,15.990,-0.146,0.264,1.010
1714822562187,2024-05-04T14:36:02.187,16.000,-0.165,0.269,1.010
1714822562197,2024-05-04T14:36:02.197,16.010,-0.151,0.252,1.003
1714822562207,2024-05-04T14:36:02.207,16.020,-0.102,0.233,0.992
1714822562217,2024-05-04T14:36:02.217,16.030,-0.043,0.229,0.961
1714822562227,2024-05-04T14:36:02.227,16.040,-0.021,0.235,0.958
1714822562237,2024-05-04T14:36:02.237,16.050,-0.005,0.239,0.997
1714822562247,2024-05-04T14:36:02.247,16.060,0.027,0.230,1.031
1714822562257,2024-05-04T14:36:02.257,16.070,0.025,0.214,1.053
1714822562267,2024-05-04T14:36:02.267,16.080,-0.046,0.211,1.035
1714822562277,2024-05-04T14:36:02.277,16.090,-0.149,0.211,0.981
1714822562287,2024-05-04T14:36:02.287,16.100,-0.170,0.218,0.940
1714822562297,2024-05-04T14:36:02.297,16.110,-0.139,0.234,0.917
1714822562307,2024-05-04T14:36:02.307,16.120,-0.103,0.248,0.902
1714822562317,2024-05-04T14:36:02.317,16.130,-0.080,0.253,0.928
1714822562327,2024-05-04T14:36:02.327,16.140,-0.010,0.245,0.993
1714822562337,2024-05-04T14:36:02.337,16.150,0.090,0.219,1.044
1714822562347,2024-05-04T14:36:02.347,16.160,0.133,0.200,1.062
1714822562357,2024-05-04T14:36:02.357,16.170,0.128,0.199,1.054
1714822562367,2024-05-04T14:36:02.367,16.180,0.128,0.212,1.031
1714822562377,2024-05-04T14:36:02.377,16.190,0.109,0.221,1.012
1714822562387,2024-05-04T14:36:02.387,16.200,0.017,0.224,0.956
1714822562397,2024-05-04T14:36:02.397,16.210,-0.068,0.226,0.937
1714822562407,2024-05-04T14:36:02.407,16.220,-0.033,0.244,0.949
1714822562417,2024-05-04T14:36:02.417,16.230,0.080,0.260,0.990
1714822562427,2024-05-04T14:36:02.427,16.240,0.185,0.257,1.013
1714822562437,2024-05-04T14:36:02.437,16.250,0.238,0.241,1.029
1714822562447,2024-05-04T14:36:02.447,16.260,0.250,0.234,1.030
1714822562457,2024-05-04T14:36:02.457,16.270,0.252,0.231,1.021
1714822562467,2024-05-04T14:36:02.467,16.280,0.227,0.232,1.009
1714822562477,2024-05-04T14:36:02.477,16.290,0.162,0.230,0.992
1714822562487,2024-05-04T14:36:02.487,16.300,0.100,0.236,0.971
1714822562497,2024-05-04T14:36:02.497,16.310,0.078,0.248,0.941
1714822562507,2024-05-04T14:36:02.507,16.320,0.108,0.267,0.929
1714822562517,2024-05-04T14:36:02.517,16.330,0.162,0.272,0.943
1714822562527,2024-05-04T14:36:02.527,16.340,0.194,0.259,0.960
1714822562537,2024-05-04T14:36:02.537,16.350,0.194,0.247,0.968
1714822562547,2024-05-04T14:36:02.547,16.360,0.180,0.267,0.964
1714822562557,2024-05-04T14:36:02.557,16.370,0.175,0.285,0.968
1714822562567,2024-05-04T14:36:02.567,16.380,0.155,0.275,0.962
1714822562577,2024-05-04T14:36:02.577,16.390,0.097,0.257,0.963
1714822562587,2024-05-04T14:36:02.587,16.400,0.046,0.240,0.959
1714822562597,2024-05-04T14:36:02.597,16.410,0.050,0.236,0.959
1714822562607,2024-05-04T14:36:02.607,16.420,0.105,0.248,0.956
1714822562617,2024-05-04T14:36:02.617,16.430,0.120,0.269,0.947
1714822562627,2024-05-04T14:36:02.627,16.440,0.112,0.285,0.939
1714822562637,2024-05-04T14:36:02.637,16.450,0.102,0.292,0.954
1714822562647,2024-05-04T14:36:02.647,16.460,0.096,0.282,0.961
1714822562657,2024-05-04T14:36:02.657,16.470,0.115,0.264,0.967
1714822562667,2024-05-04T14:36:02.667,16.480,0.133,0.247,0.990
1714822562677,2024-05-04T14:36:02.677,16.490,0.127,0.238,0.993
1714822562687,2024-05-04T14:36:02.687,16.500,0.112,0.241,0.979
1714822562697,2024-05-04T14:36:02.697,16.510,0.099,0.258,0.973
1714822562707,2024-05-04T14:36:02.707,16.520,0.092,0.271,0.969
1714822562717,2024-05-04T14:36:02.717,16.530,0.078,0.264,0.959
1714822562727,2024-05-04T14:36:02.727,16.540,0.084,0.250,0.967
1714822562737,2024-05-04T14:36:02.737,16.550,0.138,0.249,0.974
1714822562747,2024-05-04T14:36:02.747,16.560,0.196,0.246,0.974
1714822562757,2024-05-04T14:36:02.757,16.570,0.233,0.246,0.963
1714822562767,2024-05-04T14:36:02.767,16.580,0.251,0.248,0.959
1714822562777,2024-05-04T14:36:02.777,16.590,0.277,0.242,0.969
1714822562787,2024-05-04T14:36:02.787,16.600,0.294,0.236,0.999
1714822562797,2024-05-04T14:36:02.797,16.610,0.330,0.236,1.036
1714822562807,2024-05-04T14:36:02.807,16.620,0.390,0.237,1.070
1714822562817,2024-05-04T14:36:02.817,16.630,0.460,0.246,1.084
1714822562827,2024-05-04T14:36:02.827,16.640,0.443,0.256,1.090
1714822562837,2024-05-04T14:36:02.837,16.650,0.378,0.256,1.115
1714822562847,2024-05-04T14:36:02.847,16.660,0.354,0.248,1.117
1714822562857,2024-05-04T14:36:02.857,16.670,0.299,0.247,1.053
1714822562867,2024-05-04T14:36:02.867,16.680,0.213,0.242,1.008
1714822562877,2024-05-04T14:36:02.877,16.690,0.188,0.234,0.997
1714822562887,2024-05-04T14:36:02.887,16.700,0.229,0.220,1.021
1714822562897,2024-05-04T14:36:02.897,16.710,0.333,0.191,1.076
1714822562907,2024-05-04T14:36:02.907,16.720,0.504,0.151,1.080
1714822562917,2024-05-04T14:36:02.917,16.730,0.548,0.101,0.974
1714822562927,2024-05-04T14:36:02.927,16.740,0.348,0.070,0.824
1714822562937,2024-05-04T14:36:02.937,16.750,-0.017,0.062,0.731
1714822562947,2024-05-04T14:36:02.947,16.760,-0.347,0.069,0.671
1714822562957,2024-05-04T14:36:02.957,16.770,-0.530,0.109,0.657
1714822562967,2024-05-04T14:36:02.967,16.780,-0.723,0.147,0.603
1714822562977,2024-05-04T14:36:02.977,16.790,-0.994,0.093,0.443
1714822562987,2024-05-04T14:36:02.987,16.800,-1.269,0.088,0.263
1714822562997,2024-05-04T14:36:02.997,16.810,-1.433,0.187,0.164
1714822563007,2024-05-04T14:36:03.007,16.820,-1.407,0.281,0.194
1714822563017,2024-05-04T14:36:03.017,16.830,-1.217,0.409,-0.078
1714822563027,2024-05-04T14:36:03.027,16.840,-0.587,0.234,0.449
1714822563037,2024-05-04T14:36:03.037,16.850,-1.230,0.219,0.381
1714822563047,2024-05-04T14:36:03.047,16.860,-1.740,0.256,0.238
1714822563057,2024-05-04T14:36:03.057,16.870,-1.447,0.158,0.179
1714822563067,2024-05-04T14:36:03.067,16.880,-1.057,0.147,0.146
1714822563077,2024-05-04T14:36:03.077,16.890,-0.888,0.213,0.109
1714822563087,2024-05-04T14:36:03.087,16.900,-0.866,0.244,0.117
1714822563097,2024-05-04T14:36:03.097,16.910,-0.947,0.196,0.083
1714822563107,2024-05-04T14:36:03.107,16.920,-1.063,0.186,-0.023
1714822563117,2024-05-04T14:36:03.117,16.930,-1.112,0.216,-0.146
1714822563127,2024-05-04T14:36:03.127,16.940,-1.111,0.219,-0.186
1714822563137,2024-05-04T14:36:03.137,16.950,-1.119,0.208,-0.201
1714822563147,2024-05-04T14:36:03.147,16.960,-1.169,0.205,-0.188
1714822563157,2024-05-04T14:36:03.157,16.970,-1.157,0.232,-0.125
1714822563167,2024-05-04T14:36:03.167,16.980,-1.085,0.250,-0.043
1714822563177,2024-05-04T14:36:03.177,16.990,-1.025,0.259,0.033
1714822563187,2024-05-04T14:36:03.187,17.000,-0.991,0.274,0.075
1714822563197,2024-05-04T14:36:03.197,17.010,-0.967,0.280,0.074
1714822563207,2024-05-04T14:36:03.207,17.020,-0.956,0.295,0.068
1714822563217,2024-05-04T14:36:03.217,17.030,-0.970,0.322,0.082
1714822563227,2024-05-04T14:36:03.227,17.040,-0.977,0.334,0.108
1714822563237,2024-05-04T14:36:03.237,17.050,-0.963,0.335,0.105
1714822563247,2024-05-04T14:36:03.247,17.060,-0.978,0.333,0.125
1714822563257,2024-05-04T14:36:03.257,17.070,-0.989,0.321,0.199
1714822563267,2024-05-04T14:36:03.267,17.080,-0.972,0.316,0.294
1714822563277,2024-05-04T14:36:03.277,17.090,-0.962,0.303,0.357
1714822563287,2024-05-04T14:36:03.287,17.100,-0.957,0.297,0.366
1714822563297,2024-05-04T14:36:03.297,17.110,-0.945,0.329,0.297
1714822563307,2024-05-04T14:36:03.307,17.120,-0.978,0.346,0.203
1714822563317,2024-05-04T14:36:03.317,17.130,-1.001,0.356,0.164
1714822563327,2024-05-04T14:36:03.327,17.140,-0.944,0.375,0.166
1714822563337,2024-05-04T14:36:03.337,17.150,-0.854,0.360,0.257
1714822563347,2024-05-04T14:36:03.347,17.160,-0.808,0.326,0.390
1714822563357,2024-05-04T14:36:03.357,17.170,-0.799,0.307,0.474
1714822563367,2024-05-04T14:36:03.367,17.180,-0.825,0.302,0.457
1714822563377,2024-05-04T14:36:03.377,17.190,-0.932,0.280,0.405
1714822563387,2024-05-04T14:36:03.387,17.200,-1.029,0.281,0.380
1714822563397,2024-05-04T14:36:03.397,17.210,-0.990,0.304,0.396
1714822563407,2024-05-04T14:36:03.407,17.220,-0.865,0.319,0.410
1714822563417,2024-05-04T14:36:03.417,17.230,-0.734,0.315,0.449
1714822563427,2024-05-04T14:36:03.427,17.240,-0.694,0.278,0.554
1714822563437,2024-05-04T14:36:03.437,17.250,-0.727,0.244,0.684
1714822563447,2024-05-04T14:36:03.447,17.260,-0.688,0.247,0.744
1714822563457,2024-05-04T14:36:03.457,17.270,-0.650,0.262,0.753
1714822563467,2024-05-04T14:36:03.467,17.280,-0.646,0.271,0.748
1714822563477,2024-05-04T14:36:03.477,17.290,-0.678,0.274,0.723
1714822563487,2024-05-04T14:36:03.487,17.300,-0.745,0.272,0.685
1714822563497,2024-05-04T14:36:03.497,17.310,-0.694,0.307,0.720
1714822563507,2024-05-04T14:36:03.507,17.320,-0.500,0.336,0.798
1714822563517,2024-05-04T14:36:03.517,17.330,-0.353,0.336,0.854
1714822563527,2024-05-04T14:36:03.527,17.340,-0.336,0.317,0.826
1714822563537,2024-05-04T14:36:03.537,17.350,-0.419,0.288,0.791
1714822563547,2024-05-04T14:36:03.547,17.360,-0.461,0.259,0.729
1714822563557,2024-05-04T14:36:03.557,17.370,-0.441,0.280,0.641
1714822563567,2024-05-04T14:36:03.567,17.380,-0.347,0.300,0.643
1714822563577,2024-05-04T14:36:03.577,17.390,-0.318,0.292,0.684
1714822563587,2024-05-04T14:36:03.587,17.400,-0.315,0.276,0.757
1714822563597,2024-05-04T14:36:03.597,17.410,-0.130,0.280,0.884
1714822563607,2024-05-04T14:36:03.607,17.420,0.063,0.281,0.979
1714822563617,2024-05-04T14:36:03.617,17.430,0.097,0.262,0.990
1714822563627,2024-05-04T14:36:03.627,17.440,-0.015,0.254,0.928
1714822563637,2024-05-04T14:36:03.637,17.450,-0.094,0.261,0.888
1714822563647,2024-05-04T14:36:03.647,17.460,-0.068,0.265,0.874
1714822563657,2024-05-04T14:36:03.657,17.470,-0.042,0.261,0.863
1714822563667,2024-05-04T14:36:03.667,17.480,-0.002,0.269,0.895
1714822563677,2024-05-04T14:36:03.677,17.490,0.100,0.272,0.956
1714822563687,2024-05-04T14:36:03.687,17.500,0.223,0.260,0.963
1714822563697,2024-05-04T14:36:03.697,17.510,0.278,0.274,0.956
1714822563707,2024-05-04T14:36:03.707,17.520,0.146,0.267,1.002
1714822563717,2024-05-04T14:36:03.717,17.530,0.027,0.236,1.019
1714822563727,2024-05-04T14:36:03.727,17.540,0.077,0.231,1.031
1714822563737,2024-05-04T14:36:03.737,17.550,0.174,0.250,1.049
1714822563747,2024-05-04T14:36:03.747,17.560,0.211,0.280,1.053
1714822563757,2024-05-04T14:36:03.757,17.570,0.246,0.295,1.072
1714822563767,2024-05-04T14:36:03.767,17.580,0.306,0.299,1.087
1714822563777,2024-05-04T14:36:03.777,17.590,0.314,0.306,1.112
1714822563787,2024-05-04T14:36:03.787,17.600,0.262,0.335,1.070
1714822563797,2024-05-04T14:36:03.797,17.610,0.128,0.336,1.021
1714822563807,2024-05-04T14:36:03.807,17.620,0.020,0.303,1.001
1714822563817,2024-05-04T14:36:03.817,17.630,0.063,0.270,0.982
1714822563827,2024-05-04T14:36:03.827,17.640,0.112,0.272,0.959
1714822563837,2024-05-04T14:36:03.837,17.650,0.102,0.300,0.951
1714822563847,2024-05-04T14:36:03.847,17.660,0.079,0.304,0.998
1714822563857,2024-05-04T14:36:03.857,17.670,0.079,0.272,1.052
1714822563867,2024-05-04T14:36:03.867,17.680,0.108,0.250,1.060
1714822563877,2024-05-04T14:36:03.877,17.690,0.144,0.278,1.023
1714822563887,2024-05-04T14:36:03.887,17.700,0.132,0.304,0.992
1714822563897,2024-05-04T14:36:03.897,17.710,0.016,0.267,1.000
1714822563907,2024-05-04T14:36:03.907,17.720,-0.077,0.216,1.004
1714822563917,2024-05-04T14:36:03.917,17.730,-0.049,0.206,1.003
1714822563927,2024-05-04T14:36:03.927,17.740,0.042,0.219,1.017
1714822563937,2024-05-04T14:36:03.937,17.750,0.090,0.230,1.032
1714822563947,2024-05-04T14:36:03.947,17.760,0.096,0.232,1.022
1714822563957,2024-05-04T14:36:03.957,17.770,0.089,0.237,0.989
1714822563967,2024-05-04T14:36:03.967,17.780,0.072,0.255,0.969
1714822563977,2024-05-04T14:36:03.977,17.790,0.044,0.260,0.978
1714822563987,2024-05-04T14:36:03.987,17.800,0.000,0.243,0.990
1714822563997,2024-05-04T14:36:03.997,17.810,-0.020,0.218,1.005
1714822564007,2024-05-04T14:36:04.007,17.820,0.009,0.204,1.030
1714822564017,2024-05-04T14:36:04.017,17.830,0.055,0.197,1.020
1714822564027,2024-05-04T14:36:04.027,17.840,0.089,0.207,0.972
1714822564037,2024-05-04T14:36:04.037,17.850,0.085,0.231,0.943
1714822564047,2024-05-04T14:36:04.047,17.860,0.053,0.245,0.938
1714822564057,2024-05-04T14:36:04.057,17.870,0.021,0.243,0.934
1714822564067,2024-05-04T14:36:04.067,17.880,0.010,0.240,0.941
1714822564077,2024-05-04T14:36:04.077,17.890,0.037,0.242,0.959
1714822564087,2024-05-04T14:36:04.087,17.900,0.059,0.238,0.968
1714822564097,2024-05-04T14:36:04.097,17.910,0.054,0.231,0.960
1714822564107,2024-05-04T14:36:04.107,17.920,0.053,0.235,0.944
1714822564117,2024-05-04T14:36:04.117,17.930,0.065,0.245,0.936
1714822564127,2024-05-04T14:36:04.127,17.940,0.063,0.242,0.941
1714822564137,2024-05-04T14:36:04.137,17.950,0.049,0.229,0.946
1714822564147,2024-05-04T14:36:04.147,17.960,0.050,0.226,0.956
1714822564157,2024-05-04T14:36:04.157,17.970,0.083,0.227,0.975
1714822564167,2024-05-04T14:36:04.167,17.980,0.116,0.231,0.994
1714822564177,2024-05-04T14:36:04.177,17.990,0.154,0.234,1.011
1714822564187,2024-05-04T14:36:04.187,18.000,0.205,0.236,1.015
1714822564197,2024-05-04T14:36:04.197,18.010,0.282,0.238,1.044
1714822564207,2024-05-04T14:36:04.207,18.020,0.330,0.235,1.067
1714822564217,2024-05-04T14:36:04.217,18.030,0.351,0.225,1.060
1714822564227,2024-05-04T14:36:04.227,18.040,0.412,0.211,1.108
1714822564237,2024-05-04T14:36:04.237,18.050,0.463,0.210,1.140
1714822564247,2024-05-04T14:36:04.247,18.060,0.475,0.192,1.131
1714822564257,2024-05-04T14:36:04.257,18.070,0.399,0.158,1.063
1714822564267,2024-05-04T14:36:04.267,18.080,0.311,0.119,0.986
1714822564277,2024-05-04T14:36:04.277,18.090,0.196,0.098,0.947
1714822564287,2024-05-04T14:36:04.287,18.100,0.112,0.068,1.000
1714822564297,2024-05-04T14:36:04.297,18.110,0.087,0.049,1.072
1714822564307,2024-05-04T14:36:04.307,18.120,0.078,0.088,1.126
1714822564317,2024-05-04T14:36:04.317,18.130,0.051,0.142,1.148
1714822564327,2024-05-04T14:36:04.327,18.140,-0.016,0.167,1.080
1714822564337,2024-05-04T14:36:04.337,18.150,-0.117,0.108,0.944
1714822564347,2024-05-04T14:36:04.347,18.160,-0.221,0.089,0.693
1714822564357,2024-05-04T14:36:04.357,18.170,0.233,0.019,0.983
1714822564367,2024-05-04T14:36:04.367,18.180,-0.261,0.086,0.657
1714822564377,2024-05-04T14:36:04.377,18.190,-0.982,0.050,0.191
1714822564387,2024-05-04T14:36:04.387,18.200,-1.266,0.016,-0.080
1714822564397,2024-05-04T14:36:04.397,18.210,-1.603,-0.029,-0.340
1714822564407,2024-05-04T14:36:04.407,18.220,-1.835,0.047,-0.528
1714822564417,2024-05-04T14:36:04.417,18.230,-1.796,0.220,-0.652
1714822564427,2024-05-04T14:36:04.427,18.240,-1.838,0.411,-0.681
1714822564437,2024-05-04T14:36:04.437,18.250,-1.697,0.784,-0.560
1714822564447,2024-05-04T14:36:04.447,18.260,-1.104,0.936,-0.323
1714822564457,2024-05-04T14:36:04.457,18.270,-0.444,0.601,0.125
1714822564467,2024-05-04T14:36:04.467,18.280,-0.184,0.259,0.514
1714822564477,2024-05-04T14:36:04.477,18.290,-0.556,0.025,0.813
1714822564487,2024-05-04T14:36:04.487,18.300,-0.960,-0.126,0.914
1714822564497,2024-05-04T14:36:04.497,18.310,-1.110,0.065,0.811
1714822564507,2024-05-04T14:36:04.507,18.320,-1.091,0.175,0.627
1714822564517,2024-05-04T14:36:04.517,18.330,-1.088,0.141,0.387
1714822564527,2024-05-04T14:36:04.527,18.340,-1.143,0.218,0.119
1714822564537,2024-05-04T14:36:04.537,18.350,-1.206,0.298,-0.076
1714822564547,2024-05-04T14:36:04.547,18.360,-1.187,0.248,-0.130
1714822564557,2024-05-04T14:36:04.557,18.370,-1.133,0.183,-0.101
1714822564567,2024-05-04T14:36:04.567,18.380,-1.103,0.167,-0.067
1714822564577,2024-05-04T14:36:04.577,18.390,-1.095,0.166,-0.048
1714822564587,2024-05-04T14:36:04.587,18.400,-1.094,0.151,-0.031
1714822564597,2024-05-04T14:36:04.597,18.410,-1.076,0.166,0.010
1714822564607,2024-05-04T14:36:04.607,18.420,-1.021,0.197,0.097
1714822564617,2024-05-04T14:36:04.617,18.430,-0.958,0.213,0.212
1714822564627,2024-05-04T14:36:04.627,18.440,-0.895,0.250,0.317
1714822564637,2024-05-04T14:36:04.637,18.450,-0.871,0.276,0.349
1714822564647,2024-05-04T14:36:04.647,18.460,-0.871,0.297,0.335
1714822564657,2024-05-04T14:36:04.657,18.470,-0.885,0.326,0.323
1714822564667,2024-05-04T14:36:04.667,18.480,-0.900,0.345,0.310
1714822564677,2024-05-04T14:36:04.677,18.490,-0.899,0.338,0.295
1714822564687,2024-05-04T14:36:04.687,18.500,-0.889,0.315,0.344
1714822564697,2024-05-04T14:36:04.697,18.510,-0.885,0.295,0.411
1714822564707,2024-05-04T14:36:04.707,18.520,-0.886,0.290,0.437
1714822564717,2024-05-04T14:36:04.717,18.530,-0.871,0.302,0.454
1714822564727,2024-05-04T14:36:04.727,18.540,-0.852,0.297,0.481
1714822564737,2024-05-04T14:36:04.737,18.550,-0.846,0.299,0.505
1714822564747,2024-05-04T14:36:04.747,18.560,-0.837,0.312,0.490
1714822564757,2024-05-04T14:36:04.757,18.570,-0.834,0.302,0.457
1714822564767,2024-05-04T14:36:04.767,18.580,-0.873,0.276,0.435
1714822564777,2024-05-04T14:36:04.777,18.590,-0.883,0.287,0.445
1714822564787,2024-05-04T14:36:04.787,18.600,-0.854,0.292,0.452
1714822564797,2024-05-04T14:36:04.797,18.610,-0.844,0.275,0.511
1714822564807,2024-05-04T14:36:04.807,18.620,-0.851,0.259,0.584
1714822564817,2024-05-04T14:36:04.817,18.630,-0.870,0.240,0.600
1714822564827,2024-05-04T14:36:04.827,18.640,-0.866,0.227,0.574
1714822564837,2024-05-04T14:36:04.837,18.650,-0.864,0.232,0.540
1714822564847,2024-05-04T14:36:04.847,18.660,-0.836,0.243,0.523
1714822564857,2024-05-04T14:36:04.857,18.670,-0.771,0.255,0.549
1714822564867,2024-05-04T14:36:04.867,18.680,-0.724,0.264,0.592
1714822564877,2024-05-04T14:36:04.877,18.690,-0.716,0.253,0.656
1714822564887,2024-05-04T14:36:04.887,18.700,-0.702,0.237,0.750
1714822564897,2024-05-04T14:36:04.897,18.710,-0.671,0.229,0.860
1714822564907,2024-05-04T14:36:04.907,18.720,-0.648,0.227,0.910
1714822564917,2024-05-04T14:36:04.917,18.730,-0.611,0.250,0.893
1714822564927,2024-05-04T14:36:04.927,18.740,-0.576,0.287,0.817
1714822564937,2024-05-04T14:36:04.937,18.750,-0.584,0.303,0.724
1714822564947,2024-05-04T14:36:04.947,18.760,-0.613,0.278,0.663
1714822564957,2024-05-04T14:36:04.957,18.770,-0.649,0.253,0.646
1714822564967,2024-05-04T14:36:04.967,18.780,-0.673,0.251,0.699
1714822564977,2024-05-04T14:36:04.977,18.790,-0.616,0.243,0.838
1714822564987,2024-05-04T14:36:04.987,18.800,-0.477,0.243,0.956
1714822564997,2024-05-04T14:36:04.997,18.810,-0.330,0.243,1.012
1714822565007,2024-05-04T14:36:05.007,18.820,-0.291,0.250,0.974
1714822565017,2024-05-04T14:36:05.017,18.830,-0.361,0.271,0.875
1714822565027,2024-05-04T14:36:05.027,18.840,-0.420,0.267,0.804
1714822565037,2024-05-04T14:36:05.037,18.850,-0.400,0.253,0.763
1714822565047,2024-05-04T14:36:05.047,18.860,-0.370,0.250,0.789
1714822565057,2024-05-04T14:36:05.057,18.870,-0.401,0.242,0.837
1714822565067,2024-05-04T14:36:05.067,18.880,-0.386,0.234,0.922
1714822565077,2024-05-04T14:36:05.077,18.890,-0.263,0.239,0.997
1714822565087,2024-05-04T14:36:05.087,18.900,-0.164,0.251,1.024
1714822565097,2024-05-04T14:36:05.097,18.910,-0.184,0.264,0.973
1714822565107,2024-05-04T14:36:05.107,18.920,-0.287,0.250,0.919
1714822565117,2024-05-04T14:36:05.117,18.930,-0.334,0.231,0.863
1714822565127,2024-05-04T14:36:05.127,18.940,-0.228,0.237,0.863
1714822565137,2024-05-04T14:36:05.137,18.950,-0.070,0.249,0.925
1714822565147,2024-05-04T14:36:05.147,18.960,0.039,0.250,1.002
1714822565157,2024-05-04T14:36:05.157,18.970,0.062,0.243,1.032
1714822565167,2024-05-04T14:36:05.167,18.980,0.019,0.238,1.030
1714822565177,2024-05-04T14:36:05.177,18.990,0.005,0.239,1.014
1714822565187,2024-05-04T14:36:05.187,19.000,0.048,0.250,0.980
1714822565197,2024-05-04T14:36:05.197,19.010,0.088,0.262,0.946
1714822565207,2024-05-04T14:36:05.207,19.020,0.088,0.278,0.903
1714822565217,2024-05-04T14:36:05.217,19.030,0.057,0.306,0.869
1714822565227,2024-05-04T14:36:05.227,19.040,0.050,0.317,0.895
1714822565237,2024-05-04T14:36:05.237,19.050,0.080,0.274,0.964
1714822565247,2024-05-04T14:36:05.247,19.060,0.125,0.224,1.017
1714822565257,2024-05-04T14:36:05.257,19.070,0.171,0.222,1.049
1714822565267,2024-05-04T14:36:05.267,19.080,0.168,0.249,1.034
1714822565277,2024-05-04T14:36:05.277,19.090,0.101,0.278,0.981
1714822565287,2024-05-04T14:36:05.287,19.100,0.031,0.289,0.950
1714822565297,2024-05-04T14:36:05.297,19.110,0.016,0.279,0.950
1714822565307,2024-05-04T14:36:05.307,19.120,0.063,0.264,0.970
1714822565317,2024-05-04T14:36:05.317,19.130,0.090,0.255,0.999
1714822565327,2024-05-04T14:36:05.327,19.140,0.109,0.253,1.008
1714822565337,2024-05-04T14:36:05.337,19.150,0.155,0.266,0.990
1714822565347,2024-05-04T14:36:05.347,19.160,0.191,0.274,0.966
1714822565357,2024-05-04T14:36:05.357,19.170,0.168,0.278,0.941
1714822565367,2024-05-04T14:36:05.367,19.180,0.092,0.285,0.938
1714822565377,2024-05-04T14:36:05.377,19.190,0.017,0.285,0.944
1714822565387,2024-05-04T14:36:05.387,19.200,-0.003,0.268,0.958
1714822565397,2024-05-04T14:36:05.397,19.210,0.055,0.256,0.983
1714822565407,2024-05-04T14:36:05.407,19.220,0.102,0.251,1.000
1714822565417,2024-05-04T14:36:05.417,19.230,0.126,0.253,0.992
1714822565427,2024-05-04T14:36:05.427,19.240,0.144,0.271,0.981
1714822565437,2024-05-04T14:36:05.437,19.250,0.133,0.293,0.951
1714822565447,2024-05-04T14:36:05.447,19.260,0.070,0.302,0.948
1714822565457,2024-05-04T14:36:05.457,19.270,0.017,0.277,0.963
1714822565467,2024-05-04T14:36:05.467,19.280,0.004,0.252,0.968
1714822565477,2024-05-04T14:36:05.477,19.290,0.038,0.250,0.981
1714822565487,2024-05-04T14:36:05.487,19.300,0.096,0.254,0.995
1714822565497,2024-05-04T14:36:05.497,19.310,0.130,0.260,0.994
1714822565507,2024-05-04T14:36:05.507,19.320,0.133,0.277,0.979
1714822565517,2024-05-04T14:36:05.517,19.330,0.122,0.300,0.959
1714822565527,2024-05-04T14:36:05.527,19.340,0.085,0.321,0.952
1714822565537,2024-05-04T14:36:05.537,19.350,0.042,0.315,0.955
1714822565547,2024-05-04T14:36:05.547,19.360,0.014,0.283,0.965
1714822565557,2024-05-04T14:36:05.557,19.370,0.017,0.255,0.981
1714822565567,2024-05-04T14:36:05.567,19.380,0.058,0.258,0.998
1714822565577,2024-05-04T14:36:05.577,19.390,0.101,0.271,0.998
1714822565587,2024-05-04T14:36:05.587,19.400,0.124,0.273,0.993
1714822565597,2024-05-04T14:36:05.597,19.410,0.138,0.267,0.983
1714822565607,2024-05-04T14:36:05.607,19.420,0.126,0.269,0.969
1714822565617,2024-05-04T14:36:05.617,19.430,0.072,0.263,0.950
1714822565627,2024-05-04T14:36:05.627,19.440,0.028,0.240,0.954
1714822565637,2024-05-04T14:36:05.637,19.450,0.049,0.222,0.971
1714822565647,2024-05-04T14:36:05.647,19.460,0.083,0.222,0.979
1714822565657,2024-05-04T14:36:05.657,19.470,0.101,0.231,0.983
1714822565667,2024-05-04T14:36:05.667,19.480,0.126,0.249,0.997
1714822565677,2024-05-04T14:36:05.677,19.490,0.171,0.253,1.012
1714822565687,2024-05-04T14:36:05.687,19.500,0.212,0.250,1.026
1714822565697,2024-05-04T14:36:05.697,19.510,0.244,0.257,1.048
1714822565707,2024-05-04T14:36:05.707,19.520,0.300,0.266,1.074
1714822565717,2024-05-04T14:36:05.717,19.530,0.337,0.276,1.085
1714822565727,2024-05-04T14:36:05.727,19.540,0.365,0.282,1.089
1714822565737,2024-05-04T14:36:05.737,19.550,0.405,0.284,1.093
1714822565747,2024-05-04T14:36:05.747,19.560,0.436,0.278,1.080
1714822565757,2024-05-04T14:36:05.757,19.570,0.440,0.269,1.050
1714822565767,2024-05-04T14:36:05.767,19.580,0.400,0.239,1.040
1714822565777,2024-05-04T14:36:05.777,19.590,0.417,0.213,1.007
1714822565787,2024-05-04T14:36:05.787,19.600,0.486,0.197,0.968
1714822565797,2024-05-04T14:36:05.797,19.610,0.390,0.176,0.922
1714822565807,2024-05-04T14:36:05.807,19.620,0.210,0.149,0.849
1714822565817,2024-05-04T14:36:05.817,19.630,0.078,0.134,0.796
1714822565827,2024-05-04T14:36:05.827,19.640,-0.042,0.124,0.748
1714822565837,2024-05-04T14:36:05.837,19.650,-0.159,0.112,0.659
1714822565847,2024-05-04T14:36:05.847,19.660,-0.204,0.079,0.581
1714822565857,2024-05-04T14:36:05.857,19.670,-0.377,0.042,0.426
1714822565867,2024-05-04T14:36:05.867,19.680,-0.711,0.029,0.300
1714822565877,2024-05-04T14:36:05.877,19.690,-0.982,0.076,0.265
1714822565887,2024-05-04T14:36:05.887,19.700,-1.140,0.117,0.258
1714822565897,2024-05-04T14:36:05.897,19.710,-1.069,0.134,0.256
1714822565907,2024-05-04T14:36:05.907,19.720,-0.901,0.149,0.238
1714822565917,2024-05-04T14:36:05.917,19.730,-0.998,0.128,0.189
1714822565927,2024-05-04T14:36:05.927,19.740,-1.066,0.129,0.162
1714822565937,2024-05-04T14:36:05.937,19.750,-0.984,0.153,0.081
1714822565947,2024-05-04T14:36:05.947,19.760,-1.045,0.197,-0.109
1714822565957,2024-05-04T14:36:05.957,19.770,-1.340,0.163,-0.231
1714822565967,2024-05-04T14:36:05.967,19.780,-1.602,0.068,-0.312
1714822565977,2024-05-04T14:36:05.977,19.790,-1.640,0.056,-0.275
1714822565987,2024-05-04T14:36:05.987,19.800,-1.183,0.140,-0.168
1714822565997,2024-05-04T14:36:05.997,19.810,-0.811,0.088,-0.185
1714822566007,2024-05-04T14:36:06.007,19.820,-0.925,-0.016,-0.348
1714822566017,2024-05-04T14:36:06.017,19.830,-1.091,0.063,-0.548
1714822566027,2024-05-04T14:36:06.027,19.840,-1.062,0.093,-0.711
1714822566037,2024-05-04T14:36:06.037,19.850,-1.068,0.054,-0.863
1714822566047,2024-05-04T14:36:06.047,19.860,-1.173,0.046,-0.919
1714822566057,2024-05-04T14:36:06.057,19.870,-1.226,0.032,-0.866
1714822566067,2024-05-04T14:36:06.067,19.880,-1.208,0.020,-0.804
1714822566077,2024-05-04T14:36:06.077,19.890,-1.172,0.031,-0.744
1714822566087,2024-05-04T14:36:06.087,19.900,-1.143,0.055,-0.671
1714822566097,2024-05-04T14:36:06.097,19.910,-1.120,0.084,-0.602
1714822566107,2024-05-04T14:36:06.107,19.920,-1.086,0.123,-0.570
1714822566117,2024-05-04T14:36:06.117,19.930,-1.081,0.165,-0.537
1714822566127,2024-05-04T14:36:06.127,19.940,-1.126,0.200,-0.481
1714822566137,2024-05-04T14:36:06.137,19.950,-1.142,0.225,-0.376
1714822566147,2024-05-04T14:36:06.147,19.960,-1.143,0.223,-0.275
1714822566157,2024-05-04T14:36:06.157,19.970,-1.144,0.219,-0.168
1714822566167,2024-05-04T14:36:06.167,19.980,-1.081,0.227,-0.085
1714822566177,2024-05-04T14:36:06.177,19.990,-1.031,0.193,-0.022
1714822566187,2024-05-04T14:36:06.187,20.000,-1.039,0.179,-0.014
1714822566197,2024-05-04T14:36:06.197,20.010,-1.076,0.177,-0.029
1714822566207,2024-05-04T14:36:06.207,20.020,-1.096,0.198,-0.031
1714822566217,2024-05-04T14:36:06.217,20.030,-1.105,0.203,-0.019
1714822566227,2024-05-04T14:36:06.227,20.040,-1.120,0.192,0.065
1714822566237,2024-05-04T14:36:06.237,20.050,-1.021,0.195,0.302
1714822566247,2024-05-04T14:36:06.247,20.060,-0.840,0.188,0.562
1714822566257,2024-05-04T14:36:06.257,20.070,-0.755,0.170,0.697
1714822566267,2024-05-04T14:36:06.267,20.080,-0.730,0.196,0.679
1714822566277,2024-05-04T14:36:06.277,20.090,-0.671,0.251,0.538
1714822566287,2024-05-04T14:36:06.287,20.100,-0.696,0.264,0.404
1714822566297,2024-05-04T14:36:06.297,20.110,-0.835,0.240,0.367
1714822566307,2024-05-04T14:36:06.307,20.120,-0.849,0.222,0.443
1714822566317,2024-05-04T14:36:06.317,20.130,-0.625,0.216,0.640
1714822566327,2024-05-04T14:36:06.327,20.140,-0.355,0.194,0.889
1714822566337,2024-05-04T14:36:06.337,20.150,-0.224,0.176,1.043
1714822566347,2024-05-04T14:36:06.347,20.160,-0.258,0.199,1.039
1714822566357,2024-05-04T14:36:06.357,20.170,-0.359,0.249,0.918
1714822566367,2024-05-04T14:36:06.367,20.180,-0.464,0.279,0.735
1714822566377,2024-05-04T14:36:06.377,20.190,-0.552,0.239,0.543
1714822566387,2024-05-04T14:36:06.387,20.200,-0.623,0.176,0.456
1714822566397,2024-05-04T14:36:06.397,20.210,-0.570,0.182,0.551
1714822566407,2024-05-04T14:36:06.407,20.220,-0.311,0.243,0.758
1714822566417,2024-05-04T14:36:06.417,20.230,0.033,0.266,0.877
1714822566427,2024-05-04T14:36:06.427,20.240,0.262,0.248,0.928
1714822566437,2024-05-04T14:36:06.437,20.250,0.263,0.225,0.936
1714822566447,2024-05-04T14:36:06.447,20.260,0.052,0.210,0.863
1714822566457,2024-05-04T14:36:06.457,20.270,-0.085,0.208,0.860
1714822566467,2024-05-04T14:36:06.467,20.280,0.010,0.229,0.919
1714822566477,2024-05-04T14:36:06.477,20.290,0.042,0.214,1.000
1714822566487,2024-05-04T14:36:06.487,20.300,-0.021,0.192,1.090
1714822566497,2024-05-04T14:36:06.497,20.310,0.068,0.174,1.120
1714822566507,2024-05-04T14:36:06.507,20.320,0.199,0.185,1.069
1714822566517,2024-05-04T14:36:06.517,20.330,0.204,0.224,0.945
1714822566527,2024-05-04T14:36:06.527,20.340,0.084,0.244,0.871
1714822566537,2024-05-04T14:36:06.537,20.350,0.017,0.248,0.879
1714822566547,2024-05-04T14:36:06.547,20.360,0.044,0.226,0.929
1714822566557,2024-05-04T14:36:06.557,20.370,0.062,0.204,0.988
1714822566567,2024-05-04T14:36:06.567,20.380,0.103,0.203,1.044
1714822566577,2024-05-04T14:36:06.577,20.390,0.098,0.204,1.030
1714822566587,2024-05-04T14:36:06.587,20.400,0.052,0.210,0.998
1714822566597,2024-05-04T14:36:06.597,20.410,0.104,0.218,0.996
1714822566607,2024-05-04T14:36:06.607,20.420,0.170,0.239,1.003
1714822566617,2024-05-04T14:36:06.617,20.430,0.173,0.255,1.016
1714822566627,2024-05-04T14:36:06.627,20.440,0.115,0.244,1.019
1714822566637,2024-05-04T14:36:06.637,20.450,0.048,0.222,1.013
1714822566647,2024-05-04T14:36:06.647,20.460,0.125,0.210,1.026
1714822566657,2024-05-04T14:36:06.657,20.470,0.234,0.212,1.030
1714822566667,2024-05-04T14:36:06.667,20.480,0.216,0.215,1.012
1714822566677,2024-05-04T14:36:06.677,20.490,0.130,0.225,1.006
1714822566687,2024-05-04T14:36:06.687,20.500,0.075,0.233,1.017
1714822566697,2024-05-04T14:36:06.697,20.510,0.046,0.232,1.017
1714822566707,2024-05-04T14:36:06.707,20.520,0.034,0.229,1.015
1714822566717,2024-05-04T14:36:06.717,20.530,0.007,0.223,1.024
1714822566727,2024-05-04T14:36:06.727,20.540,0.001,0.216,1.015
1714822566737,2024-05-04T14:36:06.737,20.550,0.037,0.208,1.002
1714822566747,2024-05-04T14:36:06.747,20.560,0.065,0.201,0.986
1714822566757,2024-05-04T14:36:06.757,20.570,0.072,0.196,0.983
1714822566767,2024-05-04T14:36:06.767,20.580,0.074,0.202,0.988
1714822566777,2024-05-04T14:36:06.777,20.590,0.038,0.205,0.988
1714822566787,2024-05-04T14:36:06.787,20.600,0.001,0.201,0.988
1714822566797,2024-05-04T14:36:06.797,20.610,0.004,0.206,1.000
1714822566807,2024-05-04T14:36:06.807,20.620,0.031,0.215,1.021
1714822566817,2024-05-04T14:36:06.817,20.630,0.042,0.225,1.041
1714822566827,2024-05-04T14:36:06.827,20.640,0.049,0.226,1.031
1714822566837,2024-05-04T14:36:06.837,20.650,0.036,0.232,1.017
1714822566847,2024-05-04T14:36:06.847,20.660,0.024,0.233,1.008
1714822566857,2024-05-04T14:36:06.857,20.670,0.038,0.219,0.996
1714822566867,2024-05-04T14:36:06.867,20.680,0.042,0.210,0.991
1714822566877,2024-05-04T14:36:06.877,20.690,0.001,0.201,0.985
1714822566887,2024-05-04T14:36:06.887,20.700,-0.023,0.192,0.990
1714822566897,2024-05-04T14:36:06.897,20.710,0.010,0.199,1.003
1714822566907,2024-05-04T14:36:06.907,20.720,0.045,0.215,1.016
1714822566917,2024-05-04T14:36:06.917,20.730,0.044,0.230,1.013
1714822566927,2024-05-04T14:36:06.927,20.740,0.033,0.236,1.017
1714822566937,2024-05-04T14:36:06.937,20.750,0.052,0.227,1.046
1714822566947,2024-05-04T14:36:06.947,20.760,0.104,0.215,1.079
1714822566957,2024-05-04T14:36:06.957,20.770,0.152,0.219,1.051
1714822566967,2024-05-04T14:36:06.967,20.780,0.087,0.218,1.025
1714822566977,2024-05-04T14:36:06.977,20.790,-0.035,0.199,0.998
1714822566987,2024-05-04T14:36:06.987,20.800,0.001,0.177,0.997
1714822566997,2024-05-04T14:36:06.997,20.810,0.145,0.190,1.017
1714822567007,2024-05-04T14:36:07.007,20.820,0.215,0.225,1.026
1714822567017,2024-05-04T14:36:07.017,20.830,0.226,0.241,1.058
1714822567027,2024-05-04T14:36:07.027,20.840,0.296,0.238,1.135
1714822567037,2024-05-04T14:36:07.037,20.850,0.416,0.232,1.202
1714822567047,2024-05-04T14:36:07.047,20.860,0.521,0.242,1.229
1714822567057,2024-05-04T14:36:07.057,20.870,0.628,0.265,1.249
1714822567067,2024-05-04T14:36:07.067,20.880,0.605,0.279,1.229
1714822567077,2024-05-04T14:36:07.077,20.890,0.471,0.277,1.220
1714822567087,2024-05-04T14:36:07.087,20.900,0.493,0.286,1.187
1714822567097,2024-05-04T14:36:07.097,20.910,0.605,0.281,1.143
1714822567107,2024-05-04T14:36:07.107,20.920,0.608,0.177,1.106
1714822567117,2024-05-04T14:36:07.117,20.930,0.578,0.074,0.962
1714822567127,2024-05-04T14:36:07.127,20.940,0.416,0.106,0.840
1714822567137,2024-05-04T14:36:07.137,20.950,0.147,0.169,0.726
1714822567147,2024-05-04T14:36:07.147,20.960,-0.092,0.164,0.597
1714822567157,2024-05-04T14:36:07.157,20.970,-0.170,0.062,0.517
1714822567167,2024-05-04T14:36:07.167,20.980,-0.195,-0.049,0.159
1714822567177,2024-05-04T14:36:07.177,20.990,-0.126,-0.184,0.111
1714822567187,2024-05-04T14:36:07.187,21.000,-0.769,-0.059,-0.165
1714822567197,2024-05-04T14:36:07.197,21.010,-1.384,0.053,-0.324
1714822567207,2024-05-04T14:36:07.207,21.020,-1.562,0.155,-0.395
1714822567217,2024-05-04T14:36:07.217,21.030,-1.697,0.215,-0.509
1714822567227,2024-05-04T14:36:07.227,21.040,-1.783,0.306,-0.582
1714822567237,2024-05-04T14:36:07.237,21.050,-1.747,0.429,-0.417
1714822567247,2024-05-04T14:36:07.247,21.060,-1.508,0.534,-0.232
1714822567257,2024-05-04T14:36:07.257,21.070,-1.388,0.420,-0.170
1714822567267,2024-05-04T14:36:07.267,21.080,-1.279,0.155,-0.164
1714822567277,2024-05-04T14:36:07.277,21.090,-1.173,0.088,-0.249
1714822567287,2024-05-04T14:36:07.287,21.100,-1.178,0.197,-0.302
1714822567297,2024-05-04T14:36:07.297,21.110,-0.988,0.275,-0.225
1714822567307,2024-05-04T14:36:07.307,21.120,-0.640,0.209,-0.135
1714822567317,2024-05-04T14:36:07.317,21.130,-0.453,0.108,-0.114
1714822567327,2024-05-04T14:36:07.327,21.140,-0.534,0.087,-0.283
1714822567337,2024-05-04T14:36:07.337,21.150,-0.879,0.127,-0.587
1714822567347,2024-05-04T14:36:07.347,21.160,-1.098,0.202,-0.859
1714822567357,2024-05-04T14:36:07.357,21.170,-1.107,0.182,-0.982
1714822567367,2024-05-04T14:36:07.367,21.180,-1.096,0.126,-0.953
1714822567377,2024-05-04T14:36:07.377,21.190,-1.118,0.111,-0.897
1714822567387,2024-05-04T14:36:07.387,21.200,-1.091,0.099,-0.811
1714822567397,2024-05-04T14:36:07.397,21.210,-1.083,0.099,-0.688
1714822567407,2024-05-04T14:36:07.407,21.220,-1.092,0.120,-0.529
1714822567417,2024-05-04T14:36:07.417,21.230,-1.118,0.143,-0.400
1714822567427,2024-05-04T14:36:07.427,21.240,-1.182,0.166,-0.275
1714822567437,2024-05-04T14:36:07.437,21.250,-1.231,0.196,-0.167
1714822567447,2024-05-04T14:36:07.447,21.260,-1.199,0.230,-0.062
1714822567457,2024-05-04T14:36:07.457,21.270,-1.086,0.273,0.051
1714822567467,2024-05-04T14:36:07.467,21.280,-1.024,0.289,0.109
1714822567477,2024-05-04T14:36:07.477,21.290,-1.047,0.288,0.107
1714822567487,2024-05-04T14:36:07.487,21.300,-1.109,0.320,0.078
1714822567497,2024-05-04T14:36:07.497,21.310,-1.167,0.350,0.082
1714822567507,2024-05-04T14:36:07.507,21.320,-1.165,0.329,0.208
1714822567517,2024-05-04T14:36:07.517,21.330,-1.119,0.261,0.305
1714822567527,2024-05-04T14:36:07.527,21.340,-1.114,0.156,0.318
1714822567537,2024-05-04T14:36:07.537,21.350,-1.145,0.120,0.374
1714822567547,2024-05-04T14:36:07.547,21.360,-0.954,0.182,0.484
1714822567557,2024-05-04T14:36:07.557,21.370,-0.567,0.244,0.564
1714822567567,2024-05-04T14:36:07.567,21.380,-0.232,0.269,0.686
1714822567577,2024-05-04T14:36:07.577,21.390,-0.037,0.256,0.799
1714822567587,2024-05-04T14:36:07.587,21.400,0.004,0.212,0.888
1714822567597,2024-05-04T14:36:07.597,21.410,-0.055,0.215,0.945
1714822567607,2024-05-04T14:36:07.607,21.420,-0.122,0.253,0.909
1714822567617,2024-05-04T14:36:07.617,21.430,-0.246,0.256,0.842
1714822567627,2024-05-04T14:36:07.627,21.440,-0.318,0.270,0.789
1714822567637,2024-05-04T14:36:07.637,21.450,-0.141,0.288,0.748
1714822567647,2024-05-04T14:36:07.647,21.460,0.189,0.323,0.748
1714822567657,2024-05-04T14:36:07.657,21.470,0.367,0.362,0.879
1714822567667,2024-05-04T14:36:07.667,21.480,0.346,0.296,1.028
1714822567677,2024-05-04T14:36:07.677,21.490,0.292,0.160,1.088
1714822567687,2024-05-04T14:36:07.687,21.500,0.242,0.105,1.094
1714822567697,2024-05-04T14:36:07.697,21.510,0.182,0.143,1.039
1714822567707,2024-05-04T14:36:07.707,21.520,0.188,0.212,1.004
1714822567717,2024-05-04T14:36:07.717,21.530,0.206,0.241,0.978
1714822567727,2024-05-04T14:36:07.727,21.540,0.129,0.236,0.938
1714822567737,2024-05-04T14:36:07.737,21.550,0.021,0.228,0.913
1714822567747,2024-05-04T14:36:07.747,21.560,-0.042,0.218,0.946
1714822567757,2024-05-04T14:36:07.757,21.570,0.016,0.211,1.021
1714822567767,2024-05-04T14:36:07.767,21.580,0.139,0.198,1.082
1714822567777,2024-05-04T14:36:07.777,21.590,0.188,0.179,1.091
1714822567787,2024-05-04T14:36:07.787,21.600,0.111,0.172,1.076
1714822567797,2024-05-04T14:36:07.797,21.610,0.082,0.187,1.046
1714822567807,2024-05-04T14:36:07.807,21.620,0.129,0.199,0.998
1714822567817,2024-05-04T14:36:07.817,21.630,0.114,0.205,0.942
1714822567827,2024-05-04T14:36:07.827,21.640,0.029,0.206,0.958
1714822567837,2024-05-04T14:36:07.837,21.650,0.011,0.208,1.021
1714822567847,2024-05-04T14:36:07.847,21.660,0.078,0.187,1.068
1714822567857,2024-05-04T14:36:07.857,21.670,0.126,0.162,1.068
1714822567867,2024-05-04T14:36:07.867,21.680,0.132,0.175,1.043
1714822567877,2024-05-04T14:36:07.877,21.690,0.126,0.211,1.018
1714822567887,2024-05-04T14:36:07.887,21.700,0.090,0.222,1.017
1714822567897,2024-05-04T14:36:07.897,21.710,-0.010,0.192,1.018
1714822567907,2024-05-04T14:36:07.907,21.720,-0.078,0.178,0.999
1714822567917,2024-05-04T14:36:07.917,21.730,-0.048,0.185,1.008
1714822567927,2024-05-04T14:36:07.927,21.740,0.036,0.191,1.039
1714822567937,2024-05-04T14:36:07.937,21.750,0.085,0.183,1.050
1714822567947,2024-05-04T14:36:07.947,21.760,0.110,0.190,1.025
1714822567957,2024-05-04T14:36:07.957,21.770,0.143,0.216,0.991
1714822567967,2024-05-04T14:36:07.967,21.780,0.178,0.238,0.954
1714822567977,2024-05-04T14:36:07.977,21.790,0.165,0.236,0.919
1714822567987,2024-05-04T14:36:07.987,21.800,0.083,0.217,0.909
1714822567997,2024-05-04T14:36:07.997,21.810,-0.012,0.191,0.941
1714822568007,2024-05-04T14:36:08.007,21.820,-0.013,0.176,0.973
1714822568017,2024-05-04T14:36:08.017,21.830,0.073,0.171,0.994
1714822568027,2024-05-04T14:36:08.027,21.840,0.136,0.190,1.005
1714822568037,2024-05-04T14:36:08.037,21.850,0.132,0.212,1.001
1714822568047,2024-05-04T14:36:08.047,21.860,0.089,0.221,0.993
1714822568057,2024-05-04T14:36:08.057,21.870,0.070,0.203,0.972
1714822568067,2024-05-04T14:36:08.067,21.880,0.058,0.188,0.957
1714822568077,2024-05-04T14:36:08.077,21.890,0.026,0.189,0.971
1714822568087,2024-05-04T14:36:08.087,21.900,0.015,0.194,0.987
1714822568097,2024-05-04T14:36:08.097,21.910,0.015,0.192,0.996
1714822568107,2024-05-04T14:36:08.107,21.920,0.034,0.189,0.984
1714822568117,2024-05-04T14:36:08.117,21.930,0.069,0.194,0.963
1714822568127,2024-05-04T14:36:08.127,21.940,0.078,0.208,0.969
1714822568137,2024-05-04T14:36:08.137,21.950,0.054,0.213,0.967
1714822568147,2024-05-04T14:36:08.147,21.960,0.013,0.202,0.976
1714822568157,2024-05-04T14:36:08.157,21.970,0.003,0.194,0.988
1714822568167,2024-05-04T14:36:08.167,21.980,0.037,0.191,0.996
1714822568177,2024-05-04T14:36:08.177,21.990,0.065,0.195,0.993
1714822568187,2024-05-04T14:36:08.187,22.000,0.069,0.205,0.979
1714822568197,2024-05-04T14:36:08.197,22.010,0.048,0.215,0.972
1714822568207,2024-05-04T14:36:08.207,22.020,0.034,0.216,0.972
1714822568217,2024-05-04T14:36:08.217,22.030,0.044,0.203,0.981
1714822568227,2024-05-04T14:36:08.227,22.040,0.069,0.184,0.998
1714822568237,2024-05-04T14:36:08.237,22.050,0.096,0.172,1.017
1714822568247,2024-05-04T14:36:08.247,22.060,0.120,0.176,1.028
1714822568257,2024-05-04T14:36:08.257,22.070,0.150,0.187,1.039
1714822568267,2024-05-04T14:36:08.267,22.080,0.187,0.197,1.050
1714822568277,2024-05-04T14:36:08.277,22.090,0.211,0.196,1.063
1714822568287,2024-05-04T14:36:08.287,22.100,0.236,0.194,1.072
1714822568297,2024-05-04T14:36:08.297,22.110,0.302,0.190,1.114
1714822568307,2024-05-04T14:36:08.307,22.120,0.386,0.196,1.193
1714822568317,2024-05-04T14:36:08.317,22.130,0.540,0.211,1.264
1714822568327,2024-05-04T14:36:08.327,22.140,0.739,0.199,1.319
1714822568337,2024-05-04T14:36:08.337,22.150,0.835,0.178,1.249
1714822568347,2024-05-04T14:36:08.347,22.160,0.862,0.198,1.107
1714822568357,2024-05-04T14:36:08.357,22.170,0.968,0.261,1.005
1714822568367,2024-05-04T14:36:08.367,22.180,0.905,0.238,0.944
1714822568377,2024-05-04T14:36:08.377,22.190,0.689,0.136,0.844
1714822568387,2024-05-04T14:36:08.387,22.200,0.429,0.016,0.798
1714822568397,2024-05-04T14:36:08.397,22.210,0.259,-0.040,0.771
1714822568407,2024-05-04T14:36:08.407,22.220,0.180,-0.029,0.689
1714822568417,2024-05-04T14:36:08.417,22.230,-0.009,0.026,0.509
1714822568427,2024-05-04T14:36:08.427,22.240,-0.352,0.075,0.296
1714822568437,2024-05-04T14:36:08.437,22.250,-0.649,0.049,0.190
1714822568447,2024-05-04T14:36:08.447,22.260,-0.797,0.024,0.123
1714822568457,2024-05-04T14:36:08.457,22.270,-0.825,-0.022,0.029
1714822568467,2024-05-04T14:36:08.467,22.280,-0.800,0.006,-0.320
1714822568477,2024-05-04T14:36:08.477,22.290,-0.404,-0.153,-0.149
1714822568487,2024-05-04T14:36:08.487,22.300,-1.191,0.144,-0.457
1714822568497,2024-05-04T14:36:08.497,22.310,-1.939,0.241,-0.706
1714822568507,2024-05-04T14:36:08.507,22.320,-1.895,0.177,-0.577
1714822568517,2024-05-04T14:36:08.517,22.330,-1.649,0.145,-0.584
1714822568527,2024-05-04T14:36:08.527,22.340,-1.428,0.215,-0.647
1714822568537,2024-05-04T14:36:08.537,22.350,-1.455,0.255,-0.694
1714822568547,2024-05-04T14:36:08.547,22.360,-1.406,0.313,-0.557
1714822568557,2024-05-04T14:36:08.557,22.370,-1.171,0.283,-0.461
1714822568567,2024-05-04T14:36:08.567,22.380,-1.036,0.129,-0.396
1714822568577,2024-05-04T14:36:08.577,22.390,-1.110,0.020,-0.369
1714822568587,2024-05-04T14:36:08.587,22.400,-1.048,0.075,-0.432
1714822568597,2024-05-04T14:36:08.597,22.410,-0.757,0.195,-0.502
1714822568607,2024-05-04T14:36:08.607,22.420,-0.526,0.177,-0.521
1714822568617,2024-05-04T14:36:08.617,22.430,-0.530,0.098,-0.534
1714822568627,2024-05-04T14:36:08.627,22.440,-0.753,0.056,-0.586
1714822568637,2024-05-04T14:36:08.637,22.450,-0.946,0.063,-0.618
1714822568647,2024-05-04T14:36:08.647,22.460,-1.043,0.069,-0.632
1714822568657,2024-05-04T14:36:08.657,22.470,-1.101,0.052,-0.668
1714822568667,2024-05-04T14:36:08.667,22.480,-1.139,0.071,-0.704
1714822568677,2024-05-04T14:36:08.677,22.490,-1.139,0.121,-0.738
1714822568687,2024-05-04T14:36:08.687,22.500,-1.134,0.178,-0.737
1714822568697,2024-05-04T14:36:08.697,22.510,-1.130,0.218,-0.722
1714822568707,2024-05-04T14:36:08.707,22.520,-1.127,0.214,-0.693
1714822568717,2024-05-04T14:36:08.717,22.530,-1.146,0.193,-0.636
1714822568727,2024-05-04T14:36:08.727,22.540,-1.179,0.185,-0.532
1714822568737,2024-05-04T14:36:08.737,22.550,-1.146,0.199,-0.415
1714822568747,2024-05-04T14:36:08.747,22.560,-1.072,0.199,-0.294
1714822568757,2024-05-04T14:36:08.757,22.570,-1.028,0.186,-0.231
1714822568767,2024-05-04T14:36:08.767,22.580,-1.099,0.176,-0.221
1714822568777,2024-05-04T14:36:08.777,22.590,-1.174,0.198,-0.211
1714822568787,2024-05-04T14:36:08.787,22.600,-1.149,0.233,-0.187
1714822568797,2024-05-04T14:36:08.797,22.610,-1.116,0.231,-0.158
1714822568807,2024-05-04T14:36:08.807,22.620,-1.104,0.207,-0.075
1714822568817,2024-05-04T14:36:08.817,22.630,-1.083,0.187,0.057
1714822568827,2024-05-04T14:36:08.827,22.640,-1.027,0.179,0.167
1714822568837,2024-05-04T14:36:08.837,22.650,-0.959,0.201,0.216
1714822568847,2024-05-04T14:36:08.847,22.660,-0.918,0.217,0.254
1714822568857,2024-05-04T14:36:08.857,22.670,-0.914,0.212,0.297
1714822568867,2024-05-04T14:36:08.867,22.680,-0.940,0.208,0.360
1714822568877,2024-05-04T14:36:08.877,22.690,-0.956,0.209,0.473
1714822568887,2024-05-04T14:36:08.887,22.700,-0.952,0.195,0.579
1714822568897,2024-05-04T14:36:08.897,22.710,-0.866,0.170,0.601
1714822568907,2024-05-04T14:36:08.907,22.720,-0.743,0.203,0.542
1714822568917,2024-05-04T14:36:08.917,22.730,-0.627,0.236,0.505
1714822568927,2024-05-04T14:36:08.927,22.740,-0.579,0.236,0.516
1714822568937,2024-05-04T14:36:08.937,22.750,-0.589,0.228,0.566
1714822568947,2024-05-04T14:36:08.947,22.760,-0.553,0.214,0.665
1714822568957,2024-05-04T14:36:08.957,22.770,-0.438,0.190,0.809
1714822568967,2024-05-04T14:36:08.967,22.780,-0.292,0.174,0.945
1714822568977,2024-05-04T14:36:08.977,22.790,-0.225,0.186,0.989
1714822568987,2024-05-04T14:36:08.987,22.800,-0.248,0.217,0.945
1714822568997,2024-05-04T14:36:08.997,22.810,-0.278,0.248,0.852
1714822569007,2024-05-04T14:36:09.007,22.820,-0.292,0.259,0.775
1714822569017,2024-05-04T14:36:09.017,22.830,-0.309,0.250,0.738
1714822569027,2024-05-04T14:36:09.027,22.840,-0.332,0.240,0.744
1714822569037,2024-05-04T14:36:09.037,22.850,-0.336,0.239,0.818
1714822569047,2024-05-04T14:36:09.047,22.860,-0.279,0.229,0.928
1714822569057,2024-05-04T14:36:09.057,22.870,-0.188,0.218,0.982
1714822569067,2024-05-04T14:36:09.067,22.880,-0.091,0.223,0.973
1714822569077,2024-05-04T14:36:09.077,22.890,-0.006,0.258,0.940
1714822569087,2024-05-04T14:36:09.087,22.900,0.012,0.294,0.900
1714822569097,2024-05-04T14:36:09.097,22.910,-0.046,0.299,0.863
1714822569107,2024-05-04T14:36:09.107,22.920,-0.113,0.282,0.844
1714822569117,2024-05-04T14:36:09.117,22.930,-0.113,0.265,0.868
1714822569127,2024-05-04T14:36:09.127,22.940,-0.035,0.257,0.940
1714822569137,2024-05-04T14:36:09.137,22.950,0.044,0.229,0.991
1714822569147,2024-05-04T14:36:09.147,22.960,0.057,0.214,1.001
1714822569157,2024-05-04T14:36:09.157,22.970,0.039,0.239,0.961
1714822569167,2024-05-04T14:36:09.167,22.980,0.032,0.266,0.922
1714822569177,2024-05-04T14:36:09.177,22.990,0.058,0.277,0.904
1714822569187,2024-05-04T14:36:09.187,23.000,0.064,0.277,0.895
1714822569197,2024-05-04T14:36:09.197,23.010,0.029,0.274,0.906
1714822569207,2024-05-04T14:36:09.207,23.020,0.015,0.256,0.931
1714822569217,2024-05-04T14:36:09.217,23.030,0.026,0.229,0.964
1714822569227,2024-05-04T14:36:09.227,23.040,0.020,0.211,0.980
1714822569237,2024-05-04T14:36:09.237,23.050,0.025,0.204,0.963
1714822569247,2024-05-04T14:36:09.247,23.060,0.060,0.215,0.919
1714822569257,2024-05-04T14:36:09.257,23.070,0.066,0.238,0.904
1714822569267,2024-05-04T14:36:09.267,23.080,0.040,0.266,0.918
1714822569277,2024-05-04T14:36:09.277,23.090,0.012,0.260,0.944
1714822569287,2024-05-04T14:36:09.287,23.100,0.006,0.221,0.982
1714822569297,2024-05-04T14:36:09.297,23.110,0.040,0.200,1.005
1714822569307,2024-05-04T14:36:09.307,23.120,0.076,0.202,1.019
1714822569317,2024-05-04T14:36:09.317,23.130,0.097,0.211,1.009
1714822569327,2024-05-04T14:36:09.327,23.140,0.086,0.210,0.977
1714822569337,2024-05-04T14:36:09.337,23.150,0.082,0.218,0.939
1714822569347,2024-05-04T14:36:09.347,23.160,0.079,0.239,0.920
1714822569357,2024-05-04T14:36:09.357,23.170,0.058,0.252,0.943
1714822569367,2024-05-04T14:36:09.367,23.180,0.043,0.243,0.990
1714822569377,2024-05-04T14:36:09.377,23.190,0.070,0.223,1.037
1714822569387,2024-05-04T14:36:09.387,23.200,0.105,0.208,1.053
1714822569397,2024-05-04T14:36:09.397,23.210,0.114,0.213,1.049
1714822569407,2024-05-04T14:36:09.407,23.220,0.122,0.224,1.018
1714822569417,2024-05-04T14:36:09.417,23.230,0.113,0.237,0.981
1714822569427,2024-05-04T14:36:09.427,23.240,0.087,0.249,0.957
1714822569437,2024-05-04T14:36:09.437,23.250,0.046,0.251,0.954
1714822569447,2024-05-04T14:36:09.447,23.260,0.007,0.247,0.975
1714822569457,2024-05-04T14:36:09.457,23.270,0.002,0.228,1.009
1714822569467,2024-05-04T14:36:09.467,23.280,0.022,0.209,1.042
1714822569477,2024-05-04T14:36:09.477,23.290,0.037,0.196,1.049
1714822569487,2024-05-04T14:36:09.487,23.300,0.054,0.193,1.031
1714822569497,2024-05-04T14:36:09.497,23.310,0.071,0.201,1.002
1714822569507,2024-05-04T14:36:09.507,23.320,0.071,0.219,0.988
1714822569517,2024-05-04T14:36:09.517,23.330,0.067,0.226,0.991
1714822569527,2024-05-04T14:36:09.527,23.340,0.075,0.215,1.020
1714822569537,2024-05-04T14:36:09.537,23.350,0.090,0.197,1.045
1714822569547,2024-05-04T14:36:09.547,23.360,0.087,0.187,1.056
1714822569557,2024-05-04T14:36:09.557,23.370,0.095,0.185,1.069
1714822569567,2024-05-04T14:36:09.567,23.380,0.133,0.173,1.072
1714822569577,2024-05-04T14:36:09.577,23.390,0.150,0.169,1.059
1714822569587,2024-05-04T14:36:09.587,23.400,0.126,0.187,1.037
1714822569597,2024-05-04T14:36:09.597,23.410,0.103,0.196,1.031
1714822569607,2024-05-04T14:36:09.607,23.420,0.111,0.179,1.062
1714822569617,2024-05-04T14:36:09.617,23.430,0.206,0.165,1.115
1714822569627,2024-05-04T14:36:09.627,23.440,0.344,0.153,1.189
1714822569637,2024-05-04T14:36:09.637,23.450,0.440,0.131,1.244
1714822569647,2024-05-04T14:36:09.647,23.460,0.483,0.117,1.236
1714822569657,2024-05-04T14:36:09.657,23.470,0.466,0.141,1.174
1714822569667,2024-05-04T14:36:09.667,23.480,0.391,0.177,1.128
1714822569677,2024-05-04T14:36:09.677,23.490,0.270,0.199,1.115
1714822569687,2024-05-04T14:36:09.687,23.500,0.213,0.206,1.113
1714822569697,2024-05-04T14:36:09.697,23.510,0.288,0.202,1.125
1714822569707,2024-05-04T14:36:09.707,23.520,0.464,0.189,1.194
1714822569717,2024-05-04T14:36:09.717,23.530,0.649,0.163,1.311
1714822569727,2024-05-04T14:36:09.727,23.540,0.663,0.088,1.286
1714822569737,2024-05-04T14:36:09.737,23.550,0.446,0.044,1.099
1714822569747,2024-05-04T14:36:09.747,23.560,0.223,0.071,0.916
1714822569757,2024-05-04T14:36:09.757,23.570,0.155,0.121,0.612
1714822569767,2024-05-04T14:36:09.767,23.580,0.449,0.084,0.570
1714822569777,2024-05-04T14:36:09.777,23.590,-0.380,0.013,0.204
1714822569787,2024-05-04T14:36:09.787,23.600,-1.634,-0.082,0.081
1714822569797,2024-05-04T14:36:09.797,23.610,-2.068,-0.058,0.076
1714822569807,2024-05-04T14:36:09.807,23.620,-1.839,0.072,-0.021
1714822569817,2024-05-04T14:36:09.817,23.630,-1.323,0.233,-0.096
1714822569827,2024-05-04T14:36:09.827,23.640,-0.861,0.330,-0.110
1714822569837,2024-05-04T14:36:09.837,23.650,-0.768,0.444,-0.150
1714822569847,2024-05-04T14:36:09.847,23.660,-1.078,0.362,-0.010
1714822569857,2024-05-04T14:36:09.857,23.670,-1.315,0.087,0.243
1714822569867,2024-05-04T14:36:09.867,23.680,-1.332,-0.081,0.390
1714822569877,2024-05-04T14:36:09.877,23.690,-1.272,-0.034,0.324
1714822569887,2024-05-04T14:36:09.887,23.700,-1.208,-0.036,0.165
1714822569897,2024-05-04T14:36:09.897,23.710,-1.072,-0.089,-0.059
1714822569907,2024-05-04T14:36:09.907,23.720,-1.033,0.031,-0.305
1714822569917,2024-05-04T14:36:09.917,23.730,-1.213,0.135,-0.514
1714822569927,2024-05-04T14:36:09.927,23.740,-1.368,0.094,-0.638
1714822569937,2024-05-04T14:36:09.937,23.750,-1.383,0.023,-0.616
1714822569947,2024-05-04T14:36:09.947,23.760,-1.359,0.038,-0.498
1714822569957,2024-05-04T14:36:09.957,23.770,-1.333,0.066,-0.426
1714822569967,2024-05-04T14:36:09.967,23.780,-1.291,0.069,-0.374
1714822569977,2024-05-04T14:36:09.977,23.790,-1.220,0.113,-0.281
1714822569987,2024-05-04T14:36:09.987,23.800,-1.150,0.175,-0.180
1714822569997,2024-05-04T14:36:09.997,23.810,-1.087,0.205,-0.057
1714822570007,2024-05-04T14:36:10.007,23.820,-1.008,0.240,0.042
1714822570017,2024-05-04T14:36:10.017,23.830,-0.922,0.284,0.115
1714822570027,2024-05-04T14:36:10.027,23.840,-0.865,0.314,0.169
1714822570037,2024-05-04T14:36:10.037,23.850,-0.856,0.302,0.229
1714822570047,2024-05-04T14:36:10.047,23.860,-0.900,0.294,0.279
1714822570057,2024-05-04T14:36:10.057,23.870,-0.961,0.297,0.289
1714822570067,2024-05-04T14:36:10.067,23.880,-0.981,0.321,0.295
1714822570077,2024-05-04T14:36:10.077,23.890,-0.944,0.350,0.341
1714822570087,2024-05-04T14:36:10.087,23.900,-0.889,0.374,0.399
1714822570097,2024-05-04T14:36:10.097,23.910,-0.844,0.355,0.401
1714822570107,2024-05-04T14:36:10.107,23.920,-0.828,0.336,0.367
1714822570117,2024-05-04T14:36:10.117,23.930,-0.784,0.332,0.364
1714822570127,2024-05-04T14:36:10.127,23.940,-0.795,0.333,0.358
1714822570137,2024-05-04T14:36:10.137,23.950,-0.827,0.347,0.365
1714822570147,2024-05-04T14:36:10.147,23.960,-0.810,0.363,0.377
1714822570157,2024-05-04T14:36:10.157,23.970,-0.770,0.359,0.407
1714822570167,2024-05-04T14:36:10.167,23.980,-0.709,0.349,0.554
1714822570177,2024-05-04T14:36:10.177,23.990,-0.634,0.332,0.719
1714822570187,2024-05-04T14:36:10.187,24.000,-0.610,0.317,0.805
1714822570197,2024-05-04T14:36:10.197,24.010,-0.605,0.330,0.801
1714822570207,2024-05-04T14:36:10.207,24.020,-0.604,0.358,0.711
1714822570217,2024-05-04T14:36:10.217,24.030,-0.619,0.369,0.627
1714822570227,2024-05-04T14:36:10.227,24.040,-0.663,0.359,0.561
1714822570237,2024-05-04T14:36:10.237,24.050,-0.696,0.334,0.541
1714822570247,2024-05-04T14:36:10.247,24.060,-0.654,0.317,0.659
1714822570257,2024-05-04T14:36:10.257,24.070,-0.524,0.300,0.838
1714822570267,2024-05-04T14:36:10.267,24.080,-0.435,0.273,0.939
1714822570277,2024-05-04T14:36:10.277,24.090,-0.395,0.272,0.973
1714822570287,2024-05-04T14:36:10.287,24.100,-0.367,0.299,0.946
1714822570297,2024-05-04T14:36:10.297,24.110,-0.390,0.318,0.868
1714822570307,2024-05-04T14:36:10.307,24.120,-0.426,0.310,0.761
1714822570317,2024-05-04T14:36:10.317,24.130,-0.499,0.291,0.662
1714822570327,2024-05-04T14:36:10.327,24.140,-0.568,0.288,0.642
1714822570337,2024-05-04T14:36:10.337,24.150,-0.536,0.295,0.734
1714822570347,2024-05-04T14:36:10.347,24.160,-0.367,0.282,0.904
1714822570357,2024-05-04T14:36:10.357,24.170,-0.194,0.239,1.040
1714822570367,2024-05-04T14:36:10.367,24.180,-0.146,0.224,1.065
1714822570377,2024-05-04T14:36:10.377,24.190,-0.183,0.240,0.996
1714822570387,2024-05-04T14:36:10.387,24.200,-0.232,0.273,0.907
1714822570397,2024-05-04T14:36:10.397,24.210,-0.251,0.291,0.829
1714822570407,2024-05-04T14:36:10.407,24.220,-0.259,0.281,0.788
1714822570417,2024-05-04T14:36:10.417,24.230,-0.275,0.264,0.818
1714822570427,2024-05-04T14:36:10.427,24.240,-0.271,0.255,0.908
1714822570437,2024-05-04T14:36:10.437,24.250,-0.207,0.238,1.004
1714822570447,2024-05-04T14:36:10.447,24.260,-0.111,0.210,1.067
1714822570457,2024-05-04T14:36:10.457,24.270,-0.029,0.193,1.061
1714822570467,2024-05-04T14:36:10.467,24.280,0.010,0.209,1.016
1714822570477,2024-05-04T14:36:10.477,24.290,0.019,0.241,0.959
1714822570487,2024-05-04T14:36:10.487,24.300,0.018,0.267,0.927
1714822570497,2024-05-04T14:36:10.497,24.310,-0.003,0.268,0.929
1714822570507,2024-05-04T14:36:10.507,24.320,-0.070,0.250,0.959
1714822570517,2024-05-04T14:36:10.517,24.330,-0.077,0.226,1.017
1714822570527,2024-05-04T14:36:10.527,24.340,0.018,0.213,1.084
1714822570537,2024-05-04T14:36:10.537,24.350,0.115,0.205,1.101
1714822570547,2024-05-04T14:36:10.547,24.360,0.148,0.210,1.058
1714822570557,2024-05-04T14:36:10.557,24.370,0.129,0.231,1.009
1714822570567,2024-05-04T14:36:10.567,24.380,0.109,0.249,0.978
1714822570577,2024-05-04T14:36:10.577,24.390,0.092,0.257,0.962
1714822570587,2024-05-04T14:36:10.587,24.400,0.049,0.255,0.966
1714822570597,2024-05-04T14:36:10.597,24.410,0.024,0.237,0.999
1714822570607,2024-05-04T14:36:10.607,24.420,0.037,0.215,1.033
1714822570617,2024-05-04T14:36:10.617,24.430,0.043,0.196,1.057
1714822570627,2024-05-04T14:36:10.627,24.440,0.028,0.196,1.055
1714822570637,2024-05-04T14:36:10.637,24.450,-0.001,0.207,1.035
1714822570647,2024-05-04T14:36:10.647,24.460,-0.032,0.223,1.008
1714822570657,2024-05-04T14:36:10.657,24.470,-0.053,0.232,0.987
1714822570667,2024-05-04T14:36:10.667,24.480,-0.071,0.221,0.983
1714822570677,2024-05-04T14:36:10.677,24.490,-0.074,0.206,0.995
1714822570687,2024-05-04T14:36:10.687,24.500,-0.042,0.206,1.019
1714822570697,2024-05-04T14:36:10.697,24.510,0.002,0.204,1.040
1714822570707,2024-05-04T14:36:10.707,24.520,0.041,0.206,1.042
1714822570717,2024-05-04T14:36:10.717,24.530,0.040,0.203,1.016
1714822570727,2024-05-04T14:36:10.727,24.540,-0.004,0.215,0.982
1714822570737,2024-05-04T14:36:10.737,24.550,-0.052,0.231,0.963
1714822570747,2024-05-04T14:36:10.747,24.560,-0.080,0.225,0.969
1714822570757,2024-05-04T14:36:10.757,24.570,-0.096,0.210,0.995
1714822570767,2024-05-04T14:36:10.767,24.580,-0.072,0.199,1.027
1714822570777,2024-05-04T14:36:10.777,24.590,-0.012,0.192,1.041
1714822570787,2024-05-04T14:36:10.787,24.600,0.030,0.192,1.041
1714822570797,2024-05-04T14:36:10.797,24.610,0.044,0.200,1.015
1714822570807,2024-05-04T14:36:10.807,24.620,0.042,0.220,0.992
1714822570817,2024-05-04T14:36:10.817,24.630,0.031,0.221,0.974
1714822570827,2024-05-04T14:36:10.827,24.640,0.002,0.205,0.976
1714822570837,2024-05-04T14:36:10.837,24.650,-0.022,0.192,0.998
1714822570847,2024-05-04T14:36:10.847,24.660,-0.008,0.182,1.031
1714822570857,2024-05-04T14:36:10.857,24.670,0.042,0.180,1.061
1714822570867,2024-05-04T14:36:10.867,24.680,0.081,0.181,1.067
1714822570877,2024-05-04T14:36:10.877,24.690,0.096,0.187,1.063
1714822570887,2024-05-04T14:36:10.887,24.700,0.120,0.198,1.046
1714822570897,2024-05-04T14:36:10.897,24.710,0.159,0.213,1.026
1714822570907,2024-05-04T14:36:10.907,24.720,0.192,0.223,1.007
1714822570917,2024-05-04T14:36:10.917,24.730,0.187,0.214,0.988
1714822570927,2024-05-04T14:36:10.927,24.740,0.192,0.196,0.998
1714822570937,2024-05-04T14:36:10.937,24.750,0.271,0.188,1.065
1714822570947,2024-05-04T14:36:10.947,24.760,0.323,0.183,1.123
1714822570957,2024-05-04T14:36:10.957,24.770,0.268,0.181,1.122
1714822570967,2024-05-04T14:36:10.967,24.780,0.199,0.176,1.118
1714822570977,2024-05-04T14:36:10.977,24.790,0.179,0.175,1.089
1714822570987,2024-05-04T14:36:10.987,24.800,0.165,0.144,1.062
1714822570997,2024-05-04T14:36:10.997,24.810,0.198,0.121,1.049
1714822571007,2024-05-04T14:36:11.007,24.820,0.166,0.131,1.018
1714822571017,2024-05-04T14:36:11.017,24.830,0.045,0.133,1.026
1714822571027,2024-05-04T14:36:11.027,24.840,-0.001,0.133,1.113
1714822571037,2024-05-04T14:36:11.037,24.850,0.026,0.161,1.169
1714822571047,2024-05-04T14:36:11.047,24.860,-0.022,0.154,1.143
1714822571057,2024-05-04T14:36:11.057,24.870,-0.060,0.115,1.074
1714822571067,2024-05-04T14:36:11.067,24.880,-0.099,0.122,0.927
1714822571077,2024-05-04T14:36:11.077,24.890,-0.139,0.121,0.505
1714822571087,2024-05-04T14:36:11.087,24.900,0.265,-0.063,0.792
1714822571097,2024-05-04T14:36:11.097,24.910,-0.437,0.052,0.500
1714822571107,2024-05-04T14:36:11.107,24.920,-1.178,0.022,0.176
1714822571117,2024-05-04T14:36:11.117,24.930,-1.139,-0.039,0.166
1714822571127,2024-05-04T14:36:11.127,24.940,-1.098,0.079,0.041
1714822571137,2024-05-04T14:36:11.137,24.950,-1.231,0.344,-0.143
1714822571147,2024-05-04T14:36:11.147,24.960,-1.583,0.500,-0.304
1714822571157,2024-05-04T14:36:11.157,24.970,-2.027,0.527,-0.280
1714822571167,2024-05-04T14:36:11.167,24.980,-1.813,0.485,-0.026
1714822571177,2024-05-04T14:36:11.177,24.990,-1.141,0.412,0.286
1714822571187,2024-05-04T14:36:11.187,25.000,-0.738,0.235,0.464
1714822571197,2024-05-04T14:36:11.197,25.010,-0.532,0.107,0.380
1714822571207,2024-05-04T14:36:11.207,25.020,-0.563,0.201,0.218
1714822571217,2024-05-04T14:36:11.217,25.030,-0.901,0.174,0.048
1714822571227,2024-05-04T14:36:11.227,25.040,-1.211,0.088,-0.078
1714822571237,2024-05-04T14:36:11.237,25.050,-1.204,0.143,-0.158
1714822571247,2024-05-04T14:36:11.247,25.060,-1.108,0.154,-0.223
1714822571257,2024-05-04T14:36:11.257,25.070,-1.131,0.114,-0.277
1714822571267,2024-05-04T14:36:11.267,25.080,-1.187,0.106,-0.329
1714822571277,2024-05-04T14:36:11.277,25.090,-1.153,0.120,-0.430
1714822571287,2024-05-04T14:36:11.287,25.100,-1.066,0.132,-0.502
1714822571297,2024-05-04T14:36:11.297,25.110,-1.022,0.141,-0.490
1714822571307,2024-05-04T14:36:11.307,25.120,-1.039,0.160,-0.400
1714822571317,2024-05-04T14:36:11.317,25.130,-1.025,0.169,-0.283
1714822571327,2024-05-04T14:36:11.327,25.140,-1.013,0.179,-0.150
1714822571337,2024-05-04T14:36:11.337,25.150,-1.001,0.202,-0.079
1714822571347,2024-05-04T14:36:11.347,25.160,-0.982,0.225,-0.051
1714822571357,2024-05-04T14:36:11.357,25.170,-1.001,0.255,-0.020
1714822571367,2024-05-04T14:36:11.367,25.180,-0.997,0.299,-0.004
1714822571377,2024-05-04T14:36:11.377,25.190,-0.982,0.313,0.033
1714822571387,2024-05-04T14:36:11.387,25.200,-0.953,0.313,0.088
1714822571397,2024-05-04T14:36:11.397,25.210,-0.910,0.314,0.100
1714822571407,2024-05-04T14:36:11.407,25.220,-0.904,0.296,0.095
1714822571417,2024-05-04T14:36:11.417,25.230,-0.898,0.297,0.122
1714822571427,2024-05-04T14:36:11.427,25.240,-0.890,0.305,0.177
1714822571437,2024-05-04T14:36:11.437,25.250,-0.906,0.305,0.244
1714822571447,2024-05-04T14:36:11.447,25.260,-0.947,0.296,0.299
1714822571457,2024-05-04T14:36:11.457,25.270,-1.016,0.292,0.309
1714822571467,2024-05-04T14:36:11.467,25.280,-1.045,0.274,0.301
1714822571477,2024-05-04T14:36:11.477,25.290,-1.040,0.258,0.283
1714822571487,2024-05-04T14:36:11.487,25.300,-1.014,0.266,0.258
1714822571497,2024-05-04T14:36:11.497,25.310,-0.958,0.297,0.260
1714822571507,2024-05-04T14:36:11.507,25.320,-0.895,0.308,0.300
1714822571517,2024-05-04T14:36:11.517,25.330,-0.836,0.295,0.392
1714822571527,2024-05-04T14:36:11.527,25.340,-0.798,0.264,0.470
1714822571537,2024-05-04T14:36:11.537,25.350,-0.783,0.218,0.539
1714822571547,2024-05-04T14:36:11.547,25.360,-0.844,0.199,0.583
1714822571557,2024-05-04T14:36:11.557,25.370,-0.895,0.218,0.574
1714822571567,2024-05-04T14:36:11.567,25.380,-0.887,0.246,0.546
1714822571577,2024-05-04T14:36:11.577,25.390,-0.858,0.266,0.547
1714822571587,2024-05-04T14:36:11.587,25.400,-0.775,0.274,0.584
1714822571597,2024-05-04T14:36:11.597,25.410,-0.674,0.267,0.665
1714822571607,2024-05-04T14:36:11.607,25.420,-0.582,0.250,0.784
1714822571617,2024-05-04T14:36:11.617,25.430,-0.499,0.229,0.867
1714822571627,2024-05-04T14:36:11.627,25.440,-0.511,0.213,0.854
1714822571637,2024-05-04T14:36:11.637,25.450,-0.617,0.215,0.799
1714822571647,2024-05-04T14:36:11.647,25.460,-0.678,0.224,0.739
1714822571657,2024-05-04T14:36:11.657,25.470,-0.678,0.240,0.700
1714822571667,2024-05-04T14:36:11.667,25.480,-0.638,0.252,0.694
1714822571677,2024-05-04T14:36:11.677,25.490,-0.555,0.261,0.725
1714822571687,2024-05-04T14:36:11.687,25.500,-0.462,0.271,0.791
1714822571697,2024-05-04T14:36:11.697,25.510,-0.384,0.260,0.873
1714822571707,2024-05-04T14:36:11.707,25.520,-0.327,0.235,0.950
1714822571717,2024-05-04T14:36:11.717,25.530,-0.301,0.221,0.979
1714822571727,2024-05-04T14:36:11.727,25.540,-0.311,0.216,0.951
1714822571737,2024-05-04T14:36:11.737,25.550,-0.396,0.206,0.877
1714822571747,2024-05-04T14:36:11.747,25.560,-0.510,0.203,0.798
1714822571757,2024-05-04T14:36:11.757,25.570,-0.559,0.241,0.764
1714822571767,2024-05-04T14:36:11.767,25.580,-0.498,0.286,0.798
1714822571777,2024-05-04T14:36:11.777,25.590,-0.380,0.277,0.867
1714822571787,2024-05-04T14:36:11.787,25.600,-0.299,0.229,0.947
1714822571797,2024-05-04T14:36:11.797,25.610,-0.253,0.195,1.017
1714822571807,2024-05-04T14:36:11.807,25.620,-0.247,0.185,1.051
1714822571817,2024-05-04T14:36:11.817,25.630,-0.272,0.183,1.034
1714822571827,2024-05-04T14:36:11.827,25.640,-0.272,0.197,0.990
1714822571837,2024-05-04T14:36:11.837,25.650,-0.247,0.218,0.936
1714822571847,2024-05-04T14:36:11.847,25.660,-0.214,0.237,0.908
1714822571857,2024-05-04T14:36:11.857,25.670,-0.230,0.241,0.908
1714822571867,2024-05-04T14:36:11.867,25.680,-0.303,0.231,0.909
1714822571877,2024-05-04T14:36:11.877,25.690,-0.313,0.214,0.938
1714822571887,2024-05-04T14:36:11.887,25.700,-0.215,0.196,0.994
1714822571897,2024-05-04T14:36:11.897,25.710,-0.123,0.178,1.028
1714822571907,2024-05-04T14:36:11.907,25.720,-0.106,0.170,1.016
1714822571917,2024-05-04T14:36:11.917,25.730,-0.133,0.190,0.962
1714822571927,2024-05-04T14:36:11.927,25.740,-0.184,0.227,0.908
1714822571937,2024-05-04T14:36:11.937,25.750,-0.213,0.244,0.884
1714822571947,2024-05-04T14:36:11.947,25.760,-0.202,0.245,0.903
1714822571957,2024-05-04T14:36:11.957,25.770,-0.156,0.227,0.966
1714822571967,2024-05-04T14:36:11.967,25.780,-0.078,0.194,1.030
1714822571977,2024-05-04T14:36:11.977,25.790,0.016,0.172,1.069
1714822571987,2024-05-04T14:36:11.987,25.800,0.089,0.173,1.085
1714822571997,2024-05-04T14:36:11.997,25.810,0.116,0.200,1.060
1714822572007,2024-05-04T14:36:12.007,25.820,0.088,0.234,1.002
1714822572017,2024-05-04T14:36:12.017,25.830,0.017,0.251,0.957
1714822572027,2024-05-04T14:36:12.027,25.840,-0.046,0.238,0.942
1714822572037,2024-05-04T14:36:12.037,25.850,-0.082,0.209,0.951
1714822572047,2024-05-04T14:36:12.047,25.860,-0.089,0.196,0.973
1714822572057,2024-05-04T14:36:12.057,25.870,-0.029,0.209,1.006
1714822572067,2024-05-04T14:36:12.067,25.880,0.063,0.233,1.055
1714822572077,2024-05-04T14:36:12.077,25.890,0.119,0.240,1.085
1714822572087,2024-05-04T14:36:12.087,25.900,0.129,0.231,1.072
1714822572097,2024-05-04T14:36:12.097,25.910,0.116,0.228,1.026
1714822572107,2024-05-04T14:36:12.107,25.920,0.098,0.217,0.983
1714822572117,2024-05-04T14:36:12.117,25.930,0.071,0.192,0.944
1714822572127,2024-05-04T14:36:12.127,25.940,0.025,0.178,0.927
1714822572137,2024-05-04T14:36:12.137,25.950,-0.034,0.185,0.935
1714822572147,2024-05-04T14:36:12.147,25.960,-0.053,0.201,0.965
1714822572157,2024-05-04T14:36:12.157,25.970,0.014,0.210,1.015
1714822572167,2024-05-04T14:36:12.167,25.980,0.097,0.199,1.046
1714822572177,2024-05-04T14:36:12.177,25.990,0.148,0.179,1.040
1714822572187,2024-05-04T14:36:12.187,26.000,0.168,0.174,1.008
1714822572197,2024-05-04T14:36:12.197,26.010,0.150,0.181,0.974
1714822572207,2024-05-04T14:36:12.207,26.020,0.104,0.195,0.969
1714822572217,2024-05-04T14:36:12.217,26.030,0.078,0.206,0.978
1714822572227,2024-05-04T14:36:12.227,26.040,0.089,0.202,1.009
1714822572237,2024-05-04T14:36:12.237,26.050,0.133,0.188,1.026
1714822572247,2024-05-04T14:36:12.247,26.060,0.166,0.180,1.034
1714822572257,2024-05-04T14:36:12.257,26.070,0.170,0.174,1.026
1714822572267,2024-05-04T14:36:12.267,26.080,0.151,0.178,1.002
1714822572277,2024-05-04T14:36:12.277,26.090,0.140,0.197,0.985
1714822572287,2024-05-04T14:36:12.287,26.100,0.150,0.219,0.986
1714822572297,2024-05-04T14:36:12.297,26.110,0.174,0.224,0.998
1714822572307,2024-05-04T14:36:12.307,26.120,0.185,0.210,1.021
1714822572317,2024-05-04T14:36:12.317,26.130,0.183,0.201,1.054
1714822572327,2024-05-04T14:36:12.327,26.140,0.204,0.196,1.095
1714822572337,2024-05-04T14:36:12.337,26.150,0.242,0.180,1.122
1714822572347,2024-05-04T14:36:12.347,26.160,0.271,0.174,1.137
1714822572357,2024-05-04T14:36:12.357,26.170,0.285,0.182,1.141
1714822572367,2024-05-04T14:36:12.367,26.180,0.297,0.190,1.160
1714822572377,2024-05-04T14:36:12.377,26.190,0.346,0.195,1.179
1714822572387,2024-05-04T14:36:12.387,26.200,0.441,0.173,1.161
1714822572397,2024-05-04T14:36:12.397,26.210,0.507,0.124,1.147
1714822572407,2024-05-04T14:36:12.407,26.220,0.572,0.115,1.201
1714822572417,2024-05-04T14:36:12.417,26.230,0.739,0.124,1.329
1714822572427,2024-05-04T14:36:12.427,26.240,0.948,0.105,1.355
1714822572437,2024-05-04T14:36:12.437,26.250,1.003,0.075,1.177
1714822572447,2024-05-04T14:36:12.447,26.260,0.847,0.065,0.887
1714822572457,2024-05-04T14:36:12.457,26.270,0.476,0.121,0.605
1714822572467,2024-05-04T14:36:12.467,26.280,-0.002,0.195,0.444
1714822572477,2024-05-04T14:36:12.477,26.290,-0.411,0.190,0.355
1714822572487,2024-05-04T14:36:12.487,26.300,-0.527,0.180,0.305
1714822572497,2024-05-04T14:36:12.497,26.310,-0.489,0.249,0.349
1714822572507,2024-05-04T14:36:12.507,26.320,-0.524,0.267,0.375
1714822572517,2024-05-04T14:36:12.517,26.330,-0.463,0.277,0.274
1714822572527,2024-05-04T14:36:12.527,26.340,-0.222,0.243,0.378
1714822572537,2024-05-04T14:36:12.537,26.350,-0.980,0.246,0.173
1714822572547,2024-05-04T14:36:12.547,26.360,-1.654,0.070,0.116
1714822572557,2024-05-04T14:36:12.557,26.370,-1.500,-0.089,0.288
1714822572567,2024-05-04T14:36:12.567,26.380,-1.122,-0.021,0.438
1714822572577,2024-05-04T14:36:12.577,26.390,-1.018,0.015,0.317
1714822572587,2024-05-04T14:36:12.587,26.400,-1.054,0.031,0.067
1714822572597,2024-05-04T14:36:12.597,26.410,-1.124,0.025,-0.175
1714822572607,2024-05-04T14:36:12.607,26.420,-1.132,-0.022,-0.320
1714822572617,2024-05-04T14:36:12.617,26.430,-1.112,-0.070,-0.478
1714822572627,2024-05-04T14:36:12.627,26.440,-1.125,-0.062,-0.603
1714822572637,2024-05-04T14:36:12.637,26.450,-1.142,-0.054,-0.653
1714822572647,2024-05-04T14:36:12.647,26.460,-1.205,-0.088,-0.695
1714822572657,2024-05-04T14:36:12.657,26.470,-1.282,-0.108,-0.765
1714822572667,2024-05-04T14:36:12.667,26.480,-1.306,-0.071,-0.814
1714822572677,2024-05-04T14:36:12.677,26.490,-1.238,-0.028,-0.778
1714822572687,2024-05-04T14:36:12.687,26.500,-1.149,-0.013,-0.670
1714822572697,2024-05-04T14:36:12.697,26.510,-1.105,0.030,-0.553
1714822572707,2024-05-04T14:36:12.707,26.520,-1.053,0.092,-0.445
1714822572717,2024-05-04T14:36:12.717,26.530,-0.990,0.159,-0.373
1714822572727,2024-05-04T14:36:12.727,26.540,-0.992,0.200,-0.350
1714822572737,2024-05-04T14:36:12.737,26.550,-1.062,0.216,-0.323
1714822572747,2024-05-04T14:36:12.747,26.560,-1.115,0.229,-0.253
1714822572757,2024-05-04T14:36:12.757,26.570,-1.096,0.227,-0.154
1714822572767,2024-05-04T14:36:12.767,26.580,-1.028,0.220,-0.059
1714822572777,2024-05-04T14:36:12.777,26.590,-0.995,0.209,-0.017
1714822572787,2024-05-04T14:36:12.787,26.600,-0.987,0.214,-0.014
1714822572797,2024-05-04T14:36:12.797,26.610,-0.973,0.216,-0.017
1714822572807,2024-05-04T14:36:12.807,26.620,-1.011,0.211,-0.023
1714822572817,2024-05-04T14:36:12.817,26.630,-1.081,0.214,-0.013
1714822572827,2024-05-04T14:36:12.827,26.640,-1.121,0.218,0.043
1714822572837,2024-05-04T14:36:12.837,26.650,-1.103,0.229,0.114
1714822572847,2024-05-04T14:36:12.847,26.660,-1.063,0.243,0.161
1714822572857,2024-05-04T14:36:12.857,26.670,-1.019,0.251,0.188
1714822572867,2024-05-04T14:36:12.867,26.680,-0.995,0.248,0.204
1714822572877,2024-05-04T14:36:12.877,26.690,-0.996,0.238,0.220
1714822572887,2024-05-04T14:36:12.887,26.700,-0.934,0.243,0.332
1714822572897,2024-05-04T14:36:12.897,26.710,-0.895,0.215,0.432
1714822572907,2024-05-04T14:36:12.907,26.720,-0.906,0.176,0.458
1714822572917,2024-05-04T14:36:12.917,26.730,-0.928,0.188,0.450
1714822572927,2024-05-04T14:36:12.927,26.740,-0.970,0.226,0.404
1714822572937,2024-05-04T14:36:12.937,26.750,-0.956,0.234,0.388
1714822572947,2024-05-04T14:36:12.947,26.760,-0.880,0.231,0.419
1714822572957,2024-05-04T14:36:12.957,26.770,-0.793,0.206,0.482
1714822572967,2024-05-04T14:36:12.967,26.780,-0.734,0.185,0.577
1714822572977,2024-05-04T14:36:12.977,26.790,-0.696,0.187,0.710
1714822572987,2024-05-04T14:36:12.987,26.800,-0.666,0.208,0.782
1714822572997,2024-05-04T14:36:12.997,26.810,-0.667,0.238,0.761
1714822573007,2024-05-04T14:36:13.007,26.820,-0.701,0.238,0.662
1714822573017,2024-05-04T14:36:13.017,26.830,-0.711,0.233,0.574
1714822573027,2024-05-04T14:36:13.027,26.840,-0.719,0.255,0.557
1714822573037,2024-05-04T14:36:13.037,26.850,-0.709,0.254,0.625
1714822573047,2024-05-04T14:36:13.047,26.860,-0.653,0.216,0.767
1714822573057,2024-05-04T14:36:13.057,26.870,-0.527,0.174,0.902
1714822573067,2024-05-04T14:36:13.067,26.880,-0.368,0.170,0.929
1714822573077,2024-05-04T14:36:13.077,26.890,-0.232,0.194,0.897
1714822573087,2024-05-04T14:36:13.087,26.900,-0.207,0.208,0.860
1714822573097,2024-05-04T14:36:13.097,26.910,-0.229,0.195,0.828
1714822573107,2024-05-04T14:36:13.107,26.920,-0.314,0.197,0.802
1714822573117,2024-05-04T14:36:13.117,26.930,-0.458,0.196,0.797
1714822573127,2024-05-04T14:36:13.127,26.940,-0.566,0.192,0.833
1714822573137,2024-05-04T14:36:13.137,26.950,-0.414,0.200,0.891
1714822573147,2024-05-04T14:36:13.147,26.960,-0.088,0.205,0.955
1714822573157,2024-05-04T14:36:13.157,26.970,0.123,0.192,1.008
1714822573167,2024-05-04T14:36:13.167,26.980,0.162,0.180,0.999
1714822573177,2024-05-04T14:36:13.177,26.990,0.079,0.198,0.948
1714822573187,2024-05-04T14:36:13.187,27.000,-0.008,0.211,0.925
1714822573197,2024-05-04T14:36:13.197,27.010,-0.030,0.194,0.936
1714822573207,2024-05-04T14:36:13.207,27.020,-0.050,0.167,0.956
1714822573217,2024-05-04T14:36:13.217,27.030,-0.083,0.160,0.968
1714822573227,2024-05-04T14:36:13.227,27.040,-0.102,0.167,0.980
1714822573237,2024-05-04T14:36:13.237,27.050,-0.063,0.184,0.974
1714822573247,2024-05-04T14:36:13.247,27.060,0.030,0.193,0.956
1714822573257,2024-05-04T14:36:13.257,27.070,0.082,0.214,0.950
1714822573267,2024-05-04T14:36:13.267,27.080,0.076,0.236,0.949
1714822573277,2024-05-04T14:36:13.277,27.090,0.071,0.246,0.971
1714822573287,2024-05-04T14:36:13.287,27.100,0.091,0.217,1.006
1714822573297,2024-05-04T14:36:13.297,27.110,0.108,0.173,1.018
1714822573307,2024-05-04T14:36:13.307,27.120,0.121,0.162,1.006
1714822573317,2024-05-04T14:36:13.317,27.130,0.119,0.199,0.974
1714822573327,2024-05-04T14:36:13.327,27.140,0.104,0.226,0.941
1714822573337,2024-05-04T14:36:13.337,27.150,0.093,0.224,0.923
1714822573347,2024-05-04T14:36:13.347,27.160,0.081,0.219,0.919
1714822573357,2024-05-04T14:36:13.357,27.170,0.053,0.217,0.925
1714822573367,2024-05-04T14:36:13.367,27.180,0.038,0.209,0.958
1714822573377,2024-05-04T14:36:13.377,27.190,0.078,0.199,1.000
1714822573387,2024-05-04T14:36:13.387,27.200,0.126,0.183,1.010
1714822573397,2024-05-04T14:36:13.397,27.210,0.160,0.167,0.992
1714822573407,2024-05-04T14:36:13.407,27.220,0.175,0.174,0.956
1714822573417,2024-05-04T14:36:13.417,27.230,0.151,0.197,0.941
1714822573427,2024-05-04T14:36:13.427,27.240,0.092,0.207,0.947
1714822573437,2024-05-04T14:36:13.437,27.250,0.041,0.193,0.970
1714822573447,2024-05-04T14:36:13.447,27.260,0.076,0.174,1.018
1714822573457,2024-05-04T14:36:13.457,27.270,0.148,0.166,1.044
1714822573467,2024-05-04T14:36:13.467,27.280,0.156,0.170,1.027
1714822573477,2024-05-04T14:36:13.477,27.290,0.114,0.183,0.992
1714822573487,2024-05-04T14:36:13.487,27.300,0.077,0.190,0.976
1714822573497,2024-05-04T14:36:13.497,27.310,0.066,0.189,0.972
1714822573507,2024-05-04T14:36:13.507,27.320,0.036,0.184,0.979
1714822573517,2024-05-04T14:36:13.517,27.330,0.030,0.185,0.996
1714822573527,2024-05-04T14:36:13.527,27.340,0.091,0.193,1.018
1714822573537,2024-05-04T14:36:13.537,27.350,0.163,0.185,1.030
1714822573547,2024-05-04T14:36:13.547,27.360,0.194,0.173,1.032
1714822573557,2024-05-04T14:36:13.557,27.370,0.192,0.174,1.013
1714822573567,2024-05-04T14:36:13.567,27.380,0.169,0.184,0.993
1714822573577,2024-05-04T14:36:13.577,27.390,0.126,0.198,0.985
1714822573587,2024-05-04T14:36:13.587,27.400,0.059,0.198,0.988
1714822573597,2024-05-04T14:36:13.597,27.410,0.011,0.176,1.004
1714822573607,2024-05-04T14:36:13.607,27.420,0.055,0.163,1.023
1714822573617,2024-05-04T14:36:13.617,27.430,0.155,0.160,1.043
1714822573627,2024-05-04T14:36:13.627,27.440,0.208,0.163,1.045
1714822573637,2024-05-04T14:36:13.637,27.450,0.216,0.169,1.021
1714822573647,2024-05-04T14:36:13.647,27.460,0.208,0.180,0.999
1714822573657,2024-05-04T14:36:13.657,27.470,0.167,0.185,0.982
1714822573667,2024-05-04T14:36:13.667,27.480,0.111,0.181,0.985
1714822573677,2024-05-04T14:36:13.677,27.490,0.074,0.167,0.994
1714822573687,2024-05-04T14:36:13.687,27.500,0.086,0.154,1.015
1714822573697,2024-05-04T14:36:13.697,27.510,0.157,0.148,1.040
1714822573707,2024-05-04T14:36:13.707,27.520,0.224,0.146,1.043
1714822573717,2024-05-04T14:36:13.717,27.530,0.238,0.146,1.031
1714822573727,2024-05-04T14:36:13.727,27.540,0.223,0.153,1.012
1714822573737,2024-05-04T14:36:13.737,27.550,0.233,0.165,1.000
1714822573747,2024-05-04T14:36:13.747,27.560,0.270,0.181,1.010
1714822573757,2024-05-04T14:36:13.757,27.570,0.282,0.189,1.016
1714822573767,2024-05-04T14:36:13.767,27.580,0.288,0.182,1.023
1714822573777,2024-05-04T14:36:13.777,27.590,0.323,0.172,1.031
1714822573787,2024-05-04T14:36:13.787,27.600,0.384,0.165,1.053
1714822573797,2024-05-04T14:36:13.797,27.610,0.438,0.154,1.055
1714822573807,2024-05-04T14:36:13.807,27.620,0.438,0.143,1.035
1714822573817,2024-05-04T14:36:13.817,27.630,0.419,0.153,1.011
1714822573827,2024-05-04T14:36:13.827,27.640,0.404,0.191,1.015
1714822573837,2024-05-04T14:36:13.837,27.650,0.391,0.227,1.042
1714822573847,2024-05-04T14:36:13.847,27.660,0.401,0.234,1.066
1714822573857,2024-05-04T14:36:13.857,27.670,0.435,0.198,1.102
1714822573867,2024-05-04T14:36:13.867,27.680,0.491,0.156,1.121
1714822573877,2024-05-04T14:36:13.877,27.690,0.641,0.137,1.124
1714822573887,2024-05-04T14:36:13.887,27.700,0.855,0.146,1.083
1714822573897,2024-05-04T14:36:13.897,27.710,1.000,0.140,1.033
1714822573907,2024-05-04T14:36:13.907,27.720,0.979,0.109,0.896
1714822573917,2024-05-04T14:36:13.917,27.730,0.683,0.062,0.717
1714822573927,2024-05-04T14:36:13.927,27.740,0.200,0.014,0.546
1714822573937,2024-05-04T14:36:13.937,27.750,-0.300,0.013,0.473
1714822573947,2024-05-04T14:36:13.947,27.760,-0.506,0.049,0.403
1714822573957,2024-05-04T14:36:13.957,27.770,-0.221,0.054,0.184
1714822573967,2024-05-04T14:36:13.967,27.780,0.094,0.002,0.138
1714822573977,2024-05-04T14:36:13.977,27.790,-1.053,-0.157,-0.192
1714822573987,2024-05-04T14:36:13.987,27.800,-1.902,-0.270,-0.326
1714822573997,2024-05-04T14:36:13.997,27.810,-1.956,-0.229,-0.388
1714822574007,2024-05-04T14:36:14.007,27.820,-1.681,-0.094,-0.430
1714822574017,2024-05-04T14:36:14.017,27.830,-1.410,0.077,-0.511
1714822574027,2024-05-04T14:36:14.027,27.840,-1.319,0.113,-0.577
1714822574037,2024-05-04T14:36:14.037,27.850,-1.425,0.063,-0.600
1714822574047,2024-05-04T14:36:14.047,27.860,-1.441,0.050,-0.556
1714822574057,2024-05-04T14:36:14.057,27.870,-1.177,0.066,-0.460
1714822574067,2024-05-04T14:36:14.067,27.880,-0.946,0.041,-0.435
1714822574077,2024-05-04T14:36:14.077,27.890,-0.979,-0.017,-0.492
1714822574087,2024-05-04T14:36:14.087,27.900,-1.124,-0.013,-0.615
1714822574097,2024-05-04T14:36:14.097,27.910,-1.228,0.055,-0.740
1714822574107,2024-05-04T14:36:14.107,27.920,-1.182,0.062,-0.748
1714822574117,2024-05-04T14:36:14.117,27.930,-1.194,0.023,-0.701
1714822574127,2024-05-04T14:36:14.127,27.940,-1.269,0.051,-0.630
1714822574137,2024-05-04T14:36:14.137,27.950,-1.254,0.105,-0.499
1714822574147,2024-05-04T14:36:14.147,27.960,-1.179,0.128,-0.373
1714822574157,2024-05-04T14:36:14.157,27.970,-1.145,0.151,-0.307
1714822574167,2024-05-04T14:36:14.167,27.980,-1.148,0.173,-0.258
1714822574177,2024-05-04T14:36:14.177,27.990,-1.130,0.192,-0.205
1714822574187,2024-05-04T14:36:14.187,28.000,-1.104,0.206,-0.135
1714822574197,2024-05-04T14:36:14.197,28.010,-1.086,0.201,-0.080
1714822574207,2024-05-04T14:36:14.207,28.020,-1.084,0.197,-0.029
1714822574217,2024-05-04T14:36:14.217,28.030,-1.084,0.190,0.067
1714822574227,2024-05-04T14:36:14.227,28.040,-1.075,0.166,0.170
1714822574237,2024-05-04T14:36:14.237,28.050,-1.060,0.143,0.262
1714822574247,2024-05-04T14:36:14.247,28.060,-1.021,0.129,0.304
1714822574257,2024-05-04T14:36:14.257,28.070,-0.988,0.151,0.296
1714822574267,2024-05-04T14:36:14.267,28.080,-0.986,0.184,0.247
1714822574277,2024-05-04T14:36:14.277,28.090,-1.031,0.201,0.201
1714822574287,2024-05-04T14:36:14.287,28.100,-1.080,0.199,0.224
1714822574297,2024-05-04T14:36:14.297,28.110,-1.059,0.180,0.296
1714822574307,2024-05-04T14:36:14.307,28.120,-0.972,0.163,0.385
1714822574317,2024-05-04T14:36:14.317,28.130,-0.893,0.160,0.467
1714822574327,2024-05-04T14:36:14.327,28.140,-0.817,0.165,0.549
1714822574337,2024-05-04T14:36:14.337,28.150,-0.761,0.162,0.569
1714822574347,2024-05-04T14:36:14.347,28.160,-0.749,0.165,0.556
1714822574357,2024-05-04T14:36:14.357,28.170,-0.765,0.188,0.553
1714822574367,2024-05-04T14:36:14.367,28.180,-0.773,0.209,0.571
1714822574377,2024-05-04T14:36:14.377,28.190,-0.758,0.204,0.627
1714822574387,2024-05-04T14:36:14.387,28.200,-0.684,0.178,0.730
1714822574397,2024-05-04T14:36:14.397,28.210,-0.628,0.162,0.774
1714822574407,2024-05-04T14:36:14.407,28.220,-0.583,0.173,0.767
1714822574417,2024-05-04T14:36:14.417,28.230,-0.536,0.200,0.730
1714822574427,2024-05-04T14:36:14.427,28.240,-0.498,0.231,0.703
1714822574437,2024-05-04T14:36:14.437,28.250,-0.498,0.253,0.694
1714822574447,2024-05-04T14:36:14.447,28.260,-0.576,0.256,0.701
1714822574457,2024-05-04T14:36:14.457,28.270,-0.645,0.238,0.726
1714822574467,2024-05-04T14:36:14.467,28.280,-0.611,0.211,0.806
1714822574477,2024-05-04T14:36:14.477,28.290,-0.495,0.193,0.905
1714822574487,2024-05-04T14:36:14.487,28.300,-0.341,0.189,0.949
1714822574497,2024-05-04T14:36:14.497,28.310,-0.257,0.215,0.946
1714822574507,2024-05-04T14:36:14.507,28.320,-0.256,0.265,0.886
1714822574517,2024-05-04T14:36:14.517,28.330,-0.286,0.287,0.813
1714822574527,2024-05-04T14:36:14.527,28.340,-0.330,0.273,0.786
1714822574537,2024-05-04T14:36:14.537,28.350,-0.347,0.251,0.772
1714822574547,2024-05-04T14:36:14.547,28.360,-0.354,0.233,0.789
1714822574557,2024-05-04T14:36:14.557,28.370,-0.368,0.208,0.830
1714822574567,2024-05-04T14:36:14.567,28.380,-0.331,0.188,0.881
1714822574577,2024-05-04T14:36:14.577,28.390,-0.261,0.193,0.913
1714822574587,2024-05-04T14:36:14.587,28.400,-0.233,0.223,0.903
1714822574597,2024-05-04T14:36:14.597,28.410,-0.243,0.246,0.885
1714822574607,2024-05-04T14:36:14.607,28.420,-0.226,0.241,0.865
1714822574617,2024-05-04T14:36:14.617,28.430,-0.219,0.216,0.852
1714822574627,2024-05-04T14:36:14.627,28.440,-0.250,0.203,0.853
1714822574637,2024-05-04T14:36:14.637,28.450,-0.260,0.199,0.901
1714822574647,2024-05-04T14:36:14.647,28.460,-0.156,0.193,0.977
1714822574657,2024-05-04T14:36:14.657,28.470,-0.020,0.201,1.015
1714822574667,2024-05-04T14:36:14.667,28.480,0.004,0.234,1.000
1714822574677,2024-05-04T14:36:14.677,28.490,-0.079,0.274,0.966
1714822574687,2024-05-04T14:36:14.687,28.500,-0.157,0.271,0.940
1714822574697,2024-05-04T14:36:14.697,28.510,-0.175,0.229,0.933
1714822574707,2024-05-04T14:36:14.707,28.520,-0.157,0.197,0.941
1714822574717,2024-05-04T14:36:14.717,28.530,-0.149,0.196,0.950
1714822574727,2024-05-04T14:36:14.727,28.540,-0.138,0.222,0.962
1714822574737,2024-05-04T14:36:14.737,28.550,-0.101,0.243,0.977
1714822574747,2024-05-04T14:36:14.747,28.560,-0.081,0.256,0.977
1714822574757,2024-05-04T14:36:14.757,28.570,-0.102,0.246,0.960
1714822574767,2024-05-04T14:36:14.767,28.580,-0.108,0.229,0.957
1714822574777,2024-05-04T14:36:14.777,28.590,-0.094,0.218,0.961
1714822574787,2024-05-04T14:36:14.787,28.600,-0.074,0.215,0.975
1714822574797,2024-05-04T14:36:14.797,28.610,-0.040,0.218,0.992
1714822574807,2024-05-04T14:36:14.807,28.620,-0.016,0.221,1.015
1714822574817,2024-05-04T14:36:14.817,28.630,-0.015,0.211,1.021
1714822574827,2024-05-04T14:36:14.827,28.640,-0.027,0.202,1.013
1714822574837,2024-05-04T14:36:14.837,28.650,-0.044,0.212,0.995
1714822574847,2024-05-04T14:36:14.847,28.660,-0.052,0.218,0.988
1714822574857,2024-05-04T14:36:14.857,28.670,-0.041,0.208,0.991
1714822574867,2024-05-04T14:36:14.867,28.680,-0.023,0.191,0.995
1714822574877,2024-05-04T14:36:14.877,28.690,0.006,0.189,1.004
1714822574887,2024-05-04T14:36:14.887,28.700,0.045,0.204,1.010
1714822574897,2024-05-04T14:36:14.897,28.710,0.063,0.210,1.002
1714822574907,2024-05-04T14:36:14.907,28.720,0.052,0.214,0.995
1714822574917,2024-05-04T14:36:14.917,28.730,0.022,0.217,0.989
1714822574927,2024-05-04T14:36:14.927,28.740,-0.030,0.211,0.990
1714822574937,2024-05-04T14:36:14.937,28.750,-0.061,0.205,1.009
1714822574947,2024-05-04T14:36:14.947,28.760,-0.021,0.199,1.036
1714822574957,2024-05-04T14:36:14.957,28.770,0.037,0.200,1.053
1714822574967,2024-05-04T14:36:14.967,28.780,0.072,0.206,1.046
1714822574977,2024-05-04T14:36:14.977,28.790,0.082,0.222,1.026
1714822574987,2024-05-04T14:36:14.987,28.800,0.079,0.235,1.015
1714822574997,2024-05-04T14:36:14.997,28.810,0.078,0.231,1.005
1714822575007,2024-05-04T14:36:15.007,28.820,0.077,0.220,1.006
1714822575017,2024-05-04T14:36:15.017,28.830,0.081,0.208,1.021
1714822575027,2024-05-04T14:36:15.027,28.840,0.085,0.204,1.037
1714822575037,2024-05-04T14:36:15.037,28.850,0.082,0.208,1.041
1714822575047,2024-05-04T14:36:15.047,28.860,0.068,0.207,1.032
1714822575057,2024-05-04T14:36:15.057,28.870,0.052,0.208,1.015
1714822575067,2024-05-04T14:36:15.067,28.880,0.027,0.213,0.997
1714822575077,2024-05-04T14:36:15.077,28.890,0.013,0.219,0.984
1714822575087,2024-05-04T14:36:15.087,28.900,0.021,0.215,0.980
1714822575097,2024-05-04T14:36:15.097,28.910,0.055,0.197,0.999
1714822575107,2024-05-04T14:36:15.107,28.920,0.083,0.191,1.011
1714822575117,2024-05-04T14:36:15.117,28.930,0.092,0.194,1.017
1714822575127,2024-05-04T14:36:15.127,28.940,0.092,0.194,1.027
1714822575137,2024-05-04T14:36:15.137,28.950,0.118,0.188,1.016
1714822575147,2024-05-04T14:36:15.147,28.960,0.207,0.193,1.015
1714822575157,2024-05-04T14:36:15.157,28.970,0.303,0.214,1.013
1714822575167,2024-05-04T14:36:15.167,28.980,0.320,0.226,1.012
1714822575177,2024-05-04T14:36:15.177,28.990,0.223,0.218,1.030
1714822575187,2024-05-04T14:36:15.187,29.000,0.069,0.183,1.080
1714822575197,2024-05-04T14:36:15.197,29.010,-0.041,0.148,1.132
1714822575207,2024-05-04T14:36:15.207,29.020,-0.066,0.127,1.138
1714822575217,2024-05-04T14:36:15.217,29.030,-0.042,0.162,1.106
1714822575227,2024-05-04T14:36:15.227,29.040,-0.069,0.219,1.043
1714822575237,2024-05-04T14:36:15.237,29.050,-0.141,0.237,1.042
1714822575247,2024-05-04T14:36:15.247,29.060,-0.152,0.203,1.094
1714822575257,2024-05-04T14:36:15.257,29.070,-0.138,0.117,1.117
1714822575267,2024-05-04T14:36:15.267,29.080,-0.124,0.022,1.065
1714822575277,2024-05-04T14:36:15.277,29.090,-0.207,-0.021,0.922
1714822575287,2024-05-04T14:36:15.287,29.100,-0.371,0.045,0.756
1714822575297,2024-05-04T14:36:15.297,29.110,-0.555,0.171,0.620
1714822575307,2024-05-04T14:36:15.307,29.120,-0.641,0.301,0.501
1714822575317,2024-05-04T14:36:15.317,29.130,-0.046,0.333,0.837
1714822575327,2024-05-04T14:36:15.327,29.140,-0.686,0.335,0.600
1714822575337,2024-05-04T14:36:15.337,29.150,-1.699,0.170,0.381
1714822575347,2024-05-04T14:36:15.347,29.160,-2.056,0.021,0.194
1714822575357,2024-05-04T14:36:15.357,29.170,-1.374,0.186,0.194
1714822575367,2024-05-04T14:36:15.367,29.180,-0.558,0.449,0.249
1714822575377,2024-05-04T14:36:15.377,29.190,-0.548,0.569,0.247
1714822575387,2024-05-04T14:36:15.387,29.200,-1.013,0.434,0.234
1714822575397,2024-05-04T14:36:15.397,29.210,-1.279,0.324,0.320
1714822575407,2024-05-04T14:36:15.407,29.220,-1.125,0.346,0.462
1714822575417,2024-05-04T14:36:15.417,29.230,-0.755,0.332,0.553
1714822575427,2024-05-04T14:36:15.427,29.240,-0.665,0.287,0.494
1714822575437,2024-05-04T14:36:15.437,29.250,-0.813,0.292,0.334
1714822575447,2024-05-04T14:36:15.447,29.260,-0.876,0.373,0.131
1714822575457,2024-05-04T14:36:15.457,29.270,-0.880,0.439,-0.070
1714822575467,2024-05-04T14:36:15.467,29.280,-0.946,0.456,-0.236
1714822575477,2024-05-04T14:36:15.477,29.290,-1.021,0.450,-0.281
1714822575487,2024-05-04T14:36:15.487,29.300,-1.006,0.433,-0.218
1714822575497,2024-05-04T14:36:15.497,29.310,-0.937,0.403,-0.111
1714822575507,2024-05-04T14:36:15.507,29.320,-0.871,0.388,-0.027
1714822575517,2024-05-04T14:36:15.517,29.330,-0.849,0.399,0.023
1714822575527,2024-05-04T14:36:15.527,29.340,-0.812,0.403,0.031
1714822575537,2024-05-04T14:36:15.537,29.350,-0.783,0.389,0.062
1714822575547,2024-05-04T14:36:15.547,29.360,-0.792,0.391,0.129
1714822575557,2024-05-04T14:36:15.557,29.370,-0.837,0.399,0.213
1714822575567,2024-05-04T14:36:15.567,29.380,-0.864,0.394,0.285
1714822575577,2024-05-04T14:36:15.577,29.390,-0.854,0.388,0.362
1714822575587,2024-05-04T14:36:15.587,29.400,-0.866,0.375,0.374
1714822575597,2024-05-04T14:36:15.597,29.410,-0.885,0.375,0.375
1714822575607,2024-05-04T14:36:15.607,29.420,-0.893,0.399,0.368
1714822575617,2024-05-04T14:36:15.617,29.430,-0.873,0.421,0.352
1714822575627,2024-05-04T14:36:15.627,29.440,-0.831,0.431,0.326
1714822575637,2024-05-04T14:36:15.637,29.450,-0.823,0.423,0.361
1714822575647,2024-05-04T14:36:15.647,29.460,-0.794,0.406,0.438
1714822575657,2024-05-04T14:36:15.657,29.470,-0.746,0.372,0.532
1714822575667,2024-05-04T14:36:15.667,29.480,-0.737,0.354,0.598
1714822575677,2024-05-04T14:36:15.677,29.490,-0.779,0.360,0.634
1714822575687,2024-05-04T14:36:15.687,29.500,-0.822,0.367,0.586
1714822575697,2024-05-04T14:36:15.697,29.510,-0.810,0.366,0.519
1714822575707,2024-05-04T14:36:15.707,29.520,-0.792,0.370,0.470
1714822575717,2024-05-04T14:36:15.717,29.530,-0.808,0.382,0.459
1714822575727,2024-05-04T14:36:15.727,29.540,-0.811,0.389,0.512
1714822575737,2024-05-04T14:36:15.737,29.550,-0.751,0.369,0.632
1714822575747,2024-05-04T14:36:15.747,29.560,-0.688,0.331,0.735
1714822575757,2024-05-04T14:36:15.757,29.570,-0.654,0.319,0.810
1714822575767,2024-05-04T14:36:15.767,29.580,-0.697,0.318,0.782
1714822575777,2024-05-04T14:36:15.777,29.590,-0.745,0.329,0.698
1714822575787,2024-05-04T14:36:15.787,29.600,-0.758,0.335,0.625
1714822575797,2024-05-04T14:36:15.797,29.610,-0.784,0.339,0.586
1714822575807,2024-05-04T14:36:15.807,29.620,-0.805,0.334,0.584
1714822575817,2024-05-04T14:36:15.817,29.630,-0.755,0.314,0.646
1714822575827,2024-05-04T14:36:15.827,29.640,-0.645,0.290,0.763
1714822575837,2024-05-04T14:36:15.837,29.650,-0.541,0.273,0.851
1714822575847,2024-05-04T14:36:15.847,29.660,-0.496,0.270,0.901
1714822575857,2024-05-04T14:36:15.857,29.670,-0.488,0.284,0.904
1714822575867,2024-05-04T14:36:15.867,29.680,-0.493,0.309,0.854
1714822575877,2024-05-04T14:36:15.877,29.690,-0.500,0.314,0.794
1714822575887,2024-05-04T14:36:15.887,29.700,-0.525,0.304,0.736
1714822575897,2024-05-04T14:36:15.897,29.710,-0.584,0.289,0.689
1714822575907,2024-05-04T14:36:15.907,29.720,-0.618,0.286,0.675
1714822575917,2024-05-04T14:36:15.917,29.730,-0.590,0.290,0.733
1714822575927,2024-05-04T14:36:15.927,29.740,-0.514,0.291,0.855
1714822575937,2024-05-04T14:36:15.937,29.750,-0.416,0.272,0.968
1714822575947,2024-05-04T14:36:15.947,29.760,-0.347,0.246,1.012
1714822575957,2024-05-04T14:36:15.957,29.770,-0.324,0.236,0.990
1714822575967,2024-05-04T14:36:15.967,29.780,-0.325,0.242,0.934
1714822575977,2024-05-04T14:36:15.977,29.790,-0.352,0.259,0.864
1714822575987,2024-05-04T14:36:15.987,29.800,-0.375,0.275,0.811
1714822575997,2024-05-04T14:36:15.997,29.810,-0.375,0.288,0.796
1714822576007,2024-05-04T14:36:16.007,29.820,-0.373,0.292,0.825
1714822576017,2024-05-04T14:36:16.017,29.830,-0.356,0.279,0.890
1714822576027,2024-05-04T14:36:16.027,29.840,-0.318,0.250,0.968
1714822576037,2024-05-04T14:36:16.037,29.850,-0.269,0.232,1.020
1714822576047,2024-05-04T14:36:16.047,29.860,-0.221,0.223,1.022
1714822576057,2024-05-04T14:36:16.057,29.870,-0.192,0.223,0.986
1714822576067,2024-05-04T14:36:16.067,29.880,-0.173,0.242,0.916
1714822576077,2024-05-04T14:36:16.077,29.890,-0.167,0.271,0.868
1714822576087,2024-05-04T14:36:16.087,29.900,-0.195,0.281,0.849
1714822576097,2024-05-04T14:36:16.097,29.910,-0.262,0.252,0.865
1714822576107,2024-05-04T14:36:16.107,29.920,-0.269,0.219,0.927
1714822576117,2024-05-04T14:36:16.117,29.930,-0.197,0.194,0.987
1714822576127,2024-05-04T14:36:16.127,29.940,-0.130,0.175,1.030
1714822576137,2024-05-04T14:36:16.137,29.950,-0.110,0.188,1.024
1714822576147,2024-05-04T14:36:16.147,29.960,-0.136,0.212,0.984
1714822576157,2024-05-04T14:36:16.157,29.970,-0.171,0.228,0.944
1714822576167,2024-05-04T14:36:16.167,29.980,-0.123,0.225,0.906
1714822576177,2024-05-04T14:36:16.177,29.990,-0.013,0.208,0.903
1714822576187,2024-05-04T14:36:16.187,30.000,0.053,0.196,0.941
1714822576197,2024-05-04T14:36:16.197,30.010,0.056,0.193,1.005
1714822576207,2024-05-04T14:36:16.207,30.020,0.054,0.187,1.049
1714822576217,2024-05-04T14:36:16.217,30.030,0.076,0.178,1.065
1714822576227,2024-05-04T14:36:16.227,30.040,0.097,0.192,1.053
1714822576237,2024-05-04T14:36:16.237,30.050,0.078,0.211,1.034
1714822576247,2024-05-04T14:36:16.247,30.060,-0.041,0.206,0.988
1714822576257,2024-05-04T14:36:16.257,30.070,-0.168,0.186,0.950
1714822576267,2024-05-04T14:36:16.267,30.080,-0.144,0.189,0.965
1714822576277,2024-05-04T14:36:16.277,30.090,0.007,0.203,1.017
1714822576287,2024-05-04T14:36:16.287,30.100,0.144,0.189,1.058
1714822576297,2024-05-04T14:36:16.297,30.110,0.207,0.171,1.071
1714822576307,2024-05-04T14:36:16.307,30.120,0.215,0.170,1.058
1714822576317,2024-05-04T14:36:16.317,30.130,0.203,0.183,1.037
1714822576327,2024-05-04T14:36:16.327,30.140,0.185,0.196,1.016
1714822576337,2024-05-04T14:36:16.337,30.150,0.115,0.209,1.000
1714822576347,2024-05-04T14:36:16.347,30.160,0.007,0.208,0.991
1714822576357,2024-05-04T14:36:16.357,30.170,-0.022,0.183,1.003
1714822576367,2024-05-04T14:36:16.367,30.180,0.042,0.160,1.025
1714822576377,2024-05-04T14:36:16.377,30.190,0.109,0.149,1.042
1714822576387,2024-05-04T14:36:16.387,30.200,0.157,0.163,1.024
1714822576397,2024-05-04T14:36:16.397,30.210,0.174,0.188,1.005
1714822576407,2024-05-04T14:36:16.407,30.220,0.153,0.221,0.991
1714822576417,2024-05-04T14:36:16.417,30.230,0.099,0.235,0.982
1714822576427,2024-05-04T14:36:16.427,30.240,0.024,0.213,0.981
1714822576437,2024-05-04T14:36:16.437,30.250,-0.013,0.178,0.993
1714822576447,2024-05-04T14:36:16.447,30.260,0.041,0.158,1.015
1714822576457,2024-05-04T14:36:16.457,30.270,0.133,0.162,1.030
1714822576467,2024-05-04T14:36:16.467,30.280,0.200,0.179,1.023
1714822576477,2024-05-04T14:36:16.477,30.290,0.219,0.193,1.005
1714822576487,2024-05-04T14:36:16.487,30.300,0.206,0.198,0.989
1714822576497,2024-05-04T14:36:16.497,30.310,0.186,0.199,0.979
1714822576507,2024-05-04T14:36:16.507,30.320,0.167,0.198,0.985
1714822576517,2024-05-04T14:36:16.517,30.330,0.155,0.192,1.002
1714822576527,2024-05-04T14:36:16.527,30.340,0.133,0.188,1.013
1714822576537,2024-05-04T14:36:16.537,30.350,0.118,0.171,1.021
1714822576547,2024-05-04T14:36:16.547,30.360,0.136,0.155,1.021
1714822576557,2024-05-04T14:36:16.557,30.370,0.155,0.150,1.006
1714822576567,2024-05-04T14:36:16.567,30.380,0.157,0.169,0.997
1714822576577,2024-05-04T14:36:16.577,30.390,0.177,0.188,1.001
1714822576587,2024-05-04T14:36:16.587,30.400,0.231,0.191,1.024
1714822576597,2024-05-04T14:36:16.597,30.410,0.299,0.180,1.072
1714822576607,2024-05-04T14:36:16.607,30.420,0.369,0.167,1.115
1714822576617,2024-05-04T14:36:16.617,30.430,0.448,0.167,1.102
1714822576627,2024-05-04T14:36:16.627,30.440,0.553,0.180,1.087
1714822576637,2024-05-04T14:36:16.637,30.450,0.649,0.206,1.043
1714822576647,2024-05-04T14:36:16.647,30.460,0.670,0.232,0.934
1714822576657,2024-05-04T14:36:16.657,30.470,0.535,0.237,0.856
1714822576667,2024-05-04T14:36:16.667,30.480,0.335,0.215,0.869
1714822576677,2024-05-04T14:36:16.677,30.490,0.192,0.161,0.948
1714822576687,2024-05-04T14:36:16.687,30.500,0.112,0.092,1.039
1714822576697,2024-05-04T14:36:16.697,30.510,0.049,0.051,1.083
1714822576707,2024-05-04T14:36:16.707,30.520,0.030,0.024,1.064
1714822576717,2024-05-04T14:36:16.717,30.530,0.002,0.025,0.979
1714822576727,2024-05-04T14:36:16.727,30.540,-0.094,0.069,0.891
1714822576737,2024-05-04T14:36:16.737,30.550,-0.165,0.091,0.891
1714822576747,2024-05-04T14:36:16.747,30.560,-0.191,0.072,0.917
1714822576757,2024-05-04T14:36:16.757,30.570,-0.213,0.033,0.899
1714822576767,2024-05-04T14:36:16.767,30.580,-0.251,-0.038,0.824
1714822576777,2024-05-04T14:36:16.777,30.590,-0.382,-0.102,0.662
1714822576787,2024-05-04T14:36:16.787,30.600,-0.397,-0.125,0.220
1714822576797,2024-05-04T14:36:16.797,30.610,-0.389,0.063,0.397
1714822576807,2024-05-04T14:36:16.807,30.620,-1.718,0.276,-0.005
1714822576817,2024-05-04T14:36:16.817,30.630,-2.384,0.316,-0.050
1714822576827,2024-05-04T14:36:16.827,30.640,-2.234,0.335,-0.038
1714822576837,2024-05-04T14:36:16.837,30.650,-1.588,0.375,0.036
1714822576847,2024-05-04T14:36:16.847,30.660,-0.881,0.388,0.230
1714822576857,2024-05-04T14:36:16.857,30.670,-0.560,0.410,0.443
1714822576867,2024-05-04T14:36:16.867,30.680,-0.620,0.254,0.651
1714822576877,2024-05-04T14:36:16.877,30.690,-0.676,0.088,0.771
1714822576887,2024-05-04T14:36:16.887,30.700,-0.664,0.087,0.707
1714822576897,2024-05-04T14:36:16.897,30.710,-0.842,0.080,0.484
1714822576907,2024-05-04T14:36:16.907,30.720,-1.129,0.126,0.233
1714822576917,2024-05-04T14:36:16.917,30.730,-1.261,0.185,0.074
1714822576927,2024-05-04T14:36:16.927,30.740,-1.266,0.143,0.007
1714822576937,2024-05-04T14:36:16.937,30.750,-1.246,0.088,0.003
1714822576947,2024-05-04T14:36:16.947,30.760,-1.240,0.051,0.045
1714822576957,2024-05-04T14:36:16.957,30.770,-1.200,0.029,0.072
1714822576967,2024-05-04T14:36:16.967,30.780,-1.139,0.047,0.091
1714822576977,2024-05-04T14:36:16.977,30.790,-1.093,0.086,0.115
1714822576987,2024-05-04T14:36:16.987,30.800,-1.060,0.136,0.122
1714822576997,2024-05-04T14:36:16.997,30.810,-1.004,0.174,0.142
1714822577007,2024-05-04T14:36:17.007,30.820,-0.957,0.193,0.182
1714822577017,2024-05-04T14:36:17.017,30.830,-0.955,0.190,0.226
1714822577027,2024-05-04T14:36:17.027,30.840,-0.968,0.205,0.304
1714822577037,2024-05-04T14:36:17.037,30.850,-0.940,0.246,0.338
1714822577047,2024-05-04T14:36:17.047,30.860,-0.893,0.261,0.325
1714822577057,2024-05-04T14:36:17.057,30.870,-0.874,0.270,0.325
1714822577067,2024-05-04T14:36:17.067,30.880,-0.874,0.289,0.361
1714822577077,2024-05-04T14:36:17.077,30.890,-0.857,0.288,0.411
1714822577087,2024-05-04T14:36:17.087,30.900,-0.828,0.285,0.462
1714822577097,2024-05-04T14:36:17.097,30.910,-0.809,0.293,0.524
1714822577107,2024-05-04T14:36:17.107,30.920,-0.796,0.300,0.550
1714822577117,2024-05-04T14:36:17.117,30.930,-0.758,0.301,0.566
1714822577127,2024-05-04T14:36:17.127,30.940,-0.739,0.293,0.583
1714822577137,2024-05-04T14:36:17.137,30.950,-0.791,0.279,0.564
1714822577147,2024-05-04T14:36:17.147,30.960,-0.845,0.267,0.561
1714822577157,2024-05-04T14:36:17.157,30.970,-0.801,0.284,0.596
1714822577167,2024-05-04T14:36:17.167,30.980,-0.708,0.321,0.612
1714822577177,2024-05-04T14:36:17.177,30.990,-0.629,0.341,0.644
1714822577187,2024-05-04T14:36:17.187,31.000,-0.646,0.328,0.690
1714822577197,2024-05-04T14:36:17.197,31.010,-0.681,0.310,0.748
1714822577207,2024-05-04T14:36:17.207,31.020,-0.657,0.293,0.800
1714822577217,2024-05-04T14:36:17.217,31.030,-0.642,0.271,0.791
1714822577227,2024-05-04T14:36:17.227,31.040,-0.645,0.268,0.732
1714822577237,2024-05-04T14:36:17.237,31.050,-0.685,0.274,0.669
1714822577247,2024-05-04T14:36:17.247,31.060,-0.730,0.272,0.643
1714822577257,2024-05-04T14:36:17.257,31.070,-0.684,0.283,0.669
1714822577267,2024-05-04T14:36:17.267,31.080,-0.554,0.287,0.760
1714822577277,2024-05-04T14:36:17.277,31.090,-0.439,0.273,0.848
1714822577287,2024-05-04T14:36:17.287,31.100,-0.407,0.255,0.889
1714822577297,2024-05-04T14:36:17.297,31.110,-0.405,0.243,0.893
1714822577307,2024-05-04T14:36:17.307,31.120,-0.430,0.247,0.870
1714822577317,2024-05-04T14:36:17.317,31.130,-0.482,0.258,0.847
1714822577327,2024-05-04T14:36:17.327,31.140,-0.521,0.285,0.832
1714822577337,2024-05-04T14:36:17.337,31.150,-0.502,0.306,0.827
1714822577347,2024-05-04T14:36:17.347,31.160,-0.422,0.306,0.846
1714822577357,2024-05-04T14:36:17.357,31.170,-0.329,0.288,0.868
1714822577367,2024-05-04T14:36:17.367,31.180,-0.281,0.254,0.899
1714822577377,2024-05-04T14:36:17.377,31.190,-0.294,0.234,0.910
1714822577387,2024-05-04T14:36:17.387,31.200,-0.378,0.238,0.880
1714822577397,2024-05-04T14:36:17.397,31.210,-0.424,0.252,0.869
1714822577407,2024-05-04T14:36:17.407,31.220,-0.340,0.261,0.894
1714822577417,2024-05-04T14:36:17.417,31.230,-0.211,0.271,0.932
1714822577427,2024-05-04T14:36:17.427,31.240,-0.146,0.266,0.954
1714822577437,2024-05-04T14:36:17.437,31.250,-0.176,0.255,0.951
1714822577447,2024-05-04T14:36:17.447,31.260,-0.243,0.231,0.918
1714822577457,2024-05-04T14:36:17.457,31.270,-0.223,0.215,0.926
1714822577467,2024-05-04T14:36:17.467,31.280,-0.119,0.232,0.959
1714822577477,2024-05-04T14:36:17.477,31.290,-0.095,0.256,0.968
1714822577487,2024-05-04T14:36:17.487,31.300,-0.137,0.263,0.974
1714822577497,2024-05-04T14:36:17.497,31.310,-0.152,0.253,0.978
1714822577507,2024-05-04T14:36:17.507,31.320,-0.155,0.238,0.977
1714822577517,2024-05-04T14:36:17.517,31.330,-0.153,0.233,0.975
1714822577527,2024-05-04T14:36:17.527,31.340,-0.089,0.237,0.995
1714822577537,2024-05-04T14:36:17.537,31.350,0.011,0.231,1.034
1714822577547,2024-05-04T14:36:17.547,31.360,0.056,0.213,1.037
1714822577557,2024-05-04T14:36:17.557,31.370,0.041,0.220,0.993
1714822577567,2024-05-04T14:36:17.567,31.380,-0.017,0.248,0.945
1714822577577,2024-05-04T14:36:17.577,31.390,-0.061,0.254,0.925
1714822577587,2024-05-04T14:36:17.587,31.400,-0.068,0.234,0.934
1714822577597,2024-05-04T14:36:17.597,31.410,-0.062,0.206,0.955
1714822577607,2024-05-04T14:36:17.607,31.420,-0.027,0.195,0.981
1714822577617,2024-05-04T14:36:17.617,31.430,0.055,0.209,1.007
1714822577627,2024-05-04T14:36:17.627,31.440,0.136,0.233,1.013
1714822577637,2024-05-04T14:36:17.637,31.450,0.139,0.252,0.996
1714822577647,2024-05-04T14:36:17.647,31.460,0.073,0.261,0.976
1714822577657,2024-05-04T14:36:17.657,31.470,0.000,0.238,0.936
1714822577667,2024-05-04T14:36:17.667,31.480,-0.020,0.205,0.923
1714822577677,2024-05-04T14:36:17.677,31.490,0.038,0.197,0.959
1714822577687,2024-05-04T14:36:17.687,31.500,0.135,0.204,0.992
1714822577697,2024-05-04T14:36:17.697,31.510,0.197,0.208,0.998
1714822577707,2024-05-04T14:36:17.707,31.520,0.210,0.222,0.991
1714822577717,2024-05-04T14:36:17.717,31.530,0.174,0.233,0.979
1714822577727,2024-05-04T14:36:17.727,31.540,0.104,0.233,0.945
1714822577737,2024-05-04T14:36:17.737,31.550,0.054,0.222,0.925
1714822577747,2024-05-04T14:36:17.747,31.560,0.061,0.211,0.929
1714822577757,2024-05-04T14:36:17.757,31.570,0.104,0.210,0.953
1714822577767,2024-05-04T14:36:17.767,31.580,0.157,0.216,0.976
1714822577777,2024-05-04T14:36:17.777,31.590,0.191,0.212,0.984
1714822577787,2024-05-04T14:36:17.787,31.600,0.183,0.204,0.973
1714822577797,2024-05-04T14:36:17.797,31.610,0.132,0.208,0.964
1714822577807,2024-05-04T14:36:17.807,31.620,0.101,0.214,0.951
1714822577817,2024-05-04T14:36:17.817,31.630,0.104,0.213,0.951
1714822577827,2024-05-04T14:36:17.827,31.640,0.140,0.212,0.965
1714822577837,2024-05-04T14:36:17.837,31.650,0.191,0.206,0.982
1714822577847,2024-05-04T14:36:17.847,31.660,0.231,0.189,0.989
1714822577857,2024-05-04T14:36:17.857,31.670,0.263,0.185,0.997
1714822577867,2024-05-04T14:36:17.867,31.680,0.261,0.189,0.992
1714822577877,2024-05-04T14:36:17.877,31.690,0.237,0.197,0.978
1714822577887,2024-05-04T14:36:17.887,31.700,0.224,0.201,0.978
1714822577897,2024-05-04T14:36:17.897,31.710,0.209,0.199,0.982
1714822577907,2024-05-04T14:36:17.907,31.720,0.187,0.194,0.990
1714822577917,2024-05-04T14:36:17.917,31.730,0.188,0.196,1.012
1714822577927,2024-05-04T14:36:17.927,31.740,0.223,0.192,1.027
1714822577937,2024-05-04T14:36:17.937,31.750,0.257,0.188,1.021
1714822577947,2024-05-04T14:36:17.947,31.760,0.271,0.190,1.015
1714822577957,2024-05-04T14:36:17.957,31.770,0.301,0.203,1.007
1714822577967,2024-05-04T14:36:17.967,31.780,0.355,0.221,1.018
1714822577977,2024-05-04T14:36:17.977,31.790,0.388,0.240,1.038
1714822577987,2024-05-04T14:36:17.987,31.800,0.416,0.252,1.061
1714822577997,2024-05-04T14:36:17.997,31.810,0.469,0.241,1.103
1714822578007,2024-05-04T14:36:18.007,31.820,0.494,0.217,1.119
1714822578017,2024-05-04T14:36:18.017,31.830,0.449,0.183,1.111
1714822578027,2024-05-04T14:36:18.027,31.840,0.374,0.156,1.089
1714822578037,2024-05-04T14:36:18.037,31.850,0.308,0.135,1.078
1714822578047,2024-05-04T14:36:18.047,31.860,0.240,0.124,1.041
1714822578057,2024-05-04T14:36:18.057,31.870,0.167,0.125,1.004
1714822578067,2024-05-04T14:36:18.067,31.880,0.078,0.154,1.011
1714822578077,2024-05-04T14:36:18.077,31.890,0.050,0.172,1.093
1714822578087,2024-05-04T14:36:18.087,31.900,0.146,0.125,1.237
1714822578097,2024-05-04T14:36:18.097,31.910,0.355,0.045,1.354
1714822578107,2024-05-04T14:36:18.107,31.920,0.487,0.022,1.335
1714822578117,2024-05-04T14:36:18.117,31.930,0.448,0.054,1.146
1714822578127,2024-05-04T14:36:18.127,31.940,0.235,0.073,0.932
1714822578137,2024-05-04T14:36:18.137,31.950,-0.049,0.048,0.811
1714822578147,2024-05-04T14:36:18.147,31.960,-0.283,-0.003,0.740
1714822578157,2024-05-04T14:36:18.157,31.970,-0.458,-0.111,0.541
1714822578167,2024-05-04T14:36:18.167,31.980,-0.429,-0.254,0.498
1714822578177,2024-05-04T14:36:18.177,31.990,-0.843,-0.111,0.334
1714822578187,2024-05-04T14:36:18.187,32.000,-1.548,-0.004,-0.101
1714822578197,2024-05-04T14:36:18.197,32.010,-1.655,0.116,-0.260
1714822578207,2024-05-04T14:36:18.207,32.020,-1.607,0.216,-0.419
1714822578217,2024-05-04T14:36:18.217,32.030,-1.756,0.296,-0.515
1714822578227,2024-05-04T14:36:18.227,32.040,-1.771,0.460,-0.448
1714822578237,2024-05-04T14:36:18.237,32.050,-1.446,0.553,-0.413
1714822578247,2024-05-04T14:36:18.247,32.060,-1.028,0.437,-0.254
1714822578257,2024-05-04T14:36:18.257,32.070,-0.768,0.338,0.077
1714822578267,2024-05-04T14:36:18.267,32.080,-0.629,0.244,0.412
1714822578277,2024-05-04T14:36:18.277,32.090,-0.739,0.093,0.602
1714822578287,2024-05-04T14:36:18.287,32.100,-0.948,-0.067,0.681
1714822578297,2024-05-04T14:36:18.297,32.110,-0.909,0.037,0.660
1714822578307,2024-05-04T14:36:18.307,32.120,-0.774,0.169,0.585
1714822578317,2024-05-04T14:36:18.317,32.130,-0.883,0.136,0.476
1714822578327,2024-05-04T14:36:18.327,32.140,-1.204,0.133,0.350
1714822578337,2024-05-04T14:36:18.337,32.150,-1.359,0.220,0.229
1714822578347,2024-05-04T14:36:18.347,32.160,-1.208,0.271,0.146
1714822578357,2024-05-04T14:36:18.357,32.170,-1.007,0.265,0.128
1714822578367,2024-05-04T14:36:18.367,32.180,-0.941,0.271,0.101
1714822578377,2024-05-04T14:36:18.377,32.190,-0.947,0.270,0.053
1714822578387,2024-05-04T14:36:18.387,32.200,-0.919,0.258,0.059
1714822578397,2024-05-04T14:36:18.397,32.210,-0.887,0.229,0.132
1714822578407,2024-05-04T14:36:18.407,32.220,-0.884,0.208,0.236
1714822578417,2024-05-04T14:36:18.417,32.230,-0.868,0.222,0.325
1714822578427,2024-05-04T14:36:18.427,32.240,-0.868,0.257,0.391
1714822578437,2024-05-04T14:36:18.437,32.250,-0.866,0.328,0.377
1714822578447,2024-05-04T14:36:18.447,32.260,-0.832,0.351,0.258
1714822578457,2024-05-04T14:36:18.457,32.270,-0.900,0.308,0.159
1714822578467,2024-05-04T14:36:18.467,32.280,-1.064,0.299,0.161
1714822578477,2024-05-04T14:36:18.477,32.290,-1.097,0.316,0.268
1714822578487,2024-05-04T14:36:18.487,32.300,-0.968,0.308,0.339
1714822578497,2024-05-04T14:36:18.497,32.310,-0.905,0.283,0.376
1714822578507,2024-05-04T14:36:18.507,32.320,-0.929,0.285,0.414
1714822578517,2024-05-04T14:36:18.517,32.330,-0.888,0.320,0.460
1714822578527,2024-05-04T14:36:18.527,32.340,-0.797,0.338,0.507
1714822578537,2024-05-04T14:36:18.537,32.350,-0.751,0.332,0.525
1714822578547,2024-05-04T14:36:18.547,32.360,-0.749,0.312,0.521
1714822578557,2024-05-04T14:36:18.557,32.370,-0.773,0.293,0.521
1714822578567,2024-05-04T14:36:18.567,32.380,-0.801,0.278,0.570
1714822578577,2024-05-04T14:36:18.577,32.390,-0.759,0.273,0.671
1714822578587,2024-05-04T14:36:18.587,32.400,-0.650,0.279,0.750
1714822578597,2024-05-04T14:36:18.597,32.410,-0.564,0.296,0.790
1714822578607,2024-05-04T14:36:18.607,32.420,-0.568,0.318,0.779
1714822578617,2024-05-04T14:36:18.617,32.430,-0.547,0.338,0.735
1714822578627,2024-05-04T14:36:18.627,32.440,-0.523,0.355,0.710
1714822578637,2024-05-04T14:36:18.637,32.450,-0.552,0.327,0.719
1714822578647,2024-05-04T14:36:18.647,32.460,-0.516,0.297,0.744
1714822578657,2024-05-04T14:36:18.657,32.470,-0.439,0.285,0.786
1714822578667,2024-05-04T14:36:18.667,32.480,-0.394,0.266,0.825
1714822578677,2024-05-04T14:36:18.677,32.490,-0.392,0.251,0.833
1714822578687,2024-05-04T14:36:18.687,32.500,-0.394,0.250,0.836
1714822578697,2024-05-04T14:36:18.697,32.510,-0.394,0.273,0.827
1714822578707,2024-05-04T14:36:18.707,32.520,-0.417,0.280,0.837
1714822578717,2024-05-04T14:36:18.717,32.530,-0.396,0.264,0.869
1714822578727,2024-05-04T14:36:18.727,32.540,-0.319,0.245,0.925
1714822578737,2024-05-04T14:36:18.737,32.550,-0.240,0.229,0.974
1714822578747,2024-05-04T14:36:18.747,32.560,-0.212,0.226,0.973
1714822578757,2024-05-04T14:36:18.757,32.570,-0.215,0.240,0.942
1714822578767,2024-05-04T14:36:18.767,32.580,-0.220,0.257,0.908
1714822578777,2024-05-04T14:36:18.777,32.590,-0.248,0.272,0.857
1714822578787,2024-05-04T14:36:18.787,32.600,-0.267,0.285,0.854
1714822578797,2024-05-04T14:36:18.797,32.610,-0.230,0.292,0.877
1714822578807,2024-05-04T14:36:18.807,32.620,-0.170,0.278,0.915
1714822578817,2024-05-04T14:36:18.817,32.630,-0.120,0.249,0.963
1714822578827,2024-05-04T14:36:18.827,32.640,-0.068,0.229,1.010
1714822578837,2024-05-04T14:36:18.837,32.650,-0.042,0.216,1.031
1714822578847,2024-05-04T14:36:18.847,32.660,-0.059,0.218,1.019
1714822578857,2024-05-04T14:36:18.857,32.670,-0.059,0.231,0.998
1714822578867,2024-05-04T14:36:18.867,32.680,-0.048,0.240,0.980
1714822578877,2024-05-04T14:36:18.877,32.690,-0.020,0.242,0.972
1714822578887,2024-05-04T14:36:18.887,32.700,0.038,0.249,0.967
1714822578897,2024-05-04T14:36:18.897,32.710,0.067,0.247,0.963
1714822578907,2024-05-04T14:36:18.907,32.720,0.067,0.239,0.959
1714822578917,2024-05-04T14:36:18.917,32.730,0.089,0.231,0.960
1714822578927,2024-05-04T14:36:18.927,32.740,0.113,0.225,0.954
1714822578937,2024-05-04T14:36:18.937,32.750,0.091,0.226,0.936
1714822578947,2024-05-04T14:36:18.947,32.760,0.025,0.232,0.906
1714822578957,2024-05-04T14:36:18.957,32.770,-0.071,0.237,0.879
1714822578967,2024-05-04T14:36:18.967,32.780,-0.138,0.239,0.885
1714822578977,2024-05-04T14:36:18.977,32.790,-0.105,0.238,0.928
1714822578987,2024-05-04T14:36:18.987,32.800,0.004,0.230,0.988
1714822578997,2024-05-04T14:36:18.997,32.810,0.106,0.217,1.034
1714822579007,2024-05-04T14:36:19.007,32.820,0.169,0.212,1.046
1714822579017,2024-05-04T14:36:19.017,32.830,0.180,0.218,1.026
1714822579027,2024-05-04T14:36:19.027,32.840,0.135,0.226,0.978
1714822579037,2024-05-04T14:36:19.037,32.850,0.056,0.229,0.942
1714822579047,2024-05-04T14:36:19.047,32.860,0.015,0.226,0.947
1714822579057,2024-05-04T14:36:19.057,32.870,0.016,0.214,0.970
1714822579067,2024-05-04T14:36:19.067,32.880,0.023,0.207,1.000
1714822579077,2024-05-04T14:36:19.077,32.890,0.055,0.213,1.030
1714822579087,2024-05-04T14:36:19.087,32.900,0.099,0.212,1.054
1714822579097,2024-05-04T14:36:19.097,32.910,0.135,0.205,1.059
1714822579107,2024-05-04T14:36:19.107,32.920,0.159,0.210,1.037
1714822579117,2024-05-04T14:36:19.117,32.930,0.147,0.219,1.009
1714822579127,2024-05-04T14:36:19.127,32.940,0.112,0.217,0.983
1714822579137,2024-05-04T14:36:19.137,32.950,0.054,0.199,0.973
1714822579147,2024-05-04T14:36:19.147,32.960,-0.005,0.189,0.975
1714822579157,2024-05-04T14:36:19.157,32.970,-0.014,0.208,1.001
1714822579167,2024-05-04T14:36:19.167,32.980,0.063,0.226,1.053
1714822579177,2024-05-04T14:36:19.177,32.990,0.162,0.212,1.083
1714822579187,2024-05-04T14:36:19.187,33.000,0.194,0.195,1.079
1714822579197,2024-05-04T14:36:19.197,33.010,0.179,0.195,1.058
1714822579207,2024-05-04T14:36:19.207,33.020,0.174,0.218,1.020
1714822579217,2024-05-04T14:36:19.217,33.030,0.170,0.236,0.984
1714822579227,2024-05-04T14:36:19.227,33.040,0.140,0.236,0.976
1714822579237,2024-05-04T14:36:19.237,33.050,0.087,0.226,0.984
1714822579247,2024-05-04T14:36:19.247,33.060,0.058,0.198,1.013
1714822579257,2024-05-04T14:36:19.257,33.070,0.087,0.182,1.045
1714822579267,2024-05-04T14:36:19.267,33.080,0.114,0.180,1.054
1714822579277,2024-05-04T14:36:19.277,33.090,0.122,0.180,1.039
1714822579287,2024-05-04T14:36:19.287,33.100,0.125,0.192,1.013
1714822579297,2024-05-04T14:36:19.297,33.110,0.115,0.213,0.994
1714822579307,2024-05-04T14:36:19.307,33.120,0.098,0.229,0.985
1714822579317,2024-05-04T14:36:19.317,33.130,0.063,0.220,0.993
1714822579327,2024-05-04T14:36:19.327,33.140,0.058,0.195,1.018
1714822579337,2024-05-04T14:36:19.337,33.150,0.084,0.179,1.042
1714822579347,2024-05-04T14:36:19.347,33.160,0.110,0.168,1.050
1714822579357,2024-05-04T14:36:19.357,33.170,0.126,0.168,1.047
1714822579367,2024-05-04T14:36:19.367,33.180,0.138,0.181,1.032
1714822579377,2024-05-04T14:36:19.377,33.190,0.143,0.191,1.017
1714822579387,2024-05-04T14:36:19.387,33.200,0.145,0.207,1.004
1714822579397,2024-05-04T14:36:19.397,33.210,0.147,0.218,1.018
1714822579407,2024-05-04T14:36:19.407,33.220,0.179,0.216,1.060
1714822579417,2024-05-04T14:36:19.417,33.230,0.246,0.197,1.116
1714822579427,2024-05-04T14:36:19.427,33.240,0.356,0.183,1.197
1714822579437,2024-05-04T14:36:19.437,33.250,0.521,0.178,1.268
1714822579447,2024-05-04T14:36:19.447,33.260,0.693,0.167,1.302
1714822579457,2024-05-04T14:36:19.457,33.270,0.843,0.202,1.270
1714822579467,2024-05-04T14:36:19.467,33.280,0.865,0.271,1.203
1714822579477,2024-05-04T14:36:19.477,33.290,0.835,0.326,1.194
1714822579487,2024-05-04T14:36:19.487,33.300,0.938,0.316,1.236
1714822579497,2024-05-04T14:36:19.497,33.310,1.180,0.227,1.259
1714822579507,2024-05-04T14:36:19.507,33.320,1.452,0.103,1.162
1714822579517,2024-05-04T14:36:19.517,33.330,1.485,-0.021,0.806
1714822579527,2024-05-04T14:36:19.527,33.340,0.955,-0.116,0.317
1714822579537,2024-05-04T14:36:19.537,33.350,0.409,-0.134,0.045
1714822579547,2024-05-04T14:36:19.547,33.360,-0.021,-0.069,-0.085
1714822579557,2024-05-04T14:36:19.557,33.370,-0.417,0.024,0.039
1714822579567,2024-05-04T14:36:19.567,33.380,-1.393,0.058,-0.037
1714822579577,2024-05-04T14:36:19.577,33.390,-2.578,-0.032,-0.161
1714822579587,2024-05-04T14:36:19.587,33.400,-2.905,0.004,-0.195
1714822579597,2024-05-04T14:36:19.597,33.410,-2.325,0.195,-0.056
1714822579607,2024-05-04T14:36:19.607,33.420,-1.387,0.299,0.293
1714822579617,2024-05-04T14:36:19.617,33.430,-0.504,0.230,0.682
1714822579627,2024-05-04T14:36:19.627,33.440,-0.207,0.117,0.699
1714822579637,2024-05-04T14:36:19.637,33.450,-0.595,0.007,0.442
1714822579647,2024-05-04T14:36:19.647,33.460,-1.154,-0.029,0.129
1714822579657,2024-05-04T14:36:19.657,33.470,-1.384,0.058,-0.202
1714822579667,2024-05-04T14:36:19.667,33.480,-1.265,0.158,-0.391
1714822579677,2024-05-04T14:36:19.677,33.490,-1.107,0.152,-0.478
1714822579687,2024-05-04T14:36:19.687,33.500,-1.097,0.107,-0.452
1714822579697,2024-05-04T14:36:19.697,33.510,-1.109,0.075,-0.447
1714822579707,2024-05-04T14:36:19.707,33.520,-1.148,0.052,-0.477
1714822579717,2024-05-04T14:36:19.717,33.530,-1.195,0.041,-0.487
1714822579727,2024-05-04T14:36:19.727,33.540,-1.172,0.038,-0.450
1714822579737,2024-05-04T14:36:19.737,33.550,-1.112,0.056,-0.376
1714822579747,2024-05-04T14:36:19.747,33.560,-1.064,0.084,-0.293
1714822579757,2024-05-04T14:36:19.757,33.570,-1.037,0.120,-0.224
1714822579767,2024-05-04T14:36:19.767,33.580,-1.022,0.173,-0.147
1714822579777,2024-05-04T14:36:19.777,33.590,-0.998,0.217,-0.067
1714822579787,2024-05-04T14:36:19.787,33.600,-0.979,0.239,-0.014
1714822579797,2024-05-04T14:36:19.797,33.610,-0.981,0.261,0.018
1714822579807,2024-05-04T14:36:19.807,33.620,-0.975,0.288,0.044
1714822579817,2024-05-04T14:36:19.817,33.630,-0.939,0.296,0.045
1714822579827,2024-05-04T14:36:19.827,33.640,-0.947,0.291,0.042
1714822579837,2024-05-04T14:36:19.837,33.650,-0.974,0.289,0.065
1714822579847,2024-05-04T14:36:19.847,33.660,-0.968,0.271,0.115
1714822579857,2024-05-04T14:36:19.857,33.670,-0.966,0.246,0.147
1714822579867,2024-05-04T14:36:19.867,33.680,-0.956,0.254,0.199
1714822579877,2024-05-04T14:36:19.877,33.690,-0.924,0.286,0.262
1714822579887,2024-05-04T14:36:19.887,33.700,-0.886,0.304,0.274
1714822579897,2024-05-04T14:36:19.897,33.710,-0.874,0.317,0.244
1714822579907,2024-05-04T14:36:19.907,33.720,-0.904,0.325,0.227
1714822579917,2024-05-04T14:36:19.917,33.730,-0.928,0.331,0.271
1714822579927,2024-05-04T14:36:19.927,33.740,-0.922,0.311,0.390
1714822579937,2024-05-04T14:36:19.937,33.750,-0.871,0.266,0.544
1714822579947,2024-05-04T14:36:19.947,33.760,-0.823,0.232,0.625
1714822579957,2024-05-04T14:36:19.957,33.770,-0.818,0.233,0.627
1714822579967,2024-05-04T14:36:19.967,33.780,-0.836,0.267,0.572
1714822579977,2024-05-04T14:36:19.977,33.790,-0.819,0.310,0.491
1714822579987,2024-05-04T14:36:19.987,33.800,-0.796,0.333,0.416
1714822579997,2024-05-04T14:36:19.997,33.810,-0.799,0.326,0.412
1714822580007,2024-05-04T14:36:20.007,33.820,-0.816,0.289,0.480
1714822580017,2024-05-04T14:36:20.017,33.830,-0.798,0.245,0.648
1714822580027,2024-05-04T14:36:20.027,33.840,-0.672,0.200,0.815
1714822580037,2024-05-04T14:36:20.037,33.850,-0.563,0.177,0.871
1714822580047,2024-05-04T14:36:20.047,33.860,-0.535,0.203,0.846
1714822580057,2024-05-04T14:36:20.057,33.870,-0.564,0.259,0.782
1714822580067,2024-05-04T14:36:20.067,33.880,-0.568,0.300,0.705
1714822580077,2024-05-04T14:36:20.077,33.890,-0.535,0.307,0.661
1714822580087,2024-05-04T14:36:20.087,33.900,-0.558,0.306,0.681
1714822580097,2024-05-04T14:36:20.097,33.910,-0.590,0.284,0.788
1714822580107,2024-05-04T14:36:20.107,33.920,-0.521,0.248,0.920
1714822580117,2024-05-04T14:36:20.117,33.930,-0.390,0.216,0.990
1714822580127,2024-05-04T14:36:20.127,33.940,-0.299,0.226,0.967
1714822580137,2024-05-04T14:36:20.137,33.950,-0.293,0.256,0.897
1714822580147,2024-05-04T14:36:20.147,33.960,-0.358,0.282,0.818
1714822580157,2024-05-04T14:36:20.157,33.970,-0.415,0.277,0.761
1714822580167,2024-05-04T14:36:20.167,33.980,-0.431,0.275,0.741
1714822580177,2024-05-04T14:36:20.177,33.990,-0.443,0.288,0.800
1714822580187,2024-05-04T14:36:20.187,34.000,-0.367,0.267,0.905
1714822580197,2024-05-04T14:36:20.197,34.010,-0.240,0.226,0.991
1714822580207,2024-05-04T14:36:20.207,34.020,-0.179,0.196,1.020
1714822580217,2024-05-04T14:36:20.217,34.030,-0.160,0.199,0.987
1714822580227,2024-05-04T14:36:20.227,34.040,-0.140,0.235,0.943
1714822580237,2024-05-04T14:36:20.237,34.050,-0.178,0.258,0.893
1714822580247,2024-05-04T14:36:20.247,34.060,-0.222,0.253,0.860
1714822580257,2024-05-04T14:36:20.257,34.070,-0.199,0.248,0.883
1714822580267,2024-05-04T14:36:20.267,34.080,-0.102,0.236,0.946
1714822580277,2024-05-04T14:36:20.277,34.090,0.023,0.212,1.005
1714822580287,2024-05-04T14:36:20.287,34.100,0.095,0.194,1.038
1714822580297,2024-05-04T14:36:20.297,34.110,0.135,0.197,1.030
1714822580307,2024-05-04T14:36:20.307,34.120,0.140,0.209,0.992
1714822580317,2024-05-04T14:36:20.317,34.130,0.102,0.222,0.947
1714822580327,2024-05-04T14:36:20.327,34.140,0.066,0.228,0.927
1714822580337,2024-05-04T14:36:20.337,34.150,0.028,0.217,0.938
1714822580347,2024-05-04T14:36:20.347,34.160,-0.035,0.188,0.954
1714822580357,2024-05-04T14:36:20.357,34.170,-0.082,0.158,0.975
1714822580367,2024-05-04T14:36:20.367,34.180,-0.060,0.150,0.990
1714822580377,2024-05-04T14:36:20.377,34.190,-0.010,0.161,0.978
1714822580387,2024-05-04T14:36:20.387,34.200,0.024,0.182,0.954
1714822580397,2024-05-04T14:36:20.397,34.210,0.036,0.213,0.935
1714822580407,2024-05-04T14:36:20.407,34.220,0.025,0.236,0.918
1714822580417,2024-05-04T14:36:20.417,34.230,-0.002,0.237,0.935
1714822580427,2024-05-04T14:36:20.427,34.240,0.013,0.215,0.986
1714822580437,2024-05-04T14:36:20.437,34.250,0.054,0.181,1.027
1714822580447,2024-05-04T14:36:20.447,34.260,0.080,0.160,1.029
1714822580457,2024-05-04T14:36:20.457,34.270,0.086,0.161,1.001
1714822580467,2024-05-04T14:36:20.467,34.280,0.043,0.178,0.954
1714822580477,2024-05-04T14:36:20.477,34.290,-0.025,0.189,0.912
1714822580487,2024-05-04T14:36:20.487,34.300,-0.027,0.201,0.928
1714822580497,2024-05-04T14:36:20.497,34.310,0.027,0.194,0.988
1714822580507,2024-05-04T14:36:20.507,34.320,0.100,0.179,1.050
1714822580517,2024-05-04T14:36:20.517,34.330,0.187,0.167,1.091
1714822580527,2024-05-04T14:36:20.527,34.340,0.249,0.161,1.101
1714822580537,2024-05-04T14:36:20.537,34.350,0.272,0.157,1.083
1714822580547,2024-05-04T14:36:20.547,34.360,0.265,0.154,1.040
1714822580557,2024-05-04T14:36:20.557,34.370,0.247,0.163,1.003
1714822580567,2024-05-04T14:36:20.567,34.380,0.189,0.178,0.986
1714822580577,2024-05-04T14:36:20.577,34.390,0.064,0.180,0.960
1714822580587,2024-05-04T14:36:20.587,34.400,-0.006,0.168,0.969
1714822580597,2024-05-04T14:36:20.597,34.410,0.074,0.170,1.011
1714822580607,2024-05-04T14:36:20.607,34.420,0.207,0.175,1.065
1714822580617,2024-05-04T14:36:20.617,34.430,0.298,0.174,1.078
1714822580627,2024-05-04T14:36:20.627,34.440,0.336,0.180,1.064
1714822580637,2024-05-04T14:36:20.637,34.450,0.331,0.205,1.047
1714822580647,2024-05-04T14:36:20.647,34.460,0.316,0.222,1.034
1714822580657,2024-05-04T14:36:20.657,34.470,0.302,0.210,1.040
1714822580667,2024-05-04T14:36:20.667,34.480,0.278,0.181,1.064
1714822580677,2024-05-04T14:36:20.677,34.490,0.250,0.155,1.079
1714822580687,2024-05-04T14:36:20.687,34.500,0.235,0.142,1.081
1714822580697,2024-05-04T14:36:20.697,34.510,0.220,0.134,1.072
1714822580707,2024-05-04T14:36:20.707,34.520,0.209,0.134,1.057
1714822580717,2024-05-04T14:36:20.717,34.530,0.206,0.146,1.035
1714822580727,2024-05-04T14:36:20.727,34.540,0.201,0.162,1.027
1714822580737,2024-05-04T14:36:20.737,34.550,0.198,0.172,1.045
1714822580747,2024-05-04T14:36:20.747,34.560,0.237,0.167,1.075
1714822580757,2024-05-04T14:36:20.757,34.570,0.301,0.151,1.111
1714822580767,2024-05-04T14:36:20.767,34.580,0.386,0.131,1.145
1714822580777,2024-05-04T14:36:20.777,34.590,0.480,0.115,1.172
1714822580787,2024-05-04T14:36:20.787,34.600,0.559,0.115,1.163
1714822580797,2024-05-04T14:36:20.797,34.610,0.584,0.143,1.125
1714822580807,2024-05-04T14:36:20.807,34.620,0.548,0.189,1.100
1714822580817,2024-05-04T14:36:20.817,34.630,0.482,0.205,1.076
1714822580827,2024-05-04T14:36:20.827,34.640,0.369,0.182,1.074
1714822580837,2024-05-04T14:36:20.837,34.650,0.303,0.153,1.125
1714822580847,2024-05-04T14:36:20.847,34.660,0.326,0.114,1.181
1714822580857,2024-05-04T14:36:20.857,34.670,0.381,0.074,1.174
1714822580867,2024-05-04T14:36:20.867,34.680,0.415,0.053,1.067
1714822580877,2024-05-04T14:36:20.877,34.690,0.283,0.086,0.937
1714822580887,2024-05-04T14:36:20.887,34.700,0.028,0.148,0.892
1714822580897,2024-05-04T14:36:20.897,34.710,-0.148,0.184,0.921
1714822580907,2024-05-04T14:36:20.907,34.720,-0.209,0.185,0.960
1714822580917,2024-05-04T14:36:20.917,34.730,-0.236,0.164,0.965
1714822580927,2024-05-04T14:36:20.927,34.740,-0.211,0.138,0.875
1714822580937,2024-05-04T14:36:20.937,34.750,-0.091,0.139,0.569
1714822580947,2024-05-04T14:36:20.947,34.760,0.298,0.021,0.704
1714822580957,2024-05-04T14:36:20.957,34.770,-0.146,0.121,0.427
1714822580967,2024-05-04T14:36:20.967,34.780,-0.747,0.159,0.129
1714822580977,2024-05-04T14:36:20.977,34.790,-0.849,0.118,-0.052
1714822580987,2024-05-04T14:36:20.987,34.800,-0.941,0.051,-0.187
1714822580997,2024-05-04T14:36:20.997,34.810,-1.295,0.031,-0.351
1714822581007,2024-05-04T14:36:21.007,34.820,-1.685,0.104,-0.452
1714822581017,2024-05-04T14:36:21.017,34.830,-1.580,0.193,-0.427
1714822581027,2024-05-04T14:36:21.027,34.840,-1.196,0.264,-0.448
1714822581037,2024-05-04T14:36:21.037,34.850,-1.019,0.276,-0.558
1714822581047,2024-05-04T14:36:21.047,34.860,-1.050,0.210,-0.665
1714822581057,2024-05-04T14:36:21.057,34.870,-1.105,0.143,-0.605
1714822581067,2024-05-04T14:36:21.067,34.880,-0.956,0.123,-0.499
1714822581077,2024-05-04T14:36:21.077,34.890,-0.752,0.071,-0.485
1714822581087,2024-05-04T14:36:21.087,34.900,-0.653,0.036,-0.603
1714822581097,2024-05-04T14:36:21.097,34.910,-0.695,0.050,-0.755
1714822581107,2024-05-04T14:36:21.107,34.920,-0.740,0.087,-0.890
1714822581117,2024-05-04T14:36:21.117,34.930,-0.717,0.088,-1.016
1714822581127,2024-05-04T14:36:21.127,34.940,-0.707,0.073,-1.077
1714822581137,2024-05-04T14:36:21.137,34.950,-0.739,0.078,-1.071
1714822581147,2024-05-04T14:36:21.147,34.960,-0.774,0.092,-1.034
1714822581157,2024-05-04T14:36:21.157,34.970,-0.758,0.119,-0.980
1714822581167,2024-05-04T14:36:21.167,34.980,-0.729,0.156,-0.932
1714822581177,2024-05-04T14:36:21.177,34.990,-0.742,0.179,-0.881
1714822581187,2024-05-04T14:36:21.187,35.000,-0.783,0.194,-0.804
1714822581197,2024-05-04T14:36:21.197,35.010,-0.834,0.210,-0.737
1714822581207,2024-05-04T14:36:21.207,35.020,-0.879,0.229,-0.681
1714822581217,2024-05-04T14:36:21.217,35.030,-0.905,0.255,-0.623
1714822581227,2024-05-04T14:36:21.227,35.040,-0.913,0.275,-0.557
1714822581237,2024-05-04T14:36:21.237,35.050,-0.925,0.286,-0.483
1714822581247,2024-05-04T14:36:21.247,35.060,-0.922,0.297,-0.426
1714822581257,2024-05-04T14:36:21.257,35.070,-0.920,0.317,-0.393
1714822581267,2024-05-04T14:36:21.267,35.080,-0.928,0.327,-0.384
1714822581277,2024-05-04T14:36:21.277,35.090,-0.955,0.323,-0.372
1714822581287,2024-05-04T14:36:21.287,35.100,-0.958,0.317,-0.334
1714822581297,2024-05-04T14:36:21.297,35.110,-0.983,0.303,-0.228
1714822581307,2024-05-04T14:36:21.307,35.120,-1.022,0.271,-0.079
1714822581317,2024-05-04T14:36:21.317,35.130,-1.059,0.240,0.044
1714822581327,2024-05-04T14:36:21.327,35.140,-1.068,0.238,0.116
1714822581337,2024-05-04T14:36:21.337,35.150,-1.026,0.263,0.134
1714822581347,2024-05-04T14:36:21.347,35.160,-0.979,0.308,0.100
1714822581357,2024-05-04T14:36:21.357,35.170,-0.978,0.339,0.059
1714822581367,2024-05-04T14:36:21.367,35.180,-0.963,0.333,0.072
1714822581377,2024-05-04T14:36:21.377,35.190,-0.910,0.310,0.101
1714822581387,2024-05-04T14:36:21.387,35.200,-0.856,0.268,0.229
1714822581397,2024-05-04T14:36:21.397,35.210,-0.804,0.222,0.393
1714822581407,2024-05-04T14:36:21.407,35.220,-0.773,0.195,0.492
1714822581417,2024-05-04T14:36:21.417,35.230,-0.757,0.199,0.546
1714822581427,2024-05-04T14:36:21.427,35.240,-0.747,0.232,0.578
1714822581437,2024-05-04T14:36:21.437,35.250,-0.771,0.264,0.570
1714822581447,2024-05-04T14:36:21.447,35.260,-0.721,0.265,0.598
1714822581457,2024-05-04T14:36:21.457,35.270,-0.713,0.244,0.651
1714822581467,2024-05-04T14:36:21.467,35.280,-0.641,0.224,0.721
1714822581477,2024-05-04T14:36:21.477,35.290,-0.510,0.194,0.816
1714822581487,2024-05-04T14:36:21.487,35.300,-0.430,0.176,0.863
1714822581497,2024-05-04T14:36:21.497,35.310,-0.433,0.186,0.860
1714822581507,2024-05-04T14:36:21.507,35.320,-0.462,0.229,0.837
1714822581517,2024-05-04T14:36:21.517,35.330,-0.485,0.259,0.823
1714822581527,2024-05-04T14:36:21.527,35.340,-0.525,0.256,0.806
1714822581537,2024-05-04T14:36:21.537,35.350,-0.545,0.229,0.746
1714822581547,2024-05-04T14:36:21.547,35.360,-0.476,0.223,0.754
1714822581557,2024-05-04T14:36:21.557,35.370,-0.343,0.246,0.845
1714822581567,2024-05-04T14:36:21.567,35.380,-0.261,0.237,0.928
1714822581577,2024-05-04T14:36:21.577,35.390,-0.238,0.215,0.974
1714822581587,2024-05-04T14:36:21.587,35.400,-0.238,0.218,0.971
1714822581597,2024-05-04T14:36:21.597,35.410,-0.262,0.241,0.946
1714822581607,2024-05-04T14:36:21.607,35.420,-0.312,0.248,0.910
1714822581617,2024-05-04T14:36:21.617,35.430,-0.344,0.234,0.884
1714822581627,2024-05-04T14:36:21.627,35.440,-0.295,0.229,0.882
1714822581637,2024-05-04T14:36:21.637,35.450,-0.221,0.230,0.894
1714822581647,2024-05-04T14:36:21.647,35.460,-0.149,0.219,0.947
1714822581657,2024-05-04T14:36:21.657,35.470,-0.097,0.197,1.019
1714822581667,2024-05-04T14:36:21.667,35.480,-0.127,0.184,1.037
1714822581677,2024-05-04T14:36:21.677,35.490,-0.258,0.177,0.965
1714822581687,2024-05-04T14:36:21.687,35.500,-0.354,0.168,0.913
1714822581697,2024-05-04T14:36:21.697,35.510,-0.315,0.177,0.910
1714822581707,2024-05-04T14:36:21.707,35.520,-0.213,0.182,0.937
1714822581717,2024-05-04T14:36:21.717,35.530,-0.123,0.179,0.971
1714822581727,2024-05-04T14:36:21.727,35.540,-0.008,0.195,1.002
1714822581737,2024-05-04T14:36:21.737,35.550,0.163,0.217,0.995
1714822581747,2024-05-04T14:36:21.747,35.560,0.229,0.218,0.967
1714822581757,2024-05-04T14:36:21.757,35.570,0.134,0.204,0.927
1714822581767,2024-05-04T14:36:21.767,35.580,0.042,0.207,0.896
1714822581777,2024-05-04T14:36:21.777,35.590,0.017,0.208,0.887
1714822581787,2024-05-04T14:36:21.787,35.600,0.059,0.196,0.924
1714822581797,2024-05-04T14:36:21.797,35.610,0.132,0.189,0.998
1714822581807,2024-05-04T14:36:21.807,35.620,0.177,0.187,1.071
1714822581817,2024-05-04T14:36:21.817,35.630,0.201,0.180,1.097
1714822581827,2024-05-04T14:36:21.827,35.640,0.229,0.180,1.082
1714822581837,2024-05-04T14:36:21.837,35.650,0.232,0.191,1.042
1714822581847,2024-05-04T14:36:21.847,35.660,0.220,0.204,0.992
1714822581857,2024-05-04T14:36:21.857,35.670,0.198,0.216,0.959
1714822581867,2024-05-04T14:36:21.867,35.680,0.177,0.228,0.954
1714822581877,2024-05-04T14:36:21.877,35.690,0.150,0.222,0.973
1714822581887,2024-05-04T14:36:21.887,35.700,0.100,0.194,0.982
1714822581897,2024-05-04T14:36:21.897,35.710,0.093,0.171,1.009
1714822581907,2024-05-04T14:36:21.907,35.720,0.148,0.178,1.018
1714822581917,2024-05-04T14:36:21.917,35.730,0.202,0.201,0.996
1714822581927,2024-05-04T14:36:21.927,35.740,0.224,0.218,0.975
1714822581937,2024-05-04T14:36:21.937,35.750,0.230,0.226,0.957
1714822581947,2024-05-04T14:36:21.947,35.760,0.233,0.224,0.944
1714822581957,2024-05-04T14:36:21.957,35.770,0.211,0.221,0.954
1714822581967,2024-05-04T14:36:21.967,35.780,0.181,0.205,0.975
1714822581977,2024-05-04T14:36:21.977,35.790,0.181,0.188,0.998
1714822581987,2024-05-04T14:36:21.987,35.800,0.196,0.182,0.997
1714822581997,2024-05-04T14:36:21.997,35.810,0.194,0.190,0.985
1714822582007,2024-05-04T14:36:22.007,35.820,0.172,0.205,0.969
1714822582017,2024-05-04T14:36:22.017,35.830,0.150,0.211,0.966
1714822582027,2024-05-04T14:36:22.027,35.840,0.128,0.207,0.970
1714822582037,2024-05-04T14:36:22.037,35.850,0.126,0.193,0.978
1714822582047,2024-05-04T14:36:22.047,35.860,0.158,0.173,0.991
1714822582057,2024-05-04T14:36:22.057,35.870,0.190,0.166,0.995
1714822582067,2024-05-04T14:36:22.067,35.880,0.209,0.176,0.995
1714822582077,2024-05-04T14:36:22.077,35.890,0.198,0.192,0.993
1714822582087,2024-05-04T14:36:22.087,35.900,0.181,0.200,0.987
1714822582097,2024-05-04T14:36:22.097,35.910,0.175,0.192,0.995
1714822582107,2024-05-04T14:36:22.107,35.920,0.183,0.185,1.002
1714822582117,2024-05-04T14:36:22.117,35.930,0.193,0.180,1.019
1714822582127,2024-05-04T14:36:22.127,35.940,0.215,0.167,1.046
1714822582137,2024-05-04T14:36:22.137,35.950,0.251,0.156,1.074
1714822582147,2024-05-04T14:36:22.147,35.960,0.293,0.142,1.084
1714822582157,2024-05-04T14:36:22.157,35.970,0.351,0.149,1.095
1714822582167,2024-05-04T14:36:22.167,35.980,0.444,0.171,1.120
1714822582177,2024-05-04T14:36:22.177,35.990,0.544,0.187,1.151
1714822582187,2024-05-04T14:36:22.187,36.000,0.667,0.185,1.215
1714822582197,2024-05-04T14:36:22.197,36.010,0.835,0.168,1.298
1714822582207,2024-05-04T14:36:22.207,36.020,0.917,0.143,1.284
1714822582217,2024-05-04T14:36:22.217,36.030,0.909,0.118,1.203
1714822582227,2024-05-04T14:36:22.227,36.040,0.835,0.131,1.059
1714822582237,2024-05-04T14:36:22.237,36.050,0.642,0.158,0.878
1714822582247,2024-05-04T14:36:22.247,36.060,0.372,0.177,0.746
1714822582257,2024-05-04T14:36:22.257,36.070,0.237,0.176,0.784
1714822582267,2024-05-04T14:36:22.267,36.080,0.234,0.170,0.853
1714822582277,2024-05-04T14:36:22.277,36.090,0.168,0.113,0.722
1714822582287,2024-05-04T14:36:22.287,36.100,0.099,-0.026,0.679
1714822582297,2024-05-04T14:36:22.297,36.110,-0.251,-0.096,0.619
1714822582307,2024-05-04T14:36:22.307,36.120,-0.687,-0.070,0.600
1714822582317,2024-05-04T14:36:22.317,36.130,-0.887,0.013,0.608
1714822582327,2024-05-04T14:36:22.327,36.140,-0.862,0.084,0.548
1714822582337,2024-05-04T14:36:22.337,36.150,-0.788,0.105,0.456
1714822582347,2024-05-04T14:36:22.347,36.160,-0.852,0.114,0.277
1714822582357,2024-05-04T14:36:22.357,36.170,-1.066,0.143,0.167
1714822582367,2024-05-04T14:36:22.367,36.180,-1.262,0.169,0.141
1714822582377,2024-05-04T14:36:22.377,36.190,-1.328,0.170,0.194
1714822582387,2024-05-04T14:36:22.387,36.200,-1.376,0.152,0.217
1714822582397,2024-05-04T14:36:22.397,36.210,-1.315,0.132,0.218
1714822582407,2024-05-04T14:36:22.407,36.220,-1.222,0.138,0.195
1714822582417,2024-05-04T14:36:22.417,36.230,-1.251,0.118,0.129
1714822582427,2024-05-04T14:36:22.427,36.240,-1.029,0.146,0.026
1714822582437,2024-05-04T14:36:22.437,36.250,-0.750,0.205,-0.165
1714822582447,2024-05-04T14:36:22.447,36.260,-0.773,0.159,-0.339
1714822582457,2024-05-04T14:36:22.457,36.270,-0.869,0.120,-0.507
1714822582467,2024-05-04T14:36:22.467,36.280,-0.842,0.104,-0.622
1714822582477,2024-05-04T14:36:22.477,36.290,-0.889,0.053,-0.722
1714822582487,2024-05-04T14:36:22.487,36.300,-1.007,0.028,-0.814
1714822582497,2024-05-04T14:36:22.497,36.310,-1.065,0.025,-0.889
1714822582507,2024-05-04T14:36:22.507,36.320,-1.058,0.014,-0.891
1714822582517,2024-05-04T14:36:22.517,36.330,-1.030,0.019,-0.852
1714822582527,2024-05-04T14:36:22.527,36.340,-0.991,0.049,-0.834
1714822582537,2024-05-04T14:36:22.537,36.350,-0.946,0.076,-0.819
1714822582547,2024-05-04T14:36:22.547,36.360,-0.957,0.102,-0.764
1714822582557,2024-05-04T14:36:22.557,36.370,-0.996,0.126,-0.689
1714822582567,2024-05-04T14:36:22.567,36.380,-1.008,0.150,-0.627
1714822582577,2024-05-04T14:36:22.577,36.390,-0.993,0.175,-0.557
1714822582587,2024-05-04T14:36:22.587,36.400,-0.982,0.198,-0.480
1714822582597,2024-05-04T14:36:22.597,36.410,-0.994,0.215,-0.401
1714822582607,2024-05-04T14:36:22.607,36.420,-1.011,0.223,-0.336
1714822582617,2024-05-04T14:36:22.617,36.430,-1.011,0.222,-0.283
1714822582627,2024-05-04T14:36:22.627,36.440,-1.000,0.232,-0.252
1714822582637,2024-05-04T14:36:22.637,36.450,-1.016,0.243,-0.212
1714822582647,2024-05-04T14:36:22.647,36.460,-1.029,0.249,-0.158
1714822582657,2024-05-04T14:36:22.657,36.470,-1.016,0.254,-0.108
1714822582667,2024-05-04T14:36:22.667,36.480,-1.007,0.263,-0.062
1714822582677,2024-05-04T14:36:22.677,36.490,-1.021,0.270,-0.019
1714822582687,2024-05-04T14:36:22.687,36.500,-1.056,0.252,-0.018
1714822582697,2024-05-04T14:36:22.697,36.510,-1.090,0.245,-0.027
1714822582707,2024-05-04T14:36:22.707,36.520,-1.095,0.280,0.037
1714822582717,2024-05-04T14:36:22.717,36.530,-1.054,0.289,0.154
1714822582727,2024-05-04T14:36:22.727,36.540,-1.011,0.249,0.282
1714822582737,2024-05-04T14:36:22.737,36.550,-0.976,0.225,0.406
1714822582747,2024-05-04T14:36:22.747,36.560,-0.932,0.244,0.448
1714822582757,2024-05-04T14:36:22.757,36.570,-0.857,0.278,0.418
1714822582767,2024-05-04T14:36:22.767,36.580,-0.768,0.319,0.351
1714822582777,2024-05-04T14:36:22.777,36.590,-0.758,0.313,0.341
1714822582787,2024-05-04T14:36:22.787,36.600,-0.787,0.266,0.432
1714822582797,2024-05-04T14:36:22.797,36.610,-0.795,0.219,0.578
1714822582807,2024-05-04T14:36:22.807,36.620,-0.750,0.176,0.729
1714822582817,2024-05-04T14:36:22.817,36.630,-0.677,0.168,0.827
1714822582827,2024-05-04T14:36:22.827,36.640,-0.626,0.211,0.808
1714822582837,2024-05-04T14:36:22.837,36.650,-0.585,0.253,0.723
1714822582847,2024-05-04T14:36:22.847,36.660,-0.573,0.281,0.661
1714822582857,2024-05-04T14:36:22.857,36.670,-0.543,0.281,0.665
1714822582867,2024-05-04T14:36:22.867,36.680,-0.489,0.256,0.752
1714822582877,2024-05-04T14:36:22.877,36.690,-0.441,0.220,0.859
1714822582887,2024-05-04T14:36:22.887,36.700,-0.391,0.174,0.938
1714822582897,2024-05-04T14:36:22.897,36.710,-0.360,0.156,0.947
1714822582907,2024-05-04T14:36:22.907,36.720,-0.386,0.181,0.882
1714822582917,2024-05-04T14:36:22.917,36.730,-0.426,0.222,0.768
1714822582927,2024-05-04T14:36:22.927,36.740,-0.331,0.249,0.748
1714822582937,2024-05-04T14:36:22.937,36.750,-0.264,0.275,0.765
1714822582947,2024-05-04T14:36:22.947,36.760,-0.366,0.249,0.795
1714822582957,2024-05-04T14:36:22.957,36.770,-0.448,0.188,0.885
1714822582967,2024-05-04T14:36:22.967,36.780,-0.354,0.148,0.953
1714822582977,2024-05-04T14:36:22.977,36.790,-0.214,0.140,0.956
1714822582987,2024-05-04T14:36:22.987,36.800,-0.107,0.158,0.946
1714822582997,2024-05-04T14:36:22.997,36.810,-0.036,0.196,0.939
1714822583007,2024-05-04T14:36:23.007,36.820,0.006,0.242,0.921
1714822583017,2024-05-04T14:36:23.017,36.830,0.013,0.244,0.894
1714822583027,2024-05-04T14:36:23.027,36.840,0.012,0.210,0.911
1714822583037,2024-05-04T14:36:23.037,36.850,0.064,0.184,0.956
1714822583047,2024-05-04T14:36:23.047,36.860,0.123,0.161,0.996
1714822583057,2024-05-04T14:36:23.057,36.870,0.163,0.151,1.014
1714822583067,2024-05-04T14:36:23.067,36.880,0.213,0.157,1.000
1714822583077,2024-05-04T14:36:23.077,36.890,0.249,0.177,0.961
1714822583087,2024-05-04T14:36:23.087,36.900,0.245,0.210,0.927
1714822583097,2024-05-04T14:36:23.097,36.910,0.217,0.224,0.907
1714822583107,2024-05-04T14:36:23.107,36.920,0.193,0.205,0.923
1714822583117,2024-05-04T14:36:23.117,36.930,0.165,0.184,0.954
1714822583127,2024-05-04T14:36:23.127,36.940,0.155,0.169,0.991
1714822583137,2024-05-04T14:36:23.137,36.950,0.182,0.166,1.004
1714822583147,2024-05-04T14:36:23.147,36.960,0.193,0.174,0.986
1714822583157,2024-05-04T14:36:23.157,36.970,0.180,0.201,0.958
1714822583167,2024-05-04T14:36:23.167,36.980,0.150,0.235,0.938
1714822583177,2024-05-04T14:36:23.177,36.990,0.105,0.243,0.938
1714822583187,2024-05-04T14:36:23.187,37.000,0.063,0.232,0.961
1714822583197,2024-05-04T14:36:23.197,37.010,0.045,0.210,0.985
1714822583207,2024-05-04T14:36:23.207,37.020,0.091,0.192,1.006
1714822583217,2024-05-04T14:36:23.217,37.030,0.169,0.188,1.024
1714822583227,2024-05-04T14:36:23.227,37.040,0.235,0.187,1.036
1714822583237,2024-05-04T14:36:23.237,37.050,0.267,0.193,1.011
1714822583247,2024-05-04T14:36:23.247,37.060,0.245,0.211,0.985
1714822583257,2024-05-04T14:36:23.257,37.070,0.187,0.226,0.975
1714822583267,2024-05-04T14:36:23.267,37.080,0.128,0.225,0.983
1714822583277,2024-05-04T14:36:23.277,37.090,0.094,0.210,0.998
1714822583287,2024-05-04T14:36:23.287,37.100,0.082,0.194,1.010
1714822583297,2024-05-04T14:36:23.297,37.110,0.092,0.181,1.020
1714822583307,2024-05-04T14:36:23.307,37.120,0.106,0.177,1.002
1714822583317,2024-05-04T14:36:23.317,37.130,0.126,0.183,0.983
1714822583327,2024-05-04T14:36:23.327,37.140,0.131,0.200,0.969
1714822583337,2024-05-04T14:36:23.337,37.150,0.111,0.212,0.979
1714822583347,2024-05-04T14:36:23.347,37.160,0.098,0.206,0.994
1714822583357,2024-05-04T14:36:23.357,37.170,0.103,0.179,1.009
1714822583367,2024-05-04T14:36:23.367,37.180,0.126,0.164,1.027
1714822583377,2024-05-04T14:36:23.377,37.190,0.148,0.158,1.033
1714822583387,2024-05-04T14:36:23.387,37.200,0.177,0.163,1.026
1714822583397,2024-05-04T14:36:23.397,37.210,0.197,0.173,1.007
1714822583407,2024-05-04T14:36:23.407,37.220,0.168,0.187,0.982
1714822583417,2024-05-04T14:36:23.417,37.230,0.128,0.198,0.970
1714822583427,2024-05-04T14:36:23.427,37.240,0.107,0.197,0.981
1714822583437,2024-05-04T14:36:23.437,37.250,0.116,0.177,1.010
1714822583447,2024-05-04T14:36:23.447,37.260,0.158,0.156,1.045
1714822583457,2024-05-04T14:36:23.457,37.270,0.208,0.146,1.060
1714822583467,2024-05-04T14:36:23.467,37.280,0.254,0.150,1.068
1714822583477,2024-05-04T14:36:23.477,37.290,0.297,0.164,1.075
1714822583487,2024-05-04T14:36:23.487,37.300,0.328,0.175,1.071
1714822583497,2024-05-04T14:36:23.497,37.310,0.334,0.189,1.060
1714822583507,2024-05-04T14:36:23.507,37.320,0.362,0.190,1.064
1714822583517,2024-05-04T14:36:23.517,37.330,0.429,0.181,1.090
1714822583527,2024-05-04T14:36:23.527,37.340,0.495,0.173,1.123
1714822583537,2024-05-04T14:36:23.537,37.350,0.576,0.167,1.154
1714822583547,2024-05-04T14:36:23.547,37.360,0.668,0.167,1.140
1714822583557,2024-05-04T14:36:23.557,37.370,0.555,0.140,1.048
1714822583567,2024-05-04T14:36:23.567,37.380,0.361,0.125,0.975
1714822583577,2024-05-04T14:36:23.577,37.390,0.191,0.134,0.965
1714822583587,2024-05-04T14:36:23.587,37.400,0.073,0.140,1.007
1714822583597,2024-05-04T14:36:23.597,37.410,0.092,0.152,1.102
1714822583607,2024-05-04T14:36:23.607,37.420,0.175,0.148,1.208
1714822583617,2024-05-04T14:36:23.617,37.430,0.281,0.168,1.176
1714822583627,2024-05-04T14:36:23.627,37.440,0.439,0.190,1.071
1714822583637,2024-05-04T14:36:23.637,37.450,0.308,0.156,0.903
1714822583647,2024-05-04T14:36:23.647,37.460,-0.296,0.070,0.684
1714822583657,2024-05-04T14:36:23.657,37.470,-0.763,0.051,0.581
1714822583667,2024-05-04T14:36:23.667,37.480,-0.873,0.068,0.579
1714822583677,2024-05-04T14:36:23.677,37.490,-0.623,0.136,0.535
1714822583687,2024-05-04T14:36:23.687,37.500,-0.473,0.206,0.438
1714822583697,2024-05-04T14:36:23.697,37.510,-0.623,0.191,0.257
1714822583707,2024-05-04T14:36:23.707,37.520,-0.892,0.170,0.108
1714822583717,2024-05-04T14:36:23.717,37.530,-1.083,0.215,0.077
1714822583727,2024-05-04T14:36:23.727,37.540,-1.142,0.271,0.081
1714822583737,2024-05-04T14:36:23.737,37.550,-1.196,0.305,0.033
1714822583747,2024-05-04T14:36:23.747,37.560,-1.265,0.302,-0.007
1714822583757,2024-05-04T14:36:23.757,37.570,-1.271,0.254,-0.009
1714822583767,2024-05-04T14:36:23.767,37.580,-1.277,0.237,-0.048
1714822583777,2024-05-04T14:36:23.777,37.590,-1.175,0.259,-0.064
1714822583787,2024-05-04T14:36:23.787,37.600,-0.895,0.272,-0.042
1714822583797,2024-05-04T14:36:23.797,37.610,-0.619,0.246,-0.071
1714822583807,2024-05-04T14:36:23.807,37.620,-0.576,0.182,-0.148
1714822583817,2024-05-04T14:36:23.817,37.630,-0.769,0.113,-0.268
1714822583827,2024-05-04T14:36:23.827,37.640,-0.952,0.103,-0.404
1714822583837,2024-05-04T14:36:23.837,37.650,-1.008,0.097,-0.526
1714822583847,2024-05-04T14:36:23.847,37.660,-1.032,0.073,-0.569
1714822583857,2024-05-04T14:36:23.857,37.670,-1.075,0.058,-0.578
1714822583867,2024-05-04T14:36:23.867,37.680,-1.104,0.052,-0.618
1714822583877,2024-05-04T14:36:23.877,37.690,-1.107,0.056,-0.641
1714822583887,2024-05-04T14:36:23.887,37.700,-1.080,0.085,-0.614
1714822583897,2024-05-04T14:36:23.897,37.710,-1.047,0.124,-0.556
1714822583907,2024-05-04T14:36:23.907,37.720,-1.037,0.153,-0.498
1714822583917,2024-05-04T14:36:23.917,37.730,-1.061,0.195,-0.429
1714822583927,2024-05-04T14:36:23.927,37.740,-1.082,0.226,-0.373
1714822583937,2024-05-04T14:36:23.937,37.750,-1.078,0.239,-0.318
1714822583947,2024-05-04T14:36:23.947,37.760,-1.067,0.239,-0.266
1714822583957,2024-05-04T14:36:23.957,37.770,-1.044,0.241,-0.210
1714822583967,2024-05-04T14:36:23.967,37.780,-1.012,0.257,-0.151
1714822583977,2024-05-04T14:36:23.977,37.790,-0.990,0.261,-0.080
1714822583987,2024-05-04T14:36:23.987,37.800,-1.001,0.254,-0.001
1714822583997,2024-05-04T14:36:23.997,37.810,-1.028,0.263,0.080
1714822584007,2024-05-04T14:36:24.007,37.820,-1.044,0.255,0.135
1714822584017,2024-05-04T14:36:24.017,37.830,-1.035,0.244,0.164
1714822584027,2024-05-04T14:36:24.027,37.840,-1.015,0.244,0.167
1714822584037,2024-05-04T14:36:24.037,37.850,-1.047,0.251,0.135
1714822584047,2024-05-04T14:36:24.047,37.860,-1.091,0.264,0.141
1714822584057,2024-05-04T14:36:24.057,37.870,-1.101,0.264,0.151
1714822584067,2024-05-04T14:36:24.067,37.880,-1.073,0.257,0.138
1714822584077,2024-05-04T14:36:24.077,37.890,-1.058,0.259,0.119
1714822584087,2024-05-04T14:36:24.087,37.900,-1.065,0.254,0.141
1714822584097,2024-05-04T14:36:24.097,37.910,-1.039,0.252,0.225
1714822584107,2024-05-04T14:36:24.107,37.920,-0.979,0.246,0.336
1714822584117,2024-05-04T14:36:24.117,37.930,-0.916,0.225,0.436
1714822584127,2024-05-04T14:36:24.127,37.940,-0.886,0.220,0.496
1714822584137,2024-05-04T14:36:24.137,37.950,-0.866,0.237,0.521
1714822584147,2024-05-04T14:36:24.147,37.960,-0.865,0.247,0.516
1714822584157,2024-05-04T14:36:24.157,37.970,-0.878,0.249,0.502
1714822584167,2024-05-04T14:36:24.167,37.980,-0.868,0.248,0.507
1714822584177,2024-05-04T14:36:24.177,37.990,-0.842,0.235,0.543
1714822584187,2024-05-04T14:36:24.187,38.000,-0.800,0.225,0.622
1714822584197,2024-05-04T14:36:24.197,38.010,-0.757,0.217,0.680
1714822584207,2024-05-04T14:36:24.207,38.020,-0.710,0.215,0.697
1714822584217,2024-05-04T14:36:24.217,38.030,-0.643,0.219,0.707
1714822584227,2024-05-04T14:36:24.227,38.040,-0.595,0.226,0.699
1714822584237,2024-05-04T14:36:24.237,38.050,-0.575,0.240,0.701
1714822584247,2024-05-04T14:36:24.247,38.060,-0.567,0.258,0.718
1714822584257,2024-05-04T14:36:24.257,38.070,-0.557,0.265,0.733
1714822584267,2024-05-04T14:36:24.267,38.080,-0.544,0.244,0.781
1714822584277,2024-05-04T14:36:24.277,38.090,-0.503,0.219,0.842
1714822584287,2024-05-04T14:36:24.287,38.100,-0.446,0.215,0.878
1714822584297,2024-05-04T14:36:24.297,38.110,-0.415,0.224,0.883
1714822584307,2024-05-04T14:36:24.307,38.120,-0.405,0.236,0.868
1714822584317,2024-05-04T14:36:24.317,38.130,-0.365,0.255,0.836
1714822584327,2024-05-04T14:36:24.327,38.140,-0.317,0.281,0.814
1714822584337,2024-05-04T14:36:24.337,38.150,-0.310,0.291,0.816
1714822584347,2024-05-04T14:36:24.347,38.160,-0.336,0.275,0.834
1714822584357,2024-05-04T14:36:24.357,38.170,-0.353,0.253,0.858
1714822584367,2024-05-04T14:36:24.367,38.180,-0.337,0.244,0.905
1714822584377,2024-05-04T14:36:24.377,38.190,-0.295,0.243,0.938
1714822584387,2024-05-04T14:36:24.387,38.200,-0.276,0.246,0.917
1714822584397,2024-05-04T14:36:24.397,38.210,-0.263,0.264,0.886
1714822584407,2024-05-04T14:36:24.407,38.220,-0.261,0.291,0.848
1714822584417,2024-05-04T14:36:24.417,38.230,-0.294,0.299,0.808
1714822584427,2024-05-04T14:36:24.427,38.240,-0.323,0.292,0.806
1714822584437,2024-05-04T14:36:24.437,38.250,-0.298,0.280,0.834
1714822584447,2024-05-04T14:36:24.447,38.260,-0.258,0.264,0.886
1714822584457,2024-05-04T14:36:24.457,38.270,-0.240,0.254,0.941
1714822584467,2024-05-04T14:36:24.467,38.280,-0.224,0.249,0.964
1714822584477,2024-05-04T14:36:24.477,38.290,-0.197,0.250,0.955
1714822584487,2024-05-04T14:36:24.487,38.300,-0.186,0.263,0.919
1714822584497,2024-05-04T14:36:24.497,38.310,-0.161,0.278,0.887
1714822584507,2024-05-04T14:36:24.507,38.320,-0.146,0.276,0.863
1714822584517,2024-05-04T14:36:24.517,38.330,-0.193,0.262,0.845
1714822584527,2024-05-04T14:36:24.527,38.340,-0.233,0.242,0.864
1714822584537,2024-05-04T14:36:24.537,38.350,-0.216,0.226,0.912
1714822584547,2024-05-04T14:36:24.547,38.360,-0.148,0.228,0.959
1714822584557,2024-05-04T14:36:24.557,38.370,-0.041,0.234,0.996
1714822584567,2024-05-04T14:36:24.567,38.380,0.043,0.242,1.001
1714822584577,2024-05-04T14:36:24.577,38.390,0.073,0.254,0.977
1714822584587,2024-05-04T14:36:24.587,38.400,0.060,0.276,0.943
1714822584597,2024-05-04T14:36:24.597,38.410,0.004,0.281,0.887
1714822584607,2024-05-04T14:36:24.607,38.420,-0.055,0.262,0.861
1714822584617,2024-05-04T14:36:24.617,38.430,-0.040,0.257,0.882
1714822584627,2024-05-04T14:36:24.627,38.440,0.026,0.247,0.916
1714822584637,2024-05-04T14:36:24.637,38.450,0.088,0.235,0.954
1714822584647,2024-05-04T14:36:24.647,38.460,0.146,0.239,0.988
1714822584657,2024-05-04T14:36:24.657,38.470,0.186,0.250,1.018
1714822584667,2024-05-04T14:36:24.667,38.480,0.191,0.260,1.007
1714822584677,2024-05-04T14:36:24.677,38.490,0.186,0.262,0.966
1714822584687,2024-05-04T14:36:24.687,38.500,0.163,0.257,0.944
1714822584697,2024-05-04T14:36:24.697,38.510,0.129,0.238,0.940
1714822584707,2024-05-04T14:36:24.707,38.520,0.081,0.221,0.940
1714822584717,2024-05-04T14:36:24.717,38.530,0.054,0.204,0.972
1714822584727,2024-05-04T14:36:24.727,38.540,0.085,0.204,1.004
1714822584737,2024-05-04T14:36:24.737,38.550,0.136,0.214,1.028
1714822584747,2024-05-04T14:36:24.747,38.560,0.167,0.222,1.032
1714822584757,2024-05-04T14:36:24.757,38.570,0.155,0.229,1.008
1714822584767,2024-05-04T14:36:24.767,38.580,0.134,0.229,1.005
1714822584777,2024-05-04T14:36:24.777,38.590,0.127,0.220,1.009
1714822584787,2024-05-04T14:36:24.787,38.600,0.118,0.204,1.021
1714822584797,2024-05-04T14:36:24.797,38.610,0.117,0.197,1.023
1714822584807,2024-05-04T14:36:24.807,38.620,0.127,0.203,1.025
1714822584817,2024-05-04T14:36:24.817,38.630,0.154,0.212,1.031
1714822584827,2024-05-04T14:36:24.827,38.640,0.179,0.208,1.022
1714822584837,2024-05-04T14:36:24.837,38.650,0.169,0.205,1.000
1714822584847,2024-05-04T14:36:24.847,38.660,0.147,0.201,0.990
1714822584857,2024-05-04T14:36:24.857,38.670,0.138,0.201,0.990
1714822584867,2024-05-04T14:36:24.867,38.680,0.131,0.206,0.991
1714822584877,2024-05-04T14:36:24.877,38.690,0.144,0.212,1.002
1714822584887,2024-05-04T14:36:24.887,38.700,0.179,0.211,1.020
1714822584897,2024-05-04T14:36:24.897,38.710,0.204,0.202,1.031
1714822584907,2024-05-04T14:36:24.907,38.720,0.218,0.191,1.033
1714822584917,2024-05-04T14:36:24.917,38.730,0.229,0.183,1.026
1714822584927,2024-05-04T14:36:24.927,38.740,0.242,0.188,1.032
1714822584937,2024-05-04T14:36:24.937,38.750,0.275,0.196,1.045
1714822584947,2024-05-04T14:36:24.947,38.760,0.298,0.185,1.043
1714822584957,2024-05-04T14:36:24.957,38.770,0.294,0.175,1.050
1714822584967,2024-05-04T14:36:24.967,38.780,0.311,0.178,1.063
1714822584977,2024-05-04T14:36:24.977,38.790,0.353,0.185,1.087
1714822584987,2024-05-04T14:36:24.987,38.800,0.430,0.188,1.136
1714822584997,2024-05-04T14:36:24.997,38.810,0.538,0.182,1.167
1714822585007,2024-05-04T14:36:25.007,38.820,0.647,0.181,1.170
1714822585017,2024-05-04T14:36:25.017,38.830,0.664,0.189,1.157
1714822585027,2024-05-04T14:36:25.027,38.840,0.596,0.192,1.107
1714822585037,2024-05-04T14:36:25.037,38.850,0.535,0.183,1.054
1714822585047,2024-05-04T14:36:25.047,38.860,0.585,0.177,1.048
1714822585057,2024-05-04T14:36:25.057,38.870,0.733,0.179,1.068
1714822585067,2024-05-04T14:36:25.067,38.880,0.750,0.173,1.045
1714822585077,2024-05-04T14:36:25.077,38.890,0.691,0.147,0.984
1714822585087,2024-05-04T14:36:25.087,38.900,0.643,0.103,0.883
1714822585097,2024-05-04T14:36:25.097,38.910,0.521,0.074,0.756
1714822585107,2024-05-04T14:36:25.107,38.920,0.311,0.066,0.646
1714822585117,2024-05-04T14:36:25.117,38.930,0.156,0.058,0.630
1714822585127,2024-05-04T14:36:25.127,38.940,0.015,0.035,0.529
1714822585137,2024-05-04T14:36:25.137,38.950,0.054,-0.125,0.794
1714822585147,2024-05-04T14:36:25.147,38.960,-0.695,-0.197,0.653
1714822585157,2024-05-04T14:36:25.157,38.970,-1.153,-0.193,0.514
1714822585167,2024-05-04T14:36:25.167,38.980,-1.016,-0.115,0.442
1714822585177,2024-05-04T14:36:25.177,38.990,-0.821,-0.022,0.326
1714822585187,2024-05-04T14:36:25.187,39.000,-0.882,0.043,0.199
1714822585197,2024-05-04T14:36:25.197,39.010,-1.148,0.081,0.104
1714822585207,2024-05-04T14:36:25.207,39.020,-1.472,0.065,-0.023
1714822585217,2024-05-04T14:36:25.217,39.030,-1.691,0.029,-0.117
1714822585227,2024-05-04T14:36:25.227,39.040,-1.604,0.042,-0.123
1714822585237,2024-05-04T14:36:25.237,39.050,-1.345,0.059,-0.079
1714822585247,2024-05-04T14:36:25.247,39.060,-1.261,0.027,-0.070
1714822585257,2024-05-04T14:36:25.257,39.070,-1.176,0.082,0.008
1714822585267,2024-05-04T14:36:25.267,39.080,-0.924,0.095,0.135
1714822585277,2024-05-04T14:36:25.277,39.090,-0.936,-0.031,0.115
1714822585287,2024-05-04T14:36:25.287,39.100,-1.211,-0.053,-0.076
1714822585297,2024-05-04T14:36:25.297,39.110,-1.360,0.064,-0.299
1714822585307,2024-05-04T14:36:25.307,39.120,-1.325,0.097,-0.449
1714822585317,2024-05-04T14:36:25.317,39.130,-1.310,0.066,-0.521
1714822585327,2024-05-04T14:36:25.327,39.140,-1.348,0.058,-0.523
1714822585337,2024-05-04T14:36:25.337,39.150,-1.372,0.061,-0.480
1714822585347,2024-05-04T14:36:25.347,39.160,-1.329,0.064,-0.474
1714822585357,2024-05-04T14:36:25.357,39.170,-1.275,0.070,-0.504
1714822585367,2024-05-04T14:36:25.367,39.180,-1.237,0.081,-0.497
1714822585377,2024-05-04T14:36:25.377,39.190,-1.178,0.083,-0.429
1714822585387,2024-05-04T14:36:25.387,39.200,-1.135,0.097,-0.324
1714822585397,2024-05-04T14:36:25.397,39.210,-1.112,0.139,-0.215
1714822585407,2024-05-04T14:36:25.407,39.220,-1.079,0.172,-0.146
1714822585417,2024-05-04T14:36:25.417,39.230,-1.038,0.184,-0.076
1714822585427,2024-05-04T14:36:25.427,39.240,-1.012,0.210,-0.019
1714822585437,2024-05-04T14:36:25.437,39.250,-1.016,0.220,0.008
1714822585447,2024-05-04T14:36:25.447,39.260,-1.030,0.217,0.026
1714822585457,2024-05-04T14:36:25.457,39.270,-1.038,0.222,0.069
1714822585467,2024-05-04T14:36:25.467,39.280,-1.038,0.212,0.136
1714822585477,2024-05-04T14:36:25.477,39.290,-1.011,0.210,0.228
1714822585487,2024-05-04T14:36:25.487,39.300,-0.958,0.216,0.312
1714822585497,2024-05-04T14:36:25.497,39.310,-0.914,0.211,0.351
1714822585507,2024-05-04T14:36:25.507,39.320,-0.939,0.213,0.325
1714822585517,2024-05-04T14:36:25.517,39.330,-0.974,0.231,0.317
1714822585527,2024-05-04T14:36:25.527,39.340,-0.953,0.245,0.349
1714822585537,2024-05-04T14:36:25.537,39.350,-0.886,0.233,0.417
1714822585547,2024-05-04T14:36:25.547,39.360,-0.814,0.217,0.473
1714822585557,2024-05-04T14:36:25.557,39.370,-0.801,0.208,0.509
1714822585567,2024-05-04T14:36:25.567,39.380,-0.780,0.212,0.513
1714822585577,2024-05-04T14:36:25.577,39.390,-0.774,0.216,0.506
1714822585587,2024-05-04T14:36:25.587,39.400,-0.755,0.225,0.542
1714822585597,2024-05-04T14:36:25.597,39.410,-0.731,0.235,0.567
1714822585607,2024-05-04T14:36:25.607,39.420,-0.713,0.237,0.611
1714822585617,2024-05-04T14:36:25.617,39.430,-0.641,0.243,0.723
1714822585627,2024-05-04T14:36:25.627,39.440,-0.541,0.235,0.833
1714822585637,2024-05-04T14:36:25.637,39.450,-0.469,0.199,0.875
1714822585647,2024-05-04T14:36:25.647,39.460,-0.459,0.190,0.823
1714822585657,2024-05-04T14:36:25.657,39.470,-0.458,0.208,0.744
1714822585667,2024-05-04T14:36:25.667,39.480,-0.412,0.214,0.713
1714822585677,2024-05-04T14:36:25.677,39.490,-0.354,0.227,0.731
1714822585687,2024-05-04T14:36:25.687,39.500,-0.316,0.233,0.812
1714822585697,2024-05-04T14:36:25.697,39.510,-0.274,0.218,0.905
1714822585707,2024-05-04T14:36:25.707,39.520,-0.186,0.187,1.002
1714822585717,2024-05-04T14:36:25.717,39.530,-0.100,0.171,1.043
1714822585727,2024-05-04T14:36:25.727,39.540,-0.062,0.189,1.017
1714822585737,2024-05-04T14:36:25.737,39.550,-0.050,0.232,0.945
1714822585747,2024-05-04T14:36:25.747,39.560,-0.067,0.250,0.867
1714822585757,2024-05-04T14:36:25.757,39.570,-0.129,0.234,0.793
1714822585767,2024-05-04T14:36:25.767,39.580,-0.168,0.208,0.763
1714822585777,2024-05-04T14:36:25.777,39.590,-0.161,0.186,0.801
1714822585787,2024-05-04T14:36:25.787,39.600,-0.101,0.180,0.880
1714822585797,2024-05-04T14:36:25.797,39.610,0.028,0.183,0.968
1714822585807,2024-05-04T14:36:25.807,39.620,0.174,0.177,1.028
1714822585817,2024-05-04T14:36:25.817,39.630,0.266,0.170,1.048
1714822585827,2024-05-04T14:36:25.827,39.640,0.250,0.187,1.010
1714822585837,2024-05-04T14:36:25.837,39.650,0.188,0.214,0.961
1714822585847,2024-05-04T14:36:25.847,39.660,0.197,0.230,0.931
1714822585857,2024-05-04T14:36:25.857,39.670,0.261,0.231,0.930
1714822585867,2024-05-04T14:36:25.867,39.680,0.296,0.212,0.936
1714822585877,2024-05-04T14:36:25.877,39.690,0.266,0.185,0.945
1714822585887,2024-05-04T14:36:25.887,39.700,0.216,0.165,0.970
1714822585897,2024-05-04T14:36:25.897,39.710,0.202,0.159,0.962
1714822585907,2024-05-04T14:36:25.907,39.720,0.212,0.181,0.959
1714822585917,2024-05-04T14:36:25.917,39.730,0.230,0.222,0.962
1714822585927,2024-05-04T14:36:25.927,39.740,0.207,0.233,0.980
1714822585937,2024-05-04T14:36:25.937,39.750,0.169,0.210,0.993
1714822585947,2024-05-04T14:36:25.947,39.760,0.176,0.190,0.998
1714822585957,2024-05-04T14:36:25.957,39.770,0.229,0.184,1.011
1714822585967,2024-05-04T14:36:25.967,39.780,0.250,0.180,1.020
1714822585977,2024-05-04T14:36:25.977,39.790,0.237,0.176,1.026
1714822585987,2024-05-04T14:36:25.987,39.800,0.228,0.172,1.009
1714822585997,2024-05-04T14:36:25.997,39.810,0.220,0.182,0.997
1714822586007,2024-05-04T14:36:26.007,39.820,0.195,0.207,0.994
1714822586017,2024-05-04T14:36:26.017,39.830,0.176,0.222,1.015
1714822586027,2024-05-04T14:36:26.027,39.840,0.193,0.217,1.042
1714822586037,2024-05-04T14:36:26.037,39.850,0.215,0.196,1.060
1714822586047,2024-05-04T14:36:26.047,39.860,0.234,0.187,1.062
1714822586057,2024-05-04T14:36:26.057,39.870,0.235,0.185,1.048
1714822586067,2024-05-04T14:36:26.067,39.880,0.200,0.199,1.022
1714822586077,2024-05-04T14:36:26.077,39.890,0.139,0.210,0.995
1714822586087,2024-05-04T14:36:26.087,39.900,0.094,0.207,0.979
1714822586097,2024-05-04T14:36:26.097,39.910,0.106,0.205,0.985
1714822586107,2024-05-04T14:36:26.107,39.920,0.137,0.201,1.000
1714822586117,2024-05-04T14:36:26.117,39.930,0.179,0.188,1.020
1714822586127,2024-05-04T14:36:26.127,39.940,0.212,0.180,1.024
1714822586137,2024-05-04T14:36:26.137,39.950,0.230,0.174,1.022
1714822586147,2024-05-04T14:36:26.147,39.960,0.226,0.175,1.004
1714822586157,2024-05-04T14:36:26.157,39.970,0.188,0.186,0.981
1714822586167,2024-05-04T14:36:26.167,39.980,0.140,0.197,0.972
1714822586177,2024-05-04T14:36:26.177,39.990,0.101,0.198,0.965
1714822586187,2024-05-04T14:36:26.187,40.000,0.066,0.185,0.960
1714822586197,2024-05-04T14:36:26.197,40.010,0.066,0.179,0.969
1714822586207,2024-05-04T14:36:26.207,40.020,0.124,0.182,0.974
1714822586217,2024-05-04T14:36:26.217,40.030,0.178,0.183,0.975
1714822586227,2024-05-04T14:36:26.227,40.040,0.204,0.183,0.981
1714822586237,2024-05-04T14:36:26.237,40.050,0.219,0.187,0.984
1714822586247,2024-05-04T14:36:26.247,40.060,0.220,0.191,0.979
1714822586257,2024-05-04T14:36:26.257,40.070,0.208,0.195,0.989
1714822586267,2024-05-04T14:36:26.267,40.080,0.231,0.185,1.002
1714822586277,2024-05-04T14:36:26.277,40.090,0.262,0.173,1.026
1714822586287,2024-05-04T14:36:26.287,40.100,0.288,0.158,1.055
1714822586297,2024-05-04T14:36:26.297,40.110,0.330,0.153,1.078
1714822586307,2024-05-04T14:36:26.307,40.120,0.379,0.153,1.091
1714822586317,2024-05-04T14:36:26.317,40.130,0.431,0.157,1.106
1714822586327,2024-05-04T14:36:26.327,40.140,0.485,0.165,1.123
1714822586337,2024-05-04T14:36:26.337,40.150,0.541,0.171,1.138
1714822586347,2024-05-04T14:36:26.347,40.160,0.602,0.181,1.146
1714822586357,2024-05-04T14:36:26.357,40.170,0.595,0.186,1.133
1714822586367,2024-05-04T14:36:26.367,40.180,0.520,0.176,1.089
1714822586377,2024-05-04T14:36:26.377,40.190,0.471,0.172,1.054
1714822586387,2024-05-04T14:36:26.387,40.200,0.439,0.178,1.006
1714822586397,2024-05-04T14:36:26.397,40.210,0.355,0.178,0.958
1714822586407,2024-05-04T14:36:26.407,40.220,0.287,0.176,0.924
1714822586417,2024-05-04T14:36:26.417,40.230,0.275,0.174,0.907
1714822586427,2024-05-04T14:36:26.427,40.240,0.311,0.170,0.934
1714822586437,2024-05-04T14:36:26.437,40.250,0.360,0.161,0.957
1714822586447,2024-05-04T14:36:26.447,40.260,0.404,0.129,0.973
1714822586457,2024-05-04T14:36:26.457,40.270,0.495,0.097,0.980
1714822586467,2024-05-04T14:36:26.467,40.280,0.585,0.081,0.950
1714822586477,2024-05-04T14:36:26.477,40.290,0.575,0.059,0.869
1714822586487,2024-05-04T14:36:26.487,40.300,0.408,0.040,0.737
1714822586497,2024-05-04T14:36:26.497,40.310,0.146,0.019,0.608
1714822586507,2024-05-04T14:36:26.507,40.320,-0.032,-0.035,0.545
1714822586517,2024-05-04T14:36:26.517,40.330,-0.115,-0.043,0.469
1714822586527,2024-05-04T14:36:26.527,40.340,-0.229,-0.067,0.321
1714822586537,2024-05-04T14:36:26.537,40.350,-0.390,-0.199,0.053
1714822586547,2024-05-04T14:36:26.547,40.360,-0.354,-0.311,-0.810
1714822586557,2024-05-04T14:36:26.557,40.370,-0.524,-0.332,-0.329
1714822586567,2024-05-04T14:36:26.567,40.380,-2.276,0.001,-0.993
1714822586577,2024-05-04T14:36:26.577,40.390,-2.736,0.159,-1.008
1714822586587,2024-05-04T14:36:26.587,40.400,-2.127,0.153,-0.959
1714822586597,2024-05-04T14:36:26.597,40.410,-1.681,0.141,-0.949
1714822586607,2024-05-04T14:36:26.607,40.420,-1.559,0.218,-0.898
1714822586617,2024-05-04T14:36:26.617,40.430,-1.328,0.369,-0.688
1714822586627,2024-05-04T14:36:26.627,40.440,-0.982,0.366,-0.449
1714822586637,2024-05-04T14:36:26.637,40.450,-0.839,0.106,-0.371
1714822586647,2024-05-04T14:36:26.647,40.460,-0.850,-0.053,-0.385
1714822586657,2024-05-04T14:36:26.657,40.470,-0.890,0.034,-0.491
1714822586667,2024-05-04T14:36:26.667,40.480,-0.887,0.115,-0.610
1714822586677,2024-05-04T14:36:26.677,40.490,-0.890,0.071,-0.694
1714822586687,2024-05-04T14:36:26.687,40.500,-1.014,0.036,-0.752
1714822586697,2024-05-04T14:36:26.697,40.510,-1.148,0.055,-0.787
1714822586707,2024-05-04T14:36:26.707,40.520,-1.198,0.057,-0.795
1714822586717,2024-05-04T14:36:26.717,40.530,-1.161,0.073,-0.762
1714822586727,2024-05-04T14:36:26.727,40.540,-1.098,0.081,-0.679
1714822586737,2024-05-04T14:36:26.737,40.550,-1.074,0.063,-0.605
1714822586747,2024-05-04T14:36:26.747,40.560,-1.071,0.084,-0.561
1714822586757,2024-05-04T14:36:26.757,40.570,-1.083,0.122,-0.532
1714822586767,2024-05-04T14:36:26.767,40.580,-1.101,0.138,-0.481
1714822586777,2024-05-04T14:36:26.777,40.590,-1.110,0.147,-0.394
1714822586787,2024-05-04T14:36:26.787,40.600,-1.099,0.159,-0.302
1714822586797,2024-05-04T14:36:26.797,40.610,-1.070,0.173,-0.202
1714822586807,2024-05-04T14:36:26.807,40.620,-1.021,0.190,-0.097
1714822586817,2024-05-04T14:36:26.817,40.630,-0.974,0.185,-0.026
1714822586827,2024-05-04T14:36:26.827,40.640,-0.965,0.163,0.011
1714822586837,2024-05-04T14:36:26.837,40.650,-0.984,0.177,0.064
1714822586847,2024-05-04T14:36:26.847,40.660,-0.998,0.191,0.119
1714822586857,2024-05-04T14:36:26.857,40.670,-0.997,0.197,0.178
1714822586867,2024-05-04T14:36:26.867,40.680,-0.998,0.205,0.222
1714822586877,2024-05-04T14:36:26.877,40.690,-1.023,0.207,0.251
1714822586887,2024-05-04T14:36:26.887,40.700,-1.031,0.217,0.322
1714822586897,2024-05-04T14:36:26.897,40.710,-0.989,0.214,0.393
1714822586907,2024-05-04T14:36:26.907,40.720,-0.920,0.185,0.421
1714822586917,2024-05-04T14:36:26.917,40.730,-0.880,0.175,0.408
1714822586927,2024-05-04T14:36:26.927,40.740,-0.884,0.176,0.375
1714822586937,2024-05-04T14:36:26.937,40.750,-0.865,0.190,0.355
1714822586947,2024-05-04T14:36:26.947,40.760,-0.829,0.204,0.376
1714822586957,2024-05-04T14:36:26.957,40.770,-0.815,0.188,0.426
1714822586967,2024-05-04T14:36:26.967,40.780,-0.812,0.171,0.496
1714822586977,2024-05-04T14:36:26.977,40.790,-0.795,0.167,0.621
1714822586987,2024-05-04T14:36:26.987,40.800,-0.742,0.156,0.739
1714822586997,2024-05-04T14:36:26.997,40.810,-0.672,0.144,0.799
1714822587007,2024-05-04T14:36:27.007,40.820,-0.602,0.171,0.786
1714822587017,2024-05-04T14:36:27.017,40.830,-0.518,0.212,0.718
1714822587027,2024-05-04T14:36:27.027,40.840,-0.506,0.227,0.659
1714822587037,2024-05-04T14:36:27.037,40.850,-0.605,0.223,0.646
1714822587047,2024-05-04T14:36:27.047,40.860,-0.664,0.212,0.704
1714822587057,2024-05-04T14:36:27.057,40.870,-0.618,0.183,0.813
1714822587067,2024-05-04T14:36:27.067,40.880,-0.485,0.164,0.916
1714822587077,2024-05-04T14:36:27.077,40.890,-0.389,0.177,0.961
1714822587087,2024-05-04T14:36:27.087,40.900,-0.373,0.212,0.951
1714822587097,2024-05-04T14:36:27.097,40.910,-0.390,0.257,0.913
1714822587107,2024-05-04T14:36:27.107,40.920,-0.374,0.273,0.855
1714822587117,2024-05-04T14:36:27.117,40.930,-0.351,0.244,0.772
1714822587127,2024-05-04T14:36:27.127,40.940,-0.397,0.217,0.739
1714822587137,2024-05-04T14:36:27.137,40.950,-0.489,0.203,0.788
1714822587147,2024-05-04T14:36:27.147,40.960,-0.504,0.169,0.859
1714822587157,2024-05-04T14:36:27.157,40.970,-0.383,0.157,0.915
1714822587167,2024-05-04T14:36:27.167,40.980,-0.234,0.183,0.930
1714822587177,2024-05-04T14:36:27.177,40.990,-0.190,0.213,0.943
1714822587187,2024-05-04T14:36:27.187,41.000,-0.177,0.234,0.931
1714822587197,2024-05-04T14:36:27.197,41.010,-0.123,0.242,0.915
1714822587207,2024-05-04T14:36:27.207,41.020,-0.039,0.231,0.880
1714822587217,2024-05-04T14:36:27.217,41.030,-0.062,0.216,0.820
1714822587227,2024-05-04T14:36:27.227,41.040,-0.137,0.215,0.841
1714822587237,2024-05-04T14:36:27.237,41.050,-0.078,0.203,0.911
1714822587247,2024-05-04T14:36:27.247,41.060,-0.021,0.190,0.954
1714822587257,2024-05-04T14:36:27.257,41.070,-0.006,0.183,0.954
1714822587267,2024-05-04T14:36:27.267,41.080,0.050,0.203,0.952
1714822587277,2024-05-04T14:36:27.277,41.090,0.095,0.238,0.951
1714822587287,2024-05-04T14:36:27.287,41.100,0.105,0.255,0.987
1714822587297,2024-05-04T14:36:27.297,41.110,0.132,0.238,1.005
1714822587307,2024-05-04T14:36:27.307,41.120,0.187,0.200,1.010
1714822587317,2024-05-04T14:36:27.317,41.130,0.221,0.170,0.995
1714822587327,2024-05-04T14:36:27.327,41.140,0.191,0.171,0.965
1714822587337,2024-05-04T14:36:27.337,41.150,0.120,0.183,0.943
1714822587347,2024-05-04T14:36:27.347,41.160,0.076,0.190,0.931
1714822587357,2024-05-04T14:36:27.357,41.170,0.052,0.200,0.945
1714822587367,2024-05-04T14:36:27.367,41.180,0.054,0.207,0.994
1714822587377,2024-05-04T14:36:27.377,41.190,0.114,0.207,1.054
1714822587387,2024-05-04T14:36:27.387,41.200,0.172,0.196,1.078
1714822587397,2024-05-04T14:36:27.397,41.210,0.200,0.190,1.063
1714822587407,2024-05-04T14:36:27.407,41.220,0.210,0.207,1.021
1714822587417,2024-05-04T14:36:27.417,41.230,0.202,0.225,0.979
1714822587427,2024-05-04T14:36:27.427,41.240,0.156,0.224,0.963
1714822587437,2024-05-04T14:36:27.437,41.250,0.084,0.211,0.949
1714822587447,2024-05-04T14:36:27.447,41.260,0.050,0.194,0.973
1714822587457,2024-05-04T14:36:27.457,41.270,0.086,0.186,1.023
1714822587467,2024-05-04T14:36:27.467,41.280,0.151,0.180,1.046
1714822587477,2024-05-04T14:36:27.477,41.290,0.201,0.183,1.047
1714822587487,2024-05-04T14:36:27.487,41.300,0.218,0.191,1.032
1714822587497,2024-05-04T14:36:27.497,41.310,0.207,0.189,1.021
1714822587507,2024-05-04T14:36:27.507,41.320,0.150,0.188,1.002
1714822587517,2024-05-04T14:36:27.517,41.330,0.079,0.188,0.994
1714822587527,2024-05-04T14:36:27.527,41.340,0.063,0.182,1.003
1714822587537,2024-05-04T14:36:27.537,41.350,0.095,0.174,1.025
1714822587547,2024-05-04T14:36:27.547,41.360,0.145,0.168,1.035
1714822587557,2024-05-04T14:36:27.557,41.370,0.164,0.169,1.027
1714822587567,2024-05-04T14:36:27.567,41.380,0.153,0.175,1.004
1714822587577,2024-05-04T14:36:27.577,41.390,0.126,0.191,0.999
1714822587587,2024-05-04T14:36:27.587,41.400,0.102,0.202,1.002
1714822587597,2024-05-04T14:36:27.597,41.410,0.063,0.190,1.003
1714822587607,2024-05-04T14:36:27.607,41.420,0.028,0.176,1.010
1714822587617,2024-05-04T14:36:27.617,41.430,0.050,0.170,1.022
1714822587627,2024-05-04T14:36:27.627,41.440,0.115,0.169,1.026
1714822587637,2024-05-04T14:36:27.637,41.450,0.160,0.166,1.018
1714822587647,2024-05-04T14:36:27.647,41.460,0.159,0.169,1.000
1714822587657,2024-05-04T14:36:27.657,41.470,0.141,0.179,0.988
1714822587667,2024-05-04T14:36:27.667,41.480,0.143,0.188,0.988
1714822587677,2024-05-04T14:36:27.677,41.490,0.138,0.188,1.000
1714822587687,2024-05-04T14:36:27.687,41.500,0.121,0.179,1.021
1714822587697,2024-05-04T14:36:27.697,41.510,0.137,0.170,1.038
1714822587707,2024-05-04T14:36:27.707,41.520,0.156,0.173,1.050
1714822587717,2024-05-04T14:36:27.717,41.530,0.183,0.177,1.050
1714822587727,2024-05-04T14:36:27.727,41.540,0.217,0.185,1.042
1714822587737,2024-05-04T14:36:27.737,41.550,0.229,0.188,1.044
1714822587747,2024-05-04T14:36:27.747,41.560,0.242,0.188,1.053
1714822587757,2024-05-04T14:36:27.757,41.570,0.279,0.194,1.059
1714822587767,2024-05-04T14:36:27.767,41.580,0.313,0.197,1.051
1714822587777,2024-05-04T14:36:27.777,41.590,0.330,0.192,1.043
1714822587787,2024-05-04T14:36:27.787,41.600,0.324,0.186,1.034
1714822587797,2024-05-04T14:36:27.797,41.610,0.346,0.183,1.012
1714822587807,2024-05-04T14:36:27.807,41.620,0.439,0.196,1.028
1714822587817,2024-05-04T14:36:27.817,41.630,0.508,0.226,1.033
1714822587827,2024-05-04T14:36:27.827,41.640,0.531,0.232,1.035
1714822587837,2024-05-04T14:36:27.837,41.650,0.575,0.224,1.059
1714822587847,2024-05-04T14:36:27.847,41.660,0.446,0.190,1.071
1714822587857,2024-05-04T14:36:27.857,41.670,0.261,0.137,1.065
1714822587867,2024-05-04T14:36:27.867,41.680,0.193,0.108,1.063
1714822587877,2024-05-04T14:36:27.877,41.690,0.273,0.150,1.018
1714822587887,2024-05-04T14:36:27.887,41.700,0.404,0.095,0.940
1714822587897,2024-05-04T14:36:27.897,41.710,-0.005,-0.043,0.760
1714822587907,2024-05-04T14:36:27.907,41.720,-0.552,-0.093,0.589
1714822587917,2024-05-04T14:36:27.917,41.730,-0.903,-0.106,0.468
1714822587927,2024-05-04T14:36:27.927,41.740,-1.028,-0.079,0.351
1714822587937,2024-05-04T14:36:27.937,41.750,-1.092,-0.013,0.247
1714822587947,2024-05-04T14:36:27.947,41.760,-1.221,0.073,0.189
1714822587957,2024-05-04T14:36:27.957,41.770,-1.284,0.145,0.097
1714822587967,2024-05-04T14:36:27.967,41.780,-1.316,0.151,-0.053
1714822587977,2024-05-04T14:36:27.977,41.790,-1.448,0.160,-0.148
1714822587987,2024-05-04T14:36:27.987,41.800,-1.498,0.210,-0.140
1714822587997,2024-05-04T14:36:27.997,41.810,-1.382,0.214,-0.029
1714822588007,2024-05-04T14:36:28.007,41.820,-1.243,0.183,0.162
1714822588017,2024-05-04T14:36:28.017,41.830,-1.028,0.125,0.304
1714822588027,2024-05-04T14:36:28.027,41.840,-0.798,0.056,0.339
1714822588037,2024-05-04T14:36:28.037,41.850,-0.734,0.045,0.291
1714822588047,2024-05-04T14:36:28.047,41.860,-0.856,0.071,0.197
1714822588057,2024-05-04T14:36:28.057,41.870,-1.010,0.074,0.043
1714822588067,2024-05-04T14:36:28.067,41.880,-1.169,0.073,-0.125
1714822588077,2024-05-04T14:36:28.077,41.890,-1.294,0.075,-0.245
1714822588087,2024-05-04T14:36:28.087,41.900,-1.336,0.083,-0.302
1714822588097,2024-05-04T14:36:28.097,41.910,-1.291,0.071,-0.333
1714822588107,2024-05-04T14:36:28.107,41.920,-1.219,0.052,-0.337
1714822588117,2024-05-04T14:36:28.117,41.930,-1.130,0.047,-0.313
1714822588127,2024-05-04T14:36:28.127,41.940,-1.060,0.052,-0.295
1714822588137,2024-05-04T14:36:28.137,41.950,-1.035,0.070,-0.297
1714822588147,2024-05-04T14:36:28.147,41.960,-1.045,0.096,-0.292
1714822588157,2024-05-04T14:36:28.157,41.970,-1.069,0.123,-0.252
1714822588167,2024-05-04T14:36:28.167,41.980,-1.094,0.140,-0.213
1714822588177,2024-05-04T14:36:28.177,41.990,-1.073,0.156,-0.173
1714822588187,2024-05-04T14:36:28.187,42.000,-1.035,0.163,-0.119
1714822588197,2024-05-04T14:36:28.197,42.010,-0.992,0.173,-0.045
1714822588207,2024-05-04T14:36:28.207,42.020,-0.958,0.178,0.020
1714822588217,2024-05-04T14:36:28.217,42.030,-0.935,0.191,0.089
1714822588227,2024-05-04T14:36:28.227,42.040,-0.926,0.214,0.175
1714822588237,2024-05-04T14:36:28.237,42.050,-0.914,0.225,0.226
1714822588247,2024-05-04T14:36:28.247,42.060,-0.906,0.226,0.252
1714822588257,2024-05-04T14:36:28.257,42.070,-0.929,0.231,0.313
1714822588267,2024-05-04T14:36:28.267,42.080,-0.916,0.235,0.350
1714822588277,2024-05-04T14:36:28.277,42.090,-0.886,0.224,0.374
1714822588287,2024-05-04T14:36:28.287,42.100,-0.868,0.212,0.441
1714822588297,2024-05-04T14:36:28.297,42.110,-0.869,0.216,0.448
1714822588307,2024-05-04T14:36:28.307,42.120,-0.880,0.216,0.444
1714822588317,2024-05-04T14:36:28.317,42.130,-0.878,0.225,0.469
1714822588327,2024-05-04T14:36:28.327,42.140,-0.867,0.252,0.499
1714822588337,2024-05-04T14:36:28.337,42.150,-0.821,0.269,0.533
1714822588347,2024-05-04T14:36:28.347,42.160,-0.733,0.274,0.600
1714822588357,2024-05-04T14:36:28.357,42.170,-0.634,0.266,0.669
1714822588367,2024-05-04T14:36:28.367,42.180,-0.559,0.239,0.738
1714822588377,2024-05-04T14:36:28.377,42.190,-0.560,0.228,0.759
1714822588387,2024-05-04T14:36:28.387,42.200,-0.604,0.235,0.787
1714822588397,2024-05-04T14:36:28.397,42.210,-0.632,0.250,0.794
1714822588407,2024-05-04T14:36:28.407,42.220,-0.633,0.234,0.757
1714822588417,2024-05-04T14:36:28.417,42.230,-0.609,0.219,0.705
1714822588427,2024-05-04T14:36:28.427,42.240,-0.469,0.217,0.698
1714822588437,2024-05-04T14:36:28.437,42.250,-0.259,0.232,0.782
1714822588447,2024-05-04T14:36:28.447,42.260,-0.145,0.241,0.898
1714822588457,2024-05-04T14:36:28.457,42.270,-0.164,0.230,0.967
1714822588467,2024-05-04T14:36:28.467,42.280,-0.200,0.221,0.983
1714822588477,2024-05-04T14:36:28.477,42.290,-0.237,0.219,0.955
1714822588487,2024-05-04T14:36:28.487,42.300,-0.284,0.226,0.886
1714822588497,2024-05-04T14:36:28.497,42.310,-0.298,0.221,0.810
1714822588507,2024-05-04T14:36:28.507,42.320,-0.239,0.210,0.780
1714822588517,2024-05-04T14:36:28.517,42.330,-0.121,0.212,0.825
1714822588527,2024-05-04T14:36:28.527,42.340,0.032,0.218,0.921
1714822588537,2024-05-04T14:36:28.537,42.350,0.146,0.215,0.984
1714822588547,2024-05-04T14:36:28.547,42.360,0.171,0.208,1.000
1714822588557,2024-05-04T14:36:28.557,42.370,0.109,0.211,0.976
1714822588567,2024-05-04T14:36:28.567,42.380,0.045,0.214,0.944
1714822588577,2024-05-04T14:36:28.577,42.390,0.029,0.215,0.938
1714822588587,2024-05-04T14:36:28.587,42.400,0.041,0.196,0.952
1714822588597,2024-05-04T14:36:28.597,42.410,0.053,0.171,1.001
1714822588607,2024-05-04T14:36:28.607,42.420,0.090,0.167,1.026
1714822588617,2024-05-04T14:36:28.617,42.430,0.094,0.162,1.033
1714822588627,2024-05-04T14:36:28.627,42.440,0.096,0.162,1.030
1714822588637,2024-05-04T14:36:28.637,42.450,0.109,0.167,1.001
1714822588647,2024-05-04T14:36:28.647,42.460,0.116,0.175,0.978
1714822588657,2024-05-04T14:36:28.657,42.470,0.135,0.195,0.972
1714822588667,2024-05-04T14:36:28.667,42.480,0.162,0.200,0.970
1714822588677,2024-05-04T14:36:28.677,42.490,0.178,0.186,0.993
1714822588687,2024-05-04T14:36:28.687,42.500,0.221,0.183,1.029
1714822588697,2024-05-04T14:36:28.697,42.510,0.283,0.177,1.053
1714822588707,2024-05-04T14:36:28.707,42.520,0.317,0.171,1.065
1714822588717,2024-05-04T14:36:28.717,42.530,0.319,0.168,1.051
1714822588727,2024-05-04T14:36:28.727,42.540,0.287,0.169,1.022
1714822588737,2024-05-04T14:36:28.737,42.550,0.231,0.168,0.993
1714822588747,2024-05-04T14:36:28.747,42.560,0.171,0.168,0.972
1714822588757,2024-05-04T14:36:28.757,42.570,0.116,0.163,0.973
1714822588767,2024-05-04T14:36:28.767,42.580,0.104,0.164,1.000
1714822588777,2024-05-04T14:36:28.777,42.590,0.143,0.165,1.041
1714822588787,2024-05-04T14:36:28.787,42.600,0.195,0.162,1.064
1714822588797,2024-05-04T14:36:28.797,42.610,0.224,0.158,1.063
1714822588807,2024-05-04T14:36:28.807,42.620,0.229,0.155,1.030
1714822588817,2024-05-04T14:36:28.817,42.630,0.229,0.163,0.995
1714822588827,2024-05-04T14:36:28.827,42.640,0.225,0.174,0.977
1714822588837,2024-05-04T14:36:28.837,42.650,0.189,0.168,0.979
1714822588847,2024-05-04T14:36:28.847,42.660,0.145,0.150,0.996
1714822588857,2024-05-04T14:36:28.857,42.670,0.128,0.136,1.026
1714822588867,2024-05-04T14:36:28.867,42.680,0.155,0.138,1.058
1714822588877,2024-05-04T14:36:28.877,42.690,0.196,0.142,1.060
1714822588887,2024-05-04T14:36:28.887,42.700,0.195,0.148,1.040
1714822588897,2024-05-04T14:36:28.897,42.710,0.154,0.163,1.008
1714822588907,2024-05-04T14:36:28.907,42.720,0.143,0.167,0.997
1714822588917,2024-05-04T14:36:28.917,42.730,0.157,0.160,1.007
1714822588927,2024-05-04T14:36:28.927,42.740,0.150,0.143,1.025
1714822588937,2024-05-04T14:36:28.937,42.750,0.136,0.131,1.038
1714822588947,2024-05-04T14:36:28.947,42.760,0.139,0.127,1.042
1714822588957,2024-05-04T14:36:28.957,42.770,0.151,0.133,1.037
1714822588967,2024-05-04T14:36:28.967,42.780,0.159,0.147,1.028
1714822588977,2024-05-04T14:36:28.977,42.790,0.160,0.154,1.001
1714822588987,2024-05-04T14:36:28.987,42.800,0.150,0.150,0.988
1714822588997,2024-05-04T14:36:28.997,42.810,0.168,0.139,0.995
1714822589007,2024-05-04T14:36:29.007,42.820,0.191,0.119,1.011
1714822589017,2024-05-04T14:36:29.017,42.830,0.155,0.108,1.028
1714822589027,2024-05-04T14:36:29.027,42.840,0.133,0.126,1.040
1714822589037,2024-05-04T14:36:29.037,42.850,0.159,0.157,1.045
1714822589047,2024-05-04T14:36:29.047,42.860,0.202,0.171,1.033
1714822589057,2024-05-04T14:36:29.057,42.870,0.254,0.181,1.002
1714822589067,2024-05-04T14:36:29.067,42.880,0.288,0.188,1.005
1714822589077,2024-05-04T14:36:29.077,42.890,0.245,0.181,1.035
1714822589087,2024-05-04T14:36:29.087,42.900,0.151,0.164,1.059
1714822589097,2024-05-04T14:36:29.097,42.910,0.102,0.143,1.081
1714822589107,2024-05-04T14:36:29.107,42.920,0.169,0.145,1.119
1714822589117,2024-05-04T14:36:29.117,42.930,0.329,0.166,1.159
1714822589127,2024-05-04T14:36:29.127,42.940,0.418,0.166,1.143
1714822589137,2024-05-04T14:36:29.137,42.950,0.356,0.145,1.048
1714822589147,2024-05-04T14:36:29.147,42.960,0.214,0.122,0.940
1714822589157,2024-05-04T14:36:29.157,42.970,0.042,0.083,0.896
1714822589167,2024-05-04T14:36:29.167,42.980,-0.070,0.076,0.888
1714822589177,2024-05-04T14:36:29.177,42.990,-0.095,0.117,0.963
1714822589187,2024-05-04T14:36:29.187,43.000,-0.009,0.157,1.093
1714822589197,2024-05-04T14:36:29.197,43.010,0.134,0.146,1.187
1714822589207,2024-05-04T14:36:29.207,43.020,0.192,0.111,1.203
1714822589217,2024-05-04T14:36:29.217,43.030,0.171,0.110,1.053
1714822589227,2024-05-04T14:36:29.227,43.040,0.317,-0.084,0.884
1714822589237,2024-05-04T14:36:29.237,43.050,0.189,-0.059,0.786
1714822589247,2024-05-04T14:36:29.247,43.060,-0.811,0.072,0.539
1714822589257,2024-05-04T14:36:29.257,43.070,-1.024,0.191,0.630
1714822589267,2024-05-04T14:36:29.267,43.080,-0.841,0.180,0.679
1714822589277,2024-05-04T14:36:29.277,43.090,-0.974,0.125,0.571
1714822589287,2024-05-04T14:36:29.287,43.100,-1.212,0.148,0.273
1714822589297,2024-05-04T14:36:29.297,43.110,-1.324,0.269,-0.066
1714822589307,2024-05-04T14:36:29.307,43.120,-1.174,0.364,0.021
1714822589317,2024-05-04T14:36:29.317,43.130,-1.054,0.388,0.174
1714822589327,2024-05-04T14:36:29.327,43.140,-1.153,0.210,0.148
1714822589337,2024-05-04T14:36:29.337,43.150,-1.219,-0.039,0.342
1714822589347,2024-05-04T14:36:29.347,43.160,-1.267,-0.106,0.378
1714822589357,2024-05-04T14:36:29.357,43.170,-1.166,0.075,0.130
1714822589367,2024-05-04T14:36:29.367,43.180,-0.879,0.134,-0.102
1714822589377,2024-05-04T14:36:29.377,43.190,-0.812,0.115,-0.246
1714822589387,2024-05-04T14:36:29.387,43.200,-1.021,0.118,-0.307
1714822589397,2024-05-04T14:36:29.397,43.210,-1.162,0.091,-0.359
1714822589407,2024-05-04T14:36:29.407,43.220,-1.137,0.039,-0.361
1714822589417,2024-05-04T14:36:29.417,43.230,-1.118,0.033,-0.337
1714822589427,2024-05-04T14:36:29.427,43.240,-1.183,0.045,-0.328
1714822589437,2024-05-04T14:36:29.437,43.250,-1.208,0.069,-0.320
1714822589447,2024-05-04T14:36:29.447,43.260,-1.160,0.112,-0.269
1714822589457,2024-05-04T14:36:29.457,43.270,-1.090,0.164,-0.174
1714822589467,2024-05-04T14:36:29.467,43.280,-1.020,0.205,-0.055
1714822589477,2024-05-04T14:36:29.477,43.290,-0.979,0.221,0.040
1714822589487,2024-05-04T14:36:29.487,43.300,-0.977,0.233,0.051
1714822589497,2024-05-04T14:36:29.497,43.310,-0.987,0.235,0.023
1714822589507,2024-05-04T14:36:29.507,43.320,-0.992,0.230,0.033
1714822589517,2024-05-04T14:36:29.517,43.330,-0.984,0.240,0.074
1714822589527,2024-05-04T14:36:29.527,43.340,-0.984,0.249,0.105
1714822589537,2024-05-04T14:36:29.537,43.350,-0.986,0.257,0.144
1714822589547,2024-05-04T14:36:29.547,43.360,-0.981,0.283,0.218
1714822589557,2024-05-04T14:36:29.557,43.370,-0.957,0.304,0.223
1714822589567,2024-05-04T14:36:29.567,43.380,-0.899,0.284,0.214
1714822589577,2024-05-04T14:36:29.577,43.390,-0.885,0.266,0.236
1714822589587,2024-05-04T14:36:29.587,43.400,-0.898,0.262,0.274
1714822589597,2024-05-04T14:36:29.597,43.410,-0.932,0.262,0.302
1714822589607,2024-05-04T14:36:29.607,43.420,-0.956,0.258,0.325
1714822589617,2024-05-04T14:36:29.617,43.430,-0.944,0.271,0.352
1714822589627,2024-05-04T14:36:29.627,43.440,-0.953,0.295,0.389
1714822589637,2024-05-04T14:36:29.637,43.450,-0.923,0.276,0.386
1714822589647,2024-05-04T14:36:29.647,43.460,-0.902,0.236,0.359
1714822589657,2024-05-04T14:36:29.657,43.470,-0.908,0.236,0.354
1714822589667,2024-05-04T14:36:29.667,43.480,-0.891,0.246,0.382
1714822589677,2024-05-04T14:36:29.677,43.490,-0.845,0.241,0.438
1714822589687,2024-05-04T14:36:29.687,43.500,-0.824,0.247,0.521
1714822589697,2024-05-04T14:36:29.697,43.510,-0.826,0.255,0.620
1714822589707,2024-05-04T14:36:29.707,43.520,-0.779,0.251,0.683
1714822589717,2024-05-04T14:36:29.717,43.530,-0.687,0.238,0.728
1714822589727,2024-05-04T14:36:29.727,43.540,-0.610,0.233,0.712
1714822589737,2024-05-04T14:36:29.737,43.550,-0.618,0.235,0.635
1714822589747,2024-05-04T14:36:29.747,43.560,-0.695,0.232,0.594
1714822589757,2024-05-04T14:36:29.757,43.570,-0.694,0.244,0.627
1714822589767,2024-05-04T14:36:29.767,43.580,-0.636,0.254,0.723
1714822589777,2024-05-04T14:36:29.777,43.590,-0.546,0.235,0.856
1714822589787,2024-05-04T14:36:29.787,43.600,-0.461,0.217,0.958
1714822589797,2024-05-04T14:36:29.797,43.610,-0.458,0.210,0.975
1714822589807,2024-05-04T14:36:29.807,43.620,-0.476,0.224,0.906
1714822589817,2024-05-04T14:36:29.817,43.630,-0.500,0.250,0.823
1714822589827,2024-05-04T14:36:29.827,43.640,-0.460,0.282,0.793
1714822589837,2024-05-04T14:36:29.837,43.650,-0.436,0.300,0.805
1714822589847,2024-05-04T14:36:29.847,43.660,-0.443,0.281,0.845
1714822589857,2024-05-04T14:36:29.857,43.670,-0.440,0.253,0.896
1714822589867,2024-05-04T14:36:29.867,43.680,-0.410,0.225,0.950
1714822589877,2024-05-04T14:36:29.877,43.690,-0.373,0.212,0.962
1714822589887,2024-05-04T14:36:29.887,43.700,-0.372,0.216,0.936
1714822589897,2024-05-04T14:36:29.897,43.710,-0.363,0.233,0.895
1714822589907,2024-05-04T14:36:29.907,43.720,-0.320,0.247,0.872
1714822589917,2024-05-04T14:36:29.917,43.730,-0.289,0.256,0.885
1714822589927,2024-05-04T14:36:29.927,43.740,-0.308,0.246,0.921
1714822589937,2024-05-04T14:36:29.937,43.750,-0.313,0.222,0.953
1714822589947,2024-05-04T14:36:29.947,43.760,-0.281,0.206,0.979
1714822589957,2024-05-04T14:36:29.957,43.770,-0.248,0.201,0.996
1714822589967,2024-05-04T14:36:29.967,43.780,-0.229,0.206,0.979
1714822589977,2024-05-04T14:36:29.977,43.790,-0.190,0.212,0.948
1714822589987,2024-05-04T14:36:29.987,43.800,-0.166,0.225,0.895
1714822589997,2024-05-04T14:36:29.997,43.810,-0.151,0.231,0.884
1714822590007,2024-05-04T14:36:30.007,43.820,-0.156,0.230,0.876
1714822590017,2024-05-04T14:36:30.017,43.830,-0.157,0.215,0.903
1714822590027,2024-05-04T14:36:30.027,43.840,-0.159,0.198,0.945
1714822590037,2024-05-04T14:36:30.037,43.850,-0.148,0.176,0.986
1714822590047,2024-05-04T14:36:30.047,43.860,-0.056,0.173,1.037
1714822590057,2024-05-04T14:36:30.057,43.870,0.056,0.191,1.056
1714822590067,2024-05-04T14:36:30.067,43.880,0.090,0.206,1.022
1714822590077,2024-05-04T14:36:30.077,43.890,0.060,0.227,0.964
1714822590087,2024-05-04T14:36:30.087,43.900,0.016,0.235,0.920
1714822590097,2024-05-04T14:36:30.097,43.910,-0.014,0.224,0.910
1714822590107,2024-05-04T14:36:30.107,43.920,-0.027,0.194,0.908
1714822590117,2024-05-04T14:36:30.117,43.930,-0.025,0.159,0.934
1714822590127,2024-05-04T14:36:30.127,43.940,-0.003,0.160,0.983
1714822590137,2024-05-04T14:36:30.137,43.950,0.017,0.181,1.021
1714822590147,2024-05-04T14:36:30.147,43.960,0.041,0.198,1.034
1714822590157,2024-05-04T14:36:30.157,43.970,0.075,0.209,1.010
1714822590167,2024-05-04T14:36:30.167,43.980,0.090,0.214,0.969
1714822590177,2024-05-04T14:36:30.177,43.990,0.084,0.217,0.940
1714822590187,2024-05-04T14:36:30.187,44.000,0.091,0.201,0.942
1714822590197,2024-05-04T14:36:30.197,44.010,0.096,0.182,0.969
1714822590207,2024-05-04T14:36:30.207,44.020,0.096,0.170,0.998
1714822590217,2024-05-04T14:36:30.217,44.030,0.107,0.177,1.022
1714822590227,2024-05-04T14:36:30.227,44.040,0.135,0.191,1.040
1714822590237,2024-05-04T14:36:30.237,44.050,0.158,0.191,1.045
1714822590247,2024-05-04T14:36:30.247,44.060,0.121,0.177,1.009
1714822590257,2024-05-04T14:36:30.257,44.070,0.042,0.168,0.982
1714822590267,2024-05-04T14:36:30.267,44.080,0.022,0.177,0.973
1714822590277,2024-05-04T14:36:30.277,44.090,0.069,0.186,0.966
1714822590287,2024-05-04T14:36:30.287,44.100,0.123,0.184,0.981
1714822590297,2024-05-04T14:36:30.297,44.110,0.175,0.182,1.012
1714822590307,2024-05-04T14:36:30.307,44.120,0.211,0.174,1.038
1714822590317,2024-05-04T14:36:30.317,44.130,0.212,0.164,1.043
1714822590327,2024-05-04T14:36:30.327,44.140,0.169,0.165,1.030
1714822590337,2024-05-04T14:36:30.337,44.150,0.113,0.175,1.009
1714822590347,2024-05-04T14:36:30.347,44.160,0.075,0.186,0.992
1714822590357,2024-05-04T14:36:30.357,44.170,0.064,0.188,0.990
1714822590367,2024-05-04T14:36:30.367,44.180,0.074,0.178,1.005
1714822590377,2024-05-04T14:36:30.377,44.190,0.101,0.164,1.020
1714822590387,2024-05-04T14:36:30.387,44.200,0.137,0.158,1.026
1714822590397,2024-05-04T14:36:30.397,44.210,0.167,0.158,1.019
1714822590407,2024-05-04T14:36:30.407,44.220,0.190,0.163,1.008
1714822590417,2024-05-04T14:36:30.417,44.230,0.187,0.172,1.003
1714822590427,2024-05-04T14:36:30.427,44.240,0.182,0.179,1.007
1714822590437,2024-05-04T14:36:30.437,44.250,0.191,0.182,1.028
1714822590447,2024-05-04T14:36:30.447,44.260,0.216,0.185,1.056
1714822590457,2024-05-04T14:36:30.457,44.270,0.238,0.180,1.074
1714822590467,2024-05-04T14:36:30.467,44.280,0.236,0.171,1.086
1714822590477,2024-05-04T14:36:30.477,44.290,0.224,0.162,1.093
1714822590487,2024-05-04T14:36:30.487,44.300,0.218,0.151,1.107
1714822590497,2024-05-04T14:36:30.497,44.310,0.219,0.139,1.114
1714822590507,2024-05-04T14:36:30.507,44.320,0.228,0.125,1.099
1714822590517,2024-05-04T14:36:30.517,44.330,0.237,0.115,1.072
1714822590527,2024-05-04T14:36:30.527,44.340,0.242,0.110,1.033
1714822590537,2024-05-04T14:36:30.537,44.350,0.243,0.095,0.997
1714822590547,2024-05-04T14:36:30.547,44.360,0.262,0.080,1.015
1714822590557,2024-05-04T14:36:30.557,44.370,0.339,0.074,1.089
1714822590567,2024-05-04T14:36:30.567,44.380,0.484,0.074,1.148
1714822590577,2024-05-04T14:36:30.577,44.390,0.685,0.066,1.169
1714822590587,2024-05-04T14:36:30.587,44.400,0.743,0.073,1.138
1714822590597,2024-05-04T14:36:30.597,44.410,0.608,0.099,1.046
1714822590607,2024-05-04T14:36:30.607,44.420,0.371,0.103,0.915
1714822590617,2024-05-04T14:36:30.617,44.430,0.127,0.088,0.867
1714822590627,2024-05-04T14:36:30.627,44.440,0.008,0.068,0.930
1714822590637,2024-05-04T14:36:30.637,44.450,-0.021,0.054,0.945
1714822590647,2024-05-04T14:36:30.647,44.460,-0.068,0.042,0.957
1714822590657,2024-05-04T14:36:30.657,44.470,-0.083,0.060,0.890
1714822590667,2024-05-04T14:36:30.667,44.480,-0.112,0.053,0.712
1714822590677,2024-05-04T14:36:30.677,44.490,-0.196,0.026,0.420
1714822590687,2024-05-04T14:36:30.687,44.500,-0.443,-0.000,0.156
1714822590697,2024-05-04T14:36:30.697,44.510,-0.741,0.038,-0.194
1714822590707,2024-05-04T14:36:30.707,44.520,-0.659,-0.025,-0.071
1714822590717,2024-05-04T14:36:30.717,44.530,-1.488,0.190,-0.093
1714822590727,2024-05-04T14:36:30.727,44.540,-2.360,0.183,-0.205
1714822590737,2024-05-04T14:36:30.737,44.550,-2.262,0.190,-0.087
1714822590747,2024-05-04T14:36:30.747,44.560,-1.810,0.207,-0.101
1714822590757,2024-05-04T14:36:30.757,44.570,-1.269,0.266,0.056
1714822590767,2024-05-04T14:36:30.767,44.580,-0.809,0.373,0.274
1714822590777,2024-05-04T14:36:30.777,44.590,-0.638,0.369,0.438
1714822590787,2024-05-04T14:36:30.787,44.600,-0.661,0.207,0.499
1714822590797,2024-05-04T14:36:30.797,44.610,-0.702,0.070,0.584
1714822590807,2024-05-04T14:36:30.807,44.620,-0.741,0.061,0.568
1714822590817,2024-05-04T14:36:30.817,44.630,-0.848,0.074,0.426
1714822590827,2024-05-04T14:36:30.827,44.640,-1.069,0.097,0.239
1714822590837,2024-05-04T14:36:30.837,44.650,-1.235,0.153,0.057
1714822590847,2024-05-04T14:36:30.847,44.660,-1.264,0.185,-0.093
1714822590857,2024-05-04T14:36:30.857,44.670,-1.228,0.163,-0.161
1714822590867,2024-05-04T14:36:30.867,44.680,-1.222,0.129,-0.165
1714822590877,2024-05-04T14:36:30.877,44.690,-1.199,0.110,-0.163
1714822590887,2024-05-04T14:36:30.887,44.700,-1.154,0.096,-0.152
1714822590897,2024-05-04T14:36:30.897,44.710,-1.115,0.093,-0.086
1714822590907,2024-05-04T14:36:30.907,44.720,-1.104,0.091,0.009
1714822590917,2024-05-04T14:36:30.917,44.730,-1.105,0.088,0.062
1714822590927,2024-05-04T14:36:30.927,44.740,-1.116,0.088,0.103
1714822590937,2024-05-04T14:36:30.937,44.750,-1.125,0.122,0.154
1714822590947,2024-05-04T14:36:30.947,44.760,-1.082,0.188,0.168
1714822590957,2024-05-04T14:36:30.957,44.770,-1.025,0.213,0.174
1714822590967,2024-05-04T14:36:30.967,44.780,-1.021,0.219,0.215
1714822590977,2024-05-04T14:36:30.977,44.790,-1.007,0.229,0.261
1714822590987,2024-05-04T14:36:30.987,44.800,-0.976,0.231,0.270
1714822590997,2024-05-04T14:36:30.997,44.810,-0.997,0.222,0.276
1714822591007,2024-05-04T14:36:31.007,44.820,-1.046,0.208,0.317
1714822591017,2024-05-04T14:36:31.017,44.830,-1.046,0.204,0.385
1714822591027,2024-05-04T14:36:31.027,44.840,-0.985,0.206,0.443
1714822591037,2024-05-04T14:36:31.037,44.850,-0.928,0.213,0.482
1714822591047,2024-05-04T14:36:31.047,44.860,-0.900,0.238,0.501
1714822591057,2024-05-04T14:36:31.057,44.870,-0.870,0.246,0.485
1714822591067,2024-05-04T14:36:31.067,44.880,-0.865,0.227,0.514
1714822591077,2024-05-04T14:36:31.077,44.890,-0.869,0.205,0.579
1714822591087,2024-05-04T14:36:31.087,44.900,-0.854,0.185,0.612
1714822591097,2024-05-04T14:36:31.097,44.910,-0.810,0.180,0.609
1714822591107,2024-05-04T14:36:31.107,44.920,-0.769,0.206,0.609
1714822591117,2024-05-04T14:36:31.117,44.930,-0.778,0.240,0.604
1714822591127,2024-05-04T14:36:31.127,44.940,-0.823,0.254,0.613
1714822591137,2024-05-04T14:36:31.137,44.950,-0.762,0.247,0.684
1714822591147,2024-05-04T14:36:31.147,44.960,-0.625,0.245,0.774
1714822591157,2024-05-04T14:36:31.157,44.970,-0.528,0.228,0.871
1714822591167,2024-05-04T14:36:31.167,44.980,-0.457,0.213,0.956
1714822591177,2024-05-04T14:36:31.177,44.990,-0.427,0.206,0.977
1714822591187,2024-05-04T14:36:31.187,45.000,-0.458,0.203,0.938
1714822591197,2024-05-04T14:36:31.197,45.010,-0.557,0.204,0.860
1714822591207,2024-05-04T14:36:31.207,45.020,-0.612,0.202,0.802
1714822591217,2024-05-04T14:36:31.217,45.030,-0.558,0.219,0.789
1714822591227,2024-05-04T14:36:31.227,45.040,-0.441,0.245,0.797
1714822591237,2024-05-04T14:36:31.237,45.050,-0.342,0.254,0.841
1714822591247,2024-05-04T14:36:31.247,45.060,-0.333,0.248,0.809
1714822591257,2024-05-04T14:36:31.257,45.070,-0.277,0.229,0.785
1714822591267,2024-05-04T14:36:31.267,45.080,-0.155,0.221,0.800
1714822591277,2024-05-04T14:36:31.277,45.090,-0.078,0.229,0.826
1714822591287,2024-05-04T14:36:31.287,45.100,-0.075,0.230,0.864
1714822591297,2024-05-04T14:36:31.297,45.110,-0.112,0.216,0.887
1714822591307,2024-05-04T14:36:31.307,45.120,-0.141,0.202,0.918
1714822591317,2024-05-04T14:36:31.317,45.130,-0.135,0.191,0.966
1714822591327,2024-05-04T14:36:31.327,45.140,-0.184,0.173,0.950
1714822591337,2024-05-04T14:36:31.337,45.150,-0.200,0.161,0.949
1714822591347,2024-05-04T14:36:31.347,45.160,-0.041,0.187,1.000
1714822591357,2024-05-04T14:36:31.357,45.170,0.147,0.202,1.023
1714822591367,2024-05-04T14:36:31.367,45.180,0.204,0.210,0.982
1714822591377,2024-05-04T14:36:31.377,45.190,0.130,0.234,0.937
1714822591387,2024-05-04T14:36:31.387,45.200,0.014,0.244,0.912
1714822591397,2024-05-04T14:36:31.397,45.210,-0.043,0.223,0.913
1714822591407,2024-05-04T14:36:31.407,45.220,-0.037,0.196,0.946
1714822591417,2024-05-04T14:36:31.417,45.230,0.011,0.185,0.988
1714822591427,2024-05-04T14:36:31.427,45.240,0.075,0.192,1.026
1714822591437,2024-05-04T14:36:31.437,45.250,0.138,0.207,1.046
1714822591447,2024-05-04T14:36:31.447,45.260,0.179,0.209,1.026
1714822591457,2024-05-04T14:36:31.457,45.270,0.171,0.218,0.982
1714822591467,2024-05-04T14:36:31.467,45.280,0.130,0.233,0.953
1714822591477,2024-05-04T14:36:31.477,45.290,0.084,0.229,0.933
1714822591487,2024-05-04T14:36:31.487,45.300,0.042,0.221,0.931
1714822591497,2024-05-04T14:36:31.497,45.310,0.045,0.217,0.969
1714822591507,2024-05-04T14:36:31.507,45.320,0.086,0.204,1.022
1714822591517,2024-05-04T14:36:31.517,45.330,0.121,0.185,1.046
1714822591527,2024-05-04T14:36:31.527,45.340,0.123,0.181,1.023
1714822591537,2024-05-04T14:36:31.537,45.350,0.119,0.194,0.986
1714822591547,2024-05-04T14:36:31.547,45.360,0.119,0.225,0.953
1714822591557,2024-05-04T14:36:31.557,45.370,0.087,0.236,0.945
1714822591567,2024-05-04T14:36:31.567,45.380,0.058,0.223,0.957
1714822591577,2024-05-04T14:36:31.577,45.390,0.063,0.192,0.981
1714822591587,2024-05-04T14:36:31.587,45.400,0.109,0.172,1.014
1714822591597,2024-05-04T14:36:31.597,45.410,0.175,0.170,1.037
1714822591607,2024-05-04T14:36:31.607,45.420,0.211,0.178,1.044
1714822591617,2024-05-04T14:36:31.617,45.430,0.212,0.191,1.024
1714822591627,2024-05-04T14:36:31.627,45.440,0.181,0.203,0.991
1714822591637,2024-05-04T14:36:31.637,45.450,0.118,0.206,0.956
1714822591647,2024-05-04T14:36:31.647,45.460,0.063,0.208,0.940
1714822591657,2024-05-04T14:36:31.657,45.470,0.070,0.207,0.947
1714822591667,2024-05-04T14:36:31.667,45.480,0.116,0.194,0.974
1714822591677,2024-05-04T14:36:31.677,45.490,0.176,0.179,1.007
1714822591687,2024-05-04T14:36:31.687,45.500,0.196,0.167,1.004
1714822591697,2024-05-04T14:36:31.697,45.510,0.189,0.176,0.975
1714822591707,2024-05-04T14:36:31.707,45.520,0.176,0.206,0.941
1714822591717,2024-05-04T14:36:31.717,45.530,0.159,0.225,0.929
1714822591727,2024-05-04T14:36:31.727,45.540,0.124,0.222,0.923
1714822591737,2024-05-04T14:36:31.737,45.550,0.073,0.193,0.917
1714822591747,2024-05-04T14:36:31.747,45.560,0.055,0.169,0.935
1714822591757,2024-05-04T14:36:31.757,45.570,0.129,0.167,0.977
1714822591767,2024-05-04T14:36:31.767,45.580,0.231,0.172,1.021
1714822591777,2024-05-04T14:36:31.777,45.590,0.273,0.176,1.039
1714822591787,2024-05-04T14:36:31.787,45.600,0.274,0.175,1.021
1714822591797,2024-05-04T14:36:31.797,45.610,0.274,0.184,0.979
1714822591807,2024-05-04T14:36:31.807,45.620,0.250,0.181,0.965
1714822591817,2024-05-04T14:36:31.817,45.630,0.225,0.167,0.957
1714822591827,2024-05-04T14:36:31.827,45.640,0.222,0.157,0.975
1714822591837,2024-05-04T14:36:31.837,45.650,0.254,0.157,1.020
1714822591847,2024-05-04T14:36:31.847,45.660,0.289,0.154,1.069
1714822591857,2024-05-04T14:36:31.857,45.670,0.320,0.153,1.117
1714822591867,2024-05-04T14:36:31.867,45.680,0.375,0.170,1.147
1714822591877,2024-05-04T14:36:31.877,45.690,0.433,0.188,1.155
1714822591887,2024-05-04T14:36:31.887,45.700,0.463,0.213,1.137
1714822591897,2024-05-04T14:36:31.897,45.710,0.465,0.229,1.106
1714822591907,2024-05-04T14:36:31.907,45.720,0.446,0.228,1.089
1714822591917,2024-05-04T14:36:31.917,45.730,0.433,0.224,1.076
1714822591927,2024-05-04T14:36:31.927,45.740,0.417,0.212,1.048
1714822591937,2024-05-04T14:36:31.937,45.750,0.384,0.207,1.020
1714822591947,2024-05-04T14:36:31.947,45.760,0.376,0.219,0.994
1714822591957,2024-05-04T14:36:31.957,45.770,0.401,0.244,0.973
1714822591967,2024-05-04T14:36:31.967,45.780,0.390,0.241,0.998
1714822591977,2024-05-04T14:36:31.977,45.790,0.351,0.202,1.011
1714822591987,2024-05-04T14:36:31.987,45.800,0.364,0.153,0.998
1714822591997,2024-05-04T14:36:31.997,45.810,0.385,0.141,1.020
1714822592007,2024-05-04T14:36:32.007,45.820,0.348,0.158,1.027
1714822592017,2024-05-04T14:36:32.017,45.830,0.287,0.131,0.949
1714822592027,2024-05-04T14:36:32.027,45.840,0.260,0.089,0.840
1714822592037,2024-05-04T14:36:32.037,45.850,0.123,0.045,0.687
1714822592047,2024-05-04T14:36:32.047,45.860,-0.118,-0.017,0.578
1714822592057,2024-05-04T14:36:32.057,45.870,-0.336,-0.003,0.515
1714822592067,2024-05-04T14:36:32.067,45.880,-0.599,0.048,0.436
1714822592077,2024-05-04T14:36:32.077,45.890,-0.888,-0.006,0.496
1714822592087,2024-05-04T14:36:32.087,45.900,-0.822,-0.023,0.284
1714822592097,2024-05-04T14:36:32.097,45.910,-0.688,-0.094,0.715
1714822592107,2024-05-04T14:36:32.107,45.920,-2.088,0.065,0.365
1714822592117,2024-05-04T14:36:32.117,45.930,-2.233,0.047,0.343
1714822592127,2024-05-04T14:36:32.127,45.940,-1.516,-0.036,0.510
1714822592137,2024-05-04T14:36:32.137,45.950,-0.974,0.078,0.537
1714822592147,2024-05-04T14:36:32.147,45.960,-0.889,0.193,0.508
1714822592157,2024-05-04T14:36:32.157,45.970,-0.933,0.177,0.407
1714822592167,2024-05-04T14:36:32.167,45.980,-1.016,0.083,0.307
1714822592177,2024-05-04T14:36:32.177,45.990,-1.029,0.021,0.277
1714822592187,2024-05-04T14:36:32.187,46.000,-0.994,0.041,0.237
1714822592197,2024-05-04T14:36:32.197,46.010,-1.039,0.062,0.179
1714822592207,2024-05-04T14:36:32.207,46.020,-1.138,0.082,0.134
1714822592217,2024-05-04T14:36:32.217,46.030,-1.168,0.100,0.074
1714822592227,2024-05-04T14:36:32.227,46.040,-1.147,0.095,-0.019
1714822592237,2024-05-04T14:36:32.237,46.050,-1.163,0.098,-0.101
1714822592247,2024-05-04T14:36:32.247,46.060,-1.189,0.118,-0.113
1714822592257,2024-05-04T14:36:32.257,46.070,-1.185,0.126,-0.079
1714822592267,2024-05-04T14:36:32.267,46.080,-1.156,0.134,0.016
1714822592277,2024-05-04T14:36:32.277,46.090,-1.115,0.150,0.120
1714822592287,2024-05-04T14:36:32.287,46.100,-1.041,0.167,0.194
1714822592297,2024-05-04T14:36:32.297,46.110,-0.963,0.179,0.239
1714822592307,2024-05-04T14:36:32.307,46.120,-0.916,0.208,0.245
1714822592317,2024-05-04T14:36:32.317,46.130,-0.901,0.221,0.226
1714822592327,2024-05-04T14:36:32.327,46.140,-0.943,0.212,0.213
1714822592337,2024-05-04T14:36:32.337,46.150,-0.982,0.216,0.242
1714822592347,2024-05-04T14:36:32.347,46.160,-0.970,0.210,0.297
1714822592357,2024-05-04T14:36:32.357,46.170,-0.942,0.196,0.338
1714822592367,2024-05-04T14:36:32.367,46.180,-0.917,0.185,0.368
1714822592377,2024-05-04T14:36:32.377,46.190,-0.891,0.183,0.403
1714822592387,2024-05-04T14:36:32.387,46.200,-0.861,0.194,0.428
1714822592397,2024-05-04T14:36:32.397,46.210,-0.830,0.208,0.451
1714822592407,2024-05-04T14:36:32.407,46.220,-0.816,0.202,0.455
1714822592417,2024-05-04T14:36:32.417,46.230,-0.843,0.207,0.448
1714822592427,2024-05-04T14:36:32.427,46.240,-0.877,0.213,0.456
1714822592437,2024-05-04T14:36:32.437,46.250,-0.871,0.209,0.480
1714822592447,2024-05-04T14:36:32.447,46.260,-0.835,0.208,0.521
1714822592457,2024-05-04T14:36:32.457,46.270,-0.801,0.211,0.570
1714822592467,2024-05-04T14:36:32.467,46.280,-0.793,0.214,0.602
1714822592477,2024-05-04T14:36:32.477,46.290,-0.783,0.218,0.653
1714822592487,2024-05-04T14:36:32.487,46.300,-0.741,0.222,0.715
1714822592497,2024-05-04T14:36:32.497,46.310,-0.690,0.205,0.734
1714822592507,2024-05-04T14:36:32.507,46.320,-0.667,0.201,0.724
1714822592517,2024-05-04T14:36:32.517,46.330,-0.665,0.216,0.707
1714822592527,2024-05-04T14:36:32.527,46.340,-0.657,0.226,0.700
1714822592537,2024-05-04T14:36:32.537,46.350,-0.661,0.225,0.717
1714822592547,2024-05-04T14:36:32.547,46.360,-0.659,0.228,0.768
1714822592557,2024-05-04T14:36:32.557,46.370,-0.629,0.226,0.817
1714822592567,2024-05-04T14:36:32.567,46.380,-0.578,0.211,0.850
1714822592577,2024-05-04T14:36:32.577,46.390,-0.547,0.204,0.850
1714822592587,2024-05-04T14:36:32.587,46.400,-0.531,0.220,0.846
1714822592597,2024-05-04T14:36:32.597,46.410,-0.521,0.231,0.841
1714822592607,2024-05-04T14:36:32.607,46.420,-0.472,0.236,0.833
1714822592617,2024-05-04T14:36:32.617,46.430,-0.409,0.224,0.847
1714822592627,2024-05-04T14:36:32.627,46.440,-0.397,0.207,0.886
1714822592637,2024-05-04T14:36:32.637,46.450,-0.422,0.187,0.892
1714822592647,2024-05-04T14:36:32.647,46.460,-0.453,0.167,0.867
1714822592657,2024-05-04T14:36:32.657,46.470,-0.494,0.163,0.845
1714822592667,2024-05-04T14:36:32.667,46.480,-0.518,0.167,0.833
1714822592677,2024-05-04T14:36:32.677,46.490,-0.528,0.167,0.800
1714822592687,2024-05-04T14:36:32.687,46.500,-0.528,0.179,0.818
1714822592697,2024-05-04T14:36:32.697,46.510,-0.409,0.180,0.858
1714822592707,2024-05-04T14:36:32.707,46.520,-0.274,0.192,0.890
1714822592717,2024-05-04T14:36:32.717,46.530,-0.262,0.198,0.918
1714822592727,2024-05-04T14:36:32.727,46.540,-0.309,0.169,0.917
1714822592737,2024-05-04T14:36:32.737,46.550,-0.364,0.149,0.917
1714822592747,2024-05-04T14:36:32.747,46.560,-0.353,0.155,0.942
1714822592757,2024-05-04T14:36:32.757,46.570,-0.276,0.161,0.958
1714822592767,2024-05-04T14:36:32.767,46.580,-0.177,0.182,0.962
1714822592777,2024-05-04T14:36:32.777,46.590,-0.113,0.217,0.961
1714822592787,2024-05-04T14:36:32.787,46.600,-0.115,0.239,0.945
1714822592797,2024-05-04T14:36:32.797,46.610,-0.164,0.237,0.944
1714822592807,2024-05-04T14:36:32.807,46.620,-0.250,0.214,0.946
1714822592817,2024-05-04T14:36:32.817,46.630,-0.272,0.174,0.967
1714822592827,2024-05-04T14:36:32.827,46.640,-0.166,0.159,0.999
1714822592837,2024-05-04T14:36:32.837,46.650,-0.035,0.174,1.018
1714822592847,2024-05-04T14:36:32.847,46.660,0.038,0.201,1.014
1714822592857,2024-05-04T14:36:32.857,46.670,0.060,0.219,0.993
1714822592867,2024-05-04T14:36:32.867,46.680,0.068,0.221,0.972
1714822592877,2024-05-04T14:36:32.877,46.690,0.060,0.215,0.962
1714822592887,2024-05-04T14:36:32.887,46.700,0.036,0.206,0.968
1714822592897,2024-05-04T14:36:32.897,46.710,0.001,0.196,0.980
1714822592907,2024-05-04T14:36:32.907,46.720,0.006,0.188,1.001
1714822592917,2024-05-04T14:36:32.917,46.730,0.048,0.185,1.021
1714822592927,2024-05-04T14:36:32.927,46.740,0.092,0.180,1.030
1714822592937,2024-05-04T14:36:32.937,46.750,0.111,0.186,1.014
1714822592947,2024-05-04T14:36:32.947,46.760,0.105,0.196,0.985
1714822592957,2024-05-04T14:36:32.957,46.770,0.049,0.212,0.955
1714822592967,2024-05-04T14:36:32.967,46.780,-0.021,0.212,0.944
1714822592977,2024-05-04T14:36:32.977,46.790,-0.018,0.204,0.956
1714822592987,2024-05-04T14:36:32.987,46.800,0.032,0.191,0.978
1714822592997,2024-05-04T14:36:32.997,46.810,0.072,0.184,0.983
1714822593007,2024-05-04T14:36:33.007,46.820,0.104,0.191,0.979
1714822593017,2024-05-04T14:36:33.017,46.830,0.125,0.214,0.972
1714822593027,2024-05-04T14:36:33.027,46.840,0.118,0.230,0.969
1714822593037,2024-05-04T14:36:33.037,46.850,0.090,0.228,0.973
1714822593047,2024-05-04T14:36:33.047,46.860,0.050,0.214,0.974
1714822593057,2024-05-04T14:36:33.057,46.870,0.023,0.200,0.982
1714822593067,2024-05-04T14:36:33.067,46.880,0.025,0.193,0.989
1714822593077,2024-05-04T14:36:33.077,46.890,0.023,0.192,0.990
1714822593087,2024-05-04T14:36:33.087,46.900,0.018,0.194,0.976
1714822593097,2024-05-04T14:36:33.097,46.910,0.023,0.203,0.976
1714822593107,2024-05-04T14:36:33.107,46.920,0.031,0.211,0.981
1714822593117,2024-05-04T14:36:33.117,46.930,0.041,0.205,0.984
1714822593127,2024-05-04T14:36:33.127,46.940,0.063,0.193,1.007
1714822593137,2024-05-04T14:36:33.137,46.950,0.086,0.185,1.021
1714822593147,2024-05-04T14:36:33.147,46.960,0.101,0.178,1.033
1714822593157,2024-05-04T14:36:33.157,46.970,0.122,0.180,1.040
1714822593167,2024-05-04T14:36:33.167,46.980,0.143,0.182,1.041
1714822593177,2024-05-04T14:36:33.177,46.990,0.140,0.178,1.023
1714822593187,2024-05-04T14:36:33.187,47.000,0.101,0.170,1.009
1714822593197,2024-05-04T14:36:33.197,47.010,0.084,0.170,1.029
1714822593207,2024-05-04T14:36:33.207,47.020,0.120,0.169,1.063
1714822593217,2024-05-04T14:36:33.217,47.030,0.167,0.163,1.082
1714822593227,2024-05-04T14:36:33.227,47.040,0.180,0.160,1.086
1714822593237,2024-05-04T14:36:33.237,47.050,0.184,0.169,1.092
1714822593247,2024-05-04T14:36:33.247,47.060,0.204,0.180,1.092
1714822593257,2024-05-04T14:36:33.257,47.070,0.238,0.186,1.099
1714822593267,2024-05-04T14:36:33.267,47.080,0.291,0.187,1.106
1714822593277,2024-05-04T14:36:33.277,47.090,0.347,0.177,1.130
1714822593287,2024-05-04T14:36:33.287,47.100,0.439,0.170,1.158
1714822593297,2024-05-04T14:36:33.297,47.110,0.500,0.160,1.160
1714822593307,2024-05-04T14:36:33.307,47.120,0.498,0.170,1.153
1714822593317,2024-05-04T14:36:33.317,47.130,0.466,0.202,1.136
1714822593327,2024-05-04T14:36:33.327,47.140,0.435,0.219,1.121
1714822593337,2024-05-04T14:36:33.337,47.150,0.483,0.211,1.132
1714822593347,2024-05-04T14:36:33.347,47.160,0.533,0.183,1.125
1714822593357,2024-05-04T14:36:33.357,47.170,0.505,0.161,1.039
1714822593367,2024-05-04T14:36:33.367,47.180,0.436,0.143,0.920
1714822593377,2024-05-04T14:36:33.377,47.190,0.345,0.123,0.838
1714822593387,2024-05-04T14:36:33.387,47.200,0.336,0.111,0.812
1714822593397,2024-05-04T14:36:33.397,47.210,0.489,0.099,0.762
1714822593407,2024-05-04T14:36:33.407,47.220,0.603,0.063,0.647
1714822593417,2024-05-04T14:36:33.417,47.230,0.510,-0.021,0.504
1714822593427,2024-05-04T14:36:33.427,47.240,-0.001,-0.149,0.286
1714822593437,2024-05-04T14:36:33.437,47.250,-0.745,-0.249,0.113
1714822593447,2024-05-04T14:36:33.447,47.260,-1.369,-0.247,0.013
1714822593457,2024-05-04T14:36:33.457,47.270,-1.572,-0.146,-0.138
1714822593467,2024-05-04T14:36:33.467,47.280,-1.567,-0.003,-0.224
1714822593477,2024-05-04T14:36:33.477,47.290,-1.734,0.080,-0.241
1714822593487,2024-05-04T14:36:33.487,47.300,-1.898,0.082,-0.186
1714822593497,2024-05-04T14:36:33.497,47.310,-1.662,0.090,-0.004
1714822593507,2024-05-04T14:36:33.507,47.320,-1.189,0.155,0.146
1714822593517,2024-05-04T14:36:33.517,47.330,-1.061,0.171,0.170
1714822593527,2024-05-04T14:36:33.527,47.340,-1.156,0.137,0.044
1714822593537,2024-05-04T14:36:33.537,47.350,-1.214,0.122,-0.113
1714822593547,2024-05-04T14:36:33.547,47.360,-1.286,0.125,-0.172
1714822593557,2024-05-04T14:36:33.557,47.370,-1.294,0.127,-0.178
1714822593567,2024-05-04T14:36:33.567,47.380,-1.201,0.104,-0.185
1714822593577,2024-05-04T14:36:33.577,47.390,-1.124,0.088,-0.198
1714822593587,2024-05-04T14:36:33.587,47.400,-1.116,0.083,-0.196
1714822593597,2024-05-04T14:36:33.597,47.410,-1.119,0.101,-0.193
1714822593607,2024-05-04T14:36:33.607,47.420,-1.143,0.119,-0.208
1714822593617,2024-05-04T14:36:33.617,47.430,-1.157,0.131,-0.220
1714822593627,2024-05-04T14:36:33.627,47.440,-1.132,0.151,-0.197
1714822593637,2024-05-04T14:36:33.637,47.450,-1.122,0.170,-0.153
1714822593647,2024-05-04T14:36:33.647,47.460,-1.146,0.167,-0.098
1714822593657,2024-05-04T14:36:33.657,47.470,-1.171,0.169,-0.033
1714822593667,2024-05-04T14:36:33.667,47.480,-1.178,0.171,0.038
1714822593677,2024-05-04T14:36:33.677,47.490,-1.157,0.178,0.094
1714822593687,2024-05-04T14:36:33.687,47.500,-1.118,0.188,0.141
1714822593697,2024-05-04T14:36:33.697,47.510,-1.063,0.198,0.164
1714822593707,2024-05-04T14:36:33.707,47.520,-1.030,0.198,0.167
1714822593717,2024-05-04T14:36:33.717,47.530,-1.041,0.200,0.188
1714822593727,2024-05-04T14:36:33.727,47.540,-1.042,0.208,0.237
1714822593737,2024-05-04T14:36:33.737,47.550,-1.001,0.209,0.314
1714822593747,2024-05-04T14:36:33.747,47.560,-0.938,0.210,0.387
1714822593757,2024-05-04T14:36:33.757,47.570,-0.901,0.218,0.438
1714822593767,2024-05-04T14:36:33.767,47.580,-0.889,0.227,0.465
1714822593777,2024-05-04T14:36:33.777,47.590,-0.889,0.224,0.463
1714822593787,2024-05-04T14:36:33.787,47.600,-0.941,0.216,0.452
1714822593797,2024-05-04T14:36:33.797,47.610,-0.978,0.200,0.491
1714822593807,2024-05-04T14:36:33.807,47.620,-0.923,0.191,0.529
1714822593817,2024-05-04T14:36:33.817,47.630,-0.803,0.192,0.579
1714822593827,2024-05-04T14:36:33.827,47.640,-0.708,0.196,0.610
1714822593837,2024-05-04T14:36:33.837,47.650,-0.662,0.204,0.628
1714822593847,2024-05-04T14:36:33.847,47.660,-0.642,0.203,0.673
1714822593857,2024-05-04T14:36:33.857,47.670,-0.622,0.193,0.722
1714822593867,2024-05-04T14:36:33.867,47.680,-0.580,0.177,0.773
1714822593877,2024-05-04T14:36:33.877,47.690,-0.521,0.168,0.807
1714822593887,2024-05-04T14:36:33.887,47.700,-0.526,0.169,0.814
1714822593897,2024-05-04T14:36:33.897,47.710,-0.597,0.159,0.823
1714822593907,2024-05-04T14:36:33.907,47.720,-0.542,0.160,0.837
1714822593917,2024-05-04T14:36:33.917,47.730,-0.390,0.195,0.845
1714822593927,2024-05-04T14:36:33.927,47.740,-0.262,0.232,0.863
1714822593937,2024-05-04T14:36:33.937,47.750,-0.230,0.250,0.888
1714822593947,2024-05-04T14:36:33.947,47.760,-0.246,0.241,0.896
1714822593957,2024-05-04T14:36:33.957,47.770,-0.234,0.216,0.927
1714822593967,2024-05-04T14:36:33.967,47.780,-0.171,0.202,0.958
1714822593977,2024-05-04T14:36:33.977,47.790,-0.144,0.203,0.977
1714822593987,2024-05-04T14:36:33.987,47.800,-0.160,0.214,0.973
1714822593997,2024-05-04T14:36:33.997,47.810,-0.201,0.221,0.948
1714822594007,2024-05-04T14:36:34.007,47.820,-0.278,0.229,0.910
1714822594017,2024-05-04T14:36:34.017,47.830,-0.334,0.239,0.903
1714822594027,2024-05-04T14:36:34.027,47.840,-0.287,0.243,0.928
1714822594037,2024-05-04T14:36:34.037,47.850,-0.207,0.234,0.947
1714822594047,2024-05-04T14:36:34.047,47.860,-0.168,0.221,0.976
1714822594057,2024-05-04T14:36:34.057,47.870,-0.147,0.221,1.007
1714822594067,2024-05-04T14:36:34.067,47.880,-0.103,0.223,1.015
1714822594077,2024-05-04T14:36:34.077,47.890,-0.033,0.213,0.992
1714822594087,2024-05-04T14:36:34.087,47.900,0.003,0.221,0.962
1714822594097,2024-05-04T14:36:34.097,47.910,-0.043,0.248,0.931
1714822594107,2024-05-04T14:36:34.107,47.920,-0.121,0.244,0.911
1714822594117,2024-05-04T14:36:34.117,47.930,-0.134,0.210,0.925
1714822594127,2024-05-04T14:36:34.127,47.940,-0.065,0.184,0.981
1714822594137,2024-05-04T14:36:34.137,47.950,0.020,0.171,1.030
1714822594147,2024-05-04T14:36:34.147,47.960,0.063,0.164,1.054
1714822594157,2024-05-04T14:36:34.157,47.970,0.073,0.181,1.034
1714822594167,2024-05-04T14:36:34.167,47.980,0.046,0.218,0.996
1714822594177,2024-05-04T14:36:34.177,47.990,0.035,0.252,0.974
1714822594187,2024-05-04T14:36:34.187,48.000,0.036,0.248,0.947
1714822594197,2024-05-04T14:36:34.197,48.010,0.000,0.204,0.923
1714822594207,2024-05-04T14:36:34.207,48.020,-0.044,0.176,0.919
1714822594217,2024-05-04T14:36:34.217,48.030,-0.046,0.184,0.940
1714822594227,2024-05-04T14:36:34.227,48.040,-0.009,0.197,0.972
1714822594237,2024-05-04T14:36:34.237,48.050,0.042,0.211,0.985
1714822594247,2024-05-04T14:36:34.247,48.060,0.054,0.230,0.981
1714822594257,2024-05-04T14:36:34.257,48.070,0.050,0.254,0.975
1714822594267,2024-05-04T14:36:34.267,48.080,0.056,0.264,0.966
1714822594277,2024-05-04T14:36:34.277,48.090,0.059,0.252,0.966
1714822594287,2024-05-04T14:36:34.287,48.100,0.058,0.237,0.971
1714822594297,2024-05-04T14:36:34.297,48.110,0.058,0.226,0.986
1714822594307,2024-05-04T14:36:34.307,48.120,0.060,0.221,1.004
1714822594317,2024-05-04T14:36:34.317,48.130,0.052,0.215,1.001
1714822594327,2024-05-04T14:36:34.327,48.140,0.024,0.214,0.983
1714822594337,2024-05-04T14:36:34.337,48.150,-0.006,0.222,0.972
1714822594347,2024-05-04T14:36:34.347,48.160,-0.011,0.229,0.971
1714822594357,2024-05-04T14:36:34.357,48.170,0.001,0.222,0.971
1714822594367,2024-05-04T14:36:34.367,48.180,0.009,0.207,0.979
1714822594377,2024-05-04T14:36:34.377,48.190,0.025,0.202,0.986
1714822594387,2024-05-04T14:36:34.387,48.200,0.047,0.212,0.981
1714822594397,2024-05-04T14:36:34.397,48.210,0.050,0.218,0.979
1714822594407,2024-05-04T14:36:34.407,48.220,0.034,0.217,0.980
1714822594417,2024-05-04T14:36:34.417,48.230,0.020,0.205,0.977
1714822594427,2024-05-04T14:36:34.427,48.240,0.020,0.196,0.975
1714822594437,2024-05-04T14:36:34.437,48.250,0.029,0.204,0.970
1714822594447,2024-05-04T14:36:34.447,48.260,0.030,0.212,0.967
1714822594457,2024-05-04T14:36:34.457,48.270,0.034,0.211,0.976
1714822594467,2024-05-04T14:36:34.467,48.280,0.043,0.208,0.977
1714822594477,2024-05-04T14:36:34.477,48.290,0.051,0.209,0.986
1714822594487,2024-05-04T14:36:34.487,48.300,0.069,0.208,0.989
1714822594497,2024-05-04T14:36:34.497,48.310,0.074,0.198,0.979
1714822594507,2024-05-04T14:36:34.507,48.320,0.061,0.191,0.976
1714822594517,2024-05-04T14:36:34.517,48.330,0.044,0.193,0.969
1714822594527,2024-05-04T14:36:34.527,48.340,0.037,0.198,0.966
1714822594537,2024-05-04T14:36:34.537,48.350,0.034,0.208,0.971
1714822594547,2024-05-04T14:36:34.547,48.360,0.035,0.211,0.975
1714822594557,2024-05-04T14:36:34.557,48.370,0.045,0.209,0.991
1714822594567,2024-05-04T14:36:34.567,48.380,0.067,0.199,1.011
1714822594577,2024-05-04T14:36:34.577,48.390,0.098,0.185,1.028
1714822594587,2024-05-04T14:36:34.587,48.400,0.117,0.178,1.028
1714822594597,2024-05-04T14:36:34.597,48.410,0.123,0.184,1.009
1714822594607,2024-05-04T14:36:34.607,48.420,0.146,0.194,1.009
1714822594617,2024-05-04T14:36:34.617,48.430,0.216,0.203,1.032
1714822594627,2024-05-04T14:36:34.627,48.440,0.306,0.208,1.062
1714822594637,2024-05-04T14:36:34.637,48.450,0.345,0.212,1.083
1714822594647,2024-05-04T14:36:34.647,48.460,0.295,0.209,1.102
1714822594657,2024-05-04T14:36:34.657,48.470,0.264,0.193,1.127
1714822594667,2024-05-04T14:36:34.667,48.480,0.315,0.178,1.164
1714822594677,2024-05-04T14:36:34.677,48.490,0.336,0.178,1.164
1714822594687,2024-05-04T14:36:34.687,48.500,0.292,0.203,1.143
1714822594697,2024-05-04T14:36:34.697,48.510,0.290,0.228,1.143
1714822594707,2024-05-04T14:36:34.707,48.520,0.317,0.227,1.139
1714822594717,2024-05-04T14:36:34.717,48.530,0.355,0.215,1.147
1714822594727,2024-05-04T14:36:34.727,48.540,0.459,0.203,1.215
1714822594737,2024-05-04T14:36:34.737,48.550,0.557,0.166,1.237
1714822594747,2024-05-04T14:36:34.747,48.560,0.559,0.116,1.177
1714822594757,2024-05-04T14:36:34.757,48.570,0.493,0.113,1.051
1714822594767,2024-05-04T14:36:34.767,48.580,0.416,0.138,0.846
1714822594777,2024-05-04T14:36:34.777,48.590,0.433,0.080,0.736
1714822594787,2024-05-04T14:36:34.787,48.600,0.141,-0.013,0.579
1714822594797,2024-05-04T14:36:34.797,48.610,-0.330,-0.105,0.508
1714822594807,2024-05-04T14:36:34.807,48.620,-0.699,-0.095,0.556
1714822594817,2024-05-04T14:36:34.817,48.630,-0.987,-0.037,0.562
1714822594827,2024-05-04T14:36:34.827,48.640,-1.106,0.030,0.509
1714822594837,2024-05-04T14:36:34.837,48.650,-1.159,0.097,0.424
1714822594847,2024-05-04T14:36:34.847,48.660,-1.263,0.186,0.356
1714822594857,2024-05-04T14:36:34.857,48.670,-1.335,0.246,0.366
1714822594867,2024-05-04T14:36:34.867,48.680,-1.360,0.225,0.314
1714822594877,2024-05-04T14:36:34.877,48.690,-1.326,0.171,0.285
1714822594887,2024-05-04T14:36:34.887,48.700,-1.100,0.184,0.351
1714822594897,2024-05-04T14:36:34.897,48.710,-0.940,0.237,0.282
1714822594907,2024-05-04T14:36:34.907,48.720,-0.867,0.212,0.216
1714822594917,2024-05-04T14:36:34.917,48.730,-0.846,0.129,0.169
1714822594927,2024-05-04T14:36:34.927,48.740,-1.021,-0.030,0.103
1714822594937,2024-05-04T14:36:34.937,48.750,-1.182,-0.053,-0.020
1714822594947,2024-05-04T14:36:34.947,48.760,-1.204,0.047,-0.163
1714822594957,2024-05-04T14:36:34.957,48.770,-1.195,0.081,-0.257
1714822594967,2024-05-04T14:36:34.967,48.780,-1.191,0.066,-0.327
1714822594977,2024-05-04T14:36:34.977,48.790,-1.163,0.087,-0.354
1714822594987,2024-05-04T14:36:34.987,48.800,-1.154,0.099,-0.356
1714822594997,2024-05-04T14:36:34.997,48.810,-1.146,0.103,-0.335
1714822595007,2024-05-04T14:36:35.007,48.820,-1.107,0.138,-0.291
1714822595017,2024-05-04T14:36:35.017,48.830,-1.052,0.170,-0.197
1714822595027,2024-05-04T14:36:35.027,48.840,-1.040,0.170,-0.071
1714822595037,2024-05-04T14:36:35.037,48.850,-1.035,0.188,0.032
1714822595047,2024-05-04T14:36:35.047,48.860,-1.023,0.209,0.047
1714822595057,2024-05-04T14:36:35.057,48.870,-1.010,0.221,0.033
1714822595067,2024-05-04T14:36:35.067,48.880,-0.994,0.243,0.030
1714822595077,2024-05-04T14:36:35.077,48.890,-0.980,0.255,0.048
1714822595087,2024-05-04T14:36:35.087,48.900,-0.980,0.260,0.086
1714822595097,2024-05-04T14:36:35.097,48.910,-0.963,0.277,0.168
1714822595107,2024-05-04T14:36:35.107,48.920,-0.939,0.271,0.253
1714822595117,2024-05-04T14:36:35.117,48.930,-0.949,0.259,0.302
1714822595127,2024-05-04T14:36:35.127,48.940,-0.951,0.272,0.317
1714822595137,2024-05-04T14:36:35.137,48.950,-0.943,0.287,0.294
1714822595147,2024-05-04T14:36:35.147,48.960,-0.945,0.272,0.269
1714822595157,2024-05-04T14:36:35.157,48.970,-0.950,0.259,0.301
1714822595167,2024-05-04T14:36:35.167,48.980,-0.951,0.257,0.383
1714822595177,2024-05-04T14:36:35.177,48.990,-0.947,0.254,0.427
1714822595187,2024-05-04T14:36:35.187,49.000,-0.928,0.239,0.426
1714822595197,2024-05-04T14:36:35.197,49.010,-0.914,0.236,0.396
1714822595207,2024-05-04T14:36:35.207,49.020,-0.916,0.260,0.393
1714822595217,2024-05-04T14:36:35.217,49.030,-0.911,0.275,0.492
1714822595227,2024-05-04T14:36:35.227,49.040,-0.883,0.261,0.628
1714822595237,2024-05-04T14:36:35.237,49.050,-0.842,0.220,0.679
1714822595247,2024-05-04T14:36:35.247,49.060,-0.795,0.206,0.641
1714822595257,2024-05-04T14:36:35.257,49.070,-0.786,0.221,0.546
1714822595267,2024-05-04T14:36:35.267,49.080,-0.828,0.241,0.464
1714822595277,2024-05-04T14:36:35.277,49.090,-0.875,0.262,0.444
1714822595287,2024-05-04T14:36:35.287,49.100,-0.877,0.257,0.510
1714822595297,2024-05-04T14:36:35.297,49.110,-0.786,0.224,0.658
1714822595307,2024-05-04T14:36:35.307,49.120,-0.631,0.192,0.816
1714822595317,2024-05-04T14:36:35.317,49.130,-0.488,0.175,0.896
1714822595327,2024-05-04T14:36:35.327,49.140,-0.392,0.190,0.892
1714822595337,2024-05-04T14:36:35.337,49.150,-0.343,0.231,0.841
1714822595347,2024-05-04T14:36:35.347,49.160,-0.341,0.259,0.793
1714822595357,2024-05-04T14:36:35.357,49.170,-0.370,0.250,0.755
1714822595367,2024-05-04T14:36:35.367,49.180,-0.440,0.225,0.772
1714822595377,2024-05-04T14:36:35.377,49.190,-0.470,0.199,0.838
1714822595387,2024-05-04T14:36:35.387,49.200,-0.451,0.179,0.896
1714822595397,2024-05-04T14:36:35.397,49.210,-0.374,0.169,0.946
1714822595407,2024-05-04T14:36:35.407,49.220,-0.282,0.179,0.956
1714822595417,2024-05-04T14:36:35.417,49.230,-0.214,0.206,0.930
1714822595427,2024-05-04T14:36:35.427,49.240,-0.194,0.244,0.890
1714822595437,2024-05-04T14:36:35.437,49.250,-0.209,0.265,0.856
1714822595447,2024-05-04T14:36:35.447,49.260,-0.225,0.240,0.864
1714822595457,2024-05-04T14:36:35.457,49.270,-0.248,0.181,0.914
1714822595467,2024-05-04T14:36:35.467,49.280,-0.257,0.125,0.964
1714822595477,2024-05-04T14:36:35.477,49.290,-0.189,0.107,0.997
1714822595487,2024-05-04T14:36:35.487,49.300,-0.081,0.134,0.996
1714822595497,2024-05-04T14:36:35.497,49.310,-0.004,0.184,0.977
1714822595507,2024-05-04T14:36:35.507,49.320,0.032,0.236,0.957
1714822595517,2024-05-04T14:36:35.517,49.330,0.038,0.257,0.937
1714822595527,2024-05-04T14:36:35.527,49.340,-0.013,0.236,0.937
1714822595537,2024-05-04T14:36:35.537,49.350,-0.049,0.190,0.957
1714822595547,2024-05-04T14:36:35.547,49.360,-0.009,0.173,1.001
1714822595557,2024-05-04T14:36:35.557,49.370,0.064,0.176,1.020
1714822595567,2024-05-04T14:36:35.567,49.380,0.098,0.189,1.001
1714822595577,2024-05-04T14:36:35.577,49.390,0.095,0.215,0.959
1714822595587,2024-05-04T14:36:35.587,49.400,0.068,0.235,0.919
1714822595597,2024-05-04T14:36:35.597,49.410,0.005,0.243,0.902
1714822595607,2024-05-04T14:36:35.607,49.420,-0.062,0.233,0.924
1714822595617,2024-05-04T14:36:35.617,49.430,-0.049,0.206,0.989
1714822595627,2024-05-04T14:36:35.627,49.440,0.035,0.184,1.041
1714822595637,2024-05-04T14:36:35.637,49.450,0.104,0.175,1.053
1714822595647,2024-05-04T14:36:35.647,49.460,0.144,0.176,1.013
1714822595657,2024-05-04T14:36:35.657,49.470,0.140,0.188,0.955
1714822595667,2024-05-04T14:36:35.667,49.480,0.108,0.208,0.927
1714822595677,2024-05-04T14:36:35.677,49.490,0.069,0.214,0.937
1714822595687,2024-05-04T14:36:35.687,49.500,0.024,0.198,0.961
1714822595697,2024-05-04T14:36:35.697,49.510,0.020,0.175,0.999
1714822595707,2024-05-04T14:36:35.707,49.520,0.083,0.165,1.028
1714822595717,2024-05-04T14:36:35.717,49.530,0.157,0.163,1.031
1714822595727,2024-05-04T14:36:35.727,49.540,0.186,0.169,1.007
1714822595737,2024-05-04T14:36:35.737,49.550,0.171,0.194,0.993
1714822595747,2024-05-04T14:36:35.747,49.560,0.164,0.209,0.992
1714822595757,2024-05-04T14:36:35.757,49.570,0.137,0.192,0.997
1714822595767,2024-05-04T14:36:35.767,49.580,0.087,0.161,1.011
1714822595777,2024-05-04T14:36:35.777,49.590,0.084,0.142,1.036
1714822595787,2024-05-04T14:36:35.787,49.600,0.127,0.140,1.057
1714822595797,2024-05-04T14:36:35.797,49.610,0.165,0.136,1.061
1714822595807,2024-05-04T14:36:35.807,49.620,0.181,0.143,1.028
1714822595817,2024-05-04T14:36:35.817,49.630,0.141,0.169,0.987
1714822595827,2024-05-04T14:36:35.827,49.640,0.085,0.196,0.987
1714822595837,2024-05-04T14:36:35.837,49.650,0.071,0.179,1.003
1714822595847,2024-05-04T14:36:35.847,49.660,0.080,0.128,1.024
1714822595857,2024-05-04T14:36:35.857,49.670,0.114,0.107,1.036
1714822595867,2024-05-04T14:36:35.867,49.680,0.153,0.114,1.036
1714822595877,2024-05-04T14:36:35.877,49.690,0.183,0.136,1.024
1714822595887,2024-05-04T14:36:35.887,49.700,0.185,0.148,1.002
1714822595897,2024-05-04T14:36:35.897,49.710,0.162,0.158,1.003
1714822595907,2024-05-04T14:36:35.907,49.720,0.156,0.153,1.011
1714822595917,2024-05-04T14:36:35.917,49.730,0.148,0.125,1.017
1714822595927,2024-05-04T14:36:35.927,49.740,0.135,0.104,1.024
1714822595937,2024-05-04T14:36:35.937,49.750,0.164,0.112,1.020
1714822595947,2024-05-04T14:36:35.947,49.760,0.198,0.125,1.013
1714822595957,2024-05-04T14:36:35.957,49.770,0.205,0.137,1.013
1714822595967,2024-05-04T14:36:35.967,49.780,0.188,0.146,0.996
1714822595977,2024-05-04T14:36:35.977,49.790,0.170,0.161,0.985
1714822595987,2024-05-04T14:36:35.987,49.800,0.175,0.175,0.986
1714822595997,2024-05-04T14:36:35.997,49.810,0.180,0.168,0.996
1714822596007,2024-05-04T14:36:36.007,49.820,0.178,0.151,1.007
1714822596017,2024-05-04T14:36:36.017,49.830,0.187,0.135,1.026
1714822596027,2024-05-04T14:36:36.027,49.840,0.224,0.124,1.046
1714822596037,2024-05-04T14:36:36.037,49.850,0.262,0.132,1.054
1714822596047,2024-05-04T14:36:36.047,49.860,0.299,0.148,1.048
1714822596057,2024-05-04T14:36:36.057,49.870,0.328,0.157,1.025
1714822596067,2024-05-04T14:36:36.067,49.880,0.347,0.160,0.998
1714822596077,2024-05-04T14:36:36.077,49.890,0.372,0.159,0.990
1714822596087,2024-05-04T14:36:36.087,49.900,0.434,0.154,1.014
1714822596097,2024-05-04T14:36:36.097,49.910,0.577,0.146,1.088
1714822596107,2024-05-04T14:36:36.107,49.920,0.731,0.120,1.154
1714822596117,2024-05-04T14:36:36.117,49.930,0.880,0.098,1.150
1714822596127,2024-05-04T14:36:36.127,49.940,1.008,0.104,1.084
1714822596137,2024-05-04T14:36:36.137,49.950,1.118,0.116,1.000
1714822596147,2024-05-04T14:36:36.147,49.960,1.215,0.118,0.982
1714822596157,2024-05-04T14:36:36.157,49.970,1.193,0.086,0.949
1714822596167,2024-05-04T14:36:36.167,49.980,0.981,0.004,0.850
1714822596177,2024-05-04T14:36:36.177,49.990,0.704,-0.073,0.793
1714822596187,2024-05-04T14:36:36.187,50.000,0.585,-0.092,0.784
1714822596197,2024-05-04T14:36:36.197,50.010,0.551,-0.136,0.668
1714822596207,2024-05-04T14:36:36.207,50.020,0.441,-0.249,0.452
1714822596217,2024-05-04T14:36:36.217,50.030,0.238,-0.459,-0.111
1714822596227,2024-05-04T14:36:36.227,50.040,0.168,-0.488,-0.055
1714822596237,2024-05-04T14:36:36.237,50.050,-1.417,-0.344,-0.553
1714822596247,2024-05-04T14:36:36.247,50.060,-2.028,-0.179,-0.610
1714822596257,2024-05-04T14:36:36.257,50.070,-1.997,-0.125,-0.569
1714822596267,2024-05-04T14:36:36.267,50.080,-1.942,-0.030,-0.569
1714822596277,2024-05-04T14:36:36.277,50.090,-1.641,0.029,-0.500
1714822596287,2024-05-04T14:36:36.287,50.100,-1.415,0.089,-0.506
1714822596297,2024-05-04T14:36:36.297,50.110,-1.463,0.078,-0.536
1714822596307,2024-05-04T14:36:36.307,50.120,-1.514,0.043,-0.587
1714822596317,2024-05-04T14:36:36.317,50.130,-1.572,-0.011,-0.610
1714822596327,2024-05-04T14:36:36.327,50.140,-1.403,0.013,-0.446
1714822596337,2024-05-04T14:36:36.337,50.150,-0.828,0.057,-0.260
1714822596347,2024-05-04T14:36:36.347,50.160,-0.657,-0.097,-0.262
1714822596357,2024-05-04T14:36:36.357,50.170,-0.983,-0.164,-0.424
1714822596367,2024-05-04T14:36:36.367,50.180,-1.230,-0.004,-0.660
1714822596377,2024-05-04T14:36:36.377,50.190,-1.203,0.074,-0.815
1714822596387,2024-05-04T14:36:36.387,50.200,-1.163,0.055,-0.859
1714822596397,2024-05-04T14:36:36.397,50.210,-1.214,0.048,-0.823
1714822596407,2024-05-04T14:36:36.407,50.220,-1.279,0.051,-0.753
1714822596417,2024-05-04T14:36:36.417,50.230,-1.301,0.049,-0.653
1714822596427,2024-05-04T14:36:36.427,50.240,-1.266,0.059,-0.544
1714822596437,2024-05-04T14:36:36.437,50.250,-1.186,0.077,-0.447
1714822596447,2024-05-04T14:36:36.447,50.260,-1.131,0.099,-0.387
1714822596457,2024-05-04T14:36:36.457,50.270,-1.148,0.118,-0.349
1714822596467,2024-05-04T14:36:36.467,50.280,-1.181,0.143,-0.292
1714822596477,2024-05-04T14:36:36.477,50.290,-1.152,0.160,-0.231
1714822596487,2024-05-04T14:36:36.487,50.300,-1.132,0.145,-0.211
1714822596497,2024-05-04T14:36:36.497,50.310,-1.197,0.105,-0.211
1714822596507,2024-05-04T14:36:36.507,50.320,-1.230,0.108,-0.170
1714822596517,2024-05-04T14:36:36.517,50.330,-1.167,0.121,-0.096
1714822596527,2024-05-04T14:36:36.527,50.340,-1.083,0.113,0.016
1714822596537,2024-05-04T14:36:36.537,50.350,-1.037,0.111,0.123
1714822596547,2024-05-04T14:36:36.547,50.360,-1.009,0.118,0.196
1714822596557,2024-05-04T14:36:36.557,50.370,-1.008,0.133,0.223
1714822596567,2024-05-04T14:36:36.567,50.380,-1.040,0.145,0.216
1714822596577,2024-05-04T14:36:36.577,50.390,-1.032,0.153,0.249
1714822596587,2024-05-04T14:36:36.587,50.400,-0.956,0.159,0.320
1714822596597,2024-05-04T14:36:36.597,50.410,-0.888,0.139,0.407
1714822596607,2024-05-04T14:36:36.607,50.420,-0.854,0.101,0.480
1714822596617,2024-05-04T14:36:36.617,50.430,-0.832,0.087,0.514
1714822596627,2024-05-04T14:36:36.627,50.440,-0.796,0.095,0.519
1714822596637,2024-05-04T14:36:36.637,50.450,-0.768,0.120,0.507
1714822596647,2024-05-04T14:36:36.647,50.460,-0.777,0.142,0.504
1714822596657,2024-05-04T14:36:36.657,50.470,-0.771,0.145,0.548
1714822596667,2024-05-04T14:36:36.667,50.480,-0.760,0.130,0.644
1714822596677,2024-05-04T14:36:36.677,50.490,-0.594,0.113,0.732
1714822596687,2024-05-04T14:36:36.687,50.500,-0.448,0.090,0.805
1714822596697,2024-05-04T14:36:36.697,50.510,-0.429,0.116,0.813
1714822596707,2024-05-04T14:36:36.707,50.520,-0.428,0.167,0.769
1714822596717,2024-05-04T14:36:36.717,50.530,-0.431,0.175,0.731
1714822596727,2024-05-04T14:36:36.727,50.540,-0.432,0.183,0.727
1714822596737,2024-05-04T14:36:36.737,50.550,-0.427,0.188,0.781
1714822596747,2024-05-04T14:36:36.747,50.560,-0.435,0.182,0.863
1714822596757,2024-05-04T14:36:36.757,50.570,-0.387,0.153,0.930
1714822596767,2024-05-04T14:36:36.767,50.580,-0.280,0.145,0.979
1714822596777,2024-05-04T14:36:36.777,50.590,-0.214,0.175,0.970
1714822596787,2024-05-04T14:36:36.787,50.600,-0.209,0.211,0.915
1714822596797,2024-05-04T14:36:36.797,50.610,-0.217,0.237,0.861
1714822596807,2024-05-04T14:36:36.807,50.620,-0.205,0.233,0.833
1714822596817,2024-05-04T14:36:36.817,50.630,-0.235,0.214,0.822
1714822596827,2024-05-04T14:36:36.827,50.640,-0.323,0.186,0.851
1714822596837,2024-05-04T14:36:36.837,50.650,-0.378,0.153,0.861
1714822596847,2024-05-04T14:36:36.847,50.660,-0.294,0.129,0.901
1714822596857,2024-05-04T14:36:36.857,50.670,-0.119,0.148,0.937
1714822596867,2024-05-04T14:36:36.867,50.680,0.005,0.184,0.925
1714822596877,2024-05-04T14:36:36.877,50.690,0.037,0.216,0.920
1714822596887,2024-05-04T14:36:36.887,50.700,0.052,0.235,0.940
1714822596897,2024-05-04T14:36:36.897,50.710,0.094,0.228,0.970
1714822596907,2024-05-04T14:36:36.907,50.720,0.104,0.181,1.002
1714822596917,2024-05-04T14:36:36.917,50.730,0.044,0.140,1.008
1714822596927,2024-05-04T14:36:36.927,50.740,-0.016,0.133,0.983
1714822596937,2024-05-04T14:36:36.937,50.750,-0.001,0.163,0.948
1714822596947,2024-05-04T14:36:36.947,50.760,0.052,0.203,0.926
1714822596957,2024-05-04T14:36:36.957,50.770,0.080,0.231,0.920
1714822596967,2024-05-04T14:36:36.967,50.780,0.063,0.239,0.944
1714822596977,2024-05-04T14:36:36.977,50.790,0.052,0.227,0.989
1714822596987,2024-05-04T14:36:36.987,50.800,0.075,0.197,1.040
1714822596997,2024-05-04T14:36:36.997,50.810,0.107,0.173,1.065
1714822597007,2024-05-04T14:36:37.007,50.820,0.114,0.167,1.060
1714822597017,2024-05-04T14:36:37.017,50.830,0.054,0.174,1.002
1714822597027,2024-05-04T14:36:37.027,50.840,-0.003,0.187,0.942
1714822597037,2024-05-04T14:36:37.037,50.850,0.021,0.206,0.917
1714822597047,2024-05-04T14:36:37.047,50.860,0.060,0.208,0.922
1714822597057,2024-05-04T14:36:37.057,50.870,0.107,0.206,0.956
1714822597067,2024-05-04T14:36:37.067,50.880,0.167,0.196,0.990
1714822597077,2024-05-04T14:36:37.077,50.890,0.221,0.182,1.016
1714822597087,2024-05-04T14:36:37.087,50.900,0.250,0.171,1.030
1714822597097,2024-05-04T14:36:37.097,50.910,0.231,0.169,1.014
1714822597107,2024-05-04T14:36:37.107,50.920,0.168,0.183,0.976
1714822597117,2024-05-04T14:36:37.117,50.930,0.114,0.213,0.959
1714822597127,2024-05-04T14:36:37.127,50.940,0.070,0.235,0.958
1714822597137,2024-05-04T14:36:37.137,50.950,0.060,0.237,0.975
1714822597147,2024-05-04T14:36:37.147,50.960,0.098,0.232,1.008
1714822597157,2024-05-04T14:36:37.157,50.970,0.145,0.207,1.037
1714822597167,2024-05-04T14:36:37.167,50.980,0.205,0.176,1.067
1714822597177,2024-05-04T14:36:37.177,50.990,0.273,0.172,1.073
1714822597187,2024-05-04T14:36:37.187,51.000,0.276,0.180,1.054
1714822597197,2024-05-04T14:36:37.197,51.010,0.209,0.184,1.004
1714822597207,2024-05-04T14:36:37.207,51.020,0.164,0.180,0.960
1714822597217,2024-05-04T14:36:37.217,51.030,0.168,0.166,0.927
1714822597227,2024-05-04T14:36:37.227,51.040,0.154,0.155,0.914
1714822597237,2024-05-04T14:36:37.237,51.050,0.119,0.161,0.926
1714822597247,2024-05-04T14:36:37.247,51.060,0.106,0.179,0.950
1714822597257,2024-05-04T14:36:37.257,51.070,0.130,0.199,0.977
1714822597267,2024-05-04T14:36:37.267,51.080,0.163,0.208,0.986
1714822597277,2024-05-04T14:36:37.277,51.090,0.164,0.203,0.976
1714822597287,2024-05-04T14:36:37.287,51.100,0.157,0.193,0.967
1714822597297,2024-05-04T14:36:37.297,51.110,0.167,0.190,0.967
1714822597307,2024-05-04T14:36:37.307,51.120,0.192,0.190,0.976
1714822597317,2024-05-04T14:36:37.317,51.130,0.230,0.181,0.997
1714822597327,2024-05-04T14:36:37.327,51.140,0.252,0.162,1.002
1714822597337,2024-05-04T14:36:37.337,51.150,0.242,0.152,0.995
1714822597347,2024-05-04T14:36:37.347,51.160,0.244,0.157,0.988
1714822597357,2024-05-04T14:36:37.357,51.170,0.243,0.167,0.977
1714822597367,2024-05-04T14:36:37.367,51.180,0.232,0.175,0.973
1714822597377,2024-05-04T14:36:37.377,51.190,0.213,0.190,0.993
1714822597387,2024-05-04T14:36:37.387,51.200,0.193,0.186,1.020
1714822597397,2024-05-04T14:36:37.397,51.210,0.203,0.156,1.045
1714822597407,2024-05-04T14:36:37.407,51.220,0.243,0.138,1.070
1714822597417,2024-05-04T14:36:37.417,51.230,0.308,0.142,1.088
1714822597427,2024-05-04T14:36:37.427,51.240,0.375,0.158,1.083
1714822597437,2024-05-04T14:36:37.437,51.250,0.385,0.178,1.055
1714822597447,2024-05-04T14:36:37.447,51.260,0.369,0.206,1.026
1714822597457,2024-05-04T14:36:37.457,51.270,0.394,0.209,0.995
1714822597467,2024-05-04T14:36:37.467,51.280,0.375,0.201,0.972
1714822597477,2024-05-04T14:36:37.477,51.290,0.302,0.197,0.974
1714822597487,2024-05-04T14:36:37.487,51.300,0.339,0.197,1.047
1714822597497,2024-05-04T14:36:37.497,51.310,0.484,0.198,1.110
1714822597507,2024-05-04T14:36:37.507,51.320,0.603,0.202,1.126
1714822597517,2024-05-04T14:36:37.517,51.330,0.634,0.233,1.091
1714822597527,2024-05-04T14:36:37.527,51.340,0.615,0.269,1.076
1714822597537,2024-05-04T14:36:37.537,51.350,0.794,0.290,1.161
1714822597547,2024-05-04T14:36:37.547,51.360,1.037,0.252,1.158
1714822597557,2024-05-04T14:36:37.557,51.370,1.156,0.146,1.046
1714822597567,2024-05-04T14:36:37.567,51.380,1.096,0.048,0.840
1714822597577,2024-05-04T14:36:37.577,51.390,0.867,-0.029,0.587
1714822597587,2024-05-04T14:36:37.587,51.400,0.526,-0.090,0.399
1714822597597,2024-05-04T14:36:37.597,51.410,0.148,-0.096,0.340
1714822597607,2024-05-04T14:36:37.607,51.420,-0.033,-0.139,0.029
1714822597617,2024-05-04T14:36:37.617,51.430,0.370,-0.349,0.273
1714822597627,2024-05-04T14:36:37.627,51.440,-0.662,-0.494,-0.174
1714822597637,2024-05-04T14:36:37.637,51.450,-1.674,-0.598,-0.533
1714822597647,2024-05-04T14:36:37.647,51.460,-1.956,-0.596,-0.795
1714822597657,2024-05-04T14:36:37.657,51.470,-2.021,-0.386,-1.038
1714822597667,2024-05-04T14:36:37.667,51.480,-1.924,0.033,-1.137
1714822597677,2024-05-04T14:36:37.677,51.490,-1.715,0.351,-1.028
1714822597687,2024-05-04T14:36:37.687,51.500,-1.525,0.370,-0.729
1714822597697,2024-05-04T14:36:37.697,51.510,-1.413,0.147,-0.392
1714822597707,2024-05-04T14:36:37.707,51.520,-1.228,-0.087,-0.249
1714822597717,2024-05-04T14:36:37.717,51.530,-1.181,-0.113,-0.340
1714822597727,2024-05-04T14:36:37.727,51.540,-1.089,0.058,-0.498
1714822597737,2024-05-04T14:36:37.737,51.550,-0.871,0.121,-0.652
1714822597747,2024-05-04T14:36:37.747,51.560,-0.823,0.020,-0.800
1714822597757,2024-05-04T14:36:37.757,51.570,-0.957,-0.017,-0.871
1714822597767,2024-05-04T14:36:37.767,51.580,-1.044,0.024,-0.874
1714822597777,2024-05-04T14:36:37.777,51.590,-1.057,0.037,-0.840
1714822597787,2024-05-04T14:36:37.787,51.600,-1.045,0.023,-0.773
1714822597797,2024-05-04T14:36:37.797,51.610,-1.042,0.027,-0.685
1714822597807,2024-05-04T14:36:37.807,51.620,-0.988,0.059,-0.625
1714822597817,2024-05-04T14:36:37.817,51.630,-0.969,0.082,-0.621
1714822597827,2024-05-04T14:36:37.827,51.640,-1.025,0.125,-0.643
1714822597837,2024-05-04T14:36:37.837,51.650,-1.092,0.183,-0.667
1714822597847,2024-05-04T14:36:37.847,51.660,-1.149,0.202,-0.633
1714822597857,2024-05-04T14:36:37.857,51.670,-1.163,0.193,-0.543
1714822597867,2024-05-04T14:36:37.867,51.680,-1.157,0.170,-0.445
1714822597877,2024-05-04T14:36:37.877,51.690,-1.153,0.162,-0.354
1714822597887,2024-05-04T14:36:37.887,51.700,-1.146,0.154,-0.278
1714822597897,2024-05-04T14:36:37.897,51.710,-1.133,0.143,-0.243
1714822597907,2024-05-04T14:36:37.907,51.720,-1.117,0.143,-0.223
1714822597917,2024-05-04T14:36:37.917,51.730,-1.092,0.153,-0.190
1714822597927,2024-05-04T14:36:37.927,51.740,-1.067,0.155,-0.159
1714822597937,2024-05-04T14:36:37.937,51.750,-1.044,0.146,-0.106
1714822597947,2024-05-04T14:36:37.947,51.760,-1.007,0.136,-0.024
1714822597957,2024-05-04T14:36:37.957,51.770,-0.952,0.124,0.064
1714822597967,2024-05-04T14:36:37.967,51.780,-0.907,0.110,0.179
1714822597977,2024-05-04T14:36:37.977,51.790,-0.882,0.102,0.312
1714822597987,2024-05-04T14:36:37.987,51.800,-0.847,0.097,0.389
1714822597997,2024-05-04T14:36:37.997,51.810,-0.796,0.109,0.423
1714822598007,2024-05-04T14:36:38.007,51.820,-0.758,0.139,0.469
1714822598017,2024-05-04T14:36:38.017,51.830,-0.737,0.155,0.526
1714822598027,2024-05-04T14:36:38.027,51.840,-0.728,0.143,0.581
1714822598037,2024-05-04T14:36:38.037,51.850,-0.717,0.128,0.672
1714822598047,2024-05-04T14:36:38.047,51.860,-0.699,0.122,0.746
1714822598057,2024-05-04T14:36:38.057,51.870,-0.627,0.138,0.752
1714822598067,2024-05-04T14:36:38.067,51.880,-0.494,0.159,0.750
1714822598077,2024-05-04T14:36:38.077,51.890,-0.486,0.195,0.733
1714822598087,2024-05-04T14:36:38.087,51.900,-0.492,0.220,0.720
1714822598097,2024-05-04T14:36:38.097,51.910,-0.492,0.204,0.708
1714822598107,2024-05-04T14:36:38.107,51.920,-0.561,0.167,0.734
1714822598117,2024-05-04T14:36:38.117,51.930,-0.652,0.130,0.790
1714822598127,2024-05-04T14:36:38.127,51.940,-0.633,0.091,0.836
1714822598137,2024-05-04T14:36:38.137,51.950,-0.512,0.089,0.848
1714822598147,2024-05-04T14:36:38.147,51.960,-0.408,0.132,0.843
1714822598157,2024-05-04T14:36:38.157,51.970,-0.352,0.182,0.835
1714822598167,2024-05-04T14:36:38.167,51.980,-0.347,0.210,0.843
1714822598177,2024-05-04T14:36:38.177,51.990,-0.374,0.210,0.862
1714822598187,2024-05-04T14:36:38.187,52.000,-0.383,0.189,0.902
1714822598197,2024-05-04T14:36:38.197,52.010,-0.344,0.174,0.971
1714822598207,2024-05-04T14:36:38.207,52.020,-0.313,0.162,0.984
1714822598217,2024-05-04T14:36:38.217,52.030,-0.351,0.154,0.944
1714822598227,2024-05-04T14:36:38.227,52.040,-0.374,0.164,0.896
1714822598237,2024-05-04T14:36:38.237,52.050,-0.363,0.188,0.846
1714822598247,2024-05-04T14:36:38.247,52.060,-0.372,0.208,0.845
1714822598257,2024-05-04T14:36:38.257,52.070,-0.428,0.203,0.875
1714822598267,2024-05-04T14:36:38.267,52.080,-0.494,0.168,0.911
1714822598277,2024-05-04T14:36:38.277,52.090,-0.420,0.126,0.967
1714822598287,2024-05-04T14:36:38.287,52.100,-0.205,0.116,1.034
1714822598297,2024-05-04T14:36:38.297,52.110,-0.006,0.134,1.054
1714822598307,2024-05-04T14:36:38.307,52.120,0.059,0.165,1.021
1714822598317,2024-05-04T14:36:38.317,52.130,0.003,0.200,0.986
1714822598327,2024-05-04T14:36:38.327,52.140,-0.046,0.200,0.952
1714822598337,2024-05-04T14:36:38.337,52.150,-0.054,0.179,0.933
1714822598347,2024-05-04T14:36:38.347,52.160,-0.090,0.165,0.946
1714822598357,2024-05-04T14:36:38.357,52.170,-0.121,0.153,0.968
1714822598367,2024-05-04T14:36:38.367,52.180,-0.078,0.139,0.997
1714822598377,2024-05-04T14:36:38.377,52.190,0.041,0.134,1.030
1714822598387,2024-05-04T14:36:38.387,52.200,0.144,0.150,1.023
1714822598397,2024-05-04T14:36:38.397,52.210,0.170,0.188,0.996
1714822598407,2024-05-04T14:36:38.407,52.220,0.148,0.227,0.971
1714822598417,2024-05-04T14:36:38.417,52.230,0.126,0.232,0.958
1714822598427,2024-05-04T14:36:38.427,52.240,0.116,0.199,0.981
1714822598437,2024-05-04T14:36:38.437,52.250,0.141,0.166,0.993
1714822598447,2024-05-04T14:36:38.447,52.260,0.186,0.146,1.002
1714822598457,2024-05-04T14:36:38.457,52.270,0.192,0.143,1.007
1714822598467,2024-05-04T14:36:38.467,52.280,0.165,0.156,0.986
1714822598477,2024-05-04T14:36:38.477,52.290,0.120,0.182,0.962
1714822598487,2024-05-04T14:36:38.487,52.300,0.099,0.196,0.948
1714822598497,2024-05-04T14:36:38.497,52.310,0.099,0.193,0.961
1714822598507,2024-05-04T14:36:38.507,52.320,0.110,0.190,0.980
1714822598517,2024-05-04T14:36:38.517,52.330,0.144,0.187,1.002
1714822598527,2024-05-04T14:36:38.527,52.340,0.188,0.177,1.017
1714822598537,2024-05-04T14:36:38.537,52.350,0.201,0.176,1.008
1714822598547,2024-05-04T14:36:38.547,52.360,0.159,0.193,0.981
1714822598557,2024-05-04T14:36:38.557,52.370,0.110,0.217,0.957
1714822598567,2024-05-04T14:36:38.567,52.380,0.097,0.229,0.961
1714822598577,2024-05-04T14:36:38.577,52.390,0.114,0.215,0.975
1714822598587,2024-05-04T14:36:38.587,52.400,0.137,0.197,0.989
1714822598597,2024-05-04T14:36:38.597,52.410,0.161,0.188,0.995
1714822598607,2024-05-04T14:36:38.607,52.420,0.177,0.188,0.994
1714822598617,2024-05-04T14:36:38.617,52.430,0.172,0.198,0.999
1714822598627,2024-05-04T14:36:38.627,52.440,0.165,0.205,0.995
1714822598637,2024-05-04T14:36:38.637,52.450,0.134,0.204,0.980
1714822598647,2024-05-04T14:36:38.647,52.460,0.091,0.203,0.970
1714822598657,2024-05-04T14:36:38.657,52.470,0.076,0.202,0.969
1714822598667,2024-05-04T14:36:38.667,52.480,0.094,0.195,0.990
1714822598677,2024-05-04T14:36:38.677,52.490,0.132,0.187,1.005
1714822598687,2024-05-04T14:36:38.687,52.500,0.157,0.191,1.005
1714822598697,2024-05-04T14:36:38.697,52.510,0.155,0.207,0.992
1714822598707,2024-05-04T14:36:38.707,52.520,0.135,0.217,0.984
1714822598717,2024-05-04T14:36:38.717,52.530,0.111,0.212,0.982
1714822598727,2024-05-04T14:36:38.727,52.540,0.104,0.190,0.978
1714822598737,2024-05-04T14:36:38.737,52.550,0.103,0.171,0.984
1714822598747,2024-05-04T14:36:38.747,52.560,0.111,0.162,0.992
1714822598757,2024-05-04T14:36:38.757,52.570,0.138,0.168,0.998
1714822598767,2024-05-04T14:36:38.767,52.580,0.153,0.184,1.000
1714822598777,2024-05-04T14:36:38.777,52.590,0.158,0.192,0.997
1714822598787,2024-05-04T14:36:38.787,52.600,0.146,0.186,0.982
1714822598797,2024-05-04T14:36:38.797,52.610,0.123,0.180,0.969
1714822598807,2024-05-04T14:36:38.807,52.620,0.120,0.174,0.965
1714822598817,2024-05-04T14:36:38.817,52.630,0.136,0.165,0.971
1714822598827,2024-05-04T14:36:38.827,52.640,0.168,0.172,0.978
1714822598837,2024-05-04T14:36:38.837,52.650,0.204,0.186,0.985
1714822598847,2024-05-04T14:36:38.847,52.660,0.227,0.188,0.983
1714822598857,2024-05-04T14:36:38.857,52.670,0.237,0.185,0.974
1714822598867,2024-05-04T14:36:38.867,52.680,0.245,0.186,0.959
1714822598877,2024-05-04T14:36:38.877,52.690,0.244,0.189,0.938
1714822598887,2024-05-04T14:36:38.887,52.700,0.242,0.198,0.924
1714822598897,2024-05-04T14:36:38.897,52.710,0.275,0.204,0.926
1714822598907,2024-05-04T14:36:38.907,52.720,0.350,0.203,0.938
1714822598917,2024-05-04T14:36:38.917,52.730,0.444,0.204,0.955
1714822598927,2024-05-04T14:36:38.927,52.740,0.524,0.213,0.980
1714822598937,2024-05-04T14:36:38.937,52.750,0.646,0.225,1.036
1714822598947,2024-05-04T14:36:38.947,52.760,0.782,0.219,1.074
1714822598957,2024-05-04T14:36:38.957,52.770,0.767,0.178,1.070
1714822598967,2024-05-04T14:36:38.967,52.780,0.756,0.160,1.046
1714822598977,2024-05-04T14:36:38.977,52.790,0.955,0.181,1.088
1714822598987,2024-05-04T14:36:38.987,52.800,1.209,0.177,1.108
1714822598997,2024-05-04T14:36:38.997,52.810,1.416,0.146,1.012
1714822599007,2024-05-04T14:36:39.007,52.820,1.429,0.069,0.821
1714822599017,2024-05-04T14:36:39.017,52.830,1.141,-0.033,0.634
1714822599027,2024-05-04T14:36:39.027,52.840,0.738,-0.101,0.517
1714822599037,2024-05-04T14:36:39.037,52.850,0.369,-0.143,0.425
1714822599047,2024-05-04T14:36:39.047,52.860,0.350,-0.296,0.141
1714822599057,2024-05-04T14:36:39.057,52.870,0.388,-0.432,0.154
1714822599067,2024-05-04T14:36:39.067,52.880,-1.163,-0.537,-0.283
1714822599077,2024-05-04T14:36:39.077,52.890,-1.973,-0.516,-0.455
1714822599087,2024-05-04T14:36:39.087,52.900,-2.061,-0.396,-0.566
1714822599097,2024-05-04T14:36:39.097,52.910,-1.837,-0.073,-0.635
1714822599107,2024-05-04T14:36:39.107,52.920,-1.584,0.183,-0.672
1714822599117,2024-05-04T14:36:39.117,52.930,-1.494,0.187,-0.670
1714822599127,2024-05-04T14:36:39.127,52.940,-1.605,0.051,-0.540
1714822599137,2024-05-04T14:36:39.137,52.950,-1.659,-0.012,-0.371
1714822599147,2024-05-04T14:36:39.147,52.960,-1.547,0.009,-0.353
1714822599157,2024-05-04T14:36:39.157,52.970,-1.359,0.062,-0.505
1714822599167,2024-05-04T14:36:39.167,52.980,-1.258,0.120,-0.691
1714822599177,2024-05-04T14:36:39.177,52.990,-1.225,0.099,-0.791
1714822599187,2024-05-04T14:36:39.187,53.000,-1.125,0.037,-0.836
1714822599197,2024-05-04T14:36:39.197,53.010,-1.110,-0.014,-0.913
1714822599207,2024-05-04T14:36:39.207,53.020,-1.166,0.021,-0.968
1714822599217,2024-05-04T14:36:39.217,53.030,-1.162,0.058,-0.945
1714822599227,2024-05-04T14:36:39.227,53.040,-1.098,0.050,-0.845
1714822599237,2024-05-04T14:36:39.237,53.050,-1.086,0.044,-0.726
1714822599247,2024-05-04T14:36:39.247,53.060,-1.102,0.079,-0.653
1714822599257,2024-05-04T14:36:39.257,53.070,-1.086,0.127,-0.611
1714822599267,2024-05-04T14:36:39.267,53.080,-1.058,0.145,-0.602
1714822599277,2024-05-04T14:36:39.277,53.090,-1.075,0.148,-0.579
1714822599287,2024-05-04T14:36:39.287,53.100,-1.086,0.155,-0.511
1714822599297,2024-05-04T14:36:39.297,53.110,-1.063,0.143,-0.421
1714822599307,2024-05-04T14:36:39.307,53.120,-1.036,0.122,-0.328
1714822599317,2024-05-04T14:36:39.317,53.130,-1.023,0.121,-0.262
1714822599327,2024-05-04T14:36:39.327,53.140,-1.042,0.126,-0.209
1714822599337,2024-05-04T14:36:39.337,53.150,-1.050,0.130,-0.169
1714822599347,2024-05-04T14:36:39.347,53.160,-1.034,0.144,-0.128
1714822599357,2024-05-04T14:36:39.357,53.170,-1.018,0.163,-0.061
1714822599367,2024-05-04T14:36:39.367,53.180,-1.014,0.164,0.012
1714822599377,2024-05-04T14:36:39.377,53.190,-1.002,0.150,0.040
1714822599387,2024-05-04T14:36:39.387,53.200,-1.005,0.136,0.072
1714822599397,2024-05-04T14:36:39.397,53.210,-1.004,0.141,0.117
1714822599407,2024-05-04T14:36:39.407,53.220,-0.949,0.149,0.173
1714822599417,2024-05-04T14:36:39.417,53.230,-0.892,0.149,0.243
1714822599427,2024-05-04T14:36:39.427,53.240,-0.868,0.135,0.313
1714822599437,2024-05-04T14:36:39.437,53.250,-0.857,0.126,0.393
1714822599447,2024-05-04T14:36:39.447,53.260,-0.808,0.132,0.452
1714822599457,2024-05-04T14:36:39.457,53.270,-0.730,0.145,0.498
1714822599467,2024-05-04T14:36:39.467,53.280,-0.674,0.162,0.544
1714822599477,2024-05-04T14:36:39.477,53.290,-0.682,0.157,0.547
1714822599487,2024-05-04T14:36:39.487,53.300,-0.727,0.146,0.518
1714822599497,2024-05-04T14:36:39.497,53.310,-0.777,0.146,0.541
1714822599507,2024-05-04T14:36:39.507,53.320,-0.745,0.145,0.623
1714822599517,2024-05-04T14:36:39.517,53.330,-0.659,0.144,0.691
1714822599527,2024-05-04T14:36:39.527,53.340,-0.450,0.156,0.762
1714822599537,2024-05-04T14:36:39.537,53.350,-0.380,0.161,0.794
1714822599547,2024-05-04T14:36:39.547,53.360,-0.458,0.179,0.801
1714822599557,2024-05-04T14:36:39.557,53.370,-0.451,0.205,0.858
1714822599567,2024-05-04T14:36:39.567,53.380,-0.394,0.195,0.899
1714822599577,2024-05-04T14:36:39.577,53.390,-0.406,0.179,0.892
1714822599587,2024-05-04T14:36:39.587,53.400,-0.453,0.185,0.872
1714822599597,2024-05-04T14:36:39.597,53.410,-0.495,0.195,0.837
1714822599607,2024-05-04T14:36:39.607,53.420,-0.502,0.194,0.817
1714822599617,2024-05-04T14:36:39.617,53.430,-0.404,0.191,0.851
1714822599627,2024-05-04T14:36:39.627,53.440,-0.244,0.188,0.938
1714822599637,2024-05-04T14:36:39.637,53.450,-0.129,0.172,0.997
1714822599647,2024-05-04T14:36:39.647,53.460,-0.094,0.167,0.998
1714822599657,2024-05-04T14:36:39.657,53.470,-0.116,0.185,0.961
1714822599667,2024-05-04T14:36:39.667,53.480,-0.147,0.211,0.923
1714822599677,2024-05-04T14:36:39.677,53.490,-0.178,0.223,0.873
1714822599687,2024-05-04T14:36:39.687,53.500,-0.245,0.202,0.838
1714822599697,2024-05-04T14:36:39.697,53.510,-0.310,0.171,0.854
1714822599707,2024-05-04T14:36:39.707,53.520,-0.283,0.153,0.939
1714822599717,2024-05-04T14:36:39.717,53.530,-0.172,0.146,1.007
1714822599727,2024-05-04T14:36:39.727,53.540,-0.051,0.151,1.039
1714822599737,2024-05-04T14:36:39.737,53.550,0.027,0.186,1.025
1714822599747,2024-05-04T14:36:39.747,53.560,0.035,0.225,0.986
1714822599757,2024-05-04T14:36:39.757,53.570,0.004,0.246,0.960
1714822599767,2024-05-04T14:36:39.767,53.580,-0.014,0.244,0.942
1714822599777,2024-05-04T14:36:39.777,53.590,-0.049,0.216,0.948
1714822599787,2024-05-04T14:36:39.787,53.600,-0.086,0.193,0.979
1714822599797,2024-05-04T14:36:39.797,53.610,-0.030,0.183,1.021
1714822599807,2024-05-04T14:36:39.807,53.620,0.060,0.192,1.033
1714822599817,2024-05-04T14:36:39.817,53.630,0.095,0.217,1.008
1714822599827,2024-05-04T14:36:39.827,53.640,0.080,0.239,0.981
1714822599837,2024-05-04T14:36:39.837,53.650,0.081,0.255,0.971
1714822599847,2024-05-04T14:36:39.847,53.660,0.090,0.243,0.980
1714822599857,2024-05-04T14:36:39.857,53.670,0.081,0.220,1.003
1714822599867,2024-05-04T14:36:39.867,53.680,0.079,0.206,1.027
1714822599877,2024-05-04T14:36:39.877,53.690,0.102,0.194,1.044
1714822599887,2024-05-04T14:36:39.887,53.700,0.116,0.189,1.034
1714822599897,2024-05-04T14:36:39.897,53.710,0.121,0.188,1.010
1714822599907,2024-05-04T14:36:39.907,53.720,0.133,0.188,0.990
1714822599917,2024-05-04T14:36:39.917,53.730,0.121,0.191,0.962
1714822599927,2024-05-04T14:36:39.927,53.740,0.085,0.193,0.942
1714822599937,2024-05-04T14:36:39.937,53.750,0.057,0.197,0.944
1714822599947,2024-05-04T14:36:39.947,53.760,0.073,0.200,0.971
1714822599957,2024-05-04T14:36:39.957,53.770,0.103,0.209,0.999
1714822599967,2024-05-04T14:36:39.967,53.780,0.119,0.201,1.014
1714822599977,2024-05-04T14:36:39.977,53.790,0.106,0.188,1.006
1714822599987,2024-05-04T14:36:39.987,53.800,0.089,0.192,0.985
1714822599997,2024-05-04T14:36:39.997,53.810,0.074,0.208,0.979
1714822600007,2024-05-04T14:36:40.007,53.820,0.064,0.226,0.980
1714822600017,2024-05-04T14:36:40.017,53.830,0.067,0.233,0.988
1714822600027,2024-05-04T14:36:40.027,53.840,0.083,0.212,1.005
1714822600037,2024-05-04T14:36:40.037,53.850,0.103,0.181,1.026
1714822600047,2024-05-04T14:36:40.047,53.860,0.124,0.169,1.039
1714822600057,2024-05-04T14:36:40.057,53.870,0.141,0.175,1.027
1714822600067,2024-05-04T14:36:40.067,53.880,0.145,0.185,1.003
1714822600077,2024-05-04T14:36:40.077,53.890,0.121,0.204,0.983
1714822600087,2024-05-04T14:36:40.087,53.900,0.080,0.216,0.972
1714822600097,2024-05-04T14:36:40.097,53.910,0.044,0.203,0.965
1714822600107,2024-05-04T14:36:40.107,53.920,0.036,0.179,0.978
1714822600117,2024-05-04T14:36:40.117,53.930,0.054,0.169,0.993
1714822600127,2024-05-04T14:36:40.127,53.940,0.095,0.169,1.013
1714822600137,2024-05-04T14:36:40.137,53.950,0.152,0.178,1.021
1714822600147,2024-05-04T14:36:40.147,53.960,0.189,0.192,1.016
1714822600157,2024-05-04T14:36:40.157,53.970,0.210,0.205,1.001
1714822600167,2024-05-04T14:36:40.167,53.980,0.212,0.212,0.999
1714822600177,2024-05-04T14:36:40.177,53.990,0.220,0.208,1.014
1714822600187,2024-05-04T14:36:40.187,54.000,0.259,0.196,1.046
1714822600197,2024-05-04T14:36:40.197,54.010,0.324,0.179,1.086
1714822600207,2024-05-04T14:36:40.207,54.020,0.403,0.166,1.139
1714822600217,2024-05-04T14:36:40.217,54.030,0.510,0.161,1.167
1714822600227,2024-05-04T14:36:40.227,54.040,0.667,0.179,1.143
1714822600237,2024-05-04T14:36:40.237,54.050,0.896,0.220,1.102
1714822600247,2024-05-04T14:36:40.247,54.060,1.115,0.282,1.086
1714822600257,2024-05-04T14:36:40.257,54.070,1.160,0.304,1.114
1714822600267,2024-05-04T14:36:40.267,54.080,1.282,0.258,1.171
1714822600277,2024-05-04T14:36:40.277,54.090,1.418,0.166,1.198
1714822600287,2024-05-04T14:36:40.287,54.100,1.444,0.057,1.104
1714822600297,2024-05-04T14:36:40.297,54.110,1.278,-0.041,0.875
1714822600307,2024-05-04T14:36:40.307,54.120,0.979,-0.105,0.540
1714822600317,2024-05-04T14:36:40.317,54.130,0.722,-0.170,0.252
1714822600327,2024-05-04T14:36:40.327,54.140,0.541,-0.325,-0.316
1714822600337,2024-05-04T14:36:40.337,54.150,0.540,-0.586,-0.289
1714822600347,2024-05-04T14:36:40.347,54.160,-0.467,-0.761,-0.739
1714822600357,2024-05-04T14:36:40.357,54.170,-1.795,-0.706,-0.868
1714822600367,2024-05-04T14:36:40.367,54.180,-2.270,-0.382,-0.879
1714822600377,2024-05-04T14:36:40.377,54.190,-2.119,-0.139,-0.865
1714822600387,2024-05-04T14:36:40.387,54.200,-1.833,-0.035,-0.918
1714822600397,2024-05-04T14:36:40.397,54.210,-1.680,0.115,-0.862
1714822600407,2024-05-04T14:36:40.407,54.220,-1.746,0.249,-0.826
1714822600417,2024-05-04T14:36:40.417,54.230,-1.833,0.193,-0.800
1714822600427,2024-05-04T14:36:40.427,54.240,-1.876,0.058,-0.681
1714822600437,2024-05-04T14:36:40.437,54.250,-1.609,-0.016,-0.385
1714822600447,2024-05-04T14:36:40.447,54.260,-1.069,-0.034,-0.163
1714822600457,2024-05-04T14:36:40.457,54.270,-0.770,0.012,-0.159
1714822600467,2024-05-04T14:36:40.467,54.280,-0.816,0.018,-0.237
1714822600477,2024-05-04T14:36:40.477,54.290,-1.048,-0.021,-0.350
1714822600487,2024-05-04T14:36:40.487,54.300,-1.114,-0.008,-0.455
1714822600497,2024-05-04T14:36:40.497,54.310,-0.988,0.049,-0.527
1714822600507,2024-05-04T14:36:40.507,54.320,-0.934,0.065,-0.589
1714822600517,2024-05-04T14:36:40.517,54.330,-1.027,0.042,-0.641
1714822600527,2024-05-04T14:36:40.527,54.340,-1.168,0.022,-0.658
1714822600537,2024-05-04T14:36:40.537,54.350,-1.255,0.020,-0.635
1714822600547,2024-05-04T14:36:40.547,54.360,-1.218,0.028,-0.604
1714822600557,2024-05-04T14:36:40.557,54.370,-1.151,0.029,-0.581
1714822600567,2024-05-04T14:36:40.567,54.380,-1.145,0.035,-0.546
1714822600577,2024-05-04T14:36:40.577,54.390,-1.168,0.044,-0.542
1714822600587,2024-05-04T14:36:40.587,54.400,-1.182,0.060,-0.532
1714822600597,2024-05-04T14:36:40.597,54.410,-1.171,0.085,-0.494
1714822600607,2024-05-04T14:36:40.607,54.420,-1.157,0.097,-0.393
1714822600617,2024-05-04T14:36:40.617,54.430,-1.102,0.080,-0.282
1714822600627,2024-05-04T14:36:40.627,54.440,-1.039,0.071,-0.181
1714822600637,2024-05-04T14:36:40.637,54.450,-1.001,0.066,-0.118
1714822600647,2024-05-04T14:36:40.647,54.460,-1.008,0.079,-0.092
1714822600657,2024-05-04T14:36:40.657,54.470,-1.063,0.098,-0.079
1714822600667,2024-05-04T14:36:40.667,54.480,-1.126,0.116,-0.054
1714822600677,2024-05-04T14:36:40.677,54.490,-1.123,0.130,0.021
1714822600687,2024-05-04T14:36:40.687,54.500,-1.066,0.117,0.108
1714822600697,2024-05-04T14:36:40.697,54.510,-1.012,0.092,0.218
1714822600707,2024-05-04T14:36:40.707,54.520,-0.982,0.086,0.324
1714822600717,2024-05-04T14:36:40.717,54.530,-0.949,0.093,0.367
1714822600727,2024-05-04T14:36:40.727,54.540,-0.960,0.105,0.325
1714822600737,2024-05-04T14:36:40.737,54.550,-0.992,0.130,0.277
1714822600747,2024-05-04T14:36:40.747,54.560,-0.995,0.160,0.285
1714822600757,2024-05-04T14:36:40.757,54.570,-0.959,0.154,0.359
1714822600767,2024-05-04T14:36:40.767,54.580,-0.910,0.113,0.456
1714822600777,2024-05-04T14:36:40.777,54.590,-0.863,0.074,0.542
1714822600787,2024-05-04T14:36:40.787,54.600,-0.804,0.070,0.621
1714822600797,2024-05-04T14:36:40.797,54.610,-0.738,0.093,0.664
1714822600807,2024-05-04T14:36:40.807,54.620,-0.701,0.119,0.642
1714822600817,2024-05-04T14:36:40.817,54.630,-0.694,0.155,0.598
1714822600827,2024-05-04T14:36:40.827,54.640,-0.697,0.180,0.558
1714822600837,2024-05-04T14:36:40.837,54.650,-0.672,0.184,0.567
1714822600847,2024-05-04T14:36:40.847,54.660,-0.604,0.178,0.650
1714822600857,2024-05-04T14:36:40.857,54.670,-0.543,0.157,0.758
1714822600867,2024-05-04T14:36:40.867,54.680,-0.482,0.138,0.864
1714822600877,2024-05-04T14:36:40.877,54.690,-0.422,0.137,0.915
1714822600887,2024-05-04T14:36:40.887,54.700,-0.414,0.164,0.903
1714822600897,2024-05-04T14:36:40.897,54.710,-0.445,0.197,0.865
1714822600907,2024-05-04T14:36:40.907,54.720,-0.451,0.221,0.828
1714822600917,2024-05-04T14:36:40.917,54.730,-0.421,0.220,0.788
1714822600927,2024-05-04T14:36:40.927,54.740,-0.378,0.195,0.786
1714822600937,2024-05-04T14:36:40.937,54.750,-0.350,0.176,0.853
1714822600947,2024-05-04T14:36:40.947,54.760,-0.292,0.161,0.951
1714822600957,2024-05-04T14:36:40.957,54.770,-0.235,0.145,0.995
1714822600967,2024-05-04T14:36:40.967,54.780,-0.223,0.155,0.982
1714822600977,2024-05-04T14:36:40.977,54.790,-0.207,0.186,0.929
1714822600987,2024-05-04T14:36:40.987,54.800,-0.182,0.215,0.859
1714822600997,2024-05-04T14:36:40.997,54.810,-0.164,0.234,0.831
1714822601007,2024-05-04T14:36:41.007,54.820,-0.174,0.238,0.829
1714822601017,2024-05-04T14:36:41.017,54.830,-0.215,0.217,0.835
1714822601027,2024-05-04T14:36:41.027,54.840,-0.243,0.188,0.875
1714822601037,2024-05-04T14:36:41.037,54.850,-0.191,0.169,0.954
1714822601047,2024-05-04T14:36:41.047,54.860,-0.090,0.158,1.016
1714822601057,2024-05-04T14:36:41.057,54.870,-0.015,0.162,0.986
1714822601067,2024-05-04T14:36:41.067,54.880,0.043,0.186,0.925
1714822601077,2024-05-04T14:36:41.077,54.890,0.062,0.218,0.867
1714822601087,2024-05-04T14:36:41.087,54.900,0.010,0.224,0.833
1714822601097,2024-05-04T14:36:41.097,54.910,-0.042,0.195,0.853
1714822601107,2024-05-04T14:36:41.107,54.920,-0.039,0.168,0.917
1714822601117,2024-05-04T14:36:41.117,54.930,-0.003,0.161,0.985
1714822601127,2024-05-04T14:36:41.127,54.940,0.006,0.167,1.026
1714822601137,2024-05-04T14:36:41.137,54.950,-0.039,0.177,1.007
1714822601147,2024-05-04T14:36:41.147,54.960,-0.079,0.186,0.969
1714822601157,2024-05-04T14:36:41.157,54.970,-0.018,0.211,0.950
1714822601167,2024-05-04T14:36:41.167,54.980,0.071,0.233,0.941
1714822601177,2024-05-04T14:36:41.177,54.990,0.102,0.230,0.935
1714822601187,2024-05-04T14:36:41.187,55.000,0.085,0.220,0.929
1714822601197,2024-05-04T14:36:41.197,55.010,0.082,0.207,0.961
1714822601207,2024-05-04T14:36:41.207,55.020,0.119,0.194,1.017
1714822601217,2024-05-04T14:36:41.217,55.030,0.136,0.185,1.043
1714822601227,2024-05-04T14:36:41.227,55.040,0.083,0.186,1.024
1714822601237,2024-05-04T14:36:41.237,55.050,0.016,0.193,1.006
1714822601247,2024-05-04T14:36:41.247,55.060,-0.002,0.201,0.994
1714822601257,2024-05-04T14:36:41.257,55.070,0.021,0.188,0.986
1714822601267,2024-05-04T14:36:41.267,55.080,0.041,0.179,0.990
1714822601277,2024-05-04T14:36:41.277,55.090,0.069,0.179,1.017
1714822601287,2024-05-04T14:36:41.287,55.100,0.115,0.181,1.045
1714822601297,2024-05-04T14:36:41.297,55.110,0.148,0.180,1.058
1714822601307,2024-05-04T14:36:41.307,55.120,0.159,0.186,1.063
1714822601317,2024-05-04T14:36:41.317,55.130,0.116,0.188,1.039
1714822601327,2024-05-04T14:36:41.327,55.140,0.062,0.187,1.007
1714822601337,2024-05-04T14:36:41.337,55.150,0.047,0.186,0.993
1714822601347,2024-05-04T14:36:41.347,55.160,0.055,0.181,0.992
1714822601357,2024-05-04T14:36:41.357,55.170,0.076,0.176,1.014
1714822601367,2024-05-04T14:36:41.367,55.180,0.129,0.179,1.030
1714822601377,2024-05-04T14:36:41.377,55.190,0.182,0.182,1.045
1714822601387,2024-05-04T14:36:41.387,55.200,0.192,0.182,1.041
1714822601397,2024-05-04T14:36:41.397,55.210,0.173,0.181,1.015
1714822601407,2024-05-04T14:36:41.407,55.220,0.160,0.191,0.993
1714822601417,2024-05-04T14:36:41.417,55.230,0.159,0.199,0.980
1714822601427,2024-05-04T14:36:41.427,55.240,0.155,0.196,0.980
1714822601437,2024-05-04T14:36:41.437,55.250,0.145,0.193,0.985
1714822601447,2024-05-04T14:36:41.447,55.260,0.151,0.185,1.000
1714822601457,2024-05-04T14:36:41.457,55.270,0.192,0.179,1.012
1714822601467,2024-05-04T14:36:41.467,55.280,0.234,0.176,1.010
1714822601477,2024-05-04T14:36:41.477,55.290,0.244,0.179,1.000
1714822601487,2024-05-04T14:36:41.487,55.300,0.231,0.185,0.985
1714822601497,2024-05-04T14:36:41.497,55.310,0.218,0.185,0.977
1714822601507,2024-05-04T14:36:41.507,55.320,0.196,0.186,0.981
1714822601517,2024-05-04T14:36:41.517,55.330,0.147,0.180,0.985
1714822601527,2024-05-04T14:36:41.527,55.340,0.159,0.167,1.005
1714822601537,2024-05-04T14:36:41.537,55.350,0.217,0.159,1.024
1714822601547,2024-05-04T14:36:41.547,55.360,0.254,0.147,1.026
1714822601557,2024-05-04T14:36:41.557,55.370,0.290,0.144,1.023
1714822601567,2024-05-04T14:36:41.567,55.380,0.319,0.151,1.021
1714822601577,2024-05-04T14:36:41.577,55.390,0.303,0.155,1.014
1714822601587,2024-05-04T14:36:41.587,55.400,0.281,0.162,1.008
1714822601597,2024-05-04T14:36:41.597,55.410,0.279,0.157,1.016
1714822601607,2024-05-04T14:36:41.607,55.420,0.313,0.147,1.033
1714822601617,2024-05-04T14:36:41.617,55.430,0.383,0.138,1.060
1714822601627,2024-05-04T14:36:41.627,55.440,0.485,0.131,1.095
1714822601637,2024-05-04T14:36:41.637,55.450,0.627,0.133,1.130
1714822601647,2024-05-04T14:36:41.647,55.460,0.721,0.132,1.125
1714822601657,2024-05-04T14:36:41.657,55.470,0.698,0.141,1.079
1714822601667,2024-05-04T14:36:41.667,55.480,0.642,0.170,0.988
1714822601677,2024-05-04T14:36:41.677,55.490,0.587,0.200,0.914
1714822601687,2024-05-04T14:36:41.687,55.500,0.590,0.228,0.913
1714822601697,2024-05-04T14:36:41.697,55.510,0.677,0.225,0.973
1714822601707,2024-05-04T14:36:41.707,55.520,0.793,0.173,1.037
1714822601717,2024-05-04T14:36:41.717,55.530,0.890,0.128,1.025
1714822601727,2024-05-04T14:36:41.727,55.540,0.998,0.125,0.925
1714822601737,2024-05-04T14:36:41.737,55.550,1.070,0.173,0.758
1714822601747,2024-05-04T14:36:41.747,55.560,0.945,0.207,0.552
1714822601757,2024-05-04T14:36:41.757,55.570,0.606,0.155,0.350
1714822601767,2024-05-04T14:36:41.767,55.580,0.263,0.034,0.165
1714822601777,2024-05-04T14:36:41.777,55.590,-0.112,-0.086,0.069
1714822601787,2024-05-04T14:36:41.787,55.600,-0.528,-0.139,0.050
1714822601797,2024-05-04T14:36:41.797,55.610,-0.836,-0.178,0.038
1714822601807,2024-05-04T14:36:41.807,55.620,-0.705,-0.321,-0.333
1714822601817,2024-05-04T14:36:41.817,55.630,-0.878,-0.538,0.047
1714822601827,2024-05-04T14:36:41.827,55.640,-2.291,-0.382,-0.379
1714822601837,2024-05-04T14:36:41.837,55.650,-2.592,-0.366,-0.432
1714822601847,2024-05-04T14:36:41.847,55.660,-2.253,-0.369,-0.626
1714822601857,2024-05-04T14:36:41.857,55.670,-1.716,-0.126,-0.799
1714822601867,2024-05-04T14:36:41.867,55.680,-1.439,0.188,-0.705
1714822601877,2024-05-04T14:36:41.877,55.690,-1.419,0.218,-0.659
1714822601887,2024-05-04T14:36:41.887,55.700,-1.512,0.020,-0.670
1714822601897,2024-05-04T14:36:41.897,55.710,-1.579,0.010,-0.669
1714822601907,2024-05-04T14:36:41.907,55.720,-1.368,0.104,-0.644
1714822601917,2024-05-04T14:36:41.917,55.730,-1.063,0.086,-0.637
1714822601927,2024-05-04T14:36:41.927,55.740,-1.018,0.007,-0.678
1714822601937,2024-05-04T14:36:41.937,55.750,-1.146,0.005,-0.739
1714822601947,2024-05-04T14:36:41.947,55.760,-1.205,0.040,-0.747
1714822601957,2024-05-04T14:36:41.957,55.770,-1.155,0.048,-0.682
1714822601967,2024-05-04T14:36:41.967,55.780,-1.100,0.046,-0.586
1714822601977,2024-05-04T14:36:41.977,55.790,-1.072,0.060,-0.495
1714822601987,2024-05-04T14:36:41.987,55.800,-1.095,0.081,-0.427
1714822601997,2024-05-04T14:36:41.997,55.810,-1.165,0.108,-0.366
1714822602007,2024-05-04T14:36:42.007,55.820,-1.257,0.138,-0.340
1714822602017,2024-05-04T14:36:42.017,55.830,-1.331,0.152,-0.260
1714822602027,2024-05-04T14:36:42.027,55.840,-1.265,0.122,-0.153
1714822602037,2024-05-04T14:36:42.037,55.850,-1.139,0.085,-0.092
1714822602047,2024-05-04T14:36:42.047,55.860,-1.031,0.078,-0.057
1714822602057,2024-05-04T14:36:42.057,55.870,-0.957,0.100,0.007
1714822602067,2024-05-04T14:36:42.067,55.880,-0.929,0.113,0.117
1714822602077,2024-05-04T14:36:42.077,55.890,-0.899,0.103,0.260
1714822602087,2024-05-04T14:36:42.087,55.900,-0.876,0.081,0.389
1714822602097,2024-05-04T14:36:42.097,55.910,-0.857,0.069,0.510
1714822602107,2024-05-04T14:36:42.107,55.920,-0.833,0.085,0.596
1714822602117,2024-05-04T14:36:42.117,55.930,-0.772,0.098,0.657
1714822602127,2024-05-04T14:36:42.127,55.940,-0.688,0.100,0.666
1714822602137,2024-05-04T14:36:42.137,55.950,-0.599,0.106,0.630
1714822602147,2024-05-04T14:36:42.147,55.960,-0.518,0.124,0.613
1714822602157,2024-05-04T14:36:42.157,55.970,-0.460,0.155,0.636
1714822602167,2024-05-04T14:36:42.167,55.980,-0.443,0.146,0.708
1714822602177,2024-05-04T14:36:42.177,55.990,-0.458,0.099,0.823
1714822602187,2024-05-04T14:36:42.187,56.000,-0.408,0.050,0.915
1714822602197,2024-05-04T14:36:42.197,56.010,-0.291,0.039,0.936
1714822602207,2024-05-04T14:36:42.207,56.020,-0.164,0.083,0.919
1714822602217,2024-05-04T14:36:42.217,56.030,-0.138,0.153,0.855
1714822602227,2024-05-04T14:36:42.227,56.040,-0.158,0.177,0.826
1714822602237,2024-05-04T14:36:42.237,56.050,-0.150,0.182,0.841
1714822602247,2024-05-04T14:36:42.247,56.060,-0.151,0.160,0.890
1714822602257,2024-05-04T14:36:42.257,56.070,-0.177,0.118,0.966
1714822602267,2024-05-04T14:36:42.267,56.080,-0.169,0.083,1.032
1714822602277,2024-05-04T14:36:42.277,56.090,-0.104,0.075,1.056
1714822602287,2024-05-04T14:36:42.287,56.100,-0.001,0.094,1.064
1714822602297,2024-05-04T14:36:42.297,56.110,0.080,0.130,1.036
1714822602307,2024-05-04T14:36:42.307,56.120,0.106,0.157,0.990
1714822602317,2024-05-04T14:36:42.317,56.130,0.070,0.164,0.947
1714822602327,2024-05-04T14:36:42.327,56.140,0.068,0.154,0.936
1714822602337,2024-05-04T14:36:42.337,56.150,0.115,0.150,0.968
1714822602347,2024-05-04T14:36:42.347,56.160,0.172,0.142,1.016
1714822602357,2024-05-04T14:36:42.357,56.170,0.215,0.134,1.052
1714822602367,2024-05-04T14:36:42.367,56.180,0.244,0.140,1.072
1714822602377,2024-05-04T14:36:42.377,56.190,0.243,0.157,1.054
1714822602387,2024-05-04T14:36:42.387,56.200,0.224,0.192,1.025
1714822602397,2024-05-04T14:36:42.397,56.210,0.208,0.223,1.000
1714822602407,2024-05-04T14:36:42.407,56.220,0.177,0.224,0.985
1714822602417,2024-05-04T14:36:42.417,56.230,0.148,0.204,0.997
1714822602427,2024-05-04T14:36:42.427,56.240,0.147,0.175,1.027
1714822602437,2024-05-04T14:36:42.437,56.250,0.171,0.151,1.055
1714822602447,2024-05-04T14:36:42.447,56.260,0.185,0.148,1.063
1714822602457,2024-05-04T14:36:42.457,56.270,0.200,0.162,1.036
1714822602467,2024-05-04T14:36:42.467,56.280,0.208,0.185,1.000
1714822602477,2024-05-04T14:36:42.477,56.290,0.198,0.203,0.977
1714822602487,2024-05-04T14:36:42.487,56.300,0.185,0.195,0.970
1714822602497,2024-05-04T14:36:42.497,56.310,0.147,0.171,0.976
1714822602507,2024-05-04T14:36:42.507,56.320,0.118,0.154,1.001
1714822602517,2024-05-04T14:36:42.517,56.330,0.138,0.156,1.018
1714822602527,2024-05-04T14:36:42.527,56.340,0.178,0.160,1.020
1714822602537,2024-05-04T14:36:42.537,56.350,0.193,0.170,1.003
1714822602547,2024-05-04T14:36:42.547,56.360,0.164,0.182,0.988
1714822602557,2024-05-04T14:36:42.557,56.370,0.127,0.183,0.962
1714822602567,2024-05-04T14:36:42.567,56.380,0.120,0.178,0.960
1714822602577,2024-05-04T14:36:42.577,56.390,0.120,0.174,0.963
1714822602587,2024-05-04T14:36:42.587,56.400,0.107,0.167,0.976
1714822602597,2024-05-04T14:36:42.597,56.410,0.095,0.162,0.988
1714822602607,2024-05-04T14:36:42.607,56.420,0.106,0.156,0.992
1714822602617,2024-05-04T14:36:42.617,56.430,0.114,0.153,0.988
1714822602627,2024-05-04T14:36:42.627,56.440,0.107,0.155,0.957
1714822602637,2024-05-04T14:36:42.637,56.450,0.094,0.162,0.940
1714822602647,2024-05-04T14:36:42.647,56.460,0.083,0.175,0.937
1714822602657,2024-05-04T14:36:42.657,56.470,0.077,0.180,0.953
1714822602667,2024-05-04T14:36:42.667,56.480,0.084,0.176,0.981
1714822602677,2024-05-04T14:36:42.677,56.490,0.106,0.162,1.015
1714822602687,2024-05-04T14:36:42.687,56.500,0.142,0.147,1.028
1714822602697,2024-05-04T14:36:42.697,56.510,0.161,0.148,1.023
1714822602707,2024-05-04T14:36:42.707,56.520,0.151,0.162,1.007
1714822602717,2024-05-04T14:36:42.717,56.530,0.150,0.172,0.997
1714822602727,2024-05-04T14:36:42.727,56.540,0.160,0.167,0.992
1714822602737,2024-05-04T14:36:42.737,56.550,0.146,0.161,0.998
1714822602747,2024-05-04T14:36:42.747,56.560,0.150,0.166,1.018
1714822602757,2024-05-04T14:36:42.757,56.570,0.174,0.158,1.055
1714822602767,2024-05-04T14:36:42.767,56.580,0.213,0.141,1.092
1714822602777,2024-05-04T14:36:42.777,56.590,0.258,0.129,1.103
1714822602787,2024-05-04T14:36:42.787,56.600,0.292,0.130,1.094
1714822602797,2024-05-04T14:36:42.797,56.610,0.334,0.146,1.062
1714822602807,2024-05-04T14:36:42.807,56.620,0.337,0.153,1.031
1714822602817,2024-05-04T14:36:42.817,56.630,0.264,0.150,1.005
1714822602827,2024-05-04T14:36:42.827,56.640,0.190,0.143,0.979
1714822602837,2024-05-04T14:36:42.837,56.650,0.113,0.130,1.010
1714822602847,2024-05-04T14:36:42.847,56.660,0.123,0.117,1.076
1714822602857,2024-05-04T14:36:42.857,56.670,0.256,0.096,1.120
1714822602867,2024-05-04T14:36:42.867,56.680,0.421,0.102,1.125
1714822602877,2024-05-04T14:36:42.877,56.690,0.546,0.159,1.102
1714822602887,2024-05-04T14:36:42.887,56.700,0.590,0.230,1.067
1714822602897,2024-05-04T14:36:42.897,56.710,0.617,0.258,1.087
1714822602907,2024-05-04T14:36:42.907,56.720,0.806,0.217,1.137
1714822602917,2024-05-04T14:36:42.917,56.730,0.998,0.145,1.136
1714822602927,2024-05-04T14:36:42.927,56.740,1.006,0.106,1.074
1714822602937,2024-05-04T14:36:42.937,56.750,0.852,0.062,0.990
1714822602947,2024-05-04T14:36:42.947,56.760,0.661,0.004,0.856
1714822602957,2024-05-04T14:36:42.957,56.770,0.546,-0.019,0.641
1714822602967,2024-05-04T14:36:42.967,56.780,0.426,-0.021,0.410
1714822602977,2024-05-04T14:36:42.977,56.790,0.479,-0.078,0.318
1714822602987,2024-05-04T14:36:42.987,56.800,-0.330,-0.237,0.051
1714822602997,2024-05-04T14:36:42.997,56.810,-1.274,-0.315,-0.089
1714822603007,2024-05-04T14:36:43.007,56.820,-1.744,-0.262,-0.143
1714822603017,2024-05-04T14:36:43.017,56.830,-1.727,-0.129,-0.211
1714822603027,2024-05-04T14:36:43.027,56.840,-1.455,0.021,-0.280
1714822603037,2024-05-04T14:36:43.037,56.850,-1.496,0.009,-0.377
1714822603047,2024-05-04T14:36:43.047,56.860,-1.674,-0.074,-0.422
1714822603057,2024-05-04T14:36:43.057,56.870,-1.581,-0.038,-0.365
1714822603067,2024-05-04T14:36:43.067,56.880,-1.359,-0.024,-0.352
1714822603077,2024-05-04T14:36:43.077,56.890,-1.144,-0.086,-0.386
1714822603087,2024-05-04T14:36:43.087,56.900,-0.998,-0.081,-0.473
1714822603097,2024-05-04T14:36:43.097,56.910,-1.160,-0.058,-0.572
1714822603107,2024-05-04T14:36:43.107,56.920,-1.305,-0.040,-0.652
1714822603117,2024-05-04T14:36:43.117,56.930,-1.228,-0.020,-0.723
1714822603127,2024-05-04T14:36:43.127,56.940,-1.143,-0.041,-0.752
1714822603137,2024-05-04T14:36:43.137,56.950,-1.207,-0.028,-0.753
1714822603147,2024-05-04T14:36:43.147,56.960,-1.267,0.016,-0.735
1714822603157,2024-05-04T14:36:43.157,56.970,-1.217,0.034,-0.710
1714822603167,2024-05-04T14:36:43.167,56.980,-1.149,0.057,-0.707
1714822603177,2024-05-04T14:36:43.177,56.990,-1.165,0.080,-0.684
1714822603187,2024-05-04T14:36:43.187,57.000,-1.223,0.101,-0.604
1714822603197,2024-05-04T14:36:43.197,57.010,-1.212,0.124,-0.501
1714822603207,2024-05-04T14:36:43.207,57.020,-1.167,0.129,-0.413
1714822603217,2024-05-04T14:36:43.217,57.030,-1.147,0.116,-0.309
1714822603227,2024-05-04T14:36:43.227,57.040,-1.114,0.121,-0.210
1714822603237,2024-05-04T14:36:43.237,57.050,-1.055,0.144,-0.147
1714822603247,2024-05-04T14:36:43.247,57.060,-1.010,0.166,-0.101
1714822603257,2024-05-04T14:36:43.257,57.070,-1.023,0.170,-0.046
1714822603267,2024-05-04T14:36:43.267,57.080,-1.048,0.153,0.003
1714822603277,2024-05-04T14:36:43.277,57.090,-1.050,0.131,0.043
1714822603287,2024-05-04T14:36:43.287,57.100,-1.057,0.126,0.082
1714822603297,2024-05-04T14:36:43.297,57.110,-1.033,0.127,0.127
1714822603307,2024-05-04T14:36:43.307,57.120,-0.968,0.139,0.181
1714822603317,2024-05-04T14:36:43.317,57.130,-0.915,0.150,0.250
1714822603327,2024-05-04T14:36:43.327,57.140,-0.891,0.159,0.334
1714822603337,2024-05-04T14:36:43.337,57.150,-0.854,0.164,0.453
1714822603347,2024-05-04T14:36:43.347,57.160,-0.786,0.161,0.582
1714822603357,2024-05-04T14:36:43.357,57.170,-0.740,0.145,0.621
1714822603367,2024-05-04T14:36:43.367,57.180,-0.704,0.147,0.617
1714822603377,2024-05-04T14:36:43.377,57.190,-0.672,0.167,0.564
1714822603387,2024-05-04T14:36:43.387,57.200,-0.622,0.187,0.538
1714822603397,2024-05-04T14:36:43.397,57.210,-0.576,0.207,0.574
1714822603407,2024-05-04T14:36:43.407,57.220,-0.543,0.196,0.702
1714822603417,2024-05-04T14:36:43.417,57.230,-0.468,0.164,0.839
1714822603427,2024-05-04T14:36:43.427,57.240,-0.371,0.147,0.918
1714822603437,2024-05-04T14:36:43.437,57.250,-0.302,0.157,0.949
1714822603447,2024-05-04T14:36:43.447,57.260,-0.280,0.194,0.912
1714822603457,2024-05-04T14:36:43.457,57.270,-0.283,0.239,0.825
1714822603467,2024-05-04T14:36:43.467,57.280,-0.269,0.268,0.766
1714822603477,2024-05-04T14:36:43.477,57.290,-0.281,0.254,0.756
1714822603487,2024-05-04T14:36:43.487,57.300,-0.272,0.210,0.843
1714822603497,2024-05-04T14:36:43.497,57.310,-0.229,0.169,0.927
1714822603507,2024-05-04T14:36:43.507,57.320,-0.151,0.149,0.979
1714822603517,2024-05-04T14:36:43.517,57.330,-0.045,0.181,0.984
1714822603527,2024-05-04T14:36:43.527,57.340,0.067,0.219,0.974
1714822603537,2024-05-04T14:36:43.537,57.350,0.105,0.241,0.951
1714822603547,2024-05-04T14:36:43.547,57.360,0.091,0.281,0.953
1714822603557,2024-05-04T14:36:43.557,57.370,0.093,0.291,0.986
1714822603567,2024-05-04T14:36:43.567,57.380,0.106,0.251,1.032
1714822603577,2024-05-04T14:36:43.577,57.390,0.150,0.214,1.079
1714822603587,2024-05-04T14:36:43.587,57.400,0.218,0.196,1.080
1714822603597,2024-05-04T14:36:43.597,57.410,0.250,0.186,1.033
1714822603607,2024-05-04T14:36:43.607,57.420,0.231,0.186,0.952
1714822603617,2024-05-04T14:36:43.617,57.430,0.163,0.221,0.860
1714822603627,2024-05-04T14:36:43.627,57.440,0.019,0.258,0.813
1714822603637,2024-05-04T14:36:43.637,57.450,-0.146,0.258,0.822
1714822603647,2024-05-04T14:36:43.647,57.460,-0.164,0.230,0.869
1714822603657,2024-05-04T14:36:43.657,57.470,-0.021,0.197,0.962
1714822603667,2024-05-04T14:36:43.667,57.480,0.142,0.167,1.035
1714822603677,2024-05-04T14:36:43.677,57.490,0.200,0.159,1.051
1714822603687,2024-05-04T14:36:43.687,57.500,0.183,0.184,1.013
1714822603697,2024-05-04T14:36:43.697,57.510,0.160,0.215,0.957
1714822603707,2024-05-04T14:36:43.707,57.520,0.149,0.228,0.944
1714822603717,2024-05-04T14:36:43.717,57.530,0.115,0.207,0.946
1714822603727,2024-05-04T14:36:43.727,57.540,0.059,0.175,0.957
1714822603737,2024-05-04T14:36:43.737,57.550,0.063,0.163,0.999
1714822603747,2024-05-04T14:36:43.747,57.560,0.116,0.163,1.042
1714822603757,2024-05-04T14:36:43.757,57.570,0.153,0.165,1.054
1714822603767,2024-05-04T14:36:43.767,57.580,0.152,0.177,1.027
1714822603777,2024-05-04T14:36:43.777,57.590,0.120,0.203,0.983
1714822603787,2024-05-04T14:36:43.787,57.600,0.083,0.228,0.961
1714822603797,2024-05-04T14:36:43.797,57.610,0.051,0.235,0.957
1714822603807,2024-05-04T14:36:43.807,57.620,0.044,0.214,0.980
1714822603817,2024-05-04T14:36:43.817,57.630,0.068,0.181,1.017
1714822603827,2024-05-04T14:36:43.827,57.640,0.108,0.163,1.044
1714822603837,2024-05-04T14:36:43.837,57.650,0.149,0.166,1.059
1714822603847,2024-05-04T14:36:43.847,57.660,0.173,0.175,1.049
1714822603857,2024-05-04T14:36:43.857,57.670,0.160,0.177,1.019
1714822603867,2024-05-04T14:36:43.867,57.680,0.125,0.184,0.997
1714822603877,2024-05-04T14:36:43.877,57.690,0.101,0.195,0.995
1714822603887,2024-05-04T14:36:43.887,57.700,0.087,0.189,1.000
1714822603897,2024-05-04T14:36:43.897,57.710,0.057,0.175,0.997
1714822603907,2024-05-04T14:36:43.907,57.720,0.071,0.168,1.005
1714822603917,2024-05-04T14:36:43.917,57.730,0.122,0.175,1.024
1714822603927,2024-05-04T14:36:43.927,57.740,0.132,0.182,1.018
1714822603937,2024-05-04T14:36:43.937,57.750,0.121,0.196,1.006
1714822603947,2024-05-04T14:36:43.947,57.760,0.113,0.208,1.009
1714822603957,2024-05-04T14:36:43.957,57.770,0.119,0.213,1.014
1714822603967,2024-05-04T14:36:43.967,57.780,0.116,0.201,0.999
1714822603977,2024-05-04T14:36:43.977,57.790,0.101,0.181,0.990
1714822603987,2024-05-04T14:36:43.987,57.800,0.112,0.166,0.993
1714822603997,2024-05-04T14:36:43.997,57.810,0.137,0.161,0.996
1714822604007,2024-05-04T14:36:44.007,57.820,0.149,0.172,0.999
1714822604017,2024-05-04T14:36:44.017,57.830,0.143,0.186,0.993
1714822604027,2024-05-04T14:36:44.027,57.840,0.146,0.192,0.995
1714822604037,2024-05-04T14:36:44.037,57.850,0.153,0.186,0.994
1714822604047,2024-05-04T14:36:44.047,57.860,0.143,0.167,0.985
1714822604057,2024-05-04T14:36:44.057,57.870,0.121,0.154,0.986
1714822604067,2024-05-04T14:36:44.067,57.880,0.131,0.165,0.994
1714822604077,2024-05-04T14:36:44.077,57.890,0.179,0.174,1.000
1714822604087,2024-05-04T14:36:44.087,57.900,0.220,0.173,1.011
1714822604097,2024-05-04T14:36:44.097,57.910,0.235,0.166,1.033
1714822604107,2024-05-04T14:36:44.107,57.920,0.252,0.163,1.054
1714822604117,2024-05-04T14:36:44.117,57.930,0.329,0.164,1.071
1714822604127,2024-05-04T14:36:44.127,57.940,0.488,0.169,1.131
1714822604137,2024-05-04T14:36:44.137,57.950,0.633,0.169,1.195
1714822604147,2024-05-04T14:36:44.147,57.960,0.704,0.145,1.224
1714822604157,2024-05-04T14:36:44.157,57.970,0.704,0.101,1.236
1714822604167,2024-05-04T14:36:44.167,57.980,0.677,0.084,1.193
1714822604177,2024-05-04T14:36:44.177,57.990,0.685,0.095,1.131
1714822604187,2024-05-04T14:36:44.187,58.000,0.718,0.112,1.078
1714822604197,2024-05-04T14:36:44.197,58.010,0.728,0.136,1.010
1714822604207,2024-05-04T14:36:44.207,58.020,0.656,0.159,0.926
1714822604217,2024-05-04T14:36:44.217,58.030,0.595,0.143,0.748
1714822604227,2024-05-04T14:36:44.227,58.040,0.583,0.073,0.563
1714822604237,2024-05-04T14:36:44.237,58.050,0.556,-0.028,0.553
1714822604247,2024-05-04T14:36:44.247,58.060,-0.223,-0.167,0.327
1714822604257,2024-05-04T14:36:44.257,58.070,-1.002,-0.226,0.261
1714822604267,2024-05-04T14:36:44.267,58.080,-1.368,-0.164,0.119
1714822604277,2024-05-04T14:36:44.277,58.090,-1.359,-0.113,0.013
1714822604287,2024-05-04T14:36:44.287,58.100,-1.363,-0.039,-0.059
1714822604297,2024-05-04T14:36:44.297,58.110,-1.512,0.081,-0.128
1714822604307,2024-05-04T14:36:44.307,58.120,-1.688,0.188,-0.156
1714822604317,2024-05-04T14:36:44.317,58.130,-1.684,0.268,-0.157
1714822604327,2024-05-04T14:36:44.327,58.140,-1.566,0.269,-0.201
1714822604337,2024-05-04T14:36:44.337,58.150,-1.382,0.195,-0.067
1714822604347,2024-05-04T14:36:44.347,58.160,-1.075,0.170,0.076
1714822604357,2024-05-04T14:36:44.357,58.170,-0.941,0.148,0.074
1714822604367,2024-05-04T14:36:44.367,58.180,-1.014,0.049,-0.029
1714822604377,2024-05-04T14:36:44.377,58.190,-1.178,-0.011,-0.093
1714822604387,2024-05-04T14:36:44.387,58.200,-1.280,-0.041,-0.099
1714822604397,2024-05-04T14:36:44.397,58.210,-1.144,-0.040,-0.095
1714822604407,2024-05-04T14:36:44.407,58.220,-0.949,-0.008,-0.096
1714822604417,2024-05-04T14:36:44.417,58.230,-0.962,-0.005,-0.157
1714822604427,2024-05-04T14:36:44.427,58.240,-1.125,0.009,-0.259
1714822604437,2024-05-04T14:36:44.437,58.250,-1.232,0.034,-0.363
1714822604447,2024-05-04T14:36:44.447,58.260,-1.208,0.052,-0.444
1714822604457,2024-05-04T14:36:44.457,58.270,-1.167,0.035,-0.479
1714822604467,2024-05-04T14:36:44.467,58.280,-1.246,0.013,-0.463
1714822604477,2024-05-04T14:36:44.477,58.290,-1.278,0.031,-0.413
1714822604487,2024-05-04T14:36:44.487,58.300,-1.228,0.055,-0.363
1714822604497,2024-05-04T14:36:44.497,58.310,-1.199,0.067,-0.312
1714822604507,2024-05-04T14:36:44.507,58.320,-1.183,0.082,-0.278
1714822604517,2024-05-04T14:36:44.517,58.330,-1.176,0.102,-0.259
1714822604527,2024-05-04T14:36:44.527,58.340,-1.155,0.120,-0.201
1714822604537,2024-05-04T14:36:44.537,58.350,-1.104,0.139,-0.127
1714822604547,2024-05-04T14:36:44.547,58.360,-1.021,0.156,-0.015
1714822604557,2024-05-04T14:36:44.557,58.370,-0.938,0.158,0.095
1714822604567,2024-05-04T14:36:44.567,58.380,-0.906,0.156,0.182
1714822604577,2024-05-04T14:36:44.577,58.390,-0.926,0.169,0.211
1714822604587,2024-05-04T14:36:44.587,58.400,-0.957,0.181,0.193
1714822604597,2024-05-04T14:36:44.597,58.410,-0.987,0.194,0.189
1714822604607,2024-05-04T14:36:44.607,58.420,-0.973,0.185,0.238
1714822604617,2024-05-04T14:36:44.617,58.430,-0.945,0.160,0.296
1714822604627,2024-05-04T14:36:44.627,58.440,-0.957,0.152,0.375
1714822604637,2024-05-04T14:36:44.637,58.450,-0.933,0.147,0.449
1714822604647,2024-05-04T14:36:44.647,58.460,-0.862,0.145,0.500
1714822604657,2024-05-04T14:36:44.657,58.470,-0.787,0.146,0.520
1714822604667,2024-05-04T14:36:44.667,58.480,-0.727,0.168,0.511
1714822604677,2024-05-04T14:36:44.677,58.490,-0.685,0.195,0.514
1714822604687,2024-05-04T14:36:44.687,58.500,-0.634,0.199,0.541
1714822604697,2024-05-04T14:36:44.697,58.510,-0.596,0.173,0.588
1714822604707,2024-05-04T14:36:44.707,58.520,-0.590,0.155,0.650
1714822604717,2024-05-04T14:36:44.717,58.530,-0.530,0.148,0.749
1714822604727,2024-05-04T14:36:44.727,58.540,-0.396,0.157,0.858
1714822604737,2024-05-04T14:36:44.737,58.550,-0.284,0.172,0.939
1714822604747,2024-05-04T14:36:44.747,58.560,-0.262,0.172,0.954
1714822604757,2024-05-04T14:36:44.757,58.570,-0.272,0.188,0.920
1714822604767,2024-05-04T14:36:44.767,58.580,-0.251,0.234,0.891
1714822604777,2024-05-04T14:36:44.777,58.590,-0.239,0.267,0.864
1714822604787,2024-05-04T14:36:44.787,58.600,-0.325,0.255,0.804
1714822604797,2024-05-04T14:36:44.797,58.610,-0.358,0.226,0.833
1714822604807,2024-05-04T14:36:44.807,58.620,-0.279,0.205,0.903
1714822604817,2024-05-04T14:36:44.817,58.630,-0.171,0.173,0.971
1714822604827,2024-05-04T14:36:44.827,58.640,-0.058,0.168,1.029
1714822604837,2024-05-04T14:36:44.837,58.650,0.023,0.193,1.042
1714822604847,2024-05-04T14:36:44.847,58.660,0.050,0.222,1.006
1714822604857,2024-05-04T14:36:44.857,58.670,0.023,0.230,0.931
1714822604867,2024-05-04T14:36:44.867,58.680,-0.000,0.240,0.898
1714822604877,2024-05-04T14:36:44.877,58.690,0.023,0.260,0.895
1714822604887,2024-05-04T14:36:44.887,58.700,0.093,0.249,0.923
1714822604897,2024-05-04T14:36:44.897,58.710,0.177,0.219,0.966
1714822604907,2024-05-04T14:36:44.907,58.720,0.229,0.193,0.987
1714822604917,2024-05-04T14:36:44.917,58.730,0.223,0.174,0.984
1714822604927,2024-05-04T14:36:44.927,58.740,0.173,0.175,0.945
1714822604937,2024-05-04T14:36:44.937,58.750,0.138,0.201,0.902
1714822604947,2024-05-04T14:36:44.947,58.760,0.117,0.229,0.889
1714822604957,2024-05-04T14:36:44.957,58.770,0.097,0.233,0.917
1714822604967,2024-05-04T14:36:44.967,58.780,0.079,0.210,0.958
1714822604977,2024-05-04T14:36:44.977,58.790,0.085,0.174,1.007
1714822604987,2024-05-04T14:36:44.987,58.800,0.166,0.151,1.046
1714822604997,2024-05-04T14:36:44.997,58.810,0.244,0.147,1.063
1714822605007,2024-05-04T14:36:45.007,58.820,0.253,0.165,1.031
1714822605017,2024-05-04T14:36:45.017,58.830,0.222,0.208,0.999
1714822605027,2024-05-04T14:36:45.027,58.840,0.192,0.239,0.995
1714822605037,2024-05-04T14:36:45.037,58.850,0.152,0.227,0.988
1714822605047,2024-05-04T14:36:45.047,58.860,0.111,0.183,0.994
1714822605057,2024-05-04T14:36:45.057,58.870,0.135,0.155,1.020
1714822605067,2024-05-04T14:36:45.067,58.880,0.165,0.146,1.027
1714822605077,2024-05-04T14:36:45.077,58.890,0.174,0.153,1.021
1714822605087,2024-05-04T14:36:45.087,58.900,0.166,0.168,1.005
1714822605097,2024-05-04T14:36:45.097,58.910,0.129,0.188,0.999
1714822605107,2024-05-04T14:36:45.107,58.920,0.096,0.194,0.997
1714822605117,2024-05-04T14:36:45.117,58.930,0.062,0.176,0.992
1714822605127,2024-05-04T14:36:45.127,58.940,0.066,0.160,1.014
1714822605137,2024-05-04T14:36:45.137,58.950,0.125,0.151,1.043
1714822605147,2024-05-04T14:36:45.147,58.960,0.176,0.138,1.048
1714822605157,2024-05-04T14:36:45.157,58.970,0.188,0.129,1.040
1714822605167,2024-05-04T14:36:45.167,58.980,0.179,0.144,1.017
1714822605177,2024-05-04T14:36:45.177,58.990,0.147,0.172,0.999
1714822605187,2024-05-04T14:36:45.187,59.000,0.114,0.193,0.998
1714822605197,2024-05-04T14:36:45.197,59.010,0.072,0.178,1.016
1714822605207,2024-05-04T14:36:45.207,59.020,0.016,0.146,1.008
1714822605217,2024-05-04T14:36:45.217,59.030,0.009,0.136,1.004
1714822605227,2024-05-04T14:36:45.227,59.040,0.073,0.151,1.016
1714822605237,2024-05-04T14:36:45.237,59.050,0.138,0.163,1.020
1714822605247,2024-05-04T14:36:45.247,59.060,0.162,0.165,1.006
1714822605257,2024-05-04T14:36:45.257,59.070,0.137,0.189,0.999
1714822605267,2024-05-04T14:36:45.267,59.080,0.130,0.208,0.994
1714822605277,2024-05-04T14:36:45.277,59.090,0.145,0.194,0.990
1714822605287,2024-05-04T14:36:45.287,59.100,0.137,0.159,0.984
1714822605297,2024-05-04T14:36:45.297,59.110,0.144,0.137,0.997
1714822605307,2024-05-04T14:36:45.307,59.120,0.188,0.152,1.031
1714822605317,2024-05-04T14:36:45.317,59.130,0.247,0.169,1.068
1714822605327,2024-05-04T14:36:45.327,59.140,0.261,0.166,1.083
1714822605337,2024-05-04T14:36:45.337,59.150,0.249,0.169,1.081
1714822605347,2024-05-04T14:36:45.347,59.160,0.275,0.185,1.071
1714822605357,2024-05-04T14:36:45.357,59.170,0.332,0.201,1.087
1714822605367,2024-05-04T14:36:45.367,59.180,0.413,0.195,1.130
1714822605377,2024-05-04T14:36:45.377,59.190,0.470,0.175,1.169
1714822605387,2024-05-04T14:36:45.387,59.200,0.521,0.158,1.195
1714822605397,2024-05-04T14:36:45.397,59.210,0.609,0.165,1.188
1714822605407,2024-05-04T14:36:45.407,59.220,0.749,0.211,1.130
1714822605417,2024-05-04T14:36:45.417,59.230,0.989,0.243,1.113
1714822605427,2024-05-04T14:36:45.427,59.240,1.287,0.236,1.090
1714822605437,2024-05-04T14:36:45.437,59.250,1.406,0.159,1.022
1714822605447,2024-05-04T14:36:45.447,59.260,1.284,0.033,0.882
1714822605457,2024-05-04T14:36:45.457,59.270,1.050,-0.061,0.663
1714822605467,2024-05-04T14:36:45.467,59.280,0.749,-0.094,0.423
1714822605477,2024-05-04T14:36:45.477,59.290,0.387,-0.111,0.238
1714822605487,2024-05-04T14:36:45.487,59.300,-0.116,-0.138,0.173
1714822605497,2024-05-04T14:36:45.497,59.310,-0.575,-0.112,0.177
1714822605507,2024-05-04T14:36:45.507,59.320,-0.859,-0.132,0.212
1714822605517,2024-05-04T14:36:45.517,59.330,-0.929,-0.175,-0.307
1714822605527,2024-05-04T14:36:45.527,59.340,-0.422,-0.248,0.420
1714822605537,2024-05-04T14:36:45.537,59.350,-1.818,0.122,-0.169
1714822605547,2024-05-04T14:36:45.547,59.360,-2.625,0.218,-0.246
1714822605557,2024-05-04T14:36:45.557,59.370,-2.324,0.124,-0.151
1714822605567,2024-05-04T14:36:45.567,59.380,-1.746,0.103,-0.040
1714822605577,2024-05-04T14:36:45.577,59.390,-1.338,0.020,0.119
1714822605587,2024-05-04T14:36:45.587,59.400,-1.054,-0.047,0.222
1714822605597,2024-05-04T14:36:45.597,59.410,-1.017,0.045,0.131
1714822605607,2024-05-04T14:36:45.607,59.420,-1.091,0.093,0.073
1714822605617,2024-05-04T14:36:45.617,59.430,-1.128,0.063,0.039
1714822605627,2024-05-04T14:36:45.627,59.440,-1.062,0.046,-0.027
1714822605637,2024-05-04T14:36:45.637,59.450,-0.963,0.068,-0.115
1714822605647,2024-05-04T14:36:45.647,59.460,-0.993,0.069,-0.256
1714822605657,2024-05-04T14:36:45.657,59.470,-1.110,0.063,-0.441
1714822605667,2024-05-04T14:36:45.667,59.480,-1.179,0.059,-0.559
1714822605677,2024-05-04T14:36:45.677,59.490,-1.227,0.033,-0.605
1714822605687,2024-05-04T14:36:45.687,59.500,-1.288,0.028,-0.605
1714822605697,2024-05-04T14:36:45.697,59.510,-1.298,0.039,-0.556
1714822605707,2024-05-04T14:36:45.707,59.520,-1.242,0.051,-0.479
1714822605717,2024-05-04T14:36:45.717,59.530,-1.184,0.071,-0.418
1714822605727,2024-05-04T14:36:45.727,59.540,-1.158,0.089,-0.372
1714822605737,2024-05-04T14:36:45.737,59.550,-1.123,0.115,-0.341
1714822605747,2024-05-04T14:36:45.747,59.560,-1.077,0.147,-0.294
1714822605757,2024-05-04T14:36:45.757,59.570,-1.037,0.163,-0.256
1714822605767,2024-05-04T14:36:45.767,59.580,-1.035,0.161,-0.201
1714822605777,2024-05-04T14:36:45.777,59.590,-1.045,0.154,-0.126
1714822605787,2024-05-04T14:36:45.787,59.600,-1.019,0.153,-0.021
1714822605797,2024-05-04T14:36:45.797,59.610,-0.973,0.144,0.086
1714822605807,2024-05-04T14:36:45.807,59.620,-0.948,0.138,0.155
1714822605817,2024-05-04T14:36:45.817,59.630,-0.956,0.143,0.193
1714822605827,2024-05-04T14:36:45.827,59.640,-0.975,0.161,0.227
1714822605837,2024-05-04T14:36:45.837,59.650,-0.942,0.183,0.260
1714822605847,2024-05-04T14:36:45.847,59.660,-0.912,0.187,0.292
1714822605857,2024-05-04T14:36:45.857,59.670,-0.944,0.182,0.318
1714822605867,2024-05-04T14:36:45.867,59.680,-0.949,0.182,0.356
1714822605877,2024-05-04T14:36:45.877,59.690,-0.911,0.177,0.384
1714822605887,2024-05-04T14:36:45.887,59.700,-0.885,0.164,0.410
1714822605897,2024-05-04T14:36:45.897,59.710,-0.893,0.164,0.467
1714822605907,2024-05-04T14:36:45.907,59.720,-0.837,0.169,0.554
1714822605917,2024-05-04T14:36:45.917,59.730,-0.735,0.167,0.588
1714822605927,2024-05-04T14:36:45.927,59.740,-0.626,0.185,0.623
1714822605937,2024-05-04T14:36:45.937,59.750,-0.582,0.226,0.652
1714822605947,2024-05-04T14:36:45.947,59.760,-0.570,0.234,0.654
1714822605957,2024-05-04T14:36:45.957,59.770,-0.587,0.227,0.654
1714822605967,2024-05-04T14:36:45.967,59.780,-0.621,0.225,0.708
1714822605977,2024-05-04T14:36:45.977,59.790,-0.587,0.210,0.798
1714822605987,2024-05-04T14:36:45.987,59.800,-0.436,0.200,0.880
1714822605997,2024-05-04T14:36:45.997,59.810,-0.285,0.218,0.916
1714822606007,2024-05-04T14:36:46.007,59.820,-0.262,0.244,0.898
1714822606017,2024-05-04T14:36:46.017,59.830,-0.299,0.276,0.876
1714822606027,2024-05-04T14:36:46.027,59.840,-0.345,0.295,0.847
1714822606037,2024-05-04T14:36:46.037,59.850,-0.378,0.281,0.819
1714822606047,2024-05-04T14:36:46.047,59.860,-0.351,0.271,0.820
1714822606057,2024-05-04T14:36:46.057,59.870,-0.298,0.260,0.846
1714822606067,2024-05-04T14:36:46.067,59.880,-0.258,0.235,0.885
1714822606077,2024-05-04T14:36:46.077,59.890,-0.206,0.212,0.933
1714822606087,2024-05-04T14:36:46.087,59.900,-0.166,0.196,0.946
1714822606097,2024-05-04T14:36:46.097,59.910,-0.146,0.194,0.917
1714822606107,2024-05-04T14:36:46.107,59.920,-0.095,0.210,0.861
1714822606117,2024-05-04T14:36:46.117,59.930,-0.070,0.242,0.820
1714822606127,2024-05-04T14:36:46.127,59.940,-0.110,0.240,0.818
1714822606137,2024-05-04T14:36:46.137,59.950,-0.160,0.206,0.838
1714822606147,2024-05-04T14:36:46.147,59.960,-0.146,0.186,0.918
1714822606157,2024-05-04T14:36:46.157,59.970,-0.033,0.163,0.986
1714822606167,2024-05-04T14:36:46.167,59.980,0.072,0.161,1.005
1714822606177,2024-05-04T14:36:46.177,59.990,0.109,0.193,0.998
1714822606187,2024-05-04T14:36:46.187,60.000,0.112,0.239,0.971
1714822606197,2024-05-04T14:36:46.197,60.010,0.098,0.267,0.949
1714822606207,2024-05-04T14:36:46.207,60.020,0.089,0.263,0.938
1714822606217,2024-05-04T14:36:46.217,60.030,0.063,0.226,0.958
1714822606227,2024-05-04T14:36:46.227,60.040,0.053,0.194,0.997
1714822606237,2024-05-04T14:36:46.237,60.050,0.071,0.184,1.022
1714822606247,2024-05-04T14:36:46.247,60.060,0.068,0.195,1.024
1714822606257,2024-05-04T14:36:46.257,60.070,0.056,0.220,0.997
1714822606267,2024-05-04T14:36:46.267,60.080,0.064,0.247,0.980
1714822606277,2024-05-04T14:36:46.277,60.090,0.094,0.269,0.983
1714822606287,2024-05-04T14:36:46.287,60.100,0.154,0.258,0.987
1714822606297,2024-05-04T14:36:46.297,60.110,0.196,0.225,1.005
1714822606307,2024-05-04T14:36:46.307,60.120,0.216,0.199,1.028
1714822606317,2024-05-04T14:36:46.317,60.130,0.229,0.184,1.048
1714822606327,2024-05-04T14:36:46.327,60.140,0.230,0.187,1.048
1714822606337,2024-05-04T14:36:46.337,60.150,0.204,0.201,1.029
1714822606347,2024-05-04T14:36:46.347,60.160,0.132,0.219,1.005
1714822606357,2024-05-04T14:36:46.357,60.170,0.060,0.216,0.989
1714822606367,2024-05-04T14:36:46.367,60.180,0.013,0.187,0.983
1714822606377,2024-05-04T14:36:46.377,60.190,0.006,0.149,1.006
1714822606387,2024-05-04T14:36:46.387,60.200,0.069,0.140,1.037
1714822606397,2024-05-04T14:36:46.397,60.210,0.158,0.151,1.063
1714822606407,2024-05-04T14:36:46.407,60.220,0.240,0.177,1.066
1714822606417,2024-05-04T14:36:46.417,60.230,0.264,0.202,1.036
1714822606427,2024-05-04T14:36:46.427,60.240,0.236,0.223,1.013
1714822606437,2024-05-04T14:36:46.437,60.250,0.228,0.222,1.006
1714822606447,2024-05-04T14:36:46.447,60.260,0.213,0.200,0.990
1714822606457,2024-05-04T14:36:46.457,60.270,0.168,0.185,0.976
1714822606467,2024-05-04T14:36:46.467,60.280,0.100,0.186,0.982
1714822606477,2024-05-04T14:36:46.477,60.290,0.052,0.192,0.985
1714822606487,2024-05-04T14:36:46.487,60.300,0.075,0.192,0.991
1714822606497,2024-05-04T14:36:46.497,60.310,0.131,0.196,0.990
1714822606507,2024-05-04T14:36:46.507,60.320,0.158,0.201,0.968
1714822606517,2024-05-04T14:36:46.517,60.330,0.167,0.207,0.954
1714822606527,2024-05-04T14:36:46.527,60.340,0.192,0.207,0.963
1714822606537,2024-05-04T14:36:46.537,60.350,0.208,0.202,0.968
1714822606547,2024-05-04T14:36:46.547,60.360,0.201,0.193,0.977
1714822606557,2024-05-04T14:36:46.557,60.370,0.189,0.181,0.995
1714822606567,2024-05-04T14:36:46.567,60.380,0.192,0.172,1.001
1714822606577,2024-05-04T14:36:46.577,60.390,0.178,0.180,0.987
1714822606587,2024-05-04T14:36:46.587,60.400,0.148,0.203,0.970
1714822606597,2024-05-04T14:36:46.597,60.410,0.143,0.217,0.971
1714822606607,2024-05-04T14:36:46.607,60.420,0.133,0.199,0.966
1714822606617,2024-05-04T14:36:46.617,60.430,0.117,0.184,0.971
1714822606627,2024-05-04T14:36:46.627,60.440,0.133,0.182,0.986
1714822606637,2024-05-04T14:36:46.637,60.450,0.181,0.177,1.008
1714822606647,2024-05-04T14:36:46.647,60.460,0.226,0.169,1.008
1714822606657,2024-05-04T14:36:46.657,60.470,0.242,0.166,0.995
1714822606667,2024-05-04T14:36:46.667,60.480,0.250,0.170,0.990
1714822606677,2024-05-04T14:36:46.677,60.490,0.267,0.188,0.999
1714822606687,2024-05-04T14:36:46.687,60.500,0.311,0.191,1.024
1714822606697,2024-05-04T14:36:46.697,60.510,0.371,0.190,1.070
1714822606707,2024-05-04T14:36:46.707,60.520,0.422,0.183,1.104
1714822606717,2024-05-04T14:36:46.717,60.530,0.514,0.191,1.170
1714822606727,2024-05-04T14:36:46.727,60.540,0.600,0.195,1.243
1714822606737,2024-05-04T14:36:46.737,60.550,0.690,0.172,1.258
1714822606747,2024-05-04T14:36:46.747,60.560,0.763,0.132,1.215
1714822606757,2024-05-04T14:36:46.757,60.570,0.782,0.099,1.161
1714822606767,2024-05-04T14:36:46.767,60.580,0.727,0.083,1.097
1714822606777,2024-05-04T14:36:46.777,60.590,0.617,0.073,1.014
1714822606787,2024-05-04T14:36:46.787,60.600,0.554,0.068,0.958
1714822606797,2024-05-04T14:36:46.797,60.610,0.537,0.083,0.903
1714822606807,2024-05-04T14:36:46.807,60.620,0.510,0.121,0.877
1714822606817,2024-05-04T14:36:46.817,60.630,0.516,0.151,0.843
1714822606827,2024-05-04T14:36:46.827,60.640,0.534,0.177,0.726
1714822606837,2024-05-04T14:36:46.837,60.650,0.454,0.094,0.442
1714822606847,2024-05-04T14:36:46.847,60.660,0.576,0.018,0.598
1714822606857,2024-05-04T14:36:46.857,60.670,-0.319,-0.113,0.231
1714822606867,2024-05-04T14:36:46.867,60.680,-1.021,-0.172,0.095
1714822606877,2024-05-04T14:36:46.877,60.690,-1.196,-0.160,0.018
1714822606887,2024-05-04T14:36:46.887,60.700,-1.213,-0.134,-0.036
1714822606897,2024-05-04T14:36:46.897,60.710,-1.328,-0.076,-0.112
1714822606907,2024-05-04T14:36:46.907,60.720,-1.524,-0.008,-0.224
1714822606917,2024-05-04T14:36:46.917,60.730,-1.622,0.077,-0.235
1714822606927,2024-05-04T14:36:46.927,60.740,-1.510,0.208,-0.209
1714822606937,2024-05-04T14:36:46.937,60.750,-1.477,0.294,-0.306
1714822606947,2024-05-04T14:36:46.947,60.760,-1.568,0.284,-0.344
1714822606957,2024-05-04T14:36:46.957,60.770,-1.501,0.200,-0.170
1714822606967,2024-05-04T14:36:46.967,60.780,-1.241,0.020,0.057
1714822606977,2024-05-04T14:36:46.977,60.790,-1.250,-0.063,0.090
1714822606987,2024-05-04T14:36:46.987,60.800,-1.229,0.000,0.118
1714822606997,2024-05-04T14:36:46.997,60.810,-0.936,0.102,0.113
1714822607007,2024-05-04T14:36:47.007,60.820,-0.727,0.101,0.053
1714822607017,2024-05-04T14:36:47.017,60.830,-0.901,0.067,-0.113
1714822607027,2024-05-04T14:36:47.027,60.840,-1.227,0.113,-0.321
1714822607037,2024-05-04T14:36:47.037,60.850,-1.383,0.142,-0.484
1714822607047,2024-05-04T14:36:47.047,60.860,-1.359,0.104,-0.541
1714822607057,2024-05-04T14:36:47.057,60.870,-1.305,0.068,-0.516
1714822607067,2024-05-04T14:36:47.067,60.880,-1.257,0.063,-0.510
1714822607077,2024-05-04T14:36:47.077,60.890,-1.194,0.072,-0.499
1714822607087,2024-05-04T14:36:47.087,60.900,-1.148,0.085,-0.481
1714822607097,2024-05-04T14:36:47.097,60.910,-1.146,0.094,-0.416
1714822607107,2024-05-04T14:36:47.107,60.920,-1.128,0.110,-0.323
1714822607117,2024-05-04T14:36:47.117,60.930,-1.106,0.119,-0.284
1714822607127,2024-05-04T14:36:47.127,60.940,-1.090,0.114,-0.279
1714822607137,2024-05-04T14:36:47.137,60.950,-1.090,0.126,-0.261
1714822607147,2024-05-04T14:36:47.147,60.960,-1.104,0.137,-0.212
1714822607157,2024-05-04T14:36:47.157,60.970,-1.110,0.131,-0.172
1714822607167,2024-05-04T14:36:47.167,60.980,-1.097,0.129,-0.088
1714822607177,2024-05-04T14:36:47.177,60.990,-1.045,0.140,0.025
1714822607187,2024-05-04T14:36:47.187,61.000,-0.986,0.141,0.150
1714822607197,2024-05-04T14:36:47.197,61.010,-0.939,0.146,0.248
1714822607207,2024-05-04T14:36:47.207,61.020,-0.961,0.150,0.298
1714822607217,2024-05-04T14:36:47.217,61.030,-0.945,0.138,0.340
1714822607227,2024-05-04T14:36:47.227,61.040,-0.851,0.144,0.336
1714822607237,2024-05-04T14:36:47.237,61.050,-0.777,0.165,0.382
1714822607247,2024-05-04T14:36:47.247,61.060,-0.713,0.175,0.498
1714822607257,2024-05-04T14:36:47.257,61.070,-0.645,0.169,0.616
1714822607267,2024-05-04T14:36:47.267,61.080,-0.606,0.157,0.727
1714822607277,2024-05-04T14:36:47.277,61.090,-0.570,0.153,0.784
1714822607287,2024-05-04T14:36:47.287,61.100,-0.554,0.151,0.765
1714822607297,2024-05-04T14:36:47.297,61.110,-0.555,0.157,0.721
1714822607307,2024-05-04T14:36:47.307,61.120,-0.497,0.162,0.707
1714822607317,2024-05-04T14:36:47.317,61.130,-0.416,0.177,0.724
1714822607327,2024-05-04T14:36:47.327,61.140,-0.320,0.191,0.779
1714822607337,2024-05-04T14:36:47.337,61.150,-0.259,0.184,0.853
1714822607347,2024-05-04T14:36:47.347,61.160,-0.185,0.168,0.934
1714822607357,2024-05-04T14:36:47.357,61.170,-0.050,0.174,1.024
1714822607367,2024-05-04T14:36:47.367,61.180,0.138,0.206,1.082
1714822607377,2024-05-04T14:36:47.377,61.190,0.314,0.225,1.076
1714822607387,2024-05-04T14:36:47.387,61.200,0.333,0.233,1.033
1714822607397,2024-05-04T14:36:47.397,61.210,0.154,0.244,0.984
1714822607407,2024-05-04T14:36:47.407,61.220,-0.031,0.249,0.915
1714822607417,2024-05-04T14:36:47.417,61.230,-0.056,0.213,0.894
1714822607427,2024-05-04T14:36:47.427,61.240,0.059,0.170,0.923
1714822607437,2024-05-04T14:36:47.437,61.250,0.264,0.151,0.973
1714822607447,2024-05-04T14:36:47.447,61.260,0.488,0.158,0.976
1714822607457,2024-05-04T14:36:47.457,61.270,0.583,0.181,0.981
1714822607467,2024-05-04T14:36:47.467,61.280,0.507,0.217,0.975
1714822607477,2024-05-04T14:36:47.477,61.290,0.314,0.242,0.942
1714822607487,2024-05-04T14:36:47.487,61.300,0.119,0.257,0.935
1714822607497,2024-05-04T14:36:47.497,61.310,0.030,0.246,0.939
1714822607507,2024-05-04T14:36:47.507,61.320,0.044,0.215,0.942
1714822607517,2024-05-04T14:36:47.517,61.330,0.145,0.192,0.965
1714822607527,2024-05-04T14:36:47.527,61.340,0.280,0.180,0.981
1714822607537,2024-05-04T14:36:47.537,61.350,0.341,0.159,0.984
1714822607547,2024-05-04T14:36:47.547,61.360,0.332,0.168,0.967
1714822607557,2024-05-04T14:36:47.557,61.370,0.298,0.207,0.970
1714822607567,2024-05-04T14:36:47.567,61.380,0.279,0.231,0.984
1714822607577,2024-05-04T14:36:47.577,61.390,0.240,0.230,0.989
1714822607587,2024-05-04T14:36:47.587,61.400,0.184,0.213,0.992
1714822607597,2024-05-04T14:36:47.597,61.410,0.157,0.194,0.988
1714822607607,2024-05-04T14:36:47.607,61.420,0.200,0.182,0.988
1714822607617,2024-05-04T14:36:47.617,61.430,0.264,0.178,0.992
1714822607627,2024-05-04T14:36:47.627,61.440,0.257,0.179,0.993
1714822607637,2024-05-04T14:36:47.637,61.450,0.199,0.188,0.973
1714822607647,2024-05-04T14:36:47.647,61.460,0.162,0.200,0.958
1714822607657,2024-05-04T14:36:47.657,61.470,0.156,0.207,0.963
1714822607667,2024-05-04T14:36:47.667,61.480,0.154,0.204,0.979
1714822607677,2024-05-04T14:36:47.677,61.490,0.151,0.186,1.001
1714822607687,2024-05-04T14:36:47.687,61.500,0.162,0.174,1.021
1714822607697,2024-05-04T14:36:47.697,61.510,0.189,0.170,1.021
1714822607707,2024-05-04T14:36:47.707,61.520,0.193,0.178,1.007
1714822607717,2024-05-04T14:36:47.717,61.530,0.162,0.191,0.977
1714822607727,2024-05-04T14:36:47.727,61.540,0.117,0.208,0.958
1714822607737,2024-05-04T14:36:47.737,61.550,0.091,0.207,0.969
1714822607747,2024-05-04T14:36:47.747,61.560,0.077,0.185,0.987
1714822607757,2024-05-04T14:36:47.757,61.570,0.092,0.168,1.001
1714822607767,2024-05-04T14:36:47.767,61.580,0.124,0.165,1.014
1714822607777,2024-05-04T14:36:47.777,61.590,0.138,0.167,1.007
1714822607787,2024-05-04T14:36:47.787,61.600,0.141,0.172,0.988
1714822607797,2024-05-04T14:36:47.797,61.610,0.139,0.181,0.975
1714822607807,2024-05-04T14:36:47.807,61.620,0.139,0.187,0.973
1714822607817,2024-05-04T14:36:47.817,61.630,0.128,0.194,0.968
1714822607827,2024-05-04T14:36:47.827,61.640,0.113,0.188,0.977
1714822607837,2024-05-04T14:36:47.837,61.650,0.130,0.177,1.001
1714822607847,2024-05-04T14:36:47.847,61.660,0.148,0.167,1.017
1714822607857,2024-05-04T14:36:47.857,61.670,0.144,0.162,1.010
1714822607867,2024-05-04T14:36:47.867,61.680,0.132,0.167,0.991
1714822607877,2024-05-04T14:36:47.877,61.690,0.122,0.173,0.972
1714822607887,2024-05-04T14:36:47.887,61.700,0.117,0.191,0.961
1714822607897,2024-05-04T14:36:47.897,61.710,0.107,0.208,0.967
1714822607907,2024-05-04T14:36:47.907,61.720,0.094,0.203,0.972
1714822607917,2024-05-04T14:36:47.917,61.730,0.088,0.179,0.987
1714822607927,2024-05-04T14:36:47.927,61.740,0.116,0.167,1.014
1714822607937,2024-05-04T14:36:47.937,61.750,0.171,0.165,1.038
1714822607947,2024-05-04T14:36:47.947,61.760,0.185,0.167,1.044
1714822607957,2024-05-04T14:36:47.957,61.770,0.200,0.171,1.030
1714822607967,2024-05-04T14:36:47.967,61.780,0.232,0.174,1.033
1714822607977,2024-05-04T14:36:47.977,61.790,0.278,0.189,1.061
1714822607987,2024-05-04T14:36:47.987,61.800,0.363,0.204,1.117
1714822607997,2024-05-04T14:36:47.997,61.810,0.524,0.210,1.202
1714822608007,2024-05-04T14:36:48.007,61.820,0.798,0.209,1.276
1714822608017,2024-05-04T14:36:48.017,61.830,1.053,0.211,1.311
1714822608027,2024-05-04T14:36:48.027,61.840,1.012,0.199,1.240
1714822608037,2024-05-04T14:36:48.037,61.850,0.861,0.220,1.100
1714822608047,2024-05-04T14:36:48.047,61.860,0.755,0.262,1.017
1714822608057,2024-05-04T14:36:48.057,61.870,0.766,0.260,1.061
1714822608067,2024-05-04T14:36:48.067,61.880,0.924,0.180,1.146
1714822608077,2024-05-04T14:36:48.077,61.890,1.063,0.056,1.188
1714822608087,2024-05-04T14:36:48.087,61.900,1.084,-0.017,1.101
1714822608097,2024-05-04T14:36:48.097,61.910,0.987,-0.072,0.861
1714822608107,2024-05-04T14:36:48.107,61.920,0.673,-0.183,0.623
1714822608117,2024-05-04T14:36:48.117,61.930,0.334,-0.355,0.176
1714822608127,2024-05-04T14:36:48.127,61.940,0.308,-0.378,0.256
1714822608137,2024-05-04T14:36:48.137,61.950,-0.877,-0.461,-0.240
1714822608147,2024-05-04T14:36:48.147,61.960,-1.642,-0.448,-0.432
1714822608157,2024-05-04T14:36:48.157,61.970,-1.630,-0.400,-0.481
1714822608167,2024-05-04T14:36:48.167,61.980,-1.477,-0.333,-0.568
1714822608177,2024-05-04T14:36:48.177,61.990,-1.423,-0.212,-0.709
1714822608187,2024-05-04T14:36:48.187,62.000,-1.550,-0.085,-0.813
1714822608197,2024-05-04T14:36:48.197,62.010,-1.864,0.081,-0.947
1714822608207,2024-05-04T14:36:48.207,62.020,-2.021,0.276,-1.033
1714822608217,2024-05-04T14:36:48.217,62.030,-1.740,0.436,-0.913
1714822608227,2024-05-04T14:36:48.227,62.040,-1.400,0.354,-0.637
1714822608237,2024-05-04T14:36:48.237,62.050,-1.264,0.036,-0.236
1714822608247,2024-05-04T14:36:48.247,62.060,-1.142,-0.226,-0.008
1714822608257,2024-05-04T14:36:48.257,62.070,-1.106,-0.142,0.110
1714822608267,2024-05-04T14:36:48.267,62.080,-0.950,0.081,0.139
1714822608277,2024-05-04T14:36:48.277,62.090,-0.617,0.092,0.121
1714822608287,2024-05-04T14:36:48.287,62.100,-0.698,0.032,0.011
1714822608297,2024-05-04T14:36:48.297,62.110,-1.179,0.039,-0.216
1714822608307,2024-05-04T14:36:48.307,62.120,-1.453,0.158,-0.402
1714822608317,2024-05-04T14:36:48.317,62.130,-1.412,0.162,-0.500
1714822608327,2024-05-04T14:36:48.327,62.140,-1.352,0.056,-0.506
1714822608337,2024-05-04T14:36:48.337,62.150,-1.371,0.023,-0.444
1714822608347,2024-05-04T14:36:48.347,62.160,-1.340,0.034,-0.399
1714822608357,2024-05-04T14:36:48.357,62.170,-1.285,0.007,-0.396
1714822608367,2024-05-04T14:36:48.367,62.180,-1.246,0.025,-0.382
1714822608377,2024-05-04T14:36:48.377,62.190,-1.188,0.042,-0.344
1714822608387,2024-05-04T14:36:48.387,62.200,-1.155,0.035,-0.306
1714822608397,2024-05-04T14:36:48.397,62.210,-1.144,0.050,-0.246
1714822608407,2024-05-04T14:36:48.407,62.220,-1.114,0.082,-0.113
1714822608417,2024-05-04T14:36:48.417,62.230,-1.024,0.093,0.064
1714822608427,2024-05-04T14:36:48.427,62.240,-0.928,0.099,0.200
1714822608437,2024-05-04T14:36:48.437,62.250,-0.919,0.117,0.270
1714822608447,2024-05-04T14:36:48.447,62.260,-0.925,0.132,0.307
1714822608457,2024-05-04T14:36:48.457,62.270,-0.904,0.143,0.324
1714822608467,2024-05-04T14:36:48.467,62.280,-0.867,0.146,0.363
1714822608477,2024-05-04T14:36:48.477,62.290,-0.840,0.141,0.413
1714822608487,2024-05-04T14:36:48.487,62.300,-0.833,0.121,0.485
1714822608497,2024-05-04T14:36:48.497,62.310,-0.787,0.118,0.630
1714822608507,2024-05-04T14:36:48.507,62.320,-0.713,0.112,0.740
1714822608517,2024-05-04T14:36:48.517,62.330,-0.686,0.088,0.786
1714822608527,2024-05-04T14:36:48.527,62.340,-0.661,0.094,0.802
1714822608537,2024-05-04T14:36:48.537,62.350,-0.591,0.127,0.793
1714822608547,2024-05-04T14:36:48.547,62.360,-0.533,0.164,0.746
1714822608557,2024-05-04T14:36:48.557,62.370,-0.525,0.196,0.692
1714822608567,2024-05-04T14:36:48.567,62.380,-0.499,0.222,0.660
1714822608577,2024-05-04T14:36:48.577,62.390,-0.445,0.228,0.732
1714822608587,2024-05-04T14:36:48.587,62.400,-0.328,0.203,0.868
1714822608597,2024-05-04T14:36:48.597,62.410,-0.227,0.142,0.963
1714822608607,2024-05-04T14:36:48.607,62.420,-0.208,0.121,0.995
1714822608617,2024-05-04T14:36:48.617,62.430,-0.218,0.167,0.986
1714822608627,2024-05-04T14:36:48.627,62.440,-0.188,0.217,0.949
1714822608637,2024-05-04T14:36:48.637,62.450,-0.161,0.267,0.853
1714822608647,2024-05-04T14:36:48.647,62.460,-0.139,0.310,0.776
1714822608657,2024-05-04T14:36:48.657,62.470,-0.090,0.312,0.796
1714822608667,2024-05-04T14:36:48.667,62.480,-0.032,0.271,0.893
1714822608677,2024-05-04T14:36:48.677,62.490,0.045,0.208,0.999
1714822608687,2024-05-04T14:36:48.687,62.500,0.086,0.158,1.033
1714822608697,2024-05-04T14:36:48.697,62.510,0.053,0.151,1.038
1714822608707,2024-05-04T14:36:48.707,62.520,0.022,0.195,1.002
1714822608717,2024-05-04T14:36:48.717,62.530,0.053,0.261,0.944
1714822608727,2024-05-04T14:36:48.727,62.540,0.045,0.292,0.923
1714822608737,2024-05-04T14:36:48.737,62.550,0.002,0.271,0.896
1714822608747,2024-05-04T14:36:48.747,62.560,0.035,0.228,0.872
1714822608757,2024-05-04T14:36:48.757,62.570,0.119,0.195,0.916
1714822608767,2024-05-04T14:36:48.767,62.580,0.172,0.180,0.996
1714822608777,2024-05-04T14:36:48.777,62.590,0.169,0.175,1.047
1714822608787,2024-05-04T14:36:48.787,62.600,0.168,0.185,1.044
1714822608797,2024-05-04T14:36:48.797,62.610,0.203,0.206,1.012
1714822608807,2024-05-04T14:36:48.807,62.620,0.208,0.230,0.984
1714822608817,2024-05-04T14:36:48.817,62.630,0.148,0.271,0.936
1714822608827,2024-05-04T14:36:48.827,62.640,0.074,0.284,0.917
1714822608837,2024-05-04T14:36:48.837,62.650,0.032,0.226,0.968
1714822608847,2024-05-04T14:36:48.847,62.660,0.064,0.157,1.013
1714822608857,2024-05-04T14:36:48.857,62.670,0.135,0.145,1.040
1714822608867,2024-05-04T14:36:48.867,62.680,0.171,0.182,1.038
1714822608877,2024-05-04T14:36:48.877,62.690,0.162,0.226,1.014
1714822608887,2024-05-04T14:36:48.887,62.700,0.116,0.245,0.991
1714822608897,2024-05-04T14:36:48.897,62.710,0.095,0.233,0.990
1714822608907,2024-05-04T14:36:48.907,62.720,0.082,0.218,0.990
1714822608917,2024-05-04T14:36:48.917,62.730,0.051,0.210,0.992
1714822608927,2024-05-04T14:36:48.927,62.740,0.056,0.198,0.994
1714822608937,2024-05-04T14:36:48.937,62.750,0.088,0.181,1.003
1714822608947,2024-05-04T14:36:48.947,62.760,0.104,0.167,1.006
1714822608957,2024-05-04T14:36:48.957,62.770,0.104,0.168,0.992
1714822608967,2024-05-04T14:36:48.967,62.780,0.084,0.191,0.979
1714822608977,2024-05-04T14:36:48.977,62.790,0.059,0.208,0.979
1714822608987,2024-05-04T14:36:48.987,62.800,0.030,0.198,0.978
1714822608997,2024-05-04T14:36:48.997,62.810,0.022,0.175,0.983
1714822609007,2024-05-04T14:36:49.007,62.820,0.053,0.162,1.007
1714822609017,2024-05-04T14:36:49.017,62.830,0.112,0.165,1.033
1714822609027,2024-05-04T14:36:49.027,62.840,0.139,0.176,1.041
1714822609037,2024-05-04T14:36:49.037,62.850,0.119,0.186,1.028
1714822609047,2024-05-04T14:36:49.047,62.860,0.090,0.197,1.016
1714822609057,2024-05-04T14:36:49.057,62.870,0.072,0.195,0.997
1714822609067,2024-05-04T14:36:49.067,62.880,0.035,0.181,0.985
1714822609077,2024-05-04T14:36:49.077,62.890,0.006,0.166,0.986
1714822609087,2024-05-04T14:36:49.087,62.900,0.024,0.157,0.998
1714822609097,2024-05-04T14:36:49.097,62.910,0.067,0.155,1.009
1714822609107,2024-05-04T14:36:49.107,62.920,0.104,0.163,1.025
1714822609117,2024-05-04T14:36:49.117,62.930,0.136,0.175,1.034
1714822609127,2024-05-04T14:36:49.127,62.940,0.153,0.190,1.045
1714822609137,2024-05-04T14:36:49.137,62.950,0.165,0.203,1.054
1714822609147,2024-05-04T14:36:49.147,62.960,0.179,0.208,1.072
1714822609157,2024-05-04T14:36:49.157,62.970,0.209,0.206,1.097
1714822609167,2024-05-04T14:36:49.167,62.980,0.248,0.201,1.116
1714822609177,2024-05-04T14:36:49.177,62.990,0.287,0.194,1.114
1714822609187,2024-05-04T14:36:49.187,63.000,0.352,0.199,1.103
1714822609197,2024-05-04T14:36:49.197,63.010,0.428,0.206,1.106
1714822609207,2024-05-04T14:36:49.207,63.020,0.497,0.207,1.121
1714822609217,2024-05-04T14:36:49.217,63.030,0.507,0.207,1.077
1714822609227,2024-05-04T14:36:49.227,63.040,0.431,0.171,1.025
1714822609237,2024-05-04T14:36:49.237,63.050,0.293,0.102,1.013
1714822609247,2024-05-04T14:36:49.247,63.060,0.178,0.039,1.033
1714822609257,2024-05-04T14:36:49.257,63.070,0.124,0.003,1.087
1714822609267,2024-05-04T14:36:49.267,63.080,0.198,0.003,1.107
1714822609277,2024-05-04T14:36:49.277,63.090,0.358,0.025,1.143
1714822609287,2024-05-04T14:36:49.287,63.100,0.487,0.086,1.184
1714822609297,2024-05-04T14:36:49.297,63.110,0.567,0.146,1.174
1714822609307,2024-05-04T14:36:49.307,63.120,0.610,0.117,1.122
1714822609317,2024-05-04T14:36:49.317,63.130,0.534,0.030,1.074
1714822609327,2024-05-04T14:36:49.327,63.140,0.391,-0.036,0.910
1714822609337,2024-05-04T14:36:49.337,63.150,0.254,-0.096,0.517
1714822609347,2024-05-04T14:36:49.347,63.160,0.290,-0.117,0.496
1714822609357,2024-05-04T14:36:49.357,63.170,-0.379,-0.232,0.160
1714822609367,2024-05-04T14:36:49.367,63.180,-1.035,-0.317,-0.041
1714822609377,2024-05-04T14:36:49.377,63.190,-1.236,-0.240,-0.136
1714822609387,2024-05-04T14:36:49.387,63.200,-1.353,-0.137,-0.185
1714822609397,2024-05-04T14:36:49.397,63.210,-1.523,0.000,-0.241
1714822609407,2024-05-04T14:36:49.407,63.220,-1.638,0.110,-0.262
1714822609417,2024-05-04T14:36:49.417,63.230,-1.690,0.149,-0.120
1714822609427,2024-05-04T14:36:49.427,63.240,-1.767,0.213,0.023
1714822609437,2024-05-04T14:36:49.437,63.250,-1.456,0.230,0.069
1714822609447,2024-05-04T14:36:49.447,63.260,-0.764,0.158,0.268
1714822609457,2024-05-04T14:36:49.457,63.270,-0.476,0.072,0.541
1714822609467,2024-05-04T14:36:49.467,63.280,-0.777,-0.074,0.564
1714822609477,2024-05-04T14:36:49.477,63.290,-1.293,-0.213,0.362
1714822609487,2024-05-04T14:36:49.487,63.300,-1.441,-0.034,0.099
1714822609497,2024-05-04T14:36:49.497,63.310,-1.256,0.149,-0.008
1714822609507,2024-05-04T14:36:49.507,63.320,-1.137,0.136,-0.038
1714822609517,2024-05-04T14:36:49.517,63.330,-1.199,0.075,-0.157
1714822609527,2024-05-04T14:36:49.527,63.340,-1.286,0.086,-0.326
1714822609537,2024-05-04T14:36:49.537,63.350,-1.265,0.079,-0.485
1714822609547,2024-05-04T14:36:49.547,63.360,-1.204,0.049,-0.600
1714822609557,2024-05-04T14:36:49.557,63.370,-1.181,0.015,-0.666
1714822609567,2024-05-04T14:36:49.567,63.380,-1.206,-0.028,-0.649
1714822609577,2024-05-04T14:36:49.577,63.390,-1.209,-0.049,-0.571
1714822609587,2024-05-04T14:36:49.587,63.400,-1.165,-0.025,-0.479
1714822609597,2024-05-04T14:36:49.597,63.410,-1.142,0.011,-0.430
1714822609607,2024-05-04T14:36:49.607,63.420,-1.145,0.052,-0.401
1714822609617,2024-05-04T14:36:49.617,63.430,-1.144,0.086,-0.349
1714822609627,2024-05-04T14:36:49.627,63.440,-1.119,0.119,-0.273
1714822609637,2024-05-04T14:36:49.637,63.450,-1.107,0.145,-0.244
1714822609647,2024-05-04T14:36:49.647,63.460,-1.110,0.152,-0.222
1714822609657,2024-05-04T14:36:49.657,63.470,-1.131,0.150,-0.131
1714822609667,2024-05-04T14:36:49.667,63.480,-1.068,0.142,0.017
1714822609677,2024-05-04T14:36:49.677,63.490,-0.966,0.125,0.157
1714822609687,2024-05-04T14:36:49.687,63.500,-0.889,0.125,0.270
1714822609697,2024-05-04T14:36:49.697,63.510,-0.878,0.143,0.302
1714822609707,2024-05-04T14:36:49.707,63.520,-0.945,0.126,0.251
1714822609717,2024-05-04T14:36:49.717,63.530,-1.061,0.131,0.224
1714822609727,2024-05-04T14:36:49.727,63.540,-1.074,0.148,0.297
1714822609737,2024-05-04T14:36:49.737,63.550,-0.978,0.148,0.478
1714822609747,2024-05-04T14:36:49.747,63.560,-0.875,0.124,0.636
1714822609757,2024-05-04T14:36:49.757,63.570,-0.828,0.111,0.673
1714822609767,2024-05-04T14:36:49.767,63.580,-0.757,0.169,0.621
1714822609777,2024-05-04T14:36:49.777,63.590,-0.708,0.238,0.530
1714822609787,2024-05-04T14:36:49.787,63.600,-0.744,0.231,0.438
1714822609797,2024-05-04T14:36:49.797,63.610,-0.805,0.180,0.445
1714822609807,2024-05-04T14:36:49.807,63.620,-0.836,0.155,0.530
1714822609817,2024-05-04T14:36:49.817,63.630,-0.757,0.144,0.682
1714822609827,2024-05-04T14:36:49.827,63.640,-0.556,0.143,0.891
1714822609837,2024-05-04T14:36:49.837,63.650,-0.357,0.170,1.004
1714822609847,2024-05-04T14:36:49.847,63.660,-0.265,0.215,0.979
1714822609857,2024-05-04T14:36:49.857,63.670,-0.271,0.277,0.881
1714822609867,2024-05-04T14:36:49.867,63.680,-0.337,0.326,0.770
1714822609877,2024-05-04T14:36:49.877,63.690,-0.428,0.296,0.660
1714822609887,2024-05-04T14:36:49.887,63.700,-0.472,0.192,0.642
1714822609897,2024-05-04T14:36:49.897,63.710,-0.386,0.057,0.698
1714822609907,2024-05-04T14:36:49.907,63.720,-0.263,0.057,0.802
1714822609917,2024-05-04T14:36:49.917,63.730,-0.030,0.118,0.909
1714822609927,2024-05-04T14:36:49.927,63.740,0.194,0.144,1.045
1714822609937,2024-05-04T14:36:49.937,63.750,0.153,0.212,1.075
1714822609947,2024-05-04T14:36:49.947,63.760,-0.042,0.218,1.009
1714822609957,2024-05-04T14:36:49.957,63.770,-0.131,0.206,0.918
1714822609967,2024-05-04T14:36:49.967,63.780,-0.104,0.193,0.889
1714822609977,2024-05-04T14:36:49.977,63.790,-0.080,0.178,0.906
1714822609987,2024-05-04T14:36:49.987,63.800,-0.025,0.174,0.957
1714822609997,2024-05-04T14:36:49.997,63.810,0.083,0.182,1.037
1714822610007,2024-05-04T14:36:50.007,63.820,0.184,0.179,1.072
1714822610017,2024-05-04T14:36:50.017,63.830,0.226,0.174,1.056
1714822610027,2024-05-04T14:36:50.027,63.840,0.229,0.205,1.025
1714822610037,2024-05-04T14:36:50.037,63.850,0.202,0.242,0.995
1714822610047,2024-05-04T14:36:50.047,63.860,0.147,0.223,0.965
1714822610057,2024-05-04T14:36:50.057,63.870,0.139,0.173,0.959
1714822610067,2024-05-04T14:36:50.067,63.880,0.192,0.140,0.964
1714822610077,2024-05-04T14:36:50.077,63.890,0.204,0.140,0.944
1714822610087,2024-05-04T14:36:50.087,63.900,0.185,0.161,0.941
1714822610097,2024-05-04T14:36:50.097,63.910,0.186,0.175,0.946
1714822610107,2024-05-04T14:36:50.107,63.920,0.193,0.176,0.942
1714822610117,2024-05-04T14:36:50.117,63.930,0.208,0.188,0.953
1714822610127,2024-05-04T14:36:50.127,63.940,0.205,0.216,0.998
1714822610137,2024-05-04T14:36:50.137,63.950,0.159,0.225,1.023
1714822610147,2024-05-04T14:36:50.147,63.960,0.115,0.181,1.040
1714822610157,2024-05-04T14:36:50.157,63.970,0.159,0.139,1.054
1714822610167,2024-05-04T14:36:50.167,63.980,0.207,0.128,1.032
1714822610177,2024-05-04T14:36:50.177,63.990,0.217,0.144,0.995
1714822610187,2024-05-04T14:36:50.187,64.000,0.206,0.181,0.967
1714822610197,2024-05-04T14:36:50.197,64.010,0.179,0.202,0.969
1714822610207,2024-05-04T14:36:50.207,64.020,0.139,0.188,0.990
1714822610217,2024-05-04T14:36:50.217,64.030,0.103,0.172,1.018
1714822610227,2024-05-04T14:36:50.227,64.040,0.100,0.160,1.045
1714822610237,2024-05-04T14:36:50.237,64.050,0.110,0.149,1.044
1714822610247,2024-05-04T14:36:50.247,64.060,0.128,0.143,1.039
1714822610257,2024-05-04T14:36:50.257,64.070,0.169,0.147,1.027
1714822610267,2024-05-04T14:36:50.267,64.080,0.150,0.141,0.976
1714822610277,2024-05-04T14:36:50.277,64.090,0.068,0.154,0.937
1714822610287,2024-05-04T14:36:50.287,64.100,0.025,0.179,0.938
1714822610297,2024-05-04T14:36:50.297,64.110,0.030,0.161,0.970
1714822610307,2024-05-04T14:36:50.307,64.120,0.041,0.121,1.000
1714822610317,2024-05-04T14:36:50.317,64.130,0.079,0.109,1.022
1714822610327,2024-05-04T14:36:50.327,64.140,0.140,0.122,1.029
1714822610337,2024-05-04T14:36:50.337,64.150,0.184,0.138,1.013
1714822610347,2024-05-04T14:36:50.347,64.160,0.167,0.165,0.978
1714822610357,2024-05-04T14:36:50.357,64.170,0.108,0.197,0.953
1714822610367,2024-05-04T14:36:50.367,64.180,0.097,0.208,0.950
1714822610377,2024-05-04T14:36:50.377,64.190,0.092,0.182,0.968
1714822610387,2024-05-04T14:36:50.387,64.200,0.077,0.149,1.002
1714822610397,2024-05-04T14:36:50.397,64.210,0.091,0.139,1.020
1714822610407,2024-05-04T14:36:50.407,64.220,0.124,0.144,1.024
1714822610417,2024-05-04T14:36:50.417,64.230,0.147,0.156,1.007
1714822610427,2024-05-04T14:36:50.427,64.240,0.148,0.172,0.992
1714822610437,2024-05-04T14:36:50.437,64.250,0.143,0.183,0.988
1714822610447,2024-05-04T14:36:50.447,64.260,0.140,0.180,1.010
1714822610457,2024-05-04T14:36:50.457,64.270,0.156,0.169,1.041
1714822610467,2024-05-04T14:36:50.467,64.280,0.205,0.167,1.078
1714822610477,2024-05-04T14:36:50.477,64.290,0.264,0.171,1.117
1714822610487,2024-05-04T14:36:50.487,64.300,0.305,0.169,1.123
1714822610497,2024-05-04T14:36:50.497,64.310,0.321,0.167,1.122
1714822610507,2024-05-04T14:36:50.507,64.320,0.298,0.163,1.114
1714822610517,2024-05-04T14:36:50.517,64.330,0.250,0.153,1.107
1714822610527,2024-05-04T14:36:50.527,64.340,0.259,0.147,1.107
1714822610537,2024-05-04T14:36:50.537,64.350,0.287,0.137,1.102
1714822610547,2024-05-04T14:36:50.547,64.360,0.274,0.128,1.104
1714822610557,2024-05-04T14:36:50.557,64.370,0.230,0.119,1.107
1714822610567,2024-05-04T14:36:50.567,64.380,0.271,0.115,1.097
1714822610577,2024-05-04T14:36:50.577,64.390,0.466,0.104,1.101
1714822610587,2024-05-04T14:36:50.587,64.400,0.668,0.071,1.089
1714822610597,2024-05-04T14:36:50.597,64.410,0.821,0.028,1.046
1714822610607,2024-05-04T14:36:50.607,64.420,0.896,0.067,0.973
1714822610617,2024-05-04T14:36:50.617,64.430,0.747,0.165,0.836
1714822610627,2024-05-04T14:36:50.627,64.440,0.427,0.139,0.760
1714822610637,2024-05-04T14:36:50.637,64.450,0.276,0.062,0.760
1714822610647,2024-05-04T14:36:50.647,64.460,0.223,0.032,0.680
1714822610657,2024-05-04T14:36:50.657,64.470,0.136,-0.043,0.577
1714822610667,2024-05-04T14:36:50.667,64.480,0.017,-0.104,0.443
1714822610677,2024-05-04T14:36:50.677,64.490,-0.172,-0.131,0.160
1714822610687,2024-05-04T14:36:50.687,64.500,-0.108,-0.227,0.070
1714822610697,2024-05-04T14:36:50.697,64.510,-0.518,-0.058,0.001
1714822610707,2024-05-04T14:36:50.707,64.520,-1.445,-0.016,-0.245
1714822610717,2024-05-04T14:36:50.717,64.530,-1.589,-0.039,-0.263
1714822610727,2024-05-04T14:36:50.727,64.540,-1.451,-0.055,-0.235
1714822610737,2024-05-04T14:36:50.737,64.550,-1.346,-0.018,-0.314
1714822610747,2024-05-04T14:36:50.747,64.560,-1.258,0.048,-0.369
1714822610757,2024-05-04T14:36:50.757,64.570,-1.252,0.094,-0.434
1714822610767,2024-05-04T14:36:50.767,64.580,-1.352,0.093,-0.475
1714822610777,2024-05-04T14:36:50.777,64.590,-1.369,0.019,-0.447
1714822610787,2024-05-04T14:36:50.787,64.600,-1.310,-0.019,-0.404
1714822610797,2024-05-04T14:36:50.797,64.610,-1.318,0.005,-0.398
1714822610807,2024-05-04T14:36:50.807,64.620,-1.214,0.061,-0.441
1714822610817,2024-05-04T14:36:50.817,64.630,-1.079,0.104,-0.503
1714822610827,2024-05-04T14:36:50.827,64.640,-1.035,0.022,-0.526
1714822610837,2024-05-04T14:36:50.837,64.650,-0.986,-0.063,-0.536
1714822610847,2024-05-04T14:36:50.847,64.660,-0.939,-0.087,-0.580
1714822610857,2024-05-04T14:36:50.857,64.670,-0.917,-0.108,-0.649
1714822610867,2024-05-04T14:36:50.867,64.680,-0.903,-0.103,-0.706
1714822610877,2024-05-04T14:36:50.877,64.690,-0.964,-0.098,-0.727
1714822610887,2024-05-04T14:36:50.887,64.700,-1.072,-0.103,-0.771
1714822610897,2024-05-04T14:36:50.897,64.710,-1.148,-0.064,-0.835
1714822610907,2024-05-04T14:36:50.907,64.720,-1.199,-0.020,-0.858
1714822610917,2024-05-04T14:36:50.917,64.730,-1.198,0.004,-0.800
1714822610927,2024-05-04T14:36:50.927,64.740,-1.178,0.005,-0.728
1714822610937,2024-05-04T14:36:50.937,64.750,-1.174,0.015,-0.656
1714822610947,2024-05-04T14:36:50.947,64.760,-1.172,0.031,-0.623
1714822610957,2024-05-04T14:36:50.957,64.770,-1.191,0.027,-0.596
1714822610967,2024-05-04T14:36:50.967,64.780,-1.199,0.041,-0.554
1714822610977,2024-05-04T14:36:50.977,64.790,-1.169,0.042,-0.510
1714822610987,2024-05-04T14:36:50.987,64.800,-1.161,0.019,-0.414
1714822610997,2024-05-04T14:36:50.997,64.810,-1.184,-0.001,-0.240
1714822611007,2024-05-04T14:36:51.007,64.820,-1.164,-0.021,-0.123
1714822611017,2024-05-04T14:36:51.017,64.830,-1.117,-0.005,-0.045
1714822611027,2024-05-04T14:36:51.027,64.840,-1.084,0.045,-0.012
1714822611037,2024-05-04T14:36:51.037,64.850,-1.069,0.082,-0.015
1714822611047,2024-05-04T14:36:51.047,64.860,-1.076,0.087,0.005
1714822611057,2024-05-04T14:36:51.057,64.870,-1.122,0.081,0.093
1714822611067,2024-05-04T14:36:51.067,64.880,-1.167,0.058,0.204
1714822611077,2024-05-04T14:36:51.077,64.890,-1.140,0.031,0.312
1714822611087,2024-05-04T14:36:51.087,64.900,-1.013,0.042,0.342
1714822611097,2024-05-04T14:36:51.097,64.910,-0.911,0.060,0.330
1714822611107,2024-05-04T14:36:51.107,64.920,-0.864,0.075,0.352
1714822611117,2024-05-04T14:36:51.117,64.930,-0.835,0.088,0.407
1714822611127,2024-05-04T14:36:51.127,64.940,-0.799,0.064,0.484
1714822611137,2024-05-04T14:36:51.137,64.950,-0.732,0.037,0.602
1714822611147,2024-05-04T14:36:51.147,64.960,-0.638,0.035,0.717
1714822611157,2024-05-04T14:36:51.157,64.970,-0.528,0.052,0.807
1714822611167,2024-05-04T14:36:51.167,64.980,-0.482,0.070,0.825
1714822611177,2024-05-04T14:36:51.177,64.990,-0.489,0.104,0.774
1714822611187,2024-05-04T14:36:51.187,65.000,-0.478,0.137,0.710
1714822611197,2024-05-04T14:36:51.197,65.010,-0.429,0.140,0.690
1714822611207,2024-05-04T14:36:51.207,65.020,-0.396,0.105,0.745
1714822611217,2024-05-04T14:36:51.217,65.030,-0.337,0.061,0.854
1714822611227,2024-05-04T14:36:51.227,65.040,-0.279,0.040,0.950
1714822611237,2024-05-04T14:36:51.237,65.050,-0.248,0.046,0.955
1714822611247,2024-05-04T14:36:51.247,65.060,-0.194,0.081,0.928
1714822611257,2024-05-04T14:36:51.257,65.070,-0.184,0.168,0.850
1714822611267,2024-05-04T14:36:51.267,65.080,-0.224,0.199,0.786
1714822611277,2024-05-04T14:36:51.277,65.090,-0.252,0.161,0.746
1714822611287,2024-05-04T14:36:51.287,65.100,-0.187,0.105,0.782
1714822611297,2024-05-04T14:36:51.297,65.110,-0.043,0.092,0.893
1714822611307,2024-05-04T14:36:51.307,65.120,-0.025,0.123,0.975
1714822611317,2024-05-04T14:36:51.317,65.130,-0.137,0.159,1.002
1714822611327,2024-05-04T14:36:51.327,65.140,-0.166,0.166,0.985
1714822611337,2024-05-04T14:36:51.337,65.150,-0.106,0.155,0.963
1714822611347,2024-05-04T14:36:51.347,65.160,-0.035,0.174,0.966
1714822611357,2024-05-04T14:36:51.357,65.170,0.007,0.209,0.971
1714822611367,2024-05-04T14:36:51.367,65.180,0.024,0.207,1.005
1714822611377,2024-05-04T14:36:51.377,65.190,0.039,0.175,1.043
1714822611387,2024-05-04T14:36:51.387,65.200,0.044,0.149,1.052
1714822611397,2024-05-04T14:36:51.397,65.210,0.038,0.146,1.050
1714822611407,2024-05-04T14:36:51.407,65.220,0.039,0.162,1.022
1714822611417,2024-05-04T14:36:51.417,65.230,0.057,0.184,0.981
1714822611427,2024-05-04T14:36:51.427,65.240,0.042,0.200,0.941
1714822611437,2024-05-04T14:36:51.437,65.250,-0.010,0.206,0.918
1714822611447,2024-05-04T14:36:51.447,65.260,-0.049,0.194,0.941
1714822611457,2024-05-04T14:36:51.457,65.270,-0.043,0.168,0.991
1714822611467,2024-05-04T14:36:51.467,65.280,-0.002,0.140,1.047
1714822611477,2024-05-04T14:36:51.477,65.290,0.062,0.128,1.069
1714822611487,2024-05-04T14:36:51.487,65.300,0.104,0.143,1.057
1714822611497,2024-05-04T14:36:51.497,65.310,0.099,0.178,1.034
1714822611507,2024-05-04T14:36:51.507,65.320,0.073,0.208,1.008
1714822611517,2024-05-04T14:36:51.517,65.330,0.023,0.207,0.974
1714822611527,2024-05-04T14:36:51.527,65.340,-0.037,0.182,0.965
1714822611537,2024-05-04T14:36:51.537,65.350,-0.039,0.173,0.994
1714822611547,2024-05-04T14:36:51.547,65.360,-0.001,0.170,1.018
1714822611557,2024-05-04T14:36:51.557,65.370,0.002,0.168,1.032
1714822611567,2024-05-04T14:36:51.567,65.380,0.025,0.177,1.026
1714822611577,2024-05-04T14:36:51.577,65.390,0.069,0.196,1.009
1714822611587,2024-05-04T14:36:51.587,65.400,0.084,0.211,0.993
1714822611597,2024-05-04T14:36:51.597,65.410,0.068,0.223,0.981
1714822611607,2024-05-04T14:36:51.607,65.420,0.027,0.223,0.964
1714822611617,2024-05-04T14:36:51.617,65.430,-0.009,0.219,0.967
1714822611627,2024-05-04T14:36:51.627,65.440,0.005,0.212,0.993
1714822611637,2024-05-04T14:36:51.637,65.450,0.033,0.208,1.022
1714822611647,2024-05-04T14:36:51.647,65.460,0.043,0.211,1.025
1714822611657,2024-05-04T14:36:51.657,65.470,0.048,0.217,1.007
1714822611667,2024-05-04T14:36:51.667,65.480,0.057,0.219,0.989
1714822611677,2024-05-04T14:36:51.677,65.490,0.050,0.217,0.977
1714822611687,2024-05-04T14:36:51.687,65.500,0.037,0.208,0.989
1714822611697,2024-05-04T14:36:51.697,65.510,0.033,0.192,1.009
1714822611707,2024-05-04T14:36:51.707,65.520,0.022,0.171,1.017
1714822611717,2024-05-04T14:36:51.717,65.530,-0.000,0.171,1.012
1714822611727,2024-05-04T14:36:51.727,65.540,0.021,0.187,0.998
1714822611737,2024-05-04T14:36:51.737,65.550,0.052,0.210,0.977
1714822611747,2024-05-04T14:36:51.747,65.560,0.038,0.226,0.968
1714822611757,2024-05-04T14:36:51.757,65.570,0.014,0.231,0.976
1714822611767,2024-05-04T14:36:51.767,65.580,0.019,0.217,0.999
1714822611777,2024-05-04T14:36:51.777,65.590,0.054,0.190,1.026
1714822611787,2024-05-04T14:36:51.787,65.600,0.078,0.175,1.044
1714822611797,2024-05-04T14:36:51.797,65.610,0.087,0.175,1.039
1714822611807,2024-05-04T14:36:51.807,65.620,0.091,0.192,1.024
1714822611817,2024-05-04T14:36:51.817,65.630,0.095,0.204,1.018
1714822611827,2024-05-04T14:36:51.827,65.640,0.094,0.205,1.011
1714822611837,2024-05-04T14:36:51.837,65.650,0.084,0.192,1.003
1714822611847,2024-05-04T14:36:51.847,65.660,0.079,0.183,1.011
1714822611857,2024-05-04T14:36:51.857,65.670,0.099,0.170,1.028
1714822611867,2024-05-04T14:36:51.867,65.680,0.141,0.162,1.020
1714822611877,2024-05-04T14:36:51.877,65.690,0.214,0.171,0.978
1714822611887,2024-05-04T14:36:51.887,65.700,0.295,0.201,0.961
1714822611897,2024-05-04T14:36:51.897,65.710,0.430,0.248,0.946
1714822611907,2024-05-04T14:36:51.907,65.720,0.813,0.325,0.989
1714822611917,2024-05-04T14:36:51.917,65.730,1.065,0.377,1.106
1714822611927,2024-05-04T14:36:51.927,65.740,1.049,0.346,1.178
1714822611937,2024-05-04T14:36:51.937,65.750,0.999,0.217,1.255
1714822611947,2024-05-04T14:36:51.947,65.760,1.012,0.078,1.254
1714822611957,2024-05-04T14:36:51.957,65.770,1.033,-0.012,1.098
1714822611967,2024-05-04T14:36:51.967,65.780,1.023,-0.042,0.894
1714822611977,2024-05-04T14:36:51.977,65.790,0.571,-0.135,0.600
1714822611987,2024-05-04T14:36:51.987,65.800,-0.041,-0.333,0.369
1714822611997,2024-05-04T14:36:51.997,65.810,-0.715,-0.516,0.204
1714822612007,2024-05-04T14:36:52.007,65.820,-1.213,-0.585,0.043
1714822612017,2024-05-04T14:36:52.017,65.830,-1.221,-0.486,0.008
1714822612027,2024-05-04T14:36:52.027,65.840,-1.046,-0.231,0.022
1714822612037,2024-05-04T14:36:52.037,65.850,-1.201,0.028,-0.010
1714822612047,2024-05-04T14:36:52.047,65.860,-1.546,0.100,-0.041
1714822612057,2024-05-04T14:36:52.057,65.870,-1.738,0.063,-0.133
1714822612067,2024-05-04T14:36:52.067,65.880,-1.638,0.027,-0.151
1714822612077,2024-05-04T14:36:52.077,65.890,-1.387,-0.019,-0.108
1714822612087,2024-05-04T14:36:52.087,65.900,-1.439,-0.039,-0.146
1714822612097,2024-05-04T14:36:52.097,65.910,-1.587,-0.038,-0.170
1714822612107,2024-05-04T14:36:52.107,65.920,-1.445,-0.002,-0.160
1714822612117,2024-05-04T14:36:52.117,65.930,-1.078,0.041,-0.109
1714822612127,2024-05-04T14:36:52.127,65.940,-0.804,0.018,-0.107
1714822612137,2024-05-04T14:36:52.137,65.950,-0.888,-0.040,-0.265
1714822612147,2024-05-04T14:36:52.147,65.960,-1.119,-0.003,-0.499
1714822612157,2024-05-04T14:36:52.157,65.970,-1.182,0.046,-0.669
1714822612167,2024-05-04T14:36:52.167,65.980,-1.210,0.002,-0.706
1714822612177,2024-05-04T14:36:52.177,65.990,-1.258,-0.017,-0.644
1714822612187,2024-05-04T14:36:52.187,66.000,-1.279,0.002,-0.596
1714822612197,2024-05-04T14:36:52.197,66.010,-1.302,0.035,-0.576
1714822612207,2024-05-04T14:36:52.207,66.020,-1.323,0.066,-0.523
1714822612217,2024-05-04T14:36:52.217,66.030,-1.295,0.107,-0.454
1714822612227,2024-05-04T14:36:52.227,66.040,-1.218,0.128,-0.390
1714822612237,2024-05-04T14:36:52.237,66.050,-1.152,0.142,-0.283
1714822612247,2024-05-04T14:36:52.247,66.060,-1.073,0.140,-0.204
1714822612257,2024-05-04T14:36:52.257,66.070,-1.015,0.127,-0.123
1714822612267,2024-05-04T14:36:52.267,66.080,-1.004,0.138,-0.043
1714822612277,2024-05-04T14:36:52.277,66.090,-1.025,0.140,0.023
1714822612287,2024-05-04T14:36:52.287,66.100,-1.050,0.129,0.096
1714822612297,2024-05-04T14:36:52.297,66.110,-1.035,0.115,0.184
1714822612307,2024-05-04T14:36:52.307,66.120,-0.999,0.111,0.274
1714822612317,2024-05-04T14:36:52.317,66.130,-0.955,0.113,0.317
1714822612327,2024-05-04T14:36:52.327,66.140,-0.916,0.120,0.299
1714822612337,2024-05-04T14:36:52.337,66.150,-0.947,0.125,0.270
1714822612347,2024-05-04T14:36:52.347,66.160,-1.001,0.125,0.272
1714822612357,2024-05-04T14:36:52.357,66.170,-0.995,0.117,0.332
1714822612367,2024-05-04T14:36:52.367,66.180,-0.948,0.089,0.397
1714822612377,2024-05-04T14:36:52.377,66.190,-0.881,0.077,0.481
1714822612387,2024-05-04T14:36:52.387,66.200,-0.814,0.091,0.573
1714822612397,2024-05-04T14:36:52.397,66.210,-0.737,0.101,0.634
1714822612407,2024-05-04T14:36:52.407,66.220,-0.657,0.126,0.653
1714822612417,2024-05-04T14:36:52.417,66.230,-0.604,0.164,0.660
1714822612427,2024-05-04T14:36:52.427,66.240,-0.587,0.186,0.649
1714822612437,2024-05-04T14:36:52.437,66.250,-0.581,0.169,0.671
1714822612447,2024-05-04T14:36:52.447,66.260,-0.571,0.143,0.752
1714822612457,2024-05-04T14:36:52.457,66.270,-0.544,0.115,0.831
1714822612467,2024-05-04T14:36:52.467,66.280,-0.526,0.111,0.861
1714822612477,2024-05-04T14:36:52.477,66.290,-0.463,0.140,0.871
1714822612487,2024-05-04T14:36:52.487,66.300,-0.392,0.167,0.840
1714822612497,2024-05-04T14:36:52.497,66.310,-0.379,0.199,0.795
1714822612507,2024-05-04T14:36:52.507,66.320,-0.375,0.234,0.774
1714822612517,2024-05-04T14:36:52.517,66.330,-0.384,0.234,0.776
1714822612527,2024-05-04T14:36:52.527,66.340,-0.415,0.212,0.817
1714822612537,2024-05-04T14:36:52.537,66.350,-0.415,0.179,0.872
1714822612547,2024-05-04T14:36:52.547,66.360,-0.322,0.139,0.952
1714822612557,2024-05-04T14:36:52.557,66.370,-0.182,0.107,1.008
1714822612567,2024-05-04T14:36:52.567,66.380,-0.071,0.102,0.980
1714822612577,2024-05-04T14:36:52.577,66.390,-0.057,0.153,0.910
1714822612587,2024-05-04T14:36:52.587,66.400,-0.097,0.207,0.875
1714822612597,2024-05-04T14:36:52.597,66.410,-0.143,0.234,0.864
1714822612607,2024-05-04T14:36:52.607,66.420,-0.206,0.229,0.869
1714822612617,2024-05-04T14:36:52.617,66.430,-0.247,0.192,0.890
1714822612627,2024-05-04T14:36:52.627,66.440,-0.233,0.166,0.953
1714822612637,2024-05-04T14:36:52.637,66.450,-0.177,0.162,1.020
1714822612647,2024-05-04T14:36:52.647,66.460,-0.111,0.156,1.041
1714822612657,2024-05-04T14:36:52.657,66.470,-0.055,0.154,1.015
1714822612667,2024-05-04T14:36:52.667,66.480,-0.041,0.183,0.976
1714822612677,2024-05-04T14:36:52.677,66.490,-0.057,0.213,0.928
1714822612687,2024-05-04T14:36:52.687,66.500,-0.098,0.209,0.890
1714822612697,2024-05-04T14:36:52.697,66.510,-0.153,0.173,0.897
1714822612707,2024-05-04T14:36:52.707,66.520,-0.183,0.129,0.944
1714822612717,2024-05-04T14:36:52.717,66.530,-0.157,0.104,1.008
1714822612727,2024-05-04T14:36:52.727,66.540,-0.091,0.106,1.063
1714822612737,2024-05-04T14:36:52.737,66.550,-0.020,0.125,1.073
1714822612747,2024-05-04T14:36:52.747,66.560,0.031,0.155,1.050
1714822612757,2024-05-04T14:36:52.757,66.570,0.048,0.173,1.030
1714822612767,2024-05-04T14:36:52.767,66.580,0.053,0.168,0.995
1714822612777,2024-05-04T14:36:52.777,66.590,0.028,0.158,0.966
1714822612787,2024-05-04T14:36:52.787,66.600,-0.035,0.148,0.963
1714822612797,2024-05-04T14:36:52.797,66.610,-0.080,0.140,0.980
1714822612807,2024-05-04T14:36:52.807,66.620,-0.076,0.120,1.004
1714822612817,2024-05-04T14:36:52.817,66.630,-0.025,0.114,1.038
1714822612827,2024-05-04T14:36:52.827,66.640,0.049,0.129,1.052
1714822612837,2024-05-04T14:36:52.837,66.650,0.092,0.157,1.021
1714822612847,2024-05-04T14:36:52.847,66.660,0.082,0.185,0.994
1714822612857,2024-05-04T14:36:52.857,66.670,0.042,0.197,0.993
1714822612867,2024-05-04T14:36:52.867,66.680,-0.036,0.189,0.990
1714822612877,2024-05-04T14:36:52.877,66.690,-0.088,0.162,1.008
1714822612887,2024-05-04T14:36:52.887,66.700,-0.049,0.136,1.036
1714822612897,2024-05-04T14:36:52.897,66.710,0.042,0.126,1.063
1714822612907,2024-05-04T14:36:52.907,66.720,0.112,0.132,1.065
1714822612917,2024-05-04T14:36:52.917,66.730,0.152,0.141,1.041
1714822612927,2024-05-04T14:36:52.927,66.740,0.158,0.151,1.021
1714822612937,2024-05-04T14:36:52.937,66.750,0.142,0.165,1.013
1714822612947,2024-05-04T14:36:52.947,66.760,0.111,0.163,1.017
1714822612957,2024-05-04T14:36:52.957,66.770,0.072,0.150,1.028
1714822612967,2024-05-04T14:36:52.967,66.780,0.051,0.137,1.055
1714822612977,2024-05-04T14:36:52.977,66.790,0.072,0.133,1.078
1714822612987,2024-05-04T14:36:52.987,66.800,0.099,0.135,1.067
1714822612997,2024-05-04T14:36:52.997,66.810,0.086,0.148,1.025
1714822613007,2024-05-04T14:36:53.007,66.820,0.060,0.179,0.989
1714822613017,2024-05-04T14:36:53.017,66.830,0.061,0.198,0.979
1714822613027,2024-05-04T14:36:53.027,66.840,0.069,0.180,0.996
1714822613037,2024-05-04T14:36:53.037,66.850,0.070,0.157,1.027
1714822613047,2024-05-04T14:36:53.047,66.860,0.087,0.140,1.063
1714822613057,2024-05-04T14:36:53.057,66.870,0.125,0.132,1.080
1714822613067,2024-05-04T14:36:53.067,66.880,0.155,0.135,1.069
1714822613077,2024-05-04T14:36:53.077,66.890,0.172,0.147,1.043
1714822613087,2024-05-04T14:36:53.087,66.900,0.166,0.163,1.006
1714822613097,2024-05-04T14:36:53.097,66.910,0.148,0.173,0.989
1714822613107,2024-05-04T14:36:53.107,66.920,0.133,0.178,0.997
1714822613117,2024-05-04T14:36:53.117,66.930,0.135,0.173,1.031
1714822613127,2024-05-04T14:36:53.127,66.940,0.181,0.168,1.082
1714822613137,2024-05-04T14:36:53.137,66.950,0.258,0.166,1.136
1714822613147,2024-05-04T14:36:53.147,66.960,0.310,0.155,1.146
1714822613157,2024-05-04T14:36:53.157,66.970,0.330,0.146,1.111
1714822613167,2024-05-04T14:36:53.167,66.980,0.347,0.153,1.074
1714822613177,2024-05-04T14:36:53.177,66.990,0.356,0.166,1.037
1714822613187,2024-05-04T14:36:53.187,67.000,0.347,0.157,1.027
1714822613197,2024-05-04T14:36:53.197,67.010,0.317,0.106,1.079
1714822613207,2024-05-04T14:36:53.207,67.020,0.270,0.042,1.120
1714822613217,2024-05-04T14:36:53.217,67.030,0.182,0.019,1.096
1714822613227,2024-05-04T14:36:53.227,67.040,0.126,0.034,1.003
1714822613237,2024-05-04T14:36:53.237,67.050,0.140,0.073,0.922
1714822613247,2024-05-04T14:36:53.247,67.060,-0.143,0.121,0.823
1714822613257,2024-05-04T14:36:53.257,67.070,-0.457,0.152,0.832
1714822613267,2024-05-04T14:36:53.267,67.080,-0.574,0.160,0.893
1714822613277,2024-05-04T14:36:53.277,67.090,-0.489,0.151,0.911
1714822613287,2024-05-04T14:36:53.287,67.100,-0.342,0.138,0.953
1714822613297,2024-05-04T14:36:53.297,67.110,-0.245,0.111,0.940
1714822613307,2024-05-04T14:36:53.307,67.120,-0.257,0.072,0.852
1714822613317,2024-05-04T14:36:53.317,67.130,-0.395,0.050,0.689
1714822613327,2024-05-04T14:36:53.327,67.140,-0.592,0.012,0.530
1714822613337,2024-05-04T14:36:53.337,67.150,-0.735,-0.029,0.384
1714822613347,2024-05-04T14:36:53.347,67.160,-0.822,-0.015,0.191
1714822613357,2024-05-04T14:36:53.357,67.170,-0.954,-0.010,-0.042
1714822613367,2024-05-04T14:36:53.367,67.180,-1.121,-0.077,-0.285
1714822613377,2024-05-04T14:36:53.377,67.190,-1.239,-0.099,-0.542
1714822613387,2024-05-04T14:36:53.387,67.200,-1.335,0.040,-0.793
1714822613397,2024-05-04T14:36:53.397,67.210,-1.588,0.223,-1.009
1714822613407,2024-05-04T14:36:53.407,67.220,-1.863,0.357,-1.082
1714822613417,2024-05-04T14:36:53.417,67.230,-1.880,0.482,-1.054
1714822613427,2024-05-04T14:36:53.427,67.240,-1.621,0.591,-0.901
1714822613437,2024-05-04T14:36:53.437,67.250,-1.090,0.703,-0.715
1714822613447,2024-05-04T14:36:53.447,67.260,-0.518,0.672,-0.202
1714822613457,2024-05-04T14:36:53.457,67.270,-0.185,0.432,0.483
1714822613467,2024-05-04T14:36:53.467,67.280,-0.268,0.180,0.831
1714822613477,2024-05-04T14:36:53.477,67.290,-0.496,0.001,0.792
1714822613487,2024-05-04T14:36:53.487,67.300,-0.518,0.056,0.591
1714822613497,2024-05-04T14:36:53.497,67.310,-0.734,0.126,0.323
1714822613507,2024-05-04T14:36:53.507,67.320,-1.161,0.171,0.096
1714822613517,2024-05-04T14:36:53.517,67.330,-1.416,0.269,-0.061
1714822613527,2024-05-04T14:36:53.527,67.340,-1.380,0.295,-0.165
1714822613537,2024-05-04T14:36:53.537,67.350,-1.240,0.270,-0.226
1714822613547,2024-05-04T14:36:53.547,67.360,-1.173,0.249,-0.234
1714822613557,2024-05-04T14:36:53.557,67.370,-1.163,0.244,-0.229
1714822613567,2024-05-04T14:36:53.567,67.380,-1.130,0.223,-0.211
1714822613577,2024-05-04T14:36:53.577,67.390,-1.102,0.205,-0.195
1714822613587,2024-05-04T14:36:53.587,67.400,-1.102,0.185,-0.180
1714822613597,2024-05-04T14:36:53.597,67.410,-1.111,0.160,-0.141
1714822613607,2024-05-04T14:36:53.607,67.420,-1.078,0.157,-0.063
1714822613617,2024-05-04T14:36:53.617,67.430,-1.013,0.169,0.033
1714822613627,2024-05-04T14:36:53.627,67.440,-0.985,0.180,0.110
1714822613637,2024-05-04T14:36:53.637,67.450,-1.000,0.208,0.180
1714822613647,2024-05-04T14:36:53.647,67.460,-1.005,0.266,0.219
1714822613657,2024-05-04T14:36:53.657,67.470,-0.958,0.303,0.216
1714822613667,2024-05-04T14:36:53.667,67.480,-0.922,0.307,0.224
1714822613677,2024-05-04T14:36:53.677,67.490,-0.938,0.280,0.236
1714822613687,2024-05-04T14:36:53.687,67.500,-0.983,0.235,0.298
1714822613697,2024-05-04T14:36:53.697,67.510,-0.938,0.231,0.369
1714822613707,2024-05-04T14:36:53.707,67.520,-0.834,0.258,0.445
1714822613717,2024-05-04T14:36:53.717,67.530,-0.770,0.275,0.512
1714822613727,2024-05-04T14:36:53.727,67.540,-0.803,0.286,0.534
1714822613737,2024-05-04T14:36:53.737,67.550,-0.847,0.293,0.525
1714822613747,2024-05-04T14:36:53.747,67.560,-0.812,0.291,0.544
1714822613757,2024-05-04T14:36:53.757,67.570,-0.742,0.283,0.588
1714822613767,2024-05-04T14:36:53.767,67.580,-0.663,0.245,0.683
1714822613777,2024-05-04T14:36:53.777,67.590,-0.678,0.197,0.670
1714822613787,2024-05-04T14:36:53.787,67.600,-0.756,0.181,0.626
1714822613797,2024-05-04T14:36:53.797,67.610,-0.734,0.225,0.605
1714822613807,2024-05-04T14:36:53.807,67.620,-0.635,0.280,0.626
1714822613817,2024-05-04T14:36:53.817,67.630,-0.545,0.305,0.687
1714822613827,2024-05-04T14:36:53.827,67.640,-0.491,0.298,0.797
1714822613837,2024-05-04T14:36:53.837,67.650,-0.430,0.271,0.902
1714822613847,2024-05-04T14:36:53.847,67.660,-0.371,0.225,0.957
1714822613857,2024-05-04T14:36:53.857,67.670,-0.317,0.192,0.986
1714822613867,2024-05-04T14:36:53.867,67.680,-0.315,0.193,0.947
1714822613877,2024-05-04T14:36:53.877,67.690,-0.401,0.216,0.868
1714822613887,2024-05-04T14:36:53.887,67.700,-0.449,0.240,0.808
1714822613897,2024-05-04T14:36:53.897,67.710,-0.427,0.244,0.778
1714822613907,2024-05-04T14:36:53.907,67.720,-0.445,0.244,0.771
1714822613917,2024-05-04T14:36:53.917,67.730,-0.384,0.229,0.890
1714822613927,2024-05-04T14:36:53.927,67.740,-0.225,0.202,1.005
1714822613937,2024-05-04T14:36:53.937,67.750,-0.102,0.161,1.073
1714822613947,2024-05-04T14:36:53.947,67.760,-0.040,0.142,1.060
1714822613957,2024-05-04T14:36:53.957,67.770,-0.005,0.175,0.974
1714822613967,2024-05-04T14:36:53.967,67.780,-0.031,0.224,0.882
1714822613977,2024-05-04T14:36:53.977,67.790,-0.106,0.238,0.826
1714822613987,2024-05-04T14:36:53.987,67.800,-0.177,0.226,0.833
1714822613997,2024-05-04T14:36:53.997,67.810,-0.154,0.202,0.916
1714822614007,2024-05-04T14:36:54.007,67.820,-0.003,0.183,1.026
1714822614017,2024-05-04T14:36:54.017,67.830,0.127,0.165,1.098
1714822614027,2024-05-04T14:36:54.027,67.840,0.155,0.163,1.101
1714822614037,2024-05-04T14:36:54.037,67.850,0.150,0.185,1.059
1714822614047,2024-05-04T14:36:54.047,67.860,0.125,0.195,1.019
1714822614057,2024-05-04T14:36:54.057,67.870,0.073,0.209,0.966
1714822614067,2024-05-04T14:36:54.067,67.880,0.021,0.220,0.916
1714822614077,2024-05-04T14:36:54.077,67.890,-0.016,0.211,0.898
1714822614087,2024-05-04T14:36:54.087,67.900,-0.014,0.180,0.930
1714822614097,2024-05-04T14:36:54.097,67.910,0.061,0.156,0.998
1714822614107,2024-05-04T14:36:54.107,67.920,0.159,0.148,1.063
1714822614117,2024-05-04T14:36:54.117,67.930,0.243,0.163,1.089
1714822614127,2024-05-04T14:36:54.127,67.940,0.268,0.195,1.076
1714822614137,2024-05-04T14:36:54.137,67.950,0.219,0.221,1.045
1714822614147,2024-05-04T14:36:54.147,67.960,0.134,0.228,0.999
1714822614157,2024-05-04T14:36:54.157,67.970,0.091,0.209,0.975
1714822614167,2024-05-04T14:36:54.167,67.980,0.109,0.184,0.970
1714822614177,2024-05-04T14:36:54.177,67.990,0.136,0.172,0.985
1714822614187,2024-05-04T14:36:54.187,68.000,0.170,0.176,1.006
1714822614197,2024-05-04T14:36:54.197,68.010,0.207,0.188,1.024
1714822614207,2024-05-04T14:36:54.207,68.020,0.223,0.203,1.025
1714822614217,2024-05-04T14:36:54.217,68.030,0.205,0.217,1.014
1714822614227,2024-05-04T14:36:54.227,68.040,0.129,0.207,0.983
1714822614237,2024-05-04T14:36:54.237,68.050,0.029,0.182,0.965
1714822614247,2024-05-04T14:36:54.247,68.060,0.015,0.160,0.969
1714822614257,2024-05-04T14:36:54.257,68.070,0.096,0.150,1.009
1714822614267,2024-05-04T14:36:54.267,68.080,0.193,0.151,1.044
1714822614277,2024-05-04T14:36:54.277,68.090,0.232,0.155,1.046
1714822614287,2024-05-04T14:36:54.287,68.100,0.219,0.163,1.015
1714822614297,2024-05-04T14:36:54.297,68.110,0.193,0.168,0.984
1714822614307,2024-05-04T14:36:54.307,68.120,0.156,0.167,0.969
1714822614317,2024-05-04T14:36:54.317,68.130,0.086,0.164,0.952
1714822614327,2024-05-04T14:36:54.327,68.140,0.045,0.150,0.959
1714822614337,2024-05-04T14:36:54.337,68.150,0.076,0.137,0.990
1714822614347,2024-05-04T14:36:54.347,68.160,0.139,0.136,1.025
1714822614357,2024-05-04T14:36:54.357,68.170,0.180,0.149,1.035
1714822614367,2024-05-04T14:36:54.367,68.180,0.166,0.165,1.028
1714822614377,2024-05-04T14:36:54.377,68.190,0.124,0.180,0.994
1714822614387,2024-05-04T14:36:54.387,68.200,0.107,0.183,0.967
1714822614397,2024-05-04T14:36:54.397,68.210,0.114,0.175,0.961
1714822614407,2024-05-04T14:36:54.407,68.220,0.109,0.168,0.965
1714822614417,2024-05-04T14:36:54.417,68.230,0.127,0.164,0.995
1714822614427,2024-05-04T14:36:54.427,68.240,0.161,0.162,1.020
1714822614437,2024-05-04T14:36:54.437,68.250,0.163,0.159,1.012
1714822614447,2024-05-04T14:36:54.447,68.260,0.144,0.167,0.995
1714822614457,2024-05-04T14:36:54.457,68.270,0.135,0.174,0.985
1714822614467,2024-05-04T14:36:54.467,68.280,0.129,0.178,0.972
1714822614477,2024-05-04T14:36:54.477,68.290,0.117,0.175,0.961
1714822614487,2024-05-04T14:36:54.487,68.300,0.111,0.172,0.967
1714822614497,2024-05-04T14:36:54.497,68.310,0.108,0.166,0.988
1714822614507,2024-05-04T14:36:54.507,68.320,0.124,0.155,0.998
1714822614517,2024-05-04T14:36:54.517,68.330,0.147,0.144,1.008
1714822614527,2024-05-04T14:36:54.527,68.340,0.168,0.138,1.006
1714822614537,2024-05-04T14:36:54.537,68.350,0.181,0.145,0.994
1714822614547,2024-05-04T14:36:54.547,68.360,0.176,0.153,0.983
1714822614557,2024-05-04T14:36:54.557,68.370,0.174,0.158,0.986
1714822614567,2024-05-04T14:36:54.567,68.380,0.188,0.160,0.991
1714822614577,2024-05-04T14:36:54.577,68.390,0.228,0.161,0.998
1714822614587,2024-05-04T14:36:54.587,68.400,0.315,0.170,1.019
1714822614597,2024-05-04T14:36:54.597,68.410,0.435,0.182,1.039
1714822614607,2024-05-04T14:36:54.607,68.420,0.564,0.190,1.067
1714822614617,2024-05-04T14:36:54.617,68.430,0.653,0.196,1.107
1714822614627,2024-05-04T14:36:54.627,68.440,0.698,0.192,1.144
1714822614637,2024-05-04T14:36:54.637,68.450,0.677,0.168,1.166
1714822614647,2024-05-04T14:36:54.647,68.460,0.546,0.113,1.195
1714822614657,2024-05-04T14:36:54.657,68.470,0.431,0.050,1.224
1714822614667,2024-05-04T14:36:54.667,68.480,0.393,0.000,1.287
1714822614677,2024-05-04T14:36:54.677,68.490,0.442,-0.010,1.381
1714822614687,2024-05-04T14:36:54.687,68.500,0.626,-0.004,1.391
1714822614697,2024-05-04T14:36:54.697,68.510,0.821,0.000,1.139
1714822614707,2024-05-04T14:36:54.707,68.520,0.905,-0.011,0.699
1714822614717,2024-05-04T14:36:54.717,68.530,0.837,-0.074,0.533
1714822614727,2024-05-04T14:36:54.727,68.540,0.282,-0.192,0.303
1714822614737,2024-05-04T14:36:54.737,68.550,-0.410,-0.345,0.027
1714822614747,2024-05-04T14:36:54.747,68.560,-0.833,-0.390,-0.149
1714822614757,2024-05-04T14:36:54.757,68.570,-1.022,-0.335,-0.373
1714822614767,2024-05-04T14:36:54.767,68.580,-1.189,-0.139,-0.669
1714822614777,2024-05-04T14:36:54.777,68.590,-1.567,0.077,-0.810
1714822614787,2024-05-04T14:36:54.787,68.600,-1.987,0.243,-0.745
1714822614797,2024-05-04T14:36:54.797,68.610,-2.111,0.375,-0.524
1714822614807,2024-05-04T14:36:54.807,68.620,-1.982,0.436,-0.241
1714822614817,2024-05-04T14:36:54.817,68.630,-1.804,0.374,0.032
1714822614827,2024-05-04T14:36:54.827,68.640,-1.567,0.173,0.284
1714822614837,2024-05-04T14:36:54.837,68.650,-1.103,0.048,0.272
1714822614847,2024-05-04T14:36:54.847,68.660,-0.886,0.184,0.087
1714822614857,2024-05-04T14:36:54.857,68.670,-0.952,0.328,0.004
1714822614867,2024-05-04T14:36:54.867,68.680,-1.001,0.213,0.042
1714822614877,2024-05-04T14:36:54.877,68.690,-0.859,0.005,0.119
1714822614887,2024-05-04T14:36:54.887,68.700,-0.667,0.014,0.092
1714822614897,2024-05-04T14:36:54.897,68.710,-0.827,0.003,-0.059
1714822614907,2024-05-04T14:36:54.907,68.720,-1.121,0.041,-0.270
1714822614917,2024-05-04T14:36:54.917,68.730,-1.240,0.106,-0.447
1714822614927,2024-05-04T14:36:54.927,68.740,-1.254,0.096,-0.542
1714822614937,2024-05-04T14:36:54.937,68.750,-1.261,0.082,-0.582
1714822614947,2024-05-04T14:36:54.947,68.760,-1.233,0.104,-0.603
1714822614957,2024-05-04T14:36:54.957,68.770,-1.200,0.110,-0.584
1714822614967,2024-05-04T14:36:54.967,68.780,-1.168,0.108,-0.530
1714822614977,2024-05-04T14:36:54.977,68.790,-1.132,0.120,-0.455
1714822614987,2024-05-04T14:36:54.987,68.800,-1.107,0.120,-0.377
1714822614997,2024-05-04T14:36:54.997,68.810,-1.087,0.122,-0.298
1714822615007,2024-05-04T14:36:55.007,68.820,-1.048,0.143,-0.214
1714822615017,2024-05-04T14:36:55.017,68.830,-1.025,0.166,-0.151
1714822615027,2024-05-04T14:36:55.027,68.840,-1.016,0.189,-0.078
1714822615037,2024-05-04T14:36:55.037,68.850,-1.005,0.217,0.000
1714822615047,2024-05-04T14:36:55.047,68.860,-0.986,0.206,0.002
1714822615057,2024-05-04T14:36:55.057,68.870,-1.011,0.203,-0.037
1714822615067,2024-05-04T14:36:55.067,68.880,-1.068,0.240,-0.021
1714822615077,2024-05-04T14:36:55.077,68.890,-1.076,0.245,0.065
1714822615087,2024-05-04T14:36:55.087,68.900,-1.047,0.223,0.164
1714822615097,2024-05-04T14:36:55.097,68.910,-1.055,0.196,0.239
1714822615107,2024-05-04T14:36:55.107,68.920,-1.061,0.185,0.292
1714822615117,2024-05-04T14:36:55.117,68.930,-0.980,0.202,0.370
1714822615127,2024-05-04T14:36:55.127,68.940,-0.859,0.217,0.437
1714822615137,2024-05-04T14:36:55.137,68.950,-0.810,0.226,0.486
1714822615147,2024-05-04T14:36:55.147,68.960,-0.840,0.226,0.501
1714822615157,2024-05-04T14:36:55.157,68.970,-0.854,0.205,0.440
1714822615167,2024-05-04T14:36:55.167,68.980,-0.884,0.197,0.378
1714822615177,2024-05-04T14:36:55.177,68.990,-0.878,0.218,0.411
1714822615187,2024-05-04T14:36:55.187,69.000,-0.791,0.233,0.506
1714822615197,2024-05-04T14:36:55.197,69.010,-0.705,0.209,0.587
1714822615207,2024-05-04T14:36:55.207,69.020,-0.733,0.186,0.630
1714822615217,2024-05-04T14:36:55.217,69.030,-0.743,0.185,0.674
1714822615227,2024-05-04T14:36:55.227,69.040,-0.656,0.201,0.725
1714822615237,2024-05-04T14:36:55.237,69.050,-0.529,0.208,0.784
1714822615247,2024-05-04T14:36:55.247,69.060,-0.409,0.208,0.795
1714822615257,2024-05-04T14:36:55.257,69.070,-0.385,0.210,0.765
1714822615267,2024-05-04T14:36:55.267,69.080,-0.454,0.222,0.723
1714822615277,2024-05-04T14:36:55.277,69.090,-0.559,0.223,0.724
1714822615287,2024-05-04T14:36:55.287,69.100,-0.541,0.209,0.792
1714822615297,2024-05-04T14:36:55.297,69.110,-0.414,0.195,0.879
1714822615307,2024-05-04T14:36:55.307,69.120,-0.272,0.176,0.962
1714822615317,2024-05-04T14:36:55.317,69.130,-0.187,0.176,1.006
1714822615327,2024-05-04T14:36:55.327,69.140,-0.176,0.194,1.001
1714822615337,2024-05-04T14:36:55.337,69.150,-0.194,0.208,0.941
1714822615347,2024-05-04T14:36:55.347,69.160,-0.217,0.204,0.837
1714822615357,2024-05-04T14:36:55.357,69.170,-0.278,0.190,0.733
1714822615367,2024-05-04T14:36:55.367,69.180,-0.393,0.163,0.700
1714822615377,2024-05-04T14:36:55.377,69.190,-0.432,0.139,0.775
1714822615387,2024-05-04T14:36:55.387,69.200,-0.281,0.138,0.889
1714822615397,2024-05-04T14:36:55.397,69.210,-0.022,0.139,0.993
1714822615407,2024-05-04T14:36:55.407,69.220,0.192,0.156,1.042
1714822615417,2024-05-04T14:36:55.417,69.230,0.293,0.188,1.045
1714822615427,2024-05-04T14:36:55.427,69.240,0.298,0.218,1.017
1714822615437,2024-05-04T14:36:55.437,69.250,0.257,0.227,0.974
1714822615447,2024-05-04T14:36:55.447,69.260,0.150,0.196,0.963
1714822615457,2024-05-04T14:36:55.457,69.270,0.016,0.152,0.966
1714822615467,2024-05-04T14:36:55.467,69.280,-0.100,0.107,0.981
1714822615477,2024-05-04T14:36:55.477,69.290,-0.164,0.095,0.995
1714822615487,2024-05-04T14:36:55.487,69.300,-0.113,0.104,1.021
1714822615497,2024-05-04T14:36:55.497,69.310,0.036,0.122,1.035
1714822615507,2024-05-04T14:36:55.507,69.320,0.169,0.141,1.033
1714822615517,2024-05-04T14:36:55.517,69.330,0.234,0.168,1.021
1714822615527,2024-05-04T14:36:55.527,69.340,0.206,0.206,0.983
1714822615537,2024-05-04T14:36:55.537,69.350,0.112,0.200,0.983
1714822615547,2024-05-04T14:36:55.547,69.360,0.085,0.153,1.015
1714822615557,2024-05-04T14:36:55.557,69.370,0.094,0.107,1.039
1714822615567,2024-05-04T14:36:55.567,69.380,0.077,0.090,1.042
1714822615577,2024-05-04T14:36:55.577,69.390,0.090,0.104,1.034
1714822615587,2024-05-04T14:36:55.587,69.400,0.108,0.132,1.028
1714822615597,2024-05-04T14:36:55.597,69.410,0.114,0.153,1.019
1714822615607,2024-05-04T14:36:55.607,69.420,0.111,0.162,1.005
1714822615617,2024-05-04T14:36:55.617,69.430,0.068,0.158,1.000
1714822615627,2024-05-04T14:36:55.627,69.440,0.033,0.149,1.003
1714822615637,2024-05-04T14:36:55.637,69.450,0.057,0.138,1.021
1714822615647,2024-05-04T14:36:55.647,69.460,0.106,0.121,1.032
1714822615657,2024-05-04T14:36:55.657,69.470,0.145,0.112,1.032
1714822615667,2024-05-04T14:36:55.667,69.480,0.170,0.132,1.033
1714822615677,2024-05-04T14:36:55.677,69.490,0.145,0.153,1.027
1714822615687,2024-05-04T14:36:55.687,69.500,0.087,0.160,1.013
1714822615697,2024-05-04T14:36:55.697,69.510,0.053,0.150,1.005
1714822615707,2024-05-04T14:36:55.707,69.520,0.035,0.131,1.010
1714822615717,2024-05-04T14:36:55.717,69.530,0.003,0.123,1.020
1714822615727,2024-05-04T14:36:55.727,69.540,0.018,0.121,1.022
1714822615737,2024-05-04T14:36:55.737,69.550,0.083,0.125,1.021
1714822615747,2024-05-04T14:36:55.747,69.560,0.116,0.145,1.019
1714822615757,2024-05-04T14:36:55.757,69.570,0.114,0.161,1.007
1714822615767,2024-05-04T14:36:55.767,69.580,0.098,0.158,1.001
1714822615777,2024-05-04T14:36:55.777,69.590,0.076,0.143,1.005
1714822615787,2024-05-04T14:36:55.787,69.600,0.061,0.126,1.018
1714822615797,2024-05-04T14:36:55.797,69.610,0.079,0.117,1.031
1714822615807,2024-05-04T14:36:55.807,69.620,0.109,0.114,1.033
1714822615817,2024-05-04T14:36:55.817,69.630,0.115,0.118,1.027
1714822615827,2024-05-04T14:36:55.827,69.640,0.091,0.130,1.008
1714822615837,2024-05-04T14:36:55.837,69.650,0.064,0.144,0.994
1714822615847,2024-05-04T14:36:55.847,69.660,0.069,0.140,0.995
1714822615857,2024-05-04T14:36:55.857,69.670,0.085,0.128,1.008
1714822615867,2024-05-04T14:36:55.867,69.680,0.118,0.117,1.028
1714822615877,2024-05-04T14:36:55.877,69.690,0.161,0.113,1.045
1714822615887,2024-05-04T14:36:55.887,69.700,0.195,0.111,1.067
1714822615897,2024-05-04T14:36:55.897,69.710,0.229,0.109,1.081
1714822615907,2024-05-04T14:36:55.907,69.720,0.274,0.108,1.084
1714822615917,2024-05-04T14:36:55.917,69.730,0.311,0.105,1.073
1714822615927,2024-05-04T14:36:55.927,69.740,0.339,0.101,1.061
1714822615937,2024-05-04T14:36:55.937,69.750,0.383,0.103,1.061
1714822615947,2024-05-04T14:36:55.947,69.760,0.438,0.112,1.067
1714822615957,2024-05-04T14:36:55.957,69.770,0.531,0.117,1.087
1714822615967,2024-05-04T14:36:55.967,69.780,0.667,0.130,1.133
1714822615977,2024-05-04T14:36:55.977,69.790,0.807,0.133,1.169
1714822615987,2024-05-04T14:36:55.987,69.800,0.853,0.110,1.134
1714822615997,2024-05-04T14:36:55.997,69.810,0.763,0.089,1.047
1714822616007,2024-05-04T14:36:56.007,69.820,0.687,0.054,1.042
1714822616017,2024-05-04T14:36:56.017,69.830,0.656,0.034,1.028
1714822616027,2024-05-04T14:36:56.027,69.840,0.497,0.022,0.977
1714822616037,2024-05-04T14:36:56.037,69.850,0.312,-0.060,0.965
1714822616047,2024-05-04T14:36:56.047,69.860,0.172,-0.132,0.830
1714822616057,2024-05-04T14:36:56.057,69.870,0.174,-0.233,0.484
1714822616067,2024-05-04T14:36:56.067,69.880,0.244,-0.238,0.481
1714822616077,2024-05-04T14:36:56.077,69.890,-0.513,-0.244,0.112
1714822616087,2024-05-04T14:36:56.087,69.900,-0.931,-0.250,-0.113
1714822616097,2024-05-04T14:36:56.097,69.910,-1.003,-0.147,-0.294
1714822616107,2024-05-04T14:36:56.107,69.920,-1.268,-0.043,-0.404
1714822616117,2024-05-04T14:36:56.117,69.930,-1.767,0.098,-0.406
1714822616127,2024-05-04T14:36:56.127,69.940,-2.101,0.251,-0.447
1714822616137,2024-05-04T14:36:56.137,69.950,-2.086,0.344,-0.412
1714822616147,2024-05-04T14:36:56.147,69.960,-1.871,0.314,-0.217
1714822616157,2024-05-04T14:36:56.157,69.970,-1.440,0.196,0.333
1714822616167,2024-05-04T14:36:56.167,69.980,-0.900,0.069,0.865
1714822616177,2024-05-04T14:36:56.177,69.990,-0.865,0.031,0.565
1714822616187,2024-05-04T14:36:56.187,70.000,-0.862,0.123,0.055
1714822616197,2024-05-04T14:36:56.197,70.010,-0.835,0.174,-0.195
1714822616207,2024-05-04T14:36:56.207,70.020,-1.103,0.075,-0.318
1714822616217,2024-05-04T14:36:56.217,70.030,-1.418,0.052,-0.410
1714822616227,2024-05-04T14:36:56.227,70.040,-1.438,0.050,-0.397
1714822616237,2024-05-04T14:36:56.237,70.050,-1.266,-0.007,-0.334
1714822616247,2024-05-04T14:36:56.247,70.060,-1.184,-0.051,-0.376
1714822616257,2024-05-04T14:36:56.257,70.070,-1.252,-0.006,-0.486
1714822616267,2024-05-04T14:36:56.267,70.080,-1.359,0.080,-0.523
1714822616277,2024-05-04T14:36:56.277,70.090,-1.354,0.115,-0.453
1714822616287,2024-05-04T14:36:56.287,70.100,-1.273,0.101,-0.331
1714822616297,2024-05-04T14:36:56.297,70.110,-1.200,0.101,-0.217
1714822616307,2024-05-04T14:36:56.307,70.120,-1.149,0.128,-0.134
1714822616317,2024-05-04T14:36:56.317,70.130,-1.094,0.159,-0.044
1714822616327,2024-05-04T14:36:56.327,70.140,-1.043,0.187,0.060
1714822616337,2024-05-04T14:36:56.337,70.150,-0.997,0.190,0.163
1714822616347,2024-05-04T14:36:56.347,70.160,-0.927,0.181,0.242
1714822616357,2024-05-04T14:36:56.357,70.170,-0.932,0.178,0.245
1714822616367,2024-05-04T14:36:56.367,70.180,-1.007,0.188,0.280
1714822616377,2024-05-04T14:36:56.377,70.190,-0.984,0.199,0.334
1714822616387,2024-05-04T14:36:56.387,70.200,-0.907,0.185,0.368
1714822616397,2024-05-04T14:36:56.397,70.210,-0.874,0.180,0.410
1714822616407,2024-05-04T14:36:56.407,70.220,-0.887,0.188,0.449
1714822616417,2024-05-04T14:36:56.417,70.230,-0.927,0.174,0.485
1714822616427,2024-05-04T14:36:56.427,70.240,-0.943,0.151,0.524
1714822616437,2024-05-04T14:36:56.437,70.250,-0.874,0.157,0.563
1714822616447,2024-05-04T14:36:56.447,70.260,-0.757,0.184,0.583
1714822616457,2024-05-04T14:36:56.457,70.270,-0.711,0.213,0.591
1714822616467,2024-05-04T14:36:56.467,70.280,-0.733,0.221,0.601
1714822616477,2024-05-04T14:36:56.477,70.290,-0.694,0.203,0.664
1714822616487,2024-05-04T14:36:56.487,70.300,-0.531,0.176,0.763
1714822616497,2024-05-04T14:36:56.497,70.310,-0.406,0.153,0.830
1714822616507,2024-05-04T14:36:56.507,70.320,-0.390,0.145,0.847
1714822616517,2024-05-04T14:36:56.517,70.330,-0.461,0.156,0.823
1714822616527,2024-05-04T14:36:56.527,70.340,-0.494,0.181,0.799
1714822616537,2024-05-04T14:36:56.537,70.350,-0.443,0.225,0.822
1714822616547,2024-05-04T14:36:56.547,70.360,-0.364,0.231,0.879
1714822616557,2024-05-04T14:36:56.557,70.370,-0.291,0.198,0.951
1714822616567,2024-05-04T14:36:56.567,70.380,-0.261,0.164,0.995
1714822616577,2024-05-04T14:36:56.577,70.390,-0.244,0.163,0.994
1714822616587,2024-05-04T14:36:56.587,70.400,-0.234,0.171,0.961
1714822616597,2024-05-04T14:36:56.597,70.410,-0.253,0.171,0.909
1714822616607,2024-05-04T14:36:56.607,70.420,-0.275,0.182,0.859
1714822616617,2024-05-04T14:36:56.617,70.430,-0.254,0.210,0.852
1714822616627,2024-05-04T14:36:56.627,70.440,-0.210,0.233,0.870
1714822616637,2024-05-04T14:36:56.637,70.450,-0.140,0.229,0.908
1714822616647,2024-05-04T14:36:56.647,70.460,-0.044,0.207,0.939
1714822616657,2024-05-04T14:36:56.657,70.470,-0.015,0.189,0.948
1714822616667,2024-05-04T14:36:56.667,70.480,-0.040,0.167,0.940
1714822616677,2024-05-04T14:36:56.677,70.490,-0.016,0.172,0.931
1714822616687,2024-05-04T14:36:56.687,70.500,0.001,0.200,0.909
1714822616697,2024-05-04T14:36:56.697,70.510,-0.013,0.227,0.904
1714822616707,2024-05-04T14:36:56.707,70.520,-0.012,0.241,0.934
1714822616717,2024-05-04T14:36:56.717,70.530,0.020,0.226,0.982
1714822616727,2024-05-04T14:36:56.727,70.540,0.056,0.190,1.012
1714822616737,2024-05-04T14:36:56.737,70.550,0.078,0.157,1.022
1714822616747,2024-05-04T14:36:56.747,70.560,0.101,0.156,1.012
1714822616757,2024-05-04T14:36:56.757,70.570,0.129,0.168,0.993
1714822616767,2024-05-04T14:36:56.767,70.580,0.149,0.184,0.978
1714822616777,2024-05-04T14:36:56.777,70.590,0.163,0.196,0.963
1714822616787,2024-05-04T14:36:56.787,70.600,0.127,0.191,0.957
1714822616797,2024-05-04T14:36:56.797,70.610,0.065,0.176,0.954
1714822616807,2024-05-04T14:36:56.807,70.620,0.034,0.156,0.970
1714822616817,2024-05-04T14:36:56.817,70.630,0.074,0.149,1.013
1714822616827,2024-05-04T14:36:56.827,70.640,0.158,0.152,1.040
1714822616837,2024-05-04T14:36:56.837,70.650,0.231,0.162,1.025
1714822616847,2024-05-04T14:36:56.847,70.660,0.240,0.184,0.977
1714822616857,2024-05-04T14:36:56.857,70.670,0.185,0.211,0.947
1714822616867,2024-05-04T14:36:56.867,70.680,0.105,0.211,0.941
1714822616877,2024-05-04T14:36:56.877,70.690,0.042,0.182,0.958
1714822616887,2024-05-04T14:36:56.887,70.700,0.033,0.167,0.977
1714822616897,2024-05-04T14:36:56.897,70.710,0.104,0.171,1.001
1714822616907,2024-05-04T14:36:56.907,70.720,0.202,0.183,1.025
1714822616917,2024-05-04T14:36:56.917,70.730,0.247,0.190,1.028
1714822616927,2024-05-04T14:36:56.927,70.740,0.224,0.193,1.008
1714822616937,2024-05-04T14:36:56.937,70.750,0.190,0.196,0.973
1714822616947,2024-05-04T14:36:56.947,70.760,0.168,0.194,0.948
1714822616957,2024-05-04T14:36:56.957,70.770,0.138,0.175,0.943
1714822616967,2024-05-04T14:36:56.967,70.780,0.087,0.153,0.951
1714822616977,2024-05-04T14:36:56.977,70.790,0.063,0.149,0.984
1714822616987,2024-05-04T14:36:56.987,70.800,0.098,0.155,1.010
1714822616997,2024-05-04T14:36:56.997,70.810,0.175,0.166,1.022
1714822617007,2024-05-04T14:36:57.007,70.820,0.227,0.177,1.015
1714822617017,2024-05-04T14:36:57.017,70.830,0.215,0.183,0.996
1714822617027,2024-05-04T14:36:57.027,70.840,0.175,0.183,0.987
1714822617037,2024-05-04T14:36:57.037,70.850,0.160,0.172,0.999
1714822617047,2024-05-04T14:36:57.047,70.860,0.144,0.154,1.018
1714822617057,2024-05-04T14:36:57.057,70.870,0.125,0.136,1.027
1714822617067,2024-05-04T14:36:57.067,70.880,0.138,0.123,1.023
1714822617077,2024-05-04T14:36:57.077,70.890,0.151,0.131,1.003
1714822617087,2024-05-04T14:36:57.087,70.900,0.141,0.151,0.977
1714822617097,2024-05-04T14:36:57.097,70.910,0.111,0.175,0.962
1714822617107,2024-05-04T14:36:57.107,70.920,0.101,0.192,0.989
1714822617117,2024-05-04T14:36:57.117,70.930,0.106,0.184,1.002
1714822617127,2024-05-04T14:36:57.127,70.940,0.104,0.164,1.017
1714822617137,2024-05-04T14:36:57.137,70.950,0.127,0.161,1.034
1714822617147,2024-05-04T14:36:57.147,70.960,0.167,0.166,1.032
1714822617157,2024-05-04T14:36:57.157,70.970,0.175,0.167,1.017
1714822617167,2024-05-04T14:36:57.167,70.980,0.167,0.169,1.007
1714822617177,2024-05-04T14:36:57.177,70.990,0.155,0.166,0.991
1714822617187,2024-05-04T14:36:57.187,71.000,0.139,0.163,0.989
1714822617197,2024-05-04T14:36:57.197,71.010,0.108,0.159,0.996
1714822617207,2024-05-04T14:36:57.207,71.020,0.107,0.150,1.013
1714822617217,2024-05-04T14:36:57.217,71.030,0.154,0.142,1.034
1714822617227,2024-05-04T14:36:57.227,71.040,0.207,0.140,1.043
1714822617237,2024-05-04T14:36:57.237,71.050,0.246,0.144,1.044
1714822617247,2024-05-04T14:36:57.247,71.060,0.281,0.149,1.038
1714822617257,2024-05-04T14:36:57.257,71.070,0.306,0.154,1.028
1714822617267,2024-05-04T14:36:57.267,71.080,0.305,0.147,1.011
1714822617277,2024-05-04T14:36:57.277,71.090,0.323,0.143,0.983
1714822617287,2024-05-04T14:36:57.287,71.100,0.398,0.144,0.962
1714822617297,2024-05-04T14:36:57.297,71.110,0.499,0.148,0.955
1714822617307,2024-05-04T14:36:57.307,71.120,0.606,0.149,0.950
1714822617317,2024-05-04T14:36:57.317,71.130,0.683,0.160,0.889
1714822617327,2024-05-04T14:36:57.327,71.140,0.703,0.188,0.833
1714822617337,2024-05-04T14:36:57.337,71.150,0.685,0.212,0.868
1714822617347,2024-05-04T14:36:57.347,71.160,0.622,0.225,0.894
1714822617357,2024-05-04T14:36:57.357,71.170,0.515,0.227,0.918
1714822617367,2024-05-04T14:36:57.367,71.180,0.338,0.197,0.985
1714822617377,2024-05-04T14:36:57.377,71.190,0.178,0.137,1.009
1714822617387,2024-05-04T14:36:57.387,71.200,0.150,0.078,0.967
1714822617397,2024-05-04T14:36:57.397,71.210,0.262,0.049,0.902
1714822617407,2024-05-04T14:36:57.407,71.220,0.359,0.050,0.743
1714822617417,2024-05-04T14:36:57.417,71.230,0.605,-0.001,0.741
1714822617427,2024-05-04T14:36:57.427,71.240,0.371,-0.047,0.679
1714822617437,2024-05-04T14:36:57.437,71.250,-0.470,-0.144,0.576
1714822617447,2024-05-04T14:36:57.447,71.260,-1.156,-0.260,0.444
1714822617457,2024-05-04T14:36:57.457,71.270,-1.241,-0.240,0.253
1714822617467,2024-05-04T14:36:57.467,71.280,-0.933,-0.083,0.147
1714822617477,2024-05-04T14:36:57.477,71.290,-0.811,-0.011,0.096
1714822617487,2024-05-04T14:36:57.487,71.300,-0.978,-0.064,0.011
1714822617497,2024-05-04T14:36:57.497,71.310,-1.220,-0.129,-0.193
1714822617507,2024-05-04T14:36:57.507,71.320,-1.438,-0.115,-0.356
1714822617517,2024-05-04T14:36:57.517,71.330,-1.464,-0.052,-0.363
1714822617527,2024-05-04T14:36:57.527,71.340,-1.268,-0.005,-0.349
1714822617537,2024-05-04T14:36:57.537,71.350,-1.250,0.027,-0.443
1714822617547,2024-05-04T14:36:57.547,71.360,-1.426,0.033,-0.559
1714822617557,2024-05-04T14:36:57.557,71.370,-1.480,0.039,-0.670
1714822617567,2024-05-04T14:36:57.567,71.380,-1.408,-0.006,-0.758
1714822617577,2024-05-04T14:36:57.577,71.390,-1.270,-0.048,-0.813
1714822617587,2024-05-04T14:36:57.587,71.400,-1.144,-0.087,-0.869
1714822617597,2024-05-04T14:36:57.597,71.410,-1.141,-0.092,-0.913
1714822617607,2024-05-04T14:36:57.607,71.420,-1.188,-0.051,-0.944
1714822617617,2024-05-04T14:36:57.617,71.430,-1.201,-0.003,-0.914
1714822617627,2024-05-04T14:36:57.627,71.440,-1.181,0.032,-0.833
1714822617637,2024-05-04T14:36:57.637,71.450,-1.146,0.053,-0.735
1714822617647,2024-05-04T14:36:57.647,71.460,-1.089,0.062,-0.647
1714822617657,2024-05-04T14:36:57.657,71.470,-1.045,0.083,-0.587
1714822617667,2024-05-04T14:36:57.667,71.480,-1.063,0.128,-0.541
1714822617677,2024-05-04T14:36:57.677,71.490,-1.118,0.167,-0.454
1714822617687,2024-05-04T14:36:57.687,71.500,-1.140,0.164,-0.338
1714822617697,2024-05-04T14:36:57.697,71.510,-1.117,0.137,-0.252
1714822617707,2024-05-04T14:36:57.707,71.520,-1.090,0.119,-0.188
1714822617717,2024-05-04T14:36:57.717,71.530,-1.091,0.119,-0.133
1714822617727,2024-05-04T14:36:57.727,71.540,-1.137,0.111,-0.086
1714822617737,2024-05-04T14:36:57.737,71.550,-1.158,0.119,-0.052
1714822617747,2024-05-04T14:36:57.747,71.560,-1.107,0.116,0.009
1714822617757,2024-05-04T14:36:57.757,71.570,-1.037,0.100,0.061
1714822617767,2024-05-04T14:36:57.767,71.580,-0.982,0.104,0.113
1714822617777,2024-05-04T14:36:57.777,71.590,-0.960,0.104,0.183
1714822617787,2024-05-04T14:36:57.787,71.600,-0.960,0.075,0.269
1714822617797,2024-05-04T14:36:57.797,71.610,-0.926,0.055,0.334
1714822617807,2024-05-04T14:36:57.807,71.620,-0.879,0.075,0.366
1714822617817,2024-05-04T14:36:57.817,71.630,-0.881,0.109,0.366
1714822617827,2024-05-04T14:36:57.827,71.640,-0.861,0.117,0.406
1714822617837,2024-05-04T14:36:57.837,71.650,-0.780,0.117,0.487
1714822617847,2024-05-04T14:36:57.847,71.660,-0.674,0.106,0.601
1714822617857,2024-05-04T14:36:57.857,71.670,-0.562,0.071,0.726
1714822617867,2024-05-04T14:36:57.867,71.680,-0.459,0.065,0.796
1714822617877,2024-05-04T14:36:57.877,71.690,-0.380,0.094,0.782
1714822617887,2024-05-04T14:36:57.887,71.700,-0.383,0.120,0.721
1714822617897,2024-05-04T14:36:57.897,71.710,-0.412,0.131,0.659
1714822617907,2024-05-04T14:36:57.907,71.720,-0.352,0.151,0.673
1714822617917,2024-05-04T14:36:57.917,71.730,-0.251,0.162,0.760
1714822617927,2024-05-04T14:36:57.927,71.740,-0.178,0.132,0.905
1714822617937,2024-05-04T14:36:57.937,71.750,-0.116,0.100,1.060
1714822617947,2024-05-04T14:36:57.947,71.760,-0.067,0.095,1.109
1714822617957,2024-05-04T14:36:57.957,71.770,-0.051,0.122,1.055
1714822617967,2024-05-04T14:36:57.967,71.780,-0.037,0.173,0.986
1714822617977,2024-05-04T14:36:57.977,71.790,-0.048,0.208,0.900
1714822617987,2024-05-04T14:36:57.987,71.800,-0.116,0.195,0.845
1714822617997,2024-05-04T14:36:57.997,71.810,-0.194,0.162,0.841
1714822618007,2024-05-04T14:36:58.007,71.820,-0.244,0.145,0.875
1714822618017,2024-05-04T14:36:58.017,71.830,-0.191,0.141,0.960
1714822618027,2024-05-04T14:36:58.027,71.840,-0.013,0.137,1.041
1714822618037,2024-05-04T14:36:58.037,71.850,0.160,0.146,1.063
1714822618047,2024-05-04T14:36:58.047,71.860,0.226,0.168,1.046
1714822618057,2024-05-04T14:36:58.057,71.870,0.196,0.190,1.021
1714822618067,2024-05-04T14:36:58.067,71.880,0.166,0.188,1.000
1714822618077,2024-05-04T14:36:58.077,71.890,0.138,0.157,0.989
1714822618087,2024-05-04T14:36:58.087,71.900,0.063,0.118,0.978
1714822618097,2024-05-04T14:36:58.097,71.910,-0.029,0.088,0.961
1714822618107,2024-05-04T14:36:58.107,71.920,-0.009,0.090,0.958
1714822618117,2024-05-04T14:36:58.117,71.930,0.134,0.125,0.976
1714822618127,2024-05-04T14:36:58.127,71.940,0.240,0.171,0.994
1714822618137,2024-05-04T14:36:58.137,71.950,0.231,0.183,1.024
1714822618147,2024-05-04T14:36:58.147,71.960,0.166,0.151,1.034
1714822618157,2024-05-04T14:36:58.157,71.970,0.112,0.112,1.039
1714822618167,2024-05-04T14:36:58.167,71.980,0.112,0.101,1.064
1714822618177,2024-05-04T14:36:58.177,71.990,0.142,0.100,1.071
1714822618187,2024-05-04T14:36:58.187,72.000,0.128,0.104,1.024
1714822618197,2024-05-04T14:36:58.197,72.010,0.073,0.128,0.963
1714822618207,2024-05-04T14:36:58.207,72.020,0.054,0.153,0.950
1714822618217,2024-05-04T14:36:58.217,72.030,0.071,0.170,0.960
1714822618227,2024-05-04T14:36:58.227,72.040,0.084,0.173,0.977
1714822618237,2024-05-04T14:36:58.237,72.050,0.083,0.166,0.993
1714822618247,2024-05-04T14:36:58.247,72.060,0.096,0.149,1.011
1714822618257,2024-05-04T14:36:58.257,72.070,0.157,0.140,1.033
1714822618267,2024-05-04T14:36:58.267,72.080,0.229,0.146,1.044
1714822618277,2024-05-04T14:36:58.277,72.090,0.262,0.154,1.037
1714822618287,2024-05-04T14:36:58.287,72.100,0.197,0.159,1.003
1714822618297,2024-05-04T14:36:58.297,72.110,0.116,0.163,0.978
1714822618307,2024-05-04T14:36:58.307,72.120,0.070,0.146,0.958
1714822618317,2024-05-04T14:36:58.317,72.130,0.053,0.113,0.961
1714822618327,2024-05-04T14:36:58.327,72.140,0.093,0.114,0.976
1714822618337,2024-05-04T14:36:58.337,72.150,0.149,0.126,0.990
1714822618347,2024-05-04T14:36:58.347,72.160,0.189,0.140,0.995
1714822618357,2024-05-04T14:36:58.357,72.170,0.225,0.156,1.000
1714822618367,2024-05-04T14:36:58.367,72.180,0.227,0.160,1.006
1714822618377,2024-05-04T14:36:58.377,72.190,0.181,0.154,0.997
1714822618387,2024-05-04T14:36:58.387,72.200,0.123,0.146,0.996
1714822618397,2024-05-04T14:36:58.397,72.210,0.103,0.138,0.990
1714822618407,2024-05-04T14:36:58.407,72.220,0.120,0.131,0.982
1714822618417,2024-05-04T14:36:58.417,72.230,0.126,0.135,0.967
1714822618427,2024-05-04T14:36:58.427,72.240,0.124,0.147,0.966
1714822618437,2024-05-04T14:36:58.437,72.250,0.122,0.156,0.962
1714822618447,2024-05-04T14:36:58.447,72.260,0.132,0.158,0.961
1714822618457,2024-05-04T14:36:58.457,72.270,0.128,0.158,0.965
1714822618467,2024-05-04T14:36:58.467,72.280,0.117,0.159,0.976
1714822618477,2024-05-04T14:36:58.477,72.290,0.122,0.155,0.991
1714822618487,2024-05-04T14:36:58.487,72.300,0.131,0.150,1.007
1714822618497,2024-05-04T14:36:58.497,72.310,0.139,0.144,1.008
1714822618507,2024-05-04T14:36:58.507,72.320,0.132,0.148,0.985
1714822618517,2024-05-04T14:36:58.517,72.330,0.101,0.155,0.955
1714822618527,2024-05-04T14:36:58.527,72.340,0.063,0.162,0.945
1714822618537,2024-05-04T14:36:58.537,72.350,0.056,0.159,0.961
1714822618547,2024-05-04T14:36:58.547,72.360,0.087,0.146,0.994
1714822618557,2024-05-04T14:36:58.557,72.370,0.128,0.139,1.014
1714822618567,2024-05-04T14:36:58.567,72.380,0.166,0.142,1.020
1714822618577,2024-05-04T14:36:58.577,72.390,0.182,0.144,1.013
1714822618587,2024-05-04T14:36:58.587,72.400,0.164,0.142,0.993
1714822618597,2024-05-04T14:36:58.597,72.410,0.122,0.144,0.974
1714822618607,2024-05-04T14:36:58.607,72.420,0.094,0.150,0.970
1714822618617,2024-05-04T14:36:58.617,72.430,0.064,0.148,0.972
1714822618627,2024-05-04T14:36:58.627,72.440,0.063,0.141,0.982
1714822618637,2024-05-04T14:36:58.637,72.450,0.116,0.137,1.013
1714822618647,2024-05-04T14:36:58.647,72.460,0.176,0.129,1.035
1714822618657,2024-05-04T14:36:58.657,72.470,0.220,0.122,1.048
1714822618667,2024-05-04T14:36:58.667,72.480,0.246,0.119,1.047
1714822618677,2024-05-04T14:36:58.677,72.490,0.232,0.120,1.033
1714822618687,2024-05-04T14:36:58.687,72.500,0.211,0.130,1.032
1714822618697,2024-05-04T14:36:58.697,72.510,0.233,0.136,1.051
1714822618707,2024-05-04T14:36:58.707,72.520,0.297,0.136,1.099
1714822618717,2024-05-04T14:36:58.717,72.530,0.369,0.127,1.150
1714822618727,2024-05-04T14:36:58.727,72.540,0.454,0.112,1.191
1714822618737,2024-05-04T14:36:58.737,72.550,0.587,0.117,1.215
1714822618747,2024-05-04T14:36:58.747,72.560,0.708,0.127,1.203
1714822618757,2024-05-04T14:36:58.757,72.570,0.712,0.138,1.173
1714822618767,2024-05-04T14:36:58.767,72.580,0.597,0.151,1.145
1714822618777,2024-05-04T14:36:58.777,72.590,0.615,0.157,1.188
1714822618787,2024-05-04T14:36:58.787,72.600,0.820,0.130,1.250
1714822618797,2024-05-04T14:36:58.797,72.610,1.031,0.082,1.250
1714822618807,2024-05-04T14:36:58.807,72.620,1.212,0.046,1.187
1714822618817,2024-05-04T14:36:58.817,72.630,1.213,0.017,0.961
1714822618827,2024-05-04T14:36:58.827,72.640,1.023,0.024,0.646
1714822618837,2024-05-04T14:36:58.837,72.650,0.688,0.061,0.402
1714822618847,2024-05-04T14:36:58.847,72.660,0.349,0.076,0.328
1714822618857,2024-05-04T14:36:58.857,72.670,0.072,0.076,0.372
1714822618867,2024-05-04T14:36:58.867,72.680,-0.276,0.041,0.315
1714822618877,2024-05-04T14:36:58.877,72.690,-0.666,-0.057,0.149
1714822618887,2024-05-04T14:36:58.887,72.700,-1.002,-0.121,-0.095
1714822618897,2024-05-04T14:36:58.897,72.710,-0.954,-0.181,-0.432
1714822618907,2024-05-04T14:36:58.907,72.720,-1.242,0.107,-0.091
1714822618917,2024-05-04T14:36:58.917,72.730,-2.363,0.355,-0.221
1714822618927,2024-05-04T14:36:58.927,72.740,-2.099,0.269,0.033
1714822618937,2024-05-04T14:36:58.937,72.750,-1.426,0.137,0.078
1714822618947,2024-05-04T14:36:58.947,72.760,-1.236,0.059,0.035
1714822618957,2024-05-04T14:36:58.957,72.770,-1.260,0.038,-0.017
1714822618967,2024-05-04T14:36:58.967,72.780,-1.299,0.192,-0.084
1714822618977,2024-05-04T14:36:58.977,72.790,-1.149,0.304,-0.151
1714822618987,2024-05-04T14:36:58.987,72.800,-1.051,0.177,-0.151
1714822618997,2024-05-04T14:36:58.997,72.810,-1.080,0.052,-0.173
1714822619007,2024-05-04T14:36:59.007,72.820,-1.073,0.068,-0.242
1714822619017,2024-05-04T14:36:59.017,72.830,-1.023,0.103,-0.344
1714822619027,2024-05-04T14:36:59.027,72.840,-1.098,0.108,-0.462
1714822619037,2024-05-04T14:36:59.037,72.850,-1.207,0.123,-0.524
1714822619047,2024-05-04T14:36:59.047,72.860,-1.188,0.136,-0.534
1714822619057,2024-05-04T14:36:59.057,72.870,-1.126,0.145,-0.553
1714822619067,2024-05-04T14:36:59.067,72.880,-1.119,0.155,-0.573
1714822619077,2024-05-04T14:36:59.077,72.890,-1.105,0.168,-0.551
1714822619087,2024-05-04T14:36:59.087,72.900,-1.054,0.166,-0.463
1714822619097,2024-05-04T14:36:59.097,72.910,-1.015,0.159,-0.323
1714822619107,2024-05-04T14:36:59.107,72.920,-1.010,0.163,-0.193
1714822619117,2024-05-04T14:36:59.117,72.930,-0.987,0.181,-0.096
1714822619127,2024-05-04T14:36:59.127,72.940,-0.937,0.202,-0.057
1714822619137,2024-05-04T14:36:59.137,72.950,-0.933,0.220,-0.091
1714822619147,2024-05-04T14:36:59.147,72.960,-0.995,0.263,-0.144
1714822619157,2024-05-04T14:36:59.157,72.970,-1.076,0.292,-0.157
1714822619167,2024-05-04T14:36:59.167,72.980,-1.083,0.285,-0.112
1714822619177,2024-05-04T14:36:59.177,72.990,-1.004,0.261,-0.026
1714822619187,2024-05-04T14:36:59.187,73.000,-0.930,0.236,0.068
1714822619197,2024-05-04T14:36:59.197,73.010,-0.889,0.226,0.167
1714822619207,2024-05-04T14:36:59.207,73.020,-0.869,0.224,0.250
1714822619217,2024-05-04T14:36:59.217,73.030,-0.867,0.215,0.268
1714822619227,2024-05-04T14:36:59.227,73.040,-0.899,0.223,0.266
1714822619237,2024-05-04T14:36:59.237,73.050,-0.907,0.251,0.295
1714822619247,2024-05-04T14:36:59.247,73.060,-0.874,0.273,0.333
1714822619257,2024-05-04T14:36:59.257,73.070,-0.814,0.253,0.429
1714822619267,2024-05-04T14:36:59.267,73.080,-0.753,0.228,0.534
1714822619277,2024-05-04T14:36:59.277,73.090,-0.707,0.211,0.609
1714822619287,2024-05-04T14:36:59.287,73.100,-0.666,0.202,0.605
1714822619297,2024-05-04T14:36:59.297,73.110,-0.622,0.220,0.557
1714822619307,2024-05-04T14:36:59.307,73.120,-0.602,0.261,0.528
1714822619317,2024-05-04T14:36:59.317,73.130,-0.633,0.275,0.589
1714822619327,2024-05-04T14:36:59.327,73.140,-0.607,0.236,0.716
1714822619337,2024-05-04T14:36:59.337,73.150,-0.499,0.185,0.828
1714822619347,2024-05-04T14:36:59.347,73.160,-0.361,0.163,0.885
1714822619357,2024-05-04T14:36:59.357,73.170,-0.276,0.192,0.869
1714822619367,2024-05-04T14:36:59.367,73.180,-0.338,0.235,0.830
1714822619377,2024-05-04T14:36:59.377,73.190,-0.459,0.243,0.811
1714822619387,2024-05-04T14:36:59.387,73.200,-0.520,0.218,0.799
1714822619397,2024-05-04T14:36:59.397,73.210,-0.503,0.177,0.847
1714822619407,2024-05-04T14:36:59.407,73.220,-0.421,0.152,0.923
1714822619417,2024-05-04T14:36:59.417,73.230,-0.333,0.151,0.958
1714822619427,2024-05-04T14:36:59.427,73.240,-0.226,0.171,0.974
1714822619437,2024-05-04T14:36:59.437,73.250,-0.135,0.221,0.970
1714822619447,2024-05-04T14:36:59.447,73.260,-0.114,0.249,0.968
1714822619457,2024-05-04T14:36:59.457,73.270,-0.207,0.229,0.936
1714822619467,2024-05-04T14:36:59.467,73.280,-0.302,0.197,0.916
1714822619477,2024-05-04T14:36:59.477,73.290,-0.277,0.190,0.936
1714822619487,2024-05-04T14:36:59.487,73.300,-0.177,0.183,0.977
1714822619497,2024-05-04T14:36:59.497,73.310,-0.075,0.159,0.998
1714822619507,2024-05-04T14:36:59.507,73.320,-0.005,0.153,0.995
1714822619517,2024-05-04T14:36:59.517,73.330,0.003,0.173,0.987
1714822619527,2024-05-04T14:36:59.527,73.340,-0.029,0.198,0.988
1714822619537,2024-05-04T14:36:59.537,73.350,-0.038,0.190,1.028
1714822619547,2024-05-04T14:36:59.547,73.360,-0.054,0.160,1.071
1714822619557,2024-05-04T14:36:59.557,73.370,-0.096,0.134,1.077
1714822619567,2024-05-04T14:36:59.567,73.380,-0.088,0.125,1.068
1714822619577,2024-05-04T14:36:59.577,73.390,-0.033,0.136,1.032
1714822619587,2024-05-04T14:36:59.587,73.400,0.018,0.144,1.016
1714822619597,2024-05-04T14:36:59.597,73.410,0.053,0.157,1.034
1714822619607,2024-05-04T14:36:59.607,73.420,0.110,0.166,1.063
1714822619617,2024-05-04T14:36:59.617,73.430,0.146,0.161,1.072
1714822619627,2024-05-04T14:36:59.627,73.440,0.141,0.158,1.072
1714822619637,2024-05-04T14:36:59.637,73.450,0.099,0.169,1.068
1714822619647,2024-05-04T14:36:59.647,73.460,0.038,0.174,1.049
1714822619657,2024-05-04T14:36:59.657,73.470,0.008,0.158,1.022
1714822619667,2024-05-04T14:36:59.667,73.480,0.063,0.149,1.024
1714822619677,2024-05-04T14:36:59.677,73.490,0.167,0.165,1.045
1714822619687,2024-05-04T14:36:59.687,73.500,0.252,0.185,1.058
1714822619697,2024-05-04T14:36:59.697,73.510,0.257,0.188,1.045
1714822619707,2024-05-04T14:36:59.707,73.520,0.189,0.172,1.023
1714822619717,2024-05-04T14:36:59.717,73.530,0.131,0.156,1.018
1714822619727,2024-05-04T14:36:59.727,73.540,0.118,0.137,0.996
1714822619737,2024-05-04T14:36:59.737,73.550,0.136,0.124,1.004
1714822619747,2024-05-04T14:36:59.747,73.560,0.188,0.136,1.021
1714822619757,2024-05-04T14:36:59.757,73.570,0.231,0.148,1.016
1714822619767,2024-05-04T14:36:59.767,73.580,0.221,0.163,1.000
1714822619777,2024-05-04T14:36:59.777,73.590,0.168,0.176,0.989
1714822619787,2024-05-04T14:36:59.787,73.600,0.131,0.170,0.992
1714822619797,2024-05-04T14:36:59.797,73.610,0.088,0.161,0.979
1714822619807,2024-05-04T14:36:59.807,73.620,0.069,0.147,0.982
1714822619817,2024-05-04T14:36:59.817,73.630,0.110,0.141,0.998
1714822619827,2024-05-04T14:36:59.827,73.640,0.166,0.141,0.999
1714822619837,2024-05-04T14:36:59.837,73.650,0.185,0.147,0.979
1714822619847,2024-05-04T14:36:59.847,73.660,0.176,0.166,0.956
1714822619857,2024-05-04T14:36:59.857,73.670,0.150,0.179,0.957
1714822619867,2024-05-04T14:36:59.867,73.680,0.125,0.175,0.963
1714822619877,2024-05-04T14:36:59.877,73.690,0.104,0.157,0.968
1714822619887,2024-05-04T14:36:59.887,73.700,0.114,0.144,0.987
1714822619897,2024-05-04T14:36:59.897,73.710,0.171,0.143,0.999
1714822619907,2024-05-04T14:36:59.907,73.720,0.214,0.153,0.998
1714822619917,2024-05-04T14:36:59.917,73.730,0.182,0.165,0.981
1714822619927,2024-05-04T14:36:59.927,73.740,0.134,0.168,0.964
1714822619937,2024-05-04T14:36:59.937,73.750,0.128,0.167,0.949
1714822619947,2024-05-04T14:36:59.947,73.760,0.136,0.161,0.956
1714822619957,2024-05-04T14:36:59.957,73.770,0.129,0.157,0.969
1714822619967,2024-05-04T14:36:59.967,73.780,0.148,0.153,0.995
1714822619977,2024-05-04T14:36:59.977,73.790,0.188,0.156,1.013
1714822619987,2024-05-04T14:36:59.987,73.800,0.201,0.164,1.007
1714822619997,2024-05-04T14:36:59.997,73.810,0.165,0.180,0.987
1714822620007,2024-05-04T14:37:00.007,73.820,0.121,0.191,0.961
1714822620017,2024-05-04T14:37:00.017,73.830,0.100,0.187,0.965
1714822620027,2024-05-04T14:37:00.027,73.840,0.099,0.169,0.974
1714822620037,2024-05-04T14:37:00.037,73.850,0.160,0.153,1.003
1714822620047,2024-05-04T14:37:00.047,73.860,0.245,0.154,1.022
1714822620057,2024-05-04T14:37:00.057,73.870,0.283,0.152,1.032
1714822620067,2024-05-04T14:37:00.067,73.880,0.318,0.149,1.044
1714822620077,2024-05-04T14:37:00.077,73.890,0.364,0.150,1.064
1714822620087,2024-05-04T14:37:00.087,73.900,0.408,0.161,1.086
1714822620097,2024-05-04T14:37:00.097,73.910,0.458,0.173,1.119
1714822620107,2024-05-04T14:37:00.107,73.920,0.562,0.168,1.158
1714822620117,2024-05-04T14:37:00.117,73.930,0.757,0.156,1.199
1714822620127,2024-05-04T14:37:00.127,73.940,0.964,0.153,1.225
1714822620137,2024-05-04T14:37:00.137,73.950,1.082,0.164,1.213
1714822620147,2024-05-04T14:37:00.147,73.960,1.069,0.167,1.147
1714822620157,2024-05-04T14:37:00.157,73.970,0.924,0.160,1.037
1714822620167,2024-05-04T14:37:00.167,73.980,0.750,0.174,0.965
1714822620177,2024-05-04T14:37:00.177,73.990,0.617,0.195,0.952
1714822620187,2024-05-04T14:37:00.187,74.000,0.541,0.165,0.954
1714822620197,2024-05-04T14:37:00.197,74.010,0.507,0.094,0.913
1714822620207,2024-05-04T14:37:00.207,74.020,0.530,0.028,0.831
1714822620217,2024-05-04T14:37:00.217,74.030,0.528,-0.001,0.703
1714822620227,2024-05-04T14:37:00.227,74.040,0.380,0.009,0.511
1714822620237,2024-05-04T14:37:00.237,74.050,0.144,0.019,0.371
1714822620247,2024-05-04T14:37:00.247,74.060,-0.051,-0.042,0.247
1714822620257,2024-05-04T14:37:00.257,74.070,-0.339,-0.142,0.153
1714822620267,2024-05-04T14:37:00.267,74.080,-0.563,-0.242,-0.332
1714822620277,2024-05-04T14:37:00.277,74.090,-0.616,-0.235,0.016
1714822620287,2024-05-04T14:37:00.287,74.100,-1.920,0.008,-0.429
1714822620297,2024-05-04T14:37:00.297,74.110,-2.254,0.192,-0.292
1714822620307,2024-05-04T14:37:00.307,74.120,-1.926,0.187,-0.364
1714822620317,2024-05-04T14:37:00.317,74.130,-1.850,0.110,-0.429
1714822620327,2024-05-04T14:37:00.327,74.140,-1.891,0.070,-0.258
1714822620337,2024-05-04T14:37:00.337,74.150,-1.572,0.017,-0.024
1714822620347,2024-05-04T14:37:00.347,74.160,-0.947,-0.001,0.128
1714822620357,2024-05-04T14:37:00.357,74.170,-0.617,0.078,0.038
1714822620367,2024-05-04T14:37:00.367,74.180,-0.782,0.135,-0.277
1714822620377,2024-05-04T14:37:00.377,74.190,-1.154,0.125,-0.515
1714822620387,2024-05-04T14:37:00.387,74.200,-1.253,0.106,-0.610
1714822620397,2024-05-04T14:37:00.397,74.210,-1.167,0.057,-0.634
1714822620407,2024-05-04T14:37:00.407,74.220,-1.167,-0.011,-0.635
1714822620417,2024-05-04T14:37:00.417,74.230,-1.254,-0.044,-0.641
1714822620427,2024-05-04T14:37:00.427,74.240,-1.288,-0.036,-0.651
1714822620437,2024-05-04T14:37:00.437,74.250,-1.219,0.010,-0.644
1714822620447,2024-05-04T14:37:00.447,74.260,-1.146,0.059,-0.632
1714822620457,2024-05-04T14:37:00.457,74.270,-1.131,0.085,-0.629
1714822620467,2024-05-04T14:37:00.467,74.280,-1.103,0.118,-0.577
1714822620477,2024-05-04T14:37:00.477,74.290,-1.050,0.129,-0.462
1714822620487,2024-05-04T14:37:00.487,74.300,-1.011,0.101,-0.359
1714822620497,2024-05-04T14:37:00.497,74.310,-1.007,0.103,-0.270
1714822620507,2024-05-04T14:37:00.507,74.320,-1.016,0.134,-0.179
1714822620517,2024-05-04T14:37:00.517,74.330,-1.014,0.146,-0.132
1714822620527,2024-05-04T14:37:00.527,74.340,-1.011,0.136,-0.093
1714822620537,2024-05-04T14:37:00.537,74.350,-1.020,0.146,-0.018
1714822620547,2024-05-04T14:37:00.547,74.360,-1.000,0.156,0.043
1714822620557,2024-05-04T14:37:00.557,74.370,-0.973,0.150,0.089
1714822620567,2024-05-04T14:37:00.567,74.380,-0.959,0.147,0.153
1714822620577,2024-05-04T14:37:00.577,74.390,-0.965,0.154,0.217
1714822620587,2024-05-04T14:37:00.587,74.400,-0.965,0.155,0.260
1714822620597,2024-05-04T14:37:00.597,74.410,-0.958,0.161,0.291
1714822620607,2024-05-04T14:37:00.607,74.420,-0.929,0.167,0.317
1714822620617,2024-05-04T14:37:00.617,74.430,-0.900,0.178,0.375
1714822620627,2024-05-04T14:37:00.627,74.440,-0.882,0.173,0.458
1714822620637,2024-05-04T14:37:00.637,74.450,-0.892,0.147,0.511
1714822620647,2024-05-04T14:37:00.647,74.460,-0.876,0.136,0.544
1714822620657,2024-05-04T14:37:00.657,74.470,-0.833,0.163,0.576
1714822620667,2024-05-04T14:37:00.667,74.480,-0.810,0.198,0.597
1714822620677,2024-05-04T14:37:00.677,74.490,-0.825,0.222,0.570
1714822620687,2024-05-04T14:37:00.687,74.500,-0.849,0.237,0.552
1714822620697,2024-05-04T14:37:00.697,74.510,-0.828,0.234,0.576
1714822620707,2024-05-04T14:37:00.707,74.520,-0.770,0.210,0.672
1714822620717,2024-05-04T14:37:00.717,74.530,-0.665,0.143,0.792
1714822620727,2024-05-04T14:37:00.727,74.540,-0.535,0.110,0.813
1714822620737,2024-05-04T14:37:00.737,74.550,-0.465,0.134,0.791
1714822620747,2024-05-04T14:37:00.747,74.560,-0.471,0.148,0.777
1714822620757,2024-05-04T14:37:00.757,74.570,-0.556,0.164,0.773
1714822620767,2024-05-04T14:37:00.767,74.580,-0.646,0.169,0.754
1714822620777,2024-05-04T14:37:00.777,74.590,-0.674,0.153,0.758
1714822620787,2024-05-04T14:37:00.787,74.600,-0.563,0.148,0.867
1714822620797,2024-05-04T14:37:00.797,74.610,-0.321,0.151,1.000
1714822620807,2024-05-04T14:37:00.807,74.620,-0.146,0.138,1.040
1714822620817,2024-05-04T14:37:00.817,74.630,-0.133,0.145,0.995
1714822620827,2024-05-04T14:37:00.827,74.640,-0.229,0.171,0.915
1714822620837,2024-05-04T14:37:00.837,74.650,-0.348,0.177,0.825
1714822620847,2024-05-04T14:37:00.847,74.660,-0.325,0.177,0.849
1714822620857,2024-05-04T14:37:00.857,74.670,-0.219,0.181,0.940
1714822620867,2024-05-04T14:37:00.867,74.680,-0.212,0.169,1.042
1714822620877,2024-05-04T14:37:00.877,74.690,-0.207,0.143,1.086
1714822620887,2024-05-04T14:37:00.887,74.700,-0.114,0.124,1.064
1714822620897,2024-05-04T14:37:00.897,74.710,-0.021,0.148,0.993
1714822620907,2024-05-04T14:37:00.907,74.720,-0.000,0.202,0.942
1714822620917,2024-05-04T14:37:00.917,74.730,0.021,0.242,0.942
1714822620927,2024-05-04T14:37:00.927,74.740,-0.008,0.239,0.961
1714822620937,2024-05-04T14:37:00.937,74.750,-0.119,0.198,0.965
1714822620947,2024-05-04T14:37:00.947,74.760,-0.158,0.155,1.005
1714822620957,2024-05-04T14:37:00.957,74.770,0.009,0.142,1.083
1714822620967,2024-05-04T14:37:00.967,74.780,0.196,0.150,1.104
1714822620977,2024-05-04T14:37:00.977,74.790,0.228,0.179,1.051
1714822620987,2024-05-04T14:37:00.987,74.800,0.148,0.233,0.991
1714822620997,2024-05-04T14:37:00.997,74.810,0.095,0.258,0.949
1714822621007,2024-05-04T14:37:01.007,74.820,0.073,0.224,0.931
1714822621017,2024-05-04T14:37:01.017,74.830,0.005,0.179,0.923
1714822621027,2024-05-04T14:37:01.027,74.840,-0.080,0.156,0.935
1714822621037,2024-05-04T14:37:01.037,74.850,-0.039,0.156,0.981
1714822621047,2024-05-04T14:37:01.047,74.860,0.093,0.174,1.023
1714822621057,2024-05-04T14:37:01.057,74.870,0.168,0.188,1.037
1714822621067,2024-05-04T14:37:01.067,74.880,0.151,0.196,1.018
1714822621077,2024-05-04T14:37:01.077,74.890,0.124,0.221,0.994
1714822621087,2024-05-04T14:37:01.087,74.900,0.154,0.243,0.992
1714822621097,2024-05-04T14:37:01.097,74.910,0.130,0.227,0.988
1714822621107,2024-05-04T14:37:01.107,74.920,0.031,0.185,0.979
1714822621117,2024-05-04T14:37:01.117,74.930,0.006,0.163,1.003
1714822621127,2024-05-04T14:37:01.127,74.940,0.077,0.162,1.047
1714822621137,2024-05-04T14:37:01.137,74.950,0.151,0.164,1.066
1714822621147,2024-05-04T14:37:01.147,74.960,0.173,0.173,1.044
1714822621157,2024-05-04T14:37:01.157,74.970,0.153,0.206,1.001
1714822621167,2024-05-04T14:37:01.167,74.980,0.126,0.237,0.959
1714822621177,2024-05-04T14:37:01.177,74.990,0.116,0.242,0.941
1714822621187,2024-05-04T14:37:01.187,75.000,0.086,0.225,0.945
1714822621197,2024-05-04T14:37:01.197,75.010,0.034,0.204,0.957
1714822621207,2024-05-04T14:37:01.207,75.020,0.037,0.196,0.998
1714822621217,2024-05-04T14:37:01.217,75.030,0.103,0.204,1.030
1714822621227,2024-05-04T14:37:01.227,75.040,0.138,0.210,1.021
1714822621237,2024-05-04T14:37:01.237,75.050,0.113,0.239,0.979
1714822621247,2024-05-04T14:37:01.247,75.060,0.089,0.278,0.954
1714822621257,2024-05-04T14:37:01.257,75.070,0.078,0.275,0.949
1714822621267,2024-05-04T14:37:01.267,75.080,0.049,0.234,0.952
1714822621277,2024-05-04T14:37:01.277,75.090,0.018,0.199,0.971
1714822621287,2024-05-04T14:37:01.287,75.100,0.054,0.185,1.002
1714822621297,2024-05-04T14:37:01.297,75.110,0.114,0.186,1.012
1714822621307,2024-05-04T14:37:01.307,75.120,0.113,0.203,0.979
1714822621317,2024-05-04T14:37:01.317,75.130,0.066,0.233,0.953
1714822621327,2024-05-04T14:37:01.327,75.140,0.068,0.243,0.937
1714822621337,2024-05-04T14:37:01.337,75.150,0.090,0.224,0.933
1714822621347,2024-05-04T14:37:01.347,75.160,0.080,0.210,0.941
1714822621357,2024-05-04T14:37:01.357,75.170,0.068,0.199,0.946
1714822621367,2024-05-04T14:37:01.367,75.180,0.063,0.187,0.953
1714822621377,2024-05-04T14:37:01.377,75.190,0.085,0.187,0.981
1714822621387,2024-05-04T14:37:01.387,75.200,0.132,0.193,1.009
1714822621397,2024-05-04T14:37:01.397,75.210,0.151,0.202,1.021
1714822621407,2024-05-04T14:37:01.407,75.220,0.117,0.221,1.024
1714822621417,2024-05-04T14:37:01.417,75.230,0.121,0.236,1.021
1714822621427,2024-05-04T14:37:01.427,75.240,0.189,0.236,1.000
1714822621437,2024-05-04T14:37:01.437,75.250,0.234,0.232,1.024
1714822621447,2024-05-04T14:37:01.447,75.260,0.254,0.225,1.058
1714822621457,2024-05-04T14:37:01.457,75.270,0.271,0.208,1.060
1714822621467,2024-05-04T14:37:01.467,75.280,0.345,0.189,1.067
1714822621477,2024-05-04T14:37:01.477,75.290,0.482,0.185,1.077
1714822621487,2024-05-04T14:37:01.487,75.300,0.527,0.160,1.093
1714822621497,2024-05-04T14:37:01.497,75.310,0.464,0.142,1.093
1714822621507,2024-05-04T14:37:01.507,75.320,0.346,0.129,1.131
1714822621517,2024-05-04T14:37:01.517,75.330,0.297,0.099,1.261
1714822621527,2024-05-04T14:37:01.527,75.340,0.433,0.059,1.372
1714822621537,2024-05-04T14:37:01.537,75.350,0.678,0.069,1.333
1714822621547,2024-05-04T14:37:01.547,75.360,0.865,0.156,1.171
1714822621557,2024-05-04T14:37:01.557,75.370,0.839,0.266,0.905
1714822621567,2024-05-04T14:37:01.567,75.380,0.766,0.080,0.824
1714822621577,2024-05-04T14:37:01.577,75.390,0.488,-0.025,0.809
1714822621587,2024-05-04T14:37:01.587,75.400,-0.644,-0.275,0.545
1714822621597,2024-05-04T14:37:01.597,75.410,-1.040,-0.323,0.381
1714822621607,2024-05-04T14:37:01.607,75.420,-0.875,-0.237,0.243
1714822621617,2024-05-04T14:37:01.617,75.430,-0.944,-0.117,0.115
1714822621627,2024-05-04T14:37:01.627,75.440,-1.461,0.019,-0.065
1714822621637,2024-05-04T14:37:01.637,75.450,-1.953,0.134,-0.201
1714822621647,2024-05-04T14:37:01.647,75.460,-1.901,0.300,-0.237
1714822621657,2024-05-04T14:37:01.657,75.470,-1.578,0.512,-0.072
1714822621667,2024-05-04T14:37:01.667,75.480,-1.237,0.583,0.144
1714822621677,2024-05-04T14:37:01.677,75.490,-0.920,0.468,0.369
1714822621687,2024-05-04T14:37:01.687,75.500,-0.414,0.198,0.728
1714822621697,2024-05-04T14:37:01.697,75.510,-0.136,-0.006,0.849
1714822621707,2024-05-04T14:37:01.707,75.520,-0.610,-0.024,0.658
1714822621717,2024-05-04T14:37:01.717,75.530,-1.252,0.064,0.433
1714822621727,2024-05-04T14:37:01.727,75.540,-1.492,0.205,0.307
1714822621737,2024-05-04T14:37:01.737,75.550,-1.281,0.229,0.239
1714822621747,2024-05-04T14:37:01.747,75.560,-1.104,0.188,0.140
1714822621757,2024-05-04T14:37:01.757,75.570,-1.166,0.199,0.054
1714822621767,2024-05-04T14:37:01.767,75.580,-1.219,0.212,-0.050
1714822621777,2024-05-04T14:37:01.777,75.590,-1.160,0.207,-0.133
1714822621787,2024-05-04T14:37:01.787,75.600,-1.070,0.205,-0.140
1714822621797,2024-05-04T14:37:01.797,75.610,-1.021,0.183,-0.151
1714822621807,2024-05-04T14:37:01.807,75.620,-1.038,0.167,-0.197
1714822621817,2024-05-04T14:37:01.817,75.630,-1.103,0.169,-0.195
1714822621827,2024-05-04T14:37:01.827,75.640,-1.125,0.180,-0.114
1714822621837,2024-05-04T14:37:01.837,75.650,-1.112,0.171,-0.001
1714822621847,2024-05-04T14:37:01.847,75.660,-1.089,0.158,0.093
1714822621857,2024-05-04T14:37:01.857,75.670,-1.005,0.207,0.154
1714822621867,2024-05-04T14:37:01.867,75.680,-0.906,0.257,0.170
1714822621877,2024-05-04T14:37:01.877,75.690,-0.868,0.288,0.147
1714822621887,2024-05-04T14:37:01.887,75.700,-0.905,0.295,0.097
1714822621897,2024-05-04T14:37:01.897,75.710,-0.983,0.301,0.085
1714822621907,2024-05-04T14:37:01.907,75.720,-0.994,0.305,0.144
1714822621917,2024-05-04T14:37:01.917,75.730,-0.939,0.283,0.223
1714822621927,2024-05-04T14:37:01.927,75.740,-0.898,0.245,0.316
1714822621937,2024-05-04T14:37:01.937,75.750,-0.877,0.239,0.416
1714822621947,2024-05-04T14:37:01.947,75.760,-0.829,0.255,0.495
1714822621957,2024-05-04T14:37:01.957,75.770,-0.787,0.275,0.514
1714822621967,2024-05-04T14:37:01.967,75.780,-0.783,0.276,0.499
1714822621977,2024-05-04T14:37:01.977,75.790,-0.807,0.288,0.480
1714822621987,2024-05-04T14:37:01.987,75.800,-0.819,0.295,0.475
1714822621997,2024-05-04T14:37:01.997,75.810,-0.813,0.275,0.461
1714822622007,2024-05-04T14:37:02.007,75.820,-0.791,0.258,0.498
1714822622017,2024-05-04T14:37:02.017,75.830,-0.741,0.249,0.594
1714822622027,2024-05-04T14:37:02.027,75.840,-0.662,0.248,0.717
1714822622037,2024-05-04T14:37:02.037,75.850,-0.570,0.243,0.765
1714822622047,2024-05-04T14:37:02.047,75.860,-0.535,0.249,0.716
1714822622057,2024-05-04T14:37:02.057,75.870,-0.573,0.274,0.663
1714822622067,2024-05-04T14:37:02.067,75.880,-0.626,0.298,0.634
1714822622077,2024-05-04T14:37:02.077,75.890,-0.653,0.272,0.622
1714822622087,2024-05-04T14:37:02.087,75.900,-0.642,0.223,0.667
1714822622097,2024-05-04T14:37:02.097,75.910,-0.592,0.196,0.773
1714822622107,2024-05-04T14:37:02.107,75.920,-0.483,0.188,0.881
1714822622117,2024-05-04T14:37:02.117,75.930,-0.339,0.191,0.951
1714822622127,2024-05-04T14:37:02.127,75.940,-0.239,0.201,0.968
1714822622137,2024-05-04T14:37:02.137,75.950,-0.221,0.213,0.925
1714822622147,2024-05-04T14:37:02.147,75.960,-0.273,0.230,0.849
1714822622157,2024-05-04T14:37:02.157,75.970,-0.354,0.232,0.764
1714822622167,2024-05-04T14:37:02.167,75.980,-0.423,0.197,0.730
1714822622177,2024-05-04T14:37:02.177,75.990,-0.424,0.167,0.797
1714822622187,2024-05-04T14:37:02.187,76.000,-0.363,0.162,0.910
1714822622197,2024-05-04T14:37:02.197,76.010,-0.251,0.156,1.007
1714822622207,2024-05-04T14:37:02.207,76.020,-0.146,0.157,1.062
1714822622217,2024-05-04T14:37:02.217,76.030,-0.081,0.191,1.083
1714822622227,2024-05-04T14:37:02.227,76.040,-0.024,0.208,1.078
1714822622237,2024-05-04T14:37:02.237,76.050,0.016,0.208,1.039
1714822622247,2024-05-04T14:37:02.247,76.060,0.010,0.219,0.974
1714822622257,2024-05-04T14:37:02.257,76.070,-0.036,0.232,0.927
1714822622267,2024-05-04T14:37:02.267,76.080,-0.087,0.237,0.909
1714822622277,2024-05-04T14:37:02.277,76.090,-0.111,0.233,0.953
1714822622287,2024-05-04T14:37:02.287,76.100,-0.118,0.222,1.005
1714822622297,2024-05-04T14:37:02.297,76.110,-0.152,0.204,1.021
1714822622307,2024-05-04T14:37:02.307,76.120,-0.191,0.215,1.019
1714822622317,2024-05-04T14:37:02.317,76.130,-0.208,0.250,1.010
1714822622327,2024-05-04T14:37:02.327,76.140,-0.190,0.279,1.011
1714822622337,2024-05-04T14:37:02.337,76.150,-0.141,0.285,1.039
1714822622347,2024-05-04T14:37:02.347,76.160,-0.074,0.275,1.089
1714822622357,2024-05-04T14:37:02.357,76.170,-0.005,0.249,1.115
1714822622367,2024-05-04T14:37:02.367,76.180,0.036,0.230,1.097
1714822622377,2024-05-04T14:37:02.377,76.190,0.009,0.227,1.078
1714822622387,2024-05-04T14:37:02.387,76.200,-0.044,0.235,1.054
1714822622397,2024-05-04T14:37:02.397,76.210,-0.028,0.241,1.044
1714822622407,2024-05-04T14:37:02.407,76.220,0.006,0.226,1.059
1714822622417,2024-05-04T14:37:02.417,76.230,0.003,0.197,1.083
1714822622427,2024-05-04T14:37:02.427,76.240,-0.051,0.178,1.078
1714822622437,2024-05-04T14:37:02.437,76.250,-0.073,0.160,1.086
1714822622447,2024-05-04T14:37:02.447,76.260,0.001,0.158,1.090
1714822622457,2024-05-04T14:37:02.457,76.270,0.077,0.156,1.069
1714822622467,2024-05-04T14:37:02.467,76.280,0.106,0.171,1.043
1714822622477,2024-05-04T14:37:02.477,76.290,0.116,0.186,1.029
1714822622487,2024-05-04T14:37:02.487,76.300,0.098,0.162,1.029
1714822622497,2024-05-04T14:37:02.497,76.310,0.060,0.112,1.031
1714822622507,2024-05-04T14:37:02.507,76.320,0.049,0.082,1.035
1714822622517,2024-05-04T14:37:02.517,76.330,0.075,0.089,1.045
1714822622527,2024-05-04T14:37:02.527,76.340,0.081,0.111,1.022
1714822622537,2024-05-04T14:37:02.537,76.350,0.047,0.141,0.981
1714822622547,2024-05-04T14:37:02.547,76.360,0.036,0.164,0.959
1714822622557,2024-05-04T14:37:02.557,76.370,0.037,0.158,0.983
1714822622567,2024-05-04T14:37:02.567,76.380,0.020,0.119,1.004
1714822622577,2024-05-04T14:37:02.577,76.390,0.028,0.092,1.024
1714822622587,2024-05-04T14:37:02.587,76.400,0.081,0.102,1.042
1714822622597,2024-05-04T14:37:02.597,76.410,0.142,0.121,1.042
1714822622607,2024-05-04T14:37:02.607,76.420,0.147,0.143,1.015
1714822622617,2024-05-04T14:37:02.617,76.430,0.090,0.157,0.986
1714822622627,2024-05-04T14:37:02.627,76.440,0.060,0.155,0.972
1714822622637,2024-05-04T14:37:02.637,76.450,0.050,0.147,0.963
1714822622647,2024-05-04T14:37:02.647,76.460,0.036,0.140,0.960
1714822622657,2024-05-04T14:37:02.657,76.470,0.046,0.145,0.961
1714822622667,2024-05-04T14:37:02.667,76.480,0.058,0.154,0.961
1714822622677,2024-05-04T14:37:02.677,76.490,0.072,0.160,0.963
1714822622687,2024-05-04T14:37:02.687,76.500,0.091,0.169,0.975
1714822622697,2024-05-04T14:37:02.697,76.510,0.111,0.169,0.986
1714822622707,2024-05-04T14:37:02.707,76.520,0.100,0.155,0.987
1714822622717,2024-05-04T14:37:02.717,76.530,0.113,0.139,0.993
1714822622727,2024-05-04T14:37:02.727,76.540,0.152,0.124,0.999
1714822622737,2024-05-04T14:37:02.737,76.550,0.176,0.115,0.987
1714822622747,2024-05-04T14:37:02.747,76.560,0.173,0.127,0.978
1714822622757,2024-05-04T14:37:02.757,76.570,0.152,0.142,0.971
1714822622767,2024-05-04T14:37:02.767,76.580,0.146,0.151,0.981
1714822622777,2024-05-04T14:37:02.777,76.590,0.145,0.147,0.988
1714822622787,2024-05-04T14:37:02.787,76.600,0.148,0.134,1.014
1714822622797,2024-05-04T14:37:02.797,76.610,0.192,0.121,1.054
1714822622807,2024-05-04T14:37:02.807,76.620,0.258,0.110,1.095
1714822622817,2024-05-04T14:37:02.817,76.630,0.335,0.111,1.139
1714822622827,2024-05-04T14:37:02.827,76.640,0.432,0.127,1.178
1714822622837,2024-05-04T14:37:02.837,76.650,0.506,0.159,1.207
1714822622847,2024-05-04T14:37:02.847,76.660,0.542,0.191,1.206
1714822622857,2024-05-04T14:37:02.857,76.670,0.559,0.210,1.183
1714822622867,2024-05-04T14:37:02.867,76.680,0.567,0.203,1.189
1714822622877,2024-05-04T14:37:02.877,76.690,0.597,0.168,1.182
1714822622887,2024-05-04T14:37:02.887,76.700,0.795,0.151,1.206
1714822622897,2024-05-04T14:37:02.897,76.710,1.109,0.121,1.282
1714822622907,2024-05-04T14:37:02.907,76.720,1.388,0.091,1.312
1714822622917,2024-05-04T14:37:02.917,76.730,1.476,0.068,1.278
1714822622927,2024-05-04T14:37:02.927,76.740,1.409,0.014,1.203
1714822622937,2024-05-04T14:37:02.937,76.750,1.166,-0.064,1.028
1714822622947,2024-05-04T14:37:02.947,76.760,0.797,-0.125,0.761
1714822622957,2024-05-04T14:37:02.957,76.770,0.411,-0.211,0.474
1714822622967,2024-05-04T14:37:02.967,76.780,0.130,-0.286,0.129
1714822622977,2024-05-04T14:37:02.977,76.790,-0.222,-0.279,-0.250
1714822622987,2024-05-04T14:37:02.987,76.800,-0.728,-0.181,-0.445
1714822622997,2024-05-04T14:37:02.997,76.810,-1.001,-0.111,-0.625
1714822623007,2024-05-04T14:37:03.007,76.820,-1.047,-0.007,-0.384
1714822623017,2024-05-04T14:37:03.017,76.830,-1.949,0.082,-0.474
1714822623027,2024-05-04T14:37:03.027,76.840,-2.424,0.066,-0.311
1714822623037,2024-05-04T14:37:03.037,76.850,-2.348,0.083,-0.084
1714822623047,2024-05-04T14:37:03.047,76.860,-1.813,0.177,0.119
1714822623057,2024-05-04T14:37:03.057,76.870,-1.253,0.306,0.318
1714822623067,2024-05-04T14:37:03.067,76.880,-0.893,0.262,0.755
1714822623077,2024-05-04T14:37:03.077,76.890,-0.655,0.119,0.735
1714822623087,2024-05-04T14:37:03.087,76.900,-0.916,0.070,0.224
1714822623097,2024-05-04T14:37:03.097,76.910,-1.077,0.151,-0.146
1714822623107,2024-05-04T14:37:03.107,76.920,-0.989,0.224,-0.301
1714822623117,2024-05-04T14:37:03.117,76.930,-1.056,0.181,-0.296
1714822623127,2024-05-04T14:37:03.127,76.940,-1.207,0.113,-0.260
1714822623137,2024-05-04T14:37:03.137,76.950,-1.198,0.102,-0.264
1714822623147,2024-05-04T14:37:03.147,76.960,-1.127,0.071,-0.274
1714822623157,2024-05-04T14:37:03.157,76.970,-1.085,0.027,-0.296
1714822623167,2024-05-04T14:37:03.167,76.980,-1.074,0.032,-0.351
1714822623177,2024-05-04T14:37:03.177,76.990,-1.100,0.064,-0.397
1714822623187,2024-05-04T14:37:03.187,77.000,-1.116,0.095,-0.402
1714822623197,2024-05-04T14:37:03.197,77.010,-1.107,0.107,-0.383
1714822623207,2024-05-04T14:37:03.207,77.020,-1.104,0.112,-0.342
1714822623217,2024-05-04T14:37:03.217,77.030,-1.111,0.126,-0.253
1714822623227,2024-05-04T14:37:03.227,77.040,-1.061,0.145,-0.155
1714822623237,2024-05-04T14:37:03.237,77.050,-0.980,0.164,-0.094
1714822623247,2024-05-04T14:37:03.247,77.060,-0.962,0.195,-0.053
1714822623257,2024-05-04T14:37:03.257,77.070,-0.995,0.215,-0.012
1714822623267,2024-05-04T14:37:03.267,77.080,-1.009,0.222,0.043
1714822623277,2024-05-04T14:37:03.277,77.090,-1.001,0.219,0.087
1714822623287,2024-05-04T14:37:03.287,77.100,-0.992,0.211,0.131
1714822623297,2024-05-04T14:37:03.297,77.110,-0.984,0.218,0.202
1714822623307,2024-05-04T14:37:03.307,77.120,-0.983,0.230,0.244
1714822623317,2024-05-04T14:37:03.317,77.130,-0.994,0.234,0.229
1714822623327,2024-05-04T14:37:03.327,77.140,-1.008,0.243,0.208
1714822623337,2024-05-04T14:37:03.337,77.150,-1.000,0.252,0.219
1714822623347,2024-05-04T14:37:03.347,77.160,-0.979,0.245,0.250
1714822623357,2024-05-04T14:37:03.357,77.170,-0.982,0.222,0.312
1714822623367,2024-05-04T14:37:03.367,77.180,-0.999,0.193,0.396
1714822623377,2024-05-04T14:37:03.377,77.190,-0.973,0.175,0.465
1714822623387,2024-05-04T14:37:03.387,77.200,-0.909,0.166,0.497
1714822623397,2024-05-04T14:37:03.397,77.210,-0.865,0.189,0.451
1714822623407,2024-05-04T14:37:03.407,77.220,-0.872,0.194,0.355
1714822623417,2024-05-04T14:37:03.417,77.230,-0.979,0.201,0.265
1714822623427,2024-05-04T14:37:03.427,77.240,-1.095,0.228,0.286
1714822623437,2024-05-04T14:37:03.437,77.250,-1.033,0.227,0.423
1714822623447,2024-05-04T14:37:03.447,77.260,-0.846,0.180,0.582
1714822623457,2024-05-04T14:37:03.457,77.270,-0.668,0.148,0.725
1714822623467,2024-05-04T14:37:03.467,77.280,-0.596,0.137,0.790
1714822623477,2024-05-04T14:37:03.477,77.290,-0.542,0.149,0.772
1714822623487,2024-05-04T14:37:03.487,77.300,-0.443,0.211,0.729
1714822623497,2024-05-04T14:37:03.497,77.310,-0.428,0.237,0.718
1714822623507,2024-05-04T14:37:03.507,77.320,-0.525,0.191,0.740
1714822623517,2024-05-04T14:37:03.517,77.330,-0.737,0.128,0.711
1714822623527,2024-05-04T14:37:03.527,77.340,-0.754,0.092,0.822
1714822623537,2024-05-04T14:37:03.537,77.350,-0.405,0.059,0.927
1714822623547,2024-05-04T14:37:03.547,77.360,-0.250,0.120,0.949
1714822623557,2024-05-04T14:37:03.557,77.370,-0.372,0.190,0.908
1714822623567,2024-05-04T14:37:03.567,77.380,-0.429,0.230,0.837
1714822623577,2024-05-04T14:37:03.577,77.390,-0.311,0.252,0.850
1714822623587,2024-05-04T14:37:03.587,77.400,-0.202,0.240,0.918
1714822623597,2024-05-04T14:37:03.597,77.410,-0.198,0.187,0.966
1714822623607,2024-05-04T14:37:03.607,77.420,-0.286,0.137,0.979
1714822623617,2024-05-04T14:37:03.617,77.430,-0.350,0.112,0.975
1714822623627,2024-05-04T14:37:03.627,77.440,-0.274,0.128,0.982
1714822623637,2024-05-04T14:37:03.637,77.450,-0.138,0.174,0.964
1714822623647,2024-05-04T14:37:03.647,77.460,-0.033,0.220,0.955
1714822623657,2024-05-04T14:37:03.657,77.470,0.030,0.252,0.977
1714822623667,2024-05-04T14:37:03.667,77.480,0.053,0.249,1.009
1714822623677,2024-05-04T14:37:03.677,77.490,0.045,0.212,1.055
1714822623687,2024-05-04T14:37:03.687,77.500,0.053,0.171,1.091
1714822623697,2024-05-04T14:37:03.697,77.510,0.087,0.156,1.082
1714822623707,2024-05-04T14:37:03.707,77.520,0.074,0.157,1.022
1714822623717,2024-05-04T14:37:03.717,77.530,0.025,0.174,0.950
1714822623727,2024-05-04T14:37:03.727,77.540,-0.033,0.202,0.897
1714822623737,2024-05-04T14:37:03.737,77.550,-0.064,0.219,0.850
1714822623747,2024-05-04T14:37:03.747,77.560,0.000,0.220,0.864
1714822623757,2024-05-04T14:37:03.757,77.570,0.077,0.203,0.938
1714822623767,2024-05-04T14:37:03.767,77.580,0.138,0.167,1.009
1714822623777,2024-05-04T14:37:03.777,77.590,0.186,0.136,1.049
1714822623787,2024-05-04T14:37:03.787,77.600,0.237,0.130,1.062
1714822623797,2024-05-04T14:37:03.797,77.610,0.279,0.142,1.047
1714822623807,2024-05-04T14:37:03.807,77.620,0.262,0.152,1.003
1714822623817,2024-05-04T14:37:03.817,77.630,0.195,0.152,0.951
1714822623827,2024-05-04T14:37:03.827,77.640,0.093,0.154,0.921
1714822623837,2024-05-04T14:37:03.837,77.650,0.035,0.143,0.938
1714822623847,2024-05-04T14:37:03.847,77.660,0.074,0.131,0.986
1714822623857,2024-05-04T14:37:03.857,77.670,0.136,0.120,1.025
1714822623867,2024-05-04T14:37:03.867,77.680,0.180,0.123,1.024
1714822623877,2024-05-04T14:37:03.877,77.690,0.208,0.144,0.998
1714822623887,2024-05-04T14:37:03.887,77.700,0.218,0.179,0.980
1714822623897,2024-05-04T14:37:03.897,77.710,0.206,0.192,0.978
1714822623907,2024-05-04T14:37:03.907,77.720,0.168,0.173,0.989
1714822623917,2024-05-04T14:37:03.917,77.730,0.122,0.146,0.988
1714822623927,2024-05-04T14:37:03.927,77.740,0.135,0.133,0.998
1714822623937,2024-05-04T14:37:03.937,77.750,0.163,0.133,1.005
1714822623947,2024-05-04T14:37:03.947,77.760,0.175,0.140,0.991
1714822623957,2024-05-04T14:37:03.957,77.770,0.202,0.150,0.982
1714822623967,2024-05-04T14:37:03.967,77.780,0.223,0.165,0.976
1714822623977,2024-05-04T14:37:03.977,77.790,0.209,0.182,0.979
1714822623987,2024-05-04T14:37:03.987,77.800,0.157,0.188,0.992
1714822623997,2024-05-04T14:37:03.997,77.810,0.128,0.170,1.001
1714822624007,2024-05-04T14:37:04.007,77.820,0.151,0.155,1.014
1714822624017,2024-05-04T14:37:04.017,77.830,0.183,0.155,1.022
1714822624027,2024-05-04T14:37:04.027,77.840,0.200,0.162,1.020
1714822624037,2024-05-04T14:37:04.037,77.850,0.191,0.169,1.008
1714822624047,2024-05-04T14:37:04.047,77.860,0.161,0.176,0.998
1714822624057,2024-05-04T14:37:04.057,77.870,0.115,0.170,0.985
1714822624067,2024-05-04T14:37:04.067,77.880,0.093,0.160,0.986
1714822624077,2024-05-04T14:37:04.077,77.890,0.099,0.160,0.992
1714822624087,2024-05-04T14:37:04.087,77.900,0.116,0.156,1.007
1714822624097,2024-05-04T14:37:04.097,77.910,0.148,0.146,1.018
1714822624107,2024-05-04T14:37:04.107,77.920,0.188,0.137,1.006
1714822624117,2024-05-04T14:37:04.117,77.930,0.182,0.143,0.985
1714822624127,2024-05-04T14:37:04.127,77.940,0.147,0.156,0.968
1714822624137,2024-05-04T14:37:04.137,77.950,0.119,0.155,0.958
1714822624147,2024-05-04T14:37:04.147,77.960,0.073,0.136,0.946
1714822624157,2024-05-04T14:37:04.157,77.970,0.033,0.111,0.938
1714822624167,2024-05-04T14:37:04.167,77.980,0.056,0.103,0.949
1714822624177,2024-05-04T14:37:04.177,77.990,0.127,0.099,0.976
1714822624187,2024-05-04T14:37:04.187,78.000,0.223,0.099,1.004
1714822624197,2024-05-04T14:37:04.197,78.010,0.284,0.100,1.010
1714822624207,2024-05-04T14:37:04.207,78.020,0.271,0.102,0.996
1714822624217,2024-05-04T14:37:04.217,78.030,0.258,0.112,0.988
1714822624227,2024-05-04T14:37:04.227,78.040,0.291,0.116,0.988
1714822624237,2024-05-04T14:37:04.237,78.050,0.319,0.106,1.001
1714822624247,2024-05-04T14:37:04.247,78.060,0.325,0.104,1.030
1714822624257,2024-05-04T14:37:04.257,78.070,0.336,0.100,1.054
1714822624267,2024-05-04T14:37:04.267,78.080,0.372,0.102,1.066
1714822624277,2024-05-04T14:37:04.277,78.090,0.420,0.110,1.065
1714822624287,2024-05-04T14:37:04.287,78.100,0.456,0.124,1.059
1714822624297,2024-05-04T14:37:04.297,78.110,0.475,0.158,1.056
1714822624307,2024-05-04T14:37:04.307,78.120,0.531,0.192,1.063
1714822624317,2024-05-04T14:37:04.317,78.130,0.621,0.189,1.088
1714822624327,2024-05-04T14:37:04.327,78.140,0.663,0.157,1.099
1714822624337,2024-05-04T14:37:04.337,78.150,0.705,0.152,1.081
1714822624347,2024-05-04T14:37:04.347,78.160,0.858,0.184,1.071
1714822624357,2024-05-04T14:37:04.357,78.170,1.073,0.211,1.051
1714822624367,2024-05-04T14:37:04.367,78.180,1.151,0.245,0.941
1714822624377,2024-05-04T14:37:04.377,78.190,1.103,0.275,0.799
1714822624387,2024-05-04T14:37:04.387,78.200,0.958,0.226,0.740
1714822624397,2024-05-04T14:37:04.397,78.210,0.625,0.173,0.680
1714822624407,2024-05-04T14:37:04.407,78.220,0.207,0.091,0.671
1714822624417,2024-05-04T14:37:04.417,78.230,-0.064,-0.037,0.681
1714822624427,2024-05-04T14:37:04.427,78.240,-0.222,-0.148,0.562
1714822624437,2024-05-04T14:37:04.437,78.250,-0.079,-0.227,0.579
1714822624447,2024-05-04T14:37:04.447,78.260,-0.445,-0.212,0.500
1714822624457,2024-05-04T14:37:04.457,78.270,-1.010,-0.227,0.435
1714822624467,2024-05-04T14:37:04.467,78.280,-1.169,-0.186,0.473
1714822624477,2024-05-04T14:37:04.477,78.290,-1.135,-0.148,0.435
1714822624487,2024-05-04T14:37:04.487,78.300,-1.136,-0.147,0.286
1714822624497,2024-05-04T14:37:04.497,78.310,-1.152,-0.083,0.242
1714822624507,2024-05-04T14:37:04.507,78.320,-1.140,-0.046,0.293
1714822624517,2024-05-04T14:37:04.517,78.330,-1.259,-0.106,0.215
1714822624527,2024-05-04T14:37:04.527,78.340,-1.381,-0.148,0.020
1714822624537,2024-05-04T14:37:04.537,78.350,-1.384,-0.102,-0.252
1714822624547,2024-05-04T14:37:04.547,78.360,-1.440,-0.044,-0.437
1714822624557,2024-05-04T14:37:04.557,78.370,-1.472,-0.021,-0.519
1714822624567,2024-05-04T14:37:04.567,78.380,-1.265,-0.036,-0.508
1714822624577,2024-05-04T14:37:04.577,78.390,-1.110,-0.105,-0.563
1714822624587,2024-05-04T14:37:04.587,78.400,-1.208,-0.134,-0.674
1714822624597,2024-05-04T14:37:04.597,78.410,-1.270,-0.079,-0.734
1714822624607,2024-05-04T14:37:04.607,78.420,-1.197,-0.056,-0.737
1714822624617,2024-05-04T14:37:04.617,78.430,-1.139,-0.054,-0.734
1714822624627,2024-05-04T14:37:04.627,78.440,-1.151,-0.014,-0.731
1714822624637,2024-05-04T14:37:04.637,78.450,-1.151,0.026,-0.705
1714822624647,2024-05-04T14:37:04.647,78.460,-1.144,0.043,-0.661
1714822624657,2024-05-04T14:37:04.657,78.470,-1.170,0.062,-0.591
1714822624667,2024-05-04T14:37:04.667,78.480,-1.166,0.080,-0.499
1714822624677,2024-05-04T14:37:04.677,78.490,-1.115,0.086,-0.432
1714822624687,2024-05-04T14:37:04.687,78.500,-1.072,0.097,-0.366
1714822624697,2024-05-04T14:37:04.697,78.510,-1.035,0.115,-0.287
1714822624707,2024-05-04T14:37:04.707,78.520,-0.995,0.137,-0.237
1714822624717,2024-05-04T14:37:04.717,78.530,-0.978,0.151,-0.167
1714822624727,2024-05-04T14:37:04.727,78.540,-1.000,0.138,-0.075
1714822624737,2024-05-04T14:37:04.737,78.550,-1.015,0.115,0.011
1714822624747,2024-05-04T14:37:04.747,78.560,-1.028,0.106,0.053
1714822624757,2024-05-04T14:37:04.757,78.570,-1.033,0.110,0.066
1714822624767,2024-05-04T14:37:04.767,78.580,-0.999,0.115,0.083
1714822624777,2024-05-04T14:37:04.777,78.590,-0.958,0.126,0.093
1714822624787,2024-05-04T14:37:04.787,78.600,-0.961,0.146,0.151
1714822624797,2024-05-04T14:37:04.797,78.610,-0.981,0.146,0.252
1714822624807,2024-05-04T14:37:04.807,78.620,-0.983,0.134,0.344
1714822624817,2024-05-04T14:37:04.817,78.630,-0.966,0.134,0.406
1714822624827,2024-05-04T14:37:04.827,78.640,-0.916,0.116,0.446
1714822624837,2024-05-04T14:37:04.837,78.650,-0.848,0.097,0.433
1714822624847,2024-05-04T14:37:04.847,78.660,-0.793,0.093,0.408
1714822624857,2024-05-04T14:37:04.857,78.670,-0.723,0.101,0.440
1714822624867,2024-05-04T14:37:04.867,78.680,-0.593,0.124,0.533
1714822624877,2024-05-04T14:37:04.877,78.690,-0.460,0.136,0.653
1714822624887,2024-05-04T14:37:04.887,78.700,-0.379,0.113,0.811
1714822624897,2024-05-04T14:37:04.897,78.710,-0.336,0.077,0.941
1714822624907,2024-05-04T14:37:04.907,78.720,-0.260,0.073,1.004
1714822624917,2024-05-04T14:37:04.917,78.730,-0.164,0.098,0.988
1714822624927,2024-05-04T14:37:04.927,78.740,-0.125,0.132,0.926
1714822624937,2024-05-04T14:37:04.937,78.750,-0.180,0.167,0.860
1714822624947,2024-05-04T14:37:04.947,78.760,-0.270,0.186,0.823
1714822624957,2024-05-04T14:37:04.957,78.770,-0.306,0.167,0.821
1714822624967,2024-05-04T14:37:04.967,78.780,-0.276,0.133,0.873
1714822624977,2024-05-04T14:37:04.977,78.790,-0.194,0.113,0.955
1714822624987,2024-05-04T14:37:04.987,78.800,-0.095,0.117,1.025
1714822624997,2024-05-04T14:37:04.997,78.810,0.008,0.133,1.044
1714822625007,2024-05-04T14:37:05.007,78.820,0.083,0.158,1.002
1714822625017,2024-05-04T14:37:05.017,78.830,0.102,0.173,0.929
1714822625027,2024-05-04T14:37:05.027,78.840,0.063,0.187,0.885
1714822625037,2024-05-04T14:37:05.037,78.850,0.008,0.178,0.854
1714822625047,2024-05-04T14:37:05.047,78.860,-0.009,0.134,0.864
1714822625057,2024-05-04T14:37:05.057,78.870,0.083,0.122,0.946
1714822625067,2024-05-04T14:37:05.067,78.880,0.254,0.137,1.023
1714822625077,2024-05-04T14:37:05.077,78.890,0.386,0.153,1.068
1714822625087,2024-05-04T14:37:05.087,78.900,0.407,0.166,1.053
1714822625097,2024-05-04T14:37:05.097,78.910,0.368,0.191,1.013
1714822625107,2024-05-04T14:37:05.107,78.920,0.309,0.220,0.967
1714822625117,2024-05-04T14:37:05.117,78.930,0.270,0.226,0.943
1714822625127,2024-05-04T14:37:05.127,78.940,0.238,0.207,0.935
1714822625137,2024-05-04T14:37:05.137,78.950,0.194,0.184,0.950
1714822625147,2024-05-04T14:37:05.147,78.960,0.187,0.181,0.971
1714822625157,2024-05-04T14:37:05.157,78.970,0.222,0.167,1.002
1714822625167,2024-05-04T14:37:05.167,78.980,0.285,0.153,1.007
1714822625177,2024-05-04T14:37:05.177,78.990,0.342,0.158,0.983
1714822625187,2024-05-04T14:37:05.187,79.000,0.361,0.190,0.952
1714822625197,2024-05-04T14:37:05.197,79.010,0.356,0.231,0.928
1714822625207,2024-05-04T14:37:05.207,79.020,0.322,0.231,0.928
1714822625217,2024-05-04T14:37:05.217,79.030,0.246,0.204,0.917
1714822625227,2024-05-04T14:37:05.227,79.040,0.201,0.188,0.933
1714822625237,2024-05-04T14:37:05.237,79.050,0.217,0.198,0.968
1714822625247,2024-05-04T14:37:05.247,79.060,0.256,0.204,1.000
1714822625257,2024-05-04T14:37:05.257,79.070,0.302,0.194,0.993
1714822625267,2024-05-04T14:37:05.267,79.080,0.315,0.190,0.955
1714822625277,2024-05-04T14:37:05.277,79.090,0.292,0.213,0.918
1714822625287,2024-05-04T14:37:05.287,79.100,0.266,0.229,0.907
1714822625297,2024-05-04T14:37:05.297,79.110,0.233,0.216,0.919
1714822625307,2024-05-04T14:37:05.307,79.120,0.194,0.185,0.950
1714822625317,2024-05-04T14:37:05.317,79.130,0.195,0.165,0.973
1714822625327,2024-05-04T14:37:05.327,79.140,0.229,0.163,0.990
1714822625337,2024-05-04T14:37:05.337,79.150,0.254,0.177,0.991
1714822625347,2024-05-04T14:37:05.347,79.160,0.264,0.186,0.975
1714822625357,2024-05-04T14:37:05.357,79.170,0.257,0.196,0.956
1714822625367,2024-05-04T14:37:05.367,79.180,0.230,0.211,0.940
1714822625377,2024-05-04T14:37:05.377,79.190,0.187,0.215,0.942
1714822625387,2024-05-04T14:37:05.387,79.200,0.157,0.194,0.943
1714822625397,2024-05-04T14:37:05.397,79.210,0.158,0.165,0.954
1714822625407,2024-05-04T14:37:05.407,79.220,0.202,0.155,0.979
1714822625417,2024-05-04T14:37:05.417,79.230,0.237,0.164,1.000
1714822625427,2024-05-04T14:37:05.427,79.240,0.247,0.173,1.000
1714822625437,2024-05-04T14:37:05.437,79.250,0.253,0.191,0.985
1714822625447,2024-05-04T14:37:05.447,79.260,0.249,0.212,0.970
1714822625457,2024-05-04T14:37:05.457,79.270,0.217,0.221,0.962
1714822625467,2024-05-04T14:37:05.467,79.280,0.174,0.224,0.961
1714822625477,2024-05-04T14:37:05.477,79.290,0.146,0.222,0.973
1714822625487,2024-05-04T14:37:05.487,79.300,0.162,0.220,0.989
1714822625497,2024-05-04T14:37:05.497,79.310,0.193,0.214,0.999
1714822625507,2024-05-04T14:37:05.507,79.320,0.221,0.216,0.999
1714822625517,2024-05-04T14:37:05.517,79.330,0.227,0.227,0.989
1714822625527,2024-05-04T14:37:05.527,79.340,0.213,0.230,0.974
1714822625537,2024-05-04T14:37:05.537,79.350,0.203,0.224,0.959
1714822625547,2024-05-04T14:37:05.547,79.360,0.203,0.209,0.959
1714822625557,2024-05-04T14:37:05.557,79.370,0.178,0.191,0.969
1714822625567,2024-05-04T14:37:05.567,79.380,0.157,0.186,0.976
1714822625577,2024-05-04T14:37:05.577,79.390,0.171,0.185,0.984
1714822625587,2024-05-04T14:37:05.587,79.400,0.186,0.184,0.986
1714822625597,2024-05-04T14:37:05.597,79.410,0.188,0.186,0.986
1714822625607,2024-05-04T14:37:05.607,79.420,0.188,0.186,0.986
1714822625617,2024-05-04T14:37:05.617,79.430,0.192,0.188,0.990
1714822625627,2024-05-04T14:37:05.627,79.440,0.228,0.184,0.997
1714822625637,2024-05-04T14:37:05.637,79.450,0.263,0.178,1.000
1714822625647,2024-05-04T14:37:05.647,79.460,0.301,0.184,1.014
1714822625657,2024-05-04T14:37:05.657,79.470,0.362,0.194,1.038
1714822625667,2024-05-04T14:37:05.667,79.480,0.516,0.185,1.087
1714822625677,2024-05-04T14:37:05.677,79.490,0.753,0.168,1.157
1714822625687,2024-05-04T14:37:05.687,79.500,1.015,0.162,1.173
1714822625697,2024-05-04T14:37:05.697,79.510,1.190,0.157,1.103
1714822625707,2024-05-04T14:37:05.707,79.520,1.088,0.176,0.946
1714822625717,2024-05-04T14:37:05.717,79.530,0.947,0.210,0.816
1714822625727,2024-05-04T14:37:05.727,79.540,0.797,0.176,0.832
1714822625737,2024-05-04T14:37:05.737,79.550,0.561,0.113,0.822
1714822625747,2024-05-04T14:37:05.747,79.560,0.397,0.070,0.743
1714822625757,2024-05-04T14:37:05.757,79.570,0.197,0.058,0.559
1714822625767,2024-05-04T14:37:05.767,79.580,0.032,0.096,0.476
1714822625777,2024-05-04T14:37:05.777,79.590,-1.100,0.028,0.403
1714822625787,2024-05-04T14:37:05.787,79.600,-2.224,-0.034,0.334
1714822625797,2024-05-04T14:37:05.797,79.610,-2.071,0.041,0.313
1714822625807,2024-05-04T14:37:05.807,79.620,-1.072,0.263,0.408
1714822625817,2024-05-04T14:37:05.817,79.630,-0.592,0.328,0.450
1714822625827,2024-05-04T14:37:05.827,79.640,-0.745,0.168,0.487
1714822625837,2024-05-04T14:37:05.837,79.650,-1.111,0.042,0.549
1714822625847,2024-05-04T14:37:05.847,79.660,-1.157,0.057,0.604
1714822625857,2024-05-04T14:37:05.857,79.670,-0.974,0.097,0.583
1714822625867,2024-05-04T14:37:05.867,79.680,-0.876,0.083,0.497
1714822625877,2024-05-04T14:37:05.877,79.690,-0.931,0.070,0.350
1714822625887,2024-05-04T14:37:05.887,79.700,-1.104,0.104,0.232
1714822625897,2024-05-04T14:37:05.897,79.710,-1.212,0.143,0.140
1714822625907,2024-05-04T14:37:05.907,79.720,-1.209,0.123,0.056
1714822625917,2024-05-04T14:37:05.917,79.730,-1.168,0.076,0.039
1714822625927,2024-05-04T14:37:05.927,79.740,-1.151,0.071,0.079
1714822625937,2024-05-04T14:37:05.937,79.750,-1.143,0.077,0.113
1714822625947,2024-05-04T14:37:05.947,79.760,-1.124,0.097,0.145
1714822625957,2024-05-04T14:37:05.957,79.770,-1.101,0.126,0.209
1714822625967,2024-05-04T14:37:05.967,79.780,-1.071,0.168,0.270
1714822625977,2024-05-04T14:37:05.977,79.790,-1.018,0.202,0.299
1714822625987,2024-05-04T14:37:05.987,79.800,-0.947,0.232,0.342
1714822625997,2024-05-04T14:37:05.997,79.810,-0.888,0.237,0.414
1714822626007,2024-05-04T14:37:06.007,79.820,-0.822,0.233,0.499
1714822626017,2024-05-04T14:37:06.017,79.830,-0.802,0.242,0.540
1714822626027,2024-05-04T14:37:06.027,79.840,-0.832,0.243,0.532
1714822626037,2024-05-04T14:37:06.037,79.850,-0.846,0.241,0.498
1714822626047,2024-05-04T14:37:06.047,79.860,-0.880,0.251,0.481
1714822626057,2024-05-04T14:37:06.057,79.870,-0.902,0.256,0.496
1714822626067,2024-05-04T14:37:06.067,79.880,-0.875,0.248,0.540
1714822626077,2024-05-04T14:37:06.077,79.890,-0.814,0.248,0.572
1714822626087,2024-05-04T14:37:06.087,79.900,-0.771,0.235,0.609
1714822626097,2024-05-04T14:37:06.097,79.910,-0.745,0.217,0.626
1714822626107,2024-05-04T14:37:06.107,79.920,-0.730,0.225,0.618
1714822626117,2024-05-04T14:37:06.117,79.930,-0.717,0.249,0.587
1714822626127,2024-05-04T14:37:06.127,79.940,-0.720,0.271,0.566
1714822626137,2024-05-04T14:37:06.137,79.950,-0.770,0.292,0.542
1714822626147,2024-05-04T14:37:06.147,79.960,-0.813,0.282,0.540
1714822626157,2024-05-04T14:37:06.157,79.970,-0.812,0.244,0.604
1714822626167,2024-05-04T14:37:06.167,79.980,-0.745,0.219,0.776
1714822626177,2024-05-04T14:37:06.177,79.990,-0.630,0.197,0.923
1714822626187,2024-05-04T14:37:06.187,80.000,-0.542,0.200,0.942
1714822626197,2024-05-04T14:37:06.197,80.010,-0.490,0.243,0.859
1714822626207,2024-05-04T14:37:06.207,80.020,-0.470,0.302,0.730
1714822626217,2024-05-04T14:37:06.217,80.030,-0.573,0.311,0.599
1714822626227,2024-05-04T14:37:06.227,80.040,-0.746,0.273,0.535
1714822626237,2024-05-04T14:37:06.237,80.050,-0.790,0.240,0.593
1714822626247,2024-05-04T14:37:06.247,80.060,-0.661,0.223,0.757
1714822626257,2024-05-04T14:37:06.257,80.070,-0.457,0.208,0.962
1714822626267,2024-05-04T14:37:06.267,80.080,-0.321,0.201,1.085
1714822626277,2024-05-04T14:37:06.277,80.090,-0.291,0.215,1.066
1714822626287,2024-05-04T14:37:06.287,80.100,-0.280,0.268,0.980
1714822626297,2024-05-04T14:37:06.297,80.110,-0.281,0.323,0.871
1714822626307,2024-05-04T14:37:06.307,80.120,-0.336,0.318,0.772
1714822626317,2024-05-04T14:37:06.317,80.130,-0.425,0.286,0.723
1714822626327,2024-05-04T14:37:06.327,80.140,-0.496,0.251,0.752
1714822626337,2024-05-04T14:37:06.337,80.150,-0.463,0.219,0.851
1714822626347,2024-05-04T14:37:06.347,80.160,-0.305,0.208,0.988
1714822626357,2024-05-04T14:37:06.357,80.170,-0.144,0.220,1.086
1714822626367,2024-05-04T14:37:06.367,80.180,-0.099,0.244,1.095
1714822626377,2024-05-04T14:37:06.377,80.190,-0.178,0.271,0.998
1714822626387,2024-05-04T14:37:06.387,80.200,-0.300,0.276,0.914
1714822626397,2024-05-04T14:37:06.397,80.210,-0.315,0.265,0.896
1714822626407,2024-05-04T14:37:06.407,80.220,-0.238,0.254,0.867
1714822626417,2024-05-04T14:37:06.417,80.230,-0.181,0.220,0.854
1714822626427,2024-05-04T14:37:06.427,80.240,-0.183,0.179,0.875
1714822626437,2024-05-04T14:37:06.437,80.250,-0.159,0.175,0.898
1714822626447,2024-05-04T14:37:06.447,80.260,-0.042,0.209,0.938
1714822626457,2024-05-04T14:37:06.457,80.270,0.068,0.244,0.983
1714822626467,2024-05-04T14:37:06.467,80.280,0.099,0.241,1.007
1714822626477,2024-05-04T14:37:06.477,80.290,0.047,0.224,1.014
1714822626487,2024-05-04T14:37:06.487,80.300,-0.031,0.220,0.995
1714822626497,2024-05-04T14:37:06.497,80.310,-0.038,0.220,0.967
1714822626507,2024-05-04T14:37:06.507,80.320,0.008,0.214,0.970
1714822626517,2024-05-04T14:37:06.517,80.330,0.041,0.213,0.956
1714822626527,2024-05-04T14:37:06.527,80.340,0.065,0.220,0.938
1714822626537,2024-05-04T14:37:06.537,80.350,0.106,0.223,0.925
1714822626547,2024-05-04T14:37:06.547,80.360,0.107,0.225,0.926
1714822626557,2024-05-04T14:37:06.557,80.370,0.045,0.222,0.946
1714822626567,2024-05-04T14:37:06.567,80.380,0.016,0.214,0.970
1714822626577,2024-05-04T14:37:06.577,80.390,0.037,0.214,0.992
1714822626587,2024-05-04T14:37:06.587,80.400,0.083,0.211,1.015
1714822626597,2024-05-04T14:37:06.597,80.410,0.140,0.203,1.009
1714822626607,2024-05-04T14:37:06.607,80.420,0.175,0.194,0.996
1714822626617,2024-05-04T14:37:06.617,80.430,0.161,0.194,0.969
1714822626627,2024-05-04T14:37:06.627,80.440,0.105,0.200,0.943
1714822626637,2024-05-04T14:37:06.637,80.450,0.059,0.215,0.942
1714822626647,2024-05-04T14:37:06.647,80.460,0.061,0.220,0.964
1714822626657,2024-05-04T14:37:06.657,80.470,0.096,0.208,1.009
1714822626667,2024-05-04T14:37:06.667,80.480,0.146,0.195,1.043
1714822626677,2024-05-04T14:37:06.677,80.490,0.175,0.191,1.057
1714822626687,2024-05-04T14:37:06.687,80.500,0.207,0.188,1.053
1714822626697,2024-05-04T14:37:06.697,80.510,0.240,0.176,1.023
1714822626707,2024-05-04T14:37:06.707,80.520,0.235,0.168,0.967
1714822626717,2024-05-04T14:37:06.717,80.530,0.203,0.178,0.928
1714822626727,2024-05-04T14:37:06.727,80.540,0.146,0.191,0.932
1714822626737,2024-05-04T14:37:06.737,80.550,0.046,0.191,0.932
1714822626747,2024-05-04T14:37:06.747,80.560,-0.067,0.174,0.949
1714822626757,2024-05-04T14:37:06.757,80.570,-0.058,0.150,0.963
1714822626767,2024-05-04T14:37:06.767,80.580,0.077,0.140,0.976
1714822626777,2024-05-04T14:37:06.777,80.590,0.186,0.162,0.991
1714822626787,2024-05-04T14:37:06.787,80.600,0.214,0.191,0.977
1714822626797,2024-05-04T14:37:06.797,80.610,0.182,0.217,0.956
1714822626807,2024-05-04T14:37:06.807,80.620,0.139,0.234,0.975
1714822626817,2024-05-04T14:37:06.817,80.630,0.107,0.231,1.006
1714822626827,2024-05-04T14:37:06.827,80.640,0.093,0.206,1.025
1714822626837,2024-05-04T14:37:06.837,80.650,0.098,0.195,1.046
1714822626847,2024-05-04T14:37:06.847,80.660,0.104,0.200,1.059
1714822626857,2024-05-04T14:37:06.857,80.670,0.142,0.207,1.062
1714822626867,2024-05-04T14:37:06.867,80.680,0.183,0.210,1.050
1714822626877,2024-05-04T14:37:06.877,80.690,0.190,0.217,1.027
1714822626887,2024-05-04T14:37:06.887,80.700,0.162,0.223,1.000
1714822626897,2024-05-04T14:37:06.897,80.710,0.125,0.211,0.991
1714822626907,2024-05-04T14:37:06.907,80.720,0.101,0.190,1.012
1714822626917,2024-05-04T14:37:06.917,80.730,0.101,0.173,1.038
1714822626927,2024-05-04T14:37:06.927,80.740,0.125,0.153,1.061
1714822626937,2024-05-04T14:37:06.937,80.750,0.162,0.141,1.070
1714822626947,2024-05-04T14:37:06.947,80.760,0.204,0.147,1.080
1714822626957,2024-05-04T14:37:06.957,80.770,0.242,0.150,1.102
1714822626967,2024-05-04T14:37:06.967,80.780,0.276,0.145,1.144
1714822626977,2024-05-04T14:37:06.977,80.790,0.332,0.129,1.194
1714822626987,2024-05-04T14:37:06.987,80.800,0.424,0.116,1.273
1714822626997,2024-05-04T14:37:06.997,80.810,0.581,0.109,1.352
1714822627007,2024-05-04T14:37:07.007,80.820,0.767,0.101,1.396
1714822627017,2024-05-04T14:37:07.017,80.830,0.978,0.083,1.461
1714822627027,2024-05-04T14:37:07.027,80.840,1.045,0.074,1.392
1714822627037,2024-05-04T14:37:07.037,80.850,1.100,0.086,1.129
1714822627047,2024-05-04T14:37:07.047,80.860,1.111,0.104,0.890
1714822627057,2024-05-04T14:37:07.057,80.870,1.022,0.128,0.743
1714822627067,2024-05-04T14:37:07.067,80.880,0.984,0.152,0.721
1714822627077,2024-05-04T14:37:07.077,80.890,0.865,0.135,0.728
1714822627087,2024-05-04T14:37:07.087,80.900,0.584,0.030,0.750
1714822627097,2024-05-04T14:37:07.097,80.910,0.312,-0.102,0.584
1714822627107,2024-05-04T14:37:07.107,80.920,0.041,-0.244,0.357
1714822627117,2024-05-04T14:37:07.117,80.930,-0.250,-0.299,0.199
1714822627127,2024-05-04T14:37:07.127,80.940,-0.486,-0.264,0.046
1714822627137,2024-05-04T14:37:07.137,80.950,-0.664,-0.213,-0.108
1714822627147,2024-05-04T14:37:07.147,80.960,-0.936,-0.157,-0.347
1714822627157,2024-05-04T14:37:07.157,80.970,-1.353,-0.176,-0.521
1714822627167,2024-05-04T14:37:07.167,80.980,-1.965,-0.062,-0.368
1714822627177,2024-05-04T14:37:07.177,80.990,-2.666,0.080,-0.347
1714822627187,2024-05-04T14:37:07.187,81.000,-2.521,0.176,-0.061
1714822627197,2024-05-04T14:37:07.197,81.010,-1.938,0.163,0.137
1714822627207,2024-05-04T14:37:07.207,81.020,-1.343,0.145,0.246
1714822627217,2024-05-04T14:37:07.217,81.030,-0.758,0.156,0.435
1714822627227,2024-05-04T14:37:07.227,81.040,-0.306,0.209,0.679
1714822627237,2024-05-04T14:37:07.237,81.050,-0.554,0.113,0.599
1714822627247,2024-05-04T14:37:07.247,81.060,-1.103,-0.115,0.445
1714822627257,2024-05-04T14:37:07.257,81.070,-1.327,-0.019,0.251
1714822627267,2024-05-04T14:37:07.267,81.080,-1.306,0.126,0.078
1714822627277,2024-05-04T14:37:07.277,81.090,-1.317,0.187,-0.082
1714822627287,2024-05-04T14:37:07.287,81.100,-1.327,0.209,-0.197
1714822627297,2024-05-04T14:37:07.297,81.110,-1.265,0.221,-0.250
1714822627307,2024-05-04T14:37:07.307,81.120,-1.217,0.190,-0.260
1714822627317,2024-05-04T14:37:07.317,81.130,-1.203,0.148,-0.217
1714822627327,2024-05-04T14:37:07.327,81.140,-1.193,0.125,-0.174
1714822627337,2024-05-04T14:37:07.337,81.150,-1.123,0.103,-0.161
1714822627347,2024-05-04T14:37:07.347,81.160,-1.063,0.072,-0.183
1714822627357,2024-05-04T14:37:07.357,81.170,-1.094,0.038,-0.189
1714822627367,2024-05-04T14:37:07.367,81.180,-1.145,0.049,-0.158
1714822627377,2024-05-04T14:37:07.377,81.190,-1.139,0.088,-0.093
1714822627387,2024-05-04T14:37:07.387,81.200,-1.098,0.140,-0.007
1714822627397,2024-05-04T14:37:07.397,81.210,-1.042,0.198,0.026
1714822627407,2024-05-04T14:37:07.407,81.220,-0.984,0.213,0.006
1714822627417,2024-05-04T14:37:07.417,81.230,-1.000,0.214,0.064
1714822627427,2024-05-04T14:37:07.427,81.240,-1.006,0.215,0.163
1714822627437,2024-05-04T14:37:07.437,81.250,-0.979,0.201,0.225
1714822627447,2024-05-04T14:37:07.447,81.260,-0.956,0.197,0.239
1714822627457,2024-05-04T14:37:07.457,81.270,-1.002,0.207,0.252
1714822627467,2024-05-04T14:37:07.467,81.280,-1.051,0.220,0.287
1714822627477,2024-05-04T14:37:07.477,81.290,-1.022,0.232,0.362
1714822627487,2024-05-04T14:37:07.487,81.300,-0.939,0.240,0.490
1714822627497,2024-05-04T14:37:07.497,81.310,-0.835,0.219,0.632
1714822627507,2024-05-04T14:37:07.507,81.320,-0.776,0.192,0.646
1714822627517,2024-05-04T14:37:07.517,81.330,-0.759,0.206,0.593
1714822627527,2024-05-04T14:37:07.527,81.340,-0.781,0.248,0.541
1714822627537,2024-05-04T14:37:07.537,81.350,-0.863,0.271,0.486
1714822627547,2024-05-04T14:37:07.547,81.360,-0.897,0.253,0.519
1714822627557,2024-05-04T14:37:07.557,81.370,-0.754,0.232,0.671
1714822627567,2024-05-04T14:37:07.567,81.380,-0.553,0.202,0.805
1714822627577,2024-05-04T14:37:07.577,81.390,-0.426,0.166,0.853
1714822627587,2024-05-04T14:37:07.587,81.400,-0.385,0.161,0.800
1714822627597,2024-05-04T14:37:07.597,81.410,-0.394,0.187,0.737
1714822627607,2024-05-04T14:37:07.607,81.420,-0.425,0.220,0.692
1714822627617,2024-05-04T14:37:07.617,81.430,-0.480,0.228,0.679
1714822627627,2024-05-04T14:37:07.627,81.440,-0.502,0.204,0.735
1714822627637,2024-05-04T14:37:07.637,81.450,-0.408,0.162,0.908
1714822627647,2024-05-04T14:37:07.647,81.460,-0.260,0.125,1.015
1714822627657,2024-05-04T14:37:07.657,81.470,-0.190,0.113,1.028
1714822627667,2024-05-04T14:37:07.667,81.480,-0.159,0.142,0.983
1714822627677,2024-05-04T14:37:07.677,81.490,-0.145,0.196,0.935
1714822627687,2024-05-04T14:37:07.687,81.500,-0.164,0.236,0.875
1714822627697,2024-05-04T14:37:07.697,81.510,-0.146,0.230,0.853
1714822627707,2024-05-04T14:37:07.707,81.520,-0.124,0.208,0.896
1714822627717,2024-05-04T14:37:07.717,81.530,-0.109,0.167,0.997
1714822627727,2024-05-04T14:37:07.727,81.540,-0.022,0.140,1.086
1714822627737,2024-05-04T14:37:07.737,81.550,0.079,0.137,1.106
1714822627747,2024-05-04T14:37:07.747,81.560,0.110,0.160,1.071
1714822627757,2024-05-04T14:37:07.757,81.570,0.066,0.193,1.003
1714822627767,2024-05-04T14:37:07.767,81.580,-0.004,0.211,0.956
1714822627777,2024-05-04T14:37:07.777,81.590,-0.055,0.207,0.922
1714822627787,2024-05-04T14:37:07.787,81.600,-0.050,0.195,0.933
1714822627797,2024-05-04T14:37:07.797,81.610,0.047,0.193,0.993
1714822627807,2024-05-04T14:37:07.807,81.620,0.164,0.185,1.063
1714822627817,2024-05-04T14:37:07.817,81.630,0.270,0.179,1.100
1714822627827,2024-05-04T14:37:07.827,81.640,0.327,0.184,1.097
1714822627837,2024-05-04T14:37:07.837,81.650,0.309,0.195,1.068
1714822627847,2024-05-04T14:37:07.847,81.660,0.209,0.202,1.012
1714822627857,2024-05-04T14:37:07.857,81.670,0.106,0.210,0.980
1714822627867,2024-05-04T14:37:07.867,81.680,0.065,0.212,0.970
1714822627877,2024-05-04T14:37:07.877,81.690,0.066,0.199,0.971
1714822627887,2024-05-04T14:37:07.887,81.700,0.088,0.173,0.962
1714822627897,2024-05-04T14:37:07.897,81.710,0.125,0.162,0.958
1714822627907,2024-05-04T14:37:07.907,81.720,0.169,0.162,0.943
1714822627917,2024-05-04T14:37:07.917,81.730,0.205,0.181,0.920
1714822627927,2024-05-04T14:37:07.927,81.740,0.193,0.218,0.915
1714822627937,2024-05-04T14:37:07.937,81.750,0.131,0.235,0.926
1714822627947,2024-05-04T14:37:07.947,81.760,0.059,0.210,0.945
1714822627957,2024-05-04T14:37:07.957,81.770,0.055,0.179,0.970
1714822627967,2024-05-04T14:37:07.967,81.780,0.116,0.173,1.009
1714822627977,2024-05-04T14:37:07.977,81.790,0.181,0.180,1.031
1714822627987,2024-05-04T14:37:07.987,81.800,0.205,0.198,1.013
1714822627997,2024-05-04T14:37:07.997,81.810,0.204,0.220,0.966
1714822628007,2024-05-04T14:37:08.007,81.820,0.170,0.242,0.940
1714822628017,2024-05-04T14:37:08.017,81.830,0.111,0.252,0.935
1714822628027,2024-05-04T14:37:08.027,81.840,0.083,0.241,0.942
1714822628037,2024-05-04T14:37:08.037,81.850,0.103,0.220,0.955
1714822628047,2024-05-04T14:37:08.047,81.860,0.137,0.202,0.981
1714822628057,2024-05-04T14:37:08.057,81.870,0.181,0.189,1.004
1714822628067,2024-05-04T14:37:08.067,81.880,0.215,0.183,1.004
1714822628077,2024-05-04T14:37:08.077,81.890,0.208,0.193,0.991
1714822628087,2024-05-04T14:37:08.087,81.900,0.159,0.215,0.972
1714822628097,2024-05-04T14:37:08.097,81.910,0.101,0.232,0.964
1714822628107,2024-05-04T14:37:08.107,81.920,0.042,0.230,0.956
1714822628117,2024-05-04T14:37:08.117,81.930,0.040,0.218,0.972
1714822628127,2024-05-04T14:37:08.127,81.940,0.104,0.205,1.008
1714822628137,2024-05-04T14:37:08.137,81.950,0.184,0.200,1.037
1714822628147,2024-05-04T14:37:08.147,81.960,0.205,0.200,1.040
1714822628157,2024-05-04T14:37:08.157,81.970,0.178,0.210,1.022
1714822628167,2024-05-04T14:37:08.167,81.980,0.160,0.217,1.008
1714822628177,2024-05-04T14:37:08.177,81.990,0.155,0.203,1.007
1714822628187,2024-05-04T14:37:08.187,82.000,0.131,0.183,0.980
1714822628197,2024-05-04T14:37:08.197,82.010,0.079,0.161,0.970
1714822628207,2024-05-04T14:37:08.207,82.020,0.078,0.144,0.991
1714822628217,2024-05-04T14:37:08.217,82.030,0.115,0.136,1.008
1714822628227,2024-05-04T14:37:08.227,82.040,0.151,0.140,1.022
1714822628237,2024-05-04T14:37:08.237,82.050,0.188,0.151,1.024
1714822628247,2024-05-04T14:37:08.247,82.060,0.210,0.163,1.023
1714822628257,2024-05-04T14:37:08.257,82.070,0.221,0.166,1.030
1714822628267,2024-05-04T14:37:08.267,82.080,0.258,0.157,1.050
1714822628277,2024-05-04T14:37:08.277,82.090,0.328,0.152,1.095
1714822628287,2024-05-04T14:37:08.287,82.100,0.393,0.152,1.149
1714822628297,2024-05-04T14:37:08.297,82.110,0.443,0.162,1.188
1714822628307,2024-05-04T14:37:08.307,82.120,0.483,0.169,1.211
1714822628317,2024-05-04T14:37:08.317,82.130,0.505,0.169,1.209
1714822628327,2024-05-04T14:37:08.327,82.140,0.500,0.169,1.189
1714822628337,2024-05-04T14:37:08.337,82.150,0.469,0.174,1.152
1714822628347,2024-05-04T14:37:08.347,82.160,0.429,0.173,1.102
1714822628357,2024-05-04T14:37:08.357,82.170,0.415,0.175,1.082
1714822628367,2024-05-04T14:37:08.367,82.180,0.408,0.162,1.125
1714822628377,2024-05-04T14:37:08.377,82.190,0.382,0.108,1.173
1714822628387,2024-05-04T14:37:08.387,82.200,0.412,0.057,1.197
1714822628397,2024-05-04T14:37:08.397,82.210,0.417,0.026,1.152
1714822628407,2024-05-04T14:37:08.407,82.220,0.375,0.049,1.022
1714822628417,2024-05-04T14:37:08.417,82.230,0.343,0.097,0.838
1714822628427,2024-05-04T14:37:08.427,82.240,0.332,0.082,0.760
1714822628437,2024-05-04T14:37:08.437,82.250,0.284,0.019,0.765
1714822628447,2024-05-04T14:37:08.447,82.260,0.180,-0.032,0.626
1714822628457,2024-05-04T14:37:08.457,82.270,-0.049,-0.057,0.393
1714822628467,2024-05-04T14:37:08.467,82.280,-0.262,-0.011,0.193
1714822628477,2024-05-04T14:37:08.477,82.290,-0.484,-0.018,-0.020
1714822628487,2024-05-04T14:37:08.487,82.300,-0.977,0.027,-0.124
1714822628497,2024-05-04T14:37:08.497,82.310,-2.025,0.100,-0.344
1714822628507,2024-05-04T14:37:08.507,82.320,-2.704,0.202,-0.460
1714822628517,2024-05-04T14:37:08.517,82.330,-2.488,0.411,-0.501
1714822628527,2024-05-04T14:37:08.527,82.340,-1.625,0.672,-0.292
1714822628537,2024-05-04T14:37:08.537,82.350,-0.770,0.646,0.069
1714822628547,2024-05-04T14:37:08.547,82.360,-0.147,0.425,0.651
1714822628557,2024-05-04T14:37:08.557,82.370,-0.207,0.253,0.975
1714822628567,2024-05-04T14:37:08.567,82.380,-0.605,0.089,1.033
1714822628577,2024-05-04T14:37:08.577,82.390,-0.852,0.026,0.981
1714822628587,2024-05-04T14:37:08.587,82.400,-0.880,0.041,0.784
1714822628597,2024-05-04T14:37:08.597,82.410,-0.994,0.082,0.542
1714822628607,2024-05-04T14:37:08.607,82.420,-1.276,0.183,0.304
1714822628617,2024-05-04T14:37:08.617,82.430,-1.447,0.265,0.104
1714822628627,2024-05-04T14:37:08.627,82.440,-1.368,0.273,0.002
1714822628637,2024-05-04T14:37:08.637,82.450,-1.226,0.229,0.017
1714822628647,2024-05-04T14:37:08.647,82.460,-1.176,0.183,0.070
1714822628657,2024-05-04T14:37:08.657,82.470,-1.156,0.174,0.118
1714822628667,2024-05-04T14:37:08.667,82.480,-1.100,0.197,0.149
1714822628677,2024-05-04T14:37:08.677,82.490,-1.060,0.213,0.152
1714822628687,2024-05-04T14:37:08.687,82.500,-1.065,0.208,0.138
1714822628697,2024-05-04T14:37:08.697,82.510,-1.065,0.203,0.134
1714822628707,2024-05-04T14:37:08.707,82.520,-1.060,0.197,0.138
1714822628717,2024-05-04T14:37:08.717,82.530,-1.082,0.201,0.166
1714822628727,2024-05-04T14:37:08.727,82.540,-1.064,0.215,0.246
1714822628737,2024-05-04T14:37:08.737,82.550,-0.957,0.230,0.366
1714822628747,2024-05-04T14:37:08.747,82.560,-0.822,0.265,0.487
1714822628757,2024-05-04T14:37:08.757,82.570,-0.742,0.296,0.551
1714822628767,2024-05-04T14:37:08.767,82.580,-0.753,0.303,0.541
1714822628777,2024-05-04T14:37:08.777,82.590,-0.779,0.303,0.516
1714822628787,2024-05-04T14:37:08.787,82.600,-0.796,0.313,0.500
1714822628797,2024-05-04T14:37:08.797,82.610,-0.821,0.318,0.495
1714822628807,2024-05-04T14:37:08.807,82.620,-0.810,0.316,0.547
1714822628817,2024-05-04T14:37:08.817,82.630,-0.728,0.300,0.638
1714822628827,2024-05-04T14:37:08.827,82.640,-0.607,0.280,0.755
1714822628837,2024-05-04T14:37:08.837,82.650,-0.556,0.259,0.784
1714822628847,2024-05-04T14:37:08.847,82.660,-0.606,0.250,0.724
1714822628857,2024-05-04T14:37:08.857,82.670,-0.650,0.267,0.626
1714822628867,2024-05-04T14:37:08.867,82.680,-0.630,0.271,0.563
1714822628877,2024-05-04T14:37:08.877,82.690,-0.625,0.255,0.572
1714822628887,2024-05-04T14:37:08.887,82.700,-0.625,0.238,0.670
1714822628897,2024-05-04T14:37:08.897,82.710,-0.565,0.224,0.810
1714822628907,2024-05-04T14:37:08.907,82.720,-0.434,0.211,0.952
1714822628917,2024-05-04T14:37:08.917,82.730,-0.327,0.208,1.035
1714822628927,2024-05-04T14:37:08.927,82.740,-0.330,0.226,1.013
1714822628937,2024-05-04T14:37:08.937,82.750,-0.356,0.255,0.917
1714822628947,2024-05-04T14:37:08.947,82.760,-0.391,0.283,0.794
1714822628957,2024-05-04T14:37:08.957,82.770,-0.417,0.271,0.742
1714822628967,2024-05-04T14:37:08.967,82.780,-0.434,0.240,0.791
1714822628977,2024-05-04T14:37:08.977,82.790,-0.407,0.190,0.902
1714822628987,2024-05-04T14:37:08.987,82.800,-0.312,0.159,1.002
1714822628997,2024-05-04T14:37:08.997,82.810,-0.205,0.167,1.051
1714822629007,2024-05-04T14:37:09.007,82.820,-0.152,0.212,1.021
1714822629017,2024-05-04T14:37:09.017,82.830,-0.142,0.261,0.932
1714822629027,2024-05-04T14:37:09.027,82.840,-0.162,0.290,0.856
1714822629037,2024-05-04T14:37:09.037,82.850,-0.227,0.297,0.810
1714822629047,2024-05-04T14:37:09.047,82.860,-0.263,0.261,0.821
1714822629057,2024-05-04T14:37:09.057,82.870,-0.202,0.227,0.904
1714822629067,2024-05-04T14:37:09.067,82.880,-0.102,0.210,0.998
1714822629077,2024-05-04T14:37:09.077,82.890,-0.016,0.219,1.090
1714822629087,2024-05-04T14:37:09.087,82.900,0.060,0.238,1.117
1714822629097,2024-05-04T14:37:09.097,82.910,0.097,0.257,1.082
1714822629107,2024-05-04T14:37:09.107,82.920,0.047,0.278,1.024
1714822629117,2024-05-04T14:37:09.117,82.930,-0.045,0.294,0.976
1714822629127,2024-05-04T14:37:09.127,82.940,-0.096,0.277,0.967
1714822629137,2024-05-04T14:37:09.137,82.950,-0.075,0.238,0.974
1714822629147,2024-05-04T14:37:09.147,82.960,-0.004,0.208,0.987
1714822629157,2024-05-04T14:37:09.157,82.970,0.053,0.199,1.017
1714822629167,2024-05-04T14:37:09.167,82.980,0.057,0.211,1.035
1714822629177,2024-05-04T14:37:09.177,82.990,0.029,0.223,1.002
1714822629187,2024-05-04T14:37:09.187,83.000,0.026,0.228,0.977
1714822629197,2024-05-04T14:37:09.197,83.010,0.050,0.225,0.968
1714822629207,2024-05-04T14:37:09.207,83.020,0.050,0.204,0.957
1714822629217,2024-05-04T14:37:09.217,83.030,0.025,0.182,0.955
1714822629227,2024-05-04T14:37:09.227,83.040,0.053,0.179,0.980
1714822629237,2024-05-04T14:37:09.237,83.050,0.121,0.185,0.997
1714822629247,2024-05-04T14:37:09.247,83.060,0.162,0.188,1.008
1714822629257,2024-05-04T14:37:09.257,83.070,0.148,0.196,1.005
1714822629267,2024-05-04T14:37:09.267,83.080,0.120,0.206,0.977
1714822629277,2024-05-04T14:37:09.277,83.090,0.091,0.210,0.944
1714822629287,2024-05-04T14:37:09.287,83.100,0.067,0.216,0.917
1714822629297,2024-05-04T14:37:09.297,83.110,0.019,0.232,0.903
1714822629307,2024-05-04T14:37:09.307,83.120,-0.002,0.247,0.932
1714822629317,2024-05-04T14:37:09.317,83.130,0.053,0.240,0.970
1714822629327,2024-05-04T14:37:09.327,83.140,0.125,0.206,0.998
1714822629337,2024-05-04T14:37:09.337,83.150,0.186,0.179,1.011
1714822629347,2024-05-04T14:37:09.347,83.160,0.225,0.181,1.013
1714822629357,2024-05-04T14:37:09.357,83.170,0.225,0.197,1.018
1714822629367,2024-05-04T14:37:09.367,83.180,0.198,0.195,1.014
1714822629377,2024-05-04T14:37:09.377,83.190,0.146,0.185,1.014
1714822629387,2024-05-04T14:37:09.387,83.200,0.104,0.185,1.019
1714822629397,2024-05-04T14:37:09.397,83.210,0.079,0.185,1.020
1714822629407,2024-05-04T14:37:09.407,83.220,0.059,0.175,1.003
1714822629417,2024-05-04T14:37:09.417,83.230,0.074,0.162,0.996
1714822629427,2024-05-04T14:37:09.427,83.240,0.125,0.157,0.987
1714822629437,2024-05-04T14:37:09.437,83.250,0.161,0.171,0.981
1714822629447,2024-05-04T14:37:09.447,83.260,0.154,0.202,0.975
1714822629457,2024-05-04T14:37:09.457,83.270,0.108,0.224,0.983
1714822629467,2024-05-04T14:37:09.467,83.280,0.058,0.228,0.995
1714822629477,2024-05-04T14:37:09.477,83.290,0.032,0.209,1.005
1714822629487,2024-05-04T14:37:09.487,83.300,0.067,0.195,1.024
1714822629497,2024-05-04T14:37:09.497,83.310,0.155,0.192,1.036
1714822629507,2024-05-04T14:37:09.507,83.320,0.197,0.184,1.053
1714822629517,2024-05-04T14:37:09.517,83.330,0.194,0.179,1.042
1714822629527,2024-05-04T14:37:09.527,83.340,0.173,0.193,1.014
1714822629537,2024-05-04T14:37:09.537,83.350,0.152,0.219,1.009
1714822629547,2024-05-04T14:37:09.547,83.360,0.156,0.218,1.021
1714822629557,2024-05-04T14:37:09.557,83.370,0.147,0.186,1.032
1714822629567,2024-05-04T14:37:09.567,83.380,0.131,0.153,1.050
1714822629577,2024-05-04T14:37:09.577,83.390,0.144,0.143,1.069
1714822629587,2024-05-04T14:37:09.587,83.400,0.188,0.146,1.075
1714822629597,2024-05-04T14:37:09.597,83.410,0.231,0.159,1.073
1714822629607,2024-05-04T14:37:09.607,83.420,0.237,0.179,1.058
1714822629617,2024-05-04T14:37:09.617,83.430,0.212,0.191,1.038
1714822629627,2024-05-04T14:37:09.627,83.440,0.208,0.187,1.047
1714822629637,2024-05-04T14:37:09.637,83.450,0.271,0.176,1.066
1714822629647,2024-05-04T14:37:09.647,83.460,0.408,0.160,1.098
1714822629657,2024-05-04T14:37:09.657,83.470,0.559,0.144,1.168
1714822629667,2024-05-04T14:37:09.667,83.480,0.723,0.134,1.168
1714822629677,2024-05-04T14:37:09.677,83.490,0.794,0.136,1.087
1714822629687,2024-05-04T14:37:09.687,83.500,0.800,0.162,1.042
1714822629697,2024-05-04T14:37:09.697,83.510,0.949,0.210,1.033
1714822629707,2024-05-04T14:37:09.707,83.520,0.896,0.210,0.927
1714822629717,2024-05-04T14:37:09.717,83.530,0.684,0.138,0.879
1714822629727,2024-05-04T14:37:09.727,83.540,0.672,0.071,0.856
1714822629737,2024-05-04T14:37:09.737,83.550,0.808,0.002,0.799
1714822629747,2024-05-04T14:37:09.747,83.560,0.947,0.000,0.722
1714822629757,2024-05-04T14:37:09.757,83.570,0.829,0.048,0.542
1714822629767,2024-05-04T14:37:09.767,83.580,0.246,0.008,0.440
1714822629777,2024-05-04T14:37:09.777,83.590,-0.511,-0.033,0.394
1714822629787,2024-05-04T14:37:09.787,83.600,-1.204,0.010,0.263
1714822629797,2024-05-04T14:37:09.797,83.610,-1.921,-0.008,0.176
1714822629807,2024-05-04T14:37:09.807,83.620,-2.000,0.088,-0.098
1714822629817,2024-05-04T14:37:09.817,83.630,-1.268,0.100,0.648
1714822629827,2024-05-04T14:37:09.827,83.640,-1.932,0.253,0.351
1714822629837,2024-05-04T14:37:09.837,83.650,-1.460,0.182,0.573
1714822629847,2024-05-04T14:37:09.847,83.660,-0.737,0.043,0.754
1714822629857,2024-05-04T14:37:09.857,83.670,-0.607,-0.029,0.677
1714822629867,2024-05-04T14:37:09.867,83.680,-0.935,-0.079,0.443
1714822629877,2024-05-04T14:37:09.877,83.690,-1.383,-0.008,0.172
1714822629887,2024-05-04T14:37:09.887,83.700,-1.442,0.124,0.011
1714822629897,2024-05-04T14:37:09.897,83.710,-1.246,0.163,-0.074
1714822629907,2024-05-04T14:37:09.907,83.720,-1.199,0.124,-0.124
1714822629917,2024-05-04T14:37:09.917,83.730,-1.245,0.113,-0.132
1714822629927,2024-05-04T14:37:09.927,83.740,-1.229,0.134,-0.131
1714822629937,2024-05-04T14:37:09.937,83.750,-1.188,0.130,-0.165
1714822629947,2024-05-04T14:37:09.947,83.760,-1.165,0.130,-0.184
1714822629957,2024-05-04T14:37:09.957,83.770,-1.132,0.139,-0.162
1714822629967,2024-05-04T14:37:09.967,83.780,-1.104,0.145,-0.101
1714822629977,2024-05-04T14:37:09.977,83.790,-1.086,0.146,-0.001
1714822629987,2024-05-04T14:37:09.987,83.800,-1.056,0.165,0.107
1714822629997,2024-05-04T14:37:09.997,83.810,-1.012,0.196,0.177
1714822630007,2024-05-04T14:37:10.007,83.820,-0.980,0.225,0.197
1714822630017,2024-05-04T14:37:10.017,83.830,-0.958,0.264,0.160
1714822630027,2024-05-04T14:37:10.027,83.840,-0.982,0.286,0.103
1714822630037,2024-05-04T14:37:10.037,83.850,-1.016,0.292,0.102
1714822630047,2024-05-04T14:37:10.047,83.860,-1.006,0.292,0.125
1714822630057,2024-05-04T14:37:10.057,83.870,-0.953,0.267,0.177
1714822630067,2024-05-04T14:37:10.067,83.880,-0.888,0.238,0.280
1714822630077,2024-05-04T14:37:10.077,83.890,-0.834,0.230,0.382
1714822630087,2024-05-04T14:37:10.087,83.900,-0.821,0.238,0.439
1714822630097,2024-05-04T14:37:10.097,83.910,-0.846,0.257,0.455
1714822630107,2024-05-04T14:37:10.107,83.920,-0.864,0.281,0.459
1714822630117,2024-05-04T14:37:10.117,83.930,-0.838,0.291,0.465
1714822630127,2024-05-04T14:37:10.127,83.940,-0.820,0.294,0.459
1714822630137,2024-05-04T14:37:10.137,83.950,-0.835,0.275,0.439
1714822630147,2024-05-04T14:37:10.147,83.960,-0.842,0.244,0.473
1714822630157,2024-05-04T14:37:10.157,83.970,-0.778,0.236,0.561
1714822630167,2024-05-04T14:37:10.167,83.980,-0.656,0.248,0.629
1714822630177,2024-05-04T14:37:10.177,83.990,-0.581,0.264,0.654
1714822630187,2024-05-04T14:37:10.187,84.000,-0.583,0.276,0.663
1714822630197,2024-05-04T14:37:10.197,84.010,-0.607,0.285,0.662
1714822630207,2024-05-04T14:37:10.207,84.020,-0.601,0.278,0.688
1714822630217,2024-05-04T14:37:10.217,84.030,-0.580,0.257,0.733
1714822630227,2024-05-04T14:37:10.227,84.040,-0.548,0.224,0.814
1714822630237,2024-05-04T14:37:10.237,84.050,-0.489,0.204,0.865
1714822630247,2024-05-04T14:37:10.247,84.060,-0.427,0.206,0.854
1714822630257,2024-05-04T14:37:10.257,84.070,-0.411,0.230,0.814
1714822630267,2024-05-04T14:37:10.267,84.080,-0.411,0.255,0.766
1714822630277,2024-05-04T14:37:10.277,84.090,-0.415,0.291,0.754
1714822630287,2024-05-04T14:37:10.287,84.100,-0.418,0.311,0.795
1714822630297,2024-05-04T14:37:10.297,84.110,-0.372,0.293,0.868
1714822630307,2024-05-04T14:37:10.307,84.120,-0.294,0.245,0.946
1714822630317,2024-05-04T14:37:10.317,84.130,-0.238,0.209,1.004
1714822630327,2024-05-04T14:37:10.327,84.140,-0.214,0.205,0.997
1714822630337,2024-05-04T14:37:10.337,84.150,-0.217,0.221,0.921
1714822630347,2024-05-04T14:37:10.347,84.160,-0.223,0.253,0.836
1714822630357,2024-05-04T14:37:10.357,84.170,-0.268,0.272,0.798
1714822630367,2024-05-04T14:37:10.367,84.180,-0.335,0.267,0.817
1714822630377,2024-05-04T14:37:10.377,84.190,-0.353,0.251,0.887
1714822630387,2024-05-04T14:37:10.387,84.200,-0.307,0.228,0.953
1714822630397,2024-05-04T14:37:10.397,84.210,-0.207,0.217,1.042
1714822630407,2024-05-04T14:37:10.407,84.220,-0.064,0.233,1.083
1714822630417,2024-05-04T14:37:10.417,84.230,0.035,0.244,1.052
1714822630427,2024-05-04T14:37:10.427,84.240,0.035,0.257,0.970
1714822630437,2024-05-04T14:37:10.437,84.250,-0.042,0.286,0.875
1714822630447,2024-05-04T14:37:10.447,84.260,-0.123,0.294,0.827
1714822630457,2024-05-04T14:37:10.457,84.270,-0.155,0.262,0.849
1714822630467,2024-05-04T14:37:10.467,84.280,-0.125,0.218,0.936
1714822630477,2024-05-04T14:37:10.477,84.290,-0.026,0.194,1.025
1714822630487,2024-05-04T14:37:10.487,84.300,0.095,0.188,1.089
1714822630497,2024-05-04T14:37:10.497,84.310,0.193,0.198,1.118
1714822630507,2024-05-04T14:37:10.507,84.320,0.232,0.206,1.107
1714822630517,2024-05-04T14:37:10.517,84.330,0.229,0.216,1.069
1714822630527,2024-05-04T14:37:10.527,84.340,0.215,0.241,1.010
1714822630537,2024-05-04T14:37:10.537,84.350,0.189,0.246,0.943
1714822630547,2024-05-04T14:37:10.547,84.360,0.107,0.236,0.925
1714822630557,2024-05-04T14:37:10.557,84.370,-0.042,0.215,0.933
1714822630567,2024-05-04T14:37:10.567,84.380,-0.188,0.182,0.950
1714822630577,2024-05-04T14:37:10.577,84.390,-0.244,0.176,0.966
1714822630587,2024-05-04T14:37:10.587,84.400,-0.196,0.208,0.988
1714822630597,2024-05-04T14:37:10.597,84.410,-0.079,0.250,0.997
1714822630607,2024-05-04T14:37:10.607,84.420,0.026,0.259,1.003
1714822630617,2024-05-04T14:37:10.617,84.430,0.056,0.228,1.008
1714822630627,2024-05-04T14:37:10.627,84.440,0.040,0.189,1.019
1714822630637,2024-05-04T14:37:10.637,84.450,0.039,0.167,1.040
1714822630647,2024-05-04T14:37:10.647,84.460,0.080,0.162,1.037
1714822630657,2024-05-04T14:37:10.657,84.470,0.090,0.167,1.011
1714822630667,2024-05-04T14:37:10.667,84.480,0.017,0.177,0.960
1714822630677,2024-05-04T14:37:10.677,84.490,-0.088,0.183,0.927
1714822630687,2024-05-04T14:37:10.687,84.500,-0.125,0.172,0.931
1714822630697,2024-05-04T14:37:10.697,84.510,-0.124,0.162,0.947
1714822630707,2024-05-04T14:37:10.707,84.520,-0.087,0.162,0.986
1714822630717,2024-05-04T14:37:10.717,84.530,0.023,0.167,1.030
1714822630727,2024-05-04T14:37:10.727,84.540,0.128,0.170,1.066
1714822630737,2024-05-04T14:37:10.737,84.550,0.180,0.174,1.070
1714822630747,2024-05-04T14:37:10.747,84.560,0.154,0.185,1.042
1714822630757,2024-05-04T14:37:10.757,84.570,0.109,0.205,1.000
1714822630767,2024-05-04T14:37:10.767,84.580,0.077,0.211,0.983
1714822630777,2024-05-04T14:37:10.777,84.590,0.032,0.192,0.976
1714822630787,2024-05-04T14:37:10.787,84.600,0.002,0.173,0.985
1714822630797,2024-05-04T14:37:10.797,84.610,0.013,0.167,1.011
1714822630807,2024-05-04T14:37:10.807,84.620,0.085,0.171,1.034
1714822630817,2024-05-04T14:37:10.817,84.630,0.150,0.180,1.038
1714822630827,2024-05-04T14:37:10.827,84.640,0.166,0.187,1.032
1714822630837,2024-05-04T14:37:10.837,84.650,0.141,0.196,0.999
1714822630847,2024-05-04T14:37:10.847,84.660,0.125,0.203,0.987
1714822630857,2024-05-04T14:37:10.857,84.670,0.134,0.194,0.996
1714822630867,2024-05-04T14:37:10.867,84.680,0.153,0.178,1.027
1714822630877,2024-05-04T14:37:10.877,84.690,0.197,0.162,1.069
1714822630887,2024-05-04T14:37:10.887,84.700,0.269,0.154,1.109
1714822630897,2024-05-04T14:37:10.897,84.710,0.332,0.154,1.121
1714822630907,2024-05-04T14:37:10.907,84.720,0.350,0.164,1.104
1714822630917,2024-05-04T14:37:10.917,84.730,0.361,0.166,1.086
1714822630927,2024-05-04T14:37:10.927,84.740,0.366,0.180,1.072
1714822630937,2024-05-04T14:37:10.937,84.750,0.333,0.185,1.067
1714822630947,2024-05-04T14:37:10.947,84.760,0.273,0.179,1.076
1714822630957,2024-05-04T14:37:10.957,84.770,0.177,0.155,1.107
1714822630967,2024-05-04T14:37:10.967,84.780,0.142,0.114,1.156
1714822630977,2024-05-04T14:37:10.977,84.790,0.203,0.074,1.213
1714822630987,2024-05-04T14:37:10.987,84.800,0.320,0.051,1.212
1714822630997,2024-05-04T14:37:10.997,84.810,0.352,0.068,1.132
1714822631007,2024-05-04T14:37:11.007,84.820,0.321,0.081,1.047
1714822631017,2024-05-04T14:37:11.017,84.830,0.312,0.085,0.990
1714822631027,2024-05-04T14:37:11.027,84.840,0.301,0.064,1.037
1714822631037,2024-05-04T14:37:11.037,84.850,0.272,0.050,1.068
1714822631047,2024-05-04T14:37:11.047,84.860,0.161,0.023,1.119
1714822631057,2024-05-04T14:37:11.057,84.870,0.176,-0.006,1.118
1714822631067,2024-05-04T14:37:11.067,84.880,0.278,-0.004,1.026
1714822631077,2024-05-04T14:37:11.077,84.890,0.334,0.005,0.738
1714822631087,2024-05-04T14:37:11.087,84.900,0.399,-0.137,0.383
1714822631097,2024-05-04T14:37:11.097,84.910,0.082,-0.023,0.197
1714822631107,2024-05-04T14:37:11.107,84.920,-1.061,0.027,-0.153
1714822631117,2024-05-04T14:37:11.117,84.930,-1.466,0.096,-0.137
1714822631127,2024-05-04T14:37:11.127,84.940,-1.701,0.076,-0.048
1714822631137,2024-05-04T14:37:11.137,84.950,-1.792,0.062,-0.021
1714822631147,2024-05-04T14:37:11.147,84.960,-1.559,0.121,-0.117
1714822631157,2024-05-04T14:37:11.157,84.970,-1.332,0.203,-0.273
1714822631167,2024-05-04T14:37:11.167,84.980,-1.121,0.297,-0.412
1714822631177,2024-05-04T14:37:11.177,84.990,-1.111,0.325,-0.548
1714822631187,2024-05-04T14:37:11.187,85.000,-1.338,0.245,-0.483
1714822631197,2024-05-04T14:37:11.197,85.010,-1.357,0.208,-0.309
1714822631207,2024-05-04T14:37:11.207,85.020,-1.055,0.071,-0.287
1714822631217,2024-05-04T14:37:11.217,85.030,-0.818,0.009,-0.404
1714822631227,2024-05-04T14:37:11.227,85.040,-0.772,0.067,-0.574
1714822631237,2024-05-04T14:37:11.237,85.050,-0.839,0.083,-0.758
1714822631247,2024-05-04T14:37:11.247,85.060,-0.885,0.070,-0.919
1714822631257,2024-05-04T14:37:11.257,85.070,-0.912,0.080,-1.009
1714822631267,2024-05-04T14:37:11.267,85.080,-0.944,0.088,-1.000
1714822631277,2024-05-04T14:37:11.277,85.090,-0.979,0.079,-0.937
1714822631287,2024-05-04T14:37:11.287,85.100,-1.000,0.094,-0.868
1714822631297,2024-05-04T14:37:11.297,85.110,-1.027,0.135,-0.770
1714822631307,2024-05-04T14:37:11.307,85.120,-1.023,0.175,-0.668
1714822631317,2024-05-04T14:37:11.317,85.130,-1.002,0.206,-0.587
1714822631327,2024-05-04T14:37:11.327,85.140,-1.009,0.233,-0.503
1714822631337,2024-05-04T14:37:11.337,85.150,-1.017,0.250,-0.433
1714822631347,2024-05-04T14:37:11.347,85.160,-1.008,0.250,-0.407
1714822631357,2024-05-04T14:37:11.357,85.170,-1.013,0.236,-0.394
1714822631367,2024-05-04T14:37:11.367,85.180,-1.020,0.240,-0.334
1714822631377,2024-05-04T14:37:11.377,85.190,-0.991,0.231,-0.226
1714822631387,2024-05-04T14:37:11.387,85.200,-0.948,0.210,-0.095
1714822631397,2024-05-04T14:37:11.397,85.210,-0.948,0.211,0.019
1714822631407,2024-05-04T14:37:11.407,85.220,-0.983,0.222,0.078
1714822631417,2024-05-04T14:37:11.417,85.230,-1.001,0.230,0.085
1714822631427,2024-05-04T14:37:11.427,85.240,-1.006,0.252,0.054
1714822631437,2024-05-04T14:37:11.437,85.250,-1.021,0.271,0.018
1714822631447,2024-05-04T14:37:11.447,85.260,-1.042,0.292,0.036
1714822631457,2024-05-04T14:37:11.457,85.270,-1.057,0.292,0.110
1714822631467,2024-05-04T14:37:11.467,85.280,-1.064,0.252,0.182
1714822631477,2024-05-04T14:37:11.477,85.290,-1.031,0.229,0.269
1714822631487,2024-05-04T14:37:11.487,85.300,-0.924,0.233,0.343
1714822631497,2024-05-04T14:37:11.497,85.310,-0.827,0.252,0.379
1714822631507,2024-05-04T14:37:11.507,85.320,-0.806,0.278,0.384
1714822631517,2024-05-04T14:37:11.517,85.330,-0.851,0.275,0.383
1714822631527,2024-05-04T14:37:11.527,85.340,-0.832,0.242,0.456
1714822631537,2024-05-04T14:37:11.537,85.350,-0.722,0.211,0.559
1714822631547,2024-05-04T14:37:11.547,85.360,-0.610,0.182,0.684
1714822631557,2024-05-04T14:37:11.557,85.370,-0.598,0.163,0.748
1714822631567,2024-05-04T14:37:11.567,85.380,-0.489,0.182,0.781
1714822631577,2024-05-04T14:37:11.577,85.390,-0.431,0.218,0.793
1714822631587,2024-05-04T14:37:11.587,85.400,-0.464,0.247,0.797
1714822631597,2024-05-04T14:37:11.597,85.410,-0.429,0.274,0.819
1714822631607,2024-05-04T14:37:11.607,85.420,-0.379,0.274,0.860
1714822631617,2024-05-04T14:37:11.617,85.430,-0.315,0.255,0.926
1714822631627,2024-05-04T14:37:11.627,85.440,-0.301,0.230,0.969
1714822631637,2024-05-04T14:37:11.637,85.450,-0.333,0.213,0.944
1714822631647,2024-05-04T14:37:11.647,85.460,-0.350,0.209,0.860
1714822631657,2024-05-04T14:37:11.657,85.470,-0.347,0.230,0.794
1714822631667,2024-05-04T14:37:11.667,85.480,-0.344,0.264,0.795
1714822631677,2024-05-04T14:37:11.677,85.490,-0.336,0.270,0.826
1714822631687,2024-05-04T14:37:11.687,85.500,-0.300,0.244,0.867
1714822631697,2024-05-04T14:37:11.697,85.510,-0.182,0.209,0.905
1714822631707,2024-05-04T14:37:11.707,85.520,-0.073,0.185,0.936
1714822631717,2024-05-04T14:37:11.717,85.530,-0.023,0.188,0.918
1714822631727,2024-05-04T14:37:11.727,85.540,-0.031,0.200,0.867
1714822631737,2024-05-04T14:37:11.737,85.550,-0.092,0.212,0.809
1714822631747,2024-05-04T14:37:11.747,85.560,-0.141,0.228,0.798
1714822631757,2024-05-04T14:37:11.757,85.570,-0.123,0.235,0.829
1714822631767,2024-05-04T14:37:11.767,85.580,-0.111,0.217,0.831
1714822631777,2024-05-04T14:37:11.777,85.590,-0.077,0.177,0.857
1714822631787,2024-05-04T14:37:11.787,85.600,0.103,0.176,0.954
1714822631797,2024-05-04T14:37:11.797,85.610,0.288,0.201,1.026
1714822631807,2024-05-04T14:37:11.807,85.620,0.304,0.212,1.038
1714822631817,2024-05-04T14:37:11.817,85.630,0.208,0.218,1.016
1714822631827,2024-05-04T14:37:11.827,85.640,0.099,0.234,0.976
1714822631837,2024-05-04T14:37:11.837,85.650,0.063,0.245,0.954
1714822631847,2024-05-04T14:37:11.847,85.660,0.061,0.237,0.943
1714822631857,2024-05-04T14:37:11.857,85.670,0.063,0.220,0.947
1714822631867,2024-05-04T14:37:11.867,85.680,0.082,0.210,0.988
1714822631877,2024-05-04T14:37:11.877,85.690,0.163,0.209,1.042
1714822631887,2024-05-04T14:37:11.887,85.700,0.275,0.208,1.059
1714822631897,2024-05-04T14:37:11.897,85.710,0.285,0.204,1.047
1714822631907,2024-05-04T14:37:11.907,85.720,0.207,0.230,0.983
1714822631917,2024-05-04T14:37:11.917,85.730,0.221,0.262,0.936
1714822631927,2024-05-04T14:37:11.927,85.740,0.291,0.260,0.937
1714822631937,2024-05-04T14:37:11.937,85.750,0.316,0.231,0.955
1714822631947,2024-05-04T14:37:11.947,85.760,0.306,0.204,1.007
1714822631957,2024-05-04T14:37:11.957,85.770,0.287,0.185,1.055
1714822631967,2024-05-04T14:37:11.967,85.780,0.265,0.167,1.086
1714822631977,2024-05-04T14:37:11.977,85.790,0.256,0.163,1.096
1714822631987,2024-05-04T14:37:11.987,85.800,0.253,0.174,1.073
1714822631997,2024-05-04T14:37:11.997,85.810,0.240,0.190,1.048
1714822632007,2024-05-04T14:37:12.007,85.820,0.202,0.205,1.030
1714822632017,2024-05-04T14:37:12.017,85.830,0.145,0.194,0.999
1714822632027,2024-05-04T14:37:12.027,85.840,0.114,0.172,0.966
1714822632037,2024-05-04T14:37:12.037,85.850,0.125,0.156,0.961
1714822632047,2024-05-04T14:37:12.047,85.860,0.159,0.158,0.965
1714822632057,2024-05-04T14:37:12.057,85.870,0.164,0.151,0.970
1714822632067,2024-05-04T14:37:12.067,85.880,0.146,0.141,0.970
1714822632077,2024-05-04T14:37:12.077,85.890,0.110,0.145,0.969
1714822632087,2024-05-04T14:37:12.087,85.900,0.108,0.150,0.975
1714822632097,2024-05-04T14:37:12.097,85.910,0.124,0.157,1.000
1714822632107,2024-05-04T14:37:12.107,85.920,0.111,0.159,1.004
1714822632117,2024-05-04T14:37:12.117,85.930,0.084,0.162,1.002
1714822632127,2024-05-04T14:37:12.127,85.940,0.103,0.167,1.009
1714822632137,2024-05-04T14:37:12.137,85.950,0.161,0.167,1.010
1714822632147,2024-05-04T14:37:12.147,85.960,0.189,0.160,1.013
1714822632157,2024-05-04T14:37:12.157,85.970,0.175,0.160,1.000
1714822632167,2024-05-04T14:37:12.167,85.980,0.136,0.167,0.986
1714822632177,2024-05-04T14:37:12.177,85.990,0.121,0.174,0.981
1714822632187,2024-05-04T14:37:12.187,86.000,0.126,0.170,0.974
1714822632197,2024-05-04T14:37:12.197,86.010,0.112,0.158,0.984
1714822632207,2024-05-04T14:37:12.207,86.020,0.111,0.151,0.995
1714822632217,2024-05-04T14:37:12.217,86.030,0.155,0.151,1.003
1714822632227,2024-05-04T14:37:12.227,86.040,0.207,0.157,0.993
1714822632237,2024-05-04T14:37:12.237,86.050,0.224,0.168,0.984
1714822632247,2024-05-04T14:37:12.247,86.060,0.236,0.182,1.000
1714822632257,2024-05-04T14:37:12.257,86.070,0.279,0.182,1.022
1714822632267,2024-05-04T14:37:12.267,86.080,0.329,0.184,1.053
1714822632277,2024-05-04T14:37:12.277,86.090,0.385,0.192,1.100
1714822632287,2024-05-04T14:37:12.287,86.100,0.484,0.196,1.141
1714822632297,2024-05-04T14:37:12.297,86.110,0.715,0.208,1.172
1714822632307,2024-05-04T14:37:12.307,86.120,1.139,0.229,1.197
1714822632317,2024-05-04T14:37:12.317,86.130,1.758,0.263,1.161
1714822632327,2024-05-04T14:37:12.327,86.140,1.761,0.284,0.898
1714822632337,2024-05-04T14:37:12.337,86.150,1.433,0.297,0.619
1714822632347,2024-05-04T14:37:12.347,86.160,1.018,0.304,0.589
1714822632357,2024-05-04T14:37:12.357,86.170,0.756,0.228,0.782
1714822632367,2024-05-04T14:37:12.367,86.180,0.706,0.085,0.951
1714822632377,2024-05-04T14:37:12.377,86.190,0.638,-0.106,0.981
1714822632387,2024-05-04T14:37:12.387,86.200,0.501,-0.284,0.792
1714822632397,2024-05-04T14:37:12.397,86.210,0.348,-0.341,0.402
1714822632407,2024-05-04T14:37:12.407,86.220,0.078,-0.394,0.016
1714822632417,2024-05-04T14:37:12.417,86.230,-0.425,-0.498,-0.257
1714822632427,2024-05-04T14:37:12.427,86.240,-0.905,-0.481,-0.757
1714822632437,2024-05-04T14:37:12.437,86.250,-0.764,-0.487,-0.121
1714822632447,2024-05-04T14:37:12.447,86.260,-2.192,-0.148,-0.281
1714822632457,2024-05-04T14:37:12.457,86.270,-2.995,-0.055,-0.141
1714822632467,2024-05-04T14:37:12.467,86.280,-2.503,-0.086,0.089
1714822632477,2024-05-04T14:37:12.477,86.290,-1.701,-0.094,0.157
1714822632487,2024-05-04T14:37:12.487,86.300,-1.192,-0.065,0.058
1714822632497,2024-05-04T14:37:12.497,86.310,-0.992,0.050,0.101
1714822632507,2024-05-04T14:37:12.507,86.320,-0.833,0.186,0.364
1714822632517,2024-05-04T14:37:12.517,86.330,-0.861,-0.012,0.438
1714822632527,2024-05-04T14:37:12.527,86.340,-1.243,-0.243,0.234
1714822632537,2024-05-04T14:37:12.537,86.350,-1.455,-0.076,-0.060
1714822632547,2024-05-04T14:37:12.547,86.360,-1.320,0.127,-0.286
1714822632557,2024-05-04T14:37:12.557,86.370,-1.188,0.116,-0.426
1714822632567,2024-05-04T14:37:12.567,86.380,-1.264,0.035,-0.527
1714822632577,2024-05-04T14:37:12.577,86.390,-1.438,0.002,-0.575
1714822632587,2024-05-04T14:37:12.587,86.400,-1.500,0.021,-0.567
1714822632597,2024-05-04T14:37:12.597,86.410,-1.413,0.035,-0.493
1714822632607,2024-05-04T14:37:12.607,86.420,-1.281,0.040,-0.379
1714822632617,2024-05-04T14:37:12.617,86.430,-1.198,0.054,-0.337
1714822632627,2024-05-04T14:37:12.627,86.440,-1.162,0.075,-0.337
1714822632637,2024-05-04T14:37:12.637,86.450,-1.132,0.102,-0.308
1714822632647,2024-05-04T14:37:12.647,86.460,-1.086,0.136,-0.250
1714822632657,2024-05-04T14:37:12.657,86.470,-1.078,0.161,-0.188
1714822632667,2024-05-04T14:37:12.667,86.480,-1.109,0.170,-0.118
1714822632677,2024-05-04T14:37:12.677,86.490,-1.103,0.173,-0.015
1714822632687,2024-05-04T14:37:12.687,86.500,-1.057,0.157,0.043
1714822632697,2024-05-04T14:37:12.697,86.510,-1.039,0.135,0.061
1714822632707,2024-05-04T14:37:12.707,86.520,-1.034,0.135,0.085
1714822632717,2024-05-04T14:37:12.717,86.530,-0.994,0.134,0.121
1714822632727,2024-05-04T14:37:12.727,86.540,-0.971,0.134,0.155
1714822632737,2024-05-04T14:37:12.737,86.550,-0.983,0.150,0.197
1714822632747,2024-05-04T14:37:12.747,86.560,-0.973,0.170,0.255
1714822632757,2024-05-04T14:37:12.757,86.570,-0.979,0.162,0.296
1714822632767,2024-05-04T14:37:12.767,86.580,-1.015,0.138,0.303
1714822632777,2024-05-04T14:37:12.777,86.590,-1.015,0.146,0.330
1714822632787,2024-05-04T14:37:12.787,86.600,-1.007,0.159,0.364
1714822632797,2024-05-04T14:37:12.797,86.610,-0.990,0.152,0.422
1714822632807,2024-05-04T14:37:12.807,86.620,-0.939,0.137,0.483
1714822632817,2024-05-04T14:37:12.817,86.630,-0.915,0.128,0.486
1714822632827,2024-05-04T14:37:12.827,86.640,-0.885,0.125,0.465
1714822632837,2024-05-04T14:37:12.837,86.650,-0.839,0.128,0.457
1714822632847,2024-05-04T14:37:12.847,86.660,-0.782,0.141,0.469
1714822632857,2024-05-04T14:37:12.857,86.670,-0.737,0.153,0.536
1714822632867,2024-05-04T14:37:12.867,86.680,-0.714,0.159,0.616
1714822632877,2024-05-04T14:37:12.877,86.690,-0.645,0.159,0.691
1714822632887,2024-05-04T14:37:12.887,86.700,-0.554,0.157,0.753
1714822632897,2024-05-04T14:37:12.897,86.710,-0.458,0.172,0.796
1714822632907,2024-05-04T14:37:12.907,86.720,-0.422,0.185,0.815
1714822632917,2024-05-04T14:37:12.917,86.730,-0.438,0.197,0.827
1714822632927,2024-05-04T14:37:12.927,86.740,-0.425,0.218,0.843
1714822632937,2024-05-04T14:37:12.937,86.750,-0.397,0.219,0.830
1714822632947,2024-05-04T14:37:12.947,86.760,-0.446,0.208,0.813
1714822632957,2024-05-04T14:37:12.957,86.770,-0.497,0.197,0.809
1714822632967,2024-05-04T14:37:12.967,86.780,-0.454,0.189,0.825
1714822632977,2024-05-04T14:37:12.977,86.790,-0.333,0.186,0.838
1714822632987,2024-05-04T14:37:12.987,86.800,-0.223,0.202,0.875
1714822632997,2024-05-04T14:37:12.997,86.810,-0.190,0.219,0.916
1714822633007,2024-05-04T14:37:13.007,86.820,-0.232,0.222,0.939
1714822633017,2024-05-04T14:37:13.017,86.830,-0.267,0.229,0.926
1714822633027,2024-05-04T14:37:13.027,86.840,-0.247,0.223,0.921
1714822633037,2024-05-04T14:37:13.037,86.850,-0.191,0.192,0.928
1714822633047,2024-05-04T14:37:13.047,86.860,-0.121,0.153,0.918
1714822633057,2024-05-04T14:37:13.057,86.870,-0.030,0.145,0.886
1714822633067,2024-05-04T14:37:13.067,86.880,0.010,0.180,0.855
1714822633077,2024-05-04T14:37:13.077,86.890,-0.006,0.206,0.823
1714822633087,2024-05-04T14:37:13.087,86.900,0.042,0.218,0.832
1714822633097,2024-05-04T14:37:13.097,86.910,0.162,0.226,0.871
1714822633107,2024-05-04T14:37:13.107,86.920,0.249,0.216,0.933
1714822633117,2024-05-04T14:37:13.117,86.930,0.247,0.184,0.994
1714822633127,2024-05-04T14:37:13.127,86.940,0.206,0.163,1.023
1714822633137,2024-05-04T14:37:13.137,86.950,0.191,0.160,1.030
1714822633147,2024-05-04T14:37:13.147,86.960,0.213,0.167,1.012
1714822633157,2024-05-04T14:37:13.157,86.970,0.193,0.178,0.968
1714822633167,2024-05-04T14:37:13.167,86.980,0.136,0.199,0.939
1714822633177,2024-05-04T14:37:13.177,86.990,0.109,0.224,0.937
1714822633187,2024-05-04T14:37:13.187,87.000,0.125,0.226,0.944
1714822633197,2024-05-04T14:37:13.197,87.010,0.156,0.202,0.959
1714822633207,2024-05-04T14:37:13.207,87.020,0.208,0.185,0.990
1714822633217,2024-05-04T14:37:13.217,87.030,0.269,0.183,1.012
1714822633227,2024-05-04T14:37:13.227,87.040,0.284,0.195,1.007
1714822633237,2024-05-04T14:37:13.237,87.050,0.235,0.208,0.985
1714822633247,2024-05-04T14:37:13.247,87.060,0.164,0.215,0.967
1714822633257,2024-05-04T14:37:13.257,87.070,0.116,0.223,0.958
1714822633267,2024-05-04T14:37:13.267,87.080,0.104,0.217,0.972
1714822633277,2024-05-04T14:37:13.277,87.090,0.114,0.197,0.997
1714822633287,2024-05-04T14:37:13.287,87.100,0.163,0.190,1.022
1714822633297,2024-05-04T14:37:13.297,87.110,0.233,0.205,1.027
1714822633307,2024-05-04T14:37:13.307,87.120,0.263,0.227,1.006
1714822633317,2024-05-04T14:37:13.317,87.130,0.246,0.244,0.979
1714822633327,2024-05-04T14:37:13.327,87.140,0.182,0.252,0.961
1714822633337,2024-05-04T14:37:13.337,87.150,0.125,0.241,0.963
1714822633347,2024-05-04T14:37:13.347,87.160,0.089,0.219,0.967
1714822633357,2024-05-04T14:37:13.357,87.170,0.081,0.204,0.998
1714822633367,2024-05-04T14:37:13.367,87.180,0.113,0.190,1.022
1714822633377,2024-05-04T14:37:13.377,87.190,0.156,0.181,1.026
1714822633387,2024-05-04T14:37:13.387,87.200,0.204,0.189,0.994
1714822633397,2024-05-04T14:37:13.397,87.210,0.201,0.219,0.969
1714822633407,2024-05-04T14:37:13.407,87.220,0.148,0.246,0.965
1714822633417,2024-05-04T14:37:13.417,87.230,0.106,0.233,0.968
1714822633427,2024-05-04T14:37:13.427,87.240,0.073,0.194,0.973
1714822633437,2024-05-04T14:37:13.437,87.250,0.059,0.165,0.998
1714822633447,2024-05-04T14:37:13.447,87.260,0.096,0.150,1.014
1714822633457,2024-05-04T14:37:13.457,87.270,0.139,0.151,1.021
1714822633467,2024-05-04T14:37:13.467,87.280,0.162,0.172,1.005
1714822633477,2024-05-04T14:37:13.477,87.290,0.160,0.191,0.976
1714822633487,2024-05-04T14:37:13.487,87.300,0.128,0.193,0.946
1714822633497,2024-05-04T14:37:13.497,87.310,0.084,0.181,0.938
1714822633507,2024-05-04T14:37:13.507,87.320,0.062,0.164,0.946
1714822633517,2024-05-04T14:37:13.517,87.330,0.069,0.145,0.964
1714822633527,2024-05-04T14:37:13.527,87.340,0.120,0.138,0.983
1714822633537,2024-05-04T14:37:13.537,87.350,0.167,0.145,0.991
1714822633547,2024-05-04T14:37:13.547,87.360,0.174,0.164,0.982
1714822633557,2024-05-04T14:37:13.557,87.370,0.166,0.194,0.973
1714822633567,2024-05-04T14:37:13.567,87.380,0.134,0.210,0.956
1714822633577,2024-05-04T14:37:13.577,87.390,0.074,0.207,0.930
1714822633587,2024-05-04T14:37:13.587,87.400,0.046,0.192,0.923
1714822633597,2024-05-04T14:37:13.597,87.410,0.071,0.181,0.946
1714822633607,2024-05-04T14:37:13.607,87.420,0.172,0.180,0.967
1714822633617,2024-05-04T14:37:13.617,87.430,0.291,0.188,0.993
1714822633627,2024-05-04T14:37:13.627,87.440,0.361,0.189,1.023
1714822633637,2024-05-04T14:37:13.637,87.450,0.384,0.182,1.037
1714822633647,2024-05-04T14:37:13.647,87.460,0.338,0.180,1.041
1714822633657,2024-05-04T14:37:13.657,87.470,0.302,0.175,1.048
1714822633667,2024-05-04T14:37:13.667,87.480,0.327,0.168,1.064
1714822633677,2024-05-04T14:37:13.677,87.490,0.364,0.153,1.090
1714822633687,2024-05-04T14:37:13.687,87.500,0.396,0.146,1.091
1714822633697,2024-05-04T14:37:13.697,87.510,0.462,0.151,1.103
1714822633707,2024-05-04T14:37:13.707,87.520,0.581,0.169,1.104
1714822633717,2024-05-04T14:37:13.717,87.530,0.691,0.183,1.083
1714822633727,2024-05-04T14:37:13.727,87.540,0.871,0.196,1.113
1714822633737,2024-05-04T14:37:13.737,87.550,1.158,0.207,1.104
1714822633747,2024-05-04T14:37:13.747,87.560,1.308,0.161,1.023
1714822633757,2024-05-04T14:37:13.757,87.570,1.128,0.085,0.892
1714822633767,2024-05-04T14:37:13.767,87.580,0.808,0.066,0.705
1714822633777,2024-05-04T14:37:13.777,87.590,0.423,0.061,0.633
1714822633787,2024-05-04T14:37:13.787,87.600,0.118,0.038,0.575
1714822633797,2024-05-04T14:37:13.797,87.610,-0.106,-0.052,0.477
1714822633807,2024-05-04T14:37:13.807,87.620,-0.433,-0.149,0.388
1714822633817,2024-05-04T14:37:13.817,87.630,-0.797,-0.173,0.362
1714822633827,2024-05-04T14:37:13.827,87.640,-1.053,-0.121,0.414
1714822633837,2024-05-04T14:37:13.837,87.650,-1.028,0.011,0.080
1714822633847,2024-05-04T14:37:13.847,87.660,-0.740,-0.117,0.708
1714822633857,2024-05-04T14:37:13.857,87.670,-2.123,0.045,0.142
1714822633867,2024-05-04T14:37:13.867,87.680,-2.622,0.022,0.042
1714822633877,2024-05-04T14:37:13.877,87.690,-1.653,-0.007,0.276
1714822633887,2024-05-04T14:37:13.887,87.700,-0.491,0.232,0.358
1714822633897,2024-05-04T14:37:13.897,87.710,-0.375,0.292,0.250
1714822633907,2024-05-04T14:37:13.907,87.720,-1.156,-0.006,0.038
1714822633917,2024-05-04T14:37:13.917,87.730,-1.625,-0.050,-0.161
1714822633927,2024-05-04T14:37:13.927,87.740,-1.378,0.099,-0.248
1714822633937,2024-05-04T14:37:13.937,87.750,-1.129,0.098,-0.311
1714822633947,2024-05-04T14:37:13.947,87.760,-1.175,0.043,-0.421
1714822633957,2024-05-04T14:37:13.957,87.770,-1.269,0.055,-0.526
1714822633967,2024-05-04T14:37:13.967,87.780,-1.294,0.065,-0.575
1714822633977,2024-05-04T14:37:13.977,87.790,-1.279,0.049,-0.580
1714822633987,2024-05-04T14:37:13.987,87.800,-1.213,0.053,-0.536
1714822633997,2024-05-04T14:37:13.997,87.810,-1.123,0.087,-0.454
1714822634007,2024-05-04T14:37:14.007,87.820,-1.104,0.104,-0.400
1714822634017,2024-05-04T14:37:14.017,87.830,-1.114,0.120,-0.361
1714822634027,2024-05-04T14:37:14.027,87.840,-1.083,0.159,-0.289
1714822634037,2024-05-04T14:37:14.037,87.850,-1.020,0.183,-0.219
1714822634047,2024-05-04T14:37:14.047,87.860,-0.980,0.193,-0.161
1714822634057,2024-05-04T14:37:14.057,87.870,-1.000,0.207,-0.123
1714822634067,2024-05-04T14:37:14.067,87.880,-1.047,0.221,-0.078
1714822634077,2024-05-04T14:37:14.077,87.890,-1.069,0.224,-0.047
1714822634087,2024-05-04T14:37:14.087,87.900,-1.080,0.215,-0.031
1714822634097,2024-05-04T14:37:14.097,87.910,-1.110,0.205,-0.008
1714822634107,2024-05-04T14:37:14.107,87.920,-1.087,0.199,0.056
1714822634117,2024-05-04T14:37:14.117,87.930,-1.003,0.199,0.135
1714822634127,2024-05-04T14:37:14.127,87.940,-0.948,0.182,0.191
1714822634137,2024-05-04T14:37:14.137,87.950,-0.938,0.184,0.201
1714822634147,2024-05-04T14:37:14.147,87.960,-0.963,0.213,0.200
1714822634157,2024-05-04T14:37:14.157,87.970,-0.987,0.236,0.213
1714822634167,2024-05-04T14:37:14.167,87.980,-0.986,0.219,0.230
1714822634177,2024-05-04T14:37:14.177,87.990,-0.970,0.193,0.240
1714822634187,2024-05-04T14:37:14.187,88.000,-0.946,0.188,0.275
1714822634197,2024-05-04T14:37:14.197,88.010,-0.901,0.188,0.328
1714822634207,2024-05-04T14:37:14.207,88.020,-0.861,0.193,0.401
1714822634217,2024-05-04T14:37:14.217,88.030,-0.815,0.190,0.473
1714822634227,2024-05-04T14:37:14.227,88.040,-0.767,0.199,0.550
1714822634237,2024-05-04T14:37:14.237,88.050,-0.725,0.224,0.599
1714822634247,2024-05-04T14:37:14.247,88.060,-0.678,0.238,0.585
1714822634257,2024-05-04T14:37:14.257,88.070,-0.655,0.227,0.564
1714822634267,2024-05-04T14:37:14.267,88.080,-0.639,0.221,0.595
1714822634277,2024-05-04T14:37:14.277,88.090,-0.598,0.218,0.649
1714822634287,2024-05-04T14:37:14.287,88.100,-0.555,0.207,0.686
1714822634297,2024-05-04T14:37:14.297,88.110,-0.511,0.206,0.717
1714822634307,2024-05-04T14:37:14.307,88.120,-0.479,0.216,0.742
1714822634317,2024-05-04T14:37:14.317,88.130,-0.459,0.222,0.768
1714822634327,2024-05-04T14:37:14.327,88.140,-0.411,0.235,0.802
1714822634337,2024-05-04T14:37:14.337,88.150,-0.352,0.238,0.824
1714822634347,2024-05-04T14:37:14.347,88.160,-0.337,0.226,0.814
1714822634357,2024-05-04T14:37:14.357,88.170,-0.319,0.225,0.802
1714822634367,2024-05-04T14:37:14.367,88.180,-0.286,0.240,0.785
1714822634377,2024-05-04T14:37:14.377,88.190,-0.280,0.252,0.785
1714822634387,2024-05-04T14:37:14.387,88.200,-0.312,0.255,0.819
1714822634397,2024-05-04T14:37:14.397,88.210,-0.292,0.242,0.876
1714822634407,2024-05-04T14:37:14.407,88.220,-0.205,0.231,0.923
1714822634417,2024-05-04T14:37:14.417,88.230,-0.133,0.222,0.961
1714822634427,2024-05-04T14:37:14.427,88.240,-0.104,0.213,0.988
1714822634437,2024-05-04T14:37:14.437,88.250,-0.115,0.224,0.953
1714822634447,2024-05-04T14:37:14.447,88.260,-0.117,0.238,0.896
1714822634457,2024-05-04T14:37:14.457,88.270,-0.099,0.230,0.862
1714822634467,2024-05-04T14:37:14.467,88.280,-0.060,0.213,0.891
1714822634477,2024-05-04T14:37:14.477,88.290,-0.033,0.201,0.939
1714822634487,2024-05-04T14:37:14.487,88.300,-0.016,0.194,0.980
1714822634497,2024-05-04T14:37:14.497,88.310,0.039,0.218,1.012
1714822634507,2024-05-04T14:37:14.507,88.320,0.136,0.248,1.029
1714822634517,2024-05-04T14:37:14.517,88.330,0.190,0.256,1.043
1714822634527,2024-05-04T14:37:14.527,88.340,0.162,0.255,1.043
1714822634537,2024-05-04T14:37:14.537,88.350,0.073,0.261,1.008
1714822634547,2024-05-04T14:37:14.547,88.360,0.027,0.249,0.988
1714822634557,2024-05-04T14:37:14.557,88.370,0.064,0.221,0.985
1714822634567,2024-05-04T14:37:14.567,88.380,0.090,0.180,1.000
1714822634577,2024-05-04T14:37:14.577,88.390,0.099,0.155,1.010
1714822634587,2024-05-04T14:37:14.587,88.400,0.117,0.164,1.000
1714822634597,2024-05-04T14:37:14.597,88.410,0.129,0.207,0.993
1714822634607,2024-05-04T14:37:14.607,88.420,0.160,0.240,1.009
1714822634617,2024-05-04T14:37:14.617,88.430,0.168,0.229,1.025
1714822634627,2024-05-04T14:37:14.627,88.440,0.130,0.189,1.026
1714822634637,2024-05-04T14:37:14.637,88.450,0.098,0.161,1.018
1714822634647,2024-05-04T14:37:14.647,88.460,0.107,0.155,1.016
1714822634657,2024-05-04T14:37:14.657,88.470,0.136,0.155,1.031
1714822634667,2024-05-04T14:37:14.667,88.480,0.158,0.159,1.042
1714822634677,2024-05-04T14:37:14.677,88.490,0.166,0.160,1.035
1714822634687,2024-05-04T14:37:14.687,88.500,0.167,0.160,1.018
1714822634697,2024-05-04T14:37:14.697,88.510,0.143,0.162,1.018
1714822634707,2024-05-04T14:37:14.707,88.520,0.096,0.150,1.032
1714822634717,2024-05-04T14:37:14.717,88.530,0.051,0.133,1.050
1714822634727,2024-05-04T14:37:14.727,88.540,0.051,0.130,1.060
1714822634737,2024-05-04T14:37:14.737,88.550,0.080,0.139,1.055
1714822634747,2024-05-04T14:37:14.747,88.560,0.076,0.152,1.030
1714822634757,2024-05-04T14:37:14.757,88.570,0.062,0.171,0.997
1714822634767,2024-05-04T14:37:14.767,88.580,0.085,0.189,0.995
1714822634777,2024-05-04T14:37:14.777,88.590,0.102,0.186,1.021
1714822634787,2024-05-04T14:37:14.787,88.600,0.072,0.160,1.030
1714822634797,2024-05-04T14:37:14.797,88.610,0.050,0.139,1.026
1714822634807,2024-05-04T14:37:14.807,88.620,0.071,0.142,1.028
1714822634817,2024-05-04T14:37:14.817,88.630,0.103,0.150,1.025
1714822634827,2024-05-04T14:37:14.827,88.640,0.128,0.153,1.020
1714822634837,2024-05-04T14:37:14.837,88.650,0.108,0.160,1.008
1714822634847,2024-05-04T14:37:14.847,88.660,0.063,0.165,1.004
1714822634857,2024-05-04T14:37:14.857,88.670,0.048,0.164,1.012
1714822634867,2024-05-04T14:37:14.867,88.680,0.062,0.153,1.021
1714822634877,2024-05-04T14:37:14.877,88.690,0.108,0.147,1.022
1714822634887,2024-05-04T14:37:14.887,88.700,0.164,0.158,1.024
1714822634897,2024-05-04T14:37:14.897,88.710,0.198,0.168,1.020
1714822634907,2024-05-04T14:37:14.907,88.720,0.188,0.179,1.007
1714822634917,2024-05-04T14:37:14.917,88.730,0.161,0.178,1.004
1714822634927,2024-05-04T14:37:14.927,88.740,0.144,0.165,1.003
1714822634937,2024-05-04T14:37:14.937,88.750,0.135,0.148,0.999
1714822634947,2024-05-04T14:37:14.947,88.760,0.114,0.137,0.993
1714822634957,2024-05-04T14:37:14.957,88.770,0.105,0.135,0.990
1714822634967,2024-05-04T14:37:14.967,88.780,0.136,0.139,0.996
1714822634977,2024-05-04T14:37:14.977,88.790,0.187,0.134,1.007
1714822634987,2024-05-04T14:37:14.987,88.800,0.247,0.127,1.029
1714822634997,2024-05-04T14:37:14.997,88.810,0.330,0.122,1.055
1714822635007,2024-05-04T14:37:15.007,88.820,0.401,0.121,1.066
1714822635017,2024-05-04T14:37:15.017,88.830,0.454,0.144,1.071
1714822635027,2024-05-04T14:37:15.027,88.840,0.509,0.169,1.097
1714822635037,2024-05-04T14:37:15.037,88.850,0.565,0.161,1.150
1714822635047,2024-05-04T14:37:15.047,88.860,0.726,0.129,1.214
1714822635057,2024-05-04T14:37:15.057,88.870,1.026,0.115,1.174
1714822635067,2024-05-04T14:37:15.067,88.880,1.340,0.126,0.945
1714822635077,2024-05-04T14:37:15.077,88.890,1.321,0.144,0.671
1714822635087,2024-05-04T14:37:15.087,88.900,1.150,0.218,0.381
1714822635097,2024-05-04T14:37:15.097,88.910,1.172,0.280,0.306
1714822635107,2024-05-04T14:37:15.107,88.920,1.153,0.228,0.491
1714822635117,2024-05-04T14:37:15.117,88.930,0.794,0.040,0.610
1714822635127,2024-05-04T14:37:15.127,88.940,0.104,-0.251,0.643
1714822635137,2024-05-04T14:37:15.137,88.950,-0.620,-0.420,0.585
1714822635147,2024-05-04T14:37:15.147,88.960,-1.012,-0.355,0.510
1714822635157,2024-05-04T14:37:15.157,88.970,-1.122,-0.155,0.521
1714822635167,2024-05-04T14:37:15.167,88.980,-1.150,-0.080,0.401
1714822635177,2024-05-04T14:37:15.177,88.990,-1.229,-0.185,-0.027
1714822635187,2024-05-04T14:37:15.187,89.000,-0.914,-0.472,0.098
1714822635197,2024-05-04T14:37:15.197,89.010,-1.716,-0.219,0.063
1714822635207,2024-05-04T14:37:15.207,89.020,-2.326,0.136,-0.045
1714822635217,2024-05-04T14:37:15.217,89.030,-1.415,0.175,0.085
1714822635227,2024-05-04T14:37:15.227,89.040,-0.786,-0.009,-0.037
1714822635237,2024-05-04T14:37:15.237,89.050,-1.089,-0.240,-0.286
1714822635247,2024-05-04T14:37:15.247,89.060,-1.477,-0.168,-0.521
1714822635257,2024-05-04T14:37:15.257,89.070,-1.473,0.004,-0.674
1714822635267,2024-05-04T14:37:15.267,89.080,-1.382,-0.007,-0.772
1714822635277,2024-05-04T14:37:15.277,89.090,-1.409,-0.031,-0.828
1714822635287,2024-05-04T14:37:15.287,89.100,-1.432,0.030,-0.795
1714822635297,2024-05-04T14:37:15.297,89.110,-1.386,0.065,-0.737
1714822635307,2024-05-04T14:37:15.307,89.120,-1.373,0.068,-0.681
1714822635317,2024-05-04T14:37:15.317,89.130,-1.341,0.080,-0.588
1714822635327,2024-05-04T14:37:15.327,89.140,-1.253,0.096,-0.458
1714822635337,2024-05-04T14:37:15.337,89.150,-1.166,0.104,-0.316
1714822635347,2024-05-04T14:37:15.347,89.160,-1.099,0.130,-0.193
1714822635357,2024-05-04T14:37:15.357,89.170,-1.050,0.148,-0.120
1714822635367,2024-05-04T14:37:15.367,89.180,-1.050,0.147,-0.093
1714822635377,2024-05-04T14:37:15.377,89.190,-1.081,0.140,-0.068
1714822635387,2024-05-04T14:37:15.387,89.200,-1.119,0.139,-0.059
1714822635397,2024-05-04T14:37:15.397,89.210,-1.174,0.147,-0.049
1714822635407,2024-05-04T14:37:15.407,89.220,-1.212,0.131,-0.015
1714822635417,2024-05-04T14:37:15.417,89.230,-1.221,0.106,0.031
1714822635427,2024-05-04T14:37:15.427,89.240,-1.156,0.106,0.106
1714822635437,2024-05-04T14:37:15.437,89.250,-1.043,0.133,0.189
1714822635447,2024-05-04T14:37:15.447,89.260,-0.951,0.148,0.265
1714822635457,2024-05-04T14:37:15.457,89.270,-0.908,0.144,0.304
1714822635467,2024-05-04T14:37:15.467,89.280,-0.897,0.145,0.330
1714822635477,2024-05-04T14:37:15.477,89.290,-0.904,0.142,0.348
1714822635487,2024-05-04T14:37:15.487,89.300,-0.918,0.121,0.402
1714822635497,2024-05-04T14:37:15.497,89.310,-0.925,0.096,0.494
1714822635507,2024-05-04T14:37:15.507,89.320,-0.882,0.086,0.593
1714822635517,2024-05-04T14:37:15.517,89.330,-0.751,0.095,0.671
1714822635527,2024-05-04T14:37:15.527,89.340,-0.619,0.132,0.710
1714822635537,2024-05-04T14:37:15.537,89.350,-0.531,0.173,0.729
1714822635547,2024-05-04T14:37:15.547,89.360,-0.468,0.203,0.731
1714822635557,2024-05-04T14:37:15.557,89.370,-0.460,0.206,0.744
1714822635567,2024-05-04T14:37:15.567,89.380,-0.500,0.174,0.725
1714822635577,2024-05-04T14:37:15.577,89.390,-0.545,0.142,0.741
1714822635587,2024-05-04T14:37:15.587,89.400,-0.509,0.130,0.813
1714822635597,2024-05-04T14:37:15.597,89.410,-0.365,0.135,0.877
1714822635607,2024-05-04T14:37:15.607,89.420,-0.240,0.154,0.881
1714822635617,2024-05-04T14:37:15.617,89.430,-0.191,0.183,0.834
1714822635627,2024-05-04T14:37:15.627,89.440,-0.128,0.214,0.820
1714822635637,2024-05-04T14:37:15.637,89.450,-0.126,0.229,0.818
1714822635647,2024-05-04T14:37:15.647,89.460,-0.213,0.208,0.836
1714822635657,2024-05-04T14:37:15.657,89.470,-0.257,0.172,0.868
1714822635667,2024-05-04T14:37:15.667,89.480,-0.184,0.136,0.898
1714822635677,2024-05-04T14:37:15.677,89.490,-0.064,0.135,0.926
1714822635687,2024-05-04T14:37:15.687,89.500,0.038,0.171,0.941
1714822635697,2024-05-04T14:37:15.697,89.510,0.087,0.229,0.951
1714822635707,2024-05-04T14:37:15.707,89.520,0.069,0.278,0.936
1714822635717,2024-05-04T14:37:15.717,89.530,0.084,0.271,0.925
1714822635727,2024-05-04T14:37:15.727,89.540,0.134,0.230,0.958
1714822635737,2024-05-04T14:37:15.737,89.550,0.161,0.198,0.999
1714822635747,2024-05-04T14:37:15.747,89.560,0.127,0.166,0.998
1714822635757,2024-05-04T14:37:15.757,89.570,0.093,0.159,0.957
1714822635767,2024-05-04T14:37:15.767,89.580,0.116,0.195,0.921
1714822635777,2024-05-04T14:37:15.777,89.590,0.124,0.244,0.888
1714822635787,2024-05-04T14:37:15.787,89.600,0.104,0.254,0.894
1714822635797,2024-05-04T14:37:15.797,89.610,0.144,0.239,0.915
1714822635807,2024-05-04T14:37:15.807,89.620,0.189,0.215,0.953
1714822635817,2024-05-04T14:37:15.817,89.630,0.196,0.205,0.991
1714822635827,2024-05-04T14:37:15.827,89.640,0.193,0.202,1.014
1714822635837,2024-05-04T14:37:15.837,89.650,0.180,0.193,1.021
1714822635847,2024-05-04T14:37:15.847,89.660,0.175,0.188,1.000
1714822635857,2024-05-04T14:37:15.857,89.670,0.169,0.195,0.971
1714822635867,2024-05-04T14:37:15.867,89.680,0.165,0.211,0.956
1714822635877,2024-05-04T14:37:15.877,89.690,0.155,0.224,0.967
1714822635887,2024-05-04T14:37:15.887,89.700,0.149,0.216,1.001
1714822635897,2024-05-04T14:37:15.897,89.710,0.155,0.198,1.025
1714822635907,2024-05-04T14:37:15.907,89.720,0.154,0.185,1.037
1714822635917,2024-05-04T14:37:15.917,89.730,0.163,0.187,1.036
1714822635927,2024-05-04T14:37:15.927,89.740,0.167,0.190,1.012
1714822635937,2024-05-04T14:37:15.937,89.750,0.157,0.193,0.971
1714822635947,2024-05-04T14:37:15.947,89.760,0.111,0.197,0.940
1714822635957,2024-05-04T14:37:15.957,89.770,0.057,0.195,0.945
1714822635967,2024-05-04T14:37:15.967,89.780,0.035,0.189,0.960
1714822635977,2024-05-04T14:37:15.977,89.790,0.068,0.181,1.006
1714822635987,2024-05-04T14:37:15.987,89.800,0.134,0.183,1.052
1714822635997,2024-05-04T14:37:15.997,89.810,0.192,0.186,1.060
1714822636007,2024-05-04T14:37:16.007,89.820,0.226,0.188,1.036
1714822636017,2024-05-04T14:37:16.017,89.830,0.219,0.199,1.010
1714822636027,2024-05-04T14:37:16.027,89.840,0.183,0.210,0.994
1714822636037,2024-05-04T14:37:16.037,89.850,0.157,0.213,0.993
1714822636047,2024-05-04T14:37:16.047,89.860,0.115,0.192,0.998
1714822636057,2024-05-04T14:37:16.057,89.870,0.058,0.168,0.994
1714822636067,2024-05-04T14:37:16.067,89.880,0.033,0.160,0.993
1714822636077,2024-05-04T14:37:16.077,89.890,0.066,0.164,1.012
1714822636087,2024-05-04T14:37:16.087,89.900,0.146,0.169,1.018
1714822636097,2024-05-04T14:37:16.097,89.910,0.186,0.180,1.009
1714822636107,2024-05-04T14:37:16.107,89.920,0.166,0.204,0.999
1714822636117,2024-05-04T14:37:16.117,89.930,0.119,0.218,0.996
1714822636127,2024-05-04T14:37:16.127,89.940,0.090,0.205,0.998
1714822636137,2024-05-04T14:37:16.137,89.950,0.070,0.181,1.003
1714822636147,2024-05-04T14:37:16.147,89.960,0.084,0.165,1.014
1714822636157,2024-05-04T14:37:16.157,89.970,0.135,0.155,1.023
1714822636167,2024-05-04T14:37:16.167,89.980,0.175,0.150,1.010
1714822636177,2024-05-04T14:37:16.177,89.990,0.165,0.165,0.975
1714822636187,2024-05-04T14:37:16.187,90.000,0.142,0.186,0.961
1714822636197,2024-05-04T14:37:16.197,90.010,0.153,0.187,0.971
1714822636207,2024-05-04T14:37:16.207,90.020,0.162,0.165,0.983
1714822636217,2024-05-04T14:37:16.217,90.030,0.161,0.149,0.994
1714822636227,2024-05-04T14:37:16.227,90.040,0.179,0.147,1.005
1714822636237,2024-05-04T14:37:16.237,90.050,0.214,0.153,1.019
1714822636247,2024-05-04T14:37:16.247,90.060,0.236,0.157,1.011
1714822636257,2024-05-04T14:37:16.257,90.070,0.262,0.162,0.993
1714822636267,2024-05-04T14:37:16.267,90.080,0.355,0.179,0.984
1714822636277,2024-05-04T14:37:16.277,90.090,0.512,0.200,0.993
1714822636287,2024-05-04T14:37:16.287,90.100,0.653,0.221,0.976
1714822636297,2024-05-04T14:37:16.297,90.110,0.729,0.221,0.958
1714822636307,2024-05-04T14:37:16.307,90.120,0.563,0.181,0.962
1714822636317,2024-05-04T14:37:16.317,90.130,0.364,0.116,0.917
1714822636327,2024-05-04T14:37:16.327,90.140,0.318,0.068,0.885
1714822636337,2024-05-04T14:37:16.337,90.150,0.290,0.083,0.862
1714822636347,2024-05-04T14:37:16.347,90.160,0.347,0.180,0.778
1714822636357,2024-05-04T14:37:16.357,90.170,0.505,0.228,0.617
1714822636367,2024-05-04T14:37:16.367,90.180,0.883,0.158,0.831
1714822636377,2024-05-04T14:37:16.377,90.190,-0.065,0.052,0.623
1714822636387,2024-05-04T14:37:16.387,90.200,-1.160,-0.112,0.504
1714822636397,2024-05-04T14:37:16.397,90.210,-1.485,-0.139,0.483
1714822636407,2024-05-04T14:37:16.407,90.220,-1.204,-0.070,0.580
1714822636417,2024-05-04T14:37:16.417,90.230,-0.920,0.063,0.569
1714822636427,2024-05-04T14:37:16.427,90.240,-0.966,0.166,0.480
1714822636437,2024-05-04T14:37:16.437,90.250,-1.155,0.188,0.394
1714822636447,2024-05-04T14:37:16.447,90.260,-1.303,0.145,0.353
1714822636457,2024-05-04T14:37:16.457,90.270,-1.215,0.092,0.414
1714822636467,2024-05-04T14:37:16.467,90.280,-1.026,0.061,0.473
1714822636477,2024-05-04T14:37:16.477,90.290,-1.002,0.049,0.376
1714822636487,2024-05-04T14:37:16.487,90.300,-1.130,0.087,0.210
1714822636497,2024-05-04T14:37:16.497,90.310,-1.184,0.117,0.114
1714822636507,2024-05-04T14:37:16.507,90.320,-1.195,0.053,0.116
1714822636517,2024-05-04T14:37:16.517,90.330,-1.208,-0.009,0.094
1714822636527,2024-05-04T14:37:16.527,90.340,-1.234,0.037,0.003
1714822636537,2024-05-04T14:37:16.537,90.350,-1.239,0.074,-0.083
1714822636547,2024-05-04T14:37:16.547,90.360,-1.218,0.062,-0.161
1714822636557,2024-05-04T14:37:16.557,90.370,-1.247,0.063,-0.232
1714822636567,2024-05-04T14:37:16.567,90.380,-1.247,0.070,-0.277
1714822636577,2024-05-04T14:37:16.577,90.390,-1.217,0.065,-0.306
1714822636587,2024-05-04T14:37:16.587,90.400,-1.233,0.062,-0.290
1714822636597,2024-05-04T14:37:16.597,90.410,-1.223,0.066,-0.253
1714822636607,2024-05-04T14:37:16.607,90.420,-1.159,0.060,-0.202
1714822636617,2024-05-04T14:37:16.617,90.430,-1.117,0.066,-0.168
1714822636627,2024-05-04T14:37:16.627,90.440,-1.121,0.093,-0.154
1714822636637,2024-05-04T14:37:16.637,90.450,-1.129,0.118,-0.143
1714822636647,2024-05-04T14:37:16.647,90.460,-1.128,0.138,-0.120
1714822636657,2024-05-04T14:37:16.657,90.470,-1.110,0.159,-0.070
1714822636667,2024-05-04T14:37:16.667,90.480,-1.083,0.175,-0.021
1714822636677,2024-05-04T14:37:16.677,90.490,-1.060,0.177,0.021
1714822636687,2024-05-04T14:37:16.687,90.500,-1.057,0.182,0.056
1714822636697,2024-05-04T14:37:16.697,90.510,-1.055,0.186,0.109
1714822636707,2024-05-04T14:37:16.707,90.520,-1.042,0.193,0.170
1714822636717,2024-05-04T14:37:16.717,90.530,-1.020,0.197,0.202
1714822636727,2024-05-04T14:37:16.727,90.540,-0.998,0.195,0.211
1714822636737,2024-05-04T14:37:16.737,90.550,-0.988,0.200,0.215
1714822636747,2024-05-04T14:37:16.747,90.560,-0.997,0.204,0.240
1714822636757,2024-05-04T14:37:16.757,90.570,-0.993,0.212,0.282
1714822636767,2024-05-04T14:37:16.767,90.580,-0.979,0.222,0.344
1714822636777,2024-05-04T14:37:16.777,90.590,-0.950,0.217,0.375
1714822636787,2024-05-04T14:37:16.787,90.600,-0.929,0.205,0.384
1714822636797,2024-05-04T14:37:16.797,90.610,-0.924,0.206,0.381
1714822636807,2024-05-04T14:37:16.807,90.620,-0.906,0.209,0.411
1714822636817,2024-05-04T14:37:16.817,90.630,-0.885,0.220,0.461
1714822636827,2024-05-04T14:37:16.827,90.640,-0.858,0.210,0.531
1714822636837,2024-05-04T14:37:16.837,90.650,-0.837,0.182,0.591
1714822636847,2024-05-04T14:37:16.847,90.660,-0.779,0.191,0.642
1714822636857,2024-05-04T14:37:16.857,90.670,-0.697,0.219,0.632
1714822636867,2024-05-04T14:37:16.867,90.680,-0.631,0.237,0.629
1714822636877,2024-05-04T14:37:16.877,90.690,-0.585,0.251,0.646
1714822636887,2024-05-04T14:37:16.887,90.700,-0.592,0.233,0.669
1714822636897,2024-05-04T14:37:16.897,90.710,-0.601,0.192,0.732
1714822636907,2024-05-04T14:37:16.907,90.720,-0.522,0.158,0.805
1714822636917,2024-05-04T14:37:16.917,90.730,-0.436,0.149,0.846
1714822636927,2024-05-04T14:37:16.927,90.740,-0.374,0.157,0.858
1714822636937,2024-05-04T14:37:16.937,90.750,-0.330,0.195,0.845
1714822636947,2024-05-04T14:37:16.947,90.760,-0.310,0.241,0.829
1714822636957,2024-05-04T14:37:16.957,90.770,-0.303,0.250,0.803
1714822636967,2024-05-04T14:37:16.967,90.780,-0.290,0.231,0.769
1714822636977,2024-05-04T14:37:16.977,90.790,-0.268,0.204,0.776
1714822636987,2024-05-04T14:37:16.987,90.800,-0.253,0.188,0.821
1714822636997,2024-05-04T14:37:16.997,90.810,-0.262,0.183,0.883
1714822637007,2024-05-04T14:37:17.007,90.820,-0.251,0.185,0.926
1714822637017,2024-05-04T14:37:17.017,90.830,-0.211,0.197,0.931
1714822637027,2024-05-04T14:37:17.027,90.840,-0.132,0.221,0.906
1714822637037,2024-05-04T14:37:17.037,90.850,-0.041,0.253,0.893
1714822637047,2024-05-04T14:37:17.047,90.860,0.010,0.263,0.895
1714822637057,2024-05-04T14:37:17.057,90.870,-0.007,0.241,0.909
1714822637067,2024-05-04T14:37:17.067,90.880,-0.023,0.204,0.951
1714822637077,2024-05-04T14:37:17.077,90.890,0.009,0.171,1.005
1714822637087,2024-05-04T14:37:17.087,90.900,0.064,0.166,1.014
1714822637097,2024-05-04T14:37:17.097,90.910,0.093,0.187,0.983
1714822637107,2024-05-04T14:37:17.107,90.920,0.083,0.214,0.948
1714822637117,2024-05-04T14:37:17.117,90.930,0.059,0.221,0.917
1714822637127,2024-05-04T14:37:17.127,90.940,0.064,0.202,0.904
1714822637137,2024-05-04T14:37:17.137,90.950,0.118,0.170,0.941
1714822637147,2024-05-04T14:37:17.147,90.960,0.203,0.149,1.013
1714822637157,2024-05-04T14:37:17.157,90.970,0.275,0.134,1.070
1714822637167,2024-05-04T14:37:17.167,90.980,0.350,0.140,1.093
1714822637177,2024-05-04T14:37:17.177,90.990,0.432,0.161,1.057
1714822637187,2024-05-04T14:37:17.187,91.000,0.458,0.193,0.972
1714822637197,2024-05-04T14:37:17.197,91.010,0.394,0.221,0.906
1714822637207,2024-05-04T14:37:17.207,91.020,0.285,0.228,0.911
1714822637217,2024-05-04T14:37:17.217,91.030,0.188,0.191,0.956
1714822637227,2024-05-04T14:37:17.227,91.040,0.120,0.139,0.976
1714822637237,2024-05-04T14:37:17.237,91.050,0.136,0.102,0.987
1714822637247,2024-05-04T14:37:17.247,91.060,0.210,0.118,0.976
1714822637257,2024-05-04T14:37:17.257,91.070,0.268,0.164,0.956
1714822637267,2024-05-04T14:37:17.267,91.080,0.296,0.203,0.961
1714822637277,2024-05-04T14:37:17.277,91.090,0.328,0.201,0.988
1714822637287,2024-05-04T14:37:17.287,91.100,0.337,0.174,1.011
1714822637297,2024-05-04T14:37:17.297,91.110,0.304,0.153,1.031
1714822637307,2024-05-04T14:37:17.307,91.120,0.274,0.146,1.037
1714822637317,2024-05-04T14:37:17.317,91.130,0.265,0.152,1.016
1714822637327,2024-05-04T14:37:17.327,91.140,0.252,0.170,0.983
1714822637337,2024-05-04T14:37:17.337,91.150,0.206,0.185,0.957
1714822637347,2024-05-04T14:37:17.347,91.160,0.146,0.193,0.943
1714822637357,2024-05-04T14:37:17.357,91.170,0.119,0.186,0.943
1714822637367,2024-05-04T14:37:17.367,91.180,0.136,0.159,0.970
1714822637377,2024-05-04T14:37:17.377,91.190,0.170,0.139,1.013
1714822637387,2024-05-04T14:37:17.387,91.200,0.204,0.134,1.031
1714822637397,2024-05-04T14:37:17.397,91.210,0.237,0.144,1.039
1714822637407,2024-05-04T14:37:17.407,91.220,0.248,0.164,1.018
1714822637417,2024-05-04T14:37:17.417,91.230,0.199,0.180,0.998
1714822637427,2024-05-04T14:37:17.427,91.240,0.117,0.187,0.993
1714822637437,2024-05-04T14:37:17.437,91.250,0.055,0.181,0.992
1714822637447,2024-05-04T14:37:17.447,91.260,0.030,0.159,0.991
1714822637457,2024-05-04T14:37:17.457,91.270,0.058,0.135,1.002
1714822637467,2024-05-04T14:37:17.467,91.280,0.111,0.135,1.007
1714822637477,2024-05-04T14:37:17.477,91.290,0.142,0.154,1.004
1714822637487,2024-05-04T14:37:17.487,91.300,0.165,0.180,1.000
1714822637497,2024-05-04T14:37:17.497,91.310,0.170,0.199,1.013
1714822637507,2024-05-04T14:37:17.507,91.320,0.132,0.193,1.014
1714822637517,2024-05-04T14:37:17.517,91.330,0.071,0.173,1.017
1714822637527,2024-05-04T14:37:17.527,91.340,0.055,0.152,1.021
1714822637537,2024-05-04T14:37:17.537,91.350,0.084,0.147,1.029
1714822637547,2024-05-04T14:37:17.547,91.360,0.121,0.146,1.033
1714822637557,2024-05-04T14:37:17.557,91.370,0.124,0.145,1.017
1714822637567,2024-05-04T14:37:17.567,91.380,0.103,0.153,0.990
1714822637577,2024-05-04T14:37:17.577,91.390,0.084,0.171,0.984
1714822637587,2024-05-04T14:37:17.587,91.400,0.061,0.166,0.985
1714822637597,2024-05-04T14:37:17.597,91.410,0.069,0.150,0.986
1714822637607,2024-05-04T14:37:17.607,91.420,0.097,0.151,0.989
1714822637617,2024-05-04T14:37:17.617,91.430,0.108,0.161,0.997
1714822637627,2024-05-04T14:37:17.627,91.440,0.130,0.169,0.994
1714822637637,2024-05-04T14:37:17.637,91.450,0.145,0.175,0.984
1714822637647,2024-05-04T14:37:17.647,91.460,0.121,0.180,0.972
1714822637657,2024-05-04T14:37:17.657,91.470,0.100,0.193,0.966
1714822637667,2024-05-04T14:37:17.667,91.480,0.097,0.191,0.967
1714822637677,2024-05-04T14:37:17.677,91.490,0.091,0.188,0.967
1714822637687,2024-05-04T14:37:17.687,91.500,0.086,0.177,0.975
1714822637697,2024-05-04T14:37:17.697,91.510,0.116,0.172,0.977
1714822637707,2024-05-04T14:37:17.707,91.520,0.146,0.176,0.976
1714822637717,2024-05-04T14:37:17.717,91.530,0.144,0.184,0.967
1714822637727,2024-05-04T14:37:17.727,91.540,0.130,0.184,0.960
1714822637737,2024-05-04T14:37:17.737,91.550,0.122,0.181,0.953
1714822637747,2024-05-04T14:37:17.747,91.560,0.102,0.182,0.959
1714822637757,2024-05-04T14:37:17.757,91.570,0.088,0.191,0.961
1714822637767,2024-05-04T14:37:17.767,91.580,0.083,0.191,0.969
1714822637777,2024-05-04T14:37:17.777,91.590,0.085,0.175,0.981
1714822637787,2024-05-04T14:37:17.787,91.600,0.099,0.162,0.983
1714822637797,2024-05-04T14:37:17.797,91.610,0.111,0.162,0.979
1714822637807,2024-05-04T14:37:17.807,91.620,0.111,0.167,0.968
1714822637817,2024-05-04T14:37:17.817,91.630,0.097,0.180,0.970
1714822637827,2024-05-04T14:37:17.827,91.640,0.092,0.191,0.978
1714822637837,2024-05-04T14:37:17.837,91.650,0.088,0.187,0.991
1714822637847,2024-05-04T14:37:17.847,91.660,0.081,0.179,0.994
1714822637857,2024-05-04T14:37:17.857,91.670,0.091,0.178,0.993
