epoch (ms),time (03:00),elapsed (s),x-axis (deg/s),y-axis (deg/s),z-axis (deg/s)
1714822778406,2024-05-04T14:39:38.406,0.000,0.732,-0.793,0.854
1714822778416,2024-05-04T14:39:38.416,0.010,0.854,-0.610,1.402
1714822778426,2024-05-04T14:39:38.426,0.020,1.098,0.610,1.646
1714822778436,2024-05-04T14:39:38.436,0.030,1.280,1.768,2.012
1714822778446,2024-05-04T14:39:38.446,0.040,1.037,1.890,2.073
1714822778456,2024-05-04T14:39:38.456,0.050,0.671,0.976,2.195
1714822778466,2024-05-04T14:39:38.466,0.060,1.098,-0.488,2.439
1714822778476,2024-05-04T14:39:38.476,0.070,1.402,-1.402,2.256
1714822778486,2024-05-04T14:39:38.486,0.080,1.037,-0.915,1.829
1714822778496,2024-05-04T14:39:38.496,0.090,0.732,-0.061,1.402
1714822778506,2024-05-04T14:39:38.506,0.100,0.305,0.549,0.976
1714822778516,2024-05-04T14:39:38.516,0.110,-0.305,0.488,0.671
1714822778526,2024-05-04T14:39:38.526,0.120,-0.671,-0.244,0.305
1714822778536,2024-05-04T14:39:38.536,0.130,-1.098,-0.732,-0.122
1714822778546,2024-05-04T14:39:38.546,0.140,-1.341,-0.549,-0.427
1714822778556,2024-05-04T14:39:38.556,0.150,-1.098,0.061,-0.854
1714822778566,2024-05-04T14:39:38.566,0.160,-0.366,1.463,-0.915
1714822778576,2024-05-04T14:39:38.576,0.170,-0.122,2.927,-1.037
1714822778586,2024-05-04T14:39:38.586,0.180,-0.427,2.805,-0.915
1714822778596,2024-05-04T14:39:38.596,0.190,-0.671,0.976,-0.793
1714822778606,2024-05-04T14:39:38.606,0.200,-0.732,-1.341,-0.488
1714822778616,2024-05-04T14:39:38.616,0.210,-0.610,-3.415,0.000
1714822778626,2024-05-04T14:39:38.626,0.220,-0.427,-4.756,0.244
1714822778636,2024-05-04T14:39:38.636,0.230,-0.244,-5.061,0.244
1714822778646,2024-05-04T14:39:38.646,0.240,0.671,-4.390,0.061
1714822778656,2024-05-04T14:39:38.656,0.250,1.463,-2.866,0.305
1714822778666,2024-05-04T14:39:38.666,0.260,1.341,-0.854,0.610
1714822778676,2024-05-04T14:39:38.676,0.270,0.854,0.122,0.854
1714822778686,2024-05-04T14:39:38.686,0.280,0.488,0.183,0.915
1714822778696,2024-05-04T14:39:38.696,0.290,1.098,0.061,1.280
1714822778706,2024-05-04T14:39:38.706,0.300,2.073,-0.366,1.341
1714822778716,2024-05-04T14:39:38.716,0.310,2.805,-0.183,1.341
1714822778726,2024-05-04T14:39:38.726,0.320,2.988,1.037,1.524
1714822778736,2024-05-04T14:39:38.736,0.330,2.622,2.195,1.768
1714822778746,2024-05-04T14:39:38.746,0.340,2.500,2.439,2.073
1714822778756,2024-05-04T14:39:38.756,0.350,2.988,2.256,2.134
1714822778766,2024-05-04T14:39:38.766,0.360,3.780,1.890,2.317
1714822778776,2024-05-04T14:39:38.776,0.370,4.085,1.768,2.439
1714822778786,2024-05-04T14:39:38.786,0.380,4.451,1.951,2.439
1714822778796,2024-05-04T14:39:38.796,0.390,5.000,3.415,3.110
1714822778806,2024-05-04T14:39:38.806,0.400,5.183,5.732,3.415
1714822778816,2024-05-04T14:39:38.816,0.410,5.610,8.171,4.451
1714822778826,2024-05-04T14:39:38.826,0.420,5.793,9.878,5.427
1714822778836,2024-05-04T14:39:38.836,0.430,6.829,12.866,6.341
1714822778846,2024-05-04T14:39:38.846,0.440,8.110,18.293,7.378
1714822778856,2024-05-04T14:39:38.856,0.450,8.049,23.963,7.622
1714822778866,2024-05-04T14:39:38.866,0.460,7.317,27.378,7.805
1714822778876,2024-05-04T14:39:38.876,0.470,7.500,27.317,8.598
1714822778886,2024-05-04T14:39:38.886,0.480,7.561,25.488,9.329
1714822778896,2024-05-04T14:39:38.896,0.490,7.073,24.634,9.573
1714822778906,2024-05-04T14:39:38.906,0.500,7.500,24.695,9.939
1714822778916,2024-05-04T14:39:38.916,0.510,7.500,24.329,10.183
1714822778926,2024-05-04T14:39:38.926,0.520,6.646,23.537,10.000
1714822778936,2024-05-04T14:39:38.936,0.530,7.134,20.854,9.817
1714822778946,2024-05-04T14:39:38.946,0.540,8.841,17.927,10.610
1714822778956,2024-05-04T14:39:38.956,0.550,9.939,16.646,11.220
1714822778966,2024-05-04T14:39:38.966,0.560,8.354,16.220,10.122
1714822778976,2024-05-04T14:39:38.976,0.570,5.610,15.610,8.902
1714822778986,2024-05-04T14:39:38.986,0.580,4.146,13.963,8.049
1714822778996,2024-05-04T14:39:38.996,0.590,3.780,11.280,6.890
1714822779006,2024-05-04T14:39:39.006,0.600,3.537,8.659,5.610
1714822779016,2024-05-04T14:39:39.016,0.610,3.476,5.549,5.183
1714822779026,2024-05-04T14:39:39.026,0.620,3.171,2.988,6.159
1714822779036,2024-05-04T14:39:39.036,0.630,2.317,1.524,6.463
1714822779046,2024-05-04T14:39:39.046,0.640,2.317,-0.122,5.305
1714822779056,2024-05-04T14:39:39.056,0.650,3.963,-1.707,4.878
1714822779066,2024-05-04T14:39:39.066,0.660,5.549,-2.927,4.878
1714822779076,2024-05-04T14:39:39.076,0.670,5.366,-2.561,5.244
1714822779086,2024-05-04T14:39:39.086,0.680,2.744,-2.683,6.159
1714822779096,2024-05-04T14:39:39.096,0.690,0.305,-4.878,8.780
1714822779106,2024-05-04T14:39:39.106,0.700,-1.768,-5.244,12.744
1714822779116,2024-05-04T14:39:39.116,0.710,-3.780,-3.963,16.098
1714822779126,2024-05-04T14:39:39.126,0.720,-10.061,-2.073,17.134
1714822779136,2024-05-04T14:39:39.136,0.730,-18.049,2.805,15.610
1714822779146,2024-05-04T14:39:39.146,0.740,-24.634,16.646,14.329
1714822779156,2024-05-04T14:39:39.156,0.750,-27.561,40.305,10.671
1714822779166,2024-05-04T14:39:39.166,0.760,-22.256,68.537,3.232
1714822779176,2024-05-04T14:39:39.176,0.770,-16.280,89.512,-5.488
1714822779186,2024-05-04T14:39:39.186,0.780,-11.707,94.512,-13.780
1714822779196,2024-05-04T14:39:39.196,0.790,-5.061,86.890,-18.963
1714822779206,2024-05-04T14:39:39.206,0.800,6.463,68.293,-20.427
1714822779216,2024-05-04T14:39:39.216,0.810,30.915,49.451,-16.524
1714822779226,2024-05-04T14:39:39.226,0.820,62.622,38.232,-7.561
1714822779236,2024-05-04T14:39:39.236,0.830,89.695,39.146,-3.232
1714822779246,2024-05-04T14:39:39.246,0.840,112.561,53.780,5.061
1714822779256,2024-05-04T14:39:39.256,0.850,134.634,67.256,18.354
1714822779266,2024-05-04T14:39:39.266,0.860,150.549,68.415,27.195
1714822779276,2024-05-04T14:39:39.276,0.870,157.866,55.244,27.988
1714822779286,2024-05-04T14:39:39.286,0.880,164.390,31.402,20.915
1714822779296,2024-05-04T14:39:39.296,0.890,172.500,9.024,12.073
1714822779306,2024-05-04T14:39:39.306,0.900,179.024,0.427,10.488
1714822779316,2024-05-04T14:39:39.316,0.910,172.500,9.817,19.573
1714822779326,2024-05-04T14:39:39.326,0.920,158.841,18.110,29.756
1714822779336,2024-05-04T14:39:39.336,0.930,159.878,25.488,32.866
1714822779346,2024-05-04T14:39:39.346,0.940,164.085,31.402,31.280
1714822779356,2024-05-04T14:39:39.356,0.950,159.390,26.159,23.780
1714822779366,2024-05-04T14:39:39.366,0.960,144.146,12.317,18.598
1714822779376,2024-05-04T14:39:39.376,0.970,126.402,-4.085,24.695
1714822779386,2024-05-04T14:39:39.386,0.980,99.695,-14.390,25.610
1714822779396,2024-05-04T14:39:39.396,0.990,67.073,-13.902,18.110
1714822779406,2024-05-04T14:39:39.406,1.000,38.902,-15.488,13.780
1714822779416,2024-05-04T14:39:39.416,1.010,14.512,-23.232,13.963
1714822779426,2024-05-04T14:39:39.426,1.020,-6.159,-30.427,12.805
1714822779436,2024-05-04T14:39:39.436,1.030,-23.720,-32.256,11.585
1714822779446,2024-05-04T14:39:39.446,1.040,-37.744,-28.841,10.854
1714822779456,2024-05-04T14:39:39.456,1.050,-48.902,-22.866,9.878
1714822779466,2024-05-04T14:39:39.466,1.060,-57.439,-16.524,9.024
1714822779476,2024-05-04T14:39:39.476,1.070,-60.793,-12.134,8.598
1714822779486,2024-05-04T14:39:39.486,1.080,-60.732,-7.683,9.329
1714822779496,2024-05-04T14:39:39.496,1.090,-59.695,-2.744,8.110
1714822779506,2024-05-04T14:39:39.506,1.100,-58.720,-0.183,5.122
1714822779516,2024-05-04T14:39:39.516,1.110,-58.293,0.061,2.073
1714822779526,2024-05-04T14:39:39.526,1.120,-60.488,-3.110,0.366
1714822779536,2024-05-04T14:39:39.536,1.130,-63.963,-5.976,-0.244
1714822779546,2024-05-04T14:39:39.546,1.140,-63.049,-6.890,-0.061
1714822779556,2024-05-04T14:39:39.556,1.150,-57.805,-8.293,-2.500
1714822779566,2024-05-04T14:39:39.566,1.160,-52.439,-9.207,-3.232
1714822779576,2024-05-04T14:39:39.576,1.170,-53.110,-13.354,-2.927
1714822779586,2024-05-04T14:39:39.586,1.180,-60.793,-22.195,-6.220
1714822779596,2024-05-04T14:39:39.596,1.190,-62.927,-33.902,-6.280
1714822779606,2024-05-04T14:39:39.606,1.200,-56.341,-43.293,-2.256
1714822779616,2024-05-04T14:39:39.616,1.210,-48.293,-45.549,-0.305
1714822779626,2024-05-04T14:39:39.626,1.220,-43.720,-42.927,-0.793
1714822779636,2024-05-04T14:39:39.636,1.230,-43.415,-38.049,-0.244
1714822779646,2024-05-04T14:39:39.646,1.240,-48.476,-33.902,-2.561
1714822779656,2024-05-04T14:39:39.656,1.250,-55.610,-28.476,-6.280
1714822779666,2024-05-04T14:39:39.666,1.260,-58.293,-17.561,-7.500
1714822779676,2024-05-04T14:39:39.676,1.270,-57.378,-7.561,-7.317
1714822779686,2024-05-04T14:39:39.686,1.280,-54.634,-3.232,-4.024
1714822779696,2024-05-04T14:39:39.696,1.290,-51.829,-6.890,-1.098
1714822779706,2024-05-04T14:39:39.706,1.300,-50.854,-15.183,-2.378
1714822779716,2024-05-04T14:39:39.716,1.310,-51.037,-21.951,-6.585
1714822779726,2024-05-04T14:39:39.726,1.320,-50.732,-22.988,-11.341
1714822779736,2024-05-04T14:39:39.736,1.330,-49.817,-19.207,-14.512
1714822779746,2024-05-04T14:39:39.746,1.340,-47.927,-12.744,-13.841
1714822779756,2024-05-04T14:39:39.756,1.350,-46.280,-5.305,-11.280
1714822779766,2024-05-04T14:39:39.766,1.360,-44.817,-0.610,-10.793
1714822779776,2024-05-04T14:39:39.776,1.370,-40.244,-1.402,-10.305
1714822779786,2024-05-04T14:39:39.786,1.380,-30.793,-4.695,-9.756
1714822779796,2024-05-04T14:39:39.796,1.390,-20.549,-4.512,-10.732
1714822779806,2024-05-04T14:39:39.806,1.400,-17.195,-0.061,-11.220
1714822779816,2024-05-04T14:39:39.816,1.410,-21.768,1.159,-12.317
1714822779826,2024-05-04T14:39:39.826,1.420,-25.732,-3.598,-14.024
1714822779836,2024-05-04T14:39:39.836,1.430,-23.780,-8.537,-13.720
1714822779846,2024-05-04T14:39:39.846,1.440,-18.902,-9.329,-11.159
1714822779856,2024-05-04T14:39:39.856,1.450,-16.524,-6.098,-8.415
1714822779866,2024-05-04T14:39:39.866,1.460,-17.439,-1.341,-7.744
1714822779876,2024-05-04T14:39:39.876,1.470,-18.598,2.683,-8.293
1714822779886,2024-05-04T14:39:39.886,1.480,-17.927,4.939,-8.902
1714822779896,2024-05-04T14:39:39.896,1.490,-16.098,6.402,-8.841
1714822779906,2024-05-04T14:39:39.906,1.500,-14.512,8.537,-8.598
1714822779916,2024-05-04T14:39:39.916,1.510,-13.780,10.366,-8.780
1714822779926,2024-05-04T14:39:39.926,1.520,-11.524,11.524,-8.598
1714822779936,2024-05-04T14:39:39.936,1.530,-8.049,11.951,-8.476
1714822779946,2024-05-04T14:39:39.946,1.540,-6.890,12.927,-8.232
1714822779956,2024-05-04T14:39:39.956,1.550,-9.207,12.500,-7.500
1714822779966,2024-05-04T14:39:39.966,1.560,-12.378,9.634,-7.195
1714822779976,2024-05-04T14:39:39.976,1.570,-12.927,4.390,-6.829
1714822779986,2024-05-04T14:39:39.986,1.580,-10.732,-2.561,-6.402
1714822779996,2024-05-04T14:39:39.996,1.590,-8.110,-6.768,-6.220
1714822780006,2024-05-04T14:39:40.006,1.600,-6.463,-6.646,-5.854
1714822780016,2024-05-04T14:39:40.016,1.610,-6.463,-4.024,-4.634
1714822780026,2024-05-04T14:39:40.026,1.620,-7.744,-1.829,-3.537
1714822780036,2024-05-04T14:39:40.036,1.630,-10.610,-0.427,-3.171
1714822780046,2024-05-04T14:39:40.046,1.640,-12.683,0.671,-2.561
1714822780056,2024-05-04T14:39:40.056,1.650,-12.134,0.549,-1.098
1714822780066,2024-05-04T14:39:40.066,1.660,-10.183,-0.244,0.671
1714822780076,2024-05-04T14:39:40.076,1.670,-8.232,0.244,1.463
1714822780086,2024-05-04T14:39:40.086,1.680,-7.012,2.500,1.402
1714822780096,2024-05-04T14:39:40.096,1.690,-8.110,4.024,0.793
1714822780106,2024-05-04T14:39:40.106,1.700,-10.427,5.122,-0.305
1714822780116,2024-05-04T14:39:40.116,1.710,-11.159,5.305,-0.915
1714822780126,2024-05-04T14:39:40.126,1.720,-10.854,3.598,-1.159
1714822780136,2024-05-04T14:39:40.136,1.730,-10.244,0.305,-0.732
1714822780146,2024-05-04T14:39:40.146,1.740,-8.841,-2.683,-0.183
1714822780156,2024-05-04T14:39:40.156,1.750,-6.707,-3.902,0.427
1714822780166,2024-05-04T14:39:40.166,1.760,-5.610,-3.598,0.549
1714822780176,2024-05-04T14:39:40.176,1.770,-6.037,-2.134,0.366
1714822780186,2024-05-04T14:39:40.186,1.780,-6.524,-0.122,0.549
1714822780196,2024-05-04T14:39:40.196,1.790,-5.793,1.585,0.793
1714822780206,2024-05-04T14:39:40.206,1.800,-4.390,2.927,1.037
1714822780216,2024-05-04T14:39:40.216,1.810,-2.805,5.549,1.280
1714822780226,2024-05-04T14:39:40.226,1.820,-2.195,10.244,1.524
1714822780236,2024-05-04T14:39:40.236,1.830,-2.927,14.573,1.402
1714822780246,2024-05-04T14:39:40.246,1.840,-3.293,17.500,1.646
1714822780256,2024-05-04T14:39:40.256,1.850,-2.378,17.256,2.256
1714822780266,2024-05-04T14:39:40.266,1.860,-1.098,12.988,2.439
1714822780276,2024-05-04T14:39:40.276,1.870,0.366,6.707,3.049
1714822780286,2024-05-04T14:39:40.286,1.880,2.012,0.976,3.537
1714822780296,2024-05-04T14:39:40.296,1.890,3.171,-1.707,4.146
1714822780306,2024-05-04T14:39:40.306,1.900,2.378,-1.646,4.573
1714822780316,2024-05-04T14:39:40.316,1.910,0.732,-0.244,4.573
1714822780326,2024-05-04T14:39:40.326,1.920,-0.183,0.854,4.573
1714822780336,2024-05-04T14:39:40.336,1.930,-1.159,0.915,4.451
1714822780346,2024-05-04T14:39:40.346,1.940,-1.707,0.061,4.207
1714822780356,2024-05-04T14:39:40.356,1.950,-2.195,-2.744,3.780
1714822780366,2024-05-04T14:39:40.366,1.960,-2.683,-5.671,2.378
1714822780376,2024-05-04T14:39:40.376,1.970,-2.012,-6.463,1.098
1714822780386,2024-05-04T14:39:40.386,1.980,-1.463,-5.610,0.183
1714822780396,2024-05-04T14:39:40.396,1.990,-1.707,-4.146,-0.305
1714822780406,2024-05-04T14:39:40.406,2.000,-2.073,-2.805,-0.854
1714822780416,2024-05-04T14:39:40.416,2.010,-2.500,-1.402,-0.854
1714822780426,2024-05-04T14:39:40.426,2.020,-4.085,-0.488,-0.366
1714822780436,2024-05-04T14:39:40.436,2.030,-6.341,-0.061,-0.366
1714822780446,2024-05-04T14:39:40.446,2.040,-8.232,0.000,0.793
1714822780456,2024-05-04T14:39:40.456,2.050,-8.780,-0.732,2.195
1714822780466,2024-05-04T14:39:40.466,2.060,-6.890,-2.561,2.805
1714822780476,2024-05-04T14:39:40.476,2.070,-4.451,-3.841,2.805
1714822780486,2024-05-04T14:39:40.486,2.080,-3.232,-4.329,3.110
1714822780496,2024-05-04T14:39:40.496,2.090,-4.207,-4.146,3.537
1714822780506,2024-05-04T14:39:40.506,2.100,-7.195,-3.902,4.268
1714822780516,2024-05-04T14:39:40.516,2.110,-8.659,-3.902,5.000
1714822780526,2024-05-04T14:39:40.526,2.120,-7.683,-2.866,6.524
1714822780536,2024-05-04T14:39:40.536,2.130,-7.134,-0.610,8.354
1714822780546,2024-05-04T14:39:40.546,2.140,-8.110,2.378,9.329
1714822780556,2024-05-04T14:39:40.556,2.150,-10.976,6.707,10.366
1714822780566,2024-05-04T14:39:40.566,2.160,-14.390,13.598,11.585
1714822780576,2024-05-04T14:39:40.576,2.170,-17.622,20.793,11.524
1714822780586,2024-05-04T14:39:40.586,2.180,-20.793,26.585,11.829
1714822780596,2024-05-04T14:39:40.596,2.190,-21.402,34.878,10.122
1714822780606,2024-05-04T14:39:40.606,2.200,-18.537,50.366,7.561
1714822780616,2024-05-04T14:39:40.616,2.210,-15.976,61.402,6.829
1714822780626,2024-05-04T14:39:40.626,2.220,-13.598,59.024,3.841
1714822780636,2024-05-04T14:39:40.636,2.230,-8.902,52.195,-0.183
1714822780646,2024-05-04T14:39:40.646,2.240,-7.134,47.805,-3.659
1714822780656,2024-05-04T14:39:40.656,2.250,-10.183,45.671,-8.598
1714822780666,2024-05-04T14:39:40.666,2.260,-11.037,45.183,-11.829
1714822780676,2024-05-04T14:39:40.676,2.270,-4.451,46.707,-13.293
1714822780686,2024-05-04T14:39:40.686,2.280,7.622,51.524,-13.415
1714822780696,2024-05-04T14:39:40.696,2.290,22.073,54.939,-9.878
1714822780706,2024-05-04T14:39:40.706,2.300,39.024,51.037,-3.232
1714822780716,2024-05-04T14:39:40.716,2.310,60.793,48.659,4.512
1714822780726,2024-05-04T14:39:40.726,2.320,81.524,46.159,10.366
1714822780736,2024-05-04T14:39:40.736,2.330,101.768,37.195,15.793
1714822780746,2024-05-04T14:39:40.746,2.340,129.085,20.549,22.988
1714822780756,2024-05-04T14:39:40.756,2.350,149.146,-1.280,27.439
1714822780766,2024-05-04T14:39:40.766,2.360,154.695,-28.415,25.610
1714822780776,2024-05-04T14:39:40.776,2.370,161.280,-58.720,16.890
1714822780786,2024-05-04T14:39:40.786,2.380,177.195,-81.463,4.939
1714822780796,2024-05-04T14:39:40.796,2.390,195.183,-90.366,-1.768
1714822780806,2024-05-04T14:39:40.806,2.400,222.317,-94.512,8.110
1714822780816,2024-05-04T14:39:40.816,2.410,232.012,-75.122,15.854
1714822780826,2024-05-04T14:39:40.826,2.420,187.195,-27.317,14.390
1714822780836,2024-05-04T14:39:40.836,2.430,143.720,-8.780,26.585
1714822780846,2024-05-04T14:39:40.846,2.440,154.207,-18.537,25.122
1714822780856,2024-05-04T14:39:40.856,2.450,188.110,-35.244,1.463
1714822780866,2024-05-04T14:39:40.866,2.460,183.415,-33.537,-6.402
1714822780876,2024-05-04T14:39:40.876,2.470,145.610,-11.037,2.439
1714822780886,2024-05-04T14:39:40.886,2.480,105.366,20.244,4.817
1714822780896,2024-05-04T14:39:40.896,2.490,71.341,40.427,-2.012
1714822780906,2024-05-04T14:39:40.906,2.500,40.305,38.720,-2.866
1714822780916,2024-05-04T14:39:40.916,2.510,8.476,27.439,2.439
1714822780926,2024-05-04T14:39:40.926,2.520,-21.768,15.305,2.256
1714822780936,2024-05-04T14:39:40.936,2.530,-48.232,3.110,4.207
1714822780946,2024-05-04T14:39:40.946,2.540,-67.317,-11.159,4.329
1714822780956,2024-05-04T14:39:40.956,2.550,-80.183,-23.293,2.073
1714822780966,2024-05-04T14:39:40.966,2.560,-91.707,-30.671,-0.915
1714822780976,2024-05-04T14:39:40.976,2.570,-97.927,-29.817,-5.122
1714822780986,2024-05-04T14:39:40.986,2.580,-96.768,-20.915,-6.707
1714822780996,2024-05-04T14:39:40.996,2.590,-94.329,-9.085,-8.963
1714822781006,2024-05-04T14:39:41.006,2.600,-98.780,-1.159,-10.061
1714822781016,2024-05-04T14:39:41.016,2.610,-108.780,-6.585,-10.610
1714822781026,2024-05-04T14:39:41.026,2.620,-116.768,-19.756,-12.500
1714822781036,2024-05-04T14:39:41.036,2.630,-125.244,-28.841,-14.451
1714822781046,2024-05-04T14:39:41.046,2.640,-128.049,-36.768,-16.341
1714822781056,2024-05-04T14:39:41.056,2.650,-115.793,-36.951,-10.793
1714822781066,2024-05-04T14:39:41.066,2.660,-95.976,-33.659,3.293
1714822781076,2024-05-04T14:39:41.076,2.670,-88.476,-23.902,12.622
1714822781086,2024-05-04T14:39:41.086,2.680,-92.195,-5.915,11.951
1714822781096,2024-05-04T14:39:41.096,2.690,-94.512,3.476,10.122
1714822781106,2024-05-04T14:39:41.106,2.700,-92.500,1.280,6.646
1714822781116,2024-05-04T14:39:41.116,2.710,-87.988,-5.183,-0.244
1714822781126,2024-05-04T14:39:41.126,2.720,-82.256,-7.012,-6.463
1714822781136,2024-05-04T14:39:41.136,2.730,-72.439,-3.171,-8.720
1714822781146,2024-05-04T14:39:41.146,2.740,-60.183,-1.890,-7.073
1714822781156,2024-05-04T14:39:41.156,2.750,-50.854,-7.073,-4.207
1714822781166,2024-05-04T14:39:41.166,2.760,-46.280,-15.488,-2.866
1714822781176,2024-05-04T14:39:41.176,2.770,-43.659,-23.293,-2.439
1714822781186,2024-05-04T14:39:41.186,2.780,-40.366,-27.866,-2.683
1714822781196,2024-05-04T14:39:41.196,2.790,-37.317,-22.317,-4.573
1714822781206,2024-05-04T14:39:41.206,2.800,-34.878,-9.451,-5.061
1714822781216,2024-05-04T14:39:41.216,2.810,-32.744,1.768,-3.537
1714822781226,2024-05-04T14:39:41.226,2.820,-31.768,5.976,-3.659
1714822781236,2024-05-04T14:39:41.236,2.830,-29.451,6.890,-5.305
1714822781246,2024-05-04T14:39:41.246,2.840,-27.561,8.293,-6.707
1714822781256,2024-05-04T14:39:41.256,2.850,-31.768,7.927,-9.085
1714822781266,2024-05-04T14:39:41.266,2.860,-36.951,4.573,-10.793
1714822781276,2024-05-04T14:39:41.276,2.870,-36.646,-2.683,-11.585
1714822781286,2024-05-04T14:39:41.286,2.880,-32.012,-6.280,-12.561
1714822781296,2024-05-04T14:39:41.296,2.890,-28.963,-3.232,-13.720
1714822781306,2024-05-04T14:39:41.306,2.900,-27.988,0.671,-13.902
1714822781316,2024-05-04T14:39:41.316,2.910,-26.159,2.439,-12.561
1714822781326,2024-05-04T14:39:41.326,2.920,-24.207,1.585,-11.707
1714822781336,2024-05-04T14:39:41.336,2.930,-21.341,0.488,-11.220
1714822781346,2024-05-04T14:39:41.346,2.940,-15.305,0.976,-8.049
1714822781356,2024-05-04T14:39:41.356,2.950,-10.244,-0.061,-4.695
1714822781366,2024-05-04T14:39:41.366,2.960,-10.732,-2.927,-4.268
1714822781376,2024-05-04T14:39:41.376,2.970,-12.378,-5.183,-4.390
1714822781386,2024-05-04T14:39:41.386,2.980,-11.463,-6.220,-4.146
1714822781396,2024-05-04T14:39:41.396,2.990,-9.329,-7.012,-3.415
1714822781406,2024-05-04T14:39:41.406,3.000,-7.561,-8.110,-2.378
1714822781416,2024-05-04T14:39:41.416,3.010,-6.280,-9.024,-1.402
1714822781426,2024-05-04T14:39:41.426,3.020,-5.793,-9.695,-1.280
1714822781436,2024-05-04T14:39:41.436,3.030,-6.524,-8.841,-2.561
1714822781446,2024-05-04T14:39:41.446,3.040,-7.378,-6.524,-3.720
1714822781456,2024-05-04T14:39:41.456,3.050,-6.220,-3.354,-3.415
1714822781466,2024-05-04T14:39:41.466,3.060,-4.512,0.000,-1.890
1714822781476,2024-05-04T14:39:41.476,3.070,-2.805,2.134,-0.549
1714822781486,2024-05-04T14:39:41.486,3.080,-1.159,0.793,0.305
1714822781496,2024-05-04T14:39:41.496,3.090,-0.305,-3.902,0.610
1714822781506,2024-05-04T14:39:41.506,3.100,0.305,-10.610,0.915
1714822781516,2024-05-04T14:39:41.516,3.110,0.488,-15.976,1.098
1714822781526,2024-05-04T14:39:41.526,3.120,0.366,-16.402,1.341
1714822781536,2024-05-04T14:39:41.536,3.130,0.061,-12.256,1.829
1714822781546,2024-05-04T14:39:41.546,3.140,0.000,-5.122,2.500
1714822781556,2024-05-04T14:39:41.556,3.150,0.793,2.988,3.902
1714822781566,2024-05-04T14:39:41.566,3.160,1.098,7.622,4.512
1714822781576,2024-05-04T14:39:41.576,3.170,1.951,6.829,3.963
1714822781586,2024-05-04T14:39:41.586,3.180,2.317,1.280,3.415
1714822781596,2024-05-04T14:39:41.596,3.190,1.524,-6.341,2.744
1714822781606,2024-05-04T14:39:41.606,3.200,2.195,-11.646,1.951
1714822781616,2024-05-04T14:39:41.616,3.210,4.512,-13.598,1.159
1714822781626,2024-05-04T14:39:41.626,3.220,6.402,-10.305,1.463
1714822781636,2024-05-04T14:39:41.636,3.230,6.159,-4.390,1.768
1714822781646,2024-05-04T14:39:41.646,3.240,3.720,1.159,1.585
1714822781656,2024-05-04T14:39:41.656,3.250,0.427,4.573,1.890
1714822781666,2024-05-04T14:39:41.666,3.260,-2.073,4.939,2.195
1714822781676,2024-05-04T14:39:41.676,3.270,-2.683,3.841,2.134
1714822781686,2024-05-04T14:39:41.686,3.280,-1.341,1.524,2.134
1714822781696,2024-05-04T14:39:41.696,3.290,0.366,1.037,2.256
1714822781706,2024-05-04T14:39:41.706,3.300,1.585,3.537,2.622
1714822781716,2024-05-04T14:39:41.716,3.310,2.744,5.793,2.622
1714822781726,2024-05-04T14:39:41.726,3.320,3.537,4.756,2.439
1714822781736,2024-05-04T14:39:41.736,3.330,3.171,0.732,2.134
1714822781746,2024-05-04T14:39:41.746,3.340,2.561,-2.805,2.439
1714822781756,2024-05-04T14:39:41.756,3.350,2.134,-5.305,2.439
1714822781766,2024-05-04T14:39:41.766,3.360,2.378,-6.341,2.134
1714822781776,2024-05-04T14:39:41.776,3.370,2.988,-5.427,1.829
1714822781786,2024-05-04T14:39:41.786,3.380,2.866,-2.805,1.220
1714822781796,2024-05-04T14:39:41.796,3.390,1.646,0.366,0.610
1714822781806,2024-05-04T14:39:41.806,3.400,-1.220,2.012,0.061
1714822781816,2024-05-04T14:39:41.816,3.410,-3.354,1.159,-0.122
1714822781826,2024-05-04T14:39:41.826,3.420,-4.024,-0.671,-0.244
1714822781836,2024-05-04T14:39:41.836,3.430,-4.451,-1.951,-0.732
1714822781846,2024-05-04T14:39:41.846,3.440,-5.488,-3.171,-1.402
1714822781856,2024-05-04T14:39:41.856,3.450,-5.915,-3.110,-1.402
1714822781866,2024-05-04T14:39:41.866,3.460,-5.122,-2.256,-1.037
1714822781876,2024-05-04T14:39:41.876,3.470,-4.024,-2.439,-0.183
1714822781886,2024-05-04T14:39:41.886,3.480,-5.000,-3.232,0.793
1714822781896,2024-05-04T14:39:41.896,3.490,-8.049,-3.598,1.585
1714822781906,2024-05-04T14:39:41.906,3.500,-9.756,-5.000,2.683
1714822781916,2024-05-04T14:39:41.916,3.510,-8.415,-8.537,3.110
1714822781926,2024-05-04T14:39:41.926,3.520,-6.220,-11.402,3.415
1714822781936,2024-05-04T14:39:41.936,3.530,-7.256,-11.951,3.963
1714822781946,2024-05-04T14:39:41.946,3.540,-10.671,-11.159,5.610
1714822781956,2024-05-04T14:39:41.956,3.550,-11.768,-11.341,7.317
1714822781966,2024-05-04T14:39:41.966,3.560,-11.768,-10.549,8.293
1714822781976,2024-05-04T14:39:41.976,3.570,-13.537,-6.098,9.390
1714822781986,2024-05-04T14:39:41.986,3.580,-17.012,-0.061,9.878
1714822781996,2024-05-04T14:39:41.996,3.590,-20.122,7.561,8.780
1714822782006,2024-05-04T14:39:42.006,3.600,-19.695,17.195,9.085
1714822782016,2024-05-04T14:39:42.016,3.610,-13.902,26.341,10.976
1714822782026,2024-05-04T14:39:42.026,3.620,-4.085,35.183,12.744
1714822782036,2024-05-04T14:39:42.036,3.630,5.488,45.366,9.878
1714822782046,2024-05-04T14:39:42.046,3.640,12.256,57.744,2.866
1714822782056,2024-05-04T14:39:42.056,3.650,22.012,73.049,0.671
1714822782066,2024-05-04T14:39:42.066,3.660,31.524,83.232,1.341
1714822782076,2024-05-04T14:39:42.076,3.670,41.159,85.000,-0.366
1714822782086,2024-05-04T14:39:42.086,3.680,52.805,79.573,1.220
1714822782096,2024-05-04T14:39:42.096,3.690,68.293,69.146,7.988
1714822782106,2024-05-04T14:39:42.106,3.700,86.220,52.683,15.183
1714822782116,2024-05-04T14:39:42.116,3.710,109.024,37.073,17.561
1714822782126,2024-05-04T14:39:42.126,3.720,129.634,22.195,22.439
1714822782136,2024-05-04T14:39:42.136,3.730,143.537,0.549,27.500
1714822782146,2024-05-04T14:39:42.146,3.740,155.183,-23.720,22.195
1714822782156,2024-05-04T14:39:42.156,3.750,171.585,-37.866,13.902
1714822782166,2024-05-04T14:39:42.166,3.760,181.037,-42.012,5.183
1714822782176,2024-05-04T14:39:42.176,3.770,193.171,-46.951,-7.561
1714822782186,2024-05-04T14:39:42.186,3.780,213.537,-53.110,-7.439
1714822782196,2024-05-04T14:39:42.196,3.790,198.902,-49.512,-5.061
1714822782206,2024-05-04T14:39:42.206,3.800,172.195,-29.512,-5.793
1714822782216,2024-05-04T14:39:42.216,3.810,168.659,-14.512,-13.963
1714822782226,2024-05-04T14:39:42.226,3.820,176.951,-17.439,-29.268
1714822782236,2024-05-04T14:39:42.236,3.830,159.207,-29.817,-26.768
1714822782246,2024-05-04T14:39:42.246,3.840,127.317,-41.768,-6.037
1714822782256,2024-05-04T14:39:42.256,3.850,98.720,-38.293,1.463
1714822782266,2024-05-04T14:39:42.266,3.860,66.463,-19.573,9.085
1714822782276,2024-05-04T14:39:42.276,3.870,31.341,-7.500,13.841
1714822782286,2024-05-04T14:39:42.286,3.880,-0.061,-10.976,16.768
1714822782296,2024-05-04T14:39:42.296,3.890,-30.305,-24.817,21.890
1714822782306,2024-05-04T14:39:42.306,3.900,-57.683,-36.280,26.402
1714822782316,2024-05-04T14:39:42.316,3.910,-77.439,-41.585,26.707
1714822782326,2024-05-04T14:39:42.326,3.920,-92.683,-44.634,23.537
1714822782336,2024-05-04T14:39:42.336,3.930,-103.110,-41.037,20.549
1714822782346,2024-05-04T14:39:42.346,3.940,-107.683,-28.293,17.195
1714822782356,2024-05-04T14:39:42.356,3.950,-105.793,-11.707,11.402
1714822782366,2024-05-04T14:39:42.366,3.960,-101.220,0.976,3.720
1714822782376,2024-05-04T14:39:42.376,3.970,-99.756,3.963,-2.195
1714822782386,2024-05-04T14:39:42.386,3.980,-104.695,-6.524,-3.720
1714822782396,2024-05-04T14:39:42.396,3.990,-115.061,-13.902,-7.561
1714822782406,2024-05-04T14:39:42.406,4.000,-123.110,1.585,-16.098
1714822782416,2024-05-04T14:39:42.416,4.010,-127.012,34.573,-20.793
1714822782426,2024-05-04T14:39:42.426,4.020,-134.024,63.476,-10.244
1714822782436,2024-05-04T14:39:42.436,4.030,-134.390,72.317,7.744
1714822782446,2024-05-04T14:39:42.446,4.040,-122.012,56.280,11.768
1714822782456,2024-05-04T14:39:42.456,4.050,-102.622,24.146,6.098
1714822782466,2024-05-04T14:39:42.466,4.060,-83.232,-6.402,6.280
1714822782476,2024-05-04T14:39:42.476,4.070,-66.098,-19.207,8.232
1714822782486,2024-05-04T14:39:42.486,4.080,-56.524,-22.073,4.695
1714822782496,2024-05-04T14:39:42.496,4.090,-55.610,-28.963,-2.866
1714822782506,2024-05-04T14:39:42.506,4.100,-50.549,-31.646,-8.354
1714822782516,2024-05-04T14:39:42.516,4.110,-40.061,-25.610,-11.524
1714822782526,2024-05-04T14:39:42.526,4.120,-30.061,-16.829,-7.744
1714822782536,2024-05-04T14:39:42.536,4.130,-28.598,-8.232,-4.146
1714822782546,2024-05-04T14:39:42.546,4.140,-34.634,-1.159,-5.244
1714822782556,2024-05-04T14:39:42.556,4.150,-40.793,6.037,-7.683
1714822782566,2024-05-04T14:39:42.566,4.160,-44.939,10.549,-10.549
1714822782576,2024-05-04T14:39:42.576,4.170,-43.110,8.963,-13.354
1714822782586,2024-05-04T14:39:42.586,4.180,-33.537,1.037,-14.756
1714822782596,2024-05-04T14:39:42.596,4.190,-22.439,-7.561,-13.354
1714822782606,2024-05-04T14:39:42.606,4.200,-18.537,-12.317,-10.610
1714822782616,2024-05-04T14:39:42.616,4.210,-23.963,-13.476,-9.024
1714822782626,2024-05-04T14:39:42.626,4.220,-30.793,-12.683,-8.415
1714822782636,2024-05-04T14:39:42.636,4.230,-32.500,-11.220,-8.415
1714822782646,2024-05-04T14:39:42.646,4.240,-29.146,-8.720,-8.415
1714822782656,2024-05-04T14:39:42.656,4.250,-22.988,-5.305,-7.622
1714822782666,2024-05-04T14:39:42.666,4.260,-20.244,-3.293,-7.866
1714822782676,2024-05-04T14:39:42.676,4.270,-23.232,-3.415,-9.207
1714822782686,2024-05-04T14:39:42.686,4.280,-26.037,-5.122,-10.732
1714822782696,2024-05-04T14:39:42.696,4.290,-24.024,-8.780,-11.524
1714822782706,2024-05-04T14:39:42.706,4.300,-18.354,-11.220,-10.488
1714822782716,2024-05-04T14:39:42.716,4.310,-11.768,-11.829,-8.415
1714822782726,2024-05-04T14:39:42.726,4.320,-6.646,-9.329,-6.280
1714822782736,2024-05-04T14:39:42.736,4.330,-5.488,-4.878,-4.634
1714822782746,2024-05-04T14:39:42.746,4.340,-7.256,-1.890,-3.841
1714822782756,2024-05-04T14:39:42.756,4.350,-8.049,0.122,-2.805
1714822782766,2024-05-04T14:39:42.766,4.360,-6.402,3.049,-2.439
1714822782776,2024-05-04T14:39:42.776,4.370,-4.085,5.671,-1.280
1714822782786,2024-05-04T14:39:42.786,4.380,-1.707,6.585,0.610
1714822782796,2024-05-04T14:39:42.796,4.390,0.244,7.378,1.768
1714822782806,2024-05-04T14:39:42.806,4.400,-0.061,9.329,2.195
1714822782816,2024-05-04T14:39:42.816,4.410,-3.598,10.732,1.646
1714822782826,2024-05-04T14:39:42.826,4.420,-5.854,10.854,1.402
1714822782836,2024-05-04T14:39:42.836,4.430,-4.024,9.390,1.890
1714822782846,2024-05-04T14:39:42.846,4.440,-0.488,8.780,1.951
1714822782856,2024-05-04T14:39:42.856,4.450,2.012,8.780,1.707
1714822782866,2024-05-04T14:39:42.866,4.460,2.805,10.061,1.220
1714822782876,2024-05-04T14:39:42.876,4.470,2.378,9.512,1.098
1714822782886,2024-05-04T14:39:42.886,4.480,0.671,5.976,0.793
1714822782896,2024-05-04T14:39:42.896,4.490,-0.793,2.134,0.000
1714822782906,2024-05-04T14:39:42.906,4.500,-0.732,-0.183,0.183
1714822782916,2024-05-04T14:39:42.916,4.510,1.098,-0.915,1.280
1714822782926,2024-05-04T14:39:42.926,4.520,2.561,-0.732,2.012
1714822782936,2024-05-04T14:39:42.936,4.530,3.171,0.854,2.561
1714822782946,2024-05-04T14:39:42.946,4.540,3.232,2.683,2.988
1714822782956,2024-05-04T14:39:42.956,4.550,3.232,3.049,2.622
1714822782966,2024-05-04T14:39:42.966,4.560,2.805,3.171,2.622
1714822782976,2024-05-04T14:39:42.976,4.570,1.707,3.049,2.622
1714822782986,2024-05-04T14:39:42.986,4.580,0.915,1.585,2.622
1714822782996,2024-05-04T14:39:42.996,4.590,2.256,-0.671,2.805
1714822783006,2024-05-04T14:39:43.006,4.600,5.366,-2.317,3.293
1714822783016,2024-05-04T14:39:43.016,4.610,6.585,-2.805,3.720
1714822783026,2024-05-04T14:39:43.026,4.620,5.122,-2.988,3.780
1714822783036,2024-05-04T14:39:43.036,4.630,3.232,-3.720,3.171
1714822783046,2024-05-04T14:39:43.046,4.640,2.073,-4.085,2.195
1714822783056,2024-05-04T14:39:43.056,4.650,2.134,-3.171,2.195
1714822783066,2024-05-04T14:39:43.066,4.660,3.598,-1.037,2.805
1714822783076,2024-05-04T14:39:43.076,4.670,5.183,0.366,3.476
1714822783086,2024-05-04T14:39:43.086,4.680,5.427,0.427,3.963
1714822783096,2024-05-04T14:39:43.096,4.690,3.354,0.244,3.598
1714822783106,2024-05-04T14:39:43.106,4.700,1.037,0.671,3.110
1714822783116,2024-05-04T14:39:43.116,4.710,0.671,-0.305,2.866
1714822783126,2024-05-04T14:39:43.126,4.720,2.134,-2.378,2.927
1714822783136,2024-05-04T14:39:43.136,4.730,3.598,-3.354,2.866
1714822783146,2024-05-04T14:39:43.146,4.740,4.024,-2.317,2.927
1714822783156,2024-05-04T14:39:43.156,4.750,2.561,-0.732,3.049
1714822783166,2024-05-04T14:39:43.166,4.760,-0.305,0.793,2.317
1714822783176,2024-05-04T14:39:43.176,4.770,-2.195,1.098,1.585
1714822783186,2024-05-04T14:39:43.186,4.780,-2.744,0.000,1.646
1714822783196,2024-05-04T14:39:43.196,4.790,-3.110,-2.805,1.280
1714822783206,2024-05-04T14:39:43.206,4.800,-2.744,-5.793,1.037
1714822783216,2024-05-04T14:39:43.216,4.810,-1.890,-7.378,1.707
1714822783226,2024-05-04T14:39:43.226,4.820,-1.829,-8.171,2.012
1714822783236,2024-05-04T14:39:43.236,4.830,-2.378,-9.024,2.561
1714822783246,2024-05-04T14:39:43.246,4.840,-3.537,-9.146,3.171
1714822783256,2024-05-04T14:39:43.256,4.850,-5.061,-8.598,3.232
1714822783266,2024-05-04T14:39:43.266,4.860,-5.915,-8.049,3.841
1714822783276,2024-05-04T14:39:43.276,4.870,-5.244,-7.317,5.061
1714822783286,2024-05-04T14:39:43.286,4.880,-3.415,-5.183,6.585
1714822783296,2024-05-04T14:39:43.296,4.890,-0.732,-1.463,8.171
1714822783306,2024-05-04T14:39:43.306,4.900,-0.183,-0.915,10.183
1714822783316,2024-05-04T14:39:43.316,4.910,-1.890,-5.793,12.439
1714822783326,2024-05-04T14:39:43.326,4.920,-4.634,-15.122,13.780
1714822783336,2024-05-04T14:39:43.336,4.930,-7.378,-25.732,14.146
1714822783346,2024-05-04T14:39:43.346,4.940,-10.793,-33.171,15.061
1714822783356,2024-05-04T14:39:43.356,4.950,-13.415,-32.317,16.159
1714822783366,2024-05-04T14:39:43.366,4.960,-11.524,-22.256,17.073
1714822783376,2024-05-04T14:39:43.376,4.970,-8.171,-6.463,20.366
1714822783386,2024-05-04T14:39:43.386,4.980,-10.183,9.390,22.744
1714822783396,2024-05-04T14:39:43.396,4.990,-14.085,18.780,20.549
1714822783406,2024-05-04T14:39:43.406,5.000,-17.439,24.390,15.854
1714822783416,2024-05-04T14:39:43.416,5.010,-19.878,30.854,12.500
1714822783426,2024-05-04T14:39:43.426,5.020,-24.512,35.183,10.244
1714822783436,2024-05-04T14:39:43.436,5.030,-27.744,34.695,9.573
1714822783446,2024-05-04T14:39:43.446,5.040,-24.085,30.122,6.463
1714822783456,2024-05-04T14:39:43.456,5.050,-18.110,24.939,2.134
1714822783466,2024-05-04T14:39:43.466,5.060,-15.000,18.476,-2.012
1714822783476,2024-05-04T14:39:43.476,5.070,-7.866,13.232,-9.634
1714822783486,2024-05-04T14:39:43.486,5.080,5.366,17.012,-15.427
1714822783496,2024-05-04T14:39:43.496,5.090,18.841,24.268,-17.439
1714822783506,2024-05-04T14:39:43.506,5.100,33.110,24.878,-14.085
1714822783516,2024-05-04T14:39:43.516,5.110,57.622,23.476,-6.524
1714822783526,2024-05-04T14:39:43.526,5.120,85.366,23.598,1.768
1714822783536,2024-05-04T14:39:43.536,5.130,112.378,25.793,7.561
1714822783546,2024-05-04T14:39:43.546,5.140,145.915,33.902,13.232
1714822783556,2024-05-04T14:39:43.556,5.150,177.378,48.720,20.854
1714822783566,2024-05-04T14:39:43.566,5.160,195.061,55.732,31.402
1714822783576,2024-05-04T14:39:43.576,5.170,201.098,42.012,33.659
1714822783586,2024-05-04T14:39:43.586,5.180,205.366,12.927,21.829
1714822783596,2024-05-04T14:39:43.596,5.190,208.171,-15.854,6.280
1714822783606,2024-05-04T14:39:43.606,5.200,207.256,-41.220,-8.659
1714822783616,2024-05-04T14:39:43.616,5.210,220.122,-65.244,-17.866
1714822783626,2024-05-04T14:39:43.626,5.220,237.256,-85.244,-4.329
1714822783636,2024-05-04T14:39:43.636,5.230,200.122,-66.159,-1.829
1714822783646,2024-05-04T14:39:43.646,5.240,151.463,-16.707,5.183
1714822783656,2024-05-04T14:39:43.656,5.250,133.232,14.573,19.573
1714822783666,2024-05-04T14:39:43.666,5.260,148.049,17.683,8.780
1714822783676,2024-05-04T14:39:43.676,5.270,139.939,10.366,8.902
1714822783686,2024-05-04T14:39:43.686,5.280,98.780,0.366,2.683
1714822783696,2024-05-04T14:39:43.696,5.290,52.683,-4.024,2.073
1714822783706,2024-05-04T14:39:43.706,5.300,19.634,3.902,9.756
1714822783716,2024-05-04T14:39:43.716,5.310,-10.183,20.427,14.207
1714822783726,2024-05-04T14:39:43.726,5.320,-41.768,29.878,16.280
1714822783736,2024-05-04T14:39:43.736,5.330,-68.537,27.744,15.305
1714822783746,2024-05-04T14:39:43.746,5.340,-88.720,19.573,14.207
1714822783756,2024-05-04T14:39:43.756,5.350,-103.841,5.244,11.220
1714822783766,2024-05-04T14:39:43.766,5.360,-114.878,-8.110,6.585
1714822783776,2024-05-04T14:39:43.776,5.370,-123.049,-12.439,3.110
1714822783786,2024-05-04T14:39:43.786,5.380,-125.976,-9.329,-1.037
1714822783796,2024-05-04T14:39:43.796,5.390,-120.976,-3.598,-5.061
1714822783806,2024-05-04T14:39:43.806,5.400,-118.963,5.122,-7.134
1714822783816,2024-05-04T14:39:43.816,5.410,-125.488,13.537,-6.951
1714822783826,2024-05-04T14:39:43.826,5.420,-135.671,17.927,-0.488
1714822783836,2024-05-04T14:39:43.836,5.430,-139.695,10.305,9.146
1714822783846,2024-05-04T14:39:43.846,5.440,-131.829,-10.366,11.159
1714822783856,2024-05-04T14:39:43.856,5.450,-111.524,-30.549,4.573
1714822783866,2024-05-04T14:39:43.866,5.460,-88.780,-37.866,0.305
1714822783876,2024-05-04T14:39:43.876,5.470,-78.293,-31.402,1.220
1714822783886,2024-05-04T14:39:43.886,5.480,-85.061,-18.963,-1.707
1714822783896,2024-05-04T14:39:43.896,5.490,-97.134,-5.244,-7.683
1714822783906,2024-05-04T14:39:43.906,5.500,-101.037,8.171,-9.451
1714822783916,2024-05-04T14:39:43.916,5.510,-95.976,21.524,-7.561
1714822783926,2024-05-04T14:39:43.926,5.520,-86.951,32.378,-3.720
1714822783936,2024-05-04T14:39:43.936,5.530,-80.915,34.085,2.256
1714822783946,2024-05-04T14:39:43.946,5.540,-73.293,28.963,4.390
1714822783956,2024-05-04T14:39:43.956,5.550,-66.159,24.390,6.951
1714822783966,2024-05-04T14:39:43.966,5.560,-63.902,17.561,8.537
1714822783976,2024-05-04T14:39:43.976,5.570,-59.634,1.463,7.561
1714822783986,2024-05-04T14:39:43.986,5.580,-49.329,-21.829,2.805
1714822783996,2024-05-04T14:39:43.996,5.590,-39.085,-39.268,-3.659
1714822784006,2024-05-04T14:39:44.006,5.600,-34.207,-44.268,-7.195
1714822784016,2024-05-04T14:39:44.016,5.610,-32.683,-40.549,-7.927
1714822784026,2024-05-04T14:39:44.026,5.620,-29.634,-32.073,-5.610
1714822784036,2024-05-04T14:39:44.036,5.630,-27.622,-20.183,-2.744
1714822784046,2024-05-04T14:39:44.046,5.640,-28.841,-8.171,-2.012
1714822784056,2024-05-04T14:39:44.056,5.650,-29.634,0.427,-2.988
1714822784066,2024-05-04T14:39:44.066,5.660,-29.085,4.756,-4.085
1714822784076,2024-05-04T14:39:44.076,5.670,-29.329,7.012,-6.037
1714822784086,2024-05-04T14:39:44.086,5.680,-29.207,9.634,-8.232
1714822784096,2024-05-04T14:39:44.096,5.690,-26.402,11.829,-9.146
1714822784106,2024-05-04T14:39:44.106,5.700,-22.805,11.524,-8.232
1714822784116,2024-05-04T14:39:44.116,5.710,-21.402,8.354,-7.561
1714822784126,2024-05-04T14:39:44.126,5.720,-21.098,3.232,-8.232
1714822784136,2024-05-04T14:39:44.136,5.730,-18.415,-3.049,-8.659
1714822784146,2024-05-04T14:39:44.146,5.740,-12.195,-8.171,-8.354
1714822784156,2024-05-04T14:39:44.156,5.750,-6.098,-10.488,-7.744
1714822784166,2024-05-04T14:39:44.166,5.760,-3.293,-7.927,-7.683
1714822784176,2024-05-04T14:39:44.176,5.770,-3.598,-2.012,-7.500
1714822784186,2024-05-04T14:39:44.186,5.780,-3.963,2.378,-6.646
1714822784196,2024-05-04T14:39:44.196,5.790,-3.476,2.805,-4.939
1714822784206,2024-05-04T14:39:44.206,5.800,-2.744,0.183,-3.476
1714822784216,2024-05-04T14:39:44.216,5.810,-2.134,-1.829,-2.622
1714822784226,2024-05-04T14:39:44.226,5.820,-1.341,-1.890,-1.951
1714822784236,2024-05-04T14:39:44.236,5.830,-0.793,-4.329,-2.317
1714822784246,2024-05-04T14:39:44.246,5.840,1.951,-8.902,-3.110
1714822784256,2024-05-04T14:39:44.256,5.850,7.195,-13.049,-2.988
1714822784266,2024-05-04T14:39:44.266,5.860,9.695,-14.878,-2.927
1714822784276,2024-05-04T14:39:44.276,5.870,6.951,-14.268,-3.415
1714822784286,2024-05-04T14:39:44.286,5.880,2.622,-12.988,-3.659
1714822784296,2024-05-04T14:39:44.296,5.890,1.768,-12.927,-3.659
1714822784306,2024-05-04T14:39:44.306,5.900,5.671,-13.780,-3.902
1714822784316,2024-05-04T14:39:44.316,5.910,10.915,-13.780,-4.390
1714822784326,2024-05-04T14:39:44.326,5.920,13.049,-10.366,-4.207
1714822784336,2024-05-04T14:39:44.336,5.930,10.305,-4.512,-4.207
1714822784346,2024-05-04T14:39:44.346,5.940,5.915,0.610,-4.756
1714822784356,2024-05-04T14:39:44.356,5.950,3.598,0.671,-4.695
1714822784366,2024-05-04T14:39:44.366,5.960,5.366,-1.829,-3.841
1714822784376,2024-05-04T14:39:44.376,5.970,10.000,-4.451,-3.902
1714822784386,2024-05-04T14:39:44.386,5.980,14.268,-5.549,-3.841
1714822784396,2024-05-04T14:39:44.396,5.990,15.427,-4.817,-2.866
1714822784406,2024-05-04T14:39:44.406,6.000,14.146,-3.110,-2.439
1714822784416,2024-05-04T14:39:44.416,6.010,12.073,-2.195,-1.890
1714822784426,2024-05-04T14:39:44.426,6.020,9.817,-2.683,-1.951
1714822784436,2024-05-04T14:39:44.436,6.030,9.024,-3.110,-1.829
1714822784446,2024-05-04T14:39:44.446,6.040,9.817,-3.780,-1.220
1714822784456,2024-05-04T14:39:44.456,6.050,10.671,-4.268,-0.793
1714822784466,2024-05-04T14:39:44.466,6.060,10.488,-4.207,-0.671
1714822784476,2024-05-04T14:39:44.476,6.070,9.085,-2.500,-1.037
1714822784486,2024-05-04T14:39:44.486,6.080,6.220,-1.890,-1.585
1714822784496,2024-05-04T14:39:44.496,6.090,4.939,-4.390,-2.256
1714822784506,2024-05-04T14:39:44.506,6.100,5.915,-8.841,-2.744
1714822784516,2024-05-04T14:39:44.516,6.110,6.707,-13.293,-3.354
1714822784526,2024-05-04T14:39:44.526,6.120,6.890,-14.878,-2.683
1714822784536,2024-05-04T14:39:44.536,6.130,7.561,-11.768,-0.854
1714822784546,2024-05-04T14:39:44.546,6.140,8.415,-5.976,1.037
1714822784556,2024-05-04T14:39:44.556,6.150,8.537,-2.378,2.134
1714822784566,2024-05-04T14:39:44.566,6.160,5.793,-1.220,2.439
1714822784576,2024-05-04T14:39:44.576,6.170,1.463,-1.463,1.707
1714822784586,2024-05-04T14:39:44.586,6.180,-0.305,-2.317,1.829
1714822784596,2024-05-04T14:39:44.596,6.190,0.366,-3.780,1.951
1714822784606,2024-05-04T14:39:44.606,6.200,1.280,-4.207,1.159
1714822784616,2024-05-04T14:39:44.616,6.210,1.220,-4.024,0.000
1714822784626,2024-05-04T14:39:44.626,6.220,0.610,-3.780,-0.915
1714822784636,2024-05-04T14:39:44.636,6.230,0.122,-3.902,-1.220
1714822784646,2024-05-04T14:39:44.646,6.240,-0.427,-3.049,-0.671
1714822784656,2024-05-04T14:39:44.656,6.250,-1.402,-1.524,0.183
1714822784666,2024-05-04T14:39:44.666,6.260,-2.500,-0.671,0.488
1714822784676,2024-05-04T14:39:44.676,6.270,-2.500,0.061,0.671
1714822784686,2024-05-04T14:39:44.686,6.280,-1.951,1.037,1.159
1714822784696,2024-05-04T14:39:44.696,6.290,-1.768,2.439,1.829
1714822784706,2024-05-04T14:39:44.706,6.300,-2.561,2.988,2.317
1714822784716,2024-05-04T14:39:44.716,6.310,-4.024,1.951,2.317
1714822784726,2024-05-04T14:39:44.726,6.320,-4.939,-0.549,2.439
1714822784736,2024-05-04T14:39:44.736,6.330,-5.854,-3.598,2.073
1714822784746,2024-05-04T14:39:44.746,6.340,-6.524,-5.732,1.463
1714822784756,2024-05-04T14:39:44.756,6.350,-6.402,-6.524,1.524
1714822784766,2024-05-04T14:39:44.766,6.360,-6.341,-5.793,1.524
1714822784776,2024-05-04T14:39:44.776,6.370,-6.220,-3.354,1.585
1714822784786,2024-05-04T14:39:44.786,6.380,-6.098,-0.671,1.890
1714822784796,2024-05-04T14:39:44.796,6.390,-7.195,2.073,2.256
1714822784806,2024-05-04T14:39:44.806,6.400,-9.695,6.220,3.354
1714822784816,2024-05-04T14:39:44.816,6.410,-12.317,11.098,4.756
1714822784826,2024-05-04T14:39:44.826,6.420,-13.902,14.878,6.220
1714822784836,2024-05-04T14:39:44.836,6.430,-13.780,17.500,7.439
1714822784846,2024-05-04T14:39:44.846,6.440,-12.195,18.049,8.720
1714822784856,2024-05-04T14:39:44.856,6.450,-9.390,15.610,10.183
1714822784866,2024-05-04T14:39:44.866,6.460,-6.402,10.671,10.305
1714822784876,2024-05-04T14:39:44.876,6.470,-6.220,4.634,10.122
1714822784886,2024-05-04T14:39:44.886,6.480,-7.500,0.244,9.207
1714822784896,2024-05-04T14:39:44.896,6.490,-9.695,-1.280,5.305
1714822784906,2024-05-04T14:39:44.906,6.500,-10.915,-0.061,2.927
1714822784916,2024-05-04T14:39:44.916,6.510,-6.829,4.695,2.134
1714822784926,2024-05-04T14:39:44.926,6.520,1.463,14.695,-0.061
1714822784936,2024-05-04T14:39:44.936,6.530,8.171,28.902,-1.768
1714822784946,2024-05-04T14:39:44.946,6.540,11.341,42.073,-2.195
1714822784956,2024-05-04T14:39:44.956,6.550,10.976,50.183,-6.524
1714822784966,2024-05-04T14:39:44.966,6.560,7.622,55.244,-14.634
1714822784976,2024-05-04T14:39:44.976,6.570,6.159,57.866,-18.293
1714822784986,2024-05-04T14:39:44.986,6.580,12.134,55.000,-19.512
1714822784996,2024-05-04T14:39:44.996,6.590,21.463,47.500,-22.378
1714822785006,2024-05-04T14:39:45.006,6.600,31.341,39.451,-25.549
1714822785016,2024-05-04T14:39:45.016,6.610,41.768,35.732,-27.500
1714822785026,2024-05-04T14:39:45.026,6.620,57.500,38.293,-26.159
1714822785036,2024-05-04T14:39:45.036,6.630,77.744,43.720,-21.524
1714822785046,2024-05-04T14:39:45.046,6.640,100.793,52.683,-13.659
1714822785056,2024-05-04T14:39:45.056,6.650,125.122,56.280,-1.524
1714822785066,2024-05-04T14:39:45.066,6.660,154.024,55.366,14.085
1714822785076,2024-05-04T14:39:45.076,6.670,176.951,41.280,25.915
1714822785086,2024-05-04T14:39:45.086,6.680,192.500,20.122,30.793
1714822785096,2024-05-04T14:39:45.096,6.690,203.598,0.244,32.622
1714822785106,2024-05-04T14:39:45.106,6.700,210.488,-15.610,30.427
1714822785116,2024-05-04T14:39:45.116,6.710,214.146,-32.073,24.451
1714822785126,2024-05-04T14:39:45.126,6.720,230.122,-54.817,14.939
1714822785136,2024-05-04T14:39:45.136,6.730,263.841,-80.305,8.963
1714822785146,2024-05-04T14:39:45.146,6.740,274.146,-91.098,22.927
1714822785156,2024-05-04T14:39:45.156,6.750,222.500,-45.732,30.976
1714822785166,2024-05-04T14:39:45.166,6.760,167.683,-6.037,29.695
1714822785176,2024-05-04T14:39:45.176,6.770,129.817,-13.598,19.695
1714822785186,2024-05-04T14:39:45.186,6.780,130.671,-45.732,4.024
1714822785196,2024-05-04T14:39:45.196,6.790,133.963,-55.549,9.146
1714822785206,2024-05-04T14:39:45.206,6.800,106.463,-29.573,16.524
1714822785216,2024-05-04T14:39:45.216,6.810,58.415,12.012,18.598
1714822785226,2024-05-04T14:39:45.226,6.820,21.220,28.415,18.780
1714822785236,2024-05-04T14:39:45.236,6.830,-7.012,25.488,20.671
1714822785246,2024-05-04T14:39:45.246,6.840,-36.890,19.512,20.854
1714822785256,2024-05-04T14:39:45.256,6.850,-63.415,11.037,21.646
1714822785266,2024-05-04T14:39:45.266,6.860,-79.268,-6.159,18.659
1714822785276,2024-05-04T14:39:45.276,6.870,-88.049,-21.037,14.695
1714822785286,2024-05-04T14:39:45.286,6.880,-99.207,-26.646,11.768
1714822785296,2024-05-04T14:39:45.296,6.890,-110.488,-27.439,9.268
1714822785306,2024-05-04T14:39:45.306,6.900,-118.537,-16.280,8.902
1714822785316,2024-05-04T14:39:45.316,6.910,-123.354,2.683,5.061
1714822785326,2024-05-04T14:39:45.326,6.920,-119.756,18.780,-1.951
1714822785336,2024-05-04T14:39:45.336,6.930,-110.915,24.329,-5.854
1714822785346,2024-05-04T14:39:45.346,6.940,-108.415,14.878,-9.085
1714822785356,2024-05-04T14:39:45.356,6.950,-112.500,3.354,-7.378
1714822785366,2024-05-04T14:39:45.366,6.960,-118.354,-3.963,-2.683
1714822785376,2024-05-04T14:39:45.376,6.970,-124.756,-8.780,-2.256
1714822785386,2024-05-04T14:39:45.386,6.980,-129.817,-11.159,-8.537
1714822785396,2024-05-04T14:39:45.396,6.990,-126.037,-15.488,-12.988
1714822785406,2024-05-04T14:39:45.406,7.000,-110.610,-27.378,-6.524
1714822785416,2024-05-04T14:39:45.416,7.010,-91.707,-35.000,5.000
1714822785426,2024-05-04T14:39:45.426,7.020,-82.622,-31.463,7.256
1714822785436,2024-05-04T14:39:45.436,7.030,-84.878,-18.963,8.415
1714822785446,2024-05-04T14:39:45.446,7.040,-85.061,-5.854,12.500
1714822785456,2024-05-04T14:39:45.456,7.050,-77.256,1.098,10.488
1714822785466,2024-05-04T14:39:45.466,7.060,-65.000,2.378,2.500
1714822785476,2024-05-04T14:39:45.476,7.070,-51.341,-0.854,-4.268
1714822785486,2024-05-04T14:39:45.486,7.080,-40.854,-6.463,-7.866
1714822785496,2024-05-04T14:39:45.496,7.090,-38.232,-8.232,-10.305
1714822785506,2024-05-04T14:39:45.506,7.100,-40.915,-5.732,-13.293
1714822785516,2024-05-04T14:39:45.516,7.110,-44.085,-3.354,-14.268
1714822785526,2024-05-04T14:39:45.526,7.120,-43.720,1.463,-14.390
1714822785536,2024-05-04T14:39:45.536,7.130,-43.293,9.756,-13.780
1714822785546,2024-05-04T14:39:45.546,7.140,-41.402,15.793,-10.610
1714822785556,2024-05-04T14:39:45.556,7.150,-37.561,15.244,-8.476
1714822785566,2024-05-04T14:39:45.566,7.160,-33.902,11.159,-8.110
1714822785576,2024-05-04T14:39:45.576,7.170,-32.988,8.841,-9.024
1714822785586,2024-05-04T14:39:45.586,7.180,-33.537,6.402,-10.183
1714822785596,2024-05-04T14:39:45.596,7.190,-31.037,2.012,-9.634
1714822785606,2024-05-04T14:39:45.606,7.200,-25.000,-3.354,-9.085
1714822785616,2024-05-04T14:39:45.616,7.210,-17.927,-6.646,-9.268
1714822785626,2024-05-04T14:39:45.626,7.220,-13.293,-6.524,-8.537
1714822785636,2024-05-04T14:39:45.636,7.230,-13.171,-2.561,-7.500
1714822785646,2024-05-04T14:39:45.646,7.240,-15.305,3.780,-7.988
1714822785656,2024-05-04T14:39:45.656,7.250,-15.732,8.293,-8.171
1714822785666,2024-05-04T14:39:45.666,7.260,-12.378,7.988,-6.829
1714822785676,2024-05-04T14:39:45.676,7.270,-6.890,1.585,-5.061
1714822785686,2024-05-04T14:39:45.686,7.280,-3.780,-6.159,-4.634
1714822785696,2024-05-04T14:39:45.696,7.290,-3.537,-10.122,-4.390
1714822785706,2024-05-04T14:39:45.706,7.300,-3.841,-10.366,-3.659
1714822785716,2024-05-04T14:39:45.716,7.310,-2.927,-7.927,-2.866
1714822785726,2024-05-04T14:39:45.726,7.320,-1.768,-4.634,-2.317
1714822785736,2024-05-04T14:39:45.736,7.330,-0.915,-1.707,-1.341
1714822785746,2024-05-04T14:39:45.746,7.340,-0.549,-0.793,-0.427
1714822785756,2024-05-04T14:39:45.756,7.350,-0.976,-0.976,0.488
1714822785766,2024-05-04T14:39:45.766,7.360,-3.293,-1.098,0.915
1714822785776,2024-05-04T14:39:45.776,7.370,-5.061,-1.524,0.976
1714822785786,2024-05-04T14:39:45.786,7.380,-3.659,-3.293,1.220
1714822785796,2024-05-04T14:39:45.796,7.390,-0.549,-4.634,1.341
1714822785806,2024-05-04T14:39:45.806,7.400,1.585,-3.720,1.707
1714822785816,2024-05-04T14:39:45.816,7.410,1.829,-1.951,1.890
1714822785826,2024-05-04T14:39:45.826,7.420,0.671,-1.768,1.707
1714822785836,2024-05-04T14:39:45.836,7.430,-1.159,-4.207,1.037
1714822785846,2024-05-04T14:39:45.846,7.440,-1.341,-7.256,0.366
1714822785856,2024-05-04T14:39:45.856,7.450,0.671,-8.902,-0.244
1714822785866,2024-05-04T14:39:45.866,7.460,3.110,-8.049,-0.061
1714822785876,2024-05-04T14:39:45.876,7.470,4.512,-6.341,0.793
1714822785886,2024-05-04T14:39:45.886,7.480,3.354,-4.451,1.220
1714822785896,2024-05-04T14:39:45.896,7.490,0.000,-2.378,1.280
1714822785906,2024-05-04T14:39:45.906,7.500,-3.780,-0.549,1.524
1714822785916,2024-05-04T14:39:45.916,7.510,-5.793,-1.585,2.012
1714822785926,2024-05-04T14:39:45.926,7.520,-4.268,-4.207,2.500
1714822785936,2024-05-04T14:39:45.936,7.530,-1.159,-6.280,2.744
1714822785946,2024-05-04T14:39:45.946,7.540,1.402,-6.585,2.866
1714822785956,2024-05-04T14:39:45.956,7.550,1.098,-5.610,3.537
1714822785966,2024-05-04T14:39:45.966,7.560,-2.622,-4.146,3.232
1714822785976,2024-05-04T14:39:45.976,7.570,-5.610,-2.744,2.805
1714822785986,2024-05-04T14:39:45.986,7.580,-5.244,-2.378,3.049
1714822785996,2024-05-04T14:39:45.996,7.590,-3.049,-2.622,3.537
1714822786006,2024-05-04T14:39:46.006,7.600,-0.549,-1.585,4.024
1714822786016,2024-05-04T14:39:46.016,7.610,0.976,0.244,4.146
1714822786026,2024-05-04T14:39:46.026,7.620,1.707,0.793,4.573
1714822786036,2024-05-04T14:39:46.036,7.630,0.122,0.305,4.207
1714822786046,2024-05-04T14:39:46.046,7.640,-3.598,0.061,2.927
1714822786056,2024-05-04T14:39:46.056,7.650,-5.854,-0.549,2.988
1714822786066,2024-05-04T14:39:46.066,7.660,-5.305,-3.415,3.415
1714822786076,2024-05-04T14:39:46.076,7.670,-2.805,-6.402,3.415
1714822786086,2024-05-04T14:39:46.086,7.680,-0.183,-7.622,3.720
1714822786096,2024-05-04T14:39:46.096,7.690,1.037,-7.500,4.268
1714822786106,2024-05-04T14:39:46.106,7.700,-0.427,-6.829,4.390
1714822786116,2024-05-04T14:39:46.116,7.710,-3.110,-5.427,3.415
1714822786126,2024-05-04T14:39:46.126,7.720,-4.573,-3.902,2.683
1714822786136,2024-05-04T14:39:46.136,7.730,-3.902,-3.537,2.317
1714822786146,2024-05-04T14:39:46.146,7.740,-2.378,-3.720,1.707
1714822786156,2024-05-04T14:39:46.156,7.750,-0.915,-3.780,0.732
1714822786166,2024-05-04T14:39:46.166,7.760,-0.183,-4.329,-0.305
1714822786176,2024-05-04T14:39:46.176,7.770,-0.061,-5.976,-0.793
1714822786186,2024-05-04T14:39:46.186,7.780,-1.159,-9.329,-1.585
1714822786196,2024-05-04T14:39:46.196,7.790,-2.561,-12.134,-2.500
1714822786206,2024-05-04T14:39:46.206,7.800,-3.841,-12.927,-2.622
1714822786216,2024-05-04T14:39:46.216,7.810,-4.329,-12.683,-2.683
1714822786226,2024-05-04T14:39:46.226,7.820,-2.927,-12.195,-1.646
1714822786236,2024-05-04T14:39:46.236,7.830,-2.927,-9.390,1.220
1714822786246,2024-05-04T14:39:46.246,7.840,-7.256,-3.902,7.805
1714822786256,2024-05-04T14:39:46.256,7.850,-3.537,-3.476,14.329
1714822786266,2024-05-04T14:39:46.266,7.860,4.451,-0.488,8.780
1714822786276,2024-05-04T14:39:46.276,7.870,4.512,7.805,3.963
1714822786286,2024-05-04T14:39:46.286,7.880,-4.024,15.610,5.183
1714822786296,2024-05-04T14:39:46.296,7.890,-9.512,21.768,1.341
1714822786306,2024-05-04T14:39:46.306,7.900,-5.366,27.744,-3.354
1714822786316,2024-05-04T14:39:46.316,7.910,6.951,28.110,-5.854
1714822786326,2024-05-04T14:39:46.326,7.920,14.634,34.695,-16.951
1714822786336,2024-05-04T14:39:46.336,7.930,12.805,55.671,-25.854
1714822786346,2024-05-04T14:39:46.346,7.940,12.805,73.841,-26.951
1714822786356,2024-05-04T14:39:46.356,7.950,28.598,74.756,-22.500
1714822786366,2024-05-04T14:39:46.366,7.960,52.622,71.707,-12.622
1714822786376,2024-05-04T14:39:46.376,7.970,68.232,79.573,3.049
1714822786386,2024-05-04T14:39:46.386,7.980,80.183,95.122,19.878
1714822786396,2024-05-04T14:39:46.396,7.990,96.585,101.829,30.915
1714822786406,2024-05-04T14:39:46.406,8.000,110.732,88.841,38.232
1714822786416,2024-05-04T14:39:46.416,8.010,128.415,65.000,46.402
1714822786426,2024-05-04T14:39:46.426,8.020,142.012,39.085,50.915
1714822786436,2024-05-04T14:39:46.436,8.030,152.439,4.878,51.159
1714822786446,2024-05-04T14:39:46.446,8.040,161.402,-40.610,46.341
1714822786456,2024-05-04T14:39:46.456,8.050,168.963,-77.073,26.890
1714822786466,2024-05-04T14:39:46.466,8.060,154.878,-97.439,9.207
1714822786476,2024-05-04T14:39:46.476,8.070,130.793,-98.841,4.390
1714822786486,2024-05-04T14:39:46.486,8.080,110.061,-84.695,2.683
1714822786496,2024-05-04T14:39:46.496,8.090,84.329,-61.280,11.768
1714822786506,2024-05-04T14:39:46.506,8.100,69.024,-44.878,30.915
1714822786516,2024-05-04T14:39:46.516,8.110,72.500,-46.402,29.695
1714822786526,2024-05-04T14:39:46.526,8.120,86.220,-60.122,12.805
1714822786536,2024-05-04T14:39:46.536,8.130,80.793,-61.707,13.598
1714822786546,2024-05-04T14:39:46.546,8.140,49.939,-51.341,13.963
1714822786556,2024-05-04T14:39:46.556,8.150,19.146,-28.780,9.085
1714822786566,2024-05-04T14:39:46.566,8.160,0.610,-10.122,10.488
1714822786576,2024-05-04T14:39:46.576,8.170,-14.817,2.622,11.829
1714822786586,2024-05-04T14:39:46.586,8.180,-31.951,16.951,10.366
1714822786596,2024-05-04T14:39:46.596,8.190,-46.524,28.354,8.293
1714822786606,2024-05-04T14:39:46.606,8.200,-55.793,25.244,4.451
1714822786616,2024-05-04T14:39:46.616,8.210,-61.098,12.378,0.671
1714822786626,2024-05-04T14:39:46.626,8.220,-65.427,2.805,-3.902
1714822786636,2024-05-04T14:39:46.636,8.230,-67.622,2.073,-9.939
1714822786646,2024-05-04T14:39:46.646,8.240,-66.707,7.866,-15.061
1714822786656,2024-05-04T14:39:46.656,8.250,-68.171,17.927,-17.622
1714822786666,2024-05-04T14:39:46.666,8.260,-71.524,23.720,-16.341
1714822786676,2024-05-04T14:39:46.676,8.270,-71.829,23.476,-12.012
1714822786686,2024-05-04T14:39:46.686,8.280,-66.890,16.402,-6.524
1714822786696,2024-05-04T14:39:46.696,8.290,-64.268,3.354,-6.220
1714822786706,2024-05-04T14:39:46.706,8.300,-64.207,-1.280,-10.854
1714822786716,2024-05-04T14:39:46.716,8.310,-63.415,2.988,-11.341
1714822786726,2024-05-04T14:39:46.726,8.320,-65.366,10.854,-8.049
1714822786736,2024-05-04T14:39:46.736,8.330,-68.963,21.768,-7.134
1714822786746,2024-05-04T14:39:46.746,8.340,-73.171,30.671,-9.207
1714822786756,2024-05-04T14:39:46.756,8.350,-75.488,30.488,-9.695
1714822786766,2024-05-04T14:39:46.766,8.360,-72.500,15.793,-9.146
1714822786776,2024-05-04T14:39:46.776,8.370,-63.598,-4.085,-9.268
1714822786786,2024-05-04T14:39:46.786,8.380,-51.098,-17.378,-7.561
1714822786796,2024-05-04T14:39:46.796,8.390,-41.951,-19.390,-4.329
1714822786806,2024-05-04T14:39:46.806,8.400,-39.268,-12.195,-2.622
1714822786816,2024-05-04T14:39:46.816,8.410,-36.890,-2.012,-1.463
1714822786826,2024-05-04T14:39:46.826,8.420,-30.732,4.695,0.244
1714822786836,2024-05-04T14:39:46.836,8.430,-22.317,4.878,0.244
1714822786846,2024-05-04T14:39:46.846,8.440,-15.061,-0.122,-2.256
1714822786856,2024-05-04T14:39:46.856,8.450,-9.756,-4.146,-4.878
1714822786866,2024-05-04T14:39:46.866,8.460,-10.000,-3.720,-5.610
1714822786876,2024-05-04T14:39:46.876,8.470,-15.183,-3.110,-5.793
1714822786886,2024-05-04T14:39:46.886,8.480,-19.756,-5.549,-7.988
1714822786896,2024-05-04T14:39:46.896,8.490,-19.756,-8.659,-9.878
1714822786906,2024-05-04T14:39:46.906,8.500,-17.744,-7.378,-10.122
1714822786916,2024-05-04T14:39:46.916,8.510,-17.317,-3.354,-10.000
1714822786926,2024-05-04T14:39:46.926,8.520,-17.744,1.220,-9.634
1714822786936,2024-05-04T14:39:46.936,8.530,-19.878,4.634,-9.268
1714822786946,2024-05-04T14:39:46.946,8.540,-23.963,5.122,-10.366
1714822786956,2024-05-04T14:39:46.956,8.550,-26.585,2.378,-11.220
1714822786966,2024-05-04T14:39:46.966,8.560,-25.854,-4.573,-11.159
1714822786976,2024-05-04T14:39:46.976,8.570,-21.829,-10.915,-8.354
1714822786986,2024-05-04T14:39:46.986,8.580,-16.524,-12.683,-5.305
1714822786996,2024-05-04T14:39:46.996,8.590,-12.866,-11.098,-3.841
1714822787006,2024-05-04T14:39:47.006,8.600,-12.561,-10.000,-2.561
1714822787016,2024-05-04T14:39:47.016,8.610,-14.085,-10.061,-2.256
1714822787026,2024-05-04T14:39:47.026,8.620,-14.573,-9.329,-1.951
1714822787036,2024-05-04T14:39:47.036,8.630,-13.293,-7.500,-0.732
1714822787046,2024-05-04T14:39:47.046,8.640,-11.402,-5.000,0.854
1714822787056,2024-05-04T14:39:47.056,8.650,-9.390,-3.537,2.134
1714822787066,2024-05-04T14:39:47.066,8.660,-6.463,-4.024,3.476
1714822787076,2024-05-04T14:39:47.076,8.670,-5.244,-5.793,4.573
1714822787086,2024-05-04T14:39:47.086,8.680,-8.293,-7.439,5.000
1714822787096,2024-05-04T14:39:47.096,8.690,-12.378,-9.817,5.244
1714822787106,2024-05-04T14:39:47.106,8.700,-14.085,-12.866,5.366
1714822787116,2024-05-04T14:39:47.116,8.710,-13.354,-14.451,5.488
1714822787126,2024-05-04T14:39:47.126,8.720,-11.707,-12.195,5.793
1714822787136,2024-05-04T14:39:47.136,8.730,-10.122,-7.256,6.341
1714822787146,2024-05-04T14:39:47.146,8.740,-8.232,-3.720,7.012
1714822787156,2024-05-04T14:39:47.156,8.750,-8.415,-2.134,7.195
1714822787166,2024-05-04T14:39:47.166,8.760,-11.768,-0.976,6.646
1714822787176,2024-05-04T14:39:47.176,8.770,-14.024,-2.622,4.817
1714822787186,2024-05-04T14:39:47.186,8.780,-12.012,-6.646,2.561
1714822787196,2024-05-04T14:39:47.196,8.790,-7.134,-9.207,1.159
1714822787206,2024-05-04T14:39:47.206,8.800,-3.354,-8.354,0.427
1714822787216,2024-05-04T14:39:47.216,8.810,-1.890,-5.854,0.610
1714822787226,2024-05-04T14:39:47.226,8.820,-2.805,-4.939,0.305
1714822787236,2024-05-04T14:39:47.236,8.830,-3.780,-6.098,-0.122
1714822787246,2024-05-04T14:39:47.246,8.840,-3.354,-8.232,0.305
1714822787256,2024-05-04T14:39:47.256,8.850,-2.927,-7.927,0.732
1714822787266,2024-05-04T14:39:47.266,8.860,-3.720,-3.902,0.671
1714822787276,2024-05-04T14:39:47.276,8.870,-4.146,1.585,0.610
1714822787286,2024-05-04T14:39:47.286,8.880,-2.317,4.207,1.402
1714822787296,2024-05-04T14:39:47.296,8.890,-0.976,2.683,1.707
1714822787306,2024-05-04T14:39:47.306,8.900,-1.768,0.122,1.280
1714822787316,2024-05-04T14:39:47.316,8.910,-3.476,-2.195,1.220
1714822787326,2024-05-04T14:39:47.326,8.920,-3.902,-4.695,1.037
1714822787336,2024-05-04T14:39:47.336,8.930,-2.866,-7.195,0.793
1714822787346,2024-05-04T14:39:47.346,8.940,-1.463,-7.622,0.366
1714822787356,2024-05-04T14:39:47.356,8.950,-0.671,-5.732,0.610
1714822787366,2024-05-04T14:39:47.366,8.960,-0.793,-3.902,1.646
1714822787376,2024-05-04T14:39:47.376,8.970,-2.012,-2.622,2.195
1714822787386,2024-05-04T14:39:47.386,8.980,-3.415,-2.622,2.683
1714822787396,2024-05-04T14:39:47.396,8.990,-4.573,-5.122,3.598
1714822787406,2024-05-04T14:39:47.406,9.000,-5.244,-7.439,3.720
1714822787416,2024-05-04T14:39:47.416,9.010,-4.451,-8.598,3.780
1714822787426,2024-05-04T14:39:47.426,9.020,-3.049,-8.902,4.573
1714822787436,2024-05-04T14:39:47.436,9.030,-3.171,-8.293,5.244
1714822787446,2024-05-04T14:39:47.446,9.040,-4.695,-5.244,5.915
1714822787456,2024-05-04T14:39:47.456,9.050,-9.390,-0.793,7.439
1714822787466,2024-05-04T14:39:47.466,9.060,-12.317,-0.732,9.451
1714822787476,2024-05-04T14:39:47.476,9.070,-11.463,-0.915,8.293
1714822787486,2024-05-04T14:39:47.486,9.080,-13.171,4.878,6.098
1714822787496,2024-05-04T14:39:47.496,9.090,-15.671,10.061,5.610
1714822787506,2024-05-04T14:39:47.506,9.100,-12.195,10.854,3.476
1714822787516,2024-05-04T14:39:47.516,9.110,-7.378,13.963,-3.232
1714822787526,2024-05-04T14:39:47.526,9.120,-4.817,23.841,-5.793
1714822787536,2024-05-04T14:39:47.536,9.130,-2.195,28.841,-6.037
1714822787546,2024-05-04T14:39:47.546,9.140,5.915,22.134,-9.390
1714822787556,2024-05-04T14:39:47.556,9.150,12.622,16.524,-11.768
1714822787566,2024-05-04T14:39:47.566,9.160,17.744,13.049,-6.159
1714822787576,2024-05-04T14:39:47.576,9.170,26.037,6.524,-0.793
1714822787586,2024-05-04T14:39:47.586,9.180,43.598,6.829,3.415
1714822787596,2024-05-04T14:39:47.596,9.190,63.476,20.915,17.439
1714822787606,2024-05-04T14:39:47.606,9.200,83.354,37.561,29.268
1714822787616,2024-05-04T14:39:47.616,9.210,116.890,50.305,39.024
1714822787626,2024-05-04T14:39:47.626,9.220,145.305,50.915,55.305
1714822787636,2024-05-04T14:39:47.636,9.230,159.695,27.927,60.000
1714822787646,2024-05-04T14:39:47.646,9.240,180.915,-15.854,48.963
1714822787656,2024-05-04T14:39:47.656,9.250,199.451,-70.366,24.817
1714822787666,2024-05-04T14:39:47.666,9.260,212.622,-119.512,-2.500
1714822787676,2024-05-04T14:39:47.676,9.270,201.707,-132.317,-21.280
1714822787686,2024-05-04T14:39:47.686,9.280,170.305,-89.207,-11.341
1714822787696,2024-05-04T14:39:47.696,9.290,150.366,-37.012,25.244
1714822787706,2024-05-04T14:39:47.706,9.300,144.939,-36.707,20.061
1714822787716,2024-05-04T14:39:47.716,9.310,152.073,-72.561,2.805
1714822787726,2024-05-04T14:39:47.726,9.320,156.402,-74.451,10.305
1714822787736,2024-05-04T14:39:47.736,9.330,143.049,-36.585,3.049
1714822787746,2024-05-04T14:39:47.746,9.340,115.549,-0.061,-0.854
1714822787756,2024-05-04T14:39:47.756,9.350,81.159,4.146,2.134
1714822787766,2024-05-04T14:39:47.766,9.360,46.524,-5.244,4.451
1714822787776,2024-05-04T14:39:47.776,9.370,15.305,-13.110,7.256
1714822787786,2024-05-04T14:39:47.786,9.380,-12.134,-17.622,11.829
1714822787796,2024-05-04T14:39:47.796,9.390,-33.232,-20.732,17.195
1714822787806,2024-05-04T14:39:47.806,9.400,-46.768,-24.085,15.305
1714822787816,2024-05-04T14:39:47.816,9.410,-57.744,-25.244,11.890
1714822787826,2024-05-04T14:39:47.826,9.420,-65.854,-22.012,9.146
1714822787836,2024-05-04T14:39:47.836,9.430,-71.768,-16.646,6.829
1714822787846,2024-05-04T14:39:47.846,9.440,-75.244,-11.585,5.732
1714822787856,2024-05-04T14:39:47.856,9.450,-75.366,-4.634,5.793
1714822787866,2024-05-04T14:39:47.866,9.460,-71.707,4.634,1.829
1714822787876,2024-05-04T14:39:47.876,9.470,-64.634,10.122,-2.500
1714822787886,2024-05-04T14:39:47.886,9.480,-57.012,11.037,-7.195
1714822787896,2024-05-04T14:39:47.896,9.490,-51.159,13.659,-8.963
1714822787906,2024-05-04T14:39:47.906,9.500,-47.866,24.817,-7.134
1714822787916,2024-05-04T14:39:47.916,9.510,-50.488,44.878,-4.878
1714822787926,2024-05-04T14:39:47.926,9.520,-65.183,72.439,-4.634
1714822787936,2024-05-04T14:39:47.936,9.530,-84.756,100.305,-6.341
1714822787946,2024-05-04T14:39:47.946,9.540,-93.659,118.293,1.768
1714822787956,2024-05-04T14:39:47.956,9.550,-93.902,105.488,9.512
1714822787966,2024-05-04T14:39:47.966,9.560,-86.707,71.524,3.415
1714822787976,2024-05-04T14:39:47.976,9.570,-71.951,36.890,-3.110
1714822787986,2024-05-04T14:39:47.986,9.580,-56.829,13.963,-2.744
1714822787996,2024-05-04T14:39:47.996,9.590,-48.659,3.902,-4.024
1714822788006,2024-05-04T14:39:48.006,9.600,-50.610,2.500,-9.207
1714822788016,2024-05-04T14:39:48.016,9.610,-57.439,9.695,-14.146
1714822788026,2024-05-04T14:39:48.026,9.620,-59.512,18.537,-17.195
1714822788036,2024-05-04T14:39:48.036,9.630,-54.634,22.683,-18.293
1714822788046,2024-05-04T14:39:48.046,9.640,-46.585,19.573,-16.951
1714822788056,2024-05-04T14:39:48.056,9.650,-39.878,11.037,-14.695
1714822788066,2024-05-04T14:39:48.066,9.660,-37.195,0.244,-13.110
1714822788076,2024-05-04T14:39:48.076,9.670,-37.317,-6.951,-12.317
1714822788086,2024-05-04T14:39:48.086,9.680,-39.512,-5.732,-11.037
1714822788096,2024-05-04T14:39:48.096,9.690,-41.951,1.098,-10.000
1714822788106,2024-05-04T14:39:48.106,9.700,-41.890,8.780,-9.634
1714822788116,2024-05-04T14:39:48.116,9.710,-37.195,15.244,-9.268
1714822788126,2024-05-04T14:39:48.126,9.720,-30.915,18.232,-8.963
1714822788136,2024-05-04T14:39:48.136,9.730,-26.585,12.866,-7.744
1714822788146,2024-05-04T14:39:48.146,9.740,-24.939,0.488,-6.220
1714822788156,2024-05-04T14:39:48.156,9.750,-25.488,-12.195,-6.463
1714822788166,2024-05-04T14:39:48.166,9.760,-26.768,-20.549,-8.232
1714822788176,2024-05-04T14:39:48.176,9.770,-25.671,-24.024,-9.451
1714822788186,2024-05-04T14:39:48.186,9.780,-22.622,-23.841,-9.939
1714822788196,2024-05-04T14:39:48.196,9.790,-19.695,-20.000,-10.000
1714822788206,2024-05-04T14:39:48.206,9.800,-17.561,-14.756,-10.305
1714822788216,2024-05-04T14:39:48.216,9.810,-20.244,-8.476,-10.427
1714822788226,2024-05-04T14:39:48.226,9.820,-26.646,-3.110,-10.671
1714822788236,2024-05-04T14:39:48.236,9.830,-29.451,-2.378,-12.195
1714822788246,2024-05-04T14:39:48.246,9.840,-25.427,-4.817,-13.171
1714822788256,2024-05-04T14:39:48.256,9.850,-18.537,-5.427,-12.073
1714822788266,2024-05-04T14:39:48.266,9.860,-13.171,-1.890,-9.756
1714822788276,2024-05-04T14:39:48.276,9.870,-11.159,1.768,-7.317
1714822788286,2024-05-04T14:39:48.286,9.880,-12.927,1.341,-6.098
1714822788296,2024-05-04T14:39:48.296,9.890,-15.549,-1.524,-5.671
1714822788306,2024-05-04T14:39:48.306,9.900,-15.732,-3.598,-5.549
1714822788316,2024-05-04T14:39:48.316,9.910,-12.805,-4.695,-5.488
1714822788326,2024-05-04T14:39:48.326,9.920,-8.049,-4.817,-5.061
1714822788336,2024-05-04T14:39:48.336,9.930,-3.354,-3.293,-3.476
1714822788346,2024-05-04T14:39:48.346,9.940,-2.805,-1.524,-2.134
1714822788356,2024-05-04T14:39:48.356,9.950,-6.768,-0.305,-2.012
1714822788366,2024-05-04T14:39:48.366,9.960,-9.634,-0.671,-1.951
1714822788376,2024-05-04T14:39:48.376,9.970,-8.720,-1.951,-1.463
1714822788386,2024-05-04T14:39:48.386,9.980,-6.037,-2.012,-0.305
1714822788396,2024-05-04T14:39:48.396,9.990,-3.537,0.061,0.854
1714822788406,2024-05-04T14:39:48.406,10.000,-1.098,2.927,1.220
1714822788416,2024-05-04T14:39:48.416,10.010,1.159,3.841,1.341
1714822788426,2024-05-04T14:39:48.426,10.020,0.610,2.073,0.671
1714822788436,2024-05-04T14:39:48.436,10.030,-2.866,-0.915,-1.280
1714822788446,2024-05-04T14:39:48.446,10.040,-5.244,-3.110,-2.256
1714822788456,2024-05-04T14:39:48.456,10.050,-4.268,-4.817,-2.012
1714822788466,2024-05-04T14:39:48.466,10.060,-1.951,-5.976,-1.829
1714822788476,2024-05-04T14:39:48.476,10.070,-0.366,-4.512,-1.402
1714822788486,2024-05-04T14:39:48.486,10.080,-1.098,-1.037,-1.159
1714822788496,2024-05-04T14:39:48.496,10.090,-4.817,1.524,-1.646
1714822788506,2024-05-04T14:39:48.506,10.100,-8.171,2.744,-1.951
1714822788516,2024-05-04T14:39:48.516,10.110,-8.659,2.439,-2.073
1714822788526,2024-05-04T14:39:48.526,10.120,-7.378,1.037,-1.463
1714822788536,2024-05-04T14:39:48.536,10.130,-5.854,-1.341,-0.366
1714822788546,2024-05-04T14:39:48.546,10.140,-4.146,-4.024,0.488
1714822788556,2024-05-04T14:39:48.556,10.150,-3.476,-5.976,0.854
1714822788566,2024-05-04T14:39:48.566,10.160,-5.000,-6.341,0.854
1714822788576,2024-05-04T14:39:48.576,10.170,-6.341,-5.305,0.793
1714822788586,2024-05-04T14:39:48.586,10.180,-5.183,-3.780,0.915
1714822788596,2024-05-04T14:39:48.596,10.190,-3.049,-1.951,1.220
1714822788606,2024-05-04T14:39:48.606,10.200,-1.220,-0.488,1.829
1714822788616,2024-05-04T14:39:48.616,10.210,-0.976,-0.427,2.500
1714822788626,2024-05-04T14:39:48.626,10.220,-2.256,-2.012,2.073
1714822788636,2024-05-04T14:39:48.636,10.230,-3.293,-4.024,2.012
1714822788646,2024-05-04T14:39:48.646,10.240,-2.866,-4.817,2.195
1714822788656,2024-05-04T14:39:48.656,10.250,-1.280,-4.817,2.439
1714822788666,2024-05-04T14:39:48.666,10.260,-0.610,-5.488,2.988
1714822788676,2024-05-04T14:39:48.676,10.270,0.061,-5.854,3.049
1714822788686,2024-05-04T14:39:48.686,10.280,0.427,-4.146,2.622
1714822788696,2024-05-04T14:39:48.696,10.290,-1.037,-0.610,3.049
1714822788706,2024-05-04T14:39:48.706,10.300,-5.061,2.317,3.049
1714822788716,2024-05-04T14:39:48.716,10.310,-7.256,2.500,2.500
1714822788726,2024-05-04T14:39:48.726,10.320,-5.305,-0.610,1.829
1714822788736,2024-05-04T14:39:48.736,10.330,-1.646,-3.537,1.220
1714822788746,2024-05-04T14:39:48.746,10.340,0.488,-4.207,0.854
1714822788756,2024-05-04T14:39:48.756,10.350,0.671,-3.110,0.671
1714822788766,2024-05-04T14:39:48.766,10.360,-0.366,-2.256,0.671
1714822788776,2024-05-04T14:39:48.776,10.370,-1.159,-2.195,0.793
1714822788786,2024-05-04T14:39:48.786,10.380,-1.402,-2.195,1.159
1714822788796,2024-05-04T14:39:48.796,10.390,-1.524,-1.524,1.829
1714822788806,2024-05-04T14:39:48.806,10.400,-2.744,-0.854,3.476
1714822788816,2024-05-04T14:39:48.816,10.410,-3.963,-0.610,5.183
1714822788826,2024-05-04T14:39:48.826,10.420,-3.415,0.305,6.463
1714822788836,2024-05-04T14:39:48.836,10.430,-2.683,2.927,8.841
1714822788846,2024-05-04T14:39:48.846,10.440,-1.768,6.707,12.622
1714822788856,2024-05-04T14:39:48.856,10.450,-1.037,12.439,14.390
1714822788866,2024-05-04T14:39:48.866,10.460,-4.146,20.793,14.268
1714822788876,2024-05-04T14:39:48.876,10.470,-11.159,30.366,12.866
1714822788886,2024-05-04T14:39:48.886,10.480,-17.988,38.537,9.573
1714822788896,2024-05-04T14:39:48.896,10.490,-20.061,45.610,7.012
1714822788906,2024-05-04T14:39:48.906,10.500,-11.768,54.573,5.793
1714822788916,2024-05-04T14:39:48.916,10.510,3.110,65.427,5.183
1714822788926,2024-05-04T14:39:48.926,10.520,14.939,68.659,3.963
1714822788936,2024-05-04T14:39:48.936,10.530,27.622,62.805,-0.671
1714822788946,2024-05-04T14:39:48.946,10.540,48.598,58.354,3.963
1714822788956,2024-05-04T14:39:48.956,10.550,69.451,50.671,9.756
1714822788966,2024-05-04T14:39:48.966,10.560,85.244,40.244,10.671
1714822788976,2024-05-04T14:39:48.976,10.570,97.256,23.354,14.451
1714822788986,2024-05-04T14:39:48.986,10.580,112.317,5.549,15.854
1714822788996,2024-05-04T14:39:48.996,10.590,128.293,-11.280,13.537
1714822789006,2024-05-04T14:39:49.006,10.600,146.646,-30.366,12.012
1714822789016,2024-05-04T14:39:49.016,10.610,172.012,-39.817,10.793
1714822789026,2024-05-04T14:39:49.026,10.620,172.378,-21.280,15.671
1714822789036,2024-05-04T14:39:49.036,10.630,155.305,10.427,27.622
1714822789046,2024-05-04T14:39:49.046,10.640,138.049,25.671,40.549
1714822789056,2024-05-04T14:39:49.056,10.650,144.085,19.573,34.085
1714822789066,2024-05-04T14:39:49.066,10.660,163.780,0.732,18.171
1714822789076,2024-05-04T14:39:49.076,10.670,162.256,-5.854,9.512
1714822789086,2024-05-04T14:39:49.086,10.680,146.463,9.024,6.402
1714822789096,2024-05-04T14:39:49.096,10.690,132.073,32.134,1.220
1714822789106,2024-05-04T14:39:49.106,10.700,113.476,40.793,-0.610
1714822789116,2024-05-04T14:39:49.116,10.710,87.012,34.817,3.354
1714822789126,2024-05-04T14:39:49.126,10.720,59.146,30.976,5.061
1714822789136,2024-05-04T14:39:49.136,10.730,33.415,28.720,5.244
1714822789146,2024-05-04T14:39:49.146,10.740,10.244,14.024,6.951
1714822789156,2024-05-04T14:39:49.156,10.750,-10.671,-12.195,6.402
1714822789166,2024-05-04T14:39:49.166,10.760,-28.415,-34.878,6.341
1714822789176,2024-05-04T14:39:49.176,10.770,-43.110,-50.183,6.524
1714822789186,2024-05-04T14:39:49.186,10.780,-56.159,-59.207,5.915
1714822789196,2024-05-04T14:39:49.196,10.790,-65.610,-61.341,6.463
1714822789206,2024-05-04T14:39:49.206,10.800,-71.280,-57.500,4.817
1714822789216,2024-05-04T14:39:49.216,10.810,-73.902,-48.720,1.646
1714822789226,2024-05-04T14:39:49.226,10.820,-75.122,-38.476,-1.890
1714822789236,2024-05-04T14:39:49.236,10.830,-77.439,-27.500,-7.988
1714822789246,2024-05-04T14:39:49.246,10.840,-80.610,-14.817,-10.793
1714822789256,2024-05-04T14:39:49.256,10.850,-82.927,-2.561,-12.683
1714822789266,2024-05-04T14:39:49.266,10.860,-82.073,13.110,-15.000
1714822789276,2024-05-04T14:39:49.276,10.870,-78.963,24.268,-17.927
1714822789286,2024-05-04T14:39:49.286,10.880,-74.695,26.829,-18.780
1714822789296,2024-05-04T14:39:49.296,10.890,-70.915,19.451,-15.976
1714822789306,2024-05-04T14:39:49.306,10.900,-71.585,6.829,-12.195
1714822789316,2024-05-04T14:39:49.316,10.910,-78.963,-3.171,-9.268
1714822789326,2024-05-04T14:39:49.326,10.920,-88.720,-9.085,-9.573
1714822789336,2024-05-04T14:39:49.336,10.930,-91.707,-12.378,-10.488
1714822789346,2024-05-04T14:39:49.346,10.940,-85.244,-14.268,-7.439
1714822789356,2024-05-04T14:39:49.356,10.950,-76.280,-19.085,-7.134
1714822789366,2024-05-04T14:39:49.366,10.960,-69.939,-20.122,-7.012
1714822789376,2024-05-04T14:39:49.376,10.970,-65.305,-14.146,-4.451
1714822789386,2024-05-04T14:39:49.386,10.980,-63.476,-9.268,-3.171
1714822789396,2024-05-04T14:39:49.396,10.990,-58.598,-9.207,-4.756
1714822789406,2024-05-04T14:39:49.406,11.000,-47.866,-11.341,-7.988
1714822789416,2024-05-04T14:39:49.416,11.010,-35.549,-10.854,-11.341
1714822789426,2024-05-04T14:39:49.426,11.020,-28.415,-6.646,-12.134
1714822789436,2024-05-04T14:39:49.436,11.030,-23.171,-6.402,-10.732
1714822789446,2024-05-04T14:39:49.446,11.040,-19.024,-12.866,-9.878
1714822789456,2024-05-04T14:39:49.456,11.050,-16.829,-16.463,-10.854
1714822789466,2024-05-04T14:39:49.466,11.060,-17.622,-12.195,-11.220
1714822789476,2024-05-04T14:39:49.476,11.070,-20.549,-6.280,-9.512
1714822789486,2024-05-04T14:39:49.486,11.080,-24.817,-4.512,-7.744
1714822789496,2024-05-04T14:39:49.496,11.090,-27.744,-3.659,-6.646
1714822789506,2024-05-04T14:39:49.506,11.100,-28.049,-1.524,-6.037
1714822789516,2024-05-04T14:39:49.516,11.110,-26.402,1.280,-5.244
1714822789526,2024-05-04T14:39:49.526,11.120,-24.634,1.585,-3.902
1714822789536,2024-05-04T14:39:49.536,11.130,-23.598,-2.805,-3.598
1714822789546,2024-05-04T14:39:49.546,11.140,-21.280,-8.110,-2.744
1714822789556,2024-05-04T14:39:49.556,11.150,-18.415,-10.244,-0.427
1714822789566,2024-05-04T14:39:49.566,11.160,-16.037,-9.756,0.244
1714822789576,2024-05-04T14:39:49.576,11.170,-13.415,-8.049,0.183
1714822789586,2024-05-04T14:39:49.586,11.180,-10.732,-6.098,-0.488
1714822789596,2024-05-04T14:39:49.596,11.190,-7.256,-3.232,-1.463
1714822789606,2024-05-04T14:39:49.606,11.200,-4.146,1.768,-1.524
1714822789616,2024-05-04T14:39:49.616,11.210,-5.610,5.793,-1.829
1714822789626,2024-05-04T14:39:49.626,11.220,-10.976,5.854,-2.988
1714822789636,2024-05-04T14:39:49.636,11.230,-13.659,1.951,-3.659
1714822789646,2024-05-04T14:39:49.646,11.240,-10.305,-2.439,-3.049
1714822789656,2024-05-04T14:39:49.656,11.250,-5.061,-4.695,-2.439
1714822789666,2024-05-04T14:39:49.666,11.260,-1.890,-5.061,-2.256
1714822789676,2024-05-04T14:39:49.676,11.270,-1.402,-5.122,-1.890
1714822789686,2024-05-04T14:39:49.686,11.280,-3.171,-4.695,-1.585
1714822789696,2024-05-04T14:39:49.696,11.290,-6.037,-3.232,-1.951
1714822789706,2024-05-04T14:39:49.706,11.300,-7.439,-2.134,-2.073
1714822789716,2024-05-04T14:39:49.716,11.310,-7.134,-1.220,-1.829
1714822789726,2024-05-04T14:39:49.726,11.320,-5.183,0.183,-1.524
1714822789736,2024-05-04T14:39:49.736,11.330,-2.805,1.829,-1.037
1714822789746,2024-05-04T14:39:49.746,11.340,-1.220,3.902,-0.549
1714822789756,2024-05-04T14:39:49.756,11.350,-1.159,5.793,-0.366
1714822789766,2024-05-04T14:39:49.766,11.360,-2.073,5.976,-0.488
1714822789776,2024-05-04T14:39:49.776,11.370,-2.622,3.598,-0.732
1714822789786,2024-05-04T14:39:49.786,11.380,-2.378,-0.122,-0.732
1714822789796,2024-05-04T14:39:49.796,11.390,-1.280,-2.561,-0.549
1714822789806,2024-05-04T14:39:49.806,11.400,0.427,-3.293,0.122
1714822789816,2024-05-04T14:39:49.816,11.410,0.976,-2.439,0.854
1714822789826,2024-05-04T14:39:49.826,11.420,-0.122,-1.341,1.098
1714822789836,2024-05-04T14:39:49.836,11.430,-0.915,-1.159,1.280
1714822789846,2024-05-04T14:39:49.846,11.440,-0.976,-1.768,1.463
1714822789856,2024-05-04T14:39:49.856,11.450,-1.341,-2.622,1.646
1714822789866,2024-05-04T14:39:49.866,11.460,-1.402,-3.537,1.463
1714822789876,2024-05-04T14:39:49.876,11.470,-0.549,-3.720,1.280
1714822789886,2024-05-04T14:39:49.886,11.480,0.244,-2.744,1.037
1714822789896,2024-05-04T14:39:49.896,11.490,-0.427,-0.671,0.854
1714822789906,2024-05-04T14:39:49.906,11.500,-1.524,0.915,0.488
1714822789916,2024-05-04T14:39:49.916,11.510,-0.793,1.037,0.610
1714822789926,2024-05-04T14:39:49.926,11.520,1.280,0.122,0.915
1714822789936,2024-05-04T14:39:49.936,11.530,2.256,-1.829,1.159
1714822789946,2024-05-04T14:39:49.946,11.540,2.561,-3.902,1.829
1714822789956,2024-05-04T14:39:49.956,11.550,2.561,-5.793,2.256
1714822789966,2024-05-04T14:39:49.966,11.560,1.159,-6.341,1.829
1714822789976,2024-05-04T14:39:49.976,11.570,0.305,-4.878,1.585
1714822789986,2024-05-04T14:39:49.986,11.580,0.915,-2.073,1.463
1714822789996,2024-05-04T14:39:49.996,11.590,1.707,0.793,1.402
1714822790006,2024-05-04T14:39:50.006,11.600,1.585,2.012,1.463
1714822790016,2024-05-04T14:39:50.016,11.610,0.610,1.280,1.463
1714822790026,2024-05-04T14:39:50.026,11.620,-1.646,-0.549,1.098
1714822790036,2024-05-04T14:39:50.036,11.630,-4.207,-2.988,0.671
1714822790046,2024-05-04T14:39:50.046,11.640,-5.183,-5.000,0.671
1714822790056,2024-05-04T14:39:50.056,11.650,-4.695,-5.488,0.427
1714822790066,2024-05-04T14:39:50.066,11.660,-3.841,-3.598,0.244
1714822790076,2024-05-04T14:39:50.076,11.670,-3.293,-0.549,0.366
1714822790086,2024-05-04T14:39:50.086,11.680,-2.805,1.585,0.427
1714822790096,2024-05-04T14:39:50.096,11.690,-3.902,1.402,0.427
1714822790106,2024-05-04T14:39:50.106,11.700,-7.439,-0.122,-0.305
1714822790116,2024-05-04T14:39:50.116,11.710,-10.305,-3.232,-0.427
1714822790126,2024-05-04T14:39:50.126,11.720,-10.305,-6.524,0.122
1714822790136,2024-05-04T14:39:50.136,11.730,-8.902,-9.085,0.793
1714822790146,2024-05-04T14:39:50.146,11.740,-7.866,-10.244,1.585
1714822790156,2024-05-04T14:39:50.156,11.750,-8.659,-9.817,2.378
1714822790166,2024-05-04T14:39:50.166,11.760,-12.988,-7.378,3.171
1714822790176,2024-05-04T14:39:50.176,11.770,-19.390,-2.500,4.695
1714822790186,2024-05-04T14:39:50.186,11.780,-22.988,2.805,7.317
1714822790196,2024-05-04T14:39:50.196,11.790,-22.866,11.037,8.963
1714822790206,2024-05-04T14:39:50.206,11.800,-22.744,19.817,9.146
1714822790216,2024-05-04T14:39:50.216,11.810,-23.902,27.439,6.159
1714822790226,2024-05-04T14:39:50.226,11.820,-29.939,36.646,1.707
1714822790236,2024-05-04T14:39:50.236,11.830,-33.598,41.159,-0.732
1714822790246,2024-05-04T14:39:50.246,11.840,-25.305,37.195,-2.439
1714822790256,2024-05-04T14:39:50.256,11.850,-9.451,22.500,-9.817
1714822790266,2024-05-04T14:39:50.266,11.860,9.939,7.073,-23.110
1714822790276,2024-05-04T14:39:50.276,11.870,38.171,7.256,-23.902
1714822790286,2024-05-04T14:39:50.286,11.880,63.171,16.220,-8.841
1714822790296,2024-05-04T14:39:50.296,11.890,89.878,25.122,5.061
1714822790306,2024-05-04T14:39:50.306,11.900,119.756,33.598,16.707
1714822790316,2024-05-04T14:39:50.316,11.910,141.220,31.768,23.171
1714822790326,2024-05-04T14:39:50.326,11.920,155.915,15.366,21.829
1714822790336,2024-05-04T14:39:50.336,11.930,178.841,-12.256,20.061
1714822790346,2024-05-04T14:39:50.346,11.940,206.951,-37.378,13.293
1714822790356,2024-05-04T14:39:50.356,11.950,226.890,-50.366,5.976
1714822790366,2024-05-04T14:39:50.366,11.960,241.829,-46.768,9.451
1714822790376,2024-05-04T14:39:50.376,11.970,222.195,-14.634,10.122
1714822790386,2024-05-04T14:39:50.386,11.980,179.085,21.768,10.183
1714822790396,2024-05-04T14:39:50.396,11.990,173.110,37.073,16.220
1714822790406,2024-05-04T14:39:50.406,12.000,206.890,26.646,11.341
1714822790416,2024-05-04T14:39:50.416,12.010,229.878,-2.988,-2.622
1714822790426,2024-05-04T14:39:50.426,12.020,208.720,-19.695,-8.841
1714822790436,2024-05-04T14:39:50.436,12.030,162.378,-16.585,-9.207
1714822790446,2024-05-04T14:39:50.446,12.040,129.634,-6.829,-10.915
1714822790456,2024-05-04T14:39:50.456,12.050,106.220,-3.659,-4.756
1714822790466,2024-05-04T14:39:50.466,12.060,76.220,-9.329,1.159
1714822790476,2024-05-04T14:39:50.476,12.070,40.854,-17.317,1.707
1714822790486,2024-05-04T14:39:50.486,12.080,7.378,-26.220,0.671
1714822790496,2024-05-04T14:39:50.496,12.090,-22.866,-33.902,3.110
1714822790506,2024-05-04T14:39:50.506,12.100,-50.000,-35.000,3.537
1714822790516,2024-05-04T14:39:50.516,12.110,-71.829,-32.317,3.963
1714822790526,2024-05-04T14:39:50.526,12.120,-87.073,-33.171,4.756
1714822790536,2024-05-04T14:39:50.536,12.130,-96.951,-35.793,4.024
1714822790546,2024-05-04T14:39:50.546,12.140,-103.963,-34.207,5.671
1714822790556,2024-05-04T14:39:50.556,12.150,-105.915,-30.671,5.549
1714822790566,2024-05-04T14:39:50.566,12.160,-101.037,-26.585,2.195
1714822790576,2024-05-04T14:39:50.576,12.170,-96.280,-21.768,-2.134
1714822790586,2024-05-04T14:39:50.586,12.180,-94.451,-15.366,-6.768
1714822790596,2024-05-04T14:39:50.596,12.190,-94.939,-0.061,-8.598
1714822790606,2024-05-04T14:39:50.606,12.200,-95.732,21.037,-8.110
1714822790616,2024-05-04T14:39:50.616,12.210,-98.415,43.476,-5.061
1714822790626,2024-05-04T14:39:50.626,12.220,-106.098,57.866,-4.573
1714822790636,2024-05-04T14:39:50.636,12.230,-119.085,56.341,-8.902
1714822790646,2024-05-04T14:39:50.646,12.240,-125.366,38.720,-9.817
1714822790656,2024-05-04T14:39:50.656,12.250,-122.500,10.427,-5.854
1714822790666,2024-05-04T14:39:50.666,12.260,-112.866,-19.695,-2.317
1714822790676,2024-05-04T14:39:50.676,12.270,-105.793,-41.463,-1.768
1714822790686,2024-05-04T14:39:50.686,12.280,-103.720,-53.110,-2.927
1714822790696,2024-05-04T14:39:50.696,12.290,-103.841,-55.183,-3.354
1714822790706,2024-05-04T14:39:50.706,12.300,-103.476,-45.183,-4.634
1714822790716,2024-05-04T14:39:50.716,12.310,-101.951,-22.256,-7.195
1714822790726,2024-05-04T14:39:50.726,12.320,-101.768,6.890,0.183
1714822790736,2024-05-04T14:39:50.736,12.330,-96.951,26.951,14.573
1714822790746,2024-05-04T14:39:50.746,12.340,-80.671,23.110,20.610
1714822790756,2024-05-04T14:39:50.756,12.350,-54.329,2.195,14.390
1714822790766,2024-05-04T14:39:50.766,12.360,-35.305,-24.634,5.244
1714822790776,2024-05-04T14:39:50.776,12.370,-26.646,-36.037,2.317
1714822790786,2024-05-04T14:39:50.786,12.380,-24.512,-34.207,-5.488
1714822790796,2024-05-04T14:39:50.796,12.390,-24.329,-28.354,-12.012
1714822790806,2024-05-04T14:39:50.806,12.400,-21.707,-15.976,-12.256
1714822790816,2024-05-04T14:39:50.816,12.410,-20.122,-0.366,-8.415
1714822790826,2024-05-04T14:39:50.826,12.420,-21.585,12.073,-4.939
1714822790836,2024-05-04T14:39:50.836,12.430,-23.720,20.122,-4.451
1714822790846,2024-05-04T14:39:50.846,12.440,-26.098,23.110,-5.305
1714822790856,2024-05-04T14:39:50.856,12.450,-27.500,18.780,-3.659
1714822790866,2024-05-04T14:39:50.866,12.460,-25.854,6.098,-1.524
1714822790876,2024-05-04T14:39:50.876,12.470,-20.000,-11.220,-2.805
1714822790886,2024-05-04T14:39:50.886,12.480,-9.939,-21.402,-5.427
1714822790896,2024-05-04T14:39:50.896,12.490,-1.463,-17.866,-3.841
1714822790906,2024-05-04T14:39:50.906,12.500,0.061,-7.622,0.366
1714822790916,2024-05-04T14:39:50.916,12.510,-0.061,0.183,2.744
1714822790926,2024-05-04T14:39:50.926,12.520,0.976,3.049,3.598
1714822790936,2024-05-04T14:39:50.936,12.530,1.829,2.744,4.634
1714822790946,2024-05-04T14:39:50.946,12.540,3.598,0.610,5.244
1714822790956,2024-05-04T14:39:50.956,12.550,6.890,-2.073,4.695
1714822790966,2024-05-04T14:39:50.966,12.560,9.329,-3.841,3.841
1714822790976,2024-05-04T14:39:50.976,12.570,10.122,-3.780,3.171
1714822790986,2024-05-04T14:39:50.986,12.580,8.963,-3.232,2.073
1714822790996,2024-05-04T14:39:50.996,12.590,6.585,-2.988,2.195
1714822791006,2024-05-04T14:39:51.006,12.600,2.439,-2.378,2.622
1714822791016,2024-05-04T14:39:51.016,12.610,-2.561,-2.256,1.524
1714822791026,2024-05-04T14:39:51.026,12.620,-3.537,-1.280,1.829
1714822791036,2024-05-04T14:39:51.036,12.630,-0.305,1.037,3.598
1714822791046,2024-05-04T14:39:51.046,12.640,2.988,2.317,3.841
1714822791056,2024-05-04T14:39:51.056,12.650,4.451,1.585,2.683
1714822791066,2024-05-04T14:39:51.066,12.660,3.659,-1.768,1.829
1714822791076,2024-05-04T14:39:51.076,12.670,1.280,-5.976,1.402
1714822791086,2024-05-04T14:39:51.086,12.680,-0.061,-9.756,1.159
1714822791096,2024-05-04T14:39:51.096,12.690,-0.122,-10.793,1.463
1714822791106,2024-05-04T14:39:51.106,12.700,-0.061,-7.439,1.280
1714822791116,2024-05-04T14:39:51.116,12.710,0.854,-0.671,0.671
1714822791126,2024-05-04T14:39:51.126,12.720,2.500,5.183,1.402
1714822791136,2024-05-04T14:39:51.136,12.730,1.037,6.585,1.280
1714822791146,2024-05-04T14:39:51.146,12.740,-1.402,3.232,-0.183
1714822791156,2024-05-04T14:39:51.156,12.750,-1.037,-0.305,-0.549
1714822791166,2024-05-04T14:39:51.166,12.760,0.915,-1.829,-0.061
1714822791176,2024-05-04T14:39:51.176,12.770,2.561,-1.585,0.732
1714822791186,2024-05-04T14:39:51.186,12.780,3.171,0.915,1.768
1714822791196,2024-05-04T14:39:51.196,12.790,2.256,2.500,1.646
1714822791206,2024-05-04T14:39:51.206,12.800,0.610,4.329,2.134
1714822791216,2024-05-04T14:39:51.216,12.810,-1.707,7.256,3.354
1714822791226,2024-05-04T14:39:51.226,12.820,-4.024,7.561,3.780
1714822791236,2024-05-04T14:39:51.236,12.830,-4.390,3.415,3.354
1714822791246,2024-05-04T14:39:51.246,12.840,-1.890,-1.951,2.744
1714822791256,2024-05-04T14:39:51.256,12.850,2.378,-4.207,2.744
1714822791266,2024-05-04T14:39:51.266,12.860,4.756,-3.476,2.622
1714822791276,2024-05-04T14:39:51.276,12.870,2.805,-1.341,2.317
1714822791286,2024-05-04T14:39:51.286,12.880,-2.744,1.646,1.524
1714822791296,2024-05-04T14:39:51.296,12.890,-7.439,5.183,0.488
1714822791306,2024-05-04T14:39:51.306,12.900,-8.354,7.622,0.244
1714822791316,2024-05-04T14:39:51.316,12.910,-7.744,7.561,0.366
1714822791326,2024-05-04T14:39:51.326,12.920,-8.110,6.220,-0.854
1714822791336,2024-05-04T14:39:51.336,12.930,-8.780,4.085,-2.256
1714822791346,2024-05-04T14:39:51.346,12.940,-9.817,2.134,-2.134
1714822791356,2024-05-04T14:39:51.356,12.950,-11.646,1.524,-1.159
1714822791366,2024-05-04T14:39:51.366,12.960,-14.390,1.829,-0.427
1714822791376,2024-05-04T14:39:51.376,12.970,-16.280,2.805,0.183
1714822791386,2024-05-04T14:39:51.386,12.980,-16.524,4.512,0.793
1714822791396,2024-05-04T14:39:51.396,12.990,-16.037,8.171,1.402
1714822791406,2024-05-04T14:39:51.406,13.000,-15.183,14.268,2.622
1714822791416,2024-05-04T14:39:51.416,13.010,-15.366,23.049,4.939
1714822791426,2024-05-04T14:39:51.426,13.020,-18.841,32.927,7.683
1714822791436,2024-05-04T14:39:51.436,13.030,-24.390,42.561,9.573
1714822791446,2024-05-04T14:39:51.446,13.040,-21.768,46.890,10.793
1714822791456,2024-05-04T14:39:51.456,13.050,-13.293,42.195,12.561
1714822791466,2024-05-04T14:39:51.466,13.060,-15.854,28.963,12.866
1714822791476,2024-05-04T14:39:51.476,13.070,-27.195,19.024,9.634
1714822791486,2024-05-04T14:39:51.486,13.080,-35.854,12.378,6.098
1714822791496,2024-05-04T14:39:51.496,13.090,-43.171,3.841,2.012
1714822791506,2024-05-04T14:39:51.506,13.100,-53.659,-6.524,-3.659
1714822791516,2024-05-04T14:39:51.516,13.110,-62.744,-18.415,-7.561
1714822791526,2024-05-04T14:39:51.526,13.120,-58.293,-24.146,-15.732
1714822791536,2024-05-04T14:39:51.536,13.130,-46.890,-17.134,-22.500
1714822791546,2024-05-04T14:39:51.546,13.140,-32.622,-4.024,-24.817
1714822791556,2024-05-04T14:39:51.556,13.150,-11.341,6.220,-25.915
1714822791566,2024-05-04T14:39:51.566,13.160,16.037,15.793,-24.451
1714822791576,2024-05-04T14:39:51.576,13.170,39.024,22.744,-17.561
1714822791586,2024-05-04T14:39:51.586,13.180,59.512,22.561,-9.817
1714822791596,2024-05-04T14:39:51.596,13.190,88.476,16.341,-3.537
1714822791606,2024-05-04T14:39:51.606,13.200,121.037,10.427,0.000
1714822791616,2024-05-04T14:39:51.616,13.210,150.366,8.415,6.402
1714822791626,2024-05-04T14:39:51.626,13.220,177.683,6.280,23.232
1714822791636,2024-05-04T14:39:51.636,13.230,198.659,10.610,45.122
1714822791646,2024-05-04T14:39:51.646,13.240,207.927,23.110,59.085
1714822791656,2024-05-04T14:39:51.656,13.250,209.573,32.500,59.634
1714822791666,2024-05-04T14:39:51.666,13.260,211.585,32.561,55.549
1714822791676,2024-05-04T14:39:51.676,13.270,215.000,24.207,48.598
1714822791686,2024-05-04T14:39:51.686,13.280,213.171,-1.220,27.317
1714822791696,2024-05-04T14:39:51.696,13.290,227.805,-42.927,11.280
1714822791706,2024-05-04T14:39:51.706,13.300,236.829,-76.402,7.744
1714822791716,2024-05-04T14:39:51.716,13.310,196.524,-62.195,-3.171
1714822791726,2024-05-04T14:39:51.726,13.320,148.049,-21.829,-1.585
1714822791736,2024-05-04T14:39:51.736,13.330,122.195,-12.927,20.244
1714822791746,2024-05-04T14:39:51.746,13.340,121.280,-39.146,3.293
1714822791756,2024-05-04T14:39:51.756,13.350,121.890,-54.390,-16.159
1714822791766,2024-05-04T14:39:51.766,13.360,106.341,-32.134,-20.793
1714822791776,2024-05-04T14:39:51.776,13.370,65.793,5.610,-15.732
1714822791786,2024-05-04T14:39:51.786,13.380,23.963,30.061,-7.622
1714822791796,2024-05-04T14:39:51.796,13.390,-5.915,28.598,-3.537
1714822791806,2024-05-04T14:39:51.806,13.400,-33.354,17.256,-1.037
1714822791816,2024-05-04T14:39:51.816,13.410,-57.622,11.220,3.415
1714822791826,2024-05-04T14:39:51.826,13.420,-75.305,4.451,3.841
1714822791836,2024-05-04T14:39:51.836,13.430,-86.220,-6.707,-0.732
1714822791846,2024-05-04T14:39:51.846,13.440,-93.171,-15.488,-4.756
1714822791856,2024-05-04T14:39:51.856,13.450,-97.683,-20.610,-11.220
1714822791866,2024-05-04T14:39:51.866,13.460,-100.000,-21.341,-16.402
1714822791876,2024-05-04T14:39:51.876,13.470,-100.122,-16.220,-22.256
1714822791886,2024-05-04T14:39:51.886,13.480,-97.317,-7.073,-25.244
1714822791896,2024-05-04T14:39:51.896,13.490,-102.195,9.207,-23.780
1714822791906,2024-05-04T14:39:51.906,13.500,-115.549,22.622,-21.463
1714822791916,2024-05-04T14:39:51.916,13.510,-127.622,23.598,-15.732
1714822791926,2024-05-04T14:39:51.926,13.520,-139.451,14.512,-8.232
1714822791936,2024-05-04T14:39:51.936,13.530,-147.927,7.500,0.732
1714822791946,2024-05-04T14:39:51.946,13.540,-147.927,12.195,11.037
1714822791956,2024-05-04T14:39:51.956,13.550,-142.683,14.573,7.378
1714822791966,2024-05-04T14:39:51.966,13.560,-139.329,-3.110,-6.402
1714822791976,2024-05-04T14:39:51.976,13.570,-128.841,-31.463,-10.976
1714822791986,2024-05-04T14:39:51.986,13.580,-108.110,-51.220,-10.732
1714822791996,2024-05-04T14:39:51.996,13.590,-84.268,-56.768,-11.707
1714822792006,2024-05-04T14:39:52.006,13.600,-69.146,-50.488,-7.805
1714822792016,2024-05-04T14:39:52.016,13.610,-64.329,-38.902,-1.951
1714822792026,2024-05-04T14:39:52.026,13.620,-64.268,-31.951,-3.171
1714822792036,2024-05-04T14:39:52.036,13.630,-61.159,-31.585,-10.366
1714822792046,2024-05-04T14:39:52.046,13.640,-55.854,-26.524,-13.537
1714822792056,2024-05-04T14:39:52.056,13.650,-53.537,-12.683,-13.476
1714822792066,2024-05-04T14:39:52.066,13.660,-56.402,0.183,-12.439
1714822792076,2024-05-04T14:39:52.076,13.670,-59.268,5.122,-10.793
1714822792086,2024-05-04T14:39:52.086,13.680,-55.305,3.171,-12.012
1714822792096,2024-05-04T14:39:52.096,13.690,-43.476,-8.293,-15.915
1714822792106,2024-05-04T14:39:52.106,13.700,-33.049,-18.049,-15.915
1714822792116,2024-05-04T14:39:52.116,13.710,-32.134,-17.988,-14.268
1714822792126,2024-05-04T14:39:52.126,13.720,-35.976,-11.890,-14.268
1714822792136,2024-05-04T14:39:52.136,13.730,-37.378,-6.585,-13.171
1714822792146,2024-05-04T14:39:52.146,13.740,-35.061,-3.841,-10.488
1714822792156,2024-05-04T14:39:52.156,13.750,-29.451,-4.085,-9.085
1714822792166,2024-05-04T14:39:52.166,13.760,-22.439,-3.598,-8.598
1714822792176,2024-05-04T14:39:52.176,13.770,-19.756,-0.610,-8.780
1714822792186,2024-05-04T14:39:52.186,13.780,-22.195,-0.122,-10.000
1714822792196,2024-05-04T14:39:52.196,13.790,-21.890,-4.146,-9.573
1714822792206,2024-05-04T14:39:52.206,13.800,-17.256,-8.659,-7.439
1714822792216,2024-05-04T14:39:52.216,13.810,-11.890,-9.817,-6.402
1714822792226,2024-05-04T14:39:52.226,13.820,-7.683,-6.707,-5.793
1714822792236,2024-05-04T14:39:52.236,13.830,-5.854,0.732,-2.927
1714822792246,2024-05-04T14:39:52.246,13.840,-6.341,8.720,-0.427
1714822792256,2024-05-04T14:39:52.256,13.850,-5.854,11.768,-0.549
1714822792266,2024-05-04T14:39:52.266,13.860,-2.317,8.902,0.061
1714822792276,2024-05-04T14:39:52.276,13.870,1.098,4.329,2.073
1714822792286,2024-05-04T14:39:52.286,13.880,1.951,-0.061,3.232
1714822792296,2024-05-04T14:39:52.296,13.890,2.744,-3.963,3.902
1714822792306,2024-05-04T14:39:52.306,13.900,3.659,-4.756,4.024
1714822792316,2024-05-04T14:39:52.316,13.910,4.390,-1.585,2.805
1714822792326,2024-05-04T14:39:52.326,13.920,5.183,2.561,1.768
1714822792336,2024-05-04T14:39:52.336,13.930,5.610,6.098,2.012
1714822792346,2024-05-04T14:39:52.346,13.940,6.341,8.110,2.988
1714822792356,2024-05-04T14:39:52.356,13.950,6.341,8.049,4.207
1714822792366,2024-05-04T14:39:52.366,13.960,3.598,6.463,4.756
1714822792376,2024-05-04T14:39:52.376,13.970,0.549,4.085,4.024
1714822792386,2024-05-04T14:39:52.386,13.980,0.854,2.195,3.659
1714822792396,2024-05-04T14:39:52.396,13.990,3.780,0.793,2.744
1714822792406,2024-05-04T14:39:52.406,14.000,6.098,0.549,1.829
1714822792416,2024-05-04T14:39:52.416,14.010,6.524,0.915,2.134
1714822792426,2024-05-04T14:39:52.426,14.020,5.549,0.305,2.927
1714822792436,2024-05-04T14:39:52.436,14.030,3.476,-1.402,4.817
1714822792446,2024-05-04T14:39:52.446,14.040,1.037,-3.415,6.280
1714822792456,2024-05-04T14:39:52.456,14.050,0.305,-3.720,7.073
1714822792466,2024-05-04T14:39:52.466,14.060,1.402,-2.988,6.280
1714822792476,2024-05-04T14:39:52.476,14.070,2.927,-2.500,3.598
1714822792486,2024-05-04T14:39:52.486,14.080,4.207,-0.793,1.463
1714822792496,2024-05-04T14:39:52.496,14.090,4.573,2.256,0.915
1714822792506,2024-05-04T14:39:52.506,14.100,3.963,4.451,1.280
1714822792516,2024-05-04T14:39:52.516,14.110,2.866,2.866,1.098
1714822792526,2024-05-04T14:39:52.526,14.120,3.354,-1.768,1.463
1714822792536,2024-05-04T14:39:52.536,14.130,5.366,-5.732,2.500
1714822792546,2024-05-04T14:39:52.546,14.140,5.793,-6.341,2.561
1714822792556,2024-05-04T14:39:52.556,14.150,4.024,-2.683,2.317
1714822792566,2024-05-04T14:39:52.566,14.160,2.073,2.439,2.256
1714822792576,2024-05-04T14:39:52.576,14.170,-0.244,6.159,2.073
1714822792586,2024-05-04T14:39:52.586,14.180,-2.378,7.744,0.976
1714822792596,2024-05-04T14:39:52.596,14.190,-2.805,7.317,0.549
1714822792606,2024-05-04T14:39:52.606,14.200,-2.805,4.329,1.098
1714822792616,2024-05-04T14:39:52.616,14.210,-3.841,-0.183,0.854
1714822792626,2024-05-04T14:39:52.626,14.220,-4.085,-3.841,0.488
1714822792636,2024-05-04T14:39:52.636,14.230,-2.683,-5.061,0.854
1714822792646,2024-05-04T14:39:52.646,14.240,-1.463,-3.659,1.768
1714822792656,2024-05-04T14:39:52.656,14.250,-2.622,-0.427,3.293
1714822792666,2024-05-04T14:39:52.666,14.260,-6.402,4.085,4.390
1714822792676,2024-05-04T14:39:52.676,14.270,-10.793,9.146,6.341
1714822792686,2024-05-04T14:39:52.686,14.280,-14.817,15.854,10.061
1714822792696,2024-05-04T14:39:52.696,14.290,-18.659,24.146,15.976
1714822792706,2024-05-04T14:39:52.706,14.300,-19.817,28.598,19.207
1714822792716,2024-05-04T14:39:52.716,14.310,-21.220,31.402,18.720
1714822792726,2024-05-04T14:39:52.726,14.320,-27.561,38.171,19.634
1714822792736,2024-05-04T14:39:52.736,14.330,-36.341,48.963,17.378
1714822792746,2024-05-04T14:39:52.746,14.340,-42.439,63.720,18.110
1714822792756,2024-05-04T14:39:52.756,14.350,-47.256,81.646,20.000
1714822792766,2024-05-04T14:39:52.766,14.360,-54.085,98.354,14.512
1714822792776,2024-05-04T14:39:52.776,14.370,-56.585,108.476,5.366
1714822792786,2024-05-04T14:39:52.786,14.380,-49.573,113.841,-2.683
1714822792796,2024-05-04T14:39:52.796,14.390,-34.634,114.390,-6.341
1714822792806,2024-05-04T14:39:52.806,14.400,-16.768,103.780,-6.159
1714822792816,2024-05-04T14:39:52.816,14.410,-0.122,84.756,-4.756
1714822792826,2024-05-04T14:39:52.826,14.420,13.720,63.963,-1.341
1714822792836,2024-05-04T14:39:52.836,14.430,32.378,42.988,6.220
1714822792846,2024-05-04T14:39:52.846,14.440,54.329,26.402,17.988
1714822792856,2024-05-04T14:39:52.856,14.450,77.073,13.293,31.280
1714822792866,2024-05-04T14:39:52.866,14.460,103.110,-0.793,42.317
1714822792876,2024-05-04T14:39:52.876,14.470,136.768,-11.890,54.817
1714822792886,2024-05-04T14:39:52.886,14.480,165.610,-16.768,65.915
1714822792896,2024-05-04T14:39:52.896,14.490,196.220,-18.415,75.122
1714822792906,2024-05-04T14:39:52.906,14.500,222.561,-25.183,81.463
1714822792916,2024-05-04T14:39:52.916,14.510,230.610,-37.073,81.220
1714822792926,2024-05-04T14:39:52.926,14.520,226.159,-43.598,70.610
1714822792936,2024-05-04T14:39:52.936,14.530,208.537,-42.744,52.012
1714822792946,2024-05-04T14:39:52.946,14.540,186.951,-37.439,26.220
1714822792956,2024-05-04T14:39:52.956,14.550,197.500,-34.817,7.317
1714822792966,2024-05-04T14:39:52.966,14.560,213.232,-42.134,6.402
1714822792976,2024-05-04T14:39:52.976,14.570,207.073,-37.988,-0.793
1714822792986,2024-05-04T14:39:52.986,14.580,187.500,-41.037,-7.927
1714822792996,2024-05-04T14:39:52.996,14.590,158.476,-57.439,-4.939
1714822793006,2024-05-04T14:39:53.006,14.600,143.537,-64.207,-7.256
1714822793016,2024-05-04T14:39:53.016,14.610,128.171,-58.720,-12.805
1714822793026,2024-05-04T14:39:53.026,14.620,95.488,-42.500,-9.085
1714822793036,2024-05-04T14:39:53.036,14.630,59.207,-14.329,-1.280
1714822793046,2024-05-04T14:39:53.046,14.640,24.329,12.805,-0.183
1714822793056,2024-05-04T14:39:53.056,14.650,-8.171,18.415,-7.256
1714822793066,2024-05-04T14:39:53.066,14.660,-38.720,2.561,-13.902
1714822793076,2024-05-04T14:39:53.076,14.670,-65.061,-18.415,-9.268
1714822793086,2024-05-04T14:39:53.086,14.680,-86.646,-32.866,-3.963
1714822793096,2024-05-04T14:39:53.096,14.690,-101.220,-38.902,-5.488
1714822793106,2024-05-04T14:39:53.106,14.700,-110.366,-39.634,-7.378
1714822793116,2024-05-04T14:39:53.116,14.710,-115.366,-37.805,-12.073
1714822793126,2024-05-04T14:39:53.126,14.720,-114.817,-34.207,-18.780
1714822793136,2024-05-04T14:39:53.136,14.730,-107.012,-28.476,-22.073
1714822793146,2024-05-04T14:39:53.146,14.740,-96.585,-18.598,-21.159
1714822793156,2024-05-04T14:39:53.156,14.750,-94.390,-2.073,-18.049
1714822793166,2024-05-04T14:39:53.166,14.760,-104.085,18.841,-14.634
1714822793176,2024-05-04T14:39:53.176,14.770,-118.476,37.134,-12.988
1714822793186,2024-05-04T14:39:53.186,14.780,-128.232,39.512,-7.256
1714822793196,2024-05-04T14:39:53.196,14.790,-139.329,25.366,4.390
1714822793206,2024-05-04T14:39:53.206,14.800,-151.890,-1.220,0.915
1714822793216,2024-05-04T14:39:53.216,14.810,-157.378,-40.915,-8.537
1714822793226,2024-05-04T14:39:53.226,14.820,-140.000,-68.537,-7.500
1714822793236,2024-05-04T14:39:53.236,14.830,-114.024,-82.073,-6.951
1714822793246,2024-05-04T14:39:53.246,14.840,-92.866,-82.866,-1.768
1714822793256,2024-05-04T14:39:53.256,14.850,-78.171,-66.890,8.902
1714822793266,2024-05-04T14:39:53.266,14.860,-70.915,-42.561,12.988
1714822793276,2024-05-04T14:39:53.276,14.870,-71.524,-24.207,13.354
1714822793286,2024-05-04T14:39:53.286,14.880,-62.622,-23.902,6.768
1714822793296,2024-05-04T14:39:53.296,14.890,-33.476,-29.756,-4.695
1714822793306,2024-05-04T14:39:53.306,14.900,-9.634,-18.902,-6.280
1714822793316,2024-05-04T14:39:53.316,14.910,-4.878,-2.500,-0.427
1714822793326,2024-05-04T14:39:53.326,14.920,-13.110,0.305,-2.866
1714822793336,2024-05-04T14:39:53.336,14.930,-23.110,-5.610,-12.500
1714822793346,2024-05-04T14:39:53.346,14.940,-26.585,-6.341,-17.561
1714822793356,2024-05-04T14:39:53.356,14.950,-24.512,3.537,-14.451
1714822793366,2024-05-04T14:39:53.366,14.960,-26.463,15.488,-11.037
1714822793376,2024-05-04T14:39:53.376,14.970,-32.195,22.073,-10.366
1714822793386,2024-05-04T14:39:53.386,14.980,-32.195,21.463,-9.817
1714822793396,2024-05-04T14:39:53.396,14.990,-26.463,14.268,-7.805
1714822793406,2024-05-04T14:39:53.406,15.000,-21.463,4.451,-7.317
1714822793416,2024-05-04T14:39:53.416,15.010,-17.927,-5.183,-8.049
1714822793426,2024-05-04T14:39:53.426,15.020,-13.902,-9.817,-6.890
1714822793436,2024-05-04T14:39:53.436,15.030,-11.463,-7.256,-5.122
1714822793446,2024-05-04T14:39:53.446,15.040,-10.427,0.488,-5.122
1714822793456,2024-05-04T14:39:53.456,15.050,-7.561,8.598,-5.366
1714822793466,2024-05-04T14:39:53.466,15.060,-3.110,13.598,-4.512
1714822793476,2024-05-04T14:39:53.476,15.070,-0.915,14.207,-3.720
1714822793486,2024-05-04T14:39:53.486,15.080,-1.159,11.524,-3.293
1714822793496,2024-05-04T14:39:53.496,15.090,-0.244,10.732,-1.159
1714822793506,2024-05-04T14:39:53.506,15.100,1.037,11.402,0.915
1714822793516,2024-05-04T14:39:53.516,15.110,1.280,9.939,0.915
1714822793526,2024-05-04T14:39:53.526,15.120,0.183,7.927,2.012
1714822793536,2024-05-04T14:39:53.536,15.130,-2.012,7.683,2.988
1714822793546,2024-05-04T14:39:53.546,15.140,-2.073,5.976,3.110
1714822793556,2024-05-04T14:39:53.556,15.150,0.610,1.463,3.841
1714822793566,2024-05-04T14:39:53.566,15.160,4.329,-1.829,4.878
1714822793576,2024-05-04T14:39:53.576,15.170,6.341,-2.805,4.939
1714822793586,2024-05-04T14:39:53.586,15.180,4.573,-2.561,3.659
1714822793596,2024-05-04T14:39:53.596,15.190,0.976,-1.463,1.585
1714822793606,2024-05-04T14:39:53.606,15.200,-1.159,0.244,-0.122
1714822793616,2024-05-04T14:39:53.616,15.210,-1.220,3.415,-0.732
1714822793626,2024-05-04T14:39:53.626,15.220,-0.671,7.012,-0.549
1714822793636,2024-05-04T14:39:53.636,15.230,-0.732,9.024,-0.610
1714822793646,2024-05-04T14:39:53.646,15.240,-1.159,7.622,0.366
1714822793656,2024-05-04T14:39:53.656,15.250,-2.256,3.659,1.768
1714822793666,2024-05-04T14:39:53.666,15.260,-1.890,-0.915,0.976
1714822793676,2024-05-04T14:39:53.676,15.270,0.793,-4.512,0.183
1714822793686,2024-05-04T14:39:53.686,15.280,3.049,-3.963,0.000
1714822793696,2024-05-04T14:39:53.696,15.290,3.780,-0.305,0.549
1714822793706,2024-05-04T14:39:53.706,15.300,3.354,2.805,1.402
1714822793716,2024-05-04T14:39:53.716,15.310,1.463,4.207,1.341
1714822793726,2024-05-04T14:39:53.726,15.320,-1.646,4.939,1.646
1714822793736,2024-05-04T14:39:53.736,15.330,-3.720,4.329,2.439
1714822793746,2024-05-04T14:39:53.746,15.340,-3.171,1.220,2.805
1714822793756,2024-05-04T14:39:53.756,15.350,-1.098,-1.341,3.293
1714822793766,2024-05-04T14:39:53.766,15.360,1.220,-0.976,2.744
1714822793776,2024-05-04T14:39:53.776,15.370,2.866,1.951,2.622
1714822793786,2024-05-04T14:39:53.786,15.380,2.317,5.183,2.622
1714822793796,2024-05-04T14:39:53.796,15.390,0.183,5.915,2.866
1714822793806,2024-05-04T14:39:53.806,15.400,-1.829,3.110,3.232
1714822793816,2024-05-04T14:39:53.816,15.410,-2.561,-0.671,2.805
1714822793826,2024-05-04T14:39:53.826,15.420,-1.585,-3.902,2.378
1714822793836,2024-05-04T14:39:53.836,15.430,-0.427,-5.427,2.805
1714822793846,2024-05-04T14:39:53.846,15.440,-0.305,-4.024,3.171
1714822793856,2024-05-04T14:39:53.856,15.450,-1.159,-0.305,3.354
1714822793866,2024-05-04T14:39:53.866,15.460,-2.683,2.927,3.476
1714822793876,2024-05-04T14:39:53.876,15.470,-4.024,4.512,3.780
1714822793886,2024-05-04T14:39:53.886,15.480,-4.695,5.305,4.207
1714822793896,2024-05-04T14:39:53.896,15.490,-5.183,5.671,4.634
1714822793906,2024-05-04T14:39:53.906,15.500,-5.854,6.402,5.427
1714822793916,2024-05-04T14:39:53.916,15.510,-7.378,8.293,6.280
1714822793926,2024-05-04T14:39:53.926,15.520,-9.146,11.341,6.951
1714822793936,2024-05-04T14:39:53.936,15.530,-10.976,16.220,8.537
1714822793946,2024-05-04T14:39:53.946,15.540,-14.085,23.598,9.756
1714822793956,2024-05-04T14:39:53.956,15.550,-18.232,32.500,10.488
1714822793966,2024-05-04T14:39:53.966,15.560,-22.927,45.427,11.890
1714822793976,2024-05-04T14:39:53.976,15.570,-27.134,62.805,13.720
1714822793986,2024-05-04T14:39:53.986,15.580,-25.732,69.878,16.037
1714822793996,2024-05-04T14:39:53.996,15.590,-21.829,62.073,15.183
1714822794006,2024-05-04T14:39:54.006,15.600,-19.146,43.537,13.963
1714822794016,2024-05-04T14:39:54.016,15.610,-17.317,19.207,14.146
1714822794026,2024-05-04T14:39:54.026,15.620,-15.671,3.049,10.732
1714822794036,2024-05-04T14:39:54.036,15.630,-18.963,1.280,5.976
1714822794046,2024-05-04T14:39:54.046,15.640,-26.220,2.927,1.646
1714822794056,2024-05-04T14:39:54.056,15.650,-26.829,-0.305,0.366
1714822794066,2024-05-04T14:39:54.066,15.660,-19.329,-2.805,-2.744
1714822794076,2024-05-04T14:39:54.076,15.670,-12.500,1.890,-6.829
1714822794086,2024-05-04T14:39:54.086,15.680,-11.402,7.378,-12.134
1714822794096,2024-05-04T14:39:54.096,15.690,-6.524,8.598,-18.963
1714822794106,2024-05-04T14:39:54.106,15.700,1.707,5.427,-17.805
1714822794116,2024-05-04T14:39:54.116,15.710,10.610,-4.329,-11.524
1714822794126,2024-05-04T14:39:54.126,15.720,28.415,-13.110,-10.061
1714822794136,2024-05-04T14:39:54.136,15.730,57.744,-11.220,-2.500
1714822794146,2024-05-04T14:39:54.146,15.740,89.817,0.427,8.902
1714822794156,2024-05-04T14:39:54.156,15.750,118.963,15.061,17.317
1714822794166,2024-05-04T14:39:54.166,15.760,147.988,24.695,28.841
1714822794176,2024-05-04T14:39:54.176,15.770,169.634,27.927,39.634
1714822794186,2024-05-04T14:39:54.186,15.780,185.305,23.963,46.159
1714822794196,2024-05-04T14:39:54.196,15.790,193.780,16.037,45.000
1714822794206,2024-05-04T14:39:54.206,15.800,190.427,14.756,38.841
1714822794216,2024-05-04T14:39:54.216,15.810,186.707,18.293,32.012
1714822794226,2024-05-04T14:39:54.226,15.820,209.573,28.963,25.732
1714822794236,2024-05-04T14:39:54.236,15.830,236.341,63.415,42.134
1714822794246,2024-05-04T14:39:54.246,15.840,217.927,90.671,67.744
1714822794256,2024-05-04T14:39:54.256,15.850,189.085,63.720,37.012
1714822794266,2024-05-04T14:39:54.266,15.860,189.634,-14.695,-22.256
1714822794276,2024-05-04T14:39:54.276,15.870,203.171,-65.488,-44.573
1714822794286,2024-05-04T14:39:54.286,15.880,197.561,-53.476,-42.988
1714822794296,2024-05-04T14:39:54.296,15.890,163.598,-6.280,-42.500
1714822794306,2024-05-04T14:39:54.306,15.900,118.659,21.524,-35.732
1714822794316,2024-05-04T14:39:54.316,15.910,83.598,12.317,-24.207
1714822794326,2024-05-04T14:39:54.326,15.920,45.976,-5.488,-17.622
1714822794336,2024-05-04T14:39:54.336,15.930,5.305,-21.037,-14.695
1714822794346,2024-05-04T14:39:54.346,15.940,-34.512,-47.500,-11.829
1714822794356,2024-05-04T14:39:54.356,15.950,-68.720,-72.683,-5.976
1714822794366,2024-05-04T14:39:54.366,15.960,-95.244,-83.963,-0.549
1714822794376,2024-05-04T14:39:54.376,15.970,-114.878,-91.098,3.110
1714822794386,2024-05-04T14:39:54.386,15.980,-126.707,-97.317,5.793
1714822794396,2024-05-04T14:39:54.396,15.990,-133.049,-101.280,3.902
1714822794406,2024-05-04T14:39:54.406,16.000,-135.122,-101.829,-0.732
1714822794416,2024-05-04T14:39:54.416,16.010,-132.317,-91.402,-6.829
1714822794426,2024-05-04T14:39:54.426,16.020,-131.341,-72.988,-11.768
1714822794436,2024-05-04T14:39:54.436,16.030,-125.122,-53.537,-17.195
1714822794446,2024-05-04T14:39:54.446,16.040,-115.244,-29.268,-16.585
1714822794456,2024-05-04T14:39:54.456,16.050,-111.037,-12.134,-13.354
1714822794466,2024-05-04T14:39:54.466,16.060,-112.988,-13.293,-14.146
1714822794476,2024-05-04T14:39:54.476,16.070,-116.402,-22.927,-16.707
1714822794486,2024-05-04T14:39:54.486,16.080,-121.220,-34.146,-16.280
1714822794496,2024-05-04T14:39:54.496,16.090,-128.049,-40.732,-14.817
1714822794506,2024-05-04T14:39:54.506,16.100,-126.890,-35.732,-10.488
1714822794516,2024-05-04T14:39:54.516,16.110,-116.585,-31.402,-3.963
1714822794526,2024-05-04T14:39:54.526,16.120,-109.024,-28.720,-1.646
1714822794536,2024-05-04T14:39:54.536,16.130,-103.841,-14.878,-2.744
1714822794546,2024-05-04T14:39:54.546,16.140,-97.378,3.780,2.561
1714822794556,2024-05-04T14:39:54.556,16.150,-89.146,2.988,3.841
1714822794566,2024-05-04T14:39:54.566,16.160,-75.549,-13.841,-1.829
1714822794576,2024-05-04T14:39:54.576,16.170,-55.000,-27.683,-7.012
1714822794586,2024-05-04T14:39:54.586,16.180,-36.524,-30.854,-9.817
1714822794596,2024-05-04T14:39:54.596,16.190,-29.634,-27.500,-9.268
1714822794606,2024-05-04T14:39:54.606,16.200,-32.500,-20.854,-8.171
1714822794616,2024-05-04T14:39:54.616,16.210,-37.500,-9.695,-9.024
1714822794626,2024-05-04T14:39:54.626,16.220,-36.646,4.329,-9.939
1714822794636,2024-05-04T14:39:54.636,16.230,-33.598,18.049,-8.659
1714822794646,2024-05-04T14:39:54.646,16.240,-32.683,30.000,-6.098
1714822794656,2024-05-04T14:39:54.656,16.250,-32.988,35.244,-4.695
1714822794666,2024-05-04T14:39:54.666,16.260,-34.024,28.232,-3.415
1714822794676,2024-05-04T14:39:54.676,16.270,-33.354,11.585,-1.646
1714822794686,2024-05-04T14:39:54.686,16.280,-26.220,-3.598,0.061
1714822794696,2024-05-04T14:39:54.696,16.290,-15.549,-13.841,-0.427
1714822794706,2024-05-04T14:39:54.706,16.300,-7.195,-18.659,-3.232
1714822794716,2024-05-04T14:39:54.716,16.310,-4.207,-16.280,-4.573
1714822794726,2024-05-04T14:39:54.726,16.320,-5.488,-6.463,-4.207
1714822794736,2024-05-04T14:39:54.736,16.330,-6.280,3.659,-2.927
1714822794746,2024-05-04T14:39:54.746,16.340,-4.329,8.476,-1.463
1714822794756,2024-05-04T14:39:54.756,16.350,-2.500,9.268,-0.549
1714822794766,2024-05-04T14:39:54.766,16.360,-3.171,8.720,0.549
1714822794776,2024-05-04T14:39:54.776,16.370,-5.854,7.744,2.378
1714822794786,2024-05-04T14:39:54.786,16.380,-7.683,6.951,2.378
1714822794796,2024-05-04T14:39:54.796,16.390,-6.707,5.122,0.305
1714822794806,2024-05-04T14:39:54.806,16.400,-3.110,3.598,-0.427
1714822794816,2024-05-04T14:39:54.816,16.410,0.427,1.402,-0.061
1714822794826,2024-05-04T14:39:54.826,16.420,1.585,-0.976,0.732
1714822794836,2024-05-04T14:39:54.836,16.430,0.305,-2.317,1.585
1714822794846,2024-05-04T14:39:54.846,16.440,-1.098,-3.110,2.683
1714822794856,2024-05-04T14:39:54.856,16.450,-1.159,-4.207,3.110
1714822794866,2024-05-04T14:39:54.866,16.460,1.341,-4.451,3.293
1714822794876,2024-05-04T14:39:54.876,16.470,3.476,-2.195,3.354
1714822794886,2024-05-04T14:39:54.886,16.480,5.061,2.378,2.988
1714822794896,2024-05-04T14:39:54.896,16.490,6.585,5.427,3.476
1714822794906,2024-05-04T14:39:54.906,16.500,6.280,6.098,3.659
1714822794916,2024-05-04T14:39:54.916,16.510,6.463,4.512,4.329
1714822794926,2024-05-04T14:39:54.926,16.520,6.768,2.073,5.610
1714822794936,2024-05-04T14:39:54.936,16.530,4.695,-0.061,5.854
1714822794946,2024-05-04T14:39:54.946,16.540,2.439,-1.402,5.244
1714822794956,2024-05-04T14:39:54.956,16.550,2.378,-1.220,5.305
1714822794966,2024-05-04T14:39:54.966,16.560,4.207,1.280,5.305
1714822794976,2024-05-04T14:39:54.976,16.570,6.890,3.110,5.061
1714822794986,2024-05-04T14:39:54.986,16.580,8.232,1.768,5.366
1714822794996,2024-05-04T14:39:54.996,16.590,4.878,0.427,5.061
1714822795006,2024-05-04T14:39:55.006,16.600,1.463,0.488,4.512
1714822795016,2024-05-04T14:39:55.016,16.610,2.256,0.061,5.366
1714822795026,2024-05-04T14:39:55.026,16.620,2.988,-0.610,5.915
1714822795036,2024-05-04T14:39:55.036,16.630,1.951,0.000,5.366
1714822795046,2024-05-04T14:39:55.046,16.640,1.768,1.280,5.671
1714822795056,2024-05-04T14:39:55.056,16.650,1.037,1.463,5.610
1714822795066,2024-05-04T14:39:55.066,16.660,-0.549,0.732,4.512
1714822795076,2024-05-04T14:39:55.076,16.670,-0.732,-0.488,3.902
1714822795086,2024-05-04T14:39:55.086,16.680,0.976,-2.439,4.207
1714822795096,2024-05-04T14:39:55.096,16.690,2.256,-4.390,5.122
1714822795106,2024-05-04T14:39:55.106,16.700,0.732,-5.000,5.488
1714822795116,2024-05-04T14:39:55.116,16.710,-2.073,-3.476,5.976
1714822795126,2024-05-04T14:39:55.126,16.720,-3.110,-2.073,7.073
1714822795136,2024-05-04T14:39:55.136,16.730,-2.256,-1.585,7.683
1714822795146,2024-05-04T14:39:55.146,16.740,-1.220,-1.890,8.415
1714822795156,2024-05-04T14:39:55.156,16.750,-2.378,-1.341,9.024
1714822795166,2024-05-04T14:39:55.166,16.760,-3.476,-1.463,10.793
1714822795176,2024-05-04T14:39:55.176,16.770,-2.805,-0.671,12.805
1714822795186,2024-05-04T14:39:55.186,16.780,-3.110,0.427,14.695
1714822795196,2024-05-04T14:39:55.196,16.790,-4.512,4.695,17.561
1714822795206,2024-05-04T14:39:55.206,16.800,-1.585,17.012,16.707
1714822795216,2024-05-04T14:39:55.216,16.810,0.854,33.720,19.512
1714822795226,2024-05-04T14:39:55.226,16.820,-6.829,47.256,18.232
1714822795236,2024-05-04T14:39:55.236,16.830,-17.134,54.390,7.439
1714822795246,2024-05-04T14:39:55.246,16.840,-22.805,61.341,4.756
1714822795256,2024-05-04T14:39:55.256,16.850,-24.085,68.232,5.305
1714822795266,2024-05-04T14:39:55.266,16.860,-24.268,72.927,3.720
1714822795276,2024-05-04T14:39:55.276,16.870,-22.317,77.073,0.793
1714822795286,2024-05-04T14:39:55.286,16.880,-24.695,83.780,-6.098
1714822795296,2024-05-04T14:39:55.296,16.890,-26.829,88.293,-10.732
1714822795306,2024-05-04T14:39:55.306,16.900,-26.524,83.780,-12.927
1714822795316,2024-05-04T14:39:55.316,16.910,-19.085,73.659,-15.976
1714822795326,2024-05-04T14:39:55.326,16.920,-9.268,63.171,-16.646
1714822795336,2024-05-04T14:39:55.336,16.930,0.549,55.061,-13.780
1714822795346,2024-05-04T14:39:55.346,16.940,16.585,51.402,-9.268
1714822795356,2024-05-04T14:39:55.356,16.950,39.329,47.622,-2.134
1714822795366,2024-05-04T14:39:55.366,16.960,69.695,37.195,7.988
1714822795376,2024-05-04T14:39:55.376,16.970,107.683,27.378,20.061
1714822795386,2024-05-04T14:39:55.386,16.980,140.427,22.317,33.720
1714822795396,2024-05-04T14:39:55.396,16.990,165.610,24.878,45.976
1714822795406,2024-05-04T14:39:55.406,17.000,184.695,33.354,57.866
1714822795416,2024-05-04T14:39:55.416,17.010,193.841,43.780,64.756
1714822795426,2024-05-04T14:39:55.426,17.020,205.122,50.366,63.598
1714822795436,2024-05-04T14:39:55.436,17.030,220.183,45.000,61.768
1714822795446,2024-05-04T14:39:55.446,17.040,233.232,23.963,54.817
1714822795456,2024-05-04T14:39:55.456,17.050,227.622,-8.110,40.366
1714822795466,2024-05-04T14:39:55.466,17.060,212.012,-25.305,19.573
1714822795476,2024-05-04T14:39:55.476,17.070,194.939,-24.207,-0.244
1714822795486,2024-05-04T14:39:55.486,17.080,171.463,-19.939,13.780
1714822795496,2024-05-04T14:39:55.496,17.090,172.744,-16.890,31.098
1714822795506,2024-05-04T14:39:55.506,17.100,174.939,-32.195,8.476
1714822795516,2024-05-04T14:39:55.516,17.110,156.098,-25.183,2.195
1714822795526,2024-05-04T14:39:55.526,17.120,126.585,11.220,-0.244
1714822795536,2024-05-04T14:39:55.536,17.130,86.524,51.463,-8.232
1714822795546,2024-05-04T14:39:55.546,17.140,47.012,57.317,-12.683
1714822795556,2024-05-04T14:39:55.556,17.150,4.878,31.220,-7.500
1714822795566,2024-05-04T14:39:55.566,17.160,-36.220,2.927,-0.061
1714822795576,2024-05-04T14:39:55.576,17.170,-74.939,-12.439,8.659
1714822795586,2024-05-04T14:39:55.586,17.180,-100.061,-22.012,13.902
1714822795596,2024-05-04T14:39:55.596,17.190,-113.720,-37.500,9.512
1714822795606,2024-05-04T14:39:55.606,17.200,-122.378,-59.146,5.000
1714822795616,2024-05-04T14:39:55.616,17.210,-128.110,-74.329,-2.378
1714822795626,2024-05-04T14:39:55.626,17.220,-125.915,-73.841,-5.732
1714822795636,2024-05-04T14:39:55.636,17.230,-118.354,-68.780,-8.841
1714822795646,2024-05-04T14:39:55.646,17.240,-111.829,-62.683,-15.183
1714822795656,2024-05-04T14:39:55.656,17.250,-111.098,-47.988,-17.378
1714822795666,2024-05-04T14:39:55.666,17.260,-110.976,-20.488,-17.683
1714822795676,2024-05-04T14:39:55.676,17.270,-104.207,1.890,-17.012
1714822795686,2024-05-04T14:39:55.686,17.280,-98.841,8.110,-12.988
1714822795696,2024-05-04T14:39:55.696,17.290,-100.610,-1.646,-8.537
1714822795706,2024-05-04T14:39:55.706,17.300,-102.683,-19.817,-6.707
1714822795716,2024-05-04T14:39:55.716,17.310,-103.415,-36.341,-6.768
1714822795726,2024-05-04T14:39:55.726,17.320,-108.476,-46.402,-9.207
1714822795736,2024-05-04T14:39:55.736,17.330,-115.610,-44.573,-11.159
1714822795746,2024-05-04T14:39:55.746,17.340,-117.256,-36.280,-6.341
1714822795756,2024-05-04T14:39:55.756,17.350,-111.707,-39.207,2.317
1714822795766,2024-05-04T14:39:55.766,17.360,-99.329,-50.305,2.439
1714822795776,2024-05-04T14:39:55.776,17.370,-85.183,-61.829,0.000
1714822795786,2024-05-04T14:39:55.786,17.380,-74.085,-62.561,4.207
1714822795796,2024-05-04T14:39:55.796,17.390,-65.671,-49.634,6.037
1714822795806,2024-05-04T14:39:55.806,17.400,-60.671,-35.366,5.549
1714822795816,2024-05-04T14:39:55.816,17.410,-53.902,-27.805,2.073
1714822795826,2024-05-04T14:39:55.826,17.420,-40.366,-18.537,-5.427
1714822795836,2024-05-04T14:39:55.836,17.430,-30.244,-2.195,-10.488
1714822795846,2024-05-04T14:39:55.846,17.440,-33.963,18.171,-8.476
1714822795856,2024-05-04T14:39:55.856,17.450,-41.220,30.427,-5.061
1714822795866,2024-05-04T14:39:55.866,17.460,-41.829,24.573,-5.793
1714822795876,2024-05-04T14:39:55.876,17.470,-32.500,5.854,-8.049
1714822795886,2024-05-04T14:39:55.886,17.480,-17.073,-5.732,-9.878
1714822795896,2024-05-04T14:39:55.896,17.490,-6.098,-7.500,-10.427
1714822795906,2024-05-04T14:39:55.906,17.500,-4.329,-4.451,-6.524
1714822795916,2024-05-04T14:39:55.916,17.510,-12.195,-3.659,-3.720
1714822795926,2024-05-04T14:39:55.926,17.520,-21.585,-3.598,-6.646
1714822795936,2024-05-04T14:39:55.936,17.530,-23.171,3.049,-7.866
1714822795946,2024-05-04T14:39:55.946,17.540,-18.110,13.598,-6.220
1714822795956,2024-05-04T14:39:55.956,17.550,-13.232,17.134,-5.732
1714822795966,2024-05-04T14:39:55.966,17.560,-10.366,14.939,-6.524
1714822795976,2024-05-04T14:39:55.976,17.570,-8.049,9.634,-6.829
1714822795986,2024-05-04T14:39:55.986,17.580,-7.073,2.561,-7.561
1714822795996,2024-05-04T14:39:55.996,17.590,-7.195,-2.805,-8.049
1714822796006,2024-05-04T14:39:56.006,17.600,-6.159,-4.939,-6.524
1714822796016,2024-05-04T14:39:56.016,17.610,-4.939,-2.683,-4.512
1714822796026,2024-05-04T14:39:56.026,17.620,-4.390,1.585,-4.573
1714822796036,2024-05-04T14:39:56.036,17.630,-3.232,5.366,-4.756
1714822796046,2024-05-04T14:39:56.046,17.640,-2.195,7.744,-3.841
1714822796056,2024-05-04T14:39:56.056,17.650,-0.976,8.902,-1.341
1714822796066,2024-05-04T14:39:56.066,17.660,-0.427,6.037,0.305
1714822796076,2024-05-04T14:39:56.076,17.670,-0.549,-0.549,0.671
1714822796086,2024-05-04T14:39:56.086,17.680,1.585,-7.195,2.439
1714822796096,2024-05-04T14:39:56.096,17.690,4.390,-10.244,3.354
1714822796106,2024-05-04T14:39:56.106,17.700,4.512,-8.537,3.659
1714822796116,2024-05-04T14:39:56.116,17.710,3.293,-5.976,4.390
1714822796126,2024-05-04T14:39:56.126,17.720,2.256,-4.146,4.756
1714822796136,2024-05-04T14:39:56.136,17.730,0.427,-2.195,4.390
1714822796146,2024-05-04T14:39:56.146,17.740,0.122,-0.915,4.512
1714822796156,2024-05-04T14:39:56.156,17.750,1.280,-0.488,4.878
1714822796166,2024-05-04T14:39:56.166,17.760,2.317,-1.098,3.780
1714822796176,2024-05-04T14:39:56.176,17.770,4.268,-1.646,2.195
1714822796186,2024-05-04T14:39:56.186,17.780,6.280,0.122,1.524
1714822796196,2024-05-04T14:39:56.196,17.790,5.915,3.841,1.646
1714822796206,2024-05-04T14:39:56.206,17.800,3.049,7.378,1.524
1714822796216,2024-05-04T14:39:56.216,17.810,0.244,7.317,1.768
1714822796226,2024-05-04T14:39:56.226,17.820,0.061,3.476,2.134
1714822796236,2024-05-04T14:39:56.236,17.830,1.098,-1.524,2.256
1714822796246,2024-05-04T14:39:56.246,17.840,1.646,-3.171,2.500
1714822796256,2024-05-04T14:39:56.256,17.850,1.646,-2.134,2.561
1714822796266,2024-05-04T14:39:56.266,17.860,0.793,-0.854,2.012
1714822796276,2024-05-04T14:39:56.276,17.870,0.000,0.488,1.280
1714822796286,2024-05-04T14:39:56.286,17.880,-0.183,2.256,0.244
1714822796296,2024-05-04T14:39:56.296,17.890,0.854,2.744,0.061
1714822796306,2024-05-04T14:39:56.306,17.900,1.463,1.037,0.793
1714822796316,2024-05-04T14:39:56.316,17.910,1.280,-0.976,1.646
1714822796326,2024-05-04T14:39:56.326,17.920,0.671,-2.866,2.256
1714822796336,2024-05-04T14:39:56.336,17.930,-1.159,-4.878,2.073
1714822796346,2024-05-04T14:39:56.346,17.940,-4.024,-5.122,1.402
1714822796356,2024-05-04T14:39:56.356,17.950,-5.549,-1.890,0.305
1714822796366,2024-05-04T14:39:56.366,17.960,-5.854,2.988,-0.305
1714822796376,2024-05-04T14:39:56.376,17.970,-5.549,6.280,0.305
1714822796386,2024-05-04T14:39:56.386,17.980,-5.061,5.915,0.793
1714822796396,2024-05-04T14:39:56.396,17.990,-5.976,3.537,1.341
1714822796406,2024-05-04T14:39:56.406,18.000,-8.902,2.195,1.890
1714822796416,2024-05-04T14:39:56.416,18.010,-10.732,0.976,2.805
1714822796426,2024-05-04T14:39:56.426,18.020,-9.512,-2.256,4.817
1714822796436,2024-05-04T14:39:56.436,18.030,-6.463,-3.537,6.402
1714822796446,2024-05-04T14:39:56.446,18.040,-4.024,-1.707,9.573
1714822796456,2024-05-04T14:39:56.456,18.050,-3.293,0.915,12.439
1714822796466,2024-05-04T14:39:56.466,18.060,-5.549,2.500,18.659
1714822796476,2024-05-04T14:39:56.476,18.070,-14.329,0.061,21.220
1714822796486,2024-05-04T14:39:56.486,18.080,-27.622,-5.305,17.012
1714822796496,2024-05-04T14:39:56.496,18.090,-40.610,-12.073,17.561
1714822796506,2024-05-04T14:39:56.506,18.100,-50.122,-12.317,20.427
1714822796516,2024-05-04T14:39:56.516,18.110,-51.890,-6.951,22.500
1714822796526,2024-05-04T14:39:56.526,18.120,-44.085,-7.683,27.805
1714822796536,2024-05-04T14:39:56.536,18.130,-37.622,-13.171,32.378
1714822796546,2024-05-04T14:39:56.546,18.140,-43.902,-13.963,29.390
1714822796556,2024-05-04T14:39:56.556,18.150,-51.402,-3.049,16.585
1714822796566,2024-05-04T14:39:56.566,18.160,-51.098,11.768,3.963
1714822796576,2024-05-04T14:39:56.576,18.170,-40.366,18.598,-4.207
1714822796586,2024-05-04T14:39:56.586,18.180,-20.549,19.451,-8.720
1714822796596,2024-05-04T14:39:56.596,18.190,2.744,18.963,-7.866
1714822796606,2024-05-04T14:39:56.606,18.200,30.549,15.427,-4.756
1714822796616,2024-05-04T14:39:56.616,18.210,66.341,13.780,1.707
1714822796626,2024-05-04T14:39:56.626,18.220,106.159,19.207,13.110
1714822796636,2024-05-04T14:39:56.636,18.230,145.122,25.122,25.915
1714822796646,2024-05-04T14:39:56.646,18.240,183.659,28.720,36.768
1714822796656,2024-05-04T14:39:56.656,18.250,211.768,27.622,42.439
1714822796666,2024-05-04T14:39:56.666,18.260,226.159,24.451,44.573
1714822796676,2024-05-04T14:39:56.676,18.270,233.902,14.756,42.317
1714822796686,2024-05-04T14:39:56.686,18.280,239.634,-8.293,31.646
1714822796696,2024-05-04T14:39:56.696,18.290,237.866,-38.476,12.256
1714822796706,2024-05-04T14:39:56.706,18.300,237.805,-64.329,-18.537
1714822796716,2024-05-04T14:39:56.716,18.310,251.402,-85.610,-30.915
1714822796726,2024-05-04T14:39:56.726,18.320,232.988,-78.841,-31.037
1714822796736,2024-05-04T14:39:56.736,18.330,175.793,-43.293,-36.463
1714822796746,2024-05-04T14:39:56.746,18.340,138.780,-13.780,-6.890
1714822796756,2024-05-04T14:39:56.756,18.350,136.768,-7.866,-7.744
1714822796766,2024-05-04T14:39:56.766,18.360,137.622,-8.049,-24.634
1714822796776,2024-05-04T14:39:56.776,18.370,129.390,4.146,-16.402
1714822796786,2024-05-04T14:39:56.786,18.380,93.293,22.866,-12.012
1714822796796,2024-05-04T14:39:56.796,18.390,47.500,37.744,-12.866
1714822796806,2024-05-04T14:39:56.806,18.400,13.720,37.988,-3.598
1714822796816,2024-05-04T14:39:56.816,18.410,-14.268,25.122,7.073
1714822796826,2024-05-04T14:39:56.826,18.420,-41.220,11.890,15.183
1714822796836,2024-05-04T14:39:56.836,18.430,-64.573,2.378,21.768
1714822796846,2024-05-04T14:39:56.846,18.440,-80.427,-11.280,18.902
1714822796856,2024-05-04T14:39:56.856,18.450,-90.915,-26.646,12.927
1714822796866,2024-05-04T14:39:56.866,18.460,-95.854,-37.073,7.500
1714822796876,2024-05-04T14:39:56.876,18.470,-97.073,-35.793,3.171
1714822796886,2024-05-04T14:39:56.886,18.480,-96.402,-22.195,2.378
1714822796896,2024-05-04T14:39:56.896,18.490,-91.159,-6.768,-1.951
1714822796906,2024-05-04T14:39:56.906,18.500,-83.415,6.524,-7.378
1714822796916,2024-05-04T14:39:56.916,18.510,-81.159,16.402,-9.207
1714822796926,2024-05-04T14:39:56.926,18.520,-86.402,18.293,-10.366
1714822796936,2024-05-04T14:39:56.936,18.530,-96.585,12.866,-12.927
1714822796946,2024-05-04T14:39:56.946,18.540,-107.378,8.598,-13.476
1714822796956,2024-05-04T14:39:56.956,18.550,-112.500,11.280,-12.805
1714822796966,2024-05-04T14:39:56.966,18.560,-112.439,10.122,-10.671
1714822796976,2024-05-04T14:39:56.976,18.570,-111.341,-1.585,-2.561
1714822796986,2024-05-04T14:39:56.986,18.580,-105.183,-13.537,2.195
1714822796996,2024-05-04T14:39:56.996,18.590,-99.817,-24.695,1.341
1714822797006,2024-05-04T14:39:57.006,18.600,-94.756,-33.293,2.683
1714822797016,2024-05-04T14:39:57.016,18.610,-88.598,-39.634,2.317
1714822797026,2024-05-04T14:39:57.026,18.620,-76.829,-39.085,-4.085
1714822797036,2024-05-04T14:39:57.036,18.630,-59.634,-32.561,-8.902
1714822797046,2024-05-04T14:39:57.046,18.640,-42.195,-24.268,-9.329
1714822797056,2024-05-04T14:39:57.056,18.650,-31.951,-15.488,-8.476
1714822797066,2024-05-04T14:39:57.066,18.660,-32.805,-8.780,-9.817
1714822797076,2024-05-04T14:39:57.076,18.670,-38.598,-5.793,-9.695
1714822797086,2024-05-04T14:39:57.086,18.680,-40.244,-1.646,-5.549
1714822797096,2024-05-04T14:39:57.096,18.690,-38.415,1.585,-4.207
1714822797106,2024-05-04T14:39:57.106,18.700,-33.415,1.707,-7.805
1714822797116,2024-05-04T14:39:57.116,18.710,-27.805,0.549,-8.720
1714822797126,2024-05-04T14:39:57.126,18.720,-27.439,0.976,-6.159
1714822797136,2024-05-04T14:39:57.136,18.730,-32.073,0.427,-5.366
1714822797146,2024-05-04T14:39:57.146,18.740,-34.817,-2.378,-4.695
1714822797156,2024-05-04T14:39:57.156,18.750,-34.207,-5.061,-2.866
1714822797166,2024-05-04T14:39:57.166,18.760,-31.037,-5.305,-2.073
1714822797176,2024-05-04T14:39:57.176,18.770,-24.268,-0.183,-2.439
1714822797186,2024-05-04T14:39:57.186,18.780,-16.402,3.780,-4.817
1714822797196,2024-05-04T14:39:57.196,18.790,-11.341,5.366,-7.317
1714822797206,2024-05-04T14:39:57.206,18.800,-12.500,9.085,-7.256
1714822797216,2024-05-04T14:39:57.216,18.810,-17.561,13.293,-5.549
1714822797226,2024-05-04T14:39:57.226,18.820,-20.366,10.244,-4.390
1714822797236,2024-05-04T14:39:57.236,18.830,-18.659,2.256,-4.451
1714822797246,2024-05-04T14:39:57.246,18.840,-13.963,-3.841,-5.793
1714822797256,2024-05-04T14:39:57.256,18.850,-10.000,-2.927,-5.427
1714822797266,2024-05-04T14:39:57.266,18.860,-10.122,5.854,-3.720
1714822797276,2024-05-04T14:39:57.276,18.870,-12.805,13.049,-3.354
1714822797286,2024-05-04T14:39:57.286,18.880,-12.439,13.598,-1.768
1714822797296,2024-05-04T14:39:57.296,18.890,-9.695,10.915,-0.244
1714822797306,2024-05-04T14:39:57.306,18.900,-6.951,6.098,-1.159
1714822797316,2024-05-04T14:39:57.316,18.910,-3.598,2.683,-0.610
1714822797326,2024-05-04T14:39:57.326,18.920,-1.463,3.110,0.000
1714822797336,2024-05-04T14:39:57.336,18.930,-0.244,3.171,0.671
1714822797346,2024-05-04T14:39:57.346,18.940,-0.549,1.768,3.110
1714822797356,2024-05-04T14:39:57.356,18.950,-3.598,0.793,3.720
1714822797366,2024-05-04T14:39:57.366,18.960,-4.756,-0.366,2.744
1714822797376,2024-05-04T14:39:57.376,18.970,-1.890,-1.159,3.110
1714822797386,2024-05-04T14:39:57.386,18.980,0.915,-0.061,3.598
1714822797396,2024-05-04T14:39:57.396,18.990,2.744,2.622,3.659
1714822797406,2024-05-04T14:39:57.406,19.000,3.415,4.634,4.573
1714822797416,2024-05-04T14:39:57.416,19.010,2.195,4.451,4.268
1714822797426,2024-05-04T14:39:57.426,19.020,0.000,1.341,3.902
1714822797436,2024-05-04T14:39:57.436,19.030,-1.829,-2.012,4.024
1714822797446,2024-05-04T14:39:57.446,19.040,-2.561,-5.183,2.683
1714822797456,2024-05-04T14:39:57.456,19.050,-1.951,-6.707,1.037
1714822797466,2024-05-04T14:39:57.466,19.060,-1.037,-4.268,0.366
1714822797476,2024-05-04T14:39:57.476,19.070,0.549,0.427,0.854
1714822797486,2024-05-04T14:39:57.486,19.080,1.585,4.329,1.646
1714822797496,2024-05-04T14:39:57.496,19.090,0.549,5.915,0.915
1714822797506,2024-05-04T14:39:57.506,19.100,-1.159,5.427,0.122
1714822797516,2024-05-04T14:39:57.516,19.110,-1.098,4.329,0.122
1714822797526,2024-05-04T14:39:57.526,19.120,-0.122,3.720,0.122
1714822797536,2024-05-04T14:39:57.536,19.130,0.000,3.902,0.183
1714822797546,2024-05-04T14:39:57.546,19.140,0.366,5.244,0.244
1714822797556,2024-05-04T14:39:57.556,19.150,0.183,7.317,0.366
1714822797566,2024-05-04T14:39:57.566,19.160,-1.951,8.659,0.366
1714822797576,2024-05-04T14:39:57.576,19.170,-3.110,7.256,0.305
1714822797586,2024-05-04T14:39:57.586,19.180,-2.195,1.159,0.305
1714822797596,2024-05-04T14:39:57.596,19.190,-0.976,-7.256,0.122
1714822797606,2024-05-04T14:39:57.606,19.200,-1.890,-14.878,-1.037
1714822797616,2024-05-04T14:39:57.616,19.210,-4.756,-17.988,-1.890
1714822797626,2024-05-04T14:39:57.626,19.220,-7.805,-16.159,-1.341
1714822797636,2024-05-04T14:39:57.636,19.230,-11.768,-10.854,-0.549
1714822797646,2024-05-04T14:39:57.646,19.240,-18.415,-4.512,0.122
1714822797656,2024-05-04T14:39:57.656,19.250,-24.695,-2.988,0.976
1714822797666,2024-05-04T14:39:57.666,19.260,-29.024,-6.341,2.439
1714822797676,2024-05-04T14:39:57.676,19.270,-31.402,-10.976,2.805
1714822797686,2024-05-04T14:39:57.686,19.280,-30.793,-16.585,1.220
1714822797696,2024-05-04T14:39:57.696,19.290,-27.134,-20.366,1.037
1714822797706,2024-05-04T14:39:57.706,19.300,-23.171,-25.793,5.549
1714822797716,2024-05-04T14:39:57.716,19.310,-24.817,-36.037,10.854
1714822797726,2024-05-04T14:39:57.726,19.320,-26.220,-39.085,10.061
1714822797736,2024-05-04T14:39:57.736,19.330,-27.622,-33.232,10.488
1714822797746,2024-05-04T14:39:57.746,19.340,-36.098,-19.146,14.085
1714822797756,2024-05-04T14:39:57.756,19.350,-50.732,1.768,17.988
1714822797766,2024-05-04T14:39:57.766,19.360,-53.720,12.866,16.402
1714822797776,2024-05-04T14:39:57.776,19.370,-47.988,4.939,6.707
1714822797786,2024-05-04T14:39:57.786,19.380,-43.354,-6.585,-2.988
1714822797796,2024-05-04T14:39:57.796,19.390,-38.049,-8.902,-6.951
1714822797806,2024-05-04T14:39:57.806,19.400,-33.537,-5.366,-7.256
1714822797816,2024-05-04T14:39:57.816,19.410,-29.451,-3.232,-8.720
1714822797826,2024-05-04T14:39:57.826,19.420,-16.159,1.220,-8.049
1714822797836,2024-05-04T14:39:57.836,19.430,3.841,14.207,-6.524
1714822797846,2024-05-04T14:39:57.846,19.440,24.756,35.854,-2.012
1714822797856,2024-05-04T14:39:57.856,19.450,47.256,57.439,3.963
1714822797866,2024-05-04T14:39:57.866,19.460,73.171,69.756,7.622
1714822797876,2024-05-04T14:39:57.876,19.470,108.963,66.890,12.988
1714822797886,2024-05-04T14:39:57.886,19.480,150.915,62.683,21.463
1714822797896,2024-05-04T14:39:57.896,19.490,187.073,65.915,32.744
1714822797906,2024-05-04T14:39:57.906,19.500,212.805,69.146,39.451
1714822797916,2024-05-04T14:39:57.916,19.510,229.329,71.646,38.902
1714822797926,2024-05-04T14:39:57.926,19.520,236.890,70.671,35.671
1714822797936,2024-05-04T14:39:57.936,19.530,238.415,54.451,28.537
1714822797946,2024-05-04T14:39:57.946,19.540,243.354,13.171,16.280
1714822797956,2024-05-04T14:39:57.956,19.550,259.268,-40.732,1.707
1714822797966,2024-05-04T14:39:57.966,19.560,268.171,-84.939,-15.610
1714822797976,2024-05-04T14:39:57.976,19.570,243.780,-98.232,-36.159
1714822797986,2024-05-04T14:39:57.986,19.580,194.756,-57.195,-44.024
1714822797996,2024-05-04T14:39:57.996,19.590,175.732,10.854,-10.244
1714822798006,2024-05-04T14:39:58.006,19.600,165.671,24.146,7.439
1714822798016,2024-05-04T14:39:58.016,19.610,160.061,0.854,-0.610
1714822798026,2024-05-04T14:39:58.026,19.620,154.085,7.683,-2.805
1714822798036,2024-05-04T14:39:58.036,19.630,126.951,52.195,-8.537
1714822798046,2024-05-04T14:39:58.046,19.640,86.402,88.049,-11.098
1714822798056,2024-05-04T14:39:58.056,19.650,46.159,78.902,-11.220
1714822798066,2024-05-04T14:39:58.066,19.660,7.866,49.634,-4.268
1714822798076,2024-05-04T14:39:58.076,19.670,-28.232,25.793,0.732
1714822798086,2024-05-04T14:39:58.086,19.680,-62.683,14.512,5.854
1714822798096,2024-05-04T14:39:58.096,19.690,-85.427,6.220,8.232
1714822798106,2024-05-04T14:39:58.106,19.700,-100.915,-4.390,5.793
1714822798116,2024-05-04T14:39:58.116,19.710,-114.024,-19.756,-1.159
1714822798126,2024-05-04T14:39:58.126,19.720,-123.232,-35.488,-5.366
1714822798136,2024-05-04T14:39:58.136,19.730,-128.780,-44.146,-7.988
1714822798146,2024-05-04T14:39:58.146,19.740,-128.659,-41.402,-13.171
1714822798156,2024-05-04T14:39:58.156,19.750,-123.963,-31.159,-15.061
1714822798166,2024-05-04T14:39:58.166,19.760,-123.659,-13.659,-11.037
1714822798176,2024-05-04T14:39:58.176,19.770,-132.561,2.866,-9.817
1714822798186,2024-05-04T14:39:58.186,19.780,-148.415,0.549,-14.573
1714822798196,2024-05-04T14:39:58.196,19.790,-166.159,-23.537,-16.890
1714822798206,2024-05-04T14:39:58.206,19.800,-176.280,-55.915,-14.146
1714822798216,2024-05-04T14:39:58.216,19.810,-173.902,-80.610,-8.537
1714822798226,2024-05-04T14:39:58.226,19.820,-161.220,-93.963,-2.317
1714822798236,2024-05-04T14:39:58.236,19.830,-147.683,-99.085,2.073
1714822798246,2024-05-04T14:39:58.246,19.840,-142.256,-92.073,10.793
1714822798256,2024-05-04T14:39:58.256,19.850,-143.598,-71.402,20.915
1714822798266,2024-05-04T14:39:58.266,19.860,-136.220,-55.793,12.256
1714822798276,2024-05-04T14:39:58.276,19.870,-107.927,-73.354,-14.817
1714822798286,2024-05-04T14:39:58.286,19.880,-63.780,-88.902,-24.390
1714822798296,2024-05-04T14:39:58.296,19.890,-25.671,-65.976,-10.488
1714822798306,2024-05-04T14:39:58.306,19.900,-7.073,-34.695,-3.841
1714822798316,2024-05-04T14:39:58.316,19.910,-8.659,-10.244,-5.488
1714822798326,2024-05-04T14:39:58.326,19.920,-18.476,9.695,-10.610
1714822798336,2024-05-04T14:39:58.336,19.930,-23.780,29.207,-11.402
1714822798346,2024-05-04T14:39:58.346,19.940,-26.220,43.171,-5.000
1714822798356,2024-05-04T14:39:58.356,19.950,-32.073,42.866,-1.585
1714822798366,2024-05-04T14:39:58.366,19.960,-32.317,30.244,-1.159
1714822798376,2024-05-04T14:39:58.376,19.970,-29.268,8.598,-0.305
1714822798386,2024-05-04T14:39:58.386,19.980,-23.598,-12.012,-0.244
1714822798396,2024-05-04T14:39:58.396,19.990,-13.841,-25.427,-1.463
1714822798406,2024-05-04T14:39:58.406,20.000,-6.890,-24.451,-0.671
1714822798416,2024-05-04T14:39:58.416,20.010,-6.280,-9.268,0.610
1714822798426,2024-05-04T14:39:58.426,20.020,-7.805,8.049,-1.220
1714822798436,2024-05-04T14:39:58.436,20.030,-9.329,21.037,-3.354
1714822798446,2024-05-04T14:39:58.446,20.040,-8.293,30.000,-3.780
1714822798456,2024-05-04T14:39:58.456,20.050,-5.427,33.659,-4.146
1714822798466,2024-05-04T14:39:58.466,20.060,-3.780,32.866,-4.878
1714822798476,2024-05-04T14:39:58.476,20.070,-3.232,26.707,-5.366
1714822798486,2024-05-04T14:39:58.486,20.080,-2.683,15.915,-6.220
1714822798496,2024-05-04T14:39:58.496,20.090,-3.049,5.854,-5.488
1714822798506,2024-05-04T14:39:58.506,20.100,-5.122,0.061,-3.963
1714822798516,2024-05-04T14:39:58.516,20.110,-6.707,-1.524,-2.927
1714822798526,2024-05-04T14:39:58.526,20.120,-5.305,0.000,-1.220
1714822798536,2024-05-04T14:39:58.536,20.130,-2.988,4.756,0.244
1714822798546,2024-05-04T14:39:58.546,20.140,-2.439,11.098,0.488
1714822798556,2024-05-04T14:39:58.556,20.150,-2.988,16.280,0.244
1714822798566,2024-05-04T14:39:58.566,20.160,-1.951,18.415,0.366
1714822798576,2024-05-04T14:39:58.576,20.170,0.000,16.037,0.915
1714822798586,2024-05-04T14:39:58.586,20.180,1.280,11.463,2.073
1714822798596,2024-05-04T14:39:58.596,20.190,1.280,5.305,2.378
1714822798606,2024-05-04T14:39:58.606,20.200,0.915,-0.427,2.561
1714822798616,2024-05-04T14:39:58.616,20.210,1.524,-3.171,3.537
1714822798626,2024-05-04T14:39:58.626,20.220,3.232,-3.780,4.268
1714822798636,2024-05-04T14:39:58.636,20.230,4.207,-3.049,5.427
1714822798646,2024-05-04T14:39:58.646,20.240,2.317,-1.098,6.037
1714822798656,2024-05-04T14:39:58.656,20.250,-1.707,1.220,5.061
1714822798666,2024-05-04T14:39:58.666,20.260,-3.720,1.463,3.963
1714822798676,2024-05-04T14:39:58.676,20.270,-2.134,0.183,3.659
1714822798686,2024-05-04T14:39:58.686,20.280,0.305,-0.915,3.110
1714822798696,2024-05-04T14:39:58.696,20.290,1.707,0.244,2.683
1714822798706,2024-05-04T14:39:58.706,20.300,1.707,3.110,2.866
1714822798716,2024-05-04T14:39:58.716,20.310,0.000,4.817,3.232
1714822798726,2024-05-04T14:39:58.726,20.320,-1.524,5.000,2.866
1714822798736,2024-05-04T14:39:58.736,20.330,-1.707,3.902,2.256
1714822798746,2024-05-04T14:39:58.746,20.340,-1.951,3.232,2.134
1714822798756,2024-05-04T14:39:58.756,20.350,-2.439,4.268,2.073
1714822798766,2024-05-04T14:39:58.766,20.360,-1.707,5.610,2.439
1714822798776,2024-05-04T14:39:58.776,20.370,-0.366,5.976,2.683
1714822798786,2024-05-04T14:39:58.786,20.380,-0.122,4.939,2.073
1714822798796,2024-05-04T14:39:58.796,20.390,0.000,2.561,1.707
1714822798806,2024-05-04T14:39:58.806,20.400,1.037,-0.915,1.707
1714822798816,2024-05-04T14:39:58.816,20.410,0.610,-2.927,2.073
1714822798826,2024-05-04T14:39:58.826,20.420,-1.524,-1.463,2.744
1714822798836,2024-05-04T14:39:58.836,20.430,-3.293,0.610,2.927
1714822798846,2024-05-04T14:39:58.846,20.440,-3.110,1.463,2.927
1714822798856,2024-05-04T14:39:58.856,20.450,-2.622,2.134,2.988
1714822798866,2024-05-04T14:39:58.866,20.460,-3.354,2.805,2.317
1714822798876,2024-05-04T14:39:58.876,20.470,-4.146,3.902,2.195
1714822798886,2024-05-04T14:39:58.886,20.480,-4.085,4.329,2.683
1714822798896,2024-05-04T14:39:58.896,20.490,-4.817,4.085,2.927
1714822798906,2024-05-04T14:39:58.906,20.500,-6.402,2.927,2.988
1714822798916,2024-05-04T14:39:58.916,20.510,-6.707,0.610,3.598
1714822798926,2024-05-04T14:39:58.926,20.520,-5.366,-1.585,4.573
1714822798936,2024-05-04T14:39:58.936,20.530,-3.780,0.000,5.305
1714822798946,2024-05-04T14:39:58.946,20.540,-3.476,5.122,6.402
1714822798956,2024-05-04T14:39:58.956,20.550,-5.122,7.317,9.024
1714822798966,2024-05-04T14:39:58.966,20.560,-7.744,0.305,10.610
1714822798976,2024-05-04T14:39:58.976,20.570,-5.427,-3.902,11.098
1714822798986,2024-05-04T14:39:58.986,20.580,-4.390,1.037,13.171
1714822798996,2024-05-04T14:39:58.996,20.590,-7.500,10.305,14.268
1714822799006,2024-05-04T14:39:59.006,20.600,-18.110,23.354,11.646
1714822799016,2024-05-04T14:39:59.016,20.610,-35.000,42.866,4.756
1714822799026,2024-05-04T14:39:59.026,20.620,-47.561,55.122,2.073
1714822799036,2024-05-04T14:39:59.036,20.630,-55.061,44.329,5.549
1714822799046,2024-05-04T14:39:59.046,20.640,-51.037,28.049,-1.524
1714822799056,2024-05-04T14:39:59.056,20.650,-44.817,27.561,-11.829
1714822799066,2024-05-04T14:39:59.066,20.660,-35.183,41.463,-16.768
1714822799076,2024-05-04T14:39:59.076,20.670,-28.049,58.049,-20.915
1714822799086,2024-05-04T14:39:59.086,20.680,-18.780,72.744,-22.317
1714822799096,2024-05-04T14:39:59.096,20.690,-2.134,82.927,-12.622
1714822799106,2024-05-04T14:39:59.106,20.700,19.207,80.366,2.805
1714822799116,2024-05-04T14:39:59.116,20.710,54.451,70.122,19.573
1714822799126,2024-05-04T14:39:59.126,20.720,105.427,63.232,31.768
1714822799136,2024-05-04T14:39:59.136,20.730,156.098,62.561,45.061
1714822799146,2024-05-04T14:39:59.146,20.740,198.780,61.646,55.427
1714822799156,2024-05-04T14:39:59.156,20.750,229.878,61.829,62.378
1714822799166,2024-05-04T14:39:59.166,20.760,241.037,66.646,70.366
1714822799176,2024-05-04T14:39:59.176,20.770,239.939,65.732,74.085
1714822799186,2024-05-04T14:39:59.186,20.780,238.963,46.098,67.317
1714822799196,2024-05-04T14:39:59.196,20.790,237.622,11.890,51.341
1714822799206,2024-05-04T14:39:59.206,20.800,237.683,-24.390,31.585
1714822799216,2024-05-04T14:39:59.216,20.810,248.659,-66.585,20.366
1714822799226,2024-05-04T14:39:59.226,20.820,239.573,-89.939,16.037
1714822799236,2024-05-04T14:39:59.236,20.830,193.841,-52.317,-0.122
1714822799246,2024-05-04T14:39:59.246,20.840,154.207,-14.207,28.354
1714822799256,2024-05-04T14:39:59.256,20.850,128.720,-40.976,41.524
1714822799266,2024-05-04T14:39:59.266,20.860,130.976,-93.110,14.207
1714822799276,2024-05-04T14:39:59.276,20.870,133.963,-87.378,5.488
1714822799286,2024-05-04T14:39:59.286,20.880,102.805,-42.256,-1.037
1714822799296,2024-05-04T14:39:59.296,20.890,59.573,-12.378,-5.854
1714822799306,2024-05-04T14:39:59.306,20.900,17.805,-14.695,2.866
1714822799316,2024-05-04T14:39:59.316,20.910,-19.329,-18.049,13.476
1714822799326,2024-05-04T14:39:59.326,20.920,-55.915,-10.732,19.817
1714822799336,2024-05-04T14:39:59.336,20.930,-85.427,-12.256,20.427
1714822799346,2024-05-04T14:39:59.346,20.940,-101.341,-26.890,14.573
1714822799356,2024-05-04T14:39:59.356,20.950,-113.780,-43.354,5.427
1714822799366,2024-05-04T14:39:59.366,20.960,-120.183,-45.488,-1.829
1714822799376,2024-05-04T14:39:59.376,20.970,-115.305,-40.610,-9.573
1714822799386,2024-05-04T14:39:59.386,20.980,-105.366,-39.878,-17.500
1714822799396,2024-05-04T14:39:59.396,20.990,-98.598,-40.183,-23.110
1714822799406,2024-05-04T14:39:59.406,21.000,-97.805,-30.549,-24.817
1714822799416,2024-05-04T14:39:59.416,21.010,-100.427,-3.232,-23.232
1714822799426,2024-05-04T14:39:59.426,21.020,-103.049,27.073,-22.012
1714822799436,2024-05-04T14:39:59.436,21.030,-115.854,42.439,-21.220
1714822799446,2024-05-04T14:39:59.446,21.040,-131.585,38.598,-19.573
1714822799456,2024-05-04T14:39:59.456,21.050,-140.854,20.000,-11.707
1714822799466,2024-05-04T14:39:59.466,21.060,-135.000,-4.390,-0.610
1714822799476,2024-05-04T14:39:59.476,21.070,-118.963,-28.049,3.963
1714822799486,2024-05-04T14:39:59.486,21.080,-104.451,-42.561,3.415
1714822799496,2024-05-04T14:39:59.496,21.090,-99.573,-42.500,5.305
1714822799506,2024-05-04T14:39:59.506,21.100,-106.646,-27.744,6.951
1714822799516,2024-05-04T14:39:59.516,21.110,-117.927,-11.646,8.598
1714822799526,2024-05-04T14:39:59.526,21.120,-123.476,-2.500,6.220
1714822799536,2024-05-04T14:39:59.536,21.130,-112.988,-10.427,-7.683
1714822799546,2024-05-04T14:39:59.546,21.140,-87.012,-32.073,-21.707
1714822799556,2024-05-04T14:39:59.556,21.150,-57.866,-43.354,-22.073
1714822799566,2024-05-04T14:39:59.566,21.160,-42.744,-43.598,-14.695
1714822799576,2024-05-04T14:39:59.576,21.170,-44.085,-40.244,-12.805
1714822799586,2024-05-04T14:39:59.586,21.180,-50.183,-32.622,-17.317
1714822799596,2024-05-04T14:39:59.596,21.190,-49.329,-2.378,-14.634
1714822799606,2024-05-04T14:39:59.606,21.200,-41.159,24.390,-5.610
1714822799616,2024-05-04T14:39:59.616,21.210,-32.073,31.159,-7.683
1714822799626,2024-05-04T14:39:59.626,21.220,-32.256,27.378,-11.524
1714822799636,2024-05-04T14:39:59.636,21.230,-36.890,11.341,-12.805
1714822799646,2024-05-04T14:39:59.646,21.240,-35.549,-13.232,-13.354
1714822799656,2024-05-04T14:39:59.656,21.250,-30.610,-34.329,-16.463
1714822799666,2024-05-04T14:39:59.666,21.260,-26.280,-37.317,-16.524
1714822799676,2024-05-04T14:39:59.676,21.270,-26.524,-24.756,-12.744
1714822799686,2024-05-04T14:39:59.686,21.280,-31.037,-8.476,-11.463
1714822799696,2024-05-04T14:39:59.696,21.290,-32.927,2.439,-10.488
1714822799706,2024-05-04T14:39:59.706,21.300,-29.207,4.756,-9.268
1714822799716,2024-05-04T14:39:59.716,21.310,-21.768,2.195,-8.110
1714822799726,2024-05-04T14:39:59.726,21.320,-15.183,-0.061,-6.768
1714822799736,2024-05-04T14:39:59.736,21.330,-10.061,-1.951,-5.488
1714822799746,2024-05-04T14:39:59.746,21.340,-5.976,-5.427,-4.451
1714822799756,2024-05-04T14:39:59.756,21.350,-3.476,-8.598,-4.085
1714822799766,2024-05-04T14:39:59.766,21.360,-3.232,-6.707,-2.500
1714822799776,2024-05-04T14:39:59.776,21.370,-4.573,0.305,-0.427
1714822799786,2024-05-04T14:39:59.786,21.380,-5.976,6.585,-0.488
1714822799796,2024-05-04T14:39:59.796,21.390,-6.402,8.110,-0.366
1714822799806,2024-05-04T14:39:59.806,21.400,-5.183,6.463,0.549
1714822799816,2024-05-04T14:39:59.816,21.410,-2.439,3.720,1.951
1714822799826,2024-05-04T14:39:59.826,21.420,0.122,-0.366,3.780
1714822799836,2024-05-04T14:39:59.836,21.430,0.671,-4.695,5.244
1714822799846,2024-05-04T14:39:59.846,21.440,0.000,-6.280,6.463
1714822799856,2024-05-04T14:39:59.856,21.450,-0.366,-6.280,5.793
1714822799866,2024-05-04T14:39:59.866,21.460,1.037,-5.915,5.122
1714822799876,2024-05-04T14:39:59.876,21.470,4.085,-3.354,5.671
1714822799886,2024-05-04T14:39:59.886,21.480,6.951,1.341,5.976
1714822799896,2024-05-04T14:39:59.896,21.490,6.829,5.671,6.098
1714822799906,2024-05-04T14:39:59.906,21.500,3.659,7.805,6.280
1714822799916,2024-05-04T14:39:59.916,21.510,1.402,7.744,6.646
1714822799926,2024-05-04T14:39:59.926,21.520,1.098,7.012,6.768
1714822799936,2024-05-04T14:39:59.936,21.530,0.793,6.829,6.220
1714822799946,2024-05-04T14:39:59.946,21.540,0.366,5.915,4.878
1714822799956,2024-05-04T14:39:59.956,21.550,1.585,3.354,2.927
1714822799966,2024-05-04T14:39:59.966,21.560,4.268,-0.366,1.341
1714822799976,2024-05-04T14:39:59.976,21.570,5.732,-0.915,1.220
1714822799986,2024-05-04T14:39:59.986,21.580,3.537,0.915,1.768
1714822799996,2024-05-04T14:39:59.996,21.590,-0.183,1.159,0.976
1714822800006,2024-05-04T14:40:00.006,21.600,-2.195,-0.793,0.427
1714822800016,2024-05-04T14:40:00.016,21.610,-1.951,-2.378,0.366
1714822800026,2024-05-04T14:40:00.026,21.620,-0.915,-3.293,-0.305
1714822800036,2024-05-04T14:40:00.036,21.630,-0.244,-3.110,-0.854
1714822800046,2024-05-04T14:40:00.046,21.640,-0.305,-2.439,-0.854
1714822800056,2024-05-04T14:40:00.056,21.650,-1.037,-1.707,-0.671
1714822800066,2024-05-04T14:40:00.066,21.660,-2.012,-1.585,-0.122
1714822800076,2024-05-04T14:40:00.076,21.670,-2.195,-3.293,0.427
1714822800086,2024-05-04T14:40:00.086,21.680,-0.854,-5.549,0.549
1714822800096,2024-05-04T14:40:00.096,21.690,0.671,-5.122,1.402
1714822800106,2024-05-04T14:40:00.106,21.700,1.098,-2.805,2.317
1714822800116,2024-05-04T14:40:00.116,21.710,0.183,-0.793,2.561
1714822800126,2024-05-04T14:40:00.126,21.720,-1.402,-0.305,2.195
1714822800136,2024-05-04T14:40:00.136,21.730,-1.280,-1.829,2.012
1714822800146,2024-05-04T14:40:00.146,21.740,-0.366,-4.268,2.439
1714822800156,2024-05-04T14:40:00.156,21.750,0.000,-6.829,2.622
1714822800166,2024-05-04T14:40:00.166,21.760,1.159,-8.902,2.805
1714822800176,2024-05-04T14:40:00.176,21.770,2.744,-8.049,3.841
1714822800186,2024-05-04T14:40:00.186,21.780,2.012,-0.671,6.524
1714822800196,2024-05-04T14:40:00.196,21.790,2.378,7.866,10.549
1714822800206,2024-05-04T14:40:00.206,21.800,5.366,10.976,14.085
1714822800216,2024-05-04T14:40:00.216,21.810,8.354,11.037,13.902
1714822800226,2024-05-04T14:40:00.226,21.820,8.598,12.744,11.707
1714822800236,2024-05-04T14:40:00.236,21.830,3.110,24.756,9.451
1714822800246,2024-05-04T14:40:00.246,21.840,-3.415,45.549,6.098
1714822800256,2024-05-04T14:40:00.256,21.850,-7.622,67.500,3.110
1714822800266,2024-05-04T14:40:00.266,21.860,-8.171,91.341,-0.854
1714822800276,2024-05-04T14:40:00.276,21.870,-3.841,114.939,-2.927
1714822800286,2024-05-04T14:40:00.286,21.880,0.732,128.354,-1.098
1714822800296,2024-05-04T14:40:00.296,21.890,9.024,125.000,-0.915
1714822800306,2024-05-04T14:40:00.306,21.900,21.037,102.500,0.183
1714822800316,2024-05-04T14:40:00.316,21.910,38.415,75.915,7.378
1714822800326,2024-05-04T14:40:00.326,21.920,68.293,68.354,23.415
1714822800336,2024-05-04T14:40:00.336,21.930,102.744,76.707,40.427
1714822800346,2024-05-04T14:40:00.346,21.940,134.878,79.817,42.256
1714822800356,2024-05-04T14:40:00.356,21.950,170.488,77.866,48.659
1714822800366,2024-05-04T14:40:00.366,21.960,187.134,58.293,59.268
1714822800376,2024-05-04T14:40:00.376,21.970,200.122,28.598,58.293
1714822800386,2024-05-04T14:40:00.386,21.980,224.207,2.012,53.659
1714822800396,2024-05-04T14:40:00.396,21.990,260.000,-16.890,42.012
1714822800406,2024-05-04T14:40:00.406,22.000,261.341,-10.183,32.683
1714822800416,2024-05-04T14:40:00.416,22.010,217.317,20.488,40.000
1714822800426,2024-05-04T14:40:00.426,22.020,195.000,35.976,42.500
1714822800436,2024-05-04T14:40:00.436,22.030,198.780,19.634,13.476
1714822800446,2024-05-04T14:40:00.446,22.040,208.476,-5.488,-4.634
1714822800456,2024-05-04T14:40:00.456,22.050,199.024,-17.988,2.256
1714822800466,2024-05-04T14:40:00.466,22.060,166.280,-12.012,9.268
1714822800476,2024-05-04T14:40:00.476,22.070,130.976,-1.463,14.451
1714822800486,2024-05-04T14:40:00.486,22.080,99.207,-8.902,17.805
1714822800496,2024-05-04T14:40:00.496,22.090,60.854,-29.451,20.183
1714822800506,2024-05-04T14:40:00.506,22.100,20.732,-46.585,19.939
1714822800516,2024-05-04T14:40:00.516,22.110,-12.378,-58.659,20.122
1714822800526,2024-05-04T14:40:00.526,22.120,-42.012,-70.854,22.317
1714822800536,2024-05-04T14:40:00.536,22.130,-68.841,-79.817,24.146
1714822800546,2024-05-04T14:40:00.546,22.140,-88.598,-81.646,21.037
1714822800556,2024-05-04T14:40:00.556,22.150,-103.780,-82.378,17.073
1714822800566,2024-05-04T14:40:00.566,22.160,-115.122,-88.415,11.829
1714822800576,2024-05-04T14:40:00.576,22.170,-123.049,-92.439,4.268
1714822800586,2024-05-04T14:40:00.586,22.180,-129.695,-89.939,-1.463
1714822800596,2024-05-04T14:40:00.596,22.190,-132.256,-87.012,-8.293
1714822800606,2024-05-04T14:40:00.606,22.200,-130.427,-82.439,-15.610
1714822800616,2024-05-04T14:40:00.616,22.210,-124.939,-70.976,-22.622
1714822800626,2024-05-04T14:40:00.626,22.220,-116.524,-52.683,-28.963
1714822800636,2024-05-04T14:40:00.636,22.230,-112.012,-28.659,-34.817
1714822800646,2024-05-04T14:40:00.646,22.240,-110.671,0.488,-41.098
1714822800656,2024-05-04T14:40:00.656,22.250,-112.134,31.280,-43.476
1714822800666,2024-05-04T14:40:00.666,22.260,-121.585,39.390,-39.695
1714822800676,2024-05-04T14:40:00.676,22.270,-136.341,21.280,-22.561
1714822800686,2024-05-04T14:40:00.686,22.280,-148.780,-10.793,-11.280
1714822800696,2024-05-04T14:40:00.696,22.290,-158.232,-36.037,-13.415
1714822800706,2024-05-04T14:40:00.706,22.300,-162.378,-45.976,-17.805
1714822800716,2024-05-04T14:40:00.716,22.310,-150.793,-44.939,-20.732
1714822800726,2024-05-04T14:40:00.726,22.320,-133.841,-44.451,-24.756
1714822800736,2024-05-04T14:40:00.736,22.330,-121.829,-51.341,-34.329
1714822800746,2024-05-04T14:40:00.746,22.340,-111.951,-59.939,-37.866
1714822800756,2024-05-04T14:40:00.756,22.350,-96.402,-61.098,-24.268
1714822800766,2024-05-04T14:40:00.766,22.360,-72.073,-51.159,-9.085
1714822800776,2024-05-04T14:40:00.776,22.370,-28.720,-52.561,-6.524
1714822800786,2024-05-04T14:40:00.786,22.380,12.317,-56.524,-5.244
1714822800796,2024-05-04T14:40:00.796,22.390,33.659,-45.305,-10.183
1714822800806,2024-05-04T14:40:00.806,22.400,17.866,-9.573,-10.671
1714822800816,2024-05-04T14:40:00.816,22.410,-15.915,27.561,-2.073
1714822800826,2024-05-04T14:40:00.826,22.420,-24.939,25.183,10.732
1714822800836,2024-05-04T14:40:00.836,22.430,-11.159,-0.915,14.695
1714822800846,2024-05-04T14:40:00.846,22.440,-1.159,-21.768,6.463
1714822800856,2024-05-04T14:40:00.856,22.450,-5.915,-21.951,9.085
1714822800866,2024-05-04T14:40:00.866,22.460,-11.829,-15.610,17.744
1714822800876,2024-05-04T14:40:00.876,22.470,-8.659,-20.854,15.732
1714822800886,2024-05-04T14:40:00.886,22.480,2.317,-28.476,10.976
1714822800896,2024-05-04T14:40:00.896,22.490,12.622,-21.646,10.549
1714822800906,2024-05-04T14:40:00.906,22.500,13.232,-2.744,8.598
1714822800916,2024-05-04T14:40:00.916,22.510,6.159,15.427,5.122
1714822800926,2024-05-04T14:40:00.926,22.520,2.134,23.293,4.634
1714822800936,2024-05-04T14:40:00.936,22.530,3.537,18.780,5.732
1714822800946,2024-05-04T14:40:00.946,22.540,5.366,7.195,5.610
1714822800956,2024-05-04T14:40:00.956,22.550,5.427,-7.073,4.268
1714822800966,2024-05-04T14:40:00.966,22.560,4.939,-17.866,3.171
1714822800976,2024-05-04T14:40:00.976,22.570,5.122,-20.671,2.439
1714822800986,2024-05-04T14:40:00.986,22.580,6.280,-12.683,2.744
1714822800996,2024-05-04T14:40:00.996,22.590,6.098,0.122,3.293
1714822801006,2024-05-04T14:40:01.006,22.600,4.024,9.634,3.476
1714822801016,2024-05-04T14:40:01.016,22.610,1.524,13.780,4.390
1714822801026,2024-05-04T14:40:01.026,22.620,-0.427,11.768,4.024
1714822801036,2024-05-04T14:40:01.036,22.630,-0.793,4.939,3.232
1714822801046,2024-05-04T14:40:01.046,22.640,1.098,-2.195,3.841
1714822801056,2024-05-04T14:40:01.056,22.650,3.476,-4.817,3.476
1714822801066,2024-05-04T14:40:01.066,22.660,4.634,-1.707,2.988
1714822801076,2024-05-04T14:40:01.076,22.670,3.598,4.695,2.927
1714822801086,2024-05-04T14:40:01.086,22.680,1.402,9.939,2.317
1714822801096,2024-05-04T14:40:01.096,22.690,-0.610,11.646,2.195
1714822801106,2024-05-04T14:40:01.106,22.700,-1.280,10.671,2.317
1714822801116,2024-05-04T14:40:01.116,22.710,0.122,8.293,2.195
1714822801126,2024-05-04T14:40:01.126,22.720,2.134,5.000,1.463
1714822801136,2024-05-04T14:40:01.136,22.730,2.561,2.500,0.915
1714822801146,2024-05-04T14:40:01.146,22.740,1.585,2.317,1.890
1714822801156,2024-05-04T14:40:01.156,22.750,-1.402,2.805,2.927
1714822801166,2024-05-04T14:40:01.166,22.760,-4.634,2.622,3.049
1714822801176,2024-05-04T14:40:01.176,22.770,-5.549,1.037,3.232
1714822801186,2024-05-04T14:40:01.186,22.780,-4.573,-0.732,3.476
1714822801196,2024-05-04T14:40:01.196,22.790,-3.049,-2.134,2.683
1714822801206,2024-05-04T14:40:01.206,22.800,-0.549,-3.171,1.402
1714822801216,2024-05-04T14:40:01.216,22.810,2.073,-4.512,0.549
1714822801226,2024-05-04T14:40:01.226,22.820,1.890,-3.110,0.488
1714822801236,2024-05-04T14:40:01.236,22.830,-1.524,0.610,0.671
1714822801246,2024-05-04T14:40:01.246,22.840,-5.366,4.634,0.854
1714822801256,2024-05-04T14:40:01.256,22.850,-7.256,6.951,0.915
1714822801266,2024-05-04T14:40:01.266,22.860,-7.378,5.610,-0.183
1714822801276,2024-05-04T14:40:01.276,22.870,-6.707,1.707,-1.280
1714822801286,2024-05-04T14:40:01.286,22.880,-5.610,-3.476,-1.707
1714822801296,2024-05-04T14:40:01.296,22.890,-3.110,-7.744,-1.341
1714822801306,2024-05-04T14:40:01.306,22.900,-0.183,-9.695,0.122
1714822801316,2024-05-04T14:40:01.316,22.910,0.854,-7.378,1.768
1714822801326,2024-05-04T14:40:01.326,22.920,1.524,-3.232,1.829
1714822801336,2024-05-04T14:40:01.336,22.930,3.171,-0.854,1.585
1714822801346,2024-05-04T14:40:01.346,22.940,6.037,0.366,2.622
1714822801356,2024-05-04T14:40:01.356,22.950,8.780,0.549,3.049
1714822801366,2024-05-04T14:40:01.366,22.960,10.793,-0.244,3.354
1714822801376,2024-05-04T14:40:01.376,22.970,12.744,-0.854,4.573
1714822801386,2024-05-04T14:40:01.386,22.980,14.024,-3.171,4.695
1714822801396,2024-05-04T14:40:01.396,22.990,13.780,-6.829,4.512
1714822801406,2024-05-04T14:40:01.406,23.000,12.500,-11.098,5.183
1714822801416,2024-05-04T14:40:01.416,23.010,11.890,-14.268,6.341
1714822801426,2024-05-04T14:40:01.426,23.020,9.451,-16.646,7.988
1714822801436,2024-05-04T14:40:01.436,23.030,3.841,-18.171,12.012
1714822801446,2024-05-04T14:40:01.446,23.040,1.463,-16.220,16.829
1714822801456,2024-05-04T14:40:01.456,23.050,0.854,-9.939,18.537
1714822801466,2024-05-04T14:40:01.466,23.060,-6.280,1.463,21.098
1714822801476,2024-05-04T14:40:01.476,23.070,-14.024,12.439,20.366
1714822801486,2024-05-04T14:40:01.486,23.080,-19.512,21.646,10.488
1714822801496,2024-05-04T14:40:01.496,23.090,-28.598,30.305,-1.646
1714822801506,2024-05-04T14:40:01.506,23.100,-35.976,40.793,-4.573
1714822801516,2024-05-04T14:40:01.516,23.110,-39.146,50.610,-5.732
1714822801526,2024-05-04T14:40:01.526,23.120,-38.902,55.793,-11.280
1714822801536,2024-05-04T14:40:01.536,23.130,-35.793,61.402,-14.573
1714822801546,2024-05-04T14:40:01.546,23.140,-29.634,62.561,-21.463
1714822801556,2024-05-04T14:40:01.556,23.150,-32.439,54.207,-28.110
1714822801566,2024-05-04T14:40:01.566,23.160,-29.634,41.768,-28.354
1714822801576,2024-05-04T14:40:01.576,23.170,-21.220,38.963,-26.463
1714822801586,2024-05-04T14:40:01.586,23.180,-6.829,42.256,-26.463
1714822801596,2024-05-04T14:40:01.596,23.190,18.963,41.280,-18.841
1714822801606,2024-05-04T14:40:01.606,23.200,61.585,38.171,-5.366
1714822801616,2024-05-04T14:40:01.616,23.210,107.683,35.610,9.634
1714822801626,2024-05-04T14:40:01.626,23.220,154.939,32.073,25.610
1714822801636,2024-05-04T14:40:01.636,23.230,196.829,23.780,42.256
1714822801646,2024-05-04T14:40:01.646,23.240,215.488,13.232,51.463
1714822801656,2024-05-04T14:40:01.656,23.250,231.524,-2.622,50.854
1714822801666,2024-05-04T14:40:01.666,23.260,237.927,-23.476,43.598
1714822801676,2024-05-04T14:40:01.676,23.270,231.951,-51.280,25.732
1714822801686,2024-05-04T14:40:01.686,23.280,234.878,-81.890,2.805
1714822801696,2024-05-04T14:40:01.696,23.290,262.622,-93.720,-9.695
1714822801706,2024-05-04T14:40:01.706,23.300,257.439,-60.671,3.720
1714822801716,2024-05-04T14:40:01.716,23.310,187.195,-14.817,11.890
1714822801726,2024-05-04T14:40:01.726,23.320,129.207,-18.171,3.963
1714822801736,2024-05-04T14:40:01.736,23.330,124.085,-55.183,-19.756
1714822801746,2024-05-04T14:40:01.746,23.340,140.305,-76.402,-33.415
1714822801756,2024-05-04T14:40:01.756,23.350,133.598,-63.780,-34.573
1714822801766,2024-05-04T14:40:01.766,23.360,96.280,-13.963,-22.866
1714822801776,2024-05-04T14:40:01.776,23.370,46.524,32.927,-12.012
1714822801786,2024-05-04T14:40:01.786,23.380,10.244,39.268,-3.537
1714822801796,2024-05-04T14:40:01.796,23.390,-14.512,20.122,4.085
1714822801806,2024-05-04T14:40:01.806,23.400,-37.622,3.780,8.049
1714822801816,2024-05-04T14:40:01.816,23.410,-58.659,-7.866,9.207
1714822801826,2024-05-04T14:40:01.826,23.420,-73.963,-18.293,7.988
1714822801836,2024-05-04T14:40:01.836,23.430,-85.793,-26.829,7.561
1714822801846,2024-05-04T14:40:01.846,23.440,-93.537,-30.793,9.573
1714822801856,2024-05-04T14:40:01.856,23.450,-95.427,-34.085,9.146
1714822801866,2024-05-04T14:40:01.866,23.460,-94.085,-37.317,4.146
1714822801876,2024-05-04T14:40:01.876,23.470,-92.622,-34.512,0.976
1714822801886,2024-05-04T14:40:01.886,23.480,-90.793,-15.244,0.488
1714822801896,2024-05-04T14:40:01.896,23.490,-91.341,7.805,0.976
1714822801906,2024-05-04T14:40:01.906,23.500,-99.512,23.963,1.890
1714822801916,2024-05-04T14:40:01.916,23.510,-112.561,26.890,1.341
1714822801926,2024-05-04T14:40:01.926,23.520,-118.780,11.037,4.268
1714822801936,2024-05-04T14:40:01.936,23.530,-112.317,-16.280,7.500
1714822801946,2024-05-04T14:40:01.946,23.540,-103.720,-45.976,3.049
1714822801956,2024-05-04T14:40:01.956,23.550,-97.866,-61.037,-0.122
1714822801966,2024-05-04T14:40:01.966,23.560,-92.622,-52.683,4.024
1714822801976,2024-05-04T14:40:01.976,23.570,-91.768,-32.256,6.768
1714822801986,2024-05-04T14:40:01.986,23.580,-97.805,-3.720,9.634
1714822801996,2024-05-04T14:40:01.996,23.590,-101.829,33.110,15.305
1714822802006,2024-05-04T14:40:02.006,23.600,-101.829,57.622,15.488
1714822802016,2024-05-04T14:40:02.016,23.610,-100.183,49.939,5.305
1714822802026,2024-05-04T14:40:02.026,23.620,-93.415,25.671,-6.707
1714822802036,2024-05-04T14:40:02.036,23.630,-78.232,5.122,-8.659
1714822802046,2024-05-04T14:40:02.046,23.640,-62.988,-4.451,-4.756
1714822802056,2024-05-04T14:40:02.056,23.650,-51.585,-7.744,-1.098
1714822802066,2024-05-04T14:40:02.066,23.660,-41.098,-8.476,0.976
1714822802076,2024-05-04T14:40:02.076,23.670,-33.720,-5.671,2.134
1714822802086,2024-05-04T14:40:02.086,23.680,-31.524,0.000,3.354
1714822802096,2024-05-04T14:40:02.096,23.690,-32.134,9.146,2.134
1714822802106,2024-05-04T14:40:02.106,23.700,-33.659,14.146,-3.902
1714822802116,2024-05-04T14:40:02.116,23.710,-34.451,11.768,-7.683
1714822802126,2024-05-04T14:40:02.126,23.720,-31.585,2.988,-6.402
1714822802136,2024-05-04T14:40:02.136,23.730,-27.988,-8.476,-7.012
1714822802146,2024-05-04T14:40:02.146,23.740,-25.000,-15.183,-8.415
1714822802156,2024-05-04T14:40:02.156,23.750,-24.390,-14.146,-7.195
1714822802166,2024-05-04T14:40:02.166,23.760,-22.622,-9.390,-3.963
1714822802176,2024-05-04T14:40:02.176,23.770,-20.427,-2.378,0.244
1714822802186,2024-05-04T14:40:02.186,23.780,-21.037,5.122,1.707
1714822802196,2024-05-04T14:40:02.196,23.790,-20.671,10.061,0.976
1714822802206,2024-05-04T14:40:02.206,23.800,-18.415,11.159,0.793
1714822802216,2024-05-04T14:40:02.216,23.810,-14.085,7.927,1.098
1714822802226,2024-05-04T14:40:02.226,23.820,-7.500,1.402,1.524
1714822802236,2024-05-04T14:40:02.236,23.830,-2.134,-5.671,0.793
1714822802246,2024-05-04T14:40:02.246,23.840,0.610,-9.207,0.793
1714822802256,2024-05-04T14:40:02.256,23.850,0.549,-7.500,1.768
1714822802266,2024-05-04T14:40:02.266,23.860,-1.524,-2.317,3.598
1714822802276,2024-05-04T14:40:02.276,23.870,-3.902,2.378,4.756
1714822802286,2024-05-04T14:40:02.286,23.880,-3.841,4.207,5.122
1714822802296,2024-05-04T14:40:02.296,23.890,-1.098,2.073,5.854
1714822802306,2024-05-04T14:40:02.306,23.900,1.646,-2.378,6.037
1714822802316,2024-05-04T14:40:02.316,23.910,2.012,-5.976,5.244
1714822802326,2024-05-04T14:40:02.326,23.920,-0.183,-6.402,5.488
1714822802336,2024-05-04T14:40:02.336,23.930,-2.012,-3.720,5.732
1714822802346,2024-05-04T14:40:02.346,23.940,-1.829,-0.915,4.573
1714822802356,2024-05-04T14:40:02.356,23.950,-1.220,2.195,3.780
1714822802366,2024-05-04T14:40:02.366,23.960,-1.341,4.573,2.744
1714822802376,2024-05-04T14:40:02.376,23.970,-0.976,3.902,2.256
1714822802386,2024-05-04T14:40:02.386,23.980,-2.134,-0.488,1.890
1714822802396,2024-05-04T14:40:02.396,23.990,-2.561,-5.061,1.341
1714822802406,2024-05-04T14:40:02.406,24.000,-0.549,-7.927,0.915
1714822802416,2024-05-04T14:40:02.416,24.010,1.341,-6.280,1.280
1714822802426,2024-05-04T14:40:02.426,24.020,2.927,-0.549,2.134
1714822802436,2024-05-04T14:40:02.436,24.030,3.232,4.756,2.622
1714822802446,2024-05-04T14:40:02.446,24.040,1.037,5.732,1.951
1714822802456,2024-05-04T14:40:02.456,24.050,-0.427,2.927,1.341
1714822802466,2024-05-04T14:40:02.466,24.060,0.549,-0.488,1.951
1714822802476,2024-05-04T14:40:02.476,24.070,1.890,-2.805,2.622
1714822802486,2024-05-04T14:40:02.486,24.080,1.463,-3.720,2.622
1714822802496,2024-05-04T14:40:02.496,24.090,0.793,-2.744,2.561
1714822802506,2024-05-04T14:40:02.506,24.100,2.073,0.610,3.049
1714822802516,2024-05-04T14:40:02.516,24.110,3.293,5.061,3.659
1714822802526,2024-05-04T14:40:02.526,24.120,1.951,8.110,3.598
1714822802536,2024-05-04T14:40:02.536,24.130,0.061,8.415,2.866
1714822802546,2024-05-04T14:40:02.546,24.140,0.000,5.915,2.561
1714822802556,2024-05-04T14:40:02.556,24.150,0.366,2.500,1.951
1714822802566,2024-05-04T14:40:02.566,24.160,0.549,0.549,1.463
1714822802576,2024-05-04T14:40:02.576,24.170,0.183,0.915,1.890
1714822802586,2024-05-04T14:40:02.586,24.180,-1.524,1.463,2.683
1714822802596,2024-05-04T14:40:02.596,24.190,-4.146,1.463,2.805
1714822802606,2024-05-04T14:40:02.606,24.200,-4.146,1.768,2.378
1714822802616,2024-05-04T14:40:02.616,24.210,-1.768,1.646,1.890
1714822802626,2024-05-04T14:40:02.626,24.220,1.220,1.341,1.768
1714822802636,2024-05-04T14:40:02.636,24.230,5.732,1.280,2.622
1714822802646,2024-05-04T14:40:02.646,24.240,9.451,1.829,3.537
1714822802656,2024-05-04T14:40:02.656,24.250,9.207,4.695,4.024
1714822802666,2024-05-04T14:40:02.666,24.260,4.939,10.000,5.427
1714822802676,2024-05-04T14:40:02.676,24.270,-0.549,16.037,7.195
1714822802686,2024-05-04T14:40:02.686,24.280,-6.890,25.000,8.720
1714822802696,2024-05-04T14:40:02.696,24.290,-11.951,34.085,12.439
1714822802706,2024-05-04T14:40:02.706,24.300,-14.634,35.793,17.012
1714822802716,2024-05-04T14:40:02.716,24.310,-19.085,30.793,19.390
1714822802726,2024-05-04T14:40:02.726,24.320,-25.549,25.305,15.793
1714822802736,2024-05-04T14:40:02.736,24.330,-34.329,18.476,10.549
1714822802746,2024-05-04T14:40:02.746,24.340,-46.585,10.793,13.537
1714822802756,2024-05-04T14:40:02.756,24.350,-57.378,1.524,20.488
1714822802766,2024-05-04T14:40:02.766,24.360,-57.744,-6.585,22.683
1714822802776,2024-05-04T14:40:02.776,24.370,-54.085,-4.817,25.000
1714822802786,2024-05-04T14:40:02.786,24.380,-55.305,3.659,28.537
1714822802796,2024-05-04T14:40:02.796,24.390,-61.098,14.451,26.890
1714822802806,2024-05-04T14:40:02.806,24.400,-64.939,25.183,23.293
1714822802816,2024-05-04T14:40:02.816,24.410,-71.341,33.354,21.524
1714822802826,2024-05-04T14:40:02.826,24.420,-80.244,35.549,16.585
1714822802836,2024-05-04T14:40:02.836,24.430,-80.305,34.817,13.171
1714822802846,2024-05-04T14:40:02.846,24.440,-69.512,35.732,11.890
1714822802856,2024-05-04T14:40:02.856,24.450,-58.780,39.878,5.732
1714822802866,2024-05-04T14:40:02.866,24.460,-46.951,46.280,1.707
1714822802876,2024-05-04T14:40:02.876,24.470,-27.561,50.183,2.683
1714822802886,2024-05-04T14:40:02.886,24.480,-3.598,49.451,7.683
1714822802896,2024-05-04T14:40:02.896,24.490,28.415,45.244,14.268
1714822802906,2024-05-04T14:40:02.906,24.500,62.500,35.427,17.927
1714822802916,2024-05-04T14:40:02.916,24.510,98.476,32.927,24.878
1714822802926,2024-05-04T14:40:02.926,24.520,140.366,47.012,32.317
1714822802936,2024-05-04T14:40:02.936,24.530,183.354,65.366,37.805
1714822802946,2024-05-04T14:40:02.946,24.540,223.110,77.744,42.256
1714822802956,2024-05-04T14:40:02.956,24.550,240.793,74.146,44.390
1714822802966,2024-05-04T14:40:02.966,24.560,242.012,51.585,42.439
1714822802976,2024-05-04T14:40:02.976,24.570,237.622,15.488,31.037
1714822802986,2024-05-04T14:40:02.986,24.580,233.110,-30.000,10.183
1714822802996,2024-05-04T14:40:02.996,24.590,230.610,-78.720,-20.488
1714822803006,2024-05-04T14:40:03.006,24.600,235.732,-121.098,-25.732
1714822803016,2024-05-04T14:40:03.016,24.610,196.951,-125.976,-26.159
1714822803026,2024-05-04T14:40:03.026,24.620,139.085,-97.256,-36.524
1714822803036,2024-05-04T14:40:03.036,24.630,124.268,-66.341,-26.037
1714822803046,2024-05-04T14:40:03.046,24.640,142.805,-42.561,-30.976
1714822803056,2024-05-04T14:40:03.056,24.650,136.829,-1.037,-26.951
1714822803066,2024-05-04T14:40:03.066,24.660,92.073,35.366,-27.378
1714822803076,2024-05-04T14:40:03.076,24.670,45.976,63.293,-33.841
1714822803086,2024-05-04T14:40:03.086,24.680,12.866,76.463,-15.122
1714822803096,2024-05-04T14:40:03.096,24.690,-19.329,78.476,-4.573
1714822803106,2024-05-04T14:40:03.106,24.700,-50.915,75.549,1.463
1714822803116,2024-05-04T14:40:03.116,24.710,-73.293,63.415,4.756
1714822803126,2024-05-04T14:40:03.126,24.720,-88.171,42.988,-0.610
1714822803136,2024-05-04T14:40:03.136,24.730,-100.732,23.293,-12.012
1714822803146,2024-05-04T14:40:03.146,24.740,-109.268,8.780,-20.183
1714822803156,2024-05-04T14:40:03.156,24.750,-118.598,-10.915,-19.634
1714822803166,2024-05-04T14:40:03.166,24.760,-126.402,-41.341,-14.695
1714822803176,2024-05-04T14:40:03.176,24.770,-135.244,-71.890,-8.780
1714822803186,2024-05-04T14:40:03.186,24.780,-139.878,-84.512,-9.878
1714822803196,2024-05-04T14:40:03.196,24.790,-141.280,-81.098,-18.232
1714822803206,2024-05-04T14:40:03.206,24.800,-153.232,-82.256,-19.817
1714822803216,2024-05-04T14:40:03.216,24.810,-159.451,-72.805,0.427
1714822803226,2024-05-04T14:40:03.226,24.820,-153.293,-36.402,18.415
1714822803236,2024-05-04T14:40:03.236,24.830,-136.402,-8.476,5.488
1714822803246,2024-05-04T14:40:03.246,24.840,-112.683,-18.232,-8.841
1714822803256,2024-05-04T14:40:03.256,24.850,-75.366,-39.451,-2.927
1714822803266,2024-05-04T14:40:03.266,24.860,-29.817,-55.427,-5.671
1714822803276,2024-05-04T14:40:03.276,24.870,9.146,-60.305,-18.780
1714822803286,2024-05-04T14:40:03.286,24.880,15.488,-44.817,-17.500
1714822803296,2024-05-04T14:40:03.296,24.890,-2.500,-13.415,-12.317
1714822803306,2024-05-04T14:40:03.306,24.900,-22.744,16.341,-12.195
1714822803316,2024-05-04T14:40:03.316,24.910,-32.195,37.256,-14.207
1714822803326,2024-05-04T14:40:03.326,24.920,-30.976,47.805,-13.232
1714822803336,2024-05-04T14:40:03.336,24.930,-27.378,48.171,-11.037
1714822803346,2024-05-04T14:40:03.346,24.940,-28.476,39.756,-10.793
1714822803356,2024-05-04T14:40:03.356,24.950,-30.854,23.110,-10.976
1714822803366,2024-05-04T14:40:03.366,24.960,-30.000,-1.098,-8.293
1714822803376,2024-05-04T14:40:03.376,24.970,-28.232,-26.280,-7.317
1714822803386,2024-05-04T14:40:03.386,24.980,-23.963,-42.805,-8.902
1714822803396,2024-05-04T14:40:03.396,24.990,-17.256,-45.061,-7.805
1714822803406,2024-05-04T14:40:03.406,25.000,-14.024,-35.122,-7.073
1714822803416,2024-05-04T14:40:03.416,25.010,-15.000,-20.122,-7.988
1714822803426,2024-05-04T14:40:03.426,25.020,-15.305,-4.634,-6.463
1714822803436,2024-05-04T14:40:03.436,25.030,-13.049,7.012,-3.841
1714822803446,2024-05-04T14:40:03.446,25.040,-11.951,12.012,-3.598
1714822803456,2024-05-04T14:40:03.456,25.050,-13.232,12.256,-4.512
1714822803466,2024-05-04T14:40:03.466,25.060,-13.841,7.683,-4.024
1714822803476,2024-05-04T14:40:03.476,25.070,-11.646,0.488,-2.378
1714822803486,2024-05-04T14:40:03.486,25.080,-7.500,-8.598,-1.890
1714822803496,2024-05-04T14:40:03.496,25.090,-2.805,-15.366,-1.646
1714822803506,2024-05-04T14:40:03.506,25.100,1.768,-17.622,-0.183
1714822803516,2024-05-04T14:40:03.516,25.110,4.207,-13.841,1.585
1714822803526,2024-05-04T14:40:03.526,25.120,3.598,-7.073,2.378
1714822803536,2024-05-04T14:40:03.536,25.130,1.951,0.488,3.171
1714822803546,2024-05-04T14:40:03.546,25.140,0.976,7.683,4.756
1714822803556,2024-05-04T14:40:03.556,25.150,1.098,12.195,5.549
1714822803566,2024-05-04T14:40:03.566,25.160,1.098,11.585,4.146
1714822803576,2024-05-04T14:40:03.576,25.170,1.098,8.171,3.110
1714822803586,2024-05-04T14:40:03.586,25.180,1.951,3.963,2.622
1714822803596,2024-05-04T14:40:03.596,25.190,2.073,-1.463,2.500
1714822803606,2024-05-04T14:40:03.606,25.200,0.854,-7.744,2.683
1714822803616,2024-05-04T14:40:03.616,25.210,1.768,-12.622,3.476
1714822803626,2024-05-04T14:40:03.626,25.220,3.841,-14.878,5.488
1714822803636,2024-05-04T14:40:03.636,25.230,3.720,-14.329,5.244
1714822803646,2024-05-04T14:40:03.646,25.240,2.561,-10.549,4.207
1714822803656,2024-05-04T14:40:03.656,25.250,2.134,-5.488,5.183
1714822803666,2024-05-04T14:40:03.666,25.260,1.098,-2.195,5.671
1714822803676,2024-05-04T14:40:03.676,25.270,0.000,-2.500,4.573
1714822803686,2024-05-04T14:40:03.686,25.280,1.159,-4.329,3.841
1714822803696,2024-05-04T14:40:03.696,25.290,3.476,-4.207,3.963
1714822803706,2024-05-04T14:40:03.706,25.300,4.573,-2.439,4.207
1714822803716,2024-05-04T14:40:03.716,25.310,3.841,-1.463,3.659
1714822803726,2024-05-04T14:40:03.726,25.320,2.683,-1.159,2.683
1714822803736,2024-05-04T14:40:03.736,25.330,2.012,-0.854,2.805
1714822803746,2024-05-04T14:40:03.746,25.340,0.915,0.000,3.293
1714822803756,2024-05-04T14:40:03.756,25.350,-0.976,0.915,2.744
1714822803766,2024-05-04T14:40:03.766,25.360,-2.073,1.707,1.768
1714822803776,2024-05-04T14:40:03.776,25.370,-2.622,2.378,1.159
1714822803786,2024-05-04T14:40:03.786,25.380,-3.049,1.463,0.305
1714822803796,2024-05-04T14:40:03.796,25.390,-3.354,-1.037,-0.671
1714822803806,2024-05-04T14:40:03.806,25.400,-3.171,-4.024,-0.732
1714822803816,2024-05-04T14:40:03.816,25.410,-3.232,-6.585,-0.793
1714822803826,2024-05-04T14:40:03.826,25.420,-4.512,-7.073,-1.037
1714822803836,2024-05-04T14:40:03.836,25.430,-5.122,-5.305,-0.854
1714822803846,2024-05-04T14:40:03.846,25.440,-4.634,-3.049,0.000
1714822803856,2024-05-04T14:40:03.856,25.450,-3.537,-1.463,-0.183
1714822803866,2024-05-04T14:40:03.866,25.460,-1.220,-0.976,-0.122
1714822803876,2024-05-04T14:40:03.876,25.470,0.427,-1.159,0.976
1714822803886,2024-05-04T14:40:03.886,25.480,-0.122,-1.707,1.280
1714822803896,2024-05-04T14:40:03.896,25.490,-0.976,-2.378,1.341
1714822803906,2024-05-04T14:40:03.906,25.500,-1.159,-2.439,2.012
1714822803916,2024-05-04T14:40:03.916,25.510,-1.037,-1.951,3.049
1714822803926,2024-05-04T14:40:03.926,25.520,-1.463,-0.549,4.024
1714822803936,2024-05-04T14:40:03.936,25.530,-2.805,1.585,4.512
1714822803946,2024-05-04T14:40:03.946,25.540,-4.024,3.354,4.878
1714822803956,2024-05-04T14:40:03.956,25.550,-4.573,3.293,4.939
1714822803966,2024-05-04T14:40:03.966,25.560,-4.817,2.927,4.695
1714822803976,2024-05-04T14:40:03.976,25.570,-4.268,3.780,5.000
1714822803986,2024-05-04T14:40:03.986,25.580,-5.061,5.915,5.976
1714822803996,2024-05-04T14:40:03.996,25.590,-8.963,4.634,8.415
1714822804006,2024-05-04T14:40:04.006,25.600,-10.976,0.366,11.646
1714822804016,2024-05-04T14:40:04.016,25.610,-12.866,-4.390,16.098
1714822804026,2024-05-04T14:40:04.026,25.620,-17.805,-9.512,24.024
1714822804036,2024-05-04T14:40:04.036,25.630,-21.280,-15.305,30.915
1714822804046,2024-05-04T14:40:04.046,25.640,-25.793,-17.073,37.927
1714822804056,2024-05-04T14:40:04.056,25.650,-33.780,-15.183,41.951
1714822804066,2024-05-04T14:40:04.066,25.660,-44.207,-6.890,34.085
1714822804076,2024-05-04T14:40:04.076,25.670,-55.610,11.768,27.500
1714822804086,2024-05-04T14:40:04.086,25.680,-62.561,32.805,29.268
1714822804096,2024-05-04T14:40:04.096,25.690,-63.963,43.963,23.841
1714822804106,2024-05-04T14:40:04.106,25.700,-63.902,45.976,13.902
1714822804116,2024-05-04T14:40:04.116,25.710,-67.439,42.500,6.890
1714822804126,2024-05-04T14:40:04.126,25.720,-76.890,38.963,-4.207
1714822804136,2024-05-04T14:40:04.136,25.730,-79.573,42.744,-15.427
1714822804146,2024-05-04T14:40:04.146,25.740,-70.183,49.390,-23.171
1714822804156,2024-05-04T14:40:04.156,25.750,-44.146,51.159,-29.573
1714822804166,2024-05-04T14:40:04.166,25.760,-1.098,44.146,-30.061
1714822804176,2024-05-04T14:40:04.176,25.770,40.366,28.720,-24.512
1714822804186,2024-05-04T14:40:04.186,25.780,85.610,16.951,-18.780
1714822804196,2024-05-04T14:40:04.196,25.790,137.134,11.341,-12.561
1714822804206,2024-05-04T14:40:04.206,25.800,196.585,6.829,-6.768
1714822804216,2024-05-04T14:40:04.216,25.810,253.110,-2.866,5.427
1714822804226,2024-05-04T14:40:04.226,25.820,282.805,-5.366,30.915
1714822804236,2024-05-04T14:40:04.236,25.830,275.305,6.707,46.951
1714822804246,2024-05-04T14:40:04.246,25.840,255.549,15.610,41.463
1714822804256,2024-05-04T14:40:04.256,25.850,240.671,10.061,19.756
1714822804266,2024-05-04T14:40:04.266,25.860,219.695,-10.671,-7.012
1714822804276,2024-05-04T14:40:04.276,25.870,208.232,-39.146,-18.171
1714822804286,2024-05-04T14:40:04.286,25.880,202.500,-52.683,-13.110
1714822804296,2024-05-04T14:40:04.296,25.890,173.171,-32.927,-23.963
1714822804306,2024-05-04T14:40:04.306,25.900,146.402,-7.378,-14.573
1714822804316,2024-05-04T14:40:04.316,25.910,138.598,-10.976,-16.768
1714822804326,2024-05-04T14:40:04.326,25.920,144.634,-27.622,-35.549
1714822804336,2024-05-04T14:40:04.336,25.930,131.829,-19.756,-33.049
1714822804346,2024-05-04T14:40:04.346,25.940,88.963,15.488,-32.805
1714822804356,2024-05-04T14:40:04.356,25.950,39.573,61.341,-25.305
1714822804366,2024-05-04T14:40:04.366,25.960,1.646,71.646,-19.207
1714822804376,2024-05-04T14:40:04.376,25.970,-35.610,51.890,-11.768
1714822804386,2024-05-04T14:40:04.386,25.980,-69.817,22.683,-2.500
1714822804396,2024-05-04T14:40:04.396,25.990,-93.720,-3.780,2.683
1714822804406,2024-05-04T14:40:04.406,26.000,-107.988,-25.061,-0.061
1714822804416,2024-05-04T14:40:04.416,26.010,-118.598,-38.902,-3.354
1714822804426,2024-05-04T14:40:04.426,26.020,-124.512,-48.841,-5.122
1714822804436,2024-05-04T14:40:04.436,26.030,-121.220,-60.976,-5.915
1714822804446,2024-05-04T14:40:04.446,26.040,-110.488,-74.756,-8.354
1714822804456,2024-05-04T14:40:04.456,26.050,-97.866,-80.610,-13.963
1714822804466,2024-05-04T14:40:04.466,26.060,-87.439,-69.207,-17.439
1714822804476,2024-05-04T14:40:04.476,26.070,-83.476,-41.768,-13.902
1714822804486,2024-05-04T14:40:04.486,26.080,-83.171,-6.890,-9.085
1714822804496,2024-05-04T14:40:04.496,26.090,-79.207,17.805,-9.512
1714822804506,2024-05-04T14:40:04.506,26.100,-77.683,12.805,-13.354
1714822804516,2024-05-04T14:40:04.516,26.110,-80.915,-9.329,-15.427
1714822804526,2024-05-04T14:40:04.526,26.120,-86.768,-26.585,-17.439
1714822804536,2024-05-04T14:40:04.536,26.130,-88.171,-28.841,-20.122
1714822804546,2024-05-04T14:40:04.546,26.140,-85.976,-21.768,-18.537
1714822804556,2024-05-04T14:40:04.556,26.150,-89.207,-13.780,-14.146
1714822804566,2024-05-04T14:40:04.566,26.160,-95.854,-11.951,-7.134
1714822804576,2024-05-04T14:40:04.576,26.170,-95.000,-15.427,2.195
1714822804586,2024-05-04T14:40:04.586,26.180,-87.073,-17.256,6.585
1714822804596,2024-05-04T14:40:04.596,26.190,-77.866,-17.744,0.610
1714822804606,2024-05-04T14:40:04.606,26.200,-60.366,-22.500,-6.768
1714822804616,2024-05-04T14:40:04.616,26.210,-32.500,-26.951,-3.537
1714822804626,2024-05-04T14:40:04.626,26.220,-11.646,-30.488,6.524
1714822804636,2024-05-04T14:40:04.636,26.230,-11.341,-34.878,2.195
1714822804646,2024-05-04T14:40:04.646,26.240,-34.573,-21.341,-4.817
1714822804656,2024-05-04T14:40:04.656,26.250,-50.427,1.280,-0.244
1714822804666,2024-05-04T14:40:04.666,26.260,-48.780,13.354,3.537
1714822804676,2024-05-04T14:40:04.676,26.270,-35.366,17.866,5.427
1714822804686,2024-05-04T14:40:04.686,26.280,-22.866,10.366,7.500
1714822804696,2024-05-04T14:40:04.696,26.290,-18.841,-6.280,5.976
1714822804706,2024-05-04T14:40:04.706,26.300,-13.476,-22.256,2.561
1714822804716,2024-05-04T14:40:04.716,26.310,-4.512,-26.341,6.707
1714822804726,2024-05-04T14:40:04.726,26.320,-0.549,-23.171,9.207
1714822804736,2024-05-04T14:40:04.736,26.330,-1.280,-19.939,7.317
1714822804746,2024-05-04T14:40:04.746,26.340,-3.841,-12.805,6.463
1714822804756,2024-05-04T14:40:04.756,26.350,-6.524,-3.354,6.402
1714822804766,2024-05-04T14:40:04.766,26.360,-8.780,1.524,7.378
1714822804776,2024-05-04T14:40:04.776,26.370,-9.878,1.280,7.744
1714822804786,2024-05-04T14:40:04.786,26.380,-8.659,0.427,6.890
1714822804796,2024-05-04T14:40:04.796,26.390,-5.976,-0.671,5.366
1714822804806,2024-05-04T14:40:04.806,26.400,-4.085,-2.866,3.537
1714822804816,2024-05-04T14:40:04.816,26.410,-2.866,-4.329,1.524
1714822804826,2024-05-04T14:40:04.826,26.420,-1.220,-3.110,0.549
1714822804836,2024-05-04T14:40:04.836,26.430,-0.488,0.366,0.183
1714822804846,2024-05-04T14:40:04.846,26.440,-1.829,3.537,-0.183
1714822804856,2024-05-04T14:40:04.856,26.450,-3.293,5.915,1.829
1714822804866,2024-05-04T14:40:04.866,26.460,-2.744,7.744,4.512
1714822804876,2024-05-04T14:40:04.876,26.470,-1.280,7.988,5.000
1714822804886,2024-05-04T14:40:04.886,26.480,-0.061,8.171,5.000
1714822804896,2024-05-04T14:40:04.896,26.490,-0.488,6.524,5.610
1714822804906,2024-05-04T14:40:04.906,26.500,-1.341,2.378,5.549
1714822804916,2024-05-04T14:40:04.916,26.510,-0.915,-4.085,4.146
1714822804926,2024-05-04T14:40:04.926,26.520,1.585,-8.659,3.415
1714822804936,2024-05-04T14:40:04.936,26.530,3.598,-8.841,3.598
1714822804946,2024-05-04T14:40:04.946,26.540,4.085,-4.695,4.024
1714822804956,2024-05-04T14:40:04.956,26.550,4.573,2.256,5.000
1714822804966,2024-05-04T14:40:04.966,26.560,3.598,7.866,4.817
1714822804976,2024-05-04T14:40:04.976,26.570,1.829,11.220,4.329
1714822804986,2024-05-04T14:40:04.986,26.580,1.707,11.524,4.329
1714822804996,2024-05-04T14:40:04.996,26.590,1.646,10.305,4.573
1714822805006,2024-05-04T14:40:05.006,26.600,0.732,8.780,4.939
1714822805016,2024-05-04T14:40:05.016,26.610,0.366,6.585,5.000
1714822805026,2024-05-04T14:40:05.026,26.620,0.671,3.354,4.695
1714822805036,2024-05-04T14:40:05.036,26.630,1.341,0.244,5.244
1714822805046,2024-05-04T14:40:05.046,26.640,2.256,-1.341,6.159
1714822805056,2024-05-04T14:40:05.056,26.650,2.195,-1.098,5.549
1714822805066,2024-05-04T14:40:05.066,26.660,1.646,-0.549,5.305
1714822805076,2024-05-04T14:40:05.076,26.670,0.732,-0.610,5.610
1714822805086,2024-05-04T14:40:05.086,26.680,0.061,-0.366,4.512
1714822805096,2024-05-04T14:40:05.096,26.690,0.915,0.244,5.000
1714822805106,2024-05-04T14:40:05.106,26.700,1.768,0.854,6.159
1714822805116,2024-05-04T14:40:05.116,26.710,1.341,2.744,5.732
1714822805126,2024-05-04T14:40:05.126,26.720,-0.244,6.951,5.366
1714822805136,2024-05-04T14:40:05.136,26.730,-1.341,11.707,4.939
1714822805146,2024-05-04T14:40:05.146,26.740,-0.549,15.122,5.122
1714822805156,2024-05-04T14:40:05.156,26.750,0.793,17.805,5.793
1714822805166,2024-05-04T14:40:05.166,26.760,0.976,20.183,6.402
1714822805176,2024-05-04T14:40:05.176,26.770,-0.061,21.037,7.744
1714822805186,2024-05-04T14:40:05.186,26.780,-2.195,20.122,9.085
1714822805196,2024-05-04T14:40:05.196,26.790,-5.244,19.146,10.183
1714822805206,2024-05-04T14:40:05.206,26.800,-8.902,19.390,11.402
1714822805216,2024-05-04T14:40:05.216,26.810,-12.317,20.732,12.927
1714822805226,2024-05-04T14:40:05.226,26.820,-15.671,21.951,13.780
1714822805236,2024-05-04T14:40:05.236,26.830,-19.939,23.902,14.146
1714822805246,2024-05-04T14:40:05.246,26.840,-23.841,24.207,15.671
1714822805256,2024-05-04T14:40:05.256,26.850,-26.037,20.061,17.622
1714822805266,2024-05-04T14:40:05.266,26.860,-28.171,11.341,19.695
1714822805276,2024-05-04T14:40:05.276,26.870,-28.598,-2.195,21.524
1714822805286,2024-05-04T14:40:05.286,26.880,-23.841,-12.012,22.134
1714822805296,2024-05-04T14:40:05.296,26.890,-24.207,-10.427,23.232
1714822805306,2024-05-04T14:40:05.306,26.900,-32.561,-8.049,25.000
1714822805316,2024-05-04T14:40:05.316,26.910,-39.451,-10.671,20.061
1714822805326,2024-05-04T14:40:05.326,26.920,-41.951,-9.573,17.866
1714822805336,2024-05-04T14:40:05.336,26.930,-42.561,-7.317,16.402
1714822805346,2024-05-04T14:40:05.346,26.940,-48.720,-1.159,9.756
1714822805356,2024-05-04T14:40:05.356,26.950,-48.110,10.366,5.122
1714822805366,2024-05-04T14:40:05.366,26.960,-38.232,24.390,-3.293
1714822805376,2024-05-04T14:40:05.376,26.970,-31.768,39.207,-18.171
1714822805386,2024-05-04T14:40:05.386,26.980,-26.707,49.695,-31.341
1714822805396,2024-05-04T14:40:05.396,26.990,-10.183,60.549,-34.817
1714822805406,2024-05-04T14:40:05.406,27.000,16.829,67.439,-26.341
1714822805416,2024-05-04T14:40:05.416,27.010,45.366,58.049,-17.439
1714822805426,2024-05-04T14:40:05.426,27.020,76.829,35.122,-17.622
1714822805436,2024-05-04T14:40:05.436,27.030,121.585,26.524,-18.171
1714822805446,2024-05-04T14:40:05.446,27.040,173.232,39.573,-11.098
1714822805456,2024-05-04T14:40:05.456,27.050,212.012,47.927,0.915
1714822805466,2024-05-04T14:40:05.466,27.060,243.476,33.963,16.220
1714822805476,2024-05-04T14:40:05.476,27.070,259.939,16.768,32.622
1714822805486,2024-05-04T14:40:05.486,27.080,258.780,4.329,35.549
1714822805496,2024-05-04T14:40:05.496,27.090,251.524,-7.134,23.841
1714822805506,2024-05-04T14:40:05.506,27.100,231.829,-25.732,3.841
1714822805516,2024-05-04T14:40:05.516,27.110,212.744,-54.878,-16.890
1714822805526,2024-05-04T14:40:05.526,27.120,201.951,-81.463,-8.476
1714822805536,2024-05-04T14:40:05.536,27.130,157.195,-77.073,-3.902
1714822805546,2024-05-04T14:40:05.546,27.140,105.427,-52.866,9.146
1714822805556,2024-05-04T14:40:05.556,27.150,93.293,-42.927,24.817
1714822805566,2024-05-04T14:40:05.566,27.160,111.098,-48.110,10.183
1714822805576,2024-05-04T14:40:05.576,27.170,100.122,-24.878,8.659
1714822805586,2024-05-04T14:40:05.586,27.180,62.378,7.744,11.280
1714822805596,2024-05-04T14:40:05.596,27.190,22.683,19.329,15.671
1714822805606,2024-05-04T14:40:05.606,27.200,-11.402,1.890,24.329
1714822805616,2024-05-04T14:40:05.616,27.210,-47.561,-17.317,32.500
1714822805626,2024-05-04T14:40:05.626,27.220,-79.207,-23.963,34.268
1714822805636,2024-05-04T14:40:05.636,27.230,-100.610,-34.268,28.110
1714822805646,2024-05-04T14:40:05.646,27.240,-114.329,-48.659,20.488
1714822805656,2024-05-04T14:40:05.656,27.250,-118.537,-56.341,16.829
1714822805666,2024-05-04T14:40:05.666,27.260,-116.037,-57.439,13.415
1714822805676,2024-05-04T14:40:05.676,27.270,-112.073,-63.841,3.232
1714822805686,2024-05-04T14:40:05.686,27.280,-106.829,-73.598,-10.000
1714822805696,2024-05-04T14:40:05.696,27.290,-95.915,-68.354,-18.963
1714822805706,2024-05-04T14:40:05.706,27.300,-83.293,-36.585,-24.573
1714822805716,2024-05-04T14:40:05.716,27.310,-75.000,15.915,-28.902
1714822805726,2024-05-04T14:40:05.726,27.320,-72.500,64.939,-25.488
1714822805736,2024-05-04T14:40:05.736,27.330,-74.390,81.037,-19.390
1714822805746,2024-05-04T14:40:05.746,27.340,-77.988,65.793,-19.085
1714822805756,2024-05-04T14:40:05.756,27.350,-81.402,36.037,-18.293
1714822805766,2024-05-04T14:40:05.766,27.360,-85.000,6.280,-14.024
1714822805776,2024-05-04T14:40:05.776,27.370,-84.085,-17.500,-10.305
1714822805786,2024-05-04T14:40:05.786,27.380,-75.427,-34.207,-9.146
1714822805796,2024-05-04T14:40:05.796,27.390,-64.085,-44.390,-8.659
1714822805806,2024-05-04T14:40:05.806,27.400,-59.146,-44.573,-9.756
1714822805816,2024-05-04T14:40:05.816,27.410,-61.646,-33.537,-10.854
1714822805826,2024-05-04T14:40:05.826,27.420,-67.500,-14.634,-10.854
1714822805836,2024-05-04T14:40:05.836,27.430,-75.732,2.622,-5.244
1714822805846,2024-05-04T14:40:05.846,27.440,-72.744,11.341,5.854
1714822805856,2024-05-04T14:40:05.856,27.450,-45.366,8.110,18.049
1714822805866,2024-05-04T14:40:05.866,27.460,4.878,-13.720,19.085
1714822805876,2024-05-04T14:40:05.876,27.470,33.232,-30.122,4.207
1714822805886,2024-05-04T14:40:05.886,27.480,15.671,-16.829,5.244
1714822805896,2024-05-04T14:40:05.896,27.490,-18.354,23.232,4.573
1714822805906,2024-05-04T14:40:05.906,27.500,-31.463,51.524,-1.280
1714822805916,2024-05-04T14:40:05.916,27.510,-23.963,52.317,-2.439
1714822805926,2024-05-04T14:40:05.926,27.520,-17.134,29.329,-1.768
1714822805936,2024-05-04T14:40:05.936,27.530,-17.622,6.524,-1.159
1714822805946,2024-05-04T14:40:05.946,27.540,-22.317,-6.341,1.098
1714822805956,2024-05-04T14:40:05.956,27.550,-24.878,-10.732,4.024
1714822805966,2024-05-04T14:40:05.966,27.560,-21.037,-15.244,3.780
1714822805976,2024-05-04T14:40:05.976,27.570,-12.988,-21.585,2.683
1714822805986,2024-05-04T14:40:05.986,27.580,-5.976,-22.073,4.390
1714822805996,2024-05-04T14:40:05.996,27.590,-3.476,-10.793,4.024
1714822806006,2024-05-04T14:40:06.006,27.600,-3.110,2.927,0.366
1714822806016,2024-05-04T14:40:06.016,27.610,-2.195,10.244,-1.768
1714822806026,2024-05-04T14:40:06.026,27.620,0.061,11.341,-1.890
1714822806036,2024-05-04T14:40:06.036,27.630,1.524,9.512,-1.524
1714822806046,2024-05-04T14:40:06.046,27.640,0.366,7.866,-1.646
1714822806056,2024-05-04T14:40:06.056,27.650,-2.256,6.341,-1.037
1714822806066,2024-05-04T14:40:06.066,27.660,-3.659,2.988,-0.122
1714822806076,2024-05-04T14:40:06.076,27.670,-1.890,-1.829,0.244
1714822806086,2024-05-04T14:40:06.086,27.680,1.159,-5.061,0.915
1714822806096,2024-05-04T14:40:06.096,27.690,1.341,-4.817,1.829
1714822806106,2024-05-04T14:40:06.106,27.700,-0.549,-3.171,2.683
1714822806116,2024-05-04T14:40:06.116,27.710,-2.439,-2.073,2.500
1714822806126,2024-05-04T14:40:06.126,27.720,-2.561,-3.293,2.012
1714822806136,2024-05-04T14:40:06.136,27.730,-0.854,-4.512,1.890
1714822806146,2024-05-04T14:40:06.146,27.740,0.915,-3.902,1.829
1714822806156,2024-05-04T14:40:06.156,27.750,1.829,-1.585,2.256
1714822806166,2024-05-04T14:40:06.166,27.760,1.341,2.683,1.341
1714822806176,2024-05-04T14:40:06.176,27.770,0.671,5.000,0.427
1714822806186,2024-05-04T14:40:06.186,27.780,-1.159,4.329,1.159
1714822806196,2024-05-04T14:40:06.196,27.790,-3.537,2.012,2.134
1714822806206,2024-05-04T14:40:06.206,27.800,-3.963,-0.183,2.317
1714822806216,2024-05-04T14:40:06.216,27.810,-3.110,0.061,1.829
1714822806226,2024-05-04T14:40:06.226,27.820,-1.890,0.488,1.768
1714822806236,2024-05-04T14:40:06.236,27.830,-0.915,0.183,2.866
1714822806246,2024-05-04T14:40:06.246,27.840,-0.976,0.183,3.476
1714822806256,2024-05-04T14:40:06.256,27.850,-1.220,-0.793,2.561
1714822806266,2024-05-04T14:40:06.266,27.860,-1.037,-2.378,1.829
1714822806276,2024-05-04T14:40:06.276,27.870,-1.037,-2.805,2.500
1714822806286,2024-05-04T14:40:06.286,27.880,-1.585,-1.159,2.500
1714822806296,2024-05-04T14:40:06.296,27.890,-1.585,1.524,2.134
1714822806306,2024-05-04T14:40:06.306,27.900,-1.829,4.512,2.378
1714822806316,2024-05-04T14:40:06.316,27.910,-3.415,7.134,2.256
1714822806326,2024-05-04T14:40:06.326,27.920,-4.756,5.915,1.159
1714822806336,2024-05-04T14:40:06.336,27.930,-4.634,2.012,0.854
1714822806346,2024-05-04T14:40:06.346,27.940,-4.024,-2.439,0.793
1714822806356,2024-05-04T14:40:06.356,27.950,-4.146,-4.939,0.488
1714822806366,2024-05-04T14:40:06.366,27.960,-4.939,-4.573,0.549
1714822806376,2024-05-04T14:40:06.376,27.970,-5.732,-2.805,1.585
1714822806386,2024-05-04T14:40:06.386,27.980,-5.549,1.524,3.598
1714822806396,2024-05-04T14:40:06.396,27.990,-4.512,8.232,4.756
1714822806406,2024-05-04T14:40:06.406,28.000,-2.988,14.390,5.000
1714822806416,2024-05-04T14:40:06.416,28.010,-3.415,17.622,6.037
1714822806426,2024-05-04T14:40:06.426,28.020,-5.793,15.793,7.012
1714822806436,2024-05-04T14:40:06.436,28.030,-7.561,6.463,8.841
1714822806446,2024-05-04T14:40:06.446,28.040,-6.585,-8.354,11.768
1714822806456,2024-05-04T14:40:06.456,28.050,-3.415,-21.098,13.476
1714822806466,2024-05-04T14:40:06.466,28.060,-1.585,-26.768,13.902
1714822806476,2024-05-04T14:40:06.476,28.070,-2.500,-24.817,12.744
1714822806486,2024-05-04T14:40:06.486,28.080,-4.268,-20.915,11.402
1714822806496,2024-05-04T14:40:06.496,28.090,-5.671,-17.622,12.378
1714822806506,2024-05-04T14:40:06.506,28.100,-7.317,-13.598,13.720
1714822806516,2024-05-04T14:40:06.516,28.110,-9.573,-7.073,13.841
1714822806526,2024-05-04T14:40:06.526,28.120,-12.744,1.768,13.476
1714822806536,2024-05-04T14:40:06.536,28.130,-14.451,9.817,14.695
1714822806546,2024-05-04T14:40:06.546,28.140,-12.561,16.037,17.561
1714822806556,2024-05-04T14:40:06.556,28.150,-11.829,26.402,18.354
1714822806566,2024-05-04T14:40:06.566,28.160,-12.744,46.098,15.610
1714822806576,2024-05-04T14:40:06.576,28.170,-21.037,68.049,12.134
1714822806586,2024-05-04T14:40:06.586,28.180,-26.341,86.829,7.256
1714822806596,2024-05-04T14:40:06.596,28.190,-13.720,87.561,7.378
1714822806606,2024-05-04T14:40:06.606,28.200,-0.610,64.512,1.646
1714822806616,2024-05-04T14:40:06.616,28.210,-6.585,40.122,-10.915
1714822806626,2024-05-04T14:40:06.626,28.220,-17.805,29.878,-17.012
1714822806636,2024-05-04T14:40:06.636,28.230,-20.122,23.841,-23.232
1714822806646,2024-05-04T14:40:06.646,28.240,-14.390,13.171,-23.476
1714822806656,2024-05-04T14:40:06.656,28.250,-0.122,12.805,-11.890
1714822806666,2024-05-04T14:40:06.666,28.260,28.476,22.195,-21.585
1714822806676,2024-05-04T14:40:06.676,28.270,80.244,34.756,-9.817
1714822806686,2024-05-04T14:40:06.686,28.280,148.354,41.159,12.500
1714822806696,2024-05-04T14:40:06.696,28.290,216.037,41.951,20.732
1714822806706,2024-05-04T14:40:06.706,28.300,271.463,46.280,33.415
1714822806716,2024-05-04T14:40:06.716,28.310,294.756,56.159,52.561
1714822806726,2024-05-04T14:40:06.726,28.320,281.829,53.476,70.732
1714822806736,2024-05-04T14:40:06.736,28.330,261.341,22.439,64.756
1714822806746,2024-05-04T14:40:06.746,28.340,246.463,-22.012,35.854
1714822806756,2024-05-04T14:40:06.756,28.350,235.854,-61.159,-0.122
1714822806766,2024-05-04T14:40:06.766,28.360,221.037,-80.000,-19.085
1714822806776,2024-05-04T14:40:06.776,28.370,176.829,-76.280,-5.000
1714822806786,2024-05-04T14:40:06.786,28.380,107.988,-51.220,27.988
1714822806796,2024-05-04T14:40:06.796,28.390,65.732,-28.902,53.659
1714822806806,2024-05-04T14:40:06.806,28.400,69.024,-49.146,24.146
1714822806816,2024-05-04T14:40:06.816,28.410,89.573,-69.756,1.220
1714822806826,2024-05-04T14:40:06.826,28.420,87.744,-63.841,16.098
1714822806836,2024-05-04T14:40:06.836,28.430,43.659,-34.390,11.951
1714822806846,2024-05-04T14:40:06.846,28.440,1.951,9.573,3.598
1714822806856,2024-05-04T14:40:06.856,28.450,-24.939,32.256,9.817
1714822806866,2024-05-04T14:40:06.866,28.460,-50.610,39.451,17.866
1714822806876,2024-05-04T14:40:06.876,28.470,-73.841,33.415,17.256
1714822806886,2024-05-04T14:40:06.886,28.480,-87.317,11.098,10.915
1714822806896,2024-05-04T14:40:06.896,28.490,-98.415,-12.012,7.866
1714822806906,2024-05-04T14:40:06.906,28.500,-102.378,-21.280,1.220
1714822806916,2024-05-04T14:40:06.916,28.510,-101.890,-20.915,-4.085
1714822806926,2024-05-04T14:40:06.926,28.520,-101.402,-23.415,-13.659
1714822806936,2024-05-04T14:40:06.936,28.530,-97.195,-28.780,-20.854
1714822806946,2024-05-04T14:40:06.946,28.540,-89.146,-31.585,-21.707
1714822806956,2024-05-04T14:40:06.956,28.550,-78.963,-21.829,-22.256
1714822806966,2024-05-04T14:40:06.966,28.560,-72.439,-6.829,-24.756
1714822806976,2024-05-04T14:40:06.976,28.570,-72.866,5.244,-27.744
1714822806986,2024-05-04T14:40:06.986,28.580,-70.915,12.988,-25.000
1714822806996,2024-05-04T14:40:06.996,28.590,-69.207,7.866,-20.610
1714822807006,2024-05-04T14:40:07.006,28.600,-70.732,0.244,-21.280
1714822807016,2024-05-04T14:40:07.016,28.610,-73.049,-7.988,-20.000
1714822807026,2024-05-04T14:40:07.026,28.620,-75.305,-11.951,-16.341
1714822807036,2024-05-04T14:40:07.036,28.630,-78.354,-7.317,-15.732
1714822807046,2024-05-04T14:40:07.046,28.640,-82.134,-3.537,-17.073
1714822807056,2024-05-04T14:40:07.056,28.650,-83.171,0.854,-16.585
1714822807066,2024-05-04T14:40:07.066,28.660,-82.317,2.744,-14.878
1714822807076,2024-05-04T14:40:07.076,28.670,-79.451,-2.256,-13.110
1714822807086,2024-05-04T14:40:07.086,28.680,-76.402,-11.585,-7.866
1714822807096,2024-05-04T14:40:07.096,28.690,-75.610,-23.963,-3.841
1714822807106,2024-05-04T14:40:07.106,28.700,-76.585,-32.927,-5.183
1714822807116,2024-05-04T14:40:07.116,28.710,-66.646,-21.951,-6.220
1714822807126,2024-05-04T14:40:07.126,28.720,-45.488,-11.341,3.476
1714822807136,2024-05-04T14:40:07.136,28.730,-22.378,-3.171,9.451
1714822807146,2024-05-04T14:40:07.146,28.740,-6.341,1.280,1.280
1714822807156,2024-05-04T14:40:07.156,28.750,-2.317,-4.695,-1.768
1714822807166,2024-05-04T14:40:07.166,28.760,-8.659,-3.049,1.402
1714822807176,2024-05-04T14:40:07.176,28.770,-16.280,4.207,0.854
1714822807186,2024-05-04T14:40:07.186,28.780,-16.585,10.854,1.341
1714822807196,2024-05-04T14:40:07.196,28.790,-10.671,14.024,1.098
1714822807206,2024-05-04T14:40:07.206,28.800,-7.683,10.549,-1.768
1714822807216,2024-05-04T14:40:07.216,28.810,-11.341,9.451,-2.500
1714822807226,2024-05-04T14:40:07.226,28.820,-13.780,7.927,-1.768
1714822807236,2024-05-04T14:40:07.236,28.830,-11.585,1.159,1.524
1714822807246,2024-05-04T14:40:07.246,28.840,-8.841,-2.866,6.890
1714822807256,2024-05-04T14:40:07.256,28.850,-7.683,-1.768,5.732
1714822807266,2024-05-04T14:40:07.266,28.860,-5.793,-2.378,0.854
1714822807276,2024-05-04T14:40:07.276,28.870,-3.293,-1.707,-0.610
1714822807286,2024-05-04T14:40:07.286,28.880,-2.012,2.622,-1.159
1714822807296,2024-05-04T14:40:07.296,28.890,-2.134,6.707,-2.683
1714822807306,2024-05-04T14:40:07.306,28.900,-3.963,7.683,-3.963
1714822807316,2024-05-04T14:40:07.316,28.910,-5.976,5.549,-4.451
1714822807326,2024-05-04T14:40:07.326,28.920,-6.951,4.573,-3.720
1714822807336,2024-05-04T14:40:07.336,28.930,-7.378,5.427,-2.927
1714822807346,2024-05-04T14:40:07.346,28.940,-7.866,4.451,-2.866
1714822807356,2024-05-04T14:40:07.356,28.950,-7.012,3.110,-1.037
1714822807366,2024-05-04T14:40:07.366,28.960,-4.878,4.207,-0.183
1714822807376,2024-05-04T14:40:07.376,28.970,-3.110,5.366,-1.037
1714822807386,2024-05-04T14:40:07.386,28.980,-2.622,5.000,-1.463
1714822807396,2024-05-04T14:40:07.396,28.990,-2.683,3.476,-1.524
1714822807406,2024-05-04T14:40:07.406,29.000,-1.951,1.951,-0.732
1714822807416,2024-05-04T14:40:07.416,29.010,-1.707,0.244,-0.732
1714822807426,2024-05-04T14:40:07.426,29.020,-1.280,-1.280,0.244
1714822807436,2024-05-04T14:40:07.436,29.030,-0.244,-1.220,1.829
1714822807446,2024-05-04T14:40:07.446,29.040,0.000,-0.976,1.220
1714822807456,2024-05-04T14:40:07.456,29.050,-0.610,-0.366,0.488
1714822807466,2024-05-04T14:40:07.466,29.060,-1.402,0.732,-0.305
1714822807476,2024-05-04T14:40:07.476,29.070,-1.951,1.707,-0.976
1714822807486,2024-05-04T14:40:07.486,29.080,-0.854,2.805,-0.610
1714822807496,2024-05-04T14:40:07.496,29.090,0.793,3.110,-0.244
1714822807506,2024-05-04T14:40:07.506,29.100,0.732,3.720,0.061
1714822807516,2024-05-04T14:40:07.516,29.110,-0.976,4.207,0.244
1714822807526,2024-05-04T14:40:07.526,29.120,-2.073,1.890,0.244
1714822807536,2024-05-04T14:40:07.536,29.130,-1.707,-1.402,0.366
1714822807546,2024-05-04T14:40:07.546,29.140,-0.305,-3.171,0.610
1714822807556,2024-05-04T14:40:07.556,29.150,1.341,-2.256,0.488
1714822807566,2024-05-04T14:40:07.566,29.160,1.341,0.732,-0.183
1714822807576,2024-05-04T14:40:07.576,29.170,0.671,3.659,-1.098
1714822807586,2024-05-04T14:40:07.586,29.180,0.305,4.390,-1.829
1714822807596,2024-05-04T14:40:07.596,29.190,-0.183,2.683,-1.890
1714822807606,2024-05-04T14:40:07.606,29.200,-0.122,-0.183,-1.159
1714822807616,2024-05-04T14:40:07.616,29.210,1.159,-2.500,-0.549
1714822807626,2024-05-04T14:40:07.626,29.220,2.622,-3.537,-0.488
1714822807636,2024-05-04T14:40:07.636,29.230,4.085,-1.159,-0.122
1714822807646,2024-05-04T14:40:07.646,29.240,4.573,3.232,0.305
1714822807656,2024-05-04T14:40:07.656,29.250,3.110,6.951,0.183
1714822807666,2024-05-04T14:40:07.666,29.260,1.159,6.829,-0.061
1714822807676,2024-05-04T14:40:07.676,29.270,0.732,4.024,0.488
1714822807686,2024-05-04T14:40:07.686,29.280,1.402,1.585,0.549
1714822807696,2024-05-04T14:40:07.696,29.290,3.171,0.427,-0.549
1714822807706,2024-05-04T14:40:07.706,29.300,4.939,1.768,-0.976
1714822807716,2024-05-04T14:40:07.716,29.310,6.463,4.451,-0.793
1714822807726,2024-05-04T14:40:07.726,29.320,7.378,6.463,-0.671
1714822807736,2024-05-04T14:40:07.736,29.330,6.829,7.866,-0.244
1714822807746,2024-05-04T14:40:07.746,29.340,5.854,7.683,0.122
1714822807756,2024-05-04T14:40:07.756,29.350,6.037,5.610,0.183
1714822807766,2024-05-04T14:40:07.766,29.360,7.500,1.707,0.427
1714822807776,2024-05-04T14:40:07.776,29.370,8.598,-1.585,0.732
1714822807786,2024-05-04T14:40:07.786,29.380,9.390,-3.049,0.549
1714822807796,2024-05-04T14:40:07.796,29.390,10.183,-3.963,0.671
1714822807806,2024-05-04T14:40:07.806,29.400,9.268,-4.939,1.585
1714822807816,2024-05-04T14:40:07.816,29.410,6.098,-8.049,2.256
1714822807826,2024-05-04T14:40:07.826,29.420,2.561,-11.341,2.500
1714822807836,2024-05-04T14:40:07.836,29.430,-1.341,-14.878,3.110
1714822807846,2024-05-04T14:40:07.846,29.440,-5.000,-18.110,4.939
1714822807856,2024-05-04T14:40:07.856,29.450,-10.061,-19.512,6.280
1714822807866,2024-05-04T14:40:07.866,29.460,-17.317,-16.707,6.220
1714822807876,2024-05-04T14:40:07.876,29.470,-23.659,-9.878,5.366
1714822807886,2024-05-04T14:40:07.886,29.480,-27.073,-4.634,7.866
1714822807896,2024-05-04T14:40:07.896,29.490,-30.488,0.854,10.854
1714822807906,2024-05-04T14:40:07.906,29.500,-38.963,11.585,14.817
1714822807916,2024-05-04T14:40:07.916,29.510,-49.695,26.524,17.256
1714822807926,2024-05-04T14:40:07.926,29.520,-59.329,38.354,15.976
1714822807936,2024-05-04T14:40:07.936,29.530,-70.976,46.280,16.951
1714822807946,2024-05-04T14:40:07.946,29.540,-81.280,46.585,10.732
1714822807956,2024-05-04T14:40:07.956,29.550,-83.171,39.146,2.317
1714822807966,2024-05-04T14:40:07.966,29.560,-80.671,34.634,2.500
1714822807976,2024-05-04T14:40:07.976,29.570,-73.841,40.305,1.646
1714822807986,2024-05-04T14:40:07.986,29.580,-71.037,48.171,-6.098
1714822807996,2024-05-04T14:40:07.996,29.590,-76.951,44.268,-9.207
1714822808006,2024-05-04T14:40:08.006,29.600,-81.341,29.695,-15.122
1714822808016,2024-05-04T14:40:08.016,29.610,-72.073,19.878,-28.963
1714822808026,2024-05-04T14:40:08.026,29.620,-50.671,21.646,-29.939
1714822808036,2024-05-04T14:40:08.036,29.630,-23.293,20.366,-20.427
1714822808046,2024-05-04T14:40:08.046,29.640,11.829,10.732,-12.988
1714822808056,2024-05-04T14:40:08.056,29.650,54.939,3.415,-4.817
1714822808066,2024-05-04T14:40:08.066,29.660,98.354,3.720,2.439
1714822808076,2024-05-04T14:40:08.076,29.670,141.463,3.049,10.183
1714822808086,2024-05-04T14:40:08.086,29.680,193.232,-4.878,19.329
1714822808096,2024-05-04T14:40:08.096,29.690,247.439,-8.171,46.037
1714822808106,2024-05-04T14:40:08.106,29.700,264.451,2.134,80.305
1714822808116,2024-05-04T14:40:08.116,29.710,249.634,9.939,93.171
1714822808126,2024-05-04T14:40:08.126,29.720,241.463,-6.159,78.963
1714822808136,2024-05-04T14:40:08.136,29.730,237.988,-30.427,44.024
1714822808146,2024-05-04T14:40:08.146,29.740,208.354,-44.756,11.341
1714822808156,2024-05-04T14:40:08.156,29.750,193.963,-50.244,1.829
1714822808166,2024-05-04T14:40:08.166,29.760,190.122,-48.293,21.707
1714822808176,2024-05-04T14:40:08.176,29.770,153.354,-34.024,30.610
1714822808186,2024-05-04T14:40:08.186,29.780,115.366,-48.659,34.634
1714822808196,2024-05-04T14:40:08.196,29.790,111.341,-83.049,10.732
1714822808206,2024-05-04T14:40:08.206,29.800,114.268,-96.585,-12.256
1714822808216,2024-05-04T14:40:08.216,29.810,97.073,-58.963,-1.890
1714822808226,2024-05-04T14:40:08.226,29.820,60.244,0.305,-0.854
1714822808236,2024-05-04T14:40:08.236,29.830,22.622,36.037,-6.768
1714822808246,2024-05-04T14:40:08.246,29.840,-11.159,25.915,3.415
1714822808256,2024-05-04T14:40:08.256,29.850,-44.634,9.573,8.598
1714822808266,2024-05-04T14:40:08.266,29.860,-74.390,1.463,12.805
1714822808276,2024-05-04T14:40:08.276,29.870,-93.659,-13.780,14.634
1714822808286,2024-05-04T14:40:08.286,29.880,-106.220,-31.646,8.841
1714822808296,2024-05-04T14:40:08.296,29.890,-117.927,-39.817,1.707
1714822808306,2024-05-04T14:40:08.306,29.900,-120.732,-35.122,-0.610
1714822808316,2024-05-04T14:40:08.316,29.910,-118.720,-29.024,-7.256
1714822808326,2024-05-04T14:40:08.326,29.920,-115.000,-22.317,-16.951
1714822808336,2024-05-04T14:40:08.336,29.930,-103.963,-17.195,-28.598
1714822808346,2024-05-04T14:40:08.346,29.940,-91.829,-16.646,-37.744
1714822808356,2024-05-04T14:40:08.356,29.950,-88.415,-18.049,-33.049
1714822808366,2024-05-04T14:40:08.366,29.960,-97.256,-23.537,-16.829
1714822808376,2024-05-04T14:40:08.376,29.970,-100.183,-24.024,-8.598
1714822808386,2024-05-04T14:40:08.386,29.980,-97.927,-20.305,-14.573
1714822808396,2024-05-04T14:40:08.396,29.990,-91.463,-9.878,-17.988
1714822808406,2024-05-04T14:40:08.406,30.000,-90.000,0.000,-15.549
1714822808416,2024-05-04T14:40:08.416,30.010,-87.439,4.451,-15.854
1714822808426,2024-05-04T14:40:08.426,30.020,-77.073,-4.512,-14.695
1714822808436,2024-05-04T14:40:08.436,30.030,-64.512,-27.134,-9.878
1714822808446,2024-05-04T14:40:08.446,30.040,-59.512,-51.037,-5.976
1714822808456,2024-05-04T14:40:08.456,30.050,-59.207,-58.110,-7.866
1714822808466,2024-05-04T14:40:08.466,30.060,-58.415,-44.085,-5.061
1714822808476,2024-05-04T14:40:08.476,30.070,-58.659,-27.195,-2.683
1714822808486,2024-05-04T14:40:08.486,30.080,-56.829,-18.110,-9.695
1714822808496,2024-05-04T14:40:08.496,30.090,-46.463,-13.293,-14.451
1714822808506,2024-05-04T14:40:08.506,30.100,-31.829,-4.512,-10.610
1714822808516,2024-05-04T14:40:08.516,30.110,-26.159,10.732,-11.768
1714822808526,2024-05-04T14:40:08.526,30.120,-17.195,21.220,-5.183
1714822808536,2024-05-04T14:40:08.536,30.130,-2.622,5.610,4.695
1714822808546,2024-05-04T14:40:08.546,30.140,6.280,-11.220,6.890
1714822808556,2024-05-04T14:40:08.556,30.150,-3.537,-19.512,-1.159
1714822808566,2024-05-04T14:40:08.566,30.160,-18.354,-18.902,-6.098
1714822808576,2024-05-04T14:40:08.576,30.170,-18.720,-7.683,-1.220
1714822808586,2024-05-04T14:40:08.586,30.180,-8.963,-1.829,1.220
1714822808596,2024-05-04T14:40:08.596,30.190,-8.659,-4.451,2.378
1714822808606,2024-05-04T14:40:08.606,30.200,-16.585,-6.341,1.707
1714822808616,2024-05-04T14:40:08.616,30.210,-16.646,-3.659,2.439
1714822808626,2024-05-04T14:40:08.626,30.220,-9.573,0.854,5.000
1714822808636,2024-05-04T14:40:08.636,30.230,-2.073,2.500,5.610
1714822808646,2024-05-04T14:40:08.646,30.240,2.195,1.768,4.024
1714822808656,2024-05-04T14:40:08.656,30.250,3.049,0.671,1.159
1714822808666,2024-05-04T14:40:08.666,30.260,3.963,0.915,1.037
1714822808676,2024-05-04T14:40:08.676,30.270,4.451,2.988,1.951
1714822808686,2024-05-04T14:40:08.686,30.280,2.561,5.732,2.134
1714822808696,2024-05-04T14:40:08.696,30.290,0.366,6.890,3.963
1714822808706,2024-05-04T14:40:08.706,30.300,-0.244,4.756,5.183
1714822808716,2024-05-04T14:40:08.716,30.310,0.122,1.524,5.366
1714822808726,2024-05-04T14:40:08.726,30.320,0.000,-0.671,5.671
1714822808736,2024-05-04T14:40:08.736,30.330,0.671,-1.951,6.159
1714822808746,2024-05-04T14:40:08.746,30.340,2.805,-3.171,5.793
1714822808756,2024-05-04T14:40:08.756,30.350,4.756,-4.756,4.939
1714822808766,2024-05-04T14:40:08.766,30.360,5.427,-5.427,4.939
1714822808776,2024-05-04T14:40:08.776,30.370,3.963,-2.866,5.488
1714822808786,2024-05-04T14:40:08.786,30.380,0.793,0.915,4.634
1714822808796,2024-05-04T14:40:08.796,30.390,-1.341,2.805,3.902
1714822808806,2024-05-04T14:40:08.806,30.400,-2.073,2.134,3.902
1714822808816,2024-05-04T14:40:08.816,30.410,-1.585,0.549,3.171
1714822808826,2024-05-04T14:40:08.826,30.420,0.610,-0.061,2.073
1714822808836,2024-05-04T14:40:08.836,30.430,2.378,-2.073,0.976
1714822808846,2024-05-04T14:40:08.846,30.440,2.073,-5.244,1.585
1714822808856,2024-05-04T14:40:08.856,30.450,1.341,-7.500,2.378
1714822808866,2024-05-04T14:40:08.866,30.460,0.549,-7.683,2.012
1714822808876,2024-05-04T14:40:08.876,30.470,0.122,-5.488,1.707
1714822808886,2024-05-04T14:40:08.886,30.480,0.427,-1.524,1.402
1714822808896,2024-05-04T14:40:08.896,30.490,1.341,2.561,1.220
1714822808906,2024-05-04T14:40:08.906,30.500,1.890,6.098,1.524
1714822808916,2024-05-04T14:40:08.916,30.510,1.768,7.134,1.280
1714822808926,2024-05-04T14:40:08.926,30.520,0.915,5.061,0.976
1714822808936,2024-05-04T14:40:08.936,30.530,-0.244,0.610,1.220
1714822808946,2024-05-04T14:40:08.946,30.540,0.061,-3.841,0.976
1714822808956,2024-05-04T14:40:08.956,30.550,1.829,-5.732,-0.061
1714822808966,2024-05-04T14:40:08.966,30.560,2.622,-3.598,-0.976
1714822808976,2024-05-04T14:40:08.976,30.570,2.683,2.622,-0.915
1714822808986,2024-05-04T14:40:08.986,30.580,2.317,7.500,-0.366
1714822808996,2024-05-04T14:40:08.996,30.590,0.427,7.866,0.671
1714822809006,2024-05-04T14:40:09.006,30.600,-1.829,5.000,1.890
1714822809016,2024-05-04T14:40:09.016,30.610,-2.439,1.220,2.439
1714822809026,2024-05-04T14:40:09.026,30.620,-2.500,-1.951,2.866
1714822809036,2024-05-04T14:40:09.036,30.630,-2.378,-4.146,2.622
1714822809046,2024-05-04T14:40:09.046,30.640,-1.220,-4.146,2.073
1714822809056,2024-05-04T14:40:09.056,30.650,0.061,-0.122,1.341
1714822809066,2024-05-04T14:40:09.066,30.660,1.037,5.610,0.976
1714822809076,2024-05-04T14:40:09.076,30.670,1.220,9.207,0.122
1714822809086,2024-05-04T14:40:09.086,30.680,0.549,8.537,-0.488
1714822809096,2024-05-04T14:40:09.096,30.690,0.366,4.024,-0.488
1714822809106,2024-05-04T14:40:09.106,30.700,1.098,-1.646,-0.366
1714822809116,2024-05-04T14:40:09.116,30.710,2.195,-4.756,-0.366
1714822809126,2024-05-04T14:40:09.126,30.720,2.866,-3.598,-0.610
1714822809136,2024-05-04T14:40:09.136,30.730,2.805,-0.793,-0.549
1714822809146,2024-05-04T14:40:09.146,30.740,2.378,0.122,-0.427
1714822809156,2024-05-04T14:40:09.156,30.750,1.890,-1.707,-0.305
1714822809166,2024-05-04T14:40:09.166,30.760,2.317,-5.122,-0.549
1714822809176,2024-05-04T14:40:09.176,30.770,5.000,-8.110,-0.671
1714822809186,2024-05-04T14:40:09.186,30.780,7.012,-7.683,-0.488
1714822809196,2024-05-04T14:40:09.196,30.790,8.354,-0.854,-0.366
1714822809206,2024-05-04T14:40:09.206,30.800,8.293,8.110,0.488
1714822809216,2024-05-04T14:40:09.216,30.810,7.317,11.768,2.744
1714822809226,2024-05-04T14:40:09.226,30.820,4.756,16.098,4.329
1714822809236,2024-05-04T14:40:09.236,30.830,-0.183,16.524,5.793
1714822809246,2024-05-04T14:40:09.246,30.840,-12.378,20.183,11.524
1714822809256,2024-05-04T14:40:09.256,30.850,-29.329,28.963,15.427
1714822809266,2024-05-04T14:40:09.266,30.860,-41.280,24.207,15.854
1714822809276,2024-05-04T14:40:09.276,30.870,-40.549,4.695,10.976
1714822809286,2024-05-04T14:40:09.286,30.880,-39.695,-11.890,-7.317
1714822809296,2024-05-04T14:40:09.296,30.890,-49.573,-5.122,-19.085
1714822809306,2024-05-04T14:40:09.306,30.900,-72.744,15.366,-22.988
1714822809316,2024-05-04T14:40:09.316,30.910,-83.354,32.927,-31.524
1714822809326,2024-05-04T14:40:09.326,30.920,-75.915,42.134,-37.256
1714822809336,2024-05-04T14:40:09.336,30.930,-65.854,49.573,-35.732
1714822809346,2024-05-04T14:40:09.346,30.940,-47.134,55.610,-31.768
1714822809356,2024-05-04T14:40:09.356,30.950,-15.427,63.598,-29.207
1714822809366,2024-05-04T14:40:09.366,30.960,26.585,75.976,-21.951
1714822809376,2024-05-04T14:40:09.376,30.970,75.610,83.598,-8.415
1714822809386,2024-05-04T14:40:09.386,30.980,138.537,76.159,6.402
1714822809396,2024-05-04T14:40:09.396,30.990,205.610,60.488,22.927
1714822809406,2024-05-04T14:40:09.406,31.000,243.171,51.951,52.134
1714822809416,2024-05-04T14:40:09.416,31.010,260.244,48.171,84.207
1714822809426,2024-05-04T14:40:09.426,31.020,254.573,50.488,104.268
1714822809436,2024-05-04T14:40:09.436,31.030,234.695,40.061,85.854
1714822809446,2024-05-04T14:40:09.446,31.040,220.122,-9.512,38.720
1714822809456,2024-05-04T14:40:09.456,31.050,198.171,-80.793,6.646
1714822809466,2024-05-04T14:40:09.466,31.060,193.963,-129.146,-5.244
1714822809476,2024-05-04T14:40:09.476,31.070,183.537,-147.988,-0.610
1714822809486,2024-05-04T14:40:09.486,31.080,149.146,-128.110,14.573
1714822809496,2024-05-04T14:40:09.496,31.090,119.512,-105.427,13.537
1714822809506,2024-05-04T14:40:09.506,31.100,119.390,-72.927,-12.683
1714822809516,2024-05-04T14:40:09.516,31.110,116.585,-26.890,-23.171
1714822809526,2024-05-04T14:40:09.526,31.120,83.171,21.890,-11.159
1714822809536,2024-05-04T14:40:09.536,31.130,37.256,63.171,-1.829
1714822809546,2024-05-04T14:40:09.546,31.140,0.122,84.207,8.659
1714822809556,2024-05-04T14:40:09.556,31.150,-35.549,78.354,16.341
1714822809566,2024-05-04T14:40:09.566,31.160,-63.780,56.585,20.122
1714822809576,2024-05-04T14:40:09.576,31.170,-79.024,30.854,14.939
1714822809586,2024-05-04T14:40:09.586,31.180,-91.768,7.073,3.963
1714822809596,2024-05-04T14:40:09.596,31.190,-102.317,-8.841,-4.451
1714822809606,2024-05-04T14:40:09.606,31.200,-103.659,-16.890,-10.976
1714822809616,2024-05-04T14:40:09.616,31.210,-98.963,-23.476,-17.744
1714822809626,2024-05-04T14:40:09.626,31.220,-94.939,-29.512,-25.732
1714822809636,2024-05-04T14:40:09.636,31.230,-91.098,-28.659,-33.476
1714822809646,2024-05-04T14:40:09.646,31.240,-90.183,-15.061,-39.634
1714822809656,2024-05-04T14:40:09.656,31.250,-96.159,3.659,-40.732
1714822809666,2024-05-04T14:40:09.666,31.260,-104.390,10.915,-41.402
1714822809676,2024-05-04T14:40:09.676,31.270,-111.646,-1.098,-41.585
1714822809686,2024-05-04T14:40:09.686,31.280,-116.098,-29.268,-38.110
1714822809696,2024-05-04T14:40:09.696,31.290,-117.256,-60.549,-32.805
1714822809706,2024-05-04T14:40:09.706,31.300,-113.537,-82.073,-31.463
1714822809716,2024-05-04T14:40:09.716,31.310,-104.756,-83.537,-37.378
1714822809726,2024-05-04T14:40:09.726,31.320,-101.098,-67.866,-41.585
1714822809736,2024-05-04T14:40:09.736,31.330,-108.476,-43.354,-36.646
1714822809746,2024-05-04T14:40:09.746,31.340,-123.293,-22.927,-30.061
1714822809756,2024-05-04T14:40:09.756,31.350,-126.402,-13.963,-24.817
1714822809766,2024-05-04T14:40:09.766,31.360,-99.817,-22.683,-16.524
1714822809776,2024-05-04T14:40:09.776,31.370,-64.756,-49.756,-11.951
1714822809786,2024-05-04T14:40:09.786,31.380,-40.427,-74.146,-18.720
1714822809796,2024-05-04T14:40:09.796,31.390,-29.207,-73.110,-25.122
1714822809806,2024-05-04T14:40:09.806,31.400,-26.768,-36.159,-22.012
1714822809816,2024-05-04T14:40:09.816,31.410,-24.756,3.415,-18.049
1714822809826,2024-05-04T14:40:09.826,31.420,-21.585,24.512,-13.841
1714822809836,2024-05-04T14:40:09.836,31.430,-20.915,28.537,-7.927
1714822809846,2024-05-04T14:40:09.846,31.440,-20.915,25.305,-5.854
1714822809856,2024-05-04T14:40:09.856,31.450,-18.171,16.585,-5.000
1714822809866,2024-05-04T14:40:09.866,31.460,-15.915,2.805,-0.915
1714822809876,2024-05-04T14:40:09.876,31.470,-14.695,-7.683,2.927
1714822809886,2024-05-04T14:40:09.886,31.480,-9.634,-12.195,5.488
1714822809896,2024-05-04T14:40:09.896,31.490,-3.110,-8.598,9.939
1714822809906,2024-05-04T14:40:09.906,31.500,-0.305,-2.317,11.646
1714822809916,2024-05-04T14:40:09.916,31.510,1.646,-0.061,9.390
1714822809926,2024-05-04T14:40:09.926,31.520,5.183,-0.976,8.902
1714822809936,2024-05-04T14:40:09.936,31.530,7.500,-1.524,9.390
1714822809946,2024-05-04T14:40:09.946,31.540,7.439,-3.293,7.927
1714822809956,2024-05-04T14:40:09.956,31.550,6.341,-2.988,6.707
1714822809966,2024-05-04T14:40:09.966,31.560,6.463,0.183,6.646
1714822809976,2024-05-04T14:40:09.976,31.570,8.171,4.390,5.854
1714822809986,2024-05-04T14:40:09.986,31.580,9.817,6.707,6.098
1714822809996,2024-05-04T14:40:09.996,31.590,8.963,4.329,5.854
1714822810006,2024-05-04T14:40:10.006,31.600,5.915,-1.098,4.268
1714822810016,2024-05-04T14:40:10.016,31.610,4.939,-6.768,4.024
1714822810026,2024-05-04T14:40:10.026,31.620,5.305,-12.134,3.963
1714822810036,2024-05-04T14:40:10.036,31.630,4.512,-11.890,3.110
1714822810046,2024-05-04T14:40:10.046,31.640,4.207,-4.634,2.866
1714822810056,2024-05-04T14:40:10.056,31.650,4.085,4.207,1.646
1714822810066,2024-05-04T14:40:10.066,31.660,2.012,10.061,0.732
1714822810076,2024-05-04T14:40:10.076,31.670,-0.366,10.976,0.488
1714822810086,2024-05-04T14:40:10.086,31.680,-0.549,6.829,0.183
1714822810096,2024-05-04T14:40:10.096,31.690,-0.122,1.341,-0.610
1714822810106,2024-05-04T14:40:10.106,31.700,0.305,-1.707,-1.646
1714822810116,2024-05-04T14:40:10.116,31.710,0.244,-1.951,-1.402
1714822810126,2024-05-04T14:40:10.126,31.720,-1.159,-0.793,-1.707
1714822810136,2024-05-04T14:40:10.136,31.730,-2.622,1.341,-2.256
1714822810146,2024-05-04T14:40:10.146,31.740,-2.622,2.195,-1.707
1714822810156,2024-05-04T14:40:10.156,31.750,-1.768,1.646,-1.220
1714822810166,2024-05-04T14:40:10.166,31.760,-0.671,0.976,-0.122
1714822810176,2024-05-04T14:40:10.176,31.770,0.610,0.366,1.098
1714822810186,2024-05-04T14:40:10.186,31.780,1.463,-2.073,1.220
1714822810196,2024-05-04T14:40:10.196,31.790,0.610,-3.841,2.012
1714822810206,2024-05-04T14:40:10.206,31.800,-0.793,-2.744,2.195
1714822810216,2024-05-04T14:40:10.216,31.810,-1.220,0.000,1.768
1714822810226,2024-05-04T14:40:10.226,31.820,-0.732,1.463,1.524
1714822810236,2024-05-04T14:40:10.236,31.830,-0.488,1.951,0.915
1714822810246,2024-05-04T14:40:10.246,31.840,-0.610,2.378,0.793
1714822810256,2024-05-04T14:40:10.256,31.850,-0.183,2.073,1.220
1714822810266,2024-05-04T14:40:10.266,31.860,-0.244,0.183,1.646
1714822810276,2024-05-04T14:40:10.276,31.870,-0.793,-1.951,1.585
1714822810286,2024-05-04T14:40:10.286,31.880,-1.098,-2.622,1.402
1714822810296,2024-05-04T14:40:10.296,31.890,-0.732,-0.793,1.463
1714822810306,2024-05-04T14:40:10.306,31.900,0.061,2.805,1.159
1714822810316,2024-05-04T14:40:10.316,31.910,0.122,5.549,1.646
1714822810326,2024-05-04T14:40:10.326,31.920,-1.037,5.366,2.073
1714822810336,2024-05-04T14:40:10.336,31.930,-2.317,1.707,1.646
1714822810346,2024-05-04T14:40:10.346,31.940,-2.134,-3.232,1.159
1714822810356,2024-05-04T14:40:10.356,31.950,-0.549,-6.098,1.524
1714822810366,2024-05-04T14:40:10.366,31.960,0.854,-5.976,1.159
1714822810376,2024-05-04T14:40:10.376,31.970,1.951,-2.073,0.976
1714822810386,2024-05-04T14:40:10.386,31.980,3.049,1.280,2.561
1714822810396,2024-05-04T14:40:10.396,31.990,1.585,-0.305,4.512
1714822810406,2024-05-04T14:40:10.406,32.000,-4.634,-1.280,4.329
1714822810416,2024-05-04T14:40:10.416,32.010,-9.512,-0.183,5.122
1714822810426,2024-05-04T14:40:10.426,32.020,-10.061,1.159,7.439
1714822810436,2024-05-04T14:40:10.436,32.030,-11.707,1.951,9.085
1714822810446,2024-05-04T14:40:10.446,32.040,-15.488,5.549,9.390
1714822810456,2024-05-04T14:40:10.456,32.050,-19.146,11.098,10.122
1714822810466,2024-05-04T14:40:10.466,32.060,-20.427,13.902,9.695
1714822810476,2024-05-04T14:40:10.476,32.070,-22.927,13.780,8.537
1714822810486,2024-05-04T14:40:10.486,32.080,-23.841,12.012,8.415
1714822810496,2024-05-04T14:40:10.496,32.090,-22.927,8.841,6.829
1714822810506,2024-05-04T14:40:10.506,32.100,-24.878,4.085,5.976
1714822810516,2024-05-04T14:40:10.516,32.110,-27.012,-3.841,8.659
1714822810526,2024-05-04T14:40:10.526,32.120,-27.988,-8.415,5.427
1714822810536,2024-05-04T14:40:10.536,32.130,-31.829,-2.317,4.085
1714822810546,2024-05-04T14:40:10.546,32.140,-37.927,6.280,5.488
1714822810556,2024-05-04T14:40:10.556,32.150,-42.195,6.707,4.451
1714822810566,2024-05-04T14:40:10.566,32.160,-39.512,-0.915,4.146
1714822810576,2024-05-04T14:40:10.576,32.170,-36.707,-3.659,5.122
1714822810586,2024-05-04T14:40:10.586,32.180,-38.354,7.561,-2.134
1714822810596,2024-05-04T14:40:10.596,32.190,-37.866,27.012,-12.317
1714822810606,2024-05-04T14:40:10.606,32.200,-28.049,44.817,-15.915
1714822810616,2024-05-04T14:40:10.616,32.210,-9.451,61.341,-18.049
1714822810626,2024-05-04T14:40:10.626,32.220,9.817,76.768,-20.854
1714822810636,2024-05-04T14:40:10.636,32.230,33.841,85.183,-18.293
1714822810646,2024-05-04T14:40:10.646,32.240,66.768,79.878,-4.695
1714822810656,2024-05-04T14:40:10.656,32.250,118.537,78.841,14.512
1714822810666,2024-05-04T14:40:10.666,32.260,169.878,80.915,29.146
1714822810676,2024-05-04T14:40:10.676,32.270,211.829,76.646,47.500
1714822810686,2024-05-04T14:40:10.686,32.280,235.549,67.195,62.622
1714822810696,2024-05-04T14:40:10.696,32.290,237.988,44.085,62.195
1714822810706,2024-05-04T14:40:10.706,32.300,242.378,2.378,43.049
1714822810716,2024-05-04T14:40:10.716,32.310,251.159,-52.500,7.439
1714822810726,2024-05-04T14:40:10.726,32.320,234.207,-110.305,-25.000
1714822810736,2024-05-04T14:40:10.736,32.330,220.488,-141.280,-28.232
1714822810746,2024-05-04T14:40:10.746,32.340,202.073,-97.500,-23.537
1714822810756,2024-05-04T14:40:10.756,32.350,160.305,-34.756,-15.427
1714822810766,2024-05-04T14:40:10.766,32.360,154.329,-23.476,-19.329
1714822810776,2024-05-04T14:40:10.776,32.370,179.573,-25.122,-36.341
1714822810786,2024-05-04T14:40:10.786,32.380,162.195,6.707,-26.768
1714822810796,2024-05-04T14:40:10.796,32.390,121.402,58.720,-27.195
1714822810806,2024-05-04T14:40:10.806,32.400,91.890,90.366,-28.049
1714822810816,2024-05-04T14:40:10.816,32.410,52.073,77.561,-16.524
1714822810826,2024-05-04T14:40:10.826,32.420,1.890,49.268,-12.866
1714822810836,2024-05-04T14:40:10.836,32.430,-42.805,21.829,-10.610
1714822810846,2024-05-04T14:40:10.846,32.440,-80.366,-12.866,0.000
1714822810856,2024-05-04T14:40:10.856,32.450,-108.049,-46.341,5.915
1714822810866,2024-05-04T14:40:10.866,32.460,-125.610,-71.341,4.085
1714822810876,2024-05-04T14:40:10.876,32.470,-136.524,-88.110,2.134
1714822810886,2024-05-04T14:40:10.886,32.480,-144.329,-98.902,-2.317
1714822810896,2024-05-04T14:40:10.896,32.490,-147.439,-105.549,-6.890
1714822810906,2024-05-04T14:40:10.906,32.500,-145.854,-104.024,-8.841
1714822810916,2024-05-04T14:40:10.916,32.510,-140.854,-92.683,-13.049
1714822810926,2024-05-04T14:40:10.926,32.520,-133.476,-75.366,-21.159
1714822810936,2024-05-04T14:40:10.936,32.530,-126.829,-55.610,-27.866
1714822810946,2024-05-04T14:40:10.946,32.540,-121.402,-33.354,-32.500
1714822810956,2024-05-04T14:40:10.956,32.550,-118.232,-2.439,-39.329
1714822810966,2024-05-04T14:40:10.966,32.560,-113.171,41.524,-42.744
1714822810976,2024-05-04T14:40:10.976,32.570,-117.988,74.268,-45.122
1714822810986,2024-05-04T14:40:10.986,32.580,-132.134,87.256,-43.049
1714822810996,2024-05-04T14:40:10.996,32.590,-147.622,77.805,-37.744
1714822811006,2024-05-04T14:40:11.006,32.600,-166.159,43.171,-34.573
1714822811016,2024-05-04T14:40:11.016,32.610,-187.073,-4.512,-29.939
1714822811026,2024-05-04T14:40:11.026,32.620,-194.756,-45.610,-20.549
1714822811036,2024-05-04T14:40:11.036,32.630,-179.817,-78.902,-15.427
1714822811046,2024-05-04T14:40:11.046,32.640,-147.927,-115.854,-19.817
1714822811056,2024-05-04T14:40:11.056,32.650,-94.634,-137.378,-10.000
1714822811066,2024-05-04T14:40:11.066,32.660,-9.146,-110.000,2.439
1714822811076,2024-05-04T14:40:11.076,32.670,78.171,-59.329,-8.415
1714822811086,2024-05-04T14:40:11.086,32.680,87.256,-7.317,-19.695
1714822811096,2024-05-04T14:40:11.096,32.690,20.183,44.756,5.183
1714822811106,2024-05-04T14:40:11.106,32.700,-37.073,83.598,37.927
1714822811116,2024-05-04T14:40:11.116,32.710,-46.585,80.549,27.073
1714822811126,2024-05-04T14:40:11.126,32.720,-9.268,20.488,12.683
1714822811136,2024-05-04T14:40:11.136,32.730,13.049,-53.659,25.549
1714822811146,2024-05-04T14:40:11.146,32.740,1.220,-91.098,25.000
1714822811156,2024-05-04T14:40:11.156,32.750,-6.829,-85.793,14.939
1714822811166,2024-05-04T14:40:11.166,32.760,-3.902,-65.488,13.598
1714822811176,2024-05-04T14:40:11.176,32.770,1.585,-41.098,11.890
1714822811186,2024-05-04T14:40:11.186,32.780,7.805,-16.341,8.354
1714822811196,2024-05-04T14:40:11.196,32.790,7.744,5.061,4.451
1714822811206,2024-05-04T14:40:11.206,32.800,1.220,24.512,1.890
1714822811216,2024-05-04T14:40:11.216,32.810,-4.085,31.890,0.061
1714822811226,2024-05-04T14:40:11.226,32.820,-6.341,17.073,-1.402
1714822811236,2024-05-04T14:40:11.236,32.830,-7.317,-9.207,-0.793
1714822811246,2024-05-04T14:40:11.246,32.840,-5.305,-34.329,-1.585
1714822811256,2024-05-04T14:40:11.256,32.850,0.366,-46.037,-2.561
1714822811266,2024-05-04T14:40:11.266,32.860,7.134,-37.378,-1.341
1714822811276,2024-05-04T14:40:11.276,32.870,9.939,-15.793,0.244
1714822811286,2024-05-04T14:40:11.286,32.880,6.585,8.049,0.732
1714822811296,2024-05-04T14:40:11.296,32.890,0.671,25.427,1.159
1714822811306,2024-05-04T14:40:11.306,32.900,-2.134,30.366,2.378
1714822811316,2024-05-04T14:40:11.316,32.910,-1.159,21.707,2.866
1714822811326,2024-05-04T14:40:11.326,32.920,1.951,7.561,4.146
1714822811336,2024-05-04T14:40:11.336,32.930,5.183,-5.305,4.146
1714822811346,2024-05-04T14:40:11.346,32.940,6.768,-13.354,2.927
1714822811356,2024-05-04T14:40:11.356,32.950,4.939,-14.512,2.256
1714822811366,2024-05-04T14:40:11.366,32.960,1.951,-9.817,2.744
1714822811376,2024-05-04T14:40:11.376,32.970,0.183,-4.085,3.110
1714822811386,2024-05-04T14:40:11.386,32.980,-0.732,0.488,1.646
1714822811396,2024-05-04T14:40:11.396,32.990,0.244,3.659,-0.305
1714822811406,2024-05-04T14:40:11.406,33.000,2.134,6.585,-0.610
1714822811416,2024-05-04T14:40:11.416,33.010,2.744,10.427,0.244
1714822811426,2024-05-04T14:40:11.426,33.020,1.280,13.537,0.854
1714822811436,2024-05-04T14:40:11.436,33.030,0.122,11.402,1.707
1714822811446,2024-05-04T14:40:11.446,33.040,0.244,4.268,3.354
1714822811456,2024-05-04T14:40:11.456,33.050,1.524,-1.341,4.695
1714822811466,2024-05-04T14:40:11.466,33.060,2.683,-4.756,4.573
1714822811476,2024-05-04T14:40:11.476,33.070,2.500,-4.024,4.329
1714822811486,2024-05-04T14:40:11.486,33.080,2.378,0.732,3.841
1714822811496,2024-05-04T14:40:11.496,33.090,1.829,5.549,4.024
1714822811506,2024-05-04T14:40:11.506,33.100,-0.915,6.829,3.841
1714822811516,2024-05-04T14:40:11.516,33.110,-2.012,2.744,4.695
1714822811526,2024-05-04T14:40:11.526,33.120,-0.183,-1.220,5.854
1714822811536,2024-05-04T14:40:11.536,33.130,2.073,-2.866,5.183
1714822811546,2024-05-04T14:40:11.546,33.140,2.683,-1.646,4.573
1714822811556,2024-05-04T14:40:11.556,33.150,2.317,2.500,4.451
1714822811566,2024-05-04T14:40:11.566,33.160,1.707,7.683,4.512
1714822811576,2024-05-04T14:40:11.576,33.170,0.366,12.073,4.939
1714822811586,2024-05-04T14:40:11.586,33.180,-1.890,13.598,5.122
1714822811596,2024-05-04T14:40:11.596,33.190,-2.866,11.890,5.366
1714822811606,2024-05-04T14:40:11.606,33.200,-1.707,8.232,5.488
1714822811616,2024-05-04T14:40:11.616,33.210,0.000,4.329,4.878
1714822811626,2024-05-04T14:40:11.626,33.220,1.037,0.610,4.817
1714822811636,2024-05-04T14:40:11.636,33.230,1.280,0.000,4.939
1714822811646,2024-05-04T14:40:11.646,33.240,1.890,1.402,4.634
1714822811656,2024-05-04T14:40:11.656,33.250,1.890,3.110,5.305
1714822811666,2024-05-04T14:40:11.666,33.260,-0.549,5.793,5.915
1714822811676,2024-05-04T14:40:11.676,33.270,-2.622,8.476,5.061
1714822811686,2024-05-04T14:40:11.686,33.280,-2.866,8.780,4.695
1714822811696,2024-05-04T14:40:11.696,33.290,-2.317,6.098,4.207
1714822811706,2024-05-04T14:40:11.706,33.300,-1.524,4.329,3.902
1714822811716,2024-05-04T14:40:11.716,33.310,-1.098,4.878,4.817
1714822811726,2024-05-04T14:40:11.726,33.320,-1.585,6.707,5.305
1714822811736,2024-05-04T14:40:11.736,33.330,-2.683,6.890,4.817
1714822811746,2024-05-04T14:40:11.746,33.340,-3.110,4.329,5.183
1714822811756,2024-05-04T14:40:11.756,33.350,-2.012,1.829,5.915
1714822811766,2024-05-04T14:40:11.766,33.360,-0.854,0.732,5.366
1714822811776,2024-05-04T14:40:11.776,33.370,0.122,1.768,5.183
1714822811786,2024-05-04T14:40:11.786,33.380,1.220,9.573,6.951
1714822811796,2024-05-04T14:40:11.796,33.390,1.159,22.134,8.232
1714822811806,2024-05-04T14:40:11.806,33.400,1.402,31.159,7.439
1714822811816,2024-05-04T14:40:11.816,33.410,0.549,37.073,13.110
1714822811826,2024-05-04T14:40:11.826,33.420,-0.488,31.768,23.780
1714822811836,2024-05-04T14:40:11.836,33.430,-2.561,26.402,21.829
1714822811846,2024-05-04T14:40:11.846,33.440,-0.427,35.610,14.817
1714822811856,2024-05-04T14:40:11.856,33.450,2.988,58.780,11.402
1714822811866,2024-05-04T14:40:11.866,33.460,12.073,83.902,6.280
1714822811876,2024-05-04T14:40:11.876,33.470,26.098,107.866,1.037
1714822811886,2024-05-04T14:40:11.886,33.480,44.146,114.634,1.159
1714822811896,2024-05-04T14:40:11.896,33.490,54.146,97.500,4.512
1714822811906,2024-05-04T14:40:11.906,33.500,65.366,79.634,8.232
1714822811916,2024-05-04T14:40:11.916,33.510,73.354,75.427,10.061
1714822811926,2024-05-04T14:40:11.926,33.520,87.134,88.293,18.598
1714822811936,2024-05-04T14:40:11.936,33.530,108.415,108.659,38.659
1714822811946,2024-05-04T14:40:11.946,33.540,133.354,123.598,55.915
1714822811956,2024-05-04T14:40:11.956,33.550,167.134,121.585,72.866
1714822811966,2024-05-04T14:40:11.966,33.560,205.061,96.951,78.049
1714822811976,2024-05-04T14:40:11.976,33.570,238.902,60.183,80.793
1714822811986,2024-05-04T14:40:11.986,33.580,254.817,21.220,81.890
1714822811996,2024-05-04T14:40:11.996,33.590,269.024,-19.390,75.976
1714822812006,2024-05-04T14:40:12.006,33.600,289.634,-55.000,57.927
1714822812016,2024-05-04T14:40:12.016,33.610,299.878,-78.171,35.732
1714822812026,2024-05-04T14:40:12.026,33.620,275.854,-68.598,37.683
1714822812036,2024-05-04T14:40:12.036,33.630,209.695,-28.963,48.476
1714822812046,2024-05-04T14:40:12.046,33.640,129.634,-2.805,79.512
1714822812056,2024-05-04T14:40:12.056,33.650,88.659,-36.341,88.537
1714822812066,2024-05-04T14:40:12.066,33.660,105.671,-99.390,44.268
1714822812076,2024-05-04T14:40:12.076,33.670,118.110,-112.561,31.524
1714822812086,2024-05-04T14:40:12.086,33.680,96.037,-80.671,24.451
1714822812096,2024-05-04T14:40:12.096,33.690,67.134,-43.293,8.354
1714822812106,2024-05-04T14:40:12.106,33.700,25.427,-29.085,1.524
1714822812116,2024-05-04T14:40:12.116,33.710,-22.256,-22.744,-5.000
1714822812126,2024-05-04T14:40:12.126,33.720,-60.427,-11.890,-10.000
1714822812136,2024-05-04T14:40:12.136,33.730,-91.890,-6.707,-7.256
1714822812146,2024-05-04T14:40:12.146,33.740,-114.146,-9.085,-6.037
1714822812156,2024-05-04T14:40:12.156,33.750,-125.305,-12.683,-9.939
1714822812166,2024-05-04T14:40:12.166,33.760,-130.305,-12.012,-17.378
1714822812176,2024-05-04T14:40:12.176,33.770,-130.671,-11.402,-25.244
1714822812186,2024-05-04T14:40:12.186,33.780,-127.134,-14.634,-27.988
1714822812196,2024-05-04T14:40:12.196,33.790,-122.317,-17.012,-29.634
1714822812206,2024-05-04T14:40:12.206,33.800,-116.524,-15.854,-31.890
1714822812216,2024-05-04T14:40:12.216,33.810,-108.293,-14.939,-33.171
1714822812226,2024-05-04T14:40:12.226,33.820,-95.732,-15.244,-33.110
1714822812236,2024-05-04T14:40:12.236,33.830,-85.610,-11.159,-29.756
1714822812246,2024-05-04T14:40:12.246,33.840,-82.500,-3.293,-25.488
1714822812256,2024-05-04T14:40:12.256,33.850,-81.707,4.024,-23.720
1714822812266,2024-05-04T14:40:12.266,33.860,-78.659,4.085,-22.988
1714822812276,2024-05-04T14:40:12.276,33.870,-77.378,-0.793,-22.378
1714822812286,2024-05-04T14:40:12.286,33.880,-76.707,1.585,-17.927
1714822812296,2024-05-04T14:40:12.296,33.890,-74.146,7.500,-9.939
1714822812306,2024-05-04T14:40:12.306,33.900,-75.122,9.573,-5.000
1714822812316,2024-05-04T14:40:12.316,33.910,-83.841,2.805,-3.171
1714822812326,2024-05-04T14:40:12.326,33.920,-97.622,-7.988,-6.341
1714822812336,2024-05-04T14:40:12.336,33.930,-100.244,-19.817,-8.902
1714822812346,2024-05-04T14:40:12.346,33.940,-90.122,-30.244,-3.902
1714822812356,2024-05-04T14:40:12.356,33.950,-75.061,-41.037,-2.439
1714822812366,2024-05-04T14:40:12.366,33.960,-64.268,-47.439,-5.244
1714822812376,2024-05-04T14:40:12.376,33.970,-62.988,-43.171,-6.037
1714822812386,2024-05-04T14:40:12.386,33.980,-66.341,-35.244,-7.256
1714822812396,2024-05-04T14:40:12.396,33.990,-66.098,-25.976,-11.098
1714822812406,2024-05-04T14:40:12.406,34.000,-63.354,-18.293,-12.134
1714822812416,2024-05-04T14:40:12.416,34.010,-62.012,-15.793,-12.622
1714822812426,2024-05-04T14:40:12.426,34.020,-60.366,-10.610,-13.902
1714822812436,2024-05-04T14:40:12.436,34.030,-57.683,4.024,-13.415
1714822812446,2024-05-04T14:40:12.446,34.040,-55.366,22.256,-7.988
1714822812456,2024-05-04T14:40:12.456,34.050,-51.159,39.512,3.780
1714822812466,2024-05-04T14:40:12.466,34.060,-45.549,34.939,5.915
1714822812476,2024-05-04T14:40:12.476,34.070,-44.268,9.085,3.049
1714822812486,2024-05-04T14:40:12.486,34.080,-37.073,-21.890,4.085
1714822812496,2024-05-04T14:40:12.496,34.090,-24.329,-42.012,1.951
1714822812506,2024-05-04T14:40:12.506,34.100,-14.024,-43.232,-2.622
1714822812516,2024-05-04T14:40:12.516,34.110,-13.415,-32.256,1.829
1714822812526,2024-05-04T14:40:12.526,34.120,-13.110,-10.854,2.744
1714822812536,2024-05-04T14:40:12.536,34.130,-12.988,13.110,-2.439
1714822812546,2024-05-04T14:40:12.546,34.140,-17.683,26.280,-1.829
1714822812556,2024-05-04T14:40:12.556,34.150,-19.451,20.427,0.061
1714822812566,2024-05-04T14:40:12.566,34.160,-17.378,4.085,-0.610
1714822812576,2024-05-04T14:40:12.576,34.170,-14.268,-11.707,-4.817
1714822812586,2024-05-04T14:40:12.586,34.180,-10.976,-22.622,-6.463
1714822812596,2024-05-04T14:40:12.596,34.190,-7.927,-26.646,-3.902
1714822812606,2024-05-04T14:40:12.606,34.200,-6.098,-23.780,-1.098
1714822812616,2024-05-04T14:40:12.616,34.210,-5.976,-17.378,0.122
1714822812626,2024-05-04T14:40:12.626,34.220,-6.707,-11.037,-0.183
1714822812636,2024-05-04T14:40:12.636,34.230,-6.890,-6.951,-0.915
1714822812646,2024-05-04T14:40:12.646,34.240,-7.317,-6.646,-0.366
1714822812656,2024-05-04T14:40:12.656,34.250,-7.805,-6.646,0.000
1714822812666,2024-05-04T14:40:12.666,34.260,-5.976,-5.915,0.122
1714822812676,2024-05-04T14:40:12.676,34.270,-3.354,-5.671,-0.244
1714822812686,2024-05-04T14:40:12.686,34.280,-0.366,-6.768,-1.037
1714822812696,2024-05-04T14:40:12.696,34.290,1.098,-6.890,-2.012
1714822812706,2024-05-04T14:40:12.706,34.300,1.098,-3.841,-1.951
1714822812716,2024-05-04T14:40:12.716,34.310,0.915,-2.622,-0.854
1714822812726,2024-05-04T14:40:12.726,34.320,0.671,-5.671,0.183
1714822812736,2024-05-04T14:40:12.736,34.330,-0.122,-9.085,1.037
1714822812746,2024-05-04T14:40:12.746,34.340,-0.976,-9.451,1.951
1714822812756,2024-05-04T14:40:12.756,34.350,-2.012,-7.622,2.256
1714822812766,2024-05-04T14:40:12.766,34.360,-1.402,-4.024,3.110
1714822812776,2024-05-04T14:40:12.776,34.370,-0.061,1.280,3.232
1714822812786,2024-05-04T14:40:12.786,34.380,0.854,4.939,2.561
1714822812796,2024-05-04T14:40:12.796,34.390,2.012,3.720,2.195
1714822812806,2024-05-04T14:40:12.806,34.400,1.951,-3.780,1.585
1714822812816,2024-05-04T14:40:12.816,34.410,1.585,-13.293,1.829
1714822812826,2024-05-04T14:40:12.826,34.420,2.012,-20.671,1.890
1714822812836,2024-05-04T14:40:12.836,34.430,1.951,-21.829,1.098
1714822812846,2024-05-04T14:40:12.846,34.440,1.463,-14.573,1.646
1714822812856,2024-05-04T14:40:12.856,34.450,0.488,-3.598,2.744
1714822812866,2024-05-04T14:40:12.866,34.460,-1.220,4.573,2.195
1714822812876,2024-05-04T14:40:12.876,34.470,-3.598,7.256,0.610
1714822812886,2024-05-04T14:40:12.886,34.480,-4.695,4.512,0.000
1714822812896,2024-05-04T14:40:12.896,34.490,-3.841,-1.890,-0.183
1714822812906,2024-05-04T14:40:12.906,34.500,-1.280,-8.780,0.000
1714822812916,2024-05-04T14:40:12.916,34.510,1.829,-11.646,0.610
1714822812926,2024-05-04T14:40:12.926,34.520,3.293,-10.732,-0.366
1714822812936,2024-05-04T14:40:12.936,34.530,2.439,-6.585,-1.280
1714822812946,2024-05-04T14:40:12.946,34.540,0.915,-0.549,0.244
1714822812956,2024-05-04T14:40:12.956,34.550,-1.585,3.293,1.463
1714822812966,2024-05-04T14:40:12.966,34.560,-3.537,2.744,1.159
1714822812976,2024-05-04T14:40:12.976,34.570,-2.561,-0.732,0.488
1714822812986,2024-05-04T14:40:12.986,34.580,-0.061,-3.780,0.671
1714822812996,2024-05-04T14:40:12.996,34.590,0.793,-3.659,0.732
1714822813006,2024-05-04T14:40:13.006,34.600,-0.244,-0.915,1.341
1714822813016,2024-05-04T14:40:13.016,34.610,-2.500,2.439,2.927
1714822813026,2024-05-04T14:40:13.026,34.620,-6.037,5.732,3.841
1714822813036,2024-05-04T14:40:13.036,34.630,-9.207,6.890,3.963
1714822813046,2024-05-04T14:40:13.046,34.640,-10.122,4.817,4.756
1714822813056,2024-05-04T14:40:13.056,34.650,-10.732,3.537,6.220
1714822813066,2024-05-04T14:40:13.066,34.660,-12.622,7.256,8.659
1714822813076,2024-05-04T14:40:13.076,34.670,-16.037,13.293,10.610
1714822813086,2024-05-04T14:40:13.086,34.680,-19.146,19.329,14.390
1714822813096,2024-05-04T14:40:13.096,34.690,-20.610,26.341,21.098
1714822813106,2024-05-04T14:40:13.106,34.700,-21.646,31.159,26.159
1714822813116,2024-05-04T14:40:13.116,34.710,-26.646,41.646,22.256
1714822813126,2024-05-04T14:40:13.126,34.720,-35.549,59.390,18.049
1714822813136,2024-05-04T14:40:13.136,34.730,-44.207,72.927,13.598
1714822813146,2024-05-04T14:40:13.146,34.740,-50.732,78.293,10.854
1714822813156,2024-05-04T14:40:13.156,34.750,-56.220,74.695,11.402
1714822813166,2024-05-04T14:40:13.166,34.760,-59.817,65.854,9.329
1714822813176,2024-05-04T14:40:13.176,34.770,-67.134,51.768,0.427
1714822813186,2024-05-04T14:40:13.186,34.780,-77.500,33.415,-9.878
1714822813196,2024-05-04T14:40:13.196,34.790,-78.963,12.073,-18.415
1714822813206,2024-05-04T14:40:13.206,34.800,-63.902,-6.829,-22.622
1714822813216,2024-05-04T14:40:13.216,34.810,-47.866,-22.256,-22.622
1714822813226,2024-05-04T14:40:13.226,34.820,-31.402,-35.244,-19.817
1714822813236,2024-05-04T14:40:13.236,34.830,-7.927,-41.829,-14.756
1714822813246,2024-05-04T14:40:13.246,34.840,15.000,-36.768,-9.024
1714822813256,2024-05-04T14:40:13.256,34.850,44.573,-20.793,-3.598
1714822813266,2024-05-04T14:40:13.266,34.860,77.927,-3.232,5.244
1714822813276,2024-05-04T14:40:13.276,34.870,112.927,8.293,16.463
1714822813286,2024-05-04T14:40:13.286,34.880,153.476,19.085,32.256
1714822813296,2024-05-04T14:40:13.296,34.890,189.390,36.768,55.366
1714822813306,2024-05-04T14:40:13.306,34.900,208.902,60.854,75.122
1714822813316,2024-05-04T14:40:13.316,34.910,214.268,76.768,87.927
1714822813326,2024-05-04T14:40:13.326,34.920,214.756,69.695,82.134
1714822813336,2024-05-04T14:40:13.336,34.930,213.415,40.488,59.512
1714822813346,2024-05-04T14:40:13.346,34.940,199.817,2.012,35.122
1714822813356,2024-05-04T14:40:13.356,34.950,186.037,-36.037,9.573
1714822813366,2024-05-04T14:40:13.366,34.960,188.598,-56.829,-9.451
1714822813376,2024-05-04T14:40:13.376,34.970,180.976,-73.293,-3.598
1714822813386,2024-05-04T14:40:13.386,34.980,159.512,-80.915,-2.683
1714822813396,2024-05-04T14:40:13.396,34.990,146.098,-75.427,-1.280
1714822813406,2024-05-04T14:40:13.406,35.000,143.476,-46.220,-12.561
1714822813416,2024-05-04T14:40:13.416,35.010,137.256,-15.793,-26.951
1714822813426,2024-05-04T14:40:13.426,35.020,99.634,9.756,-32.134
1714822813436,2024-05-04T14:40:13.436,35.030,61.220,16.951,-18.415
1714822813446,2024-05-04T14:40:13.446,35.040,32.561,31.098,-12.134
1714822813456,2024-05-04T14:40:13.456,35.050,-0.244,51.585,-21.402
1714822813466,2024-05-04T14:40:13.466,35.060,-28.232,50.915,-16.159
1714822813476,2024-05-04T14:40:13.476,35.070,-48.720,26.098,-11.098
1714822813486,2024-05-04T14:40:13.486,35.080,-67.378,-7.256,-7.988
1714822813496,2024-05-04T14:40:13.496,35.090,-80.366,-31.402,-2.988
1714822813506,2024-05-04T14:40:13.506,35.100,-88.841,-48.780,2.683
1714822813516,2024-05-04T14:40:13.516,35.110,-93.902,-58.476,10.976
1714822813526,2024-05-04T14:40:13.526,35.120,-95.366,-61.159,12.866
1714822813536,2024-05-04T14:40:13.536,35.130,-90.610,-55.183,13.415
1714822813546,2024-05-04T14:40:13.546,35.140,-79.817,-44.207,12.378
1714822813556,2024-05-04T14:40:13.556,35.150,-68.537,-29.207,8.537
1714822813566,2024-05-04T14:40:13.566,35.160,-64.634,-14.756,2.805
1714822813576,2024-05-04T14:40:13.576,35.170,-63.659,-8.902,-1.524
1714822813586,2024-05-04T14:40:13.586,35.180,-58.537,-10.427,-6.098
1714822813596,2024-05-04T14:40:13.596,35.190,-49.268,-5.671,-13.232
1714822813606,2024-05-04T14:40:13.606,35.200,-41.707,9.207,-14.329
1714822813616,2024-05-04T14:40:13.616,35.210,-39.268,20.061,-9.939
1714822813626,2024-05-04T14:40:13.626,35.220,-39.817,23.963,-6.768
1714822813636,2024-05-04T14:40:13.636,35.230,-43.902,25.793,-6.220
1714822813646,2024-05-04T14:40:13.646,35.240,-50.122,24.817,-8.049
1714822813656,2024-05-04T14:40:13.656,35.250,-51.768,14.695,-8.476
1714822813666,2024-05-04T14:40:13.666,35.260,-52.256,-6.707,-6.707
1714822813676,2024-05-04T14:40:13.676,35.270,-52.744,-30.671,-6.341
1714822813686,2024-05-04T14:40:13.686,35.280,-53.659,-37.500,-4.573
1714822813696,2024-05-04T14:40:13.696,35.290,-53.598,-25.305,-3.415
1714822813706,2024-05-04T14:40:13.706,35.300,-54.329,-9.207,-7.622
1714822813716,2024-05-04T14:40:13.716,35.310,-55.122,-1.037,-6.402
1714822813726,2024-05-04T14:40:13.726,35.320,-53.902,0.854,-9.085
1714822813736,2024-05-04T14:40:13.736,35.330,-55.183,1.646,-12.683
1714822813746,2024-05-04T14:40:13.746,35.340,-54.695,-7.317,-11.585
1714822813756,2024-05-04T14:40:13.756,35.350,-49.817,-23.171,-10.671
1714822813766,2024-05-04T14:40:13.766,35.360,-47.439,-35.244,-10.671
1714822813776,2024-05-04T14:40:13.776,35.370,-43.537,-42.012,-10.244
1714822813786,2024-05-04T14:40:13.786,35.380,-36.463,-48.354,-8.659
1714822813796,2024-05-04T14:40:13.796,35.390,-32.317,-45.915,-7.500
1714822813806,2024-05-04T14:40:13.806,35.400,-29.695,-31.037,-6.159
1714822813816,2024-05-04T14:40:13.816,35.410,-25.854,-19.573,-5.549
1714822813826,2024-05-04T14:40:13.826,35.420,-20.427,-15.244,-7.500
1714822813836,2024-05-04T14:40:13.836,35.430,-18.659,-12.317,-7.866
1714822813846,2024-05-04T14:40:13.846,35.440,-18.720,-7.866,-5.427
1714822813856,2024-05-04T14:40:13.856,35.450,-17.195,-6.220,-2.744
1714822813866,2024-05-04T14:40:13.866,35.460,-15.122,-10.732,0.427
1714822813876,2024-05-04T14:40:13.876,35.470,-15.854,-17.805,0.122
1714822813886,2024-05-04T14:40:13.886,35.480,-16.280,-18.720,-2.256
1714822813896,2024-05-04T14:40:13.896,35.490,-14.024,-12.012,-1.463
1714822813906,2024-05-04T14:40:13.906,35.500,-10.549,-4.329,1.159
1714822813916,2024-05-04T14:40:13.916,35.510,-6.829,1.280,1.585
1714822813926,2024-05-04T14:40:13.926,35.520,-3.720,5.671,1.585
1714822813936,2024-05-04T14:40:13.936,35.530,-2.134,10.305,1.768
1714822813946,2024-05-04T14:40:13.946,35.540,-1.341,10.488,1.280
1714822813956,2024-05-04T14:40:13.956,35.550,-2.500,4.146,1.890
1714822813966,2024-05-04T14:40:13.966,35.560,-4.634,-5.488,2.439
1714822813976,2024-05-04T14:40:13.976,35.570,-4.329,-10.732,2.744
1714822813986,2024-05-04T14:40:13.986,35.580,-1.646,-9.573,4.207
1714822813996,2024-05-04T14:40:13.996,35.590,-0.915,-6.402,5.000
1714822814006,2024-05-04T14:40:14.006,35.600,-2.683,-1.585,5.000
1714822814016,2024-05-04T14:40:14.016,35.610,-4.024,2.988,4.207
1714822814026,2024-05-04T14:40:14.026,35.620,-3.171,4.573,3.049
1714822814036,2024-05-04T14:40:14.036,35.630,-1.037,3.415,2.317
1714822814046,2024-05-04T14:40:14.046,35.640,0.854,0.610,2.134
1714822814056,2024-05-04T14:40:14.056,35.650,0.244,-3.841,2.378
1714822814066,2024-05-04T14:40:14.066,35.660,-2.927,-6.402,2.500
1714822814076,2024-05-04T14:40:14.076,35.670,-4.634,-3.780,2.805
1714822814086,2024-05-04T14:40:14.086,35.680,-4.634,0.671,3.598
1714822814096,2024-05-04T14:40:14.096,35.690,-4.024,3.720,4.207
1714822814106,2024-05-04T14:40:14.106,35.700,-1.951,4.695,3.293
1714822814116,2024-05-04T14:40:14.116,35.710,0.915,4.085,2.500
1714822814126,2024-05-04T14:40:14.126,35.720,1.402,1.585,3.171
1714822814136,2024-05-04T14:40:14.136,35.730,0.732,-2.134,2.927
1714822814146,2024-05-04T14:40:14.146,35.740,0.061,-5.854,2.378
1714822814156,2024-05-04T14:40:14.156,35.750,-0.793,-8.110,2.561
1714822814166,2024-05-04T14:40:14.166,35.760,-1.890,-7.073,2.073
1714822814176,2024-05-04T14:40:14.176,35.770,-2.622,-2.195,1.768
1714822814186,2024-05-04T14:40:14.186,35.780,-2.866,4.024,1.463
1714822814196,2024-05-04T14:40:14.196,35.790,-2.805,7.378,0.244
1714822814206,2024-05-04T14:40:14.206,35.800,-2.500,5.915,0.000
1714822814216,2024-05-04T14:40:14.216,35.810,-2.256,1.707,0.854
1714822814226,2024-05-04T14:40:14.226,35.820,-1.280,-1.463,0.915
1714822814236,2024-05-04T14:40:14.236,35.830,0.549,-2.744,1.098
1714822814246,2024-05-04T14:40:14.246,35.840,1.159,-1.585,1.220
1714822814256,2024-05-04T14:40:14.256,35.850,0.732,2.317,0.915
1714822814266,2024-05-04T14:40:14.266,35.860,0.732,6.890,0.427
1714822814276,2024-05-04T14:40:14.276,35.870,1.159,10.427,0.122
1714822814286,2024-05-04T14:40:14.286,35.880,0.488,11.280,-0.061
1714822814296,2024-05-04T14:40:14.296,35.890,-0.793,7.439,-0.610
1714822814306,2024-05-04T14:40:14.306,35.900,-0.976,1.524,-0.244
1714822814316,2024-05-04T14:40:14.316,35.910,0.183,-4.085,0.122
1714822814326,2024-05-04T14:40:14.326,35.920,1.890,-6.098,1.037
1714822814336,2024-05-04T14:40:14.336,35.930,3.963,-2.927,2.195
1714822814346,2024-05-04T14:40:14.346,35.940,5.854,1.524,2.073
1714822814356,2024-05-04T14:40:14.356,35.950,6.585,4.207,1.220
1714822814366,2024-05-04T14:40:14.366,35.960,5.854,4.146,0.854
1714822814376,2024-05-04T14:40:14.376,35.970,4.451,2.195,0.915
1714822814386,2024-05-04T14:40:14.386,35.980,4.329,-0.244,0.915
1714822814396,2024-05-04T14:40:14.396,35.990,5.061,-1.829,1.280
1714822814406,2024-05-04T14:40:14.406,36.000,5.671,-2.012,1.646
1714822814416,2024-05-04T14:40:14.416,36.010,4.817,-1.341,1.707
1714822814426,2024-05-04T14:40:14.426,36.020,1.829,1.402,2.622
1714822814436,2024-05-04T14:40:14.436,36.030,-0.610,4.329,5.366
1714822814446,2024-05-04T14:40:14.446,36.040,-2.927,8.110,8.659
1714822814456,2024-05-04T14:40:14.456,36.050,-6.280,13.780,13.902
1714822814466,2024-05-04T14:40:14.466,36.060,-10.000,17.561,17.988
1714822814476,2024-05-04T14:40:14.476,36.070,-14.573,20.305,19.939
1714822814486,2024-05-04T14:40:14.486,36.080,-18.049,25.732,24.512
1714822814496,2024-05-04T14:40:14.496,36.090,-18.659,30.000,25.244
1714822814506,2024-05-04T14:40:14.506,36.100,-19.695,32.927,23.780
1714822814516,2024-05-04T14:40:14.516,36.110,-21.646,33.902,22.561
1714822814526,2024-05-04T14:40:14.526,36.120,-23.110,35.732,20.549
1714822814536,2024-05-04T14:40:14.536,36.130,-24.878,41.159,14.024
1714822814546,2024-05-04T14:40:14.546,36.140,-26.768,51.707,10.000
1714822814556,2024-05-04T14:40:14.556,36.150,-25.000,56.646,10.000
1714822814566,2024-05-04T14:40:14.566,36.160,-19.695,49.817,8.537
1714822814576,2024-05-04T14:40:14.576,36.170,-15.366,39.634,3.963
1714822814586,2024-05-04T14:40:14.586,36.180,-19.634,34.512,-5.000
1714822814596,2024-05-04T14:40:14.596,36.190,-28.293,34.390,-13.963
1714822814606,2024-05-04T14:40:14.606,36.200,-23.598,32.927,-19.085
1714822814616,2024-05-04T14:40:14.616,36.210,-4.085,31.524,-21.463
1714822814626,2024-05-04T14:40:14.626,36.220,19.695,36.280,-18.171
1714822814636,2024-05-04T14:40:14.636,36.230,47.805,45.000,-9.451
1714822814646,2024-05-04T14:40:14.646,36.240,83.415,52.683,7.012
1714822814656,2024-05-04T14:40:14.656,36.250,131.829,64.573,21.768
1714822814666,2024-05-04T14:40:14.666,36.260,179.268,73.476,38.476
1714822814676,2024-05-04T14:40:14.676,36.270,209.939,74.024,59.512
1714822814686,2024-05-04T14:40:14.686,36.280,216.341,58.780,71.585
1714822814696,2024-05-04T14:40:14.696,36.290,209.634,23.841,71.890
1714822814706,2024-05-04T14:40:14.706,36.300,182.988,-24.512,58.598
1714822814716,2024-05-04T14:40:14.716,36.310,143.537,-66.585,35.793
1714822814726,2024-05-04T14:40:14.726,36.320,129.024,-84.146,29.573
1714822814736,2024-05-04T14:40:14.736,36.330,131.220,-69.207,46.220
1714822814746,2024-05-04T14:40:14.746,36.340,114.695,-32.256,52.988
1714822814756,2024-05-04T14:40:14.756,36.350,99.451,-10.976,22.195
1714822814766,2024-05-04T14:40:14.766,36.360,88.354,-24.390,-5.976
1714822814776,2024-05-04T14:40:14.776,36.370,82.073,-42.744,-14.451
1714822814786,2024-05-04T14:40:14.786,36.380,74.329,-29.451,-6.768
1714822814796,2024-05-04T14:40:14.796,36.390,46.280,13.841,-2.683
1714822814806,2024-05-04T14:40:14.806,36.400,4.573,62.561,-5.061
1714822814816,2024-05-04T14:40:14.816,36.410,-27.683,80.732,-4.024
1714822814826,2024-05-04T14:40:14.826,36.420,-43.049,53.476,1.341
1714822814836,2024-05-04T14:40:14.836,36.430,-47.744,4.207,5.732
1714822814846,2024-05-04T14:40:14.846,36.440,-52.500,-33.415,9.817
1714822814856,2024-05-04T14:40:14.856,36.450,-59.695,-46.402,10.610
1714822814866,2024-05-04T14:40:14.866,36.460,-62.866,-49.207,4.024
1714822814876,2024-05-04T14:40:14.876,36.470,-58.659,-60.366,-4.695
1714822814886,2024-05-04T14:40:14.886,36.480,-51.768,-72.866,-7.683
1714822814896,2024-05-04T14:40:14.896,36.490,-47.988,-65.183,-9.085
1714822814906,2024-05-04T14:40:14.906,36.500,-43.537,-36.463,-12.561
1714822814916,2024-05-04T14:40:14.916,36.510,-37.317,-6.768,-15.061
1714822814926,2024-05-04T14:40:14.926,36.520,-34.939,12.195,-14.390
1714822814936,2024-05-04T14:40:14.936,36.530,-36.951,23.110,-14.146
1714822814946,2024-05-04T14:40:14.946,36.540,-37.439,26.890,-14.451
1714822814956,2024-05-04T14:40:14.956,36.550,-36.280,19.695,-13.902
1714822814966,2024-05-04T14:40:14.966,36.560,-36.951,4.207,-16.341
1714822814976,2024-05-04T14:40:14.976,36.570,-35.549,-9.573,-17.134
1714822814986,2024-05-04T14:40:14.986,36.580,-30.915,-17.195,-13.232
1714822814996,2024-05-04T14:40:14.996,36.590,-28.720,-21.524,-10.671
1714822815006,2024-05-04T14:40:15.006,36.600,-30.732,-21.159,-10.427
1714822815016,2024-05-04T14:40:15.016,36.610,-32.012,-16.463,-8.598
1714822815026,2024-05-04T14:40:15.026,36.620,-33.720,-11.951,-6.463
1714822815036,2024-05-04T14:40:15.036,36.630,-36.951,-9.817,-7.561
1714822815046,2024-05-04T14:40:15.046,36.640,-36.707,-9.207,-9.024
1714822815056,2024-05-04T14:40:15.056,36.650,-32.805,-11.463,-8.110
1714822815066,2024-05-04T14:40:15.066,36.660,-29.573,-18.171,-7.805
1714822815076,2024-05-04T14:40:15.076,36.670,-29.756,-24.573,-7.134
1714822815086,2024-05-04T14:40:15.086,36.680,-32.012,-25.671,-5.976
1714822815096,2024-05-04T14:40:15.096,36.690,-34.451,-25.427,-6.768
1714822815106,2024-05-04T14:40:15.106,36.700,-34.329,-27.195,-8.841
1714822815116,2024-05-04T14:40:15.116,36.710,-31.707,-30.305,-9.146
1714822815126,2024-05-04T14:40:15.126,36.720,-30.488,-30.061,-10.244
1714822815136,2024-05-04T14:40:15.136,36.730,-30.976,-22.073,-12.744
1714822815146,2024-05-04T14:40:15.146,36.740,-30.549,-11.098,-14.390
1714822815156,2024-05-04T14:40:15.156,36.750,-30.488,-3.963,-14.634
1714822815166,2024-05-04T14:40:15.166,36.760,-32.195,-0.854,-15.488
1714822815176,2024-05-04T14:40:15.176,36.770,-33.476,-0.183,-16.402
1714822815186,2024-05-04T14:40:15.186,36.780,-33.354,-0.610,-14.024
1714822815196,2024-05-04T14:40:15.196,36.790,-32.683,-3.659,-10.854
1714822815206,2024-05-04T14:40:15.206,36.800,-31.280,-5.854,-9.268
1714822815216,2024-05-04T14:40:15.216,36.810,-30.061,-7.866,-8.659
1714822815226,2024-05-04T14:40:15.226,36.820,-29.573,-10.610,-7.988
1714822815236,2024-05-04T14:40:15.236,36.830,-29.329,-11.646,-8.780
1714822815246,2024-05-04T14:40:15.246,36.840,-27.866,-9.573,-9.512
1714822815256,2024-05-04T14:40:15.256,36.850,-24.939,-8.963,-7.988
1714822815266,2024-05-04T14:40:15.266,36.860,-21.524,-11.220,-5.793
1714822815276,2024-05-04T14:40:15.276,36.870,-19.268,-14.146,-3.476
1714822815286,2024-05-04T14:40:15.286,36.880,-18.780,-15.000,-1.829
1714822815296,2024-05-04T14:40:15.296,36.890,-17.988,-13.537,-2.073
1714822815306,2024-05-04T14:40:15.306,36.900,-18.293,-10.061,-1.707
1714822815316,2024-05-04T14:40:15.316,36.910,-19.695,-2.927,-0.061
1714822815326,2024-05-04T14:40:15.326,36.920,-18.780,2.500,-0.793
1714822815336,2024-05-04T14:40:15.336,36.930,-14.939,2.866,-0.976
1714822815346,2024-05-04T14:40:15.346,36.940,-11.159,-0.061,2.073
1714822815356,2024-05-04T14:40:15.356,36.950,-9.207,-3.415,3.720
1714822815366,2024-05-04T14:40:15.366,36.960,-9.512,-6.585,2.317
1714822815376,2024-05-04T14:40:15.376,36.970,-10.244,-7.256,2.012
1714822815386,2024-05-04T14:40:15.386,36.980,-10.183,-5.122,2.500
1714822815396,2024-05-04T14:40:15.396,36.990,-10.610,-1.768,1.341
1714822815406,2024-05-04T14:40:15.406,37.000,-11.402,2.622,-0.427
1714822815416,2024-05-04T14:40:15.416,37.010,-11.402,5.915,-1.159
1714822815426,2024-05-04T14:40:15.426,37.020,-11.463,6.463,-1.463
1714822815436,2024-05-04T14:40:15.436,37.030,-11.341,3.354,-1.280
1714822815446,2024-05-04T14:40:15.446,37.040,-9.878,-2.622,-0.854
1714822815456,2024-05-04T14:40:15.456,37.050,-7.256,-9.756,-0.915
1714822815466,2024-05-04T14:40:15.466,37.060,-5.366,-13.415,-1.341
1714822815476,2024-05-04T14:40:15.476,37.070,-5.000,-10.366,-1.159
1714822815486,2024-05-04T14:40:15.486,37.080,-5.854,-4.939,-0.183
1714822815496,2024-05-04T14:40:15.496,37.090,-7.805,-0.854,1.098
1714822815506,2024-05-04T14:40:15.506,37.100,-9.451,1.402,1.037
1714822815516,2024-05-04T14:40:15.516,37.110,-11.037,4.146,0.427
1714822815526,2024-05-04T14:40:15.526,37.120,-12.744,6.098,0.610
1714822815536,2024-05-04T14:40:15.536,37.130,-12.744,5.488,1.341
1714822815546,2024-05-04T14:40:15.546,37.140,-10.244,3.293,2.805
1714822815556,2024-05-04T14:40:15.556,37.150,-7.195,2.378,3.537
1714822815566,2024-05-04T14:40:15.566,37.160,-4.939,3.293,2.378
1714822815576,2024-05-04T14:40:15.576,37.170,-5.000,5.549,1.646
1714822815586,2024-05-04T14:40:15.586,37.180,-7.134,5.122,1.280
1714822815596,2024-05-04T14:40:15.596,37.190,-9.024,1.585,0.732
1714822815606,2024-05-04T14:40:15.606,37.200,-7.378,-1.280,0.854
1714822815616,2024-05-04T14:40:15.616,37.210,-4.634,-5.061,1.037
1714822815626,2024-05-04T14:40:15.626,37.220,-3.293,-7.866,1.524
1714822815636,2024-05-04T14:40:15.636,37.230,-3.110,-6.341,2.622
1714822815646,2024-05-04T14:40:15.646,37.240,-3.415,0.610,3.902
1714822815656,2024-05-04T14:40:15.656,37.250,-3.415,6.463,3.963
1714822815666,2024-05-04T14:40:15.666,37.260,-1.524,7.195,3.720
1714822815676,2024-05-04T14:40:15.676,37.270,1.220,4.695,4.390
1714822815686,2024-05-04T14:40:15.686,37.280,1.341,1.341,4.634
1714822815696,2024-05-04T14:40:15.696,37.290,-0.732,-1.768,3.963
1714822815706,2024-05-04T14:40:15.706,37.300,-0.793,-4.756,4.146
1714822815716,2024-05-04T14:40:15.716,37.310,0.976,-11.585,4.817
1714822815726,2024-05-04T14:40:15.726,37.320,1.585,-23.659,5.061
1714822815736,2024-05-04T14:40:15.736,37.330,0.793,-35.244,5.671
1714822815746,2024-05-04T14:40:15.746,37.340,1.707,-40.366,6.646
1714822815756,2024-05-04T14:40:15.756,37.350,3.963,-39.085,7.134
1714822815766,2024-05-04T14:40:15.766,37.360,4.695,-34.512,7.744
1714822815776,2024-05-04T14:40:15.776,37.370,4.390,-27.927,8.780
1714822815786,2024-05-04T14:40:15.786,37.380,4.756,-21.280,9.451
1714822815796,2024-05-04T14:40:15.796,37.390,5.366,-16.037,10.183
1714822815806,2024-05-04T14:40:15.806,37.400,4.573,-11.098,11.707
1714822815816,2024-05-04T14:40:15.816,37.410,3.841,-7.439,13.049
1714822815826,2024-05-04T14:40:15.826,37.420,5.366,-6.220,14.390
1714822815836,2024-05-04T14:40:15.836,37.430,4.512,-3.659,16.280
1714822815846,2024-05-04T14:40:15.846,37.440,0.488,-2.317,20.427
1714822815856,2024-05-04T14:40:15.856,37.450,3.293,-5.183,21.951
1714822815866,2024-05-04T14:40:15.866,37.460,1.829,-4.329,24.451
1714822815876,2024-05-04T14:40:15.876,37.470,-9.573,-4.024,28.598
1714822815886,2024-05-04T14:40:15.886,37.480,-19.695,-1.646,21.159
1714822815896,2024-05-04T14:40:15.896,37.490,-31.341,-0.061,13.780
1714822815906,2024-05-04T14:40:15.906,37.500,-35.976,0.122,12.378
1714822815916,2024-05-04T14:40:15.916,37.510,-34.146,-3.049,8.659
1714822815926,2024-05-04T14:40:15.926,37.520,-31.280,-6.220,1.951
1714822815936,2024-05-04T14:40:15.936,37.530,-24.085,-3.232,-2.988
1714822815946,2024-05-04T14:40:15.946,37.540,-9.451,7.927,-7.073
1714822815956,2024-05-04T14:40:15.956,37.550,10.427,17.866,-12.561
1714822815966,2024-05-04T14:40:15.966,37.560,33.963,28.537,-15.427
1714822815976,2024-05-04T14:40:15.976,37.570,51.159,31.829,-16.037
1714822815986,2024-05-04T14:40:15.986,37.580,65.976,22.073,-11.829
1714822815996,2024-05-04T14:40:15.996,37.590,97.927,14.451,-3.963
1714822816006,2024-05-04T14:40:16.006,37.600,133.476,14.878,2.134
1714822816016,2024-05-04T14:40:16.016,37.610,162.012,12.561,14.146
1714822816026,2024-05-04T14:40:16.026,37.620,179.634,3.780,19.085
1714822816036,2024-05-04T14:40:16.036,37.630,183.110,-5.610,11.463
1714822816046,2024-05-04T14:40:16.046,37.640,177.195,-14.756,1.402
1714822816056,2024-05-04T14:40:16.056,37.650,169.451,-26.768,-9.756
1714822816066,2024-05-04T14:40:16.066,37.660,175.488,-49.146,-19.146
1714822816076,2024-05-04T14:40:16.076,37.670,169.878,-84.390,-11.402
1714822816086,2024-05-04T14:40:16.086,37.680,139.756,-94.878,-4.512
1714822816096,2024-05-04T14:40:16.096,37.690,110.122,-80.244,-16.037
1714822816106,2024-05-04T14:40:16.106,37.700,113.476,-39.390,-16.463
1714822816116,2024-05-04T14:40:16.116,37.710,122.012,-15.427,-15.061
1714822816126,2024-05-04T14:40:16.126,37.720,101.463,-11.890,-11.220
1714822816136,2024-05-04T14:40:16.136,37.730,69.939,-13.049,-4.329
1714822816146,2024-05-04T14:40:16.146,37.740,43.049,-4.146,4.573
1714822816156,2024-05-04T14:40:16.156,37.750,20.549,12.012,10.915
1714822816166,2024-05-04T14:40:16.166,37.760,-0.122,17.500,19.512
1714822816176,2024-05-04T14:40:16.176,37.770,-19.146,7.988,24.634
1714822816186,2024-05-04T14:40:16.186,37.780,-35.061,-3.049,28.293
1714822816196,2024-05-04T14:40:16.196,37.790,-44.939,-10.061,26.829
1714822816206,2024-05-04T14:40:16.206,37.800,-51.037,-16.890,21.646
1714822816216,2024-05-04T14:40:16.216,37.810,-54.939,-24.207,18.049
1714822816226,2024-05-04T14:40:16.226,37.820,-57.927,-27.927,14.268
1714822816236,2024-05-04T14:40:16.236,37.830,-56.098,-27.256,8.598
1714822816246,2024-05-04T14:40:16.246,37.840,-49.268,-21.159,5.915
1714822816256,2024-05-04T14:40:16.256,37.850,-42.134,-10.732,5.000
1714822816266,2024-05-04T14:40:16.266,37.860,-37.134,2.866,1.890
1714822816276,2024-05-04T14:40:16.276,37.870,-35.366,18.780,-3.659
1714822816286,2024-05-04T14:40:16.286,37.880,-39.451,35.427,-7.744
1714822816296,2024-05-04T14:40:16.296,37.890,-45.366,50.610,-9.695
1714822816306,2024-05-04T14:40:16.306,37.900,-45.854,58.598,-12.317
1714822816316,2024-05-04T14:40:16.316,37.910,-44.207,57.988,-14.085
1714822816326,2024-05-04T14:40:16.326,37.920,-45.915,54.390,-13.476
1714822816336,2024-05-04T14:40:16.336,37.930,-49.939,53.598,-12.134
1714822816346,2024-05-04T14:40:16.346,37.940,-55.427,53.171,-10.488
1714822816356,2024-05-04T14:40:16.356,37.950,-58.841,50.976,-8.963
1714822816366,2024-05-04T14:40:16.366,37.960,-57.622,42.988,-6.524
1714822816376,2024-05-04T14:40:16.376,37.970,-51.463,31.037,-4.756
1714822816386,2024-05-04T14:40:16.386,37.980,-44.817,19.634,-6.646
1714822816396,2024-05-04T14:40:16.396,37.990,-40.549,10.915,-10.122
1714822816406,2024-05-04T14:40:16.406,38.000,-37.256,5.976,-13.537
1714822816416,2024-05-04T14:40:16.416,38.010,-35.854,4.756,-16.524
1714822816426,2024-05-04T14:40:16.426,38.020,-37.500,10.793,-18.415
1714822816436,2024-05-04T14:40:16.436,38.030,-40.793,26.890,-19.451
1714822816446,2024-05-04T14:40:16.446,38.040,-44.512,44.268,-21.098
1714822816456,2024-05-04T14:40:16.456,38.050,-48.415,60.061,-18.232
1714822816466,2024-05-04T14:40:16.466,38.060,-50.183,68.659,-14.024
1714822816476,2024-05-04T14:40:16.476,38.070,-47.744,65.122,-11.646
1714822816486,2024-05-04T14:40:16.486,38.080,-43.232,49.329,-8.780
1714822816496,2024-05-04T14:40:16.496,38.090,-40.061,25.549,-6.890
1714822816506,2024-05-04T14:40:16.506,38.100,-36.220,2.683,-7.500
1714822816516,2024-05-04T14:40:16.516,38.110,-31.280,-15.183,-8.049
1714822816526,2024-05-04T14:40:16.526,38.120,-27.561,-22.683,-6.524
1714822816536,2024-05-04T14:40:16.536,38.130,-23.780,-21.037,-5.122
1714822816546,2024-05-04T14:40:16.546,38.140,-19.451,-14.146,-4.329
1714822816556,2024-05-04T14:40:16.556,38.150,-16.585,-4.817,-3.354
1714822816566,2024-05-04T14:40:16.566,38.160,-16.890,2.012,-4.268
1714822816576,2024-05-04T14:40:16.576,38.170,-19.146,7.256,-5.183
1714822816586,2024-05-04T14:40:16.586,38.180,-21.280,12.012,-5.732
1714822816596,2024-05-04T14:40:16.596,38.190,-21.402,15.671,-6.524
1714822816606,2024-05-04T14:40:16.606,38.200,-19.268,16.341,-6.463
1714822816616,2024-05-04T14:40:16.616,38.210,-16.159,13.171,-5.671
1714822816626,2024-05-04T14:40:16.626,38.220,-13.293,8.354,-4.817
1714822816636,2024-05-04T14:40:16.636,38.230,-12.744,1.646,-5.000
1714822816646,2024-05-04T14:40:16.646,38.240,-13.354,-2.500,-3.720
1714822816656,2024-05-04T14:40:16.656,38.250,-14.451,-3.049,-0.366
1714822816666,2024-05-04T14:40:16.666,38.260,-15.793,-0.061,1.341
1714822816676,2024-05-04T14:40:16.676,38.270,-15.305,3.049,-0.122
1714822816686,2024-05-04T14:40:16.686,38.280,-12.805,2.317,-2.378
1714822816696,2024-05-04T14:40:16.696,38.290,-8.780,0.366,-2.500
1714822816706,2024-05-04T14:40:16.706,38.300,-6.220,-1.098,-1.098
1714822816716,2024-05-04T14:40:16.716,38.310,-6.829,0.061,-1.098
1714822816726,2024-05-04T14:40:16.726,38.320,-9.207,2.805,-2.378
1714822816736,2024-05-04T14:40:16.736,38.330,-10.549,6.220,-3.110
1714822816746,2024-05-04T14:40:16.746,38.340,-11.159,6.951,-2.134
1714822816756,2024-05-04T14:40:16.756,38.350,-11.402,4.451,-1.220
1714822816766,2024-05-04T14:40:16.766,38.360,-10.793,2.134,-0.366
1714822816776,2024-05-04T14:40:16.776,38.370,-8.963,0.366,0.732
1714822816786,2024-05-04T14:40:16.786,38.380,-7.317,-1.951,0.793
1714822816796,2024-05-04T14:40:16.796,38.390,-5.854,-3.293,0.549
1714822816806,2024-05-04T14:40:16.806,38.400,-4.878,-0.671,1.463
1714822816816,2024-05-04T14:40:16.816,38.410,-4.939,2.195,2.439
1714822816826,2024-05-04T14:40:16.826,38.420,-6.585,1.890,2.622
1714822816836,2024-05-04T14:40:16.836,38.430,-8.110,0.854,2.622
1714822816846,2024-05-04T14:40:16.846,38.440,-8.780,2.622,3.171
1714822816856,2024-05-04T14:40:16.856,38.450,-8.902,4.939,4.207
1714822816866,2024-05-04T14:40:16.866,38.460,-9.024,4.512,4.817
1714822816876,2024-05-04T14:40:16.876,38.470,-8.598,0.732,5.061
1714822816886,2024-05-04T14:40:16.886,38.480,-7.378,-5.305,4.451
1714822816896,2024-05-04T14:40:16.896,38.490,-6.646,-10.183,3.659
1714822816906,2024-05-04T14:40:16.906,38.500,-6.463,-10.061,3.415
1714822816916,2024-05-04T14:40:16.916,38.510,-7.073,-5.305,3.902
1714822816926,2024-05-04T14:40:16.926,38.520,-8.780,-0.976,4.146
1714822816936,2024-05-04T14:40:16.936,38.530,-10.427,0.427,4.146
1714822816946,2024-05-04T14:40:16.946,38.540,-11.159,0.549,4.207
1714822816956,2024-05-04T14:40:16.956,38.550,-12.134,2.073,3.841
1714822816966,2024-05-04T14:40:16.966,38.560,-13.659,5.122,4.207
1714822816976,2024-05-04T14:40:16.976,38.570,-15.610,8.232,5.427
1714822816986,2024-05-04T14:40:16.986,38.580,-17.622,11.829,6.524
1714822816996,2024-05-04T14:40:16.996,38.590,-18.841,16.707,7.683
1714822817006,2024-05-04T14:40:17.006,38.600,-19.878,21.463,8.537
1714822817016,2024-05-04T14:40:17.016,38.610,-20.183,25.671,8.476
1714822817026,2024-05-04T14:40:17.026,38.620,-19.268,29.573,8.232
1714822817036,2024-05-04T14:40:17.036,38.630,-18.415,32.439,8.171
1714822817046,2024-05-04T14:40:17.046,38.640,-17.073,32.500,7.683
1714822817056,2024-05-04T14:40:17.056,38.650,-15.244,29.146,6.768
1714822817066,2024-05-04T14:40:17.066,38.660,-13.110,23.537,6.037
1714822817076,2024-05-04T14:40:17.076,38.670,-10.061,19.329,4.878
1714822817086,2024-05-04T14:40:17.086,38.680,-5.671,15.854,3.780
1714822817096,2024-05-04T14:40:17.096,38.690,0.183,10.244,4.756
1714822817106,2024-05-04T14:40:17.106,38.700,5.000,4.878,3.963
1714822817116,2024-05-04T14:40:17.116,38.710,7.866,1.524,3.780
1714822817126,2024-05-04T14:40:17.126,38.720,10.244,-1.280,5.183
1714822817136,2024-05-04T14:40:17.136,38.730,11.585,-5.427,6.585
1714822817146,2024-05-04T14:40:17.146,38.740,10.671,-9.085,6.829
1714822817156,2024-05-04T14:40:17.156,38.750,10.488,-11.463,8.354
1714822817166,2024-05-04T14:40:17.166,38.760,11.951,-12.683,10.793
1714822817176,2024-05-04T14:40:17.176,38.770,14.268,-13.171,12.378
1714822817186,2024-05-04T14:40:17.186,38.780,15.549,-11.951,13.902
1714822817196,2024-05-04T14:40:17.196,38.790,14.146,-6.951,14.207
1714822817206,2024-05-04T14:40:17.206,38.800,15.549,2.256,14.146
1714822817216,2024-05-04T14:40:17.216,38.810,21.524,18.110,13.293
1714822817226,2024-05-04T14:40:17.226,38.820,24.756,36.098,11.463
1714822817236,2024-05-04T14:40:17.236,38.830,22.378,43.841,6.159
1714822817246,2024-05-04T14:40:17.246,38.840,25.000,43.537,1.707
1714822817256,2024-05-04T14:40:17.256,38.850,32.317,42.622,3.841
1714822817266,2024-05-04T14:40:17.266,38.860,37.622,37.012,6.524
1714822817276,2024-05-04T14:40:17.276,38.870,48.537,28.780,6.646
1714822817286,2024-05-04T14:40:17.286,38.880,71.402,26.341,8.902
1714822817296,2024-05-04T14:40:17.296,38.890,95.427,22.012,15.122
1714822817306,2024-05-04T14:40:17.306,38.900,120.976,15.244,21.524
1714822817316,2024-05-04T14:40:17.316,38.910,146.951,6.220,24.451
1714822817326,2024-05-04T14:40:17.326,38.920,169.207,-12.805,25.610
1714822817336,2024-05-04T14:40:17.336,38.930,175.976,-48.537,27.317
1714822817346,2024-05-04T14:40:17.346,38.940,179.512,-93.476,16.463
1714822817356,2024-05-04T14:40:17.356,38.950,200.915,-146.707,5.305
1714822817366,2024-05-04T14:40:17.366,38.960,209.939,-207.927,9.146
1714822817376,2024-05-04T14:40:17.376,38.970,165.427,-229.939,-2.622
1714822817386,2024-05-04T14:40:17.386,38.980,118.598,-176.646,-9.451
1714822817396,2024-05-04T14:40:17.396,38.990,104.939,-103.110,13.537
1714822817406,2024-05-04T14:40:17.406,39.000,108.780,-50.549,6.098
1714822817416,2024-05-04T14:40:17.416,39.010,114.695,-28.841,-9.634
1714822817426,2024-05-04T14:40:17.426,39.020,91.524,-20.061,-6.524
1714822817436,2024-05-04T14:40:17.436,39.030,56.159,1.159,-8.598
1714822817446,2024-05-04T14:40:17.446,39.040,36.951,39.695,-1.951
1714822817456,2024-05-04T14:40:17.456,39.050,18.659,63.110,-0.549
1714822817466,2024-05-04T14:40:17.466,39.060,-1.768,61.159,5.061
1714822817476,2024-05-04T14:40:17.476,39.070,-21.951,47.378,14.146
1714822817486,2024-05-04T14:40:17.486,39.080,-36.585,27.195,13.537
1714822817496,2024-05-04T14:40:17.496,39.090,-44.695,-1.037,10.366
1714822817506,2024-05-04T14:40:17.506,39.100,-54.329,-27.073,8.720
1714822817516,2024-05-04T14:40:17.516,39.110,-63.049,-35.732,6.951
1714822817526,2024-05-04T14:40:17.526,39.120,-64.024,-26.037,4.024
1714822817536,2024-05-04T14:40:17.536,39.130,-60.427,-13.415,-3.171
1714822817546,2024-05-04T14:40:17.546,39.140,-59.695,-7.988,-10.854
1714822817556,2024-05-04T14:40:17.556,39.150,-63.780,-2.439,-15.061
1714822817566,2024-05-04T14:40:17.566,39.160,-67.256,6.463,-17.500
1714822817576,2024-05-04T14:40:17.576,39.170,-74.817,14.939,-14.573
1714822817586,2024-05-04T14:40:17.586,39.180,-84.573,21.159,-8.720
1714822817596,2024-05-04T14:40:17.596,39.190,-90.244,23.171,-7.927
1714822817606,2024-05-04T14:40:17.606,39.200,-82.256,18.354,-8.841
1714822817616,2024-05-04T14:40:17.616,39.210,-68.293,4.756,-8.780
1714822817626,2024-05-04T14:40:17.626,39.220,-58.659,-12.134,-9.512
1714822817636,2024-05-04T14:40:17.636,39.230,-52.805,-24.329,-12.500
1714822817646,2024-05-04T14:40:17.646,39.240,-49.146,-24.695,-17.439
1714822817656,2024-05-04T14:40:17.656,39.250,-47.744,-12.927,-19.390
1714822817666,2024-05-04T14:40:17.666,39.260,-47.439,2.683,-19.390
1714822817676,2024-05-04T14:40:17.676,39.270,-48.293,17.012,-20.549
1714822817686,2024-05-04T14:40:17.686,39.280,-50.854,28.720,-20.061
1714822817696,2024-05-04T14:40:17.696,39.290,-53.171,34.146,-19.146
1714822817706,2024-05-04T14:40:17.706,39.300,-52.805,31.768,-18.415
1714822817716,2024-05-04T14:40:17.716,39.310,-52.744,25.122,-16.890
1714822817726,2024-05-04T14:40:17.726,39.320,-47.927,14.695,-14.695
1714822817736,2024-05-04T14:40:17.736,39.330,-40.305,-1.159,-13.110
1714822817746,2024-05-04T14:40:17.746,39.340,-36.524,-17.439,-14.085
1714822817756,2024-05-04T14:40:17.756,39.350,-37.805,-26.646,-14.024
1714822817766,2024-05-04T14:40:17.766,39.360,-41.341,-27.012,-12.805
1714822817776,2024-05-04T14:40:17.776,39.370,-45.244,-22.256,-14.634
1714822817786,2024-05-04T14:40:17.786,39.380,-45.366,-13.171,-16.280
1714822817796,2024-05-04T14:40:17.796,39.390,-43.110,-3.354,-15.427
1714822817806,2024-05-04T14:40:17.806,39.400,-40.488,0.488,-13.598
1714822817816,2024-05-04T14:40:17.816,39.410,-38.659,-2.500,-7.805
1714822817826,2024-05-04T14:40:17.826,39.420,-39.390,-7.378,-1.951
1714822817836,2024-05-04T14:40:17.836,39.430,-34.878,-6.585,-5.000
1714822817846,2024-05-04T14:40:17.846,39.440,-32.073,-9.573,-6.829
1714822817856,2024-05-04T14:40:17.856,39.450,-32.561,-15.000,-4.085
1714822817866,2024-05-04T14:40:17.866,39.460,-29.817,-19.634,-1.951
1714822817876,2024-05-04T14:40:17.876,39.470,-19.512,-18.171,-3.110
1714822817886,2024-05-04T14:40:17.886,39.480,-9.817,-11.280,-5.244
1714822817896,2024-05-04T14:40:17.896,39.490,-7.378,-4.329,-4.695
1714822817906,2024-05-04T14:40:17.906,39.500,-8.841,-1.402,-2.073
1714822817916,2024-05-04T14:40:17.916,39.510,-10.610,-1.829,1.220
1714822817926,2024-05-04T14:40:17.926,39.520,-11.098,0.122,3.293
1714822817936,2024-05-04T14:40:17.936,39.530,-10.427,4.817,2.317
1714822817946,2024-05-04T14:40:17.946,39.540,-10.427,8.476,1.341
1714822817956,2024-05-04T14:40:17.956,39.550,-13.171,8.598,2.866
1714822817966,2024-05-04T14:40:17.966,39.560,-16.220,5.122,5.000
1714822817976,2024-05-04T14:40:17.976,39.570,-16.280,-0.549,5.793
1714822817986,2024-05-04T14:40:17.986,39.580,-12.805,-7.683,6.524
1714822817996,2024-05-04T14:40:17.996,39.590,-9.207,-11.707,7.012
1714822818006,2024-05-04T14:40:18.006,39.600,-7.317,-9.695,6.524
1714822818016,2024-05-04T14:40:18.016,39.610,-6.707,-4.390,5.488
1714822818026,2024-05-04T14:40:18.026,39.620,-7.927,1.037,4.390
1714822818036,2024-05-04T14:40:18.036,39.630,-10.061,4.390,3.537
1714822818046,2024-05-04T14:40:18.046,39.640,-10.915,6.524,3.659
1714822818056,2024-05-04T14:40:18.056,39.650,-11.159,9.451,3.415
1714822818066,2024-05-04T14:40:18.066,39.660,-10.915,15.427,3.720
1714822818076,2024-05-04T14:40:18.076,39.670,-10.244,20.549,4.390
1714822818086,2024-05-04T14:40:18.086,39.680,-8.963,22.744,4.390
1714822818096,2024-05-04T14:40:18.096,39.690,-7.256,21.768,4.451
1714822818106,2024-05-04T14:40:18.106,39.700,-4.634,17.256,3.415
1714822818116,2024-05-04T14:40:18.116,39.710,-1.585,10.061,3.110
1714822818126,2024-05-04T14:40:18.126,39.720,0.488,2.561,3.841
1714822818136,2024-05-04T14:40:18.136,39.730,0.915,-4.512,4.268
1714822818146,2024-05-04T14:40:18.146,39.740,-0.061,-8.354,4.634
1714822818156,2024-05-04T14:40:18.156,39.750,-1.220,-8.476,5.122
1714822818166,2024-05-04T14:40:18.166,39.760,-2.317,-6.037,5.488
1714822818176,2024-05-04T14:40:18.176,39.770,-3.354,-1.646,5.854
1714822818186,2024-05-04T14:40:18.186,39.780,-3.963,4.207,6.037
1714822818196,2024-05-04T14:40:18.196,39.790,-3.171,9.207,5.793
1714822818206,2024-05-04T14:40:18.206,39.800,-1.707,9.390,5.244
1714822818216,2024-05-04T14:40:18.216,39.810,-1.159,6.159,5.305
1714822818226,2024-05-04T14:40:18.226,39.820,-0.183,0.732,4.268
1714822818236,2024-05-04T14:40:18.236,39.830,1.037,-6.098,2.988
1714822818246,2024-05-04T14:40:18.246,39.840,1.280,-10.000,2.805
1714822818256,2024-05-04T14:40:18.256,39.850,0.793,-8.598,2.439
1714822818266,2024-05-04T14:40:18.266,39.860,0.183,-2.378,2.500
1714822818276,2024-05-04T14:40:18.276,39.870,-1.098,4.573,2.073
1714822818286,2024-05-04T14:40:18.286,39.880,-2.073,8.841,1.098
1714822818296,2024-05-04T14:40:18.296,39.890,-2.317,10.427,0.366
1714822818306,2024-05-04T14:40:18.306,39.900,-2.073,8.293,0.427
1714822818316,2024-05-04T14:40:18.316,39.910,-1.585,4.573,1.098
1714822818326,2024-05-04T14:40:18.326,39.920,-0.488,0.366,0.732
1714822818336,2024-05-04T14:40:18.336,39.930,2.134,-3.110,-0.366
1714822818346,2024-05-04T14:40:18.346,39.940,4.268,-4.146,-0.610
1714822818356,2024-05-04T14:40:18.356,39.950,3.537,-1.768,-1.098
1714822818366,2024-05-04T14:40:18.366,39.960,1.890,2.866,-1.463
1714822818376,2024-05-04T14:40:18.376,39.970,1.463,7.134,-1.585
1714822818386,2024-05-04T14:40:18.386,39.980,1.463,8.415,-2.073
1714822818396,2024-05-04T14:40:18.396,39.990,1.280,7.622,-1.890
1714822818406,2024-05-04T14:40:18.406,40.000,2.012,6.037,-0.854
1714822818416,2024-05-04T14:40:18.416,40.010,4.390,5.732,0.549
1714822818426,2024-05-04T14:40:18.426,40.020,7.622,7.439,0.915
1714822818436,2024-05-04T14:40:18.436,40.030,9.085,10.610,-0.305
1714822818446,2024-05-04T14:40:18.446,40.040,8.476,14.329,-0.122
1714822818456,2024-05-04T14:40:18.456,40.050,7.012,16.098,0.366
1714822818466,2024-05-04T14:40:18.466,40.060,5.122,17.439,0.427
1714822818476,2024-05-04T14:40:18.476,40.070,2.622,19.817,0.549
1714822818486,2024-05-04T14:40:18.486,40.080,0.061,23.232,0.488
1714822818496,2024-05-04T14:40:18.496,40.090,-0.854,26.890,0.488
1714822818506,2024-05-04T14:40:18.506,40.100,-0.854,31.707,0.671
1714822818516,2024-05-04T14:40:18.516,40.110,-0.488,38.293,-0.244
1714822818526,2024-05-04T14:40:18.526,40.120,-0.427,43.841,-1.707
1714822818536,2024-05-04T14:40:18.536,40.130,-2.134,45.976,-1.280
1714822818546,2024-05-04T14:40:18.546,40.140,-4.451,45.915,0.671
1714822818556,2024-05-04T14:40:18.556,40.150,-4.695,42.805,5.183
1714822818566,2024-05-04T14:40:18.566,40.160,-2.439,33.110,7.866
1714822818576,2024-05-04T14:40:18.576,40.170,-2.805,25.488,3.902
1714822818586,2024-05-04T14:40:18.586,40.180,-5.549,25.183,0.122
1714822818596,2024-05-04T14:40:18.596,40.190,-16.646,26.890,-4.329
1714822818606,2024-05-04T14:40:18.606,40.200,-25.366,23.293,-8.598
1714822818616,2024-05-04T14:40:18.616,40.210,-31.159,18.293,-12.195
1714822818626,2024-05-04T14:40:18.626,40.220,-45.488,14.085,-22.134
1714822818636,2024-05-04T14:40:18.636,40.230,-70.061,16.707,-34.817
1714822818646,2024-05-04T14:40:18.646,40.240,-76.951,20.305,-38.902
1714822818656,2024-05-04T14:40:18.656,40.250,-55.793,19.634,-46.402
1714822818666,2024-05-04T14:40:18.666,40.260,-30.915,22.378,-50.427
1714822818676,2024-05-04T14:40:18.676,40.270,-13.110,25.061,-40.488
1714822818686,2024-05-04T14:40:18.686,40.280,16.341,24.512,-23.780
1714822818696,2024-05-04T14:40:18.696,40.290,67.622,20.427,-3.354
1714822818706,2024-05-04T14:40:18.706,40.300,126.585,19.512,14.390
1714822818716,2024-05-04T14:40:18.716,40.310,171.463,22.866,33.476
1714822818726,2024-05-04T14:40:18.726,40.320,206.707,27.378,57.561
1714822818736,2024-05-04T14:40:18.736,40.330,228.963,27.012,93.841
1714822818746,2024-05-04T14:40:18.746,40.340,229.817,25.244,122.378
1714822818756,2024-05-04T14:40:18.756,40.350,203.902,11.341,124.451
1714822818766,2024-05-04T14:40:18.766,40.360,174.451,-24.451,103.110
1714822818776,2024-05-04T14:40:18.776,40.370,138.841,-80.793,64.695
1714822818786,2024-05-04T14:40:18.786,40.380,111.585,-132.073,42.988
1714822818796,2024-05-04T14:40:18.796,40.390,109.817,-135.610,34.146
1714822818806,2024-05-04T14:40:18.806,40.400,120.793,-89.146,21.768
1714822818816,2024-05-04T14:40:18.816,40.410,115.427,-31.585,21.646
1714822818826,2024-05-04T14:40:18.826,40.420,100.671,-5.122,41.829
1714822818836,2024-05-04T14:40:18.836,40.430,71.768,-5.427,27.500
1714822818846,2024-05-04T14:40:18.846,40.440,60.976,0.549,-9.817
1714822818856,2024-05-04T14:40:18.856,40.450,49.573,22.439,-6.037
1714822818866,2024-05-04T14:40:18.866,40.460,22.500,59.878,-0.671
1714822818876,2024-05-04T14:40:18.876,40.470,-2.256,91.098,-3.598
1714822818886,2024-05-04T14:40:18.886,40.480,-21.159,89.512,-3.232
1714822818896,2024-05-04T14:40:18.896,40.490,-36.402,57.805,-1.646
1714822818906,2024-05-04T14:40:18.906,40.500,-52.805,19.756,-2.561
1714822818916,2024-05-04T14:40:18.916,40.510,-65.549,-7.744,-3.476
1714822818926,2024-05-04T14:40:18.926,40.520,-67.622,-27.134,-6.098
1714822818936,2024-05-04T14:40:18.936,40.530,-64.512,-40.732,-12.073
1714822818946,2024-05-04T14:40:18.946,40.540,-64.024,-46.159,-15.793
1714822818956,2024-05-04T14:40:18.956,40.550,-62.500,-43.110,-17.988
1714822818966,2024-05-04T14:40:18.966,40.560,-54.695,-33.902,-20.000
1714822818976,2024-05-04T14:40:18.976,40.570,-46.220,-23.415,-22.195
1714822818986,2024-05-04T14:40:18.986,40.580,-41.098,-14.695,-25.000
1714822818996,2024-05-04T14:40:18.996,40.590,-39.085,-9.207,-29.207
1714822819006,2024-05-04T14:40:19.006,40.600,-39.329,-6.402,-31.768
1714822819016,2024-05-04T14:40:19.016,40.610,-42.683,-3.415,-32.500
1714822819026,2024-05-04T14:40:19.026,40.620,-46.768,-0.793,-32.073
1714822819036,2024-05-04T14:40:19.036,40.630,-51.402,-1.585,-29.512
1714822819046,2024-05-04T14:40:19.046,40.640,-57.866,-4.573,-26.341
1714822819056,2024-05-04T14:40:19.056,40.650,-61.768,-7.195,-22.622
1714822819066,2024-05-04T14:40:19.066,40.660,-64.024,-12.012,-16.037
1714822819076,2024-05-04T14:40:19.076,40.670,-66.402,-18.476,-8.171
1714822819086,2024-05-04T14:40:19.086,40.680,-67.744,-26.098,-4.512
1714822819096,2024-05-04T14:40:19.096,40.690,-66.768,-36.646,-7.622
1714822819106,2024-05-04T14:40:19.106,40.700,-61.768,-48.841,-13.110
1714822819116,2024-05-04T14:40:19.116,40.710,-55.122,-53.110,-12.195
1714822819126,2024-05-04T14:40:19.126,40.720,-44.878,-37.012,-13.293
1714822819136,2024-05-04T14:40:19.136,40.730,-39.085,-24.817,-14.207
1714822819146,2024-05-04T14:40:19.146,40.740,-39.512,-15.183,-9.146
1714822819156,2024-05-04T14:40:19.156,40.750,-39.268,-12.500,-8.720
1714822819166,2024-05-04T14:40:19.166,40.760,-35.000,-18.537,-12.866
1714822819176,2024-05-04T14:40:19.176,40.770,-30.793,-18.537,-12.439
1714822819186,2024-05-04T14:40:19.186,40.780,-30.244,-13.720,-11.402
1714822819196,2024-05-04T14:40:19.196,40.790,-31.159,-12.012,-14.085
1714822819206,2024-05-04T14:40:19.206,40.800,-30.793,-14.390,-11.768
1714822819216,2024-05-04T14:40:19.216,40.810,-28.232,-15.671,-7.256
1714822819226,2024-05-04T14:40:19.226,40.820,-25.244,-16.768,-6.220
1714822819236,2024-05-04T14:40:19.236,40.830,-23.598,-16.951,-5.305
1714822819246,2024-05-04T14:40:19.246,40.840,-23.598,-13.232,-2.988
1714822819256,2024-05-04T14:40:19.256,40.850,-24.024,-8.476,-2.256
1714822819266,2024-05-04T14:40:19.266,40.860,-23.902,-9.024,-3.780
1714822819276,2024-05-04T14:40:19.276,40.870,-22.744,-14.085,-6.159
1714822819286,2024-05-04T14:40:19.286,40.880,-20.915,-17.805,-7.622
1714822819296,2024-05-04T14:40:19.296,40.890,-17.683,-16.524,-7.500
1714822819306,2024-05-04T14:40:19.306,40.900,-14.817,-12.683,-7.500
1714822819316,2024-05-04T14:40:19.316,40.910,-13.537,-6.890,-7.622
1714822819326,2024-05-04T14:40:19.326,40.920,-13.232,1.159,-6.951
1714822819336,2024-05-04T14:40:19.336,40.930,-12.927,9.207,-4.756
1714822819346,2024-05-04T14:40:19.346,40.940,-12.805,15.549,-3.293
1714822819356,2024-05-04T14:40:19.356,40.950,-12.378,16.280,-3.598
1714822819366,2024-05-04T14:40:19.366,40.960,-11.341,11.402,-4.024
1714822819376,2024-05-04T14:40:19.376,40.970,-10.122,5.000,-3.841
1714822819386,2024-05-04T14:40:19.386,40.980,-8.354,1.585,-3.415
1714822819396,2024-05-04T14:40:19.396,40.990,-7.317,-0.244,-2.744
1714822819406,2024-05-04T14:40:19.406,41.000,-7.500,-1.890,-1.585
1714822819416,2024-05-04T14:40:19.416,41.010,-7.317,-2.744,0.000
1714822819426,2024-05-04T14:40:19.426,41.020,-5.915,-2.866,0.610
1714822819436,2024-05-04T14:40:19.436,41.030,-4.512,-2.195,1.463
1714822819446,2024-05-04T14:40:19.446,41.040,-3.537,-0.183,2.683
1714822819456,2024-05-04T14:40:19.456,41.050,-3.841,1.341,2.134
1714822819466,2024-05-04T14:40:19.466,41.060,-3.780,1.463,1.402
1714822819476,2024-05-04T14:40:19.476,41.070,-2.500,0.427,1.829
1714822819486,2024-05-04T14:40:19.486,41.080,-2.317,-1.220,1.585
1714822819496,2024-05-04T14:40:19.496,41.090,-2.866,-2.744,1.037
1714822819506,2024-05-04T14:40:19.506,41.100,-1.951,-3.902,1.341
1714822819516,2024-05-04T14:40:19.516,41.110,-0.183,-3.354,2.439
1714822819526,2024-05-04T14:40:19.526,41.120,1.220,-0.122,2.561
1714822819536,2024-05-04T14:40:19.536,41.130,1.524,2.683,1.585
1714822819546,2024-05-04T14:40:19.546,41.140,1.768,2.439,0.976
1714822819556,2024-05-04T14:40:19.556,41.150,2.134,-0.183,1.463
1714822819566,2024-05-04T14:40:19.566,41.160,2.134,-1.280,1.585
1714822819576,2024-05-04T14:40:19.576,41.170,2.256,-0.122,1.707
1714822819586,2024-05-04T14:40:19.586,41.180,1.890,0.183,2.805
1714822819596,2024-05-04T14:40:19.596,41.190,1.341,-2.012,3.841
1714822819606,2024-05-04T14:40:19.606,41.200,1.220,-4.573,3.780
1714822819616,2024-05-04T14:40:19.616,41.210,1.829,-4.634,3.476
1714822819626,2024-05-04T14:40:19.626,41.220,2.683,-3.171,4.085
1714822819636,2024-05-04T14:40:19.636,41.230,3.171,-1.280,4.756
1714822819646,2024-05-04T14:40:19.646,41.240,2.622,0.793,4.207
1714822819656,2024-05-04T14:40:19.656,41.250,1.524,1.768,3.476
1714822819666,2024-05-04T14:40:19.666,41.260,1.037,0.366,3.171
1714822819676,2024-05-04T14:40:19.676,41.270,1.890,-1.280,3.537
1714822819686,2024-05-04T14:40:19.686,41.280,3.232,-0.854,3.902
1714822819696,2024-05-04T14:40:19.696,41.290,3.841,-0.061,3.841
1714822819706,2024-05-04T14:40:19.706,41.300,3.902,-0.671,4.390
1714822819716,2024-05-04T14:40:19.716,41.310,4.024,-1.220,6.037
1714822819726,2024-05-04T14:40:19.726,41.320,4.024,0.183,7.256
1714822819736,2024-05-04T14:40:19.736,41.330,3.780,2.134,7.439
1714822819746,2024-05-04T14:40:19.746,41.340,3.720,4.329,7.683
1714822819756,2024-05-04T14:40:19.756,41.350,4.146,6.159,7.073
1714822819766,2024-05-04T14:40:19.766,41.360,5.427,7.378,5.732
1714822819776,2024-05-04T14:40:19.776,41.370,7.073,7.622,4.939
1714822819786,2024-05-04T14:40:19.786,41.380,7.622,6.646,4.512
1714822819796,2024-05-04T14:40:19.796,41.390,7.927,3.537,4.451
1714822819806,2024-05-04T14:40:19.806,41.400,8.354,-0.793,5.244
1714822819816,2024-05-04T14:40:19.816,41.410,8.598,-5.366,6.829
1714822819826,2024-05-04T14:40:19.826,41.420,7.256,-7.439,8.476
1714822819836,2024-05-04T14:40:19.836,41.430,4.146,-5.427,9.268
1714822819846,2024-05-04T14:40:19.846,41.440,-0.122,0.183,10.427
1714822819856,2024-05-04T14:40:19.856,41.450,-4.817,6.768,15.122
1714822819866,2024-05-04T14:40:19.866,41.460,-9.329,8.780,22.317
1714822819876,2024-05-04T14:40:19.876,41.470,-11.890,0.915,31.524
1714822819886,2024-05-04T14:40:19.886,41.480,-15.915,-4.756,32.500
1714822819896,2024-05-04T14:40:19.896,41.490,-29.634,-1.463,30.122
1714822819906,2024-05-04T14:40:19.906,41.500,-43.659,-1.463,22.927
1714822819916,2024-05-04T14:40:19.916,41.510,-52.622,-1.829,15.854
1714822819926,2024-05-04T14:40:19.926,41.520,-51.402,10.854,5.366
1714822819936,2024-05-04T14:40:19.936,41.530,-45.610,30.366,-3.720
1714822819946,2024-05-04T14:40:19.946,41.540,-39.573,39.817,-6.524
1714822819956,2024-05-04T14:40:19.956,41.550,-35.305,39.817,-10.183
1714822819966,2024-05-04T14:40:19.966,41.560,-32.744,35.000,-16.951
1714822819976,2024-05-04T14:40:19.976,41.570,-25.366,24.817,-20.976
1714822819986,2024-05-04T14:40:19.986,41.580,-9.573,15.366,-17.988
1714822819996,2024-05-04T14:40:19.996,41.590,13.841,7.866,-6.951
1714822820006,2024-05-04T14:40:20.006,41.600,54.756,12.866,6.646
1714822820016,2024-05-04T14:40:20.016,41.610,107.744,34.268,21.280
1714822820026,2024-05-04T14:40:20.026,41.620,152.195,52.256,38.780
1714822820036,2024-05-04T14:40:20.036,41.630,183.171,54.390,55.488
1714822820046,2024-05-04T14:40:20.046,41.640,190.732,51.890,59.878
1714822820056,2024-05-04T14:40:20.056,41.650,182.378,52.012,55.488
1714822820066,2024-05-04T14:40:20.066,41.660,145.793,54.451,40.610
1714822820076,2024-05-04T14:40:20.076,41.670,124.085,50.183,28.110
1714822820086,2024-05-04T14:40:20.086,41.680,143.171,37.988,26.280
1714822820096,2024-05-04T14:40:20.096,41.690,154.817,23.232,30.183
1714822820106,2024-05-04T14:40:20.106,41.700,143.171,1.524,30.854
1714822820116,2024-05-04T14:40:20.116,41.710,121.890,-38.841,32.378
1714822820126,2024-05-04T14:40:20.126,41.720,118.598,-48.902,6.707
1714822820136,2024-05-04T14:40:20.136,41.730,126.829,-18.963,-6.585
1714822820146,2024-05-04T14:40:20.146,41.740,94.512,22.073,3.415
1714822820156,2024-05-04T14:40:20.156,41.750,45.671,42.683,8.720
1714822820166,2024-05-04T14:40:20.166,41.760,15.366,32.256,11.829
1714822820176,2024-05-04T14:40:20.176,41.770,-3.537,9.207,15.122
1714822820186,2024-05-04T14:40:20.186,41.780,-19.329,-7.744,15.122
1714822820196,2024-05-04T14:40:20.196,41.790,-34.024,-18.049,13.476
1714822820206,2024-05-04T14:40:20.206,41.800,-47.744,-25.244,14.451
1714822820216,2024-05-04T14:40:20.216,41.810,-57.134,-29.451,13.171
1714822820226,2024-05-04T14:40:20.226,41.820,-62.744,-35.915,8.110
1714822820236,2024-05-04T14:40:20.236,41.830,-65.488,-42.073,4.695
1714822820246,2024-05-04T14:40:20.246,41.840,-62.988,-42.561,-3.659
1714822820256,2024-05-04T14:40:20.256,41.850,-58.049,-37.683,-11.463
1714822820266,2024-05-04T14:40:20.266,41.860,-52.439,-28.415,-17.317
1714822820276,2024-05-04T14:40:20.276,41.870,-45.854,-14.451,-22.744
1714822820286,2024-05-04T14:40:20.286,41.880,-38.537,1.402,-27.378
1714822820296,2024-05-04T14:40:20.296,41.890,-31.890,13.232,-31.646
1714822820306,2024-05-04T14:40:20.306,41.900,-28.780,21.707,-31.829
1714822820316,2024-05-04T14:40:20.316,41.910,-29.756,28.598,-30.305
1714822820326,2024-05-04T14:40:20.326,41.920,-36.220,28.049,-31.220
1714822820336,2024-05-04T14:40:20.336,41.930,-45.610,19.024,-31.463
1714822820346,2024-05-04T14:40:20.346,41.940,-50.122,8.232,-28.780
1714822820356,2024-05-04T14:40:20.356,41.950,-50.000,-0.366,-23.537
1714822820366,2024-05-04T14:40:20.366,41.960,-50.915,-11.341,-18.720
1714822820376,2024-05-04T14:40:20.376,41.970,-52.500,-25.427,-15.854
1714822820386,2024-05-04T14:40:20.386,41.980,-52.195,-35.061,-13.537
1714822820396,2024-05-04T14:40:20.396,41.990,-50.976,-36.159,-13.598
1714822820406,2024-05-04T14:40:20.406,42.000,-50.915,-29.268,-15.854
1714822820416,2024-05-04T14:40:20.416,42.010,-52.500,-21.098,-19.573
1714822820426,2024-05-04T14:40:20.426,42.020,-52.988,-17.561,-24.085
1714822820436,2024-05-04T14:40:20.436,42.030,-49.146,-15.427,-25.305
1714822820446,2024-05-04T14:40:20.446,42.040,-44.634,-13.780,-20.488
1714822820456,2024-05-04T14:40:20.456,42.050,-43.049,-15.488,-16.524
1714822820466,2024-05-04T14:40:20.466,42.060,-42.683,-16.585,-15.854
1714822820476,2024-05-04T14:40:20.476,42.070,-39.024,-15.061,-14.146
1714822820486,2024-05-04T14:40:20.486,42.080,-32.561,-15.854,-10.366
1714822820496,2024-05-04T14:40:20.496,42.090,-27.256,-19.939,-8.110
1714822820506,2024-05-04T14:40:20.506,42.100,-22.988,-22.927,-8.841
1714822820516,2024-05-04T14:40:20.516,42.110,-20.488,-20.366,-6.768
1714822820526,2024-05-04T14:40:20.526,42.120,-20.671,-16.524,-2.744
1714822820536,2024-05-04T14:40:20.536,42.130,-21.768,-14.634,-3.293
1714822820546,2024-05-04T14:40:20.546,42.140,-20.915,-10.244,-6.280
1714822820556,2024-05-04T14:40:20.556,42.150,-18.963,-2.744,-5.427
1714822820566,2024-05-04T14:40:20.566,42.160,-18.476,1.037,-3.963
1714822820576,2024-05-04T14:40:20.576,42.170,-17.683,-3.415,-5.427
1714822820586,2024-05-04T14:40:20.586,42.180,-15.854,-11.341,-5.427
1714822820596,2024-05-04T14:40:20.596,42.190,-14.146,-17.683,-4.390
1714822820606,2024-05-04T14:40:20.606,42.200,-14.390,-17.744,-4.451
1714822820616,2024-05-04T14:40:20.616,42.210,-14.939,-13.354,-4.634
1714822820626,2024-05-04T14:40:20.626,42.220,-14.878,-9.878,-5.610
1714822820636,2024-05-04T14:40:20.636,42.230,-15.793,-6.037,-6.341
1714822820646,2024-05-04T14:40:20.646,42.240,-16.707,-1.524,-5.671
1714822820656,2024-05-04T14:40:20.656,42.250,-16.524,0.671,-4.268
1714822820666,2024-05-04T14:40:20.666,42.260,-15.183,-0.793,-3.780
1714822820676,2024-05-04T14:40:20.676,42.270,-13.354,-3.232,-3.232
1714822820686,2024-05-04T14:40:20.686,42.280,-12.134,-3.902,-2.256
1714822820696,2024-05-04T14:40:20.696,42.290,-11.098,-5.122,-1.646
1714822820706,2024-05-04T14:40:20.706,42.300,-9.573,-5.488,-0.244
1714822820716,2024-05-04T14:40:20.716,42.310,-8.232,-3.841,0.366
1714822820726,2024-05-04T14:40:20.726,42.320,-7.927,-1.463,0.061
1714822820736,2024-05-04T14:40:20.736,42.330,-8.049,-0.244,-0.061
1714822820746,2024-05-04T14:40:20.746,42.340,-9.146,-1.098,-0.061
1714822820756,2024-05-04T14:40:20.756,42.350,-9.878,-4.451,0.610
1714822820766,2024-05-04T14:40:20.766,42.360,-8.537,-8.841,0.610
1714822820776,2024-05-04T14:40:20.776,42.370,-5.427,-11.829,0.488
1714822820786,2024-05-04T14:40:20.786,42.380,-2.195,-9.329,0.793
1714822820796,2024-05-04T14:40:20.796,42.390,-1.098,-2.866,0.793
1714822820806,2024-05-04T14:40:20.806,42.400,-1.463,2.134,1.463
1714822820816,2024-05-04T14:40:20.816,42.410,-2.561,3.598,2.317
1714822820826,2024-05-04T14:40:20.826,42.420,-3.171,2.561,2.988
1714822820836,2024-05-04T14:40:20.836,42.430,-2.622,0.854,4.146
1714822820846,2024-05-04T14:40:20.846,42.440,-1.341,-1.402,5.244
1714822820856,2024-05-04T14:40:20.856,42.450,0.244,-2.927,5.854
1714822820866,2024-05-04T14:40:20.866,42.460,1.463,-2.256,4.512
1714822820876,2024-05-04T14:40:20.876,42.470,2.134,0.366,4.085
1714822820886,2024-05-04T14:40:20.886,42.480,2.927,4.390,5.793
1714822820896,2024-05-04T14:40:20.896,42.490,2.988,4.451,5.305
1714822820906,2024-05-04T14:40:20.906,42.500,1.951,1.220,4.512
1714822820916,2024-05-04T14:40:20.916,42.510,0.549,-1.220,3.902
1714822820926,2024-05-04T14:40:20.926,42.520,-0.122,-0.915,3.171
1714822820936,2024-05-04T14:40:20.936,42.530,0.305,1.098,3.537
1714822820946,2024-05-04T14:40:20.946,42.540,1.220,2.866,3.110
1714822820956,2024-05-04T14:40:20.956,42.550,2.134,3.354,2.256
1714822820966,2024-05-04T14:40:20.966,42.560,2.866,3.110,2.561
1714822820976,2024-05-04T14:40:20.976,42.570,3.537,2.561,3.293
1714822820986,2024-05-04T14:40:20.986,42.580,3.598,-0.061,3.049
1714822820996,2024-05-04T14:40:20.996,42.590,3.171,-3.232,2.195
1714822821006,2024-05-04T14:40:21.006,42.600,2.866,-4.146,1.646
1714822821016,2024-05-04T14:40:21.016,42.610,2.683,-3.598,2.073
1714822821026,2024-05-04T14:40:21.026,42.620,2.256,-2.378,2.500
1714822821036,2024-05-04T14:40:21.036,42.630,1.280,-1.098,2.195
1714822821046,2024-05-04T14:40:21.046,42.640,-0.183,0.976,2.378
1714822821056,2024-05-04T14:40:21.056,42.650,-0.854,3.659,3.476
1714822821066,2024-05-04T14:40:21.066,42.660,0.549,4.939,4.085
1714822821076,2024-05-04T14:40:21.076,42.670,3.476,3.110,3.720
1714822821086,2024-05-04T14:40:21.086,42.680,6.341,0.793,2.378
1714822821096,2024-05-04T14:40:21.096,42.690,7.622,1.707,1.646
1714822821106,2024-05-04T14:40:21.106,42.700,7.073,3.476,2.805
1714822821116,2024-05-04T14:40:21.116,42.710,5.732,2.073,3.720
1714822821126,2024-05-04T14:40:21.126,42.720,5.427,-1.280,5.122
1714822821136,2024-05-04T14:40:21.136,42.730,7.195,-3.598,7.561
1714822821146,2024-05-04T14:40:21.146,42.740,10.305,-3.049,9.024
1714822821156,2024-05-04T14:40:21.156,42.750,13.659,-1.707,8.354
1714822821166,2024-05-04T14:40:21.166,42.760,16.768,-2.073,7.195
1714822821176,2024-05-04T14:40:21.176,42.770,19.085,-4.756,6.585
1714822821186,2024-05-04T14:40:21.186,42.780,20.976,-7.256,7.317
1714822821196,2024-05-04T14:40:21.196,42.790,20.976,-7.317,9.329
1714822821206,2024-05-04T14:40:21.206,42.800,19.146,-6.098,11.341
1714822821216,2024-05-04T14:40:21.216,42.810,16.341,-3.293,12.439
1714822821226,2024-05-04T14:40:21.226,42.820,11.829,-3.659,11.220
1714822821236,2024-05-04T14:40:21.236,42.830,6.220,-7.317,12.256
1714822821246,2024-05-04T14:40:21.246,42.840,-0.854,-5.549,16.159
1714822821256,2024-05-04T14:40:21.256,42.850,-5.793,1.646,18.232
1714822821266,2024-05-04T14:40:21.266,42.860,-9.756,13.049,19.451
1714822821276,2024-05-04T14:40:21.276,42.870,-13.110,18.476,20.244
1714822821286,2024-05-04T14:40:21.286,42.880,-13.720,14.146,20.793
1714822821296,2024-05-04T14:40:21.296,42.890,-11.280,7.744,13.293
1714822821306,2024-05-04T14:40:21.306,42.900,-10.427,6.159,10.915
1714822821316,2024-05-04T14:40:21.316,42.910,-16.037,4.573,15.000
1714822821326,2024-05-04T14:40:21.326,42.920,-19.817,-0.427,9.695
1714822821336,2024-05-04T14:40:21.336,42.930,-18.659,6.159,2.378
1714822821346,2024-05-04T14:40:21.346,42.940,-18.049,20.061,-2.866
1714822821356,2024-05-04T14:40:21.356,42.950,-29.024,25.915,-10.061
1714822821366,2024-05-04T14:40:21.366,42.960,-39.268,21.585,-17.988
1714822821376,2024-05-04T14:40:21.376,42.970,-29.329,12.866,-17.622
1714822821386,2024-05-04T14:40:21.386,42.980,-5.671,9.817,-7.622
1714822821396,2024-05-04T14:40:21.396,42.990,30.244,17.683,5.793
1714822821406,2024-05-04T14:40:21.406,43.000,74.207,31.829,8.110
1714822821416,2024-05-04T14:40:21.416,43.010,126.463,44.939,11.768
1714822821426,2024-05-04T14:40:21.426,43.020,174.329,50.549,33.415
1714822821436,2024-05-04T14:40:21.436,43.030,194.146,49.817,55.183
1714822821446,2024-05-04T14:40:21.446,43.040,199.390,29.756,63.354
1714822821456,2024-05-04T14:40:21.456,43.050,192.439,-8.598,47.683
1714822821466,2024-05-04T14:40:21.466,43.060,168.171,-57.256,19.329
1714822821476,2024-05-04T14:40:21.476,43.070,171.890,-99.878,1.341
1714822821486,2024-05-04T14:40:21.486,43.080,173.293,-102.073,11.341
1714822821496,2024-05-04T14:40:21.496,43.090,151.220,-53.902,28.659
1714822821506,2024-05-04T14:40:21.506,43.100,129.451,-14.146,21.159
1714822821516,2024-05-04T14:40:21.516,43.110,142.500,8.354,4.817
1714822821526,2024-05-04T14:40:21.526,43.120,144.207,4.329,6.098
1714822821536,2024-05-04T14:40:21.536,43.130,113.963,-1.829,14.146
1714822821546,2024-05-04T14:40:21.546,43.140,81.585,2.927,23.720
1714822821556,2024-05-04T14:40:21.556,43.150,57.439,8.476,22.927
1714822821566,2024-05-04T14:40:21.566,43.160,36.524,1.280,19.878
1714822821576,2024-05-04T14:40:21.576,43.170,13.415,-10.000,19.390
1714822821586,2024-05-04T14:40:21.586,43.180,-10.061,-16.585,20.488
1714822821596,2024-05-04T14:40:21.596,43.190,-28.659,-27.500,23.537
1714822821606,2024-05-04T14:40:21.606,43.200,-43.232,-40.915,23.476
1714822821616,2024-05-04T14:40:21.616,43.210,-54.512,-45.061,21.098
1714822821626,2024-05-04T14:40:21.626,43.220,-64.573,-36.768,17.561
1714822821636,2024-05-04T14:40:21.636,43.230,-73.537,-26.890,11.707
1714822821646,2024-05-04T14:40:21.646,43.240,-76.037,-23.293,3.902
1714822821656,2024-05-04T14:40:21.656,43.250,-71.707,-20.915,-1.646
1714822821666,2024-05-04T14:40:21.666,43.260,-65.488,-18.902,-6.829
1714822821676,2024-05-04T14:40:21.676,43.270,-59.756,-19.451,-11.768
1714822821686,2024-05-04T14:40:21.686,43.280,-55.671,-20.000,-18.232
1714822821696,2024-05-04T14:40:21.696,43.290,-53.841,-11.829,-23.598
1714822821706,2024-05-04T14:40:21.706,43.300,-55.610,9.207,-26.463
1714822821716,2024-05-04T14:40:21.716,43.310,-61.037,38.780,-31.524
1714822821726,2024-05-04T14:40:21.726,43.320,-68.415,62.866,-38.293
1714822821736,2024-05-04T14:40:21.736,43.330,-81.220,70.183,-40.915
1714822821746,2024-05-04T14:40:21.746,43.340,-95.488,61.646,-32.683
1714822821756,2024-05-04T14:40:21.756,43.350,-107.256,45.366,-16.220
1714822821766,2024-05-04T14:40:21.766,43.360,-110.000,32.622,-1.159
1714822821776,2024-05-04T14:40:21.776,43.370,-101.037,15.427,-0.122
1714822821786,2024-05-04T14:40:21.786,43.380,-86.524,-20.915,-12.988
1714822821796,2024-05-04T14:40:21.796,43.390,-73.537,-54.939,-22.439
1714822821806,2024-05-04T14:40:21.806,43.400,-59.817,-50.122,-30.427
1714822821816,2024-05-04T14:40:21.816,43.410,-55.915,-27.866,-34.573
1714822821826,2024-05-04T14:40:21.826,43.420,-60.183,-2.988,-26.829
1714822821836,2024-05-04T14:40:21.836,43.430,-60.427,18.110,-16.707
1714822821846,2024-05-04T14:40:21.846,43.440,-53.720,20.061,-14.695
1714822821856,2024-05-04T14:40:21.856,43.450,-48.171,16.037,-18.049
1714822821866,2024-05-04T14:40:21.866,43.460,-48.049,15.610,-18.720
1714822821876,2024-05-04T14:40:21.876,43.470,-48.537,14.329,-17.805
1714822821886,2024-05-04T14:40:21.886,43.480,-44.634,5.732,-19.634
1714822821896,2024-05-04T14:40:21.896,43.490,-36.098,-9.634,-23.476
1714822821906,2024-05-04T14:40:21.906,43.500,-24.756,-21.524,-24.390
1714822821916,2024-05-04T14:40:21.916,43.510,-17.256,-22.622,-21.220
1714822821926,2024-05-04T14:40:21.926,43.520,-17.378,-12.683,-17.561
1714822821936,2024-05-04T14:40:21.936,43.530,-21.341,0.732,-14.268
1714822821946,2024-05-04T14:40:21.946,43.540,-24.268,9.939,-11.585
1714822821956,2024-05-04T14:40:21.956,43.550,-25.244,14.573,-9.634
1714822821966,2024-05-04T14:40:21.966,43.560,-25.732,12.256,-8.354
1714822821976,2024-05-04T14:40:21.976,43.570,-24.573,4.817,-6.707
1714822821986,2024-05-04T14:40:21.986,43.580,-21.585,0.244,-5.793
1714822821996,2024-05-04T14:40:21.996,43.590,-20.854,-0.427,-6.402
1714822822006,2024-05-04T14:40:22.006,43.600,-20.793,-1.463,-7.500
1714822822016,2024-05-04T14:40:22.016,43.610,-19.634,-8.841,-6.829
1714822822026,2024-05-04T14:40:22.026,43.620,-17.744,-15.976,-5.061
1714822822036,2024-05-04T14:40:22.036,43.630,-15.366,-16.159,-5.488
1714822822046,2024-05-04T14:40:22.046,43.640,-13.598,-11.951,-5.244
1714822822056,2024-05-04T14:40:22.056,43.650,-11.585,-8.049,-2.988
1714822822066,2024-05-04T14:40:22.066,43.660,-9.756,-7.012,-3.110
1714822822076,2024-05-04T14:40:22.076,43.670,-7.805,-7.561,-3.780
1714822822086,2024-05-04T14:40:22.086,43.680,-5.915,-8.049,-2.317
1714822822096,2024-05-04T14:40:22.096,43.690,-4.451,-7.500,-1.037
1714822822106,2024-05-04T14:40:22.106,43.700,-3.720,-5.732,0.122
1714822822116,2024-05-04T14:40:22.116,43.710,-2.561,-3.049,1.585
1714822822126,2024-05-04T14:40:22.126,43.720,-0.244,-0.549,2.927
1714822822136,2024-05-04T14:40:22.136,43.730,1.585,0.366,4.390
1714822822146,2024-05-04T14:40:22.146,43.740,0.671,0.366,5.000
1714822822156,2024-05-04T14:40:22.156,43.750,-1.402,1.524,5.000
1714822822166,2024-05-04T14:40:22.166,43.760,-2.500,2.012,4.634
1714822822176,2024-05-04T14:40:22.176,43.770,-2.622,-0.549,3.293
1714822822186,2024-05-04T14:40:22.186,43.780,-2.500,-2.988,2.988
1714822822196,2024-05-04T14:40:22.196,43.790,-1.768,-1.341,2.073
1714822822206,2024-05-04T14:40:22.206,43.800,-0.244,0.183,0.061
1714822822216,2024-05-04T14:40:22.216,43.810,0.244,0.488,0.305
1714822822226,2024-05-04T14:40:22.226,43.820,-1.585,1.037,0.976
1714822822236,2024-05-04T14:40:22.236,43.830,-3.415,1.768,0.427
1714822822246,2024-05-04T14:40:22.246,43.840,-3.841,2.622,0.732
1714822822256,2024-05-04T14:40:22.256,43.850,-4.024,3.415,1.098
1714822822266,2024-05-04T14:40:22.266,43.860,-4.085,4.146,0.793
1714822822276,2024-05-04T14:40:22.276,43.870,-3.537,5.976,0.305
1714822822286,2024-05-04T14:40:22.286,43.880,-2.073,7.134,0.854
1714822822296,2024-05-04T14:40:22.296,43.890,-0.671,5.854,1.646
1714822822306,2024-05-04T14:40:22.306,43.900,-0.061,1.829,1.768
1714822822316,2024-05-04T14:40:22.316,43.910,0.671,-1.585,2.073
1714822822326,2024-05-04T14:40:22.326,43.920,2.561,-2.195,2.805
1714822822336,2024-05-04T14:40:22.336,43.930,4.451,-0.854,3.293
1714822822346,2024-05-04T14:40:22.346,43.940,4.817,2.134,3.354
1714822822356,2024-05-04T14:40:22.356,43.950,4.817,5.183,3.780
1714822822366,2024-05-04T14:40:22.366,43.960,4.939,7.561,4.329
1714822822376,2024-05-04T14:40:22.376,43.970,3.841,8.049,4.939
1714822822386,2024-05-04T14:40:22.386,43.980,1.524,7.805,5.122
1714822822396,2024-05-04T14:40:22.396,43.990,-0.854,7.256,5.061
1714822822406,2024-05-04T14:40:22.406,44.000,-2.805,5.488,6.220
1714822822416,2024-05-04T14:40:22.416,44.010,-5.183,2.866,7.317
1714822822426,2024-05-04T14:40:22.426,44.020,-8.049,0.610,8.293
1714822822436,2024-05-04T14:40:22.436,44.030,-10.000,-1.341,9.695
1714822822446,2024-05-04T14:40:22.446,44.040,-11.341,-1.463,13.476
1714822822456,2024-05-04T14:40:22.456,44.050,-16.159,1.585,18.171
1714822822466,2024-05-04T14:40:22.466,44.060,-22.805,3.293,22.134
1714822822476,2024-05-04T14:40:22.476,44.070,-29.207,3.049,21.585
1714822822486,2024-05-04T14:40:22.486,44.080,-33.659,5.610,19.817
1714822822496,2024-05-04T14:40:22.496,44.090,-35.061,6.829,20.915
1714822822506,2024-05-04T14:40:22.506,44.100,-35.854,6.890,19.085
1714822822516,2024-05-04T14:40:22.516,44.110,-37.988,13.049,16.159
1714822822526,2024-05-04T14:40:22.526,44.120,-36.829,20.183,16.341
1714822822536,2024-05-04T14:40:22.536,44.130,-33.841,22.195,11.890
1714822822546,2024-05-04T14:40:22.546,44.140,-34.939,27.622,1.524
1714822822556,2024-05-04T14:40:22.556,44.150,-32.195,38.476,-2.866
1714822822566,2024-05-04T14:40:22.566,44.160,-26.707,47.866,-3.598
1714822822576,2024-05-04T14:40:22.576,44.170,-21.585,49.207,-5.549
1714822822586,2024-05-04T14:40:22.586,44.180,-13.902,47.073,-7.012
1714822822596,2024-05-04T14:40:22.596,44.190,0.732,47.439,-5.000
1714822822606,2024-05-04T14:40:22.606,44.200,18.415,42.012,-2.134
1714822822616,2024-05-04T14:40:22.616,44.210,43.720,29.146,6.402
1714822822626,2024-05-04T14:40:22.626,44.220,82.622,15.427,20.183
1714822822636,2024-05-04T14:40:22.636,44.230,127.195,0.610,23.537
1714822822646,2024-05-04T14:40:22.646,44.240,173.598,-8.293,25.061
1714822822656,2024-05-04T14:40:22.656,44.250,199.512,-15.305,36.646
1714822822666,2024-05-04T14:40:22.666,44.260,202.683,-34.451,41.402
1714822822676,2024-05-04T14:40:22.676,44.270,210.183,-72.927,30.854
1714822822686,2024-05-04T14:40:22.686,44.280,212.561,-123.415,0.793
1714822822696,2024-05-04T14:40:22.696,44.290,201.524,-183.902,-21.707
1714822822706,2024-05-04T14:40:22.706,44.300,192.805,-218.232,-20.854
1714822822716,2024-05-04T14:40:22.716,44.310,156.707,-172.500,-32.439
1714822822726,2024-05-04T14:40:22.726,44.320,139.512,-72.378,-12.988
1714822822736,2024-05-04T14:40:22.736,44.330,136.707,-20.854,14.085
1714822822746,2024-05-04T14:40:22.746,44.340,144.939,-6.585,17.073
1714822822756,2024-05-04T14:40:22.756,44.350,137.012,19.024,14.329
1714822822766,2024-05-04T14:40:22.766,44.360,96.098,37.988,-5.793
1714822822776,2024-05-04T14:40:22.776,44.370,58.780,41.585,2.134
1714822822786,2024-05-04T14:40:22.786,44.380,27.195,30.793,18.598
1714822822796,2024-05-04T14:40:22.796,44.390,-9.085,15.854,25.732
1714822822806,2024-05-04T14:40:22.806,44.400,-41.098,-2.866,30.427
1714822822816,2024-05-04T14:40:22.816,44.410,-63.171,-21.768,27.378
1714822822826,2024-05-04T14:40:22.826,44.420,-73.841,-34.268,16.463
1714822822836,2024-05-04T14:40:22.836,44.430,-76.829,-38.720,4.512
1714822822846,2024-05-04T14:40:22.846,44.440,-76.890,-33.415,-5.000
1714822822856,2024-05-04T14:40:22.856,44.450,-82.012,-15.915,-9.207
1714822822866,2024-05-04T14:40:22.866,44.460,-84.329,2.317,-14.329
1714822822876,2024-05-04T14:40:22.876,44.470,-75.305,14.756,-17.927
1714822822886,2024-05-04T14:40:22.886,44.480,-64.634,22.378,-20.976
1714822822896,2024-05-04T14:40:22.896,44.490,-57.073,30.732,-25.793
1714822822906,2024-05-04T14:40:22.906,44.500,-51.768,39.512,-30.305
1714822822916,2024-05-04T14:40:22.916,44.510,-47.744,45.854,-32.988
1714822822926,2024-05-04T14:40:22.926,44.520,-45.610,45.427,-32.744
1714822822936,2024-05-04T14:40:22.936,44.530,-50.793,41.646,-30.366
1714822822946,2024-05-04T14:40:22.946,44.540,-61.768,42.012,-25.305
1714822822956,2024-05-04T14:40:22.956,44.550,-68.354,43.902,-19.817
1714822822966,2024-05-04T14:40:22.966,44.560,-70.427,39.085,-15.488
1714822822976,2024-05-04T14:40:22.976,44.570,-70.793,27.683,-10.488
1714822822986,2024-05-04T14:40:22.986,44.580,-69.634,16.585,-7.317
1714822822996,2024-05-04T14:40:22.996,44.590,-66.341,11.402,-10.305
1714822823006,2024-05-04T14:40:23.006,44.600,-64.878,12.561,-15.305
1714822823016,2024-05-04T14:40:23.016,44.610,-65.854,22.927,-17.500
1714822823026,2024-05-04T14:40:23.026,44.620,-68.841,43.415,-16.402
1714822823036,2024-05-04T14:40:23.036,44.630,-72.195,54.573,-14.024
1714822823046,2024-05-04T14:40:23.046,44.640,-68.476,51.098,-16.707
1714822823056,2024-05-04T14:40:23.056,44.650,-56.524,29.634,-15.244
1714822823066,2024-05-04T14:40:23.066,44.660,-44.085,6.768,-5.366
1714822823076,2024-05-04T14:40:23.076,44.670,-29.878,-11.890,-3.049
1714822823086,2024-05-04T14:40:23.086,44.680,-17.866,-37.195,-4.573
1714822823096,2024-05-04T14:40:23.096,44.690,-17.012,-46.951,-1.159
1714822823106,2024-05-04T14:40:23.106,44.700,-25.366,-36.280,0.061
1714822823116,2024-05-04T14:40:23.116,44.710,-29.512,-19.207,-3.780
1714822823126,2024-05-04T14:40:23.126,44.720,-27.317,-6.585,-6.037
1714822823136,2024-05-04T14:40:23.136,44.730,-21.768,5.488,-6.280
1714822823146,2024-05-04T14:40:23.146,44.740,-15.732,13.476,-6.220
1714822823156,2024-05-04T14:40:23.156,44.750,-15.366,11.829,-6.341
1714822823166,2024-05-04T14:40:23.166,44.760,-17.622,4.878,-3.841
1714822823176,2024-05-04T14:40:23.176,44.770,-16.220,-3.476,-0.793
1714822823186,2024-05-04T14:40:23.186,44.780,-12.134,-11.037,-0.305
1714822823196,2024-05-04T14:40:23.196,44.790,-10.244,-15.427,-1.402
1714822823206,2024-05-04T14:40:23.206,44.800,-11.768,-13.780,-2.256
1714822823216,2024-05-04T14:40:23.216,44.810,-13.902,-6.402,-2.561
1714822823226,2024-05-04T14:40:23.226,44.820,-14.451,2.500,-3.110
1714822823236,2024-05-04T14:40:23.236,44.830,-13.841,9.207,-3.598
1714822823246,2024-05-04T14:40:23.246,44.840,-12.622,8.720,-4.817
1714822823256,2024-05-04T14:40:23.256,44.850,-11.280,1.159,-5.915
1714822823266,2024-05-04T14:40:23.266,44.860,-9.573,-6.768,-5.122
1714822823276,2024-05-04T14:40:23.276,44.870,-6.890,-11.037,-4.268
1714822823286,2024-05-04T14:40:23.286,44.880,-5.427,-12.073,-3.354
1714822823296,2024-05-04T14:40:23.296,44.890,-6.524,-10.976,-2.012
1714822823306,2024-05-04T14:40:23.306,44.900,-7.317,-6.220,-2.012
1714822823316,2024-05-04T14:40:23.316,44.910,-6.585,0.488,-2.439
1714822823326,2024-05-04T14:40:23.326,44.920,-5.915,5.732,-2.195
1714822823336,2024-05-04T14:40:23.336,44.930,-5.915,7.378,-2.622
1714822823346,2024-05-04T14:40:23.346,44.940,-5.488,4.146,-2.744
1714822823356,2024-05-04T14:40:23.356,44.950,-4.939,-2.439,-2.622
1714822823366,2024-05-04T14:40:23.366,44.960,-4.085,-6.707,-1.951
1714822823376,2024-05-04T14:40:23.376,44.970,-2.866,-7.134,-0.671
1714822823386,2024-05-04T14:40:23.386,44.980,-2.378,-6.159,0.000
1714822823396,2024-05-04T14:40:23.396,44.990,-2.744,-3.415,-1.585
1714822823406,2024-05-04T14:40:23.406,45.000,-2.134,2.439,-3.598
1714822823416,2024-05-04T14:40:23.416,45.010,-0.854,5.366,-3.049
1714822823426,2024-05-04T14:40:23.426,45.020,-0.793,2.927,-2.073
1714822823436,2024-05-04T14:40:23.436,45.030,-2.134,-3.841,-1.890
1714822823446,2024-05-04T14:40:23.446,45.040,-3.171,-9.756,-0.854
1714822823456,2024-05-04T14:40:23.456,45.050,-2.866,-10.732,0.488
1714822823466,2024-05-04T14:40:23.466,45.060,-1.890,-9.146,1.646
1714822823476,2024-05-04T14:40:23.476,45.070,-0.427,-5.122,2.256
1714822823486,2024-05-04T14:40:23.486,45.080,1.402,-0.915,1.037
1714822823496,2024-05-04T14:40:23.496,45.090,2.927,2.195,-0.305
1714822823506,2024-05-04T14:40:23.506,45.100,3.171,3.110,-0.488
1714822823516,2024-05-04T14:40:23.516,45.110,1.402,0.427,0.000
1714822823526,2024-05-04T14:40:23.526,45.120,-1.646,-4.512,0.488
1714822823536,2024-05-04T14:40:23.536,45.130,-2.500,-9.146,0.976
1714822823546,2024-05-04T14:40:23.546,45.140,-1.098,-10.427,1.341
1714822823556,2024-05-04T14:40:23.556,45.150,-0.122,-7.195,1.402
1714822823566,2024-05-04T14:40:23.566,45.160,0.488,-0.854,1.037
1714822823576,2024-05-04T14:40:23.576,45.170,0.671,4.573,-0.122
1714822823586,2024-05-04T14:40:23.586,45.180,0.549,7.500,-0.976
1714822823596,2024-05-04T14:40:23.596,45.190,-0.244,8.537,-1.280
1714822823606,2024-05-04T14:40:23.606,45.200,-1.890,9.024,-2.012
1714822823616,2024-05-04T14:40:23.616,45.210,-3.598,10.549,-2.439
1714822823626,2024-05-04T14:40:23.626,45.220,-4.756,13.720,-2.622
1714822823636,2024-05-04T14:40:23.636,45.230,-5.061,17.744,-3.049
1714822823646,2024-05-04T14:40:23.646,45.240,-4.939,20.671,-3.049
1714822823656,2024-05-04T14:40:23.656,45.250,-4.878,21.951,-2.073
1714822823666,2024-05-04T14:40:23.666,45.260,-6.768,22.317,-0.976
1714822823676,2024-05-04T14:40:23.676,45.270,-9.695,23.171,0.915
1714822823686,2024-05-04T14:40:23.686,45.280,-11.890,27.134,3.354
1714822823696,2024-05-04T14:40:23.696,45.290,-10.854,32.439,8.780
1714822823706,2024-05-04T14:40:23.706,45.300,-9.939,32.256,14.939
1714822823716,2024-05-04T14:40:23.716,45.310,-15.305,31.463,9.085
1714822823726,2024-05-04T14:40:23.726,45.320,-23.902,44.207,2.927
1714822823736,2024-05-04T14:40:23.736,45.330,-35.366,66.890,7.439
1714822823746,2024-05-04T14:40:23.746,45.340,-41.098,79.878,8.902
1714822823756,2024-05-04T14:40:23.756,45.350,-42.805,74.817,3.354
1714822823766,2024-05-04T14:40:23.766,45.360,-41.890,57.805,0.183
1714822823776,2024-05-04T14:40:23.776,45.370,-37.134,48.293,-2.744
1714822823786,2024-05-04T14:40:23.786,45.380,-29.390,55.976,-6.585
1714822823796,2024-05-04T14:40:23.796,45.390,-23.171,62.378,-6.829
1714822823806,2024-05-04T14:40:23.806,45.400,-20.305,50.854,-4.024
1714822823816,2024-05-04T14:40:23.816,45.410,-17.439,30.976,-3.476
1714822823826,2024-05-04T14:40:23.826,45.420,-10.366,8.659,2.073
1714822823836,2024-05-04T14:40:23.836,45.430,6.037,-10.183,4.146
1714822823846,2024-05-04T14:40:23.846,45.440,25.366,-16.098,6.707
1714822823856,2024-05-04T14:40:23.856,45.450,46.341,-11.646,15.061
1714822823866,2024-05-04T14:40:23.866,45.460,79.512,-8.415,31.037
1714822823876,2024-05-04T14:40:23.876,45.470,122.744,-7.317,51.524
1714822823886,2024-05-04T14:40:23.886,45.480,160.976,-8.963,69.451
1714822823896,2024-05-04T14:40:23.896,45.490,186.951,-9.024,83.110
1714822823906,2024-05-04T14:40:23.906,45.500,200.793,-13.293,95.305
1714822823916,2024-05-04T14:40:23.916,45.510,202.927,-30.122,92.805
1714822823926,2024-05-04T14:40:23.926,45.520,200.732,-55.427,73.963
1714822823936,2024-05-04T14:40:23.936,45.530,187.439,-82.256,46.402
1714822823946,2024-05-04T14:40:23.946,45.540,169.634,-99.268,24.085
1714822823956,2024-05-04T14:40:23.956,45.550,165.366,-96.829,28.841
1714822823966,2024-05-04T14:40:23.966,45.560,150.549,-70.244,47.622
1714822823976,2024-05-04T14:40:23.976,45.570,122.683,-56.585,68.841
1714822823986,2024-05-04T14:40:23.986,45.580,108.598,-62.561,71.890
1714822823996,2024-05-04T14:40:23.996,45.590,123.537,-70.915,34.634
1714822824006,2024-05-04T14:40:24.006,45.600,117.622,-60.793,19.024
1714822824016,2024-05-04T14:40:24.016,45.610,87.256,-43.720,22.378
1714822824026,2024-05-04T14:40:24.026,45.620,51.341,-22.195,13.598
1714822824036,2024-05-04T14:40:24.036,45.630,24.146,-7.012,11.585
1714822824046,2024-05-04T14:40:24.046,45.640,1.037,-5.793,12.439
1714822824056,2024-05-04T14:40:24.056,45.650,-20.183,-11.402,14.207
1714822824066,2024-05-04T14:40:24.066,45.660,-40.122,-18.476,11.951
1714822824076,2024-05-04T14:40:24.076,45.670,-57.256,-23.659,6.463
1714822824086,2024-05-04T14:40:24.086,45.680,-69.390,-29.329,-3.293
1714822824096,2024-05-04T14:40:24.096,45.690,-73.476,-33.415,-10.488
1714822824106,2024-05-04T14:40:24.106,45.700,-70.183,-28.171,-16.768
1714822824116,2024-05-04T14:40:24.116,45.710,-67.744,-11.402,-23.659
1714822824126,2024-05-04T14:40:24.126,45.720,-69.512,8.598,-28.841
1714822824136,2024-05-04T14:40:24.136,45.730,-73.354,30.366,-31.037
1714822824146,2024-05-04T14:40:24.146,45.740,-79.634,45.122,-31.585
1714822824156,2024-05-04T14:40:24.156,45.750,-88.537,43.476,-31.646
1714822824166,2024-05-04T14:40:24.166,45.760,-91.585,31.159,-27.683
1714822824176,2024-05-04T14:40:24.176,45.770,-90.976,8.476,-17.744
1714822824186,2024-05-04T14:40:24.186,45.780,-88.780,-19.146,-10.488
1714822824196,2024-05-04T14:40:24.196,45.790,-82.500,-37.927,-11.768
1714822824206,2024-05-04T14:40:24.206,45.800,-75.610,-43.537,-12.195
1714822824216,2024-05-04T14:40:24.216,45.810,-69.085,-30.122,-5.915
1714822824226,2024-05-04T14:40:24.226,45.820,-61.098,-12.317,-4.512
1714822824236,2024-05-04T14:40:24.236,45.830,-52.378,-5.549,-10.915
1714822824246,2024-05-04T14:40:24.246,45.840,-43.476,-7.378,-14.390
1714822824256,2024-05-04T14:40:24.256,45.850,-39.207,-9.878,-11.220
1714822824266,2024-05-04T14:40:24.266,45.860,-33.476,4.268,-12.988
1714822824276,2024-05-04T14:40:24.276,45.870,-32.256,28.720,-14.329
1714822824286,2024-05-04T14:40:24.286,45.880,-33.415,44.817,-10.244
1714822824296,2024-05-04T14:40:24.296,45.890,-30.671,38.659,-9.268
1714822824306,2024-05-04T14:40:24.306,45.900,-28.049,16.341,-7.073
1714822824316,2024-05-04T14:40:24.316,45.910,-27.195,3.780,-6.524
1714822824326,2024-05-04T14:40:24.326,45.920,-27.927,-1.951,-8.232
1714822824336,2024-05-04T14:40:24.336,45.930,-29.329,-1.951,-8.659
1714822824346,2024-05-04T14:40:24.346,45.940,-31.585,-0.793,-8.720
1714822824356,2024-05-04T14:40:24.356,45.950,-31.951,0.183,-8.232
1714822824366,2024-05-04T14:40:24.366,45.960,-31.341,3.049,-7.805
1714822824376,2024-05-04T14:40:24.376,45.970,-30.061,9.024,-8.049
1714822824386,2024-05-04T14:40:24.386,45.980,-28.659,16.098,-8.110
1714822824396,2024-05-04T14:40:24.396,45.990,-27.927,19.756,-8.049
1714822824406,2024-05-04T14:40:24.406,46.000,-26.280,17.561,-8.841
1714822824416,2024-05-04T14:40:24.416,46.010,-22.744,8.232,-10.793
1714822824426,2024-05-04T14:40:24.426,46.020,-19.451,-4.024,-12.317
1714822824436,2024-05-04T14:40:24.436,46.030,-15.915,-11.524,-12.683
1714822824446,2024-05-04T14:40:24.446,46.040,-12.927,-14.756,-12.500
1714822824456,2024-05-04T14:40:24.456,46.050,-12.866,-11.646,-11.402
1714822824466,2024-05-04T14:40:24.466,46.060,-16.524,-2.744,-9.329
1714822824476,2024-05-04T14:40:24.476,46.070,-19.573,7.317,-7.988
1714822824486,2024-05-04T14:40:24.486,46.080,-18.537,14.024,-7.317
1714822824496,2024-05-04T14:40:24.496,46.090,-14.207,13.902,-5.732
1714822824506,2024-05-04T14:40:24.506,46.100,-9.390,9.817,-4.756
1714822824516,2024-05-04T14:40:24.516,46.110,-5.549,4.207,-3.780
1714822824526,2024-05-04T14:40:24.526,46.120,-3.780,-0.976,-1.829
1714822824536,2024-05-04T14:40:24.536,46.130,-3.598,-3.537,-0.854
1714822824546,2024-05-04T14:40:24.546,46.140,-2.927,-3.415,-0.488
1714822824556,2024-05-04T14:40:24.556,46.150,-1.829,-0.122,0.366
1714822824566,2024-05-04T14:40:24.566,46.160,-2.378,3.598,0.610
1714822824576,2024-05-04T14:40:24.576,46.170,-3.049,8.293,0.366
1714822824586,2024-05-04T14:40:24.586,46.180,-2.073,12.073,0.976
1714822824596,2024-05-04T14:40:24.596,46.190,-1.585,12.622,2.256
1714822824606,2024-05-04T14:40:24.606,46.200,-2.988,10.122,3.841
1714822824616,2024-05-04T14:40:24.616,46.210,-5.061,3.476,5.976
1714822824626,2024-05-04T14:40:24.626,46.220,-5.610,-6.951,7.073
1714822824636,2024-05-04T14:40:24.636,46.230,-2.256,-16.951,7.012
1714822824646,2024-05-04T14:40:24.646,46.240,1.890,-22.500,5.976
1714822824656,2024-05-04T14:40:24.656,46.250,2.500,-18.476,4.878
1714822824666,2024-05-04T14:40:24.666,46.260,0.305,-8.049,3.476
1714822824676,2024-05-04T14:40:24.676,46.270,-2.744,1.646,2.195
1714822824686,2024-05-04T14:40:24.686,46.280,-6.463,5.854,2.256
1714822824696,2024-05-04T14:40:24.696,46.290,-8.780,3.659,2.134
1714822824706,2024-05-04T14:40:24.706,46.300,-8.476,-3.110,0.305
1714822824716,2024-05-04T14:40:24.716,46.310,-5.915,-9.390,-1.098
1714822824726,2024-05-04T14:40:24.726,46.320,-3.232,-9.817,-0.915
1714822824736,2024-05-04T14:40:24.736,46.330,-1.280,-4.939,-1.037
1714822824746,2024-05-04T14:40:24.746,46.340,-0.122,0.732,-1.890
1714822824756,2024-05-04T14:40:24.756,46.350,-0.122,3.476,-1.890
1714822824766,2024-05-04T14:40:24.766,46.360,-0.793,3.963,-0.976
1714822824776,2024-05-04T14:40:24.776,46.370,-1.829,2.317,0.061
1714822824786,2024-05-04T14:40:24.786,46.380,-2.317,-0.915,1.280
1714822824796,2024-05-04T14:40:24.796,46.390,-2.256,-5.122,2.134
1714822824806,2024-05-04T14:40:24.806,46.400,-1.463,-7.073,2.683
1714822824816,2024-05-04T14:40:24.816,46.410,-0.488,-5.793,2.439
1714822824826,2024-05-04T14:40:24.826,46.420,0.305,-1.951,2.561
1714822824836,2024-05-04T14:40:24.836,46.430,0.671,1.280,3.049
1714822824846,2024-05-04T14:40:24.846,46.440,-0.061,1.524,2.744
1714822824856,2024-05-04T14:40:24.856,46.450,-0.671,-0.244,2.256
1714822824866,2024-05-04T14:40:24.866,46.460,-0.610,-2.073,2.134
1714822824876,2024-05-04T14:40:24.876,46.470,-0.305,-3.049,2.134
1714822824886,2024-05-04T14:40:24.886,46.480,0.000,-2.805,2.439
1714822824896,2024-05-04T14:40:24.896,46.490,0.793,-1.890,2.073
1714822824906,2024-05-04T14:40:24.906,46.500,2.866,-0.610,2.683
1714822824916,2024-05-04T14:40:24.916,46.510,3.720,-0.610,2.439
1714822824926,2024-05-04T14:40:24.926,46.520,2.378,-1.951,1.220
1714822824936,2024-05-04T14:40:24.936,46.530,1.707,-3.415,1.098
1714822824946,2024-05-04T14:40:24.946,46.540,1.890,-5.366,1.220
1714822824956,2024-05-04T14:40:24.956,46.550,2.134,-7.439,0.976
1714822824966,2024-05-04T14:40:24.966,46.560,1.768,-8.476,0.549
1714822824976,2024-05-04T14:40:24.976,46.570,1.159,-7.500,-0.610
1714822824986,2024-05-04T14:40:24.986,46.580,0.244,-5.549,-1.463
1714822824996,2024-05-04T14:40:24.996,46.590,-0.610,-4.817,-1.768
1714822825006,2024-05-04T14:40:25.006,46.600,-0.549,-7.012,-1.951
1714822825016,2024-05-04T14:40:25.016,46.610,-0.122,-11.341,-1.341
1714822825026,2024-05-04T14:40:25.026,46.620,-0.732,-14.695,-0.305
1714822825036,2024-05-04T14:40:25.036,46.630,-2.561,-14.573,0.976
1714822825046,2024-05-04T14:40:25.046,46.640,-3.963,-13.232,2.683
1714822825056,2024-05-04T14:40:25.056,46.650,-4.695,-9.573,5.244
1714822825066,2024-05-04T14:40:25.066,46.660,-3.902,-6.220,11.585
1714822825076,2024-05-04T14:40:25.076,46.670,-4.939,-5.915,15.732
1714822825086,2024-05-04T14:40:25.086,46.680,-8.780,-3.110,10.610
1714822825096,2024-05-04T14:40:25.096,46.690,-16.280,9.085,4.024
1714822825106,2024-05-04T14:40:25.106,46.700,-32.622,26.646,5.305
1714822825116,2024-05-04T14:40:25.116,46.710,-43.293,41.341,0.671
1714822825126,2024-05-04T14:40:25.126,46.720,-40.061,48.720,-7.561
1714822825136,2024-05-04T14:40:25.136,46.730,-30.671,54.512,-12.378
1714822825146,2024-05-04T14:40:25.146,46.740,-20.183,68.476,-13.598
1714822825156,2024-05-04T14:40:25.156,46.750,-10.427,90.000,-15.122
1714822825166,2024-05-04T14:40:25.166,46.760,-6.890,100.976,-15.793
1714822825176,2024-05-04T14:40:25.176,46.770,0.183,93.720,-12.927
1714822825186,2024-05-04T14:40:25.186,46.780,21.220,77.439,-1.890
1714822825196,2024-05-04T14:40:25.196,46.790,46.220,60.305,11.037
1714822825206,2024-05-04T14:40:25.206,46.800,69.817,42.622,22.622
1714822825216,2024-05-04T14:40:25.216,46.810,96.646,29.024,32.256
1714822825226,2024-05-04T14:40:25.226,46.820,131.341,19.939,36.280
1714822825236,2024-05-04T14:40:25.236,46.830,171.707,5.793,44.512
1714822825246,2024-05-04T14:40:25.246,46.840,195.671,-12.439,48.720
1714822825256,2024-05-04T14:40:25.256,46.850,195.732,-33.780,38.537
1714822825266,2024-05-04T14:40:25.266,46.860,175.732,-52.317,20.000
1714822825276,2024-05-04T14:40:25.276,46.870,164.878,-70.732,12.012
1714822825286,2024-05-04T14:40:25.286,46.880,160.793,-83.598,10.671
1714822825296,2024-05-04T14:40:25.296,46.890,153.720,-73.902,18.293
1714822825306,2024-05-04T14:40:25.306,46.900,153.720,-53.476,33.232
1714822825316,2024-05-04T14:40:25.316,46.910,154.512,-48.963,33.902
1714822825326,2024-05-04T14:40:25.326,46.920,147.561,-45.244,32.866
1714822825336,2024-05-04T14:40:25.336,46.930,136.768,-12.073,27.988
1714822825346,2024-05-04T14:40:25.346,46.940,112.927,19.146,15.854
1714822825356,2024-05-04T14:40:25.356,46.950,88.354,17.683,13.598
1714822825366,2024-05-04T14:40:25.366,46.960,63.841,-2.988,19.695
1714822825376,2024-05-04T14:40:25.376,46.970,36.585,-19.878,23.780
1714822825386,2024-05-04T14:40:25.386,46.980,9.268,-28.963,25.427
1714822825396,2024-05-04T14:40:25.396,46.990,-15.854,-35.671,23.293
1714822825406,2024-05-04T14:40:25.406,47.000,-34.268,-41.341,19.939
1714822825416,2024-05-04T14:40:25.416,47.010,-45.244,-48.171,15.610
1714822825426,2024-05-04T14:40:25.426,47.020,-52.744,-54.146,8.902
1714822825436,2024-05-04T14:40:25.436,47.030,-58.232,-51.037,4.085
1714822825446,2024-05-04T14:40:25.446,47.040,-61.341,-40.122,-1.463
1714822825456,2024-05-04T14:40:25.456,47.050,-60.610,-23.841,-7.134
1714822825466,2024-05-04T14:40:25.466,47.060,-57.805,-7.439,-13.780
1714822825476,2024-05-04T14:40:25.476,47.070,-55.305,7.866,-19.573
1714822825486,2024-05-04T14:40:25.486,47.080,-54.146,21.037,-23.232
1714822825496,2024-05-04T14:40:25.496,47.090,-54.512,29.146,-25.793
1714822825506,2024-05-04T14:40:25.506,47.100,-55.854,31.037,-29.512
1714822825516,2024-05-04T14:40:25.516,47.110,-57.744,26.341,-32.622
1714822825526,2024-05-04T14:40:25.526,47.120,-60.610,17.866,-34.085
1714822825536,2024-05-04T14:40:25.536,47.130,-64.207,9.451,-34.451
1714822825546,2024-05-04T14:40:25.546,47.140,-68.110,5.976,-33.537
1714822825556,2024-05-04T14:40:25.556,47.150,-74.146,2.256,-29.817
1714822825566,2024-05-04T14:40:25.566,47.160,-82.805,0.061,-21.463
1714822825576,2024-05-04T14:40:25.576,47.170,-91.341,1.159,-13.780
1714822825586,2024-05-04T14:40:25.586,47.180,-96.341,4.146,-12.073
1714822825596,2024-05-04T14:40:25.596,47.190,-92.317,5.000,-12.012
1714822825606,2024-05-04T14:40:25.606,47.200,-76.646,-0.366,-6.707
1714822825616,2024-05-04T14:40:25.616,47.210,-58.171,-2.073,-10.305
1714822825626,2024-05-04T14:40:25.626,47.220,-50.732,-8.780,-13.841
1714822825636,2024-05-04T14:40:25.636,47.230,-55.488,-10.061,-9.329
1714822825646,2024-05-04T14:40:25.646,47.240,-62.622,-6.585,-8.720
1714822825656,2024-05-04T14:40:25.656,47.250,-68.415,-4.085,-10.915
1714822825666,2024-05-04T14:40:25.666,47.260,-68.963,7.744,-7.134
1714822825676,2024-05-04T14:40:25.676,47.270,-64.268,24.390,-2.378
1714822825686,2024-05-04T14:40:25.686,47.280,-58.841,32.317,-1.037
1714822825696,2024-05-04T14:40:25.696,47.290,-52.927,30.427,2.256
1714822825706,2024-05-04T14:40:25.706,47.300,-50.732,22.561,5.671
1714822825716,2024-05-04T14:40:25.716,47.310,-50.488,8.841,5.061
1714822825726,2024-05-04T14:40:25.726,47.320,-49.817,-3.354,6.585
1714822825736,2024-05-04T14:40:25.736,47.330,-50.793,-11.463,10.793
1714822825746,2024-05-04T14:40:25.746,47.340,-53.232,-11.951,15.854
1714822825756,2024-05-04T14:40:25.756,47.350,-53.110,-4.268,16.280
1714822825766,2024-05-04T14:40:25.766,47.360,-46.585,0.732,11.098
1714822825776,2024-05-04T14:40:25.776,47.370,-34.756,-4.268,3.110
1714822825786,2024-05-04T14:40:25.786,47.380,-21.220,-13.963,-2.805
1714822825796,2024-05-04T14:40:25.796,47.390,-12.683,-18.415,-4.390
1714822825806,2024-05-04T14:40:25.806,47.400,-9.695,-16.890,-4.573
1714822825816,2024-05-04T14:40:25.816,47.410,-9.451,-14.817,-4.451
1714822825826,2024-05-04T14:40:25.826,47.420,-10.183,-11.402,-2.866
1714822825836,2024-05-04T14:40:25.836,47.430,-10.244,-4.390,-2.622
1714822825846,2024-05-04T14:40:25.846,47.440,-9.939,4.939,-2.927
1714822825856,2024-05-04T14:40:25.856,47.450,-8.963,9.573,-2.195
1714822825866,2024-05-04T14:40:25.866,47.460,-6.402,6.585,-1.159
1714822825876,2024-05-04T14:40:25.876,47.470,-4.390,0.000,-0.976
1714822825886,2024-05-04T14:40:25.886,47.480,-4.268,-5.976,-1.646
1714822825896,2024-05-04T14:40:25.896,47.490,-3.841,-9.695,-2.134
1714822825906,2024-05-04T14:40:25.906,47.500,-2.927,-10.976,-0.854
1714822825916,2024-05-04T14:40:25.916,47.510,-3.537,-8.232,0.305
1714822825926,2024-05-04T14:40:25.926,47.520,-5.305,-2.866,-0.244
1714822825936,2024-05-04T14:40:25.936,47.530,-4.451,1.585,-0.854
1714822825946,2024-05-04T14:40:25.946,47.540,-2.744,3.171,-0.244
1714822825956,2024-05-04T14:40:25.956,47.550,-2.622,1.829,-0.610
1714822825966,2024-05-04T14:40:25.966,47.560,-2.500,-0.793,-1.829
1714822825976,2024-05-04T14:40:25.976,47.570,-1.524,-2.500,-1.890
1714822825986,2024-05-04T14:40:25.986,47.580,-0.610,-1.768,-1.402
1714822825996,2024-05-04T14:40:25.996,47.590,0.976,-0.244,-0.122
1714822826006,2024-05-04T14:40:26.006,47.600,3.293,-2.256,-0.488
1714822826016,2024-05-04T14:40:26.016,47.610,4.207,-5.854,-2.317
1714822826026,2024-05-04T14:40:26.026,47.620,4.146,-5.671,-2.378
1714822826036,2024-05-04T14:40:26.036,47.630,2.622,-3.171,-0.427
1714822826046,2024-05-04T14:40:26.046,47.640,0.732,-1.463,1.280
1714822826056,2024-05-04T14:40:26.056,47.650,-0.610,-1.707,1.585
1714822826066,2024-05-04T14:40:26.066,47.660,-0.549,-2.195,1.646
1714822826076,2024-05-04T14:40:26.076,47.670,-0.183,-1.220,2.134
1714822826086,2024-05-04T14:40:26.086,47.680,0.061,-0.183,2.927
1714822826096,2024-05-04T14:40:26.096,47.690,1.159,0.427,2.744
1714822826106,2024-05-04T14:40:26.106,47.700,2.500,-0.976,1.098
1714822826116,2024-05-04T14:40:26.116,47.710,2.500,-3.354,-0.427
1714822826126,2024-05-04T14:40:26.126,47.720,1.159,-4.939,-0.427
1714822826136,2024-05-04T14:40:26.136,47.730,-0.549,-5.244,0.000
1714822826146,2024-05-04T14:40:26.146,47.740,-1.341,-4.695,0.000
1714822826156,2024-05-04T14:40:26.156,47.750,-1.037,-3.659,-0.183
1714822826166,2024-05-04T14:40:26.166,47.760,-0.488,-2.683,0.183
1714822826176,2024-05-04T14:40:26.176,47.770,-1.280,-2.073,0.732
1714822826186,2024-05-04T14:40:26.186,47.780,-3.110,-3.171,1.341
1714822826196,2024-05-04T14:40:26.196,47.790,-4.512,-5.549,1.524
1714822826206,2024-05-04T14:40:26.206,47.800,-4.878,-6.829,1.524
1714822826216,2024-05-04T14:40:26.216,47.810,-5.305,-7.012,1.951
1714822826226,2024-05-04T14:40:26.226,47.820,-5.061,-6.646,2.683
1714822826236,2024-05-04T14:40:26.236,47.830,-4.268,-7.012,3.293
1714822826246,2024-05-04T14:40:26.246,47.840,-4.634,-8.171,2.805
1714822826256,2024-05-04T14:40:26.256,47.850,-5.671,-8.780,1.768
1714822826266,2024-05-04T14:40:26.266,47.860,-6.402,-8.476,1.768
1714822826276,2024-05-04T14:40:26.276,47.870,-7.012,-6.890,2.683
1714822826286,2024-05-04T14:40:26.286,47.880,-8.476,-3.232,4.085
1714822826296,2024-05-04T14:40:26.296,47.890,-9.024,-0.671,7.622
1714822826306,2024-05-04T14:40:26.306,47.900,-7.317,3.110,8.476
1714822826316,2024-05-04T14:40:26.316,47.910,-7.683,10.854,10.427
1714822826326,2024-05-04T14:40:26.326,47.920,-4.878,13.841,14.146
1714822826336,2024-05-04T14:40:26.336,47.930,-2.866,16.524,8.354
1714822826346,2024-05-04T14:40:26.346,47.940,-8.476,28.110,6.707
1714822826356,2024-05-04T14:40:26.356,47.950,-18.841,42.134,5.732
1714822826366,2024-05-04T14:40:26.366,47.960,-25.061,46.037,0.671
1714822826376,2024-05-04T14:40:26.376,47.970,-29.512,43.232,-2.500
1714822826386,2024-05-04T14:40:26.386,47.980,-23.659,40.610,-1.768
1714822826396,2024-05-04T14:40:26.396,47.990,-9.573,36.341,7.195
1714822826406,2024-05-04T14:40:26.406,48.000,3.476,24.878,10.244
1714822826416,2024-05-04T14:40:26.416,48.010,12.317,12.317,4.146
1714822826426,2024-05-04T14:40:26.426,48.020,26.951,-1.707,5.549
1714822826436,2024-05-04T14:40:26.436,48.030,47.134,-12.988,14.512
1714822826446,2024-05-04T14:40:26.446,48.040,73.049,-10.549,23.354
1714822826456,2024-05-04T14:40:26.456,48.050,106.951,4.085,25.061
1714822826466,2024-05-04T14:40:26.466,48.060,144.268,21.707,28.110
1714822826476,2024-05-04T14:40:26.476,48.070,172.012,28.902,42.134
1714822826486,2024-05-04T14:40:26.486,48.080,191.585,22.256,54.146
1714822826496,2024-05-04T14:40:26.496,48.090,201.341,1.280,53.902
1714822826506,2024-05-04T14:40:26.506,48.100,206.829,-34.329,44.268
1714822826516,2024-05-04T14:40:26.516,48.110,195.915,-73.354,16.890
1714822826526,2024-05-04T14:40:26.526,48.120,165.000,-106.585,-6.768
1714822826536,2024-05-04T14:40:26.536,48.130,139.268,-121.463,0.976
1714822826546,2024-05-04T14:40:26.546,48.140,119.634,-94.268,8.232
1714822826556,2024-05-04T14:40:26.556,48.150,113.110,-41.037,16.280
1714822826566,2024-05-04T14:40:26.566,48.160,105.976,-21.037,36.707
1714822826576,2024-05-04T14:40:26.576,48.170,110.915,-31.341,12.561
1714822826586,2024-05-04T14:40:26.586,48.180,110.915,-40.793,-0.671
1714822826596,2024-05-04T14:40:26.596,48.190,85.976,-33.720,2.134
1714822826606,2024-05-04T14:40:26.606,48.200,60.732,-11.159,-0.915
1714822826616,2024-05-04T14:40:26.616,48.210,41.220,13.476,-5.366
1714822826626,2024-05-04T14:40:26.626,48.220,23.598,22.073,-1.707
1714822826636,2024-05-04T14:40:26.636,48.230,1.585,18.049,0.915
1714822826646,2024-05-04T14:40:26.646,48.240,-19.573,10.610,3.537
1714822826656,2024-05-04T14:40:26.656,48.250,-34.451,1.585,6.280
1714822826666,2024-05-04T14:40:26.666,48.260,-45.122,-6.707,3.354
1714822826676,2024-05-04T14:40:26.676,48.270,-53.049,-12.195,-3.354
1714822826686,2024-05-04T14:40:26.686,48.280,-60.061,-14.207,-10.366
1714822826696,2024-05-04T14:40:26.696,48.290,-69.451,-7.744,-16.707
1714822826706,2024-05-04T14:40:26.706,48.300,-74.939,12.256,-22.256
1714822826716,2024-05-04T14:40:26.716,48.310,-70.366,34.878,-31.159
1714822826726,2024-05-04T14:40:26.726,48.320,-65.915,48.659,-36.280
1714822826736,2024-05-04T14:40:26.736,48.330,-68.415,47.866,-34.878
1714822826746,2024-05-04T14:40:26.746,48.340,-77.378,38.110,-32.256
1714822826756,2024-05-04T14:40:26.756,48.350,-89.146,30.854,-30.793
1714822826766,2024-05-04T14:40:26.766,48.360,-96.524,26.220,-29.634
1714822826776,2024-05-04T14:40:26.776,48.370,-99.390,22.439,-30.732
1714822826786,2024-05-04T14:40:26.786,48.380,-100.671,11.951,-33.171
1714822826796,2024-05-04T14:40:26.796,48.390,-100.427,-1.585,-31.280
1714822826806,2024-05-04T14:40:26.806,48.400,-99.024,-12.012,-26.341
1714822826816,2024-05-04T14:40:26.816,48.410,-91.159,-15.671,-19.146
1714822826826,2024-05-04T14:40:26.826,48.420,-76.220,-12.500,-10.915
1714822826836,2024-05-04T14:40:26.836,48.430,-56.159,-8.780,-1.402
1714822826846,2024-05-04T14:40:26.846,48.440,-35.000,-14.390,4.756
1714822826856,2024-05-04T14:40:26.856,48.450,-27.073,-27.744,0.793
1714822826866,2024-05-04T14:40:26.866,48.460,-37.561,-27.683,-10.732
1714822826876,2024-05-04T14:40:26.876,48.470,-43.659,-7.500,-17.622
1714822826886,2024-05-04T14:40:26.886,48.480,-36.159,17.195,-16.341
1714822826896,2024-05-04T14:40:26.896,48.490,-27.561,22.439,-12.073
1714822826906,2024-05-04T14:40:26.906,48.500,-25.915,10.976,-10.976
1714822826916,2024-05-04T14:40:26.916,48.510,-27.683,-6.037,-11.646
1714822826926,2024-05-04T14:40:26.926,48.520,-28.476,-14.695,-9.390
1714822826936,2024-05-04T14:40:26.936,48.530,-28.598,-13.902,-6.280
1714822826946,2024-05-04T14:40:26.946,48.540,-27.622,-11.280,-5.671
1714822826956,2024-05-04T14:40:26.956,48.550,-25.366,-9.756,-5.976
1714822826966,2024-05-04T14:40:26.966,48.560,-22.988,-4.878,-5.732
1714822826976,2024-05-04T14:40:26.976,48.570,-21.951,1.646,-5.488
1714822826986,2024-05-04T14:40:26.986,48.580,-21.829,3.110,-5.305
1714822826996,2024-05-04T14:40:26.996,48.590,-20.915,0.000,-4.939
1714822827006,2024-05-04T14:40:27.006,48.600,-18.537,-3.293,-5.671
1714822827016,2024-05-04T14:40:27.016,48.610,-15.549,-3.902,-6.341
1714822827026,2024-05-04T14:40:27.026,48.620,-13.049,-0.976,-5.305
1714822827036,2024-05-04T14:40:27.036,48.630,-11.402,3.841,-4.085
1714822827046,2024-05-04T14:40:27.046,48.640,-11.098,6.280,-4.146
1714822827056,2024-05-04T14:40:27.056,48.650,-11.524,6.646,-4.207
1714822827066,2024-05-04T14:40:27.066,48.660,-11.585,6.646,-3.963
1714822827076,2024-05-04T14:40:27.076,48.670,-10.549,7.683,-3.537
1714822827086,2024-05-04T14:40:27.086,48.680,-8.537,8.049,-2.500
1714822827096,2024-05-04T14:40:27.096,48.690,-6.159,6.829,-1.463
1714822827106,2024-05-04T14:40:27.106,48.700,-4.329,3.354,-1.341
1714822827116,2024-05-04T14:40:27.116,48.710,-3.537,0.061,0.244
1714822827126,2024-05-04T14:40:27.126,48.720,-4.329,-0.671,2.134
1714822827136,2024-05-04T14:40:27.136,48.730,-5.183,-0.183,2.622
1714822827146,2024-05-04T14:40:27.146,48.740,-4.390,0.732,2.561
1714822827156,2024-05-04T14:40:27.156,48.750,-3.537,2.012,2.317
1714822827166,2024-05-04T14:40:27.166,48.760,-3.537,4.573,1.951
1714822827176,2024-05-04T14:40:27.176,48.770,-3.902,6.220,2.134
1714822827186,2024-05-04T14:40:27.186,48.780,-4.329,5.671,2.866
1714822827196,2024-05-04T14:40:27.196,48.790,-4.817,3.659,3.537
1714822827206,2024-05-04T14:40:27.206,48.800,-4.512,2.561,4.451
1714822827216,2024-05-04T14:40:27.216,48.810,-3.537,2.439,5.366
1714822827226,2024-05-04T14:40:27.226,48.820,-2.439,3.841,4.634
1714822827236,2024-05-04T14:40:27.236,48.830,-1.463,4.451,3.171
1714822827246,2024-05-04T14:40:27.246,48.840,-0.488,3.963,2.805
1714822827256,2024-05-04T14:40:27.256,48.850,0.427,1.341,2.378
1714822827266,2024-05-04T14:40:27.266,48.860,0.122,-1.829,2.927
1714822827276,2024-05-04T14:40:27.276,48.870,-1.220,-2.866,4.024
1714822827286,2024-05-04T14:40:27.286,48.880,-1.646,-1.402,4.329
1714822827296,2024-05-04T14:40:27.296,48.890,-1.768,0.427,3.841
1714822827306,2024-05-04T14:40:27.306,48.900,-2.378,1.951,3.720
1714822827316,2024-05-04T14:40:27.316,48.910,-2.866,4.756,3.171
1714822827326,2024-05-04T14:40:27.326,48.920,-2.866,6.768,2.378
1714822827336,2024-05-04T14:40:27.336,48.930,-2.256,4.085,2.073
1714822827346,2024-05-04T14:40:27.346,48.940,-2.561,-2.195,2.683
1714822827356,2024-05-04T14:40:27.356,48.950,-3.476,-7.195,2.744
1714822827366,2024-05-04T14:40:27.366,48.960,-3.780,-9.024,2.378
1714822827376,2024-05-04T14:40:27.376,48.970,-3.841,-8.780,3.354
1714822827386,2024-05-04T14:40:27.386,48.980,-4.756,-8.598,4.573
1714822827396,2024-05-04T14:40:27.396,48.990,-6.159,-8.049,5.122
1714822827406,2024-05-04T14:40:27.406,49.000,-8.110,-6.768,5.305
1714822827416,2024-05-04T14:40:27.416,49.010,-10.976,-1.890,5.854
1714822827426,2024-05-04T14:40:27.426,49.020,-11.829,2.439,9.695
1714822827436,2024-05-04T14:40:27.436,49.030,-10.793,4.024,12.134
1714822827446,2024-05-04T14:40:27.446,49.040,-14.817,9.085,13.780
1714822827456,2024-05-04T14:40:27.456,49.050,-20.854,21.037,8.171
1714822827466,2024-05-04T14:40:27.466,49.060,-25.000,34.451,-2.256
1714822827476,2024-05-04T14:40:27.476,49.070,-29.085,38.598,-11.646
1714822827486,2024-05-04T14:40:27.486,49.080,-32.256,40.793,-14.329
1714822827496,2024-05-04T14:40:27.496,49.090,-29.817,46.280,-9.268
1714822827506,2024-05-04T14:40:27.506,49.100,-24.634,59.634,-3.841
1714822827516,2024-05-04T14:40:27.516,49.110,-12.256,74.024,-4.878
1714822827526,2024-05-04T14:40:27.526,49.120,-3.841,78.476,-5.671
1714822827536,2024-05-04T14:40:27.536,49.130,-1.463,75.183,-4.878
1714822827546,2024-05-04T14:40:27.546,49.140,2.866,65.061,-5.000
1714822827556,2024-05-04T14:40:27.556,49.150,12.317,48.902,-5.549
1714822827566,2024-05-04T14:40:27.566,49.160,27.073,29.207,-2.073
1714822827576,2024-05-04T14:40:27.576,49.170,44.451,12.317,7.622
1714822827586,2024-05-04T14:40:27.586,49.180,61.707,6.646,18.354
1714822827596,2024-05-04T14:40:27.596,49.190,82.866,16.829,32.073
1714822827606,2024-05-04T14:40:27.606,49.200,102.744,31.159,41.890
1714822827616,2024-05-04T14:40:27.616,49.210,124.451,47.988,50.244
1714822827626,2024-05-04T14:40:27.626,49.220,147.195,55.671,62.012
1714822827636,2024-05-04T14:40:27.636,49.230,159.634,38.963,64.024
1714822827646,2024-05-04T14:40:27.646,49.240,176.524,1.402,53.537
1714822827656,2024-05-04T14:40:27.656,49.250,185.488,-49.207,32.500
1714822827666,2024-05-04T14:40:27.666,49.260,195.427,-96.220,16.280
1714822827676,2024-05-04T14:40:27.676,49.270,205.488,-102.439,16.402
1714822827686,2024-05-04T14:40:27.686,49.280,196.159,-46.402,32.683
1714822827696,2024-05-04T14:40:27.696,49.290,192.317,-9.329,58.537
1714822827706,2024-05-04T14:40:27.706,49.300,194.939,-50.061,54.878
1714822827716,2024-05-04T14:40:27.716,49.310,197.805,-70.671,51.220
1714822827726,2024-05-04T14:40:27.726,49.320,195.549,-34.695,46.524
1714822827736,2024-05-04T14:40:27.736,49.330,178.110,7.195,29.024
1714822827746,2024-05-04T14:40:27.746,49.340,142.683,1.280,26.890
1714822827756,2024-05-04T14:40:27.756,49.350,91.707,-26.220,32.622
1714822827766,2024-05-04T14:40:27.766,49.360,49.512,-34.024,29.817
1714822827776,2024-05-04T14:40:27.776,49.370,16.159,-31.829,27.073
1714822827786,2024-05-04T14:40:27.786,49.380,-13.537,-35.793,23.293
1714822827796,2024-05-04T14:40:27.796,49.390,-38.049,-42.073,18.780
1714822827806,2024-05-04T14:40:27.806,49.400,-55.671,-51.951,9.146
1714822827816,2024-05-04T14:40:27.816,49.410,-69.451,-63.720,4.390
1714822827826,2024-05-04T14:40:27.826,49.420,-77.683,-67.256,2.805
1714822827836,2024-05-04T14:40:27.836,49.430,-81.829,-61.707,-0.976
1714822827846,2024-05-04T14:40:27.846,49.440,-84.390,-54.024,-6.524
1714822827856,2024-05-04T14:40:27.856,49.450,-87.500,-42.988,-11.402
1714822827866,2024-05-04T14:40:27.866,49.460,-82.256,-22.988,-14.329
1714822827876,2024-05-04T14:40:27.876,49.470,-76.768,0.183,-15.183
1714822827886,2024-05-04T14:40:27.886,49.480,-72.073,14.756,-18.902
1714822827896,2024-05-04T14:40:27.896,49.490,-68.963,18.171,-25.427
1714822827906,2024-05-04T14:40:27.906,49.500,-65.000,18.720,-26.463
1714822827916,2024-05-04T14:40:27.916,49.510,-60.305,21.098,-25.305
1714822827926,2024-05-04T14:40:27.926,49.520,-61.768,28.720,-23.476
1714822827936,2024-05-04T14:40:27.936,49.530,-76.463,32.500,-18.232
1714822827946,2024-05-04T14:40:27.946,49.540,-94.573,29.390,-12.744
1714822827956,2024-05-04T14:40:27.956,49.550,-102.683,17.500,-13.902
1714822827966,2024-05-04T14:40:27.966,49.560,-99.268,5.366,-14.329
1714822827976,2024-05-04T14:40:27.976,49.570,-93.476,-5.610,-10.366
1714822827986,2024-05-04T14:40:27.986,49.580,-93.720,-9.695,-12.744
1714822827996,2024-05-04T14:40:27.996,49.590,-92.561,-2.866,-18.171
1714822828006,2024-05-04T14:40:28.006,49.600,-87.927,11.098,-22.683
1714822828016,2024-05-04T14:40:28.016,49.610,-87.744,27.622,-28.293
1714822828026,2024-05-04T14:40:28.026,49.620,-92.744,37.866,-34.939
1714822828036,2024-05-04T14:40:28.036,49.630,-98.963,35.305,-41.768
1714822828046,2024-05-04T14:40:28.046,49.640,-99.817,20.183,-44.817
1714822828056,2024-05-04T14:40:28.056,49.650,-91.707,-5.488,-37.561
1714822828066,2024-05-04T14:40:28.066,49.660,-79.512,-33.780,-24.024
1714822828076,2024-05-04T14:40:28.076,49.670,-72.927,-55.244,-18.720
1714822828086,2024-05-04T14:40:28.086,49.680,-71.707,-64.390,-24.207
1714822828096,2024-05-04T14:40:28.096,49.690,-65.854,-58.415,-25.793
1714822828106,2024-05-04T14:40:28.106,49.700,-56.890,-46.280,-26.037
1714822828116,2024-05-04T14:40:28.116,49.710,-51.585,-34.939,-25.122
1714822828126,2024-05-04T14:40:28.126,49.720,-40.671,-11.524,-23.354
1714822828136,2024-05-04T14:40:28.136,49.730,-28.659,17.988,-15.549
1714822828146,2024-05-04T14:40:28.146,49.740,-21.463,34.939,-7.500
1714822828156,2024-05-04T14:40:28.156,49.750,-10.976,30.427,-5.854
1714822828166,2024-05-04T14:40:28.166,49.760,0.427,7.012,-0.122
1714822828176,2024-05-04T14:40:28.176,49.770,1.768,-12.988,5.549
1714822828186,2024-05-04T14:40:28.186,49.780,-3.659,-18.598,5.549
1714822828196,2024-05-04T14:40:28.196,49.790,-8.476,-11.951,6.463
1714822828206,2024-05-04T14:40:28.206,49.800,-6.768,5.488,8.780
1714822828216,2024-05-04T14:40:28.216,49.810,-1.402,13.720,11.220
1714822828226,2024-05-04T14:40:28.226,49.820,1.220,9.878,11.341
1714822828236,2024-05-04T14:40:28.236,49.830,-1.220,-0.183,10.793
1714822828246,2024-05-04T14:40:28.246,49.840,-3.720,-6.524,12.500
1714822828256,2024-05-04T14:40:28.256,49.850,-3.049,-5.488,13.049
1714822828266,2024-05-04T14:40:28.266,49.860,-0.793,-3.598,10.122
1714822828276,2024-05-04T14:40:28.276,49.870,1.220,-4.268,8.171
1714822828286,2024-05-04T14:40:28.286,49.880,2.195,-2.195,8.232
1714822828296,2024-05-04T14:40:28.296,49.890,2.622,5.366,7.134
1714822828306,2024-05-04T14:40:28.306,49.900,3.902,12.500,4.085
1714822828316,2024-05-04T14:40:28.316,49.910,4.512,13.049,2.988
1714822828326,2024-05-04T14:40:28.326,49.920,1.890,9.695,3.841
1714822828336,2024-05-04T14:40:28.336,49.930,-2.012,5.244,4.085
1714822828346,2024-05-04T14:40:28.346,49.940,-4.085,-1.890,4.146
1714822828356,2024-05-04T14:40:28.356,49.950,-4.085,-7.927,4.024
1714822828366,2024-05-04T14:40:28.366,49.960,-2.500,-9.268,3.902
1714822828376,2024-05-04T14:40:28.376,49.970,-0.671,-6.341,3.841
1714822828386,2024-05-04T14:40:28.386,49.980,0.000,-2.073,3.780
1714822828396,2024-05-04T14:40:28.396,49.990,-0.305,0.000,3.720
1714822828406,2024-05-04T14:40:28.406,50.000,-0.976,-1.890,5.488
1714822828416,2024-05-04T14:40:28.416,50.010,-1.098,-5.000,8.110
1714822828426,2024-05-04T14:40:28.426,50.020,-0.549,-7.927,7.866
1714822828436,2024-05-04T14:40:28.436,50.030,0.183,-8.598,5.610
1714822828446,2024-05-04T14:40:28.446,50.040,0.427,-4.390,2.927
1714822828456,2024-05-04T14:40:28.456,50.050,0.793,1.585,1.463
1714822828466,2024-05-04T14:40:28.466,50.060,0.915,5.854,2.561
1714822828476,2024-05-04T14:40:28.476,50.070,-0.305,6.829,2.866
1714822828486,2024-05-04T14:40:28.486,50.080,-2.317,3.963,2.622
1714822828496,2024-05-04T14:40:28.496,50.090,-4.695,-2.073,4.329
1714822828506,2024-05-04T14:40:28.506,50.100,-6.220,-8.476,6.402
1714822828516,2024-05-04T14:40:28.516,50.110,-5.122,-14.146,5.915
1714822828526,2024-05-04T14:40:28.526,50.120,-2.927,-17.134,4.634
1714822828536,2024-05-04T14:40:28.536,50.130,-1.280,-14.512,3.659
1714822828546,2024-05-04T14:40:28.546,50.140,-0.549,-7.561,2.561
1714822828556,2024-05-04T14:40:28.556,50.150,-0.915,-0.854,2.378
1714822828566,2024-05-04T14:40:28.566,50.160,-2.256,2.378,2.744
1714822828576,2024-05-04T14:40:28.576,50.170,-4.573,2.988,3.415
1714822828586,2024-05-04T14:40:28.586,50.180,-6.951,2.927,3.780
1714822828596,2024-05-04T14:40:28.596,50.190,-8.232,3.232,4.085
1714822828606,2024-05-04T14:40:28.606,50.200,-8.293,4.390,4.512
1714822828616,2024-05-04T14:40:28.616,50.210,-8.659,7.012,4.634
1714822828626,2024-05-04T14:40:28.626,50.220,-10.244,12.500,4.085
1714822828636,2024-05-04T14:40:28.636,50.230,-13.232,19.329,2.805
1714822828646,2024-05-04T14:40:28.646,50.240,-17.073,26.585,1.463
1714822828656,2024-05-04T14:40:28.656,50.250,-21.037,32.561,0.610
1714822828666,2024-05-04T14:40:28.666,50.260,-20.732,31.646,-0.305
1714822828676,2024-05-04T14:40:28.676,50.270,-17.988,22.866,1.402
1714822828686,2024-05-04T14:40:28.686,50.280,-19.024,12.134,2.805
1714822828696,2024-05-04T14:40:28.696,50.290,-20.610,3.415,3.110
1714822828706,2024-05-04T14:40:28.706,50.300,-19.939,-0.549,3.293
1714822828716,2024-05-04T14:40:28.716,50.310,-19.085,-1.463,5.244
1714822828726,2024-05-04T14:40:28.726,50.320,-18.598,0.122,6.037
1714822828736,2024-05-04T14:40:28.736,50.330,-19.146,0.854,4.878
1714822828746,2024-05-04T14:40:28.746,50.340,-20.610,3.293,3.720
1714822828756,2024-05-04T14:40:28.756,50.350,-25.122,9.817,1.951
1714822828766,2024-05-04T14:40:28.766,50.360,-24.817,10.122,3.598
1714822828776,2024-05-04T14:40:28.776,50.370,-21.220,6.463,5.244
1714822828786,2024-05-04T14:40:28.786,50.380,-21.280,8.110,3.720
1714822828796,2024-05-04T14:40:28.796,50.390,-23.841,16.098,4.878
1714822828806,2024-05-04T14:40:28.806,50.400,-28.293,26.768,5.549
1714822828816,2024-05-04T14:40:28.816,50.410,-29.634,33.963,5.915
1714822828826,2024-05-04T14:40:28.826,50.420,-25.183,29.451,7.622
1714822828836,2024-05-04T14:40:28.836,50.430,-19.817,18.780,5.305
1714822828846,2024-05-04T14:40:28.846,50.440,-15.122,3.049,1.402
1714822828856,2024-05-04T14:40:28.856,50.450,-8.354,-14.024,-2.256
1714822828866,2024-05-04T14:40:28.866,50.460,1.159,-28.049,-3.780
1714822828876,2024-05-04T14:40:28.876,50.470,12.744,-39.573,-0.610
1714822828886,2024-05-04T14:40:28.886,50.480,28.902,-41.341,4.817
1714822828896,2024-05-04T14:40:28.896,50.490,51.768,-27.500,7.073
1714822828906,2024-05-04T14:40:28.906,50.500,78.963,-4.451,9.939
1714822828916,2024-05-04T14:40:28.916,50.510,104.512,12.134,21.220
1714822828926,2024-05-04T14:40:28.926,50.520,126.341,6.402,31.280
1714822828936,2024-05-04T14:40:28.936,50.530,145.671,-16.280,36.890
1714822828946,2024-05-04T14:40:28.946,50.540,167.561,-47.378,37.744
1714822828956,2024-05-04T14:40:28.956,50.550,184.207,-78.171,28.110
1714822828966,2024-05-04T14:40:28.966,50.560,186.098,-102.439,11.037
1714822828976,2024-05-04T14:40:28.976,50.570,171.159,-118.049,7.134
1714822828986,2024-05-04T14:40:28.986,50.580,151.524,-106.524,10.549
1714822828996,2024-05-04T14:40:28.996,50.590,133.598,-62.683,8.598
1714822829006,2024-05-04T14:40:29.006,50.600,131.768,-19.207,17.500
1714822829016,2024-05-04T14:40:29.016,50.610,120.610,-6.829,27.012
1714822829026,2024-05-04T14:40:29.026,50.620,113.659,-8.720,0.854
1714822829036,2024-05-04T14:40:29.036,50.630,108.841,-8.354,-2.683
1714822829046,2024-05-04T14:40:29.046,50.640,82.012,1.524,1.890
1714822829056,2024-05-04T14:40:29.056,50.650,56.402,15.793,0.671
1714822829066,2024-05-04T14:40:29.066,50.660,38.293,25.671,0.427
1714822829076,2024-05-04T14:40:29.076,50.670,20.366,27.195,-1.585
1714822829086,2024-05-04T14:40:29.086,50.680,2.256,19.451,0.976
1714822829096,2024-05-04T14:40:29.096,50.690,-14.146,8.902,4.390
1714822829106,2024-05-04T14:40:29.106,50.700,-25.488,-0.427,3.841
1714822829116,2024-05-04T14:40:29.116,50.710,-33.415,-9.573,-0.183
1714822829126,2024-05-04T14:40:29.126,50.720,-40.732,-16.890,-3.720
1714822829136,2024-05-04T14:40:29.136,50.730,-45.610,-14.207,-7.256
1714822829146,2024-05-04T14:40:29.146,50.740,-47.500,-1.280,-12.195
1714822829156,2024-05-04T14:40:29.156,50.750,-46.220,11.768,-15.000
1714822829166,2024-05-04T14:40:29.166,50.760,-46.707,20.305,-14.451
1714822829176,2024-05-04T14:40:29.176,50.770,-50.671,24.939,-13.110
1714822829186,2024-05-04T14:40:29.186,50.780,-55.854,24.512,-14.390
1714822829196,2024-05-04T14:40:29.196,50.790,-56.646,18.110,-19.939
1714822829206,2024-05-04T14:40:29.206,50.800,-58.293,2.195,-25.000
1714822829216,2024-05-04T14:40:29.216,50.810,-64.878,-18.049,-27.805
1714822829226,2024-05-04T14:40:29.226,50.820,-68.537,-32.012,-26.829
1714822829236,2024-05-04T14:40:29.236,50.830,-67.134,-36.220,-21.890
1714822829246,2024-05-04T14:40:29.246,50.840,-66.037,-28.659,-15.427
1714822829256,2024-05-04T14:40:29.256,50.850,-67.683,-10.976,-11.037
1714822829266,2024-05-04T14:40:29.266,50.860,-68.171,8.780,-12.744
1714822829276,2024-05-04T14:40:29.276,50.870,-65.000,23.293,-17.805
1714822829286,2024-05-04T14:40:29.286,50.880,-58.780,29.085,-18.963
1714822829296,2024-05-04T14:40:29.296,50.890,-52.073,30.488,-14.024
1714822829306,2024-05-04T14:40:29.306,50.900,-43.171,30.000,-8.476
1714822829316,2024-05-04T14:40:29.316,50.910,-32.378,25.976,-4.085
1714822829326,2024-05-04T14:40:29.326,50.920,-26.890,21.280,0.366
1714822829336,2024-05-04T14:40:29.336,50.930,-29.512,19.451,1.037
1714822829346,2024-05-04T14:40:29.346,50.940,-35.854,17.622,-1.524
1714822829356,2024-05-04T14:40:29.356,50.950,-39.634,18.841,-2.683
1714822829366,2024-05-04T14:40:29.366,50.960,-38.476,26.768,-2.439
1714822829376,2024-05-04T14:40:29.376,50.970,-35.305,36.280,-2.012
1714822829386,2024-05-04T14:40:29.386,50.980,-31.524,35.854,-3.598
1714822829396,2024-05-04T14:40:29.396,50.990,-26.098,21.890,-5.427
1714822829406,2024-05-04T14:40:29.406,51.000,-18.963,3.659,-3.415
1714822829416,2024-05-04T14:40:29.416,51.010,-17.622,-11.951,-2.988
1714822829426,2024-05-04T14:40:29.426,51.020,-18.780,-18.598,-1.646
1714822829436,2024-05-04T14:40:29.436,51.030,-21.280,-20.244,0.976
1714822829446,2024-05-04T14:40:29.446,51.040,-22.744,-16.585,1.951
1714822829456,2024-05-04T14:40:29.456,51.050,-22.683,-7.439,3.476
1714822829466,2024-05-04T14:40:29.466,51.060,-23.963,5.305,4.573
1714822829476,2024-05-04T14:40:29.476,51.070,-25.244,15.610,2.683
1714822829486,2024-05-04T14:40:29.486,51.080,-23.841,17.500,0.305
1714822829496,2024-05-04T14:40:29.496,51.090,-20.183,12.073,-0.122
1714822829506,2024-05-04T14:40:29.506,51.100,-16.159,-1.220,0.671
1714822829516,2024-05-04T14:40:29.516,51.110,-12.073,-17.561,3.415
1714822829526,2024-05-04T14:40:29.526,51.120,-9.085,-30.366,4.268
1714822829536,2024-05-04T14:40:29.536,51.130,-7.866,-36.159,2.256
1714822829546,2024-05-04T14:40:29.546,51.140,-6.768,-31.159,1.098
1714822829556,2024-05-04T14:40:29.556,51.150,-6.707,-20.122,0.305
1714822829566,2024-05-04T14:40:29.566,51.160,-7.988,-8.476,-0.244
1714822829576,2024-05-04T14:40:29.576,51.170,-8.841,1.220,-0.244
1714822829586,2024-05-04T14:40:29.586,51.180,-9.024,6.402,-0.671
1714822829596,2024-05-04T14:40:29.596,51.190,-9.390,6.829,-0.305
1714822829606,2024-05-04T14:40:29.606,51.200,-10.732,1.159,1.402
1714822829616,2024-05-04T14:40:29.616,51.210,-12.500,-9.634,2.622
1714822829626,2024-05-04T14:40:29.626,51.220,-10.854,-21.402,2.683
1714822829636,2024-05-04T14:40:29.636,51.230,-7.012,-29.878,1.768
1714822829646,2024-05-04T14:40:29.646,51.240,-4.817,-29.817,1.159
1714822829656,2024-05-04T14:40:29.656,51.250,-5.488,-21.280,1.220
1714822829666,2024-05-04T14:40:29.666,51.260,-7.927,-9.390,1.280
1714822829676,2024-05-04T14:40:29.676,51.270,-10.061,0.122,1.341
1714822829686,2024-05-04T14:40:29.686,51.280,-10.732,5.854,1.646
1714822829696,2024-05-04T14:40:29.696,51.290,-10.061,9.817,2.195
1714822829706,2024-05-04T14:40:29.706,51.300,-8.598,11.341,1.524
1714822829716,2024-05-04T14:40:29.716,51.310,-6.768,9.085,0.427
1714822829726,2024-05-04T14:40:29.726,51.320,-3.963,5.915,-0.366
1714822829736,2024-05-04T14:40:29.736,51.330,-1.890,1.585,-1.220
1714822829746,2024-05-04T14:40:29.746,51.340,-1.524,-1.829,-1.220
1714822829756,2024-05-04T14:40:29.756,51.350,-1.159,-4.451,0.122
1714822829766,2024-05-04T14:40:29.766,51.360,-1.220,-4.634,1.951
1714822829776,2024-05-04T14:40:29.776,51.370,-1.951,-1.951,2.988
1714822829786,2024-05-04T14:40:29.786,51.380,-2.439,2.012,3.232
1714822829796,2024-05-04T14:40:29.796,51.390,-1.951,6.037,3.476
1714822829806,2024-05-04T14:40:29.806,51.400,-0.549,9.024,3.476
1714822829816,2024-05-04T14:40:29.816,51.410,1.463,10.549,3.049
1714822829826,2024-05-04T14:40:29.826,51.420,2.683,9.878,2.744
1714822829836,2024-05-04T14:40:29.836,51.430,1.829,6.829,2.683
1714822829846,2024-05-04T14:40:29.846,51.440,0.305,3.354,2.073
1714822829856,2024-05-04T14:40:29.856,51.450,0.427,0.244,2.134
1714822829866,2024-05-04T14:40:29.866,51.460,1.402,-1.829,3.232
1714822829876,2024-05-04T14:40:29.876,51.470,1.220,-2.134,3.598
1714822829886,2024-05-04T14:40:29.886,51.480,0.244,0.305,2.012
1714822829896,2024-05-04T14:40:29.896,51.490,-0.122,3.841,0.671
1714822829906,2024-05-04T14:40:29.906,51.500,-0.732,6.463,0.610
1714822829916,2024-05-04T14:40:29.916,51.510,-2.927,7.012,-0.183
1714822829926,2024-05-04T14:40:29.926,51.520,-5.244,6.768,-0.854
1714822829936,2024-05-04T14:40:29.936,51.530,-6.646,7.012,-0.549
1714822829946,2024-05-04T14:40:29.946,51.540,-8.110,8.720,-0.305
1714822829956,2024-05-04T14:40:29.956,51.550,-10.000,12.195,-0.610
1714822829966,2024-05-04T14:40:29.966,51.560,-11.341,16.402,-1.098
1714822829976,2024-05-04T14:40:29.976,51.570,-13.659,21.280,-0.976
1714822829986,2024-05-04T14:40:29.986,51.580,-17.561,30.793,-0.427
1714822829996,2024-05-04T14:40:29.996,51.590,-21.280,40.549,1.037
1714822830006,2024-05-04T14:40:30.006,51.600,-25.976,45.610,1.707
1714822830016,2024-05-04T14:40:30.016,51.610,-30.244,49.695,1.707
1714822830026,2024-05-04T14:40:30.026,51.620,-30.976,55.427,4.939
1714822830036,2024-05-04T14:40:30.036,51.630,-33.049,61.341,9.085
1714822830046,2024-05-04T14:40:30.046,51.640,-33.110,59.878,10.793
1714822830056,2024-05-04T14:40:30.056,51.650,-31.220,50.915,5.061
1714822830066,2024-05-04T14:40:30.066,51.660,-30.183,47.195,0.671
1714822830076,2024-05-04T14:40:30.076,51.670,-27.622,46.159,1.220
1714822830086,2024-05-04T14:40:30.086,51.680,-25.427,41.890,-2.256
1714822830096,2024-05-04T14:40:30.096,51.690,-27.439,37.927,-9.451
1714822830106,2024-05-04T14:40:30.106,51.700,-31.037,34.207,-11.768
1714822830116,2024-05-04T14:40:30.116,51.710,-34.939,33.171,-12.439
1714822830126,2024-05-04T14:40:30.126,51.720,-35.610,35.427,-13.720
1714822830136,2024-05-04T14:40:30.136,51.730,-27.378,35.915,-13.110
1714822830146,2024-05-04T14:40:30.146,51.740,-15.854,31.890,-12.988
1714822830156,2024-05-04T14:40:30.156,51.750,-8.598,23.720,-14.024
1714822830166,2024-05-04T14:40:30.166,51.760,1.341,13.293,-11.890
1714822830176,2024-05-04T14:40:30.176,51.770,21.524,-2.988,-3.720
1714822830186,2024-05-04T14:40:30.186,51.780,51.768,-27.439,10.549
1714822830196,2024-05-04T14:40:30.196,51.790,89.268,-53.171,27.073
1714822830206,2024-05-04T14:40:30.206,51.800,133.110,-67.317,40.488
1714822830216,2024-05-04T14:40:30.216,51.810,173.232,-66.098,57.256
1714822830226,2024-05-04T14:40:30.226,51.820,188.110,-68.293,66.220
1714822830236,2024-05-04T14:40:30.236,51.830,197.622,-85.854,61.037
1714822830246,2024-05-04T14:40:30.246,51.840,206.402,-113.415,47.500
1714822830256,2024-05-04T14:40:30.256,51.850,209.207,-132.317,22.500
1714822830266,2024-05-04T14:40:30.266,51.860,177.561,-130.488,-3.780
1714822830276,2024-05-04T14:40:30.276,51.870,153.902,-111.098,1.098
1714822830286,2024-05-04T14:40:30.286,51.880,145.854,-64.451,9.146
1714822830296,2024-05-04T14:40:30.296,51.890,138.415,-11.951,10.183
1714822830306,2024-05-04T14:40:30.306,51.900,119.756,4.024,29.573
1714822830316,2024-05-04T14:40:30.316,51.910,109.878,-11.098,10.244
1714822830326,2024-05-04T14:40:30.326,51.920,108.780,-24.085,-6.707
1714822830336,2024-05-04T14:40:30.336,51.930,79.817,-12.805,-0.671
1714822830346,2024-05-04T14:40:30.346,51.940,43.232,24.329,1.463
1714822830356,2024-05-04T14:40:30.356,51.950,16.646,58.720,3.720
1714822830366,2024-05-04T14:40:30.366,51.960,-2.317,53.659,7.073
1714822830376,2024-05-04T14:40:30.376,51.970,-21.707,21.524,6.098
1714822830386,2024-05-04T14:40:30.386,51.980,-42.561,-5.366,1.951
1714822830396,2024-05-04T14:40:30.396,51.990,-63.293,-22.256,-2.866
1714822830406,2024-05-04T14:40:30.406,52.000,-76.707,-31.280,-6.280
1714822830416,2024-05-04T14:40:30.416,52.010,-77.012,-38.354,-11.402
1714822830426,2024-05-04T14:40:30.426,52.020,-68.476,-44.207,-17.134
1714822830436,2024-05-04T14:40:30.436,52.030,-58.963,-39.573,-20.610
1714822830446,2024-05-04T14:40:30.446,52.040,-54.512,-24.939,-22.134
1714822830456,2024-05-04T14:40:30.456,52.050,-57.500,-5.549,-20.915
1714822830466,2024-05-04T14:40:30.466,52.060,-62.012,16.768,-19.390
1714822830476,2024-05-04T14:40:30.476,52.070,-68.354,31.829,-17.500
1714822830486,2024-05-04T14:40:30.486,52.080,-74.451,32.866,-13.720
1714822830496,2024-05-04T14:40:30.496,52.090,-79.085,24.024,-9.939
1714822830506,2024-05-04T14:40:30.506,52.100,-80.427,12.622,-9.329
1714822830516,2024-05-04T14:40:30.516,52.110,-77.866,1.890,-10.122
1714822830526,2024-05-04T14:40:30.526,52.120,-73.171,-11.341,-10.732
1714822830536,2024-05-04T14:40:30.536,52.130,-66.220,-24.390,-11.585
1714822830546,2024-05-04T14:40:30.546,52.140,-59.268,-31.768,-11.890
1714822830556,2024-05-04T14:40:30.556,52.150,-57.744,-30.305,-8.780
1714822830566,2024-05-04T14:40:30.566,52.160,-63.659,-17.561,-7.744
1714822830576,2024-05-04T14:40:30.576,52.170,-69.817,0.732,-12.866
1714822830586,2024-05-04T14:40:30.586,52.180,-68.598,22.073,-17.195
1714822830596,2024-05-04T14:40:30.596,52.190,-63.293,40.061,-12.012
1714822830606,2024-05-04T14:40:30.606,52.200,-47.317,44.878,-12.744
1714822830616,2024-05-04T14:40:30.616,52.210,-30.305,38.049,-14.329
1714822830626,2024-05-04T14:40:30.626,52.220,-24.146,25.061,-6.098
1714822830636,2024-05-04T14:40:30.636,52.230,-18.780,7.988,-7.866
1714822830646,2024-05-04T14:40:30.646,52.240,-15.976,-11.890,-10.732
1714822830656,2024-05-04T14:40:30.656,52.250,-16.768,-22.500,-11.341
1714822830666,2024-05-04T14:40:30.666,52.260,-20.854,-21.646,-12.134
1714822830676,2024-05-04T14:40:30.676,52.270,-21.707,-11.463,-10.854
1714822830686,2024-05-04T14:40:30.686,52.280,-21.037,0.305,-9.390
1714822830696,2024-05-04T14:40:30.696,52.290,-20.976,5.610,-8.110
1714822830706,2024-05-04T14:40:30.706,52.300,-19.146,4.024,-5.366
1714822830716,2024-05-04T14:40:30.716,52.310,-17.256,-1.951,-4.878
1714822830726,2024-05-04T14:40:30.726,52.320,-19.939,-7.073,-5.000
1714822830736,2024-05-04T14:40:30.736,52.330,-20.915,-9.390,-3.780
1714822830746,2024-05-04T14:40:30.746,52.340,-18.780,-12.195,-4.634
1714822830756,2024-05-04T14:40:30.756,52.350,-17.439,-12.988,-6.280
1714822830766,2024-05-04T14:40:30.766,52.360,-16.890,-9.085,-6.098
1714822830776,2024-05-04T14:40:30.776,52.370,-15.976,-4.573,-5.183
1714822830786,2024-05-04T14:40:30.786,52.380,-14.024,-2.561,-4.573
1714822830796,2024-05-04T14:40:30.796,52.390,-11.646,-2.012,-3.598
1714822830806,2024-05-04T14:40:30.806,52.400,-10.305,-1.341,-2.134
1714822830816,2024-05-04T14:40:30.816,52.410,-8.537,-1.524,-1.159
1714822830826,2024-05-04T14:40:30.826,52.420,-5.366,-3.720,-0.793
1714822830836,2024-05-04T14:40:30.836,52.430,-2.622,-5.976,0.488
1714822830846,2024-05-04T14:40:30.846,52.440,-0.427,-6.768,1.951
1714822830856,2024-05-04T14:40:30.856,52.450,1.585,-6.463,2.378
1714822830866,2024-05-04T14:40:30.866,52.460,2.561,-4.695,3.720
1714822830876,2024-05-04T14:40:30.876,52.470,2.927,-2.561,5.061
1714822830886,2024-05-04T14:40:30.886,52.480,2.805,-1.280,4.695
1714822830896,2024-05-04T14:40:30.896,52.490,2.073,-0.671,4.573
1714822830906,2024-05-04T14:40:30.906,52.500,2.378,0.305,5.488
1714822830916,2024-05-04T14:40:30.916,52.510,3.049,0.061,4.939
1714822830926,2024-05-04T14:40:30.926,52.520,2.744,-0.061,3.293
1714822830936,2024-05-04T14:40:30.936,52.530,2.866,-0.061,2.439
1714822830946,2024-05-04T14:40:30.946,52.540,2.988,-1.159,2.561
1714822830956,2024-05-04T14:40:30.956,52.550,2.378,-2.805,2.927
1714822830966,2024-05-04T14:40:30.966,52.560,1.463,-3.171,2.012
1714822830976,2024-05-04T14:40:30.976,52.570,-0.122,-1.463,1.524
1714822830986,2024-05-04T14:40:30.986,52.580,-0.976,-0.610,1.890
1714822830996,2024-05-04T14:40:30.996,52.590,-0.122,-1.768,1.768
1714822831006,2024-05-04T14:40:31.006,52.600,1.280,-3.354,1.402
1714822831016,2024-05-04T14:40:31.016,52.610,2.561,-2.988,1.646
1714822831026,2024-05-04T14:40:31.026,52.620,2.439,-2.073,3.110
1714822831036,2024-05-04T14:40:31.036,52.630,0.976,-2.073,3.902
1714822831046,2024-05-04T14:40:31.046,52.640,0.000,-3.476,3.537
1714822831056,2024-05-04T14:40:31.056,52.650,0.183,-4.512,3.232
1714822831066,2024-05-04T14:40:31.066,52.660,1.341,-4.268,2.317
1714822831076,2024-05-04T14:40:31.076,52.670,2.012,-1.951,1.402
1714822831086,2024-05-04T14:40:31.086,52.680,1.341,1.585,0.793
1714822831096,2024-05-04T14:40:31.096,52.690,0.427,3.354,0.122
1714822831106,2024-05-04T14:40:31.106,52.700,-0.366,2.317,0.366
1714822831116,2024-05-04T14:40:31.116,52.710,-1.159,0.000,0.732
1714822831126,2024-05-04T14:40:31.126,52.720,-1.402,-2.622,1.159
1714822831136,2024-05-04T14:40:31.136,52.730,-0.671,-3.902,1.524
1714822831146,2024-05-04T14:40:31.146,52.740,0.488,-3.232,1.402
1714822831156,2024-05-04T14:40:31.156,52.750,0.610,-0.915,1.707
1714822831166,2024-05-04T14:40:31.166,52.760,0.305,1.098,2.378
1714822831176,2024-05-04T14:40:31.176,52.770,-0.122,1.524,3.171
1714822831186,2024-05-04T14:40:31.186,52.780,-0.976,2.561,4.085
1714822831196,2024-05-04T14:40:31.196,52.790,-1.585,6.341,5.061
1714822831206,2024-05-04T14:40:31.206,52.800,0.427,8.902,5.610
1714822831216,2024-05-04T14:40:31.216,52.810,1.463,10.488,5.671
1714822831226,2024-05-04T14:40:31.226,52.820,0.671,12.439,6.829
1714822831236,2024-05-04T14:40:31.236,52.830,-0.366,14.268,8.598
1714822831246,2024-05-04T14:40:31.246,52.840,-2.866,15.610,9.878
1714822831256,2024-05-04T14:40:31.256,52.850,-5.183,17.195,11.524
1714822831266,2024-05-04T14:40:31.266,52.860,-7.134,19.390,11.829
1714822831276,2024-05-04T14:40:31.276,52.870,-9.878,20.122,11.890
1714822831286,2024-05-04T14:40:31.286,52.880,-10.427,20.061,9.512
1714822831296,2024-05-04T14:40:31.296,52.890,-8.841,22.134,7.012
1714822831306,2024-05-04T14:40:31.306,52.900,-5.793,25.793,5.976
1714822831316,2024-05-04T14:40:31.316,52.910,-4.634,31.646,4.207
1714822831326,2024-05-04T14:40:31.326,52.920,-3.659,38.963,2.927
1714822831336,2024-05-04T14:40:31.336,52.930,0.000,47.317,1.463
1714822831346,2024-05-04T14:40:31.346,52.940,5.244,55.366,-1.341
1714822831356,2024-05-04T14:40:31.356,52.950,5.671,63.354,-2.866
1714822831366,2024-05-04T14:40:31.366,52.960,4.207,67.073,-2.073
1714822831376,2024-05-04T14:40:31.376,52.970,5.610,59.817,0.915
1714822831386,2024-05-04T14:40:31.386,52.980,9.207,47.622,1.646
1714822831396,2024-05-04T14:40:31.396,52.990,16.524,35.854,2.439
1714822831406,2024-05-04T14:40:31.406,53.000,30.183,25.366,7.622
1714822831416,2024-05-04T14:40:31.416,53.010,51.341,15.549,14.512
1714822831426,2024-05-04T14:40:31.426,53.020,74.756,9.695,20.610
1714822831436,2024-05-04T14:40:31.436,53.030,101.829,7.500,29.146
1714822831446,2024-05-04T14:40:31.446,53.040,132.439,4.268,38.232
1714822831456,2024-05-04T14:40:31.456,53.050,150.183,-5.000,42.317
1714822831466,2024-05-04T14:40:31.466,53.060,156.890,-26.951,42.927
1714822831476,2024-05-04T14:40:31.476,53.070,164.634,-60.854,33.415
1714822831486,2024-05-04T14:40:31.486,53.080,168.659,-90.549,12.073
1714822831496,2024-05-04T14:40:31.496,53.090,169.329,-110.305,5.976
1714822831506,2024-05-04T14:40:31.506,53.100,158.415,-113.537,26.402
1714822831516,2024-05-04T14:40:31.516,53.110,125.122,-84.878,45.854
1714822831526,2024-05-04T14:40:31.526,53.120,96.098,-64.573,33.841
1714822831536,2024-05-04T14:40:31.536,53.130,112.012,-52.988,7.134
1714822831546,2024-05-04T14:40:31.546,53.140,131.037,-52.500,-5.976
1714822831556,2024-05-04T14:40:31.556,53.150,108.598,-41.098,-6.220
1714822831566,2024-05-04T14:40:31.566,53.160,76.220,-16.280,-3.415
1714822831576,2024-05-04T14:40:31.576,53.170,53.537,15.549,-1.829
1714822831586,2024-05-04T14:40:31.586,53.180,27.744,36.585,2.683
1714822831596,2024-05-04T14:40:31.596,53.190,-1.098,33.476,6.585
1714822831606,2024-05-04T14:40:31.606,53.200,-21.098,10.732,12.317
1714822831616,2024-05-04T14:40:31.616,53.210,-37.317,-10.366,17.500
1714822831626,2024-05-04T14:40:31.626,53.220,-51.098,-18.049,16.159
1714822831636,2024-05-04T14:40:31.636,53.230,-59.146,-23.476,11.037
1714822831646,2024-05-04T14:40:31.646,53.240,-65.732,-33.476,7.805
1714822831656,2024-05-04T14:40:31.656,53.250,-74.878,-44.268,0.793
1714822831666,2024-05-04T14:40:31.666,53.260,-83.171,-49.207,-12.378
1714822831676,2024-05-04T14:40:31.676,53.270,-79.451,-45.000,-20.671
1714822831686,2024-05-04T14:40:31.686,53.280,-66.524,-30.793,-24.268
1714822831696,2024-05-04T14:40:31.696,53.290,-50.122,-5.793,-26.951
1714822831706,2024-05-04T14:40:31.706,53.300,-37.500,17.439,-29.695
1714822831716,2024-05-04T14:40:31.716,53.310,-32.012,31.585,-30.793
1714822831726,2024-05-04T14:40:31.726,53.320,-39.390,36.280,-28.537
1714822831736,2024-05-04T14:40:31.736,53.330,-52.378,36.829,-23.293
1714822831746,2024-05-04T14:40:31.746,53.340,-59.085,28.537,-18.171
1714822831756,2024-05-04T14:40:31.756,53.350,-59.085,11.037,-10.915
1714822831766,2024-05-04T14:40:31.766,53.360,-58.841,-8.780,-3.415
1714822831776,2024-05-04T14:40:31.776,53.370,-59.390,-20.671,-1.037
1714822831786,2024-05-04T14:40:31.786,53.380,-57.134,-19.024,-2.683
1714822831796,2024-05-04T14:40:31.796,53.390,-54.268,-13.293,-5.610
1714822831806,2024-05-04T14:40:31.806,53.400,-56.280,-8.049,-8.720
1714822831816,2024-05-04T14:40:31.816,53.410,-61.829,-0.610,-13.110
1714822831826,2024-05-04T14:40:31.826,53.420,-67.378,5.244,-18.598
1714822831836,2024-05-04T14:40:31.836,53.430,-71.037,9.146,-21.037
1714822831846,2024-05-04T14:40:31.846,53.440,-74.268,17.561,-17.744
1714822831856,2024-05-04T14:40:31.856,53.450,-75.915,26.951,-12.500
1714822831866,2024-05-04T14:40:31.866,53.460,-70.183,24.207,-8.049
1714822831876,2024-05-04T14:40:31.876,53.470,-50.366,11.220,-11.585
1714822831886,2024-05-04T14:40:31.886,53.480,-24.451,-0.610,-15.610
1714822831896,2024-05-04T14:40:31.896,53.490,-13.049,-7.622,-7.805
1714822831906,2024-05-04T14:40:31.906,53.500,-17.439,-10.427,-2.622
1714822831916,2024-05-04T14:40:31.916,53.510,-25.976,-13.171,-7.195
1714822831926,2024-05-04T14:40:31.926,53.520,-30.061,-10.244,-13.720
1714822831936,2024-05-04T14:40:31.936,53.530,-27.378,6.829,-17.927
1714822831946,2024-05-04T14:40:31.946,53.540,-23.354,24.329,-14.268
1714822831956,2024-05-04T14:40:31.956,53.550,-19.451,38.354,-13.476
1714822831966,2024-05-04T14:40:31.966,53.560,-15.671,39.024,-13.171
1714822831976,2024-05-04T14:40:31.976,53.570,-16.463,27.500,-5.793
1714822831986,2024-05-04T14:40:31.986,53.580,-22.805,6.402,0.244
1714822831996,2024-05-04T14:40:31.996,53.590,-22.378,-11.646,1.768
1714822832006,2024-05-04T14:40:32.006,53.600,-14.634,-19.939,0.671
1714822832016,2024-05-04T14:40:32.016,53.610,-9.817,-19.939,-1.585
1714822832026,2024-05-04T14:40:32.026,53.620,-9.268,-10.793,-4.207
1714822832036,2024-05-04T14:40:32.036,53.630,-10.305,1.098,-5.732
1714822832046,2024-05-04T14:40:32.046,53.640,-11.098,8.659,-3.415
1714822832056,2024-05-04T14:40:32.056,53.650,-11.341,10.732,-0.183
1714822832066,2024-05-04T14:40:32.066,53.660,-9.939,10.793,1.463
1714822832076,2024-05-04T14:40:32.076,53.670,-7.622,10.122,2.561
1714822832086,2024-05-04T14:40:32.086,53.680,-5.305,6.524,2.439
1714822832096,2024-05-04T14:40:32.096,53.690,-2.683,1.951,1.585
1714822832106,2024-05-04T14:40:32.106,53.700,-0.183,-1.463,1.585
1714822832116,2024-05-04T14:40:32.116,53.710,0.915,-2.500,2.317
1714822832126,2024-05-04T14:40:32.126,53.720,-0.061,-1.341,1.707
1714822832136,2024-05-04T14:40:32.136,53.730,-1.768,0.793,1.341
1714822832146,2024-05-04T14:40:32.146,53.740,-3.293,3.354,2.805
1714822832156,2024-05-04T14:40:32.156,53.750,-4.817,5.244,5.427
1714822832166,2024-05-04T14:40:32.166,53.760,-5.061,7.561,6.890
1714822832176,2024-05-04T14:40:32.176,53.770,-4.024,8.232,5.854
1714822832186,2024-05-04T14:40:32.186,53.780,-1.524,7.378,4.695
1714822832196,2024-05-04T14:40:32.196,53.790,1.463,4.939,4.878
1714822832206,2024-05-04T14:40:32.206,53.800,2.805,-0.305,4.146
1714822832216,2024-05-04T14:40:32.216,53.810,3.049,-6.098,2.378
1714822832226,2024-05-04T14:40:32.226,53.820,2.805,-10.183,1.159
1714822832236,2024-05-04T14:40:32.236,53.830,0.793,-9.939,1.524
1714822832246,2024-05-04T14:40:32.246,53.840,-2.134,-5.854,2.073
1714822832256,2024-05-04T14:40:32.256,53.850,-3.598,-1.829,1.341
1714822832266,2024-05-04T14:40:32.266,53.860,-3.293,0.732,1.707
1714822832276,2024-05-04T14:40:32.276,53.870,-2.500,2.927,2.744
1714822832286,2024-05-04T14:40:32.286,53.880,-2.744,3.841,2.805
1714822832296,2024-05-04T14:40:32.296,53.890,-3.598,2.439,2.561
1714822832306,2024-05-04T14:40:32.306,53.900,-3.415,-1.037,2.317
1714822832316,2024-05-04T14:40:32.316,53.910,-2.012,-5.000,2.256
1714822832326,2024-05-04T14:40:32.326,53.920,-0.732,-7.317,2.012
1714822832336,2024-05-04T14:40:32.336,53.930,-0.366,-6.098,2.256
1714822832346,2024-05-04T14:40:32.346,53.940,-0.610,-2.500,2.134
1714822832356,2024-05-04T14:40:32.356,53.950,-0.915,1.524,2.195
1714822832366,2024-05-04T14:40:32.366,53.960,-1.341,3.963,2.866
1714822832376,2024-05-04T14:40:32.376,53.970,-1.951,5.122,3.354
1714822832386,2024-05-04T14:40:32.386,53.980,-2.378,4.634,2.988
1714822832396,2024-05-04T14:40:32.396,53.990,-2.439,1.524,1.524
1714822832406,2024-05-04T14:40:32.406,54.000,-1.463,-2.378,0.427
1714822832416,2024-05-04T14:40:32.416,54.010,-0.854,-5.000,0.427
1714822832426,2024-05-04T14:40:32.426,54.020,-1.159,-6.159,1.463
1714822832436,2024-05-04T14:40:32.436,54.030,-3.232,-8.110,1.890
1714822832446,2024-05-04T14:40:32.446,54.040,-6.098,-9.634,2.134
1714822832456,2024-05-04T14:40:32.456,54.050,-8.598,-10.488,1.585
1714822832466,2024-05-04T14:40:32.466,54.060,-9.756,-11.463,-0.244
1714822832476,2024-05-04T14:40:32.476,54.070,-9.146,-11.768,-1.829
1714822832486,2024-05-04T14:40:32.486,54.080,-8.110,-9.939,-3.476
1714822832496,2024-05-04T14:40:32.496,54.090,-6.829,-6.280,-4.939
1714822832506,2024-05-04T14:40:32.506,54.100,-5.366,-4.573,-5.366
1714822832516,2024-05-04T14:40:32.516,54.110,-3.293,-6.159,-2.256
1714822832526,2024-05-04T14:40:32.526,54.120,-0.549,-3.841,2.012
1714822832536,2024-05-04T14:40:32.536,54.130,1.341,0.305,2.439
1714822832546,2024-05-04T14:40:32.546,54.140,4.512,1.890,1.768
1714822832556,2024-05-04T14:40:32.556,54.150,8.537,-0.854,0.061
1714822832566,2024-05-04T14:40:32.566,54.160,11.098,-3.171,-0.732
1714822832576,2024-05-04T14:40:32.576,54.170,15.610,-1.585,-0.366
1714822832586,2024-05-04T14:40:32.586,54.180,17.256,1.524,1.098
1714822832596,2024-05-04T14:40:32.596,54.190,15.000,3.720,4.024
1714822832606,2024-05-04T14:40:32.606,54.200,13.293,6.402,7.561
1714822832616,2024-05-04T14:40:32.616,54.210,13.110,7.195,9.817
1714822832626,2024-05-04T14:40:32.626,54.220,11.524,10.976,13.110
1714822832636,2024-05-04T14:40:32.636,54.230,5.610,23.902,20.549
1714822832646,2024-05-04T14:40:32.646,54.240,-1.768,35.244,30.000
1714822832656,2024-05-04T14:40:32.656,54.250,-5.244,34.573,32.927
1714822832666,2024-05-04T14:40:32.666,54.260,-8.171,29.451,28.902
1714822832676,2024-05-04T14:40:32.676,54.270,-10.915,28.659,24.756
1714822832686,2024-05-04T14:40:32.686,54.280,-15.671,28.780,21.159
1714822832696,2024-05-04T14:40:32.696,54.290,-23.049,34.512,15.427
1714822832706,2024-05-04T14:40:32.706,54.300,-42.439,49.451,5.305
1714822832716,2024-05-04T14:40:32.716,54.310,-72.927,57.744,-14.390
1714822832726,2024-05-04T14:40:32.726,54.320,-89.939,46.707,-32.256
1714822832736,2024-05-04T14:40:32.736,54.330,-65.427,27.195,-39.756
1714822832746,2024-05-04T14:40:32.746,54.340,-22.134,16.585,-39.878
1714822832756,2024-05-04T14:40:32.756,54.350,11.402,10.183,-34.268
1714822832766,2024-05-04T14:40:32.766,54.360,45.915,0.122,-25.610
1714822832776,2024-05-04T14:40:32.776,54.370,106.098,-1.524,-11.280
1714822832786,2024-05-04T14:40:32.786,54.380,151.341,-8.293,3.354
1714822832796,2024-05-04T14:40:32.796,54.390,182.500,-19.329,22.378
1714822832806,2024-05-04T14:40:32.806,54.400,194.878,-25.793,42.561
1714822832816,2024-05-04T14:40:32.816,54.410,179.268,-30.122,47.500
1714822832826,2024-05-04T14:40:32.826,54.420,148.720,-45.427,35.610
1714822832836,2024-05-04T14:40:32.836,54.430,129.878,-81.402,16.524
1714822832846,2024-05-04T14:40:32.846,54.440,142.744,-125.244,16.341
1714822832856,2024-05-04T14:40:32.856,54.450,146.220,-140.610,26.890
1714822832866,2024-05-04T14:40:32.866,54.460,133.293,-112.683,26.402
1714822832876,2024-05-04T14:40:32.876,54.470,118.902,-71.280,31.585
1714822832886,2024-05-04T14:40:32.886,54.480,115.427,-36.341,20.061
1714822832896,2024-05-04T14:40:32.896,54.490,115.976,-9.695,7.195
1714822832906,2024-05-04T14:40:32.906,54.500,99.329,8.171,10.000
1714822832916,2024-05-04T14:40:32.916,54.510,66.646,18.232,15.976
1714822832926,2024-05-04T14:40:32.926,54.520,40.427,24.451,18.232
1714822832936,2024-05-04T14:40:32.936,54.530,21.585,24.207,13.720
1714822832946,2024-05-04T14:40:32.946,54.540,5.183,13.537,11.341
1714822832956,2024-05-04T14:40:32.956,54.550,-12.561,-2.561,15.305
1714822832966,2024-05-04T14:40:32.966,54.560,-25.549,-11.707,16.463
1714822832976,2024-05-04T14:40:32.976,54.570,-30.061,-7.988,13.537
1714822832986,2024-05-04T14:40:32.986,54.580,-35.000,0.061,9.268
1714822832996,2024-05-04T14:40:32.996,54.590,-38.963,0.915,3.659
1714822833006,2024-05-04T14:40:33.006,54.600,-39.207,-2.317,0.854
1714822833016,2024-05-04T14:40:33.016,54.610,-40.488,-2.378,-0.732
1714822833026,2024-05-04T14:40:33.026,54.620,-45.122,6.280,-1.829
1714822833036,2024-05-04T14:40:33.036,54.630,-49.207,22.561,-4.817
1714822833046,2024-05-04T14:40:33.046,54.640,-48.415,37.561,-9.756
1714822833056,2024-05-04T14:40:33.056,54.650,-44.695,43.476,-12.134
1714822833066,2024-05-04T14:40:33.066,54.660,-43.963,42.683,-13.171
1714822833076,2024-05-04T14:40:33.076,54.670,-48.537,36.890,-16.280
1714822833086,2024-05-04T14:40:33.086,54.680,-55.976,27.744,-15.610
1714822833096,2024-05-04T14:40:33.096,54.690,-60.671,24.573,-8.780
1714822833106,2024-05-04T14:40:33.106,54.700,-63.049,21.524,-5.122
1714822833116,2024-05-04T14:40:33.116,54.710,-61.890,13.354,-7.683
1714822833126,2024-05-04T14:40:33.126,54.720,-56.768,9.512,-9.207
1714822833136,2024-05-04T14:40:33.136,54.730,-52.500,12.134,-8.110
1714822833146,2024-05-04T14:40:33.146,54.740,-50.244,10.976,-6.341
1714822833156,2024-05-04T14:40:33.156,54.750,-46.280,14.024,-11.890
1714822833166,2024-05-04T14:40:33.166,54.760,-45.549,16.280,-9.390
1714822833176,2024-05-04T14:40:33.176,54.770,-47.622,25.793,2.500
1714822833186,2024-05-04T14:40:33.186,54.780,-44.390,37.134,6.707
1714822833196,2024-05-04T14:40:33.196,54.790,-37.378,31.768,1.098
1714822833206,2024-05-04T14:40:33.206,54.800,-31.280,17.683,-4.634
1714822833216,2024-05-04T14:40:33.216,54.810,-26.037,8.720,-7.988
1714822833226,2024-05-04T14:40:33.226,54.820,-24.817,11.585,-11.220
1714822833236,2024-05-04T14:40:33.236,54.830,-26.890,18.110,-13.902
1714822833246,2024-05-04T14:40:33.246,54.840,-29.512,21.220,-13.963
1714822833256,2024-05-04T14:40:33.256,54.850,-30.732,26.585,-13.415
1714822833266,2024-05-04T14:40:33.266,54.860,-32.134,34.268,-12.317
1714822833276,2024-05-04T14:40:33.276,54.870,-36.037,41.280,-9.512
1714822833286,2024-05-04T14:40:33.286,54.880,-41.402,42.988,-7.988
1714822833296,2024-05-04T14:40:33.296,54.890,-41.463,37.073,-6.829
1714822833306,2024-05-04T14:40:33.306,54.900,-34.695,18.232,-8.598
1714822833316,2024-05-04T14:40:33.316,54.910,-27.073,-8.963,-8.476
1714822833326,2024-05-04T14:40:33.326,54.920,-23.232,-29.207,-4.756
1714822833336,2024-05-04T14:40:33.336,54.930,-21.280,-35.854,-3.720
1714822833346,2024-05-04T14:40:33.346,54.940,-20.549,-31.829,-3.049
1714822833356,2024-05-04T14:40:33.356,54.950,-21.159,-19.695,-0.366
1714822833366,2024-05-04T14:40:33.366,54.960,-21.890,-2.561,0.183
1714822833376,2024-05-04T14:40:33.376,54.970,-21.220,10.244,-2.378
1714822833386,2024-05-04T14:40:33.386,54.980,-19.512,13.476,-4.268
1714822833396,2024-05-04T14:40:33.396,54.990,-18.902,9.817,-6.037
1714822833406,2024-05-04T14:40:33.406,55.000,-17.805,3.293,-8.171
1714822833416,2024-05-04T14:40:33.416,55.010,-14.634,-6.280,-7.744
1714822833426,2024-05-04T14:40:33.426,55.020,-11.402,-14.695,-5.061
1714822833436,2024-05-04T14:40:33.436,55.030,-9.329,-16.524,-2.500
1714822833446,2024-05-04T14:40:33.446,55.040,-9.207,-14.024,-1.402
1714822833456,2024-05-04T14:40:33.456,55.050,-11.220,-8.354,0.244
1714822833466,2024-05-04T14:40:33.466,55.060,-14.268,-1.341,1.341
1714822833476,2024-05-04T14:40:33.476,55.070,-15.000,3.659,1.890
1714822833486,2024-05-04T14:40:33.486,55.080,-13.354,3.659,2.805
1714822833496,2024-05-04T14:40:33.496,55.090,-10.976,-2.012,3.476
1714822833506,2024-05-04T14:40:33.506,55.100,-8.720,-10.122,4.512
1714822833516,2024-05-04T14:40:33.516,55.110,-6.037,-16.951,5.732
1714822833526,2024-05-04T14:40:33.526,55.120,-2.866,-21.463,6.402
1714822833536,2024-05-04T14:40:33.536,55.130,0.183,-23.293,6.159
1714822833546,2024-05-04T14:40:33.546,55.140,0.915,-21.098,6.524
1714822833556,2024-05-04T14:40:33.556,55.150,-1.585,-14.085,6.585
1714822833566,2024-05-04T14:40:33.566,55.160,-4.024,-6.098,6.280
1714822833576,2024-05-04T14:40:33.576,55.170,-4.512,-0.671,6.707
1714822833586,2024-05-04T14:40:33.586,55.180,-4.146,2.622,6.524
1714822833596,2024-05-04T14:40:33.596,55.190,-4.390,2.622,6.159
1714822833606,2024-05-04T14:40:33.606,55.200,-5.183,0.000,5.427
1714822833616,2024-05-04T14:40:33.616,55.210,-5.183,-4.939,4.085
1714822833626,2024-05-04T14:40:33.626,55.220,-4.207,-9.695,2.988
1714822833636,2024-05-04T14:40:33.636,55.230,-3.598,-9.695,2.561
1714822833646,2024-05-04T14:40:33.646,55.240,-3.415,-5.366,2.134
1714822833656,2024-05-04T14:40:33.656,55.250,-3.476,0.488,1.768
1714822833666,2024-05-04T14:40:33.666,55.260,-4.024,5.732,1.524
1714822833676,2024-05-04T14:40:33.676,55.270,-4.573,9.268,0.366
1714822833686,2024-05-04T14:40:33.686,55.280,-4.085,9.390,-0.915
1714822833696,2024-05-04T14:40:33.696,55.290,-4.085,8.049,-1.463
1714822833706,2024-05-04T14:40:33.706,55.300,-4.817,7.256,-1.524
1714822833716,2024-05-04T14:40:33.716,55.310,-5.671,6.890,-1.951
1714822833726,2024-05-04T14:40:33.726,55.320,-7.622,5.793,-2.927
1714822833736,2024-05-04T14:40:33.736,55.330,-7.073,4.512,-2.134
1714822833746,2024-05-04T14:40:33.746,55.340,-7.500,-0.732,-0.732
1714822833756,2024-05-04T14:40:33.756,55.350,-9.146,-5.244,-1.707
1714822833766,2024-05-04T14:40:33.766,55.360,-8.537,-7.134,-1.890
1714822833776,2024-05-04T14:40:33.776,55.370,-7.683,-6.341,-1.280
1714822833786,2024-05-04T14:40:33.786,55.380,-9.756,-4.634,-2.012
1714822833796,2024-05-04T14:40:33.796,55.390,-11.463,-4.329,-1.463
1714822833806,2024-05-04T14:40:33.806,55.400,-12.744,-2.927,0.488
1714822833816,2024-05-04T14:40:33.816,55.410,-14.329,0.854,2.378
1714822833826,2024-05-04T14:40:33.826,55.420,-12.561,4.024,3.659
1714822833836,2024-05-04T14:40:33.836,55.430,-12.500,5.305,6.524
1714822833846,2024-05-04T14:40:33.846,55.440,-16.037,6.341,8.171
1714822833856,2024-05-04T14:40:33.856,55.450,-17.683,10.915,8.049
1714822833866,2024-05-04T14:40:33.866,55.460,-16.646,15.732,8.659
1714822833876,2024-05-04T14:40:33.876,55.470,-16.707,19.024,7.805
1714822833886,2024-05-04T14:40:33.886,55.480,-15.549,18.780,7.134
1714822833896,2024-05-04T14:40:33.896,55.490,-11.951,15.427,4.634
1714822833906,2024-05-04T14:40:33.906,55.500,-11.524,15.427,1.098
1714822833916,2024-05-04T14:40:33.916,55.510,-11.037,16.159,-0.305
1714822833926,2024-05-04T14:40:33.926,55.520,-11.524,15.549,-1.951
1714822833936,2024-05-04T14:40:33.936,55.530,-14.878,12.744,-3.049
1714822833946,2024-05-04T14:40:33.946,55.540,-15.610,7.805,-3.963
1714822833956,2024-05-04T14:40:33.956,55.550,-15.671,5.488,-6.037
1714822833966,2024-05-04T14:40:33.966,55.560,-15.122,7.012,-7.317
1714822833976,2024-05-04T14:40:33.976,55.570,-10.549,7.744,-7.683
1714822833986,2024-05-04T14:40:33.986,55.580,-5.122,8.720,-8.780
1714822833996,2024-05-04T14:40:33.996,55.590,-1.341,10.122,-7.500
1714822834006,2024-05-04T14:40:34.006,55.600,3.902,7.988,-4.207
1714822834016,2024-05-04T14:40:34.016,55.610,9.085,-1.768,-0.366
1714822834026,2024-05-04T14:40:34.026,55.620,18.841,-19.817,3.537
1714822834036,2024-05-04T14:40:34.036,55.630,36.280,-37.500,10.488
1714822834046,2024-05-04T14:40:34.046,55.640,56.220,-54.817,17.500
1714822834056,2024-05-04T14:40:34.056,55.650,79.207,-76.463,17.927
1714822834066,2024-05-04T14:40:34.066,55.660,111.585,-95.183,22.134
1714822834076,2024-05-04T14:40:34.076,55.670,141.159,-111.829,29.268
1714822834086,2024-05-04T14:40:34.086,55.680,159.146,-126.098,20.183
1714822834096,2024-05-04T14:40:34.096,55.690,167.866,-133.659,4.695
1714822834106,2024-05-04T14:40:34.106,55.700,175.671,-133.659,-0.915
1714822834116,2024-05-04T14:40:34.116,55.710,178.476,-132.988,-4.573
1714822834126,2024-05-04T14:40:34.126,55.720,166.585,-137.927,-1.707
1714822834136,2024-05-04T14:40:34.136,55.730,132.622,-127.500,18.780
1714822834146,2024-05-04T14:40:34.146,55.740,106.829,-89.573,25.488
1714822834156,2024-05-04T14:40:34.156,55.750,94.512,-56.890,13.232
1714822834166,2024-05-04T14:40:34.166,55.760,98.171,-32.744,2.439
1714822834176,2024-05-04T14:40:34.176,55.770,97.073,-20.244,-1.646
1714822834186,2024-05-04T14:40:34.186,55.780,78.780,-18.171,-4.451
1714822834196,2024-05-04T14:40:34.196,55.790,56.829,-9.512,-4.817
1714822834206,2024-05-04T14:40:34.206,55.800,36.341,5.549,-2.317
1714822834216,2024-05-04T14:40:34.216,55.810,20.671,17.866,1.463
1714822834226,2024-05-04T14:40:34.226,55.820,8.293,18.902,8.720
1714822834236,2024-05-04T14:40:34.236,55.830,-2.683,16.829,13.110
1714822834246,2024-05-04T14:40:34.246,55.840,-14.024,18.110,11.890
1714822834256,2024-05-04T14:40:34.256,55.850,-22.378,16.402,7.561
1714822834266,2024-05-04T14:40:34.266,55.860,-29.390,8.720,4.146
1714822834276,2024-05-04T14:40:34.276,55.870,-36.890,10.488,3.293
1714822834286,2024-05-04T14:40:34.286,55.880,-41.890,25.549,1.768
1714822834296,2024-05-04T14:40:34.296,55.890,-42.500,39.146,-0.061
1714822834306,2024-05-04T14:40:34.306,55.900,-39.390,38.537,-3.049
1714822834316,2024-05-04T14:40:34.316,55.910,-41.890,32.439,-6.585
1714822834326,2024-05-04T14:40:34.326,55.920,-49.085,35.305,-5.671
1714822834336,2024-05-04T14:40:34.336,55.930,-53.171,46.037,-6.463
1714822834346,2024-05-04T14:40:34.346,55.940,-51.951,49.329,-10.671
1714822834356,2024-05-04T14:40:34.356,55.950,-50.549,37.195,-12.744
1714822834366,2024-05-04T14:40:34.366,55.960,-50.976,17.683,-13.049
1714822834376,2024-05-04T14:40:34.376,55.970,-54.573,2.866,-12.683
1714822834386,2024-05-04T14:40:34.386,55.980,-57.561,2.561,-12.195
1714822834396,2024-05-04T14:40:34.396,55.990,-60.183,17.195,-13.171
1714822834406,2024-05-04T14:40:34.406,56.000,-64.451,38.902,-15.854
1714822834416,2024-05-04T14:40:34.416,56.010,-68.780,60.610,-18.110
1714822834426,2024-05-04T14:40:34.426,56.020,-69.390,71.402,-19.878
1714822834436,2024-05-04T14:40:34.436,56.030,-67.622,62.805,-20.671
1714822834446,2024-05-04T14:40:34.446,56.040,-64.207,40.610,-18.780
1714822834456,2024-05-04T14:40:34.456,56.050,-60.183,10.854,-16.463
1714822834466,2024-05-04T14:40:34.466,56.060,-57.866,-17.134,-14.817
1714822834476,2024-05-04T14:40:34.476,56.070,-54.329,-34.939,-12.988
1714822834486,2024-05-04T14:40:34.486,56.080,-46.159,-35.305,-11.890
1714822834496,2024-05-04T14:40:34.496,56.090,-41.463,-24.207,-9.451
1714822834506,2024-05-04T14:40:34.506,56.100,-43.232,-7.195,-7.683
1714822834516,2024-05-04T14:40:34.516,56.110,-43.598,15.305,-8.598
1714822834526,2024-05-04T14:40:34.526,56.120,-41.707,36.951,-10.183
1714822834536,2024-05-04T14:40:34.536,56.130,-42.256,52.744,-11.829
1714822834546,2024-05-04T14:40:34.546,56.140,-42.317,57.866,-12.256
1714822834556,2024-05-04T14:40:34.556,56.150,-38.963,50.061,-11.890
1714822834566,2024-05-04T14:40:34.566,56.160,-33.293,34.878,-11.829
1714822834576,2024-05-04T14:40:34.576,56.170,-26.524,16.402,-10.671
1714822834586,2024-05-04T14:40:34.586,56.180,-19.756,0.366,-9.939
1714822834596,2024-05-04T14:40:34.596,56.190,-15.488,-6.951,-10.244
1714822834606,2024-05-04T14:40:34.606,56.200,-15.732,-5.000,-9.024
1714822834616,2024-05-04T14:40:34.616,56.210,-19.878,3.415,-6.890
1714822834626,2024-05-04T14:40:34.626,56.220,-23.659,16.341,-4.756
1714822834636,2024-05-04T14:40:34.636,56.230,-23.293,32.561,-4.512
1714822834646,2024-05-04T14:40:34.646,56.240,-19.512,42.683,-7.561
1714822834656,2024-05-04T14:40:34.656,56.250,-16.890,37.805,-9.695
1714822834666,2024-05-04T14:40:34.666,56.260,-15.000,21.768,-7.561
1714822834676,2024-05-04T14:40:34.676,56.270,-11.463,3.171,-5.366
1714822834686,2024-05-04T14:40:34.686,56.280,-5.427,-13.537,-4.329
1714822834696,2024-05-04T14:40:34.696,56.290,-0.305,-22.927,-3.598
1714822834706,2024-05-04T14:40:34.706,56.300,-0.244,-23.232,-3.049
1714822834716,2024-05-04T14:40:34.716,56.310,-2.805,-16.159,-1.768
1714822834726,2024-05-04T14:40:34.726,56.320,-4.390,-5.976,-0.183
1714822834736,2024-05-04T14:40:34.736,56.330,-4.268,3.171,0.000
1714822834746,2024-05-04T14:40:34.746,56.340,-2.622,9.207,-0.061
1714822834756,2024-05-04T14:40:34.756,56.350,-0.488,10.183,0.183
1714822834766,2024-05-04T14:40:34.766,56.360,0.915,4.390,1.220
1714822834776,2024-05-04T14:40:34.776,56.370,1.402,-7.927,2.134
1714822834786,2024-05-04T14:40:34.786,56.380,2.561,-21.890,2.683
1714822834796,2024-05-04T14:40:34.796,56.390,4.390,-31.951,2.866
1714822834806,2024-05-04T14:40:34.806,56.400,6.463,-32.866,2.256
1714822834816,2024-05-04T14:40:34.816,56.410,7.256,-25.793,2.256
1714822834826,2024-05-04T14:40:34.826,56.420,5.122,-14.451,1.646
1714822834836,2024-05-04T14:40:34.836,56.430,2.134,-3.293,0.976
1714822834846,2024-05-04T14:40:34.846,56.440,0.244,2.195,1.585
1714822834856,2024-05-04T14:40:34.856,56.450,0.061,2.500,2.012
1714822834866,2024-05-04T14:40:34.866,56.460,1.159,0.305,1.341
1714822834876,2024-05-04T14:40:34.876,56.470,2.744,-2.622,0.610
1714822834886,2024-05-04T14:40:34.886,56.480,3.963,-5.915,0.427
1714822834896,2024-05-04T14:40:34.896,56.490,4.085,-12.805,0.793
1714822834906,2024-05-04T14:40:34.906,56.500,4.512,-21.707,2.073
1714822834916,2024-05-04T14:40:34.916,56.510,5.305,-28.841,2.378
1714822834926,2024-05-04T14:40:34.926,56.520,5.915,-30.122,2.378
1714822834936,2024-05-04T14:40:34.936,56.530,4.817,-25.061,3.476
1714822834946,2024-05-04T14:40:34.946,56.540,3.049,-18.110,4.695
1714822834956,2024-05-04T14:40:34.956,56.550,2.073,-13.232,5.427
1714822834966,2024-05-04T14:40:34.966,56.560,2.927,-11.890,6.402
1714822834976,2024-05-04T14:40:34.976,56.570,4.329,-15.183,7.805
1714822834986,2024-05-04T14:40:34.986,56.580,4.878,-20.793,9.573
1714822834996,2024-05-04T14:40:34.996,56.590,4.512,-27.195,10.732
1714822835006,2024-05-04T14:40:35.006,56.600,4.085,-32.683,10.732
1714822835016,2024-05-04T14:40:35.016,56.610,4.573,-35.427,10.854
1714822835026,2024-05-04T14:40:35.026,56.620,4.878,-34.390,10.793
1714822835036,2024-05-04T14:40:35.036,56.630,4.451,-30.732,10.793
1714822835046,2024-05-04T14:40:35.046,56.640,2.927,-27.195,11.707
1714822835056,2024-05-04T14:40:35.056,56.650,1.037,-24.817,12.134
1714822835066,2024-05-04T14:40:35.066,56.660,-1.646,-21.951,12.134
1714822835076,2024-05-04T14:40:35.076,56.670,-4.451,-16.707,13.841
1714822835086,2024-05-04T14:40:35.086,56.680,-7.256,-11.280,15.915
1714822835096,2024-05-04T14:40:35.096,56.690,-10.305,-6.341,17.195
1714822835106,2024-05-04T14:40:35.106,56.700,-13.171,-0.305,18.293
1714822835116,2024-05-04T14:40:35.116,56.710,-16.037,7.561,19.634
1714822835126,2024-05-04T14:40:35.126,56.720,-18.354,16.341,22.561
1714822835136,2024-05-04T14:40:35.136,56.730,-17.439,23.354,24.207
1714822835146,2024-05-04T14:40:35.146,56.740,-16.341,29.024,19.268
1714822835156,2024-05-04T14:40:35.156,56.750,-17.561,37.317,16.098
1714822835166,2024-05-04T14:40:35.166,56.760,-21.585,47.988,16.768
1714822835176,2024-05-04T14:40:35.176,56.770,-26.159,58.354,7.012
1714822835186,2024-05-04T14:40:35.186,56.780,-25.244,69.878,1.707
1714822835196,2024-05-04T14:40:35.196,56.790,-15.671,83.110,3.598
1714822835206,2024-05-04T14:40:35.206,56.800,-3.841,87.439,4.451
1714822835216,2024-05-04T14:40:35.216,56.810,4.573,63.720,5.671
1714822835226,2024-05-04T14:40:35.226,56.820,16.524,25.427,13.598
1714822835236,2024-05-04T14:40:35.236,56.830,45.976,-7.378,15.244
1714822835246,2024-05-04T14:40:35.246,56.840,92.012,-25.549,7.683
1714822835256,2024-05-04T14:40:35.256,56.850,142.622,-40.061,17.439
1714822835266,2024-05-04T14:40:35.266,56.860,184.329,-62.561,26.951
1714822835276,2024-05-04T14:40:35.276,56.870,200.549,-81.524,17.439
1714822835286,2024-05-04T14:40:35.286,56.880,191.829,-83.049,4.085
1714822835296,2024-05-04T14:40:35.296,56.890,174.024,-63.415,-9.329
1714822835306,2024-05-04T14:40:35.306,56.900,166.037,-26.707,-19.329
1714822835316,2024-05-04T14:40:35.316,56.910,148.598,1.768,-1.585
1714822835326,2024-05-04T14:40:35.326,56.920,113.963,4.024,10.305
1714822835336,2024-05-04T14:40:35.336,56.930,87.439,-10.915,-7.744
1714822835346,2024-05-04T14:40:35.346,56.940,95.854,-14.817,-20.427
1714822835356,2024-05-04T14:40:35.356,56.950,100.915,-3.415,-23.963
1714822835366,2024-05-04T14:40:35.366,56.960,88.171,20.732,-17.866
1714822835376,2024-05-04T14:40:35.376,56.970,62.134,41.341,-10.915
1714822835386,2024-05-04T14:40:35.386,56.980,32.805,54.878,-4.085
1714822835396,2024-05-04T14:40:35.396,56.990,13.354,50.061,3.232
1714822835406,2024-05-04T14:40:35.406,57.000,0.671,28.293,5.671
1714822835416,2024-05-04T14:40:35.416,57.010,-12.866,5.305,6.341
1714822835426,2024-05-04T14:40:35.426,57.020,-25.610,-8.780,6.037
1714822835436,2024-05-04T14:40:35.436,57.030,-35.244,-12.683,5.122
1714822835446,2024-05-04T14:40:35.446,57.040,-41.159,-14.695,4.024
1714822835456,2024-05-04T14:40:35.456,57.050,-42.500,-16.463,1.768
1714822835466,2024-05-04T14:40:35.466,57.060,-41.402,-14.573,-0.915
1714822835476,2024-05-04T14:40:35.476,57.070,-43.841,-8.780,-3.598
1714822835486,2024-05-04T14:40:35.486,57.080,-49.207,1.646,-4.695
1714822835496,2024-05-04T14:40:35.496,57.090,-49.024,12.378,-6.037
1714822835506,2024-05-04T14:40:35.506,57.100,-44.268,17.134,-10.793
1714822835516,2024-05-04T14:40:35.516,57.110,-42.744,13.049,-12.500
1714822835526,2024-05-04T14:40:35.526,57.120,-47.500,2.805,-9.390
1714822835536,2024-05-04T14:40:35.536,57.130,-54.207,-5.549,-8.110
1714822835546,2024-05-04T14:40:35.546,57.140,-59.329,-5.671,-10.000
1714822835556,2024-05-04T14:40:35.556,57.150,-63.049,3.476,-12.561
1714822835566,2024-05-04T14:40:35.566,57.160,-60.549,16.341,-12.378
1714822835576,2024-05-04T14:40:35.576,57.170,-49.085,18.720,-9.634
1714822835586,2024-05-04T14:40:35.586,57.180,-36.098,3.049,-6.524
1714822835596,2024-05-04T14:40:35.596,57.190,-32.073,-21.037,-6.402
1714822835606,2024-05-04T14:40:35.606,57.200,-35.122,-35.671,-8.780
1714822835616,2024-05-04T14:40:35.616,57.210,-38.598,-33.049,-9.329
1714822835626,2024-05-04T14:40:35.626,57.220,-42.073,-18.049,-9.817
1714822835636,2024-05-04T14:40:35.636,57.230,-45.488,0.305,-10.122
1714822835646,2024-05-04T14:40:35.646,57.240,-48.171,14.695,-9.268
1714822835656,2024-05-04T14:40:35.656,57.250,-47.988,17.256,-8.963
1714822835666,2024-05-04T14:40:35.666,57.260,-45.183,8.415,-7.866
1714822835676,2024-05-04T14:40:35.676,57.270,-41.768,-5.061,-6.341
1714822835686,2024-05-04T14:40:35.686,57.280,-39.939,-18.659,-6.829
1714822835696,2024-05-04T14:40:35.696,57.290,-39.146,-25.732,-6.829
1714822835706,2024-05-04T14:40:35.706,57.300,-38.720,-22.561,-5.305
1714822835716,2024-05-04T14:40:35.716,57.310,-38.598,-13.598,-4.085
1714822835726,2024-05-04T14:40:35.726,57.320,-38.110,-5.488,-4.146
1714822835736,2024-05-04T14:40:35.736,57.330,-37.744,-3.171,-5.244
1714822835746,2024-05-04T14:40:35.746,57.340,-35.061,-1.829,-5.854
1714822835756,2024-05-04T14:40:35.756,57.350,-28.476,1.768,-7.561
1714822835766,2024-05-04T14:40:35.766,57.360,-24.451,-0.732,-8.171
1714822835776,2024-05-04T14:40:35.776,57.370,-23.354,-10.366,-7.744
1714822835786,2024-05-04T14:40:35.786,57.380,-20.915,-21.890,-7.500
1714822835796,2024-05-04T14:40:35.796,57.390,-17.622,-27.500,-5.061
1714822835806,2024-05-04T14:40:35.806,57.400,-16.524,-23.171,-2.073
1714822835816,2024-05-04T14:40:35.816,57.410,-18.902,-13.293,-1.463
1714822835826,2024-05-04T14:40:35.826,57.420,-21.159,-0.610,-1.220
1714822835836,2024-05-04T14:40:35.836,57.430,-20.061,10.793,-2.561
1714822835846,2024-05-04T14:40:35.846,57.440,-16.220,13.780,-6.037
1714822835856,2024-05-04T14:40:35.856,57.450,-11.341,9.878,-7.927
1714822835866,2024-05-04T14:40:35.866,57.460,-7.805,0.061,-6.585
1714822835876,2024-05-04T14:40:35.876,57.470,-7.378,-10.061,-2.500
1714822835886,2024-05-04T14:40:35.886,57.480,-7.439,-15.915,-1.037
1714822835896,2024-05-04T14:40:35.896,57.490,-6.585,-17.195,-1.707
1714822835906,2024-05-04T14:40:35.906,57.500,-5.061,-12.317,-0.244
1714822835916,2024-05-04T14:40:35.916,57.510,-4.207,-4.146,0.366
1714822835926,2024-05-04T14:40:35.926,57.520,-3.841,3.110,-0.915
1714822835936,2024-05-04T14:40:35.936,57.530,-4.573,6.098,-1.585
1714822835946,2024-05-04T14:40:35.946,57.540,-5.366,4.451,-2.561
1714822835956,2024-05-04T14:40:35.956,57.550,-5.488,1.341,-2.561
1714822835966,2024-05-04T14:40:35.966,57.560,-6.280,-2.134,-1.280
1714822835976,2024-05-04T14:40:35.976,57.570,-5.793,-4.451,1.159
1714822835986,2024-05-04T14:40:35.986,57.580,-3.598,-5.122,1.585
1714822835996,2024-05-04T14:40:35.996,57.590,-0.549,-3.293,0.061
1714822836006,2024-05-04T14:40:36.006,57.600,2.073,1.524,-0.732
1714822836016,2024-05-04T14:40:36.016,57.610,3.049,6.951,-0.854
1714822836026,2024-05-04T14:40:36.026,57.620,1.402,7.805,-0.488
1714822836036,2024-05-04T14:40:36.036,57.630,-0.427,1.890,-0.427
1714822836046,2024-05-04T14:40:36.046,57.640,-0.793,-5.488,0.427
1714822836056,2024-05-04T14:40:36.056,57.650,0.793,-9.207,1.890
1714822836066,2024-05-04T14:40:36.066,57.660,1.707,-9.634,1.829
1714822836076,2024-05-04T14:40:36.076,57.670,0.854,-8.049,1.646
1714822836086,2024-05-04T14:40:36.086,57.680,-0.610,-3.963,0.976
1714822836096,2024-05-04T14:40:36.096,57.690,-0.854,0.549,0.305
1714822836106,2024-05-04T14:40:36.106,57.700,0.488,2.317,0.610
1714822836116,2024-05-04T14:40:36.116,57.710,0.976,1.402,0.793
1714822836126,2024-05-04T14:40:36.126,57.720,-0.183,0.549,1.037
1714822836136,2024-05-04T14:40:36.136,57.730,-2.134,0.488,1.890
1714822836146,2024-05-04T14:40:36.146,57.740,-3.476,-0.427,2.195
1714822836156,2024-05-04T14:40:36.156,57.750,-3.598,-0.976,1.951
1714822836166,2024-05-04T14:40:36.166,57.760,-2.805,0.671,1.280
1714822836176,2024-05-04T14:40:36.176,57.770,-1.646,4.512,0.305
1714822836186,2024-05-04T14:40:36.186,57.780,-0.549,7.195,0.122
1714822836196,2024-05-04T14:40:36.196,57.790,-1.159,5.976,0.366
1714822836206,2024-05-04T14:40:36.206,57.800,-2.561,1.402,0.732
1714822836216,2024-05-04T14:40:36.216,57.810,-2.439,-3.354,1.280
1714822836226,2024-05-04T14:40:36.226,57.820,-0.915,-5.549,2.073
1714822836236,2024-05-04T14:40:36.236,57.830,0.793,-4.512,1.951
1714822836246,2024-05-04T14:40:36.246,57.840,1.463,-1.951,1.707
1714822836256,2024-05-04T14:40:36.256,57.850,0.976,0.793,1.707
1714822836266,2024-05-04T14:40:36.266,57.860,-0.305,2.744,0.854
1714822836276,2024-05-04T14:40:36.276,57.870,-1.463,3.476,0.427
1714822836286,2024-05-04T14:40:36.286,57.880,-1.707,3.537,1.098
1714822836296,2024-05-04T14:40:36.296,57.890,-1.829,2.561,1.951
1714822836306,2024-05-04T14:40:36.306,57.900,-2.561,3.293,2.317
1714822836316,2024-05-04T14:40:36.316,57.910,-3.415,6.646,1.829
1714822836326,2024-05-04T14:40:36.326,57.920,-3.598,10.793,1.768
1714822836336,2024-05-04T14:40:36.336,57.930,-2.927,14.024,2.195
1714822836346,2024-05-04T14:40:36.346,57.940,-3.476,15.488,2.927
1714822836356,2024-05-04T14:40:36.356,57.950,-4.817,16.159,3.902
1714822836366,2024-05-04T14:40:36.366,57.960,-6.037,16.951,6.220
1714822836376,2024-05-04T14:40:36.376,57.970,-9.146,20.976,7.439
1714822836386,2024-05-04T14:40:36.386,57.980,-12.744,29.695,7.744
1714822836396,2024-05-04T14:40:36.396,57.990,-15.122,36.890,9.085
1714822836406,2024-05-04T14:40:36.406,58.000,-17.988,42.439,10.305
1714822836416,2024-05-04T14:40:36.416,58.010,-21.585,47.866,10.305
1714822836426,2024-05-04T14:40:36.426,58.020,-23.963,54.573,8.720
1714822836436,2024-05-04T14:40:36.436,58.030,-26.159,62.073,6.524
1714822836446,2024-05-04T14:40:36.446,58.040,-27.317,69.634,7.744
1714822836456,2024-05-04T14:40:36.456,58.050,-23.049,65.427,12.195
1714822836466,2024-05-04T14:40:36.466,58.060,-20.427,51.768,6.951
1714822836476,2024-05-04T14:40:36.476,58.070,-20.366,39.939,-3.110
1714822836486,2024-05-04T14:40:36.486,58.080,-23.780,35.366,-5.915
1714822836496,2024-05-04T14:40:36.496,58.090,-27.805,30.488,-13.049
1714822836506,2024-05-04T14:40:36.506,58.100,-27.195,23.841,-18.476
1714822836516,2024-05-04T14:40:36.516,58.110,-23.902,15.976,-13.537
1714822836526,2024-05-04T14:40:36.526,58.120,-19.695,10.732,-7.988
1714822836536,2024-05-04T14:40:36.536,58.130,-14.512,8.415,-8.293
1714822836546,2024-05-04T14:40:36.546,58.140,-1.646,6.768,-12.195
1714822836556,2024-05-04T14:40:36.556,58.150,16.646,0.183,-12.378
1714822836566,2024-05-04T14:40:36.566,58.160,37.012,-16.402,-5.061
1714822836576,2024-05-04T14:40:36.576,58.170,63.171,-36.646,11.280
1714822836586,2024-05-04T14:40:36.586,58.180,90.793,-45.244,32.866
1714822836596,2024-05-04T14:40:36.596,58.190,122.927,-50.061,36.890
1714822836606,2024-05-04T14:40:36.606,58.200,162.622,-52.622,41.220
1714822836616,2024-05-04T14:40:36.616,58.210,179.756,-59.085,47.378
1714822836626,2024-05-04T14:40:36.626,58.220,190.549,-77.866,43.902
1714822836636,2024-05-04T14:40:36.636,58.230,193.902,-106.707,24.512
1714822836646,2024-05-04T14:40:36.646,58.240,169.085,-139.268,10.000
1714822836656,2024-05-04T14:40:36.656,58.250,145.915,-142.073,15.000
1714822836666,2024-05-04T14:40:36.666,58.260,129.207,-104.756,14.085
1714822836676,2024-05-04T14:40:36.676,58.270,108.780,-67.378,26.768
1714822836686,2024-05-04T14:40:36.686,58.280,108.902,-51.768,12.378
1714822836696,2024-05-04T14:40:36.696,58.290,128.049,-45.000,-11.585
1714822836706,2024-05-04T14:40:36.706,58.300,112.927,-24.329,-0.854
1714822836716,2024-05-04T14:40:36.716,58.310,77.683,12.988,2.561
1714822836726,2024-05-04T14:40:36.726,58.320,53.415,39.207,3.841
1714822836736,2024-05-04T14:40:36.736,58.330,35.122,36.402,9.634
1714822836746,2024-05-04T14:40:36.746,58.340,16.098,20.427,14.390
1714822836756,2024-05-04T14:40:36.756,58.350,-3.963,5.976,16.037
1714822836766,2024-05-04T14:40:36.766,58.360,-20.488,-8.232,16.463
1714822836776,2024-05-04T14:40:36.776,58.370,-32.317,-20.549,13.902
1714822836786,2024-05-04T14:40:36.786,58.380,-39.756,-25.427,8.841
1714822836796,2024-05-04T14:40:36.796,58.390,-44.329,-24.817,3.293
1714822836806,2024-05-04T14:40:36.806,58.400,-44.146,-21.159,-2.744
1714822836816,2024-05-04T14:40:36.816,58.410,-41.707,-13.110,-7.500
1714822836826,2024-05-04T14:40:36.826,58.420,-42.561,-0.793,-12.622
1714822836836,2024-05-04T14:40:36.836,58.430,-41.951,15.427,-16.829
1714822836846,2024-05-04T14:40:36.846,58.440,-40.488,27.988,-19.085
1714822836856,2024-05-04T14:40:36.856,58.450,-39.634,34.634,-20.183
1714822836866,2024-05-04T14:40:36.866,58.460,-40.976,33.902,-20.915
1714822836876,2024-05-04T14:40:36.876,58.470,-45.305,33.476,-21.890
1714822836886,2024-05-04T14:40:36.886,58.480,-50.305,35.732,-22.622
1714822836896,2024-05-04T14:40:36.896,58.490,-57.622,36.707,-21.951
1714822836906,2024-05-04T14:40:36.906,58.500,-68.110,35.122,-19.268
1714822836916,2024-05-04T14:40:36.916,58.510,-76.402,30.549,-16.524
1714822836926,2024-05-04T14:40:36.926,58.520,-80.793,28.780,-14.817
1714822836936,2024-05-04T14:40:36.936,58.530,-83.049,31.402,-13.841
1714822836946,2024-05-04T14:40:36.946,58.540,-84.268,32.500,-13.841
1714822836956,2024-05-04T14:40:36.956,58.550,-82.439,28.293,-14.268
1714822836966,2024-05-04T14:40:36.966,58.560,-74.573,22.805,-12.195
1714822836976,2024-05-04T14:40:36.976,58.570,-59.207,25.549,-11.037
1714822836986,2024-05-04T14:40:36.986,58.580,-43.415,32.866,-4.390
1714822836996,2024-05-04T14:40:36.996,58.590,-34.329,32.500,1.951
1714822837006,2024-05-04T14:40:37.006,58.600,-31.098,15.366,0.000
1714822837016,2024-05-04T14:40:37.016,58.610,-32.988,-2.683,-9.634
1714822837026,2024-05-04T14:40:37.026,58.620,-35.549,-3.537,-15.427
1714822837036,2024-05-04T14:40:37.036,58.630,-35.427,2.744,-12.988
1714822837046,2024-05-04T14:40:37.046,58.640,-29.634,6.341,-12.744
1714822837056,2024-05-04T14:40:37.056,58.650,-20.976,-2.012,-11.098
1714822837066,2024-05-04T14:40:37.066,58.660,-22.073,-9.878,-5.854
1714822837076,2024-05-04T14:40:37.076,58.670,-27.866,-6.829,-3.171
1714822837086,2024-05-04T14:40:37.086,58.680,-28.415,3.476,-4.451
1714822837096,2024-05-04T14:40:37.096,58.690,-27.317,9.756,-3.049
1714822837106,2024-05-04T14:40:37.106,58.700,-27.561,10.549,0.183
1714822837116,2024-05-04T14:40:37.116,58.710,-27.195,6.463,0.244
1714822837126,2024-05-04T14:40:37.126,58.720,-23.293,-1.890,-1.220
1714822837136,2024-05-04T14:40:37.136,58.730,-17.195,-8.415,-1.341
1714822837146,2024-05-04T14:40:37.146,58.740,-12.744,-8.171,-2.012
1714822837156,2024-05-04T14:40:37.156,58.750,-10.732,-3.598,-3.354
1714822837166,2024-05-04T14:40:37.166,58.760,-10.488,1.037,-3.110
1714822837176,2024-05-04T14:40:37.176,58.770,-12.561,3.415,-1.402
1714822837186,2024-05-04T14:40:37.186,58.780,-14.878,3.049,-0.366
1714822837196,2024-05-04T14:40:37.196,58.790,-15.366,2.622,0.305
1714822837206,2024-05-04T14:40:37.206,58.800,-14.939,5.854,0.610
1714822837216,2024-05-04T14:40:37.216,58.810,-14.878,11.280,0.427
1714822837226,2024-05-04T14:40:37.226,58.820,-14.268,12.988,-0.122
1714822837236,2024-05-04T14:40:37.236,58.830,-11.890,6.402,-0.122
1714822837246,2024-05-04T14:40:37.246,58.840,-7.622,-4.207,1.159
1714822837256,2024-05-04T14:40:37.256,58.850,-3.841,-15.427,0.610
1714822837266,2024-05-04T14:40:37.266,58.860,-0.854,-23.110,-0.427
1714822837276,2024-05-04T14:40:37.276,58.870,0.549,-23.110,0.000
1714822837286,2024-05-04T14:40:37.286,58.880,-0.122,-14.695,-0.244
1714822837296,2024-05-04T14:40:37.296,58.890,-1.951,-3.171,-0.244
1714822837306,2024-05-04T14:40:37.306,58.900,-4.390,5.427,0.671
1714822837316,2024-05-04T14:40:37.316,58.910,-6.159,8.963,0.854
1714822837326,2024-05-04T14:40:37.326,58.920,-6.524,7.561,1.585
1714822837336,2024-05-04T14:40:37.336,58.930,-6.159,1.463,1.768
1714822837346,2024-05-04T14:40:37.346,58.940,-4.329,-6.524,1.220
1714822837356,2024-05-04T14:40:37.356,58.950,-1.707,-12.988,0.793
1714822837366,2024-05-04T14:40:37.366,58.960,1.037,-15.427,0.427
1714822837376,2024-05-04T14:40:37.376,58.970,2.622,-13.598,0.183
1714822837386,2024-05-04T14:40:37.386,58.980,1.463,-8.171,0.061
1714822837396,2024-05-04T14:40:37.396,58.990,-1.768,-0.061,0.183
1714822837406,2024-05-04T14:40:37.406,59.000,-3.659,7.134,-0.427
1714822837416,2024-05-04T14:40:37.416,59.010,-3.720,10.671,0.244
1714822837426,2024-05-04T14:40:37.426,59.020,-2.683,10.610,0.549
1714822837436,2024-05-04T14:40:37.436,59.030,-1.220,7.195,-0.793
1714822837446,2024-05-04T14:40:37.446,59.040,1.341,3.598,-1.280
1714822837456,2024-05-04T14:40:37.456,59.050,3.659,1.098,-1.585
1714822837466,2024-05-04T14:40:37.466,59.060,4.329,-0.854,-1.585
1714822837476,2024-05-04T14:40:37.476,59.070,2.927,-2.073,-0.366
1714822837486,2024-05-04T14:40:37.486,59.080,1.463,-2.195,0.976
1714822837496,2024-05-04T14:40:37.496,59.090,1.463,0.183,1.402
1714822837506,2024-05-04T14:40:37.506,59.100,1.159,3.841,1.402
1714822837516,2024-05-04T14:40:37.516,59.110,0.122,7.195,1.463
1714822837526,2024-05-04T14:40:37.526,59.120,-0.122,9.634,1.280
1714822837536,2024-05-04T14:40:37.536,59.130,-0.427,11.220,0.549
1714822837546,2024-05-04T14:40:37.546,59.140,-1.585,11.768,-0.244
1714822837556,2024-05-04T14:40:37.556,59.150,-1.951,11.098,-0.610
1714822837566,2024-05-04T14:40:37.566,59.160,-1.768,11.707,-0.549
1714822837576,2024-05-04T14:40:37.576,59.170,-0.854,13.963,1.220
1714822837586,2024-05-04T14:40:37.586,59.180,-0.671,14.573,2.012
1714822837596,2024-05-04T14:40:37.596,59.190,-5.732,15.122,2.134
1714822837606,2024-05-04T14:40:37.606,59.200,-15.183,16.585,2.927
1714822837616,2024-05-04T14:40:37.616,59.210,-20.610,17.988,2.744
1714822837626,2024-05-04T14:40:37.626,59.220,-26.220,22.988,5.671
1714822837636,2024-05-04T14:40:37.636,59.230,-34.329,28.415,9.756
1714822837646,2024-05-04T14:40:37.646,59.240,-44.817,25.488,12.744
1714822837656,2024-05-04T14:40:37.656,59.250,-54.939,20.244,9.695
1714822837666,2024-05-04T14:40:37.666,59.260,-57.927,20.305,4.573
1714822837676,2024-05-04T14:40:37.676,59.270,-51.159,25.854,-0.732
1714822837686,2024-05-04T14:40:37.686,59.280,-40.549,28.720,-1.524
1714822837696,2024-05-04T14:40:37.696,59.290,-34.390,23.841,-1.829
1714822837706,2024-05-04T14:40:37.706,59.300,-35.122,21.524,-2.439
1714822837716,2024-05-04T14:40:37.716,59.310,-30.793,29.939,-1.220
1714822837726,2024-05-04T14:40:37.726,59.320,-19.939,40.732,-0.244
1714822837736,2024-05-04T14:40:37.736,59.330,-5.244,43.841,2.805
1714822837746,2024-05-04T14:40:37.746,59.340,9.512,35.244,5.244
1714822837756,2024-05-04T14:40:37.756,59.350,30.427,21.037,11.280
1714822837766,2024-05-04T14:40:37.766,59.360,62.317,9.451,26.341
1714822837776,2024-05-04T14:40:37.776,59.370,97.317,-3.963,38.902
1714822837786,2024-05-04T14:40:37.786,59.380,131.098,-15.183,43.110
1714822837796,2024-05-04T14:40:37.796,59.390,157.439,-20.122,44.207
1714822837806,2024-05-04T14:40:37.806,59.400,169.451,-35.976,46.402
1714822837816,2024-05-04T14:40:37.816,59.410,175.671,-65.915,40.061
1714822837826,2024-05-04T14:40:37.826,59.420,174.268,-91.951,20.793
1714822837836,2024-05-04T14:40:37.836,59.430,149.817,-106.341,5.549
1714822837846,2024-05-04T14:40:37.846,59.440,130.183,-101.524,8.537
1714822837856,2024-05-04T14:40:37.856,59.450,117.866,-69.024,9.146
1714822837866,2024-05-04T14:40:37.866,59.460,111.890,-32.683,9.939
1714822837876,2024-05-04T14:40:37.876,59.470,113.720,-15.305,31.890
1714822837886,2024-05-04T14:40:37.886,59.480,113.720,-19.939,14.756
1714822837896,2024-05-04T14:40:37.896,59.490,110.549,-22.195,-8.415
1714822837906,2024-05-04T14:40:37.906,59.500,84.390,-7.988,0.061
1714822837916,2024-05-04T14:40:37.916,59.510,48.902,18.963,6.951
1714822837926,2024-05-04T14:40:37.926,59.520,26.463,51.768,8.354
1714822837936,2024-05-04T14:40:37.936,59.530,10.061,63.659,7.439
1714822837946,2024-05-04T14:40:37.946,59.540,-8.598,46.768,10.427
1714822837956,2024-05-04T14:40:37.956,59.550,-29.451,26.524,14.512
1714822837966,2024-05-04T14:40:37.966,59.560,-46.098,13.293,12.866
1714822837976,2024-05-04T14:40:37.976,59.570,-58.537,0.671,10.854
1714822837986,2024-05-04T14:40:37.986,59.580,-71.402,-12.256,6.951
1714822837996,2024-05-04T14:40:37.996,59.590,-81.463,-23.415,-0.976
1714822838006,2024-05-04T14:40:38.006,59.600,-80.244,-31.707,-8.841
1714822838016,2024-05-04T14:40:38.016,59.610,-69.817,-34.512,-14.512
1714822838026,2024-05-04T14:40:38.026,59.620,-58.598,-29.146,-18.415
1714822838036,2024-05-04T14:40:38.036,59.630,-52.866,-17.500,-22.927
1714822838046,2024-05-04T14:40:38.046,59.640,-51.890,-1.220,-24.146
1714822838056,2024-05-04T14:40:38.056,59.650,-54.451,19.024,-21.768
1714822838066,2024-05-04T14:40:38.066,59.660,-59.329,42.073,-20.732
1714822838076,2024-05-04T14:40:38.076,59.670,-66.341,58.902,-23.110
1714822838086,2024-05-04T14:40:38.086,59.680,-74.634,59.146,-26.829
1714822838096,2024-05-04T14:40:38.096,59.690,-81.524,41.098,-28.780
1714822838106,2024-05-04T14:40:38.106,59.700,-81.524,15.122,-25.671
1714822838116,2024-05-04T14:40:38.116,59.710,-74.695,-4.573,-18.902
1714822838126,2024-05-04T14:40:38.126,59.720,-64.024,-12.622,-15.610
1714822838136,2024-05-04T14:40:38.136,59.730,-56.585,-14.451,-14.878
1714822838146,2024-05-04T14:40:38.146,59.740,-49.512,-16.280,-14.756
1714822838156,2024-05-04T14:40:38.156,59.750,-42.195,-21.280,-15.427
1714822838166,2024-05-04T14:40:38.166,59.760,-28.841,-21.098,-11.951
1714822838176,2024-05-04T14:40:38.176,59.770,-13.415,-10.183,-9.451
1714822838186,2024-05-04T14:40:38.186,59.780,-9.451,-0.732,-4.390
1714822838196,2024-05-04T14:40:38.196,59.790,-9.878,5.183,-5.488
1714822838206,2024-05-04T14:40:38.206,59.800,-12.805,12.561,-10.000
1714822838216,2024-05-04T14:40:38.216,59.810,-17.622,21.585,-9.329
1714822838226,2024-05-04T14:40:38.226,59.820,-20.122,29.085,-7.744
1714822838236,2024-05-04T14:40:38.236,59.830,-20.915,31.951,-6.890
1714822838246,2024-05-04T14:40:38.246,59.840,-18.841,29.390,-4.817
1714822838256,2024-05-04T14:40:38.256,59.850,-16.646,16.829,-6.585
1714822838266,2024-05-04T14:40:38.266,59.860,-20.549,1.037,-4.817
1714822838276,2024-05-04T14:40:38.276,59.870,-21.768,-7.805,-0.854
1714822838286,2024-05-04T14:40:38.286,59.880,-19.207,-14.390,2.256
1714822838296,2024-05-04T14:40:38.296,59.890,-16.402,-19.085,2.683
1714822838306,2024-05-04T14:40:38.306,59.900,-14.634,-19.329,0.671
1714822838316,2024-05-04T14:40:38.316,59.910,-11.829,-13.720,0.732
1714822838326,2024-05-04T14:40:38.326,59.920,-8.780,-5.610,2.439
1714822838336,2024-05-04T14:40:38.336,59.930,-7.500,-0.122,2.134
1714822838346,2024-05-04T14:40:38.346,59.940,-6.707,2.256,0.915
1714822838356,2024-05-04T14:40:38.356,59.950,-5.244,3.780,-0.061
1714822838366,2024-05-04T14:40:38.366,59.960,-4.207,3.354,-0.732
1714822838376,2024-05-04T14:40:38.376,59.970,-2.683,-0.427,-0.244
1714822838386,2024-05-04T14:40:38.386,59.980,-0.549,-6.829,0.305
1714822838396,2024-05-04T14:40:38.396,59.990,0.976,-12.012,0.366
1714822838406,2024-05-04T14:40:38.406,60.000,1.098,-11.341,0.915
1714822838416,2024-05-04T14:40:38.416,60.010,-0.122,-6.524,2.073
1714822838426,2024-05-04T14:40:38.426,60.020,-2.134,-1.951,3.537
1714822838436,2024-05-04T14:40:38.436,60.030,-4.085,-0.366,4.207
1714822838446,2024-05-04T14:40:38.446,60.040,-4.329,-0.427,4.451
1714822838456,2024-05-04T14:40:38.456,60.050,-3.049,-0.061,4.329
1714822838466,2024-05-04T14:40:38.466,60.060,-1.280,-0.488,3.354
1714822838476,2024-05-04T14:40:38.476,60.070,0.610,-1.829,2.622
1714822838486,2024-05-04T14:40:38.486,60.080,1.341,-3.963,1.463
1714822838496,2024-05-04T14:40:38.496,60.090,0.671,-6.585,0.061
1714822838506,2024-05-04T14:40:38.506,60.100,-0.244,-6.280,-0.976
1714822838516,2024-05-04T14:40:38.516,60.110,-1.341,-2.012,-1.098
1714822838526,2024-05-04T14:40:38.526,60.120,-3.110,1.829,-0.915
1714822838536,2024-05-04T14:40:38.536,60.130,-4.390,2.561,-0.793
1714822838546,2024-05-04T14:40:38.546,60.140,-3.841,2.744,-1.098
1714822838556,2024-05-04T14:40:38.556,60.150,-2.439,3.476,-1.890
1714822838566,2024-05-04T14:40:38.566,60.160,-1.220,2.622,-1.707
1714822838576,2024-05-04T14:40:38.576,60.170,-0.183,-0.793,-0.976
1714822838586,2024-05-04T14:40:38.586,60.180,0.854,-6.037,-0.854
1714822838596,2024-05-04T14:40:38.596,60.190,1.159,-11.524,-0.976
1714822838606,2024-05-04T14:40:38.606,60.200,-0.305,-15.488,-0.366
1714822838616,2024-05-04T14:40:38.616,60.210,-1.829,-13.110,-0.122
1714822838626,2024-05-04T14:40:38.626,60.220,-2.012,-4.695,-0.671
1714822838636,2024-05-04T14:40:38.636,60.230,-2.134,3.476,-0.366
1714822838646,2024-05-04T14:40:38.646,60.240,-1.890,6.463,-0.305
1714822838656,2024-05-04T14:40:38.656,60.250,-0.366,5.305,-0.244
1714822838666,2024-05-04T14:40:38.666,60.260,0.488,1.402,-0.244
1714822838676,2024-05-04T14:40:38.676,60.270,0.305,-3.049,-0.305
1714822838686,2024-05-04T14:40:38.686,60.280,0.793,-5.305,-0.305
1714822838696,2024-05-04T14:40:38.696,60.290,2.256,-4.390,0.061
1714822838706,2024-05-04T14:40:38.706,60.300,3.232,-1.707,-0.061
1714822838716,2024-05-04T14:40:38.716,60.310,3.232,1.280,0.061
1714822838726,2024-05-04T14:40:38.726,60.320,3.171,3.537,0.122
1714822838736,2024-05-04T14:40:38.736,60.330,2.866,4.329,-0.244
1714822838746,2024-05-04T14:40:38.746,60.340,2.012,1.829,-0.610
1714822838756,2024-05-04T14:40:38.756,60.350,2.073,-5.244,-0.366
1714822838766,2024-05-04T14:40:38.766,60.360,4.085,-17.744,-0.366
1714822838776,2024-05-04T14:40:38.776,60.370,8.293,-30.976,0.488
1714822838786,2024-05-04T14:40:38.786,60.380,11.585,-37.622,0.671
1714822838796,2024-05-04T14:40:38.796,60.390,11.524,-33.598,1.463
1714822838806,2024-05-04T14:40:38.806,60.400,10.122,-18.476,5.122
1714822838816,2024-05-04T14:40:38.816,60.410,11.829,-5.610,6.524
1714822838826,2024-05-04T14:40:38.826,60.420,6.463,1.524,3.720
1714822838836,2024-05-04T14:40:38.836,60.430,-1.220,8.110,5.671
1714822838846,2024-05-04T14:40:38.846,60.440,-4.207,15.610,10.427
1714822838856,2024-05-04T14:40:38.856,60.450,-7.622,22.805,9.817
1714822838866,2024-05-04T14:40:38.866,60.460,-9.817,24.390,11.037
1714822838876,2024-05-04T14:40:38.876,60.470,-10.488,21.402,9.085
1714822838886,2024-05-04T14:40:38.886,60.480,-8.598,19.024,5.549
1714822838896,2024-05-04T14:40:38.896,60.490,-8.720,18.171,2.622
1714822838906,2024-05-04T14:40:38.906,60.500,-11.341,23.049,0.549
1714822838916,2024-05-04T14:40:38.916,60.510,-9.756,28.293,-0.549
1714822838926,2024-05-04T14:40:38.926,60.520,-3.354,27.622,-4.756
1714822838936,2024-05-04T14:40:38.936,60.530,6.220,20.976,-4.695
1714822838946,2024-05-04T14:40:38.946,60.540,20.793,12.500,3.476
1714822838956,2024-05-04T14:40:38.956,60.550,44.939,10.610,9.634
1714822838966,2024-05-04T14:40:38.966,60.560,79.207,17.622,17.988
1714822838976,2024-05-04T14:40:38.976,60.570,118.780,31.280,27.988
1714822838986,2024-05-04T14:40:38.986,60.580,153.049,43.841,36.829
1714822838996,2024-05-04T14:40:38.996,60.590,168.110,40.854,43.598
1714822839006,2024-05-04T14:40:39.006,60.600,171.768,14.024,45.305
1714822839016,2024-05-04T14:40:39.016,60.610,165.854,-29.939,30.854
1714822839026,2024-05-04T14:40:39.026,60.620,142.988,-87.805,6.402
1714822839036,2024-05-04T14:40:39.036,60.630,134.024,-150.366,-3.780
1714822839046,2024-05-04T14:40:39.046,60.640,123.537,-168.841,1.341
1714822839056,2024-05-04T14:40:39.056,60.650,108.720,-120.549,13.720
1714822839066,2024-05-04T14:40:39.066,60.660,108.049,-62.012,28.171
1714822839076,2024-05-04T14:40:39.076,60.670,114.817,-38.293,6.707
1714822839086,2024-05-04T14:40:39.086,60.680,109.390,-27.683,-22.744
1714822839096,2024-05-04T14:40:39.096,60.690,80.122,-7.866,-27.561
1714822839106,2024-05-04T14:40:39.106,60.700,48.293,41.341,-18.780
1714822839116,2024-05-04T14:40:39.116,60.710,21.280,104.146,-12.622
1714822839126,2024-05-04T14:40:39.126,60.720,3.110,114.207,-5.854
1714822839136,2024-05-04T14:40:39.136,60.730,-12.683,76.768,2.744
1714822839146,2024-05-04T14:40:39.146,60.740,-32.805,36.159,6.037
1714822839156,2024-05-04T14:40:39.156,60.750,-48.537,2.805,3.110
1714822839166,2024-05-04T14:40:39.166,60.760,-57.683,-24.512,1.280
1714822839176,2024-05-04T14:40:39.176,60.770,-61.341,-44.207,1.220
1714822839186,2024-05-04T14:40:39.186,60.780,-65.000,-59.207,-3.659
1714822839196,2024-05-04T14:40:39.196,60.790,-60.671,-68.354,-10.610
1714822839206,2024-05-04T14:40:39.206,60.800,-50.549,-61.402,-11.829
1714822839216,2024-05-04T14:40:39.216,60.810,-46.829,-34.390,-11.707
1714822839226,2024-05-04T14:40:39.226,60.820,-46.768,3.537,-16.585
1714822839236,2024-05-04T14:40:39.236,60.830,-41.341,34.878,-19.573
1714822839246,2024-05-04T14:40:39.246,60.840,-36.707,41.037,-18.598
1714822839256,2024-05-04T14:40:39.256,60.850,-35.061,29.024,-17.256
1714822839266,2024-05-04T14:40:39.266,60.860,-35.732,10.915,-16.951
1714822839276,2024-05-04T14:40:39.276,60.870,-35.915,0.427,-15.244
1714822839286,2024-05-04T14:40:39.286,60.880,-37.134,-1.524,-14.695
1714822839296,2024-05-04T14:40:39.296,60.890,-39.939,-0.183,-14.512
1714822839306,2024-05-04T14:40:39.306,60.900,-44.146,0.671,-13.110
1714822839316,2024-05-04T14:40:39.316,60.910,-51.402,0.671,-12.988
1714822839326,2024-05-04T14:40:39.326,60.920,-60.305,1.829,-12.927
1714822839336,2024-05-04T14:40:39.336,60.930,-68.049,4.024,-12.012
1714822839346,2024-05-04T14:40:39.346,60.940,-72.988,9.634,-9.390
1714822839356,2024-05-04T14:40:39.356,60.950,-73.171,20.976,-5.000
1714822839366,2024-05-04T14:40:39.366,60.960,-69.329,32.317,-4.268
1714822839376,2024-05-04T14:40:39.376,60.970,-62.439,33.110,-8.110
1714822839386,2024-05-04T14:40:39.386,60.980,-50.488,25.488,-10.488
1714822839396,2024-05-04T14:40:39.396,60.990,-37.012,18.049,-13.476
1714822839406,2024-05-04T14:40:39.406,61.000,-31.524,5.915,-7.805
1714822839416,2024-05-04T14:40:39.416,61.010,-28.537,-3.598,-1.220
1714822839426,2024-05-04T14:40:39.426,61.020,-22.866,-15.000,-3.476
1714822839436,2024-05-04T14:40:39.436,61.030,-18.780,-25.610,-4.207
1714822839446,2024-05-04T14:40:39.446,61.040,-16.829,-17.439,-2.805
1714822839456,2024-05-04T14:40:39.456,61.050,-15.915,1.098,-1.646
1714822839466,2024-05-04T14:40:39.466,61.060,-18.293,16.220,-0.793
1714822839476,2024-05-04T14:40:39.476,61.070,-20.122,24.146,-2.683
1714822839486,2024-05-04T14:40:39.486,61.080,-17.805,23.537,-1.341
1714822839496,2024-05-04T14:40:39.496,61.090,-17.805,18.171,3.171
1714822839506,2024-05-04T14:40:39.506,61.100,-21.037,5.305,5.976
1714822839516,2024-05-04T14:40:39.516,61.110,-21.524,-10.000,7.805
1714822839526,2024-05-04T14:40:39.526,61.120,-16.646,-18.780,8.110
1714822839536,2024-05-04T14:40:39.536,61.130,-12.500,-21.707,5.793
1714822839546,2024-05-04T14:40:39.546,61.140,-12.866,-20.183,4.085
1714822839556,2024-05-04T14:40:39.556,61.150,-15.671,-15.244,4.024
1714822839566,2024-05-04T14:40:39.566,61.160,-17.378,-9.451,4.573
1714822839576,2024-05-04T14:40:39.576,61.170,-16.402,-2.744,4.573
1714822839586,2024-05-04T14:40:39.586,61.180,-12.988,0.793,4.512
1714822839596,2024-05-04T14:40:39.596,61.190,-9.146,-0.061,3.780
1714822839606,2024-05-04T14:40:39.606,61.200,-6.463,-1.768,2.195
1714822839616,2024-05-04T14:40:39.616,61.210,-5.549,-1.098,1.098
1714822839626,2024-05-04T14:40:39.626,61.220,-5.610,0.488,0.915
1714822839636,2024-05-04T14:40:39.636,61.230,-5.488,1.768,0.976
1714822839646,2024-05-04T14:40:39.646,61.240,-5.427,0.976,2.622
1714822839656,2024-05-04T14:40:39.656,61.250,-5.488,-0.976,4.268
1714822839666,2024-05-04T14:40:39.666,61.260,-5.549,-3.049,3.720
1714822839676,2024-05-04T14:40:39.676,61.270,-4.451,-5.305,3.841
1714822839686,2024-05-04T14:40:39.686,61.280,-3.110,-6.829,3.963
1714822839696,2024-05-04T14:40:39.696,61.290,-2.927,-7.012,2.988
1714822839706,2024-05-04T14:40:39.706,61.300,-2.683,-6.951,2.561
1714822839716,2024-05-04T14:40:39.716,61.310,-2.683,-5.671,2.500
1714822839726,2024-05-04T14:40:39.726,61.320,-3.110,-4.390,2.317
1714822839736,2024-05-04T14:40:39.736,61.330,-3.415,-2.134,2.195
1714822839746,2024-05-04T14:40:39.746,61.340,-3.415,-0.061,1.280
1714822839756,2024-05-04T14:40:39.756,61.350,-3.293,0.549,0.305
1714822839766,2024-05-04T14:40:39.766,61.360,-2.744,1.768,-0.427
1714822839776,2024-05-04T14:40:39.776,61.370,-1.829,2.927,-0.915
1714822839786,2024-05-04T14:40:39.786,61.380,-0.732,3.354,-0.915
1714822839796,2024-05-04T14:40:39.796,61.390,0.061,2.988,-0.366
1714822839806,2024-05-04T14:40:39.806,61.400,-0.549,2.378,0.122
1714822839816,2024-05-04T14:40:39.816,61.410,-2.439,2.378,0.610
1714822839826,2024-05-04T14:40:39.826,61.420,-3.659,2.866,0.976
1714822839836,2024-05-04T14:40:39.836,61.430,-2.927,2.805,1.159
1714822839846,2024-05-04T14:40:39.846,61.440,-1.707,2.073,1.037
1714822839856,2024-05-04T14:40:39.856,61.450,-0.244,1.098,-0.061
1714822839866,2024-05-04T14:40:39.866,61.460,1.220,0.305,-1.220
1714822839876,2024-05-04T14:40:39.876,61.470,1.768,-0.610,-0.488
1714822839886,2024-05-04T14:40:39.886,61.480,0.549,-2.256,0.183
1714822839896,2024-05-04T14:40:39.896,61.490,-0.732,-3.720,0.427
1714822839906,2024-05-04T14:40:39.906,61.500,-1.463,-4.085,1.037
1714822839916,2024-05-04T14:40:39.916,61.510,-2.622,-2.134,0.854
1714822839926,2024-05-04T14:40:39.926,61.520,-3.354,1.280,-0.488
1714822839936,2024-05-04T14:40:39.936,61.530,-2.988,2.866,-1.159
1714822839946,2024-05-04T14:40:39.946,61.540,-2.683,1.280,-1.220
1714822839956,2024-05-04T14:40:39.956,61.550,-2.866,-1.341,-1.463
1714822839966,2024-05-04T14:40:39.966,61.560,-2.805,-3.720,-1.280
1714822839976,2024-05-04T14:40:39.976,61.570,-2.988,-5.549,-0.854
1714822839986,2024-05-04T14:40:39.986,61.580,-3.415,-5.915,-0.854
1714822839996,2024-05-04T14:40:39.996,61.590,-3.841,-4.817,-0.732
1714822840006,2024-05-04T14:40:40.006,61.600,-4.207,-2.805,-0.549
1714822840016,2024-05-04T14:40:40.016,61.610,-4.756,-0.366,-0.305
1714822840026,2024-05-04T14:40:40.026,61.620,-5.732,2.439,0.061
1714822840036,2024-05-04T14:40:40.036,61.630,-8.171,3.354,0.976
1714822840046,2024-05-04T14:40:40.046,61.640,-11.402,2.256,2.073
1714822840056,2024-05-04T14:40:40.056,61.650,-13.841,0.305,3.598
1714822840066,2024-05-04T14:40:40.066,61.660,-15.000,-1.098,4.817
1714822840076,2024-05-04T14:40:40.076,61.670,-17.378,-2.561,5.610
1714822840086,2024-05-04T14:40:40.086,61.680,-18.963,-1.524,7.317
1714822840096,2024-05-04T14:40:40.096,61.690,-20.793,1.585,6.037
1714822840106,2024-05-04T14:40:40.106,61.700,-23.537,3.841,3.415
1714822840116,2024-05-04T14:40:40.116,61.710,-24.024,3.354,1.890
1714822840126,2024-05-04T14:40:40.126,61.720,-21.524,-0.488,1.341
1714822840136,2024-05-04T14:40:40.136,61.730,-19.329,-7.012,0.732
1714822840146,2024-05-04T14:40:40.146,61.740,-20.732,-10.122,0.244
1714822840156,2024-05-04T14:40:40.156,61.750,-21.585,-7.317,1.159
1714822840166,2024-05-04T14:40:40.166,61.760,-16.890,-3.110,4.451
1714822840176,2024-05-04T14:40:40.176,61.770,-8.963,2.317,4.512
1714822840186,2024-05-04T14:40:40.186,61.780,-5.915,5.183,5.183
1714822840196,2024-05-04T14:40:40.196,61.790,-6.159,12.622,-0.732
1714822840206,2024-05-04T14:40:40.206,61.800,-9.146,27.256,-5.793
1714822840216,2024-05-04T14:40:40.216,61.810,-9.573,38.537,-1.646
1714822840226,2024-05-04T14:40:40.226,61.820,-7.073,44.695,0.549
1714822840236,2024-05-04T14:40:40.236,61.830,0.183,52.256,0.122
1714822840246,2024-05-04T14:40:40.246,61.840,13.232,58.720,3.963
1714822840256,2024-05-04T14:40:40.256,61.850,31.707,49.512,11.402
1714822840266,2024-05-04T14:40:40.266,61.860,55.671,17.866,21.098
1714822840276,2024-05-04T14:40:40.276,61.870,89.329,-24.451,29.939
1714822840286,2024-05-04T14:40:40.286,61.880,128.110,-67.805,41.159
1714822840296,2024-05-04T14:40:40.296,61.890,162.012,-112.256,44.939
1714822840306,2024-05-04T14:40:40.306,61.900,183.598,-151.524,32.500
1714822840316,2024-05-04T14:40:40.316,61.910,198.171,-177.439,14.512
1714822840326,2024-05-04T14:40:40.326,61.920,214.512,-174.878,-5.732
1714822840336,2024-05-04T14:40:40.336,61.930,222.378,-115.793,-18.963
1714822840346,2024-05-04T14:40:40.346,61.940,195.244,0.305,6.159
1714822840356,2024-05-04T14:40:40.356,61.950,162.134,92.744,41.585
1714822840366,2024-05-04T14:40:40.366,61.960,155.732,83.780,27.012
1714822840376,2024-05-04T14:40:40.376,61.970,160.915,4.939,-7.561
1714822840386,2024-05-04T14:40:40.386,61.980,133.780,-39.878,-0.244
1714822840396,2024-05-04T14:40:40.396,61.990,113.537,11.890,6.280
1714822840406,2024-05-04T14:40:40.406,62.000,102.622,86.098,-14.085
1714822840416,2024-05-04T14:40:40.416,62.010,78.902,94.146,-12.683
1714822840426,2024-05-04T14:40:40.426,62.020,42.683,51.646,-4.390
1714822840436,2024-05-04T14:40:40.436,62.030,9.695,29.085,-1.707
1714822840446,2024-05-04T14:40:40.446,62.040,-16.524,23.537,0.610
1714822840456,2024-05-04T14:40:40.456,62.050,-38.232,7.195,2.683
1714822840466,2024-05-04T14:40:40.466,62.060,-57.805,-23.171,-0.183
1714822840476,2024-05-04T14:40:40.476,62.070,-73.476,-50.183,-4.085
1714822840486,2024-05-04T14:40:40.486,62.080,-80.854,-62.378,-7.195
1714822840496,2024-05-04T14:40:40.496,62.090,-80.854,-60.183,-11.341
1714822840506,2024-05-04T14:40:40.506,62.100,-78.537,-50.671,-17.500
1714822840516,2024-05-04T14:40:40.516,62.110,-76.037,-37.256,-23.232
1714822840526,2024-05-04T14:40:40.526,62.120,-69.939,-19.329,-25.244
1714822840536,2024-05-04T14:40:40.536,62.130,-60.549,5.000,-27.317
1714822840546,2024-05-04T14:40:40.546,62.140,-57.195,33.354,-28.415
1714822840556,2024-05-04T14:40:40.556,62.150,-61.220,57.500,-27.622
1714822840566,2024-05-04T14:40:40.566,62.160,-63.171,69.024,-26.585
1714822840576,2024-05-04T14:40:40.576,62.170,-60.366,59.878,-23.902
1714822840586,2024-05-04T14:40:40.586,62.180,-58.293,34.939,-19.024
1714822840596,2024-05-04T14:40:40.596,62.190,-56.280,5.488,-13.841
1714822840606,2024-05-04T14:40:40.606,62.200,-52.500,-19.024,-11.220
1714822840616,2024-05-04T14:40:40.616,62.210,-47.683,-30.183,-10.183
1714822840626,2024-05-04T14:40:40.626,62.220,-44.085,-27.012,-10.427
1714822840636,2024-05-04T14:40:40.636,62.230,-42.744,-15.366,-12.988
1714822840646,2024-05-04T14:40:40.646,62.240,-46.037,0.122,-17.012
1714822840656,2024-05-04T14:40:40.656,62.250,-50.488,21.524,-18.963
1714822840666,2024-05-04T14:40:40.666,62.260,-52.134,43.537,-19.329
1714822840676,2024-05-04T14:40:40.676,62.270,-55.000,54.817,-20.427
1714822840686,2024-05-04T14:40:40.686,62.280,-59.939,51.402,-20.793
1714822840696,2024-05-04T14:40:40.696,62.290,-66.341,37.927,-18.354
1714822840706,2024-05-04T14:40:40.706,62.300,-71.951,21.524,-14.878
1714822840716,2024-05-04T14:40:40.716,62.310,-73.293,5.915,-13.110
1714822840726,2024-05-04T14:40:40.726,62.320,-70.976,-4.329,-12.561
1714822840736,2024-05-04T14:40:40.736,62.330,-65.671,-12.012,-12.439
1714822840746,2024-05-04T14:40:40.746,62.340,-55.549,-16.463,-11.220
1714822840756,2024-05-04T14:40:40.756,62.350,-42.561,-11.585,-9.329
1714822840766,2024-05-04T14:40:40.766,62.360,-31.098,1.951,-9.573
1714822840776,2024-05-04T14:40:40.776,62.370,-26.463,5.793,-5.915
1714822840786,2024-05-04T14:40:40.786,62.380,-25.366,2.012,-4.512
1714822840796,2024-05-04T14:40:40.796,62.390,-23.720,-1.220,-8.232
1714822840806,2024-05-04T14:40:40.806,62.400,-21.402,1.829,-7.683
1714822840816,2024-05-04T14:40:40.816,62.410,-22.317,10.610,-1.280
1714822840826,2024-05-04T14:40:40.826,62.420,-23.232,18.659,-0.427
1714822840836,2024-05-04T14:40:40.836,62.430,-19.817,22.012,0.732
1714822840846,2024-05-04T14:40:40.846,62.440,-20.000,21.768,4.390
1714822840856,2024-05-04T14:40:40.856,62.450,-24.939,17.439,8.476
1714822840866,2024-05-04T14:40:40.866,62.460,-25.915,12.378,8.659
1714822840876,2024-05-04T14:40:40.876,62.470,-20.488,1.098,4.756
1714822840886,2024-05-04T14:40:40.886,62.480,-13.963,-14.634,3.415
1714822840896,2024-05-04T14:40:40.896,62.490,-10.366,-24.756,4.390
1714822840906,2024-05-04T14:40:40.906,62.500,-9.146,-25.488,4.512
1714822840916,2024-05-04T14:40:40.916,62.510,-9.085,-19.573,4.695
1714822840926,2024-05-04T14:40:40.926,62.520,-9.878,-10.061,5.305
1714822840936,2024-05-04T14:40:40.936,62.530,-10.366,0.183,5.183
1714822840946,2024-05-04T14:40:40.946,62.540,-11.341,9.024,4.695
1714822840956,2024-05-04T14:40:40.956,62.550,-14.024,16.524,5.000
1714822840966,2024-05-04T14:40:40.966,62.560,-16.768,17.683,4.512
1714822840976,2024-05-04T14:40:40.976,62.570,-17.195,8.476,4.207
1714822840986,2024-05-04T14:40:40.986,62.580,-14.756,-5.183,5.671
1714822840996,2024-05-04T14:40:40.996,62.590,-10.793,-14.085,6.037
1714822841006,2024-05-04T14:40:41.006,62.600,-7.378,-16.585,5.000
1714822841016,2024-05-04T14:40:41.016,62.610,-6.646,-15.183,4.939
1714822841026,2024-05-04T14:40:41.026,62.620,-7.805,-10.732,4.024
1714822841036,2024-05-04T14:40:41.036,62.630,-9.329,-5.732,2.134
1714822841046,2024-05-04T14:40:41.046,62.640,-9.939,-1.463,1.951
1714822841056,2024-05-04T14:40:41.056,62.650,-9.573,1.829,3.232
1714822841066,2024-05-04T14:40:41.066,62.660,-8.841,2.439,3.659
1714822841076,2024-05-04T14:40:41.076,62.670,-7.744,1.951,3.963
1714822841086,2024-05-04T14:40:41.086,62.680,-6.890,3.110,4.085
1714822841096,2024-05-04T14:40:41.096,62.690,-6.768,4.695,3.780
1714822841106,2024-05-04T14:40:41.106,62.700,-6.951,4.512,3.841
1714822841116,2024-05-04T14:40:41.116,62.710,-7.317,2.317,3.841
1714822841126,2024-05-04T14:40:41.126,62.720,-7.866,-0.549,3.659
1714822841136,2024-05-04T14:40:41.136,62.730,-8.293,-0.793,2.988
1714822841146,2024-05-04T14:40:41.146,62.740,-8.110,2.012,2.683
1714822841156,2024-05-04T14:40:41.156,62.750,-8.171,4.817,2.805
1714822841166,2024-05-04T14:40:41.166,62.760,-7.317,5.244,2.439
1714822841176,2024-05-04T14:40:41.176,62.770,-6.341,4.024,1.951
1714822841186,2024-05-04T14:40:41.186,62.780,-6.768,1.768,1.890
1714822841196,2024-05-04T14:40:41.196,62.790,-7.805,-1.707,2.439
1714822841206,2024-05-04T14:40:41.206,62.800,-8.598,-4.634,2.317
1714822841216,2024-05-04T14:40:41.216,62.810,-9.024,-5.732,2.134
1714822841226,2024-05-04T14:40:41.226,62.820,-9.146,-4.329,2.805
1714822841236,2024-05-04T14:40:41.236,62.830,-8.841,-2.012,3.049
1714822841246,2024-05-04T14:40:41.246,62.840,-8.598,0.854,2.805
1714822841256,2024-05-04T14:40:41.256,62.850,-9.268,3.780,2.622
1714822841266,2024-05-04T14:40:41.266,62.860,-10.976,4.207,2.805
1714822841276,2024-05-04T14:40:41.276,62.870,-11.890,2.500,4.817
1714822841286,2024-05-04T14:40:41.286,62.880,-10.427,0.244,6.646
1714822841296,2024-05-04T14:40:41.296,62.890,-7.744,-1.707,6.890
1714822841306,2024-05-04T14:40:41.306,62.900,-5.427,-2.256,6.037
1714822841316,2024-05-04T14:40:41.316,62.910,-4.817,-0.671,5.000
1714822841326,2024-05-04T14:40:41.326,62.920,-5.610,2.256,4.878
1714822841336,2024-05-04T14:40:41.336,62.930,-6.890,4.390,4.329
1714822841346,2024-05-04T14:40:41.346,62.940,-7.805,4.207,3.171
1714822841356,2024-05-04T14:40:41.356,62.950,-7.866,2.012,2.988
1714822841366,2024-05-04T14:40:41.366,62.960,-6.646,0.061,4.207
1714822841376,2024-05-04T14:40:41.376,62.970,-5.549,-1.768,4.634
1714822841386,2024-05-04T14:40:41.386,62.980,-5.061,-1.768,4.451
1714822841396,2024-05-04T14:40:41.396,62.990,-5.305,2.744,4.634
1714822841406,2024-05-04T14:40:41.406,63.000,-5.915,10.244,4.451
1714822841416,2024-05-04T14:40:41.416,63.010,-3.963,15.854,4.512
1714822841426,2024-05-04T14:40:41.426,63.020,0.915,14.573,6.098
1714822841436,2024-05-04T14:40:41.436,63.030,3.841,11.159,1.463
1714822841446,2024-05-04T14:40:41.446,63.040,6.463,8.659,-9.024
1714822841456,2024-05-04T14:40:41.456,63.050,11.402,15.793,-11.463
1714822841466,2024-05-04T14:40:41.466,63.060,15.061,30.915,-10.671
1714822841476,2024-05-04T14:40:41.476,63.070,14.634,44.085,-13.841
1714822841486,2024-05-04T14:40:41.486,63.080,18.354,57.439,-13.841
1714822841496,2024-05-04T14:40:41.496,63.090,26.098,67.622,-8.780
1714822841506,2024-05-04T14:40:41.506,63.100,39.024,59.817,-0.061
1714822841516,2024-05-04T14:40:41.516,63.110,59.878,32.317,18.110
1714822841526,2024-05-04T14:40:41.526,63.120,86.463,-12.256,32.073
1714822841536,2024-05-04T14:40:41.536,63.130,123.476,-39.695,31.098
1714822841546,2024-05-04T14:40:41.546,63.140,161.280,-36.037,39.024
1714822841556,2024-05-04T14:40:41.556,63.150,179.329,-25.244,50.610
1714822841566,2024-05-04T14:40:41.566,63.160,186.037,-28.598,46.341
1714822841576,2024-05-04T14:40:41.576,63.170,194.573,-45.549,39.634
1714822841586,2024-05-04T14:40:41.586,63.180,193.902,-60.854,29.878
1714822841596,2024-05-04T14:40:41.596,63.190,185.305,-60.488,21.220
1714822841606,2024-05-04T14:40:41.606,63.200,174.939,-42.805,33.476
1714822841616,2024-05-04T14:40:41.616,63.210,159.817,-27.073,54.939
1714822841626,2024-05-04T14:40:41.626,63.220,152.500,-25.732,49.573
1714822841636,2024-05-04T14:40:41.636,63.230,156.707,-32.500,32.988
1714822841646,2024-05-04T14:40:41.646,63.240,150.549,-39.878,22.256
1714822841656,2024-05-04T14:40:41.656,63.250,124.939,-40.793,16.585
1714822841666,2024-05-04T14:40:41.666,63.260,101.220,-39.329,14.573
1714822841676,2024-05-04T14:40:41.676,63.270,80.488,-33.902,14.085
1714822841686,2024-05-04T14:40:41.686,63.280,58.476,-30.854,11.524
1714822841696,2024-05-04T14:40:41.696,63.290,34.268,-28.598,13.415
1714822841706,2024-05-04T14:40:41.706,63.300,8.720,-24.939,16.585
1714822841716,2024-05-04T14:40:41.716,63.310,-12.439,-23.598,21.037
1714822841726,2024-05-04T14:40:41.726,63.320,-28.780,-27.744,18.232
1714822841736,2024-05-04T14:40:41.736,63.330,-40.854,-33.171,13.110
1714822841746,2024-05-04T14:40:41.746,63.340,-50.671,-36.707,7.256
1714822841756,2024-05-04T14:40:41.756,63.350,-58.476,-36.220,2.317
1714822841766,2024-05-04T14:40:41.766,63.360,-60.488,-33.780,-2.134
1714822841776,2024-05-04T14:40:41.776,63.370,-58.537,-28.780,-6.037
1714822841786,2024-05-04T14:40:41.786,63.380,-55.305,-22.134,-10.793
1714822841796,2024-05-04T14:40:41.796,63.390,-48.659,-14.756,-14.878
1714822841806,2024-05-04T14:40:41.806,63.400,-41.402,-4.939,-18.232
1714822841816,2024-05-04T14:40:41.816,63.410,-39.085,10.671,-18.963
1714822841826,2024-05-04T14:40:41.826,63.420,-37.744,24.939,-19.085
1714822841836,2024-05-04T14:40:41.836,63.430,-35.549,31.220,-20.671
1714822841846,2024-05-04T14:40:41.846,63.440,-37.256,27.195,-20.305
1714822841856,2024-05-04T14:40:41.856,63.450,-44.207,18.598,-17.622
1714822841866,2024-05-04T14:40:41.866,63.460,-52.012,15.061,-14.085
1714822841876,2024-05-04T14:40:41.876,63.470,-57.988,16.402,-9.573
1714822841886,2024-05-04T14:40:41.886,63.480,-64.390,17.927,-7.195
1714822841896,2024-05-04T14:40:41.896,63.490,-73.110,19.573,-7.439
1714822841906,2024-05-04T14:40:41.906,63.500,-83.537,20.366,-6.646
1714822841916,2024-05-04T14:40:41.916,63.510,-91.220,19.207,-6.098
1714822841926,2024-05-04T14:40:41.926,63.520,-93.963,15.854,-8.720
1714822841936,2024-05-04T14:40:41.936,63.530,-92.927,11.646,-11.463
1714822841946,2024-05-04T14:40:41.946,63.540,-90.305,10.671,-12.256
1714822841956,2024-05-04T14:40:41.956,63.550,-86.098,12.622,-11.037
1714822841966,2024-05-04T14:40:41.966,63.560,-78.537,11.159,-11.037
1714822841976,2024-05-04T14:40:41.976,63.570,-60.061,9.878,-13.841
1714822841986,2024-05-04T14:40:41.986,63.580,-36.159,5.305,-7.622
1714822841996,2024-05-04T14:40:41.996,63.590,-21.280,-4.268,0.305
1714822842006,2024-05-04T14:40:42.006,63.600,-20.732,-14.024,-1.402
1714822842016,2024-05-04T14:40:42.016,63.610,-26.341,-12.317,-9.512
1714822842026,2024-05-04T14:40:42.026,63.620,-31.037,0.976,-11.159
1714822842036,2024-05-04T14:40:42.036,63.630,-32.927,13.354,-5.549
1714822842046,2024-05-04T14:40:42.046,63.640,-27.500,15.793,-5.854
1714822842056,2024-05-04T14:40:42.056,63.650,-19.268,5.793,-7.012
1714822842066,2024-05-04T14:40:42.066,63.660,-22.439,-5.244,-1.524
1714822842076,2024-05-04T14:40:42.076,63.670,-31.402,-11.402,1.037
1714822842086,2024-05-04T14:40:42.086,63.680,-32.073,-11.159,-1.037
1714822842096,2024-05-04T14:40:42.096,63.690,-26.037,-5.000,-3.293
1714822842106,2024-05-04T14:40:42.106,63.700,-22.317,3.171,-4.939
1714822842116,2024-05-04T14:40:42.116,63.710,-21.341,10.000,-5.000
1714822842126,2024-05-04T14:40:42.126,63.720,-22.012,14.085,-4.329
1714822842136,2024-05-04T14:40:42.136,63.730,-23.720,15.549,-5.610
1714822842146,2024-05-04T14:40:42.146,63.740,-25.122,12.561,-6.951
1714822842156,2024-05-04T14:40:42.156,63.750,-23.232,5.122,-5.671
1714822842166,2024-05-04T14:40:42.166,63.760,-19.268,-3.841,-3.049
1714822842176,2024-05-04T14:40:42.176,63.770,-15.976,-11.707,-3.293
1714822842186,2024-05-04T14:40:42.186,63.780,-13.780,-15.122,-4.634
1714822842196,2024-05-04T14:40:42.196,63.790,-13.354,-15.244,-5.427
1714822842206,2024-05-04T14:40:42.206,63.800,-15.061,-13.841,-5.061
1714822842216,2024-05-04T14:40:42.216,63.810,-15.976,-12.439,-4.390
1714822842226,2024-05-04T14:40:42.226,63.820,-14.329,-10.061,-4.512
1714822842236,2024-05-04T14:40:42.236,63.830,-11.098,-7.256,-4.817
1714822842246,2024-05-04T14:40:42.246,63.840,-7.622,-4.268,-3.841
1714822842256,2024-05-04T14:40:42.256,63.850,-5.061,0.427,-2.134
1714822842266,2024-05-04T14:40:42.266,63.860,-3.598,2.683,-1.829
1714822842276,2024-05-04T14:40:42.276,63.870,-3.293,-0.488,-1.524
1714822842286,2024-05-04T14:40:42.286,63.880,-4.146,-6.829,-1.098
1714822842296,2024-05-04T14:40:42.296,63.890,-5.000,-11.402,-0.488
1714822842306,2024-05-04T14:40:42.306,63.900,-4.756,-10.854,0.610
1714822842316,2024-05-04T14:40:42.316,63.910,-4.939,-7.439,1.220
1714822842326,2024-05-04T14:40:42.326,63.920,-5.549,-4.573,1.280
1714822842336,2024-05-04T14:40:42.336,63.930,-4.878,-3.049,0.793
1714822842346,2024-05-04T14:40:42.346,63.940,-3.537,-3.780,-0.610
1714822842356,2024-05-04T14:40:42.356,63.950,-2.927,-5.061,-0.427
1714822842366,2024-05-04T14:40:42.366,63.960,-2.500,-5.122,1.037
1714822842376,2024-05-04T14:40:42.376,63.970,-2.317,-4.573,1.341
1714822842386,2024-05-04T14:40:42.386,63.980,-2.439,-4.146,0.793
1714822842396,2024-05-04T14:40:42.396,63.990,-2.012,-4.207,0.854
1714822842406,2024-05-04T14:40:42.406,64.000,-2.012,-5.549,0.976
1714822842416,2024-05-04T14:40:42.416,64.010,-3.598,-7.744,-0.061
1714822842426,2024-05-04T14:40:42.426,64.020,-5.427,-7.622,-0.244
1714822842436,2024-05-04T14:40:42.436,64.030,-6.098,-5.061,0.244
1714822842446,2024-05-04T14:40:42.446,64.040,-5.549,-1.524,0.427
1714822842456,2024-05-04T14:40:42.456,64.050,-4.268,1.098,-0.061
1714822842466,2024-05-04T14:40:42.466,64.060,-3.171,1.768,-0.793
1714822842476,2024-05-04T14:40:42.476,64.070,-3.171,1.037,-1.159
1714822842486,2024-05-04T14:40:42.486,64.080,-3.415,0.732,-1.402
1714822842496,2024-05-04T14:40:42.496,64.090,-3.049,0.305,-1.707
1714822842506,2024-05-04T14:40:42.506,64.100,-3.049,-2.561,-1.890
1714822842516,2024-05-04T14:40:42.516,64.110,-3.902,-6.037,-1.890
1714822842526,2024-05-04T14:40:42.526,64.120,-3.841,-7.744,-1.707
1714822842536,2024-05-04T14:40:42.536,64.130,-3.293,-7.439,-2.622
1714822842546,2024-05-04T14:40:42.546,64.140,-1.951,-5.305,-4.268
1714822842556,2024-05-04T14:40:42.556,64.150,-0.610,-2.195,-5.610
1714822842566,2024-05-04T14:40:42.566,64.160,-1.037,-2.256,-4.939
1714822842576,2024-05-04T14:40:42.576,64.170,-2.561,-2.073,-3.598
1714822842586,2024-05-04T14:40:42.586,64.180,-0.976,1.159,-3.963
1714822842596,2024-05-04T14:40:42.596,64.190,0.549,4.939,-3.476
1714822842606,2024-05-04T14:40:42.606,64.200,0.854,7.561,0.122
1714822842616,2024-05-04T14:40:42.616,64.210,-2.744,10.854,1.037
1714822842626,2024-05-04T14:40:42.626,64.220,-6.402,14.756,2.073
1714822842636,2024-05-04T14:40:42.636,64.230,-6.585,14.756,2.561
1714822842646,2024-05-04T14:40:42.646,64.240,-6.768,11.646,0.183
1714822842656,2024-05-04T14:40:42.656,64.250,-10.488,15.183,-1.646
1714822842666,2024-05-04T14:40:42.666,64.260,-12.317,21.585,1.159
1714822842676,2024-05-04T14:40:42.676,64.270,-9.756,26.890,0.610
1714822842686,2024-05-04T14:40:42.686,64.280,-9.268,33.963,-3.659
1714822842696,2024-05-04T14:40:42.696,64.290,-12.012,44.756,-1.098
1714822842706,2024-05-04T14:40:42.706,64.300,-12.012,63.598,-0.183
1714822842716,2024-05-04T14:40:42.716,64.310,-6.280,86.951,-3.049
1714822842726,2024-05-04T14:40:42.726,64.320,-2.561,104.573,-5.793
1714822842736,2024-05-04T14:40:42.736,64.330,-0.549,114.085,-7.500
1714822842746,2024-05-04T14:40:42.746,64.340,3.171,110.732,-9.146
1714822842756,2024-05-04T14:40:42.756,64.350,21.829,95.061,-8.049
1714822842766,2024-05-04T14:40:42.766,64.360,54.695,76.585,0.183
1714822842776,2024-05-04T14:40:42.776,64.370,88.110,62.561,19.024
1714822842786,2024-05-04T14:40:42.786,64.380,118.415,41.220,40.549
1714822842796,2024-05-04T14:40:42.796,64.390,148.963,4.878,47.927
1714822842806,2024-05-04T14:40:42.806,64.400,170.976,-34.085,49.756
1714822842816,2024-05-04T14:40:42.816,64.410,176.159,-72.317,49.024
1714822842826,2024-05-04T14:40:42.826,64.420,174.024,-110.488,33.902
1714822842836,2024-05-04T14:40:42.836,64.430,160.366,-140.671,8.598
1714822842846,2024-05-04T14:40:42.846,64.440,159.207,-162.500,-0.183
1714822842856,2024-05-04T14:40:42.856,64.450,152.195,-176.037,4.512
1714822842866,2024-05-04T14:40:42.866,64.460,129.329,-147.378,8.659
1714822842876,2024-05-04T14:40:42.876,64.470,115.732,-92.500,19.939
1714822842886,2024-05-04T14:40:42.886,64.480,105.488,-66.159,16.707
1714822842896,2024-05-04T14:40:42.896,64.490,98.598,-55.671,8.354
1714822842906,2024-05-04T14:40:42.906,64.500,75.976,-38.171,7.439
1714822842916,2024-05-04T14:40:42.916,64.510,45.549,1.890,1.646
1714822842926,2024-05-04T14:40:42.926,64.520,24.329,33.476,7.988
1714822842936,2024-05-04T14:40:42.936,64.530,6.098,35.610,15.610
1714822842946,2024-05-04T14:40:42.946,64.540,-14.634,25.976,17.195
1714822842956,2024-05-04T14:40:42.956,64.550,-33.232,12.439,13.415
1714822842966,2024-05-04T14:40:42.966,64.560,-45.000,-7.561,9.451
1714822842976,2024-05-04T14:40:42.976,64.570,-50.183,-30.610,4.085
1714822842986,2024-05-04T14:40:42.986,64.580,-50.549,-45.427,-1.159
1714822842996,2024-05-04T14:40:42.996,64.590,-51.646,-48.232,-3.841
1714822843006,2024-05-04T14:40:43.006,64.600,-53.354,-41.585,-4.390
1714822843016,2024-05-04T14:40:43.016,64.610,-51.951,-30.183,-4.756
1714822843026,2024-05-04T14:40:43.026,64.620,-46.585,-14.817,-6.524
1714822843036,2024-05-04T14:40:43.036,64.630,-42.256,1.829,-10.427
1714822843046,2024-05-04T14:40:43.046,64.640,-40.915,15.122,-13.841
1714822843056,2024-05-04T14:40:43.056,64.650,-38.780,21.280,-15.183
1714822843066,2024-05-04T14:40:43.066,64.660,-39.268,21.159,-14.451
1714822843076,2024-05-04T14:40:43.076,64.670,-42.683,21.402,-13.110
1714822843086,2024-05-04T14:40:43.086,64.680,-45.488,21.098,-12.500
1714822843096,2024-05-04T14:40:43.096,64.690,-49.939,20.061,-12.439
1714822843106,2024-05-04T14:40:43.106,64.700,-52.195,16.707,-12.683
1714822843116,2024-05-04T14:40:43.116,64.710,-52.439,9.451,-11.341
1714822843126,2024-05-04T14:40:43.126,64.720,-54.573,2.561,-10.549
1714822843136,2024-05-04T14:40:43.136,64.730,-59.207,5.305,-9.146
1714822843146,2024-05-04T14:40:43.146,64.740,-63.049,17.988,-7.317
1714822843156,2024-05-04T14:40:43.156,64.750,-64.146,31.890,-8.415
1714822843166,2024-05-04T14:40:43.166,64.760,-61.220,40.366,-13.110
1714822843176,2024-05-04T14:40:43.176,64.770,-57.500,44.329,-18.963
1714822843186,2024-05-04T14:40:43.186,64.780,-56.037,45.366,-21.646
1714822843196,2024-05-04T14:40:43.196,64.790,-57.683,46.037,-19.939
1714822843206,2024-05-04T14:40:43.206,64.800,-60.732,43.659,-17.073
1714822843216,2024-05-04T14:40:43.216,64.810,-61.646,33.049,-13.354
1714822843226,2024-05-04T14:40:43.226,64.820,-57.988,18.659,-5.183
1714822843236,2024-05-04T14:40:43.236,64.830,-48.354,6.768,2.195
1714822843246,2024-05-04T14:40:43.246,64.840,-35.915,-3.720,-0.366
1714822843256,2024-05-04T14:40:43.256,64.850,-27.561,-20.976,-5.305
1714822843266,2024-05-04T14:40:43.266,64.860,-25.305,-32.134,-7.866
1714822843276,2024-05-04T14:40:43.276,64.870,-25.549,-30.671,-9.939
1714822843286,2024-05-04T14:40:43.286,64.880,-26.341,-20.366,-11.585
1714822843296,2024-05-04T14:40:43.296,64.890,-25.122,-2.744,-12.012
1714822843306,2024-05-04T14:40:43.306,64.900,-22.439,14.146,-10.000
1714822843316,2024-05-04T14:40:43.316,64.910,-20.610,25.671,-7.988
1714822843326,2024-05-04T14:40:43.326,64.920,-20.427,29.268,-7.805
1714822843336,2024-05-04T14:40:43.336,64.930,-21.098,24.939,-7.012
1714822843346,2024-05-04T14:40:43.346,64.940,-22.561,15.976,-4.695
1714822843356,2024-05-04T14:40:43.356,64.950,-23.171,8.293,-2.500
1714822843366,2024-05-04T14:40:43.366,64.960,-21.646,0.610,-3.720
1714822843376,2024-05-04T14:40:43.376,64.970,-17.439,-7.866,-5.488
1714822843386,2024-05-04T14:40:43.386,64.980,-13.232,-9.817,-5.305
1714822843396,2024-05-04T14:40:43.396,64.990,-11.037,-4.939,-6.098
1714822843406,2024-05-04T14:40:43.406,65.000,-12.073,0.305,-7.500
1714822843416,2024-05-04T14:40:43.416,65.010,-12.195,4.695,-7.195
1714822843426,2024-05-04T14:40:43.426,65.020,-9.512,5.793,-6.402
1714822843436,2024-05-04T14:40:43.436,65.030,-7.317,3.354,-5.183
1714822843446,2024-05-04T14:40:43.446,65.040,-6.768,-0.122,-3.171
1714822843456,2024-05-04T14:40:43.456,65.050,-6.098,-2.439,-0.793
1714822843466,2024-05-04T14:40:43.466,65.060,-4.024,-2.805,0.366
1714822843476,2024-05-04T14:40:43.476,65.070,-1.402,-4.329,0.671
1714822843486,2024-05-04T14:40:43.486,65.080,0.122,-6.037,1.524
1714822843496,2024-05-04T14:40:43.496,65.090,0.122,-5.000,2.683
1714822843506,2024-05-04T14:40:43.506,65.100,-0.183,-2.622,3.232
1714822843516,2024-05-04T14:40:43.516,65.110,-0.366,-2.317,4.512
1714822843526,2024-05-04T14:40:43.526,65.120,-0.122,-3.171,5.915
1714822843536,2024-05-04T14:40:43.536,65.130,0.000,-3.049,6.280
1714822843546,2024-05-04T14:40:43.546,65.140,-0.183,-1.037,6.098
1714822843556,2024-05-04T14:40:43.556,65.150,0.427,0.732,5.610
1714822843566,2024-05-04T14:40:43.566,65.160,1.585,-0.610,5.610
1714822843576,2024-05-04T14:40:43.576,65.170,1.402,-4.390,5.976
1714822843586,2024-05-04T14:40:43.586,65.180,0.976,-8.963,6.280
1714822843596,2024-05-04T14:40:43.596,65.190,1.402,-13.293,5.305
1714822843606,2024-05-04T14:40:43.606,65.200,3.415,-15.366,5.183
1714822843616,2024-05-04T14:40:43.616,65.210,4.817,-12.439,5.976
1714822843626,2024-05-04T14:40:43.626,65.220,3.780,-5.427,5.793
1714822843636,2024-05-04T14:40:43.636,65.230,2.439,1.463,4.878
1714822843646,2024-05-04T14:40:43.646,65.240,2.561,4.329,4.085
1714822843656,2024-05-04T14:40:43.656,65.250,2.378,3.049,3.476
1714822843666,2024-05-04T14:40:43.666,65.260,2.134,-0.976,3.110
1714822843676,2024-05-04T14:40:43.676,65.270,1.829,-6.524,3.963
1714822843686,2024-05-04T14:40:43.686,65.280,1.463,-10.610,4.878
1714822843696,2024-05-04T14:40:43.696,65.290,1.585,-11.280,5.000
1714822843706,2024-05-04T14:40:43.706,65.300,2.256,-8.963,4.451
1714822843716,2024-05-04T14:40:43.716,65.310,2.866,-4.756,4.146
1714822843726,2024-05-04T14:40:43.726,65.320,1.524,-0.671,3.415
1714822843736,2024-05-04T14:40:43.736,65.330,-0.915,0.366,2.195
1714822843746,2024-05-04T14:40:43.746,65.340,-1.768,-1.220,1.646
1714822843756,2024-05-04T14:40:43.756,65.350,-1.280,-3.902,1.280
1714822843766,2024-05-04T14:40:43.766,65.360,-1.280,-6.463,1.037
1714822843776,2024-05-04T14:40:43.776,65.370,-1.951,-7.439,0.732
1714822843786,2024-05-04T14:40:43.786,65.380,-1.890,-6.220,0.610
1714822843796,2024-05-04T14:40:43.796,65.390,-2.134,-4.024,0.732
1714822843806,2024-05-04T14:40:43.806,65.400,-5.122,-2.622,0.915
1714822843816,2024-05-04T14:40:43.816,65.410,-8.049,-3.110,0.732
1714822843826,2024-05-04T14:40:43.826,65.420,-8.537,-4.146,1.280
1714822843836,2024-05-04T14:40:43.836,65.430,-8.354,-5.122,2.805
1714822843846,2024-05-04T14:40:43.846,65.440,-9.146,-5.427,4.817
1714822843856,2024-05-04T14:40:43.856,65.450,-11.585,-3.780,6.585
1714822843866,2024-05-04T14:40:43.866,65.460,-16.524,0.061,9.451
1714822843876,2024-05-04T14:40:43.876,65.470,-21.341,3.232,13.720
1714822843886,2024-05-04T14:40:43.886,65.480,-24.390,9.085,16.098
1714822843896,2024-05-04T14:40:43.896,65.490,-26.768,16.280,18.110
1714822843906,2024-05-04T14:40:43.906,65.500,-30.671,22.683,15.183
1714822843916,2024-05-04T14:40:43.916,65.510,-33.171,25.976,9.024
1714822843926,2024-05-04T14:40:43.926,65.520,-36.829,28.049,7.317
1714822843936,2024-05-04T14:40:43.936,65.530,-38.232,31.280,6.707
1714822843946,2024-05-04T14:40:43.946,65.540,-38.476,31.402,6.159
1714822843956,2024-05-04T14:40:43.956,65.550,-39.024,32.317,4.329
1714822843966,2024-05-04T14:40:43.966,65.560,-36.707,38.415,3.780
1714822843976,2024-05-04T14:40:43.976,65.570,-31.280,46.159,1.524
1714822843986,2024-05-04T14:40:43.986,65.580,-22.500,46.768,2.378
1714822843996,2024-05-04T14:40:43.996,65.590,-11.646,36.341,5.305
1714822844006,2024-05-04T14:40:44.006,65.600,-3.720,25.915,3.537
1714822844016,2024-05-04T14:40:44.016,65.610,9.329,26.829,5.732
1714822844026,2024-05-04T14:40:44.026,65.620,21.646,21.585,11.524
1714822844036,2024-05-04T14:40:44.036,65.630,55.854,17.378,23.537
1714822844046,2024-05-04T14:40:44.046,65.640,95.854,18.476,28.476
1714822844056,2024-05-04T14:40:44.056,65.650,134.817,19.146,31.890
1714822844066,2024-05-04T14:40:44.066,65.660,158.415,15.854,42.988
1714822844076,2024-05-04T14:40:44.076,65.670,164.695,-2.561,47.012
1714822844086,2024-05-04T14:40:44.086,65.680,167.073,-37.988,40.976
1714822844096,2024-05-04T14:40:44.096,65.690,160.610,-78.415,27.195
1714822844106,2024-05-04T14:40:44.106,65.700,144.329,-111.646,2.012
1714822844116,2024-05-04T14:40:44.116,65.710,140.061,-123.232,-16.280
1714822844126,2024-05-04T14:40:44.126,65.720,131.341,-116.890,-1.829
1714822844136,2024-05-04T14:40:44.136,65.730,111.280,-85.549,14.207
1714822844146,2024-05-04T14:40:44.146,65.740,94.207,-49.451,10.305
1714822844156,2024-05-04T14:40:44.156,65.750,84.817,-27.073,-1.768
1714822844166,2024-05-04T14:40:44.166,65.760,93.780,-21.037,-20.488
1714822844176,2024-05-04T14:40:44.176,65.770,84.329,-16.037,-18.415
1714822844186,2024-05-04T14:40:44.186,65.780,59.146,0.915,-10.183
1714822844196,2024-05-04T14:40:44.196,65.790,34.329,24.085,0.183
1714822844206,2024-05-04T14:40:44.206,65.800,16.524,40.244,5.671
1714822844216,2024-05-04T14:40:44.216,65.810,-4.268,35.305,6.098
1714822844226,2024-05-04T14:40:44.226,65.820,-22.134,12.256,11.524
1714822844236,2024-05-04T14:40:44.236,65.830,-33.476,-9.451,13.841
1714822844246,2024-05-04T14:40:44.246,65.840,-40.427,-21.768,10.366
1714822844256,2024-05-04T14:40:44.256,65.850,-44.512,-33.476,3.780
1714822844266,2024-05-04T14:40:44.266,65.860,-47.134,-46.037,-3.049
1714822844276,2024-05-04T14:40:44.276,65.870,-48.049,-53.902,-6.707
1714822844286,2024-05-04T14:40:44.286,65.880,-46.951,-53.232,-9.939
1714822844296,2024-05-04T14:40:44.296,65.890,-43.841,-45.793,-14.573
1714822844306,2024-05-04T14:40:44.306,65.900,-38.598,-31.159,-17.317
1714822844316,2024-05-04T14:40:44.316,65.910,-32.683,-11.098,-15.976
1714822844326,2024-05-04T14:40:44.326,65.920,-30.854,6.951,-13.476
1714822844336,2024-05-04T14:40:44.336,65.930,-32.012,23.171,-14.390
1714822844346,2024-05-04T14:40:44.346,65.940,-30.000,32.073,-12.439
1714822844356,2024-05-04T14:40:44.356,65.950,-29.268,25.427,-8.476
1714822844366,2024-05-04T14:40:44.366,65.960,-33.841,13.354,-7.012
1714822844376,2024-05-04T14:40:44.376,65.970,-38.476,8.659,-4.878
1714822844386,2024-05-04T14:40:44.386,65.980,-43.476,10.122,-4.512
1714822844396,2024-05-04T14:40:44.396,65.990,-47.805,14.390,-9.146
1714822844406,2024-05-04T14:40:44.406,66.000,-51.890,19.939,-14.268
1714822844416,2024-05-04T14:40:44.416,66.010,-58.171,25.549,-16.098
1714822844426,2024-05-04T14:40:44.426,66.020,-63.841,27.561,-14.817
1714822844436,2024-05-04T14:40:44.436,66.030,-69.085,22.195,-11.646
1714822844446,2024-05-04T14:40:44.446,66.040,-70.610,15.366,-8.598
1714822844456,2024-05-04T14:40:44.456,66.050,-65.427,10.427,-7.378
1714822844466,2024-05-04T14:40:44.466,66.060,-58.537,5.000,-5.915
1714822844476,2024-05-04T14:40:44.476,66.070,-53.049,-3.049,-6.098
1714822844486,2024-05-04T14:40:44.486,66.080,-46.037,-14.024,-11.098
1714822844496,2024-05-04T14:40:44.496,66.090,-28.354,-9.634,-18.476
1714822844506,2024-05-04T14:40:44.506,66.100,-15.061,8.659,-10.671
1714822844516,2024-05-04T14:40:44.516,66.110,-15.793,26.768,-1.402
1714822844526,2024-05-04T14:40:44.526,66.120,-20.610,29.085,-2.988
1714822844536,2024-05-04T14:40:44.536,66.130,-21.707,18.537,-2.927
1714822844546,2024-05-04T14:40:44.546,66.140,-17.561,6.280,-1.768
1714822844556,2024-05-04T14:40:44.556,66.150,-15.305,1.220,-0.549
1714822844566,2024-05-04T14:40:44.566,66.160,-15.976,10.732,4.939
1714822844576,2024-05-04T14:40:44.576,66.170,-23.415,23.963,3.841
1714822844586,2024-05-04T14:40:44.586,66.180,-25.915,29.939,3.963
1714822844596,2024-05-04T14:40:44.596,66.190,-22.988,15.976,5.976
1714822844606,2024-05-04T14:40:44.606,66.200,-18.354,-12.195,4.756
1714822844616,2024-05-04T14:40:44.616,66.210,-13.720,-35.793,2.378
1714822844626,2024-05-04T14:40:44.626,66.220,-11.220,-40.549,2.134
1714822844636,2024-05-04T14:40:44.636,66.230,-10.305,-30.122,1.829
1714822844646,2024-05-04T14:40:44.646,66.240,-8.780,-16.159,-0.305
1714822844656,2024-05-04T14:40:44.656,66.250,-6.646,-5.183,-1.037
1714822844666,2024-05-04T14:40:44.666,66.260,-4.207,2.134,-1.220
1714822844676,2024-05-04T14:40:44.676,66.270,-2.866,5.732,-2.073
1714822844686,2024-05-04T14:40:44.686,66.280,-1.585,6.159,-2.134
1714822844696,2024-05-04T14:40:44.696,66.290,-0.427,2.378,-0.488
1714822844706,2024-05-04T14:40:44.706,66.300,-0.854,-4.756,1.220
1714822844716,2024-05-04T14:40:44.716,66.310,-1.341,-9.146,3.171
1714822844726,2024-05-04T14:40:44.726,66.320,-0.549,-8.293,5.122
1714822844736,2024-05-04T14:40:44.736,66.330,0.000,-3.780,6.159
1714822844746,2024-05-04T14:40:44.746,66.340,-0.305,0.366,5.671
1714822844756,2024-05-04T14:40:44.756,66.350,-0.488,2.439,4.512
1714822844766,2024-05-04T14:40:44.766,66.360,-0.183,3.293,4.085
1714822844776,2024-05-04T14:40:44.776,66.370,-0.427,1.524,3.841
1714822844786,2024-05-04T14:40:44.786,66.380,-0.976,-2.073,3.415
1714822844796,2024-05-04T14:40:44.796,66.390,-1.037,-4.207,2.134
1714822844806,2024-05-04T14:40:44.806,66.400,-1.220,-3.598,1.280
1714822844816,2024-05-04T14:40:44.816,66.410,-1.463,-1.524,1.463
1714822844826,2024-05-04T14:40:44.826,66.420,-1.829,1.341,1.098
1714822844836,2024-05-04T14:40:44.836,66.430,-2.317,4.573,0.183
1714822844846,2024-05-04T14:40:44.846,66.440,-2.683,6.280,0.000
1714822844856,2024-05-04T14:40:44.856,66.450,-3.598,5.854,0.244
1714822844866,2024-05-04T14:40:44.866,66.460,-4.634,4.634,0.976
1714822844876,2024-05-04T14:40:44.876,66.470,-5.122,2.622,2.012
1714822844886,2024-05-04T14:40:44.886,66.480,-5.061,0.244,2.744
1714822844896,2024-05-04T14:40:44.896,66.490,-4.878,-0.854,3.293
1714822844906,2024-05-04T14:40:44.906,66.500,-5.244,-0.183,3.902
1714822844916,2024-05-04T14:40:44.916,66.510,-5.488,1.585,4.390
1714822844926,2024-05-04T14:40:44.926,66.520,-5.976,2.927,5.061
1714822844936,2024-05-04T14:40:44.936,66.530,-7.622,2.134,5.793
1714822844946,2024-05-04T14:40:44.946,66.540,-10.305,0.854,6.098
1714822844956,2024-05-04T14:40:44.956,66.550,-12.866,-0.366,6.585
1714822844966,2024-05-04T14:40:44.966,66.560,-14.207,-2.073,7.988
1714822844976,2024-05-04T14:40:44.976,66.570,-15.427,-3.171,9.573
1714822844986,2024-05-04T14:40:44.986,66.580,-18.049,-1.585,10.732
1714822844996,2024-05-04T14:40:44.996,66.590,-20.854,3.293,11.037
1714822845006,2024-05-04T14:40:45.006,66.600,-23.232,9.329,10.732
1714822845016,2024-05-04T14:40:45.016,66.610,-26.463,14.390,9.451
1714822845026,2024-05-04T14:40:45.026,66.620,-29.756,16.951,8.902
1714822845036,2024-05-04T14:40:45.036,66.630,-31.646,18.171,7.744
1714822845046,2024-05-04T14:40:45.046,66.640,-32.378,21.646,6.280
1714822845056,2024-05-04T14:40:45.056,66.650,-34.085,27.073,6.768
1714822845066,2024-05-04T14:40:45.066,66.660,-33.598,30.305,7.561
1714822845076,2024-05-04T14:40:45.076,66.670,-31.402,29.573,5.488
1714822845086,2024-05-04T14:40:45.086,66.680,-32.622,30.976,3.720
1714822845096,2024-05-04T14:40:45.096,66.690,-33.293,31.280,2.927
1714822845106,2024-05-04T14:40:45.106,66.700,-30.427,26.037,-1.220
1714822845116,2024-05-04T14:40:45.116,66.710,-27.073,23.537,-5.244
1714822845126,2024-05-04T14:40:45.126,66.720,-24.695,32.195,-7.927
1714822845136,2024-05-04T14:40:45.136,66.730,-32.683,38.476,-11.341
1714822845146,2024-05-04T14:40:45.146,66.740,-44.634,27.134,-15.366
1714822845156,2024-05-04T14:40:45.156,66.750,-44.268,-0.915,-14.329
1714822845166,2024-05-04T14:40:45.166,66.760,-36.402,-29.207,-11.951
1714822845176,2024-05-04T14:40:45.176,66.770,-28.537,-44.268,-4.512
1714822845186,2024-05-04T14:40:45.186,66.780,-16.890,-30.549,7.195
1714822845196,2024-05-04T14:40:45.196,66.790,6.341,-5.183,18.110
1714822845206,2024-05-04T14:40:45.206,66.800,37.134,8.598,19.085
1714822845216,2024-05-04T14:40:45.216,66.810,78.293,18.049,16.646
1714822845226,2024-05-04T14:40:45.226,66.820,116.220,22.927,19.024
1714822845236,2024-05-04T14:40:45.236,66.830,157.134,11.524,29.695
1714822845246,2024-05-04T14:40:45.246,66.840,185.549,-11.951,45.488
1714822845256,2024-05-04T14:40:45.256,66.850,186.463,-36.951,54.695
1714822845266,2024-05-04T14:40:45.266,66.860,177.561,-73.963,53.598
1714822845276,2024-05-04T14:40:45.276,66.870,171.280,-123.171,30.427
1714822845286,2024-05-04T14:40:45.286,66.880,153.720,-164.756,-7.134
1714822845296,2024-05-04T14:40:45.296,66.890,133.232,-188.476,-22.378
1714822845306,2024-05-04T14:40:45.306,66.900,130.122,-175.366,-16.098
1714822845316,2024-05-04T14:40:45.316,66.910,126.341,-108.171,-12.134
1714822845326,2024-05-04T14:40:45.326,66.920,116.524,-47.988,1.402
1714822845336,2024-05-04T14:40:45.336,66.930,97.805,-44.939,10.122
1714822845346,2024-05-04T14:40:45.346,66.940,105.854,-65.183,-27.744
1714822845356,2024-05-04T14:40:45.356,66.950,109.390,-55.061,-27.683
1714822845366,2024-05-04T14:40:45.366,66.960,81.402,-1.829,-14.390
1714822845376,2024-05-04T14:40:45.376,66.970,47.073,73.171,-3.415
1714822845386,2024-05-04T14:40:45.386,66.980,20.915,116.890,6.402
1714822845396,2024-05-04T14:40:45.396,66.990,0.244,106.463,11.402
1714822845406,2024-05-04T14:40:45.406,67.000,-21.037,74.146,13.171
1714822845416,2024-05-04T14:40:45.416,67.010,-39.085,39.085,10.427
1714822845426,2024-05-04T14:40:45.426,67.020,-49.024,2.866,6.280
1714822845436,2024-05-04T14:40:45.436,67.030,-52.744,-25.244,5.427
1714822845446,2024-05-04T14:40:45.446,67.040,-54.451,-45.488,3.841
1714822845456,2024-05-04T14:40:45.456,67.050,-53.841,-58.415,2.073
1714822845466,2024-05-04T14:40:45.466,67.060,-50.366,-63.171,-0.793
1714822845476,2024-05-04T14:40:45.476,67.070,-46.402,-54.817,-3.354
1714822845486,2024-05-04T14:40:45.486,67.080,-44.756,-33.780,-6.159
1714822845496,2024-05-04T14:40:45.496,67.090,-44.024,-3.293,-8.780
1714822845506,2024-05-04T14:40:45.506,67.100,-40.854,27.927,-10.732
1714822845516,2024-05-04T14:40:45.516,67.110,-37.073,47.927,-11.463
1714822845526,2024-05-04T14:40:45.526,67.120,-36.341,53.110,-8.720
1714822845536,2024-05-04T14:40:45.536,67.130,-37.195,49.390,-6.890
1714822845546,2024-05-04T14:40:45.546,67.140,-37.195,39.634,-6.646
1714822845556,2024-05-04T14:40:45.556,67.150,-37.683,26.098,-6.768
1714822845566,2024-05-04T14:40:45.566,67.160,-39.085,11.890,-6.768
1714822845576,2024-05-04T14:40:45.576,67.170,-40.549,-0.366,-8.110
1714822845586,2024-05-04T14:40:45.586,67.180,-42.683,-8.171,-10.366
1714822845596,2024-05-04T14:40:45.596,67.190,-46.768,-9.512,-10.671
1714822845606,2024-05-04T14:40:45.606,67.200,-49.878,-4.695,-9.146
1714822845616,2024-05-04T14:40:45.616,67.210,-53.110,3.110,-8.110
1714822845626,2024-05-04T14:40:45.626,67.220,-55.122,11.463,-8.293
1714822845636,2024-05-04T14:40:45.636,67.230,-54.268,19.146,-9.634
1714822845646,2024-05-04T14:40:45.646,67.240,-53.110,17.927,-6.890
1714822845656,2024-05-04T14:40:45.656,67.250,-47.134,19.451,-7.317
1714822845666,2024-05-04T14:40:45.666,67.260,-39.878,24.207,-8.476
1714822845676,2024-05-04T14:40:45.676,67.270,-36.890,17.866,-2.561
1714822845686,2024-05-04T14:40:45.686,67.280,-31.341,12.317,0.122
1714822845696,2024-05-04T14:40:45.696,67.290,-22.378,-2.561,0.000
1714822845706,2024-05-04T14:40:45.706,67.300,-18.841,-19.878,1.585
1714822845716,2024-05-04T14:40:45.716,67.310,-20.305,-26.829,0.854
1714822845726,2024-05-04T14:40:45.726,67.320,-19.878,-24.390,-3.659
1714822845736,2024-05-04T14:40:45.736,67.330,-17.744,-13.049,-5.244
1714822845746,2024-05-04T14:40:45.746,67.340,-15.366,4.451,-2.744
1714822845756,2024-05-04T14:40:45.756,67.350,-12.866,20.244,-5.061
1714822845766,2024-05-04T14:40:45.766,67.360,-15.366,27.683,-4.268
1714822845776,2024-05-04T14:40:45.776,67.370,-20.915,30.671,0.061
1714822845786,2024-05-04T14:40:45.786,67.380,-23.232,26.951,0.183
1714822845796,2024-05-04T14:40:45.796,67.390,-21.220,15.732,-0.427
1714822845806,2024-05-04T14:40:45.806,67.400,-18.171,3.415,-0.244
1714822845816,2024-05-04T14:40:45.816,67.410,-16.280,-5.366,-1.829
1714822845826,2024-05-04T14:40:45.826,67.420,-15.122,-11.890,-3.171
1714822845836,2024-05-04T14:40:45.836,67.430,-14.207,-16.646,-3.476
1714822845846,2024-05-04T14:40:45.846,67.440,-13.171,-18.537,-3.780
1714822845856,2024-05-04T14:40:45.856,67.450,-12.561,-15.305,-3.415
1714822845866,2024-05-04T14:40:45.866,67.460,-12.317,-8.598,-3.415
1714822845876,2024-05-04T14:40:45.876,67.470,-12.134,-2.134,-4.512
1714822845886,2024-05-04T14:40:45.886,67.480,-12.073,2.988,-4.817
1714822845896,2024-05-04T14:40:45.896,67.490,-12.012,6.159,-4.573
1714822845906,2024-05-04T14:40:45.906,67.500,-10.610,7.134,-3.720
1714822845916,2024-05-04T14:40:45.916,67.510,-8.720,6.098,-2.500
1714822845926,2024-05-04T14:40:45.926,67.520,-7.500,3.841,-1.707
1714822845936,2024-05-04T14:40:45.936,67.530,-7.256,1.463,-1.280
1714822845946,2024-05-04T14:40:45.946,67.540,-7.622,-0.183,0.000
1714822845956,2024-05-04T14:40:45.956,67.550,-6.829,-1.341,1.159
1714822845966,2024-05-04T14:40:45.966,67.560,-5.061,-1.829,1.220
1714822845976,2024-05-04T14:40:45.976,67.570,-3.171,-0.671,1.768
1714822845986,2024-05-04T14:40:45.986,67.580,-1.951,2.195,2.012
1714822845996,2024-05-04T14:40:45.996,67.590,-1.890,4.756,1.098
1714822846006,2024-05-04T14:40:46.006,67.600,-2.988,6.707,0.366
1714822846016,2024-05-04T14:40:46.016,67.610,-3.720,6.280,0.305
1714822846026,2024-05-04T14:40:46.026,67.620,-3.841,1.646,1.707
1714822846036,2024-05-04T14:40:46.036,67.630,-3.902,-3.354,3.049
1714822846046,2024-05-04T14:40:46.046,67.640,-4.268,-4.939,2.866
1714822846056,2024-05-04T14:40:46.056,67.650,-3.720,-2.988,2.683
1714822846066,2024-05-04T14:40:46.066,67.660,-2.561,0.244,2.683
1714822846076,2024-05-04T14:40:46.076,67.670,-2.378,2.012,2.073
1714822846086,2024-05-04T14:40:46.086,67.680,-1.951,1.646,1.341
1714822846096,2024-05-04T14:40:46.096,67.690,-0.671,-0.671,1.220
1714822846106,2024-05-04T14:40:46.106,67.700,0.122,-2.805,1.463
1714822846116,2024-05-04T14:40:46.116,67.710,0.244,-3.110,1.524
1714822846126,2024-05-04T14:40:46.126,67.720,0.305,-0.732,1.707
1714822846136,2024-05-04T14:40:46.136,67.730,0.488,3.293,1.463
1714822846146,2024-05-04T14:40:46.146,67.740,0.976,7.744,1.220
1714822846156,2024-05-04T14:40:46.156,67.750,0.732,9.390,1.220
1714822846166,2024-05-04T14:40:46.166,67.760,0.000,7.439,1.829
1714822846176,2024-05-04T14:40:46.176,67.770,0.122,3.415,2.561
1714822846186,2024-05-04T14:40:46.186,67.780,-0.305,-0.366,2.988
1714822846196,2024-05-04T14:40:46.196,67.790,-0.061,-2.744,3.354
1714822846206,2024-05-04T14:40:46.206,67.800,2.195,-2.378,3.720
1714822846216,2024-05-04T14:40:46.216,67.810,3.049,-1.646,3.780
1714822846226,2024-05-04T14:40:46.226,67.820,2.317,-0.183,4.634
1714822846236,2024-05-04T14:40:46.236,67.830,0.671,2.317,4.939
1714822846246,2024-05-04T14:40:46.246,67.840,-1.463,7.073,5.244
1714822846256,2024-05-04T14:40:46.256,67.850,-3.902,11.341,5.427
1714822846266,2024-05-04T14:40:46.266,67.860,-3.476,11.037,6.646
1714822846276,2024-05-04T14:40:46.276,67.870,-2.988,8.171,7.683
1714822846286,2024-05-04T14:40:46.286,67.880,-4.329,6.829,8.171
1714822846296,2024-05-04T14:40:46.296,67.890,-4.695,7.256,9.329
1714822846306,2024-05-04T14:40:46.306,67.900,-4.817,7.561,9.329
1714822846316,2024-05-04T14:40:46.316,67.910,-8.232,7.805,11.524
1714822846326,2024-05-04T14:40:46.326,67.920,-11.220,9.024,14.146
1714822846336,2024-05-04T14:40:46.336,67.930,-12.561,10.549,12.073
1714822846346,2024-05-04T14:40:46.346,67.940,-15.732,12.988,8.720
1714822846356,2024-05-04T14:40:46.356,67.950,-19.329,15.854,8.476
1714822846366,2024-05-04T14:40:46.366,67.960,-22.317,25.915,6.098
1714822846376,2024-05-04T14:40:46.376,67.970,-21.585,47.927,3.171
1714822846386,2024-05-04T14:40:46.386,67.980,-16.707,68.780,-1.890
1714822846396,2024-05-04T14:40:46.396,67.990,-13.110,73.049,-7.805
1714822846406,2024-05-04T14:40:46.406,68.000,-8.354,55.610,-10.366
1714822846416,2024-05-04T14:40:46.416,68.010,-3.780,35.305,-11.585
1714822846426,2024-05-04T14:40:46.426,68.020,0.122,25.305,-11.098
1714822846436,2024-05-04T14:40:46.436,68.030,6.159,23.598,-12.317
1714822846446,2024-05-04T14:40:46.446,68.040,13.659,20.610,-12.683
1714822846456,2024-05-04T14:40:46.456,68.050,22.988,12.683,-10.488
1714822846466,2024-05-04T14:40:46.466,68.060,40.366,1.402,-4.390
1714822846476,2024-05-04T14:40:46.476,68.070,62.317,-9.573,3.780
1714822846486,2024-05-04T14:40:46.486,68.080,90.305,-11.463,10.061
1714822846496,2024-05-04T14:40:46.496,68.090,120.854,0.915,20.183
1714822846506,2024-05-04T14:40:46.506,68.100,142.744,13.049,30.732
1714822846516,2024-05-04T14:40:46.516,68.110,160.061,12.256,30.732
1714822846526,2024-05-04T14:40:46.526,68.120,169.878,-5.976,23.598
1714822846536,2024-05-04T14:40:46.536,68.130,165.610,-40.305,13.659
1714822846546,2024-05-04T14:40:46.546,68.140,160.732,-69.390,6.585
1714822846556,2024-05-04T14:40:46.556,68.150,151.402,-71.280,5.793
1714822846566,2024-05-04T14:40:46.566,68.160,140.183,-61.037,21.707
1714822846576,2024-05-04T14:40:46.576,68.170,138.537,-54.573,35.061
1714822846586,2024-05-04T14:40:46.586,68.180,151.220,-59.695,5.549
1714822846596,2024-05-04T14:40:46.596,68.190,152.988,-53.232,-0.732
1714822846606,2024-05-04T14:40:46.606,68.200,127.927,-31.220,3.293
1714822846616,2024-05-04T14:40:46.616,68.210,99.024,-4.756,-2.439
1714822846626,2024-05-04T14:40:46.626,68.220,70.427,8.476,-1.402
1714822846636,2024-05-04T14:40:46.636,68.230,41.646,5.793,3.841
1714822846646,2024-05-04T14:40:46.646,68.240,14.756,-2.927,6.159
1714822846656,2024-05-04T14:40:46.656,68.250,-11.159,-16.220,10.793
1714822846666,2024-05-04T14:40:46.666,68.260,-32.195,-30.793,16.768
1714822846676,2024-05-04T14:40:46.676,68.270,-46.768,-41.220,16.829
1714822846686,2024-05-04T14:40:46.686,68.280,-57.073,-46.829,13.476
1714822846696,2024-05-04T14:40:46.696,68.290,-64.024,-50.732,10.793
1714822846706,2024-05-04T14:40:46.706,68.300,-67.927,-50.488,6.707
1714822846716,2024-05-04T14:40:46.716,68.310,-67.439,-43.110,-0.976
1714822846726,2024-05-04T14:40:46.726,68.320,-61.768,-25.122,-6.951
1714822846736,2024-05-04T14:40:46.736,68.330,-54.451,0.305,-9.939
1714822846746,2024-05-04T14:40:46.746,68.340,-47.378,17.683,-14.878
1714822846756,2024-05-04T14:40:46.756,68.350,-41.646,26.280,-18.171
1714822846766,2024-05-04T14:40:46.766,68.360,-41.220,32.927,-17.561
1714822846776,2024-05-04T14:40:46.776,68.370,-44.085,40.854,-15.427
1714822846786,2024-05-04T14:40:46.786,68.380,-47.256,46.341,-18.171
1714822846796,2024-05-04T14:40:46.796,68.390,-51.829,46.159,-23.659
1714822846806,2024-05-04T14:40:46.806,68.400,-59.512,34.146,-25.610
1714822846816,2024-05-04T14:40:46.816,68.410,-69.451,15.488,-19.878
1714822846826,2024-05-04T14:40:46.826,68.420,-80.305,-2.256,-10.549
1714822846836,2024-05-04T14:40:46.836,68.430,-89.207,-17.500,-3.902
1714822846846,2024-05-04T14:40:46.846,68.440,-92.195,-23.780,-0.610
1714822846856,2024-05-04T14:40:46.856,68.450,-88.780,-20.671,-4.085
1714822846866,2024-05-04T14:40:46.866,68.460,-77.622,-14.878,-4.573
1714822846876,2024-05-04T14:40:46.876,68.470,-62.134,-2.866,1.646
1714822846886,2024-05-04T14:40:46.886,68.480,-47.988,10.000,2.439
1714822846896,2024-05-04T14:40:46.896,68.490,-43.720,7.988,5.183
1714822846906,2024-05-04T14:40:46.906,68.500,-48.171,5.610,5.061
1714822846916,2024-05-04T14:40:46.916,68.510,-53.171,7.805,6.220
1714822846926,2024-05-04T14:40:46.926,68.520,-55.427,14.085,12.012
1714822846936,2024-05-04T14:40:46.936,68.530,-49.451,22.927,12.317
1714822846946,2024-05-04T14:40:46.946,68.540,-38.171,18.171,5.854
1714822846956,2024-05-04T14:40:46.956,68.550,-31.159,2.256,3.049
1714822846966,2024-05-04T14:40:46.966,68.560,-30.183,-10.793,4.329
1714822846976,2024-05-04T14:40:46.976,68.570,-30.427,-14.512,5.366
1714822846986,2024-05-04T14:40:46.986,68.580,-29.085,-8.110,6.280
1714822846996,2024-05-04T14:40:46.996,68.590,-27.256,3.720,8.476
1714822847006,2024-05-04T14:40:47.006,68.600,-25.976,15.122,11.037
1714822847016,2024-05-04T14:40:47.016,68.610,-25.793,24.085,11.341
1714822847026,2024-05-04T14:40:47.026,68.620,-27.256,31.890,9.268
1714822847036,2024-05-04T14:40:47.036,68.630,-27.500,33.537,4.024
1714822847046,2024-05-04T14:40:47.046,68.640,-23.902,17.805,-3.902
1714822847056,2024-05-04T14:40:47.056,68.650,-17.439,-11.463,-6.585
1714822847066,2024-05-04T14:40:47.066,68.660,-10.549,-29.634,-5.061
1714822847076,2024-05-04T14:40:47.076,68.670,-6.768,-34.268,-8.049
1714822847086,2024-05-04T14:40:47.086,68.680,-7.744,-28.293,-12.256
1714822847096,2024-05-04T14:40:47.096,68.690,-10.610,-14.329,-12.866
1714822847106,2024-05-04T14:40:47.106,68.700,-13.354,0.976,-11.463
1714822847116,2024-05-04T14:40:47.116,68.710,-16.037,11.037,-9.573
1714822847126,2024-05-04T14:40:47.126,68.720,-17.500,13.049,-8.537
1714822847136,2024-05-04T14:40:47.136,68.730,-16.280,7.683,-6.463
1714822847146,2024-05-04T14:40:47.146,68.740,-14.634,1.768,-4.756
1714822847156,2024-05-04T14:40:47.156,68.750,-13.963,-0.183,-4.451
1714822847166,2024-05-04T14:40:47.166,68.760,-13.171,1.585,-3.841
1714822847176,2024-05-04T14:40:47.176,68.770,-11.402,3.720,-3.293
1714822847186,2024-05-04T14:40:47.186,68.780,-9.207,4.451,-3.049
1714822847196,2024-05-04T14:40:47.196,68.790,-7.866,6.585,-2.256
1714822847206,2024-05-04T14:40:47.206,68.800,-6.890,10.122,-2.378
1714822847216,2024-05-04T14:40:47.216,68.810,-5.305,11.951,-2.805
1714822847226,2024-05-04T14:40:47.226,68.820,-4.268,10.183,-2.195
1714822847236,2024-05-04T14:40:47.236,68.830,-4.207,7.256,-2.744
1714822847246,2024-05-04T14:40:47.246,68.840,-2.988,4.817,-4.512
1714822847256,2024-05-04T14:40:47.256,68.850,-1.402,4.634,-3.232
1714822847266,2024-05-04T14:40:47.266,68.860,-1.707,5.671,-2.134
1714822847276,2024-05-04T14:40:47.276,68.870,-3.171,6.220,-2.378
1714822847286,2024-05-04T14:40:47.286,68.880,-3.841,6.829,-1.646
1714822847296,2024-05-04T14:40:47.296,68.890,-3.598,7.439,-0.366
1714822847306,2024-05-04T14:40:47.306,68.900,-3.354,7.622,0.671
1714822847316,2024-05-04T14:40:47.316,68.910,-3.415,7.439,1.402
1714822847326,2024-05-04T14:40:47.326,68.920,-3.598,8.110,1.402
1714822847336,2024-05-04T14:40:47.336,68.930,-4.573,9.451,1.341
1714822847346,2024-05-04T14:40:47.346,68.940,-6.524,10.183,0.854
1714822847356,2024-05-04T14:40:47.356,68.950,-8.293,9.939,0.122
1714822847366,2024-05-04T14:40:47.366,68.960,-8.902,9.939,-0.976
1714822847376,2024-05-04T14:40:47.376,68.970,-8.171,9.451,-0.915
1714822847386,2024-05-04T14:40:47.386,68.980,-6.585,7.500,0.915
1714822847396,2024-05-04T14:40:47.396,68.990,-6.463,4.024,2.378
1714822847406,2024-05-04T14:40:47.406,69.000,-8.293,0.061,1.951
1714822847416,2024-05-04T14:40:47.416,69.010,-9.268,-3.476,1.768
1714822847426,2024-05-04T14:40:47.426,69.020,-8.598,-6.524,2.256
1714822847436,2024-05-04T14:40:47.436,69.030,-7.134,-10.976,2.195
1714822847446,2024-05-04T14:40:47.446,69.040,-5.122,-17.256,2.622
1714822847456,2024-05-04T14:40:47.456,69.050,-5.000,-22.988,2.683
1714822847466,2024-05-04T14:40:47.466,69.060,-7.500,-24.390,2.195
1714822847476,2024-05-04T14:40:47.476,69.070,-10.305,-22.866,2.256
1714822847486,2024-05-04T14:40:47.486,69.080,-10.549,-21.707,1.890
1714822847496,2024-05-04T14:40:47.496,69.090,-10.488,-20.305,0.427
1714822847506,2024-05-04T14:40:47.506,69.100,-10.061,-18.476,-0.549
1714822847516,2024-05-04T14:40:47.516,69.110,-8.049,-16.768,1.159
1714822847526,2024-05-04T14:40:47.526,69.120,-7.195,-15.183,2.256
1714822847536,2024-05-04T14:40:47.536,69.130,-6.280,-14.268,2.134
1714822847546,2024-05-04T14:40:47.546,69.140,-4.695,-11.829,3.171
1714822847556,2024-05-04T14:40:47.556,69.150,-6.890,-10.061,3.232
1714822847566,2024-05-04T14:40:47.566,69.160,-10.122,-13.232,3.902
1714822847576,2024-05-04T14:40:47.576,69.170,-12.683,-19.451,6.402
1714822847586,2024-05-04T14:40:47.586,69.180,-11.829,-25.244,8.049
1714822847596,2024-05-04T14:40:47.596,69.190,-11.768,-22.195,6.220
1714822847606,2024-05-04T14:40:47.606,69.200,-13.598,-12.500,5.915
1714822847616,2024-05-04T14:40:47.616,69.210,-13.659,-0.793,6.890
1714822847626,2024-05-04T14:40:47.626,69.220,-11.646,10.610,6.646
1714822847636,2024-05-04T14:40:47.636,69.230,-11.463,18.963,3.659
1714822847646,2024-05-04T14:40:47.646,69.240,-13.780,25.915,2.256
1714822847656,2024-05-04T14:40:47.656,69.250,-14.268,33.963,2.622
1714822847666,2024-05-04T14:40:47.666,69.260,-15.671,51.098,-2.744
1714822847676,2024-05-04T14:40:47.676,69.270,-18.293,76.159,-6.402
1714822847686,2024-05-04T14:40:47.686,69.280,-20.183,100.915,-7.439
1714822847696,2024-05-04T14:40:47.696,69.290,-18.354,124.756,-12.073
1714822847706,2024-05-04T14:40:47.706,69.300,-11.402,143.659,-17.561
1714822847716,2024-05-04T14:40:47.716,69.310,-2.378,149.085,-17.561
1714822847726,2024-05-04T14:40:47.726,69.320,7.317,134.695,-8.780
1714822847736,2024-05-04T14:40:47.736,69.330,18.537,106.280,0.671
1714822847746,2024-05-04T14:40:47.746,69.340,39.817,79.695,11.098
1714822847756,2024-05-04T14:40:47.756,69.350,69.939,53.476,22.866
1714822847766,2024-05-04T14:40:47.766,69.360,109.817,35.122,39.756
1714822847776,2024-05-04T14:40:47.776,69.370,152.378,32.256,55.244
1714822847786,2024-05-04T14:40:47.786,69.380,198.902,35.732,76.098
1714822847796,2024-05-04T14:40:47.796,69.390,214.756,34.695,95.854
1714822847806,2024-05-04T14:40:47.806,69.400,213.537,18.415,92.134
1714822847816,2024-05-04T14:40:47.816,69.410,223.049,-18.049,64.024
1714822847826,2024-05-04T14:40:47.826,69.420,208.963,-57.866,29.634
1714822847836,2024-05-04T14:40:47.836,69.430,171.463,-85.854,12.561
1714822847846,2024-05-04T14:40:47.846,69.440,166.768,-99.390,7.683
1714822847856,2024-05-04T14:40:47.856,69.450,160.793,-98.171,9.268
1714822847866,2024-05-04T14:40:47.866,69.460,145.427,-68.171,15.488
1714822847876,2024-05-04T14:40:47.876,69.470,121.463,-44.451,26.159
1714822847886,2024-05-04T14:40:47.886,69.480,105.305,-40.976,6.341
1714822847896,2024-05-04T14:40:47.896,69.490,96.341,-42.256,2.134
1714822847906,2024-05-04T14:40:47.906,69.500,75.183,-31.402,10.427
1714822847916,2024-05-04T14:40:47.916,69.510,50.915,-14.146,5.610
1714822847926,2024-05-04T14:40:47.926,69.520,30.366,-9.024,11.098
1714822847936,2024-05-04T14:40:47.936,69.530,9.024,-21.890,18.354
1714822847946,2024-05-04T14:40:47.946,69.540,-11.585,-36.280,20.915
1714822847956,2024-05-04T14:40:47.956,69.550,-29.634,-40.854,21.402
1714822847966,2024-05-04T14:40:47.966,69.560,-40.976,-43.780,18.598
1714822847976,2024-05-04T14:40:47.976,69.570,-46.646,-51.098,15.793
1714822847986,2024-05-04T14:40:47.986,69.580,-50.671,-56.524,11.159
1714822847996,2024-05-04T14:40:47.996,69.590,-51.951,-54.573,3.049
1714822848006,2024-05-04T14:40:48.006,69.600,-50.732,-43.049,-1.890
1714822848016,2024-05-04T14:40:48.016,69.610,-47.622,-24.817,-4.512
1714822848026,2024-05-04T14:40:48.026,69.620,-43.963,-4.634,-6.707
1714822848036,2024-05-04T14:40:48.036,69.630,-43.354,11.220,-8.232
1714822848046,2024-05-04T14:40:48.046,69.640,-42.012,20.793,-9.085
1714822848056,2024-05-04T14:40:48.056,69.650,-39.146,19.573,-11.280
1714822848066,2024-05-04T14:40:48.066,69.660,-38.049,8.415,-11.463
1714822848076,2024-05-04T14:40:48.076,69.670,-38.598,-3.963,-10.488
1714822848086,2024-05-04T14:40:48.086,69.680,-38.354,-12.195,-11.159
1714822848096,2024-05-04T14:40:48.096,69.690,-39.329,-16.829,-11.585
1714822848106,2024-05-04T14:40:48.106,69.700,-42.866,-22.134,-10.793
1714822848116,2024-05-04T14:40:48.116,69.710,-48.841,-26.280,-8.354
1714822848126,2024-05-04T14:40:48.126,69.720,-56.341,-24.268,-7.744
1714822848136,2024-05-04T14:40:48.136,69.730,-63.963,-12.256,-7.744
1714822848146,2024-05-04T14:40:48.146,69.740,-66.829,9.024,-7.378
1714822848156,2024-05-04T14:40:48.156,69.750,-68.476,26.463,-8.598
1714822848166,2024-05-04T14:40:48.166,69.760,-66.707,30.976,-10.366
1714822848176,2024-05-04T14:40:48.176,69.770,-62.195,20.183,-10.427
1714822848186,2024-05-04T14:40:48.186,69.780,-57.317,2.500,-10.854
1714822848196,2024-05-04T14:40:48.196,69.790,-53.476,-12.744,-11.037
1714822848206,2024-05-04T14:40:48.206,69.800,-51.585,-22.012,-9.695
1714822848216,2024-05-04T14:40:48.216,69.810,-50.549,-25.305,-9.390
1714822848226,2024-05-04T14:40:48.226,69.820,-49.207,-24.573,-10.061
1714822848236,2024-05-04T14:40:48.236,69.830,-46.585,-20.976,-6.159
1714822848246,2024-05-04T14:40:48.246,69.840,-44.024,-15.793,0.000
1714822848256,2024-05-04T14:40:48.256,69.850,-40.610,-2.439,-1.707
1714822848266,2024-05-04T14:40:48.266,69.860,-37.866,11.768,-2.683
1714822848276,2024-05-04T14:40:48.276,69.870,-38.963,13.963,-3.841
1714822848286,2024-05-04T14:40:48.286,69.880,-38.415,2.805,-5.244
1714822848296,2024-05-04T14:40:48.296,69.890,-35.000,-14.146,-5.976
1714822848306,2024-05-04T14:40:48.306,69.900,-32.012,-28.780,-5.549
1714822848316,2024-05-04T14:40:48.316,69.910,-29.146,-32.439,-3.232
1714822848326,2024-05-04T14:40:48.326,69.920,-27.866,-24.817,-4.268
1714822848336,2024-05-04T14:40:48.336,69.930,-28.232,-11.707,-6.707
1714822848346,2024-05-04T14:40:48.346,69.940,-27.988,4.939,-5.976
1714822848356,2024-05-04T14:40:48.356,69.950,-28.354,20.183,-5.305
1714822848366,2024-05-04T14:40:48.366,69.960,-32.012,27.195,-6.280
1714822848376,2024-05-04T14:40:48.376,69.970,-34.817,25.488,-5.732
1714822848386,2024-05-04T14:40:48.386,69.980,-33.293,16.463,-5.549
1714822848396,2024-05-04T14:40:48.396,69.990,-29.024,4.451,-6.098
1714822848406,2024-05-04T14:40:48.406,70.000,-25.366,-5.000,-6.341
1714822848416,2024-05-04T14:40:48.416,70.010,-23.598,-10.122,-6.524
1714822848426,2024-05-04T14:40:48.426,70.020,-22.500,-10.305,-6.098
1714822848436,2024-05-04T14:40:48.436,70.030,-21.768,-7.012,-5.427
1714822848446,2024-05-04T14:40:48.446,70.040,-21.585,-2.988,-5.976
1714822848456,2024-05-04T14:40:48.456,70.050,-20.854,1.037,-5.854
1714822848466,2024-05-04T14:40:48.466,70.060,-19.695,4.573,-5.000
1714822848476,2024-05-04T14:40:48.476,70.070,-17.744,8.415,-3.902
1714822848486,2024-05-04T14:40:48.486,70.080,-15.427,10.732,-3.476
1714822848496,2024-05-04T14:40:48.496,70.090,-14.207,8.171,-3.171
1714822848506,2024-05-04T14:40:48.506,70.100,-13.232,2.561,-3.049
1714822848516,2024-05-04T14:40:48.516,70.110,-12.500,-3.232,-3.902
1714822848526,2024-05-04T14:40:48.526,70.120,-12.134,-9.207,-4.085
1714822848536,2024-05-04T14:40:48.536,70.130,-11.463,-12.927,-2.561
1714822848546,2024-05-04T14:40:48.546,70.140,-10.427,-12.012,-2.500
1714822848556,2024-05-04T14:40:48.556,70.150,-9.268,-7.073,-3.110
1714822848566,2024-05-04T14:40:48.566,70.160,-8.171,-0.976,-2.683
1714822848576,2024-05-04T14:40:48.576,70.170,-7.866,2.378,-2.805
1714822848586,2024-05-04T14:40:48.586,70.180,-7.866,1.646,-3.476
1714822848596,2024-05-04T14:40:48.596,70.190,-7.256,-2.195,-3.354
1714822848606,2024-05-04T14:40:48.606,70.200,-6.280,-6.341,-2.317
1714822848616,2024-05-04T14:40:48.616,70.210,-6.402,-9.268,-1.890
1714822848626,2024-05-04T14:40:48.626,70.220,-6.707,-10.244,-1.646
1714822848636,2024-05-04T14:40:48.636,70.230,-6.890,-9.756,-1.646
1714822848646,2024-05-04T14:40:48.646,70.240,-6.890,-7.561,-1.768
1714822848656,2024-05-04T14:40:48.656,70.250,-6.098,-3.780,-1.646
1714822848666,2024-05-04T14:40:48.666,70.260,-5.183,0.000,-1.646
1714822848676,2024-05-04T14:40:48.676,70.270,-5.671,1.037,-2.256
1714822848686,2024-05-04T14:40:48.686,70.280,-6.402,-0.244,-2.561
1714822848696,2024-05-04T14:40:48.696,70.290,-5.915,-2.805,-1.768
1714822848706,2024-05-04T14:40:48.706,70.300,-4.817,-5.305,-0.671
1714822848716,2024-05-04T14:40:48.716,70.310,-4.390,-7.378,0.549
1714822848726,2024-05-04T14:40:48.726,70.320,-4.085,-7.439,1.402
1714822848736,2024-05-04T14:40:48.736,70.330,-3.720,-3.293,1.524
1714822848746,2024-05-04T14:40:48.746,70.340,-4.207,2.622,1.524
1714822848756,2024-05-04T14:40:48.756,70.350,-5.183,6.402,2.256
1714822848766,2024-05-04T14:40:48.766,70.360,-5.854,7.561,2.012
1714822848776,2024-05-04T14:40:48.776,70.370,-5.854,6.890,2.134
1714822848786,2024-05-04T14:40:48.786,70.380,-6.341,5.793,2.927
1714822848796,2024-05-04T14:40:48.796,70.390,-8.110,4.329,3.415
1714822848806,2024-05-04T14:40:48.806,70.400,-9.634,2.988,4.268
1714822848816,2024-05-04T14:40:48.816,70.410,-11.220,2.439,4.939
1714822848826,2024-05-04T14:40:48.826,70.420,-13.780,0.915,5.671
1714822848836,2024-05-04T14:40:48.836,70.430,-16.768,-2.378,7.256
1714822848846,2024-05-04T14:40:48.846,70.440,-19.024,-3.841,9.146
1714822848856,2024-05-04T14:40:48.856,70.450,-20.671,-1.646,8.902
1714822848866,2024-05-04T14:40:48.866,70.460,-20.610,0.061,6.646
1714822848876,2024-05-04T14:40:48.876,70.470,-18.354,-1.951,4.451
1714822848886,2024-05-04T14:40:48.886,70.480,-15.244,-5.305,2.805
1714822848896,2024-05-04T14:40:48.896,70.490,-13.171,-6.037,1.829
1714822848906,2024-05-04T14:40:48.906,70.500,-12.805,-4.146,0.915
1714822848916,2024-05-04T14:40:48.916,70.510,-13.354,-2.500,0.976
1714822848926,2024-05-04T14:40:48.926,70.520,-10.427,-2.622,2.622
1714822848936,2024-05-04T14:40:48.936,70.530,-5.183,0.854,0.793
1714822848946,2024-05-04T14:40:48.946,70.540,-2.805,4.573,-1.707
1714822848956,2024-05-04T14:40:48.956,70.550,-3.476,9.085,-2.073
1714822848966,2024-05-04T14:40:48.966,70.560,-11.037,21.463,-4.329
1714822848976,2024-05-04T14:40:48.976,70.570,-15.061,38.963,-7.073
1714822848986,2024-05-04T14:40:48.986,70.580,-15.976,53.720,-7.866
1714822848996,2024-05-04T14:40:48.996,70.590,-14.207,62.561,-8.232
1714822849006,2024-05-04T14:40:49.006,70.600,-8.780,60.427,-11.341
1714822849016,2024-05-04T14:40:49.016,70.610,-3.354,51.829,-13.963
1714822849026,2024-05-04T14:40:49.026,70.620,4.817,44.390,-13.049
1714822849036,2024-05-04T14:40:49.036,70.630,11.402,42.317,-14.756
1714822849046,2024-05-04T14:40:49.046,70.640,12.927,42.622,-15.427
1714822849056,2024-05-04T14:40:49.056,70.650,15.427,45.244,-11.402
1714822849066,2024-05-04T14:40:49.066,70.660,17.866,47.378,-6.524
1714822849076,2024-05-04T14:40:49.076,70.670,23.902,46.402,-0.061
1714822849086,2024-05-04T14:40:49.086,70.680,39.024,38.537,9.573
1714822849096,2024-05-04T14:40:49.096,70.690,60.366,22.439,18.963
1714822849106,2024-05-04T14:40:49.106,70.700,84.329,6.585,31.159
1714822849116,2024-05-04T14:40:49.116,70.710,106.768,-3.110,48.659
1714822849126,2024-05-04T14:40:49.126,70.720,126.402,-9.817,58.963
1714822849136,2024-05-04T14:40:49.136,70.730,139.756,-22.744,58.171
1714822849146,2024-05-04T14:40:49.146,70.740,151.220,-46.402,57.256
1714822849156,2024-05-04T14:40:49.156,70.750,165.671,-84.207,48.720
1714822849166,2024-05-04T14:40:49.166,70.760,182.683,-128.659,33.720
1714822849176,2024-05-04T14:40:49.176,70.770,175.976,-165.305,18.110
1714822849186,2024-05-04T14:40:49.186,70.780,155.061,-185.305,14.024
1714822849196,2024-05-04T14:40:49.196,70.790,137.683,-169.878,12.744
1714822849206,2024-05-04T14:40:49.206,70.800,131.341,-117.073,10.061
1714822849216,2024-05-04T14:40:49.216,70.810,123.659,-65.122,26.098
1714822849226,2024-05-04T14:40:49.226,70.820,115.915,-34.146,9.939
1714822849236,2024-05-04T14:40:49.236,70.830,114.451,-19.390,-10.366
1714822849246,2024-05-04T14:40:49.246,70.840,104.268,-10.488,-0.488
1714822849256,2024-05-04T14:40:49.256,70.850,70.305,-4.939,7.866
1714822849266,2024-05-04T14:40:49.266,70.860,41.341,7.744,8.476
1714822849276,2024-05-04T14:40:49.276,70.870,24.695,10.244,10.488
1714822849286,2024-05-04T14:40:49.286,70.880,10.244,-10.427,10.793
1714822849296,2024-05-04T14:40:49.296,70.890,-4.085,-34.207,10.427
1714822849306,2024-05-04T14:40:49.306,70.900,-16.159,-47.012,8.354
1714822849316,2024-05-04T14:40:49.316,70.910,-23.659,-51.220,7.195
1714822849326,2024-05-04T14:40:49.326,70.920,-29.634,-51.524,6.707
1714822849336,2024-05-04T14:40:49.336,70.930,-34.512,-48.659,5.732
1714822849346,2024-05-04T14:40:49.346,70.940,-37.927,-43.354,3.963
1714822849356,2024-05-04T14:40:49.356,70.950,-41.159,-33.598,1.707
1714822849366,2024-05-04T14:40:49.366,70.960,-42.378,-14.695,-0.244
1714822849376,2024-05-04T14:40:49.376,70.970,-42.744,10.061,-1.707
1714822849386,2024-05-04T14:40:49.386,70.980,-41.098,27.439,-4.512
1714822849396,2024-05-04T14:40:49.396,70.990,-36.585,28.780,-6.159
1714822849406,2024-05-04T14:40:49.406,71.000,-31.524,21.341,-4.756
1714822849416,2024-05-04T14:40:49.416,71.010,-29.634,17.073,-5.427
1714822849426,2024-05-04T14:40:49.426,71.020,-30.244,20.976,-5.610
1714822849436,2024-05-04T14:40:49.436,71.030,-32.012,30.671,-5.183
1714822849446,2024-05-04T14:40:49.446,71.040,-32.500,40.915,-7.256
1714822849456,2024-05-04T14:40:49.456,71.050,-34.146,44.085,-9.390
1714822849466,2024-05-04T14:40:49.466,71.060,-39.146,40.366,-8.049
1714822849476,2024-05-04T14:40:49.476,71.070,-44.939,33.415,-5.915
1714822849486,2024-05-04T14:40:49.486,71.080,-46.707,26.341,-3.963
1714822849496,2024-05-04T14:40:49.496,71.090,-47.073,20.000,-1.463
1714822849506,2024-05-04T14:40:49.506,71.100,-47.622,16.159,-0.976
1714822849516,2024-05-04T14:40:49.516,71.110,-47.195,12.073,-4.756
1714822849526,2024-05-04T14:40:49.526,71.120,-46.707,9.024,-9.756
1714822849536,2024-05-04T14:40:49.536,71.130,-44.939,11.524,-14.634
1714822849546,2024-05-04T14:40:49.546,71.140,-43.171,18.171,-16.402
1714822849556,2024-05-04T14:40:49.556,71.150,-45.366,24.512,-16.159
1714822849566,2024-05-04T14:40:49.566,71.160,-48.720,26.707,-15.976
1714822849576,2024-05-04T14:40:49.576,71.170,-50.183,23.780,-13.720
1714822849586,2024-05-04T14:40:49.586,71.180,-49.329,20.427,-8.902
1714822849596,2024-05-04T14:40:49.596,71.190,-47.073,15.915,-4.451
1714822849606,2024-05-04T14:40:49.606,71.200,-43.049,7.561,-1.402
1714822849616,2024-05-04T14:40:49.616,71.210,-34.695,4.207,-2.134
1714822849626,2024-05-04T14:40:49.626,71.220,-28.720,5.732,-4.268
1714822849636,2024-05-04T14:40:49.636,71.230,-29.634,7.805,-2.988
1714822849646,2024-05-04T14:40:49.646,71.240,-30.000,14.695,-2.500
1714822849656,2024-05-04T14:40:49.656,71.250,-27.134,20.122,-4.573
1714822849666,2024-05-04T14:40:49.666,71.260,-25.610,22.622,-4.634
1714822849676,2024-05-04T14:40:49.676,71.270,-24.451,24.634,-1.037
1714822849686,2024-05-04T14:40:49.686,71.280,-23.659,23.232,-0.366
1714822849696,2024-05-04T14:40:49.696,71.290,-24.085,19.817,-4.634
1714822849706,2024-05-04T14:40:49.706,71.300,-22.378,17.012,-6.402
1714822849716,2024-05-04T14:40:49.716,71.310,-20.915,10.366,-5.671
1714822849726,2024-05-04T14:40:49.726,71.320,-22.134,3.415,-3.537
1714822849736,2024-05-04T14:40:49.736,71.330,-23.110,-2.378,-1.829
1714822849746,2024-05-04T14:40:49.746,71.340,-21.524,-6.098,-1.768
1714822849756,2024-05-04T14:40:49.756,71.350,-19.146,-7.256,-1.220
1714822849766,2024-05-04T14:40:49.766,71.360,-18.902,-4.390,0.610
1714822849776,2024-05-04T14:40:49.776,71.370,-20.793,2.073,2.317
1714822849786,2024-05-04T14:40:49.786,71.380,-21.890,8.963,2.744
1714822849796,2024-05-04T14:40:49.796,71.390,-20.671,12.683,2.256
1714822849806,2024-05-04T14:40:49.806,71.400,-17.988,10.671,2.256
1714822849816,2024-05-04T14:40:49.816,71.410,-16.037,5.976,3.354
1714822849826,2024-05-04T14:40:49.826,71.420,-14.512,1.159,3.902
1714822849836,2024-05-04T14:40:49.836,71.430,-12.805,-4.207,2.683
1714822849846,2024-05-04T14:40:49.846,71.440,-10.793,-6.341,1.341
1714822849856,2024-05-04T14:40:49.856,71.450,-10.305,-4.207,1.280
1714822849866,2024-05-04T14:40:49.866,71.460,-11.890,1.037,1.829
1714822849876,2024-05-04T14:40:49.876,71.470,-13.963,6.768,1.098
1714822849886,2024-05-04T14:40:49.886,71.480,-14.451,10.244,-0.122
1714822849896,2024-05-04T14:40:49.896,71.490,-14.146,11.829,0.488
1714822849906,2024-05-04T14:40:49.906,71.500,-15.366,11.768,1.768
1714822849916,2024-05-04T14:40:49.916,71.510,-17.195,9.390,1.402
1714822849926,2024-05-04T14:40:49.926,71.520,-16.037,5.976,0.305
1714822849936,2024-05-04T14:40:49.936,71.530,-12.805,2.622,0.427
1714822849946,2024-05-04T14:40:49.946,71.540,-11.341,2.012,1.829
1714822849956,2024-05-04T14:40:49.956,71.550,-12.195,6.220,2.988
1714822849966,2024-05-04T14:40:49.966,71.560,-13.841,13.171,3.598
1714822849976,2024-05-04T14:40:49.976,71.570,-14.024,16.159,1.829
1714822849986,2024-05-04T14:40:49.986,71.580,-12.561,10.610,-1.402
1714822849996,2024-05-04T14:40:49.996,71.590,-9.878,4.329,-0.427
1714822850006,2024-05-04T14:40:50.006,71.600,-7.866,2.683,1.098
1714822850016,2024-05-04T14:40:50.016,71.610,-6.951,2.256,-0.244
1714822850026,2024-05-04T14:40:50.026,71.620,-6.402,2.683,-0.854
1714822850036,2024-05-04T14:40:50.036,71.630,-6.402,3.598,-0.976
1714822850046,2024-05-04T14:40:50.046,71.640,-7.378,3.537,-1.280
1714822850056,2024-05-04T14:40:50.056,71.650,-9.390,2.317,-1.585
1714822850066,2024-05-04T14:40:50.066,71.660,-11.220,0.610,-1.585
1714822850076,2024-05-04T14:40:50.076,71.670,-11.951,-0.183,-1.524
1714822850086,2024-05-04T14:40:50.086,71.680,-12.500,1.098,-1.646
1714822850096,2024-05-04T14:40:50.096,71.690,-12.866,3.415,-1.768
1714822850106,2024-05-04T14:40:50.106,71.700,-12.256,4.329,-2.439
1714822850116,2024-05-04T14:40:50.116,71.710,-10.549,4.268,-3.171
1714822850126,2024-05-04T14:40:50.126,71.720,-8.902,3.354,-3.780
1714822850136,2024-05-04T14:40:50.136,71.730,-8.476,0.854,-4.024
1714822850146,2024-05-04T14:40:50.146,71.740,-8.171,-2.927,-3.902
1714822850156,2024-05-04T14:40:50.156,71.750,-7.500,-6.220,-3.476
1714822850166,2024-05-04T14:40:50.166,71.760,-6.585,-7.866,-2.927
1714822850176,2024-05-04T14:40:50.176,71.770,-6.037,-7.073,-2.256
1714822850186,2024-05-04T14:40:50.186,71.780,-6.402,-4.573,-2.073
1714822850196,2024-05-04T14:40:50.196,71.790,-7.378,-2.012,-2.134
1714822850206,2024-05-04T14:40:50.206,71.800,-8.476,-0.305,-2.012
1714822850216,2024-05-04T14:40:50.216,71.810,-9.329,-0.183,-1.402
1714822850226,2024-05-04T14:40:50.226,71.820,-9.451,-1.585,-0.671
1714822850236,2024-05-04T14:40:50.236,71.830,-9.939,-3.963,0.122
1714822850246,2024-05-04T14:40:50.246,71.840,-10.854,-4.878,2.012
1714822850256,2024-05-04T14:40:50.256,71.850,-12.317,-3.171,4.207
1714822850266,2024-05-04T14:40:50.266,71.860,-14.451,2.988,5.305
1714822850276,2024-05-04T14:40:50.276,71.870,-15.061,14.573,7.805
1714822850286,2024-05-04T14:40:50.286,71.880,-14.146,25.366,10.305
1714822850296,2024-05-04T14:40:50.296,71.890,-16.159,36.463,8.902
1714822850306,2024-05-04T14:40:50.306,71.900,-23.659,41.829,7.500
1714822850316,2024-05-04T14:40:50.316,71.910,-31.829,37.622,-0.488
1714822850326,2024-05-04T14:40:50.326,71.920,-37.134,31.890,-6.402
1714822850336,2024-05-04T14:40:50.336,71.930,-35.610,27.988,-4.634
1714822850346,2024-05-04T14:40:50.346,71.940,-26.280,20.305,-1.280
1714822850356,2024-05-04T14:40:50.356,71.950,-14.390,6.829,0.305
1714822850366,2024-05-04T14:40:50.366,71.960,-7.744,-1.159,0.549
1714822850376,2024-05-04T14:40:50.376,71.970,-5.976,6.159,1.890
1714822850386,2024-05-04T14:40:50.386,71.980,-5.305,11.646,2.195
1714822850396,2024-05-04T14:40:50.396,71.990,7.622,3.110,8.537
1714822850406,2024-05-04T14:40:50.406,72.000,34.329,-9.085,22.134
1714822850416,2024-05-04T14:40:50.416,72.010,63.293,-10.976,32.012
1714822850426,2024-05-04T14:40:50.426,72.020,93.354,0.976,31.585
1714822850436,2024-05-04T14:40:50.436,72.030,124.451,13.659,25.732
1714822850446,2024-05-04T14:40:50.446,72.040,162.561,17.805,27.744
1714822850456,2024-05-04T14:40:50.456,72.050,195.793,17.744,39.390
1714822850466,2024-05-04T14:40:50.466,72.060,210.427,12.805,43.963
1714822850476,2024-05-04T14:40:50.476,72.070,218.293,2.683,46.707
1714822850486,2024-05-04T14:40:50.486,72.080,214.939,-11.951,39.512
1714822850496,2024-05-04T14:40:50.496,72.090,207.012,-22.073,28.902
1714822850506,2024-05-04T14:40:50.506,72.100,192.378,-20.610,37.317
1714822850516,2024-05-04T14:40:50.516,72.110,156.768,-19.329,56.280
1714822850526,2024-05-04T14:40:50.526,72.120,145.305,-25.976,70.427
1714822850536,2024-05-04T14:40:50.536,72.130,156.951,-32.744,60.305
1714822850546,2024-05-04T14:40:50.546,72.140,168.049,-35.488,24.939
1714822850556,2024-05-04T14:40:50.556,72.150,149.024,-26.037,7.805
1714822850566,2024-05-04T14:40:50.566,72.160,111.037,-1.098,14.085
1714822850576,2024-05-04T14:40:50.576,72.170,78.232,31.098,19.756
1714822850586,2024-05-04T14:40:50.586,72.180,50.732,56.585,15.793
1714822850596,2024-05-04T14:40:50.596,72.190,30.549,61.463,16.341
1714822850606,2024-05-04T14:40:50.606,72.200,12.866,50.244,18.293
1714822850616,2024-05-04T14:40:50.616,72.210,-4.390,31.220,15.549
1714822850626,2024-05-04T14:40:50.626,72.220,-15.976,7.256,13.354
1714822850636,2024-05-04T14:40:50.636,72.230,-23.598,-16.951,12.622
1714822850646,2024-05-04T14:40:50.646,72.240,-32.317,-34.085,10.793
1714822850656,2024-05-04T14:40:50.656,72.250,-40.122,-45.305,7.927
1714822850666,2024-05-04T14:40:50.666,72.260,-45.732,-51.159,6.402
1714822850676,2024-05-04T14:40:50.676,72.270,-47.805,-52.439,2.012
1714822850686,2024-05-04T14:40:50.686,72.280,-48.049,-45.549,-2.622
1714822850696,2024-05-04T14:40:50.696,72.290,-47.073,-28.902,-6.280
1714822850706,2024-05-04T14:40:50.706,72.300,-44.207,-12.805,-11.707
1714822850716,2024-05-04T14:40:50.716,72.310,-41.098,-2.134,-15.976
1714822850726,2024-05-04T14:40:50.726,72.320,-39.451,4.695,-17.195
1714822850736,2024-05-04T14:40:50.736,72.330,-36.402,7.500,-19.024
1714822850746,2024-05-04T14:40:50.746,72.340,-37.805,2.500,-21.829
1714822850756,2024-05-04T14:40:50.756,72.350,-39.695,1.220,-18.780
1714822850766,2024-05-04T14:40:50.766,72.360,-39.085,1.159,-15.061
1714822850776,2024-05-04T14:40:50.776,72.370,-40.061,-1.585,-14.817
1714822850786,2024-05-04T14:40:50.786,72.380,-44.085,-8.171,-14.817
1714822850796,2024-05-04T14:40:50.796,72.390,-48.659,-14.329,-14.695
1714822850806,2024-05-04T14:40:50.806,72.400,-53.537,-14.268,-13.902
1714822850816,2024-05-04T14:40:50.816,72.410,-61.098,-8.537,-14.207
1714822850826,2024-05-04T14:40:50.826,72.420,-67.866,1.707,-16.402
1714822850836,2024-05-04T14:40:50.836,72.430,-67.134,8.537,-16.220
1714822850846,2024-05-04T14:40:50.846,72.440,-61.768,3.415,-14.756
1714822850856,2024-05-04T14:40:50.856,72.450,-58.476,-7.805,-13.171
1714822850866,2024-05-04T14:40:50.866,72.460,-56.463,-12.866,-10.732
1714822850876,2024-05-04T14:40:50.876,72.470,-53.598,-15.366,-14.268
1714822850886,2024-05-04T14:40:50.886,72.480,-50.976,-21.280,-18.232
1714822850896,2024-05-04T14:40:50.896,72.490,-52.012,-26.280,-18.354
1714822850906,2024-05-04T14:40:50.906,72.500,-53.841,-25.122,-18.476
1714822850916,2024-05-04T14:40:50.916,72.510,-51.890,-17.073,-17.256
1714822850926,2024-05-04T14:40:50.926,72.520,-48.415,-6.768,-12.988
1714822850936,2024-05-04T14:40:50.936,72.530,-44.695,8.476,-11.524
1714822850946,2024-05-04T14:40:50.946,72.540,-45.000,24.085,-10.061
1714822850956,2024-05-04T14:40:50.956,72.550,-50.610,34.573,-4.085
1714822850966,2024-05-04T14:40:50.966,72.560,-56.829,43.720,2.134
1714822850976,2024-05-04T14:40:50.976,72.570,-57.317,39.268,0.366
1714822850986,2024-05-04T14:40:50.986,72.580,-52.744,10.915,-7.317
1714822850996,2024-05-04T14:40:50.996,72.590,-43.598,-22.073,-11.707
1714822851006,2024-05-04T14:40:51.006,72.600,-34.024,-38.659,-12.622
1714822851016,2024-05-04T14:40:51.016,72.610,-28.293,-35.793,-13.841
1714822851026,2024-05-04T14:40:51.026,72.620,-26.768,-22.988,-15.976
1714822851036,2024-05-04T14:40:51.036,72.630,-26.646,-6.829,-17.439
1714822851046,2024-05-04T14:40:51.046,72.640,-27.134,6.159,-18.354
1714822851056,2024-05-04T14:40:51.056,72.650,-28.171,13.902,-17.927
1714822851066,2024-05-04T14:40:51.066,72.660,-27.805,14.817,-15.915
1714822851076,2024-05-04T14:40:51.076,72.670,-26.829,10.244,-12.866
1714822851086,2024-05-04T14:40:51.086,72.680,-26.890,5.061,-10.183
1714822851096,2024-05-04T14:40:51.096,72.690,-26.951,-2.683,-9.756
1714822851106,2024-05-04T14:40:51.106,72.700,-25.793,-11.890,-10.610
1714822851116,2024-05-04T14:40:51.116,72.710,-22.256,-16.159,-9.512
1714822851126,2024-05-04T14:40:51.126,72.720,-19.817,-15.488,-8.841
1714822851136,2024-05-04T14:40:51.136,72.730,-18.659,-13.476,-8.902
1714822851146,2024-05-04T14:40:51.146,72.740,-18.415,-12.805,-8.659
1714822851156,2024-05-04T14:40:51.156,72.750,-17.256,-11.524,-6.098
1714822851166,2024-05-04T14:40:51.166,72.760,-16.159,-9.085,-3.415
1714822851176,2024-05-04T14:40:51.176,72.770,-15.732,-7.744,-3.415
1714822851186,2024-05-04T14:40:51.186,72.780,-14.268,-7.622,-3.354
1714822851196,2024-05-04T14:40:51.196,72.790,-11.402,-7.012,-3.415
1714822851206,2024-05-04T14:40:51.206,72.800,-9.329,-5.549,-4.451
1714822851216,2024-05-04T14:40:51.216,72.810,-7.622,-5.610,-5.183
1714822851226,2024-05-04T14:40:51.226,72.820,-5.671,-8.354,-5.488
1714822851236,2024-05-04T14:40:51.236,72.830,-4.329,-11.829,-5.061
1714822851246,2024-05-04T14:40:51.246,72.840,-4.207,-13.720,-3.171
1714822851256,2024-05-04T14:40:51.256,72.850,-3.659,-13.720,-1.159
1714822851266,2024-05-04T14:40:51.266,72.860,-3.598,-11.829,-0.427
1714822851276,2024-05-04T14:40:51.276,72.870,-4.390,-7.683,-0.793
1714822851286,2024-05-04T14:40:51.286,72.880,-3.841,-2.866,-0.610
1714822851296,2024-05-04T14:40:51.296,72.890,-2.317,-1.646,-0.183
1714822851306,2024-05-04T14:40:51.306,72.900,-1.341,-5.122,0.061
1714822851316,2024-05-04T14:40:51.316,72.910,-1.159,-10.427,-0.244
1714822851326,2024-05-04T14:40:51.326,72.920,-1.037,-13.720,0.427
1714822851336,2024-05-04T14:40:51.336,72.930,-0.122,-13.049,1.402
1714822851346,2024-05-04T14:40:51.346,72.940,0.549,-9.634,1.341
1714822851356,2024-05-04T14:40:51.356,72.950,-0.061,-5.976,0.488
1714822851366,2024-05-04T14:40:51.366,72.960,-0.732,-3.049,-0.183
1714822851376,2024-05-04T14:40:51.376,72.970,0.061,-1.768,-1.220
1714822851386,2024-05-04T14:40:51.386,72.980,0.488,-4.085,-1.463
1714822851396,2024-05-04T14:40:51.396,72.990,-1.220,-9.146,-0.793
1714822851406,2024-05-04T14:40:51.406,73.000,-3.476,-13.659,-0.305
1714822851416,2024-05-04T14:40:51.416,73.010,-3.963,-15.854,-0.061
1714822851426,2024-05-04T14:40:51.426,73.020,-2.561,-15.366,0.793
1714822851436,2024-05-04T14:40:51.436,73.030,-2.134,-12.683,1.098
1714822851446,2024-05-04T14:40:51.446,73.040,-2.683,-8.476,0.183
1714822851456,2024-05-04T14:40:51.456,73.050,-1.341,-6.341,-0.671
1714822851466,2024-05-04T14:40:51.466,73.060,0.915,-9.512,-0.793
1714822851476,2024-05-04T14:40:51.476,73.070,3.659,-15.244,0.427
1714822851486,2024-05-04T14:40:51.486,73.080,6.098,-17.500,2.866
1714822851496,2024-05-04T14:40:51.496,73.090,5.671,-16.890,4.573
1714822851506,2024-05-04T14:40:51.506,73.100,3.110,-15.366,4.146
1714822851516,2024-05-04T14:40:51.516,73.110,0.732,-13.354,3.780
1714822851526,2024-05-04T14:40:51.526,73.120,-1.402,-12.317,6.159
1714822851536,2024-05-04T14:40:51.536,73.130,-5.671,-9.451,7.988
1714822851546,2024-05-04T14:40:51.546,73.140,-8.659,-4.939,8.841
1714822851556,2024-05-04T14:40:51.556,73.150,-11.280,-3.171,7.500
1714822851566,2024-05-04T14:40:51.566,73.160,-16.707,0.549,5.976
1714822851576,2024-05-04T14:40:51.576,73.170,-21.890,8.720,4.451
1714822851586,2024-05-04T14:40:51.586,73.180,-23.171,12.683,4.756
1714822851596,2024-05-04T14:40:51.596,73.190,-24.939,10.732,8.171
1714822851606,2024-05-04T14:40:51.606,73.200,-21.585,13.049,9.878
1714822851616,2024-05-04T14:40:51.616,73.210,-15.976,23.537,8.659
1714822851626,2024-05-04T14:40:51.626,73.220,-16.463,36.646,7.378
1714822851636,2024-05-04T14:40:51.636,73.230,-22.134,40.976,7.500
1714822851646,2024-05-04T14:40:51.646,73.240,-26.402,37.561,3.720
1714822851656,2024-05-04T14:40:51.656,73.250,-26.951,40.061,-1.341
1714822851666,2024-05-04T14:40:51.666,73.260,-24.085,41.159,-4.634
1714822851676,2024-05-04T14:40:51.676,73.270,-16.463,37.866,-6.585
1714822851686,2024-05-04T14:40:51.686,73.280,-2.500,40.366,-7.500
1714822851696,2024-05-04T14:40:51.696,73.290,5.854,37.134,2.988
1714822851706,2024-05-04T14:40:51.706,73.300,34.024,8.659,13.537
1714822851716,2024-05-04T14:40:51.716,73.310,86.159,-28.171,25.061
1714822851726,2024-05-04T14:40:51.726,73.320,136.646,-60.610,32.134
1714822851736,2024-05-04T14:40:51.736,73.330,175.366,-90.976,32.805
1714822851746,2024-05-04T14:40:51.746,73.340,192.622,-124.329,29.878
1714822851756,2024-05-04T14:40:51.756,73.350,198.537,-157.988,20.061
1714822851766,2024-05-04T14:40:51.766,73.360,201.646,-195.915,0.610
1714822851776,2024-05-04T14:40:51.776,73.370,194.329,-237.134,-23.354
1714822851786,2024-05-04T14:40:51.786,73.380,175.549,-221.707,-30.793
1714822851796,2024-05-04T14:40:51.796,73.390,150.244,-115.610,-23.354
1714822851806,2024-05-04T14:40:51.806,73.400,144.878,-12.927,11.402
1714822851816,2024-05-04T14:40:51.816,73.410,129.878,6.402,15.488
1714822851826,2024-05-04T14:40:51.826,73.420,127.561,-22.561,2.012
1714822851836,2024-05-04T14:40:51.836,73.430,111.890,-31.159,13.902
1714822851846,2024-05-04T14:40:51.846,73.440,80.000,12.378,17.439
1714822851856,2024-05-04T14:40:51.856,73.450,48.232,56.159,25.061
1714822851866,2024-05-04T14:40:51.866,73.460,24.451,55.427,28.049
1714822851876,2024-05-04T14:40:51.876,73.470,0.183,31.951,25.244
1714822851886,2024-05-04T14:40:51.886,73.480,-18.293,12.744,20.793
1714822851896,2024-05-04T14:40:51.896,73.490,-27.073,-1.280,15.366
1714822851906,2024-05-04T14:40:51.906,73.500,-31.524,-15.610,10.854
1714822851916,2024-05-04T14:40:51.916,73.510,-32.439,-26.829,7.805
1714822851926,2024-05-04T14:40:51.926,73.520,-36.463,-29.817,4.207
1714822851936,2024-05-04T14:40:51.936,73.530,-40.854,-20.366,0.122
1714822851946,2024-05-04T14:40:51.946,73.540,-42.683,-3.720,-4.512
1714822851956,2024-05-04T14:40:51.956,73.550,-41.768,12.439,-8.110
1714822851966,2024-05-04T14:40:51.966,73.560,-40.671,24.756,-10.183
1714822851976,2024-05-04T14:40:51.976,73.570,-38.902,34.878,-11.768
1714822851986,2024-05-04T14:40:51.986,73.580,-36.037,45.610,-11.585
1714822851996,2024-05-04T14:40:51.996,73.590,-34.756,58.415,-10.610
1714822852006,2024-05-04T14:40:52.006,73.600,-35.244,70.732,-10.000
1714822852016,2024-05-04T14:40:52.016,73.610,-38.598,78.598,-9.451
1714822852026,2024-05-04T14:40:52.026,73.620,-40.732,79.451,-8.841
1714822852036,2024-05-04T14:40:52.036,73.630,-37.256,63.110,-9.024
1714822852046,2024-05-04T14:40:52.046,73.640,-35.183,35.427,-8.780
1714822852056,2024-05-04T14:40:52.056,73.650,-37.500,15.427,-7.683
1714822852066,2024-05-04T14:40:52.066,73.660,-39.695,13.659,-7.805
1714822852076,2024-05-04T14:40:52.076,73.670,-39.573,24.451,-9.268
1714822852086,2024-05-04T14:40:52.086,73.680,-42.500,39.878,-9.146
1714822852096,2024-05-04T14:40:52.096,73.690,-51.159,64.329,-8.720
1714822852106,2024-05-04T14:40:52.106,73.700,-55.732,97.317,-11.829
1714822852116,2024-05-04T14:40:52.116,73.710,-53.293,110.671,-16.890
1714822852126,2024-05-04T14:40:52.126,73.720,-46.890,87.073,-19.817
1714822852136,2024-05-04T14:40:52.136,73.730,-40.732,41.280,-17.378
1714822852146,2024-05-04T14:40:52.146,73.740,-35.061,-7.134,-14.512
1714822852156,2024-05-04T14:40:52.156,73.750,-31.829,-38.232,-13.049
1714822852166,2024-05-04T14:40:52.166,73.760,-29.817,-49.390,-13.110
1714822852176,2024-05-04T14:40:52.176,73.770,-30.366,-45.549,-10.854
1714822852186,2024-05-04T14:40:52.186,73.780,-33.049,-29.695,-6.098
1714822852196,2024-05-04T14:40:52.196,73.790,-37.317,-7.805,-1.951
1714822852206,2024-05-04T14:40:52.206,73.800,-40.854,14.756,1.037
1714822852216,2024-05-04T14:40:52.216,73.810,-41.098,30.427,2.256
1714822852226,2024-05-04T14:40:52.226,73.820,-38.049,39.817,0.122
1714822852236,2024-05-04T14:40:52.236,73.830,-33.110,54.146,-6.463
1714822852246,2024-05-04T14:40:52.246,73.840,-30.732,65.061,-7.378
1714822852256,2024-05-04T14:40:52.256,73.850,-29.756,60.427,-3.171
1714822852266,2024-05-04T14:40:52.266,73.860,-28.841,41.890,-1.098
1714822852276,2024-05-04T14:40:52.276,73.870,-27.439,20.427,-0.305
1714822852286,2024-05-04T14:40:52.286,73.880,-27.195,3.049,0.549
1714822852296,2024-05-04T14:40:52.296,73.890,-30.000,-10.061,-0.427
1714822852306,2024-05-04T14:40:52.306,73.900,-34.451,-16.159,-0.793
1714822852316,2024-05-04T14:40:52.316,73.910,-35.488,-11.341,-2.988
1714822852326,2024-05-04T14:40:52.326,73.920,-32.256,-5.549,-8.963
1714822852336,2024-05-04T14:40:52.336,73.930,-28.476,-5.732,-12.439
1714822852346,2024-05-04T14:40:52.346,73.940,-27.317,-8.293,-10.610
1714822852356,2024-05-04T14:40:52.356,73.950,-28.354,-9.573,-8.780
1714822852366,2024-05-04T14:40:52.366,73.960,-29.695,-10.305,-9.085
1714822852376,2024-05-04T14:40:52.376,73.970,-29.695,-9.451,-9.634
1714822852386,2024-05-04T14:40:52.386,73.980,-28.537,-6.280,-9.207
1714822852396,2024-05-04T14:40:52.396,73.990,-27.622,-0.976,-7.866
1714822852406,2024-05-04T14:40:52.406,74.000,-27.927,6.220,-6.707
1714822852416,2024-05-04T14:40:52.416,74.010,-29.024,13.841,-6.890
1714822852426,2024-05-04T14:40:52.426,74.020,-29.024,18.232,-8.537
1714822852436,2024-05-04T14:40:52.436,74.030,-27.378,16.707,-9.207
1714822852446,2024-05-04T14:40:52.446,74.040,-24.939,10.244,-9.146
1714822852456,2024-05-04T14:40:52.456,74.050,-22.988,1.707,-8.902
1714822852466,2024-05-04T14:40:52.466,74.060,-20.061,-4.634,-8.171
1714822852476,2024-05-04T14:40:52.476,74.070,-16.280,-6.524,-7.317
1714822852486,2024-05-04T14:40:52.486,74.080,-14.146,-3.963,-6.768
1714822852496,2024-05-04T14:40:52.496,74.090,-14.146,1.768,-5.427
1714822852506,2024-05-04T14:40:52.506,74.100,-14.695,8.720,-3.780
1714822852516,2024-05-04T14:40:52.516,74.110,-14.634,15.183,-2.195
1714822852526,2024-05-04T14:40:52.526,74.120,-14.329,19.939,-0.427
1714822852536,2024-05-04T14:40:52.536,74.130,-14.451,20.549,1.829
1714822852546,2024-05-04T14:40:52.546,74.140,-14.634,18.354,5.244
1714822852556,2024-05-04T14:40:52.556,74.150,-14.512,17.256,8.293
1714822852566,2024-05-04T14:40:52.566,74.160,-14.695,17.805,8.476
1714822852576,2024-05-04T14:40:52.576,74.170,-14.024,15.366,5.427
1714822852586,2024-05-04T14:40:52.586,74.180,-10.122,5.854,2.012
1714822852596,2024-05-04T14:40:52.596,74.190,-4.451,-6.829,0.610
1714822852606,2024-05-04T14:40:52.606,74.200,0.427,-13.963,0.183
1714822852616,2024-05-04T14:40:52.616,74.210,2.561,-13.476,-0.549
1714822852626,2024-05-04T14:40:52.626,74.220,1.098,-7.927,-0.244
1714822852636,2024-05-04T14:40:52.636,74.230,-2.134,-2.134,0.793
1714822852646,2024-05-04T14:40:52.646,74.240,-4.329,2.134,0.122
1714822852656,2024-05-04T14:40:52.656,74.250,-4.512,5.427,-0.366
1714822852666,2024-05-04T14:40:52.666,74.260,-3.963,6.220,-1.037
1714822852676,2024-05-04T14:40:52.676,74.270,-2.744,4.268,-1.646
1714822852686,2024-05-04T14:40:52.686,74.280,-1.524,1.585,-1.280
1714822852696,2024-05-04T14:40:52.696,74.290,-0.671,-0.915,-0.854
1714822852706,2024-05-04T14:40:52.706,74.300,0.427,-3.902,0.122
1714822852716,2024-05-04T14:40:52.716,74.310,1.341,-6.951,2.256
1714822852726,2024-05-04T14:40:52.726,74.320,2.439,-8.902,4.085
1714822852736,2024-05-04T14:40:52.736,74.330,3.902,-9.207,3.720
1714822852746,2024-05-04T14:40:52.746,74.340,5.549,-8.049,2.744
1714822852756,2024-05-04T14:40:52.756,74.350,6.280,-5.427,2.744
1714822852766,2024-05-04T14:40:52.766,74.360,6.220,-3.659,3.476
1714822852776,2024-05-04T14:40:52.776,74.370,5.610,-3.720,3.537
1714822852786,2024-05-04T14:40:52.786,74.380,4.024,-3.476,3.476
1714822852796,2024-05-04T14:40:52.796,74.390,2.622,-3.659,4.634
1714822852806,2024-05-04T14:40:52.806,74.400,1.463,-6.463,5.427
1714822852816,2024-05-04T14:40:52.816,74.410,0.976,-11.463,6.037
1714822852826,2024-05-04T14:40:52.826,74.420,1.646,-14.146,6.890
1714822852836,2024-05-04T14:40:52.836,74.430,3.476,-14.024,6.829
1714822852846,2024-05-04T14:40:52.846,74.440,4.146,-11.585,6.220
1714822852856,2024-05-04T14:40:52.856,74.450,3.293,-8.232,5.610
1714822852866,2024-05-04T14:40:52.866,74.460,1.402,-3.963,5.549
1714822852876,2024-05-04T14:40:52.876,74.470,-1.402,-3.171,9.512
1714822852886,2024-05-04T14:40:52.886,74.480,-0.793,-4.634,14.878
1714822852896,2024-05-04T14:40:52.896,74.490,-1.098,-5.061,16.402
1714822852906,2024-05-04T14:40:52.906,74.500,-7.256,3.841,15.488
1714822852916,2024-05-04T14:40:52.916,74.510,-20.183,32.500,19.329
1714822852926,2024-05-04T14:40:52.926,74.520,-33.354,58.171,20.610
1714822852936,2024-05-04T14:40:52.936,74.530,-36.768,64.573,17.195
1714822852946,2024-05-04T14:40:52.946,74.540,-35.000,61.524,16.341
1714822852956,2024-05-04T14:40:52.956,74.550,-43.537,61.220,10.122
1714822852966,2024-05-04T14:40:52.966,74.560,-53.659,67.805,3.841
1714822852976,2024-05-04T14:40:52.976,74.570,-44.024,69.878,2.988
1714822852986,2024-05-04T14:40:52.986,74.580,-40.183,56.707,0.427
1714822852996,2024-05-04T14:40:52.996,74.590,-38.293,45.610,-12.378
1714822853006,2024-05-04T14:40:53.006,74.600,-19.573,44.024,-17.012
1714822853016,2024-05-04T14:40:53.016,74.610,21.585,33.415,-5.854
1714822853026,2024-05-04T14:40:53.026,74.620,68.598,8.354,11.463
1714822853036,2024-05-04T14:40:53.036,74.630,112.378,-26.524,28.720
1714822853046,2024-05-04T14:40:53.046,74.640,157.683,-65.854,40.061
1714822853056,2024-05-04T14:40:53.056,74.650,197.561,-92.927,53.659
1714822853066,2024-05-04T14:40:53.066,74.660,218.841,-105.427,73.415
1714822853076,2024-05-04T14:40:53.076,74.670,212.683,-117.378,79.207
1714822853086,2024-05-04T14:40:53.086,74.680,194.756,-136.220,58.354
1714822853096,2024-05-04T14:40:53.096,74.690,174.207,-161.463,26.951
1714822853106,2024-05-04T14:40:53.106,74.700,150.793,-179.939,2.317
1714822853116,2024-05-04T14:40:53.116,74.710,139.329,-169.329,-7.744
1714822853126,2024-05-04T14:40:53.126,74.720,140.793,-125.610,-3.049
1714822853136,2024-05-04T14:40:53.136,74.730,122.195,-90.244,11.585
1714822853146,2024-05-04T14:40:53.146,74.740,93.415,-78.293,24.634
1714822853156,2024-05-04T14:40:53.156,74.750,88.780,-75.244,-2.012
1714822853166,2024-05-04T14:40:53.166,74.760,96.098,-51.585,-4.268
1714822853176,2024-05-04T14:40:53.176,74.770,73.659,-13.902,10.549
1714822853186,2024-05-04T14:40:53.186,74.780,43.659,26.585,12.866
1714822853196,2024-05-04T14:40:53.196,74.790,21.707,45.488,17.378
1714822853206,2024-05-04T14:40:53.206,74.800,1.951,33.780,20.305
1714822853216,2024-05-04T14:40:53.216,74.810,-19.573,12.500,15.854
1714822853226,2024-05-04T14:40:53.226,74.820,-33.902,-3.415,11.037
1714822853236,2024-05-04T14:40:53.236,74.830,-39.756,-12.500,5.427
1714822853246,2024-05-04T14:40:53.246,74.840,-43.049,-18.110,0.000
1714822853256,2024-05-04T14:40:53.256,74.850,-43.171,-20.244,-1.159
1714822853266,2024-05-04T14:40:53.266,74.860,-41.646,-16.951,-5.244
1714822853276,2024-05-04T14:40:53.276,74.870,-39.695,-5.915,-11.280
1714822853286,2024-05-04T14:40:53.286,74.880,-35.854,11.280,-16.585
1714822853296,2024-05-04T14:40:53.296,74.890,-29.695,29.817,-19.451
1714822853306,2024-05-04T14:40:53.306,74.900,-25.915,48.171,-20.488
1714822853316,2024-05-04T14:40:53.316,74.910,-28.780,64.207,-20.244
1714822853326,2024-05-04T14:40:53.326,74.920,-33.963,71.707,-17.927
1714822853336,2024-05-04T14:40:53.336,74.930,-37.317,66.951,-13.354
1714822853346,2024-05-04T14:40:53.346,74.940,-38.780,48.963,-9.634
1714822853356,2024-05-04T14:40:53.356,74.950,-41.890,26.768,-8.598
1714822853366,2024-05-04T14:40:53.366,74.960,-41.768,10.976,-7.439
1714822853376,2024-05-04T14:40:53.376,74.970,-37.500,2.012,-6.402
1714822853386,2024-05-04T14:40:53.386,74.980,-33.963,-0.732,-8.049
1714822853396,2024-05-04T14:40:53.396,74.990,-34.939,6.585,-12.195
1714822853406,2024-05-04T14:40:53.406,75.000,-39.451,22.439,-17.317
1714822853416,2024-05-04T14:40:53.416,75.010,-44.146,36.098,-20.854
1714822853426,2024-05-04T14:40:53.426,75.020,-46.707,41.402,-20.610
1714822853436,2024-05-04T14:40:53.436,75.030,-45.854,39.024,-18.720
1714822853446,2024-05-04T14:40:53.446,75.040,-47.378,30.244,-18.720
1714822853456,2024-05-04T14:40:53.456,75.050,-47.744,18.720,-18.232
1714822853466,2024-05-04T14:40:53.466,75.060,-43.598,7.500,-15.976
1714822853476,2024-05-04T14:40:53.476,75.070,-38.110,0.122,-14.207
1714822853486,2024-05-04T14:40:53.486,75.080,-35.488,-4.024,-13.537
1714822853496,2024-05-04T14:40:53.496,75.090,-35.305,-7.805,-15.976
1714822853506,2024-05-04T14:40:53.506,75.100,-33.354,-8.110,-19.695
1714822853516,2024-05-04T14:40:53.516,75.110,-31.220,-2.012,-19.756
1714822853526,2024-05-04T14:40:53.526,75.120,-30.976,6.341,-16.159
1714822853536,2024-05-04T14:40:53.536,75.130,-29.939,12.683,-12.500
1714822853546,2024-05-04T14:40:53.546,75.140,-25.793,13.232,-9.573
1714822853556,2024-05-04T14:40:53.556,75.150,-20.061,9.573,-6.890
1714822853566,2024-05-04T14:40:53.566,75.160,-15.732,5.915,-7.927
1714822853576,2024-05-04T14:40:53.576,75.170,-15.122,5.549,-8.293
1714822853586,2024-05-04T14:40:53.586,75.180,-18.720,9.024,-7.073
1714822853596,2024-05-04T14:40:53.596,75.190,-22.012,10.488,-7.500
1714822853606,2024-05-04T14:40:53.606,75.200,-21.220,8.598,-6.890
1714822853616,2024-05-04T14:40:53.616,75.210,-16.341,6.768,-4.695
1714822853626,2024-05-04T14:40:53.626,75.220,-12.317,2.683,-3.293
1714822853636,2024-05-04T14:40:53.636,75.230,-11.463,-2.683,-2.012
1714822853646,2024-05-04T14:40:53.646,75.240,-11.280,-5.732,-1.646
1714822853656,2024-05-04T14:40:53.656,75.250,-10.915,-6.341,-2.317
1714822853666,2024-05-04T14:40:53.666,75.260,-12.927,-5.915,-3.110
1714822853676,2024-05-04T14:40:53.676,75.270,-15.000,-4.268,-2.012
1714822853686,2024-05-04T14:40:53.686,75.280,-14.390,-2.073,-0.305
1714822853696,2024-05-04T14:40:53.696,75.290,-15.549,-2.744,1.585
1714822853706,2024-05-04T14:40:53.706,75.300,-17.317,-1.829,3.354
1714822853716,2024-05-04T14:40:53.716,75.310,-17.134,1.098,1.951
1714822853726,2024-05-04T14:40:53.726,75.320,-14.268,3.963,0.000
1714822853736,2024-05-04T14:40:53.736,75.330,-12.744,6.159,0.305
1714822853746,2024-05-04T14:40:53.746,75.340,-13.476,7.500,0.549
1714822853756,2024-05-04T14:40:53.756,75.350,-13.476,6.037,-0.610
1714822853766,2024-05-04T14:40:53.766,75.360,-12.073,1.463,-0.549
1714822853776,2024-05-04T14:40:53.776,75.370,-10.915,-1.159,-0.122
1714822853786,2024-05-04T14:40:53.786,75.380,-10.183,1.707,-0.793
1714822853796,2024-05-04T14:40:53.796,75.390,-9.756,7.134,-1.280
1714822853806,2024-05-04T14:40:53.806,75.400,-11.220,10.915,-0.671
1714822853816,2024-05-04T14:40:53.816,75.410,-13.476,11.829,0.976
1714822853826,2024-05-04T14:40:53.826,75.420,-14.939,11.341,3.476
1714822853836,2024-05-04T14:40:53.836,75.430,-16.707,14.085,5.488
1714822853846,2024-05-04T14:40:53.846,75.440,-19.695,21.159,4.512
1714822853856,2024-05-04T14:40:53.856,75.450,-20.671,25.000,-0.061
1714822853866,2024-05-04T14:40:53.866,75.460,-18.049,15.305,-1.890
1714822853876,2024-05-04T14:40:53.876,75.470,-13.293,1.646,1.524
1714822853886,2024-05-04T14:40:53.886,75.480,-9.634,-5.976,1.098
1714822853896,2024-05-04T14:40:53.896,75.490,-7.195,-9.634,-2.439
1714822853906,2024-05-04T14:40:53.906,75.500,-6.890,-10.427,-2.683
1714822853916,2024-05-04T14:40:53.916,75.510,-7.988,-7.988,-1.829
1714822853926,2024-05-04T14:40:53.926,75.520,-8.293,-2.256,-1.707
1714822853936,2024-05-04T14:40:53.936,75.530,-8.232,5.732,-1.098
1714822853946,2024-05-04T14:40:53.946,75.540,-7.561,12.561,-2.439
1714822853956,2024-05-04T14:40:53.956,75.550,-7.012,15.305,-4.207
1714822853966,2024-05-04T14:40:53.966,75.560,-7.256,15.244,-4.390
1714822853976,2024-05-04T14:40:53.976,75.570,-7.988,11.037,-4.207
1714822853986,2024-05-04T14:40:53.986,75.580,-7.500,1.707,-2.195
1714822853996,2024-05-04T14:40:53.996,75.590,-5.366,-6.098,0.366
1714822854006,2024-05-04T14:40:54.006,75.600,-3.537,-7.927,0.854
1714822854016,2024-05-04T14:40:54.016,75.610,-3.171,-4.207,-0.244
1714822854026,2024-05-04T14:40:54.026,75.620,-4.207,1.829,-0.732
1714822854036,2024-05-04T14:40:54.036,75.630,-5.366,6.829,-1.524
1714822854046,2024-05-04T14:40:54.046,75.640,-4.878,8.598,-2.073
1714822854056,2024-05-04T14:40:54.056,75.650,-3.354,6.585,-2.134
1714822854066,2024-05-04T14:40:54.066,75.660,-1.768,2.927,-2.073
1714822854076,2024-05-04T14:40:54.076,75.670,-0.610,-0.976,-2.012
1714822854086,2024-05-04T14:40:54.086,75.680,0.732,-3.354,-1.220
1714822854096,2024-05-04T14:40:54.096,75.690,1.402,-3.049,-0.122
1714822854106,2024-05-04T14:40:54.106,75.700,0.610,-1.829,0.305
1714822854116,2024-05-04T14:40:54.116,75.710,-0.305,0.000,0.610
1714822854126,2024-05-04T14:40:54.126,75.720,-0.671,3.476,1.463
1714822854136,2024-05-04T14:40:54.136,75.730,-0.549,7.317,1.951
1714822854146,2024-05-04T14:40:54.146,75.740,-0.305,10.732,1.524
1714822854156,2024-05-04T14:40:54.156,75.750,-0.061,12.500,1.402
1714822854166,2024-05-04T14:40:54.166,75.760,0.122,13.902,0.793
1714822854176,2024-05-04T14:40:54.176,75.770,1.829,12.256,-0.366
1714822854186,2024-05-04T14:40:54.186,75.780,1.890,7.439,1.159
1714822854196,2024-05-04T14:40:54.196,75.790,-0.366,9.024,6.280
1714822854206,2024-05-04T14:40:54.206,75.800,-1.220,11.280,7.134
1714822854216,2024-05-04T14:40:54.216,75.810,-2.073,6.951,7.073
1714822854226,2024-05-04T14:40:54.226,75.820,-2.622,1.159,14.146
1714822854236,2024-05-04T14:40:54.236,75.830,-6.707,3.049,12.500
1714822854246,2024-05-04T14:40:54.246,75.840,-14.329,15.976,12.195
1714822854256,2024-05-04T14:40:54.256,75.850,-23.110,28.415,15.183
1714822854266,2024-05-04T14:40:54.266,75.860,-29.146,39.634,9.756
1714822854276,2024-05-04T14:40:54.276,75.870,-27.927,48.659,5.610
1714822854286,2024-05-04T14:40:54.286,75.880,-22.317,56.037,-0.305
1714822854296,2024-05-04T14:40:54.296,75.890,-15.549,62.012,-9.329
1714822854306,2024-05-04T14:40:54.306,75.900,-10.305,65.610,-14.146
1714822854316,2024-05-04T14:40:54.316,75.910,-5.854,72.378,-14.329
1714822854326,2024-05-04T14:40:54.326,75.920,1.220,82.866,-10.976
1714822854336,2024-05-04T14:40:54.336,75.930,6.220,77.683,-10.183
1714822854346,2024-05-04T14:40:54.346,75.940,21.951,58.171,-1.037
1714822854356,2024-05-04T14:40:54.356,75.950,50.671,45.488,14.634
1714822854366,2024-05-04T14:40:54.366,75.960,84.512,34.695,20.915
1714822854376,2024-05-04T14:40:54.376,75.970,123.171,19.512,35.549
1714822854386,2024-05-04T14:40:54.386,75.980,166.829,6.951,59.878
1714822854396,2024-05-04T14:40:54.396,75.990,195.244,-7.927,71.463
1714822854406,2024-05-04T14:40:54.406,76.000,200.793,-40.427,70.854
1714822854416,2024-05-04T14:40:54.416,76.010,200.183,-99.939,58.659
1714822854426,2024-05-04T14:40:54.426,76.020,178.415,-175.976,30.488
1714822854436,2024-05-04T14:40:54.436,76.030,148.354,-233.841,6.463
1714822854446,2024-05-04T14:40:54.446,76.040,132.683,-236.098,3.049
1714822854456,2024-05-04T14:40:54.456,76.050,126.829,-174.939,5.549
1714822854466,2024-05-04T14:40:54.466,76.060,120.549,-94.085,18.780
1714822854476,2024-05-04T14:40:54.476,76.070,105.366,-44.207,24.451
1714822854486,2024-05-04T14:40:54.486,76.080,97.927,-20.183,1.402
1714822854496,2024-05-04T14:40:54.496,76.090,94.146,2.439,-0.183
1714822854506,2024-05-04T14:40:54.506,76.100,61.951,25.000,14.756
1714822854516,2024-05-04T14:40:54.516,76.110,27.134,44.268,19.024
1714822854526,2024-05-04T14:40:54.526,76.120,5.427,47.866,14.451
1714822854536,2024-05-04T14:40:54.536,76.130,-9.756,29.878,11.951
1714822854546,2024-05-04T14:40:54.546,76.140,-23.293,-1.341,11.585
1714822854556,2024-05-04T14:40:54.556,76.150,-31.098,-27.134,10.610
1714822854566,2024-05-04T14:40:54.566,76.160,-33.537,-38.902,8.232
1714822854576,2024-05-04T14:40:54.576,76.170,-36.159,-42.012,4.878
1714822854586,2024-05-04T14:40:54.586,76.180,-37.622,-42.012,-0.122
1714822854596,2024-05-04T14:40:54.596,76.190,-36.220,-35.732,-3.720
1714822854606,2024-05-04T14:40:54.606,76.200,-34.817,-15.793,-5.244
1714822854616,2024-05-04T14:40:54.616,76.210,-34.207,15.122,-7.805
1714822854626,2024-05-04T14:40:54.626,76.220,-32.561,42.378,-12.195
1714822854636,2024-05-04T14:40:54.636,76.230,-30.061,56.098,-16.402
1714822854646,2024-05-04T14:40:54.646,76.240,-28.293,57.012,-17.256
1714822854656,2024-05-04T14:40:54.656,76.250,-28.537,49.634,-16.159
1714822854666,2024-05-04T14:40:54.666,76.260,-30.610,37.317,-17.439
1714822854676,2024-05-04T14:40:54.676,76.270,-34.268,23.415,-16.585
1714822854686,2024-05-04T14:40:54.686,76.280,-36.829,9.939,-13.049
1714822854696,2024-05-04T14:40:54.696,76.290,-37.927,-3.232,-9.939
1714822854706,2024-05-04T14:40:54.706,76.300,-37.927,-13.780,-8.232
1714822854716,2024-05-04T14:40:54.716,76.310,-37.561,-17.805,-7.195
1714822854726,2024-05-04T14:40:54.726,76.320,-36.829,-12.561,-6.098
1714822854736,2024-05-04T14:40:54.736,76.330,-37.073,-0.793,-5.793
1714822854746,2024-05-04T14:40:54.746,76.340,-38.415,12.805,-6.463
1714822854756,2024-05-04T14:40:54.756,76.350,-37.561,24.329,-9.207
1714822854766,2024-05-04T14:40:54.766,76.360,-37.561,28.415,-12.561
1714822854776,2024-05-04T14:40:54.776,76.370,-40.671,28.293,-16.890
1714822854786,2024-05-04T14:40:54.786,76.380,-43.110,27.744,-15.061
1714822854796,2024-05-04T14:40:54.796,76.390,-44.878,22.378,-9.207
1714822854806,2024-05-04T14:40:54.806,76.400,-42.622,8.780,-4.024
1714822854816,2024-05-04T14:40:54.816,76.410,-40.427,-12.439,-0.366
1714822854826,2024-05-04T14:40:54.826,76.420,-39.024,-30.244,1.646
1714822854836,2024-05-04T14:40:54.836,76.430,-37.439,-37.561,4.146
1714822854846,2024-05-04T14:40:54.846,76.440,-35.549,-31.707,6.220
1714822854856,2024-05-04T14:40:54.856,76.450,-31.037,-22.744,4.329
1714822854866,2024-05-04T14:40:54.866,76.460,-26.951,-10.671,1.707
1714822854876,2024-05-04T14:40:54.876,76.470,-24.024,9.939,-1.037
1714822854886,2024-05-04T14:40:54.886,76.480,-23.476,22.378,-3.659
1714822854896,2024-05-04T14:40:54.896,76.490,-24.817,17.805,-1.463
1714822854906,2024-05-04T14:40:54.906,76.500,-24.268,2.073,1.768
1714822854916,2024-05-04T14:40:54.916,76.510,-22.134,-14.024,3.598
1714822854926,2024-05-04T14:40:54.926,76.520,-19.146,-19.390,3.415
1714822854936,2024-05-04T14:40:54.936,76.530,-15.671,-12.805,0.793
1714822854946,2024-05-04T14:40:54.946,76.540,-13.232,-3.780,-2.439
1714822854956,2024-05-04T14:40:54.956,76.550,-12.683,1.951,-4.573
1714822854966,2024-05-04T14:40:54.966,76.560,-14.329,3.476,-4.939
1714822854976,2024-05-04T14:40:54.976,76.570,-17.195,4.024,-3.171
1714822854986,2024-05-04T14:40:54.986,76.580,-20.427,5.061,-2.256
1714822854996,2024-05-04T14:40:54.996,76.590,-21.463,4.695,-2.866
1714822855006,2024-05-04T14:40:55.006,76.600,-20.244,2.378,-3.598
1714822855016,2024-05-04T14:40:55.016,76.610,-18.780,1.037,-4.451
1714822855026,2024-05-04T14:40:55.026,76.620,-17.500,0.305,-5.610
1714822855036,2024-05-04T14:40:55.036,76.630,-16.890,0.976,-5.854
1714822855046,2024-05-04T14:40:55.046,76.640,-17.500,2.927,-6.220
1714822855056,2024-05-04T14:40:55.056,76.650,-17.439,2.561,-7.317
1714822855066,2024-05-04T14:40:55.066,76.660,-16.646,0.549,-6.280
1714822855076,2024-05-04T14:40:55.076,76.670,-15.549,0.305,-5.549
1714822855086,2024-05-04T14:40:55.086,76.680,-13.902,0.366,-6.890
1714822855096,2024-05-04T14:40:55.096,76.690,-12.378,1.280,-8.415
1714822855106,2024-05-04T14:40:55.106,76.700,-12.378,2.561,-10.061
1714822855116,2024-05-04T14:40:55.116,76.710,-13.171,3.354,-11.280
1714822855126,2024-05-04T14:40:55.126,76.720,-13.902,2.805,-10.732
1714822855136,2024-05-04T14:40:55.136,76.730,-15.061,-0.488,-8.902
1714822855146,2024-05-04T14:40:55.146,76.740,-16.098,-4.146,-8.476
1714822855156,2024-05-04T14:40:55.156,76.750,-15.244,-7.317,-10.122
1714822855166,2024-05-04T14:40:55.166,76.760,-11.707,-9.146,-12.073
1714822855176,2024-05-04T14:40:55.176,76.770,-8.659,-8.963,-12.927
1714822855186,2024-05-04T14:40:55.186,76.780,-9.207,-7.622,-12.012
1714822855196,2024-05-04T14:40:55.196,76.790,-12.927,-5.122,-10.183
1714822855206,2024-05-04T14:40:55.206,76.800,-16.585,-3.110,-8.780
1714822855216,2024-05-04T14:40:55.216,76.810,-16.280,-0.793,-6.524
1714822855226,2024-05-04T14:40:55.226,76.820,-13.659,1.220,-3.780
1714822855236,2024-05-04T14:40:55.236,76.830,-12.073,2.317,-1.707
1714822855246,2024-05-04T14:40:55.246,76.840,-11.159,2.439,-0.854
1714822855256,2024-05-04T14:40:55.256,76.850,-9.451,1.220,0.183
1714822855266,2024-05-04T14:40:55.266,76.860,-7.073,-1.341,1.220
1714822855276,2024-05-04T14:40:55.276,76.870,-4.573,-5.061,1.280
1714822855286,2024-05-04T14:40:55.286,76.880,-1.768,-7.317,2.012
1714822855296,2024-05-04T14:40:55.296,76.890,-0.549,-5.915,2.378
1714822855306,2024-05-04T14:40:55.306,76.900,-0.488,-2.195,2.195
1714822855316,2024-05-04T14:40:55.316,76.910,-1.585,0.915,2.195
1714822855326,2024-05-04T14:40:55.326,76.920,-2.744,1.890,2.439
1714822855336,2024-05-04T14:40:55.336,76.930,-3.110,1.159,3.354
1714822855346,2024-05-04T14:40:55.346,76.940,-2.805,0.183,4.512
1714822855356,2024-05-04T14:40:55.356,76.950,-2.195,-0.549,4.878
1714822855366,2024-05-04T14:40:55.366,76.960,-0.854,-0.366,4.756
1714822855376,2024-05-04T14:40:55.376,76.970,0.610,1.220,4.695
1714822855386,2024-05-04T14:40:55.386,76.980,0.549,3.780,3.902
1714822855396,2024-05-04T14:40:55.396,76.990,-0.793,5.366,2.744
1714822855406,2024-05-04T14:40:55.406,77.000,-1.524,4.695,2.012
1714822855416,2024-05-04T14:40:55.416,77.010,-1.646,2.317,2.134
1714822855426,2024-05-04T14:40:55.426,77.020,-1.707,-0.366,2.744
1714822855436,2024-05-04T14:40:55.436,77.030,-1.524,-2.622,3.476
1714822855446,2024-05-04T14:40:55.446,77.040,-1.220,-3.659,4.329
1714822855456,2024-05-04T14:40:55.456,77.050,-0.976,-3.232,5.366
1714822855466,2024-05-04T14:40:55.466,77.060,-0.488,-2.744,5.793
1714822855476,2024-05-04T14:40:55.476,77.070,1.220,-3.720,6.646
1714822855486,2024-05-04T14:40:55.486,77.080,1.524,-6.037,7.500
1714822855496,2024-05-04T14:40:55.496,77.090,0.122,-5.122,6.402
1714822855506,2024-05-04T14:40:55.506,77.100,0.305,-2.683,9.512
1714822855516,2024-05-04T14:40:55.516,77.110,-1.098,-3.415,14.695
1714822855526,2024-05-04T14:40:55.526,77.120,-6.220,-4.085,16.768
1714822855536,2024-05-04T14:40:55.536,77.130,-11.220,-1.646,18.720
1714822855546,2024-05-04T14:40:55.546,77.140,-13.537,1.341,21.768
1714822855556,2024-05-04T14:40:55.556,77.150,-16.829,4.512,19.695
1714822855566,2024-05-04T14:40:55.566,77.160,-21.829,12.256,15.183
1714822855576,2024-05-04T14:40:55.576,77.170,-24.329,22.012,12.256
1714822855586,2024-05-04T14:40:55.586,77.180,-25.549,28.902,8.049
1714822855596,2024-05-04T14:40:55.596,77.190,-21.341,32.988,4.085
1714822855606,2024-05-04T14:40:55.606,77.200,-16.220,37.073,4.939
1714822855616,2024-05-04T14:40:55.616,77.210,-21.159,48.171,-2.256
1714822855626,2024-05-04T14:40:55.626,77.220,-29.329,63.841,-10.488
1714822855636,2024-05-04T14:40:55.636,77.230,-31.402,67.378,-8.232
1714822855646,2024-05-04T14:40:55.646,77.240,-24.634,56.402,-6.707
1714822855656,2024-05-04T14:40:55.656,77.250,-10.854,45.732,-12.378
1714822855666,2024-05-04T14:40:55.666,77.260,8.476,40.244,-14.085
1714822855676,2024-05-04T14:40:55.676,77.270,37.073,38.049,-6.037
1714822855686,2024-05-04T14:40:55.686,77.280,79.024,39.939,4.146
1714822855696,2024-05-04T14:40:55.696,77.290,132.561,49.329,20.366
1714822855706,2024-05-04T14:40:55.706,77.300,170.427,42.927,39.756
1714822855716,2024-05-04T14:40:55.716,77.310,179.634,17.683,46.707
1714822855726,2024-05-04T14:40:55.726,77.320,181.402,-24.085,47.988
1714822855736,2024-05-04T14:40:55.736,77.330,169.878,-71.646,42.561
1714822855746,2024-05-04T14:40:55.746,77.340,153.354,-102.866,18.598
1714822855756,2024-05-04T14:40:55.756,77.350,150.793,-115.244,5.976
1714822855766,2024-05-04T14:40:55.766,77.360,151.220,-94.207,22.195
1714822855776,2024-05-04T14:40:55.776,77.370,139.024,-53.354,46.707
1714822855786,2024-05-04T14:40:55.786,77.380,122.378,-37.195,44.939
1714822855796,2024-05-04T14:40:55.796,77.390,121.524,-24.634,14.451
1714822855806,2024-05-04T14:40:55.806,77.400,116.829,-4.268,9.085
1714822855816,2024-05-04T14:40:55.816,77.410,86.220,13.110,15.610
1714822855826,2024-05-04T14:40:55.826,77.420,52.805,31.037,24.878
1714822855836,2024-05-04T14:40:55.836,77.430,28.780,36.341,32.561
1714822855846,2024-05-04T14:40:55.846,77.440,10.122,28.171,32.195
1714822855856,2024-05-04T14:40:55.856,77.450,-6.951,13.232,27.012
1714822855866,2024-05-04T14:40:55.866,77.460,-21.037,-5.915,20.976
1714822855876,2024-05-04T14:40:55.876,77.470,-28.598,-27.378,18.110
1714822855886,2024-05-04T14:40:55.886,77.480,-31.646,-45.671,14.024
1714822855896,2024-05-04T14:40:55.896,77.490,-34.268,-55.000,7.378
1714822855906,2024-05-04T14:40:55.906,77.500,-35.549,-53.659,0.122
1714822855916,2024-05-04T14:40:55.916,77.510,-35.183,-42.195,-3.841
1714822855926,2024-05-04T14:40:55.926,77.520,-32.561,-22.561,-6.951
1714822855936,2024-05-04T14:40:55.936,77.530,-29.207,-4.390,-11.585
1714822855946,2024-05-04T14:40:55.946,77.540,-27.500,11.341,-14.634
1714822855956,2024-05-04T14:40:55.956,77.550,-30.732,20.732,-17.744
1714822855966,2024-05-04T14:40:55.966,77.560,-34.390,21.768,-19.695
1714822855976,2024-05-04T14:40:55.976,77.570,-31.646,13.598,-17.805
1714822855986,2024-05-04T14:40:55.986,77.580,-27.195,0.793,-14.085
1714822855996,2024-05-04T14:40:55.996,77.590,-26.220,-12.439,-12.683
1714822856006,2024-05-04T14:40:56.006,77.600,-26.280,-19.878,-13.171
1714822856016,2024-05-04T14:40:56.016,77.610,-26.463,-17.805,-13.232
1714822856026,2024-05-04T14:40:56.026,77.620,-29.573,-8.354,-10.976
1714822856036,2024-05-04T14:40:56.036,77.630,-34.695,4.756,-8.659
1714822856046,2024-05-04T14:40:56.046,77.640,-41.159,17.744,-8.415
1714822856056,2024-05-04T14:40:56.056,77.650,-48.780,24.817,-9.390
1714822856066,2024-05-04T14:40:56.066,77.660,-55.915,24.573,-8.963
1714822856076,2024-05-04T14:40:56.076,77.670,-60.000,19.085,-6.463
1714822856086,2024-05-04T14:40:56.086,77.680,-61.707,9.451,-3.780
1714822856096,2024-05-04T14:40:56.096,77.690,-62.073,-3.171,-3.415
1714822856106,2024-05-04T14:40:56.106,77.700,-60.793,-15.000,-4.695
1714822856116,2024-05-04T14:40:56.116,77.710,-56.341,-20.061,-6.463
1714822856126,2024-05-04T14:40:56.126,77.720,-48.720,-16.646,-7.439
1714822856136,2024-05-04T14:40:56.136,77.730,-38.293,-5.793,-12.683
1714822856146,2024-05-04T14:40:56.146,77.740,-32.439,-0.122,-15.183
1714822856156,2024-05-04T14:40:56.156,77.750,-33.354,2.378,-10.549
1714822856166,2024-05-04T14:40:56.166,77.760,-33.232,8.963,-5.793
1714822856176,2024-05-04T14:40:56.176,77.770,-32.073,12.012,-7.012
1714822856186,2024-05-04T14:40:56.186,77.780,-32.500,12.866,-7.744
1714822856196,2024-05-04T14:40:56.196,77.790,-30.549,12.500,-7.195
1714822856206,2024-05-04T14:40:56.206,77.800,-25.000,11.402,-8.598
1714822856216,2024-05-04T14:40:56.216,77.810,-18.841,5.976,-9.451
1714822856226,2024-05-04T14:40:56.226,77.820,-18.659,-2.927,-8.354
1714822856236,2024-05-04T14:40:56.236,77.830,-21.341,-11.829,-6.220
1714822856246,2024-05-04T14:40:56.246,77.840,-23.476,-19.939,-5.244
1714822856256,2024-05-04T14:40:56.256,77.850,-23.476,-22.317,-4.878
1714822856266,2024-05-04T14:40:56.266,77.860,-23.110,-18.537,-5.244
1714822856276,2024-05-04T14:40:56.276,77.870,-21.951,-8.293,-3.963
1714822856286,2024-05-04T14:40:56.286,77.880,-20.305,4.451,-4.146
1714822856296,2024-05-04T14:40:56.296,77.890,-18.354,13.659,-6.707
1714822856306,2024-05-04T14:40:56.306,77.900,-15.732,17.256,-8.171
1714822856316,2024-05-04T14:40:56.316,77.910,-14.146,13.720,-8.293
1714822856326,2024-05-04T14:40:56.326,77.920,-14.146,5.793,-7.744
1714822856336,2024-05-04T14:40:56.336,77.930,-13.902,-1.707,-6.341
1714822856346,2024-05-04T14:40:56.346,77.940,-12.561,-7.378,-5.061
1714822856356,2024-05-04T14:40:56.356,77.950,-10.244,-9.146,-4.024
1714822856366,2024-05-04T14:40:56.366,77.960,-8.232,-8.354,-3.354
1714822856376,2024-05-04T14:40:56.376,77.970,-7.317,-5.244,-3.780
1714822856386,2024-05-04T14:40:56.386,77.980,-7.256,-0.976,-4.207
1714822856396,2024-05-04T14:40:56.396,77.990,-7.927,1.585,-4.451
1714822856406,2024-05-04T14:40:56.406,78.000,-8.841,0.976,-4.329
1714822856416,2024-05-04T14:40:56.416,78.010,-9.146,-1.098,-3.537
1714822856426,2024-05-04T14:40:56.426,78.020,-9.451,-2.561,-3.049
1714822856436,2024-05-04T14:40:56.436,78.030,-9.817,-2.561,-2.683
1714822856446,2024-05-04T14:40:56.446,78.040,-9.329,-0.976,-1.768
1714822856456,2024-05-04T14:40:56.456,78.050,-9.268,1.159,-0.549
1714822856466,2024-05-04T14:40:56.466,78.060,-10.183,2.927,-0.122
1714822856476,2024-05-04T14:40:56.476,78.070,-10.244,1.524,-1.341
1714822856486,2024-05-04T14:40:56.486,78.080,-8.963,-2.988,-2.256
1714822856496,2024-05-04T14:40:56.496,78.090,-8.902,-7.439,-1.585
1714822856506,2024-05-04T14:40:56.506,78.100,-10.122,-9.573,-0.854
1714822856516,2024-05-04T14:40:56.516,78.110,-10.488,-8.963,-0.061
1714822856526,2024-05-04T14:40:56.526,78.120,-10.183,-7.012,1.463
1714822856536,2024-05-04T14:40:56.536,78.130,-10.427,-3.902,2.988
1714822856546,2024-05-04T14:40:56.546,78.140,-11.768,-0.183,3.720
1714822856556,2024-05-04T14:40:56.556,78.150,-14.634,3.902,4.512
1714822856566,2024-05-04T14:40:56.566,78.160,-18.354,7.866,4.634
1714822856576,2024-05-04T14:40:56.576,78.170,-21.402,10.061,3.720
1714822856586,2024-05-04T14:40:56.586,78.180,-22.439,10.305,3.537
1714822856596,2024-05-04T14:40:56.596,78.190,-23.232,8.963,4.024
1714822856606,2024-05-04T14:40:56.606,78.200,-24.573,7.012,3.963
1714822856616,2024-05-04T14:40:56.616,78.210,-26.037,5.854,3.415
1714822856626,2024-05-04T14:40:56.626,78.220,-26.890,5.793,2.927
1714822856636,2024-05-04T14:40:56.636,78.230,-28.232,5.488,1.951
1714822856646,2024-05-04T14:40:56.646,78.240,-29.268,2.683,1.220
1714822856656,2024-05-04T14:40:56.656,78.250,-28.476,0.976,2.927
1714822856666,2024-05-04T14:40:56.666,78.260,-24.817,3.293,4.390
1714822856676,2024-05-04T14:40:56.676,78.270,-20.000,4.085,2.134
1714822856686,2024-05-04T14:40:56.686,78.280,-14.634,-0.183,-1.402
1714822856696,2024-05-04T14:40:56.696,78.290,-8.841,-3.963,-3.902
1714822856706,2024-05-04T14:40:56.706,78.300,-5.366,-1.829,-5.427
1714822856716,2024-05-04T14:40:56.716,78.310,-2.805,5.244,-5.183
1714822856726,2024-05-04T14:40:56.726,78.320,-1.707,12.622,-4.024
1714822856736,2024-05-04T14:40:56.736,78.330,-2.988,15.793,-3.049
1714822856746,2024-05-04T14:40:56.746,78.340,-2.012,16.890,-2.378
1714822856756,2024-05-04T14:40:56.756,78.350,-0.854,17.988,-1.829
1714822856766,2024-05-04T14:40:56.766,78.360,0.732,18.232,0.000
1714822856776,2024-05-04T14:40:56.776,78.370,1.524,17.561,1.829
1714822856786,2024-05-04T14:40:56.786,78.380,3.415,20.183,0.732
1714822856796,2024-05-04T14:40:56.796,78.390,9.939,22.134,-0.366
1714822856806,2024-05-04T14:40:56.806,78.400,13.049,27.012,-5.122
1714822856816,2024-05-04T14:40:56.816,78.410,11.585,36.280,-6.524
1714822856826,2024-05-04T14:40:56.826,78.420,12.073,45.366,-3.841
1714822856836,2024-05-04T14:40:56.836,78.430,16.402,50.976,-2.866
1714822856846,2024-05-04T14:40:56.846,78.440,20.549,54.512,-2.012
1714822856856,2024-05-04T14:40:56.856,78.450,20.366,50.061,1.280
1714822856866,2024-05-04T14:40:56.866,78.460,20.366,39.268,5.671
1714822856876,2024-05-04T14:40:56.876,78.470,25.122,26.159,10.549
1714822856886,2024-05-04T14:40:56.886,78.480,35.244,9.268,14.451
1714822856896,2024-05-04T14:40:56.896,78.490,54.207,-11.098,18.537
1714822856906,2024-05-04T14:40:56.906,78.500,81.585,-31.585,24.268
1714822856916,2024-05-04T14:40:56.916,78.510,110.488,-56.890,32.866
1714822856926,2024-05-04T14:40:56.926,78.520,138.720,-89.207,42.744
1714822856936,2024-05-04T14:40:56.936,78.530,155.976,-121.037,39.939
1714822856946,2024-05-04T14:40:56.946,78.540,154.573,-145.366,26.341
1714822856956,2024-05-04T14:40:56.956,78.550,147.439,-165.793,14.146
1714822856966,2024-05-04T14:40:56.966,78.560,139.146,-175.488,5.122
1714822856976,2024-05-04T14:40:56.976,78.570,131.037,-161.707,-2.561
1714822856986,2024-05-04T14:40:56.986,78.580,120.000,-121.159,1.280
1714822856996,2024-05-04T14:40:56.996,78.590,113.293,-61.098,24.573
1714822857006,2024-05-04T14:40:57.006,78.600,102.683,-22.805,20.488
1714822857016,2024-05-04T14:40:57.016,78.610,91.098,-19.512,0.366
1714822857026,2024-05-04T14:40:57.026,78.620,75.976,-15.488,5.732
1714822857036,2024-05-04T14:40:57.036,78.630,50.976,7.439,9.207
1714822857046,2024-05-04T14:40:57.046,78.640,33.841,40.854,6.646
1714822857056,2024-05-04T14:40:57.056,78.650,16.951,54.329,9.512
1714822857066,2024-05-04T14:40:57.066,78.660,-4.573,45.915,13.049
1714822857076,2024-05-04T14:40:57.076,78.670,-21.341,32.866,7.927
1714822857086,2024-05-04T14:40:57.086,78.680,-30.061,18.841,4.268
1714822857096,2024-05-04T14:40:57.096,78.690,-32.744,-3.780,2.683
1714822857106,2024-05-04T14:40:57.106,78.700,-33.354,-29.817,-1.768
1714822857116,2024-05-04T14:40:57.116,78.710,-32.805,-46.890,-5.671
1714822857126,2024-05-04T14:40:57.126,78.720,-31.098,-50.305,-6.524
1714822857136,2024-05-04T14:40:57.136,78.730,-31.402,-40.549,-7.439
1714822857146,2024-05-04T14:40:57.146,78.740,-31.524,-19.268,-7.378
1714822857156,2024-05-04T14:40:57.156,78.750,-30.915,5.488,-5.793
1714822857166,2024-05-04T14:40:57.166,78.760,-30.366,25.854,-4.756
1714822857176,2024-05-04T14:40:57.176,78.770,-28.415,39.085,-4.451
1714822857186,2024-05-04T14:40:57.186,78.780,-24.390,43.841,-6.037
1714822857196,2024-05-04T14:40:57.196,78.790,-20.305,36.402,-7.439
1714822857206,2024-05-04T14:40:57.206,78.800,-20.305,23.963,-6.585
1714822857216,2024-05-04T14:40:57.216,78.810,-20.000,10.488,-5.000
1714822857226,2024-05-04T14:40:57.226,78.820,-20.488,2.683,-5.305
1714822857236,2024-05-04T14:40:57.236,78.830,-22.256,6.341,-4.329
1714822857246,2024-05-04T14:40:57.246,78.840,-24.207,19.146,-1.220
1714822857256,2024-05-04T14:40:57.256,78.850,-30.305,33.171,-0.671
1714822857266,2024-05-04T14:40:57.266,78.860,-38.110,50.671,-4.329
1714822857276,2024-05-04T14:40:57.276,78.870,-36.829,62.988,-6.829
1714822857286,2024-05-04T14:40:57.286,78.880,-32.378,56.037,-6.463
1714822857296,2024-05-04T14:40:57.296,78.890,-30.732,27.317,-6.829
1714822857306,2024-05-04T14:40:57.306,78.900,-29.939,-2.439,-6.768
1714822857316,2024-05-04T14:40:57.316,78.910,-27.073,-19.268,-9.024
1714822857326,2024-05-04T14:40:57.326,78.920,-25.061,-19.817,-13.780
1714822857336,2024-05-04T14:40:57.336,78.930,-25.915,-8.293,-15.427
1714822857346,2024-05-04T14:40:57.346,78.940,-29.634,8.537,-14.512
1714822857356,2024-05-04T14:40:57.356,78.950,-33.963,23.293,-12.988
1714822857366,2024-05-04T14:40:57.366,78.960,-36.037,28.598,-11.768
1714822857376,2024-05-04T14:40:57.376,78.970,-37.012,24.817,-8.902
1714822857386,2024-05-04T14:40:57.386,78.980,-36.829,16.890,-6.159
1714822857396,2024-05-04T14:40:57.396,78.990,-34.695,8.110,-5.549
1714822857406,2024-05-04T14:40:57.406,79.000,-31.768,0.732,-5.122
1714822857416,2024-05-04T14:40:57.416,79.010,-27.256,-3.232,-5.061
1714822857426,2024-05-04T14:40:57.426,79.020,-21.829,-1.402,-5.427
1714822857436,2024-05-04T14:40:57.436,79.030,-18.780,4.573,-5.549
1714822857446,2024-05-04T14:40:57.446,79.040,-19.146,10.427,-5.915
1714822857456,2024-05-04T14:40:57.456,79.050,-20.488,13.902,-6.524
1714822857466,2024-05-04T14:40:57.466,79.060,-20.854,14.512,-6.341
1714822857476,2024-05-04T14:40:57.476,79.070,-20.244,12.988,-5.122
1714822857486,2024-05-04T14:40:57.486,79.080,-19.817,9.939,-4.085
1714822857496,2024-05-04T14:40:57.496,79.090,-19.329,5.427,-3.476
1714822857506,2024-05-04T14:40:57.506,79.100,-18.110,0.732,-2.500
1714822857516,2024-05-04T14:40:57.516,79.110,-16.829,-0.915,-2.012
1714822857526,2024-05-04T14:40:57.526,79.120,-15.854,2.439,-3.171
1714822857536,2024-05-04T14:40:57.536,79.130,-14.878,8.598,-3.780
1714822857546,2024-05-04T14:40:57.546,79.140,-15.122,12.317,-2.683
1714822857556,2024-05-04T14:40:57.556,79.150,-16.159,12.073,-0.244
1714822857566,2024-05-04T14:40:57.566,79.160,-16.098,9.207,1.037
1714822857576,2024-05-04T14:40:57.576,79.170,-14.207,9.329,1.341
1714822857586,2024-05-04T14:40:57.586,79.180,-12.012,11.037,0.427
1714822857596,2024-05-04T14:40:57.596,79.190,-11.402,10.549,-1.220
1714822857606,2024-05-04T14:40:57.606,79.200,-11.707,8.598,-2.073
1714822857616,2024-05-04T14:40:57.616,79.210,-11.951,7.378,-3.476
1714822857626,2024-05-04T14:40:57.626,79.220,-11.646,5.915,-4.329
1714822857636,2024-05-04T14:40:57.636,79.230,-11.463,5.549,-2.927
1714822857646,2024-05-04T14:40:57.646,79.240,-11.037,5.305,-2.256
1714822857656,2024-05-04T14:40:57.656,79.250,-10.305,3.415,-2.256
1714822857666,2024-05-04T14:40:57.666,79.260,-9.756,1.220,-1.951
1714822857676,2024-05-04T14:40:57.676,79.270,-8.720,2.012,-2.317
1714822857686,2024-05-04T14:40:57.686,79.280,-8.049,4.146,-3.049
1714822857696,2024-05-04T14:40:57.696,79.290,-9.756,4.878,-3.171
1714822857706,2024-05-04T14:40:57.706,79.300,-12.805,5.122,-2.927
1714822857716,2024-05-04T14:40:57.716,79.310,-14.451,5.732,-2.622
1714822857726,2024-05-04T14:40:57.726,79.320,-14.085,7.683,-1.524
1714822857736,2024-05-04T14:40:57.736,79.330,-12.988,8.537,-0.610
1714822857746,2024-05-04T14:40:57.746,79.340,-12.439,6.524,-1.341
1714822857756,2024-05-04T14:40:57.756,79.350,-11.707,4.634,-1.402
1714822857766,2024-05-04T14:40:57.766,79.360,-10.610,4.451,-0.732
1714822857776,2024-05-04T14:40:57.776,79.370,-9.878,4.146,-1.341
1714822857786,2024-05-04T14:40:57.786,79.380,-10.305,2.378,-1.768
1714822857796,2024-05-04T14:40:57.796,79.390,-10.305,0.061,-1.402
1714822857806,2024-05-04T14:40:57.806,79.400,-10.061,-3.780,-1.524
1714822857816,2024-05-04T14:40:57.816,79.410,-10.122,-8.537,-1.524
1714822857826,2024-05-04T14:40:57.826,79.420,-10.122,-10.610,-1.220
1714822857836,2024-05-04T14:40:57.836,79.430,-10.305,-8.720,-0.732
1714822857846,2024-05-04T14:40:57.846,79.440,-10.854,-4.817,-0.671
1714822857856,2024-05-04T14:40:57.856,79.450,-11.524,-2.012,-0.061
1714822857866,2024-05-04T14:40:57.866,79.460,-12.073,-0.549,0.915
1714822857876,2024-05-04T14:40:57.876,79.470,-11.768,2.012,1.463
1714822857886,2024-05-04T14:40:57.886,79.480,-10.854,2.439,1.280
1714822857896,2024-05-04T14:40:57.896,79.490,-9.512,-1.524,0.061
1714822857906,2024-05-04T14:40:57.906,79.500,-8.293,-7.134,0.305
1714822857916,2024-05-04T14:40:57.916,79.510,-6.951,-10.427,2.012
1714822857926,2024-05-04T14:40:57.926,79.520,-6.220,-8.598,2.439
1714822857936,2024-05-04T14:40:57.936,79.530,-7.439,-1.890,2.927
1714822857946,2024-05-04T14:40:57.946,79.540,-9.878,4.390,3.537
1714822857956,2024-05-04T14:40:57.956,79.550,-11.768,5.732,3.171
1714822857966,2024-05-04T14:40:57.966,79.560,-12.378,4.024,3.598
1714822857976,2024-05-04T14:40:57.976,79.570,-13.049,1.585,5.000
1714822857986,2024-05-04T14:40:57.986,79.580,-14.390,2.988,6.280
1714822857996,2024-05-04T14:40:57.996,79.590,-14.268,5.244,9.573
1714822858006,2024-05-04T14:40:58.006,79.600,-13.841,11.037,8.354
1714822858016,2024-05-04T14:40:58.016,79.610,-12.561,18.963,8.232
1714822858026,2024-05-04T14:40:58.026,79.620,-13.841,25.854,9.024
1714822858036,2024-05-04T14:40:58.036,79.630,-17.195,32.134,5.305
1714822858046,2024-05-04T14:40:58.046,79.640,-16.463,34.268,7.195
1714822858056,2024-05-04T14:40:58.056,79.650,-12.744,29.634,14.207
1714822858066,2024-05-04T14:40:58.066,79.660,-12.317,37.073,14.634
1714822858076,2024-05-04T14:40:58.076,79.670,-15.061,54.146,9.085
1714822858086,2024-05-04T14:40:58.086,79.680,-19.390,70.610,6.159
1714822858096,2024-05-04T14:40:58.096,79.690,-15.671,75.549,11.524
1714822858106,2024-05-04T14:40:58.106,79.700,-4.634,64.939,11.524
1714822858116,2024-05-04T14:40:58.116,79.710,5.549,44.024,4.329
1714822858126,2024-05-04T14:40:58.126,79.720,20.305,23.659,6.402
1714822858136,2024-05-04T14:40:58.136,79.730,43.049,9.939,19.207
1714822858146,2024-05-04T14:40:58.146,79.740,85.427,11.159,34.817
1714822858156,2024-05-04T14:40:58.156,79.750,126.829,20.366,54.939
1714822858166,2024-05-04T14:40:58.166,79.760,152.195,10.244,71.463
1714822858176,2024-05-04T14:40:58.176,79.770,179.756,-14.390,79.817
1714822858186,2024-05-04T14:40:58.186,79.780,193.720,-38.841,79.756
1714822858196,2024-05-04T14:40:58.196,79.790,199.329,-74.451,75.549
1714822858206,2024-05-04T14:40:58.206,79.800,188.780,-123.902,54.146
1714822858216,2024-05-04T14:40:58.216,79.810,162.561,-174.756,13.415
1714822858226,2024-05-04T14:40:58.226,79.820,145.793,-207.805,-9.146
1714822858236,2024-05-04T14:40:58.236,79.830,141.646,-200.976,-2.134
1714822858246,2024-05-04T14:40:58.246,79.840,121.768,-147.500,-6.890
1714822858256,2024-05-04T14:40:58.256,79.850,89.451,-82.622,2.622
1714822858266,2024-05-04T14:40:58.266,79.860,72.988,-50.549,7.256
1714822858276,2024-05-04T14:40:58.276,79.870,72.317,-46.159,-9.817
1714822858286,2024-05-04T14:40:58.286,79.880,58.293,-13.354,-7.012
1714822858296,2024-05-04T14:40:58.296,79.890,26.707,33.659,1.098
1714822858306,2024-05-04T14:40:58.306,79.900,-7.317,72.012,10.793
1714822858316,2024-05-04T14:40:58.316,79.910,-27.439,75.122,8.110
1714822858326,2024-05-04T14:40:58.326,79.920,-38.720,40.183,3.110
1714822858336,2024-05-04T14:40:58.336,79.930,-48.232,-7.500,3.841
1714822858346,2024-05-04T14:40:58.346,79.940,-50.488,-35.427,4.207
1714822858356,2024-05-04T14:40:58.356,79.950,-45.000,-44.268,4.634
1714822858366,2024-05-04T14:40:58.366,79.960,-40.305,-44.634,5.671
1714822858376,2024-05-04T14:40:58.376,79.970,-38.841,-41.280,3.598
1714822858386,2024-05-04T14:40:58.386,79.980,-39.146,-33.902,-0.488
1714822858396,2024-05-04T14:40:58.396,79.990,-40.427,-19.573,-4.817
1714822858406,2024-05-04T14:40:58.406,80.000,-43.780,3.841,-9.024
1714822858416,2024-05-04T14:40:58.416,80.010,-47.927,32.988,-10.854
1714822858426,2024-05-04T14:40:58.426,80.020,-48.293,54.756,-12.073
1714822858436,2024-05-04T14:40:58.436,80.030,-45.061,55.671,-12.744
1714822858446,2024-05-04T14:40:58.446,80.040,-41.341,37.988,-13.171
1714822858456,2024-05-04T14:40:58.456,80.050,-38.963,16.707,-13.110
1714822858466,2024-05-04T14:40:58.466,80.060,-38.598,3.171,-13.841
1714822858476,2024-05-04T14:40:58.476,80.070,-38.841,-1.829,-16.402
1714822858486,2024-05-04T14:40:58.486,80.080,-38.049,0.427,-15.854
1714822858496,2024-05-04T14:40:58.496,80.090,-37.256,6.829,-14.024
1714822858506,2024-05-04T14:40:58.506,80.100,-37.073,15.366,-16.220
1714822858516,2024-05-04T14:40:58.516,80.110,-37.805,23.841,-18.720
1714822858526,2024-05-04T14:40:58.526,80.120,-39.817,28.110,-18.963
1714822858536,2024-05-04T14:40:58.536,80.130,-40.976,24.512,-17.805
1714822858546,2024-05-04T14:40:58.546,80.140,-41.159,15.244,-15.610
1714822858556,2024-05-04T14:40:58.556,80.150,-41.951,7.012,-13.902
1714822858566,2024-05-04T14:40:58.566,80.160,-42.317,3.659,-14.207
1714822858576,2024-05-04T14:40:58.576,80.170,-41.524,3.354,-14.695
1714822858586,2024-05-04T14:40:58.586,80.180,-40.122,4.573,-15.061
1714822858596,2024-05-04T14:40:58.596,80.190,-39.756,7.195,-17.500
1714822858606,2024-05-04T14:40:58.606,80.200,-40.122,10.366,-19.024
1714822858616,2024-05-04T14:40:58.616,80.210,-40.122,11.402,-17.073
1714822858626,2024-05-04T14:40:58.626,80.220,-38.476,9.817,-14.878
1714822858636,2024-05-04T14:40:58.636,80.230,-35.549,7.073,-13.720
1714822858646,2024-05-04T14:40:58.646,80.240,-32.317,4.207,-11.951
1714822858656,2024-05-04T14:40:58.656,80.250,-29.512,1.341,-10.549
1714822858666,2024-05-04T14:40:58.666,80.260,-26.524,-1.890,-10.854
1714822858676,2024-05-04T14:40:58.676,80.270,-23.841,-5.244,-10.732
1714822858686,2024-05-04T14:40:58.686,80.280,-22.805,-7.134,-9.024
1714822858696,2024-05-04T14:40:58.696,80.290,-22.988,-5.976,-6.829
1714822858706,2024-05-04T14:40:58.706,80.300,-23.780,-4.939,-5.732
1714822858716,2024-05-04T14:40:58.716,80.310,-23.354,-4.878,-5.488
1714822858726,2024-05-04T14:40:58.726,80.320,-21.890,-5.183,-6.037
1714822858736,2024-05-04T14:40:58.736,80.330,-19.451,-3.293,-6.280
1714822858746,2024-05-04T14:40:58.746,80.340,-16.951,3.476,-7.195
1714822858756,2024-05-04T14:40:58.756,80.350,-17.317,9.329,-9.024
1714822858766,2024-05-04T14:40:58.766,80.360,-19.756,10.244,-9.817
1714822858776,2024-05-04T14:40:58.776,80.370,-21.159,7.378,-10.183
1714822858786,2024-05-04T14:40:58.786,80.380,-20.305,2.012,-8.963
1714822858796,2024-05-04T14:40:58.796,80.390,-18.659,-5.122,-5.976
1714822858806,2024-05-04T14:40:58.806,80.400,-16.646,-8.841,-3.659
1714822858816,2024-05-04T14:40:58.816,80.410,-15.122,-7.256,-2.805
1714822858826,2024-05-04T14:40:58.826,80.420,-13.902,-2.317,-2.927
1714822858836,2024-05-04T14:40:58.836,80.430,-13.293,2.317,-3.110
1714822858846,2024-05-04T14:40:58.846,80.440,-13.415,4.329,-3.354
1714822858856,2024-05-04T14:40:58.856,80.450,-13.232,1.707,-3.720
1714822858866,2024-05-04T14:40:58.866,80.460,-13.659,-4.024,-3.110
1714822858876,2024-05-04T14:40:58.876,80.470,-13.902,-9.573,-1.646
1714822858886,2024-05-04T14:40:58.886,80.480,-12.378,-13.354,-0.732
1714822858896,2024-05-04T14:40:58.896,80.490,-10.122,-14.146,-0.183
1714822858906,2024-05-04T14:40:58.906,80.500,-8.476,-11.037,0.976
1714822858916,2024-05-04T14:40:58.916,80.510,-7.561,-6.098,1.159
1714822858926,2024-05-04T14:40:58.926,80.520,-7.744,-2.805,0.610
1714822858936,2024-05-04T14:40:58.936,80.530,-7.805,-3.049,1.220
1714822858946,2024-05-04T14:40:58.946,80.540,-7.683,-5.671,2.256
1714822858956,2024-05-04T14:40:58.956,80.550,-7.622,-7.927,2.317
1714822858966,2024-05-04T14:40:58.966,80.560,-7.500,-7.256,2.012
1714822858976,2024-05-04T14:40:58.976,80.570,-7.073,-4.939,2.195
1714822858986,2024-05-04T14:40:58.986,80.580,-5.366,-2.988,2.744
1714822858996,2024-05-04T14:40:58.996,80.590,-4.268,-2.622,2.927
1714822859006,2024-05-04T14:40:59.006,80.600,-4.817,-3.902,2.683
1714822859016,2024-05-04T14:40:59.016,80.610,-5.183,-6.037,3.110
1714822859026,2024-05-04T14:40:59.026,80.620,-5.305,-7.378,3.720
1714822859036,2024-05-04T14:40:59.036,80.630,-5.427,-6.524,3.841
1714822859046,2024-05-04T14:40:59.046,80.640,-5.366,-4.024,3.598
1714822859056,2024-05-04T14:40:59.056,80.650,-5.427,-1.768,2.866
1714822859066,2024-05-04T14:40:59.066,80.660,-5.793,-0.610,2.195
1714822859076,2024-05-04T14:40:59.076,80.670,-6.037,-0.610,2.195
1714822859086,2024-05-04T14:40:59.086,80.680,-6.402,-1.280,2.744
1714822859096,2024-05-04T14:40:59.096,80.690,-6.463,-2.988,3.171
1714822859106,2024-05-04T14:40:59.106,80.700,-6.037,-7.683,3.902
1714822859116,2024-05-04T14:40:59.116,80.710,-6.098,-10.915,4.390
1714822859126,2024-05-04T14:40:59.126,80.720,-6.585,-8.963,4.146
1714822859136,2024-05-04T14:40:59.136,80.730,-7.134,-4.024,4.024
1714822859146,2024-05-04T14:40:59.146,80.740,-7.378,-0.183,4.878
1714822859156,2024-05-04T14:40:59.156,80.750,-7.256,2.439,5.854
1714822859166,2024-05-04T14:40:59.166,80.760,-7.073,4.939,6.890
1714822859176,2024-05-04T14:40:59.176,80.770,-4.207,3.598,8.780
1714822859186,2024-05-04T14:40:59.186,80.780,-1.402,0.610,9.939
1714822859196,2024-05-04T14:40:59.196,80.790,-0.732,4.329,9.695
1714822859206,2024-05-04T14:40:59.206,80.800,1.707,9.268,12.256
1714822859216,2024-05-04T14:40:59.216,80.810,6.159,18.598,11.341
1714822859226,2024-05-04T14:40:59.226,80.820,5.366,41.159,3.598
1714822859236,2024-05-04T14:40:59.236,80.830,2.622,63.780,1.159
1714822859246,2024-05-04T14:40:59.246,80.840,-0.854,84.390,-1.402
1714822859256,2024-05-04T14:40:59.256,80.850,-2.073,110.366,-5.732
1714822859266,2024-05-04T14:40:59.266,80.860,0.549,125.122,-4.146
1714822859276,2024-05-04T14:40:59.276,80.870,9.878,115.061,0.305
1714822859286,2024-05-04T14:40:59.286,80.880,20.000,83.171,1.890
1714822859296,2024-05-04T14:40:59.296,80.890,30.183,46.463,3.598
1714822859306,2024-05-04T14:40:59.306,80.900,42.805,9.939,5.610
1714822859316,2024-05-04T14:40:59.316,80.910,68.232,-11.037,12.988
1714822859326,2024-05-04T14:40:59.326,80.920,102.500,-17.256,29.024
1714822859336,2024-05-04T14:40:59.336,80.930,129.268,-20.793,32.622
1714822859346,2024-05-04T14:40:59.346,80.940,133.659,-30.122,25.793
1714822859356,2024-05-04T14:40:59.356,80.950,130.061,-66.159,23.963
1714822859366,2024-05-04T14:40:59.366,80.960,130.061,-112.805,7.866
1714822859376,2024-05-04T14:40:59.376,80.970,129.146,-124.939,-1.037
1714822859386,2024-05-04T14:40:59.386,80.980,122.927,-93.354,5.305
1714822859396,2024-05-04T14:40:59.396,80.990,117.683,-50.244,14.512
1714822859406,2024-05-04T14:40:59.406,81.000,115.610,-16.220,20.793
1714822859416,2024-05-04T14:40:59.416,81.010,113.232,0.976,12.256
1714822859426,2024-05-04T14:40:59.426,81.020,103.415,-0.183,6.585
1714822859436,2024-05-04T14:40:59.436,81.030,83.841,-12.988,11.463
1714822859446,2024-05-04T14:40:59.446,81.040,60.366,-19.573,14.634
1714822859456,2024-05-04T14:40:59.456,81.050,43.476,-20.976,14.085
1714822859466,2024-05-04T14:40:59.466,81.060,31.829,-31.585,16.220
1714822859476,2024-05-04T14:40:59.476,81.070,16.463,-45.305,17.134
1714822859486,2024-05-04T14:40:59.486,81.080,0.305,-46.159,15.671
1714822859496,2024-05-04T14:40:59.496,81.090,-10.549,-39.817,12.927
1714822859506,2024-05-04T14:40:59.506,81.100,-18.293,-36.402,9.939
1714822859516,2024-05-04T14:40:59.516,81.110,-24.817,-33.963,7.378
1714822859526,2024-05-04T14:40:59.526,81.120,-28.415,-30.122,4.878
1714822859536,2024-05-04T14:40:59.536,81.130,-29.939,-22.744,2.195
1714822859546,2024-05-04T14:40:59.546,81.140,-31.768,-6.829,0.000
1714822859556,2024-05-04T14:40:59.556,81.150,-32.195,12.073,-3.354
1714822859566,2024-05-04T14:40:59.566,81.160,-29.451,22.256,-5.915
1714822859576,2024-05-04T14:40:59.576,81.170,-26.768,24.939,-8.232
1714822859586,2024-05-04T14:40:59.586,81.180,-23.720,26.463,-9.390
1714822859596,2024-05-04T14:40:59.596,81.190,-21.463,26.829,-8.720
1714822859606,2024-05-04T14:40:59.606,81.200,-19.756,24.878,-8.049
1714822859616,2024-05-04T14:40:59.616,81.210,-20.366,24.634,-7.317
1714822859626,2024-05-04T14:40:59.626,81.220,-24.329,26.220,-6.829
1714822859636,2024-05-04T14:40:59.636,81.230,-25.732,25.732,-5.915
1714822859646,2024-05-04T14:40:59.646,81.240,-24.878,21.159,-4.329
1714822859656,2024-05-04T14:40:59.656,81.250,-25.305,16.341,-4.268
1714822859666,2024-05-04T14:40:59.666,81.260,-26.341,15.305,-6.402
1714822859676,2024-05-04T14:40:59.676,81.270,-25.854,17.988,-9.451
1714822859686,2024-05-04T14:40:59.686,81.280,-25.122,23.110,-10.976
1714822859696,2024-05-04T14:40:59.696,81.290,-27.988,30.793,-10.732
1714822859706,2024-05-04T14:40:59.706,81.300,-33.415,40.915,-10.976
1714822859716,2024-05-04T14:40:59.716,81.310,-38.720,42.500,-13.780
1714822859726,2024-05-04T14:40:59.726,81.320,-45.488,33.293,-13.963
1714822859736,2024-05-04T14:40:59.736,81.330,-49.390,20.305,-9.512
1714822859746,2024-05-04T14:40:59.746,81.340,-49.939,6.646,-5.915
1714822859756,2024-05-04T14:40:59.756,81.350,-48.354,-6.098,-5.366
1714822859766,2024-05-04T14:40:59.766,81.360,-44.817,-16.707,-4.085
1714822859776,2024-05-04T14:40:59.776,81.370,-39.817,-24.024,-3.902
1714822859786,2024-05-04T14:40:59.786,81.380,-35.183,-27.195,-3.598
1714822859796,2024-05-04T14:40:59.796,81.390,-31.220,-25.122,-1.951
1714822859806,2024-05-04T14:40:59.806,81.400,-26.280,-14.695,-7.622
1714822859816,2024-05-04T14:40:59.816,81.410,-25.915,-5.305,-7.134
1714822859826,2024-05-04T14:40:59.826,81.420,-30.366,3.110,-0.061
1714822859836,2024-05-04T14:40:59.836,81.430,-31.220,4.085,0.183
1714822859846,2024-05-04T14:40:59.846,81.440,-25.366,-1.829,-2.439
1714822859856,2024-05-04T14:40:59.856,81.450,-18.110,-3.476,-2.195
1714822859866,2024-05-04T14:40:59.866,81.460,-13.293,-2.500,-2.195
1714822859876,2024-05-04T14:40:59.876,81.470,-11.707,-5.854,-2.927
1714822859886,2024-05-04T14:40:59.886,81.480,-11.463,-9.878,-1.524
1714822859896,2024-05-04T14:40:59.896,81.490,-11.646,-11.220,-0.366
1714822859906,2024-05-04T14:40:59.906,81.500,-12.073,-10.915,-1.585
1714822859916,2024-05-04T14:40:59.916,81.510,-13.232,-8.841,-2.622
1714822859926,2024-05-04T14:40:59.926,81.520,-14.878,-5.061,-2.012
1714822859936,2024-05-04T14:40:59.936,81.530,-15.061,-0.122,-0.854
1714822859946,2024-05-04T14:40:59.946,81.540,-14.329,5.122,0.610
1714822859956,2024-05-04T14:40:59.956,81.550,-14.024,8.780,1.220
1714822859966,2024-05-04T14:40:59.966,81.560,-14.268,7.622,0.854
1714822859976,2024-05-04T14:40:59.976,81.570,-14.024,0.183,0.427
1714822859986,2024-05-04T14:40:59.986,81.580,-13.110,-7.561,-0.793
1714822859996,2024-05-04T14:40:59.996,81.590,-12.378,-10.671,-2.561
1714822860006,2024-05-04T14:41:00.006,81.600,-11.341,-7.866,-3.049
1714822860016,2024-05-04T14:41:00.016,81.610,-10.732,-2.439,-2.439
1714822860026,2024-05-04T14:41:00.026,81.620,-10.793,3.902,-2.012
1714822860036,2024-05-04T14:41:00.036,81.630,-11.768,8.720,-1.890
1714822860046,2024-05-04T14:41:00.046,81.640,-13.110,10.976,-1.768
1714822860056,2024-05-04T14:41:00.056,81.650,-14.146,11.646,-2.744
1714822860066,2024-05-04T14:41:00.066,81.660,-14.695,9.085,-3.780
1714822860076,2024-05-04T14:41:00.076,81.670,-14.695,5.061,-3.598
1714822860086,2024-05-04T14:41:00.086,81.680,-14.390,0.488,-2.988
1714822860096,2024-05-04T14:41:00.096,81.690,-14.573,-4.146,-2.561
1714822860106,2024-05-04T14:41:00.106,81.700,-15.793,-6.524,-0.976
1714822860116,2024-05-04T14:41:00.116,81.710,-17.500,-6.341,1.524
1714822860126,2024-05-04T14:41:00.126,81.720,-19.390,-4.939,4.878
1714822860136,2024-05-04T14:41:00.136,81.730,-21.463,-3.841,8.171
1714822860146,2024-05-04T14:41:00.146,81.740,-23.110,-3.659,10.366
1714822860156,2024-05-04T14:41:00.156,81.750,-23.415,-3.354,11.951
1714822860166,2024-05-04T14:41:00.166,81.760,-22.134,-3.049,12.195
1714822860176,2024-05-04T14:41:00.176,81.770,-20.610,-4.634,10.549
1714822860186,2024-05-04T14:41:00.186,81.780,-19.878,-8.780,8.598
1714822860196,2024-05-04T14:41:00.196,81.790,-19.451,-14.390,9.024
1714822860206,2024-05-04T14:41:00.206,81.800,-19.024,-19.634,8.537
1714822860216,2024-05-04T14:41:00.216,81.810,-17.561,-21.768,5.183
1714822860226,2024-05-04T14:41:00.226,81.820,-15.854,-20.488,2.622
1714822860236,2024-05-04T14:41:00.236,81.830,-14.634,-16.341,1.341
1714822860246,2024-05-04T14:41:00.246,81.840,-12.927,-11.707,0.732
1714822860256,2024-05-04T14:41:00.256,81.850,-10.854,-7.195,2.561
1714822860266,2024-05-04T14:41:00.266,81.860,-10.122,-4.512,4.146
1714822860276,2024-05-04T14:41:00.276,81.870,-9.573,-4.268,2.988
1714822860286,2024-05-04T14:41:00.286,81.880,-8.171,-5.061,1.220
1714822860296,2024-05-04T14:41:00.296,81.890,-6.524,-5.671,0.976
1714822860306,2024-05-04T14:41:00.306,81.900,-4.390,-5.854,1.829
1714822860316,2024-05-04T14:41:00.316,81.910,-2.073,-6.280,2.866
1714822860326,2024-05-04T14:41:00.326,81.920,-0.671,-6.829,3.598
1714822860336,2024-05-04T14:41:00.336,81.930,-0.732,-6.220,2.439
1714822860346,2024-05-04T14:41:00.346,81.940,-2.500,-3.415,0.854
1714822860356,2024-05-04T14:41:00.356,81.950,-4.695,0.366,0.549
1714822860366,2024-05-04T14:41:00.366,81.960,-5.549,2.927,0.610
1714822860376,2024-05-04T14:41:00.376,81.970,-6.646,6.890,0.061
1714822860386,2024-05-04T14:41:00.386,81.980,-8.232,10.732,0.061
1714822860396,2024-05-04T14:41:00.396,81.990,-6.646,12.439,-0.427
1714822860406,2024-05-04T14:41:00.406,82.000,-5.488,16.646,-3.841
1714822860416,2024-05-04T14:41:00.416,82.010,-7.866,22.317,-5.366
1714822860426,2024-05-04T14:41:00.426,82.020,-9.146,26.037,-5.366
1714822860436,2024-05-04T14:41:00.436,82.030,-7.622,26.341,-6.646
1714822860446,2024-05-04T14:41:00.446,82.040,-3.537,24.268,-9.207
1714822860456,2024-05-04T14:41:00.456,82.050,3.598,21.463,-8.110
1714822860466,2024-05-04T14:41:00.466,82.060,11.585,14.329,-6.280
1714822860476,2024-05-04T14:41:00.476,82.070,19.085,3.232,-3.659
1714822860486,2024-05-04T14:41:00.486,82.080,38.171,-4.817,7.622
1714822860496,2024-05-04T14:41:00.496,82.090,56.159,-11.768,22.256
1714822860506,2024-05-04T14:41:00.506,82.100,73.537,-30.915,32.683
1714822860516,2024-05-04T14:41:00.516,82.110,85.854,-84.329,35.732
1714822860526,2024-05-04T14:41:00.526,82.120,102.805,-148.841,25.122
1714822860536,2024-05-04T14:41:00.536,82.130,129.085,-186.037,15.793
1714822860546,2024-05-04T14:41:00.546,82.140,140.610,-182.866,13.476
1714822860556,2024-05-04T14:41:00.556,82.150,129.634,-152.683,3.415
1714822860566,2024-05-04T14:41:00.566,82.160,113.780,-116.829,-6.768
1714822860576,2024-05-04T14:41:00.576,82.170,108.171,-78.293,-8.049
1714822860586,2024-05-04T14:41:00.586,82.180,108.598,-43.902,-6.829
1714822860596,2024-05-04T14:41:00.596,82.190,108.598,-39.634,-6.280
1714822860606,2024-05-04T14:41:00.606,82.200,104.329,-62.805,-5.976
1714822860616,2024-05-04T14:41:00.616,82.210,94.939,-82.683,-6.585
1714822860626,2024-05-04T14:41:00.626,82.220,85.000,-78.354,-2.683
1714822860636,2024-05-04T14:41:00.636,82.230,77.134,-66.585,6.463
1714822860646,2024-05-04T14:41:00.646,82.240,66.402,-65.122,13.780
1714822860656,2024-05-04T14:41:00.656,82.250,52.744,-70.488,15.183
1714822860666,2024-05-04T14:41:00.666,82.260,41.280,-67.012,13.902
1714822860676,2024-05-04T14:41:00.676,82.270,34.146,-50.488,11.524
1714822860686,2024-05-04T14:41:00.686,82.280,27.195,-36.098,9.329
1714822860696,2024-05-04T14:41:00.696,82.290,16.402,-31.524,7.561
1714822860706,2024-05-04T14:41:00.706,82.300,6.220,-27.927,4.634
1714822860716,2024-05-04T14:41:00.716,82.310,-2.500,-16.951,1.829
1714822860726,2024-05-04T14:41:00.726,82.320,-12.134,7.866,0.061
1714822860736,2024-05-04T14:41:00.736,82.330,-18.476,41.524,0.183
1714822860746,2024-05-04T14:41:00.746,82.340,-18.049,55.671,1.646
1714822860756,2024-05-04T14:41:00.756,82.350,-17.622,43.963,1.463
1714822860766,2024-05-04T14:41:00.766,82.360,-19.512,29.695,1.524
1714822860776,2024-05-04T14:41:00.776,82.370,-21.159,27.378,1.951
1714822860786,2024-05-04T14:41:00.786,82.380,-21.341,31.037,2.927
1714822860796,2024-05-04T14:41:00.796,82.390,-23.293,34.451,3.598
1714822860806,2024-05-04T14:41:00.806,82.400,-25.610,40.976,3.598
1714822860816,2024-05-04T14:41:00.816,82.410,-27.195,52.073,3.659
1714822860826,2024-05-04T14:41:00.826,82.420,-32.866,65.793,1.585
1714822860836,2024-05-04T14:41:00.836,82.430,-38.537,80.183,-1.463
1714822860846,2024-05-04T14:41:00.846,82.440,-40.122,85.061,-0.793
1714822860856,2024-05-04T14:41:00.856,82.450,-43.354,75.305,2.256
1714822860866,2024-05-04T14:41:00.866,82.460,-48.415,57.622,1.037
1714822860876,2024-05-04T14:41:00.876,82.470,-51.707,40.793,-4.024
1714822860886,2024-05-04T14:41:00.886,82.480,-54.268,31.402,-7.195
1714822860896,2024-05-04T14:41:00.896,82.490,-56.098,33.232,-8.537
1714822860906,2024-05-04T14:41:00.906,82.500,-55.671,43.659,-9.146
1714822860916,2024-05-04T14:41:00.916,82.510,-53.659,55.183,-8.902
1714822860926,2024-05-04T14:41:00.926,82.520,-51.768,59.390,-10.732
1714822860936,2024-05-04T14:41:00.936,82.530,-48.537,56.098,-12.988
1714822860946,2024-05-04T14:41:00.946,82.540,-42.927,45.549,-10.366
1714822860956,2024-05-04T14:41:00.956,82.550,-34.268,31.037,-7.439
1714822860966,2024-05-04T14:41:00.966,82.560,-25.488,21.280,-9.085
1714822860976,2024-05-04T14:41:00.976,82.570,-21.463,16.159,-4.207
1714822860986,2024-05-04T14:41:00.986,82.580,-19.817,21.585,-2.683
1714822860996,2024-05-04T14:41:00.996,82.590,-17.683,24.756,-6.890
1714822861006,2024-05-04T14:41:01.006,82.600,-18.049,29.817,-6.341
1714822861016,2024-05-04T14:41:01.016,82.610,-19.695,40.549,-4.756
1714822861026,2024-05-04T14:41:01.026,82.620,-20.610,45.610,-7.317
1714822861036,2024-05-04T14:41:01.036,82.630,-19.451,42.805,-10.183
1714822861046,2024-05-04T14:41:01.046,82.640,-17.866,33.841,-9.329
1714822861056,2024-05-04T14:41:01.056,82.650,-17.073,21.646,-8.110
1714822861066,2024-05-04T14:41:01.066,82.660,-16.829,11.524,-7.805
1714822861076,2024-05-04T14:41:01.076,82.670,-16.951,6.220,-7.317
1714822861086,2024-05-04T14:41:01.086,82.680,-18.415,3.476,-7.500
1714822861096,2024-05-04T14:41:01.096,82.690,-19.024,4.329,-7.927
1714822861106,2024-05-04T14:41:01.106,82.700,-18.049,8.780,-8.476
1714822861116,2024-05-04T14:41:01.116,82.710,-18.171,12.439,-9.146
1714822861126,2024-05-04T14:41:01.126,82.720,-19.756,15.671,-8.720
1714822861136,2024-05-04T14:41:01.136,82.730,-20.671,19.451,-8.049
1714822861146,2024-05-04T14:41:01.146,82.740,-19.878,21.829,-7.622
1714822861156,2024-05-04T14:41:01.156,82.750,-18.476,17.927,-9.146
1714822861166,2024-05-04T14:41:01.166,82.760,-16.585,9.207,-9.695
1714822861176,2024-05-04T14:41:01.176,82.770,-14.329,-0.122,-8.780
1714822861186,2024-05-04T14:41:01.186,82.780,-12.439,-5.610,-8.354
1714822861196,2024-05-04T14:41:01.196,82.790,-11.951,-5.488,-8.110
1714822861206,2024-05-04T14:41:01.206,82.800,-12.805,0.549,-7.317
1714822861216,2024-05-04T14:41:01.216,82.810,-14.085,9.268,-7.073
1714822861226,2024-05-04T14:41:01.226,82.820,-15.427,16.707,-7.622
1714822861236,2024-05-04T14:41:01.236,82.830,-15.732,21.159,-7.988
1714822861246,2024-05-04T14:41:01.246,82.840,-14.390,21.098,-7.927
1714822861256,2024-05-04T14:41:01.256,82.850,-12.927,16.463,-7.378
1714822861266,2024-05-04T14:41:01.266,82.860,-11.341,9.390,-6.220
1714822861276,2024-05-04T14:41:01.276,82.870,-9.695,2.805,-4.817
1714822861286,2024-05-04T14:41:01.286,82.880,-9.451,-1.402,-3.963
1714822861296,2024-05-04T14:41:01.296,82.890,-9.878,-4.024,-4.390
1714822861306,2024-05-04T14:41:01.306,82.900,-9.024,-7.195,-4.817
1714822861316,2024-05-04T14:41:01.316,82.910,-7.439,-9.207,-4.207
1714822861326,2024-05-04T14:41:01.326,82.920,-6.341,-7.866,-3.841
1714822861336,2024-05-04T14:41:01.336,82.930,-6.159,-4.390,-4.085
1714822861346,2024-05-04T14:41:01.346,82.940,-5.976,-1.402,-4.207
1714822861356,2024-05-04T14:41:01.356,82.950,-5.671,-0.122,-4.024
1714822861366,2024-05-04T14:41:01.366,82.960,-6.524,1.829,-3.720
1714822861376,2024-05-04T14:41:01.376,82.970,-7.622,4.817,-4.024
1714822861386,2024-05-04T14:41:01.386,82.980,-7.378,6.402,-4.756
1714822861396,2024-05-04T14:41:01.396,82.990,-6.402,3.963,-5.488
1714822861406,2024-05-04T14:41:01.406,83.000,-4.817,-1.280,-5.183
1714822861416,2024-05-04T14:41:01.416,83.010,-3.902,-6.280,-4.451
1714822861426,2024-05-04T14:41:01.426,83.020,-4.390,-8.049,-3.780
1714822861436,2024-05-04T14:41:01.436,83.030,-5.610,-7.073,-2.866
1714822861446,2024-05-04T14:41:01.446,83.040,-6.341,-4.939,-1.524
1714822861456,2024-05-04T14:41:01.456,83.050,-6.402,-2.378,-1.098
1714822861466,2024-05-04T14:41:01.466,83.060,-5.671,0.305,-1.159
1714822861476,2024-05-04T14:41:01.476,83.070,-4.756,3.476,-0.976
1714822861486,2024-05-04T14:41:01.486,83.080,-4.756,6.402,-1.220
1714822861496,2024-05-04T14:41:01.496,83.090,-5.366,7.622,-1.524
1714822861506,2024-05-04T14:41:01.506,83.100,-6.585,6.951,-0.732
1714822861516,2024-05-04T14:41:01.516,83.110,-7.439,6.829,0.305
1714822861526,2024-05-04T14:41:01.526,83.120,-7.988,8.720,1.341
1714822861536,2024-05-04T14:41:01.536,83.130,-9.146,12.012,2.134
1714822861546,2024-05-04T14:41:01.546,83.140,-11.463,15.000,2.805
1714822861556,2024-05-04T14:41:01.556,83.150,-13.354,16.159,3.293
1714822861566,2024-05-04T14:41:01.566,83.160,-14.634,16.524,6.037
1714822861576,2024-05-04T14:41:01.576,83.170,-18.902,20.000,7.439
1714822861586,2024-05-04T14:41:01.586,83.180,-23.841,23.293,9.085
1714822861596,2024-05-04T14:41:01.596,83.190,-26.707,24.878,7.622
1714822861606,2024-05-04T14:41:01.606,83.200,-29.085,30.671,2.256
1714822861616,2024-05-04T14:41:01.616,83.210,-32.744,36.890,3.537
1714822861626,2024-05-04T14:41:01.626,83.220,-37.744,36.220,-2.012
1714822861636,2024-05-04T14:41:01.636,83.230,-43.476,38.171,-9.634
1714822861646,2024-05-04T14:41:01.646,83.240,-41.220,40.061,-6.829
1714822861656,2024-05-04T14:41:01.656,83.250,-32.134,37.561,-3.537
1714822861666,2024-05-04T14:41:01.666,83.260,-23.354,37.500,-5.305
1714822861676,2024-05-04T14:41:01.676,83.270,-17.622,43.232,-4.268
1714822861686,2024-05-04T14:41:01.686,83.280,-15.000,41.341,1.402
1714822861696,2024-05-04T14:41:01.696,83.290,-2.988,27.744,13.354
1714822861706,2024-05-04T14:41:01.706,83.300,22.256,11.829,31.951
1714822861716,2024-05-04T14:41:01.716,83.310,55.732,-0.610,40.366
1714822861726,2024-05-04T14:41:01.726,83.320,98.963,0.366,40.732
1714822861736,2024-05-04T14:41:01.736,83.330,131.159,3.293,42.378
1714822861746,2024-05-04T14:41:01.746,83.340,152.683,2.622,48.963
1714822861756,2024-05-04T14:41:01.756,83.350,157.439,-9.878,51.220
1714822861766,2024-05-04T14:41:01.766,83.360,160.427,-38.232,48.354
1714822861776,2024-05-04T14:41:01.776,83.370,159.390,-70.793,36.463
1714822861786,2024-05-04T14:41:01.786,83.380,145.427,-89.512,19.512
1714822861796,2024-05-04T14:41:01.796,83.390,136.829,-90.671,21.951
1714822861806,2024-05-04T14:41:01.806,83.400,138.110,-71.707,26.402
1714822861816,2024-05-04T14:41:01.816,83.410,136.524,-40.122,27.073
1714822861826,2024-05-04T14:41:01.826,83.420,121.159,-36.220,33.537
1714822861836,2024-05-04T14:41:01.836,83.430,102.073,-54.634,18.537
1714822861846,2024-05-04T14:41:01.846,83.440,98.110,-64.756,-9.390
1714822861856,2024-05-04T14:41:01.856,83.450,87.622,-52.988,-8.293
1714822861866,2024-05-04T14:41:01.866,83.460,60.183,-23.110,5.305
1714822861876,2024-05-04T14:41:01.876,83.470,29.817,4.573,13.049
1714822861886,2024-05-04T14:41:01.886,83.480,9.695,12.622,13.537
1714822861896,2024-05-04T14:41:01.896,83.490,-6.463,2.622,13.659
1714822861906,2024-05-04T14:41:01.906,83.500,-20.122,-12.561,16.341
1714822861916,2024-05-04T14:41:01.916,83.510,-31.585,-26.890,17.073
1714822861926,2024-05-04T14:41:01.926,83.520,-42.073,-36.463,14.695
1714822861936,2024-05-04T14:41:01.936,83.530,-46.829,-39.268,9.756
1714822861946,2024-05-04T14:41:01.946,83.540,-43.598,-39.207,4.146
1714822861956,2024-05-04T14:41:01.956,83.550,-36.220,-38.049,0.427
1714822861966,2024-05-04T14:41:01.966,83.560,-31.341,-31.951,-1.707
1714822861976,2024-05-04T14:41:01.976,83.570,-29.268,-20.854,-5.000
1714822861986,2024-05-04T14:41:01.986,83.580,-29.512,-9.390,-9.817
1714822861996,2024-05-04T14:41:01.996,83.590,-31.646,1.159,-13.232
1714822862006,2024-05-04T14:41:02.006,83.600,-35.549,9.695,-15.549
1714822862016,2024-05-04T14:41:02.016,83.610,-42.561,19.451,-18.537
1714822862026,2024-05-04T14:41:02.026,83.620,-46.707,30.427,-19.207
1714822862036,2024-05-04T14:41:02.036,83.630,-46.646,32.805,-16.585
1714822862046,2024-05-04T14:41:02.046,83.640,-45.610,25.671,-13.720
1714822862056,2024-05-04T14:41:02.056,83.650,-45.305,15.061,-12.073
1714822862066,2024-05-04T14:41:02.066,83.660,-44.756,6.524,-10.793
1714822862076,2024-05-04T14:41:02.076,83.670,-43.720,1.585,-8.415
1714822862086,2024-05-04T14:41:02.086,83.680,-41.402,-0.122,-6.890
1714822862096,2024-05-04T14:41:02.096,83.690,-39.878,0.732,-7.683
1714822862106,2024-05-04T14:41:02.106,83.700,-41.037,2.439,-8.780
1714822862116,2024-05-04T14:41:02.116,83.710,-42.134,2.988,-9.146
1714822862126,2024-05-04T14:41:02.126,83.720,-41.220,2.683,-9.146
1714822862136,2024-05-04T14:41:02.136,83.730,-39.390,2.378,-8.354
1714822862146,2024-05-04T14:41:02.146,83.740,-37.012,0.671,-5.183
1714822862156,2024-05-04T14:41:02.156,83.750,-31.829,3.049,-3.049
1714822862166,2024-05-04T14:41:02.166,83.760,-26.280,11.341,-4.390
1714822862176,2024-05-04T14:41:02.176,83.770,-22.988,15.915,-4.817
1714822862186,2024-05-04T14:41:02.186,83.780,-20.366,16.159,-3.659
1714822862196,2024-05-04T14:41:02.196,83.790,-18.354,15.000,-5.061
1714822862206,2024-05-04T14:41:02.206,83.800,-19.634,11.585,-6.463
1714822862216,2024-05-04T14:41:02.216,83.810,-21.463,7.988,-5.549
1714822862226,2024-05-04T14:41:02.226,83.820,-20.549,5.244,-4.756
1714822862236,2024-05-04T14:41:02.236,83.830,-18.354,2.378,-3.659
1714822862246,2024-05-04T14:41:02.246,83.840,-17.500,0.976,-1.098
1714822862256,2024-05-04T14:41:02.256,83.850,-17.622,3.659,-0.427
1714822862266,2024-05-04T14:41:02.266,83.860,-17.805,9.146,-2.073
1714822862276,2024-05-04T14:41:02.276,83.870,-17.927,13.293,-4.451
1714822862286,2024-05-04T14:41:02.286,83.880,-17.805,13.232,-6.524
1714822862296,2024-05-04T14:41:02.296,83.890,-17.256,8.476,-7.622
1714822862306,2024-05-04T14:41:02.306,83.900,-17.378,1.829,-7.988
1714822862316,2024-05-04T14:41:02.316,83.910,-18.110,-5.061,-8.659
1714822862326,2024-05-04T14:41:02.326,83.920,-17.256,-8.049,-9.512
1714822862336,2024-05-04T14:41:02.336,83.930,-15.244,-6.402,-9.451
1714822862346,2024-05-04T14:41:02.346,83.940,-12.988,-1.037,-8.415
1714822862356,2024-05-04T14:41:02.356,83.950,-11.768,2.500,-8.720
1714822862366,2024-05-04T14:41:02.366,83.960,-11.951,2.195,-9.146
1714822862376,2024-05-04T14:41:02.376,83.970,-11.707,0.244,-8.537
1714822862386,2024-05-04T14:41:02.386,83.980,-11.707,-1.463,-7.256
1714822862396,2024-05-04T14:41:02.396,83.990,-13.110,-3.110,-6.037
1714822862406,2024-05-04T14:41:02.406,84.000,-15.122,-4.512,-6.341
1714822862416,2024-05-04T14:41:02.416,84.010,-15.671,-6.098,-6.951
1714822862426,2024-05-04T14:41:02.426,84.020,-14.939,-6.524,-6.159
1714822862436,2024-05-04T14:41:02.436,84.030,-14.085,-4.451,-5.061
1714822862446,2024-05-04T14:41:02.446,84.040,-14.085,-1.341,-4.207
1714822862456,2024-05-04T14:41:02.456,84.050,-15.061,0.671,-3.293
1714822862466,2024-05-04T14:41:02.466,84.060,-14.695,2.012,-2.805
1714822862476,2024-05-04T14:41:02.476,84.070,-12.866,3.476,-3.232
1714822862486,2024-05-04T14:41:02.486,84.080,-10.915,3.963,-3.537
1714822862496,2024-05-04T14:41:02.496,84.090,-8.902,3.354,-3.232
1714822862506,2024-05-04T14:41:02.506,84.100,-6.890,1.037,-3.049
1714822862516,2024-05-04T14:41:02.516,84.110,-6.646,-2.500,-2.927
1714822862526,2024-05-04T14:41:02.526,84.120,-7.805,-5.610,-2.561
1714822862536,2024-05-04T14:41:02.536,84.130,-9.085,-7.805,-1.951
1714822862546,2024-05-04T14:41:02.546,84.140,-9.878,-7.927,-0.793
1714822862556,2024-05-04T14:41:02.556,84.150,-10.183,-5.122,-0.122
1714822862566,2024-05-04T14:41:02.566,84.160,-10.488,0.427,-0.305
1714822862576,2024-05-04T14:41:02.576,84.170,-10.671,5.427,-0.732
1714822862586,2024-05-04T14:41:02.586,84.180,-10.122,6.951,-0.793
1714822862596,2024-05-04T14:41:02.596,84.190,-8.963,4.878,0.854
1714822862606,2024-05-04T14:41:02.606,84.200,-7.866,2.073,2.622
1714822862616,2024-05-04T14:41:02.616,84.210,-7.134,-1.037,2.256
1714822862626,2024-05-04T14:41:02.626,84.220,-6.159,-2.439,1.768
1714822862636,2024-05-04T14:41:02.636,84.230,-5.061,-0.427,2.134
1714822862646,2024-05-04T14:41:02.646,84.240,-4.695,1.585,2.866
1714822862656,2024-05-04T14:41:02.656,84.250,-5.061,2.439,3.537
1714822862666,2024-05-04T14:41:02.666,84.260,-5.000,3.171,2.988
1714822862676,2024-05-04T14:41:02.676,84.270,-4.695,3.720,2.622
1714822862686,2024-05-04T14:41:02.686,84.280,-4.817,3.780,2.927
1714822862696,2024-05-04T14:41:02.696,84.290,-5.183,3.537,2.988
1714822862706,2024-05-04T14:41:02.706,84.300,-4.939,0.366,3.232
1714822862716,2024-05-04T14:41:02.716,84.310,-3.354,-2.256,4.756
1714822862726,2024-05-04T14:41:02.726,84.320,-2.012,-0.976,4.512
1714822862736,2024-05-04T14:41:02.736,84.330,-1.037,-0.549,4.329
1714822862746,2024-05-04T14:41:02.746,84.340,0.061,-5.000,6.098
1714822862756,2024-05-04T14:41:02.756,84.350,1.463,-12.683,5.366
1714822862766,2024-05-04T14:41:02.766,84.360,0.488,-18.232,2.439
1714822862776,2024-05-04T14:41:02.776,84.370,-2.500,-19.695,2.317
1714822862786,2024-05-04T14:41:02.786,84.380,-3.902,-19.085,3.537
1714822862796,2024-05-04T14:41:02.796,84.390,-2.805,-18.476,2.256
1714822862806,2024-05-04T14:41:02.806,84.400,-1.585,-15.854,0.244
1714822862816,2024-05-04T14:41:02.816,84.410,1.037,-10.976,-0.610
1714822862826,2024-05-04T14:41:02.826,84.420,6.402,-5.122,-0.976
1714822862836,2024-05-04T14:41:02.836,84.430,13.902,-2.561,-0.793
1714822862846,2024-05-04T14:41:02.846,84.440,20.732,-1.402,-0.488
1714822862856,2024-05-04T14:41:02.856,84.450,28.415,-2.317,0.183
1714822862866,2024-05-04T14:41:02.866,84.460,36.768,-12.439,3.171
1714822862876,2024-05-04T14:41:02.876,84.470,44.878,-37.988,7.683
1714822862886,2024-05-04T14:41:02.886,84.480,59.573,-68.720,8.963
1714822862896,2024-05-04T14:41:02.896,84.490,81.037,-95.976,6.220
1714822862906,2024-05-04T14:41:02.906,84.500,97.439,-110.061,0.915
1714822862916,2024-05-04T14:41:02.916,84.510,103.841,-108.537,-3.841
1714822862926,2024-05-04T14:41:02.926,84.520,105.427,-103.476,-9.878
1714822862936,2024-05-04T14:41:02.936,84.530,106.037,-100.915,-13.841
1714822862946,2024-05-04T14:41:02.946,84.540,106.890,-85.671,-13.049
1714822862956,2024-05-04T14:41:02.956,84.550,107.683,-60.732,-11.829
1714822862966,2024-05-04T14:41:02.966,84.560,103.232,-42.195,-5.549
1714822862976,2024-05-04T14:41:02.976,84.570,94.268,-45.610,-2.012
1714822862986,2024-05-04T14:41:02.986,84.580,87.317,-65.122,-12.378
1714822862996,2024-05-04T14:41:02.996,84.590,87.256,-78.476,-23.476
1714822863006,2024-05-04T14:41:03.006,84.600,86.829,-67.744,-21.951
1714822863016,2024-05-04T14:41:03.016,84.610,77.805,-37.927,-12.256
1714822863026,2024-05-04T14:41:03.026,84.620,67.622,-17.317,-4.146
1714822863036,2024-05-04T14:41:03.036,84.630,57.317,-18.841,1.098
1714822863046,2024-05-04T14:41:03.046,84.640,42.988,-28.171,6.646
1714822863056,2024-05-04T14:41:03.056,84.650,27.805,-35.427,10.732
1714822863066,2024-05-04T14:41:03.066,84.660,15.488,-41.524,12.683
1714822863076,2024-05-04T14:41:03.076,84.670,6.524,-46.220,14.756
1714822863086,2024-05-04T14:41:03.086,84.680,-1.829,-41.951,15.793
1714822863096,2024-05-04T14:41:03.096,84.690,-11.463,-23.780,15.549
1714822863106,2024-05-04T14:41:03.106,84.700,-18.659,4.573,15.000
1714822863116,2024-05-04T14:41:03.116,84.710,-20.366,28.598,15.061
1714822863126,2024-05-04T14:41:03.126,84.720,-19.878,34.695,15.122
1714822863136,2024-05-04T14:41:03.136,84.730,-20.732,29.329,13.963
1714822863146,2024-05-04T14:41:03.146,84.740,-22.622,24.817,13.293
1714822863156,2024-05-04T14:41:03.156,84.750,-24.939,24.024,13.110
1714822863166,2024-05-04T14:41:03.166,84.760,-28.110,27.988,12.317
1714822863176,2024-05-04T14:41:03.176,84.770,-30.549,36.463,9.512
1714822863186,2024-05-04T14:41:03.186,84.780,-31.646,46.098,5.244
1714822863196,2024-05-04T14:41:03.196,84.790,-33.232,53.293,3.110
1714822863206,2024-05-04T14:41:03.206,84.800,-35.610,58.963,0.793
1714822863216,2024-05-04T14:41:03.216,84.810,-38.780,65.122,-2.439
1714822863226,2024-05-04T14:41:03.226,84.820,-45.061,72.256,-4.878
1714822863236,2024-05-04T14:41:03.236,84.830,-51.707,77.622,-7.195
1714822863246,2024-05-04T14:41:03.246,84.840,-52.439,80.427,-8.293
1714822863256,2024-05-04T14:41:03.256,84.850,-44.329,79.512,-7.500
1714822863266,2024-05-04T14:41:03.266,84.860,-34.573,67.561,-4.756
1714822863276,2024-05-04T14:41:03.276,84.870,-29.695,44.878,-2.988
1714822863286,2024-05-04T14:41:03.286,84.880,-27.256,20.549,-5.183
1714822863296,2024-05-04T14:41:03.296,84.890,-23.537,6.341,-10.305
1714822863306,2024-05-04T14:41:03.306,84.900,-19.939,9.512,-13.659
1714822863316,2024-05-04T14:41:03.316,84.910,-19.573,23.963,-12.012
1714822863326,2024-05-04T14:41:03.326,84.920,-23.659,37.195,-8.171
1714822863336,2024-05-04T14:41:03.336,84.930,-29.756,45.305,-5.732
1714822863346,2024-05-04T14:41:03.346,84.940,-34.817,51.280,-3.476
1714822863356,2024-05-04T14:41:03.356,84.950,-36.585,54.146,-2.988
1714822863366,2024-05-04T14:41:03.366,84.960,-36.159,47.744,-2.622
1714822863376,2024-05-04T14:41:03.376,84.970,-34.817,33.415,0.976
1714822863386,2024-05-04T14:41:03.386,84.980,-35.000,13.659,1.951
1714822863396,2024-05-04T14:41:03.396,84.990,-35.671,-2.927,2.317
1714822863406,2024-05-04T14:41:03.406,85.000,-35.305,-8.963,1.951
1714822863416,2024-05-04T14:41:03.416,85.010,-34.573,-7.134,0.488
1714822863426,2024-05-04T14:41:03.426,85.020,-34.329,-0.671,1.341
1714822863436,2024-05-04T14:41:03.436,85.030,-32.195,9.878,1.220
1714822863446,2024-05-04T14:41:03.446,85.040,-27.378,22.317,-1.280
1714822863456,2024-05-04T14:41:03.456,85.050,-24.512,33.902,-3.354
1714822863466,2024-05-04T14:41:03.466,85.060,-25.366,38.537,-5.549
1714822863476,2024-05-04T14:41:03.476,85.070,-25.793,33.659,-6.463
1714822863486,2024-05-04T14:41:03.486,85.080,-23.841,21.463,-6.159
1714822863496,2024-05-04T14:41:03.496,85.090,-20.610,5.793,-5.305
1714822863506,2024-05-04T14:41:03.506,85.100,-17.683,-6.890,-4.695
1714822863516,2024-05-04T14:41:03.516,85.110,-16.707,-12.622,-3.232
1714822863526,2024-05-04T14:41:03.526,85.120,-17.256,-11.159,-1.951
1714822863536,2024-05-04T14:41:03.536,85.130,-18.537,-3.598,-1.646
1714822863546,2024-05-04T14:41:03.546,85.140,-20.854,7.195,-1.646
1714822863556,2024-05-04T14:41:03.556,85.150,-22.439,17.866,-1.707
1714822863566,2024-05-04T14:41:03.566,85.160,-23.049,24.634,-2.073
1714822863576,2024-05-04T14:41:03.576,85.170,-23.110,26.098,-1.951
1714822863586,2024-05-04T14:41:03.586,85.180,-21.829,21.829,-0.976
1714822863596,2024-05-04T14:41:03.596,85.190,-18.902,13.415,-0.854
1714822863606,2024-05-04T14:41:03.606,85.200,-14.939,4.512,-1.768
1714822863616,2024-05-04T14:41:03.616,85.210,-12.317,-1.585,-2.988
1714822863626,2024-05-04T14:41:03.626,85.220,-12.195,-2.744,-4.085
1714822863636,2024-05-04T14:41:03.636,85.230,-13.659,1.159,-4.695
1714822863646,2024-05-04T14:41:03.646,85.240,-15.305,7.012,-4.695
1714822863656,2024-05-04T14:41:03.656,85.250,-16.585,11.707,-4.024
1714822863666,2024-05-04T14:41:03.666,85.260,-17.256,15.244,-3.232
1714822863676,2024-05-04T14:41:03.676,85.270,-17.134,17.134,-2.744
1714822863686,2024-05-04T14:41:03.686,85.280,-17.012,16.402,-2.256
1714822863696,2024-05-04T14:41:03.696,85.290,-17.256,14.451,-1.098
1714822863706,2024-05-04T14:41:03.706,85.300,-16.890,10.793,0.061
1714822863716,2024-05-04T14:41:03.716,85.310,-16.220,3.963,-0.427
1714822863726,2024-05-04T14:41:03.726,85.320,-14.573,-2.622,-1.341
1714822863736,2024-05-04T14:41:03.736,85.330,-12.012,-5.549,-1.951
1714822863746,2024-05-04T14:41:03.746,85.340,-10.061,-4.512,-2.927
1714822863756,2024-05-04T14:41:03.756,85.350,-9.573,-2.256,-3.780
1714822863766,2024-05-04T14:41:03.766,85.360,-10.183,-1.220,-3.841
1714822863776,2024-05-04T14:41:03.776,85.370,-9.939,-0.732,-3.232
1714822863786,2024-05-04T14:41:03.786,85.380,-8.415,0.549,-2.744
1714822863796,2024-05-04T14:41:03.796,85.390,-7.317,2.195,-2.805
1714822863806,2024-05-04T14:41:03.806,85.400,-7.134,3.415,-2.073
1714822863816,2024-05-04T14:41:03.816,85.410,-7.256,5.671,-1.646
1714822863826,2024-05-04T14:41:03.826,85.420,-7.256,7.317,-1.220
1714822863836,2024-05-04T14:41:03.836,85.430,-7.195,8.598,-0.976
1714822863846,2024-05-04T14:41:03.846,85.440,-7.927,11.280,-0.427
1714822863856,2024-05-04T14:41:03.856,85.450,-9.756,15.000,0.671
1714822863866,2024-05-04T14:41:03.866,85.460,-13.232,19.939,1.402
1714822863876,2024-05-04T14:41:03.876,85.470,-16.890,27.439,0.854
1714822863886,2024-05-04T14:41:03.886,85.480,-17.317,35.183,0.854
1714822863896,2024-05-04T14:41:03.896,85.490,-16.098,42.439,1.463
1714822863906,2024-05-04T14:41:03.906,85.500,-16.037,49.329,0.610
1714822863916,2024-05-04T14:41:03.916,85.510,-16.707,54.817,-0.488
1714822863926,2024-05-04T14:41:03.926,85.520,-18.171,57.378,-1.341
1714822863936,2024-05-04T14:41:03.936,85.530,-18.354,54.268,-2.134
1714822863946,2024-05-04T14:41:03.946,85.540,-16.829,45.122,-2.317
1714822863956,2024-05-04T14:41:03.956,85.550,-13.902,32.744,-2.073
1714822863966,2024-05-04T14:41:03.966,85.560,-10.976,20.427,-1.707
1714822863976,2024-05-04T14:41:03.976,85.570,-7.683,9.390,-1.646
1714822863986,2024-05-04T14:41:03.986,85.580,-4.512,0.732,-1.646
1714822863996,2024-05-04T14:41:03.996,85.590,-2.805,-4.817,-1.280
1714822864006,2024-05-04T14:41:04.006,85.600,-2.500,-7.439,-0.183
1714822864016,2024-05-04T14:41:04.016,85.610,-2.439,-8.720,1.524
1714822864026,2024-05-04T14:41:04.026,85.620,-2.500,-8.780,1.768
1714822864036,2024-05-04T14:41:04.036,85.630,-1.829,-7.256,2.012
1714822864046,2024-05-04T14:41:04.046,85.640,-0.854,-0.915,2.683
1714822864056,2024-05-04T14:41:04.056,85.650,0.000,7.500,2.256
1714822864066,2024-05-04T14:41:04.066,85.660,2.195,12.988,1.951
1714822864076,2024-05-04T14:41:04.076,85.670,3.598,10.976,-0.061
1714822864086,2024-05-04T14:41:04.086,85.680,5.671,10.366,-1.402
1714822864096,2024-05-04T14:41:04.096,85.690,14.573,13.476,1.707
1714822864106,2024-05-04T14:41:04.106,85.700,27.256,17.378,6.402
1714822864116,2024-05-04T14:41:04.116,85.710,38.232,14.573,14.390
1714822864126,2024-05-04T14:41:04.126,85.720,51.037,0.244,21.220
1714822864136,2024-05-04T14:41:04.136,85.730,63.598,-15.915,23.415
1714822864146,2024-05-04T14:41:04.146,85.740,74.390,-34.939,23.659
1714822864156,2024-05-04T14:41:04.156,85.750,80.732,-54.390,22.134
1714822864166,2024-05-04T14:41:04.166,85.760,83.476,-71.890,19.146
1714822864176,2024-05-04T14:41:04.176,85.770,84.573,-92.805,18.720
1714822864186,2024-05-04T14:41:04.186,85.780,84.695,-114.756,12.866
1714822864196,2024-05-04T14:41:04.196,85.790,90.610,-125.122,7.988
1714822864206,2024-05-04T14:41:04.206,85.800,100.366,-123.415,17.012
1714822864216,2024-05-04T14:41:04.216,85.810,90.732,-108.841,12.317
1714822864226,2024-05-04T14:41:04.226,85.820,74.268,-93.415,8.841
1714822864236,2024-05-04T14:41:04.236,85.830,70.183,-83.537,12.073
1714822864246,2024-05-04T14:41:04.246,85.840,61.829,-68.537,5.976
1714822864256,2024-05-04T14:41:04.256,85.850,48.780,-42.683,-3.659
1714822864266,2024-05-04T14:41:04.266,85.860,40.183,-14.634,-3.293
1714822864276,2024-05-04T14:41:04.276,85.870,28.476,8.720,4.878
1714822864286,2024-05-04T14:41:04.286,85.880,12.256,27.256,9.451
1714822864296,2024-05-04T14:41:04.296,85.890,-2.927,38.476,10.305
1714822864306,2024-05-04T14:41:04.306,85.900,-12.988,31.768,9.695
1714822864316,2024-05-04T14:41:04.316,85.910,-18.902,7.500,8.720
1714822864326,2024-05-04T14:41:04.326,85.920,-22.378,-17.744,6.585
1714822864336,2024-05-04T14:41:04.336,85.930,-22.500,-29.756,2.927
1714822864346,2024-05-04T14:41:04.346,85.940,-18.171,-32.378,0.427
1714822864356,2024-05-04T14:41:04.356,85.950,-14.939,-34.390,-0.732
1714822864366,2024-05-04T14:41:04.366,85.960,-15.183,-31.280,-1.159
1714822864376,2024-05-04T14:41:04.376,85.970,-19.451,-15.000,-1.524
1714822864386,2024-05-04T14:41:04.386,85.980,-22.744,9.329,-2.439
1714822864396,2024-05-04T14:41:04.396,85.990,-22.561,26.037,-3.659
1714822864406,2024-05-04T14:41:04.406,86.000,-21.890,27.012,-5.671
1714822864416,2024-05-04T14:41:04.416,86.010,-22.012,21.768,-6.341
1714822864426,2024-05-04T14:41:04.426,86.020,-22.073,17.500,-6.951
1714822864436,2024-05-04T14:41:04.436,86.030,-22.988,14.268,-7.073
1714822864446,2024-05-04T14:41:04.446,86.040,-27.195,13.659,-7.378
1714822864456,2024-05-04T14:41:04.456,86.050,-32.134,19.451,-8.902
1714822864466,2024-05-04T14:41:04.466,86.060,-33.598,29.207,-8.902
1714822864476,2024-05-04T14:41:04.476,86.070,-31.829,32.561,-7.317
1714822864486,2024-05-04T14:41:04.486,86.080,-27.561,25.061,-4.939
1714822864496,2024-05-04T14:41:04.496,86.090,-21.829,12.622,-2.378
1714822864506,2024-05-04T14:41:04.506,86.100,-17.378,3.049,-2.988
1714822864516,2024-05-04T14:41:04.516,86.110,-14.939,-0.305,-5.427
1714822864526,2024-05-04T14:41:04.526,86.120,-14.634,0.000,-7.256
1714822864536,2024-05-04T14:41:04.536,86.130,-15.488,0.610,-9.390
1714822864546,2024-05-04T14:41:04.546,86.140,-17.500,2.317,-10.793
1714822864556,2024-05-04T14:41:04.556,86.150,-21.463,6.341,-13.354
1714822864566,2024-05-04T14:41:04.566,86.160,-24.512,12.195,-14.573
1714822864576,2024-05-04T14:41:04.576,86.170,-25.854,17.805,-12.988
1714822864586,2024-05-04T14:41:04.586,86.180,-27.195,19.268,-9.512
1714822864596,2024-05-04T14:41:04.596,86.190,-26.768,16.159,-5.122
1714822864606,2024-05-04T14:41:04.606,86.200,-24.146,9.634,-2.683
1714822864616,2024-05-04T14:41:04.616,86.210,-19.817,2.805,-2.134
1714822864626,2024-05-04T14:41:04.626,86.220,-13.598,-3.963,-1.098
1714822864636,2024-05-04T14:41:04.636,86.230,-8.598,-8.415,-1.341
1714822864646,2024-05-04T14:41:04.646,86.240,-7.134,-9.207,-2.439
1714822864656,2024-05-04T14:41:04.656,86.250,-7.866,-7.256,-3.841
1714822864666,2024-05-04T14:41:04.666,86.260,-8.415,-3.780,-4.878
1714822864676,2024-05-04T14:41:04.676,86.270,-8.659,0.366,-4.939
1714822864686,2024-05-04T14:41:04.686,86.280,-8.659,4.512,-5.732
1714822864696,2024-05-04T14:41:04.696,86.290,-7.500,9.939,-5.793
1714822864706,2024-05-04T14:41:04.706,86.300,-6.707,15.549,-5.488
1714822864716,2024-05-04T14:41:04.716,86.310,-7.500,18.598,-5.671
1714822864726,2024-05-04T14:41:04.726,86.320,-8.354,16.646,-5.732
1714822864736,2024-05-04T14:41:04.736,86.330,-8.720,10.366,-5.183
1714822864746,2024-05-04T14:41:04.746,86.340,-9.329,1.829,-4.817
1714822864756,2024-05-04T14:41:04.756,86.350,-9.878,-5.793,-4.634
1714822864766,2024-05-04T14:41:04.766,86.360,-9.817,-10.915,-4.207
1714822864776,2024-05-04T14:41:04.776,86.370,-9.024,-11.220,-3.293
1714822864786,2024-05-04T14:41:04.786,86.380,-7.927,-6.829,-2.927
1714822864796,2024-05-04T14:41:04.796,86.390,-7.073,-0.976,-2.866
1714822864806,2024-05-04T14:41:04.806,86.400,-6.768,4.146,-2.134
1714822864816,2024-05-04T14:41:04.816,86.410,-7.805,7.256,-2.012
1714822864826,2024-05-04T14:41:04.826,86.420,-9.634,8.659,-2.317
1714822864836,2024-05-04T14:41:04.836,86.430,-10.793,8.110,-2.744
1714822864846,2024-05-04T14:41:04.846,86.440,-10.610,5.122,-2.195
1714822864856,2024-05-04T14:41:04.856,86.450,-10.061,-0.305,-1.098
1714822864866,2024-05-04T14:41:04.866,86.460,-8.902,-4.756,-0.610
1714822864876,2024-05-04T14:41:04.876,86.470,-7.012,-6.890,-0.610
1714822864886,2024-05-04T14:41:04.886,86.480,-6.220,-6.220,-0.061
1714822864896,2024-05-04T14:41:04.896,86.490,-6.829,-3.780,0.732
1714822864906,2024-05-04T14:41:04.906,86.500,-8.659,-0.366,1.280
1714822864916,2024-05-04T14:41:04.916,86.510,-11.220,2.988,2.744
1714822864926,2024-05-04T14:41:04.926,86.520,-13.049,3.293,4.390
1714822864936,2024-05-04T14:41:04.936,86.530,-12.744,0.183,3.232
1714822864946,2024-05-04T14:41:04.946,86.540,-10.061,-2.317,1.159
1714822864956,2024-05-04T14:41:04.956,86.550,-7.134,-2.744,0.244
1714822864966,2024-05-04T14:41:04.966,86.560,-5.976,-2.195,0.000
1714822864976,2024-05-04T14:41:04.976,86.570,-5.793,-1.646,-0.488
1714822864986,2024-05-04T14:41:04.986,86.580,-5.610,-1.220,-1.037
1714822864996,2024-05-04T14:41:04.996,86.590,-5.305,0.427,-1.037
1714822865006,2024-05-04T14:41:05.006,86.600,-5.488,3.110,-1.159
1714822865016,2024-05-04T14:41:05.016,86.610,-5.549,4.512,-1.037
1714822865026,2024-05-04T14:41:05.026,86.620,-4.146,3.780,-0.061
1714822865036,2024-05-04T14:41:05.036,86.630,-2.439,1.341,0.122
1714822865046,2024-05-04T14:41:05.046,86.640,-2.134,-1.280,-0.244
1714822865056,2024-05-04T14:41:05.056,86.650,-2.622,-2.805,-0.244
1714822865066,2024-05-04T14:41:05.066,86.660,-2.622,-4.024,-0.488
1714822865076,2024-05-04T14:41:05.076,86.670,-2.805,-5.610,-0.854
1714822865086,2024-05-04T14:41:05.086,86.680,-2.866,-5.549,-0.915
1714822865096,2024-05-04T14:41:05.096,86.690,-2.256,-4.024,-0.976
1714822865106,2024-05-04T14:41:05.106,86.700,-1.829,-2.500,-1.159
1714822865116,2024-05-04T14:41:05.116,86.710,-2.195,-0.976,-0.610
1714822865126,2024-05-04T14:41:05.126,86.720,-2.500,0.122,0.610
1714822865136,2024-05-04T14:41:05.136,86.730,-2.744,-0.061,1.341
1714822865146,2024-05-04T14:41:05.146,86.740,-2.866,-1.098,2.012
1714822865156,2024-05-04T14:41:05.156,86.750,-3.232,-2.073,3.049
1714822865166,2024-05-04T14:41:05.166,86.760,-3.720,-0.732,3.841
1714822865176,2024-05-04T14:41:05.176,86.770,-4.451,4.085,4.695
1714822865186,2024-05-04T14:41:05.186,86.780,-5.793,8.720,7.195
1714822865196,2024-05-04T14:41:05.196,86.790,-5.488,9.268,8.293
1714822865206,2024-05-04T14:41:05.206,86.800,-5.671,11.159,6.402
1714822865216,2024-05-04T14:41:05.216,86.810,-7.256,15.000,5.671
1714822865226,2024-05-04T14:41:05.226,86.820,-8.232,21.402,4.939
1714822865236,2024-05-04T14:41:05.236,86.830,-7.195,26.341,3.476
1714822865246,2024-05-04T14:41:05.246,86.840,-6.646,31.585,2.866
1714822865256,2024-05-04T14:41:05.256,86.850,-4.207,35.488,4.390
1714822865266,2024-05-04T14:41:05.266,86.860,-0.549,38.415,5.366
1714822865276,2024-05-04T14:41:05.276,86.870,2.195,39.085,5.854
1714822865286,2024-05-04T14:41:05.286,86.880,5.976,33.171,6.463
1714822865296,2024-05-04T14:41:05.296,86.890,13.780,21.220,8.780
1714822865306,2024-05-04T14:41:05.306,86.900,28.293,9.817,17.744
1714822865316,2024-05-04T14:41:05.316,86.910,45.122,2.378,29.878
1714822865326,2024-05-04T14:41:05.326,86.920,59.085,0.122,38.171
1714822865336,2024-05-04T14:41:05.336,86.930,68.537,-3.110,38.780
1714822865346,2024-05-04T14:41:05.346,86.940,77.561,-8.720,33.659
1714822865356,2024-05-04T14:41:05.356,86.950,88.049,-16.463,26.037
1714822865366,2024-05-04T14:41:05.366,86.960,97.927,-24.939,24.451
1714822865376,2024-05-04T14:41:05.376,86.970,104.512,-40.366,27.195
1714822865386,2024-05-04T14:41:05.386,86.980,101.829,-61.098,20.427
1714822865396,2024-05-04T14:41:05.396,86.990,92.744,-78.841,15.244
1714822865406,2024-05-04T14:41:05.406,87.000,87.561,-87.317,15.000
1714822865416,2024-05-04T14:41:05.416,87.010,80.732,-83.110,12.500
1714822865426,2024-05-04T14:41:05.426,87.020,69.756,-65.366,15.000
1714822865436,2024-05-04T14:41:05.436,87.030,58.476,-45.549,15.549
1714822865446,2024-05-04T14:41:05.446,87.040,50.549,-28.659,11.463
1714822865456,2024-05-04T14:41:05.456,87.050,47.256,-14.756,11.341
1714822865466,2024-05-04T14:41:05.466,87.060,42.500,-7.500,14.390
1714822865476,2024-05-04T14:41:05.476,87.070,32.622,-7.378,15.305
1714822865486,2024-05-04T14:41:05.486,87.080,24.207,-14.878,16.768
1714822865496,2024-05-04T14:41:05.496,87.090,16.524,-25.671,18.841
1714822865506,2024-05-04T14:41:05.506,87.100,7.500,-32.500,15.976
1714822865516,2024-05-04T14:41:05.516,87.110,2.012,-34.756,9.451
1714822865526,2024-05-04T14:41:05.526,87.120,1.341,-34.451,4.207
1714822865536,2024-05-04T14:41:05.536,87.130,0.915,-30.915,1.280
1714822865546,2024-05-04T14:41:05.546,87.140,-1.524,-23.049,-0.427
1714822865556,2024-05-04T14:41:05.556,87.150,-5.671,-11.646,-3.354
1714822865566,2024-05-04T14:41:05.566,87.160,-8.171,0.915,-6.402
1714822865576,2024-05-04T14:41:05.576,87.170,-11.159,14.024,-6.037
1714822865586,2024-05-04T14:41:05.586,87.180,-15.610,25.000,-4.329
1714822865596,2024-05-04T14:41:05.596,87.190,-18.171,24.329,-5.671
1714822865606,2024-05-04T14:41:05.606,87.200,-18.720,10.915,-8.293
1714822865616,2024-05-04T14:41:05.616,87.210,-18.476,-3.476,-8.049
1714822865626,2024-05-04T14:41:05.626,87.220,-18.476,-10.366,-7.317
1714822865636,2024-05-04T14:41:05.636,87.230,-20.183,-9.573,-7.256
1714822865646,2024-05-04T14:41:05.646,87.240,-23.659,-3.476,-6.159
1714822865656,2024-05-04T14:41:05.656,87.250,-28.963,4.573,-6.402
1714822865666,2024-05-04T14:41:05.666,87.260,-34.817,14.939,-8.171
1714822865676,2024-05-04T14:41:05.676,87.270,-37.439,24.817,-9.207
1714822865686,2024-05-04T14:41:05.686,87.280,-38.110,26.098,-9.573
1714822865696,2024-05-04T14:41:05.696,87.290,-37.927,19.146,-7.378
1714822865706,2024-05-04T14:41:05.706,87.300,-36.402,8.720,-4.085
1714822865716,2024-05-04T14:41:05.716,87.310,-33.720,1.829,-6.524
1714822865726,2024-05-04T14:41:05.726,87.320,-29.817,0.793,-9.451
1714822865736,2024-05-04T14:41:05.736,87.330,-27.744,2.866,-7.805
1714822865746,2024-05-04T14:41:05.746,87.340,-27.317,4.756,-7.927
1714822865756,2024-05-04T14:41:05.756,87.350,-26.402,6.707,-9.695
1714822865766,2024-05-04T14:41:05.766,87.360,-25.244,8.049,-9.085
1714822865776,2024-05-04T14:41:05.776,87.370,-25.061,7.134,-7.439
1714822865786,2024-05-04T14:41:05.786,87.380,-24.146,5.793,-7.195
1714822865796,2024-05-04T14:41:05.796,87.390,-23.171,3.232,-8.841
1714822865806,2024-05-04T14:41:05.806,87.400,-21.951,0.366,-8.659
1714822865816,2024-05-04T14:41:05.816,87.410,-19.085,0.793,-8.171
1714822865826,2024-05-04T14:41:05.826,87.420,-15.854,3.780,-8.598
1714822865836,2024-05-04T14:41:05.836,87.430,-15.549,7.195,-8.415
1714822865846,2024-05-04T14:41:05.846,87.440,-17.500,9.756,-8.232
1714822865856,2024-05-04T14:41:05.856,87.450,-18.049,10.915,-8.354
1714822865866,2024-05-04T14:41:05.866,87.460,-16.951,10.610,-8.293
1714822865876,2024-05-04T14:41:05.876,87.470,-16.585,7.927,-7.927
1714822865886,2024-05-04T14:41:05.886,87.480,-16.890,2.744,-7.622
1714822865896,2024-05-04T14:41:05.896,87.490,-17.012,-2.073,-6.707
1714822865906,2024-05-04T14:41:05.906,87.500,-16.646,-4.390,-6.524
1714822865916,2024-05-04T14:41:05.916,87.510,-15.671,-3.598,-8.110
1714822865926,2024-05-04T14:41:05.926,87.520,-14.817,-0.671,-8.841
1714822865936,2024-05-04T14:41:05.936,87.530,-14.268,1.890,-8.537
1714822865946,2024-05-04T14:41:05.946,87.540,-13.598,3.902,-8.232
1714822865956,2024-05-04T14:41:05.956,87.550,-13.232,5.061,-7.622
1714822865966,2024-05-04T14:41:05.966,87.560,-13.415,4.817,-6.463
1714822865976,2024-05-04T14:41:05.976,87.570,-13.537,3.476,-5.000
1714822865986,2024-05-04T14:41:05.986,87.580,-13.232,1.159,-4.512
1714822865996,2024-05-04T14:41:05.996,87.590,-13.780,-1.220,-5.000
1714822866006,2024-05-04T14:41:06.006,87.600,-14.634,-2.378,-4.939
1714822866016,2024-05-04T14:41:06.016,87.610,-14.329,-1.646,-4.939
1714822866026,2024-05-04T14:41:06.026,87.620,-13.780,0.244,-5.244
1714822866036,2024-05-04T14:41:06.036,87.630,-13.902,3.171,-5.488
1714822866046,2024-05-04T14:41:06.046,87.640,-14.634,6.280,-5.549
1714822866056,2024-05-04T14:41:06.056,87.650,-15.427,6.890,-5.671
1714822866066,2024-05-04T14:41:06.066,87.660,-16.037,4.939,-5.244
1714822866076,2024-05-04T14:41:06.076,87.670,-16.524,1.829,-4.695
1714822866086,2024-05-04T14:41:06.086,87.680,-17.256,-0.549,-4.695
1714822866096,2024-05-04T14:41:06.096,87.690,-17.500,-0.610,-4.451
1714822866106,2024-05-04T14:41:06.106,87.700,-17.134,0.793,-4.207
1714822866116,2024-05-04T14:41:06.116,87.710,-16.829,2.500,-3.780
1714822866126,2024-05-04T14:41:06.126,87.720,-17.195,4.512,-2.988
1714822866136,2024-05-04T14:41:06.136,87.730,-18.963,7.073,-2.256
1714822866146,2024-05-04T14:41:06.146,87.740,-21.341,10.061,-2.012
1714822866156,2024-05-04T14:41:06.156,87.750,-23.171,13.598,-1.341
1714822866166,2024-05-04T14:41:06.166,87.760,-24.268,16.890,-0.061
1714822866176,2024-05-04T14:41:06.176,87.770,-25.488,19.878,0.488
1714822866186,2024-05-04T14:41:06.186,87.780,-26.829,23.110,0.976
1714822866196,2024-05-04T14:41:06.196,87.790,-26.707,25.366,1.829
1714822866206,2024-05-04T14:41:06.206,87.800,-26.951,28.232,2.439
1714822866216,2024-05-04T14:41:06.216,87.810,-26.768,26.890,4.146
1714822866226,2024-05-04T14:41:06.226,87.820,-24.024,19.085,4.451
1714822866236,2024-05-04T14:41:06.236,87.830,-22.012,11.585,2.805
1714822866246,2024-05-04T14:41:06.246,87.840,-21.341,3.415,4.817
1714822866256,2024-05-04T14:41:06.256,87.850,-20.061,-2.378,6.829
1714822866266,2024-05-04T14:41:06.266,87.860,-16.951,-5.366,6.829
1714822866276,2024-05-04T14:41:06.276,87.870,-13.232,-4.939,7.073
1714822866286,2024-05-04T14:41:06.286,87.880,-10.183,-4.024,9.329
1714822866296,2024-05-04T14:41:06.296,87.890,-6.768,-4.268,11.280
1714822866306,2024-05-04T14:41:06.306,87.900,-3.720,-5.244,10.854
1714822866316,2024-05-04T14:41:06.316,87.910,-4.207,-1.646,8.232
1714822866326,2024-05-04T14:41:06.326,87.920,-4.268,1.951,7.378
1714822866336,2024-05-04T14:41:06.336,87.930,-1.159,5.183,7.134
1714822866346,2024-05-04T14:41:06.346,87.940,2.073,13.354,3.354
1714822866356,2024-05-04T14:41:06.356,87.950,9.085,22.378,2.561
1714822866366,2024-05-04T14:41:06.366,87.960,19.024,22.988,2.927
1714822866376,2024-05-04T14:41:06.376,87.970,33.049,15.244,5.244
1714822866386,2024-05-04T14:41:06.386,87.980,52.683,-3.720,12.805
1714822866396,2024-05-04T14:41:06.396,87.990,76.951,-37.012,23.049
1714822866406,2024-05-04T14:41:06.406,88.000,111.341,-72.073,35.244
1714822866416,2024-05-04T14:41:06.416,88.010,140.732,-102.622,42.988
1714822866426,2024-05-04T14:41:06.426,88.020,155.732,-127.256,35.854
1714822866436,2024-05-04T14:41:06.436,88.030,164.451,-147.988,25.305
1714822866446,2024-05-04T14:41:06.446,88.040,160.305,-164.085,9.329
1714822866456,2024-05-04T14:41:06.456,88.050,151.280,-169.451,-14.756
1714822866466,2024-05-04T14:41:06.466,88.060,150.244,-155.854,-21.707
1714822866476,2024-05-04T14:41:06.476,88.070,132.134,-124.634,0.305
1714822866486,2024-05-04T14:41:06.486,88.080,107.012,-66.341,13.110
1714822866496,2024-05-04T14:41:06.496,88.090,88.659,-22.378,11.951
1714822866506,2024-05-04T14:41:06.506,88.100,87.805,-7.561,-0.488
1714822866516,2024-05-04T14:41:06.516,88.110,91.159,-9.817,-9.939
1714822866526,2024-05-04T14:41:06.526,88.120,75.976,-3.354,-2.073
1714822866536,2024-05-04T14:41:06.536,88.130,51.768,28.232,5.915
1714822866546,2024-05-04T14:41:06.546,88.140,31.768,73.171,5.671
1714822866556,2024-05-04T14:41:06.556,88.150,14.756,95.732,6.951
1714822866566,2024-05-04T14:41:06.566,88.160,-1.037,81.037,11.524
1714822866576,2024-05-04T14:41:06.576,88.170,-15.427,48.049,11.280
1714822866586,2024-05-04T14:41:06.586,88.180,-23.476,18.354,6.707
1714822866596,2024-05-04T14:41:06.596,88.190,-27.378,2.378,2.561
1714822866606,2024-05-04T14:41:06.606,88.200,-30.000,-0.244,0.671
1714822866616,2024-05-04T14:41:06.616,88.210,-35.549,3.902,1.098
1714822866626,2024-05-04T14:41:06.626,88.220,-42.561,15.305,1.463
1714822866636,2024-05-04T14:41:06.636,88.230,-43.354,26.402,-0.366
1714822866646,2024-05-04T14:41:06.646,88.240,-39.146,29.146,-2.683
1714822866656,2024-05-04T14:41:06.656,88.250,-35.793,22.744,-3.963
1714822866666,2024-05-04T14:41:06.666,88.260,-36.037,12.805,-4.512
1714822866676,2024-05-04T14:41:06.676,88.270,-38.171,7.622,-7.073
1714822866686,2024-05-04T14:41:06.686,88.280,-39.146,10.732,-9.939
1714822866696,2024-05-04T14:41:06.696,88.290,-41.402,21.524,-11.341
1714822866706,2024-05-04T14:41:06.706,88.300,-43.841,35.854,-12.378
1714822866716,2024-05-04T14:41:06.716,88.310,-43.720,45.976,-12.500
1714822866726,2024-05-04T14:41:06.726,88.320,-38.659,49.512,-11.037
1714822866736,2024-05-04T14:41:06.736,88.330,-32.622,45.366,-8.171
1714822866746,2024-05-04T14:41:06.746,88.340,-29.451,36.524,-7.500
1714822866756,2024-05-04T14:41:06.756,88.350,-28.415,28.049,-9.390
1714822866766,2024-05-04T14:41:06.766,88.360,-28.232,20.732,-12.683
1714822866776,2024-05-04T14:41:06.776,88.370,-28.537,17.622,-16.159
1714822866786,2024-05-04T14:41:06.786,88.380,-28.049,19.695,-19.024
1714822866796,2024-05-04T14:41:06.796,88.390,-29.878,22.805,-20.854
1714822866806,2024-05-04T14:41:06.806,88.400,-33.293,27.622,-18.902
1714822866816,2024-05-04T14:41:06.816,88.410,-35.122,34.146,-14.878
1714822866826,2024-05-04T14:41:06.826,88.420,-35.427,37.012,-11.463
1714822866836,2024-05-04T14:41:06.836,88.430,-35.244,32.378,-9.085
1714822866846,2024-05-04T14:41:06.846,88.440,-34.573,22.439,-7.988
1714822866856,2024-05-04T14:41:06.856,88.450,-33.049,11.707,-10.366
1714822866866,2024-05-04T14:41:06.866,88.460,-30.671,5.488,-12.317
1714822866876,2024-05-04T14:41:06.876,88.470,-28.537,3.963,-12.683
1714822866886,2024-05-04T14:41:06.886,88.480,-28.232,4.207,-13.110
1714822866896,2024-05-04T14:41:06.896,88.490,-28.354,3.293,-12.439
1714822866906,2024-05-04T14:41:06.906,88.500,-27.744,1.524,-10.671
1714822866916,2024-05-04T14:41:06.916,88.510,-27.012,0.732,-8.963
1714822866926,2024-05-04T14:41:06.926,88.520,-24.939,3.049,-7.866
1714822866936,2024-05-04T14:41:06.936,88.530,-23.232,6.890,-6.768
1714822866946,2024-05-04T14:41:06.946,88.540,-22.500,10.000,-6.098
1714822866956,2024-05-04T14:41:06.956,88.550,-20.488,12.134,-6.037
1714822866966,2024-05-04T14:41:06.966,88.560,-18.537,13.354,-6.280
1714822866976,2024-05-04T14:41:06.976,88.570,-17.439,13.780,-5.366
1714822866986,2024-05-04T14:41:06.986,88.580,-16.768,13.110,-3.476
1714822866996,2024-05-04T14:41:06.996,88.590,-17.622,10.061,-2.988
1714822867006,2024-05-04T14:41:07.006,88.600,-18.293,7.744,-2.256
1714822867016,2024-05-04T14:41:07.016,88.610,-17.378,7.256,-2.012
1714822867026,2024-05-04T14:41:07.026,88.620,-16.646,6.768,-1.707
1714822867036,2024-05-04T14:41:07.036,88.630,-15.610,5.793,-0.732
1714822867046,2024-05-04T14:41:07.046,88.640,-14.634,4.695,-1.037
1714822867056,2024-05-04T14:41:07.056,88.650,-15.122,4.817,-1.280
1714822867066,2024-05-04T14:41:07.066,88.660,-17.256,7.683,-0.366
1714822867076,2024-05-04T14:41:07.076,88.670,-19.146,12.256,-0.061
1714822867086,2024-05-04T14:41:07.086,88.680,-20.183,16.890,0.061
1714822867096,2024-05-04T14:41:07.096,88.690,-21.280,19.329,0.427
1714822867106,2024-05-04T14:41:07.106,88.700,-22.195,21.402,0.305
1714822867116,2024-05-04T14:41:07.116,88.710,-21.829,25.244,0.427
1714822867126,2024-05-04T14:41:07.126,88.720,-20.793,29.085,1.280
1714822867136,2024-05-04T14:41:07.136,88.730,-20.366,30.732,1.890
1714822867146,2024-05-04T14:41:07.146,88.740,-19.634,29.024,1.220
1714822867156,2024-05-04T14:41:07.156,88.750,-17.317,26.280,0.244
1714822867166,2024-05-04T14:41:07.166,88.760,-15.244,23.841,0.061
1714822867176,2024-05-04T14:41:07.176,88.770,-14.451,22.744,0.000
1714822867186,2024-05-04T14:41:07.186,88.780,-14.268,20.671,0.244
1714822867196,2024-05-04T14:41:07.196,88.790,-13.232,16.037,0.854
1714822867206,2024-05-04T14:41:07.206,88.800,-10.915,10.549,0.610
1714822867216,2024-05-04T14:41:07.216,88.810,-9.390,8.171,0.366
1714822867226,2024-05-04T14:41:07.226,88.820,-8.963,8.415,0.732
1714822867236,2024-05-04T14:41:07.236,88.830,-9.085,9.573,0.915
1714822867246,2024-05-04T14:41:07.246,88.840,-8.963,12.012,0.793
1714822867256,2024-05-04T14:41:07.256,88.850,-8.171,16.829,0.366
1714822867266,2024-05-04T14:41:07.266,88.860,-6.159,19.756,1.037
1714822867276,2024-05-04T14:41:07.276,88.870,-3.841,20.549,1.402
1714822867286,2024-05-04T14:41:07.286,88.880,-3.659,20.732,1.463
1714822867296,2024-05-04T14:41:07.296,88.890,-3.293,18.720,2.561
1714822867306,2024-05-04T14:41:07.306,88.900,-3.049,13.780,3.659
1714822867316,2024-05-04T14:41:07.316,88.910,-3.476,8.354,4.390
1714822867326,2024-05-04T14:41:07.326,88.920,-3.659,4.146,5.244
1714822867336,2024-05-04T14:41:07.336,88.930,-2.622,1.646,5.976
1714822867346,2024-05-04T14:41:07.346,88.940,0.061,-0.610,6.220
1714822867356,2024-05-04T14:41:07.356,88.950,2.683,-3.537,5.183
1714822867366,2024-05-04T14:41:07.366,88.960,5.488,-5.427,5.061
1714822867376,2024-05-04T14:41:07.376,88.970,8.476,-8.354,5.915
1714822867386,2024-05-04T14:41:07.386,88.980,11.098,-15.610,5.732
1714822867396,2024-05-04T14:41:07.396,88.990,13.354,-21.707,6.159
1714822867406,2024-05-04T14:41:07.406,89.000,15.671,-22.561,8.293
1714822867416,2024-05-04T14:41:07.416,89.010,19.207,-19.268,9.939
1714822867426,2024-05-04T14:41:07.426,89.020,24.573,-15.488,11.585
1714822867436,2024-05-04T14:41:07.436,89.030,32.134,-11.829,14.329
1714822867446,2024-05-04T14:41:07.446,89.040,40.488,-10.793,16.037
1714822867456,2024-05-04T14:41:07.456,89.050,45.122,-13.354,15.915
1714822867466,2024-05-04T14:41:07.466,89.060,44.329,-19.451,14.817
1714822867476,2024-05-04T14:41:07.476,89.070,41.768,-26.098,12.500
1714822867486,2024-05-04T14:41:07.486,89.080,42.317,-29.146,10.183
1714822867496,2024-05-04T14:41:07.496,89.090,45.732,-27.195,10.244
1714822867506,2024-05-04T14:41:07.506,89.100,49.878,-25.427,11.159
1714822867516,2024-05-04T14:41:07.516,89.110,53.293,-28.476,10.793
1714822867526,2024-05-04T14:41:07.526,89.120,54.329,-35.793,10.122
1714822867536,2024-05-04T14:41:07.536,89.130,53.232,-43.293,9.878
1714822867546,2024-05-04T14:41:07.546,89.140,51.707,-49.695,8.780
1714822867556,2024-05-04T14:41:07.556,89.150,50.549,-53.537,7.378
1714822867566,2024-05-04T14:41:07.566,89.160,49.756,-55.549,7.866
1714822867576,2024-05-04T14:41:07.576,89.170,47.805,-59.817,7.500
1714822867586,2024-05-04T14:41:07.586,89.180,48.232,-64.329,4.451
1714822867596,2024-05-04T14:41:07.596,89.190,50.183,-65.732,1.341
1714822867606,2024-05-04T14:41:07.606,89.200,51.829,-70.305,1.768
1714822867616,2024-05-04T14:41:07.616,89.210,51.768,-80.549,4.451
1714822867626,2024-05-04T14:41:07.626,89.220,50.732,-91.585,4.024
1714822867636,2024-05-04T14:41:07.636,89.230,50.793,-101.098,2.439
1714822867646,2024-05-04T14:41:07.646,89.240,49.268,-106.220,0.244
1714822867656,2024-05-04T14:41:07.656,89.250,48.780,-107.561,-2.439
1714822867666,2024-05-04T14:41:07.666,89.260,48.659,-105.305,-2.683
1714822867676,2024-05-04T14:41:07.676,89.270,48.598,-103.171,-2.744
1714822867686,2024-05-04T14:41:07.686,89.280,48.110,-100.427,-1.707
1714822867696,2024-05-04T14:41:07.696,89.290,48.354,-96.220,-1.951
1714822867706,2024-05-04T14:41:07.706,89.300,48.049,-90.183,-5.061
1714822867716,2024-05-04T14:41:07.716,89.310,46.768,-78.963,-5.793
1714822867726,2024-05-04T14:41:07.726,89.320,43.293,-67.805,-5.305
1714822867736,2024-05-04T14:41:07.736,89.330,38.476,-60.549,-3.720
1714822867746,2024-05-04T14:41:07.746,89.340,34.756,-57.012,-3.720
1714822867756,2024-05-04T14:41:07.756,89.350,31.341,-54.451,-5.854
1714822867766,2024-05-04T14:41:07.766,89.360,28.902,-52.439,-7.256
1714822867776,2024-05-04T14:41:07.776,89.370,26.159,-51.098,-6.402
1714822867786,2024-05-04T14:41:07.786,89.380,21.159,-47.622,-6.890
1714822867796,2024-05-04T14:41:07.796,89.390,15.183,-40.183,-7.134
1714822867806,2024-05-04T14:41:07.806,89.400,9.634,-31.768,-6.220
1714822867816,2024-05-04T14:41:07.816,89.410,3.354,-22.744,-3.476
1714822867826,2024-05-04T14:41:07.826,89.420,-4.268,-9.329,0.671
1714822867836,2024-05-04T14:41:07.836,89.430,-11.951,9.329,2.317
1714822867846,2024-05-04T14:41:07.846,89.440,-16.159,24.024,3.049
1714822867856,2024-05-04T14:41:07.856,89.450,-19.268,33.354,3.902
1714822867866,2024-05-04T14:41:07.866,89.460,-23.049,42.927,4.695
1714822867876,2024-05-04T14:41:07.876,89.470,-25.732,51.037,4.695
1714822867886,2024-05-04T14:41:07.886,89.480,-27.256,55.793,4.756
1714822867896,2024-05-04T14:41:07.896,89.490,-26.707,59.817,4.573
1714822867906,2024-05-04T14:41:07.906,89.500,-25.000,64.268,4.573
1714822867916,2024-05-04T14:41:07.916,89.510,-26.463,72.317,3.354
1714822867926,2024-05-04T14:41:07.926,89.520,-30.671,86.280,0.427
1714822867936,2024-05-04T14:41:07.936,89.530,-35.915,103.537,-1.280
1714822867946,2024-05-04T14:41:07.946,89.540,-42.439,121.098,-1.220
1714822867956,2024-05-04T14:41:07.956,89.550,-49.146,132.500,-1.768
1714822867966,2024-05-04T14:41:07.966,89.560,-56.585,129.817,-4.939
1714822867976,2024-05-04T14:41:07.976,89.570,-62.073,115.915,-10.244
1714822867986,2024-05-04T14:41:07.986,89.580,-59.085,94.695,-8.841
1714822867996,2024-05-04T14:41:07.996,89.590,-50.915,73.232,-3.963
1714822868006,2024-05-04T14:41:08.006,89.600,-45.183,55.488,-3.659
1714822868016,2024-05-04T14:41:08.016,89.610,-43.720,44.268,-7.134
1714822868026,2024-05-04T14:41:08.026,89.620,-43.720,41.220,-8.049
1714822868036,2024-05-04T14:41:08.036,89.630,-44.268,46.646,-6.341
1714822868046,2024-05-04T14:41:08.046,89.640,-44.878,59.573,-5.488
1714822868056,2024-05-04T14:41:08.056,89.650,-45.793,79.024,-6.829
1714822868066,2024-05-04T14:41:08.066,89.660,-47.683,99.939,-8.171
1714822868076,2024-05-04T14:41:08.076,89.670,-48.293,112.683,-8.659
1714822868086,2024-05-04T14:41:08.086,89.680,-47.439,108.049,-11.037
1714822868096,2024-05-04T14:41:08.096,89.690,-44.024,84.756,-11.951
1714822868106,2024-05-04T14:41:08.106,89.700,-37.988,52.256,-10.366
1714822868116,2024-05-04T14:41:08.116,89.710,-30.549,20.671,-8.171
1714822868126,2024-05-04T14:41:08.126,89.720,-24.024,-2.134,-5.732
1714822868136,2024-05-04T14:41:08.136,89.730,-18.841,-12.134,-4.695
1714822868146,2024-05-04T14:41:08.146,89.740,-15.000,-17.378,-5.976
1714822868156,2024-05-04T14:41:08.156,89.750,-14.634,-18.598,-5.976
1714822868166,2024-05-04T14:41:08.166,89.760,-18.354,-11.768,-4.085
1714822868176,2024-05-04T14:41:08.176,89.770,-22.317,1.768,-3.537
1714822868186,2024-05-04T14:41:08.186,89.780,-23.720,19.573,-3.902
1714822868196,2024-05-04T14:41:08.196,89.790,-24.634,37.378,-3.293
1714822868206,2024-05-04T14:41:08.206,89.800,-24.329,48.902,-2.622
1714822868216,2024-05-04T14:41:08.216,89.810,-22.500,47.317,-4.756
1714822868226,2024-05-04T14:41:08.226,89.820,-19.939,35.915,-6.220
1714822868236,2024-05-04T14:41:08.236,89.830,-17.073,19.329,-5.366
1714822868246,2024-05-04T14:41:08.246,89.840,-14.268,1.220,-5.427
1714822868256,2024-05-04T14:41:08.256,89.850,-11.280,-15.061,-5.915
1714822868266,2024-05-04T14:41:08.266,89.860,-9.390,-26.951,-5.610
1714822868276,2024-05-04T14:41:08.276,89.870,-9.268,-31.707,-5.488
1714822868286,2024-05-04T14:41:08.286,89.880,-9.390,-26.402,-5.915
1714822868296,2024-05-04T14:41:08.296,89.890,-9.512,-14.146,-6.098
1714822868306,2024-05-04T14:41:08.306,89.900,-9.756,-0.915,-5.610
1714822868316,2024-05-04T14:41:08.316,89.910,-10.183,8.293,-5.427
1714822868326,2024-05-04T14:41:08.326,89.920,-11.402,13.902,-5.427
1714822868336,2024-05-04T14:41:08.336,89.930,-12.622,17.134,-5.305
1714822868346,2024-05-04T14:41:08.346,89.940,-12.317,16.341,-5.427
1714822868356,2024-05-04T14:41:08.356,89.950,-10.183,10.915,-4.390
1714822868366,2024-05-04T14:41:08.366,89.960,-8.354,2.988,-2.683
1714822868376,2024-05-04T14:41:08.376,89.970,-7.439,-4.146,-2.317
1714822868386,2024-05-04T14:41:08.386,89.980,-6.646,-9.512,-1.890
1714822868396,2024-05-04T14:41:08.396,89.990,-6.402,-13.476,-0.061
1714822868406,2024-05-04T14:41:08.406,90.000,-7.073,-14.329,1.524
1714822868416,2024-05-04T14:41:08.416,90.010,-7.805,-12.561,2.622
1714822868426,2024-05-04T14:41:08.426,90.020,-8.476,-8.354,4.024
1714822868436,2024-05-04T14:41:08.436,90.030,-8.902,-2.256,5.427
1714822868446,2024-05-04T14:41:08.446,90.040,-8.841,3.293,6.159
1714822868456,2024-05-04T14:41:08.456,90.050,-9.512,2.317,6.768
1714822868466,2024-05-04T14:41:08.466,90.060,-10.488,-7.378,7.988
1714822868476,2024-05-04T14:41:08.476,90.070,-9.329,-19.146,9.207
1714822868486,2024-05-04T14:41:08.486,90.080,-5.915,-29.024,9.024
1714822868496,2024-05-04T14:41:08.496,90.090,-0.976,-35.366,7.805
1714822868506,2024-05-04T14:41:08.506,90.100,3.841,-33.171,7.500
1714822868516,2024-05-04T14:41:08.516,90.110,7.866,-28.415,9.207
1714822868526,2024-05-04T14:41:08.526,90.120,11.098,-21.951,10.610
1714822868536,2024-05-04T14:41:08.536,90.130,11.159,-17.439,9.390
1714822868546,2024-05-04T14:41:08.546,90.140,12.988,-21.280,11.159
1714822868556,2024-05-04T14:41:08.556,90.150,12.866,-19.878,10.000
1714822868566,2024-05-04T14:41:08.566,90.160,11.280,-14.207,6.585
1714822868576,2024-05-04T14:41:08.576,90.170,16.402,-9.695,5.366
1714822868586,2024-05-04T14:41:08.586,90.180,26.280,-14.695,7.622
1714822868596,2024-05-04T14:41:08.596,90.190,34.817,-31.463,8.293
1714822868606,2024-05-04T14:41:08.606,90.200,45.122,-50.732,7.195
1714822868616,2024-05-04T14:41:08.616,90.210,58.902,-65.793,10.061
1714822868626,2024-05-04T14:41:08.626,90.220,72.683,-78.232,11.951
1714822868636,2024-05-04T14:41:08.636,90.230,86.098,-85.366,10.732
1714822868646,2024-05-04T14:41:08.646,90.240,96.951,-88.659,11.951
1714822868656,2024-05-04T14:41:08.656,90.250,102.805,-91.646,12.927
1714822868666,2024-05-04T14:41:08.666,90.260,103.110,-97.378,10.549
1714822868676,2024-05-04T14:41:08.676,90.270,100.732,-110.854,7.805
1714822868686,2024-05-04T14:41:08.686,90.280,100.122,-129.634,7.012
1714822868696,2024-05-04T14:41:08.696,90.290,102.073,-137.683,2.561
1714822868706,2024-05-04T14:41:08.706,90.300,94.878,-124.268,-3.780
1714822868716,2024-05-04T14:41:08.716,90.310,86.341,-103.963,-6.037
1714822868726,2024-05-04T14:41:08.726,90.320,84.146,-95.488,-4.817
1714822868736,2024-05-04T14:41:08.736,90.330,79.695,-93.902,-0.183
1714822868746,2024-05-04T14:41:08.746,90.340,72.500,-90.244,3.537
1714822868756,2024-05-04T14:41:08.756,90.350,67.622,-79.695,-0.305
1714822868766,2024-05-04T14:41:08.766,90.360,61.585,-65.915,-2.927
1714822868776,2024-05-04T14:41:08.776,90.370,52.317,-57.744,-2.683
1714822868786,2024-05-04T14:41:08.786,90.380,44.573,-60.671,1.159
1714822868796,2024-05-04T14:41:08.796,90.390,36.890,-66.402,6.402
1714822868806,2024-05-04T14:41:08.806,90.400,26.951,-63.476,7.683
1714822868816,2024-05-04T14:41:08.816,90.410,17.866,-55.915,8.354
1714822868826,2024-05-04T14:41:08.826,90.420,9.695,-49.512,11.829
1714822868836,2024-05-04T14:41:08.836,90.430,-2.561,-46.829,13.293
1714822868846,2024-05-04T14:41:08.846,90.440,-12.988,-45.671,12.317
1714822868856,2024-05-04T14:41:08.856,90.450,-18.415,-40.976,12.256
1714822868866,2024-05-04T14:41:08.866,90.460,-21.829,-29.573,12.073
1714822868876,2024-05-04T14:41:08.876,90.470,-25.000,-12.866,10.610
1714822868886,2024-05-04T14:41:08.886,90.480,-27.378,6.098,9.634
1714822868896,2024-05-04T14:41:08.896,90.490,-29.207,24.451,9.390
1714822868906,2024-05-04T14:41:08.906,90.500,-33.049,41.098,8.720
1714822868916,2024-05-04T14:41:08.916,90.510,-36.402,50.122,7.988
1714822868926,2024-05-04T14:41:08.926,90.520,-36.524,45.061,7.317
1714822868936,2024-05-04T14:41:08.936,90.530,-34.878,32.683,6.646
1714822868946,2024-05-04T14:41:08.946,90.540,-32.683,24.756,5.366
1714822868956,2024-05-04T14:41:08.956,90.550,-31.220,27.561,3.476
1714822868966,2024-05-04T14:41:08.966,90.560,-31.220,36.037,0.976
1714822868976,2024-05-04T14:41:08.976,90.570,-32.500,42.683,1.220
1714822868986,2024-05-04T14:41:08.986,90.580,-36.768,47.805,1.951
1714822868996,2024-05-04T14:41:08.996,90.590,-45.305,60.549,0.244
1714822869006,2024-05-04T14:41:09.006,90.600,-50.122,77.683,-1.585
1714822869016,2024-05-04T14:41:09.016,90.610,-48.963,86.524,-0.671
1714822869026,2024-05-04T14:41:09.026,90.620,-45.183,81.707,1.220
1714822869036,2024-05-04T14:41:09.036,90.630,-41.341,66.707,0.061
1714822869046,2024-05-04T14:41:09.046,90.640,-38.354,48.963,-4.878
1714822869056,2024-05-04T14:41:09.056,90.650,-36.768,34.573,-8.598
1714822869066,2024-05-04T14:41:09.066,90.660,-37.134,25.610,-9.390
1714822869076,2024-05-04T14:41:09.076,90.670,-38.598,22.866,-9.512
1714822869086,2024-05-04T14:41:09.086,90.680,-41.768,27.073,-9.756
1714822869096,2024-05-04T14:41:09.096,90.690,-43.598,39.024,-9.146
1714822869106,2024-05-04T14:41:09.106,90.700,-42.683,56.402,-6.524
1714822869116,2024-05-04T14:41:09.116,90.710,-40.000,71.220,-4.268
1714822869126,2024-05-04T14:41:09.126,90.720,-39.512,74.329,-2.744
1714822869136,2024-05-04T14:41:09.136,90.730,-42.256,69.085,-0.549
1714822869146,2024-05-04T14:41:09.146,90.740,-41.707,58.232,3.110
1714822869156,2024-05-04T14:41:09.156,90.750,-39.085,40.488,2.622
1714822869166,2024-05-04T14:41:09.166,90.760,-35.915,21.037,-0.122
1714822869176,2024-05-04T14:41:09.176,90.770,-32.317,8.171,-0.671
1714822869186,2024-05-04T14:41:09.186,90.780,-30.427,4.512,-0.366
1714822869196,2024-05-04T14:41:09.196,90.790,-30.305,10.671,-1.280
1714822869206,2024-05-04T14:41:09.206,90.800,-30.976,24.756,-2.256
1714822869216,2024-05-04T14:41:09.216,90.810,-32.256,43.720,-2.927
1714822869226,2024-05-04T14:41:09.226,90.820,-33.049,59.329,-4.146
1714822869236,2024-05-04T14:41:09.236,90.830,-33.476,65.000,-5.183
1714822869246,2024-05-04T14:41:09.246,90.840,-31.341,60.976,-5.915
1714822869256,2024-05-04T14:41:09.256,90.850,-28.963,50.488,-6.098
1714822869266,2024-05-04T14:41:09.266,90.860,-26.402,39.146,-6.220
1714822869276,2024-05-04T14:41:09.276,90.870,-24.024,27.988,-6.341
1714822869286,2024-05-04T14:41:09.286,90.880,-21.159,18.841,-6.463
1714822869296,2024-05-04T14:41:09.296,90.890,-18.720,10.732,-7.500
1714822869306,2024-05-04T14:41:09.306,90.900,-17.134,7.073,-8.902
1714822869316,2024-05-04T14:41:09.316,90.910,-14.634,11.829,-9.207
1714822869326,2024-05-04T14:41:09.326,90.920,-12.500,21.402,-8.841
1714822869336,2024-05-04T14:41:09.336,90.930,-12.317,27.683,-8.232
1714822869346,2024-05-04T14:41:09.346,90.940,-12.927,26.524,-7.195
1714822869356,2024-05-04T14:41:09.356,90.950,-11.951,20.183,-7.195
1714822869366,2024-05-04T14:41:09.366,90.960,-9.756,12.744,-6.585
1714822869376,2024-05-04T14:41:09.376,90.970,-8.720,6.524,-5.305
1714822869386,2024-05-04T14:41:09.386,90.980,-8.659,2.134,-5.610
1714822869396,2024-05-04T14:41:09.396,90.990,-8.780,0.183,-6.098
1714822869406,2024-05-04T14:41:09.406,91.000,-8.537,2.012,-5.854
1714822869416,2024-05-04T14:41:09.416,91.010,-8.598,4.878,-5.732
1714822869426,2024-05-04T14:41:09.426,91.020,-8.232,7.134,-4.329
1714822869436,2024-05-04T14:41:09.436,91.030,-7.012,7.439,-2.866
1714822869446,2024-05-04T14:41:09.446,91.040,-4.878,5.000,-2.073
1714822869456,2024-05-04T14:41:09.456,91.050,-2.744,2.195,-2.012
1714822869466,2024-05-04T14:41:09.466,91.060,-1.951,-0.427,-2.012
1714822869476,2024-05-04T14:41:09.476,91.070,-1.280,-1.890,-1.524
1714822869486,2024-05-04T14:41:09.486,91.080,0.061,-2.073,-1.585
1714822869496,2024-05-04T14:41:09.496,91.090,0.793,-1.524,-0.915
1714822869506,2024-05-04T14:41:09.506,91.100,0.061,-1.951,0.122
1714822869516,2024-05-04T14:41:09.516,91.110,-1.037,-2.744,1.037
1714822869526,2024-05-04T14:41:09.526,91.120,-1.402,-2.439,2.134
1714822869536,2024-05-04T14:41:09.536,91.130,-2.073,-1.951,3.049
1714822869546,2024-05-04T14:41:09.546,91.140,-2.866,-1.829,2.866
1714822869556,2024-05-04T14:41:09.556,91.150,-3.293,-1.463,2.561
1714822869566,2024-05-04T14:41:09.566,91.160,-3.354,-1.463,2.378
1714822869576,2024-05-04T14:41:09.576,91.170,-3.171,-1.159,2.012
1714822869586,2024-05-04T14:41:09.586,91.180,-3.110,0.366,1.707
1714822869596,2024-05-04T14:41:09.596,91.190,-3.415,4.085,1.829
1714822869606,2024-05-04T14:41:09.606,91.200,-4.024,8.171,3.232
1714822869616,2024-05-04T14:41:09.616,91.210,-5.549,8.415,4.756
1714822869626,2024-05-04T14:41:09.626,91.220,-7.256,7.683,2.866
1714822869636,2024-05-04T14:41:09.636,91.230,-8.963,12.195,0.000
1714822869646,2024-05-04T14:41:09.646,91.240,-7.500,20.427,-0.061
1714822869656,2024-05-04T14:41:09.656,91.250,-2.927,27.988,0.000
1714822869666,2024-05-04T14:41:09.666,91.260,-0.854,35.793,-2.866
1714822869676,2024-05-04T14:41:09.676,91.270,-1.768,45.244,-3.415
1714822869686,2024-05-04T14:41:09.686,91.280,-2.744,49.146,-2.805
1714822869696,2024-05-04T14:41:09.696,91.290,-5.793,50.915,-4.756
1714822869706,2024-05-04T14:41:09.706,91.300,-3.598,56.159,-4.329
1714822869716,2024-05-04T14:41:09.716,91.310,7.256,55.061,-0.976
1714822869726,2024-05-04T14:41:09.726,91.320,22.866,41.402,1.098
1714822869736,2024-05-04T14:41:09.736,91.330,36.524,22.439,3.476
1714822869746,2024-05-04T14:41:09.746,91.340,42.622,6.646,6.646
1714822869756,2024-05-04T14:41:09.756,91.350,48.171,-4.878,16.524
1714822869766,2024-05-04T14:41:09.766,91.360,60.488,-14.024,27.378
1714822869776,2024-05-04T14:41:09.776,91.370,79.146,-22.317,27.134
1714822869786,2024-05-04T14:41:09.786,91.380,95.305,-31.341,25.366
1714822869796,2024-05-04T14:41:09.796,91.390,104.390,-43.232,25.061
1714822869806,2024-05-04T14:41:09.806,91.400,107.988,-60.671,23.659
1714822869816,2024-05-04T14:41:09.816,91.410,109.817,-85.305,21.159
1714822869826,2024-05-04T14:41:09.826,91.420,111.646,-121.463,18.354
1714822869836,2024-05-04T14:41:09.836,91.430,111.220,-149.207,15.854
1714822869846,2024-05-04T14:41:09.846,91.440,104.512,-154.329,10.061
1714822869856,2024-05-04T14:41:09.856,91.450,96.098,-134.878,2.622
1714822869866,2024-05-04T14:41:09.866,91.460,85.671,-99.817,-1.341
1714822869876,2024-05-04T14:41:09.876,91.470,77.256,-72.317,3.293
1714822869886,2024-05-04T14:41:09.886,91.480,69.634,-62.256,7.683
1714822869896,2024-05-04T14:41:09.896,91.490,58.171,-56.037,1.951
1714822869906,2024-05-04T14:41:09.906,91.500,48.780,-33.720,-10.671
1714822869916,2024-05-04T14:41:09.916,91.510,42.012,3.049,-7.073
1714822869926,2024-05-04T14:41:09.926,91.520,33.293,30.488,7.073
1714822869936,2024-05-04T14:41:09.936,91.530,24.939,35.610,13.963
1714822869946,2024-05-04T14:41:09.946,91.540,15.244,21.220,15.732
1714822869956,2024-05-04T14:41:09.956,91.550,1.646,-2.988,15.793
1714822869966,2024-05-04T14:41:09.966,91.560,-10.976,-25.610,13.841
1714822869976,2024-05-04T14:41:09.976,91.570,-16.098,-38.598,11.159
1714822869986,2024-05-04T14:41:09.986,91.580,-17.378,-41.341,9.329
1714822869996,2024-05-04T14:41:09.996,91.590,-18.354,-40.427,7.561
1714822870006,2024-05-04T14:41:10.006,91.600,-18.841,-36.463,4.817
1714822870016,2024-05-04T14:41:10.016,91.610,-19.573,-25.610,3.598
1714822870026,2024-05-04T14:41:10.026,91.620,-21.829,-11.890,2.256
1714822870036,2024-05-04T14:41:10.036,91.630,-23.415,-2.500,-1.220
1714822870046,2024-05-04T14:41:10.046,91.640,-23.598,0.671,-4.207
1714822870056,2024-05-04T14:41:10.056,91.650,-23.598,3.720,-5.305
1714822870066,2024-05-04T14:41:10.066,91.660,-23.841,10.793,-5.366
1714822870076,2024-05-04T14:41:10.076,91.670,-23.841,21.159,-4.695
1714822870086,2024-05-04T14:41:10.086,91.680,-24.878,31.159,-3.537
1714822870096,2024-05-04T14:41:10.096,91.690,-25.671,36.585,-3.110
1714822870106,2024-05-04T14:41:10.106,91.700,-26.890,34.756,-1.890
1714822870116,2024-05-04T14:41:10.116,91.710,-29.390,28.049,-1.829
1714822870126,2024-05-04T14:41:10.126,91.720,-28.780,19.024,-2.134
1714822870136,2024-05-04T14:41:10.136,91.730,-27.073,9.939,0.549
1714822870146,2024-05-04T14:41:10.146,91.740,-27.561,5.549,1.646
1714822870156,2024-05-04T14:41:10.156,91.750,-29.024,7.866,0.244
1714822870166,2024-05-04T14:41:10.166,91.760,-30.549,14.817,-0.976
1714822870176,2024-05-04T14:41:10.176,91.770,-32.561,21.402,-1.037
1714822870186,2024-05-04T14:41:10.186,91.780,-35.976,26.402,-2.500
1714822870196,2024-05-04T14:41:10.196,91.790,-40.122,32.988,-6.585
1714822870206,2024-05-04T14:41:10.206,91.800,-41.890,38.659,-10.427
1714822870216,2024-05-04T14:41:10.216,91.810,-42.256,37.866,-11.402
1714822870226,2024-05-04T14:41:10.226,91.820,-41.829,30.000,-12.012
1714822870236,2024-05-04T14:41:10.236,91.830,-41.707,22.744,-12.500
1714822870246,2024-05-04T14:41:10.246,91.840,-41.341,22.317,-11.890
1714822870256,2024-05-04T14:41:10.256,91.850,-40.549,24.390,-10.061
1714822870266,2024-05-04T14:41:10.266,91.860,-40.488,24.146,-7.988
1714822870276,2024-05-04T14:41:10.276,91.870,-39.634,23.293,-7.073
1714822870286,2024-05-04T14:41:10.286,91.880,-38.293,23.415,-8.171
1714822870296,2024-05-04T14:41:10.296,91.890,-38.293,23.537,-8.171
1714822870306,2024-05-04T14:41:10.306,91.900,-40.061,22.439,-6.646
1714822870316,2024-05-04T14:41:10.316,91.910,-40.549,22.805,-6.341
1714822870326,2024-05-04T14:41:10.326,91.920,-37.561,24.756,-6.646
1714822870336,2024-05-04T14:41:10.336,91.930,-32.500,25.244,-5.915
1714822870346,2024-05-04T14:41:10.346,91.940,-27.317,22.195,-4.207
1714822870356,2024-05-04T14:41:10.356,91.950,-23.841,16.341,-3.902
1714822870366,2024-05-04T14:41:10.366,91.960,-23.415,10.732,-5.305
1714822870376,2024-05-04T14:41:10.376,91.970,-24.634,7.866,-6.646
1714822870386,2024-05-04T14:41:10.386,91.980,-25.305,7.988,-7.744
1714822870396,2024-05-04T14:41:10.396,91.990,-24.939,9.268,-9.207
1714822870406,2024-05-04T14:41:10.406,92.000,-24.573,12.805,-8.415
1714822870416,2024-05-04T14:41:10.416,92.010,-24.329,18.171,-7.988
1714822870426,2024-05-04T14:41:10.426,92.020,-23.902,24.085,-8.476
1714822870436,2024-05-04T14:41:10.436,92.030,-23.232,28.171,-7.744
1714822870446,2024-05-04T14:41:10.446,92.040,-22.744,27.622,-6.951
1714822870456,2024-05-04T14:41:10.456,92.050,-22.927,22.988,-5.915
1714822870466,2024-05-04T14:41:10.466,92.060,-24.207,16.037,-4.939
1714822870476,2024-05-04T14:41:10.476,92.070,-25.915,9.207,-4.268
1714822870486,2024-05-04T14:41:10.486,92.080,-26.768,5.976,-3.902
1714822870496,2024-05-04T14:41:10.496,92.090,-26.280,7.317,-3.659
1714822870506,2024-05-04T14:41:10.506,92.100,-24.024,12.256,-2.927
1714822870516,2024-05-04T14:41:10.516,92.110,-20.732,17.256,-2.561
1714822870526,2024-05-04T14:41:10.526,92.120,-18.476,20.915,-2.134
1714822870536,2024-05-04T14:41:10.536,92.130,-18.049,23.476,-1.707
1714822870546,2024-05-04T14:41:10.546,92.140,-18.720,26.402,-3.049
1714822870556,2024-05-04T14:41:10.556,92.150,-19.024,30.000,-3.841
1714822870566,2024-05-04T14:41:10.566,92.160,-19.024,30.976,-2.195
1714822870576,2024-05-04T14:41:10.576,92.170,-18.293,26.341,-0.671
1714822870586,2024-05-04T14:41:10.586,92.180,-15.061,18.963,-1.280
1714822870596,2024-05-04T14:41:10.596,92.190,-10.366,13.171,-1.707
1714822870606,2024-05-04T14:41:10.606,92.200,-6.707,7.683,-1.585
1714822870616,2024-05-04T14:41:10.616,92.210,-5.122,1.585,-1.951
1714822870626,2024-05-04T14:41:10.626,92.220,-4.695,-2.866,-2.134
1714822870636,2024-05-04T14:41:10.636,92.230,-4.634,-3.598,-1.585
1714822870646,2024-05-04T14:41:10.646,92.240,-4.878,-1.829,-0.305
1714822870656,2024-05-04T14:41:10.656,92.250,-4.878,0.976,1.098
1714822870666,2024-05-04T14:41:10.666,92.260,-4.756,5.854,2.073
1714822870676,2024-05-04T14:41:10.676,92.270,-4.146,12.683,2.561
1714822870686,2024-05-04T14:41:10.686,92.280,-3.963,18.415,3.232
1714822870696,2024-05-04T14:41:10.696,92.290,-4.390,21.159,3.476
1714822870706,2024-05-04T14:41:10.706,92.300,-4.451,21.159,3.841
1714822870716,2024-05-04T14:41:10.716,92.310,-3.476,18.293,5.000
1714822870726,2024-05-04T14:41:10.726,92.320,-3.110,13.354,5.854
1714822870736,2024-05-04T14:41:10.736,92.330,-3.354,8.659,5.976
1714822870746,2024-05-04T14:41:10.746,92.340,-3.780,6.768,6.402
1714822870756,2024-05-04T14:41:10.756,92.350,-5.061,9.329,6.951
1714822870766,2024-05-04T14:41:10.766,92.360,-6.463,13.537,7.195
1714822870776,2024-05-04T14:41:10.776,92.370,-6.463,16.280,6.768
1714822870786,2024-05-04T14:41:10.786,92.380,-6.159,16.524,5.122
1714822870796,2024-05-04T14:41:10.796,92.390,-6.829,15.488,3.659
1714822870806,2024-05-04T14:41:10.806,92.400,-8.841,12.378,3.232
1714822870816,2024-05-04T14:41:10.816,92.410,-9.146,7.378,5.793
1714822870826,2024-05-04T14:41:10.826,92.420,-5.427,1.768,9.451
1714822870836,2024-05-04T14:41:10.836,92.430,1.768,-3.963,11.768
1714822870846,2024-05-04T14:41:10.846,92.440,8.659,-10.732,13.415
1714822870856,2024-05-04T14:41:10.856,92.450,13.232,-20.793,15.122
1714822870866,2024-05-04T14:41:10.866,92.460,15.732,-33.232,16.951
1714822870876,2024-05-04T14:41:10.876,92.470,18.171,-39.451,16.098
1714822870886,2024-05-04T14:41:10.886,92.480,20.732,-36.829,13.659
1714822870896,2024-05-04T14:41:10.896,92.490,22.683,-30.549,13.110
1714822870906,2024-05-04T14:41:10.906,92.500,24.878,-25.793,14.024
1714822870916,2024-05-04T14:41:10.916,92.510,28.841,-26.098,12.622
1714822870926,2024-05-04T14:41:10.926,92.520,33.293,-24.573,11.646
1714822870936,2024-05-04T14:41:10.936,92.530,36.585,-23.171,13.598
1714822870946,2024-05-04T14:41:10.946,92.540,39.024,-32.622,15.183
1714822870956,2024-05-04T14:41:10.956,92.550,48.780,-51.646,17.195
1714822870966,2024-05-04T14:41:10.966,92.560,65.000,-79.085,22.805
1714822870976,2024-05-04T14:41:10.976,92.570,83.963,-110.122,27.134
1714822870986,2024-05-04T14:41:10.986,92.580,105.854,-145.244,24.573
1714822870996,2024-05-04T14:41:10.996,92.590,128.171,-183.720,19.024
1714822871006,2024-05-04T14:41:11.006,92.600,140.061,-215.976,13.110
1714822871016,2024-05-04T14:41:11.016,92.610,139.390,-227.500,4.085
1714822871026,2024-05-04T14:41:11.026,92.620,134.451,-212.622,-1.768
1714822871036,2024-05-04T14:41:11.036,92.630,126.280,-169.451,-9.878
1714822871046,2024-05-04T14:41:11.046,92.640,114.756,-100.976,-13.659
1714822871056,2024-05-04T14:41:11.056,92.650,104.634,-34.390,-5.549
1714822871066,2024-05-04T14:41:11.066,92.660,104.024,3.598,10.000
1714822871076,2024-05-04T14:41:11.076,92.670,99.451,10.610,12.561
1714822871086,2024-05-04T14:41:11.086,92.680,93.963,3.720,1.280
1714822871096,2024-05-04T14:41:11.096,92.690,90.976,-6.463,1.159
1714822871106,2024-05-04T14:41:11.106,92.700,83.171,-8.110,7.012
1714822871116,2024-05-04T14:41:11.116,92.710,69.329,-1.951,6.341
1714822871126,2024-05-04T14:41:11.126,92.720,56.037,12.561,5.976
1714822871136,2024-05-04T14:41:11.136,92.730,43.780,30.915,8.049
1714822871146,2024-05-04T14:41:11.146,92.740,28.841,41.890,11.402
1714822871156,2024-05-04T14:41:11.156,92.750,14.756,42.500,11.159
1714822871166,2024-05-04T14:41:11.166,92.760,4.207,38.293,9.573
1714822871176,2024-05-04T14:41:11.176,92.770,-3.720,33.780,9.329
1714822871186,2024-05-04T14:41:11.186,92.780,-10.610,28.537,7.439
1714822871196,2024-05-04T14:41:11.196,92.790,-15.732,22.866,5.427
1714822871206,2024-05-04T14:41:11.206,92.800,-19.695,18.659,2.866
1714822871216,2024-05-04T14:41:11.216,92.810,-21.829,17.134,0.183
1714822871226,2024-05-04T14:41:11.226,92.820,-23.415,17.805,-2.073
1714822871236,2024-05-04T14:41:11.236,92.830,-24.939,20.122,-3.902
1714822871246,2024-05-04T14:41:11.246,92.840,-29.085,24.268,-5.122
1714822871256,2024-05-04T14:41:11.256,92.850,-37.988,32.134,-5.183
1714822871266,2024-05-04T14:41:11.266,92.860,-42.622,39.817,-5.732
1714822871276,2024-05-04T14:41:11.276,92.870,-41.098,39.512,-7.561
1714822871286,2024-05-04T14:41:11.286,92.880,-37.561,27.317,-8.354
1714822871296,2024-05-04T14:41:11.296,92.890,-34.634,10.244,-8.537
1714822871306,2024-05-04T14:41:11.306,92.900,-32.683,-1.585,-10.061
1714822871316,2024-05-04T14:41:11.316,92.910,-32.195,-2.866,-11.768
1714822871326,2024-05-04T14:41:11.326,92.920,-35.854,6.463,-12.439
1714822871336,2024-05-04T14:41:11.336,92.930,-45.061,27.561,-13.171
1714822871346,2024-05-04T14:41:11.346,92.940,-53.476,54.085,-14.268
1714822871356,2024-05-04T14:41:11.356,92.950,-55.427,72.500,-16.159
1714822871366,2024-05-04T14:41:11.366,92.960,-50.549,68.780,-18.049
1714822871376,2024-05-04T14:41:11.376,92.970,-46.098,45.305,-19.268
1714822871386,2024-05-04T14:41:11.386,92.980,-44.695,18.293,-19.329
1714822871396,2024-05-04T14:41:11.396,92.990,-44.756,-0.427,-18.780
1714822871406,2024-05-04T14:41:11.406,93.000,-45.549,-8.171,-17.805
1714822871416,2024-05-04T14:41:11.416,93.010,-45.244,-6.098,-14.817
1714822871426,2024-05-04T14:41:11.426,93.020,-46.037,1.646,-11.829
1714822871436,2024-05-04T14:41:11.436,93.030,-49.207,12.683,-10.427
1714822871446,2024-05-04T14:41:11.446,93.040,-53.171,25.671,-9.268
1714822871456,2024-05-04T14:41:11.456,93.050,-55.976,36.951,-8.720
1714822871466,2024-05-04T14:41:11.466,93.060,-56.829,41.341,-8.659
1714822871476,2024-05-04T14:41:11.476,93.070,-53.537,34.146,-7.866
1714822871486,2024-05-04T14:41:11.486,93.080,-46.220,16.524,-5.671
1714822871496,2024-05-04T14:41:11.496,93.090,-38.659,-3.598,-3.902
1714822871506,2024-05-04T14:41:11.506,93.100,-34.512,-17.012,-4.573
1714822871516,2024-05-04T14:41:11.516,93.110,-33.537,-20.183,-6.402
1714822871526,2024-05-04T14:41:11.526,93.120,-35.061,-14.390,-7.561
1714822871536,2024-05-04T14:41:11.536,93.130,-38.232,-2.195,-7.744
1714822871546,2024-05-04T14:41:11.546,93.140,-40.549,10.122,-8.598
1714822871556,2024-05-04T14:41:11.556,93.150,-41.768,20.549,-9.573
1714822871566,2024-05-04T14:41:11.566,93.160,-40.122,29.634,-9.146
1714822871576,2024-05-04T14:41:11.576,93.170,-36.707,32.744,-8.354
1714822871586,2024-05-04T14:41:11.586,93.180,-33.598,26.037,-7.500
1714822871596,2024-05-04T14:41:11.596,93.190,-30.976,13.110,-6.585
1714822871606,2024-05-04T14:41:11.606,93.200,-27.988,1.280,-6.098
1714822871616,2024-05-04T14:41:11.616,93.210,-25.549,-4.878,-6.220
1714822871626,2024-05-04T14:41:11.626,93.220,-24.085,-3.171,-5.122
1714822871636,2024-05-04T14:41:11.636,93.230,-22.195,4.146,-3.659
1714822871646,2024-05-04T14:41:11.646,93.240,-19.573,11.037,-4.329
1714822871656,2024-05-04T14:41:11.656,93.250,-16.524,14.207,-4.878
1714822871666,2024-05-04T14:41:11.666,93.260,-13.780,13.110,-4.268
1714822871676,2024-05-04T14:41:11.676,93.270,-11.402,8.171,-3.780
1714822871686,2024-05-04T14:41:11.686,93.280,-9.756,2.195,-3.841
1714822871696,2024-05-04T14:41:11.696,93.290,-8.537,-1.707,-3.963
1714822871706,2024-05-04T14:41:11.706,93.300,-6.951,-2.683,-3.720
1714822871716,2024-05-04T14:41:11.716,93.310,-5.488,-1.280,-3.110
1714822871726,2024-05-04T14:41:11.726,93.320,-4.878,1.402,-2.317
1714822871736,2024-05-04T14:41:11.736,93.330,-4.390,4.695,-1.524
1714822871746,2024-05-04T14:41:11.746,93.340,-3.902,8.415,-1.037
1714822871756,2024-05-04T14:41:11.756,93.350,-3.720,10.793,-1.098
1714822871766,2024-05-04T14:41:11.766,93.360,-3.902,11.037,-1.159
1714822871776,2024-05-04T14:41:11.776,93.370,-3.902,9.573,-1.037
1714822871786,2024-05-04T14:41:11.786,93.380,-3.537,8.110,-0.915
1714822871796,2024-05-04T14:41:11.796,93.390,-2.073,8.232,-0.183
1714822871806,2024-05-04T14:41:11.806,93.400,-0.427,8.598,0.305
1714822871816,2024-05-04T14:41:11.816,93.410,0.610,7.439,0.244
1714822871826,2024-05-04T14:41:11.826,93.420,1.829,4.939,0.305
1714822871836,2024-05-04T14:41:11.836,93.430,2.439,2.439,-0.183
1714822871846,2024-05-04T14:41:11.846,93.440,2.561,1.037,-0.854
1714822871856,2024-05-04T14:41:11.856,93.450,2.744,1.220,-0.793
1714822871866,2024-05-04T14:41:11.866,93.460,3.659,1.768,-0.671
1714822871876,2024-05-04T14:41:11.876,93.470,5.061,2.012,-0.671
1714822871886,2024-05-04T14:41:11.886,93.480,5.244,2.012,-0.732
1714822871896,2024-05-04T14:41:11.896,93.490,4.085,1.524,-0.976
1714822871906,2024-05-04T14:41:11.906,93.500,2.744,1.220,-0.976
1714822871916,2024-05-04T14:41:11.916,93.510,2.439,0.976,-0.671
1714822871926,2024-05-04T14:41:11.926,93.520,2.500,0.854,-0.366
1714822871936,2024-05-04T14:41:11.936,93.530,2.500,0.854,0.122
1714822871946,2024-05-04T14:41:11.946,93.540,2.500,0.793,0.549
1714822871956,2024-05-04T14:41:11.956,93.550,2.927,1.098,0.671
1714822871966,2024-05-04T14:41:11.966,93.560,3.537,0.915,0.488
1714822871976,2024-05-04T14:41:11.976,93.570,3.537,0.488,0.000
1714822871986,2024-05-04T14:41:11.986,93.580,3.659,-0.488,-0.305
1714822871996,2024-05-04T14:41:11.996,93.590,3.963,-1.646,-0.244
1714822872006,2024-05-04T14:41:12.006,93.600,3.841,-1.890,-0.183
1714822872016,2024-05-04T14:41:12.016,93.610,3.537,-1.707,0.183
1714822872026,2024-05-04T14:41:12.026,93.620,3.354,-0.976,0.488
1714822872036,2024-05-04T14:41:12.036,93.630,2.988,0.549,0.427
1714822872046,2024-05-04T14:41:12.046,93.640,2.561,1.951,0.183
1714822872056,2024-05-04T14:41:12.056,93.650,2.012,3.049,0.061
1714822872066,2024-05-04T14:41:12.066,93.660,1.951,3.537,-0.427
1714822872076,2024-05-04T14:41:12.076,93.670,2.378,2.561,-1.280
1714822872086,2024-05-04T14:41:12.086,93.680,2.866,0.549,-1.280
1714822872096,2024-05-04T14:41:12.096,93.690,2.012,-1.341,-1.159
1714822872106,2024-05-04T14:41:12.106,93.700,0.244,-1.890,-1.646
1714822872116,2024-05-04T14:41:12.116,93.710,-0.244,-1.768,-1.951
1714822872126,2024-05-04T14:41:12.126,93.720,0.061,-1.098,-1.646
1714822872136,2024-05-04T14:41:12.136,93.730,0.183,0.000,-1.707
1714822872146,2024-05-04T14:41:12.146,93.740,0.488,0.793,-1.646
1714822872156,2024-05-04T14:41:12.156,93.750,0.793,0.488,-1.646
