epoch (ms),time (03:00),elapsed (s),x-axis (g),y-axis (g),z-axis (g)
1750789378593.00,2025-06-24T21:22:58.593,0,0.076,0.048,1.01
1750789378603.00,2025-06-24T21:22:58.603,0.01,0.124,0.037,1.015
1750789378613.00,2025-06-24T21:22:58.613,0.02,0.145,0.028,1.01
1750789378623.00,2025-06-24T21:22:58.623,0.03,0.138,0.03,1.012
1750789378633.00,2025-06-24T21:22:58.633,0.04,0.124,0.031,1.006
1750789378643.00,2025-06-24T21:22:58.643,0.05,0.122,0.037,0.994
1750789378653.00,2025-06-24T21:22:58.653,0.06,0.141,0.04,0.986
1750789378663.00,2025-06-24T21:22:58.663,0.07,0.175,0.03,0.981
1750789378673.00,2025-06-24T21:22:58.673,0.08,0.205,0.019,0.988
1750789378683.00,2025-06-24T21:22:58.683,0.09,0.219,0.011,0.989
1750789378693.00,2025-06-24T21:22:58.693,0.1,0.209,0.008,0.979
1750789378703.00,2025-06-24T21:22:58.703,0.11,0.195,0.006,0.965
1750789378713.00,2025-06-24T21:22:58.713,0.12,0.205,0.008,0.959
1750789378723.00,2025-06-24T21:22:58.723,0.13,0.23,0.005,0.959
1750789378733.00,2025-06-24T21:22:58.733,0.14,0.255,0.005,0.958
1750789378743.00,2025-06-24T21:22:58.743,0.15,0.276,0.002,0.956
1750789378753.00,2025-06-24T21:22:58.753,0.16,0.29,0,0.96
1750789378763.00,2025-06-24T21:22:58.763,0.17,0.299,0.002,0.964
1750789378773.00,2025-06-24T21:22:58.773,0.18,0.321,0.003,0.955
1750789378783.00,2025-06-24T21:22:58.783,0.19,0.337,0.004,0.951
1750789378793.00,2025-06-24T21:22:58.793,0.2,0.34,0.005,0.956
1750789378803.00,2025-06-24T21:22:58.803,0.21,0.335,0.007,0.953
1750789378813.00,2025-06-24T21:22:58.813,0.22,0.319,0.009,0.951
1750789378823.00,2025-06-24T21:22:58.823,0.23,0.306,0.01,0.95
1750789378833.00,2025-06-24T21:22:58.833,0.24,0.312,0.007,0.945
1750789378843.00,2025-06-24T21:22:58.843,0.25,0.349,-0.005,0.956
1750789378853.00,2025-06-24T21:22:58.853,0.26,0.434,0,0.932
1750789378863.00,2025-06-24T21:22:58.863,0.27,0.581,0.006,0.907
1750789378873.00,2025-06-24T21:22:58.873,0.28,0.757,0.015,0.899
1750789378883.00,2025-06-24T21:22:58.883,0.29,0.832,0.003,0.924
1750789378893.00,2025-06-24T21:22:58.893,0.3,0.78,-0.021,0.847
1750789378903.00,2025-06-24T21:22:58.903,0.31,0.556,0.015,0.664
1750789378913.00,2025-06-24T21:22:58.913,0.32,0.068,0.073,0.526
1750789378923.00,2025-06-24T21:22:58.923,0.33,-0.453,0.075,0.442
1750789378933.00,2025-06-24T21:22:58.933,0.34,-0.959,0.099,0.393
1750789378943.00,2025-06-24T21:22:58.943,0.35,-1.41,0.186,0.408
1750789378953.00,2025-06-24T21:22:58.953,0.36,-1.568,0.28,0.448
1750789378963.00,2025-06-24T21:22:58.963,0.37,-1.393,0.292,0.496
1750789378973.00,2025-06-24T21:22:58.973,0.38,-1.034,0.24,0.608
1750789378983.00,2025-06-24T21:22:58.983,0.39,-0.763,0.232,0.737
1750789378993.00,2025-06-24T21:22:58.993,0.4,-0.668,0.217,0.802
1750789379003.00,2025-06-24T21:22:59.003,0.41,-0.682,0.185,0.795
1750789379013.00,2025-06-24T21:22:59.013,0.42,-0.718,0.167,0.792
1750789379023.00,2025-06-24T21:22:59.023,0.43,-0.73,0.175,0.794
1750789379033.00,2025-06-24T21:22:59.033,0.44,-0.768,0.172,0.771
1750789379043.00,2025-06-24T21:22:59.043,0.45,-0.826,0.166,0.741
1750789379053.00,2025-06-24T21:22:59.053,0.46,-0.888,0.163,0.707
1750789379063.00,2025-06-24T21:22:59.063,0.47,-0.917,0.157,0.725
1750789379073.00,2025-06-24T21:22:59.073,0.48,-0.887,0.183,0.777
1750789379083.00,2025-06-24T21:22:59.083,0.49,-0.815,0.183,0.805
1750789379093.00,2025-06-24T21:22:59.093,0.5,-0.676,0.161,0.836
1750789379103.00,2025-06-24T21:22:59.103,0.51,-0.514,0.153,0.878
1750789379113.00,2025-06-24T21:22:59.113,0.52,-0.39,0.122,0.923
1750789379123.00,2025-06-24T21:22:59.123,0.53,-0.305,0.1,0.961
1750789379133.00,2025-06-24T21:22:59.133,0.54,-0.244,0.112,1.006
1750789379143.00,2025-06-24T21:22:59.143,0.55,-0.195,0.13,1.038
1750789379153.00,2025-06-24T21:22:59.153,0.56,-0.166,0.127,1.048
1750789379163.00,2025-06-24T21:22:59.163,0.57,-0.153,0.122,1.052
1750789379173.00,2025-06-24T21:22:59.173,0.58,-0.128,0.117,1.058
1750789379183.00,2025-06-24T21:22:59.183,0.59,-0.09,0.111,1.05
1750789379193.00,2025-06-24T21:22:59.193,0.6,-0.049,0.106,1.052
1750789379203.00,2025-06-24T21:22:59.203,0.61,0.001,0.099,1.049
1750789379213.00,2025-06-24T21:22:59.213,0.62,0.049,0.084,1.047
1750789379223.00,2025-06-24T21:22:59.223,0.63,0.073,0.066,1.039
1750789379233.00,2025-06-24T21:22:59.233,0.64,0.074,0.052,1.035
1750789379243.00,2025-06-24T21:22:59.243,0.65,0.064,0.047,1.037
1750789379253.00,2025-06-24T21:22:59.253,0.66,0.058,0.046,1.021
1750789379263.00,2025-06-24T21:22:59.263,0.67,0.046,0.045,1.004
1750789379273.00,2025-06-24T21:22:59.273,0.68,0.033,0.05,1.011
1750789379283.00,2025-06-24T21:22:59.283,0.69,0.038,0.048,1.007
1750789379293.00,2025-06-24T21:22:59.293,0.7,0.04,0.048,1.008
1750789379303.00,2025-06-24T21:22:59.303,0.71,0.058,0.048,0.993
1750789379313.00,2025-06-24T21:22:59.313,0.72,0.102,0.045,0.995
1750789379323.00,2025-06-24T21:22:59.323,0.73,0.157,0.037,1
1750789379333.00,2025-06-24T21:22:59.333,0.74,0.182,0.027,1.004
1750789379343.00,2025-06-24T21:22:59.343,0.75,0.178,0.027,1.001
1750789379353.00,2025-06-24T21:22:59.353,0.76,0.153,0.033,0.999
1750789379363.00,2025-06-24T21:22:59.363,0.77,0.132,0.039,0.997
1750789379373.00,2025-06-24T21:22:59.373,0.78,0.125,0.039,0.991
1750789379383.00,2025-06-24T21:22:59.383,0.79,0.137,0.035,0.986
1750789379393.00,2025-06-24T21:22:59.393,0.8,0.156,0.028,0.983
1750789379403.00,2025-06-24T21:22:59.403,0.81,0.15,0.026,0.985
1750789379413.00,2025-06-24T21:22:59.413,0.82,0.133,0.026,0.978
1750789379423.00,2025-06-24T21:22:59.423,0.83,0.133,0.028,0.968
1750789379433.00,2025-06-24T21:22:59.433,0.84,0.155,0.026,0.975
1750789379443.00,2025-06-24T21:22:59.443,0.85,0.19,0.02,0.973
1750789379453.00,2025-06-24T21:22:59.453,0.86,0.217,0.016,0.98
1750789379463.00,2025-06-24T21:22:59.463,0.87,0.217,0.013,0.985
1750789379473.00,2025-06-24T21:22:59.473,0.88,0.217,0.012,0.98
1750789379483.00,2025-06-24T21:22:59.483,0.89,0.214,0.011,0.98
1750789379493.00,2025-06-24T21:22:59.493,0.9,0.207,0.011,0.979
1750789379503.00,2025-06-24T21:22:59.503,0.91,0.195,0.008,0.977
1750789379513.00,2025-06-24T21:22:59.513,0.92,0.181,-0.001,0.972
1750789379523.00,2025-06-24T21:22:59.523,0.93,0.193,-0.008,0.984
1750789379533.00,2025-06-24T21:22:59.533,0.94,0.252,-0.026,0.991
1750789379543.00,2025-06-24T21:22:59.543,0.95,0.367,-0.018,0.963
1750789379553.00,2025-06-24T21:22:59.553,0.96,0.527,0.004,0.969
1750789379563.00,2025-06-24T21:22:59.563,0.97,0.702,-0.013,0.953
1750789379573.00,2025-06-24T21:22:59.573,0.98,0.789,-0.034,0.934
1750789379583.00,2025-06-24T21:22:59.583,0.99,0.674,-0.039,0.848
1750789379593.00,2025-06-24T21:22:59.593,1,0.349,-0.017,0.72
1750789379603.00,2025-06-24T21:22:59.603,1.01,-0.136,0.029,0.613
1750789379613.00,2025-06-24T21:22:59.613,1.02,-0.565,0.05,0.538
1750789379623.00,2025-06-24T21:22:59.623,1.03,-0.94,0.093,0.497
1750789379633.00,2025-06-24T21:22:59.633,1.04,-1.223,0.144,0.474
1750789379643.00,2025-06-24T21:22:59.643,1.05,-1.297,0.185,0.534
1750789379653.00,2025-06-24T21:22:59.653,1.06,-1.154,0.193,0.558
1750789379663.00,2025-06-24T21:22:59.663,1.07,-0.939,0.171,0.639
1750789379673.00,2025-06-24T21:22:59.673,1.08,-0.794,0.171,0.733
1750789379683.00,2025-06-24T21:22:59.683,1.09,-0.771,0.164,0.773
1750789379693.00,2025-06-24T21:22:59.693,1.1,-0.786,0.134,0.778
1750789379703.00,2025-06-24T21:22:59.703,1.11,-0.778,0.126,0.783
1750789379713.00,2025-06-24T21:22:59.713,1.12,-0.755,0.127,0.778
1750789379723.00,2025-06-24T21:22:59.723,1.13,-0.762,0.106,0.749
1750789379733.00,2025-06-24T21:22:59.733,1.14,-0.807,0.088,0.727
1750789379743.00,2025-06-24T21:22:59.743,1.15,-0.829,0.101,0.733
1750789379753.00,2025-06-24T21:22:59.753,1.16,-0.824,0.112,0.752
1750789379763.00,2025-06-24T21:22:59.763,1.17,-0.813,0.112,0.787
1750789379773.00,2025-06-24T21:22:59.773,1.18,-0.763,0.115,0.822
1750789379783.00,2025-06-24T21:22:59.783,1.19,-0.679,0.106,0.841
1750789379793.00,2025-06-24T21:22:59.793,1.2,-0.551,0.09,0.867
1750789379803.00,2025-06-24T21:22:59.803,1.21,-0.433,0.079,0.899
1750789379813.00,2025-06-24T21:22:59.813,1.22,-0.351,0.069,0.931
1750789379823.00,2025-06-24T21:22:59.823,1.23,-0.295,0.056,0.928
1750789379833.00,2025-06-24T21:22:59.833,1.24,-0.261,0.059,0.934
1750789379843.00,2025-06-24T21:22:59.843,1.25,-0.236,0.07,0.964
1750789379853.00,2025-06-24T21:22:59.853,1.26,-0.218,0.073,0.992
1750789379863.00,2025-06-24T21:22:59.863,1.27,-0.199,0.062,1.004
1750789379873.00,2025-06-24T21:22:59.873,1.28,-0.155,0.067,1.013
1750789379883.00,2025-06-24T21:22:59.883,1.29,-0.099,0.069,1.005
1750789379893.00,2025-06-24T21:22:59.893,1.3,-0.063,0.06,1.016
1750789379903.00,2025-06-24T21:22:59.903,1.31,-0.04,0.051,1.016
1750789379913.00,2025-06-24T21:22:59.913,1.32,-0.029,0.052,1.006
1750789379923.00,2025-06-24T21:22:59.923,1.33,-0.009,0.046,1.005
1750789379933.00,2025-06-24T21:22:59.933,1.34,0.027,0.036,1.004
1750789379943.00,2025-06-24T21:22:59.943,1.35,0.062,0.03,1.012
1750789379953.00,2025-06-24T21:22:59.953,1.36,0.091,0.029,1.004
1750789379963.00,2025-06-24T21:22:59.963,1.37,0.104,0.029,1.002
1750789379973.00,2025-06-24T21:22:59.973,1.38,0.132,0.024,0.992
1750789379983.00,2025-06-24T21:22:59.983,1.39,0.156,0.021,0.993
1750789379993.00,2025-06-24T21:22:59.993,1.4,0.164,0.015,1.004
1750789380003.00,2025-06-24T21:23:00.003,1.41,0.167,0.015,1.009
1750789380013.00,2025-06-24T21:23:00.013,1.42,0.167,0.017,1.001
1750789380023.00,2025-06-24T21:23:00.023,1.43,0.188,0.017,0.995
1750789380033.00,2025-06-24T21:23:00.033,1.44,0.22,0.014,0.995
1750789380043.00,2025-06-24T21:23:00.043,1.45,0.251,0.007,0.995
1750789380053.00,2025-06-24T21:23:00.053,1.46,0.266,0.001,0.987
1750789380063.00,2025-06-24T21:23:00.063,1.47,0.256,0.002,0.979
1750789380073.00,2025-06-24T21:23:00.073,1.48,0.235,0.009,0.979
1750789380083.00,2025-06-24T21:23:00.083,1.49,0.229,0.005,0.984
1750789380093.00,2025-06-24T21:23:00.093,1.5,0.241,0.002,0.98
1750789380103.00,2025-06-24T21:23:00.103,1.51,0.273,0.001,0.977
1750789380113.00,2025-06-24T21:23:00.113,1.52,0.292,-0.006,0.976
1750789380123.00,2025-06-24T21:23:00.123,1.53,0.29,-0.007,0.98
1750789380133.00,2025-06-24T21:23:00.133,1.54,0.272,-0.003,0.978
1750789380143.00,2025-06-24T21:23:00.143,1.55,0.244,-0.003,0.977
1750789380153.00,2025-06-24T21:23:00.153,1.56,0.241,-0.009,0.977
1750789380163.00,2025-06-24T21:23:00.163,1.57,0.284,-0.016,0.968
1750789380173.00,2025-06-24T21:23:00.173,1.58,0.386,-0.023,0.985
1750789380183.00,2025-06-24T21:23:00.183,1.59,0.586,-0.003,0.92
1750789380193.00,2025-06-24T21:23:00.193,1.6,0.788,-0.005,0.932
1750789380203.00,2025-06-24T21:23:00.203,1.61,0.871,-0.037,0.917
1750789380213.00,2025-06-24T21:23:00.213,1.62,0.808,-0.065,0.812
1750789380223.00,2025-06-24T21:23:00.223,1.63,0.477,-0.057,0.691
1750789380233.00,2025-06-24T21:23:00.233,1.64,-0.078,-0.011,0.498
1750789380243.00,2025-06-24T21:23:00.243,1.65,-0.564,0.04,0.418
1750789380253.00,2025-06-24T21:23:00.253,1.66,-1.033,0.059,0.43
1750789380263.00,2025-06-24T21:23:00.263,1.67,-1.471,0.117,0.44
1750789380273.00,2025-06-24T21:23:00.273,1.68,-1.579,0.211,0.507
1750789380283.00,2025-06-24T21:23:00.283,1.69,-1.368,0.267,0.575
1750789380293.00,2025-06-24T21:23:00.293,1.7,-1.03,0.241,0.625
1750789380303.00,2025-06-24T21:23:00.303,1.71,-0.747,0.2,0.667
1750789380313.00,2025-06-24T21:23:00.313,1.72,-0.59,0.167,0.737
1750789380323.00,2025-06-24T21:23:00.323,1.73,-0.554,0.144,0.787
1750789380333.00,2025-06-24T21:23:00.333,1.74,-0.592,0.123,0.815
1750789380343.00,2025-06-24T21:23:00.343,1.75,-0.645,0.123,0.821
1750789380353.00,2025-06-24T21:23:00.353,1.76,-0.704,0.124,0.805
1750789380363.00,2025-06-24T21:23:00.363,1.77,-0.78,0.119,0.755
1750789380373.00,2025-06-24T21:23:00.373,1.78,-0.837,0.119,0.725
1750789380383.00,2025-06-24T21:23:00.383,1.79,-0.866,0.121,0.723
1750789380393.00,2025-06-24T21:23:00.393,1.8,-0.88,0.123,0.77
1750789380403.00,2025-06-24T21:23:00.403,1.81,-0.822,0.146,0.827
1750789380413.00,2025-06-24T21:23:00.413,1.82,-0.699,0.153,0.849
1750789380423.00,2025-06-24T21:23:00.423,1.83,-0.512,0.117,0.854
1750789380433.00,2025-06-24T21:23:00.433,1.84,-0.326,0.08,0.87
1750789380443.00,2025-06-24T21:23:00.443,1.85,-0.23,0.072,0.938
1750789380453.00,2025-06-24T21:23:00.453,1.86,-0.2,0.079,1.001
1750789380463.00,2025-06-24T21:23:00.463,1.87,-0.184,0.104,1.029
1750789380473.00,2025-06-24T21:23:00.473,1.88,-0.151,0.12,1.036
1750789380483.00,2025-06-24T21:23:00.483,1.89,-0.096,0.114,1.017
1750789380493.00,2025-06-24T21:23:00.493,1.9,-0.022,0.097,1.021
1750789380503.00,2025-06-24T21:23:00.503,1.91,0.072,0.073,1.032
1750789380513.00,2025-06-24T21:23:00.513,1.92,0.147,0.05,1.043
1750789380523.00,2025-06-24T21:23:00.523,1.93,0.181,0.039,1.062
1750789380533.00,2025-06-24T21:23:00.533,1.94,0.182,0.035,1.055
1750789380543.00,2025-06-24T21:23:00.543,1.95,0.161,0.035,1.037
1750789380553.00,2025-06-24T21:23:00.553,1.96,0.135,0.038,1.041
1750789380563.00,2025-06-24T21:23:00.563,1.97,0.136,0.035,1.022
1750789380573.00,2025-06-24T21:23:00.573,1.98,0.166,0.032,1.015
1750789380583.00,2025-06-24T21:23:00.583,1.99,0.204,0.027,1.01
1750789380593.00,2025-06-24T21:23:00.593,2,0.25,0.02,0.993
1750789380603.00,2025-06-24T21:23:00.603,2.01,0.277,0.017,0.991
1750789380613.00,2025-06-24T21:23:00.613,2.02,0.281,0.011,0.999
1750789380623.00,2025-06-24T21:23:00.623,2.03,0.259,0.009,0.998
1750789380633.00,2025-06-24T21:23:00.633,2.04,0.21,0.018,1.003
1750789380643.00,2025-06-24T21:23:00.643,2.05,0.177,0.019,0.997
1750789380653.00,2025-06-24T21:23:00.653,2.06,0.177,0.019,0.995
1750789380663.00,2025-06-24T21:23:00.663,2.07,0.201,0.018,0.983
1750789380673.00,2025-06-24T21:23:00.673,2.08,0.237,0.011,0.978
1750789380683.00,2025-06-24T21:23:00.683,2.09,0.266,0.009,0.974
1750789380693.00,2025-06-24T21:23:00.693,2.1,0.275,0.003,0.979
1750789380703.00,2025-06-24T21:23:00.703,2.11,0.268,0,0.973
1750789380713.00,2025-06-24T21:23:00.713,2.12,0.25,0,0.968
1750789380723.00,2025-06-24T21:23:00.723,2.13,0.234,0.002,0.967
1750789380733.00,2025-06-24T21:23:00.733,2.14,0.225,0.004,0.957
1750789380743.00,2025-06-24T21:23:00.743,2.15,0.244,0.002,0.95
1750789380753.00,2025-06-24T21:23:00.753,2.16,0.286,-0.003,0.953
1750789380763.00,2025-06-24T21:23:00.763,2.17,0.331,-0.015,0.953
1750789380773.00,2025-06-24T21:23:00.773,2.18,0.352,-0.019,0.958
1750789380783.00,2025-06-24T21:23:00.783,2.19,0.354,-0.019,0.96
1750789380793.00,2025-06-24T21:23:00.793,2.2,0.336,-0.018,0.958
1750789380803.00,2025-06-24T21:23:00.803,2.21,0.317,-0.015,0.957
1750789380813.00,2025-06-24T21:23:00.813,2.22,0.317,-0.014,0.949
1750789380823.00,2025-06-24T21:23:00.823,2.23,0.339,-0.022,0.935
1750789380833.00,2025-06-24T21:23:00.833,2.24,0.389,-0.032,0.943
1750789380843.00,2025-06-24T21:23:00.843,2.25,0.528,-0.031,0.903
1750789380853.00,2025-06-24T21:23:00.853,2.26,0.776,-0.016,0.882
1750789380863.00,2025-06-24T21:23:00.863,2.27,1.062,-0.036,0.934
1750789380873.00,2025-06-24T21:23:00.873,2.28,1.292,-0.057,0.87
1750789380883.00,2025-06-24T21:23:00.883,2.29,1.275,-0.061,0.721
1750789380893.00,2025-06-24T21:23:00.893,2.3,0.83,-0.063,0.437
1750789380903.00,2025-06-24T21:23:00.903,2.31,-0.032,0,0.176
1750789380913.00,2025-06-24T21:23:00.913,2.32,-0.837,0.051,0.115
1750789380923.00,2025-06-24T21:23:00.923,2.33,-1.57,0.179,0.166
1750789380933.00,2025-06-24T21:23:00.933,2.34,-2.091,0.286,0.246
1750789380943.00,2025-06-24T21:23:00.943,2.35,-1.97,0.29,0.297
1750789380953.00,2025-06-24T21:23:00.953,2.36,-1.497,0.279,0.448
1750789380963.00,2025-06-24T21:23:00.963,2.37,-0.962,0.279,0.594
1750789380973.00,2025-06-24T21:23:00.973,2.38,-0.6,0.24,0.727
1750789380983.00,2025-06-24T21:23:00.983,2.39,-0.452,0.118,0.808
1750789380993.00,2025-06-24T21:23:00.993,2.4,-0.524,0.057,0.818
1750789381003.00,2025-06-24T21:23:01.003,2.41,-0.717,0.081,0.802
1750789381013.00,2025-06-24T21:23:01.013,2.42,-0.861,0.104,0.773
1750789381023.00,2025-06-24T21:23:01.023,2.43,-0.908,0.108,0.735
1750789381033.00,2025-06-24T21:23:01.033,2.44,-0.938,0.093,0.709
1750789381043.00,2025-06-24T21:23:01.043,2.45,-0.951,0.07,0.704
1750789381053.00,2025-06-24T21:23:01.053,2.46,-0.917,0.072,0.712
1750789381063.00,2025-06-24T21:23:01.063,2.47,-0.861,0.1,0.746
1750789381073.00,2025-06-24T21:23:01.073,2.48,-0.787,0.127,0.779
1750789381083.00,2025-06-24T21:23:01.083,2.49,-0.7,0.109,0.795
1750789381093.00,2025-06-24T21:23:01.093,2.5,-0.616,0.086,0.817
1750789381103.00,2025-06-24T21:23:01.103,2.51,-0.548,0.09,0.852
1750789381113.00,2025-06-24T21:23:01.113,2.52,-0.468,0.089,0.881
1750789381123.00,2025-06-24T21:23:01.123,2.53,-0.384,0.088,0.919
1750789381133.00,2025-06-24T21:23:01.133,2.54,-0.328,0.102,0.969
1750789381143.00,2025-06-24T21:23:01.143,2.55,-0.275,0.075,0.924
1750789381153.00,2025-06-24T21:23:01.153,2.56,-0.229,0.083,0.968
1750789381163.00,2025-06-24T21:23:01.163,2.57,-0.194,0.099,0.992
1750789381173.00,2025-06-24T21:23:01.173,2.58,-0.193,0.099,0.998
1750789381183.00,2025-06-24T21:23:01.183,2.59,-0.177,0.103,0.997
1750789381193.00,2025-06-24T21:23:01.193,2.6,-0.164,0.106,0.984
1750789381203.00,2025-06-24T21:23:01.203,2.61,-0.14,0.091,0.969
1750789381213.00,2025-06-24T21:23:01.213,2.62,-0.103,0.08,0.978
1750789381223.00,2025-06-24T21:23:01.223,2.63,-0.042,0.08,0.981
1750789381233.00,2025-06-24T21:23:01.233,2.64,0.015,0.068,0.974
1750789381243.00,2025-06-24T21:23:01.243,2.65,0.072,0.051,0.981
1750789381253.00,2025-06-24T21:23:01.253,2.66,0.139,0.042,0.991
1750789381263.00,2025-06-24T21:23:01.263,2.67,0.184,0.029,0.966
1750789381273.00,2025-06-24T21:23:01.273,2.68,0.203,0.018,0.945
1750789381283.00,2025-06-24T21:23:01.283,2.69,0.222,0.021,0.954
1750789381293.00,2025-06-24T21:23:01.293,2.7,0.268,0.019,0.958
1750789381303.00,2025-06-24T21:23:01.303,2.71,0.322,0.01,0.953
1750789381313.00,2025-06-24T21:23:01.313,2.72,0.354,0,0.954
1750789381323.00,2025-06-24T21:23:01.323,2.73,0.369,-0.009,0.951
1750789381333.00,2025-06-24T21:23:01.333,2.74,0.375,-0.017,0.964
1750789381343.00,2025-06-24T21:23:01.343,2.75,0.361,-0.025,0.966
1750789381353.00,2025-06-24T21:23:01.353,2.76,0.354,-0.022,0.946
1750789381363.00,2025-06-24T21:23:01.363,2.77,0.359,-0.016,0.938
1750789381373.00,2025-06-24T21:23:01.373,2.78,0.374,-0.012,0.941
1750789381383.00,2025-06-24T21:23:01.383,2.79,0.382,-0.017,0.935
1750789381393.00,2025-06-24T21:23:01.393,2.8,0.378,-0.02,0.938
1750789381403.00,2025-06-24T21:23:01.403,2.81,0.37,-0.018,0.939
1750789381413.00,2025-06-24T21:23:01.413,2.82,0.373,-0.01,0.938
1750789381423.00,2025-06-24T21:23:01.423,2.83,0.386,-0.011,0.942
1750789381433.00,2025-06-24T21:23:01.433,2.84,0.391,-0.014,0.942
1750789381443.00,2025-06-24T21:23:01.443,2.85,0.386,-0.016,0.939
1750789381453.00,2025-06-24T21:23:01.453,2.86,0.374,-0.01,0.949
1750789381463.00,2025-06-24T21:23:01.463,2.87,0.365,-0.013,0.953
1750789381473.00,2025-06-24T21:23:01.473,2.88,0.356,-0.013,0.949
1750789381483.00,2025-06-24T21:23:01.483,2.89,0.354,-0.01,0.951
1750789381493.00,2025-06-24T21:23:01.493,2.9,0.361,-0.008,0.958
1750789381503.00,2025-06-24T21:23:01.503,2.91,0.358,-0.014,0.957
1750789381513.00,2025-06-24T21:23:01.513,2.92,0.373,-0.012,0.962
1750789381523.00,2025-06-24T21:23:01.523,2.93,0.429,-0.021,0.946
1750789381533.00,2025-06-24T21:23:01.533,2.94,0.517,-0.024,0.937
1750789381543.00,2025-06-24T21:23:01.543,2.95,0.613,-0.049,0.969
1750789381553.00,2025-06-24T21:23:01.553,2.96,0.742,-0.06,0.923
1750789381563.00,2025-06-24T21:23:01.563,2.97,0.808,-0.023,0.939
1750789381573.00,2025-06-24T21:23:01.573,2.98,0.738,-0.034,0.881
1750789381583.00,2025-06-24T21:23:01.583,2.99,0.569,-0.026,0.751
1750789381593.00,2025-06-24T21:23:01.593,3,0.302,0.008,0.618
1750789381603.00,2025-06-24T21:23:01.603,3.01,-0.113,0.055,0.547
1750789381613.00,2025-06-24T21:23:01.613,3.02,-0.51,0.065,0.54
1750789381623.00,2025-06-24T21:23:01.623,3.03,-0.868,0.066,0.552
1750789381633.00,2025-06-24T21:23:01.633,3.04,-1.175,0.112,0.528
1750789381643.00,2025-06-24T21:23:01.643,3.05,-1.305,0.181,0.547
1750789381653.00,2025-06-24T21:23:01.653,3.06,-1.235,0.221,0.601
1750789381663.00,2025-06-24T21:23:01.663,3.07,-1.038,0.209,0.693
1750789381673.00,2025-06-24T21:23:01.673,3.08,-0.819,0.174,0.756
1750789381683.00,2025-06-24T21:23:01.683,3.09,-0.652,0.148,0.817
1750789381693.00,2025-06-24T21:23:01.693,3.1,-0.559,0.135,0.848
1750789381703.00,2025-06-24T21:23:01.703,3.11,-0.55,0.127,0.854
1750789381713.00,2025-06-24T21:23:01.713,3.12,-0.586,0.124,0.848
1750789381723.00,2025-06-24T21:23:01.723,3.13,-0.643,0.125,0.817
1750789381733.00,2025-06-24T21:23:01.733,3.14,-0.712,0.114,0.787
1750789381743.00,2025-06-24T21:23:01.743,3.15,-0.771,0.107,0.755
1750789381753.00,2025-06-24T21:23:01.753,3.16,-0.826,0.108,0.746
1750789381763.00,2025-06-24T21:23:01.763,3.17,-0.838,0.125,0.771
1750789381773.00,2025-06-24T21:23:01.773,3.18,-0.797,0.146,0.808
1750789381783.00,2025-06-24T21:23:01.783,3.19,-0.712,0.144,0.844
1750789381793.00,2025-06-24T21:23:01.793,3.2,-0.575,0.13,0.867
1750789381803.00,2025-06-24T21:23:01.803,3.21,-0.444,0.109,0.883
1750789381813.00,2025-06-24T21:23:01.813,3.22,-0.332,0.082,0.917
1750789381823.00,2025-06-24T21:23:01.823,3.23,-0.257,0.079,0.961
1750789381833.00,2025-06-24T21:23:01.833,3.24,-0.226,0.113,1.039
1750789381843.00,2025-06-24T21:23:01.843,3.25,-0.168,0.092,1.006
1750789381853.00,2025-06-24T21:23:01.853,3.26,-0.077,0.086,1.023
1750789381863.00,2025-06-24T21:23:01.863,3.27,0.002,0.098,1.036
1750789381873.00,2025-06-24T21:23:01.873,3.28,0.059,0.085,1.041
1750789381883.00,2025-06-24T21:23:01.883,3.29,0.111,0.064,1.035
1750789381893.00,2025-06-24T21:23:01.893,3.3,0.157,0.054,1.034
1750789381903.00,2025-06-24T21:23:01.903,3.31,0.188,0.048,1.046
1750789381913.00,2025-06-24T21:23:01.913,3.32,0.208,0.04,1.043
1750789381923.00,2025-06-24T21:23:01.923,3.33,0.196,0.036,1.038
1750789381933.00,2025-06-24T21:23:01.933,3.34,0.169,0.042,1.046
1750789381943.00,2025-06-24T21:23:01.943,3.35,0.156,0.045,1.037
1750789381953.00,2025-06-24T21:23:01.953,3.36,0.133,0.044,1.03
1750789381963.00,2025-06-24T21:23:01.963,3.37,0.131,0.042,1.023
1750789381973.00,2025-06-24T21:23:01.973,3.38,0.149,0.04,1.013
1750789381983.00,2025-06-24T21:23:01.983,3.39,0.145,0.037,1.002
1750789381993.00,2025-06-24T21:23:01.993,3.4,0.147,0.04,0.998
1750789382003.00,2025-06-24T21:23:02.003,3.41,0.154,0.036,1.001
1750789382013.00,2025-06-24T21:23:02.013,3.42,0.156,0.034,0.999
1750789382023.00,2025-06-24T21:23:02.023,3.43,0.168,0.031,1.005
1750789382033.00,2025-06-24T21:23:02.033,3.44,0.175,0.026,1.006
1750789382043.00,2025-06-24T21:23:02.043,3.45,0.167,0.025,1.009
1750789382053.00,2025-06-24T21:23:02.053,3.46,0.144,0.025,1.003
1750789382063.00,2025-06-24T21:23:02.063,3.47,0.112,0.027,0.996
1750789382073.00,2025-06-24T21:23:02.073,3.48,0.094,0.028,1
1750789382083.00,2025-06-24T21:23:02.083,3.49,0.105,0.031,0.994
1750789382093.00,2025-06-24T21:23:02.093,3.5,0.135,0.025,0.991
1750789382103.00,2025-06-24T21:23:02.103,3.51,0.159,0.02,0.991
1750789382113.00,2025-06-24T21:23:02.113,3.52,0.176,0.013,0.991
1750789382123.00,2025-06-24T21:23:02.123,3.53,0.189,0.012,0.99
1750789382133.00,2025-06-24T21:23:02.133,3.54,0.197,0.012,0.995
1750789382143.00,2025-06-24T21:23:02.143,3.55,0.213,0.01,0.998
1750789382153.00,2025-06-24T21:23:02.153,3.56,0.235,-0.005,0.999
1750789382163.00,2025-06-24T21:23:02.163,3.57,0.268,-0.008,0.982
1750789382173.00,2025-06-24T21:23:02.173,3.58,0.325,0.004,0.982
1750789382183.00,2025-06-24T21:23:02.183,3.59,0.409,0.004,0.948
1750789382193.00,2025-06-24T21:23:02.193,3.6,0.507,0.002,0.955
1750789382203.00,2025-06-24T21:23:02.203,3.61,0.623,-0.016,0.965
1750789382213.00,2025-06-24T21:23:02.213,3.62,0.708,-0.041,0.969
1750789382223.00,2025-06-24T21:23:02.223,3.63,0.726,-0.029,0.901
1750789382233.00,2025-06-24T21:23:02.233,3.64,0.616,-0.01,0.774
1750789382243.00,2025-06-24T21:23:02.243,3.65,0.337,0.01,0.661
1750789382253.00,2025-06-24T21:23:02.253,3.66,-0.06,0.049,0.55
1750789382263.00,2025-06-24T21:23:02.263,3.67,-0.451,0.08,0.454
1750789382273.00,2025-06-24T21:23:02.273,3.68,-0.91,0.112,0.384
1750789382283.00,2025-06-24T21:23:02.283,3.69,-1.334,0.169,0.375
1750789382293.00,2025-06-24T21:23:02.293,3.7,-1.419,0.219,0.42
1750789382303.00,2025-06-24T21:23:02.303,3.71,-1.233,0.238,0.518
1750789382313.00,2025-06-24T21:23:02.313,3.72,-0.999,0.217,0.623
1750789382323.00,2025-06-24T21:23:02.323,3.73,-0.865,0.198,0.705
1750789382333.00,2025-06-24T21:23:02.333,3.74,-0.769,0.17,0.74
1750789382343.00,2025-06-24T21:23:02.343,3.75,-0.73,0.146,0.736
1750789382353.00,2025-06-24T21:23:02.353,3.76,-0.771,0.136,0.743
1750789382363.00,2025-06-24T21:23:02.363,3.77,-0.818,0.13,0.735
1750789382373.00,2025-06-24T21:23:02.373,3.78,-0.849,0.133,0.712
1750789382383.00,2025-06-24T21:23:02.383,3.79,-0.865,0.133,0.713
1750789382393.00,2025-06-24T21:23:02.393,3.8,-0.87,0.12,0.721
1750789382403.00,2025-06-24T21:23:02.403,3.81,-0.872,0.114,0.714
1750789382413.00,2025-06-24T21:23:02.413,3.82,-0.891,0.115,0.708
1750789382423.00,2025-06-24T21:23:02.423,3.83,-0.9,0.129,0.712
1750789382433.00,2025-06-24T21:23:02.433,3.84,-0.878,0.15,0.732
1750789382443.00,2025-06-24T21:23:02.443,3.85,-0.828,0.151,0.771
1750789382453.00,2025-06-24T21:23:02.453,3.86,-0.789,0.15,0.802
1750789382463.00,2025-06-24T21:23:02.463,3.87,-0.724,0.176,0.86
1750789382473.00,2025-06-24T21:23:02.473,3.88,-0.594,0.188,0.882
1750789382483.00,2025-06-24T21:23:02.483,3.89,-0.429,0.159,0.897
1750789382493.00,2025-06-24T21:23:02.493,3.9,-0.299,0.135,0.918
1750789382503.00,2025-06-24T21:23:02.503,3.91,-0.248,0.124,0.939
1750789382513.00,2025-06-24T21:23:02.513,3.92,-0.213,0.106,0.951
1750789382523.00,2025-06-24T21:23:02.523,3.93,-0.197,0.129,1.005
1750789382533.00,2025-06-24T21:23:02.533,3.94,-0.19,0.143,1.019
1750789382543.00,2025-06-24T21:23:02.543,3.95,-0.174,0.125,0.997
1750789382553.00,2025-06-24T21:23:02.553,3.96,-0.143,0.118,0.993
1750789382563.00,2025-06-24T21:23:02.563,3.97,-0.089,0.102,0.975
1750789382573.00,2025-06-24T21:23:02.573,3.98,-0.022,0.081,0.973
1750789382583.00,2025-06-24T21:23:02.583,3.99,0.007,0.077,0.998
1750789382593.00,2025-06-24T21:23:02.593,4,0.04,0.072,1.004
1750789382603.00,2025-06-24T21:23:02.603,4.01,0.079,0.068,0.994
1750789382613.00,2025-06-24T21:23:02.613,4.02,0.101,0.065,0.999
1750789382623.00,2025-06-24T21:23:02.623,4.03,0.139,0.05,0.989
1750789382633.00,2025-06-24T21:23:02.633,4.04,0.177,0.04,0.991
1750789382643.00,2025-06-24T21:23:02.643,4.05,0.222,0.033,0.991
1750789382653.00,2025-06-24T21:23:02.653,4.06,0.258,0.024,0.991
1750789382663.00,2025-06-24T21:23:02.663,4.07,0.271,0.022,1.006
1750789382673.00,2025-06-24T21:23:02.673,4.08,0.286,0.019,0.994
1750789382683.00,2025-06-24T21:23:02.683,4.09,0.289,0.017,0.987
1750789382693.00,2025-06-24T21:23:02.693,4.1,0.278,0.021,0.994
1750789382703.00,2025-06-24T21:23:02.703,4.11,0.268,0.015,0.985
1750789382713.00,2025-06-24T21:23:02.713,4.12,0.267,0.01,0.981
1750789382723.00,2025-06-24T21:23:02.723,4.13,0.265,0.011,0.987
1750789382733.00,2025-06-24T21:23:02.733,4.14,0.28,0.009,0.977
1750789382743.00,2025-06-24T21:23:02.743,4.15,0.305,0.005,0.984
1750789382753.00,2025-06-24T21:23:02.753,4.16,0.312,0,0.982
1750789382763.00,2025-06-24T21:23:02.763,4.17,0.308,-0.004,0.981
1750789382773.00,2025-06-24T21:23:02.773,4.18,0.301,-0.003,0.981
1750789382783.00,2025-06-24T21:23:02.783,4.19,0.296,-0.01,0.982
1750789382793.00,2025-06-24T21:23:02.793,4.2,0.315,-0.007,0.972
1750789382803.00,2025-06-24T21:23:02.803,4.21,0.353,-0.022,1.005
1750789382813.00,2025-06-24T21:23:02.813,4.22,0.412,-0.01,0.935
1750789382823.00,2025-06-24T21:23:02.823,4.23,0.455,0.015,0.919
1750789382833.00,2025-06-24T21:23:02.833,4.24,0.443,-0.003,0.913
1750789382843.00,2025-06-24T21:23:02.843,4.25,0.382,-0.028,0.92
1750789382853.00,2025-06-24T21:23:02.853,4.26,0.29,-0.03,0.894
1750789382863.00,2025-06-24T21:23:02.863,4.27,0.176,-0.005,0.839
1750789382873.00,2025-06-24T21:23:02.873,4.28,0.042,0.032,0.815
1750789382883.00,2025-06-24T21:23:02.883,4.29,-0.081,0.053,0.785
1750789382893.00,2025-06-24T21:23:02.893,4.3,-0.2,0.067,0.759
1750789382903.00,2025-06-24T21:23:02.903,4.31,-0.313,0.077,0.72
1750789382913.00,2025-06-24T21:23:02.913,4.32,-0.437,0.075,0.677
1750789382923.00,2025-06-24T21:23:02.923,4.33,-0.599,0.085,0.635
1750789382933.00,2025-06-24T21:23:02.933,4.34,-0.78,0.112,0.612
1750789382943.00,2025-06-24T21:23:02.943,4.35,-0.872,0.135,0.612
1750789382953.00,2025-06-24T21:23:02.953,4.36,-0.85,0.154,0.621
1750789382963.00,2025-06-24T21:23:02.963,4.37,-0.793,0.148,0.64
1750789382973.00,2025-06-24T21:23:02.973,4.38,-0.755,0.141,0.676
1750789382983.00,2025-06-24T21:23:02.983,4.39,-0.738,0.162,0.719
1750789382993.00,2025-06-24T21:23:02.993,4.4,-0.765,0.176,0.713
1750789383003.00,2025-06-24T21:23:03.003,4.41,-0.832,0.166,0.665
1750789383013.00,2025-06-24T21:23:03.013,4.42,-0.88,0.155,0.64
1750789383023.00,2025-06-24T21:23:03.023,4.43,-0.899,0.17,0.628
1750789383033.00,2025-06-24T21:23:03.033,4.44,-0.93,0.189,0.629
1750789383043.00,2025-06-24T21:23:03.043,4.45,-0.958,0.199,0.646
1750789383053.00,2025-06-24T21:23:03.053,4.46,-0.952,0.208,0.663
1750789383063.00,2025-06-24T21:23:03.063,4.47,-0.941,0.207,0.673
1750789383073.00,2025-06-24T21:23:03.073,4.48,-0.953,0.204,0.664
1750789383083.00,2025-06-24T21:23:03.083,4.49,-0.947,0.199,0.648
1750789383093.00,2025-06-24T21:23:03.093,4.5,-0.922,0.195,0.644
1750789383103.00,2025-06-24T21:23:03.103,4.51,-0.933,0.196,0.63
1750789383113.00,2025-06-24T21:23:03.113,4.52,-0.939,0.185,0.611
1750789383123.00,2025-06-24T21:23:03.123,4.53,-0.956,0.184,0.598
1750789383133.00,2025-06-24T21:23:03.133,4.54,-0.975,0.193,0.583
1750789383143.00,2025-06-24T21:23:03.143,4.55,-0.977,0.193,0.613
1750789383153.00,2025-06-24T21:23:03.153,4.56,-0.95,0.2,0.669
1750789383163.00,2025-06-24T21:23:03.163,4.57,-0.882,0.201,0.715
1750789383173.00,2025-06-24T21:23:03.173,4.58,-0.838,0.215,0.749
1750789383183.00,2025-06-24T21:23:03.183,4.59,-0.774,0.225,0.779
1750789383193.00,2025-06-24T21:23:03.193,4.6,-0.648,0.187,0.781
1750789383203.00,2025-06-24T21:23:03.203,4.61,-0.521,0.151,0.811
1750789383213.00,2025-06-24T21:23:03.213,4.62,-0.391,0.131,0.838
1750789383223.00,2025-06-24T21:23:03.223,4.63,-0.279,0.124,0.87
1750789383233.00,2025-06-24T21:23:03.233,4.64,-0.236,0.123,0.898
1750789383243.00,2025-06-24T21:23:03.243,4.65,-0.195,0.122,0.922
1750789383253.00,2025-06-24T21:23:03.253,4.66,-0.132,0.112,0.93
1750789383263.00,2025-06-24T21:23:03.263,4.67,-0.062,0.095,0.925
1750789383273.00,2025-06-24T21:23:03.273,4.68,0.008,0.076,0.948
1750789383283.00,2025-06-24T21:23:03.283,4.69,0.082,0.062,0.962
1750789383293.00,2025-06-24T21:23:03.293,4.7,0.148,0.045,0.972
1750789383303.00,2025-06-24T21:23:03.303,4.71,0.197,0.034,0.987
1750789383313.00,2025-06-24T21:23:03.313,4.72,0.225,0.029,1.005
1750789383323.00,2025-06-24T21:23:03.323,4.73,0.247,0.026,1
1750789383333.00,2025-06-24T21:23:03.333,4.74,0.28,0.02,0.983
1750789383343.00,2025-06-24T21:23:03.343,4.75,0.313,0.017,0.976
1750789383353.00,2025-06-24T21:23:03.353,4.76,0.333,0.005,0.975
1750789383363.00,2025-06-24T21:23:03.363,4.77,0.334,0.001,0.979
1750789383373.00,2025-06-24T21:23:03.373,4.78,0.305,0.004,0.974
1750789383383.00,2025-06-24T21:23:03.383,4.79,0.264,0.006,0.978
1750789383393.00,2025-06-24T21:23:03.393,4.8,0.219,0.011,0.975
1750789383403.00,2025-06-24T21:23:03.403,4.81,0.201,0.009,0.969
1750789383413.00,2025-06-24T21:23:03.413,4.82,0.193,0.01,0.968
1750789383423.00,2025-06-24T21:23:03.423,4.83,0.188,0.015,0.974
1750789383433.00,2025-06-24T21:23:03.433,4.84,0.196,0.011,0.97
1750789383443.00,2025-06-24T21:23:03.443,4.85,0.21,0.014,0.968
1750789383453.00,2025-06-24T21:23:03.453,4.86,0.217,0.014,0.969
1750789383463.00,2025-06-24T21:23:03.463,4.87,0.22,0.011,0.973
1750789383473.00,2025-06-24T21:23:03.473,4.88,0.223,0.007,0.976
1750789383483.00,2025-06-24T21:23:03.483,4.89,0.213,0.008,0.975
1750789383493.00,2025-06-24T21:23:03.493,4.9,0.185,0.013,0.979
1750789383503.00,2025-06-24T21:23:03.503,4.91,0.178,0.014,0.975
1750789383513.00,2025-06-24T21:23:03.513,4.92,0.191,0.016,0.966
1750789383523.00,2025-06-24T21:23:03.523,4.93,0.212,0.015,0.966
1750789383533.00,2025-06-24T21:23:03.533,4.94,0.226,0.009,0.97
1750789383543.00,2025-06-24T21:23:03.543,4.95,0.237,0,0.983
1750789383553.00,2025-06-24T21:23:03.553,4.96,0.258,-0.025,0.994
1750789383563.00,2025-06-24T21:23:03.563,4.97,0.315,-0.005,0.939
1750789383573.00,2025-06-24T21:23:03.573,4.98,0.355,0.011,0.986
1750789383583.00,2025-06-24T21:23:03.583,4.99,0.381,-0.015,0.988
1750789383593.00,2025-06-24T21:23:03.593,5,0.453,-0.002,0.947
1750789383603.00,2025-06-24T21:23:03.603,5.01,0.552,0.004,0.919
1750789383613.00,2025-06-24T21:23:03.613,5.02,0.621,-0.008,0.911
1750789383623.00,2025-06-24T21:23:03.623,5.03,0.567,-0.009,0.926
1750789383633.00,2025-06-24T21:23:03.633,5.04,0.438,-0.003,0.861
1750789383643.00,2025-06-24T21:23:03.643,5.05,0.24,0.025,0.782
1750789383653.00,2025-06-24T21:23:03.653,5.06,-0.021,0.057,0.689
1750789383663.00,2025-06-24T21:23:03.663,5.07,-0.279,0.096,0.589
1750789383673.00,2025-06-24T21:23:03.673,5.08,-0.598,0.114,0.55
1750789383683.00,2025-06-24T21:23:03.683,5.09,-0.875,0.088,0.531
1750789383693.00,2025-06-24T21:23:03.693,5.1,-1.088,0.091,0.49
1750789383703.00,2025-06-24T21:23:03.703,5.11,-1.136,0.14,0.513
1750789383713.00,2025-06-24T21:23:03.713,5.12,-1.003,0.173,0.534
1750789383723.00,2025-06-24T21:23:03.723,5.13,-0.869,0.161,0.575
1750789383733.00,2025-06-24T21:23:03.733,5.14,-0.806,0.124,0.67
1750789383743.00,2025-06-24T21:23:03.743,5.15,-0.826,0.143,0.75
1750789383753.00,2025-06-24T21:23:03.753,5.16,-0.862,0.159,0.756
1750789383763.00,2025-06-24T21:23:03.763,5.17,-0.824,0.149,0.749
1750789383773.00,2025-06-24T21:23:03.773,5.18,-0.773,0.153,0.747
1750789383783.00,2025-06-24T21:23:03.783,5.19,-0.79,0.157,0.753
1750789383793.00,2025-06-24T21:23:03.793,5.2,-0.832,0.158,0.756
1750789383803.00,2025-06-24T21:23:03.803,5.21,-0.858,0.171,0.753
1750789383813.00,2025-06-24T21:23:03.813,5.22,-0.868,0.181,0.75
1750789383823.00,2025-06-24T21:23:03.823,5.23,-0.856,0.168,0.741
1750789383833.00,2025-06-24T21:23:03.833,5.24,-0.831,0.161,0.729
1750789383843.00,2025-06-24T21:23:03.843,5.25,-0.829,0.156,0.715
1750789383853.00,2025-06-24T21:23:03.853,5.26,-0.845,0.149,0.705
1750789383863.00,2025-06-24T21:23:03.863,5.27,-0.881,0.142,0.681
1750789383873.00,2025-06-24T21:23:03.873,5.28,-0.922,0.144,0.683
1750789383883.00,2025-06-24T21:23:03.883,5.29,-0.907,0.158,0.727
1750789383893.00,2025-06-24T21:23:03.893,5.3,-0.841,0.16,0.777
1750789383903.00,2025-06-24T21:23:03.903,5.31,-0.786,0.171,0.828
1750789383913.00,2025-06-24T21:23:03.913,5.32,-0.73,0.175,0.863
1750789383923.00,2025-06-24T21:23:03.923,5.33,-0.633,0.158,0.874
1750789383933.00,2025-06-24T21:23:03.933,5.34,-0.515,0.134,0.874
1750789383943.00,2025-06-24T21:23:03.943,5.35,-0.418,0.102,0.874
1750789383953.00,2025-06-24T21:23:03.953,5.36,-0.379,0.075,0.877
1750789383963.00,2025-06-24T21:23:03.963,5.37,-0.388,0.086,0.896
1750789383973.00,2025-06-24T21:23:03.973,5.38,-0.381,0.114,0.934
1750789383983.00,2025-06-24T21:23:03.983,5.39,-0.339,0.117,0.93
1750789383993.00,2025-06-24T21:23:03.993,5.4,-0.283,0.108,0.931
1750789384003.00,2025-06-24T21:23:04.003,5.41,-0.208,0.101,0.953
1750789384013.00,2025-06-24T21:23:04.013,5.42,-0.131,0.085,0.946
1750789384023.00,2025-06-24T21:23:04.023,5.43,-0.044,0.065,0.979
1750789384033.00,2025-06-24T21:23:04.033,5.44,0.036,0.056,0.991
1750789384043.00,2025-06-24T21:23:04.043,5.45,0.074,0.05,0.987
1750789384053.00,2025-06-24T21:23:04.053,5.46,0.131,0.034,0.984
1750789384063.00,2025-06-24T21:23:04.063,5.47,0.191,0.015,0.985
1750789384073.00,2025-06-24T21:23:04.073,5.48,0.231,0.008,0.985
1750789384083.00,2025-06-24T21:23:04.083,5.49,0.273,0.001,0.984
1750789384093.00,2025-06-24T21:23:04.093,5.5,0.284,0.004,0.996
1750789384103.00,2025-06-24T21:23:04.103,5.51,0.258,0.007,0.995
1750789384113.00,2025-06-24T21:23:04.113,5.52,0.23,0.012,0.982
1750789384123.00,2025-06-24T21:23:04.123,5.53,0.212,0.022,0.978
1750789384133.00,2025-06-24T21:23:04.133,5.54,0.217,0.018,0.978
1750789384143.00,2025-06-24T21:23:04.143,5.55,0.236,0.012,0.978
1750789384153.00,2025-06-24T21:23:04.153,5.56,0.239,0.009,0.98
1750789384163.00,2025-06-24T21:23:04.163,5.57,0.209,0.008,0.97
1750789384173.00,2025-06-24T21:23:04.173,5.58,0.17,0.009,0.969
1750789384183.00,2025-06-24T21:23:04.183,5.59,0.146,0.012,0.966
1750789384193.00,2025-06-24T21:23:04.193,5.6,0.152,0.014,0.962
1750789384203.00,2025-06-24T21:23:04.203,5.61,0.182,0.014,0.957
1750789384213.00,2025-06-24T21:23:04.213,5.62,0.231,0.004,0.959
1750789384223.00,2025-06-24T21:23:04.223,5.63,0.263,-0.008,0.969
1750789384233.00,2025-06-24T21:23:04.233,5.64,0.275,-0.011,0.972
1750789384243.00,2025-06-24T21:23:04.243,5.65,0.269,-0.007,0.974
1750789384253.00,2025-06-24T21:23:04.253,5.66,0.243,-0.006,0.978
1750789384263.00,2025-06-24T21:23:04.263,5.67,0.225,-0.006,0.972
1750789384273.00,2025-06-24T21:23:04.273,5.68,0.207,-0.003,0.969
1750789384283.00,2025-06-24T21:23:04.283,5.69,0.196,-0.002,0.973
1750789384293.00,2025-06-24T21:23:04.293,5.7,0.196,-0.003,0.968
1750789384303.00,2025-06-24T21:23:04.303,5.71,0.207,-0.003,0.973
1750789384313.00,2025-06-24T21:23:04.313,5.72,0.219,-0.004,0.975
1750789384323.00,2025-06-24T21:23:04.323,5.73,0.222,-0.007,0.97
1750789384333.00,2025-06-24T21:23:04.333,5.74,0.232,-0.008,0.974
1750789384343.00,2025-06-24T21:23:04.343,5.75,0.244,-0.025,0.979
1750789384353.00,2025-06-24T21:23:04.353,5.76,0.29,-0.034,0.983
1750789384363.00,2025-06-24T21:23:04.363,5.77,0.379,-0.026,0.96
1750789384373.00,2025-06-24T21:23:04.373,5.78,0.494,-0.017,0.973
1750789384383.00,2025-06-24T21:23:04.383,5.79,0.617,-0.033,0.977
1750789384393.00,2025-06-24T21:23:04.393,5.8,0.675,-0.054,1.009
1750789384403.00,2025-06-24T21:23:04.403,5.81,0.635,-0.043,0.98
1750789384413.00,2025-06-24T21:23:04.413,5.82,0.522,-0.015,0.889
1750789384423.00,2025-06-24T21:23:04.423,5.83,0.341,0.008,0.818
1750789384433.00,2025-06-24T21:23:04.433,5.84,0.106,0.022,0.735
1750789384443.00,2025-06-24T21:23:04.443,5.85,-0.139,0.045,0.659
1750789384453.00,2025-06-24T21:23:04.453,5.86,-0.327,0.053,0.655
1750789384463.00,2025-06-24T21:23:04.463,5.87,-0.511,0.054,0.603
1750789384473.00,2025-06-24T21:23:04.473,5.88,-0.774,0.047,0.564
1750789384483.00,2025-06-24T21:23:04.483,5.89,-1.002,0.075,0.575
1750789384493.00,2025-06-24T21:23:04.493,5.9,-1.096,0.161,0.581
1750789384503.00,2025-06-24T21:23:04.503,5.91,-1.033,0.2,0.617
1750789384513.00,2025-06-24T21:23:04.513,5.92,-0.902,0.161,0.68
1750789384523.00,2025-06-24T21:23:04.523,5.93,-0.792,0.131,0.76
1750789384533.00,2025-06-24T21:23:04.533,5.94,-0.667,0.143,0.813
1750789384543.00,2025-06-24T21:23:04.543,5.95,-0.636,0.169,0.804
1750789384553.00,2025-06-24T21:23:04.553,5.96,-0.711,0.163,0.757
1750789384563.00,2025-06-24T21:23:04.563,5.97,-0.773,0.14,0.716
1750789384573.00,2025-06-24T21:23:04.573,5.98,-0.84,0.145,0.704
1750789384583.00,2025-06-24T21:23:04.583,5.99,-0.897,0.148,0.709
1750789384593.00,2025-06-24T21:23:04.593,6,-0.898,0.145,0.712
1750789384603.00,2025-06-24T21:23:04.603,6.01,-0.875,0.138,0.701
1750789384613.00,2025-06-24T21:23:04.613,6.02,-0.855,0.134,0.702
1750789384623.00,2025-06-24T21:23:04.623,6.03,-0.84,0.129,0.688
1750789384633.00,2025-06-24T21:23:04.633,6.04,-0.85,0.117,0.685
1750789384643.00,2025-06-24T21:23:04.643,6.05,-0.847,0.12,0.688
1750789384653.00,2025-06-24T21:23:04.653,6.06,-0.865,0.127,0.685
1750789384663.00,2025-06-24T21:23:04.663,6.07,-0.88,0.133,0.682
1750789384673.00,2025-06-24T21:23:04.673,6.08,-0.881,0.138,0.709
1750789384683.00,2025-06-24T21:23:04.683,6.09,-0.852,0.155,0.74
1750789384693.00,2025-06-24T21:23:04.693,6.1,-0.817,0.167,0.77
1750789384703.00,2025-06-24T21:23:04.703,6.11,-0.78,0.169,0.808
1750789384713.00,2025-06-24T21:23:04.713,6.12,-0.719,0.166,0.823
1750789384723.00,2025-06-24T21:23:04.723,6.13,-0.613,0.156,0.827
1750789384733.00,2025-06-24T21:23:04.733,6.14,-0.482,0.132,0.836
1750789384743.00,2025-06-24T21:23:04.743,6.15,-0.367,0.105,0.865
1750789384753.00,2025-06-24T21:23:04.753,6.16,-0.29,0.083,0.894
1750789384763.00,2025-06-24T21:23:04.763,6.17,-0.272,0.092,0.937
1750789384773.00,2025-06-24T21:23:04.773,6.18,-0.279,0.081,0.915
1750789384783.00,2025-06-24T21:23:04.783,6.19,-0.284,0.085,0.946
1750789384793.00,2025-06-24T21:23:04.793,6.2,-0.288,0.114,0.987
1750789384803.00,2025-06-24T21:23:04.803,6.21,-0.283,0.125,0.995
1750789384813.00,2025-06-24T21:23:04.813,6.22,-0.237,0.107,0.95
1750789384823.00,2025-06-24T21:23:04.823,6.23,-0.14,0.094,0.954
1750789384833.00,2025-06-24T21:23:04.833,6.24,-0.005,0.074,0.935
1750789384843.00,2025-06-24T21:23:04.843,6.25,0.11,0.046,0.955
1750789384853.00,2025-06-24T21:23:04.853,6.26,0.208,0.021,0.957
1750789384863.00,2025-06-24T21:23:04.863,6.27,0.264,0.022,0.979
1750789384873.00,2025-06-24T21:23:04.873,6.28,0.3,0.021,0.986
1750789384883.00,2025-06-24T21:23:04.883,6.29,0.331,0.021,0.995
1750789384893.00,2025-06-24T21:23:04.893,6.3,0.345,0.012,0.995
1750789384903.00,2025-06-24T21:23:04.903,6.31,0.344,0.007,0.999
1750789384913.00,2025-06-24T21:23:04.913,6.32,0.339,-0.002,0.982
1750789384923.00,2025-06-24T21:23:04.923,6.33,0.336,-0.009,0.981
1750789384933.00,2025-06-24T21:23:04.933,6.34,0.333,-0.01,0.977
1750789384943.00,2025-06-24T21:23:04.943,6.35,0.328,-0.01,0.973
1750789384953.00,2025-06-24T21:23:04.953,6.36,0.331,-0.012,0.969
1750789384963.00,2025-06-24T21:23:04.963,6.37,0.348,-0.015,0.965
1750789384973.00,2025-06-24T21:23:04.973,6.38,0.374,-0.015,0.953
1750789384983.00,2025-06-24T21:23:04.983,6.39,0.391,-0.021,0.952
1750789384993.00,2025-06-24T21:23:04.993,6.4,0.371,-0.024,0.953
1750789385003.00,2025-06-24T21:23:05.003,6.41,0.32,-0.021,0.957
1750789385013.00,2025-06-24T21:23:05.013,6.42,0.27,-0.017,0.947
1750789385023.00,2025-06-24T21:23:05.023,6.43,0.244,-0.011,0.947
1750789385033.00,2025-06-24T21:23:05.033,6.44,0.25,-0.008,0.948
1750789385043.00,2025-06-24T21:23:05.043,6.45,0.286,-0.016,0.944
1750789385053.00,2025-06-24T21:23:05.053,6.46,0.321,-0.02,0.957
1750789385063.00,2025-06-24T21:23:05.063,6.47,0.337,-0.027,0.959
1750789385073.00,2025-06-24T21:23:05.073,6.48,0.341,-0.027,0.954
1750789385083.00,2025-06-24T21:23:05.083,6.49,0.341,-0.027,0.955
1750789385093.00,2025-06-24T21:23:05.093,6.5,0.341,-0.027,0.956
1750789385103.00,2025-06-24T21:23:05.103,6.51,0.346,-0.028,0.959
1750789385113.00,2025-06-24T21:23:05.113,6.52,0.369,-0.04,0.963
1750789385123.00,2025-06-24T21:23:05.123,6.53,0.416,-0.029,0.962
1750789385133.00,2025-06-24T21:23:05.133,6.54,0.464,-0.031,0.982
1750789385143.00,2025-06-24T21:23:05.143,6.55,0.523,-0.027,0.905
1750789385153.00,2025-06-24T21:23:05.153,6.56,0.557,-0.015,0.928
1750789385163.00,2025-06-24T21:23:05.163,6.57,0.524,-0.034,0.947
1750789385173.00,2025-06-24T21:23:05.173,6.58,0.463,-0.033,0.912
1750789385183.00,2025-06-24T21:23:05.183,6.59,0.354,-0.011,0.897
1750789385193.00,2025-06-24T21:23:05.193,6.6,0.191,0.018,0.852
1750789385203.00,2025-06-24T21:23:05.203,6.61,-0.008,0.035,0.813
1750789385213.00,2025-06-24T21:23:05.213,6.62,-0.169,0.053,0.735
1750789385223.00,2025-06-24T21:23:05.223,6.63,-0.334,0.06,0.67
1750789385233.00,2025-06-24T21:23:05.233,6.64,-0.523,0.051,0.647
1750789385243.00,2025-06-24T21:23:05.243,6.65,-0.744,0.07,0.599
1750789385253.00,2025-06-24T21:23:05.253,6.66,-0.919,0.099,0.591
1750789385263.00,2025-06-24T21:23:05.263,6.67,-0.96,0.135,0.607
1750789385273.00,2025-06-24T21:23:05.273,6.68,-0.878,0.151,0.626
1750789385283.00,2025-06-24T21:23:05.283,6.69,-0.826,0.151,0.649
1750789385293.00,2025-06-24T21:23:05.293,6.7,-0.836,0.14,0.672
1750789385303.00,2025-06-24T21:23:05.303,6.71,-0.804,0.125,0.685
1750789385313.00,2025-06-24T21:23:05.313,6.72,-0.754,0.123,0.697
1750789385323.00,2025-06-24T21:23:05.323,6.73,-0.727,0.129,0.713
1750789385333.00,2025-06-24T21:23:05.333,6.74,-0.771,0.151,0.709
1750789385343.00,2025-06-24T21:23:05.343,6.75,-0.869,0.164,0.689
1750789385353.00,2025-06-24T21:23:05.353,6.76,-0.945,0.16,0.659
1750789385363.00,2025-06-24T21:23:05.363,6.77,-1,0.161,0.634
1750789385373.00,2025-06-24T21:23:05.373,6.78,-1.022,0.164,0.631
1750789385383.00,2025-06-24T21:23:05.383,6.79,-0.999,0.168,0.621
1750789385393.00,2025-06-24T21:23:05.393,6.8,-0.981,0.173,0.593
1750789385403.00,2025-06-24T21:23:05.403,6.81,-0.959,0.154,0.569
1750789385413.00,2025-06-24T21:23:05.413,6.82,-0.955,0.14,0.558
1750789385423.00,2025-06-24T21:23:05.423,6.83,-0.965,0.137,0.56
1750789385433.00,2025-06-24T21:23:05.433,6.84,-0.99,0.144,0.563
1750789385443.00,2025-06-24T21:23:05.443,6.85,-0.993,0.143,0.595
1750789385453.00,2025-06-24T21:23:05.453,6.86,-0.952,0.151,0.649
1750789385463.00,2025-06-24T21:23:05.463,6.87,-0.89,0.168,0.712
1750789385473.00,2025-06-24T21:23:05.473,6.88,-0.817,0.188,0.732
1750789385483.00,2025-06-24T21:23:05.483,6.89,-0.715,0.175,0.732
1750789385493.00,2025-06-24T21:23:05.493,6.9,-0.581,0.129,0.724
1750789385503.00,2025-06-24T21:23:05.503,6.91,-0.461,0.107,0.768
1750789385513.00,2025-06-24T21:23:05.513,6.92,-0.353,0.083,0.806
1750789385523.00,2025-06-24T21:23:05.523,6.93,-0.273,0.095,0.889
1750789385533.00,2025-06-24T21:23:05.533,6.94,-0.226,0.118,0.927
1750789385543.00,2025-06-24T21:23:05.543,6.95,-0.18,0.108,0.936
1750789385553.00,2025-06-24T21:23:05.553,6.96,-0.118,0.097,0.943
1750789385563.00,2025-06-24T21:23:05.563,6.97,-0.072,0.093,0.938
1750789385573.00,2025-06-24T21:23:05.573,6.98,-0.037,0.082,0.976
1750789385583.00,2025-06-24T21:23:05.583,6.99,-0.001,0.07,0.977
1750789385593.00,2025-06-24T21:23:05.593,7,0.013,0.064,0.974
1750789385603.00,2025-06-24T21:23:05.603,7.01,0.042,0.054,0.988
1750789385613.00,2025-06-24T21:23:05.613,7.02,0.088,0.041,0.988
1750789385623.00,2025-06-24T21:23:05.623,7.03,0.128,0.035,0.983
1750789385633.00,2025-06-24T21:23:05.633,7.04,0.163,0.031,0.996
1750789385643.00,2025-06-24T21:23:05.643,7.05,0.179,0.028,1.01
1750789385653.00,2025-06-24T21:23:05.653,7.06,0.166,0.025,1.009
1750789385663.00,2025-06-24T21:23:05.663,7.07,0.137,0.023,1.014
1750789385673.00,2025-06-24T21:23:05.673,7.08,0.125,0.019,1.014
1750789385683.00,2025-06-24T21:23:05.683,7.09,0.127,0.02,1.02
1750789385693.00,2025-06-24T21:23:05.693,7.1,0.127,0.021,1.017
1750789385703.00,2025-06-24T21:23:05.703,7.11,0.106,0.023,1.028
1750789385713.00,2025-06-24T21:23:05.713,7.12,0.08,0.029,1.033
1750789385723.00,2025-06-24T21:23:05.723,7.13,0.055,0.036,1.014
1750789385733.00,2025-06-24T21:23:05.733,7.14,0.056,0.034,1
1750789385743.00,2025-06-24T21:23:05.743,7.15,0.093,0.031,0.997
1750789385753.00,2025-06-24T21:23:05.753,7.16,0.123,0.025,0.997
1750789385763.00,2025-06-24T21:23:05.763,7.17,0.148,0.013,1.011
1750789385773.00,2025-06-24T21:23:05.773,7.18,0.154,0.007,1.024
1750789385783.00,2025-06-24T21:23:05.783,7.19,0.141,0.009,1.027
1750789385793.00,2025-06-24T21:23:05.793,7.2,0.139,0.011,1.03
1750789385803.00,2025-06-24T21:23:05.803,7.21,0.141,0.009,1.023
1750789385813.00,2025-06-24T21:23:05.813,7.22,0.149,0.011,1.016
1750789385823.00,2025-06-24T21:23:05.823,7.23,0.16,0.012,1.02
1750789385833.00,2025-06-24T21:23:05.833,7.24,0.163,0.012,1.018
1750789385843.00,2025-06-24T21:23:05.843,7.25,0.154,0.013,1.019
1750789385853.00,2025-06-24T21:23:05.853,7.26,0.143,0.012,1.019
1750789385863.00,2025-06-24T21:23:05.863,7.27,0.137,0.014,1.016
1750789385873.00,2025-06-24T21:23:05.873,7.28,0.148,0.006,1.018
1750789385883.00,2025-06-24T21:23:05.883,7.29,0.203,-0.008,1.018
1750789385893.00,2025-06-24T21:23:05.893,7.3,0.323,-0.01,1.01
1750789385903.00,2025-06-24T21:23:05.903,7.31,0.561,0.02,0.939
1750789385913.00,2025-06-24T21:23:05.913,7.32,0.846,-0.012,0.926
1750789385923.00,2025-06-24T21:23:05.923,7.33,0.988,-0.048,1.014
1750789385933.00,2025-06-24T21:23:05.933,7.34,1.029,-0.072,0.845
1750789385943.00,2025-06-24T21:23:05.943,7.35,0.884,-0.044,0.637
1750789385953.00,2025-06-24T21:23:05.953,7.36,0.261,0.031,0.512
1750789385963.00,2025-06-24T21:23:05.963,7.37,-0.404,0.048,0.36
1750789385973.00,2025-06-24T21:23:05.973,7.38,-0.941,0.136,0.26
1750789385983.00,2025-06-24T21:23:05.983,7.39,-1.458,0.242,0.248
1750789385993.00,2025-06-24T21:23:05.993,7.4,-1.721,0.24,0.276
1750789386003.00,2025-06-24T21:23:06.003,7.41,-1.498,0.184,0.371
1750789386013.00,2025-06-24T21:23:06.013,7.42,-1.043,0.172,0.47
1750789386023.00,2025-06-24T21:23:06.023,7.43,-0.775,0.197,0.577
1750789386033.00,2025-06-24T21:23:06.033,7.44,-0.793,0.131,0.638
1750789386043.00,2025-06-24T21:23:06.043,7.45,-0.909,0.073,0.665
1750789386053.00,2025-06-24T21:23:06.053,7.46,-0.953,0.145,0.638
1750789386063.00,2025-06-24T21:23:06.063,7.47,-0.986,0.203,0.614
1750789386073.00,2025-06-24T21:23:06.073,7.48,-0.988,0.195,0.592
1750789386083.00,2025-06-24T21:23:06.083,7.49,-1.021,0.177,0.588
1750789386093.00,2025-06-24T21:23:06.093,7.5,-1.068,0.167,0.584
1750789386103.00,2025-06-24T21:23:06.103,7.51,-1.023,0.153,0.584
1750789386113.00,2025-06-24T21:23:06.113,7.52,-0.977,0.145,0.582
1750789386123.00,2025-06-24T21:23:06.123,7.53,-0.989,0.145,0.575
1750789386133.00,2025-06-24T21:23:06.133,7.54,-1.007,0.149,0.575
1750789386143.00,2025-06-24T21:23:06.143,7.55,-0.989,0.148,0.6
1750789386153.00,2025-06-24T21:23:06.153,7.56,-0.95,0.156,0.646
1750789386163.00,2025-06-24T21:23:06.163,7.57,-0.875,0.153,0.699
1750789386173.00,2025-06-24T21:23:06.173,7.58,-0.756,0.169,0.758
1750789386183.00,2025-06-24T21:23:06.183,7.59,-0.62,0.184,0.815
1750789386193.00,2025-06-24T21:23:06.193,7.6,-0.487,0.17,0.852
1750789386203.00,2025-06-24T21:23:06.203,7.61,-0.375,0.125,0.839
1750789386213.00,2025-06-24T21:23:06.213,7.62,-0.338,0.1,0.864
1750789386223.00,2025-06-24T21:23:06.223,7.63,-0.339,0.097,0.872
1750789386233.00,2025-06-24T21:23:06.233,7.64,-0.351,0.128,0.936
1750789386243.00,2025-06-24T21:23:06.243,7.65,-0.327,0.145,0.951
1750789386253.00,2025-06-24T21:23:06.253,7.66,-0.265,0.125,0.928
1750789386263.00,2025-06-24T21:23:06.263,7.67,-0.185,0.112,0.933
1750789386273.00,2025-06-24T21:23:06.273,7.68,-0.11,0.097,0.937
1750789386283.00,2025-06-24T21:23:06.283,7.69,-0.028,0.071,0.952
1750789386293.00,2025-06-24T21:23:06.293,7.7,0.037,0.063,0.977
1750789386303.00,2025-06-24T21:23:06.303,7.71,0.069,0.057,0.989
1750789386313.00,2025-06-24T21:23:06.313,7.72,0.095,0.052,0.981
1750789386323.00,2025-06-24T21:23:06.323,7.73,0.122,0.047,0.979
1750789386333.00,2025-06-24T21:23:06.333,7.74,0.181,0.042,0.958
1750789386343.00,2025-06-24T21:23:06.343,7.75,0.237,0.039,0.958
1750789386353.00,2025-06-24T21:23:06.353,7.76,0.274,0.027,0.981
1750789386363.00,2025-06-24T21:23:06.363,7.77,0.306,0.008,0.98
1750789386373.00,2025-06-24T21:23:06.373,7.78,0.325,-0.002,0.974
1750789386383.00,2025-06-24T21:23:06.383,7.79,0.344,-0.007,0.974
1750789386393.00,2025-06-24T21:23:06.393,7.8,0.354,-0.008,0.982
1750789386403.00,2025-06-24T21:23:06.403,7.81,0.355,-0.006,0.978
1750789386413.00,2025-06-24T21:23:06.413,7.82,0.364,-0.003,0.97
1750789386423.00,2025-06-24T21:23:06.423,7.83,0.366,-0.007,0.972
1750789386433.00,2025-06-24T21:23:06.433,7.84,0.356,-0.008,0.977
1750789386443.00,2025-06-24T21:23:06.443,7.85,0.344,-0.009,0.979
1750789386453.00,2025-06-24T21:23:06.453,7.86,0.336,-0.007,0.964
1750789386463.00,2025-06-24T21:23:06.463,7.87,0.323,-0.005,0.957
1750789386473.00,2025-06-24T21:23:06.473,7.88,0.325,-0.009,0.947
1750789386483.00,2025-06-24T21:23:06.483,7.89,0.343,-0.017,0.948
1750789386493.00,2025-06-24T21:23:06.493,7.9,0.354,-0.02,0.952
1750789386503.00,2025-06-24T21:23:06.503,7.91,0.336,-0.017,0.957
1750789386513.00,2025-06-24T21:23:06.513,7.92,0.308,-0.016,0.957
1750789386523.00,2025-06-24T21:23:06.523,7.93,0.313,-0.016,0.953
1750789386533.00,2025-06-24T21:23:06.533,7.94,0.328,-0.013,0.949
1750789386543.00,2025-06-24T21:23:06.543,7.95,0.364,-0.012,0.949
1750789386553.00,2025-06-24T21:23:06.553,7.96,0.387,-0.019,0.951
1750789386563.00,2025-06-24T21:23:06.563,7.97,0.383,-0.021,0.95
1750789386573.00,2025-06-24T21:23:06.573,7.98,0.362,-0.017,0.947
1750789386583.00,2025-06-24T21:23:06.583,7.99,0.344,-0.011,0.942
1750789386593.00,2025-06-24T21:23:06.593,8,0.34,-0.016,0.938
1750789386603.00,2025-06-24T21:23:06.603,8.01,0.361,-0.021,0.936
1750789386613.00,2025-06-24T21:23:06.613,8.02,0.392,-0.029,0.946
1750789386623.00,2025-06-24T21:23:06.623,8.03,0.45,-0.047,0.931
1750789386633.00,2025-06-24T21:23:06.633,8.04,0.545,-0.018,0.903
1750789386643.00,2025-06-24T21:23:06.643,8.05,0.653,-0.022,0.915
1750789386653.00,2025-06-24T21:23:06.653,8.06,0.774,-0.043,0.869
1750789386663.00,2025-06-24T21:23:06.663,8.07,0.772,-0.037,0.877
1750789386673.00,2025-06-24T21:23:06.673,8.08,0.599,-0.022,0.875
1750789386683.00,2025-06-24T21:23:06.683,8.09,0.397,-0.01,0.83
1750789386693.00,2025-06-24T21:23:06.693,8.1,0.221,0.007,0.735
1750789386703.00,2025-06-24T21:23:06.703,8.11,0.032,0.04,0.673
1750789386713.00,2025-06-24T21:23:06.713,8.12,-0.167,0.06,0.599
1750789386723.00,2025-06-24T21:23:06.723,8.13,-0.371,0.084,0.592
1750789386733.00,2025-06-24T21:23:06.733,8.14,-0.574,0.074,0.582
1750789386743.00,2025-06-24T21:23:06.743,8.15,-0.803,0.072,0.578
1750789386753.00,2025-06-24T21:23:06.753,8.16,-0.968,0.116,0.589
1750789386763.00,2025-06-24T21:23:06.763,8.17,-1.024,0.177,0.625
1750789386773.00,2025-06-24T21:23:06.773,8.18,-0.978,0.213,0.625
1750789386783.00,2025-06-24T21:23:06.783,8.19,-0.907,0.193,0.637
1750789386793.00,2025-06-24T21:23:06.793,8.2,-0.872,0.157,0.706
1750789386803.00,2025-06-24T21:23:06.803,8.21,-0.841,0.165,0.737
1750789386813.00,2025-06-24T21:23:06.813,8.22,-0.805,0.179,0.708
1750789386823.00,2025-06-24T21:23:06.823,8.23,-0.822,0.177,0.671
1750789386833.00,2025-06-24T21:23:06.833,8.24,-0.892,0.17,0.651
1750789386843.00,2025-06-24T21:23:06.843,8.25,-0.945,0.166,0.654
1750789386853.00,2025-06-24T21:23:06.853,8.26,-0.959,0.168,0.666
1750789386863.00,2025-06-24T21:23:06.863,8.27,-0.963,0.172,0.669
1750789386873.00,2025-06-24T21:23:06.873,8.28,-0.929,0.157,0.659
1750789386883.00,2025-06-24T21:23:06.883,8.29,-0.913,0.152,0.632
1750789386893.00,2025-06-24T21:23:06.893,8.3,-0.94,0.149,0.616
1750789386903.00,2025-06-24T21:23:06.903,8.31,-0.927,0.142,0.618
1750789386913.00,2025-06-24T21:23:06.913,8.32,-0.922,0.149,0.633
1750789386923.00,2025-06-24T21:23:06.923,8.33,-0.928,0.15,0.661
1750789386933.00,2025-06-24T21:23:06.933,8.34,-0.92,0.166,0.715
1750789386943.00,2025-06-24T21:23:06.943,8.35,-0.871,0.187,0.747
1750789386953.00,2025-06-24T21:23:06.953,8.36,-0.805,0.191,0.767
1750789386963.00,2025-06-24T21:23:06.963,8.37,-0.717,0.183,0.782
1750789386973.00,2025-06-24T21:23:06.973,8.38,-0.596,0.168,0.815
1750789386983.00,2025-06-24T21:23:06.983,8.39,-0.444,0.149,0.843
1750789386993.00,2025-06-24T21:23:06.993,8.4,-0.302,0.131,0.879
1750789387003.00,2025-06-24T21:23:07.003,8.41,-0.199,0.12,0.912
1750789387013.00,2025-06-24T21:23:07.013,8.42,-0.096,0.103,0.955
1750789387023.00,2025-06-24T21:23:07.023,8.43,0,0.093,0.971
1750789387033.00,2025-06-24T21:23:07.033,8.44,0.05,0.083,0.994
1750789387043.00,2025-06-24T21:23:07.043,8.45,0.075,0.068,1.002
1750789387053.00,2025-06-24T21:23:07.053,8.46,0.067,0.064,1.016
1750789387063.00,2025-06-24T21:23:07.063,8.47,0.06,0.065,1.005
1750789387073.00,2025-06-24T21:23:07.073,8.48,0.061,0.063,1
1750789387083.00,2025-06-24T21:23:07.083,8.49,0.071,0.056,0.996
1750789387093.00,2025-06-24T21:23:07.093,8.5,0.107,0.045,0.998
1750789387103.00,2025-06-24T21:23:07.103,8.51,0.123,0.036,1.006
1750789387113.00,2025-06-24T21:23:07.113,8.52,0.105,0.033,1.023
1750789387123.00,2025-06-24T21:23:07.123,8.53,0.095,0.036,1.017
1750789387133.00,2025-06-24T21:23:07.133,8.54,0.099,0.042,1.01
1750789387143.00,2025-06-24T21:23:07.143,8.55,0.106,0.042,1.006
1750789387153.00,2025-06-24T21:23:07.153,8.56,0.125,0.041,1.007
1750789387163.00,2025-06-24T21:23:07.163,8.57,0.166,0.033,1.007
1750789387173.00,2025-06-24T21:23:07.173,8.58,0.177,0.033,1.011
1750789387183.00,2025-06-24T21:23:07.183,8.59,0.16,0.033,1.006
1750789387193.00,2025-06-24T21:23:07.193,8.6,0.148,0.028,0.992
1750789387203.00,2025-06-24T21:23:07.203,8.61,0.132,0.031,0.997
1750789387213.00,2025-06-24T21:23:07.213,8.62,0.137,0.029,0.992
1750789387223.00,2025-06-24T21:23:07.223,8.63,0.157,0.032,0.992
1750789387233.00,2025-06-24T21:23:07.233,8.64,0.17,0.024,0.994
1750789387243.00,2025-06-24T21:23:07.243,8.65,0.18,0.017,0.995
1750789387253.00,2025-06-24T21:23:07.253,8.66,0.184,0.016,0.996
1750789387263.00,2025-06-24T21:23:07.263,8.67,0.173,0.018,0.99
1750789387273.00,2025-06-24T21:23:07.273,8.68,0.163,0.02,0.98
1750789387283.00,2025-06-24T21:23:07.283,8.69,0.17,0.018,0.982
1750789387293.00,2025-06-24T21:23:07.293,8.7,0.17,0.013,0.991
1750789387303.00,2025-06-24T21:23:07.303,8.71,0.17,0.01,0.986
1750789387313.00,2025-06-24T21:23:07.313,8.72,0.176,0.012,0.988
1750789387323.00,2025-06-24T21:23:07.323,8.73,0.181,0.011,0.996
1750789387333.00,2025-06-24T21:23:07.333,8.74,0.189,0.011,0.997
1750789387343.00,2025-06-24T21:23:07.343,8.75,0.199,0.014,1
1750789387353.00,2025-06-24T21:23:07.353,8.76,0.202,0.006,1
1750789387363.00,2025-06-24T21:23:07.363,8.77,0.229,-0.006,0.987
1750789387373.00,2025-06-24T21:23:07.373,8.78,0.325,-0.004,0.961
1750789387383.00,2025-06-24T21:23:07.383,8.79,0.494,0.025,0.932
1750789387393.00,2025-06-24T21:23:07.393,8.8,0.624,-0.005,0.976
1750789387403.00,2025-06-24T21:23:07.403,8.81,0.741,-0.042,0.937
1750789387413.00,2025-06-24T21:23:07.413,8.82,0.769,-0.037,0.91
1750789387423.00,2025-06-24T21:23:07.423,8.83,0.689,-0.023,0.833
1750789387433.00,2025-06-24T21:23:07.433,8.84,0.488,-0.008,0.731
1750789387443.00,2025-06-24T21:23:07.443,8.85,0.119,0.047,0.612
1750789387453.00,2025-06-24T21:23:07.453,8.86,-0.204,0.076,0.517
1750789387463.00,2025-06-24T21:23:07.463,8.87,-0.485,0.101,0.403
1750789387473.00,2025-06-24T21:23:07.473,8.88,-0.966,0.133,0.348
1750789387483.00,2025-06-24T21:23:07.483,8.89,-1.362,0.177,0.374
1750789387493.00,2025-06-24T21:23:07.493,8.9,-1.402,0.234,0.441
1750789387503.00,2025-06-24T21:23:07.503,8.91,-1.168,0.245,0.516
1750789387513.00,2025-06-24T21:23:07.513,8.92,-0.993,0.222,0.579
1750789387523.00,2025-06-24T21:23:07.523,8.93,-0.86,0.186,0.634
1750789387533.00,2025-06-24T21:23:07.533,8.94,-0.755,0.182,0.645
1750789387543.00,2025-06-24T21:23:07.543,8.95,-0.867,0.19,0.656
1750789387553.00,2025-06-24T21:23:07.553,8.96,-1.03,0.195,0.651
1750789387563.00,2025-06-24T21:23:07.563,8.97,-1.076,0.219,0.635
1750789387573.00,2025-06-24T21:23:07.573,8.98,-1.062,0.23,0.629
1750789387583.00,2025-06-24T21:23:07.583,8.99,-1.025,0.212,0.636
1750789387593.00,2025-06-24T21:23:07.593,9,-0.971,0.196,0.634
1750789387603.00,2025-06-24T21:23:07.603,9.01,-0.929,0.183,0.628
1750789387613.00,2025-06-24T21:23:07.613,9.02,-0.955,0.176,0.606
1750789387623.00,2025-06-24T21:23:07.623,9.03,-0.998,0.172,0.578
1750789387633.00,2025-06-24T21:23:07.633,9.04,-1.023,0.173,0.557
1750789387643.00,2025-06-24T21:23:07.643,9.05,-1.037,0.181,0.559
1750789387653.00,2025-06-24T21:23:07.653,9.06,-0.985,0.185,0.605
1750789387663.00,2025-06-24T21:23:07.663,9.07,-0.897,0.205,0.712
1750789387673.00,2025-06-24T21:23:07.673,9.08,-0.806,0.228,0.77
1750789387683.00,2025-06-24T21:23:07.683,9.09,-0.68,0.217,0.793
1750789387693.00,2025-06-24T21:23:07.693,9.1,-0.541,0.189,0.792
1750789387703.00,2025-06-24T21:23:07.703,9.11,-0.432,0.151,0.814
1750789387713.00,2025-06-24T21:23:07.713,9.12,-0.35,0.137,0.875
1750789387723.00,2025-06-24T21:23:07.723,9.13,-0.267,0.139,0.935
1750789387733.00,2025-06-24T21:23:07.733,9.14,-0.227,0.148,0.968
1750789387743.00,2025-06-24T21:23:07.743,9.15,-0.204,0.141,0.969
1750789387753.00,2025-06-24T21:23:07.753,9.16,-0.166,0.124,0.938
1750789387763.00,2025-06-24T21:23:07.763,9.17,-0.105,0.106,0.932
1750789387773.00,2025-06-24T21:23:07.773,9.18,-0.063,0.095,0.927
1750789387783.00,2025-06-24T21:23:07.783,9.19,-0.042,0.084,0.941
1750789387793.00,2025-06-24T21:23:07.793,9.2,-0.019,0.079,0.973
1750789387803.00,2025-06-24T21:23:07.803,9.21,-0.001,0.075,1.006
1750789387813.00,2025-06-24T21:23:07.813,9.22,0.017,0.063,1.027
1750789387823.00,2025-06-24T21:23:07.823,9.23,0.051,0.055,1.026
1750789387833.00,2025-06-24T21:23:07.833,9.24,0.074,0.054,1.01
1750789387843.00,2025-06-24T21:23:07.843,9.25,0.086,0.055,1.016
1750789387853.00,2025-06-24T21:23:07.853,9.26,0.081,0.052,1.008
1750789387863.00,2025-06-24T21:23:07.863,9.27,0.057,0.052,1.01
1750789387873.00,2025-06-24T21:23:07.873,9.28,0.038,0.052,1.013
1750789387883.00,2025-06-24T21:23:07.883,9.29,0.014,0.051,1.003
1750789387893.00,2025-06-24T21:23:07.893,9.3,0.001,0.049,1
1750789387903.00,2025-06-24T21:23:07.903,9.31,0.004,0.048,1.009
1750789387913.00,2025-06-24T21:23:07.913,9.32,0.007,0.047,1.01
1750789387923.00,2025-06-24T21:23:07.923,9.33,0.036,0.043,1.01
1750789387933.00,2025-06-24T21:23:07.933,9.34,0.074,0.042,1.017
1750789387943.00,2025-06-24T21:23:07.943,9.35,0.109,0.037,1.017
1750789387953.00,2025-06-24T21:23:07.953,9.36,0.131,0.029,1.024
1750789387963.00,2025-06-24T21:23:07.963,9.37,0.129,0.025,1.017
1750789387973.00,2025-06-24T21:23:07.973,9.38,0.123,0.031,1.008
1750789387983.00,2025-06-24T21:23:07.983,9.39,0.11,0.036,1.01
1750789387993.00,2025-06-24T21:23:07.993,9.4,0.11,0.032,1.002
1750789388003.00,2025-06-24T21:23:08.003,9.41,0.117,0.031,0.999
1750789388013.00,2025-06-24T21:23:08.013,9.42,0.131,0.025,1.001
1750789388023.00,2025-06-24T21:23:08.023,9.43,0.146,0.022,1
1750789388033.00,2025-06-24T21:23:08.033,9.44,0.169,0.02,1
1750789388043.00,2025-06-24T21:23:08.043,9.45,0.189,0.016,1.003
1750789388053.00,2025-06-24T21:23:08.053,9.46,0.205,0.008,1.008
1750789388063.00,2025-06-24T21:23:08.063,9.47,0.228,0.004,1.002
1750789388073.00,2025-06-24T21:23:08.073,9.48,0.248,-0.001,1.002
1750789388083.00,2025-06-24T21:23:08.083,9.49,0.288,-0.011,1.004
1750789388093.00,2025-06-24T21:23:08.093,9.5,0.417,0.014,0.965
1750789388103.00,2025-06-24T21:23:08.103,9.51,0.581,0.005,0.944
1750789388113.00,2025-06-24T21:23:08.113,9.52,0.706,-0.031,0.935
1750789388123.00,2025-06-24T21:23:08.123,9.53,0.81,-0.057,0.939
1750789388133.00,2025-06-24T21:23:08.133,9.54,0.829,-0.043,0.882
1750789388143.00,2025-06-24T21:23:08.143,9.55,0.644,-0.023,0.739
1750789388153.00,2025-06-24T21:23:08.153,9.56,0.273,0.052,0.573
1750789388163.00,2025-06-24T21:23:08.163,9.57,-0.002,0.076,0.388
1750789388173.00,2025-06-24T21:23:08.173,9.58,-0.397,0.086,0.303
1750789388183.00,2025-06-24T21:23:08.183,9.59,-1.063,0.137,0.302
1750789388193.00,2025-06-24T21:23:08.193,9.6,-1.505,0.225,0.344
1750789388203.00,2025-06-24T21:23:08.203,9.61,-1.553,0.268,0.384
1750789388213.00,2025-06-24T21:23:08.213,9.62,-1.354,0.252,0.467
1750789388223.00,2025-06-24T21:23:08.223,9.63,-1.056,0.235,0.519
1750789388233.00,2025-06-24T21:23:08.233,9.64,-0.892,0.203,0.542
1750789388243.00,2025-06-24T21:23:08.243,9.65,-0.948,0.157,0.582
1750789388253.00,2025-06-24T21:23:08.253,9.66,-1,0.182,0.594
1750789388263.00,2025-06-24T21:23:08.263,9.67,-0.998,0.234,0.608
1750789388273.00,2025-06-24T21:23:08.273,9.68,-0.998,0.235,0.578
1750789388283.00,2025-06-24T21:23:08.283,9.69,-1.008,0.203,0.562
1750789388293.00,2025-06-24T21:23:08.293,9.7,-1.018,0.179,0.574
1750789388303.00,2025-06-24T21:23:08.303,9.71,-0.993,0.169,0.581
1750789388313.00,2025-06-24T21:23:08.313,9.72,-0.957,0.164,0.58
1750789388323.00,2025-06-24T21:23:08.323,9.73,-0.947,0.157,0.582
1750789388333.00,2025-06-24T21:23:08.333,9.74,-0.951,0.149,0.583
1750789388343.00,2025-06-24T21:23:08.343,9.75,-0.953,0.14,0.586
1750789388353.00,2025-06-24T21:23:08.353,9.76,-0.946,0.134,0.613
1750789388363.00,2025-06-24T21:23:08.363,9.77,-0.916,0.145,0.654
1750789388373.00,2025-06-24T21:23:08.373,9.78,-0.86,0.163,0.69
1750789388383.00,2025-06-24T21:23:08.383,9.79,-0.803,0.182,0.743
1750789388393.00,2025-06-24T21:23:08.393,9.8,-0.747,0.193,0.771
1750789388403.00,2025-06-24T21:23:08.403,9.81,-0.689,0.186,0.779
1750789388413.00,2025-06-24T21:23:08.413,9.82,-0.605,0.166,0.772
1750789388423.00,2025-06-24T21:23:08.423,9.83,-0.482,0.142,0.789
1750789388433.00,2025-06-24T21:23:08.433,9.84,-0.39,0.107,0.819
1750789388443.00,2025-06-24T21:23:08.443,9.85,-0.338,0.084,0.875
1750789388453.00,2025-06-24T21:23:08.453,9.86,-0.306,0.101,0.928
1750789388463.00,2025-06-24T21:23:08.463,9.87,-0.278,0.11,0.942
1750789388473.00,2025-06-24T21:23:08.473,9.88,-0.236,0.114,0.952
1750789388483.00,2025-06-24T21:23:08.483,9.89,-0.193,0.109,0.929
1750789388493.00,2025-06-24T21:23:08.493,9.9,-0.183,0.093,0.928
1750789388503.00,2025-06-24T21:23:08.503,9.91,-0.162,0.077,0.933
1750789388513.00,2025-06-24T21:23:08.513,9.92,-0.117,0.071,0.942
1750789388523.00,2025-06-24T21:23:08.523,9.93,-0.041,0.065,0.967
1750789388533.00,2025-06-24T21:23:08.533,9.94,0.055,0.058,0.982
1750789388543.00,2025-06-24T21:23:08.543,9.95,0.132,0.049,1.004
1750789388553.00,2025-06-24T21:23:08.553,9.96,0.198,0.04,1.008
1750789388563.00,2025-06-24T21:23:08.563,9.97,0.214,0.037,1.016
1750789388573.00,2025-06-24T21:23:08.573,9.98,0.187,0.037,1.02
1750789388583.00,2025-06-24T21:23:08.583,9.99,0.165,0.036,1
1750789388593.00,2025-06-24T21:23:08.593,10,0.165,0.04,0.995
1750789388603.00,2025-06-24T21:23:08.603,10.01,0.178,0.04,0.992
1750789388613.00,2025-06-24T21:23:08.613,10.02,0.184,0.036,0.993
1750789388623.00,2025-06-24T21:23:08.623,10.03,0.212,0.033,0.988
1750789388633.00,2025-06-24T21:23:08.633,10.04,0.248,0.024,0.988
1750789388643.00,2025-06-24T21:23:08.643,10.05,0.285,0.009,0.99
1750789388653.00,2025-06-24T21:23:08.653,10.06,0.312,0.001,0.992
1750789388663.00,2025-06-24T21:23:08.663,10.07,0.33,-0.003,0.986
1750789388673.00,2025-06-24T21:23:08.673,10.08,0.337,-0.002,0.982
1750789388683.00,2025-06-24T21:23:08.683,10.09,0.321,-0.004,0.976
1750789388693.00,2025-06-24T21:23:08.693,10.1,0.307,-0.006,0.97
1750789388703.00,2025-06-24T21:23:08.703,10.11,0.309,-0.007,0.971
1750789388713.00,2025-06-24T21:23:08.713,10.12,0.315,-0.006,0.971
1750789388723.00,2025-06-24T21:23:08.723,10.13,0.312,-0.007,0.966
1750789388733.00,2025-06-24T21:23:08.733,10.14,0.302,-0.011,0.963
1750789388743.00,2025-06-24T21:23:08.743,10.15,0.294,-0.007,0.961
1750789388753.00,2025-06-24T21:23:08.753,10.16,0.294,-0.005,0.958
1750789388763.00,2025-06-24T21:23:08.763,10.17,0.308,-0.005,0.957
1750789388773.00,2025-06-24T21:23:08.773,10.18,0.322,-0.008,0.958
1750789388783.00,2025-06-24T21:23:08.783,10.19,0.325,-0.007,0.957
1750789388793.00,2025-06-24T21:23:08.793,10.2,0.322,-0.007,0.96
1750789388803.00,2025-06-24T21:23:08.803,10.21,0.311,-0.006,0.963
1750789388813.00,2025-06-24T21:23:08.813,10.22,0.308,-0.007,0.957
1750789388823.00,2025-06-24T21:23:08.823,10.23,0.341,-0.022,0.955
1750789388833.00,2025-06-24T21:23:08.833,10.24,0.401,-0.025,0.937
1750789388843.00,2025-06-24T21:23:08.843,10.25,0.48,-0.009,0.928
1750789388853.00,2025-06-24T21:23:08.853,10.26,0.542,-0.017,0.937
1750789388863.00,2025-06-24T21:23:08.863,10.27,0.605,-0.031,0.917
1750789388873.00,2025-06-24T21:23:08.873,10.28,0.634,-0.047,0.872
1750789388883.00,2025-06-24T21:23:08.883,10.29,0.595,-0.031,0.878
1750789388893.00,2025-06-24T21:23:08.893,10.3,0.519,-0.021,0.816
1750789388903.00,2025-06-24T21:23:08.903,10.31,0.371,-0.001,0.763
1750789388913.00,2025-06-24T21:23:08.913,10.32,0.13,0.03,0.704
1750789388923.00,2025-06-24T21:23:08.923,10.33,-0.042,0.043,0.665
1750789388933.00,2025-06-24T21:23:08.933,10.34,-0.198,0.083,0.612
1750789388943.00,2025-06-24T21:23:08.943,10.35,-0.442,0.135,0.612
1750789388953.00,2025-06-24T21:23:08.953,10.36,-0.684,0.111,0.555
1750789388963.00,2025-06-24T21:23:08.963,10.37,-0.915,0.122,0.541
1750789388973.00,2025-06-24T21:23:08.973,10.38,-1.034,0.19,0.531
1750789388983.00,2025-06-24T21:23:08.983,10.39,-1.054,0.225,0.514
1750789388993.00,2025-06-24T21:23:08.993,10.4,-1.077,0.212,0.534
1750789389003.00,2025-06-24T21:23:09.003,10.41,-1.025,0.195,0.543
1750789389013.00,2025-06-24T21:23:09.013,10.42,-1.01,0.207,0.542
1750789389023.00,2025-06-24T21:23:09.023,10.43,-1,0.208,0.555
1750789389033.00,2025-06-24T21:23:09.033,10.44,-0.964,0.207,0.571
1750789389043.00,2025-06-24T21:23:09.043,10.45,-0.992,0.215,0.58
1750789389053.00,2025-06-24T21:23:09.053,10.46,-1.057,0.224,0.571
1750789389063.00,2025-06-24T21:23:09.063,10.47,-1.1,0.227,0.55
1750789389073.00,2025-06-24T21:23:09.073,10.48,-1.104,0.218,0.557
1750789389083.00,2025-06-24T21:23:09.083,10.49,-1.081,0.211,0.552
1750789389093.00,2025-06-24T21:23:09.093,10.5,-1.027,0.206,0.539
1750789389103.00,2025-06-24T21:23:09.103,10.51,-0.965,0.209,0.553
1750789389113.00,2025-06-24T21:23:09.113,10.52,-0.975,0.208,0.548
1750789389123.00,2025-06-24T21:23:09.123,10.53,-1.028,0.201,0.544
1750789389133.00,2025-06-24T21:23:09.133,10.54,-1.055,0.214,0.554
1750789389143.00,2025-06-24T21:23:09.143,10.55,-1.069,0.222,0.582
1750789389153.00,2025-06-24T21:23:09.153,10.56,-1.051,0.23,0.618
1750789389163.00,2025-06-24T21:23:09.163,10.57,-0.994,0.232,0.609
1750789389173.00,2025-06-24T21:23:09.173,10.58,-0.822,0.215,0.636
1750789389183.00,2025-06-24T21:23:09.183,10.59,-0.587,0.185,0.697
1750789389193.00,2025-06-24T21:23:09.193,10.6,-0.396,0.152,0.745
1750789389203.00,2025-06-24T21:23:09.203,10.61,-0.267,0.13,0.808
1750789389213.00,2025-06-24T21:23:09.213,10.62,-0.243,0.118,0.869
1750789389223.00,2025-06-24T21:23:09.223,10.63,-0.275,0.109,0.878
1750789389233.00,2025-06-24T21:23:09.233,10.64,-0.298,0.11,0.884
1750789389243.00,2025-06-24T21:23:09.243,10.65,-0.301,0.116,0.906
1750789389253.00,2025-06-24T21:23:09.253,10.66,-0.288,0.123,0.923
1750789389263.00,2025-06-24T21:23:09.263,10.67,-0.257,0.111,0.926
1750789389273.00,2025-06-24T21:23:09.273,10.68,-0.2,0.097,0.935
1750789389283.00,2025-06-24T21:23:09.283,10.69,-0.106,0.082,0.933
1750789389293.00,2025-06-24T21:23:09.293,10.7,-0.036,0.066,0.947
1750789389303.00,2025-06-24T21:23:09.303,10.71,0.009,0.052,0.991
1750789389313.00,2025-06-24T21:23:09.313,10.72,0.035,0.059,1
1750789389323.00,2025-06-24T21:23:09.323,10.73,0.058,0.066,1.003
1750789389333.00,2025-06-24T21:23:09.333,10.74,0.078,0.062,1.016
1750789389343.00,2025-06-24T21:23:09.343,10.75,0.112,0.052,1.027
1750789389353.00,2025-06-24T21:23:09.353,10.76,0.116,0.042,1.028
1750789389363.00,2025-06-24T21:23:09.363,10.77,0.1,0.033,1.041
1750789389373.00,2025-06-24T21:23:09.373,10.78,0.082,0.04,1.012
1750789389383.00,2025-06-24T21:23:09.383,10.79,0.067,0.047,1.004
1750789389393.00,2025-06-24T21:23:09.393,10.8,0.119,0.038,0.999
1750789389403.00,2025-06-24T21:23:09.403,10.81,0.19,0.022,1.004
1750789389413.00,2025-06-24T21:23:09.413,10.82,0.237,0.008,1.014
1750789389423.00,2025-06-24T21:23:09.423,10.83,0.259,0.006,1.017
1750789389433.00,2025-06-24T21:23:09.433,10.84,0.261,0.006,1.018
1750789389443.00,2025-06-24T21:23:09.443,10.85,0.229,0.007,1.01
1750789389453.00,2025-06-24T21:23:09.453,10.86,0.185,0.008,1.002
1750789389463.00,2025-06-24T21:23:09.463,10.87,0.177,0.009,0.999
1750789389473.00,2025-06-24T21:23:09.473,10.88,0.194,0.009,0.997
1750789389483.00,2025-06-24T21:23:09.483,10.89,0.215,0.004,0.988
1750789389493.00,2025-06-24T21:23:09.493,10.9,0.232,-0.002,0.99
1750789389503.00,2025-06-24T21:23:09.503,10.91,0.238,-0.004,0.989
1750789389513.00,2025-06-24T21:23:09.513,10.92,0.234,-0.006,0.985
1750789389523.00,2025-06-24T21:23:09.523,10.93,0.244,-0.008,0.988
1750789389533.00,2025-06-24T21:23:09.533,10.94,0.268,-0.008,0.991
1750789389543.00,2025-06-24T21:23:09.543,10.95,0.267,-0.01,0.989
1750789389553.00,2025-06-24T21:23:09.553,10.96,0.24,-0.01,0.988
1750789389563.00,2025-06-24T21:23:09.563,10.97,0.22,-0.007,0.991
1750789389573.00,2025-06-24T21:23:09.573,10.98,0.235,-0.02,1.005
1750789389583.00,2025-06-24T21:23:09.583,10.99,0.292,-0.023,0.987
1750789389593.00,2025-06-24T21:23:09.593,11,0.366,-0.02,1.008
1750789389603.00,2025-06-24T21:23:09.603,11.01,0.501,-0.019,0.918
1750789389613.00,2025-06-24T21:23:09.613,11.02,0.663,-0.028,0.918
1750789389623.00,2025-06-24T21:23:09.623,11.03,0.712,-0.063,0.969
1750789389633.00,2025-06-24T21:23:09.633,11.04,0.618,-0.067,0.92
1750789389643.00,2025-06-24T21:23:09.643,11.05,0.384,-0.025,0.804
1750789389653.00,2025-06-24T21:23:09.653,11.06,0.077,0.021,0.787
1750789389663.00,2025-06-24T21:23:09.663,11.07,-0.101,0.044,0.752
1750789389673.00,2025-06-24T21:23:09.673,11.08,-0.201,0.074,0.733
1750789389683.00,2025-06-24T21:23:09.683,11.09,-0.274,0.087,0.713
1750789389693.00,2025-06-24T21:23:09.693,11.1,-0.336,0.086,0.625
1750789389703.00,2025-06-24T21:23:09.703,11.11,-0.527,0.097,0.606
1750789389713.00,2025-06-24T21:23:09.713,11.12,-0.712,0.109,0.594
1750789389723.00,2025-06-24T21:23:09.723,11.13,-0.863,0.161,0.596
1750789389733.00,2025-06-24T21:23:09.733,11.14,-0.979,0.206,0.607
1750789389743.00,2025-06-24T21:23:09.743,11.15,-1.039,0.22,0.583
1750789389753.00,2025-06-24T21:23:09.753,11.16,-1.041,0.212,0.587
1750789389763.00,2025-06-24T21:23:09.763,11.17,-0.994,0.21,0.599
1750789389773.00,2025-06-24T21:23:09.773,11.18,-0.896,0.214,0.621
1750789389783.00,2025-06-24T21:23:09.783,11.19,-0.87,0.219,0.621
1750789389793.00,2025-06-24T21:23:09.793,11.2,-0.883,0.213,0.636
1750789389803.00,2025-06-24T21:23:09.803,11.21,-0.927,0.228,0.638
1750789389813.00,2025-06-24T21:23:09.813,11.22,-1.022,0.232,0.612
1750789389823.00,2025-06-24T21:23:09.823,11.23,-1.093,0.224,0.574
1750789389833.00,2025-06-24T21:23:09.833,11.24,-1.064,0.216,0.569
1750789389843.00,2025-06-24T21:23:09.843,11.25,-1,0.21,0.563
1750789389853.00,2025-06-24T21:23:09.853,11.26,-0.957,0.196,0.566
1750789389863.00,2025-06-24T21:23:09.863,11.27,-0.943,0.196,0.545
1750789389873.00,2025-06-24T21:23:09.873,11.28,-0.976,0.191,0.524
1750789389883.00,2025-06-24T21:23:09.883,11.29,-1.021,0.184,0.514
1750789389893.00,2025-06-24T21:23:09.893,11.3,-1.066,0.172,0.512
1750789389903.00,2025-06-24T21:23:09.903,11.31,-1.075,0.166,0.519
1750789389913.00,2025-06-24T21:23:09.913,11.32,-1.024,0.184,0.555
1750789389923.00,2025-06-24T21:23:09.923,11.33,-0.867,0.188,0.61
1750789389933.00,2025-06-24T21:23:09.933,11.34,-0.676,0.172,0.685
1750789389943.00,2025-06-24T21:23:09.943,11.35,-0.519,0.164,0.739
1750789389953.00,2025-06-24T21:23:09.953,11.36,-0.38,0.138,0.773
1750789389963.00,2025-06-24T21:23:09.963,11.37,-0.315,0.1,0.8
1750789389973.00,2025-06-24T21:23:09.973,11.38,-0.335,0.092,0.826
1750789389983.00,2025-06-24T21:23:09.983,11.39,-0.39,0.112,0.848
1750789389993.00,2025-06-24T21:23:09.993,11.4,-0.417,0.125,0.85
1750789390003.00,2025-06-24T21:23:10.003,11.41,-0.344,0.114,0.869
1750789390013.00,2025-06-24T21:23:10.013,11.42,-0.221,0.102,0.916
1750789390023.00,2025-06-24T21:23:10.023,11.43,-0.114,0.086,0.95
1750789390033.00,2025-06-24T21:23:10.033,11.44,-0.046,0.069,0.957
1750789390043.00,2025-06-24T21:23:10.043,11.45,-0.02,0.06,0.985
1750789390053.00,2025-06-24T21:23:10.053,11.46,-0.001,0.05,0.998
1750789390063.00,2025-06-24T21:23:10.063,11.47,0.014,0.046,1.008
1750789390073.00,2025-06-24T21:23:10.073,11.48,0.042,0.043,1.01
1750789390083.00,2025-06-24T21:23:10.083,11.49,0.071,0.044,1.003
1750789390093.00,2025-06-24T21:23:10.093,11.5,0.082,0.04,1.003
1750789390103.00,2025-06-24T21:23:10.103,11.51,0.063,0.037,0.998
1750789390113.00,2025-06-24T21:23:10.113,11.52,0.045,0.035,1.002
1750789390123.00,2025-06-24T21:23:10.123,11.53,0.042,0.038,1.006
1750789390133.00,2025-06-24T21:23:10.133,11.54,0.038,0.038,1.022
1750789390143.00,2025-06-24T21:23:10.143,11.55,0.066,0.036,1.024
1750789390153.00,2025-06-24T21:23:10.153,11.56,0.12,0.033,1.021
1750789390163.00,2025-06-24T21:23:10.163,11.57,0.186,0.029,1.017
1750789390173.00,2025-06-24T21:23:10.173,11.58,0.221,0.022,1.009
1750789390183.00,2025-06-24T21:23:10.183,11.59,0.218,0.013,1.017
1750789390193.00,2025-06-24T21:23:10.193,11.6,0.201,0.015,1.015
1750789390203.00,2025-06-24T21:23:10.203,11.61,0.187,0.023,1.005
1750789390213.00,2025-06-24T21:23:10.213,11.62,0.186,0.025,1.009
1750789390223.00,2025-06-24T21:23:10.223,11.63,0.206,0.016,1.011
1750789390233.00,2025-06-24T21:23:10.233,11.64,0.229,0.014,1.004
1750789390243.00,2025-06-24T21:23:10.243,11.65,0.231,0.014,1.011
1750789390253.00,2025-06-24T21:23:10.253,11.66,0.219,0.01,1.008
1750789390263.00,2025-06-24T21:23:10.263,11.67,0.225,0.006,1.001
1750789390273.00,2025-06-24T21:23:10.273,11.68,0.236,0.009,1.002
1750789390283.00,2025-06-24T21:23:10.283,11.69,0.239,0.003,0.996
1750789390293.00,2025-06-24T21:23:10.293,11.7,0.245,-0.001,0.99
1750789390303.00,2025-06-24T21:23:10.303,11.71,0.263,0.001,0.99
1750789390313.00,2025-06-24T21:23:10.313,11.72,0.267,0.001,0.993
1750789390323.00,2025-06-24T21:23:10.323,11.73,0.249,0,0.996
1750789390333.00,2025-06-24T21:23:10.333,11.74,0.231,-0.004,0.994
1750789390343.00,2025-06-24T21:23:10.343,11.75,0.243,-0.015,0.995
1750789390353.00,2025-06-24T21:23:10.353,11.76,0.322,-0.016,0.975
1750789390363.00,2025-06-24T21:23:10.363,11.77,0.459,-0.011,0.926
1750789390373.00,2025-06-24T21:23:10.373,11.78,0.636,-0.019,0.895
1750789390383.00,2025-06-24T21:23:10.383,11.79,0.74,-0.053,0.926
1750789390393.00,2025-06-24T21:23:10.393,11.8,0.715,-0.064,0.938
1750789390403.00,2025-06-24T21:23:10.403,11.81,0.604,-0.042,0.859
1750789390413.00,2025-06-24T21:23:10.413,11.82,0.432,-0.01,0.771
1750789390423.00,2025-06-24T21:23:10.423,11.83,0.216,0.032,0.678
1750789390433.00,2025-06-24T21:23:10.433,11.84,0.016,0.056,0.578
1750789390443.00,2025-06-24T21:23:10.443,11.85,-0.24,0.09,0.532
1750789390453.00,2025-06-24T21:23:10.453,11.86,-0.566,0.104,0.461
1750789390463.00,2025-06-24T21:23:10.463,11.87,-0.904,0.11,0.496
1750789390473.00,2025-06-24T21:23:10.473,11.88,-1.155,0.139,0.541
1750789390483.00,2025-06-24T21:23:10.483,11.89,-1.194,0.198,0.594
1750789390493.00,2025-06-24T21:23:10.493,11.9,-1.058,0.236,0.607
1750789390503.00,2025-06-24T21:23:10.503,11.91,-0.881,0.21,0.652
1750789390513.00,2025-06-24T21:23:10.513,11.92,-0.761,0.186,0.699
1750789390523.00,2025-06-24T21:23:10.523,11.93,-0.718,0.195,0.715
1750789390533.00,2025-06-24T21:23:10.533,11.94,-0.78,0.231,0.661
1750789390543.00,2025-06-24T21:23:10.543,11.95,-0.937,0.246,0.595
1750789390553.00,2025-06-24T21:23:10.553,11.96,-1.056,0.244,0.548
1750789390563.00,2025-06-24T21:23:10.563,11.97,-1.126,0.237,0.527
1750789390573.00,2025-06-24T21:23:10.573,11.98,-1.156,0.23,0.534
1750789390583.00,2025-06-24T21:23:10.583,11.99,-1.134,0.22,0.55
1750789390593.00,2025-06-24T21:23:10.593,12,-1.039,0.217,0.565
1750789390603.00,2025-06-24T21:23:10.603,12.01,-0.974,0.215,0.561
1750789390613.00,2025-06-24T21:23:10.613,12.02,-0.952,0.205,0.562
1750789390623.00,2025-06-24T21:23:10.623,12.03,-0.945,0.203,0.566
1750789390633.00,2025-06-24T21:23:10.633,12.04,-0.989,0.209,0.542
1750789390643.00,2025-06-24T21:23:10.643,12.05,-1.059,0.205,0.511
1750789390653.00,2025-06-24T21:23:10.653,12.06,-1.117,0.203,0.475
1750789390663.00,2025-06-24T21:23:10.663,12.07,-1.137,0.196,0.446
1750789390673.00,2025-06-24T21:23:10.673,12.08,-1.111,0.199,0.466
1750789390683.00,2025-06-24T21:23:10.683,12.09,-0.991,0.199,0.522
1750789390693.00,2025-06-24T21:23:10.693,12.1,-0.813,0.198,0.583
1750789390703.00,2025-06-24T21:23:10.703,12.11,-0.635,0.19,0.644
1750789390713.00,2025-06-24T21:23:10.713,12.12,-0.476,0.163,0.712
1750789390723.00,2025-06-24T21:23:10.723,12.13,-0.357,0.129,0.748
1750789390733.00,2025-06-24T21:23:10.733,12.14,-0.288,0.097,0.772
1750789390743.00,2025-06-24T21:23:10.743,12.15,-0.271,0.08,0.819
1750789390753.00,2025-06-24T21:23:10.753,12.16,-0.301,0.088,0.866
1750789390763.00,2025-06-24T21:23:10.763,12.17,-0.326,0.107,0.888
1750789390773.00,2025-06-24T21:23:10.773,12.18,-0.296,0.115,0.896
1750789390783.00,2025-06-24T21:23:10.783,12.19,-0.208,0.102,0.917
1750789390793.00,2025-06-24T21:23:10.793,12.2,-0.1,0.079,0.946
1750789390803.00,2025-06-24T21:23:10.803,12.21,-0.018,0.063,0.973
1750789390813.00,2025-06-24T21:23:10.813,12.22,0.015,0.057,0.997
1750789390823.00,2025-06-24T21:23:10.823,12.23,0.004,0.061,1.012
1750789390833.00,2025-06-24T21:23:10.833,12.24,-0.017,0.059,1.022
1750789390843.00,2025-06-24T21:23:10.843,12.25,-0.01,0.057,1.023
1750789390853.00,2025-06-24T21:23:10.853,12.26,0.006,0.054,1.005
1750789390863.00,2025-06-24T21:23:10.863,12.27,0.025,0.057,0.974
1750789390873.00,2025-06-24T21:23:10.873,12.28,0.053,0.056,0.964
1750789390883.00,2025-06-24T21:23:10.883,12.29,0.104,0.051,0.981
1750789390893.00,2025-06-24T21:23:10.893,12.3,0.159,0.043,1.007
1750789390903.00,2025-06-24T21:23:10.903,12.31,0.187,0.03,1.037
1750789390913.00,2025-06-24T21:23:10.913,12.32,0.206,0.021,1.048
1750789390923.00,2025-06-24T21:23:10.923,12.33,0.226,0.022,1.04
1750789390933.00,2025-06-24T21:23:10.933,12.34,0.242,0.024,1.036
1750789390943.00,2025-06-24T21:23:10.943,12.35,0.246,0.027,1.031
1750789390953.00,2025-06-24T21:23:10.953,12.36,0.232,0.029,1.022
1750789390963.00,2025-06-24T21:23:10.963,12.37,0.223,0.028,1.022
1750789390973.00,2025-06-24T21:23:10.973,12.38,0.191,0.034,1.021
1750789390983.00,2025-06-24T21:23:10.983,12.39,0.156,0.039,1.009
1750789390993.00,2025-06-24T21:23:10.993,12.4,0.164,0.039,1.002
1750789391003.00,2025-06-24T21:23:11.003,12.41,0.187,0.034,1.002
1750789391013.00,2025-06-24T21:23:11.013,12.42,0.216,0.029,1.005
1750789391023.00,2025-06-24T21:23:11.023,12.43,0.241,0.022,1.015
1750789391033.00,2025-06-24T21:23:11.033,12.44,0.242,0.018,1.021
1750789391043.00,2025-06-24T21:23:11.043,12.45,0.232,0.016,1.012
1750789391053.00,2025-06-24T21:23:11.053,12.46,0.223,0.015,1.006
1750789391063.00,2025-06-24T21:23:11.063,12.47,0.212,0.02,1.007
1750789391073.00,2025-06-24T21:23:11.073,12.48,0.203,0.021,1.005
1750789391083.00,2025-06-24T21:23:11.083,12.49,0.193,0.023,1.002
1750789391093.00,2025-06-24T21:23:11.093,12.5,0.191,0.021,1.006
1750789391103.00,2025-06-24T21:23:11.103,12.51,0.18,0.015,1.002
1750789391113.00,2025-06-24T21:23:11.113,12.52,0.185,0.014,0.996
1750789391123.00,2025-06-24T21:23:11.123,12.53,0.205,0.014,1.003
1750789391133.00,2025-06-24T21:23:11.133,12.54,0.263,-0.019,1.007
1750789391143.00,2025-06-24T21:23:11.143,12.55,0.375,-0.004,0.983
1750789391153.00,2025-06-24T21:23:11.153,12.56,0.511,-0.015,0.967
1750789391163.00,2025-06-24T21:23:11.163,12.57,0.691,-0.046,0.943
1750789391173.00,2025-06-24T21:23:11.173,12.58,0.77,-0.064,0.982
1750789391183.00,2025-06-24T21:23:11.183,12.59,0.76,-0.063,0.924
1750789391193.00,2025-06-24T21:23:11.193,12.6,0.693,-0.041,0.829
1750789391203.00,2025-06-24T21:23:11.203,12.61,0.451,0.016,0.724
1750789391213.00,2025-06-24T21:23:11.213,12.62,0.035,0.078,0.604
1750789391223.00,2025-06-24T21:23:11.223,12.63,-0.314,0.111,0.477
1750789391233.00,2025-06-24T21:23:11.233,12.64,-0.646,0.159,0.394
1750789391243.00,2025-06-24T21:23:11.243,12.65,-0.993,0.166,0.421
1750789391253.00,2025-06-24T21:23:11.253,12.66,-1.266,0.165,0.461
1750789391263.00,2025-06-24T21:23:11.263,12.67,-1.403,0.215,0.508
1750789391273.00,2025-06-24T21:23:11.273,12.68,-1.309,0.237,0.576
1750789391283.00,2025-06-24T21:23:11.283,12.69,-1.103,0.24,0.636
1750789391293.00,2025-06-24T21:23:11.293,12.7,-0.948,0.229,0.673
1750789391303.00,2025-06-24T21:23:11.303,12.71,-0.905,0.217,0.666
1750789391313.00,2025-06-24T21:23:11.313,12.72,-0.957,0.216,0.649
1750789391323.00,2025-06-24T21:23:11.323,12.73,-1.026,0.224,0.611
1750789391333.00,2025-06-24T21:23:11.333,12.74,-1.047,0.226,0.572
1750789391343.00,2025-06-24T21:23:11.343,12.75,-1.037,0.21,0.558
1750789391353.00,2025-06-24T21:23:11.353,12.76,-1.031,0.188,0.531
1750789391363.00,2025-06-24T21:23:11.363,12.77,-1.008,0.165,0.523
1750789391373.00,2025-06-24T21:23:11.373,12.78,-0.974,0.152,0.529
1750789391383.00,2025-06-24T21:23:11.383,12.79,-0.931,0.136,0.56
1750789391393.00,2025-06-24T21:23:11.393,12.8,-0.891,0.135,0.599
1750789391403.00,2025-06-24T21:23:11.403,12.81,-0.845,0.152,0.647
1750789391413.00,2025-06-24T21:23:11.413,12.82,-0.746,0.164,0.68
1750789391423.00,2025-06-24T21:23:11.423,12.83,-0.576,0.146,0.712
1750789391433.00,2025-06-24T21:23:11.433,12.84,-0.4,0.12,0.762
1750789391443.00,2025-06-24T21:23:11.443,12.85,-0.284,0.098,0.807
1750789391453.00,2025-06-24T21:23:11.453,12.86,-0.221,0.078,0.845
1750789391463.00,2025-06-24T21:23:11.463,12.87,-0.187,0.075,0.871
1750789391473.00,2025-06-24T21:23:11.473,12.88,-0.185,0.083,0.905
1750789391483.00,2025-06-24T21:23:11.483,12.89,-0.182,0.084,0.938
1750789391493.00,2025-06-24T21:23:11.493,12.9,-0.167,0.078,0.953
1750789391503.00,2025-06-24T21:23:11.503,12.91,-0.153,0.077,0.937
1750789391513.00,2025-06-24T21:23:11.513,12.92,-0.16,0.071,0.941
1750789391523.00,2025-06-24T21:23:11.523,12.93,-0.141,0.058,0.956
1750789391533.00,2025-06-24T21:23:11.533,12.94,-0.097,0.051,0.982
1750789391543.00,2025-06-24T21:23:11.543,12.95,-0.053,0.043,0.997
1750789391553.00,2025-06-24T21:23:11.553,12.96,0.015,0.031,1.004
1750789391563.00,2025-06-24T21:23:11.563,12.97,0.081,0.022,1.025
1750789391573.00,2025-06-24T21:23:11.573,12.98,0.121,0.024,1.021
1750789391583.00,2025-06-24T21:23:11.583,12.99,0.12,0.028,1.02
1750789391593.00,2025-06-24T21:23:11.593,13,0.103,0.029,1.014
1750789391603.00,2025-06-24T21:23:11.603,13.01,0.071,0.036,1.019
1750789391613.00,2025-06-24T21:23:11.613,13.02,0.044,0.041,0.998
1750789391623.00,2025-06-24T21:23:11.623,13.03,0.045,0.04,0.988
1750789391633.00,2025-06-24T21:23:11.633,13.04,0.085,0.031,1.007
1750789391643.00,2025-06-24T21:23:11.643,13.05,0.156,0.015,1.025
1750789391653.00,2025-06-24T21:23:11.653,13.06,0.194,0.007,1.039
1750789391663.00,2025-06-24T21:23:11.663,13.07,0.212,0.004,1.042
1750789391673.00,2025-06-24T21:23:11.673,13.08,0.226,0.001,1.041
1750789391683.00,2025-06-24T21:23:11.683,13.09,0.22,0.005,1.027
1750789391693.00,2025-06-24T21:23:11.693,13.1,0.215,0.006,1.019
1750789391703.00,2025-06-24T21:23:11.703,13.11,0.218,-0.001,1.017
1750789391713.00,2025-06-24T21:23:11.713,13.12,0.224,0,1.002
1750789391723.00,2025-06-24T21:23:11.723,13.13,0.231,0.003,1.001
1750789391733.00,2025-06-24T21:23:11.733,13.14,0.236,0,0.992
1750789391743.00,2025-06-24T21:23:11.743,13.15,0.241,-0.002,0.991
1750789391753.00,2025-06-24T21:23:11.753,13.16,0.247,-0.003,0.993
1750789391763.00,2025-06-24T21:23:11.763,13.17,0.257,-0.004,1.001
1750789391773.00,2025-06-24T21:23:11.773,13.18,0.26,-0.008,1
1750789391783.00,2025-06-24T21:23:11.783,13.19,0.264,-0.01,0.995
1750789391793.00,2025-06-24T21:23:11.793,13.2,0.28,-0.013,0.998
1750789391803.00,2025-06-24T21:23:11.803,13.21,0.296,-0.012,0.998
1750789391813.00,2025-06-24T21:23:11.813,13.22,0.3,-0.013,0.995
1750789391823.00,2025-06-24T21:23:11.823,13.23,0.293,-0.011,0.985
1750789391833.00,2025-06-24T21:23:11.833,13.24,0.287,-0.007,0.973
1750789391843.00,2025-06-24T21:23:11.843,13.25,0.279,-0.011,0.966
1750789391853.00,2025-06-24T21:23:11.853,13.26,0.281,-0.02,0.971
1750789391863.00,2025-06-24T21:23:11.863,13.27,0.318,-0.02,0.971
1750789391873.00,2025-06-24T21:23:11.873,13.28,0.401,-0.026,0.949
1750789391883.00,2025-06-24T21:23:11.883,13.29,0.47,-0.025,0.97
1750789391893.00,2025-06-24T21:23:11.893,13.3,0.505,-0.036,0.976
1750789391903.00,2025-06-24T21:23:11.903,13.31,0.545,-0.047,0.924
1750789391913.00,2025-06-24T21:23:11.913,13.32,0.538,-0.037,0.918
1750789391923.00,2025-06-24T21:23:11.923,13.33,0.488,-0.024,0.892
1750789391933.00,2025-06-24T21:23:11.933,13.34,0.367,-0.015,0.89
1750789391943.00,2025-06-24T21:23:11.943,13.35,0.221,0.001,0.833
1750789391953.00,2025-06-24T21:23:11.953,13.36,0.022,0.048,0.801
1750789391963.00,2025-06-24T21:23:11.963,13.37,-0.139,0.074,0.741
1750789391973.00,2025-06-24T21:23:11.973,13.38,-0.211,0.092,0.678
1750789391983.00,2025-06-24T21:23:11.983,13.39,-0.303,0.109,0.654
1750789391993.00,2025-06-24T21:23:11.993,13.4,-0.396,0.089,0.609
1750789392003.00,2025-06-24T21:23:12.003,13.41,-0.573,0.088,0.578
1750789392013.00,2025-06-24T21:23:12.013,13.42,-0.814,0.113,0.56
1750789392023.00,2025-06-24T21:23:12.023,13.43,-1.018,0.172,0.542
1750789392033.00,2025-06-24T21:23:12.033,13.44,-1.118,0.214,0.523
1750789392043.00,2025-06-24T21:23:12.043,13.45,-1.133,0.213,0.516
1750789392053.00,2025-06-24T21:23:12.053,13.46,-1.1,0.185,0.562
1750789392063.00,2025-06-24T21:23:12.063,13.47,-1.038,0.199,0.609
1750789392073.00,2025-06-24T21:23:12.073,13.48,-1.009,0.224,0.595
1750789392083.00,2025-06-24T21:23:12.083,13.49,-0.98,0.217,0.578
1750789392093.00,2025-06-24T21:23:12.093,13.5,-0.935,0.212,0.57
1750789392103.00,2025-06-24T21:23:12.103,13.51,-0.934,0.209,0.573
1750789392113.00,2025-06-24T21:23:12.113,13.52,-0.97,0.208,0.583
1750789392123.00,2025-06-24T21:23:12.123,13.53,-0.994,0.212,0.59
1750789392133.00,2025-06-24T21:23:12.133,13.54,-0.979,0.209,0.587
1750789392143.00,2025-06-24T21:23:12.143,13.55,-0.966,0.199,0.554
1750789392153.00,2025-06-24T21:23:12.153,13.56,-0.953,0.183,0.516
1750789392163.00,2025-06-24T21:23:12.163,13.57,-0.929,0.184,0.524
1750789392173.00,2025-06-24T21:23:12.173,13.58,-0.924,0.181,0.551
1750789392183.00,2025-06-24T21:23:12.183,13.59,-0.965,0.186,0.546
1750789392193.00,2025-06-24T21:23:12.193,13.6,-1.027,0.186,0.531
1750789392203.00,2025-06-24T21:23:12.203,13.61,-1.024,0.187,0.558
1750789392213.00,2025-06-24T21:23:12.213,13.62,-0.975,0.201,0.59
1750789392223.00,2025-06-24T21:23:12.223,13.63,-0.872,0.203,0.63
1750789392233.00,2025-06-24T21:23:12.233,13.64,-0.738,0.19,0.684
1750789392243.00,2025-06-24T21:23:12.243,13.65,-0.62,0.179,0.717
1750789392253.00,2025-06-24T21:23:12.253,13.66,-0.509,0.15,0.741
1750789392263.00,2025-06-24T21:23:12.263,13.67,-0.407,0.114,0.772
1750789392273.00,2025-06-24T21:23:12.273,13.68,-0.322,0.103,0.83
1750789392283.00,2025-06-24T21:23:12.283,13.69,-0.274,0.1,0.869
1750789392293.00,2025-06-24T21:23:12.293,13.7,-0.263,0.092,0.887
1750789392303.00,2025-06-24T21:23:12.303,13.71,-0.269,0.083,0.916
1750789392313.00,2025-06-24T21:23:12.313,13.72,-0.271,0.078,0.939
1750789392323.00,2025-06-24T21:23:12.323,13.73,-0.262,0.078,0.947
1750789392333.00,2025-06-24T21:23:12.333,13.74,-0.234,0.075,0.951
1750789392343.00,2025-06-24T21:23:12.343,13.75,-0.201,0.068,0.951
1750789392353.00,2025-06-24T21:23:12.353,13.76,-0.165,0.064,0.979
1750789392363.00,2025-06-24T21:23:12.363,13.77,-0.113,0.065,1.006
1750789392373.00,2025-06-24T21:23:12.373,13.78,-0.064,0.06,1.022
1750789392383.00,2025-06-24T21:23:12.383,13.79,-0.042,0.053,1.021
1750789392393.00,2025-06-24T21:23:12.393,13.8,-0.035,0.049,1.01
1750789392403.00,2025-06-24T21:23:12.403,13.81,-0.017,0.055,1.022
1750789392413.00,2025-06-24T21:23:12.413,13.82,0.004,0.057,1.015
1750789392423.00,2025-06-24T21:23:12.423,13.83,0.027,0.054,1.011
1750789392433.00,2025-06-24T21:23:12.433,13.84,0.081,0.041,1.007
1750789392443.00,2025-06-24T21:23:12.443,13.85,0.137,0.029,1.012
1750789392453.00,2025-06-24T21:23:12.453,13.86,0.175,0.022,1.016
1750789392463.00,2025-06-24T21:23:12.463,13.87,0.201,0.016,1.01
1750789392473.00,2025-06-24T21:23:12.473,13.88,0.228,0.012,1.015
1750789392483.00,2025-06-24T21:23:12.483,13.89,0.249,0.011,1.02
1750789392493.00,2025-06-24T21:23:12.493,13.9,0.256,0.005,1.011
1750789392503.00,2025-06-24T21:23:12.503,13.91,0.249,0.004,0.995
1750789392513.00,2025-06-24T21:23:12.513,13.92,0.235,0.008,0.984
1750789392523.00,2025-06-24T21:23:12.523,13.93,0.232,0.005,0.985
1750789392533.00,2025-06-24T21:23:12.533,13.94,0.232,0.005,0.976
1750789392543.00,2025-06-24T21:23:12.543,13.95,0.229,0.004,0.976
1750789392553.00,2025-06-24T21:23:12.553,13.96,0.24,-0.003,0.986
1750789392563.00,2025-06-24T21:23:12.563,13.97,0.272,-0.01,0.985
1750789392573.00,2025-06-24T21:23:12.573,13.98,0.31,-0.014,0.998
1750789392583.00,2025-06-24T21:23:12.583,13.99,0.325,-0.011,1.004
1750789392593.00,2025-06-24T21:23:12.593,14,0.32,-0.014,1
1750789392603.00,2025-06-24T21:23:12.603,14.01,0.307,-0.022,1
1750789392613.00,2025-06-24T21:23:12.613,14.02,0.311,-0.022,1.017
1750789392623.00,2025-06-24T21:23:12.623,14.03,0.383,-0.007,0.987
1750789392633.00,2025-06-24T21:23:12.633,14.04,0.515,-0.01,0.947
1750789392643.00,2025-06-24T21:23:12.643,14.05,0.635,-0.042,0.937
1750789392653.00,2025-06-24T21:23:12.653,14.06,0.735,-0.077,0.939
1750789392663.00,2025-06-24T21:23:12.663,14.07,0.769,-0.089,0.969
1750789392673.00,2025-06-24T21:23:12.673,14.08,0.688,-0.087,0.951
1750789392683.00,2025-06-24T21:23:12.683,14.09,0.503,-0.038,0.847
1750789392693.00,2025-06-24T21:23:12.693,14.1,0.195,0.036,0.719
1750789392703.00,2025-06-24T21:23:12.703,14.11,-0.151,0.079,0.587
1750789392713.00,2025-06-24T21:23:12.713,14.12,-0.454,0.119,0.549
1750789392723.00,2025-06-24T21:23:12.723,14.13,-0.75,0.156,0.508
1750789392733.00,2025-06-24T21:23:12.733,14.14,-1.01,0.156,0.525
1750789392743.00,2025-06-24T21:23:12.743,14.15,-1.166,0.167,0.538
1750789392753.00,2025-06-24T21:23:12.753,14.16,-1.208,0.194,0.598
1750789392763.00,2025-06-24T21:23:12.763,14.17,-1.075,0.216,0.648
1750789392773.00,2025-06-24T21:23:12.773,14.18,-0.888,0.212,0.665
1750789392783.00,2025-06-24T21:23:12.783,14.19,-0.81,0.197,0.698
1750789392793.00,2025-06-24T21:23:12.793,14.2,-0.843,0.204,0.688
1750789392803.00,2025-06-24T21:23:12.803,14.21,-0.92,0.212,0.658
1750789392813.00,2025-06-24T21:23:12.813,14.22,-0.983,0.212,0.617
1750789392823.00,2025-06-24T21:23:12.823,14.23,-1.018,0.201,0.57
1750789392833.00,2025-06-24T21:23:12.833,14.24,-1.022,0.19,0.534
1750789392843.00,2025-06-24T21:23:12.843,14.25,-0.993,0.174,0.541
1750789392853.00,2025-06-24T21:23:12.853,14.26,-0.924,0.165,0.554
1750789392863.00,2025-06-24T21:23:12.863,14.27,-0.875,0.148,0.556
1750789392873.00,2025-06-24T21:23:12.873,14.28,-0.829,0.127,0.561
1750789392883.00,2025-06-24T21:23:12.883,14.29,-0.806,0.121,0.563
1750789392893.00,2025-06-24T21:23:12.893,14.3,-0.805,0.115,0.563
1750789392903.00,2025-06-24T21:23:12.903,14.31,-0.784,0.115,0.59
1750789392913.00,2025-06-24T21:23:12.913,14.32,-0.755,0.131,0.643
1750789392923.00,2025-06-24T21:23:12.923,14.33,-0.719,0.136,0.675
1750789392933.00,2025-06-24T21:23:12.933,14.34,-0.665,0.127,0.694
1750789392943.00,2025-06-24T21:23:12.943,14.35,-0.583,0.115,0.726
1750789392953.00,2025-06-24T21:23:12.953,14.36,-0.503,0.118,0.76
1750789392963.00,2025-06-24T21:23:12.963,14.37,-0.442,0.123,0.769
1750789392973.00,2025-06-24T21:23:12.973,14.38,-0.376,0.116,0.797
1750789392983.00,2025-06-24T21:23:12.983,14.39,-0.341,0.094,0.837
1750789392993.00,2025-06-24T21:23:12.993,14.4,-0.327,0.082,0.885
1750789393003.00,2025-06-24T21:23:13.003,14.41,-0.285,0.081,0.926
1750789393013.00,2025-06-24T21:23:13.013,14.42,-0.216,0.075,0.965
1750789393023.00,2025-06-24T21:23:13.023,14.43,-0.145,0.073,0.988
1750789393033.00,2025-06-24T21:23:13.033,14.44,-0.113,0.076,0.983
1750789393043.00,2025-06-24T21:23:13.043,14.45,-0.123,0.075,0.971
1750789393053.00,2025-06-24T21:23:13.053,14.46,-0.13,0.079,0.972
1750789393063.00,2025-06-24T21:23:13.063,14.47,-0.14,0.089,1
1750789393073.00,2025-06-24T21:23:13.073,14.48,-0.124,0.088,1.001
1750789393083.00,2025-06-24T21:23:13.083,14.49,-0.068,0.083,1.016
1750789393093.00,2025-06-24T21:23:13.093,14.5,0.007,0.068,1.043
1750789393103.00,2025-06-24T21:23:13.103,14.51,0.076,0.051,1.069
1750789393113.00,2025-06-24T21:23:13.113,14.52,0.111,0.046,1.082
1750789393123.00,2025-06-24T21:23:13.123,14.53,0.105,0.045,1.077
1750789393133.00,2025-06-24T21:23:13.133,14.54,0.1,0.051,1.064
1750789393143.00,2025-06-24T21:23:13.143,14.55,0.092,0.053,1.051
1750789393153.00,2025-06-24T21:23:13.153,14.56,0.083,0.054,1.052
1750789393163.00,2025-06-24T21:23:13.163,14.57,0.081,0.051,1.049
1750789393173.00,2025-06-24T21:23:13.173,14.58,0.094,0.051,1.042
1750789393183.00,2025-06-24T21:23:13.183,14.59,0.137,0.047,1.051
1750789393193.00,2025-06-24T21:23:13.193,14.6,0.184,0.033,1.062
1750789393203.00,2025-06-24T21:23:13.203,14.61,0.195,0.027,1.064
1750789393213.00,2025-06-24T21:23:13.213,14.62,0.179,0.029,1.059
1750789393223.00,2025-06-24T21:23:13.223,14.63,0.168,0.03,1.049
1750789393233.00,2025-06-24T21:23:13.233,14.64,0.18,0.029,1.035
1750789393243.00,2025-06-24T21:23:13.243,14.65,0.207,0.026,1.034
1750789393253.00,2025-06-24T21:23:13.253,14.66,0.227,0.021,1.028
1750789393263.00,2025-06-24T21:23:13.263,14.67,0.24,0.018,1.028
1750789393273.00,2025-06-24T21:23:13.273,14.68,0.249,0.019,1.019
1750789393283.00,2025-06-24T21:23:13.283,14.69,0.239,0.019,1.007
1750789393293.00,2025-06-24T21:23:13.293,14.7,0.228,0.017,1.001
1750789393303.00,2025-06-24T21:23:13.303,14.71,0.224,0.015,0.997
1750789393313.00,2025-06-24T21:23:13.313,14.72,0.238,0.012,0.988
1750789393323.00,2025-06-24T21:23:13.323,14.73,0.263,0.005,0.986
1750789393333.00,2025-06-24T21:23:13.333,14.74,0.292,-0.004,0.996
1750789393343.00,2025-06-24T21:23:13.343,14.75,0.316,-0.008,1
1750789393353.00,2025-06-24T21:23:13.353,14.76,0.331,-0.005,1.011
1750789393363.00,2025-06-24T21:23:13.363,14.77,0.373,-0.001,0.962
1750789393373.00,2025-06-24T21:23:13.373,14.78,0.45,-0.007,0.923
1750789393383.00,2025-06-24T21:23:13.383,14.79,0.504,-0.025,0.939
1750789393393.00,2025-06-24T21:23:13.393,14.8,0.514,-0.036,0.959
1750789393403.00,2025-06-24T21:23:13.403,14.81,0.5,-0.042,0.913
1750789393413.00,2025-06-24T21:23:13.413,14.82,0.469,-0.03,0.897
1750789393423.00,2025-06-24T21:23:13.423,14.83,0.389,0.003,0.921
1750789393433.00,2025-06-24T21:23:13.433,14.84,0.3,0.021,0.866
1750789393443.00,2025-06-24T21:23:13.443,14.85,0.194,0.05,0.752
1750789393453.00,2025-06-24T21:23:13.453,14.86,0.066,0.067,0.689
1750789393463.00,2025-06-24T21:23:13.463,14.87,-0.082,0.069,0.671
1750789393473.00,2025-06-24T21:23:13.473,14.88,-0.333,0.083,0.626
1750789393483.00,2025-06-24T21:23:13.483,14.89,-0.63,0.102,0.559
1750789393493.00,2025-06-24T21:23:13.493,14.9,-0.918,0.114,0.53
1750789393503.00,2025-06-24T21:23:13.503,14.91,-1.093,0.16,0.571
1750789393513.00,2025-06-24T21:23:13.513,14.92,-1.142,0.231,0.573
1750789393523.00,2025-06-24T21:23:13.523,14.93,-1.128,0.245,0.585
1750789393533.00,2025-06-24T21:23:13.533,14.94,-1.099,0.223,0.631
1750789393543.00,2025-06-24T21:23:13.543,14.95,-1.03,0.208,0.676
1750789393553.00,2025-06-24T21:23:13.553,14.96,-0.966,0.212,0.673
1750789393563.00,2025-06-24T21:23:13.563,14.97,-0.928,0.221,0.649
1750789393573.00,2025-06-24T21:23:13.573,14.98,-0.889,0.212,0.637
1750789393583.00,2025-06-24T21:23:13.583,14.99,-0.873,0.203,0.644
1750789393593.00,2025-06-24T21:23:13.593,15,-0.888,0.199,0.629
1750789393603.00,2025-06-24T21:23:13.603,15.01,-0.906,0.195,0.615
1750789393613.00,2025-06-24T21:23:13.613,15.02,-0.893,0.189,0.626
1750789393623.00,2025-06-24T21:23:13.623,15.03,-0.876,0.179,0.63
1750789393633.00,2025-06-24T21:23:13.633,15.04,-0.878,0.175,0.622
1750789393643.00,2025-06-24T21:23:13.643,15.05,-0.848,0.172,0.634
1750789393653.00,2025-06-24T21:23:13.653,15.06,-0.761,0.175,0.697
1750789393663.00,2025-06-24T21:23:13.663,15.07,-0.684,0.182,0.759
1750789393673.00,2025-06-24T21:23:13.673,15.08,-0.604,0.18,0.791
1750789393683.00,2025-06-24T21:23:13.683,15.09,-0.521,0.168,0.813
1750789393693.00,2025-06-24T21:23:13.693,15.1,-0.437,0.156,0.83
1750789393703.00,2025-06-24T21:23:13.703,15.11,-0.341,0.131,0.847
1750789393713.00,2025-06-24T21:23:13.713,15.12,-0.262,0.111,0.893
1750789393723.00,2025-06-24T21:23:13.723,15.13,-0.224,0.105,0.936
1750789393733.00,2025-06-24T21:23:13.733,15.14,-0.194,0.101,0.951
1750789393743.00,2025-06-24T21:23:13.743,15.15,-0.18,0.103,0.954
1750789393753.00,2025-06-24T21:23:13.753,15.16,-0.189,0.101,0.963
1750789393763.00,2025-06-24T21:23:13.763,15.17,-0.188,0.091,0.97
1750789393773.00,2025-06-24T21:23:13.773,15.18,-0.17,0.085,0.996
1750789393783.00,2025-06-24T21:23:13.783,15.19,-0.147,0.082,0.996
1750789393793.00,2025-06-24T21:23:13.793,15.2,-0.112,0.084,0.994
1750789393803.00,2025-06-24T21:23:13.803,15.21,-0.096,0.085,0.99
1750789393813.00,2025-06-24T21:23:13.813,15.22,-0.088,0.075,0.983
1750789393823.00,2025-06-24T21:23:13.823,15.23,-0.072,0.074,0.999
1750789393833.00,2025-06-24T21:23:13.833,15.24,-0.063,0.078,1.005
1750789393843.00,2025-06-24T21:23:13.843,15.25,-0.029,0.076,1.001
1750789393853.00,2025-06-24T21:23:13.853,15.26,-0.001,0.065,1
1750789393863.00,2025-06-24T21:23:13.863,15.27,0.013,0.063,1
1750789393873.00,2025-06-24T21:23:13.873,15.28,0.029,0.062,0.995
1750789393883.00,2025-06-24T21:23:13.883,15.29,0.07,0.053,1.009
1750789393893.00,2025-06-24T21:23:13.893,15.3,0.108,0.042,1.017
1750789393903.00,2025-06-24T21:23:13.903,15.31,0.139,0.04,1.004
1750789393913.00,2025-06-24T21:23:13.913,15.32,0.18,0.03,0.993
1750789393923.00,2025-06-24T21:23:13.923,15.33,0.217,0.023,1.001
1750789393933.00,2025-06-24T21:23:13.933,15.34,0.233,0.019,1.01
1750789393943.00,2025-06-24T21:23:13.943,15.35,0.238,0.012,1.005
1750789393953.00,2025-06-24T21:23:13.953,15.36,0.255,0.002,1.014
1750789393963.00,2025-06-24T21:23:13.963,15.37,0.278,-0.004,1.014
1750789393973.00,2025-06-24T21:23:13.973,15.38,0.293,-0.008,1.007
1750789393983.00,2025-06-24T21:23:13.983,15.39,0.308,-0.011,1.006
1750789393993.00,2025-06-24T21:23:13.993,15.4,0.326,-0.011,1.014
1750789394003.00,2025-06-24T21:23:14.003,15.41,0.337,-0.016,1.019
1750789394013.00,2025-06-24T21:23:14.013,15.42,0.338,-0.02,1.013
1750789394023.00,2025-06-24T21:23:14.023,15.43,0.346,-0.024,1.022
1750789394033.00,2025-06-24T21:23:14.033,15.44,0.377,-0.031,1.031
1750789394043.00,2025-06-24T21:23:14.043,15.45,0.381,-0.024,1.039
1750789394053.00,2025-06-24T21:23:14.053,15.46,0.358,-0.006,1.036
1750789394063.00,2025-06-24T21:23:14.063,15.47,0.358,-0.001,1.02
1750789394073.00,2025-06-24T21:23:14.073,15.48,0.397,-0.005,0.981
1750789394083.00,2025-06-24T21:23:14.083,15.49,0.479,-0.041,0.993
1750789394093.00,2025-06-24T21:23:14.093,15.5,0.604,-0.077,0.986
1750789394103.00,2025-06-24T21:23:14.103,15.51,0.688,-0.09,0.991
1750789394113.00,2025-06-24T21:23:14.113,15.52,0.627,-0.055,0.933
1750789394123.00,2025-06-24T21:23:14.123,15.53,0.326,0,0.836
1750789394133.00,2025-06-24T21:23:14.133,15.54,-0.018,0.038,0.692
1750789394143.00,2025-06-24T21:23:14.143,15.55,-0.202,0.06,0.627
1750789394153.00,2025-06-24T21:23:14.153,15.56,-0.356,0.077,0.629
1750789394163.00,2025-06-24T21:23:14.163,15.57,-0.496,0.063,0.605
1750789394173.00,2025-06-24T21:23:14.173,15.58,-0.69,0.076,0.598
1750789394183.00,2025-06-24T21:23:14.183,15.59,-0.91,0.121,0.582
1750789394193.00,2025-06-24T21:23:14.193,15.6,-1.021,0.15,0.572
1750789394203.00,2025-06-24T21:23:14.203,15.61,-1.039,0.162,0.587
1750789394213.00,2025-06-24T21:23:14.213,15.62,-1.023,0.166,0.677
1750789394223.00,2025-06-24T21:23:14.223,15.63,-0.981,0.169,0.712
1750789394233.00,2025-06-24T21:23:14.233,15.64,-0.93,0.172,0.713
1750789394243.00,2025-06-24T21:23:14.243,15.65,-0.899,0.18,0.724
1750789394253.00,2025-06-24T21:23:14.253,15.66,-0.889,0.187,0.725
1750789394263.00,2025-06-24T21:23:14.263,15.67,-0.906,0.176,0.671
1750789394273.00,2025-06-24T21:23:14.273,15.68,-0.905,0.161,0.663
1750789394283.00,2025-06-24T21:23:14.283,15.69,-0.858,0.151,0.69
1750789394293.00,2025-06-24T21:23:14.293,15.7,-0.801,0.134,0.704
1750789394303.00,2025-06-24T21:23:14.303,15.71,-0.767,0.113,0.712
1750789394313.00,2025-06-24T21:23:14.313,15.72,-0.771,0.097,0.715
1750789394323.00,2025-06-24T21:23:14.323,15.73,-0.769,0.095,0.724
1750789394333.00,2025-06-24T21:23:14.333,15.74,-0.776,0.104,0.736
1750789394343.00,2025-06-24T21:23:14.343,15.75,-0.779,0.107,0.733
1750789394353.00,2025-06-24T21:23:14.353,15.76,-0.698,0.087,0.774
1750789394363.00,2025-06-24T21:23:14.363,15.77,-0.59,0.08,0.844
1750789394373.00,2025-06-24T21:23:14.373,15.78,-0.504,0.081,0.874
1750789394383.00,2025-06-24T21:23:14.383,15.79,-0.427,0.08,0.887
1750789394393.00,2025-06-24T21:23:14.393,15.8,-0.398,0.081,0.899
1750789394403.00,2025-06-24T21:23:14.403,15.81,-0.416,0.073,0.889
1750789394413.00,2025-06-24T21:23:14.413,15.82,-0.419,0.065,0.872
1750789394423.00,2025-06-24T21:23:14.423,15.83,-0.374,0.06,0.898
1750789394433.00,2025-06-24T21:23:14.433,15.84,-0.308,0.043,0.936
1750789394443.00,2025-06-24T21:23:14.443,15.85,-0.231,0.022,0.977
1750789394453.00,2025-06-24T21:23:14.453,15.86,-0.15,0.016,1.014
1750789394463.00,2025-06-24T21:23:14.463,15.87,-0.1,0.02,1.014
1750789394473.00,2025-06-24T21:23:14.473,15.88,-0.087,0.022,0.995
1750789394483.00,2025-06-24T21:23:14.483,15.89,-0.123,0.027,0.99
1750789394493.00,2025-06-24T21:23:14.493,15.9,-0.157,0.035,0.966
1750789394503.00,2025-06-24T21:23:14.503,15.91,-0.152,0.033,0.945
1750789394513.00,2025-06-24T21:23:14.513,15.92,-0.107,0.019,0.951
1750789394523.00,2025-06-24T21:23:14.523,15.93,-0.046,0.003,0.973
1750789394533.00,2025-06-24T21:23:14.533,15.94,0.036,-0.007,0.99
1750789394543.00,2025-06-24T21:23:14.543,15.95,0.099,-0.016,1.007
1750789394553.00,2025-06-24T21:23:14.553,15.96,0.13,-0.022,1.004
1750789394563.00,2025-06-24T21:23:14.563,15.97,0.146,-0.022,0.993
1750789394573.00,2025-06-24T21:23:14.573,15.98,0.139,-0.018,0.991
1750789394583.00,2025-06-24T21:23:14.583,15.99,0.125,-0.017,0.987
1750789394593.00,2025-06-24T21:23:14.593,16,0.107,-0.017,0.98
1750789394603.00,2025-06-24T21:23:14.603,16.01,0.092,-0.006,0.969
1750789394613.00,2025-06-24T21:23:14.613,16.02,0.101,0.003,0.95
1750789394623.00,2025-06-24T21:23:14.623,16.03,0.125,0.002,0.929
1750789394633.00,2025-06-24T21:23:14.633,16.04,0.193,-0.004,0.92
1750789394643.00,2025-06-24T21:23:14.643,16.05,0.283,-0.019,0.926
1750789394653.00,2025-06-24T21:23:14.653,16.06,0.353,-0.04,0.938
1750789394663.00,2025-06-24T21:23:14.663,16.07,0.378,-0.056,0.945
1750789394673.00,2025-06-24T21:23:14.673,16.08,0.389,-0.068,0.949
1750789394683.00,2025-06-24T21:23:14.683,16.09,0.392,-0.067,0.947
1750789394693.00,2025-06-24T21:23:14.693,16.1,0.397,-0.068,0.941
1750789394703.00,2025-06-24T21:23:14.703,16.11,0.408,-0.07,0.939
1750789394713.00,2025-06-24T21:23:14.713,16.12,0.41,-0.071,0.931
1750789394723.00,2025-06-24T21:23:14.723,16.13,0.402,-0.076,0.927
1750789394733.00,2025-06-24T21:23:14.733,16.14,0.397,-0.08,0.928
1750789394743.00,2025-06-24T21:23:14.743,16.15,0.392,-0.085,0.922
1750789394753.00,2025-06-24T21:23:14.753,16.16,0.409,-0.09,0.914
1750789394763.00,2025-06-24T21:23:14.763,16.17,0.449,-0.097,0.92
1750789394773.00,2025-06-24T21:23:14.773,16.18,0.523,-0.108,0.941
1750789394783.00,2025-06-24T21:23:14.783,16.19,0.658,-0.107,0.942
1750789394793.00,2025-06-24T21:23:14.793,16.2,0.786,-0.118,0.973
1750789394803.00,2025-06-24T21:23:14.803,16.21,0.868,-0.14,0.942
1750789394813.00,2025-06-24T21:23:14.813,16.22,0.828,-0.12,0.973
1750789394823.00,2025-06-24T21:23:14.823,16.23,0.63,-0.074,0.937
1750789394833.00,2025-06-24T21:23:14.833,16.24,0.363,-0.039,0.85
1750789394843.00,2025-06-24T21:23:14.843,16.25,0.077,0.015,0.775
1750789394853.00,2025-06-24T21:23:14.853,16.26,-0.148,0.063,0.737
1750789394863.00,2025-06-24T21:23:14.863,16.27,-0.244,0.08,0.707
1750789394873.00,2025-06-24T21:23:14.873,16.28,-0.365,0.08,0.73
1750789394883.00,2025-06-24T21:23:14.883,16.29,-0.504,0.048,0.747
1750789394893.00,2025-06-24T21:23:14.893,16.3,-0.659,0.048,0.763
1750789394903.00,2025-06-24T21:23:14.903,16.31,-0.775,0.077,0.765
1750789394913.00,2025-06-24T21:23:14.913,16.32,-0.797,0.105,0.79
1750789394923.00,2025-06-24T21:23:14.923,16.33,-0.75,0.119,0.83
1750789394933.00,2025-06-24T21:23:14.933,16.34,-0.703,0.118,0.858
1750789394943.00,2025-06-24T21:23:14.943,16.35,-0.692,0.115,0.868
1750789394953.00,2025-06-24T21:23:14.953,16.36,-0.711,0.128,0.864
1750789394963.00,2025-06-24T21:23:14.963,16.37,-0.737,0.148,0.834
1750789394973.00,2025-06-24T21:23:14.973,16.38,-0.748,0.147,0.787
1750789394983.00,2025-06-24T21:23:14.983,16.39,-0.737,0.139,0.784
1750789394993.00,2025-06-24T21:23:14.993,16.4,-0.677,0.128,0.823
1750789395003.00,2025-06-24T21:23:15.003,16.41,-0.609,0.125,0.842
1750789395013.00,2025-06-24T21:23:15.013,16.42,-0.586,0.121,0.851
1750789395023.00,2025-06-24T21:23:15.023,16.43,-0.584,0.115,0.868
1750789395033.00,2025-06-24T21:23:15.033,16.44,-0.56,0.104,0.892
1750789395043.00,2025-06-24T21:23:15.043,16.45,-0.505,0.104,0.914
1750789395053.00,2025-06-24T21:23:15.053,16.46,-0.451,0.107,0.931
1750789395063.00,2025-06-24T21:23:15.063,16.47,-0.384,0.103,0.943
1750789395073.00,2025-06-24T21:23:15.073,16.48,-0.325,0.098,0.949
1750789395083.00,2025-06-24T21:23:15.083,16.49,-0.275,0.089,0.95
1750789395093.00,2025-06-24T21:23:15.093,16.5,-0.236,0.083,0.968
1750789395103.00,2025-06-24T21:23:15.103,16.51,-0.208,0.075,0.985
1750789395113.00,2025-06-24T21:23:15.113,16.52,-0.177,0.07,0.997
1750789395123.00,2025-06-24T21:23:15.123,16.53,-0.137,0.067,1.011
1750789395133.00,2025-06-24T21:23:15.133,16.54,-0.111,0.062,1.035
1750789395143.00,2025-06-24T21:23:15.143,16.55,-0.107,0.056,1.046
1750789395153.00,2025-06-24T21:23:15.153,16.56,-0.117,0.052,1.043
1750789395163.00,2025-06-24T21:23:15.163,16.57,-0.119,0.047,1.04
1750789395173.00,2025-06-24T21:23:15.173,16.58,-0.096,0.045,1.024
1750789395183.00,2025-06-24T21:23:15.183,16.59,-0.055,0.039,1.021
1750789395193.00,2025-06-24T21:23:15.193,16.6,0.014,0.03,1.013
1750789395203.00,2025-06-24T21:23:15.203,16.61,0.09,0.024,1.005
1750789395213.00,2025-06-24T21:23:15.213,16.62,0.147,0.009,0.993
1750789395223.00,2025-06-24T21:23:15.223,16.63,0.184,0.004,0.99
1750789395233.00,2025-06-24T21:23:15.233,16.64,0.228,0,1.005
1750789395243.00,2025-06-24T21:23:15.243,16.65,0.261,-0.01,1.01
1750789395253.00,2025-06-24T21:23:15.253,16.66,0.268,-0.018,1.014
1750789395263.00,2025-06-24T21:23:15.263,16.67,0.255,-0.02,1.011
1750789395273.00,2025-06-24T21:23:15.273,16.68,0.241,-0.017,0.995
1750789395283.00,2025-06-24T21:23:15.283,16.69,0.23,-0.013,0.958
1750789395293.00,2025-06-24T21:23:15.293,16.7,0.254,-0.016,0.939
1750789395303.00,2025-06-24T21:23:15.303,16.71,0.315,-0.031,0.939
1750789395313.00,2025-06-24T21:23:15.313,16.72,0.381,-0.04,0.943
1750789395323.00,2025-06-24T21:23:15.323,16.73,0.438,-0.051,0.939
1750789395333.00,2025-06-24T21:23:15.333,16.74,0.495,-0.056,0.93
1750789395343.00,2025-06-24T21:23:15.343,16.75,0.534,-0.063,0.92
1750789395353.00,2025-06-24T21:23:15.353,16.76,0.555,-0.076,0.91
1750789395363.00,2025-06-24T21:23:15.363,16.77,0.564,-0.083,0.892
1750789395373.00,2025-06-24T21:23:15.373,16.78,0.579,-0.103,0.882
1750789395383.00,2025-06-24T21:23:15.383,16.79,0.653,-0.121,0.883
1750789395393.00,2025-06-24T21:23:15.393,16.8,0.749,-0.115,0.916
1750789395403.00,2025-06-24T21:23:15.403,16.81,0.85,-0.12,0.864
1750789395413.00,2025-06-24T21:23:15.413,16.82,0.834,-0.117,0.901
1750789395423.00,2025-06-24T21:23:15.423,16.83,0.709,-0.116,0.895
1750789395433.00,2025-06-24T21:23:15.433,16.84,0.608,-0.1,0.847
1750789395443.00,2025-06-24T21:23:15.443,16.85,0.488,-0.053,0.863
1750789395453.00,2025-06-24T21:23:15.453,16.86,0.41,-0.038,0.777
1750789395463.00,2025-06-24T21:23:15.463,16.87,0.294,-0.012,0.765
1750789395473.00,2025-06-24T21:23:15.473,16.88,0.148,0,0.696
1750789395483.00,2025-06-24T21:23:15.483,16.89,-0.056,0.031,0.656
1750789395493.00,2025-06-24T21:23:15.493,16.9,-0.359,0.042,0.625
1750789395503.00,2025-06-24T21:23:15.503,16.91,-0.682,0.034,0.621
1750789395513.00,2025-06-24T21:23:15.513,16.92,-0.917,0.064,0.656
1750789395523.00,2025-06-24T21:23:15.523,16.93,-1.005,0.141,0.72
1750789395533.00,2025-06-24T21:23:15.533,16.94,-0.95,0.193,0.765
1750789395543.00,2025-06-24T21:23:15.543,16.95,-0.846,0.179,0.807
1750789395553.00,2025-06-24T21:23:15.553,16.96,-0.725,0.144,0.854
1750789395563.00,2025-06-24T21:23:15.563,16.97,-0.621,0.147,0.884
1750789395573.00,2025-06-24T21:23:15.573,16.98,-0.586,0.16,0.88
1750789395583.00,2025-06-24T21:23:15.583,16.99,-0.632,0.155,0.841
1750789395593.00,2025-06-24T21:23:15.593,17,-0.684,0.146,0.813
1750789395603.00,2025-06-24T21:23:15.603,17.01,-0.676,0.15,0.818
1750789395613.00,2025-06-24T21:23:15.613,17.02,-0.647,0.146,0.825
1750789395623.00,2025-06-24T21:23:15.623,17.03,-0.648,0.131,0.808
1750789395633.00,2025-06-24T21:23:15.633,17.04,-0.66,0.113,0.797
1750789395643.00,2025-06-24T21:23:15.643,17.05,-0.659,0.097,0.803
1750789395653.00,2025-06-24T21:23:15.653,17.06,-0.658,0.097,0.819
1750789395663.00,2025-06-24T21:23:15.663,17.07,-0.637,0.097,0.841
1750789395673.00,2025-06-24T21:23:15.673,17.08,-0.573,0.099,0.867
1750789395683.00,2025-06-24T21:23:15.683,17.09,-0.49,0.099,0.884
1750789395693.00,2025-06-24T21:23:15.693,17.1,-0.416,0.098,0.892
1750789395703.00,2025-06-24T21:23:15.703,17.11,-0.364,0.093,0.907
1750789395713.00,2025-06-24T21:23:15.713,17.12,-0.338,0.089,0.923
1750789395723.00,2025-06-24T21:23:15.723,17.13,-0.315,0.088,0.944
1750789395733.00,2025-06-24T21:23:15.733,17.14,-0.29,0.083,0.989
1750789395743.00,2025-06-24T21:23:15.743,17.15,-0.254,0.079,1.022
1750789395753.00,2025-06-24T21:23:15.753,17.16,-0.219,0.079,1.03
1750789395763.00,2025-06-24T21:23:15.763,17.17,-0.186,0.072,1.013
1750789395773.00,2025-06-24T21:23:15.773,17.18,-0.168,0.064,1
1750789395783.00,2025-06-24T21:23:15.783,17.19,-0.144,0.059,1.006
1750789395793.00,2025-06-24T21:23:15.793,17.2,-0.116,0.056,1.011
1750789395803.00,2025-06-24T21:23:15.803,17.21,-0.096,0.049,1.021
1750789395813.00,2025-06-24T21:23:15.813,17.22,-0.062,0.04,1.02
1750789395823.00,2025-06-24T21:23:15.823,17.23,-0.013,0.031,1.022
1750789395833.00,2025-06-24T21:23:15.833,17.24,0.049,0.02,1.033
1750789395843.00,2025-06-24T21:23:15.843,17.25,0.118,0.01,1.035
1750789395853.00,2025-06-24T21:23:15.853,17.26,0.15,0.01,1.047
1750789395863.00,2025-06-24T21:23:15.863,17.27,0.115,0.016,1.043
1750789395873.00,2025-06-24T21:23:15.873,17.28,0.059,0.026,1.018
1750789395883.00,2025-06-24T21:23:15.883,17.29,0.029,0.031,1.009
1750789395893.00,2025-06-24T21:23:15.893,17.3,0.041,0.025,1.007
1750789395903.00,2025-06-24T21:23:15.903,17.31,0.084,0.016,1.016
1750789395913.00,2025-06-24T21:23:15.913,17.32,0.125,0.008,1.019
1750789395923.00,2025-06-24T21:23:15.923,17.33,0.143,0.005,1.01
1750789395933.00,2025-06-24T21:23:15.933,17.34,0.153,0.005,1.011
1750789395943.00,2025-06-24T21:23:15.943,17.35,0.179,-0.003,1.007
1750789395953.00,2025-06-24T21:23:15.953,17.36,0.197,-0.008,0.997
1750789395963.00,2025-06-24T21:23:15.963,17.37,0.21,-0.016,0.994
1750789395973.00,2025-06-24T21:23:15.973,17.38,0.22,-0.019,0.996
1750789395983.00,2025-06-24T21:23:15.983,17.39,0.224,-0.021,0.991
1750789395993.00,2025-06-24T21:23:15.993,17.4,0.223,-0.021,0.983
1750789396003.00,2025-06-24T21:23:16.003,17.41,0.225,-0.016,0.957
1750789396013.00,2025-06-24T21:23:16.013,17.42,0.247,-0.018,0.954
1750789396023.00,2025-06-24T21:23:16.023,17.43,0.283,-0.022,0.956
1750789396033.00,2025-06-24T21:23:16.033,17.44,0.324,-0.03,0.952
1750789396043.00,2025-06-24T21:23:16.043,17.45,0.356,-0.03,0.946
1750789396053.00,2025-06-24T21:23:16.053,17.46,0.39,-0.038,0.939
1750789396063.00,2025-06-24T21:23:16.063,17.47,0.423,-0.047,0.934
1750789396073.00,2025-06-24T21:23:16.073,17.48,0.474,-0.064,0.948
1750789396083.00,2025-06-24T21:23:16.083,17.49,0.573,-0.06,0.927
1750789396093.00,2025-06-24T21:23:16.093,17.5,0.604,-0.046,0.979
1750789396103.00,2025-06-24T21:23:16.103,17.51,0.558,-0.062,0.982
1750789396113.00,2025-06-24T21:23:16.113,17.52,0.507,-0.063,0.911
1750789396123.00,2025-06-24T21:23:16.123,17.53,0.421,-0.049,0.888
1750789396133.00,2025-06-24T21:23:16.133,17.54,0.345,-0.056,0.861
1750789396143.00,2025-06-24T21:23:16.143,17.55,0.273,-0.042,0.853
1750789396153.00,2025-06-24T21:23:16.153,17.56,0.164,-0.009,0.854
1750789396163.00,2025-06-24T21:23:16.163,17.57,0.032,0.012,0.824
1750789396173.00,2025-06-24T21:23:16.173,17.58,-0.158,0.038,0.8
1750789396183.00,2025-06-24T21:23:16.183,17.59,-0.363,0.051,0.77
1750789396193.00,2025-06-24T21:23:16.193,17.6,-0.562,0.067,0.76
1750789396203.00,2025-06-24T21:23:16.203,17.61,-0.734,0.106,0.729
1750789396213.00,2025-06-24T21:23:16.213,17.62,-0.878,0.125,0.775
1750789396223.00,2025-06-24T21:23:16.223,17.63,-0.919,0.149,0.822
1750789396233.00,2025-06-24T21:23:16.233,17.64,-0.859,0.16,0.848
1750789396243.00,2025-06-24T21:23:16.243,17.65,-0.766,0.152,0.881
1750789396253.00,2025-06-24T21:23:16.253,17.66,-0.713,0.148,0.913
1750789396263.00,2025-06-24T21:23:16.263,17.67,-0.688,0.149,0.919
1750789396273.00,2025-06-24T21:23:16.273,17.68,-0.684,0.158,0.905
1750789396283.00,2025-06-24T21:23:16.283,17.69,-0.679,0.164,0.883
1750789396293.00,2025-06-24T21:23:16.293,17.7,-0.641,0.157,0.876
1750789396303.00,2025-06-24T21:23:16.303,17.71,-0.597,0.145,0.88
1750789396313.00,2025-06-24T21:23:16.313,17.72,-0.595,0.132,0.869
1750789396323.00,2025-06-24T21:23:16.323,17.73,-0.614,0.116,0.856
1750789396333.00,2025-06-24T21:23:16.333,17.74,-0.621,0.106,0.862
1750789396343.00,2025-06-24T21:23:16.343,17.75,-0.594,0.108,0.887
1750789396353.00,2025-06-24T21:23:16.353,17.76,-0.54,0.107,0.903
1750789396363.00,2025-06-24T21:23:16.363,17.77,-0.454,0.092,0.912
1750789396373.00,2025-06-24T21:23:16.373,17.78,-0.366,0.077,0.925
1750789396383.00,2025-06-24T21:23:16.383,17.79,-0.292,0.062,0.94
1750789396393.00,2025-06-24T21:23:16.393,17.8,-0.249,0.054,0.967
1750789396403.00,2025-06-24T21:23:16.403,17.81,-0.219,0.053,0.971
1750789396413.00,2025-06-24T21:23:16.413,17.82,-0.222,0.054,0.975
1750789396423.00,2025-06-24T21:23:16.423,17.83,-0.236,0.055,0.993
1750789396433.00,2025-06-24T21:23:16.433,17.84,-0.226,0.064,0.997
1750789396443.00,2025-06-24T21:23:16.443,17.85,-0.193,0.068,1.003
1750789396453.00,2025-06-24T21:23:16.453,17.86,-0.15,0.062,1.008
1750789396463.00,2025-06-24T21:23:16.463,17.87,-0.106,0.051,1.012
1750789396473.00,2025-06-24T21:23:16.473,17.88,-0.074,0.032,1.023
1750789396483.00,2025-06-24T21:23:16.483,17.89,-0.048,0.022,1.024
1750789396493.00,2025-06-24T21:23:16.493,17.9,-0.033,0.021,1.022
1750789396503.00,2025-06-24T21:23:16.503,17.91,-0.022,0.021,1.023
1750789396513.00,2025-06-24T21:23:16.513,17.92,-0.013,0.021,1.013
1750789396523.00,2025-06-24T21:23:16.523,17.93,0.005,0.015,0.996
1750789396533.00,2025-06-24T21:23:16.533,17.94,0.04,0.004,0.989
1750789396543.00,2025-06-24T21:23:16.543,17.95,0.069,-0.006,0.994
1750789396553.00,2025-06-24T21:23:16.553,17.96,0.085,-0.013,0.989
1750789396563.00,2025-06-24T21:23:16.563,17.97,0.093,-0.019,0.983
1750789396573.00,2025-06-24T21:23:16.573,17.98,0.104,-0.028,0.985
1750789396583.00,2025-06-24T21:23:16.583,17.99,0.123,-0.031,0.993
1750789396593.00,2025-06-24T21:23:16.593,18,0.137,-0.027,1.006
1750789396603.00,2025-06-24T21:23:16.603,18.01,0.13,-0.024,0.983
1750789396613.00,2025-06-24T21:23:16.613,18.02,0.117,-0.024,0.964
1750789396623.00,2025-06-24T21:23:16.623,18.03,0.115,-0.029,0.947
1750789396633.00,2025-06-24T21:23:16.633,18.04,0.136,-0.032,0.937
1750789396643.00,2025-06-24T21:23:16.643,18.05,0.18,-0.037,0.934
1750789396653.00,2025-06-24T21:23:16.653,18.06,0.247,-0.05,0.939
1750789396663.00,2025-06-24T21:23:16.663,18.07,0.316,-0.063,0.935
1750789396673.00,2025-06-24T21:23:16.673,18.08,0.374,-0.074,0.938
1750789396683.00,2025-06-24T21:23:16.683,18.09,0.412,-0.083,0.935
1750789396693.00,2025-06-24T21:23:16.693,18.1,0.42,-0.089,0.933
1750789396703.00,2025-06-24T21:23:16.703,18.11,0.414,-0.09,0.928
1750789396713.00,2025-06-24T21:23:16.713,18.12,0.409,-0.09,0.927
1750789396723.00,2025-06-24T21:23:16.723,18.13,0.415,-0.093,0.928
1750789396733.00,2025-06-24T21:23:16.733,18.14,0.444,-0.095,0.902
1750789396743.00,2025-06-24T21:23:16.743,18.15,0.498,-0.096,0.917
1750789396753.00,2025-06-24T21:23:16.753,18.16,0.564,-0.108,0.961
1750789396763.00,2025-06-24T21:23:16.763,18.17,0.688,-0.124,0.924
1750789396773.00,2025-06-24T21:23:16.773,18.18,0.765,-0.093,0.976
1750789396783.00,2025-06-24T21:23:16.783,18.19,0.801,-0.107,0.986
1750789396793.00,2025-06-24T21:23:16.793,18.2,0.931,-0.11,0.874
1750789396803.00,2025-06-24T21:23:16.803,18.21,0.891,-0.042,0.854
1750789396813.00,2025-06-24T21:23:16.813,18.22,0.523,-0.033,0.787
1750789396823.00,2025-06-24T21:23:16.823,18.23,0.007,-0.053,0.646
1750789396833.00,2025-06-24T21:23:16.833,18.24,-0.522,0.006,0.637
1750789396843.00,2025-06-24T21:23:16.843,18.25,-0.991,0.084,0.626
1750789396853.00,2025-06-24T21:23:16.853,18.26,-1.241,0.12,0.661
1750789396863.00,2025-06-24T21:23:16.863,18.27,-1.078,0.138,0.684
1750789396873.00,2025-06-24T21:23:16.873,18.28,-0.769,0.131,0.737
1750789396883.00,2025-06-24T21:23:16.883,18.29,-0.583,0.076,0.833
1750789396893.00,2025-06-24T21:23:16.893,18.3,-0.523,0.044,0.9
1750789396903.00,2025-06-24T21:23:16.903,18.31,-0.561,0.056,0.918
1750789396913.00,2025-06-24T21:23:16.913,18.32,-0.628,0.074,0.91
1750789396923.00,2025-06-24T21:23:16.923,18.33,-0.64,0.078,0.902
1750789396933.00,2025-06-24T21:23:16.933,18.34,-0.634,0.084,0.894
1750789396943.00,2025-06-24T21:23:16.943,18.35,-0.649,0.085,0.877
1750789396953.00,2025-06-24T21:23:16.953,18.36,-0.671,0.077,0.854
1750789396963.00,2025-06-24T21:23:16.963,18.37,-0.664,0.064,0.833
1750789396973.00,2025-06-24T21:23:16.973,18.38,-0.609,0.056,0.834
1750789396983.00,2025-06-24T21:23:16.983,18.39,-0.559,0.059,0.843
1750789396993.00,2025-06-24T21:23:16.993,18.4,-0.539,0.046,0.845
1750789397003.00,2025-06-24T21:23:17.003,18.41,-0.553,0.036,0.847
1750789397013.00,2025-06-24T21:23:17.013,18.42,-0.562,0.032,0.85
1750789397023.00,2025-06-24T21:23:17.023,18.43,-0.56,0.034,0.859
1750789397033.00,2025-06-24T21:23:17.033,18.44,-0.551,0.042,0.879
1750789397043.00,2025-06-24T21:23:17.043,18.45,-0.544,0.056,0.893
1750789397053.00,2025-06-24T21:23:17.053,18.46,-0.514,0.063,0.889
1750789397063.00,2025-06-24T21:23:17.063,18.47,-0.47,0.056,0.89
1750789397073.00,2025-06-24T21:23:17.073,18.48,-0.418,0.053,0.908
1750789397083.00,2025-06-24T21:23:17.083,18.49,-0.363,0.056,0.924
1750789397093.00,2025-06-24T21:23:17.093,18.5,-0.313,0.058,0.95
1750789397103.00,2025-06-24T21:23:17.103,18.51,-0.273,0.051,0.953
1750789397113.00,2025-06-24T21:23:17.113,18.52,-0.239,0.041,0.957
1750789397123.00,2025-06-24T21:23:17.123,18.53,-0.198,0.035,0.976
1750789397133.00,2025-06-24T21:23:17.133,18.54,-0.158,0.027,0.991
1750789397143.00,2025-06-24T21:23:17.143,18.55,-0.113,0.024,1.002
1750789397153.00,2025-06-24T21:23:17.153,18.56,-0.086,0.016,0.999
1750789397163.00,2025-06-24T21:23:17.163,18.57,-0.081,0.014,1.004
1750789397173.00,2025-06-24T21:23:17.173,18.58,-0.067,0.019,1.004
1750789397183.00,2025-06-24T21:23:17.183,18.59,-0.041,0.029,1
1750789397193.00,2025-06-24T21:23:17.193,18.6,0.011,0.022,0.996
1750789397203.00,2025-06-24T21:23:17.203,18.61,0.097,0.005,0.999
1750789397213.00,2025-06-24T21:23:17.213,18.62,0.176,-0.015,1.006
1750789397223.00,2025-06-24T21:23:17.223,18.63,0.223,-0.027,1.024
1750789397233.00,2025-06-24T21:23:17.233,18.64,0.247,-0.032,1.017
1750789397243.00,2025-06-24T21:23:17.243,18.65,0.255,-0.023,1.001
1750789397253.00,2025-06-24T21:23:17.253,18.66,0.259,-0.023,1.002
1750789397263.00,2025-06-24T21:23:17.263,18.67,0.273,-0.029,1.005
1750789397273.00,2025-06-24T21:23:17.273,18.68,0.287,-0.035,1.005
1750789397283.00,2025-06-24T21:23:17.283,18.69,0.299,-0.035,1.004
1750789397293.00,2025-06-24T21:23:17.293,18.7,0.301,-0.038,0.999
1750789397303.00,2025-06-24T21:23:17.303,18.71,0.296,-0.039,0.991
1750789397313.00,2025-06-24T21:23:17.313,18.72,0.288,-0.037,0.987
1750789397323.00,2025-06-24T21:23:17.323,18.73,0.284,-0.037,0.973
1750789397333.00,2025-06-24T21:23:17.333,18.74,0.291,-0.04,0.964
1750789397343.00,2025-06-24T21:23:17.343,18.75,0.32,-0.047,0.968
1750789397353.00,2025-06-24T21:23:17.353,18.76,0.353,-0.057,0.976
1750789397363.00,2025-06-24T21:23:17.363,18.77,0.362,-0.063,0.974
1750789397373.00,2025-06-24T21:23:17.373,18.78,0.362,-0.064,0.971
1750789397383.00,2025-06-24T21:23:17.383,18.79,0.371,-0.065,0.966
1750789397393.00,2025-06-24T21:23:17.393,18.8,0.379,-0.061,0.958
1750789397403.00,2025-06-24T21:23:17.403,18.81,0.397,-0.066,0.961
1750789397413.00,2025-06-24T21:23:17.413,18.82,0.415,-0.07,0.964
1750789397423.00,2025-06-24T21:23:17.423,18.83,0.424,-0.075,0.956
1750789397433.00,2025-06-24T21:23:17.433,18.84,0.437,-0.084,0.948
1750789397443.00,2025-06-24T21:23:17.443,18.85,0.505,-0.079,0.938
1750789397453.00,2025-06-24T21:23:17.453,18.86,0.616,-0.082,0.969
1750789397463.00,2025-06-24T21:23:17.463,18.87,0.716,-0.092,0.968
1750789397473.00,2025-06-24T21:23:17.473,18.88,0.699,-0.101,0.976
1750789397483.00,2025-06-24T21:23:17.483,18.89,0.576,-0.097,0.969
1750789397493.00,2025-06-24T21:23:17.493,18.9,0.418,-0.072,0.927
1750789397503.00,2025-06-24T21:23:17.503,18.91,0.258,-0.042,0.88
1750789397513.00,2025-06-24T21:23:17.513,18.92,0.133,-0.021,0.838
1750789397523.00,2025-06-24T21:23:17.523,18.93,0.035,-0.008,0.824
1750789397533.00,2025-06-24T21:23:17.533,18.94,-0.047,-0.006,0.8
1750789397543.00,2025-06-24T21:23:17.543,18.95,-0.136,0.009,0.78
1750789397553.00,2025-06-24T21:23:17.553,18.96,-0.231,0.001,0.758
1750789397563.00,2025-06-24T21:23:17.563,18.97,-0.387,-0.013,0.775
1750789397573.00,2025-06-24T21:23:17.573,18.98,-0.563,0.003,0.79
1750789397583.00,2025-06-24T21:23:17.583,18.99,-0.742,0.061,0.734
1750789397593.00,2025-06-24T21:23:17.593,19,-0.875,0.099,0.73
1750789397603.00,2025-06-24T21:23:17.603,19.01,-0.849,0.101,0.73
1750789397613.00,2025-06-24T21:23:17.613,19.02,-0.761,0.085,0.775
1750789397623.00,2025-06-24T21:23:17.623,19.03,-0.667,0.081,0.843
1750789397633.00,2025-06-24T21:23:17.633,19.04,-0.572,0.097,0.864
1750789397643.00,2025-06-24T21:23:17.643,19.05,-0.536,0.094,0.868
1750789397653.00,2025-06-24T21:23:17.653,19.06,-0.539,0.096,0.87
1750789397663.00,2025-06-24T21:23:17.663,19.07,-0.546,0.108,0.864
1750789397673.00,2025-06-24T21:23:17.673,19.08,-0.578,0.111,0.858
1750789397683.00,2025-06-24T21:23:17.683,19.09,-0.615,0.106,0.846
1750789397693.00,2025-06-24T21:23:17.693,19.1,-0.595,0.104,0.827
1750789397703.00,2025-06-24T21:23:17.703,19.11,-0.562,0.101,0.822
1750789397713.00,2025-06-24T21:23:17.713,19.12,-0.56,0.086,0.823
1750789397723.00,2025-06-24T21:23:17.723,19.13,-0.585,0.078,0.838
1750789397733.00,2025-06-24T21:23:17.733,19.14,-0.59,0.079,0.864
1750789397743.00,2025-06-24T21:23:17.743,19.15,-0.568,0.094,0.902
1750789397753.00,2025-06-24T21:23:17.753,19.16,-0.527,0.103,0.925
1750789397763.00,2025-06-24T21:23:17.763,19.17,-0.502,0.102,0.933
1750789397773.00,2025-06-24T21:23:17.773,19.18,-0.457,0.102,0.941
1750789397783.00,2025-06-24T21:23:17.783,19.19,-0.364,0.093,0.945
1750789397793.00,2025-06-24T21:23:17.793,19.2,-0.259,0.071,0.976
1750789397803.00,2025-06-24T21:23:17.803,19.21,-0.182,0.048,1.015
1750789397813.00,2025-06-24T21:23:17.813,19.22,-0.131,0.038,1.049
1750789397823.00,2025-06-24T21:23:17.823,19.23,-0.101,0.029,1.06
1750789397833.00,2025-06-24T21:23:17.833,19.24,-0.089,0.026,1.064
1750789397843.00,2025-06-24T21:23:17.843,19.25,-0.086,0.027,1.066
1750789397853.00,2025-06-24T21:23:17.853,19.26,-0.072,0.03,1.053
1750789397863.00,2025-06-24T21:23:17.863,19.27,-0.043,0.025,1.037
1750789397873.00,2025-06-24T21:23:17.873,19.28,0.006,0.021,1.047
1750789397883.00,2025-06-24T21:23:17.883,19.29,0.056,0.009,1.051
1750789397893.00,2025-06-24T21:23:17.893,19.3,0.086,0,1.048
1750789397903.00,2025-06-24T21:23:17.903,19.31,0.111,-0.004,1.043
1750789397913.00,2025-06-24T21:23:17.913,19.32,0.136,-0.007,1.037
1750789397923.00,2025-06-24T21:23:17.923,19.33,0.171,-0.012,1.037
1750789397933.00,2025-06-24T21:23:17.933,19.34,0.193,-0.016,1.029
1750789397943.00,2025-06-24T21:23:17.943,19.35,0.203,-0.025,1.012
1750789397953.00,2025-06-24T21:23:17.953,19.36,0.206,-0.029,1
1750789397963.00,2025-06-24T21:23:17.963,19.37,0.203,-0.028,0.992
1750789397973.00,2025-06-24T21:23:17.973,19.38,0.197,-0.027,0.992
1750789397983.00,2025-06-24T21:23:17.983,19.39,0.199,-0.033,0.986
1750789397993.00,2025-06-24T21:23:17.993,19.4,0.21,-0.036,0.987
1750789398003.00,2025-06-24T21:23:18.003,19.41,0.24,-0.044,0.977
1750789398013.00,2025-06-24T21:23:18.013,19.42,0.263,-0.045,0.967
1750789398023.00,2025-06-24T21:23:18.023,19.43,0.265,-0.044,0.958
1750789398033.00,2025-06-24T21:23:18.033,19.44,0.268,-0.046,0.955
1750789398043.00,2025-06-24T21:23:18.043,19.45,0.278,-0.053,0.945
1750789398053.00,2025-06-24T21:23:18.053,19.46,0.293,-0.057,0.941
1750789398063.00,2025-06-24T21:23:18.063,19.47,0.302,-0.066,0.936
1750789398073.00,2025-06-24T21:23:18.073,19.48,0.311,-0.072,0.929
1750789398083.00,2025-06-24T21:23:18.083,19.49,0.335,-0.072,0.927
1750789398093.00,2025-06-24T21:23:18.093,19.5,0.373,-0.08,0.931
1750789398103.00,2025-06-24T21:23:18.103,19.51,0.405,-0.094,0.937
1750789398113.00,2025-06-24T21:23:18.113,19.52,0.425,-0.1,0.929
1750789398123.00,2025-06-24T21:23:18.123,19.53,0.438,-0.095,0.93
1750789398133.00,2025-06-24T21:23:18.133,19.54,0.432,-0.091,0.932
1750789398143.00,2025-06-24T21:23:18.143,19.55,0.418,-0.093,0.932
1750789398153.00,2025-06-24T21:23:18.153,19.56,0.413,-0.104,0.944
1750789398163.00,2025-06-24T21:23:18.163,19.57,0.454,-0.104,0.917
1750789398173.00,2025-06-24T21:23:18.173,19.58,0.536,-0.09,0.891
1750789398183.00,2025-06-24T21:23:18.183,19.59,0.621,-0.098,0.925
1750789398193.00,2025-06-24T21:23:18.193,19.6,0.707,-0.126,0.931
1750789398203.00,2025-06-24T21:23:18.203,19.61,0.724,-0.126,0.949
1750789398213.00,2025-06-24T21:23:18.213,19.62,0.612,-0.089,0.93
1750789398223.00,2025-06-24T21:23:18.223,19.63,0.444,-0.068,0.858
1750789398233.00,2025-06-24T21:23:18.233,19.64,0.261,-0.046,0.801
1750789398243.00,2025-06-24T21:23:18.243,19.65,0.034,-0.009,0.77
1750789398253.00,2025-06-24T21:23:18.253,19.66,-0.112,0.007,0.708
1750789398263.00,2025-06-24T21:23:18.263,19.67,-0.188,0.014,0.699
1750789398273.00,2025-06-24T21:23:18.273,19.68,-0.329,0.007,0.704
1750789398283.00,2025-06-24T21:23:18.283,19.69,-0.593,-0.025,0.687
1750789398293.00,2025-06-24T21:23:18.293,19.7,-0.859,0.009,0.686
1750789398303.00,2025-06-24T21:23:18.303,19.71,-0.985,0.093,0.697
1750789398313.00,2025-06-24T21:23:18.313,19.72,-0.942,0.122,0.721
1750789398323.00,2025-06-24T21:23:18.323,19.73,-0.784,0.097,0.797
1750789398333.00,2025-06-24T21:23:18.333,19.74,-0.677,0.089,0.875
1750789398343.00,2025-06-24T21:23:18.343,19.75,-0.652,0.101,0.907
1750789398353.00,2025-06-24T21:23:18.353,19.76,-0.651,0.111,0.892
1750789398363.00,2025-06-24T21:23:18.363,19.77,-0.65,0.108,0.865
1750789398373.00,2025-06-24T21:23:18.373,19.78,-0.664,0.099,0.843
1750789398383.00,2025-06-24T21:23:18.383,19.79,-0.661,0.085,0.835
1750789398393.00,2025-06-24T21:23:18.393,19.8,-0.646,0.083,0.826
1750789398403.00,2025-06-24T21:23:18.403,19.81,-0.663,0.079,0.802
1750789398413.00,2025-06-24T21:23:18.413,19.82,-0.67,0.068,0.793
1750789398423.00,2025-06-24T21:23:18.423,19.83,-0.644,0.056,0.809
1750789398433.00,2025-06-24T21:23:18.433,19.84,-0.633,0.044,0.836
1750789398443.00,2025-06-24T21:23:18.443,19.85,-0.645,0.052,0.859
1750789398453.00,2025-06-24T21:23:18.453,19.86,-0.632,0.07,0.882
1750789398463.00,2025-06-24T21:23:18.463,19.87,-0.589,0.082,0.913
1750789398473.00,2025-06-24T21:23:18.473,19.88,-0.534,0.082,0.937
1750789398483.00,2025-06-24T21:23:18.483,19.89,-0.463,0.076,0.941
1750789398493.00,2025-06-24T21:23:18.493,19.9,-0.39,0.067,0.941
1750789398503.00,2025-06-24T21:23:18.503,19.91,-0.343,0.054,0.946
1750789398513.00,2025-06-24T21:23:18.513,19.92,-0.324,0.044,0.963
1750789398523.00,2025-06-24T21:23:18.523,19.93,-0.307,0.046,0.977
1750789398533.00,2025-06-24T21:23:18.533,19.94,-0.275,0.046,0.992
1750789398543.00,2025-06-24T21:23:18.543,19.95,-0.221,0.037,1.002
1750789398553.00,2025-06-24T21:23:18.553,19.96,-0.158,0.025,1.014
1750789398563.00,2025-06-24T21:23:18.563,19.97,-0.098,0.016,1.03
1750789398573.00,2025-06-24T21:23:18.573,19.98,-0.055,0.005,1.024
1750789398583.00,2025-06-24T21:23:18.583,19.99,-0.046,0.002,1.028
1750789398593.00,2025-06-24T21:23:18.593,20,-0.044,0.004,1.013
1750789398603.00,2025-06-24T21:23:18.603,20.01,-0.046,0.008,1.005
1750789398613.00,2025-06-24T21:23:18.613,20.02,-0.018,0.003,1.01
1750789398623.00,2025-06-24T21:23:18.623,20.03,0.026,-0.006,1.012
1750789398633.00,2025-06-24T21:23:18.633,20.04,0.062,-0.016,1.012
1750789398643.00,2025-06-24T21:23:18.643,20.05,0.097,-0.026,1.022
1750789398653.00,2025-06-24T21:23:18.653,20.06,0.112,-0.027,1.032
1750789398663.00,2025-06-24T21:23:18.663,20.07,0.105,-0.025,1.029
1750789398673.00,2025-06-24T21:23:18.673,20.08,0.081,-0.021,1.029
1750789398683.00,2025-06-24T21:23:18.683,20.09,0.06,-0.021,1.011
1750789398693.00,2025-06-24T21:23:18.693,20.1,0.069,-0.021,1.004
1750789398703.00,2025-06-24T21:23:18.703,20.11,0.1,-0.02,1.007
1750789398713.00,2025-06-24T21:23:18.713,20.12,0.125,-0.025,1.013
1750789398723.00,2025-06-24T21:23:18.723,20.13,0.132,-0.026,1.002
1750789398733.00,2025-06-24T21:23:18.733,20.14,0.129,-0.024,0.99
1750789398743.00,2025-06-24T21:23:18.743,20.15,0.126,-0.027,0.998
1750789398753.00,2025-06-24T21:23:18.753,20.16,0.12,-0.033,0.992
1750789398763.00,2025-06-24T21:23:18.763,20.17,0.122,-0.032,0.986
1750789398773.00,2025-06-24T21:23:18.773,20.18,0.136,-0.033,0.982
1750789398783.00,2025-06-24T21:23:18.783,20.19,0.152,-0.039,0.982
1750789398793.00,2025-06-24T21:23:18.793,20.2,0.163,-0.041,0.976
1750789398803.00,2025-06-24T21:23:18.803,20.21,0.178,-0.041,0.979
1750789398813.00,2025-06-24T21:23:18.813,20.22,0.188,-0.041,0.985
1750789398823.00,2025-06-24T21:23:18.823,20.23,0.189,-0.043,0.983
1750789398833.00,2025-06-24T21:23:18.833,20.24,0.181,-0.043,0.983
1750789398843.00,2025-06-24T21:23:18.843,20.25,0.177,-0.042,0.987
1750789398853.00,2025-06-24T21:23:18.853,20.26,0.181,-0.049,0.986
1750789398863.00,2025-06-24T21:23:18.863,20.27,0.194,-0.046,0.994
1750789398873.00,2025-06-24T21:23:18.873,20.28,0.206,-0.051,0.995
1750789398883.00,2025-06-24T21:23:18.883,20.29,0.212,-0.06,0.991
1750789398893.00,2025-06-24T21:23:18.893,20.3,0.204,-0.064,0.994
1750789398903.00,2025-06-24T21:23:18.903,20.31,0.208,-0.074,1
1750789398913.00,2025-06-24T21:23:18.913,20.32,0.24,-0.063,0.994
1750789398923.00,2025-06-24T21:23:18.923,20.33,0.297,-0.057,1.002
1750789398933.00,2025-06-24T21:23:18.933,20.34,0.384,-0.074,0.978
1750789398943.00,2025-06-24T21:23:18.943,20.35,0.452,-0.088,0.997
1750789398953.00,2025-06-24T21:23:18.953,20.36,0.448,-0.095,0.998
1750789398963.00,2025-06-24T21:23:18.963,20.37,0.367,-0.078,0.996
1750789398973.00,2025-06-24T21:23:18.973,20.38,0.268,-0.051,0.935
1750789398983.00,2025-06-24T21:23:18.983,20.39,0.17,-0.03,0.882
1750789398993.00,2025-06-24T21:23:18.993,20.4,0.091,-0.023,0.889
1750789399003.00,2025-06-24T21:23:19.003,20.41,0.016,-0.006,0.904
1750789399013.00,2025-06-24T21:23:19.013,20.42,-0.058,0.027,0.837
1750789399023.00,2025-06-24T21:23:19.023,20.43,-0.138,0.024,0.778
1750789399033.00,2025-06-24T21:23:19.033,20.44,-0.303,0.002,0.729
1750789399043.00,2025-06-24T21:23:19.043,20.45,-0.591,0.017,0.678
1750789399053.00,2025-06-24T21:23:19.053,20.46,-0.868,0.063,0.669
1750789399063.00,2025-06-24T21:23:19.063,20.47,-0.972,0.12,0.649
1750789399073.00,2025-06-24T21:23:19.073,20.48,-0.946,0.142,0.669
1750789399083.00,2025-06-24T21:23:19.083,20.49,-0.79,0.109,0.721
1750789399093.00,2025-06-24T21:23:19.093,20.5,-0.662,0.095,0.753
1750789399103.00,2025-06-24T21:23:19.103,20.51,-0.646,0.106,0.791
1750789399113.00,2025-06-24T21:23:19.113,20.52,-0.666,0.125,0.763
1750789399123.00,2025-06-24T21:23:19.123,20.53,-0.691,0.123,0.74
1750789399133.00,2025-06-24T21:23:19.133,20.54,-0.733,0.137,0.733
1750789399143.00,2025-06-24T21:23:19.143,20.55,-0.768,0.139,0.708
1750789399153.00,2025-06-24T21:23:19.153,20.56,-0.794,0.135,0.678
1750789399163.00,2025-06-24T21:23:19.163,20.57,-0.813,0.134,0.65
1750789399173.00,2025-06-24T21:23:19.173,20.58,-0.793,0.137,0.644
1750789399183.00,2025-06-24T21:23:19.183,20.59,-0.803,0.143,0.633
1750789399193.00,2025-06-24T21:23:19.193,20.6,-0.845,0.147,0.625
1750789399203.00,2025-06-24T21:23:19.203,20.61,-0.874,0.152,0.627
1750789399213.00,2025-06-24T21:23:19.213,20.62,-0.889,0.152,0.615
1750789399223.00,2025-06-24T21:23:19.223,20.63,-0.908,0.149,0.599
1750789399233.00,2025-06-24T21:23:19.233,20.64,-0.938,0.162,0.583
1750789399243.00,2025-06-24T21:23:19.243,20.65,-0.949,0.165,0.561
1750789399253.00,2025-06-24T21:23:19.253,20.66,-0.962,0.158,0.533
1750789399263.00,2025-06-24T21:23:19.263,20.67,-1.007,0.154,0.509
1750789399273.00,2025-06-24T21:23:19.273,20.68,-1.028,0.151,0.512
1750789399283.00,2025-06-24T21:23:19.283,20.69,-1.01,0.151,0.531
1750789399293.00,2025-06-24T21:23:19.293,20.7,-1.004,0.151,0.529
1750789399303.00,2025-06-24T21:23:19.303,20.71,-1.006,0.146,0.518
1750789399313.00,2025-06-24T21:23:19.313,20.72,-1.003,0.15,0.512
1750789399323.00,2025-06-24T21:23:19.323,20.73,-0.981,0.15,0.527
1750789399333.00,2025-06-24T21:23:19.333,20.74,-0.949,0.148,0.552
1750789399343.00,2025-06-24T21:23:19.343,20.75,-0.914,0.146,0.582
1750789399353.00,2025-06-24T21:23:19.353,20.76,-0.826,0.133,0.62
1750789399363.00,2025-06-24T21:23:19.363,20.77,-0.724,0.119,0.685
1750789399373.00,2025-06-24T21:23:19.373,20.78,-0.649,0.123,0.735
1750789399383.00,2025-06-24T21:23:19.383,20.79,-0.575,0.117,0.749
1750789399393.00,2025-06-24T21:23:19.393,20.8,-0.498,0.104,0.774
1750789399403.00,2025-06-24T21:23:19.403,20.81,-0.446,0.093,0.787
1750789399413.00,2025-06-24T21:23:19.413,20.82,-0.418,0.087,0.797
1750789399423.00,2025-06-24T21:23:19.423,20.83,-0.423,0.082,0.785
1750789399433.00,2025-06-24T21:23:19.433,20.84,-0.403,0.071,0.815
1750789399443.00,2025-06-24T21:23:19.443,20.85,-0.319,0.065,0.885
1750789399453.00,2025-06-24T21:23:19.453,20.86,-0.218,0.062,0.939
1750789399463.00,2025-06-24T21:23:19.463,20.87,-0.131,0.043,0.984
1750789399473.00,2025-06-24T21:23:19.473,20.88,-0.068,0.022,1.009
1750789399483.00,2025-06-24T21:23:19.483,20.89,-0.014,0.017,0.996
1750789399493.00,2025-06-24T21:23:19.493,20.9,-0.009,0.019,0.99
1750789399503.00,2025-06-24T21:23:19.503,20.91,-0.013,0.014,0.997
1750789399513.00,2025-06-24T21:23:19.513,20.92,0,0.014,1.005
1750789399523.00,2025-06-24T21:23:19.523,20.93,0.009,0.014,1.007
1750789399533.00,2025-06-24T21:23:19.533,20.94,0.027,0.012,0.994
1750789399543.00,2025-06-24T21:23:19.543,20.95,0.054,0.003,0.988
1750789399553.00,2025-06-24T21:23:19.553,20.96,0.091,-0.002,1.013
1750789399563.00,2025-06-24T21:23:19.563,20.97,0.127,-0.01,1.034
1750789399573.00,2025-06-24T21:23:19.573,20.98,0.152,-0.011,1.045
1750789399583.00,2025-06-24T21:23:19.583,20.99,0.134,-0.01,1.037
1750789399593.00,2025-06-24T21:23:19.593,21,0.104,-0.007,1.032
1750789399603.00,2025-06-24T21:23:19.603,21.01,0.086,-0.006,1.033
1750789399613.00,2025-06-24T21:23:19.613,21.02,0.071,-0.002,1.042
1750789399623.00,2025-06-24T21:23:19.623,21.03,0.058,-0.003,1.045
1750789399633.00,2025-06-24T21:23:19.633,21.04,0.052,-0.001,1.039
1750789399643.00,2025-06-24T21:23:19.643,21.05,0.063,0.005,1.037
1750789399653.00,2025-06-24T21:23:19.653,21.06,0.075,0.003,1.039
1750789399663.00,2025-06-24T21:23:19.663,21.07,0.075,-0.003,1.055
1750789399673.00,2025-06-24T21:23:19.673,21.08,0.055,-0.002,1.052
1750789399683.00,2025-06-24T21:23:19.683,21.09,0.048,-0.003,1.046
1750789399693.00,2025-06-24T21:23:19.693,21.1,0.071,-0.008,1.045
1750789399703.00,2025-06-24T21:23:19.703,21.11,0.1,-0.019,1.051
1750789399713.00,2025-06-24T21:23:19.713,21.12,0.119,-0.039,1.052
1750789399723.00,2025-06-24T21:23:19.723,21.13,0.16,-0.032,1.059
1750789399733.00,2025-06-24T21:23:19.733,21.14,0.238,0.002,1.023
1750789399743.00,2025-06-24T21:23:19.743,21.15,0.318,-0.015,1.062
1750789399753.00,2025-06-24T21:23:19.753,21.16,0.368,-0.044,1.019
1750789399763.00,2025-06-24T21:23:19.763,21.17,0.34,-0.054,0.984
1750789399773.00,2025-06-24T21:23:19.773,21.18,0.283,-0.052,0.958
1750789399783.00,2025-06-24T21:23:19.783,21.19,0.209,-0.039,0.951
1750789399793.00,2025-06-24T21:23:19.793,21.2,0.134,-0.02,0.921
1750789399803.00,2025-06-24T21:23:19.803,21.21,0.086,0.009,0.904
1750789399813.00,2025-06-24T21:23:19.813,21.22,0.027,0.03,0.842
1750789399823.00,2025-06-24T21:23:19.823,21.23,-0.099,0.047,0.724
1750789399833.00,2025-06-24T21:23:19.833,21.24,-0.309,0.053,0.632
1750789399843.00,2025-06-24T21:23:19.843,21.25,-0.644,0.074,0.551
1750789399853.00,2025-06-24T21:23:19.853,21.26,-0.951,0.123,0.54
1750789399863.00,2025-06-24T21:23:19.863,21.27,-1.139,0.187,0.534
1750789399873.00,2025-06-24T21:23:19.873,21.28,-1.171,0.202,0.561
1750789399883.00,2025-06-24T21:23:19.883,21.29,-1.083,0.186,0.592
1750789399893.00,2025-06-24T21:23:19.893,21.3,-0.933,0.151,0.62
1750789399903.00,2025-06-24T21:23:19.903,21.31,-0.814,0.158,0.642
1750789399913.00,2025-06-24T21:23:19.913,21.32,-0.79,0.177,0.621
1750789399923.00,2025-06-24T21:23:19.923,21.33,-0.871,0.183,0.585
1750789399933.00,2025-06-24T21:23:19.933,21.34,-0.97,0.186,0.56
1750789399943.00,2025-06-24T21:23:19.943,21.35,-1.024,0.188,0.547
1750789399953.00,2025-06-24T21:23:19.953,21.36,-1.053,0.192,0.541
1750789399963.00,2025-06-24T21:23:19.963,21.37,-1.055,0.181,0.515
1750789399973.00,2025-06-24T21:23:19.973,21.38,-1.034,0.167,0.495
1750789399983.00,2025-06-24T21:23:19.983,21.39,-0.979,0.154,0.478
1750789399993.00,2025-06-24T21:23:19.993,21.4,-0.907,0.143,0.501
1750789400003.00,2025-06-24T21:23:20.003,21.41,-0.854,0.139,0.52
1750789400013.00,2025-06-24T21:23:20.013,21.42,-0.844,0.134,0.531
1750789400023.00,2025-06-24T21:23:20.023,21.43,-0.863,0.126,0.526
1750789400033.00,2025-06-24T21:23:20.033,21.44,-0.89,0.123,0.53
1750789400043.00,2025-06-24T21:23:20.043,21.45,-0.905,0.126,0.552
1750789400053.00,2025-06-24T21:23:20.053,21.46,-0.937,0.139,0.567
1750789400063.00,2025-06-24T21:23:20.063,21.47,-0.992,0.153,0.567
1750789400073.00,2025-06-24T21:23:20.073,21.48,-1.023,0.166,0.554
1750789400083.00,2025-06-24T21:23:20.083,21.49,-0.985,0.172,0.521
1750789400093.00,2025-06-24T21:23:20.093,21.5,-0.883,0.155,0.526
1750789400103.00,2025-06-24T21:23:20.103,21.51,-0.706,0.132,0.597
1750789400113.00,2025-06-24T21:23:20.113,21.52,-0.482,0.108,0.72
1750789400123.00,2025-06-24T21:23:20.123,21.53,-0.332,0.089,0.824
1750789400133.00,2025-06-24T21:23:20.133,21.54,-0.253,0.071,0.856
1750789400143.00,2025-06-24T21:23:20.143,21.55,-0.222,0.065,0.864
1750789400153.00,2025-06-24T21:23:20.153,21.56,-0.215,0.068,0.88
1750789400163.00,2025-06-24T21:23:20.163,21.57,-0.22,0.058,0.911
1750789400173.00,2025-06-24T21:23:20.173,21.58,-0.221,0.046,0.911
1750789400183.00,2025-06-24T21:23:20.183,21.59,-0.19,0.033,0.921
1750789400193.00,2025-06-24T21:23:20.193,21.6,-0.151,0.02,0.963
1750789400203.00,2025-06-24T21:23:20.203,21.61,-0.117,0.012,1.007
1750789400213.00,2025-06-24T21:23:20.213,21.62,-0.078,0.008,1.024
1750789400223.00,2025-06-24T21:23:20.223,21.63,-0.066,0.016,1.031
1750789400233.00,2025-06-24T21:23:20.233,21.64,-0.07,0.028,1.028
1750789400243.00,2025-06-24T21:23:20.243,21.65,-0.097,0.029,1.026
1750789400253.00,2025-06-24T21:23:20.253,21.66,-0.146,0.035,1.034
1750789400263.00,2025-06-24T21:23:20.263,21.67,-0.185,0.047,1.032
1750789400273.00,2025-06-24T21:23:20.273,21.68,-0.185,0.053,1.018
1750789400283.00,2025-06-24T21:23:20.283,21.69,-0.147,0.048,1.025
1750789400293.00,2025-06-24T21:23:20.293,21.7,-0.084,0.042,1.034
1750789400303.00,2025-06-24T21:23:20.303,21.71,-0.037,0.042,1.033
1750789400313.00,2025-06-24T21:23:20.313,21.72,-0.022,0.042,1.034
1750789400323.00,2025-06-24T21:23:20.323,21.73,-0.019,0.035,1.037
1750789400333.00,2025-06-24T21:23:20.333,21.74,-0.008,0.028,1.039
1750789400343.00,2025-06-24T21:23:20.343,21.75,0,0.024,1.038
1750789400353.00,2025-06-24T21:23:20.353,21.76,-0.002,0.021,1.034
1750789400363.00,2025-06-24T21:23:20.363,21.77,0.019,0.017,1.028
1750789400373.00,2025-06-24T21:23:20.373,21.78,0.047,0.014,1.031
1750789400383.00,2025-06-24T21:23:20.383,21.79,0.066,0.007,1.04
1750789400393.00,2025-06-24T21:23:20.393,21.8,0.087,0,1.039
1750789400403.00,2025-06-24T21:23:20.403,21.81,0.11,0.001,1.034
1750789400413.00,2025-06-24T21:23:20.413,21.82,0.1,0.008,1.029
1750789400423.00,2025-06-24T21:23:20.423,21.83,0.072,0.008,1.018
1750789400433.00,2025-06-24T21:23:20.433,21.84,0.073,0.005,0.997
1750789400443.00,2025-06-24T21:23:20.443,21.85,0.117,0.002,0.998
1750789400453.00,2025-06-24T21:23:20.453,21.86,0.176,-0.02,1.034
1750789400463.00,2025-06-24T21:23:20.463,21.87,0.231,-0.04,1.018
1750789400473.00,2025-06-24T21:23:20.473,21.88,0.278,-0.034,1.039
1750789400483.00,2025-06-24T21:23:20.483,21.89,0.326,-0.023,1.014
1750789400493.00,2025-06-24T21:23:20.493,21.9,0.388,-0.039,0.988
1750789400503.00,2025-06-24T21:23:20.503,21.91,0.454,-0.062,0.962
1750789400513.00,2025-06-24T21:23:20.513,21.92,0.459,-0.066,0.953
1750789400523.00,2025-06-24T21:23:20.523,21.93,0.412,-0.063,0.941
1750789400533.00,2025-06-24T21:23:20.533,21.94,0.329,-0.042,0.901
1750789400543.00,2025-06-24T21:23:20.543,21.95,0.19,0,0.833
1750789400553.00,2025-06-24T21:23:20.553,21.96,0.025,0.03,0.799
1750789400563.00,2025-06-24T21:23:20.563,21.97,-0.188,0.063,0.771
1750789400573.00,2025-06-24T21:23:20.573,21.98,-0.402,0.083,0.699
1750789400583.00,2025-06-24T21:23:20.583,21.99,-0.562,0.083,0.633
1750789400593.00,2025-06-24T21:23:20.593,22,-0.675,0.085,0.59
1750789400603.00,2025-06-24T21:23:20.603,22.01,-0.755,0.095,0.613
1750789400613.00,2025-06-24T21:23:20.613,22.02,-0.821,0.118,0.663
1750789400623.00,2025-06-24T21:23:20.623,22.03,-0.848,0.164,0.642
1750789400633.00,2025-06-24T21:23:20.633,22.04,-0.895,0.198,0.587
1750789400643.00,2025-06-24T21:23:20.643,22.05,-0.936,0.198,0.568
1750789400653.00,2025-06-24T21:23:20.653,22.06,-0.974,0.2,0.579
1750789400663.00,2025-06-24T21:23:20.663,22.07,-1.002,0.209,0.58
1750789400673.00,2025-06-24T21:23:20.673,22.08,-1.009,0.221,0.58
1750789400683.00,2025-06-24T21:23:20.683,22.09,-1.017,0.224,0.574
1750789400693.00,2025-06-24T21:23:20.693,22.1,-1.021,0.223,0.558
1750789400703.00,2025-06-24T21:23:20.703,22.11,-1.028,0.215,0.536
1750789400713.00,2025-06-24T21:23:20.713,22.12,-1.046,0.203,0.519
1750789400723.00,2025-06-24T21:23:20.723,22.13,-1.022,0.19,0.535
1750789400733.00,2025-06-24T21:23:20.733,22.14,-0.959,0.188,0.553
1750789400743.00,2025-06-24T21:23:20.743,22.15,-0.942,0.186,0.544
1750789400753.00,2025-06-24T21:23:20.753,22.16,-0.917,0.175,0.538
1750789400763.00,2025-06-24T21:23:20.763,22.17,-0.869,0.163,0.551
1750789400773.00,2025-06-24T21:23:20.773,22.18,-0.842,0.159,0.581
1750789400783.00,2025-06-24T21:23:20.783,22.19,-0.854,0.164,0.597
1750789400793.00,2025-06-24T21:23:20.793,22.2,-0.872,0.167,0.611
1750789400803.00,2025-06-24T21:23:20.803,22.21,-0.883,0.171,0.637
1750789400813.00,2025-06-24T21:23:20.813,22.22,-0.88,0.173,0.657
1750789400823.00,2025-06-24T21:23:20.823,22.23,-0.851,0.173,0.67
1750789400833.00,2025-06-24T21:23:20.833,22.24,-0.818,0.171,0.667
1750789400843.00,2025-06-24T21:23:20.843,22.25,-0.71,0.16,0.693
1750789400853.00,2025-06-24T21:23:20.853,22.26,-0.57,0.147,0.774
1750789400863.00,2025-06-24T21:23:20.863,22.27,-0.479,0.143,0.836
1750789400873.00,2025-06-24T21:23:20.873,22.28,-0.423,0.136,0.848
1750789400883.00,2025-06-24T21:23:20.883,22.29,-0.382,0.124,0.857
1750789400893.00,2025-06-24T21:23:20.893,22.3,-0.352,0.115,0.877
1750789400903.00,2025-06-24T21:23:20.903,22.31,-0.32,0.102,0.894
1750789400913.00,2025-06-24T21:23:20.913,22.32,-0.277,0.089,0.927
1750789400923.00,2025-06-24T21:23:20.923,22.33,-0.232,0.071,0.966
1750789400933.00,2025-06-24T21:23:20.933,22.34,-0.173,0.05,1
1750789400943.00,2025-06-24T21:23:20.943,22.35,-0.132,0.048,1.008
1750789400953.00,2025-06-24T21:23:20.953,22.36,-0.122,0.053,0.992
1750789400963.00,2025-06-24T21:23:20.963,22.37,-0.129,0.057,0.983
1750789400973.00,2025-06-24T21:23:20.973,22.38,-0.132,0.063,0.976
1750789400983.00,2025-06-24T21:23:20.983,22.39,-0.121,0.059,0.973
1750789400993.00,2025-06-24T21:23:20.993,22.4,-0.095,0.05,0.981
1750789401003.00,2025-06-24T21:23:21.003,22.41,-0.048,0.045,1.003
1750789401013.00,2025-06-24T21:23:21.013,22.42,0.005,0.04,1.013
1750789401023.00,2025-06-24T21:23:21.023,22.43,0.043,0.036,1.017
1750789401033.00,2025-06-24T21:23:21.033,22.44,0.049,0.033,1.007
1750789401043.00,2025-06-24T21:23:21.043,22.45,0.03,0.034,0.995
1750789401053.00,2025-06-24T21:23:21.053,22.46,0.014,0.034,0.986
1750789401063.00,2025-06-24T21:23:21.063,22.47,0.004,0.031,0.986
1750789401073.00,2025-06-24T21:23:21.073,22.48,0.03,0.027,0.999
1750789401083.00,2025-06-24T21:23:21.083,22.49,0.068,0.025,1.006
1750789401093.00,2025-06-24T21:23:21.093,22.5,0.095,0.021,1.018
1750789401103.00,2025-06-24T21:23:21.103,22.51,0.108,0.012,1.018
1750789401113.00,2025-06-24T21:23:21.113,22.52,0.117,0.007,1.023
1750789401123.00,2025-06-24T21:23:21.123,22.53,0.12,0.007,1.03
1750789401133.00,2025-06-24T21:23:21.133,22.54,0.132,0.005,1.033
1750789401143.00,2025-06-24T21:23:21.143,22.55,0.149,0.004,1.037
1750789401153.00,2025-06-24T21:23:21.153,22.56,0.151,0,1.031
1750789401163.00,2025-06-24T21:23:21.163,22.57,0.154,-0.001,1.027
1750789401173.00,2025-06-24T21:23:21.173,22.58,0.154,-0.001,1.03
1750789401183.00,2025-06-24T21:23:21.183,22.59,0.157,-0.004,1.025
1750789401193.00,2025-06-24T21:23:21.193,22.6,0.175,0,1.02
1750789401203.00,2025-06-24T21:23:21.203,22.61,0.199,-0.035,1.057
1750789401213.00,2025-06-24T21:23:21.213,22.62,0.265,-0.013,1.006
1750789401223.00,2025-06-24T21:23:21.223,22.63,0.367,0.011,1.024
1750789401233.00,2025-06-24T21:23:21.233,22.64,0.573,-0.047,1.015
1750789401243.00,2025-06-24T21:23:21.243,22.65,0.772,-0.079,0.922
1750789401253.00,2025-06-24T21:23:21.253,22.66,0.704,-0.033,0.934
1750789401263.00,2025-06-24T21:23:21.263,22.67,0.351,0.027,0.897
1750789401273.00,2025-06-24T21:23:21.273,22.68,-0.091,0.074,0.719
1750789401283.00,2025-06-24T21:23:21.283,22.69,-0.485,0.128,0.643
1750789401293.00,2025-06-24T21:23:21.293,22.7,-0.676,0.166,0.599
1750789401303.00,2025-06-24T21:23:21.303,22.71,-0.76,0.173,0.554
1750789401313.00,2025-06-24T21:23:21.313,22.72,-0.862,0.148,0.565
1750789401323.00,2025-06-24T21:23:21.323,22.73,-0.963,0.141,0.598
1750789401333.00,2025-06-24T21:23:21.333,22.74,-1.061,0.178,0.646
1750789401343.00,2025-06-24T21:23:21.343,22.75,-1.08,0.209,0.65
1750789401353.00,2025-06-24T21:23:21.353,22.76,-1.029,0.21,0.66
1750789401363.00,2025-06-24T21:23:21.363,22.77,-0.97,0.199,0.673
1750789401373.00,2025-06-24T21:23:21.373,22.78,-0.958,0.195,0.69
1750789401383.00,2025-06-24T21:23:21.383,22.79,-0.965,0.199,0.659
1750789401393.00,2025-06-24T21:23:21.393,22.8,-0.979,0.206,0.629
1750789401403.00,2025-06-24T21:23:21.403,22.81,-0.946,0.199,0.609
1750789401413.00,2025-06-24T21:23:21.413,22.82,-0.874,0.173,0.615
1750789401423.00,2025-06-24T21:23:21.423,22.83,-0.8,0.156,0.651
1750789401433.00,2025-06-24T21:23:21.433,22.84,-0.75,0.145,0.679
1750789401443.00,2025-06-24T21:23:21.443,22.85,-0.721,0.134,0.707
1750789401453.00,2025-06-24T21:23:21.453,22.86,-0.723,0.128,0.725
1750789401463.00,2025-06-24T21:23:21.463,22.87,-0.737,0.132,0.73
1750789401473.00,2025-06-24T21:23:21.473,22.88,-0.733,0.14,0.746
1750789401483.00,2025-06-24T21:23:21.483,22.89,-0.685,0.145,0.765
1750789401493.00,2025-06-24T21:23:21.493,22.9,-0.578,0.139,0.801
1750789401503.00,2025-06-24T21:23:21.503,22.91,-0.449,0.125,0.84
1750789401513.00,2025-06-24T21:23:21.513,22.92,-0.328,0.11,0.869
1750789401523.00,2025-06-24T21:23:21.523,22.93,-0.258,0.1,0.894
1750789401533.00,2025-06-24T21:23:21.533,22.94,-0.249,0.095,0.919
1750789401543.00,2025-06-24T21:23:21.543,22.95,-0.288,0.095,0.94
1750789401553.00,2025-06-24T21:23:21.553,22.96,-0.319,0.102,0.967
1750789401563.00,2025-06-24T21:23:21.563,22.97,-0.301,0.112,0.97
1750789401573.00,2025-06-24T21:23:21.573,22.98,-0.238,0.108,0.956
1750789401583.00,2025-06-24T21:23:21.583,22.99,-0.148,0.082,0.955
1750789401593.00,2025-06-24T21:23:21.593,23,-0.049,0.054,0.974
1750789401603.00,2025-06-24T21:23:21.603,23.01,0.029,0.044,0.989
1750789401613.00,2025-06-24T21:23:21.613,23.02,0.068,0.038,0.997
1750789401623.00,2025-06-24T21:23:21.623,23.03,0.102,0.025,0.998
1750789401633.00,2025-06-24T21:23:21.633,23.04,0.141,0.009,1.008
1750789401643.00,2025-06-24T21:23:21.643,23.05,0.172,0.001,1.029
1750789401653.00,2025-06-24T21:23:21.653,23.06,0.187,-0.001,1.045
1750789401663.00,2025-06-24T21:23:21.663,23.07,0.192,0.002,1.038
1750789401673.00,2025-06-24T21:23:21.673,23.08,0.189,0.008,1.014
1750789401683.00,2025-06-24T21:23:21.683,23.09,0.201,0.007,1.012
1750789401693.00,2025-06-24T21:23:21.693,23.1,0.241,0.003,1.008
1750789401703.00,2025-06-24T21:23:21.703,23.11,0.285,0.001,1.007
1750789401713.00,2025-06-24T21:23:21.713,23.12,0.299,-0.001,1.004
1750789401723.00,2025-06-24T21:23:21.723,23.13,0.294,-0.006,0.999
1750789401733.00,2025-06-24T21:23:21.733,23.14,0.276,-0.005,1.009
1750789401743.00,2025-06-24T21:23:21.743,23.15,0.272,-0.007,0.998
1750789401753.00,2025-06-24T21:23:21.753,23.16,0.287,-0.008,0.984
1750789401763.00,2025-06-24T21:23:21.763,23.17,0.319,-0.012,0.978
1750789401773.00,2025-06-24T21:23:21.773,23.18,0.345,-0.021,0.975
1750789401783.00,2025-06-24T21:23:21.783,23.19,0.353,-0.028,0.976
1750789401793.00,2025-06-24T21:23:21.793,23.2,0.333,-0.025,0.965
1750789401803.00,2025-06-24T21:23:21.803,23.21,0.307,-0.016,0.953
1750789401813.00,2025-06-24T21:23:21.813,23.22,0.282,-0.017,0.948
1750789401823.00,2025-06-24T21:23:21.823,23.23,0.282,-0.02,0.945
1750789401833.00,2025-06-24T21:23:21.833,23.24,0.305,-0.022,0.949
1750789401843.00,2025-06-24T21:23:21.843,23.25,0.332,-0.027,0.949
1750789401853.00,2025-06-24T21:23:21.853,23.26,0.345,-0.03,0.943
1750789401863.00,2025-06-24T21:23:21.863,23.27,0.352,-0.026,0.944
1750789401873.00,2025-06-24T21:23:21.873,23.28,0.354,-0.024,0.939
1750789401883.00,2025-06-24T21:23:21.883,23.29,0.352,-0.032,0.939
1750789401893.00,2025-06-24T21:23:21.893,23.3,0.355,-0.037,0.938
1750789401903.00,2025-06-24T21:23:21.903,23.31,0.369,-0.045,0.938
1750789401913.00,2025-06-24T21:23:21.913,23.32,0.404,-0.045,0.937
1750789401923.00,2025-06-24T21:23:21.923,23.33,0.485,-0.047,0.936
1750789401933.00,2025-06-24T21:23:21.933,23.34,0.639,-0.055,0.914
1750789401943.00,2025-06-24T21:23:21.943,23.35,0.759,-0.076,0.937
1750789401953.00,2025-06-24T21:23:21.953,23.36,0.775,-0.085,0.945
1750789401963.00,2025-06-24T21:23:21.963,23.37,0.691,-0.054,0.935
1750789401973.00,2025-06-24T21:23:21.973,23.38,0.535,-0.024,0.869
1750789401983.00,2025-06-24T21:23:21.983,23.39,0.391,-0.012,0.807
1750789401993.00,2025-06-24T21:23:21.993,23.4,0.238,0.01,0.706
1750789402003.00,2025-06-24T21:23:22.003,23.41,0.016,0.034,0.645
1750789402013.00,2025-06-24T21:23:22.013,23.42,-0.225,0.057,0.598
1750789402023.00,2025-06-24T21:23:22.023,23.43,-0.496,0.068,0.573
1750789402033.00,2025-06-24T21:23:22.033,23.44,-0.778,0.074,0.597
1750789402043.00,2025-06-24T21:23:22.043,23.45,-0.96,0.09,0.599
1750789402053.00,2025-06-24T21:23:22.053,23.46,-1.021,0.144,0.6
1750789402063.00,2025-06-24T21:23:22.063,23.47,-0.987,0.196,0.613
1750789402073.00,2025-06-24T21:23:22.073,23.48,-0.941,0.192,0.662
1750789402083.00,2025-06-24T21:23:22.083,23.49,-0.917,0.169,0.703
1750789402093.00,2025-06-24T21:23:22.093,23.5,-0.86,0.173,0.723
1750789402103.00,2025-06-24T21:23:22.103,23.51,-0.839,0.188,0.737
1750789402113.00,2025-06-24T21:23:22.113,23.52,-0.814,0.189,0.747
1750789402123.00,2025-06-24T21:23:22.123,23.53,-0.809,0.207,0.723
1750789402133.00,2025-06-24T21:23:22.133,23.54,-0.876,0.21,0.683
1750789402143.00,2025-06-24T21:23:22.143,23.55,-0.939,0.188,0.646
1750789402153.00,2025-06-24T21:23:22.153,23.56,-0.94,0.174,0.634
1750789402163.00,2025-06-24T21:23:22.163,23.57,-0.889,0.167,0.624
1750789402173.00,2025-06-24T21:23:22.173,23.58,-0.838,0.151,0.624
1750789402183.00,2025-06-24T21:23:22.183,23.59,-0.79,0.138,0.645
1750789402193.00,2025-06-24T21:23:22.193,23.6,-0.772,0.13,0.659
1750789402203.00,2025-06-24T21:23:22.203,23.61,-0.765,0.123,0.675
1750789402213.00,2025-06-24T21:23:22.213,23.62,-0.751,0.118,0.686
1750789402223.00,2025-06-24T21:23:22.223,23.63,-0.736,0.117,0.712
1750789402233.00,2025-06-24T21:23:22.233,23.64,-0.722,0.127,0.752
1750789402243.00,2025-06-24T21:23:22.243,23.65,-0.718,0.144,0.764
1750789402253.00,2025-06-24T21:23:22.253,23.66,-0.708,0.147,0.777
1750789402263.00,2025-06-24T21:23:22.263,23.67,-0.673,0.146,0.784
1750789402273.00,2025-06-24T21:23:22.273,23.68,-0.695,0.131,0.754
1750789402283.00,2025-06-24T21:23:22.283,23.69,-0.724,0.144,0.784
1750789402293.00,2025-06-24T21:23:22.293,23.7,-0.666,0.183,0.832
1750789402303.00,2025-06-24T21:23:22.303,23.71,-0.508,0.183,0.875
1750789402313.00,2025-06-24T21:23:22.313,23.72,-0.238,0.128,0.896
1750789402323.00,2025-06-24T21:23:22.323,23.73,0.042,0.073,0.919
1750789402333.00,2025-06-24T21:23:22.333,23.74,0.216,0.039,0.971
1750789402343.00,2025-06-24T21:23:22.343,23.75,0.249,0.026,1.005
1750789402353.00,2025-06-24T21:23:22.353,23.76,0.178,0.041,1.027
1750789402363.00,2025-06-24T21:23:22.363,23.77,0.076,0.061,1.01
1750789402373.00,2025-06-24T21:23:22.373,23.78,0.005,0.064,0.988
1750789402383.00,2025-06-24T21:23:22.383,23.79,0.015,0.054,0.984
1750789402393.00,2025-06-24T21:23:22.393,23.8,0.073,0.031,0.988
1750789402403.00,2025-06-24T21:23:22.403,23.81,0.127,0.018,1.005
1750789402413.00,2025-06-24T21:23:22.413,23.82,0.181,0.017,1.005
1750789402423.00,2025-06-24T21:23:22.423,23.83,0.227,0.015,1.021
1750789402433.00,2025-06-24T21:23:22.433,23.84,0.247,0.019,1.036
1750789402443.00,2025-06-24T21:23:22.443,23.85,0.257,0.018,1.03
1750789402453.00,2025-06-24T21:23:22.453,23.86,0.251,0.015,1.018
1750789402463.00,2025-06-24T21:23:22.463,23.87,0.211,0.023,1.021
1750789402473.00,2025-06-24T21:23:22.473,23.88,0.184,0.026,1.005
1750789402483.00,2025-06-24T21:23:22.483,23.89,0.179,0.029,0.987
1750789402493.00,2025-06-24T21:23:22.493,23.9,0.198,0.029,0.979
1750789402503.00,2025-06-24T21:23:22.503,23.91,0.237,0.024,0.983
1750789402513.00,2025-06-24T21:23:22.513,23.92,0.279,0.015,0.99
1750789402523.00,2025-06-24T21:23:22.523,23.93,0.3,0.008,1.004
1750789402533.00,2025-06-24T21:23:22.533,23.94,0.274,0.008,1.017
1750789402543.00,2025-06-24T21:23:22.543,23.95,0.24,0.009,0.999
1750789402553.00,2025-06-24T21:23:22.553,23.96,0.241,0.014,0.982
1750789402563.00,2025-06-24T21:23:22.563,23.97,0.271,0.015,0.978
1750789402573.00,2025-06-24T21:23:22.573,23.98,0.319,0.003,0.98
1750789402583.00,2025-06-24T21:23:22.583,23.99,0.349,-0.004,0.976
1750789402593.00,2025-06-24T21:23:22.593,24,0.345,-0.003,0.966
1750789402603.00,2025-06-24T21:23:22.603,24.01,0.324,0.001,0.968
1750789402613.00,2025-06-24T21:23:22.613,24.02,0.317,0.004,0.968
1750789402623.00,2025-06-24T21:23:22.623,24.03,0.32,0.004,0.955
1750789402633.00,2025-06-24T21:23:22.633,24.04,0.339,-0.003,0.953
1750789402643.00,2025-06-24T21:23:22.643,24.05,0.357,-0.003,0.958
1750789402653.00,2025-06-24T21:23:22.653,24.06,0.352,-0.008,0.959
1750789402663.00,2025-06-24T21:23:22.663,24.07,0.342,-0.018,0.953
1750789402673.00,2025-06-24T21:23:22.673,24.08,0.384,-0.031,0.956
1750789402683.00,2025-06-24T21:23:22.683,24.09,0.531,-0.018,0.935
1750789402693.00,2025-06-24T21:23:22.693,24.1,0.699,-0.035,0.933
1750789402703.00,2025-06-24T21:23:22.703,24.11,0.803,-0.059,0.964
1750789402713.00,2025-06-24T21:23:22.713,24.12,0.813,-0.063,0.96
1750789402723.00,2025-06-24T21:23:22.723,24.13,0.683,-0.029,0.928
1750789402733.00,2025-06-24T21:23:22.733,24.14,0.508,-0.002,0.823
1750789402743.00,2025-06-24T21:23:22.743,24.15,0.263,0.031,0.755
1750789402753.00,2025-06-24T21:23:22.753,24.16,-0.003,0.045,0.666
1750789402763.00,2025-06-24T21:23:22.763,24.17,-0.217,0.06,0.607
1750789402773.00,2025-06-24T21:23:22.773,24.18,-0.489,0.085,0.559
1750789402783.00,2025-06-24T21:23:22.783,24.19,-0.791,0.084,0.596
1750789402793.00,2025-06-24T21:23:22.793,24.2,-1.018,0.092,0.612
1750789402803.00,2025-06-24T21:23:22.803,24.21,-1.119,0.152,0.656
1750789402813.00,2025-06-24T21:23:22.813,24.22,-0.991,0.19,0.717
1750789402823.00,2025-06-24T21:23:22.823,24.23,-0.779,0.191,0.782
1750789402833.00,2025-06-24T21:23:22.833,24.24,-0.641,0.174,0.838
1750789402843.00,2025-06-24T21:23:22.843,24.25,-0.612,0.172,0.85
1750789402853.00,2025-06-24T21:23:22.853,24.26,-0.663,0.186,0.825
1750789402863.00,2025-06-24T21:23:22.863,24.27,-0.752,0.208,0.77
1750789402873.00,2025-06-24T21:23:22.873,24.28,-0.833,0.214,0.738
1750789402883.00,2025-06-24T21:23:22.883,24.29,-0.884,0.209,0.72
1750789402893.00,2025-06-24T21:23:22.893,24.3,-0.886,0.2,0.735
1750789402903.00,2025-06-24T21:23:22.903,24.31,-0.811,0.195,0.751
1750789402913.00,2025-06-24T21:23:22.913,24.32,-0.706,0.179,0.779
1750789402923.00,2025-06-24T21:23:22.923,24.33,-0.646,0.164,0.8
1750789402933.00,2025-06-24T21:23:22.933,24.34,-0.619,0.151,0.807
1750789402943.00,2025-06-24T21:23:22.943,24.35,-0.624,0.148,0.81
1750789402953.00,2025-06-24T21:23:22.953,24.36,-0.659,0.153,0.793
1750789402963.00,2025-06-24T21:23:22.963,24.37,-0.719,0.149,0.746
1750789402973.00,2025-06-24T21:23:22.973,24.38,-0.755,0.144,0.732
1750789402983.00,2025-06-24T21:23:22.983,24.39,-0.737,0.153,0.758
1750789402993.00,2025-06-24T21:23:22.993,24.4,-0.697,0.164,0.788
1750789403003.00,2025-06-24T21:23:23.003,24.41,-0.657,0.166,0.809
1750789403013.00,2025-06-24T21:23:23.013,24.42,-0.607,0.158,0.843
1750789403023.00,2025-06-24T21:23:23.023,24.43,-0.539,0.152,0.865
1750789403033.00,2025-06-24T21:23:23.033,24.44,-0.468,0.142,0.887
1750789403043.00,2025-06-24T21:23:23.043,24.45,-0.406,0.13,0.904
1750789403053.00,2025-06-24T21:23:23.053,24.46,-0.343,0.116,0.915
1750789403063.00,2025-06-24T21:23:23.063,24.47,-0.318,0.107,0.932
1750789403073.00,2025-06-24T21:23:23.073,24.48,-0.334,0.107,0.922
1750789403083.00,2025-06-24T21:23:23.083,24.49,-0.355,0.108,0.909
1750789403093.00,2025-06-24T21:23:23.093,24.5,-0.361,0.11,0.938
1750789403103.00,2025-06-24T21:23:23.103,24.51,-0.365,0.119,0.957
1750789403113.00,2025-06-24T21:23:23.113,24.52,-0.351,0.119,0.943
1750789403123.00,2025-06-24T21:23:23.123,24.53,-0.292,0.106,0.94
1750789403133.00,2025-06-24T21:23:23.133,24.54,-0.221,0.096,0.976
1750789403143.00,2025-06-24T21:23:23.143,24.55,-0.129,0.08,0.973
1750789403153.00,2025-06-24T21:23:23.153,24.56,-0.062,0.065,0.981
1750789403163.00,2025-06-24T21:23:23.163,24.57,-0.042,0.053,0.987
1750789403173.00,2025-06-24T21:23:23.173,24.58,-0.093,0.066,1.004
1750789403183.00,2025-06-24T21:23:23.183,24.59,-0.125,0.08,0.997
1750789403193.00,2025-06-24T21:23:23.193,24.6,-0.055,0.084,0.925
1750789403203.00,2025-06-24T21:23:23.203,24.61,0.116,0.063,0.866
1750789403213.00,2025-06-24T21:23:23.213,24.62,0.362,0.027,0.867
1750789403223.00,2025-06-24T21:23:23.223,24.63,0.604,-0.02,0.885
1750789403233.00,2025-06-24T21:23:23.233,24.64,0.74,-0.044,0.917
1750789403243.00,2025-06-24T21:23:23.243,24.65,0.732,-0.057,0.932
1750789403253.00,2025-06-24T21:23:23.253,24.66,0.642,-0.056,0.935
1750789403263.00,2025-06-24T21:23:23.263,24.67,0.54,-0.041,0.928
1750789403273.00,2025-06-24T21:23:23.273,24.68,0.482,-0.034,0.911
1750789403283.00,2025-06-24T21:23:23.283,24.69,0.463,-0.031,0.892
1750789403293.00,2025-06-24T21:23:23.293,24.7,0.461,-0.039,0.868
1750789403303.00,2025-06-24T21:23:23.303,24.71,0.492,-0.043,0.847
1750789403313.00,2025-06-24T21:23:23.313,24.72,0.534,-0.046,0.833
1750789403323.00,2025-06-24T21:23:23.323,24.73,0.582,-0.052,0.83
1750789403333.00,2025-06-24T21:23:23.333,24.74,0.634,-0.057,0.833
1750789403343.00,2025-06-24T21:23:23.343,24.75,0.683,-0.068,0.828
1750789403353.00,2025-06-24T21:23:23.353,24.76,0.723,-0.078,0.833
1750789403363.00,2025-06-24T21:23:23.363,24.77,0.713,-0.071,0.842
1750789403373.00,2025-06-24T21:23:23.373,24.78,0.66,-0.067,0.842
1750789403383.00,2025-06-24T21:23:23.383,24.79,0.586,-0.063,0.846
1750789403393.00,2025-06-24T21:23:23.393,24.8,0.508,-0.048,0.839
1750789403403.00,2025-06-24T21:23:23.403,24.81,0.474,-0.042,0.841
1750789403413.00,2025-06-24T21:23:23.413,24.82,0.5,-0.056,0.838
1750789403423.00,2025-06-24T21:23:23.423,24.83,0.613,-0.058,0.821
1750789403433.00,2025-06-24T21:23:23.433,24.84,0.767,-0.071,0.843
1750789403443.00,2025-06-24T21:23:23.443,24.85,0.887,-0.093,0.864
1750789403453.00,2025-06-24T21:23:23.453,24.86,0.954,-0.103,0.833
1750789403463.00,2025-06-24T21:23:23.463,24.87,0.886,-0.083,0.844
1750789403473.00,2025-06-24T21:23:23.473,24.88,0.708,-0.047,0.788
1750789403483.00,2025-06-24T21:23:23.483,24.89,0.434,-0.017,0.708
1750789403493.00,2025-06-24T21:23:23.493,24.9,0.169,0.014,0.621
1750789403503.00,2025-06-24T21:23:23.503,24.91,-0.032,0.047,0.554
1750789403513.00,2025-06-24T21:23:23.513,24.92,-0.246,0.087,0.541
1750789403523.00,2025-06-24T21:23:23.523,24.93,-0.518,0.103,0.535
1750789403533.00,2025-06-24T21:23:23.533,24.94,-0.852,0.109,0.527
1750789403543.00,2025-06-24T21:23:23.543,24.95,-1.169,0.122,0.553
1750789403553.00,2025-06-24T21:23:23.553,24.96,-1.313,0.17,0.618
1750789403563.00,2025-06-24T21:23:23.563,24.97,-1.179,0.23,0.685
1750789403573.00,2025-06-24T21:23:23.573,24.98,-0.85,0.209,0.727
1750789403583.00,2025-06-24T21:23:23.583,24.99,-0.581,0.134,0.813
1750789403593.00,2025-06-24T21:23:23.593,25,-0.475,0.116,0.871
1750789403603.00,2025-06-24T21:23:23.603,25.01,-0.563,0.151,0.854
1750789403613.00,2025-06-24T21:23:23.613,25.02,-0.708,0.173,0.801
1750789403623.00,2025-06-24T21:23:23.623,25.03,-0.777,0.185,0.763
1750789403633.00,2025-06-24T21:23:23.633,25.04,-0.806,0.187,0.74
1750789403643.00,2025-06-24T21:23:23.643,25.05,-0.836,0.178,0.729
1750789403653.00,2025-06-24T21:23:23.653,25.06,-0.816,0.16,0.745
1750789403663.00,2025-06-24T21:23:23.663,25.07,-0.744,0.152,0.764
1750789403673.00,2025-06-24T21:23:23.673,25.08,-0.673,0.145,0.768
1750789403683.00,2025-06-24T21:23:23.683,25.09,-0.628,0.126,0.77
1750789403693.00,2025-06-24T21:23:23.693,25.1,-0.615,0.115,0.789
1750789403703.00,2025-06-24T21:23:23.703,25.11,-0.642,0.122,0.808
1750789403713.00,2025-06-24T21:23:23.713,25.12,-0.679,0.126,0.808
1750789403723.00,2025-06-24T21:23:23.723,25.13,-0.727,0.132,0.803
1750789403733.00,2025-06-24T21:23:23.733,25.14,-0.736,0.148,0.812
1750789403743.00,2025-06-24T21:23:23.743,25.15,-0.692,0.156,0.824
1750789403753.00,2025-06-24T21:23:23.753,25.16,-0.619,0.15,0.832
1750789403763.00,2025-06-24T21:23:23.763,25.17,-0.544,0.144,0.844
1750789403773.00,2025-06-24T21:23:23.773,25.18,-0.455,0.134,0.868
1750789403783.00,2025-06-24T21:23:23.783,25.19,-0.396,0.116,0.888
1750789403793.00,2025-06-24T21:23:23.793,25.2,-0.372,0.113,0.913
1750789403803.00,2025-06-24T21:23:23.803,25.21,-0.351,0.127,0.952
1750789403813.00,2025-06-24T21:23:23.813,25.22,-0.302,0.127,0.986
1750789403823.00,2025-06-24T21:23:23.823,25.23,-0.215,0.102,0.98
1750789403833.00,2025-06-24T21:23:23.833,25.24,-0.125,0.087,0.984
1750789403843.00,2025-06-24T21:23:23.843,25.25,-0.041,0.076,0.988
1750789403853.00,2025-06-24T21:23:23.853,25.26,0.013,0.06,0.995
1750789403863.00,2025-06-24T21:23:23.863,25.27,0.027,0.055,1.015
1750789403873.00,2025-06-24T21:23:23.873,25.28,0.028,0.061,1.025
1750789403883.00,2025-06-24T21:23:23.883,25.29,0.018,0.06,1.016
1750789403893.00,2025-06-24T21:23:23.893,25.3,0.003,0.056,1.02
1750789403903.00,2025-06-24T21:23:23.903,25.31,-0.005,0.053,1.024
1750789403913.00,2025-06-24T21:23:23.913,25.32,-0.017,0.05,1.028
1750789403923.00,2025-06-24T21:23:23.923,25.33,-0.031,0.051,1.03
1750789403933.00,2025-06-24T21:23:23.933,25.34,-0.027,0.053,1.019
1750789403943.00,2025-06-24T21:23:23.943,25.35,-0.02,0.052,1.025
1750789403953.00,2025-06-24T21:23:23.953,25.36,-0.027,0.052,1.038
1750789403963.00,2025-06-24T21:23:23.963,25.37,-0.041,0.059,1.034
1750789403973.00,2025-06-24T21:23:23.973,25.38,-0.061,0.065,1.027
1750789403983.00,2025-06-24T21:23:23.983,25.39,-0.097,0.071,1.021
1750789403993.00,2025-06-24T21:23:23.993,25.4,-0.111,0.076,1.01
1750789404003.00,2025-06-24T21:23:24.003,25.41,-0.112,0.078,1.014
1750789404013.00,2025-06-24T21:23:24.013,25.42,-0.107,0.073,1.012
1750789404023.00,2025-06-24T21:23:24.023,25.43,-0.087,0.073,1.017
1750789404033.00,2025-06-24T21:23:24.033,25.44,-0.044,0.066,1.017
1750789404043.00,2025-06-24T21:23:24.043,25.45,-0.005,0.062,1.013
1750789404053.00,2025-06-24T21:23:24.053,25.46,0.029,0.053,1.02
1750789404063.00,2025-06-24T21:23:24.063,25.47,0.045,0.051,1.022
1750789404073.00,2025-06-24T21:23:24.073,25.48,0.052,0.052,1.012
1750789404083.00,2025-06-24T21:23:24.083,25.49,0.059,0.051,1.011
1750789404093.00,2025-06-24T21:23:24.093,25.5,0.062,0.044,1.019
1750789404103.00,2025-06-24T21:23:24.103,25.51,0.065,0.036,1.014
1750789404113.00,2025-06-24T21:23:24.113,25.52,0.088,0.016,1.033
1750789404123.00,2025-06-24T21:23:24.123,25.53,0.144,0.023,1.025
1750789404133.00,2025-06-24T21:23:24.133,25.54,0.228,0.056,0.998
1750789404143.00,2025-06-24T21:23:24.143,25.55,0.371,0.022,0.981
1750789404153.00,2025-06-24T21:23:24.153,25.56,0.495,-0.035,0.959
1750789404163.00,2025-06-24T21:23:24.163,25.57,0.529,-0.038,1.013
1750789404173.00,2025-06-24T21:23:24.173,25.58,0.526,-0.024,0.951
1750789404183.00,2025-06-24T21:23:24.183,25.59,0.461,-0.006,0.858
1750789404193.00,2025-06-24T21:23:24.193,25.6,0.25,0.035,0.775
1750789404203.00,2025-06-24T21:23:24.203,25.61,-0.121,0.066,0.64
1750789404213.00,2025-06-24T21:23:24.213,25.62,-0.561,0.088,0.512
1750789404223.00,2025-06-24T21:23:24.223,25.63,-1.039,0.142,0.46
1750789404233.00,2025-06-24T21:23:24.233,25.64,-1.358,0.205,0.517
1750789404243.00,2025-06-24T21:23:24.243,25.65,-1.351,0.233,0.602
1750789404253.00,2025-06-24T21:23:24.253,25.66,-1.037,0.223,0.68
1750789404263.00,2025-06-24T21:23:24.263,25.67,-0.701,0.207,0.74
1750789404273.00,2025-06-24T21:23:24.273,25.68,-0.597,0.206,0.773
1750789404283.00,2025-06-24T21:23:24.283,25.69,-0.677,0.204,0.753
1750789404293.00,2025-06-24T21:23:24.293,25.7,-0.784,0.213,0.701
1750789404303.00,2025-06-24T21:23:24.303,25.71,-0.823,0.227,0.688
1750789404313.00,2025-06-24T21:23:24.313,25.72,-0.86,0.238,0.683
1750789404323.00,2025-06-24T21:23:24.323,25.73,-0.922,0.226,0.675
1750789404333.00,2025-06-24T21:23:24.333,25.74,-0.949,0.209,0.655
1750789404343.00,2025-06-24T21:23:24.343,25.75,-0.944,0.201,0.63
1750789404353.00,2025-06-24T21:23:24.353,25.76,-0.886,0.187,0.62
1750789404363.00,2025-06-24T21:23:24.363,25.77,-0.8,0.161,0.642
1750789404373.00,2025-06-24T21:23:24.373,25.78,-0.738,0.154,0.686
1750789404383.00,2025-06-24T21:23:24.383,25.79,-0.734,0.158,0.709
1750789404393.00,2025-06-24T21:23:24.393,25.8,-0.765,0.158,0.723
1750789404403.00,2025-06-24T21:23:24.403,25.81,-0.803,0.166,0.712
1750789404413.00,2025-06-24T21:23:24.413,25.82,-0.844,0.17,0.698
1750789404423.00,2025-06-24T21:23:24.423,25.83,-0.841,0.184,0.708
1750789404433.00,2025-06-24T21:23:24.433,25.84,-0.78,0.19,0.716
1750789404443.00,2025-06-24T21:23:24.443,25.85,-0.709,0.179,0.751
1750789404453.00,2025-06-24T21:23:24.453,25.86,-0.625,0.169,0.797
1750789404463.00,2025-06-24T21:23:24.463,25.87,-0.523,0.165,0.836
1750789404473.00,2025-06-24T21:23:24.473,25.88,-0.453,0.161,0.869
1750789404483.00,2025-06-24T21:23:24.483,25.89,-0.422,0.154,0.877
1750789404493.00,2025-06-24T21:23:24.493,25.9,-0.409,0.14,0.872
1750789404503.00,2025-06-24T21:23:24.503,25.91,-0.401,0.132,0.896
1750789404513.00,2025-06-24T21:23:24.513,25.92,-0.372,0.13,0.908
1750789404523.00,2025-06-24T21:23:24.523,25.93,-0.326,0.133,0.932
1750789404533.00,2025-06-24T21:23:24.533,25.94,-0.252,0.125,0.954
1750789404543.00,2025-06-24T21:23:24.543,25.95,-0.183,0.113,0.942
1750789404553.00,2025-06-24T21:23:24.553,25.96,-0.144,0.1,0.954
1750789404563.00,2025-06-24T21:23:24.563,25.97,-0.114,0.089,0.96
1750789404573.00,2025-06-24T21:23:24.573,25.98,-0.086,0.082,0.966
1750789404583.00,2025-06-24T21:23:24.583,25.99,-0.066,0.076,1.025
1750789404593.00,2025-06-24T21:23:24.593,26,-0.039,0.066,1.03
1750789404603.00,2025-06-24T21:23:24.603,26.01,0.005,0.065,1.041
1750789404613.00,2025-06-24T21:23:24.613,26.02,0.061,0.061,1.045
1750789404623.00,2025-06-24T21:23:24.623,26.03,0.093,0.056,1.035
1750789404633.00,2025-06-24T21:23:24.633,26.04,0.099,0.059,1.025
1750789404643.00,2025-06-24T21:23:24.643,26.05,0.096,0.06,1.015
1750789404653.00,2025-06-24T21:23:24.653,26.06,0.088,0.062,0.999
1750789404663.00,2025-06-24T21:23:24.663,26.07,0.088,0.059,0.996
1750789404673.00,2025-06-24T21:23:24.673,26.08,0.103,0.05,1.005
1750789404683.00,2025-06-24T21:23:24.683,26.09,0.135,0.043,1.016
1750789404693.00,2025-06-24T21:23:24.693,26.1,0.175,0.035,1.021
1750789404703.00,2025-06-24T21:23:24.703,26.11,0.205,0.028,1.018
1750789404713.00,2025-06-24T21:23:24.713,26.12,0.213,0.025,1.01
1750789404723.00,2025-06-24T21:23:24.723,26.13,0.21,0.026,1.004
1750789404733.00,2025-06-24T21:23:24.733,26.14,0.191,0.028,1
1750789404743.00,2025-06-24T21:23:24.743,26.15,0.167,0.03,0.992
1750789404753.00,2025-06-24T21:23:24.753,26.16,0.161,0.028,0.986
1750789404763.00,2025-06-24T21:23:24.763,26.17,0.175,0.029,0.986
1750789404773.00,2025-06-24T21:23:24.773,26.18,0.201,0.024,0.99
1750789404783.00,2025-06-24T21:23:24.783,26.19,0.22,0.018,0.991
1750789404793.00,2025-06-24T21:23:24.793,26.2,0.23,0.014,0.986
1750789404803.00,2025-06-24T21:23:24.803,26.21,0.237,0.007,0.998
1750789404813.00,2025-06-24T21:23:24.813,26.22,0.261,-0.006,1.012
1750789404823.00,2025-06-24T21:23:24.823,26.23,0.356,0.022,0.935
1750789404833.00,2025-06-24T21:23:24.833,26.24,0.479,0.02,0.968
1750789404843.00,2025-06-24T21:23:24.843,26.25,0.588,-0.017,0.96
1750789404853.00,2025-06-24T21:23:24.853,26.26,0.655,-0.03,0.938
1750789404863.00,2025-06-24T21:23:24.863,26.27,0.556,-0.003,0.949
1750789404873.00,2025-06-24T21:23:24.873,26.28,0.291,0.011,0.9
1750789404883.00,2025-06-24T21:23:24.883,26.29,0.047,0.016,0.812
1750789404893.00,2025-06-24T21:23:24.893,26.3,-0.194,0.078,0.751
1750789404903.00,2025-06-24T21:23:24.903,26.31,-0.386,0.111,0.695
1750789404913.00,2025-06-24T21:23:24.913,26.32,-0.604,0.111,0.675
1750789404923.00,2025-06-24T21:23:24.923,26.33,-0.778,0.109,0.661
1750789404933.00,2025-06-24T21:23:24.933,26.34,-0.88,0.141,0.696
1750789404943.00,2025-06-24T21:23:24.943,26.35,-0.955,0.183,0.747
1750789404953.00,2025-06-24T21:23:24.953,26.36,-0.862,0.189,0.792
1750789404963.00,2025-06-24T21:23:24.963,26.37,-0.666,0.189,0.833
1750789404973.00,2025-06-24T21:23:24.973,26.38,-0.57,0.196,0.824
1750789404983.00,2025-06-24T21:23:24.983,26.39,-0.603,0.193,0.813
1750789404993.00,2025-06-24T21:23:24.993,26.4,-0.711,0.21,0.793
1750789405003.00,2025-06-24T21:23:25.003,26.41,-0.794,0.213,0.756
1750789405013.00,2025-06-24T21:23:25.013,26.42,-0.807,0.202,0.754
1750789405023.00,2025-06-24T21:23:25.023,26.43,-0.76,0.2,0.765
1750789405033.00,2025-06-24T21:23:25.033,26.44,-0.73,0.196,0.759
1750789405043.00,2025-06-24T21:23:25.043,26.45,-0.739,0.176,0.744
1750789405053.00,2025-06-24T21:23:25.053,26.46,-0.698,0.152,0.757
1750789405063.00,2025-06-24T21:23:25.063,26.47,-0.627,0.145,0.793
1750789405073.00,2025-06-24T21:23:25.073,26.48,-0.627,0.146,0.814
1750789405083.00,2025-06-24T21:23:25.083,26.49,-0.672,0.153,0.804
1750789405093.00,2025-06-24T21:23:25.093,26.5,-0.672,0.157,0.812
1750789405103.00,2025-06-24T21:23:25.103,26.51,-0.625,0.163,0.843
1750789405113.00,2025-06-24T21:23:25.113,26.52,-0.562,0.168,0.874
1750789405123.00,2025-06-24T21:23:25.123,26.53,-0.484,0.168,0.9
1750789405133.00,2025-06-24T21:23:25.133,26.54,-0.404,0.159,0.92
1750789405143.00,2025-06-24T21:23:25.143,26.55,-0.352,0.148,0.942
1750789405153.00,2025-06-24T21:23:25.153,26.56,-0.341,0.143,0.94
1750789405163.00,2025-06-24T21:23:25.163,26.57,-0.333,0.145,0.94
1750789405173.00,2025-06-24T21:23:25.173,26.58,-0.304,0.145,0.944
1750789405183.00,2025-06-24T21:23:25.183,26.59,-0.271,0.137,0.962
1750789405193.00,2025-06-24T21:23:25.193,26.6,-0.25,0.125,0.967
1750789405203.00,2025-06-24T21:23:25.203,26.61,-0.231,0.116,0.969
1750789405213.00,2025-06-24T21:23:25.213,26.62,-0.212,0.112,0.983
1750789405223.00,2025-06-24T21:23:25.223,26.63,-0.177,0.108,0.997
1750789405233.00,2025-06-24T21:23:25.233,26.64,-0.144,0.103,1.001
1750789405243.00,2025-06-24T21:23:25.243,26.65,-0.119,0.091,1.012
1750789405253.00,2025-06-24T21:23:25.253,26.66,-0.104,0.083,1.028
1750789405263.00,2025-06-24T21:23:25.263,26.67,-0.103,0.083,1.021
1750789405273.00,2025-06-24T21:23:25.273,26.68,-0.122,0.089,1.021
1750789405283.00,2025-06-24T21:23:25.283,26.69,-0.136,0.093,1.02
1750789405293.00,2025-06-24T21:23:25.293,26.7,-0.121,0.093,1.019
1750789405303.00,2025-06-24T21:23:25.303,26.71,-0.097,0.092,1.016
1750789405313.00,2025-06-24T21:23:25.313,26.72,-0.085,0.089,1.009
1750789405323.00,2025-06-24T21:23:25.323,26.73,-0.066,0.085,1.022
1750789405333.00,2025-06-24T21:23:25.333,26.74,-0.051,0.086,1.027
1750789405343.00,2025-06-24T21:23:25.343,26.75,-0.036,0.085,1.029
1750789405353.00,2025-06-24T21:23:25.353,26.76,-0.017,0.08,1.021
1750789405363.00,2025-06-24T21:23:25.363,26.77,0.007,0.074,1.023
1750789405373.00,2025-06-24T21:23:25.373,26.78,0.03,0.068,1.026
1750789405383.00,2025-06-24T21:23:25.383,26.79,0.05,0.064,1.026
1750789405393.00,2025-06-24T21:23:25.393,26.8,0.063,0.061,1.021
1750789405403.00,2025-06-24T21:23:25.403,26.81,0.071,0.06,1.021
1750789405413.00,2025-06-24T21:23:25.413,26.82,0.079,0.057,1.011
1750789405423.00,2025-06-24T21:23:25.423,26.83,0.085,0.058,1
1750789405433.00,2025-06-24T21:23:25.433,26.84,0.093,0.057,0.998
1750789405443.00,2025-06-24T21:23:25.443,26.85,0.111,0.053,1
1750789405453.00,2025-06-24T21:23:25.453,26.86,0.13,0.049,0.997
1750789405463.00,2025-06-24T21:23:25.463,26.87,0.141,0.046,0.995
1750789405473.00,2025-06-24T21:23:25.473,26.88,0.151,0.041,1.001
1750789405483.00,2025-06-24T21:23:25.483,26.89,0.157,0.034,1.02
1750789405493.00,2025-06-24T21:23:25.493,26.9,0.174,0.013,1.036
1750789405503.00,2025-06-24T21:23:25.503,26.91,0.221,0.029,1.05
1750789405513.00,2025-06-24T21:23:25.513,26.92,0.313,0.06,1.021
1750789405523.00,2025-06-24T21:23:25.523,26.93,0.447,0.027,0.944
1750789405533.00,2025-06-24T21:23:25.533,26.94,0.503,-0.009,0.973
1750789405543.00,2025-06-24T21:23:25.543,26.95,0.495,-0.011,0.995
1750789405553.00,2025-06-24T21:23:25.553,26.96,0.452,-0.011,0.96
1750789405563.00,2025-06-24T21:23:25.563,26.97,0.361,0.007,0.903
1750789405573.00,2025-06-24T21:23:25.573,26.98,0.22,0.039,0.871
1750789405583.00,2025-06-24T21:23:25.583,26.99,0.026,0.061,0.799
1750789405593.00,2025-06-24T21:23:25.593,27,-0.223,0.089,0.74
1750789405603.00,2025-06-24T21:23:25.603,27.01,-0.466,0.103,0.637
1750789405613.00,2025-06-24T21:23:25.613,27.02,-0.765,0.137,0.601
1750789405623.00,2025-06-24T21:23:25.623,27.03,-1.001,0.172,0.591
1750789405633.00,2025-06-24T21:23:25.633,27.04,-1.02,0.161,0.648
1750789405643.00,2025-06-24T21:23:25.643,27.05,-0.867,0.158,0.707
1750789405653.00,2025-06-24T21:23:25.653,27.06,-0.731,0.169,0.782
1750789405663.00,2025-06-24T21:23:25.663,27.07,-0.669,0.189,0.822
1750789405673.00,2025-06-24T21:23:25.673,27.08,-0.695,0.212,0.8
1750789405683.00,2025-06-24T21:23:25.683,27.09,-0.77,0.215,0.768
1750789405693.00,2025-06-24T21:23:25.693,27.1,-0.824,0.222,0.733
1750789405703.00,2025-06-24T21:23:25.703,27.11,-0.854,0.228,0.704
1750789405713.00,2025-06-24T21:23:25.713,27.12,-0.873,0.221,0.689
1750789405723.00,2025-06-24T21:23:25.723,27.13,-0.887,0.218,0.682
1750789405733.00,2025-06-24T21:23:25.733,27.14,-0.881,0.211,0.674
1750789405743.00,2025-06-24T21:23:25.743,27.15,-0.819,0.193,0.685
1750789405753.00,2025-06-24T21:23:25.753,27.16,-0.757,0.182,0.71
1750789405763.00,2025-06-24T21:23:25.763,27.17,-0.704,0.166,0.733
1750789405773.00,2025-06-24T21:23:25.773,27.18,-0.694,0.159,0.748
1750789405783.00,2025-06-24T21:23:25.783,27.19,-0.714,0.159,0.741
1750789405793.00,2025-06-24T21:23:25.793,27.2,-0.727,0.161,0.724
1750789405803.00,2025-06-24T21:23:25.803,27.21,-0.753,0.164,0.718
1750789405813.00,2025-06-24T21:23:25.813,27.22,-0.791,0.175,0.715
1750789405823.00,2025-06-24T21:23:25.823,27.23,-0.787,0.183,0.713
1750789405833.00,2025-06-24T21:23:25.833,27.24,-0.736,0.189,0.734
1750789405843.00,2025-06-24T21:23:25.843,27.25,-0.655,0.182,0.759
1750789405853.00,2025-06-24T21:23:25.853,27.26,-0.536,0.165,0.796
1750789405863.00,2025-06-24T21:23:25.863,27.27,-0.429,0.145,0.831
1750789405873.00,2025-06-24T21:23:25.873,27.28,-0.363,0.127,0.879
1750789405883.00,2025-06-24T21:23:25.883,27.29,-0.337,0.127,0.92
1750789405893.00,2025-06-24T21:23:25.893,27.3,-0.337,0.13,0.94
1750789405903.00,2025-06-24T21:23:25.903,27.31,-0.323,0.13,0.943
1750789405913.00,2025-06-24T21:23:25.913,27.32,-0.293,0.126,0.925
1750789405923.00,2025-06-24T21:23:25.923,27.33,-0.251,0.131,0.933
1750789405933.00,2025-06-24T21:23:25.933,27.34,-0.164,0.126,0.925
1750789405943.00,2025-06-24T21:23:25.943,27.35,-0.072,0.109,0.933
1750789405953.00,2025-06-24T21:23:25.953,27.36,0.022,0.087,0.949
1750789405963.00,2025-06-24T21:23:25.963,27.37,0.091,0.065,0.973
1750789405973.00,2025-06-24T21:23:25.973,27.38,0.132,0.052,0.997
1750789405983.00,2025-06-24T21:23:25.983,27.39,0.13,0.052,1.008
1750789405993.00,2025-06-24T21:23:25.993,27.4,0.132,0.051,0.997
1750789406003.00,2025-06-24T21:23:26.003,27.41,0.169,0.041,0.988
1750789406013.00,2025-06-24T21:23:26.013,27.42,0.226,0.028,0.993
1750789406023.00,2025-06-24T21:23:26.023,27.43,0.278,0.02,0.992
1750789406033.00,2025-06-24T21:23:26.033,27.44,0.327,0.019,0.989
1750789406043.00,2025-06-24T21:23:26.043,27.45,0.37,0.019,0.983
1750789406053.00,2025-06-24T21:23:26.053,27.46,0.388,0.014,0.976
1750789406063.00,2025-06-24T21:23:26.063,27.47,0.392,0.012,0.978
1750789406073.00,2025-06-24T21:23:26.073,27.48,0.401,0.001,0.982
1750789406083.00,2025-06-24T21:23:26.083,27.49,0.418,-0.002,0.979
1750789406093.00,2025-06-24T21:23:26.093,27.5,0.428,-0.006,0.982
1750789406103.00,2025-06-24T21:23:26.103,27.51,0.435,-0.009,0.976
1750789406113.00,2025-06-24T21:23:26.113,27.52,0.415,-0.008,0.985
1750789406123.00,2025-06-24T21:23:26.123,27.53,0.356,0,0.977
1750789406133.00,2025-06-24T21:23:26.133,27.54,0.295,0.014,0.971
1750789406143.00,2025-06-24T21:23:26.143,27.55,0.258,0.024,0.969
1750789406153.00,2025-06-24T21:23:26.153,27.56,0.253,0.024,0.972
1750789406163.00,2025-06-24T21:23:26.163,27.57,0.263,0.022,0.977
1750789406173.00,2025-06-24T21:23:26.173,27.58,0.282,0.024,0.981
1750789406183.00,2025-06-24T21:23:26.183,27.59,0.295,0.023,0.986
1750789406193.00,2025-06-24T21:23:26.193,27.6,0.305,0.021,0.991
1750789406203.00,2025-06-24T21:23:26.203,27.61,0.319,0.015,0.998
1750789406213.00,2025-06-24T21:23:26.213,27.62,0.337,0.006,0.999
1750789406223.00,2025-06-24T21:23:26.223,27.63,0.354,0.013,0.995
1750789406233.00,2025-06-24T21:23:26.233,27.64,0.416,0.011,0.968
1750789406243.00,2025-06-24T21:23:26.243,27.65,0.534,0.011,0.917
1750789406253.00,2025-06-24T21:23:26.253,27.66,0.607,-0.01,0.985
1750789406263.00,2025-06-24T21:23:26.263,27.67,0.624,-0.016,0.964
1750789406273.00,2025-06-24T21:23:26.273,27.68,0.544,0.006,0.892
1750789406283.00,2025-06-24T21:23:26.283,27.69,0.369,0.036,0.805
1750789406293.00,2025-06-24T21:23:26.293,27.7,0.125,0.057,0.743
1750789406303.00,2025-06-24T21:23:26.303,27.71,-0.063,0.075,0.688
1750789406313.00,2025-06-24T21:23:26.313,27.72,-0.247,0.109,0.587
1750789406323.00,2025-06-24T21:23:26.323,27.73,-0.515,0.11,0.553
1750789406333.00,2025-06-24T21:23:26.333,27.74,-0.814,0.097,0.532
1750789406343.00,2025-06-24T21:23:26.343,27.75,-1.025,0.142,0.56
1750789406353.00,2025-06-24T21:23:26.353,27.76,-1.006,0.194,0.582
1750789406363.00,2025-06-24T21:23:26.363,27.77,-0.858,0.182,0.622
1750789406373.00,2025-06-24T21:23:26.373,27.78,-0.744,0.161,0.703
1750789406383.00,2025-06-24T21:23:26.383,27.79,-0.732,0.179,0.758
1750789406393.00,2025-06-24T21:23:26.393,27.8,-0.813,0.212,0.745
1750789406403.00,2025-06-24T21:23:26.403,27.81,-0.849,0.226,0.7
1750789406413.00,2025-06-24T21:23:26.413,27.82,-0.86,0.24,0.645
1750789406423.00,2025-06-24T21:23:26.423,27.83,-0.904,0.232,0.624
1750789406433.00,2025-06-24T21:23:26.433,27.84,-0.951,0.23,0.604
1750789406443.00,2025-06-24T21:23:26.443,27.85,-0.972,0.237,0.613
1750789406453.00,2025-06-24T21:23:26.453,27.86,-0.956,0.239,0.624
1750789406463.00,2025-06-24T21:23:26.463,27.87,-0.887,0.229,0.628
1750789406473.00,2025-06-24T21:23:26.473,27.88,-0.822,0.21,0.639
1750789406483.00,2025-06-24T21:23:26.483,27.89,-0.785,0.196,0.662
1750789406493.00,2025-06-24T21:23:26.493,27.9,-0.789,0.195,0.67
1750789406503.00,2025-06-24T21:23:26.503,27.91,-0.824,0.197,0.659
1750789406513.00,2025-06-24T21:23:26.513,27.92,-0.874,0.192,0.627
1750789406523.00,2025-06-24T21:23:26.523,27.93,-0.907,0.187,0.613
1750789406533.00,2025-06-24T21:23:26.533,27.94,-0.917,0.193,0.622
1750789406543.00,2025-06-24T21:23:26.543,27.95,-0.895,0.203,0.65
1750789406553.00,2025-06-24T21:23:26.553,27.96,-0.858,0.205,0.658
1750789406563.00,2025-06-24T21:23:26.563,27.97,-0.815,0.2,0.69
1750789406573.00,2025-06-24T21:23:26.573,27.98,-0.754,0.205,0.732
1750789406583.00,2025-06-24T21:23:26.583,27.99,-0.667,0.205,0.763
1750789406593.00,2025-06-24T21:23:26.593,28,-0.586,0.199,0.796
1750789406603.00,2025-06-24T21:23:26.603,28.01,-0.501,0.188,0.833
1750789406613.00,2025-06-24T21:23:26.613,28.02,-0.422,0.164,0.865
1750789406623.00,2025-06-24T21:23:26.623,28.03,-0.37,0.152,0.87
1750789406633.00,2025-06-24T21:23:26.633,28.04,-0.359,0.15,0.867
1750789406643.00,2025-06-24T21:23:26.643,28.05,-0.372,0.149,0.861
1750789406653.00,2025-06-24T21:23:26.653,28.06,-0.372,0.149,0.888
1750789406663.00,2025-06-24T21:23:26.663,28.07,-0.336,0.142,0.905
1750789406673.00,2025-06-24T21:23:26.673,28.08,-0.254,0.125,0.925
1750789406683.00,2025-06-24T21:23:26.683,28.09,-0.16,0.106,0.946
1750789406693.00,2025-06-24T21:23:26.693,28.1,-0.086,0.096,0.986
1750789406703.00,2025-06-24T21:23:26.703,28.11,-0.038,0.09,1.008
1750789406713.00,2025-06-24T21:23:26.713,28.12,-0.036,0.094,1.015
1750789406723.00,2025-06-24T21:23:26.723,28.13,-0.055,0.101,1.002
1750789406733.00,2025-06-24T21:23:26.733,28.14,-0.063,0.103,1
1750789406743.00,2025-06-24T21:23:26.743,28.15,-0.079,0.102,0.998
1750789406753.00,2025-06-24T21:23:26.753,28.16,-0.1,0.106,1.002
1750789406763.00,2025-06-24T21:23:26.763,28.17,-0.117,0.108,1.005
1750789406773.00,2025-06-24T21:23:26.773,28.18,-0.104,0.11,1.002
1750789406783.00,2025-06-24T21:23:26.783,28.19,-0.063,0.105,1.002
1750789406793.00,2025-06-24T21:23:26.793,28.2,-0.024,0.1,1.006
1750789406803.00,2025-06-24T21:23:26.803,28.21,0.001,0.091,1.009
1750789406813.00,2025-06-24T21:23:26.813,28.22,0.013,0.084,1.008
1750789406823.00,2025-06-24T21:23:26.823,28.23,0.021,0.079,1.011
1750789406833.00,2025-06-24T21:23:26.833,28.24,0.034,0.071,1.009
1750789406843.00,2025-06-24T21:23:26.843,28.25,0.044,0.065,1.009
1750789406853.00,2025-06-24T21:23:26.853,28.26,0.036,0.067,1.009
1750789406863.00,2025-06-24T21:23:26.863,28.27,0.023,0.07,0.996
1750789406873.00,2025-06-24T21:23:26.873,28.28,0.011,0.072,0.988
1750789406883.00,2025-06-24T21:23:26.883,28.29,0.023,0.066,0.994
1750789406893.00,2025-06-24T21:23:26.893,28.3,0.049,0.056,1.011
1750789406903.00,2025-06-24T21:23:26.903,28.31,0.06,0.056,1.018
1750789406913.00,2025-06-24T21:23:26.913,28.32,0.064,0.056,1.023
1750789406923.00,2025-06-24T21:23:26.923,28.33,0.075,0.06,1.028
1750789406933.00,2025-06-24T21:23:26.933,28.34,0.084,0.062,1.034
1750789406943.00,2025-06-24T21:23:26.943,28.35,0.091,0.061,1.034
1750789406953.00,2025-06-24T21:23:26.953,28.36,0.088,0.06,1.029
1750789406963.00,2025-06-24T21:23:26.963,28.37,0.078,0.063,1.032
1750789406973.00,2025-06-24T21:23:26.973,28.38,0.07,0.069,1.037
1750789406983.00,2025-06-24T21:23:26.983,28.39,0.065,0.069,1.041
1750789406993.00,2025-06-24T21:23:26.993,28.4,0.08,0.067,1.033
1750789407003.00,2025-06-24T21:23:27.003,28.41,0.101,0.065,1.022
1750789407013.00,2025-06-24T21:23:27.013,28.42,0.119,0.06,1.029
1750789407023.00,2025-06-24T21:23:27.023,28.43,0.14,0.055,1.04
1750789407033.00,2025-06-24T21:23:27.033,28.44,0.163,0.051,1.05
1750789407043.00,2025-06-24T21:23:27.043,28.45,0.151,0.052,1.056
1750789407053.00,2025-06-24T21:23:27.053,28.46,0.122,0.059,1.051
1750789407063.00,2025-06-24T21:23:27.063,28.47,0.108,0.066,1.047
1750789407073.00,2025-06-24T21:23:27.073,28.48,0.121,0.069,1.058
1750789407083.00,2025-06-24T21:23:27.083,28.49,0.144,0.064,1.051
1750789407093.00,2025-06-24T21:23:27.093,28.5,0.154,0.063,1.042
1750789407103.00,2025-06-24T21:23:27.103,28.51,0.159,0.057,1.048
1750789407113.00,2025-06-24T21:23:27.113,28.52,0.195,0.046,1.063
1750789407123.00,2025-06-24T21:23:27.123,28.53,0.271,0.077,1.039
1750789407133.00,2025-06-24T21:23:27.133,28.54,0.349,0.066,1.003
1750789407143.00,2025-06-24T21:23:27.143,28.55,0.36,0.019,1.055
1750789407153.00,2025-06-24T21:23:27.153,28.56,0.335,0.012,1.033
1750789407163.00,2025-06-24T21:23:27.163,28.57,0.28,0.049,0.927
1750789407173.00,2025-06-24T21:23:27.173,28.58,0.162,0.073,0.887
1750789407183.00,2025-06-24T21:23:27.183,28.59,0.077,0.066,0.877
1750789407193.00,2025-06-24T21:23:27.193,28.6,-0.009,0.085,0.812
1750789407203.00,2025-06-24T21:23:27.203,28.61,-0.167,0.111,0.734
1750789407213.00,2025-06-24T21:23:27.213,28.62,-0.354,0.111,0.593
1750789407223.00,2025-06-24T21:23:27.223,28.63,-0.609,0.097,0.495
1750789407233.00,2025-06-24T21:23:27.233,28.64,-0.88,0.115,0.502
1750789407243.00,2025-06-24T21:23:27.243,28.65,-1.031,0.161,0.549
1750789407253.00,2025-06-24T21:23:27.253,28.66,-1.034,0.205,0.651
1750789407263.00,2025-06-24T21:23:27.263,28.67,-0.972,0.23,0.709
1750789407273.00,2025-06-24T21:23:27.273,28.68,-0.849,0.22,0.721
1750789407283.00,2025-06-24T21:23:27.283,28.69,-0.755,0.216,0.72
1750789407293.00,2025-06-24T21:23:27.293,28.7,-0.771,0.219,0.697
1750789407303.00,2025-06-24T21:23:27.303,28.71,-0.851,0.22,0.644
1750789407313.00,2025-06-24T21:23:27.313,28.72,-0.913,0.224,0.609
1750789407323.00,2025-06-24T21:23:27.323,28.73,-0.923,0.228,0.61
1750789407333.00,2025-06-24T21:23:27.333,28.74,-0.922,0.225,0.608
1750789407343.00,2025-06-24T21:23:27.343,28.75,-0.908,0.212,0.625
1750789407353.00,2025-06-24T21:23:27.353,28.76,-0.864,0.205,0.654
1750789407363.00,2025-06-24T21:23:27.363,28.77,-0.809,0.192,0.67
1750789407373.00,2025-06-24T21:23:27.373,28.78,-0.772,0.178,0.669
1750789407383.00,2025-06-24T21:23:27.383,28.79,-0.771,0.167,0.669
1750789407393.00,2025-06-24T21:23:27.393,28.8,-0.782,0.167,0.674
1750789407403.00,2025-06-24T21:23:27.403,28.81,-0.791,0.166,0.67
1750789407413.00,2025-06-24T21:23:27.413,28.82,-0.807,0.171,0.683
1750789407423.00,2025-06-24T21:23:27.423,28.83,-0.803,0.178,0.702
1750789407433.00,2025-06-24T21:23:27.433,28.84,-0.767,0.177,0.717
1750789407443.00,2025-06-24T21:23:27.443,28.85,-0.735,0.182,0.735
1750789407453.00,2025-06-24T21:23:27.453,28.86,-0.686,0.177,0.765
1750789407463.00,2025-06-24T21:23:27.463,28.87,-0.604,0.171,0.791
1750789407473.00,2025-06-24T21:23:27.473,28.88,-0.514,0.162,0.805
1750789407483.00,2025-06-24T21:23:27.483,28.89,-0.394,0.144,0.832
1750789407493.00,2025-06-24T21:23:27.493,28.9,-0.282,0.123,0.887
1750789407503.00,2025-06-24T21:23:27.503,28.91,-0.208,0.11,0.934
1750789407513.00,2025-06-24T21:23:27.513,28.92,-0.166,0.106,0.944
1750789407523.00,2025-06-24T21:23:27.523,28.93,-0.19,0.105,0.921
1750789407533.00,2025-06-24T21:23:27.533,28.94,-0.248,0.11,0.902
1750789407543.00,2025-06-24T21:23:27.543,28.95,-0.279,0.118,0.888
1750789407553.00,2025-06-24T21:23:27.553,28.96,-0.286,0.118,0.898
1750789407563.00,2025-06-24T21:23:27.563,28.97,-0.243,0.108,0.937
1750789407573.00,2025-06-24T21:23:27.573,28.98,-0.181,0.1,0.973
1750789407583.00,2025-06-24T21:23:27.583,28.99,-0.127,0.093,0.999
1750789407593.00,2025-06-24T21:23:27.593,29,-0.083,0.09,1.011
1750789407603.00,2025-06-24T21:23:27.603,29.01,-0.055,0.08,1.017
1750789407613.00,2025-06-24T21:23:27.613,29.02,-0.057,0.078,1.02
1750789407623.00,2025-06-24T21:23:27.623,29.03,-0.068,0.083,1.035
1750789407633.00,2025-06-24T21:23:27.633,29.04,-0.074,0.084,1.028
1750789407643.00,2025-06-24T21:23:27.643,29.05,-0.09,0.089,1.008
1750789407653.00,2025-06-24T21:23:27.653,29.06,-0.096,0.093,1.003
1750789407663.00,2025-06-24T21:23:27.663,29.07,-0.063,0.09,1.004
1750789407673.00,2025-06-24T21:23:27.673,29.08,-0.028,0.088,1.018
1750789407683.00,2025-06-24T21:23:27.683,29.09,-0.006,0.082,1.028
1750789407693.00,2025-06-24T21:23:27.693,29.1,0.011,0.077,1.016
1750789407703.00,2025-06-24T21:23:27.703,29.11,0.031,0.075,1.024
1750789407713.00,2025-06-24T21:23:27.713,29.12,0.042,0.083,1.038
1750789407723.00,2025-06-24T21:23:27.723,29.13,0.062,0.078,1.035
1750789407733.00,2025-06-24T21:23:27.733,29.14,0.096,0.067,1.033
1750789407743.00,2025-06-24T21:23:27.743,29.15,0.127,0.06,1.028
1750789407753.00,2025-06-24T21:23:27.753,29.16,0.154,0.056,1.021
1750789407763.00,2025-06-24T21:23:27.763,29.17,0.171,0.061,1.013
1750789407773.00,2025-06-24T21:23:27.773,29.18,0.175,0.059,1.014
1750789407783.00,2025-06-24T21:23:27.783,29.19,0.195,0.056,1.014
1750789407793.00,2025-06-24T21:23:27.793,29.2,0.219,0.046,1.015
1750789407803.00,2025-06-24T21:23:27.803,29.21,0.233,0.041,1.016
1750789407813.00,2025-06-24T21:23:27.813,29.22,0.247,0.04,1.016
1750789407823.00,2025-06-24T21:23:27.823,29.23,0.266,0.037,1.017
1750789407833.00,2025-06-24T21:23:27.833,29.24,0.278,0.032,1.019
1750789407843.00,2025-06-24T21:23:27.843,29.25,0.279,0.03,1.015
1750789407853.00,2025-06-24T21:23:27.853,29.26,0.267,0.032,1.004
1750789407863.00,2025-06-24T21:23:27.863,29.27,0.255,0.023,1.005
1750789407873.00,2025-06-24T21:23:27.873,29.28,0.283,0.016,1.002
1750789407883.00,2025-06-24T21:23:27.883,29.29,0.378,0.04,0.998
1750789407893.00,2025-06-24T21:23:27.893,29.3,0.564,0.008,0.952
1750789407903.00,2025-06-24T21:23:27.903,29.31,0.713,-0.036,0.97
1750789407913.00,2025-06-24T21:23:27.913,29.32,0.699,-0.039,1.017
1750789407923.00,2025-06-24T21:23:27.923,29.33,0.544,-0.009,0.962
1750789407933.00,2025-06-24T21:23:27.933,29.34,0.218,0.042,0.875
1750789407943.00,2025-06-24T21:23:27.943,29.35,-0.073,0.097,0.786
1750789407953.00,2025-06-24T21:23:27.953,29.36,-0.202,0.128,0.657
1750789407963.00,2025-06-24T21:23:27.963,29.37,-0.365,0.13,0.596
1750789407973.00,2025-06-24T21:23:27.973,29.38,-0.534,0.1,0.563
1750789407983.00,2025-06-24T21:23:27.983,29.39,-0.75,0.093,0.597
1750789407993.00,2025-06-24T21:23:27.993,29.4,-0.929,0.133,0.666
1750789408003.00,2025-06-24T21:23:28.003,29.41,-0.95,0.194,0.722
1750789408013.00,2025-06-24T21:23:28.013,29.42,-0.844,0.224,0.754
1750789408023.00,2025-06-24T21:23:28.023,29.43,-0.806,0.216,0.789
1750789408033.00,2025-06-24T21:23:28.033,29.44,-0.837,0.201,0.793
1750789408043.00,2025-06-24T21:23:28.043,29.45,-0.846,0.191,0.76
1750789408053.00,2025-06-24T21:23:28.053,29.46,-0.78,0.2,0.755
1750789408063.00,2025-06-24T21:23:28.063,29.47,-0.7,0.219,0.768
1750789408073.00,2025-06-24T21:23:28.073,29.48,-0.695,0.208,0.775
1750789408083.00,2025-06-24T21:23:28.083,29.49,-0.729,0.2,0.769
1750789408093.00,2025-06-24T21:23:28.093,29.5,-0.713,0.204,0.77
1750789408103.00,2025-06-24T21:23:28.103,29.51,-0.688,0.198,0.769
1750789408113.00,2025-06-24T21:23:28.113,29.52,-0.718,0.178,0.744
1750789408123.00,2025-06-24T21:23:28.123,29.53,-0.736,0.164,0.748
1750789408133.00,2025-06-24T21:23:28.133,29.54,-0.686,0.167,0.766
1750789408143.00,2025-06-24T21:23:28.143,29.55,-0.668,0.166,0.77
1750789408153.00,2025-06-24T21:23:28.153,29.56,-0.696,0.155,0.762
1750789408163.00,2025-06-24T21:23:28.163,29.57,-0.7,0.16,0.766
1750789408173.00,2025-06-24T21:23:28.173,29.58,-0.707,0.174,0.771
1750789408183.00,2025-06-24T21:23:28.183,29.59,-0.713,0.175,0.789
1750789408193.00,2025-06-24T21:23:28.193,29.6,-0.703,0.183,0.812
1750789408203.00,2025-06-24T21:23:28.203,29.61,-0.663,0.173,0.829
1750789408213.00,2025-06-24T21:23:28.213,29.62,-0.602,0.168,0.849
1750789408223.00,2025-06-24T21:23:28.223,29.63,-0.51,0.171,0.868
1750789408233.00,2025-06-24T21:23:28.233,29.64,-0.399,0.159,0.885
1750789408243.00,2025-06-24T21:23:28.243,29.65,-0.294,0.134,0.924
1750789408253.00,2025-06-24T21:23:28.253,29.66,-0.249,0.109,0.953
1750789408263.00,2025-06-24T21:23:28.263,29.67,-0.299,0.098,0.959
1750789408273.00,2025-06-24T21:23:28.273,29.68,-0.37,0.114,0.942
1750789408283.00,2025-06-24T21:23:28.283,29.69,-0.398,0.14,0.933
1750789408293.00,2025-06-24T21:23:28.293,29.7,-0.376,0.158,0.935
1750789408303.00,2025-06-24T21:23:28.303,29.71,-0.266,0.139,0.907
1750789408313.00,2025-06-24T21:23:28.313,29.72,-0.101,0.097,0.896
1750789408323.00,2025-06-24T21:23:28.323,29.73,0.078,0.061,0.921
1750789408333.00,2025-06-24T21:23:28.333,29.74,0.194,0.039,0.965
1750789408343.00,2025-06-24T21:23:28.343,29.75,0.181,0.04,0.992
1750789408353.00,2025-06-24T21:23:28.353,29.76,0.113,0.043,0.987
1750789408363.00,2025-06-24T21:23:28.363,29.77,0.079,0.047,0.967
1750789408373.00,2025-06-24T21:23:28.373,29.78,0.095,0.05,0.97
1750789408383.00,2025-06-24T21:23:28.383,29.79,0.159,0.03,0.963
1750789408393.00,2025-06-24T21:23:28.393,29.8,0.237,0.01,0.948
1750789408403.00,2025-06-24T21:23:28.403,29.81,0.31,0.003,0.948
1750789408413.00,2025-06-24T21:23:28.413,29.82,0.362,0,0.962
1750789408423.00,2025-06-24T21:23:28.423,29.83,0.379,-0.003,0.969
1750789408433.00,2025-06-24T21:23:28.433,29.84,0.386,-0.009,0.963
1750789408443.00,2025-06-24T21:23:28.443,29.85,0.404,-0.008,0.965
1750789408453.00,2025-06-24T21:23:28.453,29.86,0.447,-0.012,0.961
1750789408463.00,2025-06-24T21:23:28.463,29.87,0.483,-0.02,0.955
1750789408473.00,2025-06-24T21:23:28.473,29.88,0.5,-0.021,0.95
1750789408483.00,2025-06-24T21:23:28.483,29.89,0.509,-0.022,0.935
1750789408493.00,2025-06-24T21:23:28.493,29.9,0.5,-0.019,0.932
1750789408503.00,2025-06-24T21:23:28.503,29.91,0.475,-0.014,0.923
1750789408513.00,2025-06-24T21:23:28.513,29.92,0.438,-0.007,0.91
1750789408523.00,2025-06-24T21:23:28.523,29.93,0.415,-0.003,0.905
1750789408533.00,2025-06-24T21:23:28.533,29.94,0.416,-0.003,0.903
1750789408543.00,2025-06-24T21:23:28.543,29.95,0.415,-0.004,0.911
1750789408553.00,2025-06-24T21:23:28.553,29.96,0.416,-0.012,0.921
1750789408563.00,2025-06-24T21:23:28.563,29.97,0.428,-0.017,0.926
1750789408573.00,2025-06-24T21:23:28.573,29.98,0.438,-0.022,0.934
1750789408583.00,2025-06-24T21:23:28.583,29.99,0.461,-0.036,0.936
1750789408593.00,2025-06-24T21:23:28.593,30,0.52,-0.044,0.922
1750789408603.00,2025-06-24T21:23:28.603,30.01,0.62,-0.032,0.924
1750789408613.00,2025-06-24T21:23:28.613,30.02,0.751,-0.055,0.89
1750789408623.00,2025-06-24T21:23:28.623,30.03,0.866,-0.066,0.912
1750789408633.00,2025-06-24T21:23:28.633,30.04,0.857,-0.059,0.913
1750789408643.00,2025-06-24T21:23:28.643,30.05,0.785,-0.041,0.824
1750789408653.00,2025-06-24T21:23:28.653,30.06,0.667,-0.025,0.757
1750789408663.00,2025-06-24T21:23:28.663,30.07,0.445,0.004,0.669
1750789408673.00,2025-06-24T21:23:28.673,30.08,0.081,0.057,0.576
1750789408683.00,2025-06-24T21:23:28.683,30.09,-0.29,0.089,0.468
1750789408693.00,2025-06-24T21:23:28.693,30.1,-0.657,0.113,0.433
1750789408703.00,2025-06-24T21:23:28.703,30.11,-1.013,0.112,0.413
1750789408713.00,2025-06-24T21:23:28.713,30.12,-1.264,0.149,0.495
1750789408723.00,2025-06-24T21:23:28.723,30.13,-1.275,0.211,0.574
1750789408733.00,2025-06-24T21:23:28.733,30.14,-1.044,0.229,0.646
1750789408743.00,2025-06-24T21:23:28.743,30.15,-0.796,0.196,0.715
1750789408753.00,2025-06-24T21:23:28.753,30.16,-0.662,0.174,0.78
1750789408763.00,2025-06-24T21:23:28.763,30.17,-0.646,0.183,0.784
1750789408773.00,2025-06-24T21:23:28.773,30.18,-0.708,0.186,0.77
1750789408783.00,2025-06-24T21:23:28.783,30.19,-0.788,0.198,0.761
1750789408793.00,2025-06-24T21:23:28.793,30.2,-0.847,0.202,0.745
1750789408803.00,2025-06-24T21:23:28.803,30.21,-0.877,0.206,0.725
1750789408813.00,2025-06-24T21:23:28.813,30.22,-0.862,0.198,0.727
1750789408823.00,2025-06-24T21:23:28.823,30.23,-0.799,0.183,0.717
1750789408833.00,2025-06-24T21:23:28.833,30.24,-0.728,0.163,0.733
1750789408843.00,2025-06-24T21:23:28.843,30.25,-0.666,0.156,0.768
1750789408853.00,2025-06-24T21:23:28.853,30.26,-0.644,0.153,0.792
1750789408863.00,2025-06-24T21:23:28.863,30.27,-0.651,0.152,0.793
1750789408873.00,2025-06-24T21:23:28.873,30.28,-0.68,0.162,0.792
1750789408883.00,2025-06-24T21:23:28.883,30.29,-0.703,0.175,0.791
1750789408893.00,2025-06-24T21:23:28.893,30.3,-0.733,0.177,0.788
1750789408903.00,2025-06-24T21:23:28.903,30.31,-0.741,0.178,0.784
1750789408913.00,2025-06-24T21:23:28.913,30.32,-0.732,0.183,0.798
1750789408923.00,2025-06-24T21:23:28.923,30.33,-0.696,0.19,0.818
1750789408933.00,2025-06-24T21:23:28.933,30.34,-0.63,0.19,0.837
1750789408943.00,2025-06-24T21:23:28.943,30.35,-0.562,0.185,0.856
1750789408953.00,2025-06-24T21:23:28.953,30.36,-0.489,0.165,0.891
1750789408963.00,2025-06-24T21:23:28.963,30.37,-0.397,0.145,0.92
1750789408973.00,2025-06-24T21:23:28.973,30.38,-0.32,0.142,0.94
1750789408983.00,2025-06-24T21:23:28.983,30.39,-0.291,0.136,0.96
1750789408993.00,2025-06-24T21:23:28.993,30.4,-0.31,0.134,0.947
1750789409003.00,2025-06-24T21:23:29.003,30.41,-0.373,0.13,0.934
1750789409013.00,2025-06-24T21:23:29.013,30.42,-0.44,0.131,0.901
1750789409023.00,2025-06-24T21:23:29.023,30.43,-0.504,0.146,0.913
1750789409033.00,2025-06-24T21:23:29.033,30.44,-0.477,0.151,0.91
1750789409043.00,2025-06-24T21:23:29.043,30.45,-0.339,0.13,0.917
1750789409053.00,2025-06-24T21:23:29.053,30.46,-0.129,0.093,0.933
1750789409063.00,2025-06-24T21:23:29.063,30.47,0.089,0.054,0.953
1750789409073.00,2025-06-24T21:23:29.073,30.48,0.239,0.032,0.997
1750789409083.00,2025-06-24T21:23:29.083,30.49,0.298,0.03,1.037
1750789409093.00,2025-06-24T21:23:29.093,30.5,0.247,0.041,1.029
1750789409103.00,2025-06-24T21:23:29.103,30.51,0.142,0.053,1.026
1750789409113.00,2025-06-24T21:23:29.113,30.52,0.101,0.056,1.002
1750789409123.00,2025-06-24T21:23:29.123,30.53,0.101,0.053,0.982
1750789409133.00,2025-06-24T21:23:29.133,30.54,0.146,0.049,0.975
1750789409143.00,2025-06-24T21:23:29.143,30.55,0.234,0.039,0.984
1750789409153.00,2025-06-24T21:23:29.153,30.56,0.3,0.033,0.993
1750789409163.00,2025-06-24T21:23:29.163,30.57,0.312,0.034,1.004
1750789409173.00,2025-06-24T21:23:29.173,30.58,0.288,0.035,1.001
1750789409183.00,2025-06-24T21:23:29.183,30.59,0.245,0.038,1
1750789409193.00,2025-06-24T21:23:29.193,30.6,0.194,0.038,1.01
1750789409203.00,2025-06-24T21:23:29.203,30.61,0.125,0.042,1.006
1750789409213.00,2025-06-24T21:23:29.213,30.62,0.067,0.054,0.996
1750789409223.00,2025-06-24T21:23:29.223,30.63,0.049,0.067,0.977
1750789409233.00,2025-06-24T21:23:29.233,30.64,0.071,0.065,0.973
1750789409243.00,2025-06-24T21:23:29.243,30.65,0.136,0.056,0.995
1750789409253.00,2025-06-24T21:23:29.253,30.66,0.202,0.043,1.016
1750789409263.00,2025-06-24T21:23:29.263,30.67,0.206,0.037,1.022
1750789409273.00,2025-06-24T21:23:29.273,30.68,0.16,0.044,1.021
1750789409283.00,2025-06-24T21:23:29.283,30.69,0.12,0.055,1.009
1750789409293.00,2025-06-24T21:23:29.293,30.7,0.102,0.058,1.014
1750789409303.00,2025-06-24T21:23:29.303,30.71,0.104,0.055,1.007
1750789409313.00,2025-06-24T21:23:29.313,30.72,0.116,0.053,0.994
1750789409323.00,2025-06-24T21:23:29.323,30.73,0.128,0.053,0.994
1750789409333.00,2025-06-24T21:23:29.333,30.74,0.137,0.045,0.999
1750789409343.00,2025-06-24T21:23:29.343,30.75,0.132,0.04,1.001
1750789409353.00,2025-06-24T21:23:29.353,30.76,0.121,0.041,1.002
1750789409363.00,2025-06-24T21:23:29.363,30.77,0.126,0.041,1.004
1750789409373.00,2025-06-24T21:23:29.373,30.78,0.137,0.042,1.007
1750789409383.00,2025-06-24T21:23:29.383,30.79,0.148,0.04,1.017
1750789409393.00,2025-06-24T21:23:29.393,30.8,0.152,0.039,1.012
1750789409403.00,2025-06-24T21:23:29.403,30.81,0.155,0.038,1.017
1750789409413.00,2025-06-24T21:23:29.413,30.82,0.159,0.035,1.018
1750789409423.00,2025-06-24T21:23:29.423,30.83,0.177,0.029,1.023
1750789409433.00,2025-06-24T21:23:29.433,30.84,0.205,0.005,1.045
1750789409443.00,2025-06-24T21:23:29.443,30.85,0.267,-0.004,1.022
1750789409453.00,2025-06-24T21:23:29.453,30.86,0.387,0.007,1.016
1750789409463.00,2025-06-24T21:23:29.463,30.87,0.56,-0.027,1.008
1750789409473.00,2025-06-24T21:23:29.473,30.88,0.702,-0.075,1.06
1750789409483.00,2025-06-24T21:23:29.483,30.89,0.729,-0.056,1.009
1750789409493.00,2025-06-24T21:23:29.493,30.9,0.61,-0.007,0.882
1750789409503.00,2025-06-24T21:23:29.503,30.91,0.381,0.017,0.747
1750789409513.00,2025-06-24T21:23:29.513,30.92,0.044,0.055,0.633
1750789409523.00,2025-06-24T21:23:29.523,30.93,-0.277,0.074,0.523
1750789409533.00,2025-06-24T21:23:29.533,30.94,-0.569,0.087,0.425
1750789409543.00,2025-06-24T21:23:29.543,30.95,-0.881,0.133,0.446
1750789409553.00,2025-06-24T21:23:29.553,30.96,-1.069,0.194,0.48
1750789409563.00,2025-06-24T21:23:29.563,30.97,-1.053,0.213,0.508
1750789409573.00,2025-06-24T21:23:29.573,30.98,-0.917,0.193,0.553
1750789409583.00,2025-06-24T21:23:29.583,30.99,-0.787,0.2,0.571
1750789409593.00,2025-06-24T21:23:29.593,31,-0.806,0.222,0.561
1750789409603.00,2025-06-24T21:23:29.603,31.01,-0.935,0.23,0.503
1750789409613.00,2025-06-24T21:23:29.613,31.02,-1.047,0.247,0.438
1750789409623.00,2025-06-24T21:23:29.623,31.03,-1.122,0.273,0.403
1750789409633.00,2025-06-24T21:23:29.633,31.04,-1.204,0.273,0.408
1750789409643.00,2025-06-24T21:23:29.643,31.05,-1.209,0.273,0.464
1750789409653.00,2025-06-24T21:23:29.653,31.06,-1.082,0.284,0.498
1750789409663.00,2025-06-24T21:23:29.663,31.07,-0.977,0.267,0.518
1750789409673.00,2025-06-24T21:23:29.673,31.08,-0.917,0.247,0.515
1750789409683.00,2025-06-24T21:23:29.683,31.09,-0.895,0.251,0.506
1750789409693.00,2025-06-24T21:23:29.693,31.1,-0.936,0.259,0.468
1750789409703.00,2025-06-24T21:23:29.703,31.11,-0.989,0.249,0.416
1750789409713.00,2025-06-24T21:23:29.713,31.12,-1.021,0.25,0.404
1750789409723.00,2025-06-24T21:23:29.723,31.13,-1.038,0.244,0.4
1750789409733.00,2025-06-24T21:23:29.733,31.14,-1.013,0.23,0.399
1750789409743.00,2025-06-24T21:23:29.743,31.15,-1.002,0.231,0.407
1750789409753.00,2025-06-24T21:23:29.753,31.16,-1.007,0.227,0.413
1750789409763.00,2025-06-24T21:23:29.763,31.17,-0.975,0.23,0.444
1750789409773.00,2025-06-24T21:23:29.773,31.18,-0.927,0.235,0.481
1750789409783.00,2025-06-24T21:23:29.783,31.19,-0.934,0.231,0.503
1750789409793.00,2025-06-24T21:23:29.793,31.2,-0.912,0.234,0.528
1750789409803.00,2025-06-24T21:23:29.803,31.21,-0.84,0.236,0.548
1750789409813.00,2025-06-24T21:23:29.813,31.22,-0.772,0.219,0.564
1750789409823.00,2025-06-24T21:23:29.823,31.23,-0.695,0.204,0.607
1750789409833.00,2025-06-24T21:23:29.833,31.24,-0.585,0.198,0.664
1750789409843.00,2025-06-24T21:23:29.843,31.25,-0.438,0.168,0.726
1750789409853.00,2025-06-24T21:23:29.853,31.26,-0.292,0.126,0.789
1750789409863.00,2025-06-24T21:23:29.863,31.27,-0.206,0.12,0.84
1750789409873.00,2025-06-24T21:23:29.873,31.28,-0.171,0.128,0.85
1750789409883.00,2025-06-24T21:23:29.883,31.29,-0.168,0.137,0.852
1750789409893.00,2025-06-24T21:23:29.893,31.3,-0.15,0.131,0.855
1750789409903.00,2025-06-24T21:23:29.903,31.31,-0.091,0.108,0.882
1750789409913.00,2025-06-24T21:23:29.913,31.32,-0.025,0.09,0.917
1750789409923.00,2025-06-24T21:23:29.923,31.33,0.054,0.075,0.947
1750789409933.00,2025-06-24T21:23:29.933,31.34,0.113,0.063,0.979
1750789409943.00,2025-06-24T21:23:29.943,31.35,0.128,0.046,0.996
1750789409953.00,2025-06-24T21:23:29.953,31.36,0.125,0.054,1
1750789409963.00,2025-06-24T21:23:29.963,31.37,0.118,0.072,0.997
1750789409973.00,2025-06-24T21:23:29.973,31.38,0.088,0.072,0.981
1750789409983.00,2025-06-24T21:23:29.983,31.39,0.034,0.073,0.958
1750789409993.00,2025-06-24T21:23:29.993,31.4,-0.01,0.087,0.945
1750789410003.00,2025-06-24T21:23:30.003,31.41,-0.061,0.099,0.939
1750789410013.00,2025-06-24T21:23:30.013,31.42,-0.089,0.104,0.944
1750789410023.00,2025-06-24T21:23:30.023,31.43,-0.083,0.107,0.943
1750789410033.00,2025-06-24T21:23:30.033,31.44,-0.058,0.115,0.936
1750789410043.00,2025-06-24T21:23:30.043,31.45,-0.029,0.121,0.919
1750789410053.00,2025-06-24T21:23:30.053,31.46,0.002,0.122,0.893
1750789410063.00,2025-06-24T21:23:30.063,31.47,0.029,0.127,0.872
1750789410073.00,2025-06-24T21:23:30.073,31.48,0.075,0.134,0.865
1750789410083.00,2025-06-24T21:23:30.083,31.49,0.136,0.133,0.855
1750789410093.00,2025-06-24T21:23:30.093,31.5,0.232,0.124,0.842
1750789410103.00,2025-06-24T21:23:30.103,31.51,0.348,0.118,0.827
1750789410113.00,2025-06-24T21:23:30.113,31.52,0.445,0.116,0.875
