epoch (ms),time (03:00),elapsed (s),x-axis (g),y-axis (g),z-axis (g)
1751285518672,2025-06-30T15:11:58.672,0.000,0.822,-0.185,0.535
1751285518682,2025-06-30T15:11:58.682,0.010,0.874,-0.180,0.508
1751285518692,2025-06-30T15:11:58.692,0.020,0.962,-0.211,0.494
1751285518702,2025-06-30T15:11:58.702,0.030,1.030,-0.241,0.501
1751285518712,2025-06-30T15:11:58.712,0.040,1.036,-0.245,0.510
1751285518722,2025-06-30T15:11:58.722,0.050,0.955,-0.237,0.512
1751285518732,2025-06-30T15:11:58.732,0.060,0.827,-0.228,0.502
1751285518742,2025-06-30T15:11:58.742,0.070,0.734,-0.217,0.505
1751285518752,2025-06-30T15:11:58.752,0.080,0.729,-0.208,0.515
1751285518762,2025-06-30T15:11:58.762,0.090,0.765,-0.215,0.532
1751285518772,2025-06-30T15:11:58.772,0.100,0.745,-0.221,0.543
1751285518782,2025-06-30T15:11:58.782,0.110,0.732,-0.217,0.544
1751285518792,2025-06-30T15:11:58.792,0.120,0.798,-0.221,0.559
1751285518802,2025-06-30T15:11:58.802,0.130,0.865,-0.226,0.564
1751285518812,2025-06-30T15:11:58.812,0.140,0.917,-0.231,0.566
1751285518822,2025-06-30T15:11:58.822,0.150,0.974,-0.239,0.559
1751285518832,2025-06-30T15:11:58.832,0.160,1.019,-0.239,0.564
1751285518842,2025-06-30T15:11:58.842,0.170,1.033,-0.237,0.571
1751285518852,2025-06-30T15:11:58.852,0.180,1.002,-0.232,0.538
1751285518862,2025-06-30T15:11:58.862,0.190,0.833,-0.187,0.591
1751285518872,2025-06-30T15:11:58.872,0.200,0.482,-0.132,0.644
1751285518882,2025-06-30T15:11:58.882,0.210,0.260,-0.135,0.642
1751285518892,2025-06-30T15:11:58.892,0.220,0.043,-0.124,0.736
1751285518902,2025-06-30T15:11:58.902,0.230,-0.385,-0.057,0.897
1751285518912,2025-06-30T15:11:58.912,0.240,-0.590,-0.042,0.910
1751285518922,2025-06-30T15:11:58.922,0.250,-0.483,-0.044,0.891
1751285518932,2025-06-30T15:11:58.932,0.260,-0.342,-0.022,0.887
1751285518942,2025-06-30T15:11:58.942,0.270,-0.194,-0.027,0.877
1751285518952,2025-06-30T15:11:58.952,0.280,0.020,-0.072,0.898
1751285518962,2025-06-30T15:11:58.962,0.290,0.237,-0.102,0.954
1751285518972,2025-06-30T15:11:58.972,0.300,0.384,-0.101,1.024
1751285518982,2025-06-30T15:11:58.982,0.310,0.423,-0.112,1.078
1751285518992,2025-06-30T15:11:58.992,0.320,0.369,-0.120,1.089
1751285519002,2025-06-30T15:11:59.002,0.330,0.260,-0.117,1.080
1751285519012,2025-06-30T15:11:59.012,0.340,0.146,-0.102,1.075
1751285519022,2025-06-30T15:11:59.022,0.350,0.087,-0.076,1.058
1751285519032,2025-06-30T15:11:59.032,0.360,0.058,-0.059,1.040
1751285519042,2025-06-30T15:11:59.042,0.370,0.019,-0.044,1.020
1751285519052,2025-06-30T15:11:59.052,0.380,-0.033,-0.036,1.011
1751285519062,2025-06-30T15:11:59.062,0.390,-0.090,-0.027,1.001
1751285519072,2025-06-30T15:11:59.072,0.400,-0.118,-0.023,0.996
1751285519082,2025-06-30T15:11:59.082,0.410,-0.147,-0.018,1.009
1751285519092,2025-06-30T15:11:59.092,0.420,-0.226,-0.007,1.032
1751285519102,2025-06-30T15:11:59.102,0.430,-0.304,-0.004,1.038
1751285519112,2025-06-30T15:11:59.112,0.440,-0.337,-0.003,1.028
1751285519122,2025-06-30T15:11:59.122,0.450,-0.350,0.010,1.016
1751285519132,2025-06-30T15:11:59.132,0.460,-0.343,0.019,1.003
1751285519142,2025-06-30T15:11:59.142,0.470,-0.318,0.016,1.007
1751285519152,2025-06-30T15:11:59.152,0.480,-0.279,0.006,1.021
1751285519162,2025-06-30T15:11:59.162,0.490,-0.216,-0.010,1.030
1751285519172,2025-06-30T15:11:59.172,0.500,-0.167,-0.019,1.042
1751285519182,2025-06-30T15:11:59.182,0.510,-0.153,-0.017,1.043
1751285519192,2025-06-30T15:11:59.192,0.520,-0.158,-0.008,1.050
1751285519202,2025-06-30T15:11:59.202,0.530,-0.181,0.002,1.037
1751285519212,2025-06-30T15:11:59.212,0.540,-0.202,0.004,1.024
1751285519222,2025-06-30T15:11:59.222,0.550,-0.211,0.001,1.011
1751285519232,2025-06-30T15:11:59.232,0.560,-0.208,0.001,1.001
1751285519242,2025-06-30T15:11:59.242,0.570,-0.200,0.000,1.001
1751285519252,2025-06-30T15:11:59.252,0.580,-0.199,0.010,0.997
1751285519262,2025-06-30T15:11:59.262,0.590,-0.194,0.012,0.996
1751285519272,2025-06-30T15:11:59.272,0.600,-0.200,0.006,1.003
1751285519282,2025-06-30T15:11:59.282,0.610,-0.208,-0.011,1.002
1751285519292,2025-06-30T15:11:59.292,0.620,-0.201,-0.020,1.002
1751285519302,2025-06-30T15:11:59.302,0.630,-0.201,-0.018,0.995
1751285519312,2025-06-30T15:11:59.312,0.640,-0.218,-0.012,0.995
1751285519322,2025-06-30T15:11:59.322,0.650,-0.217,-0.015,1.001
1751285519332,2025-06-30T15:11:59.332,0.660,-0.200,-0.021,1.007
1751285519342,2025-06-30T15:11:59.342,0.670,-0.194,-0.017,1.015
1751285519352,2025-06-30T15:11:59.352,0.680,-0.179,-0.026,1.015
1751285519362,2025-06-30T15:11:59.362,0.690,-0.158,-0.028,1.024
1751285519372,2025-06-30T15:11:59.372,0.700,-0.158,-0.025,1.026
1751285519382,2025-06-30T15:11:59.382,0.710,-0.154,-0.031,1.011
1751285519392,2025-06-30T15:11:59.392,0.720,-0.135,-0.035,1.005
1751285519402,2025-06-30T15:11:59.402,0.730,-0.101,-0.034,1.011
1751285519412,2025-06-30T15:11:59.412,0.740,-0.047,-0.047,0.996
1751285519422,2025-06-30T15:11:59.422,0.750,0.003,-0.053,0.991
1751285519432,2025-06-30T15:11:59.432,0.760,0.028,-0.053,0.977
1751285519442,2025-06-30T15:11:59.442,0.770,0.032,-0.053,0.978
1751285519452,2025-06-30T15:11:59.452,0.780,0.029,-0.061,0.978
1751285519462,2025-06-30T15:11:59.462,0.790,0.040,-0.057,0.953
1751285519472,2025-06-30T15:11:59.472,0.800,0.076,-0.057,0.926
1751285519482,2025-06-30T15:11:59.482,0.810,0.144,-0.073,0.889
1751285519492,2025-06-30T15:11:59.492,0.820,0.298,-0.109,0.824
1751285519502,2025-06-30T15:11:59.502,0.830,0.489,-0.146,0.800
1751285519512,2025-06-30T15:11:59.512,0.840,0.651,-0.172,0.796
1751285519522,2025-06-30T15:11:59.522,0.850,0.778,-0.194,0.795
1751285519532,2025-06-30T15:11:59.532,0.860,0.828,-0.207,0.797
1751285519542,2025-06-30T15:11:59.542,0.870,0.805,-0.201,0.774
1751285519552,2025-06-30T15:11:59.552,0.880,0.792,-0.192,0.747
1751285519562,2025-06-30T15:11:59.562,0.890,0.786,-0.182,0.738
1751285519572,2025-06-30T15:11:59.572,0.900,0.785,-0.176,0.729
1751285519582,2025-06-30T15:11:59.582,0.910,0.788,-0.176,0.717
1751285519592,2025-06-30T15:11:59.592,0.920,0.785,-0.175,0.705
1751285519602,2025-06-30T15:11:59.602,0.930,0.784,-0.176,0.684
1751285519612,2025-06-30T15:11:59.612,0.940,0.806,-0.188,0.661
1751285519622,2025-06-30T15:11:59.622,0.950,0.827,-0.203,0.657
1751285519632,2025-06-30T15:11:59.632,0.960,0.794,-0.207,0.658
1751285519642,2025-06-30T15:11:59.642,0.970,0.740,-0.196,0.654
1751285519652,2025-06-30T15:11:59.652,0.980,0.730,-0.194,0.654
1751285519662,2025-06-30T15:11:59.662,0.990,0.770,-0.207,0.661
1751285519672,2025-06-30T15:11:59.672,1.000,0.806,-0.223,0.660
1751285519682,2025-06-30T15:11:59.682,1.010,0.838,-0.228,0.658
1751285519692,2025-06-30T15:11:59.692,1.020,0.844,-0.221,0.657
1751285519702,2025-06-30T15:11:59.702,1.030,0.787,-0.202,0.670
1751285519712,2025-06-30T15:11:59.712,1.040,0.720,-0.184,0.667
1751285519722,2025-06-30T15:11:59.722,1.050,0.614,-0.166,0.666
1751285519732,2025-06-30T15:11:59.732,1.060,0.464,-0.147,0.677
1751285519742,2025-06-30T15:11:59.742,1.070,0.236,-0.106,0.744
1751285519752,2025-06-30T15:11:59.752,1.080,-0.063,-0.081,0.816
1751285519762,2025-06-30T15:11:59.762,1.090,-0.277,-0.095,0.839
1751285519772,2025-06-30T15:11:59.772,1.100,-0.380,-0.098,0.851
1751285519782,2025-06-30T15:11:59.782,1.110,-0.475,-0.061,0.889
1751285519792,2025-06-30T15:11:59.792,1.120,-0.494,-0.037,0.912
1751285519802,2025-06-30T15:11:59.802,1.130,-0.440,-0.029,0.925
1751285519812,2025-06-30T15:11:59.812,1.140,-0.383,-0.032,0.948
1751285519822,2025-06-30T15:11:59.822,1.150,-0.309,-0.050,0.979
1751285519832,2025-06-30T15:11:59.832,1.160,-0.227,-0.075,1.016
1751285519842,2025-06-30T15:11:59.842,1.170,-0.164,-0.087,1.043
1751285519852,2025-06-30T15:11:59.852,1.180,-0.139,-0.083,1.056
1751285519862,2025-06-30T15:11:59.862,1.190,-0.172,-0.070,1.062
1751285519872,2025-06-30T15:11:59.872,1.200,-0.224,-0.058,1.057
1751285519882,2025-06-30T15:11:59.882,1.210,-0.254,-0.057,1.034
1751285519892,2025-06-30T15:11:59.892,1.220,-0.262,-0.060,1.011
1751285519902,2025-06-30T15:11:59.902,1.230,-0.249,-0.073,0.993
1751285519912,2025-06-30T15:11:59.912,1.240,-0.229,-0.079,0.983
1751285519922,2025-06-30T15:11:59.922,1.250,-0.217,-0.076,0.986
1751285519932,2025-06-30T15:11:59.932,1.260,-0.209,-0.070,0.984
1751285519942,2025-06-30T15:11:59.942,1.270,-0.219,-0.067,0.988
1751285519952,2025-06-30T15:11:59.952,1.280,-0.219,-0.065,0.989
1751285519962,2025-06-30T15:11:59.962,1.290,-0.211,-0.063,0.987
1751285519972,2025-06-30T15:11:59.972,1.300,-0.211,-0.058,0.988
1751285519982,2025-06-30T15:11:59.982,1.310,-0.215,-0.049,0.989
1751285519992,2025-06-30T15:11:59.992,1.320,-0.214,-0.045,0.992
1751285520002,2025-06-30T15:12:00.002,1.330,-0.219,-0.042,0.993
1751285520012,2025-06-30T15:12:00.012,1.340,-0.222,-0.047,0.992
1751285520022,2025-06-30T15:12:00.022,1.350,-0.223,-0.047,0.988
1751285520032,2025-06-30T15:12:00.032,1.360,-0.230,-0.048,0.988
1751285520042,2025-06-30T15:12:00.042,1.370,-0.232,-0.049,0.994
1751285520052,2025-06-30T15:12:00.052,1.380,-0.234,-0.055,1.000
1751285520062,2025-06-30T15:12:00.062,1.390,-0.232,-0.059,0.999
1751285520072,2025-06-30T15:12:00.072,1.400,-0.226,-0.063,0.999
1751285520082,2025-06-30T15:12:00.082,1.410,-0.227,-0.068,0.996
1751285520092,2025-06-30T15:12:00.092,1.420,-0.232,-0.066,0.994
1751285520102,2025-06-30T15:12:00.102,1.430,-0.244,-0.061,0.988
1751285520112,2025-06-30T15:12:00.112,1.440,-0.255,-0.058,0.983
1751285520122,2025-06-30T15:12:00.122,1.450,-0.275,-0.054,0.983
1751285520132,2025-06-30T15:12:00.132,1.460,-0.276,-0.056,0.976
1751285520142,2025-06-30T15:12:00.142,1.470,-0.246,-0.061,0.976
1751285520152,2025-06-30T15:12:00.152,1.480,-0.230,-0.061,0.982
1751285520162,2025-06-30T15:12:00.162,1.490,-0.234,-0.060,0.992
1751285520172,2025-06-30T15:12:00.172,1.500,-0.225,-0.058,0.983
1751285520182,2025-06-30T15:12:00.182,1.510,-0.195,-0.057,0.964
1751285520192,2025-06-30T15:12:00.192,1.520,-0.156,-0.055,0.945
1751285520202,2025-06-30T15:12:00.202,1.530,-0.126,-0.060,0.948
1751285520212,2025-06-30T15:12:00.212,1.540,-0.103,-0.068,0.937
1751285520222,2025-06-30T15:12:00.222,1.550,-0.078,-0.072,0.944
1751285520232,2025-06-30T15:12:00.232,1.560,-0.076,-0.056,0.958
1751285520242,2025-06-30T15:12:00.242,1.570,-0.072,-0.054,0.944
1751285520252,2025-06-30T15:12:00.252,1.580,-0.055,-0.053,0.953
1751285520262,2025-06-30T15:12:00.262,1.590,-0.024,-0.041,0.922
1751285520272,2025-06-30T15:12:00.272,1.600,0.133,-0.052,0.839
1751285520282,2025-06-30T15:12:00.282,1.610,0.367,-0.083,0.821
1751285520292,2025-06-30T15:12:00.292,1.620,0.585,-0.123,0.788
1751285520302,2025-06-30T15:12:00.302,1.630,0.700,-0.152,0.797
1751285520312,2025-06-30T15:12:00.312,1.640,0.736,-0.165,0.761
1751285520322,2025-06-30T15:12:00.322,1.650,0.762,-0.169,0.715
1751285520332,2025-06-30T15:12:00.332,1.660,0.802,-0.175,0.685
1751285520342,2025-06-30T15:12:00.342,1.670,0.846,-0.192,0.672
1751285520352,2025-06-30T15:12:00.352,1.680,0.889,-0.206,0.676
1751285520362,2025-06-30T15:12:00.362,1.690,0.928,-0.204,0.674
1751285520372,2025-06-30T15:12:00.372,1.700,0.935,-0.201,0.638
1751285520382,2025-06-30T15:12:00.382,1.710,0.903,-0.199,0.604
1751285520392,2025-06-30T15:12:00.392,1.720,0.904,-0.205,0.582
1751285520402,2025-06-30T15:12:00.402,1.730,0.947,-0.221,0.587
1751285520412,2025-06-30T15:12:00.412,1.740,0.946,-0.235,0.592
1751285520422,2025-06-30T15:12:00.422,1.750,0.873,-0.228,0.592
1751285520432,2025-06-30T15:12:00.432,1.760,0.774,-0.210,0.600
1751285520442,2025-06-30T15:12:00.442,1.770,0.711,-0.213,0.605
1751285520452,2025-06-30T15:12:00.452,1.780,0.728,-0.225,0.609
1751285520462,2025-06-30T15:12:00.462,1.790,0.779,-0.240,0.604
1751285520472,2025-06-30T15:12:00.472,1.800,0.845,-0.248,0.596
1751285520482,2025-06-30T15:12:00.482,1.810,0.922,-0.255,0.590
1751285520492,2025-06-30T15:12:00.492,1.820,0.999,-0.261,0.594
1751285520502,2025-06-30T15:12:00.502,1.830,1.021,-0.260,0.610
1751285520512,2025-06-30T15:12:00.512,1.840,0.996,-0.264,0.590
1751285520522,2025-06-30T15:12:00.522,1.850,0.931,-0.248,0.594
1751285520532,2025-06-30T15:12:00.532,1.860,0.675,-0.191,0.665
1751285520542,2025-06-30T15:12:00.542,1.870,0.327,-0.149,0.701
1751285520552,2025-06-30T15:12:00.552,1.880,0.105,-0.156,0.737
1751285520562,2025-06-30T15:12:00.562,1.890,0.007,-0.161,0.778
1751285520572,2025-06-30T15:12:00.572,1.900,-0.036,-0.137,0.806
1751285520582,2025-06-30T15:12:00.582,1.910,-0.075,-0.111,0.849
1751285520592,2025-06-30T15:12:00.592,1.920,-0.107,-0.109,0.893
1751285520602,2025-06-30T15:12:00.602,1.930,-0.123,-0.119,0.910
1751285520612,2025-06-30T15:12:00.612,1.940,-0.074,-0.140,0.890
1751285520622,2025-06-30T15:12:00.622,1.950,-0.083,-0.133,0.922
1751285520632,2025-06-30T15:12:00.632,1.960,-0.157,-0.115,0.959
1751285520642,2025-06-30T15:12:00.642,1.970,-0.174,-0.110,0.964
1751285520652,2025-06-30T15:12:00.652,1.980,-0.172,-0.102,0.987
1751285520662,2025-06-30T15:12:00.662,1.990,-0.159,-0.095,0.996
1751285520672,2025-06-30T15:12:00.672,2.000,-0.085,-0.104,1.001
1751285520682,2025-06-30T15:12:00.682,2.010,-0.003,-0.111,1.015
1751285520692,2025-06-30T15:12:00.692,2.020,0.026,-0.103,1.022
1751285520702,2025-06-30T15:12:00.702,2.030,0.011,-0.093,1.032
1751285520712,2025-06-30T15:12:00.712,2.040,-0.031,-0.086,1.046
1751285520722,2025-06-30T15:12:00.722,2.050,-0.068,-0.082,1.055
1751285520732,2025-06-30T15:12:00.732,2.060,-0.082,-0.080,1.043
1751285520742,2025-06-30T15:12:00.742,2.070,-0.083,-0.073,1.028
1751285520752,2025-06-30T15:12:00.752,2.080,-0.057,-0.070,1.021
1751285520762,2025-06-30T15:12:00.762,2.090,-0.018,-0.071,1.024
1751285520772,2025-06-30T15:12:00.772,2.100,0.004,-0.072,1.027
1751285520782,2025-06-30T15:12:00.782,2.110,0.004,-0.068,1.035
1751285520792,2025-06-30T15:12:00.792,2.120,0.003,-0.068,1.041
1751285520802,2025-06-30T15:12:00.802,2.130,0.000,-0.065,1.041
1751285520812,2025-06-30T15:12:00.812,2.140,-0.002,-0.063,1.040
1751285520822,2025-06-30T15:12:00.822,2.150,-0.006,-0.062,1.044
1751285520832,2025-06-30T15:12:00.832,2.160,-0.018,-0.061,1.047
1751285520842,2025-06-30T15:12:00.842,2.170,-0.037,-0.062,1.048
1751285520852,2025-06-30T15:12:00.852,2.180,-0.060,-0.063,1.040
1751285520862,2025-06-30T15:12:00.862,2.190,-0.060,-0.062,1.035
1751285520872,2025-06-30T15:12:00.872,2.200,-0.051,-0.062,1.035
1751285520882,2025-06-30T15:12:00.882,2.210,-0.034,-0.064,1.027
1751285520892,2025-06-30T15:12:00.892,2.220,-0.014,-0.069,1.025
1751285520902,2025-06-30T15:12:00.902,2.230,-0.004,-0.074,1.031
1751285520912,2025-06-30T15:12:00.912,2.240,-0.007,-0.071,1.030
1751285520922,2025-06-30T15:12:00.922,2.250,-0.014,-0.069,1.023
1751285520932,2025-06-30T15:12:00.932,2.260,-0.037,-0.071,1.013
1751285520942,2025-06-30T15:12:00.942,2.270,-0.057,-0.069,1.008
1751285520952,2025-06-30T15:12:00.952,2.280,-0.072,-0.064,1.003
1751285520962,2025-06-30T15:12:00.962,2.290,-0.089,-0.068,0.995
1751285520972,2025-06-30T15:12:00.972,2.300,-0.106,-0.070,0.983
1751285520982,2025-06-30T15:12:00.982,2.310,-0.129,-0.065,0.975
1751285520992,2025-06-30T15:12:00.992,2.320,-0.161,-0.064,0.963
1751285521002,2025-06-30T15:12:01.002,2.330,-0.207,-0.068,0.938
1751285521012,2025-06-30T15:12:01.012,2.340,-0.259,-0.070,0.915
1751285521022,2025-06-30T15:12:01.022,2.350,-0.272,-0.065,0.924
1751285521032,2025-06-30T15:12:01.032,2.360,-0.273,-0.066,0.965
1751285521042,2025-06-30T15:12:01.042,2.370,-0.268,-0.063,0.968
1751285521052,2025-06-30T15:12:01.052,2.380,-0.250,-0.062,0.970
1751285521062,2025-06-30T15:12:01.062,2.390,-0.233,-0.063,0.958
1751285521072,2025-06-30T15:12:01.072,2.400,-0.241,-0.046,0.938
1751285521082,2025-06-30T15:12:01.082,2.410,-0.162,-0.029,0.901
1751285521092,2025-06-30T15:12:01.092,2.420,0.017,-0.021,0.853
1751285521102,2025-06-30T15:12:01.102,2.430,0.206,-0.031,0.815
1751285521112,2025-06-30T15:12:01.112,2.440,0.372,-0.057,0.740
1751285521122,2025-06-30T15:12:01.122,2.450,0.532,-0.105,0.681
1751285521132,2025-06-30T15:12:01.132,2.460,0.690,-0.154,0.678
1751285521142,2025-06-30T15:12:01.142,2.470,0.777,-0.167,0.713
1751285521152,2025-06-30T15:12:01.152,2.480,0.819,-0.186,0.704
1751285521162,2025-06-30T15:12:01.162,2.490,0.891,-0.222,0.684
1751285521172,2025-06-30T15:12:01.172,2.500,0.953,-0.242,0.645
1751285521182,2025-06-30T15:12:01.182,2.510,0.992,-0.247,0.628
1751285521192,2025-06-30T15:12:01.192,2.520,1.021,-0.241,0.635
1751285521202,2025-06-30T15:12:01.202,2.530,1.005,-0.240,0.616
1751285521212,2025-06-30T15:12:01.212,2.540,0.983,-0.244,0.572
1751285521222,2025-06-30T15:12:01.222,2.550,0.971,-0.243,0.551
1751285521232,2025-06-30T15:12:01.232,2.560,0.961,-0.237,0.540
1751285521242,2025-06-30T15:12:01.242,2.570,0.966,-0.230,0.534
1751285521252,2025-06-30T15:12:01.252,2.580,0.957,-0.229,0.534
1751285521262,2025-06-30T15:12:01.262,2.590,0.903,-0.226,0.537
1751285521272,2025-06-30T15:12:01.272,2.600,0.828,-0.215,0.552
1751285521282,2025-06-30T15:12:01.282,2.610,0.781,-0.205,0.559
1751285521292,2025-06-30T15:12:01.292,2.620,0.813,-0.205,0.565
1751285521302,2025-06-30T15:12:01.302,2.630,0.876,-0.210,0.569
1751285521312,2025-06-30T15:12:01.312,2.640,0.961,-0.221,0.568
1751285521322,2025-06-30T15:12:01.322,2.650,1.058,-0.233,0.580
1751285521332,2025-06-30T15:12:01.332,2.660,1.131,-0.237,0.589
1751285521342,2025-06-30T15:12:01.342,2.670,1.144,-0.234,0.565
1751285521352,2025-06-30T15:12:01.352,2.680,1.080,-0.201,0.557
1751285521362,2025-06-30T15:12:01.362,2.690,0.948,-0.160,0.544
1751285521372,2025-06-30T15:12:01.372,2.700,0.771,-0.131,0.518
1751285521382,2025-06-30T15:12:01.382,2.710,0.506,-0.096,0.525
1751285521392,2025-06-30T15:12:01.392,2.720,0.194,-0.046,0.550
1751285521402,2025-06-30T15:12:01.402,2.730,-0.073,-0.035,0.576
1751285521412,2025-06-30T15:12:01.412,2.740,-0.334,-0.055,0.604
1751285521422,2025-06-30T15:12:01.422,2.750,-0.599,-0.058,0.621
1751285521432,2025-06-30T15:12:01.432,2.760,-0.790,-0.038,0.637
1751285521442,2025-06-30T15:12:01.442,2.770,-0.942,0.017,0.708
1751285521452,2025-06-30T15:12:01.452,2.780,-0.982,0.037,0.765
1751285521462,2025-06-30T15:12:01.462,2.790,-0.912,0.030,0.805
1751285521472,2025-06-30T15:12:01.472,2.800,-0.775,0.019,0.859
1751285521482,2025-06-30T15:12:01.482,2.810,-0.580,-0.011,0.917
1751285521492,2025-06-30T15:12:01.492,2.820,-0.361,-0.034,0.984
1751285521502,2025-06-30T15:12:01.502,2.830,-0.212,-0.030,1.054
1751285521512,2025-06-30T15:12:01.512,2.840,-0.121,-0.020,1.096
1751285521522,2025-06-30T15:12:01.522,2.850,-0.064,-0.015,1.102
1751285521532,2025-06-30T15:12:01.532,2.860,-0.061,-0.016,1.084
1751285521542,2025-06-30T15:12:01.542,2.870,-0.110,-0.011,1.059
1751285521552,2025-06-30T15:12:01.552,2.880,-0.196,0.003,1.039
1751285521562,2025-06-30T15:12:01.562,2.890,-0.269,0.010,1.017
1751285521572,2025-06-30T15:12:01.572,2.900,-0.342,0.015,0.997
1751285521582,2025-06-30T15:12:01.582,2.910,-0.415,0.020,0.989
1751285521592,2025-06-30T15:12:01.592,2.920,-0.432,0.022,0.997
1751285521602,2025-06-30T15:12:01.602,2.930,-0.406,0.023,1.018
1751285521612,2025-06-30T15:12:01.612,2.940,-0.359,0.024,1.036
1751285521622,2025-06-30T15:12:01.622,2.950,-0.314,0.022,1.048
1751285521632,2025-06-30T15:12:01.632,2.960,-0.277,0.016,1.060
1751285521642,2025-06-30T15:12:01.642,2.970,-0.254,0.014,1.058
1751285521652,2025-06-30T15:12:01.652,2.980,-0.242,0.020,1.054
1751285521662,2025-06-30T15:12:01.662,2.990,-0.250,0.015,1.046
1751285521672,2025-06-30T15:12:01.672,3.000,-0.260,0.010,1.042
1751285521682,2025-06-30T15:12:01.682,3.010,-0.278,0.009,1.025
1751285521692,2025-06-30T15:12:01.692,3.020,-0.297,0.009,1.011
1751285521702,2025-06-30T15:12:01.702,3.030,-0.309,0.007,1.006
1751285521712,2025-06-30T15:12:01.712,3.040,-0.304,0.008,1.000
1751285521722,2025-06-30T15:12:01.722,3.050,-0.295,0.006,0.993
1751285521732,2025-06-30T15:12:01.732,3.060,-0.296,0.002,0.985
1751285521742,2025-06-30T15:12:01.742,3.070,-0.303,-0.002,0.976
1751285521752,2025-06-30T15:12:01.752,3.080,-0.288,-0.004,0.975
1751285521762,2025-06-30T15:12:01.762,3.090,-0.264,-0.007,0.967
1751285521772,2025-06-30T15:12:01.772,3.100,-0.242,-0.014,0.965
1751285521782,2025-06-30T15:12:01.782,3.110,-0.207,-0.017,0.971
1751285521792,2025-06-30T15:12:01.792,3.120,-0.217,-0.018,0.966
1751285521802,2025-06-30T15:12:01.802,3.130,-0.281,-0.016,0.946
1751285521812,2025-06-30T15:12:01.812,3.140,-0.349,-0.012,0.920
1751285521822,2025-06-30T15:12:01.822,3.150,-0.401,-0.003,0.903
1751285521832,2025-06-30T15:12:01.832,3.160,-0.421,-0.003,0.905
1751285521842,2025-06-30T15:12:01.842,3.170,-0.400,-0.007,0.907
1751285521852,2025-06-30T15:12:01.852,3.180,-0.364,-0.012,0.929
1751285521862,2025-06-30T15:12:01.862,3.190,-0.303,-0.017,0.941
1751285521872,2025-06-30T15:12:01.872,3.200,-0.220,-0.022,0.950
1751285521882,2025-06-30T15:12:01.882,3.210,-0.129,-0.031,0.958
1751285521892,2025-06-30T15:12:01.892,3.220,-0.073,-0.041,0.969
1751285521902,2025-06-30T15:12:01.902,3.230,-0.040,-0.053,0.963
1751285521912,2025-06-30T15:12:01.912,3.240,-0.057,-0.044,0.967
1751285521922,2025-06-30T15:12:01.922,3.250,-0.130,-0.031,0.954
1751285521932,2025-06-30T15:12:01.932,3.260,-0.192,-0.018,0.925
1751285521942,2025-06-30T15:12:01.942,3.270,-0.157,-0.020,0.832
1751285521952,2025-06-30T15:12:01.952,3.280,0.033,-0.030,0.742
1751285521962,2025-06-30T15:12:01.962,3.290,0.314,-0.052,0.696
1751285521972,2025-06-30T15:12:01.972,3.300,0.603,-0.107,0.669
1751285521982,2025-06-30T15:12:01.982,3.310,0.792,-0.146,0.666
1751285521992,2025-06-30T15:12:01.992,3.320,0.919,-0.167,0.647
1751285522002,2025-06-30T15:12:02.002,3.330,1.019,-0.181,0.636
1751285522012,2025-06-30T15:12:02.012,3.340,1.041,-0.191,0.626
1751285522022,2025-06-30T15:12:02.022,3.350,0.995,-0.188,0.632
1751285522032,2025-06-30T15:12:02.032,3.360,0.971,-0.174,0.611
1751285522042,2025-06-30T15:12:02.042,3.370,0.995,-0.182,0.587
1751285522052,2025-06-30T15:12:02.052,3.380,0.975,-0.189,0.566
1751285522062,2025-06-30T15:12:02.062,3.390,0.932,-0.182,0.540
1751285522072,2025-06-30T15:12:02.072,3.400,0.929,-0.185,0.521
1751285522082,2025-06-30T15:12:02.082,3.410,0.948,-0.201,0.526
1751285522092,2025-06-30T15:12:02.092,3.420,0.931,-0.210,0.534
1751285522102,2025-06-30T15:12:02.102,3.430,0.904,-0.211,0.521
1751285522112,2025-06-30T15:12:02.112,3.440,0.870,-0.209,0.508
1751285522122,2025-06-30T15:12:02.122,3.450,0.844,-0.204,0.512
1751285522132,2025-06-30T15:12:02.132,3.460,0.865,-0.206,0.526
1751285522142,2025-06-30T15:12:02.142,3.470,0.928,-0.223,0.533
1751285522152,2025-06-30T15:12:02.152,3.480,1.000,-0.238,0.533
1751285522162,2025-06-30T15:12:02.162,3.490,1.059,-0.248,0.536
1751285522172,2025-06-30T15:12:02.172,3.500,1.093,-0.248,0.551
1751285522182,2025-06-30T15:12:02.182,3.510,1.089,-0.235,0.576
1751285522192,2025-06-30T15:12:02.192,3.520,1.042,-0.215,0.597
1751285522202,2025-06-30T15:12:02.202,3.530,0.932,-0.194,0.605
1751285522212,2025-06-30T15:12:02.212,3.540,0.765,-0.163,0.608
1751285522222,2025-06-30T15:12:02.222,3.550,0.556,-0.128,0.613
1751285522232,2025-06-30T15:12:02.232,3.560,0.353,-0.102,0.642
1751285522242,2025-06-30T15:12:02.242,3.570,0.158,-0.081,0.679
1751285522252,2025-06-30T15:12:02.252,3.580,-0.040,-0.063,0.715
1751285522262,2025-06-30T15:12:02.262,3.590,-0.220,-0.061,0.748
1751285522272,2025-06-30T15:12:02.272,3.600,-0.392,-0.053,0.763
1751285522282,2025-06-30T15:12:02.282,3.610,-0.566,-0.028,0.805
1751285522292,2025-06-30T15:12:02.292,3.620,-0.650,-0.016,0.837
1751285522302,2025-06-30T15:12:02.302,3.630,-0.662,-0.003,0.856
1751285522312,2025-06-30T15:12:02.312,3.640,-0.657,0.017,0.889
1751285522322,2025-06-30T15:12:02.322,3.650,-0.610,0.022,0.918
1751285522332,2025-06-30T15:12:02.332,3.660,-0.482,0.018,0.949
1751285522342,2025-06-30T15:12:02.342,3.670,-0.308,0.004,0.992
1751285522352,2025-06-30T15:12:02.352,3.680,-0.184,0.007,1.038
1751285522362,2025-06-30T15:12:02.362,3.690,-0.103,0.008,1.065
1751285522372,2025-06-30T15:12:02.372,3.700,-0.062,0.009,1.079
1751285522382,2025-06-30T15:12:02.382,3.710,-0.063,0.005,1.066
1751285522392,2025-06-30T15:12:02.392,3.720,-0.097,0.002,1.045
1751285522402,2025-06-30T15:12:02.402,3.730,-0.171,0.012,1.031
1751285522412,2025-06-30T15:12:02.412,3.740,-0.239,0.022,1.012
1751285522422,2025-06-30T15:12:02.422,3.750,-0.279,0.023,0.995
1751285522432,2025-06-30T15:12:02.432,3.760,-0.296,0.023,0.990
1751285522442,2025-06-30T15:12:02.442,3.770,-0.298,0.020,1.004
1751285522452,2025-06-30T15:12:02.452,3.780,-0.293,0.018,1.020
1751285522462,2025-06-30T15:12:02.462,3.790,-0.271,0.011,1.033
1751285522472,2025-06-30T15:12:02.472,3.800,-0.230,0.008,1.047
1751285522482,2025-06-30T15:12:02.482,3.810,-0.203,0.008,1.049
1751285522492,2025-06-30T15:12:02.492,3.820,-0.197,0.007,1.051
1751285522502,2025-06-30T15:12:02.502,3.830,-0.202,0.009,1.048
1751285522512,2025-06-30T15:12:02.512,3.840,-0.221,0.013,1.037
1751285522522,2025-06-30T15:12:02.522,3.850,-0.241,0.017,1.028
1751285522532,2025-06-30T15:12:02.532,3.860,-0.243,0.012,1.016
1751285522542,2025-06-30T15:12:02.542,3.870,-0.244,0.007,1.014
1751285522552,2025-06-30T15:12:02.552,3.880,-0.248,0.012,1.008
1751285522562,2025-06-30T15:12:02.562,3.890,-0.243,0.014,1.002
1751285522572,2025-06-30T15:12:02.572,3.900,-0.225,0.004,1.004
1751285522582,2025-06-30T15:12:02.582,3.910,-0.208,0.002,1.002
1751285522592,2025-06-30T15:12:02.592,3.920,-0.195,0.002,0.999
1751285522602,2025-06-30T15:12:02.602,3.930,-0.197,-0.003,0.990
1751285522612,2025-06-30T15:12:02.612,3.940,-0.200,-0.007,0.984
1751285522622,2025-06-30T15:12:02.622,3.950,-0.199,-0.008,0.994
1751285522632,2025-06-30T15:12:02.632,3.960,-0.213,-0.007,0.991
1751285522642,2025-06-30T15:12:02.642,3.970,-0.247,-0.007,0.977
1751285522652,2025-06-30T15:12:02.652,3.980,-0.265,-0.005,0.966
1751285522662,2025-06-30T15:12:02.662,3.990,-0.281,-0.007,0.964
1751285522672,2025-06-30T15:12:02.672,4.000,-0.311,-0.006,0.953
1751285522682,2025-06-30T15:12:02.682,4.010,-0.338,-0.003,0.951
1751285522692,2025-06-30T15:12:02.692,4.020,-0.333,-0.005,0.949
1751285522702,2025-06-30T15:12:02.702,4.030,-0.328,-0.005,0.956
1751285522712,2025-06-30T15:12:02.712,4.040,-0.327,-0.001,0.946
1751285522722,2025-06-30T15:12:02.722,4.050,-0.308,-0.003,0.937
1751285522732,2025-06-30T15:12:02.732,4.060,-0.273,-0.010,0.934
1751285522742,2025-06-30T15:12:02.742,4.070,-0.271,-0.010,0.957
1751285522752,2025-06-30T15:12:02.752,4.080,-0.274,-0.009,0.968
1751285522762,2025-06-30T15:12:02.762,4.090,-0.248,-0.004,0.951
1751285522772,2025-06-30T15:12:02.772,4.100,-0.188,-0.007,0.917
1751285522782,2025-06-30T15:12:02.782,4.110,-0.079,-0.024,0.854
1751285522792,2025-06-30T15:12:02.792,4.120,0.115,-0.042,0.794
1751285522802,2025-06-30T15:12:02.802,4.130,0.330,-0.065,0.731
1751285522812,2025-06-30T15:12:02.812,4.140,0.531,-0.088,0.681
1751285522822,2025-06-30T15:12:02.822,4.150,0.694,-0.130,0.682
1751285522832,2025-06-30T15:12:02.832,4.160,0.801,-0.163,0.667
1751285522842,2025-06-30T15:12:02.842,4.170,0.848,-0.172,0.661
1751285522852,2025-06-30T15:12:02.852,4.180,0.835,-0.174,0.635
1751285522862,2025-06-30T15:12:02.862,4.190,0.800,-0.170,0.600
1751285522872,2025-06-30T15:12:02.872,4.200,0.755,-0.152,0.587
1751285522882,2025-06-30T15:12:02.882,4.210,0.739,-0.144,0.552
1751285522892,2025-06-30T15:12:02.892,4.220,0.758,-0.146,0.499
1751285522902,2025-06-30T15:12:02.902,4.230,0.811,-0.154,0.453
1751285522912,2025-06-30T15:12:02.912,4.240,0.904,-0.168,0.418
1751285522922,2025-06-30T15:12:02.922,4.250,1.003,-0.195,0.401
1751285522932,2025-06-30T15:12:02.932,4.260,1.068,-0.217,0.383
1751285522942,2025-06-30T15:12:02.942,4.270,1.088,-0.230,0.382
1751285522952,2025-06-30T15:12:02.952,4.280,1.080,-0.238,0.390
1751285522962,2025-06-30T15:12:02.962,4.290,1.051,-0.231,0.394
1751285522972,2025-06-30T15:12:02.972,4.300,1.012,-0.216,0.397
1751285522982,2025-06-30T15:12:02.982,4.310,0.972,-0.210,0.405
1751285522992,2025-06-30T15:12:02.992,4.320,0.938,-0.210,0.400
1751285523002,2025-06-30T15:12:03.002,4.330,0.894,-0.204,0.386
1751285523012,2025-06-30T15:12:03.012,4.340,0.874,-0.191,0.373
1751285523022,2025-06-30T15:12:03.022,4.350,0.904,-0.189,0.364
1751285523032,2025-06-30T15:12:03.032,4.360,0.964,-0.199,0.359
1751285523042,2025-06-30T15:12:03.042,4.370,1.022,-0.206,0.361
1751285523052,2025-06-30T15:12:03.052,4.380,1.091,-0.213,0.364
1751285523062,2025-06-30T15:12:03.062,4.390,1.163,-0.228,0.373
1751285523072,2025-06-30T15:12:03.072,4.400,1.203,-0.232,0.393
1751285523082,2025-06-30T15:12:03.082,4.410,1.209,-0.223,0.419
1751285523092,2025-06-30T15:12:03.092,4.420,1.182,-0.217,0.431
1751285523102,2025-06-30T15:12:03.102,4.430,1.101,-0.209,0.443
1751285523112,2025-06-30T15:12:03.112,4.440,0.932,-0.167,0.505
1751285523122,2025-06-30T15:12:03.122,4.450,0.711,-0.130,0.545
1751285523132,2025-06-30T15:12:03.132,4.460,0.570,-0.132,0.549
1751285523142,2025-06-30T15:12:03.142,4.470,0.482,-0.136,0.592
1751285523152,2025-06-30T15:12:03.152,4.480,0.341,-0.099,0.681
1751285523162,2025-06-30T15:12:03.162,4.490,0.163,-0.065,0.754
1751285523172,2025-06-30T15:12:03.172,4.500,-0.019,-0.052,0.811
1751285523182,2025-06-30T15:12:03.182,4.510,-0.169,-0.055,0.854
1751285523192,2025-06-30T15:12:03.192,4.520,-0.234,-0.056,0.897
1751285523202,2025-06-30T15:12:03.202,4.530,-0.256,-0.052,0.918
1751285523212,2025-06-30T15:12:03.212,4.540,-0.296,-0.024,0.932
1751285523222,2025-06-30T15:12:03.222,4.550,-0.338,-0.003,0.944
1751285523232,2025-06-30T15:12:03.232,4.560,-0.343,0.010,0.951
1751285523242,2025-06-30T15:12:03.242,4.570,-0.318,0.019,0.958
1751285523252,2025-06-30T15:12:03.252,4.580,-0.274,0.029,0.966
1751285523262,2025-06-30T15:12:03.262,4.590,-0.224,0.024,0.978
1751285523272,2025-06-30T15:12:03.272,4.600,-0.180,0.017,0.993
1751285523282,2025-06-30T15:12:03.282,4.610,-0.151,0.020,1.015
1751285523292,2025-06-30T15:12:03.292,4.620,-0.135,0.024,1.028
1751285523302,2025-06-30T15:12:03.302,4.630,-0.133,0.025,1.030
1751285523312,2025-06-30T15:12:03.312,4.640,-0.148,0.025,1.032
1751285523322,2025-06-30T15:12:03.322,4.650,-0.166,0.022,1.031
1751285523332,2025-06-30T15:12:03.332,4.660,-0.186,0.026,1.025
1751285523342,2025-06-30T15:12:03.342,4.670,-0.207,0.024,1.013
1751285523352,2025-06-30T15:12:03.352,4.680,-0.217,0.022,1.015
1751285523362,2025-06-30T15:12:03.362,4.690,-0.228,0.023,1.015
1751285523372,2025-06-30T15:12:03.372,4.700,-0.235,0.022,1.014
1751285523382,2025-06-30T15:12:03.382,4.710,-0.235,0.022,1.018
1751285523392,2025-06-30T15:12:03.392,4.720,-0.239,0.023,1.017
1751285523402,2025-06-30T15:12:03.402,4.730,-0.240,0.021,1.015
1751285523412,2025-06-30T15:12:03.412,4.740,-0.240,0.023,1.021
1751285523422,2025-06-30T15:12:03.422,4.750,-0.229,0.026,1.029
1751285523432,2025-06-30T15:12:03.432,4.760,-0.219,0.021,1.027
1751285523442,2025-06-30T15:12:03.442,4.770,-0.208,0.021,1.027
1751285523452,2025-06-30T15:12:03.452,4.780,-0.207,0.019,1.027
1751285523462,2025-06-30T15:12:03.462,4.790,-0.203,0.021,1.022
1751285523472,2025-06-30T15:12:03.472,4.800,-0.203,0.022,1.015
1751285523482,2025-06-30T15:12:03.482,4.810,-0.214,0.025,1.005
1751285523492,2025-06-30T15:12:03.492,4.820,-0.208,0.023,1.000
1751285523502,2025-06-30T15:12:03.502,4.830,-0.200,0.021,0.998
1751285523512,2025-06-30T15:12:03.512,4.840,-0.202,0.018,0.996
1751285523522,2025-06-30T15:12:03.522,4.850,-0.190,0.015,0.994
1751285523532,2025-06-30T15:12:03.532,4.860,-0.192,0.014,0.992
1751285523542,2025-06-30T15:12:03.542,4.870,-0.208,0.016,0.991
1751285523552,2025-06-30T15:12:03.552,4.880,-0.212,0.015,0.989
1751285523562,2025-06-30T15:12:03.562,4.890,-0.203,0.010,0.995
1751285523572,2025-06-30T15:12:03.572,4.900,-0.197,0.006,0.988
1751285523582,2025-06-30T15:12:03.582,4.910,-0.207,0.009,0.972
1751285523592,2025-06-30T15:12:03.592,4.920,-0.235,0.006,0.964
1751285523602,2025-06-30T15:12:03.602,4.930,-0.251,0.012,0.968
1751285523612,2025-06-30T15:12:03.612,4.940,-0.231,0.014,0.956
1751285523622,2025-06-30T15:12:03.622,4.950,-0.194,0.007,0.946
1751285523632,2025-06-30T15:12:03.632,4.960,-0.179,-0.001,0.957
1751285523642,2025-06-30T15:12:03.642,4.970,-0.170,-0.002,0.967
1751285523652,2025-06-30T15:12:03.652,4.980,-0.148,-0.007,0.972
1751285523662,2025-06-30T15:12:03.662,4.990,-0.129,-0.012,0.952
1751285523672,2025-06-30T15:12:03.672,5.000,-0.146,-0.006,0.949
1751285523682,2025-06-30T15:12:03.682,5.010,-0.128,-0.008,0.898
1751285523692,2025-06-30T15:12:03.692,5.020,0.050,-0.035,0.751
1751285523702,2025-06-30T15:12:03.702,5.030,0.378,-0.064,0.672
1751285523712,2025-06-30T15:12:03.712,5.040,0.741,-0.116,0.659
1751285523722,2025-06-30T15:12:03.722,5.050,1.048,-0.182,0.674
1751285523732,2025-06-30T15:12:03.732,5.060,1.234,-0.218,0.699
1751285523742,2025-06-30T15:12:03.742,5.070,1.252,-0.209,0.713
1751285523752,2025-06-30T15:12:03.752,5.080,1.136,-0.180,0.728
1751285523762,2025-06-30T15:12:03.762,5.090,0.993,-0.154,0.727
1751285523772,2025-06-30T15:12:03.772,5.100,0.901,-0.143,0.731
1751285523782,2025-06-30T15:12:03.782,5.110,0.831,-0.135,0.743
1751285523792,2025-06-30T15:12:03.792,5.120,0.746,-0.131,0.741
1751285523802,2025-06-30T15:12:03.802,5.130,0.667,-0.125,0.713
1751285523812,2025-06-30T15:12:03.812,5.140,0.637,-0.129,0.688
1751285523822,2025-06-30T15:12:03.822,5.150,0.641,-0.133,0.681
1751285523832,2025-06-30T15:12:03.832,5.160,0.670,-0.146,0.679
1751285523842,2025-06-30T15:12:03.842,5.170,0.708,-0.160,0.677
1751285523852,2025-06-30T15:12:03.852,5.180,0.754,-0.170,0.679
1751285523862,2025-06-30T15:12:03.862,5.190,0.793,-0.185,0.679
1751285523872,2025-06-30T15:12:03.872,5.200,0.826,-0.189,0.697
1751285523882,2025-06-30T15:12:03.882,5.210,0.840,-0.189,0.715
1751285523892,2025-06-30T15:12:03.892,5.220,0.839,-0.190,0.714
1751285523902,2025-06-30T15:12:03.902,5.230,0.798,-0.182,0.729
1751285523912,2025-06-30T15:12:03.912,5.240,0.731,-0.162,0.736
1751285523922,2025-06-30T15:12:03.922,5.250,0.636,-0.148,0.742
1751285523932,2025-06-30T15:12:03.932,5.260,0.514,-0.131,0.752
1751285523942,2025-06-30T15:12:03.942,5.270,0.391,-0.107,0.773
1751285523952,2025-06-30T15:12:03.952,5.280,0.262,-0.090,0.803
1751285523962,2025-06-30T15:12:03.962,5.290,0.124,-0.077,0.822
1751285523972,2025-06-30T15:12:03.972,5.300,-0.005,-0.075,0.833
1751285523982,2025-06-30T15:12:03.982,5.310,-0.118,-0.077,0.868
1751285523992,2025-06-30T15:12:03.992,5.320,-0.203,-0.063,0.893
1751285524002,2025-06-30T15:12:04.002,5.330,-0.293,-0.032,0.914
1751285524012,2025-06-30T15:12:04.012,5.340,-0.379,-0.018,0.935
1751285524022,2025-06-30T15:12:04.022,5.350,-0.429,-0.006,0.926
1751285524032,2025-06-30T15:12:04.032,5.360,-0.439,0.016,0.927
1751285524042,2025-06-30T15:12:04.042,5.370,-0.412,0.026,0.930
1751285524052,2025-06-30T15:12:04.052,5.380,-0.367,0.028,0.935
1751285524062,2025-06-30T15:12:04.062,5.390,-0.325,0.028,0.950
1751285524072,2025-06-30T15:12:04.072,5.400,-0.281,0.020,0.975
1751285524082,2025-06-30T15:12:04.082,5.410,-0.227,0.012,1.002
1751285524092,2025-06-30T15:12:04.092,5.420,-0.171,0.009,1.027
1751285524102,2025-06-30T15:12:04.102,5.430,-0.137,0.006,1.041
1751285524112,2025-06-30T15:12:04.112,5.440,-0.128,0.009,1.034
1751285524122,2025-06-30T15:12:04.122,5.450,-0.145,0.009,1.019
1751285524132,2025-06-30T15:12:04.132,5.460,-0.169,0.006,1.008
1751285524142,2025-06-30T15:12:04.142,5.470,-0.186,0.002,0.997
1751285524152,2025-06-30T15:12:04.152,5.480,-0.195,0.001,0.990
1751285524162,2025-06-30T15:12:04.162,5.490,-0.197,-0.003,0.992
1751285524172,2025-06-30T15:12:04.172,5.500,-0.217,-0.008,1.000
1751285524182,2025-06-30T15:12:04.182,5.510,-0.242,-0.005,0.998
1751285524192,2025-06-30T15:12:04.192,5.520,-0.233,0.000,1.000
1751285524202,2025-06-30T15:12:04.202,5.530,-0.213,0.001,1.014
1751285524212,2025-06-30T15:12:04.212,5.540,-0.191,-0.001,1.020
1751285524222,2025-06-30T15:12:04.222,5.550,-0.185,-0.002,1.016
1751285524232,2025-06-30T15:12:04.232,5.560,-0.189,-0.001,1.018
1751285524242,2025-06-30T15:12:04.242,5.570,-0.191,-0.001,1.017
1751285524252,2025-06-30T15:12:04.252,5.580,-0.190,0.000,1.010
1751285524262,2025-06-30T15:12:04.262,5.590,-0.197,0.005,1.002
1751285524272,2025-06-30T15:12:04.272,5.600,-0.210,0.010,1.000
1751285524282,2025-06-30T15:12:04.282,5.610,-0.207,0.009,1.003
1751285524292,2025-06-30T15:12:04.292,5.620,-0.194,0.009,1.005
1751285524302,2025-06-30T15:12:04.302,5.630,-0.192,0.011,0.997
1751285524312,2025-06-30T15:12:04.312,5.640,-0.191,0.010,0.997
1751285524322,2025-06-30T15:12:04.322,5.650,-0.189,0.005,1.001
1751285524332,2025-06-30T15:12:04.332,5.660,-0.186,0.001,1.009
1751285524342,2025-06-30T15:12:04.342,5.670,-0.195,-0.001,1.010
1751285524352,2025-06-30T15:12:04.352,5.680,-0.218,-0.002,0.999
1751285524362,2025-06-30T15:12:04.362,5.690,-0.244,0.000,0.987
1751285524372,2025-06-30T15:12:04.372,5.700,-0.271,0.010,0.985
1751285524382,2025-06-30T15:12:04.382,5.710,-0.287,0.019,0.981
1751285524392,2025-06-30T15:12:04.392,5.720,-0.294,0.016,0.967
1751285524402,2025-06-30T15:12:04.402,5.730,-0.288,0.012,0.958
1751285524412,2025-06-30T15:12:04.412,5.740,-0.270,0.010,0.963
1751285524422,2025-06-30T15:12:04.422,5.750,-0.258,0.008,0.964
1751285524432,2025-06-30T15:12:04.432,5.760,-0.250,0.005,0.966
1751285524442,2025-06-30T15:12:04.442,5.770,-0.229,0.007,0.947
1751285524452,2025-06-30T15:12:04.452,5.780,-0.211,0.016,0.942
1751285524462,2025-06-30T15:12:04.462,5.790,-0.197,0.011,0.951
1751285524472,2025-06-30T15:12:04.472,5.800,-0.172,0.002,0.969
1751285524482,2025-06-30T15:12:04.482,5.810,-0.139,-0.009,0.963
1751285524492,2025-06-30T15:12:04.492,5.820,-0.078,-0.010,0.945
1751285524502,2025-06-30T15:12:04.502,5.830,0.047,-0.025,0.883
1751285524512,2025-06-30T15:12:04.512,5.840,0.177,-0.021,0.893
1751285524522,2025-06-30T15:12:04.522,5.850,0.339,-0.052,0.853
1751285524532,2025-06-30T15:12:04.532,5.860,0.525,-0.075,0.839
1751285524542,2025-06-30T15:12:04.542,5.870,0.618,-0.087,0.850
1751285524552,2025-06-30T15:12:04.552,5.880,0.656,-0.096,0.814
1751285524562,2025-06-30T15:12:04.562,5.890,0.674,-0.104,0.796
1751285524572,2025-06-30T15:12:04.572,5.900,0.655,-0.111,0.776
1751285524582,2025-06-30T15:12:04.582,5.910,0.698,-0.125,0.742
1751285524592,2025-06-30T15:12:04.592,5.920,0.778,-0.140,0.749
1751285524602,2025-06-30T15:12:04.602,5.930,0.833,-0.147,0.747
1751285524612,2025-06-30T15:12:04.612,5.940,0.872,-0.155,0.727
1751285524622,2025-06-30T15:12:04.622,5.950,0.890,-0.156,0.713
1751285524632,2025-06-30T15:12:04.632,5.960,0.903,-0.154,0.708
1751285524642,2025-06-30T15:12:04.642,5.970,0.899,-0.156,0.725
1751285524652,2025-06-30T15:12:04.652,5.980,0.837,-0.152,0.741
1751285524662,2025-06-30T15:12:04.662,5.990,0.756,-0.146,0.732
1751285524672,2025-06-30T15:12:04.672,6.000,0.679,-0.140,0.722
1751285524682,2025-06-30T15:12:04.682,6.010,0.658,-0.141,0.720
1751285524692,2025-06-30T15:12:04.692,6.020,0.699,-0.145,0.718
1751285524702,2025-06-30T15:12:04.702,6.030,0.754,-0.153,0.724
1751285524712,2025-06-30T15:12:04.712,6.040,0.803,-0.160,0.735
1751285524722,2025-06-30T15:12:04.722,6.050,0.833,-0.158,0.751
1751285524732,2025-06-30T15:12:04.732,6.060,0.822,-0.152,0.761
1751285524742,2025-06-30T15:12:04.742,6.070,0.775,-0.139,0.772
1751285524752,2025-06-30T15:12:04.752,6.080,0.684,-0.123,0.780
1751285524762,2025-06-30T15:12:04.762,6.090,0.546,-0.104,0.795
1751285524772,2025-06-30T15:12:04.772,6.100,0.365,-0.076,0.811
1751285524782,2025-06-30T15:12:04.782,6.110,0.185,-0.052,0.829
1751285524792,2025-06-30T15:12:04.792,6.120,0.053,-0.053,0.836
1751285524802,2025-06-30T15:12:04.802,6.130,-0.066,-0.040,0.848
1751285524812,2025-06-30T15:12:04.812,6.140,-0.168,-0.023,0.863
1751285524822,2025-06-30T15:12:04.822,6.150,-0.226,-0.019,0.869
1751285524832,2025-06-30T15:12:04.832,6.160,-0.271,-0.009,0.891
1751285524842,2025-06-30T15:12:04.842,6.170,-0.312,0.004,0.913
1751285524852,2025-06-30T15:12:04.852,6.180,-0.341,0.010,0.928
1751285524862,2025-06-30T15:12:04.862,6.190,-0.341,0.015,0.949
1751285524872,2025-06-30T15:12:04.872,6.200,-0.326,0.021,0.962
1751285524882,2025-06-30T15:12:04.882,6.210,-0.300,0.022,0.975
1751285524892,2025-06-30T15:12:04.892,6.220,-0.271,0.025,0.988
1751285524902,2025-06-30T15:12:04.902,6.230,-0.240,0.030,1.001
1751285524912,2025-06-30T15:12:04.912,6.240,-0.209,0.030,1.014
1751285524922,2025-06-30T15:12:04.922,6.250,-0.194,0.028,1.026
1751285524932,2025-06-30T15:12:04.932,6.260,-0.177,0.031,1.032
1751285524942,2025-06-30T15:12:04.942,6.270,-0.166,0.034,1.031
1751285524952,2025-06-30T15:12:04.952,6.280,-0.161,0.036,1.031
1751285524962,2025-06-30T15:12:04.962,6.290,-0.169,0.040,1.032
1751285524972,2025-06-30T15:12:04.972,6.300,-0.187,0.039,1.030
1751285524982,2025-06-30T15:12:04.982,6.310,-0.211,0.042,1.031
1751285524992,2025-06-30T15:12:04.992,6.320,-0.224,0.040,1.032
1751285525002,2025-06-30T15:12:05.002,6.330,-0.224,0.040,1.034
1751285525012,2025-06-30T15:12:05.012,6.340,-0.217,0.035,1.037
1751285525022,2025-06-30T15:12:05.022,6.350,-0.205,0.037,1.038
1751285525032,2025-06-30T15:12:05.032,6.360,-0.192,0.039,1.044
1751285525042,2025-06-30T15:12:05.042,6.370,-0.184,0.042,1.045
1751285525052,2025-06-30T15:12:05.052,6.380,-0.185,0.038,1.039
1751285525062,2025-06-30T15:12:05.062,6.390,-0.191,0.036,1.033
1751285525072,2025-06-30T15:12:05.072,6.400,-0.200,0.040,1.024
1751285525082,2025-06-30T15:12:05.082,6.410,-0.225,0.043,1.021
1751285525092,2025-06-30T15:12:05.092,6.420,-0.233,0.043,1.010
1751285525102,2025-06-30T15:12:05.102,6.430,-0.220,0.040,1.013
1751285525112,2025-06-30T15:12:05.112,6.440,-0.205,0.038,1.017
1751285525122,2025-06-30T15:12:05.122,6.450,-0.200,0.037,1.013
1751285525132,2025-06-30T15:12:05.132,6.460,-0.190,0.036,1.012
1751285525142,2025-06-30T15:12:05.142,6.470,-0.187,0.034,1.012
1751285525152,2025-06-30T15:12:05.152,6.480,-0.193,0.034,1.009
1751285525162,2025-06-30T15:12:05.162,6.490,-0.211,0.035,0.998
1751285525172,2025-06-30T15:12:05.172,6.500,-0.239,0.035,0.984
1751285525182,2025-06-30T15:12:05.182,6.510,-0.266,0.037,0.975
1751285525192,2025-06-30T15:12:05.192,6.520,-0.271,0.034,0.964
1751285525202,2025-06-30T15:12:05.202,6.530,-0.260,0.032,0.956
1751285525212,2025-06-30T15:12:05.212,6.540,-0.260,0.028,0.952
1751285525222,2025-06-30T15:12:05.222,6.550,-0.280,0.030,0.966
1751285525232,2025-06-30T15:12:05.232,6.560,-0.276,0.033,0.968
1751285525242,2025-06-30T15:12:05.242,6.570,-0.242,0.023,0.965
1751285525252,2025-06-30T15:12:05.252,6.580,-0.205,0.019,0.970
1751285525262,2025-06-30T15:12:05.262,6.590,-0.166,0.011,0.969
1751285525272,2025-06-30T15:12:05.272,6.600,-0.130,0.007,0.975
1751285525282,2025-06-30T15:12:05.282,6.610,-0.103,0.004,0.957
1751285525292,2025-06-30T15:12:05.292,6.620,-0.101,0.013,0.948
1751285525302,2025-06-30T15:12:05.302,6.630,-0.080,0.006,0.927
1751285525312,2025-06-30T15:12:05.312,6.640,-0.019,-0.005,0.891
1751285525322,2025-06-30T15:12:05.322,6.650,0.074,-0.015,0.841
1751285525332,2025-06-30T15:12:05.332,6.660,0.180,-0.026,0.811
1751285525342,2025-06-30T15:12:05.342,6.670,0.314,-0.041,0.762
1751285525352,2025-06-30T15:12:05.352,6.680,0.491,-0.069,0.675
1751285525362,2025-06-30T15:12:05.362,6.690,0.702,-0.110,0.616
1751285525372,2025-06-30T15:12:05.372,6.700,0.860,-0.137,0.590
1751285525382,2025-06-30T15:12:05.382,6.710,0.967,-0.158,0.582
1751285525392,2025-06-30T15:12:05.392,6.720,0.995,-0.167,0.610
1751285525402,2025-06-30T15:12:05.402,6.730,0.973,-0.169,0.612
1751285525412,2025-06-30T15:12:05.412,6.740,0.972,-0.173,0.593
1751285525422,2025-06-30T15:12:05.422,6.750,0.982,-0.175,0.592
1751285525432,2025-06-30T15:12:05.432,6.760,0.983,-0.167,0.588
1751285525442,2025-06-30T15:12:05.442,6.770,0.998,-0.160,0.572
1751285525452,2025-06-30T15:12:05.452,6.780,1.028,-0.162,0.563
1751285525462,2025-06-30T15:12:05.462,6.790,1.004,-0.165,0.565
1751285525472,2025-06-30T15:12:05.472,6.800,0.932,-0.164,0.556
1751285525482,2025-06-30T15:12:05.482,6.810,0.854,-0.167,0.544
1751285525492,2025-06-30T15:12:05.492,6.820,0.784,-0.162,0.539
1751285525502,2025-06-30T15:12:05.502,6.830,0.768,-0.158,0.536
1751285525512,2025-06-30T15:12:05.512,6.840,0.805,-0.159,0.541
1751285525522,2025-06-30T15:12:05.522,6.850,0.863,-0.159,0.551
1751285525532,2025-06-30T15:12:05.532,6.860,0.942,-0.169,0.559
1751285525542,2025-06-30T15:12:05.542,6.870,1.014,-0.180,0.569
1751285525552,2025-06-30T15:12:05.552,6.880,1.064,-0.188,0.575
1751285525562,2025-06-30T15:12:05.562,6.890,1.067,-0.185,0.587
1751285525572,2025-06-30T15:12:05.572,6.900,1.011,-0.168,0.602
1751285525582,2025-06-30T15:12:05.582,6.910,0.924,-0.147,0.610
1751285525592,2025-06-30T15:12:05.592,6.920,0.800,-0.131,0.615
1751285525602,2025-06-30T15:12:05.602,6.930,0.655,-0.113,0.619
1751285525612,2025-06-30T15:12:05.612,6.940,0.519,-0.092,0.638
1751285525622,2025-06-30T15:12:05.622,6.950,0.352,-0.070,0.674
1751285525632,2025-06-30T15:12:05.632,6.960,0.164,-0.046,0.725
1751285525642,2025-06-30T15:12:05.642,6.970,0.012,-0.041,0.759
1751285525652,2025-06-30T15:12:05.652,6.980,-0.127,-0.037,0.795
1751285525662,2025-06-30T15:12:05.662,6.990,-0.237,-0.029,0.825
1751285525672,2025-06-30T15:12:05.672,7.000,-0.330,-0.020,0.834
1751285525682,2025-06-30T15:12:05.682,7.010,-0.436,-0.000,0.856
1751285525692,2025-06-30T15:12:05.692,7.020,-0.482,0.018,0.878
1751285525702,2025-06-30T15:12:05.702,7.030,-0.480,0.026,0.889
1751285525712,2025-06-30T15:12:05.712,7.040,-0.444,0.028,0.913
1751285525722,2025-06-30T15:12:05.722,7.050,-0.355,0.031,0.944
1751285525732,2025-06-30T15:12:05.732,7.060,-0.253,0.030,0.983
1751285525742,2025-06-30T15:12:05.742,7.070,-0.164,0.029,1.024
1751285525752,2025-06-30T15:12:05.752,7.080,-0.083,0.032,1.058
1751285525762,2025-06-30T15:12:05.762,7.090,-0.058,0.035,1.078
1751285525772,2025-06-30T15:12:05.772,7.100,-0.068,0.038,1.079
1751285525782,2025-06-30T15:12:05.782,7.110,-0.088,0.046,1.072
1751285525792,2025-06-30T15:12:05.792,7.120,-0.129,0.051,1.063
1751285525802,2025-06-30T15:12:05.802,7.130,-0.177,0.054,1.055
1751285525812,2025-06-30T15:12:05.812,7.140,-0.202,0.058,1.048
1751285525822,2025-06-30T15:12:05.822,7.150,-0.212,0.063,1.046
1751285525832,2025-06-30T15:12:05.832,7.160,-0.207,0.064,1.051
1751285525842,2025-06-30T15:12:05.842,7.170,-0.188,0.059,1.060
1751285525852,2025-06-30T15:12:05.852,7.180,-0.166,0.054,1.069
1751285525862,2025-06-30T15:12:05.862,7.190,-0.151,0.051,1.077
1751285525872,2025-06-30T15:12:05.872,7.200,-0.146,0.050,1.081
1751285525882,2025-06-30T15:12:05.882,7.210,-0.150,0.050,1.079
1751285525892,2025-06-30T15:12:05.892,7.220,-0.149,0.048,1.077
1751285525902,2025-06-30T15:12:05.902,7.230,-0.157,0.052,1.066
1751285525912,2025-06-30T15:12:05.912,7.240,-0.177,0.056,1.057
1751285525922,2025-06-30T15:12:05.922,7.250,-0.195,0.053,1.052
1751285525932,2025-06-30T15:12:05.932,7.260,-0.188,0.047,1.046
1751285525942,2025-06-30T15:12:05.942,7.270,-0.181,0.046,1.040
1751285525952,2025-06-30T15:12:05.952,7.280,-0.178,0.047,1.031
1751285525962,2025-06-30T15:12:05.962,7.290,-0.168,0.046,1.029
1751285525972,2025-06-30T15:12:05.972,7.300,-0.148,0.045,1.026
1751285525982,2025-06-30T15:12:05.982,7.310,-0.138,0.040,1.023
1751285525992,2025-06-30T15:12:05.992,7.320,-0.137,0.032,1.017
1751285526002,2025-06-30T15:12:06.002,7.330,-0.145,0.025,1.011
1751285526012,2025-06-30T15:12:06.012,7.340,-0.160,0.028,1.010
1751285526022,2025-06-30T15:12:06.022,7.350,-0.182,0.025,1.002
1751285526032,2025-06-30T15:12:06.032,7.360,-0.213,0.028,0.980
1751285526042,2025-06-30T15:12:06.042,7.370,-0.231,0.028,0.967
1751285526052,2025-06-30T15:12:06.052,7.380,-0.232,0.029,0.960
1751285526062,2025-06-30T15:12:06.062,7.390,-0.239,0.024,0.947
1751285526072,2025-06-30T15:12:06.072,7.400,-0.260,0.023,0.938
1751285526082,2025-06-30T15:12:06.082,7.410,-0.310,0.027,0.933
1751285526092,2025-06-30T15:12:06.092,7.420,-0.332,0.035,0.913
1751285526102,2025-06-30T15:12:06.102,7.430,-0.295,0.025,0.893
1751285526112,2025-06-30T15:12:06.112,7.440,-0.247,0.018,0.899
1751285526122,2025-06-30T15:12:06.122,7.450,-0.174,0.005,0.896
1751285526132,2025-06-30T15:12:06.132,7.460,-0.069,-0.011,0.900
1751285526142,2025-06-30T15:12:06.142,7.470,0.048,-0.021,0.917
1751285526152,2025-06-30T15:12:06.152,7.480,0.145,-0.036,0.905
1751285526162,2025-06-30T15:12:06.162,7.490,0.219,-0.042,0.898
1751285526172,2025-06-30T15:12:06.172,7.500,0.281,-0.051,0.868
1751285526182,2025-06-30T15:12:06.182,7.510,0.349,-0.055,0.824
1751285526192,2025-06-30T15:12:06.192,7.520,0.439,-0.070,0.767
1751285526202,2025-06-30T15:12:06.202,7.530,0.579,-0.102,0.686
1751285526212,2025-06-30T15:12:06.212,7.540,0.726,-0.137,0.644
1751285526222,2025-06-30T15:12:06.222,7.550,0.813,-0.156,0.616
1751285526232,2025-06-30T15:12:06.232,7.560,0.920,-0.172,0.576
1751285526242,2025-06-30T15:12:06.242,7.570,0.980,-0.174,0.583
1751285526252,2025-06-30T15:12:06.252,7.580,0.961,-0.162,0.583
1751285526262,2025-06-30T15:12:06.262,7.590,0.965,-0.160,0.561
1751285526272,2025-06-30T15:12:06.272,7.600,0.982,-0.172,0.551
1751285526282,2025-06-30T15:12:06.282,7.610,0.977,-0.178,0.535
1751285526292,2025-06-30T15:12:06.292,7.620,0.988,-0.170,0.498
1751285526302,2025-06-30T15:12:06.302,7.630,1.006,-0.170,0.468
1751285526312,2025-06-30T15:12:06.312,7.640,1.026,-0.174,0.452
1751285526322,2025-06-30T15:12:06.322,7.650,1.048,-0.178,0.453
1751285526332,2025-06-30T15:12:06.332,7.660,1.024,-0.185,0.459
1751285526342,2025-06-30T15:12:06.342,7.670,0.956,-0.184,0.456
1751285526352,2025-06-30T15:12:06.352,7.680,0.876,-0.182,0.451
1751285526362,2025-06-30T15:12:06.362,7.690,0.823,-0.182,0.451
1751285526372,2025-06-30T15:12:06.372,7.700,0.826,-0.182,0.454
1751285526382,2025-06-30T15:12:06.382,7.710,0.869,-0.188,0.454
1751285526392,2025-06-30T15:12:06.392,7.720,0.937,-0.199,0.459
1751285526402,2025-06-30T15:12:06.402,7.730,1.014,-0.212,0.472
1751285526412,2025-06-30T15:12:06.412,7.740,1.062,-0.221,0.490
1751285526422,2025-06-30T15:12:06.422,7.750,1.084,-0.217,0.517
1751285526432,2025-06-30T15:12:06.432,7.760,1.065,-0.216,0.517
1751285526442,2025-06-30T15:12:06.442,7.770,0.990,-0.198,0.509
1751285526452,2025-06-30T15:12:06.452,7.780,0.844,-0.171,0.530
1751285526462,2025-06-30T15:12:06.462,7.790,0.686,-0.145,0.551
1751285526472,2025-06-30T15:12:06.472,7.800,0.545,-0.129,0.576
1751285526482,2025-06-30T15:12:06.482,7.810,0.396,-0.120,0.627
1751285526492,2025-06-30T15:12:06.492,7.820,0.212,-0.095,0.699
1751285526502,2025-06-30T15:12:06.502,7.830,0.056,-0.073,0.745
1751285526512,2025-06-30T15:12:06.512,7.840,-0.061,-0.077,0.768
1751285526522,2025-06-30T15:12:06.522,7.850,-0.163,-0.068,0.800
1751285526532,2025-06-30T15:12:06.532,7.860,-0.216,-0.045,0.834
1751285526542,2025-06-30T15:12:06.542,7.870,-0.220,-0.042,0.852
1751285526552,2025-06-30T15:12:06.552,7.880,-0.253,-0.029,0.877
1751285526562,2025-06-30T15:12:06.562,7.890,-0.291,-0.013,0.908
1751285526572,2025-06-30T15:12:06.572,7.900,-0.319,-0.007,0.930
1751285526582,2025-06-30T15:12:06.582,7.910,-0.319,-0.004,0.960
1751285526592,2025-06-30T15:12:06.592,7.920,-0.255,-0.007,0.984
1751285526602,2025-06-30T15:12:06.602,7.930,-0.145,-0.012,1.016
1751285526612,2025-06-30T15:12:06.612,7.940,-0.022,-0.017,1.041
1751285526622,2025-06-30T15:12:06.622,7.950,0.052,-0.016,1.061
1751285526632,2025-06-30T15:12:06.632,7.960,0.074,-0.011,1.070
1751285526642,2025-06-30T15:12:06.642,7.970,0.071,-0.005,1.071
1751285526652,2025-06-30T15:12:06.652,7.980,0.033,-0.001,1.065
1751285526662,2025-06-30T15:12:06.662,7.990,-0.010,0.004,1.055
1751285526672,2025-06-30T15:12:06.672,8.000,-0.048,0.011,1.043
1751285526682,2025-06-30T15:12:06.682,8.010,-0.079,0.011,1.044
1751285526692,2025-06-30T15:12:06.692,8.020,-0.077,0.009,1.047
1751285526702,2025-06-30T15:12:06.702,8.030,-0.062,0.008,1.056
1751285526712,2025-06-30T15:12:06.712,8.040,-0.043,0.007,1.063
1751285526722,2025-06-30T15:12:06.722,8.050,-0.027,0.010,1.069
1751285526732,2025-06-30T15:12:06.732,8.060,-0.029,0.013,1.073
1751285526742,2025-06-30T15:12:06.742,8.070,-0.032,0.011,1.076
1751285526752,2025-06-30T15:12:06.752,8.080,-0.030,0.011,1.075
1751285526762,2025-06-30T15:12:06.762,8.090,-0.037,0.012,1.071
1751285526772,2025-06-30T15:12:06.772,8.100,-0.042,0.013,1.070
1751285526782,2025-06-30T15:12:06.782,8.110,-0.052,0.011,1.067
1751285526792,2025-06-30T15:12:06.792,8.120,-0.070,0.014,1.058
1751285526802,2025-06-30T15:12:06.802,8.130,-0.077,0.014,1.044
1751285526812,2025-06-30T15:12:06.812,8.140,-0.071,0.017,1.043
1751285526822,2025-06-30T15:12:06.822,8.150,-0.064,0.015,1.040
1751285526832,2025-06-30T15:12:06.832,8.160,-0.051,0.007,1.034
1751285526842,2025-06-30T15:12:06.842,8.170,-0.040,0.007,1.030
1751285526852,2025-06-30T15:12:06.852,8.180,-0.032,0.003,1.030
1751285526862,2025-06-30T15:12:06.862,8.190,-0.023,0.001,1.027
1751285526872,2025-06-30T15:12:06.872,8.200,-0.026,-0.001,1.025
1751285526882,2025-06-30T15:12:06.882,8.210,-0.034,0.001,1.021
1751285526892,2025-06-30T15:12:06.892,8.220,-0.044,0.001,1.019
1751285526902,2025-06-30T15:12:06.902,8.230,-0.063,0.000,1.010
1751285526912,2025-06-30T15:12:06.912,8.240,-0.088,0.000,0.997
1751285526922,2025-06-30T15:12:06.922,8.250,-0.117,-0.001,0.994
1751285526932,2025-06-30T15:12:06.932,8.260,-0.126,-0.001,0.988
1751285526942,2025-06-30T15:12:06.942,8.270,-0.118,-0.002,0.989
1751285526952,2025-06-30T15:12:06.952,8.280,-0.104,-0.006,0.987
1751285526962,2025-06-30T15:12:06.962,8.290,-0.081,-0.012,0.986
1751285526972,2025-06-30T15:12:06.972,8.300,-0.085,-0.019,0.976
1751285526982,2025-06-30T15:12:06.982,8.310,-0.091,-0.012,0.963
1751285526992,2025-06-30T15:12:06.992,8.320,-0.089,-0.007,0.954
1751285527002,2025-06-30T15:12:07.002,8.330,-0.085,-0.012,0.953
1751285527012,2025-06-30T15:12:07.012,8.340,-0.087,-0.013,0.947
1751285527022,2025-06-30T15:12:07.022,8.350,-0.088,-0.011,0.938
1751285527032,2025-06-30T15:12:07.032,8.360,-0.100,-0.007,0.944
1751285527042,2025-06-30T15:12:07.042,8.370,-0.076,-0.006,0.925
1751285527052,2025-06-30T15:12:07.052,8.380,0.055,-0.015,0.860
1751285527062,2025-06-30T15:12:07.062,8.390,0.201,-0.023,0.827
1751285527072,2025-06-30T15:12:07.072,8.400,0.305,-0.032,0.812
1751285527082,2025-06-30T15:12:07.082,8.410,0.420,-0.056,0.744
1751285527092,2025-06-30T15:12:07.092,8.420,0.548,-0.086,0.673
1751285527102,2025-06-30T15:12:07.102,8.430,0.649,-0.110,0.618
1751285527112,2025-06-30T15:12:07.112,8.440,0.763,-0.133,0.561
1751285527122,2025-06-30T15:12:07.122,8.450,0.868,-0.162,0.563
1751285527132,2025-06-30T15:12:07.132,8.460,0.891,-0.169,0.572
1751285527142,2025-06-30T15:12:07.142,8.470,0.894,-0.171,0.536
1751285527152,2025-06-30T15:12:07.152,8.480,0.913,-0.173,0.526
1751285527162,2025-06-30T15:12:07.162,8.490,0.906,-0.169,0.502
1751285527172,2025-06-30T15:12:07.172,8.500,0.947,-0.183,0.461
1751285527182,2025-06-30T15:12:07.182,8.510,1.023,-0.196,0.453
1751285527192,2025-06-30T15:12:07.192,8.520,1.086,-0.205,0.443
1751285527202,2025-06-30T15:12:07.202,8.530,1.127,-0.216,0.431
1751285527212,2025-06-30T15:12:07.212,8.540,1.144,-0.229,0.426
1751285527222,2025-06-30T15:12:07.222,8.550,1.128,-0.224,0.433
1751285527232,2025-06-30T15:12:07.232,8.560,1.063,-0.207,0.433
1751285527242,2025-06-30T15:12:07.242,8.570,0.983,-0.195,0.435
1751285527252,2025-06-30T15:12:07.252,8.580,0.903,-0.188,0.434
1751285527262,2025-06-30T15:12:07.262,8.590,0.854,-0.176,0.430
1751285527272,2025-06-30T15:12:07.272,8.600,0.862,-0.172,0.438
1751285527282,2025-06-30T15:12:07.282,8.610,0.910,-0.174,0.445
1751285527292,2025-06-30T15:12:07.292,8.620,0.974,-0.180,0.450
1751285527302,2025-06-30T15:12:07.302,8.630,1.045,-0.188,0.454
1751285527312,2025-06-30T15:12:07.312,8.640,1.104,-0.195,0.470
1751285527322,2025-06-30T15:12:07.322,8.650,1.127,-0.194,0.491
1751285527332,2025-06-30T15:12:07.332,8.660,1.128,-0.190,0.508
1751285527342,2025-06-30T15:12:07.342,8.670,1.082,-0.182,0.524
1751285527352,2025-06-30T15:12:07.352,8.680,0.979,-0.156,0.547
1751285527362,2025-06-30T15:12:07.362,8.690,0.833,-0.133,0.568
1751285527372,2025-06-30T15:12:07.372,8.700,0.665,-0.118,0.594
1751285527382,2025-06-30T15:12:07.382,8.710,0.545,-0.124,0.603
1751285527392,2025-06-30T15:12:07.392,8.720,0.407,-0.114,0.664
1751285527402,2025-06-30T15:12:07.402,8.730,0.177,-0.070,0.741
1751285527412,2025-06-30T15:12:07.412,8.740,0.026,-0.059,0.770
1751285527422,2025-06-30T15:12:07.422,8.750,-0.036,-0.055,0.800
1751285527432,2025-06-30T15:12:07.432,8.760,-0.079,-0.045,0.809
1751285527442,2025-06-30T15:12:07.442,8.770,-0.065,-0.039,0.840
1751285527452,2025-06-30T15:12:07.452,8.780,-0.010,-0.040,0.873
1751285527462,2025-06-30T15:12:07.462,8.790,0.025,-0.035,0.905
1751285527472,2025-06-30T15:12:07.472,8.800,0.007,-0.032,0.926
1751285527482,2025-06-30T15:12:07.482,8.810,-0.065,-0.026,0.952
1751285527492,2025-06-30T15:12:07.492,8.820,-0.142,-0.015,0.967
1751285527502,2025-06-30T15:12:07.502,8.830,-0.168,-0.007,0.977
1751285527512,2025-06-30T15:12:07.512,8.840,-0.134,-0.001,0.988
1751285527522,2025-06-30T15:12:07.522,8.850,-0.083,0.000,0.998
1751285527532,2025-06-30T15:12:07.532,8.860,-0.023,-0.003,1.003
1751285527542,2025-06-30T15:12:07.542,8.870,0.034,-0.005,1.026
1751285527552,2025-06-30T15:12:07.552,8.880,0.063,-0.006,1.042
1751285527562,2025-06-30T15:12:07.562,8.890,0.072,-0.007,1.052
1751285527572,2025-06-30T15:12:07.572,8.900,0.062,-0.005,1.055
1751285527582,2025-06-30T15:12:07.582,8.910,0.043,0.005,1.058
1751285527592,2025-06-30T15:12:07.592,8.920,0.029,0.005,1.056
1751285527602,2025-06-30T15:12:07.602,8.930,0.010,0.009,1.052
1751285527612,2025-06-30T15:12:07.612,8.940,-0.006,0.006,1.058
1751285527622,2025-06-30T15:12:07.622,8.950,0.007,0.001,1.065
1751285527632,2025-06-30T15:12:07.632,8.960,0.022,0.002,1.066
1751285527642,2025-06-30T15:12:07.642,8.970,0.025,0.003,1.063
1751285527652,2025-06-30T15:12:07.652,8.980,0.013,0.004,1.067
1751285527662,2025-06-30T15:12:07.662,8.990,0.012,0.001,1.063
1751285527672,2025-06-30T15:12:07.672,9.000,0.017,0.005,1.061
1751285527682,2025-06-30T15:12:07.682,9.010,0.012,0.001,1.066
1751285527692,2025-06-30T15:12:07.692,9.020,0.005,0.004,1.062
1751285527702,2025-06-30T15:12:07.702,9.030,0.002,0.001,1.063
1751285527712,2025-06-30T15:12:07.712,9.040,0.012,0.003,1.060
1751285527722,2025-06-30T15:12:07.722,9.050,0.018,0.004,1.055
1751285527732,2025-06-30T15:12:07.732,9.060,0.020,0.004,1.051
1751285527742,2025-06-30T15:12:07.742,9.070,0.007,0.000,1.045
1751285527752,2025-06-30T15:12:07.752,9.080,0.000,-0.001,1.030
1751285527762,2025-06-30T15:12:07.762,9.090,-0.002,0.000,1.022
1751285527772,2025-06-30T15:12:07.772,9.100,-0.002,-0.002,1.026
1751285527782,2025-06-30T15:12:07.782,9.110,0.004,-0.008,1.027
1751285527792,2025-06-30T15:12:07.792,9.120,-0.002,-0.010,1.023
1751285527802,2025-06-30T15:12:07.802,9.130,-0.019,-0.010,1.007
1751285527812,2025-06-30T15:12:07.812,9.140,-0.049,-0.003,0.986
1751285527822,2025-06-30T15:12:07.822,9.150,-0.084,0.006,0.973
1751285527832,2025-06-30T15:12:07.832,9.160,-0.102,0.009,0.962
1751285527842,2025-06-30T15:12:07.842,9.170,-0.105,0.003,0.955
1751285527852,2025-06-30T15:12:07.852,9.180,-0.128,-0.003,0.958
1751285527862,2025-06-30T15:12:07.862,9.190,-0.152,-0.002,0.956
1751285527872,2025-06-30T15:12:07.872,9.200,-0.146,-0.007,0.946
1751285527882,2025-06-30T15:12:07.882,9.210,-0.125,-0.004,0.941
1751285527892,2025-06-30T15:12:07.892,9.220,-0.113,-0.010,0.932
1751285527902,2025-06-30T15:12:07.902,9.230,-0.143,-0.011,0.936
1751285527912,2025-06-30T15:12:07.912,9.240,-0.153,-0.004,0.927
1751285527922,2025-06-30T15:12:07.922,9.250,-0.075,-0.025,0.857
1751285527932,2025-06-30T15:12:07.932,9.260,0.033,-0.014,0.871
1751285527942,2025-06-30T15:12:07.942,9.270,0.176,-0.038,0.797
1751285527952,2025-06-30T15:12:07.952,9.280,0.448,-0.087,0.704
1751285527962,2025-06-30T15:12:07.962,9.290,0.708,-0.122,0.693
1751285527972,2025-06-30T15:12:07.972,9.300,0.871,-0.143,0.701
1751285527982,2025-06-30T15:12:07.982,9.310,0.972,-0.170,0.688
1751285527992,2025-06-30T15:12:07.992,9.320,0.988,-0.173,0.687
1751285528002,2025-06-30T15:12:08.002,9.330,0.911,-0.161,0.674
1751285528012,2025-06-30T15:12:08.012,9.340,0.874,-0.160,0.634
1751285528022,2025-06-30T15:12:08.022,9.350,0.884,-0.159,0.630
1751285528032,2025-06-30T15:12:08.032,9.360,0.904,-0.152,0.623
1751285528042,2025-06-30T15:12:08.042,9.370,0.935,-0.159,0.603
1751285528052,2025-06-30T15:12:08.052,9.380,0.968,-0.165,0.584
1751285528062,2025-06-30T15:12:08.062,9.390,0.988,-0.167,0.568
1751285528072,2025-06-30T15:12:08.072,9.400,1.000,-0.178,0.566
1751285528082,2025-06-30T15:12:08.082,9.410,0.981,-0.179,0.570
1751285528092,2025-06-30T15:12:08.092,9.420,0.926,-0.173,0.559
1751285528102,2025-06-30T15:12:08.102,9.430,0.856,-0.171,0.557
1751285528112,2025-06-30T15:12:08.112,9.440,0.794,-0.164,0.560
1751285528122,2025-06-30T15:12:08.122,9.450,0.779,-0.167,0.555
1751285528132,2025-06-30T15:12:08.132,9.460,0.817,-0.177,0.558
1751285528142,2025-06-30T15:12:08.142,9.470,0.869,-0.185,0.570
1751285528152,2025-06-30T15:12:08.152,9.480,0.929,-0.199,0.576
1751285528162,2025-06-30T15:12:08.162,9.490,0.984,-0.205,0.583
1751285528172,2025-06-30T15:12:08.172,9.500,1.015,-0.207,0.592
1751285528182,2025-06-30T15:12:08.182,9.510,1.008,-0.200,0.606
1751285528192,2025-06-30T15:12:08.192,9.520,0.959,-0.181,0.623
1751285528202,2025-06-30T15:12:08.202,9.530,0.887,-0.167,0.629
1751285528212,2025-06-30T15:12:08.212,9.540,0.791,-0.152,0.632
1751285528222,2025-06-30T15:12:08.222,9.550,0.659,-0.128,0.647
1751285528232,2025-06-30T15:12:08.232,9.560,0.499,-0.104,0.666
1751285528242,2025-06-30T15:12:08.242,9.570,0.325,-0.086,0.701
1751285528252,2025-06-30T15:12:08.252,9.580,0.138,-0.056,0.753
1751285528262,2025-06-30T15:12:08.262,9.590,-0.014,-0.046,0.776
1751285528272,2025-06-30T15:12:08.272,9.600,-0.140,-0.055,0.799
1751285528282,2025-06-30T15:12:08.282,9.610,-0.242,-0.045,0.833
1751285528292,2025-06-30T15:12:08.292,9.620,-0.312,-0.031,0.852
1751285528302,2025-06-30T15:12:08.302,9.630,-0.406,-0.019,0.876
1751285528312,2025-06-30T15:12:08.312,9.640,-0.485,-0.012,0.895
1751285528322,2025-06-30T15:12:08.322,9.650,-0.494,-0.008,0.921
1751285528332,2025-06-30T15:12:08.332,9.660,-0.449,-0.002,0.949
1751285528342,2025-06-30T15:12:08.342,9.670,-0.387,0.000,0.975
1751285528352,2025-06-30T15:12:08.352,9.680,-0.311,-0.009,1.000
1751285528362,2025-06-30T15:12:08.362,9.690,-0.238,-0.013,1.016
1751285528372,2025-06-30T15:12:08.372,9.700,-0.174,-0.011,1.026
1751285528382,2025-06-30T15:12:08.382,9.710,-0.126,-0.009,1.037
1751285528392,2025-06-30T15:12:08.392,9.720,-0.110,-0.006,1.042
1751285528402,2025-06-30T15:12:08.402,9.730,-0.119,-0.005,1.033
1751285528412,2025-06-30T15:12:08.412,9.740,-0.136,-0.005,1.028
1751285528422,2025-06-30T15:12:08.422,9.750,-0.156,-0.003,1.025
1751285528432,2025-06-30T15:12:08.432,9.760,-0.172,0.001,1.022
1751285528442,2025-06-30T15:12:08.442,9.770,-0.190,0.008,1.024
1751285528452,2025-06-30T15:12:08.452,9.780,-0.206,0.010,1.021
1751285528462,2025-06-30T15:12:08.462,9.790,-0.221,0.005,1.017
1751285528472,2025-06-30T15:12:08.472,9.800,-0.231,0.000,1.019
1751285528482,2025-06-30T15:12:08.482,9.810,-0.245,0.000,1.018
1751285528492,2025-06-30T15:12:08.492,9.820,-0.251,0.005,1.016
1751285528502,2025-06-30T15:12:08.502,9.830,-0.250,0.009,1.015
1751285528512,2025-06-30T15:12:08.512,9.840,-0.252,0.017,1.015
1751285528522,2025-06-30T15:12:08.522,9.850,-0.253,0.019,1.010
1751285528532,2025-06-30T15:12:08.532,9.860,-0.252,0.015,1.006
1751285528542,2025-06-30T15:12:08.542,9.870,-0.249,0.010,1.004
1751285528552,2025-06-30T15:12:08.552,9.880,-0.236,0.000,1.002
1751285528562,2025-06-30T15:12:08.562,9.890,-0.228,-0.009,0.999
1751285528572,2025-06-30T15:12:08.572,9.900,-0.233,-0.006,0.991
1751285528582,2025-06-30T15:12:08.582,9.910,-0.238,0.002,0.982
1751285528592,2025-06-30T15:12:08.592,9.920,-0.237,0.008,0.976
1751285528602,2025-06-30T15:12:08.602,9.930,-0.245,0.010,0.978
1751285528612,2025-06-30T15:12:08.612,9.940,-0.267,0.011,0.976
1751285528622,2025-06-30T15:12:08.622,9.950,-0.303,-0.000,0.966
1751285528632,2025-06-30T15:12:08.632,9.960,-0.316,-0.007,0.950
1751285528642,2025-06-30T15:12:08.642,9.970,-0.301,0.002,0.946
1751285528652,2025-06-30T15:12:08.652,9.980,-0.298,0.003,0.941
1751285528662,2025-06-30T15:12:08.662,9.990,-0.303,0.007,0.930
1751285528672,2025-06-30T15:12:08.672,10.000,-0.264,0.004,0.918
1751285528682,2025-06-30T15:12:08.682,10.010,-0.216,-0.006,0.918
1751285528692,2025-06-30T15:12:08.692,10.020,-0.184,-0.017,0.932
1751285528702,2025-06-30T15:12:08.702,10.030,-0.139,-0.034,0.935
1751285528712,2025-06-30T15:12:08.712,10.040,-0.104,-0.045,0.954
1751285528722,2025-06-30T15:12:08.722,10.050,-0.094,-0.052,0.947
1751285528732,2025-06-30T15:12:08.732,10.060,-0.102,-0.045,0.943
1751285528742,2025-06-30T15:12:08.742,10.070,-0.057,-0.044,0.883
1751285528752,2025-06-30T15:12:08.752,10.080,0.081,-0.060,0.798
1751285528762,2025-06-30T15:12:08.762,10.090,0.259,-0.077,0.786
1751285528772,2025-06-30T15:12:08.772,10.100,0.451,-0.119,0.763
1751285528782,2025-06-30T15:12:08.782,10.110,0.627,-0.166,0.749
1751285528792,2025-06-30T15:12:08.792,10.120,0.766,-0.206,0.727
1751285528802,2025-06-30T15:12:08.802,10.130,0.880,-0.225,0.679
1751285528812,2025-06-30T15:12:08.812,10.140,0.938,-0.229,0.669
1751285528822,2025-06-30T15:12:08.822,10.150,0.917,-0.211,0.660
1751285528832,2025-06-30T15:12:08.832,10.160,0.912,-0.202,0.618
1751285528842,2025-06-30T15:12:08.842,10.170,0.944,-0.208,0.604
1751285528852,2025-06-30T15:12:08.852,10.180,0.955,-0.211,0.604
1751285528862,2025-06-30T15:12:08.862,10.190,0.971,-0.225,0.587
1751285528872,2025-06-30T15:12:08.872,10.200,0.982,-0.232,0.566
1751285528882,2025-06-30T15:12:08.882,10.210,0.974,-0.217,0.553
1751285528892,2025-06-30T15:12:08.892,10.220,0.965,-0.207,0.543
1751285528902,2025-06-30T15:12:08.902,10.230,0.935,-0.210,0.557
1751285528912,2025-06-30T15:12:08.912,10.240,0.875,-0.206,0.558
1751285528922,2025-06-30T15:12:08.922,10.250,0.810,-0.208,0.549
1751285528932,2025-06-30T15:12:08.932,10.260,0.760,-0.208,0.540
1751285528942,2025-06-30T15:12:08.942,10.270,0.752,-0.203,0.544
1751285528952,2025-06-30T15:12:08.952,10.280,0.781,-0.198,0.552
1751285528962,2025-06-30T15:12:08.962,10.290,0.829,-0.202,0.563
1751285528972,2025-06-30T15:12:08.972,10.300,0.879,-0.208,0.572
1751285528982,2025-06-30T15:12:08.982,10.310,0.928,-0.215,0.583
1751285528992,2025-06-30T15:12:08.992,10.320,0.969,-0.219,0.597
1751285529002,2025-06-30T15:12:09.002,10.330,0.967,-0.213,0.608
1751285529012,2025-06-30T15:12:09.012,10.340,0.936,-0.206,0.628
1751285529022,2025-06-30T15:12:09.022,10.350,0.880,-0.199,0.646
1751285529032,2025-06-30T15:12:09.032,10.360,0.802,-0.187,0.659
1751285529042,2025-06-30T15:12:09.042,10.370,0.726,-0.172,0.684
1751285529052,2025-06-30T15:12:09.052,10.380,0.635,-0.162,0.710
1751285529062,2025-06-30T15:12:09.062,10.390,0.527,-0.151,0.733
1751285529072,2025-06-30T15:12:09.072,10.400,0.406,-0.135,0.767
1751285529082,2025-06-30T15:12:09.082,10.410,0.275,-0.122,0.804
1751285529092,2025-06-30T15:12:09.092,10.420,0.156,-0.110,0.826
1751285529102,2025-06-30T15:12:09.102,10.430,0.050,-0.102,0.848
1751285529112,2025-06-30T15:12:09.112,10.440,-0.053,-0.091,0.879
1751285529122,2025-06-30T15:12:09.122,10.450,-0.127,-0.084,0.886
1751285529132,2025-06-30T15:12:09.132,10.460,-0.187,-0.071,0.904
1751285529142,2025-06-30T15:12:09.142,10.470,-0.249,-0.052,0.935
1751285529152,2025-06-30T15:12:09.152,10.480,-0.282,-0.042,0.964
1751285529162,2025-06-30T15:12:09.162,10.490,-0.274,-0.046,1.000
1751285529172,2025-06-30T15:12:09.172,10.500,-0.245,-0.056,1.008
1751285529182,2025-06-30T15:12:09.182,10.510,-0.198,-0.052,1.027
1751285529192,2025-06-30T15:12:09.192,10.520,-0.156,-0.051,1.042
1751285529202,2025-06-30T15:12:09.202,10.530,-0.128,-0.047,1.053
1751285529212,2025-06-30T15:12:09.212,10.540,-0.116,-0.036,1.064
1751285529222,2025-06-30T15:12:09.222,10.550,-0.125,-0.033,1.054
1751285529232,2025-06-30T15:12:09.232,10.560,-0.136,-0.028,1.045
1751285529242,2025-06-30T15:12:09.242,10.570,-0.146,-0.019,1.036
1751285529252,2025-06-30T15:12:09.252,10.580,-0.158,-0.020,1.027
1751285529262,2025-06-30T15:12:09.262,10.590,-0.168,-0.021,1.024
1751285529272,2025-06-30T15:12:09.272,10.600,-0.183,-0.021,1.023
1751285529282,2025-06-30T15:12:09.282,10.610,-0.187,-0.020,1.033
1751285529292,2025-06-30T15:12:09.292,10.620,-0.178,-0.027,1.042
1751285529302,2025-06-30T15:12:09.302,10.630,-0.171,-0.030,1.051
1751285529312,2025-06-30T15:12:09.312,10.640,-0.166,-0.038,1.040
1751285529322,2025-06-30T15:12:09.322,10.650,-0.164,-0.037,1.029
1751285529332,2025-06-30T15:12:09.332,10.660,-0.168,-0.040,1.021
1751285529342,2025-06-30T15:12:09.342,10.670,-0.177,-0.046,1.007
1751285529352,2025-06-30T15:12:09.352,10.680,-0.189,-0.053,1.000
1751285529362,2025-06-30T15:12:09.362,10.690,-0.193,-0.058,0.991
1751285529372,2025-06-30T15:12:09.372,10.700,-0.193,-0.060,0.993
1751285529382,2025-06-30T15:12:09.382,10.710,-0.187,-0.065,0.991
1751285529392,2025-06-30T15:12:09.392,10.720,-0.180,-0.066,0.988
1751285529402,2025-06-30T15:12:09.402,10.730,-0.170,-0.063,0.991
1751285529412,2025-06-30T15:12:09.412,10.740,-0.167,-0.069,0.995
1751285529422,2025-06-30T15:12:09.422,10.750,-0.166,-0.077,0.987
1751285529432,2025-06-30T15:12:09.432,10.760,-0.158,-0.078,0.981
1751285529442,2025-06-30T15:12:09.442,10.770,-0.158,-0.080,0.971
1751285529452,2025-06-30T15:12:09.452,10.780,-0.163,-0.082,0.964
1751285529462,2025-06-30T15:12:09.462,10.790,-0.166,-0.084,0.962
1751285529472,2025-06-30T15:12:09.472,10.800,-0.168,-0.086,0.955
1751285529482,2025-06-30T15:12:09.482,10.810,-0.174,-0.083,0.940
1751285529492,2025-06-30T15:12:09.492,10.820,-0.183,-0.077,0.935
1751285529502,2025-06-30T15:12:09.502,10.830,-0.200,-0.078,0.927
1751285529512,2025-06-30T15:12:09.512,10.840,-0.209,-0.080,0.917
1751285529522,2025-06-30T15:12:09.522,10.850,-0.220,-0.078,0.915
1751285529532,2025-06-30T15:12:09.532,10.860,-0.238,-0.079,0.904
1751285529542,2025-06-30T15:12:09.542,10.870,-0.253,-0.078,0.886
1751285529552,2025-06-30T15:12:09.552,10.880,-0.264,-0.077,0.875
1751285529562,2025-06-30T15:12:09.562,10.890,-0.293,-0.072,0.875
1751285529572,2025-06-30T15:12:09.572,10.900,-0.388,-0.062,0.881
1751285529582,2025-06-30T15:12:09.582,10.910,-0.493,-0.042,0.855
1751285529592,2025-06-30T15:12:09.592,10.920,-0.437,-0.036,0.723
1751285529602,2025-06-30T15:12:09.602,10.930,-0.238,-0.059,0.580
1751285529612,2025-06-30T15:12:09.612,10.940,0.060,-0.104,0.500
1751285529622,2025-06-30T15:12:09.622,10.950,0.450,-0.174,0.505
1751285529632,2025-06-30T15:12:09.632,10.960,0.840,-0.241,0.568
1751285529642,2025-06-30T15:12:09.642,10.970,1.099,-0.281,0.642
1751285529652,2025-06-30T15:12:09.652,10.980,1.171,-0.296,0.693
1751285529662,2025-06-30T15:12:09.662,10.990,1.053,-0.268,0.709
1751285529672,2025-06-30T15:12:09.672,11.000,0.942,-0.245,0.668
1751285529682,2025-06-30T15:12:09.682,11.010,0.895,-0.237,0.658
1751285529692,2025-06-30T15:12:09.692,11.020,0.837,-0.218,0.656
1751285529702,2025-06-30T15:12:09.702,11.030,0.812,-0.211,0.602
1751285529712,2025-06-30T15:12:09.712,11.040,0.833,-0.210,0.538
1751285529722,2025-06-30T15:12:09.722,11.050,0.897,-0.209,0.505
1751285529732,2025-06-30T15:12:09.732,11.060,1.005,-0.218,0.489
1751285529742,2025-06-30T15:12:09.742,11.070,1.109,-0.229,0.490
1751285529752,2025-06-30T15:12:09.752,11.080,1.149,-0.235,0.497
1751285529762,2025-06-30T15:12:09.762,11.090,1.126,-0.230,0.500
1751285529772,2025-06-30T15:12:09.772,11.100,1.058,-0.216,0.492
1751285529782,2025-06-30T15:12:09.782,11.110,0.973,-0.201,0.489
1751285529792,2025-06-30T15:12:09.792,11.120,0.911,-0.194,0.496
1751285529802,2025-06-30T15:12:09.802,11.130,0.873,-0.196,0.496
1751285529812,2025-06-30T15:12:09.812,11.140,0.882,-0.201,0.504
1751285529822,2025-06-30T15:12:09.822,11.150,0.929,-0.205,0.512
1751285529832,2025-06-30T15:12:09.832,11.160,0.997,-0.218,0.516
1751285529842,2025-06-30T15:12:09.842,11.170,1.055,-0.229,0.527
1751285529852,2025-06-30T15:12:09.852,11.180,1.094,-0.236,0.532
1751285529862,2025-06-30T15:12:09.862,11.190,1.107,-0.240,0.544
1751285529872,2025-06-30T15:12:09.872,11.200,1.087,-0.237,0.548
1751285529882,2025-06-30T15:12:09.882,11.210,1.017,-0.219,0.565
1751285529892,2025-06-30T15:12:09.892,11.220,0.898,-0.197,0.571
1751285529902,2025-06-30T15:12:09.902,11.230,0.771,-0.172,0.571
1751285529912,2025-06-30T15:12:09.912,11.240,0.633,-0.154,0.578
1751285529922,2025-06-30T15:12:09.922,11.250,0.481,-0.146,0.597
1751285529932,2025-06-30T15:12:09.932,11.260,0.330,-0.132,0.647
1751285529942,2025-06-30T15:12:09.942,11.270,0.156,-0.107,0.718
1751285529952,2025-06-30T15:12:09.952,11.280,-0.015,-0.103,0.780
1751285529962,2025-06-30T15:12:09.962,11.290,-0.153,-0.118,0.803
1751285529972,2025-06-30T15:12:09.972,11.300,-0.244,-0.111,0.837
1751285529982,2025-06-30T15:12:09.982,11.310,-0.292,-0.099,0.863
1751285529992,2025-06-30T15:12:09.992,11.320,-0.340,-0.078,0.876
1751285530002,2025-06-30T15:12:10.002,11.330,-0.382,-0.052,0.894
1751285530012,2025-06-30T15:12:10.012,11.340,-0.385,-0.037,0.901
1751285530022,2025-06-30T15:12:10.022,11.350,-0.366,-0.030,0.905
1751285530032,2025-06-30T15:12:10.032,11.360,-0.334,-0.026,0.913
1751285530042,2025-06-30T15:12:10.042,11.370,-0.278,-0.030,0.932
1751285530052,2025-06-30T15:12:10.052,11.380,-0.210,-0.035,0.971
1751285530062,2025-06-30T15:12:10.062,11.390,-0.155,-0.038,1.008
1751285530072,2025-06-30T15:12:10.072,11.400,-0.113,-0.040,1.036
1751285530082,2025-06-30T15:12:10.082,11.410,-0.102,-0.041,1.045
1751285530092,2025-06-30T15:12:10.092,11.420,-0.122,-0.036,1.041
1751285530102,2025-06-30T15:12:10.102,11.430,-0.148,-0.032,1.034
1751285530112,2025-06-30T15:12:10.112,11.440,-0.166,-0.033,1.031
1751285530122,2025-06-30T15:12:10.122,11.450,-0.179,-0.034,1.031
1751285530132,2025-06-30T15:12:10.132,11.460,-0.197,-0.039,1.025
1751285530142,2025-06-30T15:12:10.142,11.470,-0.208,-0.040,1.023
1751285530152,2025-06-30T15:12:10.152,11.480,-0.212,-0.037,1.022
1751285530162,2025-06-30T15:12:10.162,11.490,-0.214,-0.036,1.029
1751285530172,2025-06-30T15:12:10.172,11.500,-0.203,-0.040,1.034
1751285530182,2025-06-30T15:12:10.182,11.510,-0.194,-0.045,1.039
1751285530192,2025-06-30T15:12:10.192,11.520,-0.191,-0.043,1.036
1751285530202,2025-06-30T15:12:10.202,11.530,-0.188,-0.034,1.031
1751285530212,2025-06-30T15:12:10.212,11.540,-0.199,-0.031,1.028
1751285530222,2025-06-30T15:12:10.222,11.550,-0.209,-0.028,1.020
1751285530232,2025-06-30T15:12:10.232,11.560,-0.211,-0.026,1.014
1751285530242,2025-06-30T15:12:10.242,11.570,-0.210,-0.027,1.017
1751285530252,2025-06-30T15:12:10.252,11.580,-0.211,-0.026,1.010
1751285530262,2025-06-30T15:12:10.262,11.590,-0.217,-0.027,1.000
1751285530272,2025-06-30T15:12:10.272,11.600,-0.223,-0.027,0.993
1751285530282,2025-06-30T15:12:10.282,11.610,-0.223,-0.028,0.987
1751285530292,2025-06-30T15:12:10.292,11.620,-0.241,-0.026,0.979
1751285530302,2025-06-30T15:12:10.302,11.630,-0.242,-0.023,0.973
1751285530312,2025-06-30T15:12:10.312,11.640,-0.227,-0.022,0.967
1751285530322,2025-06-30T15:12:10.322,11.650,-0.225,-0.029,0.969
1751285530332,2025-06-30T15:12:10.332,11.660,-0.229,-0.031,0.961
1751285530342,2025-06-30T15:12:10.342,11.670,-0.219,-0.029,0.952
1751285530352,2025-06-30T15:12:10.352,11.680,-0.197,-0.028,0.951
1751285530362,2025-06-30T15:12:10.362,11.690,-0.163,-0.031,0.937
1751285530372,2025-06-30T15:12:10.372,11.700,-0.133,-0.039,0.924
1751285530382,2025-06-30T15:12:10.382,11.710,-0.146,-0.042,0.933
1751285530392,2025-06-30T15:12:10.392,11.720,-0.172,-0.030,0.946
1751285530402,2025-06-30T15:12:10.402,11.730,-0.170,-0.040,0.937
1751285530412,2025-06-30T15:12:10.412,11.740,-0.121,-0.048,0.938
1751285530422,2025-06-30T15:12:10.422,11.750,-0.016,-0.053,0.935
1751285530432,2025-06-30T15:12:10.432,11.760,0.103,-0.062,0.932
1751285530442,2025-06-30T15:12:10.442,11.770,0.262,-0.092,0.899
1751285530452,2025-06-30T15:12:10.452,11.780,0.397,-0.112,0.894
1751285530462,2025-06-30T15:12:10.462,11.790,0.460,-0.125,0.876
1751285530472,2025-06-30T15:12:10.472,11.800,0.517,-0.143,0.854
1751285530482,2025-06-30T15:12:10.482,11.810,0.513,-0.146,0.864
1751285530492,2025-06-30T15:12:10.492,11.820,0.468,-0.145,0.825
1751285530502,2025-06-30T15:12:10.502,11.830,0.489,-0.160,0.756
1751285530512,2025-06-30T15:12:10.512,11.840,0.570,-0.168,0.713
1751285530522,2025-06-30T15:12:10.522,11.850,0.612,-0.158,0.718
1751285530532,2025-06-30T15:12:10.532,11.860,0.704,-0.175,0.635
1751285530542,2025-06-30T15:12:10.542,11.870,0.880,-0.229,0.581
1751285530552,2025-06-30T15:12:10.552,11.880,0.988,-0.246,0.593
1751285530562,2025-06-30T15:12:10.562,11.890,1.038,-0.237,0.592
1751285530572,2025-06-30T15:12:10.572,11.900,1.086,-0.242,0.587
1751285530582,2025-06-30T15:12:10.582,11.910,1.101,-0.246,0.585
1751285530592,2025-06-30T15:12:10.592,11.920,1.064,-0.237,0.583
1751285530602,2025-06-30T15:12:10.602,11.930,1.004,-0.231,0.580
1751285530612,2025-06-30T15:12:10.612,11.940,0.923,-0.222,0.574
1751285530622,2025-06-30T15:12:10.622,11.950,0.833,-0.209,0.559
1751285530632,2025-06-30T15:12:10.632,11.960,0.771,-0.208,0.541
1751285530642,2025-06-30T15:12:10.642,11.970,0.729,-0.205,0.527
1751285530652,2025-06-30T15:12:10.652,11.980,0.719,-0.202,0.520
1751285530662,2025-06-30T15:12:10.662,11.990,0.743,-0.208,0.521
1751285530672,2025-06-30T15:12:10.672,12.000,0.783,-0.217,0.526
1751285530682,2025-06-30T15:12:10.682,12.010,0.823,-0.230,0.536
1751285530692,2025-06-30T15:12:10.692,12.020,0.855,-0.237,0.542
1751285530702,2025-06-30T15:12:10.702,12.030,0.890,-0.240,0.556
1751285530712,2025-06-30T15:12:10.712,12.040,0.922,-0.246,0.569
1751285530722,2025-06-30T15:12:10.722,12.050,0.934,-0.244,0.584
1751285530732,2025-06-30T15:12:10.732,12.060,0.914,-0.239,0.600
1751285530742,2025-06-30T15:12:10.742,12.070,0.881,-0.232,0.610
1751285530752,2025-06-30T15:12:10.752,12.080,0.832,-0.223,0.624
1751285530762,2025-06-30T15:12:10.762,12.090,0.769,-0.215,0.640
1751285530772,2025-06-30T15:12:10.772,12.100,0.697,-0.203,0.652
1751285530782,2025-06-30T15:12:10.782,12.110,0.614,-0.191,0.672
1751285530792,2025-06-30T15:12:10.792,12.120,0.524,-0.173,0.699
1751285530802,2025-06-30T15:12:10.802,12.130,0.426,-0.159,0.727
1751285530812,2025-06-30T15:12:10.812,12.140,0.326,-0.146,0.766
1751285530822,2025-06-30T15:12:10.822,12.150,0.227,-0.123,0.801
1751285530832,2025-06-30T15:12:10.832,12.160,0.132,-0.114,0.826
1751285530842,2025-06-30T15:12:10.842,12.170,0.045,-0.111,0.851
1751285530852,2025-06-30T15:12:10.852,12.180,-0.038,-0.097,0.875
1751285530862,2025-06-30T15:12:10.862,12.190,-0.120,-0.088,0.882
1751285530872,2025-06-30T15:12:10.872,12.200,-0.191,-0.074,0.884
1751285530882,2025-06-30T15:12:10.882,12.210,-0.268,-0.057,0.905
1751285530892,2025-06-30T15:12:10.892,12.220,-0.311,-0.053,0.918
1751285530902,2025-06-30T15:12:10.902,12.230,-0.312,-0.046,0.938
1751285530912,2025-06-30T15:12:10.912,12.240,-0.302,-0.038,0.957
1751285530922,2025-06-30T15:12:10.922,12.250,-0.285,-0.032,0.972
1751285530932,2025-06-30T15:12:10.932,12.260,-0.258,-0.024,0.990
1751285530942,2025-06-30T15:12:10.942,12.270,-0.219,-0.029,1.008
1751285530952,2025-06-30T15:12:10.952,12.280,-0.181,-0.036,1.033
1751285530962,2025-06-30T15:12:10.962,12.290,-0.157,-0.035,1.056
1751285530972,2025-06-30T15:12:10.972,12.300,-0.138,-0.035,1.062
1751285530982,2025-06-30T15:12:10.982,12.310,-0.127,-0.028,1.063
1751285530992,2025-06-30T15:12:10.992,12.320,-0.122,-0.029,1.058
1751285531002,2025-06-30T15:12:11.002,12.330,-0.131,-0.028,1.059
1751285531012,2025-06-30T15:12:11.012,12.340,-0.147,-0.028,1.055
1751285531022,2025-06-30T15:12:11.022,12.350,-0.159,-0.027,1.051
1751285531032,2025-06-30T15:12:11.032,12.360,-0.171,-0.027,1.054
1751285531042,2025-06-30T15:12:11.042,12.370,-0.185,-0.028,1.051
1751285531052,2025-06-30T15:12:11.052,12.380,-0.197,-0.027,1.051
1751285531062,2025-06-30T15:12:11.062,12.390,-0.192,-0.028,1.045
1751285531072,2025-06-30T15:12:11.072,12.400,-0.190,-0.025,1.049
1751285531082,2025-06-30T15:12:11.082,12.410,-0.189,-0.025,1.045
1751285531092,2025-06-30T15:12:11.092,12.420,-0.182,-0.027,1.040
1751285531102,2025-06-30T15:12:11.102,12.430,-0.174,-0.028,1.037
1751285531112,2025-06-30T15:12:11.112,12.440,-0.172,-0.031,1.028
1751285531122,2025-06-30T15:12:11.122,12.450,-0.172,-0.029,1.022
1751285531132,2025-06-30T15:12:11.132,12.460,-0.180,-0.024,1.022
1751285531142,2025-06-30T15:12:11.142,12.470,-0.181,-0.027,1.016
1751285531152,2025-06-30T15:12:11.152,12.480,-0.180,-0.030,1.010
1751285531162,2025-06-30T15:12:11.162,12.490,-0.184,-0.030,1.008
1751285531172,2025-06-30T15:12:11.172,12.500,-0.185,-0.031,1.004
1751285531182,2025-06-30T15:12:11.182,12.510,-0.190,-0.029,0.996
1751285531192,2025-06-30T15:12:11.192,12.520,-0.188,-0.034,0.987
1751285531202,2025-06-30T15:12:11.202,12.530,-0.192,-0.036,0.984
1751285531212,2025-06-30T15:12:11.212,12.540,-0.198,-0.033,0.977
1751285531222,2025-06-30T15:12:11.222,12.550,-0.197,-0.035,0.979
1751285531232,2025-06-30T15:12:11.232,12.560,-0.206,-0.034,0.980
1751285531242,2025-06-30T15:12:11.242,12.570,-0.219,-0.035,0.974
1751285531252,2025-06-30T15:12:11.252,12.580,-0.228,-0.038,0.964
1751285531262,2025-06-30T15:12:11.262,12.590,-0.228,-0.038,0.952
1751285531272,2025-06-30T15:12:11.272,12.600,-0.224,-0.034,0.949
1751285531282,2025-06-30T15:12:11.282,12.610,-0.193,-0.035,0.947
1751285531292,2025-06-30T15:12:11.292,12.620,-0.154,-0.041,0.953
1751285531302,2025-06-30T15:12:11.302,12.630,-0.110,-0.054,0.967
1751285531312,2025-06-30T15:12:11.312,12.640,-0.074,-0.067,0.964
1751285531322,2025-06-30T15:12:11.322,12.650,-0.064,-0.068,0.990
1751285531332,2025-06-30T15:12:11.332,12.660,-0.064,-0.075,0.984
1751285531342,2025-06-30T15:12:11.342,12.670,-0.081,-0.063,0.984
1751285531352,2025-06-30T15:12:11.352,12.680,-0.138,-0.048,0.991
1751285531362,2025-06-30T15:12:11.362,12.690,-0.161,-0.048,0.919
1751285531372,2025-06-30T15:12:11.372,12.700,-0.023,-0.073,0.762
1751285531382,2025-06-30T15:12:11.382,12.710,0.259,-0.108,0.694
1751285531392,2025-06-30T15:12:11.392,12.720,0.561,-0.126,0.729
1751285531402,2025-06-30T15:12:11.402,12.730,0.877,-0.184,0.725
1751285531412,2025-06-30T15:12:11.412,12.740,1.125,-0.243,0.748
1751285531422,2025-06-30T15:12:11.422,12.750,1.177,-0.245,0.764
1751285531432,2025-06-30T15:12:11.432,12.760,1.100,-0.229,0.750
1751285531442,2025-06-30T15:12:11.442,12.770,0.998,-0.225,0.748
1751285531452,2025-06-30T15:12:11.452,12.780,0.913,-0.207,0.742
1751285531462,2025-06-30T15:12:11.462,12.790,0.868,-0.198,0.737
1751285531472,2025-06-30T15:12:11.472,12.800,0.830,-0.197,0.738
1751285531482,2025-06-30T15:12:11.482,12.810,0.756,-0.185,0.720
1751285531492,2025-06-30T15:12:11.492,12.820,0.696,-0.183,0.687
1751285531502,2025-06-30T15:12:11.502,12.830,0.668,-0.188,0.669
1751285531512,2025-06-30T15:12:11.512,12.840,0.648,-0.188,0.668
1751285531522,2025-06-30T15:12:11.522,12.850,0.654,-0.193,0.666
1751285531532,2025-06-30T15:12:11.532,12.860,0.678,-0.199,0.671
1751285531542,2025-06-30T15:12:11.542,12.870,0.707,-0.204,0.678
1751285531552,2025-06-30T15:12:11.552,12.880,0.748,-0.217,0.688
1751285531562,2025-06-30T15:12:11.562,12.890,0.770,-0.226,0.707
1751285531572,2025-06-30T15:12:11.572,12.900,0.776,-0.229,0.712
1751285531582,2025-06-30T15:12:11.582,12.910,0.752,-0.225,0.722
1751285531592,2025-06-30T15:12:11.592,12.920,0.699,-0.212,0.738
1751285531602,2025-06-30T15:12:11.602,12.930,0.629,-0.199,0.750
1751285531612,2025-06-30T15:12:11.612,12.940,0.556,-0.179,0.781
1751285531622,2025-06-30T15:12:11.622,12.950,0.481,-0.171,0.758
1751285531632,2025-06-30T15:12:11.632,12.960,0.375,-0.156,0.781
1751285531642,2025-06-30T15:12:11.642,12.970,0.270,-0.140,0.811
1751285531652,2025-06-30T15:12:11.652,12.980,0.184,-0.141,0.794
1751285531662,2025-06-30T15:12:11.662,12.990,0.075,-0.132,0.826
1751285531672,2025-06-30T15:12:11.672,13.000,-0.035,-0.112,0.859
1751285531682,2025-06-30T15:12:11.682,13.010,-0.106,-0.099,0.894
1751285531692,2025-06-30T15:12:11.692,13.020,-0.174,-0.097,0.896
1751285531702,2025-06-30T15:12:11.702,13.030,-0.244,-0.077,0.924
1751285531712,2025-06-30T15:12:11.712,13.040,-0.292,-0.071,0.907
1751285531722,2025-06-30T15:12:11.722,13.050,-0.306,-0.057,0.914
1751285531732,2025-06-30T15:12:11.732,13.060,-0.296,-0.054,0.905
1751285531742,2025-06-30T15:12:11.742,13.070,-0.276,-0.053,0.913
1751285531752,2025-06-30T15:12:11.752,13.080,-0.256,-0.044,0.940
1751285531762,2025-06-30T15:12:11.762,13.090,-0.246,-0.044,0.965
1751285531772,2025-06-30T15:12:11.772,13.100,-0.250,-0.046,0.980
1751285531782,2025-06-30T15:12:11.782,13.110,-0.258,-0.043,1.002
1751285531792,2025-06-30T15:12:11.792,13.120,-0.260,-0.041,1.016
1751285531802,2025-06-30T15:12:11.802,13.130,-0.263,-0.036,1.032
1751285531812,2025-06-30T15:12:11.812,13.140,-0.264,-0.033,1.038
1751285531822,2025-06-30T15:12:11.822,13.150,-0.255,-0.027,1.045
1751285531832,2025-06-30T15:12:11.832,13.160,-0.251,-0.024,1.048
1751285531842,2025-06-30T15:12:11.842,13.170,-0.254,-0.024,1.049
1751285531852,2025-06-30T15:12:11.852,13.180,-0.248,-0.023,1.049
1751285531862,2025-06-30T15:12:11.862,13.190,-0.236,-0.021,1.051
1751285531872,2025-06-30T15:12:11.872,13.200,-0.230,-0.022,1.053
1751285531882,2025-06-30T15:12:11.882,13.210,-0.222,-0.021,1.049
1751285531892,2025-06-30T15:12:11.892,13.220,-0.216,-0.020,1.051
1751285531902,2025-06-30T15:12:11.902,13.230,-0.216,-0.019,1.053
1751285531912,2025-06-30T15:12:11.912,13.240,-0.225,-0.015,1.050
1751285531922,2025-06-30T15:12:11.922,13.250,-0.229,-0.019,1.044
1751285531932,2025-06-30T15:12:11.932,13.260,-0.233,-0.012,1.037
1751285531942,2025-06-30T15:12:11.942,13.270,-0.234,-0.008,1.033
1751285531952,2025-06-30T15:12:11.952,13.280,-0.237,-0.010,1.028
1751285531962,2025-06-30T15:12:11.962,13.290,-0.234,-0.016,1.024
1751285531972,2025-06-30T15:12:11.972,13.300,-0.229,-0.017,1.024
1751285531982,2025-06-30T15:12:11.982,13.310,-0.228,-0.021,1.019
1751285531992,2025-06-30T15:12:11.992,13.320,-0.220,-0.024,1.010
1751285532002,2025-06-30T15:12:12.002,13.330,-0.221,-0.021,1.003
1751285532012,2025-06-30T15:12:12.012,13.340,-0.232,-0.021,1.001
1751285532022,2025-06-30T15:12:12.022,13.350,-0.238,-0.024,0.996
1751285532032,2025-06-30T15:12:12.032,13.360,-0.243,-0.025,0.986
1751285532042,2025-06-30T15:12:12.042,13.370,-0.260,-0.025,0.982
1751285532052,2025-06-30T15:12:12.052,13.380,-0.277,-0.025,0.972
1751285532062,2025-06-30T15:12:12.062,13.390,-0.297,-0.022,0.964
1751285532072,2025-06-30T15:12:12.072,13.400,-0.294,-0.026,0.960
1751285532082,2025-06-30T15:12:12.082,13.410,-0.287,-0.030,0.956
1751285532092,2025-06-30T15:12:12.092,13.420,-0.292,-0.026,0.957
1751285532102,2025-06-30T15:12:12.102,13.430,-0.292,-0.021,0.955
1751285532112,2025-06-30T15:12:12.112,13.440,-0.275,-0.025,0.951
1751285532122,2025-06-30T15:12:12.122,13.450,-0.274,-0.032,0.957
1751285532132,2025-06-30T15:12:12.132,13.460,-0.274,-0.038,0.957
1751285532142,2025-06-30T15:12:12.142,13.470,-0.285,-0.041,0.958
1751285532152,2025-06-30T15:12:12.152,13.480,-0.296,-0.035,0.962
1751285532162,2025-06-30T15:12:12.162,13.490,-0.303,-0.034,0.950
1751285532172,2025-06-30T15:12:12.172,13.500,-0.292,-0.033,0.941
1751285532182,2025-06-30T15:12:12.182,13.510,-0.217,-0.041,0.902
1751285532192,2025-06-30T15:12:12.192,13.520,-0.055,-0.060,0.830
1751285532202,2025-06-30T15:12:12.202,13.530,0.180,-0.076,0.800
1751285532212,2025-06-30T15:12:12.212,13.540,0.459,-0.128,0.763
1751285532222,2025-06-30T15:12:12.222,13.550,0.707,-0.163,0.794
1751285532232,2025-06-30T15:12:12.232,13.560,0.890,-0.207,0.781
1751285532242,2025-06-30T15:12:12.242,13.570,1.019,-0.235,0.779
1751285532252,2025-06-30T15:12:12.252,13.580,1.043,-0.235,0.792
1751285532262,2025-06-30T15:12:12.262,13.590,1.007,-0.227,0.794
1751285532272,2025-06-30T15:12:12.272,13.600,0.956,-0.223,0.786
1751285532282,2025-06-30T15:12:12.282,13.610,0.894,-0.216,0.765
1751285532292,2025-06-30T15:12:12.292,13.620,0.854,-0.202,0.751
1751285532302,2025-06-30T15:12:12.302,13.630,0.812,-0.200,0.747
1751285532312,2025-06-30T15:12:12.312,13.640,0.756,-0.197,0.740
1751285532322,2025-06-30T15:12:12.322,13.650,0.706,-0.194,0.731
1751285532332,2025-06-30T15:12:12.332,13.660,0.670,-0.198,0.700
1751285532342,2025-06-30T15:12:12.342,13.670,0.639,-0.205,0.669
1751285532352,2025-06-30T15:12:12.352,13.680,0.623,-0.201,0.670
1751285532362,2025-06-30T15:12:12.362,13.690,0.650,-0.204,0.676
1751285532372,2025-06-30T15:12:12.372,13.700,0.709,-0.226,0.677
1751285532382,2025-06-30T15:12:12.382,13.710,0.749,-0.246,0.677
1751285532392,2025-06-30T15:12:12.392,13.720,0.745,-0.248,0.697
1751285532402,2025-06-30T15:12:12.402,13.730,0.698,-0.234,0.717
1751285532412,2025-06-30T15:12:12.412,13.740,0.628,-0.222,0.729
1751285532422,2025-06-30T15:12:12.422,13.750,0.541,-0.208,0.743
1751285532432,2025-06-30T15:12:12.432,13.760,0.442,-0.191,0.751
1751285532442,2025-06-30T15:12:12.442,13.770,0.338,-0.170,0.786
1751285532452,2025-06-30T15:12:12.452,13.780,0.252,-0.165,0.798
1751285532462,2025-06-30T15:12:12.462,13.790,0.171,-0.155,0.834
1751285532472,2025-06-30T15:12:12.472,13.800,0.104,-0.151,0.854
1751285532482,2025-06-30T15:12:12.482,13.810,0.045,-0.148,0.864
1751285532492,2025-06-30T15:12:12.492,13.820,-0.028,-0.139,0.855
1751285532502,2025-06-30T15:12:12.502,13.830,-0.104,-0.125,0.864
1751285532512,2025-06-30T15:12:12.512,13.840,-0.168,-0.111,0.876
1751285532522,2025-06-30T15:12:12.522,13.850,-0.238,-0.097,0.894
1751285532532,2025-06-30T15:12:12.532,13.860,-0.293,-0.078,0.906
1751285532542,2025-06-30T15:12:12.542,13.870,-0.313,-0.058,0.919
1751285532552,2025-06-30T15:12:12.552,13.880,-0.330,-0.042,0.925
1751285532562,2025-06-30T15:12:12.562,13.890,-0.334,-0.036,0.937
1751285532572,2025-06-30T15:12:12.572,13.900,-0.327,-0.040,0.957
1751285532582,2025-06-30T15:12:12.582,13.910,-0.305,-0.045,0.961
1751285532592,2025-06-30T15:12:12.592,13.920,-0.264,-0.041,0.976
1751285532602,2025-06-30T15:12:12.602,13.930,-0.216,-0.037,1.004
1751285532612,2025-06-30T15:12:12.612,13.940,-0.176,-0.036,1.032
1751285532622,2025-06-30T15:12:12.622,13.950,-0.167,-0.038,1.054
1751285532632,2025-06-30T15:12:12.632,13.960,-0.178,-0.038,1.061
1751285532642,2025-06-30T15:12:12.642,13.970,-0.194,-0.036,1.057
1751285532652,2025-06-30T15:12:12.652,13.980,-0.209,-0.037,1.050
1751285532662,2025-06-30T15:12:12.662,13.990,-0.211,-0.034,1.043
1751285532672,2025-06-30T15:12:12.672,14.000,-0.225,-0.032,1.038
1751285532682,2025-06-30T15:12:12.682,14.010,-0.250,-0.031,1.041
1751285532692,2025-06-30T15:12:12.692,14.020,-0.263,-0.030,1.042
1751285532702,2025-06-30T15:12:12.702,14.030,-0.263,-0.031,1.038
1751285532712,2025-06-30T15:12:12.712,14.040,-0.261,-0.029,1.040
1751285532722,2025-06-30T15:12:12.722,14.050,-0.262,-0.027,1.041
1751285532732,2025-06-30T15:12:12.732,14.060,-0.260,-0.022,1.040
1751285532742,2025-06-30T15:12:12.742,14.070,-0.250,-0.024,1.040
1751285532752,2025-06-30T15:12:12.752,14.080,-0.243,-0.025,1.041
1751285532762,2025-06-30T15:12:12.762,14.090,-0.243,-0.022,1.033
1751285532772,2025-06-30T15:12:12.772,14.100,-0.240,-0.019,1.029
1751285532782,2025-06-30T15:12:12.782,14.110,-0.238,-0.019,1.023
1751285532792,2025-06-30T15:12:12.792,14.120,-0.235,-0.019,1.019
1751285532802,2025-06-30T15:12:12.802,14.130,-0.233,-0.021,1.015
1751285532812,2025-06-30T15:12:12.812,14.140,-0.239,-0.022,1.007
1751285532822,2025-06-30T15:12:12.822,14.150,-0.244,-0.021,1.002
1751285532832,2025-06-30T15:12:12.832,14.160,-0.239,-0.021,0.999
1751285532842,2025-06-30T15:12:12.842,14.170,-0.228,-0.023,0.997
1751285532852,2025-06-30T15:12:12.852,14.180,-0.229,-0.023,0.990
1751285532862,2025-06-30T15:12:12.862,14.190,-0.239,-0.023,0.988
1751285532872,2025-06-30T15:12:12.872,14.200,-0.252,-0.025,0.987
1751285532882,2025-06-30T15:12:12.882,14.210,-0.261,-0.028,0.973
1751285532892,2025-06-30T15:12:12.892,14.220,-0.271,-0.035,0.961
1751285532902,2025-06-30T15:12:12.902,14.230,-0.291,-0.039,0.952
1751285532912,2025-06-30T15:12:12.912,14.240,-0.314,-0.038,0.946
1751285532922,2025-06-30T15:12:12.922,14.250,-0.333,-0.036,0.942
1751285532932,2025-06-30T15:12:12.932,14.260,-0.354,-0.036,0.930
1751285532942,2025-06-30T15:12:12.942,14.270,-0.385,-0.039,0.893
1751285532952,2025-06-30T15:12:12.952,14.280,-0.401,-0.033,0.868
1751285532962,2025-06-30T15:12:12.962,14.290,-0.389,-0.027,0.863
1751285532972,2025-06-30T15:12:12.972,14.300,-0.340,-0.029,0.886
1751285532982,2025-06-30T15:12:12.982,14.310,-0.281,-0.039,0.912
1751285532992,2025-06-30T15:12:12.992,14.320,-0.244,-0.042,0.927
1751285533002,2025-06-30T15:12:13.002,14.330,-0.194,-0.036,0.979
1751285533012,2025-06-30T15:12:13.012,14.340,-0.122,-0.033,1.008
1751285533022,2025-06-30T15:12:13.022,14.350,-0.090,-0.033,0.998
1751285533032,2025-06-30T15:12:13.032,14.360,-0.101,-0.033,1.000
1751285533042,2025-06-30T15:12:13.042,14.370,-0.089,-0.041,0.918
1751285533052,2025-06-30T15:12:13.052,14.380,0.039,-0.059,0.821
1751285533062,2025-06-30T15:12:13.062,14.390,0.264,-0.081,0.779
1751285533072,2025-06-30T15:12:13.072,14.400,0.555,-0.111,0.778
1751285533082,2025-06-30T15:12:13.082,14.410,0.803,-0.153,0.800
1751285533092,2025-06-30T15:12:13.092,14.420,0.893,-0.168,0.817
1751285533102,2025-06-30T15:12:13.102,14.430,0.835,-0.167,0.785
1751285533112,2025-06-30T15:12:13.112,14.440,0.819,-0.177,0.706
1751285533122,2025-06-30T15:12:13.122,14.450,0.872,-0.193,0.676
1751285533132,2025-06-30T15:12:13.132,14.460,0.919,-0.212,0.684
1751285533142,2025-06-30T15:12:13.142,14.470,0.946,-0.221,0.699
1751285533152,2025-06-30T15:12:13.152,14.480,0.944,-0.223,0.701
1751285533162,2025-06-30T15:12:13.162,14.490,0.939,-0.225,0.686
1751285533172,2025-06-30T15:12:13.172,14.500,0.938,-0.223,0.663
1751285533182,2025-06-30T15:12:13.182,14.510,0.911,-0.215,0.649
1751285533192,2025-06-30T15:12:13.192,14.520,0.856,-0.201,0.646
1751285533202,2025-06-30T15:12:13.202,14.530,0.796,-0.194,0.632
1751285533212,2025-06-30T15:12:13.212,14.540,0.756,-0.203,0.607
1751285533222,2025-06-30T15:12:13.222,14.550,0.720,-0.204,0.598
1751285533232,2025-06-30T15:12:13.232,14.560,0.696,-0.201,0.592
1751285533242,2025-06-30T15:12:13.242,14.570,0.708,-0.205,0.596
1751285533252,2025-06-30T15:12:13.252,14.580,0.759,-0.210,0.589
1751285533262,2025-06-30T15:12:13.262,14.590,0.807,-0.218,0.609
1751285533272,2025-06-30T15:12:13.272,14.600,0.857,-0.226,0.627
1751285533282,2025-06-30T15:12:13.282,14.610,0.896,-0.229,0.651
1751285533292,2025-06-30T15:12:13.292,14.620,0.920,-0.239,0.648
1751285533302,2025-06-30T15:12:13.302,14.630,0.865,-0.225,0.667
1751285533312,2025-06-30T15:12:13.312,14.640,0.774,-0.200,0.673
1751285533322,2025-06-30T15:12:13.322,14.650,0.696,-0.188,0.686
1751285533332,2025-06-30T15:12:13.332,14.660,0.607,-0.183,0.713
1751285533342,2025-06-30T15:12:13.342,14.670,0.503,-0.173,0.741
1751285533352,2025-06-30T15:12:13.352,14.680,0.396,-0.164,0.764
1751285533362,2025-06-30T15:12:13.362,14.690,0.285,-0.149,0.789
1751285533372,2025-06-30T15:12:13.372,14.700,0.168,-0.127,0.815
1751285533382,2025-06-30T15:12:13.382,14.710,0.083,-0.119,0.833
1751285533392,2025-06-30T15:12:13.392,14.720,0.015,-0.109,0.847
1751285533402,2025-06-30T15:12:13.402,14.730,-0.073,-0.092,0.863
1751285533412,2025-06-30T15:12:13.412,14.740,-0.178,-0.085,0.854
1751285533422,2025-06-30T15:12:13.422,14.750,-0.287,-0.078,0.855
1751285533432,2025-06-30T15:12:13.432,14.760,-0.387,-0.058,0.868
1751285533442,2025-06-30T15:12:13.442,14.770,-0.424,-0.053,0.886
1751285533452,2025-06-30T15:12:13.452,14.780,-0.405,-0.046,0.913
1751285533462,2025-06-30T15:12:13.462,14.790,-0.366,-0.042,0.931
1751285533472,2025-06-30T15:12:13.472,14.800,-0.320,-0.044,0.945
1751285533482,2025-06-30T15:12:13.482,14.810,-0.270,-0.051,0.958
1751285533492,2025-06-30T15:12:13.492,14.820,-0.217,-0.051,0.984
1751285533502,2025-06-30T15:12:13.502,14.830,-0.169,-0.052,1.017
1751285533512,2025-06-30T15:12:13.512,14.840,-0.132,-0.058,1.047
1751285533522,2025-06-30T15:12:13.522,14.850,-0.107,-0.061,1.056
1751285533532,2025-06-30T15:12:13.532,14.860,-0.114,-0.054,1.047
1751285533542,2025-06-30T15:12:13.542,14.870,-0.150,-0.053,1.035
1751285533552,2025-06-30T15:12:13.552,14.880,-0.177,-0.048,1.022
1751285533562,2025-06-30T15:12:13.562,14.890,-0.197,-0.040,1.021
1751285533572,2025-06-30T15:12:13.572,14.900,-0.220,-0.034,1.021
1751285533582,2025-06-30T15:12:13.582,14.910,-0.240,-0.036,1.021
1751285533592,2025-06-30T15:12:13.592,14.920,-0.252,-0.032,1.020
1751285533602,2025-06-30T15:12:13.602,14.930,-0.254,-0.026,1.024
1751285533612,2025-06-30T15:12:13.612,14.940,-0.250,-0.021,1.021
1751285533622,2025-06-30T15:12:13.622,14.950,-0.243,-0.019,1.016
1751285533632,2025-06-30T15:12:13.632,14.960,-0.225,-0.021,1.019
1751285533642,2025-06-30T15:12:13.642,14.970,-0.209,-0.020,1.031
1751285533652,2025-06-30T15:12:13.652,14.980,-0.204,-0.025,1.043
1751285533662,2025-06-30T15:12:13.662,14.990,-0.212,-0.029,1.040
1751285533672,2025-06-30T15:12:13.672,15.000,-0.222,-0.027,1.039
1751285533682,2025-06-30T15:12:13.682,15.010,-0.238,-0.015,1.031
1751285533692,2025-06-30T15:12:13.692,15.020,-0.263,-0.011,1.017
1751285533702,2025-06-30T15:12:13.702,15.030,-0.270,-0.013,1.004
1751285533712,2025-06-30T15:12:13.712,15.040,-0.266,-0.012,0.997
1751285533722,2025-06-30T15:12:13.722,15.050,-0.270,-0.005,0.988
1751285533732,2025-06-30T15:12:13.732,15.060,-0.283,-0.012,0.976
1751285533742,2025-06-30T15:12:13.742,15.070,-0.295,-0.016,0.960
1751285533752,2025-06-30T15:12:13.752,15.080,-0.296,-0.010,0.959
1751285533762,2025-06-30T15:12:13.762,15.090,-0.287,-0.008,0.957
1751285533772,2025-06-30T15:12:13.772,15.100,-0.275,-0.011,0.959
1751285533782,2025-06-30T15:12:13.782,15.110,-0.251,-0.016,0.960
1751285533792,2025-06-30T15:12:13.792,15.120,-0.231,-0.022,0.959
1751285533802,2025-06-30T15:12:13.802,15.130,-0.228,-0.033,0.948
1751285533812,2025-06-30T15:12:13.812,15.140,-0.260,-0.032,0.942
1751285533822,2025-06-30T15:12:13.822,15.150,-0.293,-0.023,0.953
1751285533832,2025-06-30T15:12:13.832,15.160,-0.279,-0.016,0.911
1751285533842,2025-06-30T15:12:13.842,15.170,-0.175,-0.027,0.818
1751285533852,2025-06-30T15:12:13.852,15.180,0.065,-0.054,0.761
1751285533862,2025-06-30T15:12:13.862,15.190,0.393,-0.105,0.724
1751285533872,2025-06-30T15:12:13.872,15.200,0.708,-0.149,0.764
1751285533882,2025-06-30T15:12:13.882,15.210,0.910,-0.185,0.795
1751285533892,2025-06-30T15:12:13.892,15.220,1.004,-0.216,0.772
1751285533902,2025-06-30T15:12:13.902,15.230,1.005,-0.219,0.768
1751285533912,2025-06-30T15:12:13.912,15.240,0.949,-0.204,0.767
1751285533922,2025-06-30T15:12:13.922,15.250,0.908,-0.197,0.757
1751285533932,2025-06-30T15:12:13.932,15.260,0.893,-0.208,0.745
1751285533942,2025-06-30T15:12:13.942,15.270,0.864,-0.208,0.739
1751285533952,2025-06-30T15:12:13.952,15.280,0.820,-0.190,0.723
1751285533962,2025-06-30T15:12:13.962,15.290,0.781,-0.183,0.683
1751285533972,2025-06-30T15:12:13.972,15.300,0.771,-0.193,0.643
1751285533982,2025-06-30T15:12:13.982,15.310,0.760,-0.200,0.632
1751285533992,2025-06-30T15:12:13.992,15.320,0.742,-0.204,0.635
1751285534002,2025-06-30T15:12:14.002,15.330,0.728,-0.210,0.634
1751285534012,2025-06-30T15:12:14.012,15.340,0.702,-0.213,0.627
1751285534022,2025-06-30T15:12:14.022,15.350,0.688,-0.213,0.626
1751285534032,2025-06-30T15:12:14.032,15.360,0.705,-0.215,0.637
1751285534042,2025-06-30T15:12:14.042,15.370,0.729,-0.226,0.648
1751285534052,2025-06-30T15:12:14.052,15.380,0.753,-0.225,0.658
1751285534062,2025-06-30T15:12:14.062,15.390,0.778,-0.226,0.672
1751285534072,2025-06-30T15:12:14.072,15.400,0.808,-0.227,0.690
1751285534082,2025-06-30T15:12:14.082,15.410,0.829,-0.230,0.707
1751285534092,2025-06-30T15:12:14.092,15.420,0.823,-0.228,0.715
1751285534102,2025-06-30T15:12:14.102,15.430,0.794,-0.218,0.719
1751285534112,2025-06-30T15:12:14.112,15.440,0.749,-0.205,0.712
1751285534122,2025-06-30T15:12:14.122,15.450,0.674,-0.188,0.723
1751285534132,2025-06-30T15:12:14.132,15.460,0.589,-0.172,0.743
1751285534142,2025-06-30T15:12:14.142,15.470,0.498,-0.157,0.755
1751285534152,2025-06-30T15:12:14.152,15.480,0.386,-0.136,0.776
1751285534162,2025-06-30T15:12:14.162,15.490,0.262,-0.120,0.800
1751285534172,2025-06-30T15:12:14.172,15.500,0.150,-0.123,0.813
1751285534182,2025-06-30T15:12:14.182,15.510,0.059,-0.123,0.823
1751285534192,2025-06-30T15:12:14.192,15.520,-0.030,-0.110,0.850
1751285534202,2025-06-30T15:12:14.202,15.530,-0.105,-0.097,0.863
1751285534212,2025-06-30T15:12:14.212,15.540,-0.173,-0.093,0.877
1751285534222,2025-06-30T15:12:14.222,15.550,-0.253,-0.077,0.896
1751285534232,2025-06-30T15:12:14.232,15.560,-0.304,-0.059,0.911
1751285534242,2025-06-30T15:12:14.242,15.570,-0.317,-0.044,0.921
1751285534252,2025-06-30T15:12:14.252,15.580,-0.310,-0.029,0.937
1751285534262,2025-06-30T15:12:14.262,15.590,-0.294,-0.022,0.952
1751285534272,2025-06-30T15:12:14.272,15.600,-0.268,-0.024,0.982
1751285534282,2025-06-30T15:12:14.282,15.610,-0.233,-0.026,1.000
1751285534292,2025-06-30T15:12:14.292,15.620,-0.191,-0.034,1.030
1751285534302,2025-06-30T15:12:14.302,15.630,-0.151,-0.036,1.051
1751285534312,2025-06-30T15:12:14.312,15.640,-0.133,-0.033,1.058
1751285534322,2025-06-30T15:12:14.322,15.650,-0.128,-0.030,1.060
1751285534332,2025-06-30T15:12:14.332,15.660,-0.132,-0.028,1.060
1751285534342,2025-06-30T15:12:14.342,15.670,-0.143,-0.028,1.058
1751285534352,2025-06-30T15:12:14.352,15.680,-0.160,-0.030,1.056
1751285534362,2025-06-30T15:12:14.362,15.690,-0.178,-0.029,1.049
1751285534372,2025-06-30T15:12:14.372,15.700,-0.193,-0.026,1.042
1751285534382,2025-06-30T15:12:14.382,15.710,-0.202,-0.025,1.042
1751285534392,2025-06-30T15:12:14.392,15.720,-0.208,-0.021,1.038
1751285534402,2025-06-30T15:12:14.402,15.730,-0.213,-0.022,1.036
1751285534412,2025-06-30T15:12:14.412,15.740,-0.220,-0.022,1.034
1751285534422,2025-06-30T15:12:14.422,15.750,-0.221,-0.021,1.033
1751285534432,2025-06-30T15:12:14.432,15.760,-0.215,-0.022,1.040
1751285534442,2025-06-30T15:12:14.442,15.770,-0.210,-0.022,1.042
1751285534452,2025-06-30T15:12:14.452,15.780,-0.213,-0.019,1.039
1751285534462,2025-06-30T15:12:14.462,15.790,-0.213,-0.018,1.036
1751285534472,2025-06-30T15:12:14.472,15.800,-0.213,-0.018,1.037
1751285534482,2025-06-30T15:12:14.482,15.810,-0.207,-0.023,1.029
1751285534492,2025-06-30T15:12:14.492,15.820,-0.204,-0.022,1.016
1751285534502,2025-06-30T15:12:14.502,15.830,-0.211,-0.022,1.007
1751285534512,2025-06-30T15:12:14.512,15.840,-0.227,-0.024,1.000
1751285534522,2025-06-30T15:12:14.522,15.850,-0.235,-0.025,0.994
1751285534532,2025-06-30T15:12:14.532,15.860,-0.236,-0.025,0.991
1751285534542,2025-06-30T15:12:14.542,15.870,-0.237,-0.024,0.985
1751285534552,2025-06-30T15:12:14.552,15.880,-0.244,-0.026,0.977
1751285534562,2025-06-30T15:12:14.562,15.890,-0.264,-0.027,0.964
1751285534572,2025-06-30T15:12:14.572,15.900,-0.282,-0.024,0.956
1751285534582,2025-06-30T15:12:14.582,15.910,-0.297,-0.022,0.949
1751285534592,2025-06-30T15:12:14.592,15.920,-0.320,-0.021,0.946
1751285534602,2025-06-30T15:12:14.602,15.930,-0.340,-0.024,0.941
1751285534612,2025-06-30T15:12:14.612,15.940,-0.342,-0.028,0.935
1751285534622,2025-06-30T15:12:14.622,15.950,-0.360,-0.030,0.935
1751285534632,2025-06-30T15:12:14.632,15.960,-0.396,-0.019,0.947
1751285534642,2025-06-30T15:12:14.642,15.970,-0.398,-0.001,0.958
1751285534652,2025-06-30T15:12:14.652,15.980,-0.323,-0.001,0.934
1751285534662,2025-06-30T15:12:14.662,15.990,-0.188,-0.025,0.871
1751285534672,2025-06-30T15:12:14.672,16.000,0.021,-0.068,0.826
1751285534682,2025-06-30T15:12:14.682,16.010,0.251,-0.096,0.846
1751285534692,2025-06-30T15:12:14.692,16.020,0.491,-0.132,0.849
1751285534702,2025-06-30T15:12:14.702,16.030,0.680,-0.168,0.835
1751285534712,2025-06-30T15:12:14.712,16.040,0.789,-0.176,0.860
1751285534722,2025-06-30T15:12:14.722,16.050,0.774,-0.160,0.894
1751285534732,2025-06-30T15:12:14.732,16.060,0.718,-0.175,0.837
1751285534742,2025-06-30T15:12:14.742,16.070,0.686,-0.190,0.806
1751285534752,2025-06-30T15:12:14.752,16.080,0.667,-0.181,0.778
1751285534762,2025-06-30T15:12:14.762,16.090,0.681,-0.180,0.754
1751285534772,2025-06-30T15:12:14.772,16.100,0.737,-0.199,0.708
1751285534782,2025-06-30T15:12:14.782,16.110,0.804,-0.212,0.680
1751285534792,2025-06-30T15:12:14.792,16.120,0.866,-0.217,0.659
1751285534802,2025-06-30T15:12:14.802,16.130,0.905,-0.217,0.649
1751285534812,2025-06-30T15:12:14.812,16.140,0.917,-0.212,0.641
1751285534822,2025-06-30T15:12:14.822,16.150,0.916,-0.219,0.627
1751285534832,2025-06-30T15:12:14.832,16.160,0.892,-0.224,0.628
1751285534842,2025-06-30T15:12:14.842,16.170,0.804,-0.213,0.637
1751285534852,2025-06-30T15:12:14.852,16.180,0.694,-0.202,0.613
1751285534862,2025-06-30T15:12:14.862,16.190,0.649,-0.201,0.577
1751285534872,2025-06-30T15:12:14.872,16.200,0.647,-0.206,0.568
1751285534882,2025-06-30T15:12:14.882,16.210,0.659,-0.208,0.563
1751285534892,2025-06-30T15:12:14.892,16.220,0.675,-0.213,0.564
1751285534902,2025-06-30T15:12:14.902,16.230,0.688,-0.223,0.568
1751285534912,2025-06-30T15:12:14.912,16.240,0.710,-0.231,0.571
1751285534922,2025-06-30T15:12:14.922,16.250,0.772,-0.247,0.569
1751285534932,2025-06-30T15:12:14.932,16.260,0.820,-0.260,0.588
1751285534942,2025-06-30T15:12:14.942,16.270,0.854,-0.262,0.606
1751285534952,2025-06-30T15:12:14.952,16.280,0.886,-0.260,0.629
1751285534962,2025-06-30T15:12:14.962,16.290,0.872,-0.258,0.640
1751285534972,2025-06-30T15:12:14.972,16.300,0.821,-0.257,0.644
1751285534982,2025-06-30T15:12:14.982,16.310,0.771,-0.250,0.650
1751285534992,2025-06-30T15:12:14.992,16.320,0.708,-0.241,0.654
1751285535002,2025-06-30T15:12:15.002,16.330,0.619,-0.223,0.662
1751285535012,2025-06-30T15:12:15.012,16.340,0.502,-0.198,0.691
1751285535022,2025-06-30T15:12:15.022,16.350,0.385,-0.175,0.725
1751285535032,2025-06-30T15:12:15.032,16.360,0.264,-0.166,0.752
1751285535042,2025-06-30T15:12:15.042,16.370,0.133,-0.154,0.800
1751285535052,2025-06-30T15:12:15.052,16.380,0.009,-0.143,0.841
1751285535062,2025-06-30T15:12:15.062,16.390,-0.088,-0.137,0.856
1751285535072,2025-06-30T15:12:15.072,16.400,-0.167,-0.136,0.838
1751285535082,2025-06-30T15:12:15.082,16.410,-0.273,-0.083,0.871
1751285535092,2025-06-30T15:12:15.092,16.420,-0.397,-0.051,0.868
1751285535102,2025-06-30T15:12:15.102,16.430,-0.469,-0.021,0.891
1751285535112,2025-06-30T15:12:15.112,16.440,-0.492,-0.005,0.881
1751285535122,2025-06-30T15:12:15.122,16.450,-0.487,0.000,0.887
1751285535132,2025-06-30T15:12:15.132,16.460,-0.465,0.006,0.919
1751285535142,2025-06-30T15:12:15.142,16.470,-0.419,0.007,0.950
1751285535152,2025-06-30T15:12:15.152,16.480,-0.369,-0.001,0.984
1751285535162,2025-06-30T15:12:15.162,16.490,-0.321,-0.017,1.019
1751285535172,2025-06-30T15:12:15.172,16.500,-0.289,-0.014,1.051
1751285535182,2025-06-30T15:12:15.182,16.510,-0.282,-0.008,1.073
1751285535192,2025-06-30T15:12:15.192,16.520,-0.294,-0.005,1.074
1751285535202,2025-06-30T15:12:15.202,16.530,-0.314,-0.002,1.053
1751285535212,2025-06-30T15:12:15.212,16.540,-0.311,-0.003,1.039
1751285535222,2025-06-30T15:12:15.222,16.550,-0.313,-0.003,1.027
1751285535232,2025-06-30T15:12:15.232,16.560,-0.324,-0.003,1.025
1751285535242,2025-06-30T15:12:15.242,16.570,-0.323,0.001,1.029
1751285535252,2025-06-30T15:12:15.252,16.580,-0.297,0.003,1.048
1751285535262,2025-06-30T15:12:15.262,16.590,-0.279,-0.001,1.054
1751285535272,2025-06-30T15:12:15.272,16.600,-0.274,-0.002,1.055
1751285535282,2025-06-30T15:12:15.282,16.610,-0.274,0.001,1.050
1751285535292,2025-06-30T15:12:15.292,16.620,-0.280,0.006,1.050
1751285535302,2025-06-30T15:12:15.302,16.630,-0.288,0.002,1.027
1751285535312,2025-06-30T15:12:15.312,16.640,-0.289,-0.002,1.021
1751285535322,2025-06-30T15:12:15.322,16.650,-0.293,0.001,1.018
1751285535332,2025-06-30T15:12:15.332,16.660,-0.293,-0.001,1.005
1751285535342,2025-06-30T15:12:15.342,16.670,-0.289,-0.001,1.003
1751285535352,2025-06-30T15:12:15.352,16.680,-0.288,-0.004,0.996
1751285535362,2025-06-30T15:12:15.362,16.690,-0.288,-0.001,0.987
1751285535372,2025-06-30T15:12:15.372,16.700,-0.289,-0.003,0.974
1751285535382,2025-06-30T15:12:15.382,16.710,-0.306,-0.005,0.966
1751285535392,2025-06-30T15:12:15.392,16.720,-0.337,-0.008,0.952
1751285535402,2025-06-30T15:12:15.402,16.730,-0.355,-0.016,0.930
1751285535412,2025-06-30T15:12:15.412,16.740,-0.373,-0.019,0.903
1751285535422,2025-06-30T15:12:15.422,16.750,-0.380,-0.019,0.884
1751285535432,2025-06-30T15:12:15.432,16.760,-0.405,-0.015,0.880
1751285535442,2025-06-30T15:12:15.442,16.770,-0.420,-0.012,0.889
1751285535452,2025-06-30T15:12:15.452,16.780,-0.385,-0.017,0.915
1751285535462,2025-06-30T15:12:15.462,16.790,-0.356,-0.015,0.941
1751285535472,2025-06-30T15:12:15.472,16.800,-0.336,-0.006,0.968
1751285535482,2025-06-30T15:12:15.482,16.810,-0.305,-0.007,0.981
1751285535492,2025-06-30T15:12:15.492,16.820,-0.296,0.001,0.989
1751285535502,2025-06-30T15:12:15.502,16.830,-0.292,0.010,0.970
1751285535512,2025-06-30T15:12:15.512,16.840,-0.244,0.001,0.876
1751285535522,2025-06-30T15:12:15.522,16.850,-0.105,-0.036,0.806
1751285535532,2025-06-30T15:12:15.532,16.860,0.152,-0.066,0.789
1751285535542,2025-06-30T15:12:15.542,16.870,0.423,-0.087,0.817
1751285535552,2025-06-30T15:12:15.552,16.880,0.612,-0.129,0.817
1751285535562,2025-06-30T15:12:15.562,16.890,0.761,-0.146,0.803
1751285535572,2025-06-30T15:12:15.572,16.900,0.813,-0.144,0.807
1751285535582,2025-06-30T15:12:15.582,16.910,0.783,-0.153,0.771
1751285535592,2025-06-30T15:12:15.592,16.920,0.754,-0.171,0.715
1751285535602,2025-06-30T15:12:15.602,16.930,0.729,-0.169,0.680
1751285535612,2025-06-30T15:12:15.612,16.940,0.736,-0.177,0.628
1751285535622,2025-06-30T15:12:15.622,16.950,0.796,-0.207,0.599
1751285535632,2025-06-30T15:12:15.632,16.960,0.820,-0.214,0.602
1751285535642,2025-06-30T15:12:15.642,16.970,0.861,-0.212,0.571
1751285535652,2025-06-30T15:12:15.652,16.980,0.944,-0.229,0.540
1751285535662,2025-06-30T15:12:15.662,16.990,1.003,-0.237,0.521
1751285535672,2025-06-30T15:12:15.672,17.000,1.029,-0.239,0.513
1751285535682,2025-06-30T15:12:15.682,17.010,1.035,-0.238,0.507
1751285535692,2025-06-30T15:12:15.692,17.020,1.009,-0.235,0.501
1751285535702,2025-06-30T15:12:15.702,17.030,0.939,-0.226,0.488
1751285535712,2025-06-30T15:12:15.712,17.040,0.857,-0.219,0.470
1751285535722,2025-06-30T15:12:15.722,17.050,0.813,-0.219,0.462
1751285535732,2025-06-30T15:12:15.732,17.060,0.783,-0.211,0.464
1751285535742,2025-06-30T15:12:15.742,17.070,0.791,-0.210,0.464
1751285535752,2025-06-30T15:12:15.752,17.080,0.836,-0.226,0.464
1751285535762,2025-06-30T15:12:15.762,17.090,0.895,-0.245,0.468
1751285535772,2025-06-30T15:12:15.772,17.100,0.955,-0.249,0.482
1751285535782,2025-06-30T15:12:15.782,17.110,1.004,-0.250,0.509
1751285535792,2025-06-30T15:12:15.792,17.120,1.040,-0.257,0.524
1751285535802,2025-06-30T15:12:15.802,17.130,1.039,-0.263,0.536
1751285535812,2025-06-30T15:12:15.812,17.140,0.984,-0.256,0.540
1751285535822,2025-06-30T15:12:15.822,17.150,0.893,-0.240,0.570
1751285535832,2025-06-30T15:12:15.832,17.160,0.802,-0.230,0.583
1751285535842,2025-06-30T15:12:15.842,17.170,0.707,-0.224,0.591
1751285535852,2025-06-30T15:12:15.852,17.180,0.577,-0.201,0.620
1751285535862,2025-06-30T15:12:15.862,17.190,0.422,-0.164,0.648
1751285535872,2025-06-30T15:12:15.872,17.200,0.255,-0.126,0.698
1751285535882,2025-06-30T15:12:15.882,17.210,0.096,-0.126,0.728
1751285535892,2025-06-30T15:12:15.892,17.220,-0.057,-0.122,0.776
1751285535902,2025-06-30T15:12:15.902,17.230,-0.187,-0.112,0.811
1751285535912,2025-06-30T15:12:15.912,17.240,-0.289,-0.100,0.840
1751285535922,2025-06-30T15:12:15.922,17.250,-0.417,-0.083,0.864
1751285535932,2025-06-30T15:12:15.932,17.260,-0.508,-0.057,0.848
1751285535942,2025-06-30T15:12:15.942,17.270,-0.546,-0.025,0.853
1751285535952,2025-06-30T15:12:15.952,17.280,-0.551,-0.004,0.876
1751285535962,2025-06-30T15:12:15.962,17.290,-0.514,-0.005,0.899
1751285535972,2025-06-30T15:12:15.972,17.300,-0.429,-0.020,0.937
1751285535982,2025-06-30T15:12:15.982,17.310,-0.300,-0.042,0.986
1751285535992,2025-06-30T15:12:15.992,17.320,-0.188,-0.048,1.053
1751285536002,2025-06-30T15:12:16.002,17.330,-0.139,-0.042,1.091
1751285536012,2025-06-30T15:12:16.012,17.340,-0.151,-0.029,1.104
1751285536022,2025-06-30T15:12:16.022,17.350,-0.192,-0.019,1.086
1751285536032,2025-06-30T15:12:16.032,17.360,-0.222,-0.008,1.069
1751285536042,2025-06-30T15:12:16.042,17.370,-0.235,0.003,1.059
1751285536052,2025-06-30T15:12:16.052,17.380,-0.247,0.007,1.050
1751285536062,2025-06-30T15:12:16.062,17.390,-0.257,0.011,1.046
1751285536072,2025-06-30T15:12:16.072,17.400,-0.248,0.012,1.058
1751285536082,2025-06-30T15:12:16.082,17.410,-0.238,0.015,1.061
1751285536092,2025-06-30T15:12:16.092,17.420,-0.216,0.007,1.051
1751285536102,2025-06-30T15:12:16.102,17.430,-0.183,0.003,1.057
1751285536112,2025-06-30T15:12:16.112,17.440,-0.174,0.005,1.066
1751285536122,2025-06-30T15:12:16.122,17.450,-0.187,0.001,1.058
1751285536132,2025-06-30T15:12:16.132,17.460,-0.210,0.000,1.037
1751285536142,2025-06-30T15:12:16.142,17.470,-0.229,0.000,1.020
1751285536152,2025-06-30T15:12:16.152,17.480,-0.239,0.008,1.015
1751285536162,2025-06-30T15:12:16.162,17.490,-0.253,0.009,1.006
1751285536172,2025-06-30T15:12:16.172,17.500,-0.260,0.006,1.001
1751285536182,2025-06-30T15:12:16.182,17.510,-0.259,0.002,1.006
1751285536192,2025-06-30T15:12:16.192,17.520,-0.249,0.000,1.001
1751285536202,2025-06-30T15:12:16.202,17.530,-0.240,-0.002,0.996
1751285536212,2025-06-30T15:12:16.212,17.540,-0.243,-0.007,0.988
1751285536222,2025-06-30T15:12:16.222,17.550,-0.254,-0.012,0.974
1751285536232,2025-06-30T15:12:16.232,17.560,-0.270,-0.013,0.962
1751285536242,2025-06-30T15:12:16.242,17.570,-0.281,-0.014,0.960
1751285536252,2025-06-30T15:12:16.252,17.580,-0.276,-0.012,0.958
1751285536262,2025-06-30T15:12:16.262,17.590,-0.260,-0.012,0.956
1751285536272,2025-06-30T15:12:16.272,17.600,-0.221,-0.019,0.956
1751285536282,2025-06-30T15:12:16.282,17.610,-0.183,-0.029,0.958
1751285536292,2025-06-30T15:12:16.292,17.620,-0.161,-0.031,0.960
1751285536302,2025-06-30T15:12:16.302,17.630,-0.126,-0.033,0.956
1751285536312,2025-06-30T15:12:16.312,17.640,-0.115,-0.032,0.958
1751285536322,2025-06-30T15:12:16.322,17.650,-0.162,-0.031,0.958
1751285536332,2025-06-30T15:12:16.332,17.660,-0.205,-0.031,0.944
1751285536342,2025-06-30T15:12:16.342,17.670,-0.191,-0.036,0.944
1751285536352,2025-06-30T15:12:16.352,17.680,-0.153,-0.036,0.956
1751285536362,2025-06-30T15:12:16.362,17.690,-0.123,-0.042,0.962
1751285536372,2025-06-30T15:12:16.372,17.700,-0.056,-0.052,0.963
1751285536382,2025-06-30T15:12:16.382,17.710,0.007,-0.058,0.973
1751285536392,2025-06-30T15:12:16.392,17.720,0.039,-0.066,0.989
1751285536402,2025-06-30T15:12:16.402,17.730,0.061,-0.078,0.996
1751285536412,2025-06-30T15:12:16.412,17.740,0.052,-0.083,0.998
1751285536422,2025-06-30T15:12:16.422,17.750,-0.020,-0.071,0.999
1751285536432,2025-06-30T15:12:16.432,17.760,-0.145,-0.045,1.011
1751285536442,2025-06-30T15:12:16.442,17.770,-0.223,-0.027,0.963
1751285536452,2025-06-30T15:12:16.452,17.780,-0.177,-0.016,0.860
1751285536462,2025-06-30T15:12:16.462,17.790,0.025,-0.028,0.755
1751285536472,2025-06-30T15:12:16.472,17.800,0.341,-0.074,0.681
1751285536482,2025-06-30T15:12:16.482,17.810,0.651,-0.122,0.695
1751285536492,2025-06-30T15:12:16.492,17.820,0.889,-0.174,0.709
1751285536502,2025-06-30T15:12:16.502,17.830,1.028,-0.206,0.709
1751285536512,2025-06-30T15:12:16.512,17.840,1.051,-0.216,0.684
1751285536522,2025-06-30T15:12:16.522,17.850,1.007,-0.204,0.654
1751285536532,2025-06-30T15:12:16.532,17.860,0.958,-0.196,0.629
1751285536542,2025-06-30T15:12:16.542,17.870,0.944,-0.197,0.614
1751285536552,2025-06-30T15:12:16.552,17.880,0.963,-0.197,0.603
1751285536562,2025-06-30T15:12:16.562,17.890,0.984,-0.201,0.581
1751285536572,2025-06-30T15:12:16.572,17.900,0.994,-0.202,0.543
1751285536582,2025-06-30T15:12:16.582,17.910,1.010,-0.206,0.508
1751285536592,2025-06-30T15:12:16.592,17.920,1.037,-0.212,0.487
1751285536602,2025-06-30T15:12:16.602,17.930,1.049,-0.224,0.488
1751285536612,2025-06-30T15:12:16.612,17.940,1.009,-0.224,0.493
1751285536622,2025-06-30T15:12:16.622,17.950,0.928,-0.216,0.491
1751285536632,2025-06-30T15:12:16.632,17.960,0.855,-0.208,0.475
1751285536642,2025-06-30T15:12:16.642,17.970,0.795,-0.202,0.466
1751285536652,2025-06-30T15:12:16.652,17.980,0.785,-0.201,0.464
1751285536662,2025-06-30T15:12:16.662,17.990,0.816,-0.211,0.471
1751285536672,2025-06-30T15:12:16.672,18.000,0.875,-0.223,0.482
1751285536682,2025-06-30T15:12:16.682,18.010,0.940,-0.237,0.499
1751285536692,2025-06-30T15:12:16.692,18.020,0.986,-0.250,0.526
1751285536702,2025-06-30T15:12:16.702,18.030,0.988,-0.247,0.541
1751285536712,2025-06-30T15:12:16.712,18.040,0.962,-0.245,0.565
1751285536722,2025-06-30T15:12:16.722,18.050,0.918,-0.238,0.587
1751285536732,2025-06-30T15:12:16.732,18.060,0.851,-0.222,0.601
1751285536742,2025-06-30T15:12:16.742,18.070,0.774,-0.206,0.610
1751285536752,2025-06-30T15:12:16.752,18.080,0.685,-0.192,0.633
1751285536762,2025-06-30T15:12:16.762,18.090,0.579,-0.184,0.656
1751285536772,2025-06-30T15:12:16.772,18.100,0.457,-0.165,0.690
1751285536782,2025-06-30T15:12:16.782,18.110,0.326,-0.140,0.734
1751285536792,2025-06-30T15:12:16.792,18.120,0.204,-0.115,0.779
1751285536802,2025-06-30T15:12:16.802,18.130,0.095,-0.111,0.792
1751285536812,2025-06-30T15:12:16.812,18.140,-0.014,-0.114,0.811
1751285536822,2025-06-30T15:12:16.822,18.150,-0.097,-0.106,0.829
1751285536832,2025-06-30T15:12:16.832,18.160,-0.149,-0.092,0.839
1751285536842,2025-06-30T15:12:16.842,18.170,-0.224,-0.069,0.852
1751285536852,2025-06-30T15:12:16.852,18.180,-0.288,-0.053,0.865
1751285536862,2025-06-30T15:12:16.862,18.190,-0.301,-0.046,0.888
1751285536872,2025-06-30T15:12:16.872,18.200,-0.295,-0.036,0.915
1751285536882,2025-06-30T15:12:16.882,18.210,-0.294,-0.039,0.944
1751285536892,2025-06-30T15:12:16.892,18.220,-0.278,-0.052,0.971
1751285536902,2025-06-30T15:12:16.902,18.230,-0.218,-0.059,1.004
1751285536912,2025-06-30T15:12:16.912,18.240,-0.157,-0.055,1.029
1751285536922,2025-06-30T15:12:16.922,18.250,-0.114,-0.053,1.051
1751285536932,2025-06-30T15:12:16.932,18.260,-0.078,-0.054,1.059
1751285536942,2025-06-30T15:12:16.942,18.270,-0.060,-0.048,1.066
1751285536952,2025-06-30T15:12:16.952,18.280,-0.063,-0.044,1.055
1751285536962,2025-06-30T15:12:16.962,18.290,-0.068,-0.039,1.038
1751285536972,2025-06-30T15:12:16.972,18.300,-0.086,-0.036,1.034
1751285536982,2025-06-30T15:12:16.982,18.310,-0.114,-0.033,1.025
1751285536992,2025-06-30T15:12:16.992,18.320,-0.130,-0.029,1.023
1751285537002,2025-06-30T15:12:17.002,18.330,-0.146,-0.030,1.028
1751285537012,2025-06-30T15:12:17.012,18.340,-0.155,-0.031,1.038
1751285537022,2025-06-30T15:12:17.022,18.350,-0.147,-0.033,1.038
1751285537032,2025-06-30T15:12:17.032,18.360,-0.140,-0.033,1.039
1751285537042,2025-06-30T15:12:17.042,18.370,-0.133,-0.027,1.043
1751285537052,2025-06-30T15:12:17.052,18.380,-0.138,-0.026,1.045
1751285537062,2025-06-30T15:12:17.062,18.390,-0.138,-0.030,1.047
1751285537072,2025-06-30T15:12:17.072,18.400,-0.140,-0.032,1.049
1751285537082,2025-06-30T15:12:17.082,18.410,-0.139,-0.033,1.052
1751285537092,2025-06-30T15:12:17.092,18.420,-0.152,-0.031,1.047
1751285537102,2025-06-30T15:12:17.102,18.430,-0.165,-0.029,1.046
1751285537112,2025-06-30T15:12:17.112,18.440,-0.169,-0.030,1.045
1751285537122,2025-06-30T15:12:17.122,18.450,-0.176,-0.026,1.040
1751285537132,2025-06-30T15:12:17.132,18.460,-0.178,-0.023,1.042
1751285537142,2025-06-30T15:12:17.142,18.470,-0.173,-0.021,1.038
1751285537152,2025-06-30T15:12:17.152,18.480,-0.168,-0.019,1.031
1751285537162,2025-06-30T15:12:17.162,18.490,-0.161,-0.024,1.028
1751285537172,2025-06-30T15:12:17.172,18.500,-0.157,-0.029,1.024
1751285537182,2025-06-30T15:12:17.182,18.510,-0.163,-0.033,1.020
1751285537192,2025-06-30T15:12:17.192,18.520,-0.177,-0.032,1.014
1751285537202,2025-06-30T15:12:17.202,18.530,-0.191,-0.034,0.997
1751285537212,2025-06-30T15:12:17.212,18.540,-0.207,-0.033,0.991
1751285537222,2025-06-30T15:12:17.222,18.550,-0.225,-0.033,0.987
1751285537232,2025-06-30T15:12:17.232,18.560,-0.247,-0.040,0.981
1751285537242,2025-06-30T15:12:17.242,18.570,-0.265,-0.041,0.968
1751285537252,2025-06-30T15:12:17.252,18.580,-0.263,-0.039,0.953
1751285537262,2025-06-30T15:12:17.262,18.590,-0.246,-0.040,0.937
1751285537272,2025-06-30T15:12:17.272,18.600,-0.221,-0.037,0.919
1751285537282,2025-06-30T15:12:17.282,18.610,-0.197,-0.039,0.917
1751285537292,2025-06-30T15:12:17.292,18.620,-0.180,-0.050,0.928
1751285537302,2025-06-30T15:12:17.302,18.630,-0.172,-0.059,0.936
1751285537312,2025-06-30T15:12:17.312,18.640,-0.187,-0.060,0.940
1751285537322,2025-06-30T15:12:17.322,18.650,-0.229,-0.042,0.958
1751285537332,2025-06-30T15:12:17.332,18.660,-0.201,-0.036,0.924
1751285537342,2025-06-30T15:12:17.342,18.670,-0.111,-0.039,0.881
1751285537352,2025-06-30T15:12:17.352,18.680,0.021,-0.055,0.829
1751285537362,2025-06-30T15:12:17.362,18.690,0.180,-0.056,0.819
1751285537372,2025-06-30T15:12:17.372,18.700,0.386,-0.096,0.747
1751285537382,2025-06-30T15:12:17.382,18.710,0.604,-0.142,0.699
1751285537392,2025-06-30T15:12:17.392,18.720,0.784,-0.176,0.692
1751285537402,2025-06-30T15:12:17.402,18.730,0.893,-0.205,0.692
1751285537412,2025-06-30T15:12:17.412,18.740,0.961,-0.225,0.690
1751285537422,2025-06-30T15:12:17.422,18.750,0.962,-0.213,0.707
1751285537432,2025-06-30T15:12:17.432,18.760,0.944,-0.206,0.688
1751285537442,2025-06-30T15:12:17.442,18.770,0.928,-0.205,0.688
1751285537452,2025-06-30T15:12:17.452,18.780,0.909,-0.205,0.660
1751285537462,2025-06-30T15:12:17.462,18.790,0.911,-0.218,0.625
1751285537472,2025-06-30T15:12:17.472,18.800,0.928,-0.216,0.605
1751285537482,2025-06-30T15:12:17.482,18.810,0.945,-0.210,0.590
1751285537492,2025-06-30T15:12:17.492,18.820,0.965,-0.217,0.574
1751285537502,2025-06-30T15:12:17.502,18.830,0.975,-0.230,0.569
1751285537512,2025-06-30T15:12:17.512,18.840,0.946,-0.231,0.564
1751285537522,2025-06-30T15:12:17.522,18.850,0.892,-0.228,0.563
1751285537532,2025-06-30T15:12:17.532,18.860,0.826,-0.222,0.561
1751285537542,2025-06-30T15:12:17.542,18.870,0.778,-0.220,0.555
1751285537552,2025-06-30T15:12:17.552,18.880,0.771,-0.226,0.548
1751285537562,2025-06-30T15:12:17.562,18.890,0.798,-0.232,0.548
1751285537572,2025-06-30T15:12:17.572,18.900,0.838,-0.239,0.554
1751285537582,2025-06-30T15:12:17.582,18.910,0.870,-0.247,0.566
1751285537592,2025-06-30T15:12:17.592,18.920,0.891,-0.249,0.581
1751285537602,2025-06-30T15:12:17.602,18.930,0.899,-0.250,0.589
1751285537612,2025-06-30T15:12:17.612,18.940,0.865,-0.246,0.609
1751285537622,2025-06-30T15:12:17.622,18.950,0.807,-0.233,0.632
1751285537632,2025-06-30T15:12:17.632,18.960,0.734,-0.218,0.657
1751285537642,2025-06-30T15:12:17.642,18.970,0.629,-0.200,0.682
1751285537652,2025-06-30T15:12:17.652,18.980,0.497,-0.188,0.708
1751285537662,2025-06-30T15:12:17.662,18.990,0.367,-0.168,0.735
1751285537672,2025-06-30T15:12:17.672,19.000,0.256,-0.152,0.760
1751285537682,2025-06-30T15:12:17.682,19.010,0.155,-0.142,0.780
1751285537692,2025-06-30T15:12:17.692,19.020,0.052,-0.139,0.798
1751285537702,2025-06-30T15:12:17.702,19.030,-0.039,-0.129,0.828
1751285537712,2025-06-30T15:12:17.712,19.040,-0.102,-0.128,0.839
1751285537722,2025-06-30T15:12:17.722,19.050,-0.170,-0.110,0.851
1751285537732,2025-06-30T15:12:17.732,19.060,-0.245,-0.085,0.868
1751285537742,2025-06-30T15:12:17.742,19.070,-0.298,-0.074,0.875
1751285537752,2025-06-30T15:12:17.752,19.080,-0.333,-0.052,0.891
1751285537762,2025-06-30T15:12:17.762,19.090,-0.345,-0.041,0.911
1751285537772,2025-06-30T15:12:17.772,19.100,-0.334,-0.046,0.927
1751285537782,2025-06-30T15:12:17.782,19.110,-0.302,-0.051,0.946
1751285537792,2025-06-30T15:12:17.792,19.120,-0.237,-0.052,0.986
1751285537802,2025-06-30T15:12:17.802,19.130,-0.147,-0.051,1.027
1751285537812,2025-06-30T15:12:17.812,19.140,-0.076,-0.052,1.055
1751285537822,2025-06-30T15:12:17.822,19.150,-0.050,-0.051,1.073
1751285537832,2025-06-30T15:12:17.832,19.160,-0.058,-0.048,1.073
1751285537842,2025-06-30T15:12:17.842,19.170,-0.079,-0.043,1.066
1751285537852,2025-06-30T15:12:17.852,19.180,-0.096,-0.041,1.052
1751285537862,2025-06-30T15:12:17.862,19.190,-0.115,-0.039,1.045
1751285537872,2025-06-30T15:12:17.872,19.200,-0.136,-0.037,1.046
1751285537882,2025-06-30T15:12:17.882,19.210,-0.147,-0.036,1.047
1751285537892,2025-06-30T15:12:17.892,19.220,-0.150,-0.037,1.048
1751285537902,2025-06-30T15:12:17.902,19.230,-0.144,-0.037,1.056
1751285537912,2025-06-30T15:12:17.912,19.240,-0.137,-0.038,1.056
1751285537922,2025-06-30T15:12:17.922,19.250,-0.127,-0.035,1.061
1751285537932,2025-06-30T15:12:17.932,19.260,-0.112,-0.033,1.066
1751285537942,2025-06-30T15:12:17.942,19.270,-0.112,-0.031,1.064
1751285537952,2025-06-30T15:12:17.952,19.280,-0.125,-0.031,1.065
1751285537962,2025-06-30T15:12:17.962,19.290,-0.140,-0.032,1.062
1751285537972,2025-06-30T15:12:17.972,19.300,-0.159,-0.034,1.061
1751285537982,2025-06-30T15:12:17.982,19.310,-0.172,-0.036,1.057
1751285537992,2025-06-30T15:12:17.992,19.320,-0.178,-0.034,1.050
1751285538002,2025-06-30T15:12:18.002,19.330,-0.181,-0.034,1.048
1751285538012,2025-06-30T15:12:18.012,19.340,-0.185,-0.028,1.041
1751285538022,2025-06-30T15:12:18.022,19.350,-0.192,-0.030,1.039
1751285538032,2025-06-30T15:12:18.032,19.360,-0.218,-0.033,1.024
1751285538042,2025-06-30T15:12:18.042,19.370,-0.251,-0.028,1.007
1751285538052,2025-06-30T15:12:18.052,19.380,-0.268,-0.016,1.004
1751285538062,2025-06-30T15:12:18.062,19.390,-0.268,-0.016,1.005
1751285538072,2025-06-30T15:12:18.072,19.400,-0.228,-0.010,1.017
1751285538082,2025-06-30T15:12:18.082,19.410,-0.153,-0.020,1.004
1751285538092,2025-06-30T15:12:18.092,19.420,-0.095,-0.040,0.997
1751285538102,2025-06-30T15:12:18.102,19.430,-0.090,-0.041,0.973
1751285538112,2025-06-30T15:12:18.112,19.440,-0.102,-0.039,0.946
1751285538122,2025-06-30T15:12:18.122,19.450,-0.097,-0.054,0.940
1751285538132,2025-06-30T15:12:18.132,19.460,-0.118,-0.056,0.930
1751285538142,2025-06-30T15:12:18.142,19.470,-0.146,-0.053,0.919
1751285538152,2025-06-30T15:12:18.152,19.480,-0.059,-0.055,0.849
1751285538162,2025-06-30T15:12:18.162,19.490,0.153,-0.072,0.750
1751285538172,2025-06-30T15:12:18.172,19.500,0.412,-0.109,0.698
1751285538182,2025-06-30T15:12:18.182,19.510,0.708,-0.152,0.647
1751285538192,2025-06-30T15:12:18.192,19.520,0.958,-0.206,0.643
1751285538202,2025-06-30T15:12:18.202,19.530,1.090,-0.241,0.638
1751285538212,2025-06-30T15:12:18.212,19.540,1.063,-0.241,0.649
1751285538222,2025-06-30T15:12:18.222,19.550,0.952,-0.232,0.627
1751285538232,2025-06-30T15:12:18.232,19.560,0.900,-0.224,0.605
1751285538242,2025-06-30T15:12:18.242,19.570,0.882,-0.213,0.625
1751285538252,2025-06-30T15:12:18.252,19.580,0.869,-0.216,0.602
1751285538262,2025-06-30T15:12:18.262,19.590,0.891,-0.218,0.548
1751285538272,2025-06-30T15:12:18.272,19.600,0.923,-0.227,0.499
1751285538282,2025-06-30T15:12:18.282,19.610,0.967,-0.244,0.476
1751285538292,2025-06-30T15:12:18.292,19.620,1.009,-0.259,0.470
1751285538302,2025-06-30T15:12:18.302,19.630,1.013,-0.271,0.462
1751285538312,2025-06-30T15:12:18.312,19.640,0.959,-0.272,0.463
1751285538322,2025-06-30T15:12:18.322,19.650,0.884,-0.264,0.458
1751285538332,2025-06-30T15:12:18.332,19.660,0.807,-0.252,0.457
1751285538342,2025-06-30T15:12:18.342,19.670,0.772,-0.251,0.458
1751285538352,2025-06-30T15:12:18.352,19.680,0.783,-0.260,0.461
1751285538362,2025-06-30T15:12:18.362,19.690,0.817,-0.270,0.470
1751285538372,2025-06-30T15:12:18.372,19.700,0.860,-0.280,0.475
1751285538382,2025-06-30T15:12:18.382,19.710,0.910,-0.289,0.489
1751285538392,2025-06-30T15:12:18.392,19.720,0.961,-0.293,0.505
1751285538402,2025-06-30T15:12:18.402,19.730,0.979,-0.292,0.533
1751285538412,2025-06-30T15:12:18.412,19.740,0.958,-0.284,0.556
1751285538422,2025-06-30T15:12:18.422,19.750,0.911,-0.270,0.566
1751285538432,2025-06-30T15:12:18.432,19.760,0.845,-0.257,0.577
1751285538442,2025-06-30T15:12:18.442,19.770,0.756,-0.236,0.583
1751285538452,2025-06-30T15:12:18.452,19.780,0.657,-0.220,0.598
1751285538462,2025-06-30T15:12:18.462,19.790,0.544,-0.204,0.631
1751285538472,2025-06-30T15:12:18.472,19.800,0.429,-0.188,0.671
1751285538482,2025-06-30T15:12:18.482,19.810,0.313,-0.167,0.716
1751285538492,2025-06-30T15:12:18.492,19.820,0.208,-0.148,0.762
1751285538502,2025-06-30T15:12:18.502,19.830,0.108,-0.147,0.771
1751285538512,2025-06-30T15:12:18.512,19.840,0.001,-0.149,0.800
1751285538522,2025-06-30T15:12:18.522,19.850,-0.094,-0.133,0.814
1751285538532,2025-06-30T15:12:18.532,19.860,-0.171,-0.110,0.821
1751285538542,2025-06-30T15:12:18.542,19.870,-0.269,-0.080,0.833
1751285538552,2025-06-30T15:12:18.552,19.880,-0.371,-0.054,0.843
1751285538562,2025-06-30T15:12:18.562,19.890,-0.449,-0.040,0.851
1751285538572,2025-06-30T15:12:18.572,19.900,-0.480,-0.035,0.873
1751285538582,2025-06-30T15:12:18.582,19.910,-0.456,-0.036,0.903
1751285538592,2025-06-30T15:12:18.592,19.920,-0.408,-0.037,0.935
1751285538602,2025-06-30T15:12:18.602,19.930,-0.338,-0.041,0.971
1751285538612,2025-06-30T15:12:18.612,19.940,-0.248,-0.046,1.012
1751285538622,2025-06-30T15:12:18.622,19.950,-0.170,-0.046,1.050
1751285538632,2025-06-30T15:12:18.632,19.960,-0.134,-0.048,1.075
1751285538642,2025-06-30T15:12:18.642,19.970,-0.100,-0.046,1.088
1751285538652,2025-06-30T15:12:18.652,19.980,-0.088,-0.039,1.085
1751285538662,2025-06-30T15:12:18.662,19.990,-0.110,-0.037,1.077
1751285538672,2025-06-30T15:12:18.672,20.000,-0.144,-0.030,1.060
1751285538682,2025-06-30T15:12:18.682,20.010,-0.178,-0.024,1.055
1751285538692,2025-06-30T15:12:18.692,20.020,-0.206,-0.022,1.053
1751285538702,2025-06-30T15:12:18.702,20.030,-0.217,-0.025,1.049
1751285538712,2025-06-30T15:12:18.712,20.040,-0.212,-0.021,1.050
1751285538722,2025-06-30T15:12:18.722,20.050,-0.204,-0.015,1.061
1751285538732,2025-06-30T15:12:18.732,20.060,-0.189,-0.014,1.067
1751285538742,2025-06-30T15:12:18.742,20.070,-0.177,-0.021,1.071
1751285538752,2025-06-30T15:12:18.752,20.080,-0.169,-0.020,1.074
1751285538762,2025-06-30T15:12:18.762,20.090,-0.168,-0.023,1.072
1751285538772,2025-06-30T15:12:18.772,20.100,-0.174,-0.025,1.067
1751285538782,2025-06-30T15:12:18.782,20.110,-0.185,-0.022,1.062
1751285538792,2025-06-30T15:12:18.792,20.120,-0.198,-0.021,1.056
1751285538802,2025-06-30T15:12:18.802,20.130,-0.196,-0.020,1.042
1751285538812,2025-06-30T15:12:18.812,20.140,-0.205,-0.019,1.037
1751285538822,2025-06-30T15:12:18.822,20.150,-0.210,-0.019,1.028
1751285538832,2025-06-30T15:12:18.832,20.160,-0.208,-0.023,1.018
1751285538842,2025-06-30T15:12:18.842,20.170,-0.202,-0.027,1.008
1751285538852,2025-06-30T15:12:18.852,20.180,-0.196,-0.029,1.000
1751285538862,2025-06-30T15:12:18.862,20.190,-0.199,-0.032,0.994
1751285538872,2025-06-30T15:12:18.872,20.200,-0.220,-0.036,0.989
1751285538882,2025-06-30T15:12:18.882,20.210,-0.252,-0.035,0.969
1751285538892,2025-06-30T15:12:18.892,20.220,-0.298,-0.036,0.939
1751285538902,2025-06-30T15:12:18.902,20.230,-0.363,-0.028,0.902
1751285538912,2025-06-30T15:12:18.912,20.240,-0.503,-0.016,0.854
1751285538922,2025-06-30T15:12:18.922,20.250,-0.667,0.007,0.815
1751285538932,2025-06-30T15:12:18.932,20.260,-0.725,0.021,0.817
1751285538942,2025-06-30T15:12:18.942,20.270,-0.638,0.022,0.821
1751285538952,2025-06-30T15:12:18.952,20.280,-0.430,-0.005,0.750
1751285538962,2025-06-30T15:12:18.962,20.290,-0.108,-0.048,0.739
1751285538972,2025-06-30T15:12:18.972,20.300,0.258,-0.093,0.770
1751285538982,2025-06-30T15:12:18.982,20.310,0.626,-0.130,0.808
1751285538992,2025-06-30T15:12:18.992,20.320,0.866,-0.160,0.830
1751285539002,2025-06-30T15:12:19.002,20.330,0.942,-0.160,0.844
1751285539012,2025-06-30T15:12:19.012,20.340,0.932,-0.163,0.801
1751285539022,2025-06-30T15:12:19.022,20.350,0.901,-0.182,0.735
1751285539032,2025-06-30T15:12:19.032,20.360,0.831,-0.191,0.674
1751285539042,2025-06-30T15:12:19.042,20.370,0.768,-0.189,0.614
1751285539052,2025-06-30T15:12:19.052,20.380,0.756,-0.187,0.576
1751285539062,2025-06-30T15:12:19.062,20.390,0.778,-0.189,0.552
1751285539072,2025-06-30T15:12:19.072,20.400,0.850,-0.198,0.522
1751285539082,2025-06-30T15:12:19.082,20.410,0.943,-0.208,0.503
1751285539092,2025-06-30T15:12:19.092,20.420,1.002,-0.228,0.473
1751285539102,2025-06-30T15:12:19.102,20.430,1.047,-0.247,0.448
1751285539112,2025-06-30T15:12:19.112,20.440,1.077,-0.266,0.427
1751285539122,2025-06-30T15:12:19.122,20.450,1.063,-0.274,0.407
1751285539132,2025-06-30T15:12:19.132,20.460,1.044,-0.282,0.381
1751285539142,2025-06-30T15:12:19.142,20.470,1.035,-0.292,0.382
1751285539152,2025-06-30T15:12:19.152,20.480,1.013,-0.291,0.398
1751285539162,2025-06-30T15:12:19.162,20.490,0.981,-0.289,0.398
1751285539172,2025-06-30T15:12:19.172,20.500,0.965,-0.296,0.406
1751285539182,2025-06-30T15:12:19.182,20.510,0.946,-0.294,0.425
1751285539192,2025-06-30T15:12:19.192,20.520,0.911,-0.279,0.441
1751285539202,2025-06-30T15:12:19.202,20.530,0.882,-0.256,0.431
1751285539212,2025-06-30T15:12:19.212,20.540,0.889,-0.258,0.425
1751285539222,2025-06-30T15:12:19.222,20.550,0.932,-0.266,0.441
1751285539232,2025-06-30T15:12:19.232,20.560,0.962,-0.267,0.464
1751285539242,2025-06-30T15:12:19.242,20.570,0.950,-0.264,0.479
1751285539252,2025-06-30T15:12:19.252,20.580,0.913,-0.252,0.509
1751285539262,2025-06-30T15:12:19.262,20.590,0.869,-0.242,0.543
1751285539272,2025-06-30T15:12:19.272,20.600,0.804,-0.230,0.570
1751285539282,2025-06-30T15:12:19.282,20.610,0.724,-0.216,0.592
1751285539292,2025-06-30T15:12:19.292,20.620,0.626,-0.198,0.622
1751285539302,2025-06-30T15:12:19.302,20.630,0.514,-0.178,0.654
1751285539312,2025-06-30T15:12:19.312,20.640,0.382,-0.154,0.693
1751285539322,2025-06-30T15:12:19.322,20.650,0.238,-0.120,0.731
1751285539332,2025-06-30T15:12:19.332,20.660,0.092,-0.105,0.745
1751285539342,2025-06-30T15:12:19.342,20.670,-0.063,-0.113,0.749
1751285539352,2025-06-30T15:12:19.352,20.680,-0.193,-0.094,0.782
1751285539362,2025-06-30T15:12:19.362,20.690,-0.282,-0.083,0.794
1751285539372,2025-06-30T15:12:19.372,20.700,-0.387,-0.071,0.798
1751285539382,2025-06-30T15:12:19.382,20.710,-0.485,-0.046,0.812
1751285539392,2025-06-30T15:12:19.392,20.720,-0.527,-0.027,0.817
1751285539402,2025-06-30T15:12:19.402,20.730,-0.531,-0.010,0.843
1751285539412,2025-06-30T15:12:19.412,20.740,-0.500,-0.013,0.871
1751285539422,2025-06-30T15:12:19.422,20.750,-0.438,-0.020,0.909
1751285539432,2025-06-30T15:12:19.432,20.760,-0.344,-0.029,0.962
1751285539442,2025-06-30T15:12:19.442,20.770,-0.248,-0.041,1.012
1751285539452,2025-06-30T15:12:19.452,20.780,-0.181,-0.043,1.045
1751285539462,2025-06-30T15:12:19.462,20.790,-0.151,-0.038,1.069
1751285539472,2025-06-30T15:12:19.472,20.800,-0.144,-0.032,1.081
1751285539482,2025-06-30T15:12:19.482,20.810,-0.148,-0.028,1.077
1751285539492,2025-06-30T15:12:19.492,20.820,-0.154,-0.026,1.071
1751285539502,2025-06-30T15:12:19.502,20.830,-0.162,-0.021,1.068
1751285539512,2025-06-30T15:12:19.512,20.840,-0.174,-0.015,1.055
1751285539522,2025-06-30T15:12:19.522,20.850,-0.194,-0.013,1.054
1751285539532,2025-06-30T15:12:19.532,20.860,-0.211,-0.009,1.054
1751285539542,2025-06-30T15:12:19.542,20.870,-0.228,-0.005,1.054
1751285539552,2025-06-30T15:12:19.552,20.880,-0.226,-0.004,1.057
1751285539562,2025-06-30T15:12:19.562,20.890,-0.222,0.001,1.056
1751285539572,2025-06-30T15:12:19.572,20.900,-0.225,0.001,1.059
1751285539582,2025-06-30T15:12:19.582,20.910,-0.213,-0.004,1.061
1751285539592,2025-06-30T15:12:19.592,20.920,-0.194,-0.007,1.063
1751285539602,2025-06-30T15:12:19.602,20.930,-0.189,-0.008,1.065
1751285539612,2025-06-30T15:12:19.612,20.940,-0.189,-0.002,1.063
1751285539622,2025-06-30T15:12:19.622,20.950,-0.193,-0.004,1.060
1751285539632,2025-06-30T15:12:19.632,20.960,-0.196,-0.010,1.053
1751285539642,2025-06-30T15:12:19.642,20.970,-0.204,-0.011,1.043
1751285539652,2025-06-30T15:12:19.652,20.980,-0.218,-0.010,1.027
1751285539662,2025-06-30T15:12:19.662,20.990,-0.224,-0.011,1.016
1751285539672,2025-06-30T15:12:19.672,21.000,-0.211,-0.016,1.014
1751285539682,2025-06-30T15:12:19.682,21.010,-0.196,-0.017,1.015
1751285539692,2025-06-30T15:12:19.692,21.020,-0.194,-0.021,1.011
1751285539702,2025-06-30T15:12:19.702,21.030,-0.198,-0.021,1.005
1751285539712,2025-06-30T15:12:19.712,21.040,-0.201,-0.022,0.995
1751285539722,2025-06-30T15:12:19.722,21.050,-0.227,-0.024,0.989
1751285539732,2025-06-30T15:12:19.732,21.060,-0.269,-0.024,0.980
1751285539742,2025-06-30T15:12:19.742,21.070,-0.299,-0.019,0.968
1751285539752,2025-06-30T15:12:19.752,21.080,-0.308,-0.013,0.953
1751285539762,2025-06-30T15:12:19.762,21.090,-0.298,-0.020,0.946
1751285539772,2025-06-30T15:12:19.772,21.100,-0.272,-0.023,0.938
1751285539782,2025-06-30T15:12:19.782,21.110,-0.234,-0.029,0.940
1751285539792,2025-06-30T15:12:19.792,21.120,-0.191,-0.030,0.948
1751285539802,2025-06-30T15:12:19.802,21.130,-0.178,-0.031,0.955
1751285539812,2025-06-30T15:12:19.812,21.140,-0.187,-0.030,0.958
1751285539822,2025-06-30T15:12:19.822,21.150,-0.197,-0.040,0.942
1751285539832,2025-06-30T15:12:19.832,21.160,-0.241,-0.036,0.948
1751285539842,2025-06-30T15:12:19.842,21.170,-0.247,-0.033,0.928
1751285539852,2025-06-30T15:12:19.852,21.180,-0.213,-0.039,0.875
1751285539862,2025-06-30T15:12:19.862,21.190,-0.161,-0.035,0.852
1751285539872,2025-06-30T15:12:19.872,21.200,-0.063,-0.031,0.820
1751285539882,2025-06-30T15:12:19.882,21.210,0.090,-0.034,0.788
1751285539892,2025-06-30T15:12:19.892,21.220,0.309,-0.081,0.687
1751285539902,2025-06-30T15:12:19.902,21.230,0.541,-0.114,0.683
1751285539912,2025-06-30T15:12:19.912,21.240,0.748,-0.139,0.682
1751285539922,2025-06-30T15:12:19.922,21.250,0.907,-0.185,0.681
1751285539932,2025-06-30T15:12:19.932,21.260,0.945,-0.205,0.714
1751285539942,2025-06-30T15:12:19.942,21.270,0.880,-0.193,0.681
1751285539952,2025-06-30T15:12:19.952,21.280,0.838,-0.206,0.667
1751285539962,2025-06-30T15:12:19.962,21.290,0.834,-0.205,0.660
1751285539972,2025-06-30T15:12:19.972,21.300,0.884,-0.202,0.625
1751285539982,2025-06-30T15:12:19.982,21.310,0.943,-0.212,0.608
1751285539992,2025-06-30T15:12:19.992,21.320,0.977,-0.212,0.597
1751285540002,2025-06-30T15:12:20.002,21.330,0.995,-0.211,0.573
1751285540012,2025-06-30T15:12:20.012,21.340,0.990,-0.220,0.555
1751285540022,2025-06-30T15:12:20.022,21.350,0.988,-0.218,0.544
1751285540032,2025-06-30T15:12:20.032,21.360,0.966,-0.215,0.552
1751285540042,2025-06-30T15:12:20.042,21.370,0.910,-0.208,0.553
1751285540052,2025-06-30T15:12:20.052,21.380,0.846,-0.202,0.547
1751285540062,2025-06-30T15:12:20.062,21.390,0.786,-0.199,0.555
1751285540072,2025-06-30T15:12:20.072,21.400,0.767,-0.200,0.560
1751285540082,2025-06-30T15:12:20.082,21.410,0.795,-0.201,0.577
1751285540092,2025-06-30T15:12:20.092,21.420,0.853,-0.209,0.588
1751285540102,2025-06-30T15:12:20.102,21.430,0.922,-0.217,0.604
1751285540112,2025-06-30T15:12:20.112,21.440,0.949,-0.214,0.628
1751285540122,2025-06-30T15:12:20.122,21.450,0.936,-0.207,0.645
1751285540132,2025-06-30T15:12:20.132,21.460,0.904,-0.195,0.674
1751285540142,2025-06-30T15:12:20.142,21.470,0.858,-0.193,0.689
1751285540152,2025-06-30T15:12:20.152,21.480,0.790,-0.189,0.694
1751285540162,2025-06-30T15:12:20.162,21.490,0.707,-0.171,0.707
1751285540172,2025-06-30T15:12:20.172,21.500,0.605,-0.151,0.713
1751285540182,2025-06-30T15:12:20.182,21.510,0.498,-0.126,0.734
1751285540192,2025-06-30T15:12:20.192,21.520,0.390,-0.100,0.769
1751285540202,2025-06-30T15:12:20.202,21.530,0.260,-0.080,0.801
1751285540212,2025-06-30T15:12:20.212,21.540,0.129,-0.060,0.813
1751285540222,2025-06-30T15:12:20.222,21.550,0.011,-0.061,0.818
1751285540232,2025-06-30T15:12:20.232,21.560,-0.105,-0.055,0.840
1751285540242,2025-06-30T15:12:20.242,21.570,-0.199,-0.038,0.851
1751285540252,2025-06-30T15:12:20.252,21.580,-0.289,-0.020,0.849
1751285540262,2025-06-30T15:12:20.262,21.590,-0.384,-0.003,0.868
1751285540272,2025-06-30T15:12:20.272,21.600,-0.438,0.006,0.892
1751285540282,2025-06-30T15:12:20.282,21.610,-0.435,0.008,0.915
1751285540292,2025-06-30T15:12:20.292,21.620,-0.399,0.010,0.934
1751285540302,2025-06-30T15:12:20.302,21.630,-0.346,0.009,0.949
1751285540312,2025-06-30T15:12:20.312,21.640,-0.270,0.007,0.984
1751285540322,2025-06-30T15:12:20.322,21.650,-0.198,0.002,1.020
1751285540332,2025-06-30T15:12:20.332,21.660,-0.146,-0.001,1.051
1751285540342,2025-06-30T15:12:20.342,21.670,-0.110,-0.000,1.067
1751285540352,2025-06-30T15:12:20.352,21.680,-0.084,0.000,1.076
1751285540362,2025-06-30T15:12:20.362,21.690,-0.082,0.001,1.072
1751285540372,2025-06-30T15:12:20.372,21.700,-0.109,0.011,1.051
1751285540382,2025-06-30T15:12:20.382,21.710,-0.134,0.018,1.040
1751285540392,2025-06-30T15:12:20.392,21.720,-0.157,0.022,1.037
1751285540402,2025-06-30T15:12:20.402,21.730,-0.176,0.016,1.036
1751285540412,2025-06-30T15:12:20.412,21.740,-0.184,0.018,1.041
1751285540422,2025-06-30T15:12:20.422,21.750,-0.187,0.018,1.046
1751285540432,2025-06-30T15:12:20.432,21.760,-0.181,0.021,1.057
1751285540442,2025-06-30T15:12:20.442,21.770,-0.179,0.020,1.064
1751285540452,2025-06-30T15:12:20.452,21.780,-0.186,0.018,1.062
1751285540462,2025-06-30T15:12:20.462,21.790,-0.185,0.015,1.066
1751285540472,2025-06-30T15:12:20.472,21.800,-0.178,0.017,1.062
1751285540482,2025-06-30T15:12:20.482,21.810,-0.178,0.013,1.059
1751285540492,2025-06-30T15:12:20.492,21.820,-0.183,0.013,1.042
1751285540502,2025-06-30T15:12:20.502,21.830,-0.187,0.016,1.034
1751285540512,2025-06-30T15:12:20.512,21.840,-0.180,0.020,1.036
1751285540522,2025-06-30T15:12:20.522,21.850,-0.177,0.020,1.044
1751285540532,2025-06-30T15:12:20.532,21.860,-0.181,0.017,1.044
1751285540542,2025-06-30T15:12:20.542,21.870,-0.185,0.013,1.040
1751285540552,2025-06-30T15:12:20.552,21.880,-0.179,0.005,1.036
1751285540562,2025-06-30T15:12:20.562,21.890,-0.167,-0.000,1.029
1751285540572,2025-06-30T15:12:20.572,21.900,-0.169,0.000,1.023
1751285540582,2025-06-30T15:12:20.582,21.910,-0.180,-0.002,1.016
1751285540592,2025-06-30T15:12:20.592,21.920,-0.193,0.001,1.005
1751285540602,2025-06-30T15:12:20.602,21.930,-0.197,0.006,0.995
1751285540612,2025-06-30T15:12:20.612,21.940,-0.192,0.007,0.983
1751285540622,2025-06-30T15:12:20.622,21.950,-0.185,0.006,0.983
1751285540632,2025-06-30T15:12:20.632,21.960,-0.160,0.003,0.989
1751285540642,2025-06-30T15:12:20.642,21.970,-0.135,0.003,1.000
1751285540652,2025-06-30T15:12:20.652,21.980,-0.140,0.001,1.001
1751285540662,2025-06-30T15:12:20.662,21.990,-0.176,0.002,0.987
1751285540672,2025-06-30T15:12:20.672,22.000,-0.195,0.002,0.969
1751285540682,2025-06-30T15:12:20.682,22.010,-0.223,0.001,0.956
1751285540692,2025-06-30T15:12:20.692,22.020,-0.265,0.005,0.946
1751285540702,2025-06-30T15:12:20.702,22.030,-0.268,0.000,0.938
1751285540712,2025-06-30T15:12:20.712,22.040,-0.245,-0.010,0.925
1751285540722,2025-06-30T15:12:20.722,22.050,-0.197,-0.001,0.908
1751285540732,2025-06-30T15:12:20.732,22.060,-0.134,-0.004,0.934
1751285540742,2025-06-30T15:12:20.742,22.070,-0.101,-0.020,0.953
1751285540752,2025-06-30T15:12:20.752,22.080,-0.103,-0.032,0.959
1751285540762,2025-06-30T15:12:20.762,22.090,-0.133,-0.028,0.949
1751285540772,2025-06-30T15:12:20.772,22.100,-0.161,-0.023,0.940
1751285540782,2025-06-30T15:12:20.782,22.110,-0.177,-0.002,0.941
1751285540792,2025-06-30T15:12:20.792,22.120,-0.169,0.013,0.922
1751285540802,2025-06-30T15:12:20.802,22.130,-0.106,0.015,0.887
1751285540812,2025-06-30T15:12:20.812,22.140,0.062,-0.012,0.799
1751285540822,2025-06-30T15:12:20.822,22.150,0.310,-0.049,0.769
1751285540832,2025-06-30T15:12:20.832,22.160,0.566,-0.085,0.739
1751285540842,2025-06-30T15:12:20.842,22.170,0.801,-0.111,0.740
1751285540852,2025-06-30T15:12:20.852,22.180,0.953,-0.139,0.745
1751285540862,2025-06-30T15:12:20.862,22.190,0.997,-0.148,0.746
1751285540872,2025-06-30T15:12:20.872,22.200,0.958,-0.142,0.727
1751285540882,2025-06-30T15:12:20.882,22.210,0.888,-0.136,0.703
1751285540892,2025-06-30T15:12:20.892,22.220,0.822,-0.135,0.674
1751285540902,2025-06-30T15:12:20.902,22.230,0.826,-0.141,0.605
1751285540912,2025-06-30T15:12:20.912,22.240,0.899,-0.165,0.545
1751285540922,2025-06-30T15:12:20.922,22.250,0.956,-0.179,0.523
1751285540932,2025-06-30T15:12:20.932,22.260,0.979,-0.179,0.525
1751285540942,2025-06-30T15:12:20.942,22.270,1.020,-0.188,0.515
1751285540952,2025-06-30T15:12:20.952,22.280,1.074,-0.206,0.500
1751285540962,2025-06-30T15:12:20.962,22.290,1.060,-0.203,0.499
1751285540972,2025-06-30T15:12:20.972,22.300,0.975,-0.175,0.491
1751285540982,2025-06-30T15:12:20.982,22.310,0.904,-0.163,0.481
1751285540992,2025-06-30T15:12:20.992,22.320,0.868,-0.175,0.487
1751285541002,2025-06-30T15:12:21.002,22.330,0.829,-0.187,0.495
1751285541012,2025-06-30T15:12:21.012,22.340,0.823,-0.188,0.504
1751285541022,2025-06-30T15:12:21.022,22.350,0.885,-0.197,0.501
1751285541032,2025-06-30T15:12:21.032,22.360,0.961,-0.207,0.522
1751285541042,2025-06-30T15:12:21.042,22.370,1.007,-0.206,0.572
1751285541052,2025-06-30T15:12:21.052,22.380,1.015,-0.200,0.608
1751285541062,2025-06-30T15:12:21.062,22.390,0.986,-0.201,0.604
1751285541072,2025-06-30T15:12:21.072,22.400,0.899,-0.194,0.630
1751285541082,2025-06-30T15:12:21.082,22.410,0.790,-0.176,0.633
1751285541092,2025-06-30T15:12:21.092,22.420,0.657,-0.151,0.647
1751285541102,2025-06-30T15:12:21.102,22.430,0.536,-0.134,0.680
1751285541112,2025-06-30T15:12:21.112,22.440,0.433,-0.119,0.710
1751285541122,2025-06-30T15:12:21.122,22.450,0.315,-0.107,0.731
1751285541132,2025-06-30T15:12:21.132,22.460,0.191,-0.085,0.758
1751285541142,2025-06-30T15:12:21.142,22.470,0.083,-0.079,0.785
1751285541152,2025-06-30T15:12:21.152,22.480,0.011,-0.078,0.800
1751285541162,2025-06-30T15:12:21.162,22.490,-0.069,-0.073,0.826
1751285541172,2025-06-30T15:12:21.172,22.500,-0.159,-0.071,0.844
1751285541182,2025-06-30T15:12:21.182,22.510,-0.260,-0.053,0.874
1751285541192,2025-06-30T15:12:21.192,22.520,-0.338,-0.034,0.911
1751285541202,2025-06-30T15:12:21.202,22.530,-0.368,-0.022,0.941
1751285541212,2025-06-30T15:12:21.212,22.540,-0.349,-0.006,0.960
1751285541222,2025-06-30T15:12:21.222,22.550,-0.326,-0.000,0.976
1751285541232,2025-06-30T15:12:21.232,22.560,-0.291,0.002,0.986
1751285541242,2025-06-30T15:12:21.242,22.570,-0.252,0.002,0.996
1751285541252,2025-06-30T15:12:21.252,22.580,-0.216,-0.002,1.000
1751285541262,2025-06-30T15:12:21.262,22.590,-0.174,0.001,1.004
1751285541272,2025-06-30T15:12:21.272,22.600,-0.133,0.000,1.013
1751285541282,2025-06-30T15:12:21.282,22.610,-0.112,0.002,1.033
1751285541292,2025-06-30T15:12:21.292,22.620,-0.116,0.015,1.044
1751285541302,2025-06-30T15:12:21.302,22.630,-0.146,0.021,1.042
1751285541312,2025-06-30T15:12:21.312,22.640,-0.171,0.020,1.042
1751285541322,2025-06-30T15:12:21.322,22.650,-0.179,0.024,1.040
1751285541332,2025-06-30T15:12:21.332,22.660,-0.205,0.027,1.026
1751285541342,2025-06-30T15:12:21.342,22.670,-0.232,0.020,1.015
1751285541352,2025-06-30T15:12:21.352,22.680,-0.229,0.019,1.023
1751285541362,2025-06-30T15:12:21.362,22.690,-0.212,0.017,1.038
1751285541372,2025-06-30T15:12:21.372,22.700,-0.194,0.014,1.044
1751285541382,2025-06-30T15:12:21.382,22.710,-0.181,0.010,1.047
1751285541392,2025-06-30T15:12:21.392,22.720,-0.158,0.013,1.046
1751285541402,2025-06-30T15:12:21.402,22.730,-0.142,0.013,1.039
1751285541412,2025-06-30T15:12:21.412,22.740,-0.194,0.027,1.029
1751285541422,2025-06-30T15:12:21.422,22.750,-0.175,0.019,1.012
1751285541432,2025-06-30T15:12:21.432,22.760,-0.232,0.029,1.015
1751285541442,2025-06-30T15:12:21.442,22.770,-0.268,0.021,1.001
1751285541452,2025-06-30T15:12:21.452,22.780,-0.260,0.023,1.002
1751285541462,2025-06-30T15:12:21.462,22.790,-0.240,0.023,1.018
1751285541472,2025-06-30T15:12:21.472,22.800,-0.232,0.016,1.022
1751285541482,2025-06-30T15:12:21.482,22.810,-0.245,0.017,1.006
1751285541492,2025-06-30T15:12:21.492,22.820,-0.261,0.012,0.979
1751285541502,2025-06-30T15:12:21.502,22.830,-0.262,0.016,0.961
1751285541512,2025-06-30T15:12:21.512,22.840,-0.263,0.019,0.961
1751285541522,2025-06-30T15:12:21.522,22.850,-0.265,0.022,0.949
1751285541532,2025-06-30T15:12:21.532,22.860,-0.273,0.025,0.939
1751285541542,2025-06-30T15:12:21.542,22.870,-0.261,0.021,0.952
1751285541552,2025-06-30T15:12:21.552,22.880,-0.234,0.022,0.974
1751285541562,2025-06-30T15:12:21.562,22.890,-0.248,0.015,0.976
1751285541572,2025-06-30T15:12:21.572,22.900,-0.293,0.021,0.960
1751285541582,2025-06-30T15:12:21.582,22.910,-0.336,0.039,0.959
1751285541592,2025-06-30T15:12:21.592,22.920,-0.280,0.053,0.916
1751285541602,2025-06-30T15:12:21.602,22.930,-0.167,0.062,0.889
1751285541612,2025-06-30T15:12:21.612,22.940,-0.000,0.037,0.844
1751285541622,2025-06-30T15:12:21.622,22.950,0.161,-0.012,0.742
1751285541632,2025-06-30T15:12:21.632,22.960,0.359,-0.049,0.680
1751285541642,2025-06-30T15:12:21.642,22.970,0.576,-0.057,0.662
1751285541652,2025-06-30T15:12:21.652,22.980,0.731,-0.085,0.669
1751285541662,2025-06-30T15:12:21.662,22.990,0.782,-0.120,0.681
1751285541672,2025-06-30T15:12:21.672,23.000,0.784,-0.127,0.646
1751285541682,2025-06-30T15:12:21.682,23.010,0.790,-0.140,0.620
1751285541692,2025-06-30T15:12:21.692,23.020,0.839,-0.164,0.602
1751285541702,2025-06-30T15:12:21.702,23.030,0.924,-0.180,0.579
1751285541712,2025-06-30T15:12:21.712,23.040,0.959,-0.194,0.557
1751285541722,2025-06-30T15:12:21.722,23.050,0.967,-0.191,0.534
1751285541732,2025-06-30T15:12:21.732,23.060,0.943,-0.181,0.515
1751285541742,2025-06-30T15:12:21.742,23.070,0.954,-0.182,0.481
1751285541752,2025-06-30T15:12:21.752,23.080,0.999,-0.202,0.461
1751285541762,2025-06-30T15:12:21.762,23.090,1.026,-0.212,0.454
1751285541772,2025-06-30T15:12:21.772,23.100,1.049,-0.217,0.453
1751285541782,2025-06-30T15:12:21.782,23.110,1.040,-0.214,0.452
1751285541792,2025-06-30T15:12:21.792,23.120,0.996,-0.205,0.457
1751285541802,2025-06-30T15:12:21.802,23.130,0.983,-0.212,0.458
1751285541812,2025-06-30T15:12:21.812,23.140,0.958,-0.216,0.479
1751285541822,2025-06-30T15:12:21.822,23.150,0.909,-0.195,0.506
1751285541832,2025-06-30T15:12:21.832,23.160,0.899,-0.195,0.485
1751285541842,2025-06-30T15:12:21.842,23.170,0.915,-0.201,0.469
1751285541852,2025-06-30T15:12:21.852,23.180,0.951,-0.187,0.505
1751285541862,2025-06-30T15:12:21.862,23.190,1.024,-0.195,0.529
1751285541872,2025-06-30T15:12:21.872,23.200,1.077,-0.208,0.544
1751285541882,2025-06-30T15:12:21.882,23.210,1.068,-0.206,0.581
1751285541892,2025-06-30T15:12:21.892,23.220,0.995,-0.188,0.610
1751285541902,2025-06-30T15:12:21.902,23.230,0.897,-0.178,0.620
1751285541912,2025-06-30T15:12:21.912,23.240,0.772,-0.160,0.634
1751285541922,2025-06-30T15:12:21.922,23.250,0.642,-0.131,0.634
1751285541932,2025-06-30T15:12:21.932,23.260,0.532,-0.110,0.668
1751285541942,2025-06-30T15:12:21.942,23.270,0.452,-0.103,0.710
1751285541952,2025-06-30T15:12:21.952,23.280,0.353,-0.085,0.760
1751285541962,2025-06-30T15:12:21.962,23.290,0.264,-0.088,0.820
1751285541972,2025-06-30T15:12:21.972,23.300,0.189,-0.089,0.810
1751285541982,2025-06-30T15:12:21.982,23.310,0.106,-0.065,0.833
1751285541992,2025-06-30T15:12:21.992,23.320,0.042,-0.050,0.874
1751285542002,2025-06-30T15:12:22.002,23.330,-0.024,-0.049,0.887
1751285542012,2025-06-30T15:12:22.012,23.340,-0.126,-0.034,0.908
1751285542022,2025-06-30T15:12:22.022,23.350,-0.203,-0.006,0.917
1751285542032,2025-06-30T15:12:22.032,23.360,-0.223,0.008,0.940
1751285542042,2025-06-30T15:12:22.042,23.370,-0.226,0.011,0.939
1751285542052,2025-06-30T15:12:22.052,23.380,-0.212,0.008,0.952
1751285542062,2025-06-30T15:12:22.062,23.390,-0.183,0.003,0.978
1751285542072,2025-06-30T15:12:22.072,23.400,-0.160,0.003,0.993
1751285542082,2025-06-30T15:12:22.082,23.410,-0.117,0.005,1.016
1751285542092,2025-06-30T15:12:22.092,23.420,-0.076,0.006,1.042
1751285542102,2025-06-30T15:12:22.102,23.430,-0.046,0.006,1.045
1751285542112,2025-06-30T15:12:22.112,23.440,-0.036,0.004,1.050
1751285542122,2025-06-30T15:12:22.122,23.450,-0.032,-0.001,1.058
1751285542132,2025-06-30T15:12:22.132,23.460,-0.044,0.001,1.048
1751285542142,2025-06-30T15:12:22.142,23.470,-0.073,0.006,1.033
1751285542152,2025-06-30T15:12:22.152,23.480,-0.088,0.011,1.021
1751285542162,2025-06-30T15:12:22.162,23.490,-0.096,0.011,1.021
1751285542172,2025-06-30T15:12:22.172,23.500,-0.110,0.013,1.019
1751285542182,2025-06-30T15:12:22.182,23.510,-0.114,0.009,1.024
1751285542192,2025-06-30T15:12:22.192,23.520,-0.115,0.012,1.024
1751285542202,2025-06-30T15:12:22.202,23.530,-0.117,0.009,1.036
1751285542212,2025-06-30T15:12:22.212,23.540,-0.107,0.005,1.044
1751285542222,2025-06-30T15:12:22.222,23.550,-0.096,0.007,1.042
1751285542232,2025-06-30T15:12:22.232,23.560,-0.086,0.008,1.037
1751285542242,2025-06-30T15:12:22.242,23.570,-0.087,0.000,1.041
1751285542252,2025-06-30T15:12:22.252,23.580,-0.101,-0.005,1.023
1751285542262,2025-06-30T15:12:22.262,23.590,-0.118,-0.000,1.008
1751285542272,2025-06-30T15:12:22.272,23.600,-0.142,0.000,1.003
1751285542282,2025-06-30T15:12:22.282,23.610,-0.164,0.005,0.999
1751285542292,2025-06-30T15:12:22.292,23.620,-0.168,0.004,0.998
1751285542302,2025-06-30T15:12:22.302,23.630,-0.155,0.002,1.005
1751285542312,2025-06-30T15:12:22.312,23.640,-0.146,0.011,1.010
1751285542322,2025-06-30T15:12:22.322,23.650,-0.136,0.012,1.012
1751285542332,2025-06-30T15:12:22.332,23.660,-0.120,0.010,1.001
1751285542342,2025-06-30T15:12:22.342,23.670,-0.105,0.004,1.003
1751285542352,2025-06-30T15:12:22.352,23.680,-0.110,0.001,1.010
1751285542362,2025-06-30T15:12:22.362,23.690,-0.136,0.002,1.011
1751285542372,2025-06-30T15:12:22.372,23.700,-0.168,0.009,0.999
1751285542382,2025-06-30T15:12:22.382,23.710,-0.186,0.012,0.991
1751285542392,2025-06-30T15:12:22.392,23.720,-0.203,0.018,0.985
1751285542402,2025-06-30T15:12:22.402,23.730,-0.203,0.015,0.971
1751285542412,2025-06-30T15:12:22.412,23.740,-0.178,0.017,0.963
1751285542422,2025-06-30T15:12:22.422,23.750,-0.151,0.009,0.974
1751285542432,2025-06-30T15:12:22.432,23.760,-0.152,0.002,0.971
1751285542442,2025-06-30T15:12:22.442,23.770,-0.173,-0.001,0.957
1751285542452,2025-06-30T15:12:22.452,23.780,-0.202,0.000,0.949
1751285542462,2025-06-30T15:12:22.462,23.790,-0.214,0.015,0.946
1751285542472,2025-06-30T15:12:22.472,23.800,-0.173,0.016,0.928
1751285542482,2025-06-30T15:12:22.482,23.810,-0.108,0.014,0.902
1751285542492,2025-06-30T15:12:22.492,23.820,0.003,-0.001,0.878
1751285542502,2025-06-30T15:12:22.502,23.830,0.149,-0.031,0.842
1751285542512,2025-06-30T15:12:22.512,23.840,0.344,-0.053,0.812
1751285542522,2025-06-30T15:12:22.522,23.850,0.528,-0.087,0.789
1751285542532,2025-06-30T15:12:22.532,23.860,0.685,-0.112,0.776
1751285542542,2025-06-30T15:12:22.542,23.870,0.781,-0.119,0.765
1751285542552,2025-06-30T15:12:22.552,23.880,0.831,-0.131,0.746
1751285542562,2025-06-30T15:12:22.562,23.890,0.846,-0.138,0.718
1751285542572,2025-06-30T15:12:22.572,23.900,0.808,-0.128,0.661
1751285542582,2025-06-30T15:12:22.582,23.910,0.789,-0.125,0.618
1751285542592,2025-06-30T15:12:22.592,23.920,0.821,-0.135,0.600
1751285542602,2025-06-30T15:12:22.602,23.930,0.870,-0.151,0.586
1751285542612,2025-06-30T15:12:22.612,23.940,0.908,-0.161,0.569
1751285542622,2025-06-30T15:12:22.622,23.950,0.969,-0.176,0.521
1751285542632,2025-06-30T15:12:22.632,23.960,1.018,-0.193,0.486
1751285542642,2025-06-30T15:12:22.642,23.970,0.994,-0.188,0.476
1751285542652,2025-06-30T15:12:22.652,23.980,0.968,-0.178,0.441
1751285542662,2025-06-30T15:12:22.662,23.990,0.998,-0.193,0.425
1751285542672,2025-06-30T15:12:22.672,24.000,1.020,-0.207,0.433
1751285542682,2025-06-30T15:12:22.682,24.010,0.972,-0.201,0.438
1751285542692,2025-06-30T15:12:22.692,24.020,0.897,-0.182,0.438
1751285542702,2025-06-30T15:12:22.702,24.030,0.867,-0.179,0.454
1751285542712,2025-06-30T15:12:22.712,24.040,0.862,-0.184,0.469
1751285542722,2025-06-30T15:12:22.722,24.050,0.872,-0.192,0.464
1751285542732,2025-06-30T15:12:22.732,24.060,0.890,-0.193,0.485
1751285542742,2025-06-30T15:12:22.742,24.070,0.934,-0.201,0.488
1751285542752,2025-06-30T15:12:22.752,24.080,0.979,-0.214,0.496
1751285542762,2025-06-30T15:12:22.762,24.090,1.012,-0.215,0.519
1751285542772,2025-06-30T15:12:22.772,24.100,1.045,-0.208,0.555
1751285542782,2025-06-30T15:12:22.782,24.110,1.040,-0.202,0.574
1751285542792,2025-06-30T15:12:22.792,24.120,0.943,-0.183,0.596
1751285542802,2025-06-30T15:12:22.802,24.130,0.823,-0.162,0.631
1751285542812,2025-06-30T15:12:22.812,24.140,0.721,-0.151,0.656
1751285542822,2025-06-30T15:12:22.822,24.150,0.622,-0.147,0.672
1751285542832,2025-06-30T15:12:22.832,24.160,0.548,-0.137,0.681
1751285542842,2025-06-30T15:12:22.842,24.170,0.463,-0.106,0.727
1751285542852,2025-06-30T15:12:22.852,24.180,0.356,-0.084,0.768
1751285542862,2025-06-30T15:12:22.862,24.190,0.256,-0.076,0.796
1751285542872,2025-06-30T15:12:22.872,24.200,0.187,-0.067,0.839
1751285542882,2025-06-30T15:12:22.882,24.210,0.115,-0.060,0.865
1751285542892,2025-06-30T15:12:22.892,24.220,0.035,-0.053,0.877
1751285542902,2025-06-30T15:12:22.902,24.230,-0.057,-0.044,0.874
1751285542912,2025-06-30T15:12:22.912,24.240,-0.170,-0.019,0.889
1751285542922,2025-06-30T15:12:22.922,24.250,-0.253,-0.003,0.909
1751285542932,2025-06-30T15:12:22.932,24.260,-0.279,0.003,0.925
1751285542942,2025-06-30T15:12:22.942,24.270,-0.276,0.003,0.933
1751285542952,2025-06-30T15:12:22.952,24.280,-0.250,0.006,0.951
1751285542962,2025-06-30T15:12:22.962,24.290,-0.208,0.002,0.984
1751285542972,2025-06-30T15:12:22.972,24.300,-0.162,0.001,1.021
1751285542982,2025-06-30T15:12:22.982,24.310,-0.112,-0.000,1.031
1751285542992,2025-06-30T15:12:22.992,24.320,-0.087,-0.000,1.033
1751285543002,2025-06-30T15:12:23.002,24.330,-0.088,-0.003,1.034
1751285543012,2025-06-30T15:12:23.012,24.340,-0.100,-0.000,1.039
1751285543022,2025-06-30T15:12:23.022,24.350,-0.126,0.003,1.039
1751285543032,2025-06-30T15:12:23.032,24.360,-0.134,0.008,1.031
1751285543042,2025-06-30T15:12:23.042,24.370,-0.137,0.013,1.029
1751285543052,2025-06-30T15:12:23.052,24.380,-0.148,0.009,1.029
1751285543062,2025-06-30T15:12:23.062,24.390,-0.146,0.011,1.034
1751285543072,2025-06-30T15:12:23.072,24.400,-0.149,0.012,1.028
1751285543082,2025-06-30T15:12:23.082,24.410,-0.155,0.009,1.018
1751285543092,2025-06-30T15:12:23.092,24.420,-0.145,0.011,1.017
1751285543102,2025-06-30T15:12:23.102,24.430,-0.135,0.015,1.025
1751285543112,2025-06-30T15:12:23.112,24.440,-0.146,0.015,1.034
1751285543122,2025-06-30T15:12:23.122,24.450,-0.154,0.014,1.030
1751285543132,2025-06-30T15:12:23.132,24.460,-0.151,0.010,1.029
1751285543142,2025-06-30T15:12:23.142,24.470,-0.153,0.006,1.027
1751285543152,2025-06-30T15:12:23.152,24.480,-0.163,0.009,1.023
1751285543162,2025-06-30T15:12:23.162,24.490,-0.167,0.010,1.017
1751285543172,2025-06-30T15:12:23.172,24.500,-0.180,0.014,1.009
1751285543182,2025-06-30T15:12:23.182,24.510,-0.188,0.017,1.003
1751285543192,2025-06-30T15:12:23.192,24.520,-0.184,0.011,1.001
1751285543202,2025-06-30T15:12:23.202,24.530,-0.188,0.006,0.994
1751285543212,2025-06-30T15:12:23.212,24.540,-0.194,0.007,0.992
1751285543222,2025-06-30T15:12:23.222,24.550,-0.208,0.006,0.990
1751285543232,2025-06-30T15:12:23.232,24.560,-0.207,0.005,0.990
1751285543242,2025-06-30T15:12:23.242,24.570,-0.194,0.007,0.986
1751285543252,2025-06-30T15:12:23.252,24.580,-0.179,0.010,0.965
1751285543262,2025-06-30T15:12:23.262,24.590,-0.157,0.001,0.956
1751285543272,2025-06-30T15:12:23.272,24.600,-0.138,-0.007,0.960
1751285543282,2025-06-30T15:12:23.282,24.610,-0.145,-0.010,0.944
1751285543292,2025-06-30T15:12:23.292,24.620,-0.202,-0.009,0.944
1751285543302,2025-06-30T15:12:23.302,24.630,-0.292,0.006,0.944
1751285543312,2025-06-30T15:12:23.312,24.640,-0.339,0.016,0.912
1751285543322,2025-06-30T15:12:23.322,24.650,-0.248,0.014,0.847
1751285543332,2025-06-30T15:12:23.332,24.660,-0.012,-0.006,0.803
1751285543342,2025-06-30T15:12:23.342,24.670,0.295,-0.043,0.813
1751285543352,2025-06-30T15:12:23.352,24.680,0.548,-0.083,0.834
1751285543362,2025-06-30T15:12:23.362,24.690,0.690,-0.122,0.831
1751285543372,2025-06-30T15:12:23.372,24.700,0.736,-0.125,0.836
1751285543382,2025-06-30T15:12:23.382,24.710,0.723,-0.113,0.799
1751285543392,2025-06-30T15:12:23.392,24.720,0.694,-0.115,0.738
1751285543402,2025-06-30T15:12:23.402,24.730,0.668,-0.117,0.719
1751285543412,2025-06-30T15:12:23.412,24.740,0.659,-0.122,0.677
1751285543422,2025-06-30T15:12:23.422,24.750,0.706,-0.134,0.643
1751285543432,2025-06-30T15:12:23.432,24.760,0.764,-0.143,0.633
1751285543442,2025-06-30T15:12:23.442,24.770,0.813,-0.144,0.600
1751285543452,2025-06-30T15:12:23.452,24.780,0.866,-0.157,0.550
1751285543462,2025-06-30T15:12:23.462,24.790,0.929,-0.174,0.530
1751285543472,2025-06-30T15:12:23.472,24.800,0.978,-0.188,0.523
1751285543482,2025-06-30T15:12:23.482,24.810,1.000,-0.194,0.515
1751285543492,2025-06-30T15:12:23.492,24.820,1.000,-0.195,0.503
1751285543502,2025-06-30T15:12:23.502,24.830,0.973,-0.183,0.490
1751285543512,2025-06-30T15:12:23.512,24.840,0.941,-0.169,0.486
1751285543522,2025-06-30T15:12:23.522,24.850,0.921,-0.167,0.489
1751285543532,2025-06-30T15:12:23.532,24.860,0.895,-0.165,0.500
1751285543542,2025-06-30T15:12:23.542,24.870,0.862,-0.162,0.503
1751285543552,2025-06-30T15:12:23.552,24.880,0.837,-0.167,0.498
1751285543562,2025-06-30T15:12:23.562,24.890,0.831,-0.173,0.493
1751285543572,2025-06-30T15:12:23.572,24.900,0.853,-0.178,0.510
1751285543582,2025-06-30T15:12:23.582,24.910,0.895,-0.178,0.539
1751285543592,2025-06-30T15:12:23.592,24.920,0.936,-0.179,0.564
1751285543602,2025-06-30T15:12:23.602,24.930,0.971,-0.178,0.580
1751285543612,2025-06-30T15:12:23.612,24.940,1.012,-0.182,0.581
1751285543622,2025-06-30T15:12:23.622,24.950,1.017,-0.181,0.619
1751285543632,2025-06-30T15:12:23.632,24.960,0.997,-0.166,0.648
1751285543642,2025-06-30T15:12:23.642,24.970,0.964,-0.157,0.643
1751285543652,2025-06-30T15:12:23.652,24.980,0.885,-0.150,0.663
1751285543662,2025-06-30T15:12:23.662,24.990,0.798,-0.138,0.685
1751285543672,2025-06-30T15:12:23.672,25.000,0.710,-0.135,0.695
1751285543682,2025-06-30T15:12:23.682,25.010,0.597,-0.109,0.742
1751285543692,2025-06-30T15:12:23.692,25.020,0.502,-0.089,0.747
1751285543702,2025-06-30T15:12:23.702,25.030,0.397,-0.074,0.761
1751285543712,2025-06-30T15:12:23.712,25.040,0.297,-0.046,0.812
1751285543722,2025-06-30T15:12:23.722,25.050,0.207,-0.027,0.854
1751285543732,2025-06-30T15:12:23.732,25.060,0.107,-0.027,0.843
1751285543742,2025-06-30T15:12:23.742,25.070,-0.008,-0.033,0.878
1751285543752,2025-06-30T15:12:23.752,25.080,-0.152,-0.022,0.919
1751285543762,2025-06-30T15:12:23.762,25.090,-0.283,-0.011,0.895
1751285543772,2025-06-30T15:12:23.772,25.100,-0.394,0.011,0.896
1751285543782,2025-06-30T15:12:23.782,25.110,-0.472,0.040,0.905
1751285543792,2025-06-30T15:12:23.792,25.120,-0.516,0.059,0.896
1751285543802,2025-06-30T15:12:23.802,25.130,-0.514,0.065,0.903
1751285543812,2025-06-30T15:12:23.812,25.140,-0.462,0.064,0.922
1751285543822,2025-06-30T15:12:23.822,25.150,-0.378,0.056,0.954
1751285543832,2025-06-30T15:12:23.832,25.160,-0.292,0.047,0.979
1751285543842,2025-06-30T15:12:23.842,25.170,-0.250,0.051,1.015
1751285543852,2025-06-30T15:12:23.852,25.180,-0.216,0.045,1.028
1751285543862,2025-06-30T15:12:23.862,25.190,-0.184,0.039,1.024
1751285543872,2025-06-30T15:12:23.872,25.200,-0.164,0.036,1.014
1751285543882,2025-06-30T15:12:23.882,25.210,-0.161,0.037,1.000
1751285543892,2025-06-30T15:12:23.892,25.220,-0.181,0.033,0.994
1751285543902,2025-06-30T15:12:23.902,25.230,-0.210,0.035,0.986
1751285543912,2025-06-30T15:12:23.912,25.240,-0.230,0.039,0.985
1751285543922,2025-06-30T15:12:23.922,25.250,-0.225,0.038,0.989
1751285543932,2025-06-30T15:12:23.932,25.260,-0.212,0.037,0.997
1751285543942,2025-06-30T15:12:23.942,25.270,-0.199,0.033,1.016
1751285543952,2025-06-30T15:12:23.952,25.280,-0.188,0.027,1.022
1751285543962,2025-06-30T15:12:23.962,25.290,-0.194,0.031,1.017
1751285543972,2025-06-30T15:12:23.972,25.300,-0.212,0.034,1.011
1751285543982,2025-06-30T15:12:23.982,25.310,-0.230,0.032,1.003
1751285543992,2025-06-30T15:12:23.992,25.320,-0.241,0.029,0.993
1751285544002,2025-06-30T15:12:24.002,25.330,-0.259,0.030,0.989
1751285544012,2025-06-30T15:12:24.012,25.340,-0.272,0.031,0.981
1751285544022,2025-06-30T15:12:24.022,25.350,-0.276,0.034,0.978
1751285544032,2025-06-30T15:12:24.032,25.360,-0.271,0.037,0.976
1751285544042,2025-06-30T15:12:24.042,25.370,-0.260,0.039,0.985
1751285544052,2025-06-30T15:12:24.052,25.380,-0.259,0.032,0.977
1751285544062,2025-06-30T15:12:24.062,25.390,-0.271,0.034,0.958
1751285544072,2025-06-30T15:12:24.072,25.400,-0.273,0.026,0.937
1751285544082,2025-06-30T15:12:24.082,25.410,-0.247,0.026,0.938
1751285544092,2025-06-30T15:12:24.092,25.420,-0.202,0.018,0.943
1751285544102,2025-06-30T15:12:24.102,25.430,-0.170,0.009,0.941
1751285544112,2025-06-30T15:12:24.112,25.440,-0.119,0.002,0.957
1751285544122,2025-06-30T15:12:24.122,25.450,-0.017,-0.003,0.984
1751285544132,2025-06-30T15:12:24.132,25.460,0.083,-0.013,1.012
1751285544142,2025-06-30T15:12:24.142,25.470,0.171,-0.028,1.030
1751285544152,2025-06-30T15:12:24.152,25.480,0.210,-0.034,1.037
1751285544162,2025-06-30T15:12:24.162,25.490,0.204,-0.032,1.004
1751285544172,2025-06-30T15:12:24.172,25.500,0.184,-0.037,0.960
1751285544182,2025-06-30T15:12:24.182,25.510,0.137,-0.045,0.924
1751285544192,2025-06-30T15:12:24.192,25.520,0.109,-0.044,0.878
1751285544202,2025-06-30T15:12:24.202,25.530,0.168,-0.044,0.840
1751285544212,2025-06-30T15:12:24.212,25.540,0.274,-0.058,0.815
1751285544222,2025-06-30T15:12:24.222,25.550,0.397,-0.069,0.800
1751285544232,2025-06-30T15:12:24.232,25.560,0.474,-0.068,0.804
1751285544242,2025-06-30T15:12:24.242,25.570,0.542,-0.083,0.780
1751285544252,2025-06-30T15:12:24.252,25.580,0.668,-0.118,0.737
1751285544262,2025-06-30T15:12:24.262,25.590,0.789,-0.143,0.709
1751285544272,2025-06-30T15:12:24.272,25.600,0.876,-0.157,0.714
1751285544282,2025-06-30T15:12:24.282,25.610,0.898,-0.157,0.713
1751285544292,2025-06-30T15:12:24.292,25.620,0.861,-0.155,0.662
1751285544302,2025-06-30T15:12:24.302,25.630,0.847,-0.160,0.607
1751285544312,2025-06-30T15:12:24.312,25.640,0.885,-0.168,0.586
1751285544322,2025-06-30T15:12:24.322,25.650,0.913,-0.171,0.571
1751285544332,2025-06-30T15:12:24.332,25.660,0.932,-0.164,0.546
1751285544342,2025-06-30T15:12:24.342,25.670,0.968,-0.164,0.539
1751285544352,2025-06-30T15:12:24.352,25.680,0.978,-0.162,0.547
1751285544362,2025-06-30T15:12:24.362,25.690,0.944,-0.154,0.552
1751285544372,2025-06-30T15:12:24.372,25.700,0.879,-0.150,0.554
1751285544382,2025-06-30T15:12:24.382,25.710,0.831,-0.152,0.543
1751285544392,2025-06-30T15:12:24.392,25.720,0.807,-0.149,0.537
1751285544402,2025-06-30T15:12:24.402,25.730,0.786,-0.144,0.545
1751285544412,2025-06-30T15:12:24.412,25.740,0.799,-0.148,0.552
1751285544422,2025-06-30T15:12:24.422,25.750,0.820,-0.162,0.551
1751285544432,2025-06-30T15:12:24.432,25.760,0.831,-0.167,0.577
1751285544442,2025-06-30T15:12:24.442,25.770,0.869,-0.162,0.603
1751285544452,2025-06-30T15:12:24.452,25.780,0.899,-0.165,0.610
1751285544462,2025-06-30T15:12:24.462,25.790,0.932,-0.170,0.624
1751285544472,2025-06-30T15:12:24.472,25.800,0.951,-0.168,0.648
1751285544482,2025-06-30T15:12:24.482,25.810,0.925,-0.149,0.670
1751285544492,2025-06-30T15:12:24.492,25.820,0.864,-0.134,0.682
1751285544502,2025-06-30T15:12:24.502,25.830,0.787,-0.126,0.696
1751285544512,2025-06-30T15:12:24.512,25.840,0.698,-0.128,0.701
1751285544522,2025-06-30T15:12:24.522,25.850,0.586,-0.117,0.728
1751285544532,2025-06-30T15:12:24.532,25.860,0.495,-0.106,0.738
1751285544542,2025-06-30T15:12:24.542,25.870,0.405,-0.089,0.766
1751285544552,2025-06-30T15:12:24.552,25.880,0.331,-0.071,0.801
1751285544562,2025-06-30T15:12:24.562,25.890,0.263,-0.061,0.814
1751285544572,2025-06-30T15:12:24.572,25.900,0.198,-0.049,0.857
1751285544582,2025-06-30T15:12:24.582,25.910,0.144,-0.049,0.877
1751285544592,2025-06-30T15:12:24.592,25.920,0.087,-0.062,0.894
1751285544602,2025-06-30T15:12:24.602,25.930,0.043,-0.057,0.921
1751285544612,2025-06-30T15:12:24.612,25.940,0.000,-0.065,0.915
1751285544622,2025-06-30T15:12:24.622,25.950,-0.072,-0.050,0.933
1751285544632,2025-06-30T15:12:24.632,25.960,-0.137,-0.034,0.931
1751285544642,2025-06-30T15:12:24.642,25.970,-0.192,-0.017,0.906
1751285544652,2025-06-30T15:12:24.652,25.980,-0.247,0.002,0.894
1751285544662,2025-06-30T15:12:24.662,25.990,-0.291,0.013,0.913
1751285544672,2025-06-30T15:12:24.672,26.000,-0.312,-0.006,0.905
1751285544682,2025-06-30T15:12:24.682,26.010,-0.347,-0.014,0.913
1751285544692,2025-06-30T15:12:24.692,26.020,-0.351,-0.003,0.943
1751285544702,2025-06-30T15:12:24.702,26.030,-0.329,0.008,0.955
1751285544712,2025-06-30T15:12:24.712,26.040,-0.322,0.017,0.958
1751285544722,2025-06-30T15:12:24.722,26.050,-0.328,0.024,0.963
1751285544732,2025-06-30T15:12:24.732,26.060,-0.322,0.030,0.969
1751285544742,2025-06-30T15:12:24.742,26.070,-0.303,0.029,0.970
1751285544752,2025-06-30T15:12:24.752,26.080,-0.287,0.026,0.980
1751285544762,2025-06-30T15:12:24.762,26.090,-0.280,0.028,0.988
1751285544772,2025-06-30T15:12:24.772,26.100,-0.277,0.030,0.993
1751285544782,2025-06-30T15:12:24.782,26.110,-0.263,0.033,1.006
1751285544792,2025-06-30T15:12:24.792,26.120,-0.242,0.033,1.005
1751285544802,2025-06-30T15:12:24.802,26.130,-0.225,0.030,1.018
1751285544812,2025-06-30T15:12:24.812,26.140,-0.229,0.027,1.031
1751285544822,2025-06-30T15:12:24.822,26.150,-0.243,0.026,1.032
1751285544832,2025-06-30T15:12:24.832,26.160,-0.246,0.030,1.035
1751285544842,2025-06-30T15:12:24.842,26.170,-0.234,0.031,1.037
1751285544852,2025-06-30T15:12:24.852,26.180,-0.223,0.030,1.044
1751285544862,2025-06-30T15:12:24.862,26.190,-0.210,0.035,1.046
1751285544872,2025-06-30T15:12:24.872,26.200,-0.200,0.041,1.037
1751285544882,2025-06-30T15:12:24.882,26.210,-0.194,0.047,1.033
1751285544892,2025-06-30T15:12:24.892,26.220,-0.188,0.048,1.030
1751285544902,2025-06-30T15:12:24.902,26.230,-0.173,0.046,1.031
1751285544912,2025-06-30T15:12:24.912,26.240,-0.161,0.047,1.033
1751285544922,2025-06-30T15:12:24.922,26.250,-0.156,0.042,1.033
1751285544932,2025-06-30T15:12:24.932,26.260,-0.161,0.033,1.027
1751285544942,2025-06-30T15:12:24.942,26.270,-0.168,0.034,1.024
1751285544952,2025-06-30T15:12:24.952,26.280,-0.173,0.042,1.016
1751285544962,2025-06-30T15:12:24.962,26.290,-0.178,0.042,1.010
1751285544972,2025-06-30T15:12:24.972,26.300,-0.176,0.036,1.008
1751285544982,2025-06-30T15:12:24.982,26.310,-0.177,0.031,1.000
1751285544992,2025-06-30T15:12:24.992,26.320,-0.189,0.026,0.991
1751285545002,2025-06-30T15:12:25.002,26.330,-0.193,0.026,0.982
1751285545012,2025-06-30T15:12:25.012,26.340,-0.193,0.030,0.985
1751285545022,2025-06-30T15:12:25.022,26.350,-0.191,0.024,0.984
1751285545032,2025-06-30T15:12:25.032,26.360,-0.183,0.013,0.976
1751285545042,2025-06-30T15:12:25.042,26.370,-0.194,0.011,0.964
1751285545052,2025-06-30T15:12:25.052,26.380,-0.256,0.017,0.958
1751285545062,2025-06-30T15:12:25.062,26.390,-0.315,0.037,0.971
1751285545072,2025-06-30T15:12:25.072,26.400,-0.324,0.051,0.960
1751285545082,2025-06-30T15:12:25.082,26.410,-0.291,0.048,0.862
1751285545092,2025-06-30T15:12:25.092,26.420,-0.166,0.029,0.757
1751285545102,2025-06-30T15:12:25.102,26.430,0.112,0.005,0.710
1751285545112,2025-06-30T15:12:25.112,26.440,0.482,-0.052,0.672
1751285545122,2025-06-30T15:12:25.122,26.450,0.821,-0.109,0.713
1751285545132,2025-06-30T15:12:25.132,26.460,1.020,-0.130,0.771
1751285545142,2025-06-30T15:12:25.142,26.470,1.053,-0.147,0.775
1751285545152,2025-06-30T15:12:25.152,26.480,1.000,-0.157,0.750
1751285545162,2025-06-30T15:12:25.162,26.490,0.911,-0.145,0.723
1751285545172,2025-06-30T15:12:25.172,26.500,0.858,-0.138,0.693
1751285545182,2025-06-30T15:12:25.182,26.510,0.874,-0.143,0.676
1751285545192,2025-06-30T15:12:25.192,26.520,0.904,-0.149,0.665
1751285545202,2025-06-30T15:12:25.202,26.530,0.908,-0.152,0.637
1751285545212,2025-06-30T15:12:25.212,26.540,0.914,-0.156,0.599
1751285545222,2025-06-30T15:12:25.222,26.550,0.932,-0.156,0.572
1751285545232,2025-06-30T15:12:25.232,26.560,0.926,-0.162,0.548
1751285545242,2025-06-30T15:12:25.242,26.570,0.896,-0.170,0.524
1751285545252,2025-06-30T15:12:25.252,26.580,0.876,-0.175,0.519
1751285545262,2025-06-30T15:12:25.262,26.590,0.848,-0.174,0.527
1751285545272,2025-06-30T15:12:25.272,26.600,0.800,-0.169,0.542
1751285545282,2025-06-30T15:12:25.282,26.610,0.754,-0.169,0.562
1751285545292,2025-06-30T15:12:25.292,26.620,0.734,-0.172,0.578
1751285545302,2025-06-30T15:12:25.302,26.630,0.747,-0.176,0.594
1751285545312,2025-06-30T15:12:25.312,26.640,0.799,-0.182,0.609
1751285545322,2025-06-30T15:12:25.322,26.650,0.862,-0.189,0.626
1751285545332,2025-06-30T15:12:25.332,26.660,0.922,-0.189,0.653
1751285545342,2025-06-30T15:12:25.342,26.670,0.965,-0.194,0.662
1751285545352,2025-06-30T15:12:25.352,26.680,0.939,-0.188,0.663
1751285545362,2025-06-30T15:12:25.362,26.690,0.852,-0.176,0.644
1751285545372,2025-06-30T15:12:25.372,26.700,0.748,-0.155,0.657
1751285545382,2025-06-30T15:12:25.382,26.710,0.689,-0.136,0.687
1751285545392,2025-06-30T15:12:25.392,26.720,0.596,-0.117,0.733
1751285545402,2025-06-30T15:12:25.402,26.730,0.501,-0.101,0.747
1751285545412,2025-06-30T15:12:25.412,26.740,0.403,-0.088,0.777
1751285545422,2025-06-30T15:12:25.422,26.750,0.314,-0.076,0.792
1751285545432,2025-06-30T15:12:25.432,26.760,0.270,-0.054,0.842
1751285545442,2025-06-30T15:12:25.442,26.770,0.233,-0.053,0.890
1751285545452,2025-06-30T15:12:25.452,26.780,0.171,-0.057,0.866
1751285545462,2025-06-30T15:12:25.462,26.790,0.067,-0.033,0.896
1751285545472,2025-06-30T15:12:25.472,26.800,-0.021,-0.033,0.922
1751285545482,2025-06-30T15:12:25.482,26.810,-0.103,-0.045,0.921
1751285545492,2025-06-30T15:12:25.492,26.820,-0.174,-0.036,0.921
1751285545502,2025-06-30T15:12:25.502,26.830,-0.203,-0.021,0.949
1751285545512,2025-06-30T15:12:25.512,26.840,-0.225,-0.018,0.956
1751285545522,2025-06-30T15:12:25.522,26.850,-0.258,-0.005,0.944
1751285545532,2025-06-30T15:12:25.532,26.860,-0.288,0.004,0.931
1751285545542,2025-06-30T15:12:25.542,26.870,-0.301,0.013,0.922
1751285545552,2025-06-30T15:12:25.552,26.880,-0.282,0.023,0.939
1751285545562,2025-06-30T15:12:25.562,26.890,-0.241,0.023,0.960
1751285545572,2025-06-30T15:12:25.572,26.900,-0.206,0.018,0.990
1751285545582,2025-06-30T15:12:25.582,26.910,-0.192,0.024,1.015
1751285545592,2025-06-30T15:12:25.592,26.920,-0.193,0.031,1.024
1751285545602,2025-06-30T15:12:25.602,26.930,-0.180,0.033,1.038
1751285545612,2025-06-30T15:12:25.612,26.940,-0.157,0.029,1.044
1751285545622,2025-06-30T15:12:25.622,26.950,-0.149,0.029,1.044
1751285545632,2025-06-30T15:12:25.632,26.960,-0.149,0.026,1.043
1751285545642,2025-06-30T15:12:25.642,26.970,-0.149,0.024,1.044
1751285545652,2025-06-30T15:12:25.652,26.980,-0.163,0.027,1.045
1751285545662,2025-06-30T15:12:25.662,26.990,-0.182,0.027,1.037
1751285545672,2025-06-30T15:12:25.672,27.000,-0.199,0.034,1.031
1751285545682,2025-06-30T15:12:25.682,27.010,-0.213,0.040,1.042
1751285545692,2025-06-30T15:12:25.692,27.020,-0.229,0.035,1.042
1751285545702,2025-06-30T15:12:25.702,27.030,-0.240,0.034,1.032
1751285545712,2025-06-30T15:12:25.712,27.040,-0.241,0.035,1.036
1751285545722,2025-06-30T15:12:25.722,27.050,-0.238,0.039,1.042
1751285545732,2025-06-30T15:12:25.732,27.060,-0.236,0.040,1.028
1751285545742,2025-06-30T15:12:25.742,27.070,-0.241,0.035,1.026
1751285545752,2025-06-30T15:12:25.752,27.080,-0.242,0.032,1.022
1751285545762,2025-06-30T15:12:25.762,27.090,-0.257,0.029,1.014
1751285545772,2025-06-30T15:12:25.772,27.100,-0.274,0.032,1.004
1751285545782,2025-06-30T15:12:25.782,27.110,-0.280,0.033,0.987
1751285545792,2025-06-30T15:12:25.792,27.120,-0.275,0.028,0.979
1751285545802,2025-06-30T15:12:25.802,27.130,-0.282,0.024,0.958
1751285545812,2025-06-30T15:12:25.812,27.140,-0.272,0.028,0.949
1751285545822,2025-06-30T15:12:25.822,27.150,-0.230,0.025,0.967
1751285545832,2025-06-30T15:12:25.832,27.160,-0.174,0.016,0.988
1751285545842,2025-06-30T15:12:25.842,27.170,-0.130,0.006,0.979
1751285545852,2025-06-30T15:12:25.852,27.180,-0.125,0.007,0.975
1751285545862,2025-06-30T15:12:25.862,27.190,-0.160,0.016,0.958
1751285545872,2025-06-30T15:12:25.872,27.200,-0.170,0.030,0.955
1751285545882,2025-06-30T15:12:25.882,27.210,-0.103,0.021,0.894
1751285545892,2025-06-30T15:12:25.892,27.220,0.035,0.001,0.824
1751285545902,2025-06-30T15:12:25.902,27.230,0.257,-0.033,0.744
1751285545912,2025-06-30T15:12:25.912,27.240,0.501,-0.075,0.694
1751285545922,2025-06-30T15:12:25.922,27.250,0.750,-0.100,0.700
