epoch (ms),time (03:00),elapsed (s),x-axis (deg/s),y-axis (deg/s),z-axis (deg/s)
1751285518683,2025-06-30T15:11:58.683,0.000,-9.146,-79.939,8.110
1751285518693,2025-06-30T15:11:58.693,0.010,-8.780,-74.024,7.439
1751285518703,2025-06-30T15:11:58.703,0.020,-6.159,-43.415,5.488
1751285518713,2025-06-30T15:11:58.713,0.030,-2.378,1.829,2.500
1751285518723,2025-06-30T15:11:58.723,0.040,1.341,41.951,-0.305
1751285518733,2025-06-30T15:11:58.733,0.050,4.512,67.927,-1.646
1751285518743,2025-06-30T15:11:58.743,0.060,6.463,75.610,-1.768
1751285518753,2025-06-30T15:11:58.753,0.070,6.524,72.195,-2.012
1751285518763,2025-06-30T15:11:58.763,0.080,6.037,71.159,-3.049
1751285518773,2025-06-30T15:11:58.773,0.090,7.317,72.561,-3.232
1751285518783,2025-06-30T15:11:58.783,0.100,7.988,71.646,-1.951
1751285518793,2025-06-30T15:11:58.793,0.110,8.110,76.220,-2.561
1751285518803,2025-06-30T15:11:58.803,0.120,9.878,93.720,-4.268
1751285518813,2025-06-30T15:11:58.813,0.130,12.927,127.012,-5.976
1751285518823,2025-06-30T15:11:58.823,0.140,18.476,177.683,-8.963
1751285518833,2025-06-30T15:11:58.833,0.150,27.256,243.841,-12.744
1751285518843,2025-06-30T15:11:58.843,0.160,38.659,322.317,-16.037
1751285518853,2025-06-30T15:11:58.853,0.170,54.024,410.427,-18.293
1751285518863,2025-06-30T15:11:58.863,0.180,70.244,486.768,-21.098
1751285518873,2025-06-30T15:11:58.873,0.190,81.524,526.768,-22.500
1751285518883,2025-06-30T15:11:58.883,0.200,84.878,539.817,-19.512
1751285518893,2025-06-30T15:11:58.893,0.210,86.829,513.476,-14.878
1751285518903,2025-06-30T15:11:58.903,0.220,81.951,425.854,-12.134
1751285518913,2025-06-30T15:11:58.913,0.230,62.073,301.463,-5.061
1751285518923,2025-06-30T15:11:58.923,0.240,42.378,168.354,3.902
1751285518933,2025-06-30T15:11:58.933,0.250,28.720,54.573,6.463
1751285518943,2025-06-30T15:11:58.943,0.260,16.037,-25.000,5.061
1751285518953,2025-06-30T15:11:58.953,0.270,4.756,-64.817,4.207
1751285518963,2025-06-30T15:11:58.963,0.280,-0.488,-64.085,2.500
1751285518973,2025-06-30T15:11:58.973,0.290,0.000,-32.805,-0.610
1751285518983,2025-06-30T15:11:58.983,0.300,3.598,14.695,-3.415
1751285518993,2025-06-30T15:11:58.993,0.310,9.817,63.232,-5.000
1751285519003,2025-06-30T15:11:59.003,0.320,17.073,100.732,-5.976
1751285519013,2025-06-30T15:11:59.013,0.330,22.683,122.439,-4.390
1751285519023,2025-06-30T15:11:59.023,0.340,25.976,134.329,-1.098
1751285519033,2025-06-30T15:11:59.033,0.350,27.622,144.085,1.585
1751285519043,2025-06-30T15:11:59.043,0.360,28.902,155.122,2.561
1751285519053,2025-06-30T15:11:59.053,0.370,30.061,165.732,1.585
1751285519063,2025-06-30T15:11:59.063,0.380,30.854,171.707,-0.488
1751285519073,2025-06-30T15:11:59.073,0.390,31.220,172.256,-2.866
1751285519083,2025-06-30T15:11:59.083,0.400,30.915,167.805,-4.207
1751285519093,2025-06-30T15:11:59.093,0.410,29.634,154.817,-5.366
1751285519103,2025-06-30T15:11:59.103,0.420,26.402,129.817,-5.854
1751285519113,2025-06-30T15:11:59.113,0.430,21.463,96.280,-4.695
1751285519123,2025-06-30T15:11:59.123,0.440,16.220,61.585,-3.110
1751285519133,2025-06-30T15:11:59.133,0.450,10.549,30.854,-1.829
1751285519143,2025-06-30T15:11:59.143,0.460,5.183,5.976,-0.732
1751285519153,2025-06-30T15:11:59.153,0.470,0.427,-11.585,0.427
1751285519163,2025-06-30T15:11:59.163,0.480,-3.232,-19.756,2.012
1751285519173,2025-06-30T15:11:59.173,0.490,-4.756,-19.207,3.171
1751285519183,2025-06-30T15:11:59.183,0.500,-4.695,-13.293,3.232
1751285519193,2025-06-30T15:11:59.193,0.510,-4.085,-6.463,2.988
1751285519203,2025-06-30T15:11:59.203,0.520,-3.537,-1.280,3.110
1751285519213,2025-06-30T15:11:59.213,0.530,-3.537,-0.061,2.988
1751285519223,2025-06-30T15:11:59.223,0.540,-3.841,-1.890,2.622
1751285519233,2025-06-30T15:11:59.233,0.550,-4.268,-4.756,1.951
1751285519243,2025-06-30T15:11:59.243,0.560,-4.329,-7.805,1.220
1751285519253,2025-06-30T15:11:59.253,0.570,-4.512,-11.524,0.915
1751285519263,2025-06-30T15:11:59.263,0.580,-4.817,-15.610,0.854
1751285519273,2025-06-30T15:11:59.273,0.590,-4.695,-19.695,1.159
1751285519283,2025-06-30T15:11:59.283,0.600,-5.061,-24.634,1.829
1751285519293,2025-06-30T15:11:59.293,0.610,-6.159,-30.854,2.622
1751285519303,2025-06-30T15:11:59.303,0.620,-7.256,-36.890,3.537
1751285519313,2025-06-30T15:11:59.313,0.630,-8.476,-44.207,4.146
1751285519323,2025-06-30T15:11:59.323,0.640,-10.183,-54.207,5.122
1751285519333,2025-06-30T15:11:59.333,0.650,-12.012,-64.756,6.159
1751285519343,2025-06-30T15:11:59.343,0.660,-13.780,-75.793,6.768
1751285519353,2025-06-30T15:11:59.353,0.670,-16.159,-87.378,6.951
1751285519363,2025-06-30T15:11:59.363,0.680,-18.171,-98.841,7.439
1751285519373,2025-06-30T15:11:59.373,0.690,-20.183,-110.854,7.683
1751285519383,2025-06-30T15:11:59.383,0.700,-22.317,-124.939,7.256
1751285519393,2025-06-30T15:11:59.393,0.710,-24.390,-140.061,6.707
1751285519403,2025-06-30T15:11:59.403,0.720,-27.012,-155.671,6.585
1751285519413,2025-06-30T15:11:59.413,0.730,-29.512,-168.841,6.951
1751285519423,2025-06-30T15:11:59.423,0.740,-30.854,-179.451,7.561
1751285519433,2025-06-30T15:11:59.433,0.750,-32.500,-189.573,7.622
1751285519443,2025-06-30T15:11:59.443,0.760,-35.305,-204.146,7.805
1751285519453,2025-06-30T15:11:59.453,0.770,-39.085,-225.366,8.902
1751285519463,2025-06-30T15:11:59.463,0.780,-42.622,-254.268,10.671
1751285519473,2025-06-30T15:11:59.473,0.790,-48.232,-290.183,12.256
1751285519483,2025-06-30T15:11:59.483,0.800,-54.878,-327.256,14.207
1751285519493,2025-06-30T15:11:59.493,0.810,-59.451,-351.829,16.890
1751285519503,2025-06-30T15:11:59.503,0.820,-60.854,-356.646,18.232
1751285519513,2025-06-30T15:11:59.513,0.830,-59.390,-339.146,18.049
1751285519523,2025-06-30T15:11:59.523,0.840,-55.183,-302.500,18.049
1751285519533,2025-06-30T15:11:59.533,0.850,-49.146,-257.073,17.317
1751285519543,2025-06-30T15:11:59.543,0.860,-43.110,-215.183,15.976
1751285519553,2025-06-30T15:11:59.553,0.870,-37.805,-179.268,14.390
1751285519563,2025-06-30T15:11:59.563,0.880,-32.134,-148.537,11.951
1751285519573,2025-06-30T15:11:59.573,0.890,-27.500,-118.780,9.085
1751285519583,2025-06-30T15:11:59.583,0.900,-23.780,-88.902,6.280
1751285519593,2025-06-30T15:11:59.593,0.910,-20.366,-58.476,3.415
1751285519603,2025-06-30T15:11:59.603,0.920,-17.134,-29.695,0.610
1751285519613,2025-06-30T15:11:59.613,0.930,-13.720,-1.098,-2.134
1751285519623,2025-06-30T15:11:59.623,0.940,-9.878,28.232,-4.573
1751285519633,2025-06-30T15:11:59.633,0.950,-5.427,56.646,-5.305
1751285519643,2025-06-30T15:11:59.643,0.960,-1.037,79.207,-5.244
1751285519653,2025-06-30T15:11:59.653,0.970,2.134,98.171,-5.671
1751285519663,2025-06-30T15:11:59.663,0.980,5.549,123.659,-6.890
1751285519673,2025-06-30T15:11:59.673,0.990,11.098,161.890,-8.354
1751285519683,2025-06-30T15:11:59.683,1.000,18.902,213.720,-9.878
1751285519693,2025-06-30T15:11:59.693,1.010,29.451,275.732,-12.073
1751285519703,2025-06-30T15:11:59.703,1.020,41.829,339.268,-14.390
1751285519713,2025-06-30T15:11:59.713,1.030,53.476,401.585,-16.220
1751285519723,2025-06-30T15:11:59.723,1.040,64.939,456.585,-18.232
1751285519733,2025-06-30T15:11:59.733,1.050,74.390,500.000,-19.024
1751285519743,2025-06-30T15:11:59.743,1.060,79.939,519.329,-17.988
1751285519753,2025-06-30T15:11:59.753,1.070,80.000,505.122,-16.341
1751285519763,2025-06-30T15:11:59.763,1.080,74.756,458.659,-12.988
1751285519773,2025-06-30T15:11:59.773,1.090,67.988,387.317,-7.988
1751285519783,2025-06-30T15:11:59.783,1.100,58.598,301.220,-4.085
1751285519793,2025-06-30T15:11:59.793,1.110,45.549,212.561,-1.890
1751285519803,2025-06-30T15:11:59.803,1.120,32.439,133.780,-0.366
1751285519813,2025-06-30T15:11:59.813,1.130,21.646,74.756,-0.244
1751285519823,2025-06-30T15:11:59.823,1.140,12.500,36.707,-1.951
1751285519833,2025-06-30T15:11:59.833,1.150,5.549,16.159,-3.780
1751285519843,2025-06-30T15:11:59.843,1.160,2.134,9.207,-5.000
1751285519853,2025-06-30T15:11:59.853,1.170,1.037,11.829,-5.000
1751285519863,2025-06-30T15:11:59.863,1.180,0.976,16.280,-3.476
1751285519873,2025-06-30T15:11:59.873,1.190,0.366,15.732,-0.732
1751285519883,2025-06-30T15:11:59.883,1.200,-1.220,9.512,2.866
1751285519893,2025-06-30T15:11:59.893,1.210,-3.354,1.707,5.854
1751285519903,2025-06-30T15:11:59.903,1.220,-5.366,-3.293,7.317
1751285519913,2025-06-30T15:11:59.913,1.230,-6.341,-5.488,7.927
1751285519923,2025-06-30T15:11:59.923,1.240,-6.463,-5.854,7.500
1751285519933,2025-06-30T15:11:59.933,1.250,-6.220,-5.427,6.890
1751285519943,2025-06-30T15:11:59.943,1.260,-5.366,-4.695,6.707
1751285519953,2025-06-30T15:11:59.953,1.270,-4.268,-4.207,6.402
1751285519963,2025-06-30T15:11:59.963,1.280,-2.927,-3.841,5.671
1751285519973,2025-06-30T15:11:59.973,1.290,-1.585,-2.622,4.634
1751285519983,2025-06-30T15:11:59.983,1.300,-0.244,-1.098,3.659
1751285519993,2025-06-30T15:11:59.993,1.310,0.610,0.366,2.927
1751285520003,2025-06-30T15:12:00.003,1.320,1.037,2.378,2.256
1751285520013,2025-06-30T15:12:00.013,1.330,0.976,4.390,1.585
1751285520023,2025-06-30T15:12:00.023,1.340,0.976,5.122,0.854
1751285520033,2025-06-30T15:12:00.033,1.350,0.915,4.817,0.122
1751285520043,2025-06-30T15:12:00.043,1.360,0.671,3.293,-0.427
1751285520053,2025-06-30T15:12:00.053,1.370,0.305,0.915,-0.854
1751285520063,2025-06-30T15:12:00.063,1.380,-0.366,-1.280,-1.341
1751285520073,2025-06-30T15:12:00.073,1.390,-1.159,-3.537,-1.890
1751285520083,2025-06-30T15:12:00.083,1.400,-1.707,-5.244,-2.317
1751285520093,2025-06-30T15:12:00.093,1.410,-2.073,-8.232,-2.378
1751285520103,2025-06-30T15:12:00.103,1.420,-2.866,-13.902,-2.317
1751285520113,2025-06-30T15:12:00.113,1.430,-3.720,-22.683,-2.012
1751285520123,2025-06-30T15:12:00.123,1.440,-5.061,-35.610,-1.280
1751285520133,2025-06-30T15:12:00.133,1.450,-7.317,-52.134,-0.732
1751285520143,2025-06-30T15:12:00.143,1.460,-10.061,-68.537,-0.549
1751285520153,2025-06-30T15:12:00.153,1.470,-12.012,-83.171,-0.732
1751285520163,2025-06-30T15:12:00.163,1.480,-14.207,-99.329,-1.220
1751285520173,2025-06-30T15:12:00.173,1.490,-16.341,-118.598,-0.976
1751285520183,2025-06-30T15:12:00.183,1.500,-18.049,-138.537,-0.610
1751285520193,2025-06-30T15:12:00.193,1.510,-19.573,-156.951,-0.122
1751285520203,2025-06-30T15:12:00.203,1.520,-22.195,-174.878,-0.061
1751285520213,2025-06-30T15:12:00.213,1.530,-25.000,-192.622,-0.549
1751285520223,2025-06-30T15:12:00.223,1.540,-27.378,-212.378,-1.585
1751285520233,2025-06-30T15:12:00.233,1.550,-30.976,-239.634,-2.439
1751285520243,2025-06-30T15:12:00.243,1.560,-38.171,-273.963,-2.744
1751285520253,2025-06-30T15:12:00.253,1.570,-44.817,-315.915,-2.927
1751285520263,2025-06-30T15:12:00.263,1.580,-52.866,-363.293,-3.110
1751285520273,2025-06-30T15:12:00.273,1.590,-60.183,-400.061,-2.622
1751285520283,2025-06-30T15:12:00.283,1.600,-65.305,-417.317,-3.902
1751285520293,2025-06-30T15:12:00.293,1.610,-65.976,-406.951,-4.939
1751285520303,2025-06-30T15:12:00.303,1.620,-63.841,-378.476,-4.817
1751285520313,2025-06-30T15:12:00.313,1.630,-59.329,-341.829,-3.659
1751285520323,2025-06-30T15:12:00.323,1.640,-54.024,-307.927,-2.073
1751285520333,2025-06-30T15:12:00.333,1.650,-48.232,-276.829,0.122
1751285520343,2025-06-30T15:12:00.343,1.660,-42.378,-244.817,1.768
1751285520353,2025-06-30T15:12:00.353,1.670,-36.829,-207.622,3.598
1751285520363,2025-06-30T15:12:00.363,1.680,-31.707,-162.805,4.512
1751285520373,2025-06-30T15:12:00.373,1.690,-26.829,-116.646,3.537
1751285520383,2025-06-30T15:12:00.383,1.700,-21.768,-78.049,2.256
1751285520393,2025-06-30T15:12:00.393,1.710,-16.890,-46.951,1.341
1751285520403,2025-06-30T15:12:00.403,1.720,-12.683,-16.646,0.427
1751285520413,2025-06-30T15:12:00.413,1.730,-8.171,15.793,0.244
1751285520423,2025-06-30T15:12:00.423,1.740,-3.293,44.939,1.159
1751285520433,2025-06-30T15:12:00.433,1.750,0.366,62.378,2.317
1751285520443,2025-06-30T15:12:00.443,1.760,2.317,65.549,3.293
1751285520453,2025-06-30T15:12:00.453,1.770,2.927,63.537,3.659
1751285520463,2025-06-30T15:12:00.463,1.780,3.110,67.744,3.293
1751285520473,2025-06-30T15:12:00.473,1.790,4.817,85.122,2.744
1751285520483,2025-06-30T15:12:00.483,1.800,8.476,119.085,1.220
1751285520493,2025-06-30T15:12:00.493,1.810,14.634,169.756,-0.671
1751285520503,2025-06-30T15:12:00.503,1.820,23.476,231.951,-1.829
1751285520513,2025-06-30T15:12:00.513,1.830,34.756,305.000,-2.256
1751285520523,2025-06-30T15:12:00.523,1.840,48.598,382.134,-4.390
1751285520533,2025-06-30T15:12:00.533,1.850,61.341,437.134,-7.012
1751285520543,2025-06-30T15:12:00.543,1.860,66.707,454.329,-6.159
1751285520553,2025-06-30T15:12:00.553,1.870,64.573,434.268,-1.463
1751285520563,2025-06-30T15:12:00.563,1.880,60.427,389.512,3.598
1751285520573,2025-06-30T15:12:00.573,1.890,56.037,335.610,7.439
1751285520583,2025-06-30T15:12:00.583,1.900,49.634,282.622,10.061
1751285520593,2025-06-30T15:12:00.593,1.910,42.805,235.366,12.012
1751285520603,2025-06-30T15:12:00.603,1.920,36.768,192.988,13.415
1751285520613,2025-06-30T15:12:00.613,1.930,31.341,159.817,13.598
1751285520623,2025-06-30T15:12:00.623,1.940,27.256,131.463,12.439
1751285520633,2025-06-30T15:12:00.633,1.950,22.134,103.902,8.659
1751285520643,2025-06-30T15:12:00.643,1.960,17.134,75.305,4.939
1751285520653,2025-06-30T15:12:00.653,1.970,13.110,47.195,2.744
1751285520663,2025-06-30T15:12:00.663,1.980,9.817,23.110,1.098
1751285520673,2025-06-30T15:12:00.673,1.990,6.707,6.707,0.793
1751285520683,2025-06-30T15:12:00.683,2.000,5.671,2.805,1.463
1751285520693,2025-06-30T15:12:00.693,2.010,6.951,9.451,1.402
1751285520703,2025-06-30T15:12:00.703,2.020,8.415,18.659,0.732
1751285520713,2025-06-30T15:12:00.713,2.030,9.451,22.805,0.122
1751285520723,2025-06-30T15:12:00.723,2.040,9.573,19.512,-0.061
1751285520733,2025-06-30T15:12:00.733,2.050,9.024,11.463,0.366
1751285520743,2025-06-30T15:12:00.743,2.060,7.927,1.951,0.305
1751285520753,2025-06-30T15:12:00.753,2.070,6.768,-5.976,0.000
1751285520763,2025-06-30T15:12:00.763,2.080,5.610,-9.146,-0.061
1751285520773,2025-06-30T15:12:00.773,2.090,5.122,-7.439,-0.183
1751285520783,2025-06-30T15:12:00.783,2.100,5.061,-3.476,-0.488
1751285520793,2025-06-30T15:12:00.793,2.110,4.817,0.427,-0.610
1751285520803,2025-06-30T15:12:00.803,2.120,4.390,3.476,-0.183
1751285520813,2025-06-30T15:12:00.813,2.130,4.024,6.098,0.305
1751285520823,2025-06-30T15:12:00.823,2.140,3.902,8.415,1.159
1751285520833,2025-06-30T15:12:00.833,2.150,3.720,10.183,1.890
1751285520843,2025-06-30T15:12:00.843,2.160,3.476,10.671,2.317
1751285520853,2025-06-30T15:12:00.853,2.170,2.744,9.085,2.439
1751285520863,2025-06-30T15:12:00.863,2.180,1.768,5.549,2.317
1751285520873,2025-06-30T15:12:00.873,2.190,0.854,2.378,2.134
1751285520883,2025-06-30T15:12:00.883,2.200,0.183,1.159,1.646
1751285520893,2025-06-30T15:12:00.893,2.210,-0.183,2.500,0.976
1751285520903,2025-06-30T15:12:00.903,2.220,-0.061,6.646,0.488
1751285520913,2025-06-30T15:12:00.913,2.230,0.183,11.707,0.061
1751285520923,2025-06-30T15:12:00.923,2.240,0.793,16.707,-0.366
1751285520933,2025-06-30T15:12:00.933,2.250,1.646,20.122,-0.366
1751285520943,2025-06-30T15:12:00.943,2.260,1.707,21.037,0.061
1751285520953,2025-06-30T15:12:00.953,2.270,1.829,20.061,0.488
1751285520963,2025-06-30T15:12:00.963,2.280,1.890,17.683,0.549
1751285520973,2025-06-30T15:12:00.973,2.290,2.134,13.963,0.549
1751285520983,2025-06-30T15:12:00.983,2.300,2.012,8.537,0.061
1751285520993,2025-06-30T15:12:00.993,2.310,1.159,0.366,-1.220
1751285521003,2025-06-30T15:12:01.003,2.320,0.244,-12.683,-2.744
1751285521013,2025-06-30T15:12:01.013,2.330,-1.341,-31.890,-4.756
1751285521023,2025-06-30T15:12:01.023,2.340,-4.024,-57.012,-7.988
1751285521033,2025-06-30T15:12:01.033,2.350,-7.866,-88.049,-11.159
1751285521043,2025-06-30T15:12:01.043,2.360,-11.768,-122.256,-13.659
1751285521053,2025-06-30T15:12:01.053,2.370,-15.732,-158.476,-16.585
1751285521063,2025-06-30T15:12:01.063,2.380,-19.085,-197.561,-20.427
1751285521073,2025-06-30T15:12:01.073,2.390,-23.537,-243.841,-23.476
1751285521083,2025-06-30T15:12:01.083,2.400,-33.354,-296.707,-24.695
1751285521093,2025-06-30T15:12:01.093,2.410,-45.122,-351.341,-22.561
1751285521103,2025-06-30T15:12:01.103,2.420,-56.098,-398.354,-16.463
1751285521113,2025-06-30T15:12:01.113,2.430,-64.878,-430.427,-8.110
1751285521123,2025-06-30T15:12:01.123,2.440,-70.549,-442.256,-1.341
1751285521133,2025-06-30T15:12:01.133,2.450,-69.512,-430.183,2.866
1751285521143,2025-06-30T15:12:01.143,2.460,-63.659,-404.512,6.341
1751285521153,2025-06-30T15:12:01.153,2.470,-57.012,-370.854,9.695
1751285521163,2025-06-30T15:12:01.163,2.480,-50.366,-333.354,10.244
1751285521173,2025-06-30T15:12:01.173,2.490,-43.659,-296.463,8.902
1751285521183,2025-06-30T15:12:01.183,2.500,-36.037,-256.524,8.537
1751285521193,2025-06-30T15:12:01.193,2.510,-27.744,-211.341,7.317
1751285521203,2025-06-30T15:12:01.203,2.520,-20.610,-164.512,6.341
1751285521213,2025-06-30T15:12:01.213,2.530,-15.122,-120.427,6.159
1751285521223,2025-06-30T15:12:01.223,2.540,-9.390,-81.037,4.634
1751285521233,2025-06-30T15:12:01.233,2.550,-3.963,-45.732,3.598
1751285521243,2025-06-30T15:12:01.243,2.560,0.976,-11.220,2.622
1751285521253,2025-06-30T15:12:01.253,2.570,5.000,22.439,1.524
1751285521263,2025-06-30T15:12:01.263,2.580,8.598,50.732,1.829
1751285521273,2025-06-30T15:12:01.273,2.590,11.524,67.317,3.415
1751285521283,2025-06-30T15:12:01.283,2.600,13.110,73.110,4.573
1751285521293,2025-06-30T15:12:01.293,2.610,13.476,77.866,4.512
1751285521303,2025-06-30T15:12:01.303,2.620,14.817,92.195,4.207
1751285521313,2025-06-30T15:12:01.313,2.630,18.537,123.902,3.659
1751285521323,2025-06-30T15:12:01.323,2.640,24.390,174.756,3.110
1751285521333,2025-06-30T15:12:01.333,2.650,33.293,243.963,3.598
1751285521343,2025-06-30T15:12:01.343,2.660,46.829,330.610,3.841
1751285521353,2025-06-30T15:12:01.353,2.670,63.354,423.598,3.171
1751285521363,2025-06-30T15:12:01.363,2.680,79.085,515.122,2.744
1751285521373,2025-06-30T15:12:01.373,2.690,93.293,597.012,3.902
1751285521383,2025-06-30T15:12:01.383,2.700,104.573,655.427,6.463
1751285521393,2025-06-30T15:12:01.393,2.710,109.817,682.378,9.451
1751285521403,2025-06-30T15:12:01.403,2.720,109.146,677.805,12.378
1751285521413,2025-06-30T15:12:01.413,2.730,105.610,637.622,15.549
1751285521423,2025-06-30T15:12:01.423,2.740,97.500,558.841,16.524
1751285521433,2025-06-30T15:12:01.433,2.750,82.561,448.110,15.183
1751285521443,2025-06-30T15:12:01.443,2.760,62.805,320.610,10.305
1751285521453,2025-06-30T15:12:01.453,2.770,41.524,194.329,4.268
1751285521463,2025-06-30T15:12:01.463,2.780,24.329,79.634,0.183
1751285521473,2025-06-30T15:12:01.473,2.790,10.732,-12.195,-3.963
1751285521483,2025-06-30T15:12:01.483,2.800,0.610,-75.610,-6.098
1751285521493,2025-06-30T15:12:01.493,2.810,-4.817,-108.354,-4.451
1751285521503,2025-06-30T15:12:01.503,2.820,-5.671,-112.561,-1.890
1751285521513,2025-06-30T15:12:01.513,2.830,-4.329,-95.366,0.976
1751285521523,2025-06-30T15:12:01.523,2.840,-1.829,-65.000,4.085
1751285521533,2025-06-30T15:12:01.533,2.850,1.646,-28.354,6.707
1751285521543,2025-06-30T15:12:01.543,2.860,5.793,6.951,7.866
1751285521553,2025-06-30T15:12:01.553,2.870,8.963,34.207,7.622
1751285521563,2025-06-30T15:12:01.563,2.880,10.793,49.756,6.646
1751285521573,2025-06-30T15:12:01.573,2.890,11.585,52.012,5.244
1751285521583,2025-06-30T15:12:01.583,2.900,11.098,42.500,3.415
1751285521593,2025-06-30T15:12:01.593,2.910,8.841,24.878,1.098
1751285521603,2025-06-30T15:12:01.603,2.920,6.707,5.122,-1.037
1751285521613,2025-06-30T15:12:01.613,2.930,4.573,-11.037,-2.256
1751285521623,2025-06-30T15:12:01.623,2.940,2.561,-20.976,-2.683
1751285521633,2025-06-30T15:12:01.633,2.950,1.280,-23.598,-2.805
1751285521643,2025-06-30T15:12:01.643,2.960,0.915,-20.061,-2.134
1751285521653,2025-06-30T15:12:01.653,2.970,0.427,-12.622,-1.951
1751285521663,2025-06-30T15:12:01.663,2.980,0.000,-4.146,-1.463
1751285521673,2025-06-30T15:12:01.673,2.990,-0.488,2.866,-0.732
1751285521683,2025-06-30T15:12:01.683,3.000,-1.098,7.073,-0.671
1751285521693,2025-06-30T15:12:01.693,3.010,-2.073,7.988,-1.159
1751285521703,2025-06-30T15:12:01.703,3.020,-3.171,5.366,-1.707
1751285521713,2025-06-30T15:12:01.713,3.030,-4.207,0.732,-2.378
1751285521723,2025-06-30T15:12:01.723,3.040,-4.939,-4.512,-3.293
1751285521733,2025-06-30T15:12:01.733,3.050,-5.427,-9.878,-4.085
1751285521743,2025-06-30T15:12:01.743,3.060,-6.098,-17.500,-4.756
1751285521753,2025-06-30T15:12:01.753,3.070,-7.378,-25.610,-4.939
1751285521763,2025-06-30T15:12:01.763,3.080,-8.110,-31.463,-4.512
1751285521773,2025-06-30T15:12:01.773,3.090,-8.537,-33.841,-4.207
1751285521783,2025-06-30T15:12:01.783,3.100,-8.354,-31.585,-3.841
1751285521793,2025-06-30T15:12:01.793,3.110,-7.439,-26.220,-3.415
1751285521803,2025-06-30T15:12:01.803,3.120,-5.854,-24.756,-3.720
1751285521813,2025-06-30T15:12:01.813,3.130,-5.793,-33.415,-4.024
1751285521823,2025-06-30T15:12:01.823,3.140,-7.866,-54.146,-3.902
1751285521833,2025-06-30T15:12:01.833,3.150,-12.195,-83.659,-3.902
1751285521843,2025-06-30T15:12:01.843,3.160,-17.683,-117.805,-4.268
1751285521853,2025-06-30T15:12:01.853,3.170,-22.927,-153.841,-4.756
1751285521863,2025-06-30T15:12:01.863,3.180,-27.927,-187.439,-5.122
1751285521873,2025-06-30T15:12:01.873,3.190,-32.134,-215.610,-5.366
1751285521883,2025-06-30T15:12:01.883,3.200,-34.939,-235.061,-5.061
1751285521893,2025-06-30T15:12:01.893,3.210,-37.073,-248.232,-5.427
1751285521903,2025-06-30T15:12:01.903,3.220,-39.268,-257.683,-6.829
1751285521913,2025-06-30T15:12:01.913,3.230,-40.976,-271.037,-8.415
1751285521923,2025-06-30T15:12:01.923,3.240,-45.000,-297.683,-10.427
1751285521933,2025-06-30T15:12:01.933,3.250,-52.195,-345.732,-11.341
1751285521943,2025-06-30T15:12:01.943,3.260,-62.866,-406.585,-10.244
1751285521953,2025-06-30T15:12:01.953,3.270,-71.768,-462.439,-9.268
1751285521963,2025-06-30T15:12:01.963,3.280,-79.146,-494.329,-10.244
1751285521973,2025-06-30T15:12:01.973,3.290,-81.951,-488.354,-11.890
1751285521983,2025-06-30T15:12:01.983,3.300,-79.695,-451.341,-12.805
1751285521993,2025-06-30T15:12:01.993,3.310,-74.024,-392.744,-13.293
1751285522003,2025-06-30T15:12:02.003,3.320,-65.854,-324.756,-13.841
1751285522013,2025-06-30T15:12:02.013,3.330,-56.707,-257.927,-13.902
1751285522023,2025-06-30T15:12:02.023,3.340,-47.744,-199.634,-12.256
1751285522033,2025-06-30T15:12:02.033,3.350,-40.061,-150.305,-10.305
1751285522043,2025-06-30T15:12:02.043,3.360,-33.415,-105.793,-10.122
1751285522053,2025-06-30T15:12:02.053,3.370,-26.707,-65.305,-10.183
1751285522063,2025-06-30T15:12:02.063,3.380,-20.854,-32.378,-10.122
1751285522073,2025-06-30T15:12:02.073,3.390,-16.220,-8.598,-9.451
1751285522083,2025-06-30T15:12:02.083,3.400,-11.768,10.488,-8.049
1751285522093,2025-06-30T15:12:02.093,3.410,-7.195,27.439,-6.037
1751285522103,2025-06-30T15:12:02.103,3.420,-3.110,42.317,-4.268
1751285522113,2025-06-30T15:12:02.113,3.430,0.366,52.195,-2.622
1751285522123,2025-06-30T15:12:02.123,3.440,3.415,58.232,-0.732
1751285522133,2025-06-30T15:12:02.133,3.450,5.793,65.732,0.488
1751285522143,2025-06-30T15:12:02.143,3.460,8.354,81.768,1.646
1751285522153,2025-06-30T15:12:02.153,3.470,12.805,111.951,2.805
1751285522163,2025-06-30T15:12:02.163,3.480,19.390,156.890,3.598
1751285522173,2025-06-30T15:12:02.173,3.490,28.720,214.329,3.720
1751285522183,2025-06-30T15:12:02.183,3.500,40.122,280.427,3.598
1751285522193,2025-06-30T15:12:02.193,3.510,52.683,351.402,3.232
1751285522203,2025-06-30T15:12:02.203,3.520,65.488,422.256,2.805
1751285522213,2025-06-30T15:12:02.213,3.530,77.073,483.902,2.683
1751285522223,2025-06-30T15:12:02.223,3.540,85.122,527.500,3.659
1751285522233,2025-06-30T15:12:02.233,3.550,89.756,551.220,6.037
1751285522243,2025-06-30T15:12:02.243,3.560,91.768,555.915,9.329
1751285522253,2025-06-30T15:12:02.253,3.570,90.366,539.207,10.976
1751285522263,2025-06-30T15:12:02.263,3.580,84.573,501.220,10.854
1751285522273,2025-06-30T15:12:02.273,3.590,76.402,442.866,10.305
1751285522283,2025-06-30T15:12:02.283,3.600,64.573,364.939,7.012
1751285522293,2025-06-30T15:12:02.293,3.610,49.695,274.329,2.866
1751285522303,2025-06-30T15:12:02.303,3.620,35.793,181.098,1.463
1751285522313,2025-06-30T15:12:02.313,3.630,24.329,95.488,0.610
1751285522323,2025-06-30T15:12:02.323,3.640,14.878,22.256,-0.122
1751285522333,2025-06-30T15:12:02.333,3.650,5.793,-35.061,0.976
1751285522343,2025-06-30T15:12:02.343,3.660,-0.976,-68.476,2.622
1751285522353,2025-06-30T15:12:02.353,3.670,-4.207,-77.073,4.390
1751285522363,2025-06-30T15:12:02.363,3.680,-4.939,-67.073,6.402
1751285522373,2025-06-30T15:12:02.373,3.690,-3.476,-45.610,8.720
1751285522383,2025-06-30T15:12:02.383,3.700,-0.305,-18.720,10.610
1751285522393,2025-06-30T15:12:02.393,3.710,3.232,7.012,11.280
1751285522403,2025-06-30T15:12:02.403,3.720,6.159,25.854,11.098
1751285522413,2025-06-30T15:12:02.413,3.730,7.378,34.939,10.122
1751285522423,2025-06-30T15:12:02.423,3.740,7.500,34.451,8.415
1751285522433,2025-06-30T15:12:02.433,3.750,6.890,27.317,6.463
1751285522443,2025-06-30T15:12:02.443,3.760,5.732,17.012,4.268
1751285522453,2025-06-30T15:12:02.453,3.770,4.573,6.341,2.256
1751285522463,2025-06-30T15:12:02.463,3.780,3.780,-2.378,0.610
1751285522473,2025-06-30T15:12:02.473,3.790,3.293,-6.585,-0.549
1751285522483,2025-06-30T15:12:02.483,3.800,3.232,-4.939,-0.976
1751285522493,2025-06-30T15:12:02.493,3.810,3.354,0.244,-1.098
1751285522503,2025-06-30T15:12:02.503,3.820,3.415,5.915,-0.915
1751285522513,2025-06-30T15:12:02.513,3.830,3.232,10.122,-0.488
1751285522523,2025-06-30T15:12:02.523,3.840,2.317,11.280,-0.305
1751285522533,2025-06-30T15:12:02.533,3.850,0.976,10.061,0.122
1751285522543,2025-06-30T15:12:02.543,3.860,-0.427,7.622,0.305
1751285522553,2025-06-30T15:12:02.553,3.870,-1.402,4.451,0.183
1751285522563,2025-06-30T15:12:02.563,3.880,-2.683,0.549,-0.061
1751285522573,2025-06-30T15:12:02.573,3.890,-3.598,-2.744,0.000
1751285522583,2025-06-30T15:12:02.583,3.900,-3.720,-4.085,0.244
1751285522593,2025-06-30T15:12:02.593,3.910,-3.720,-4.024,0.122
1751285522603,2025-06-30T15:12:02.603,3.920,-3.232,-2.256,0.366
1751285522613,2025-06-30T15:12:02.613,3.930,-2.622,-0.183,0.732
1751285522623,2025-06-30T15:12:02.623,3.940,-2.439,1.646,1.159
1751285522633,2025-06-30T15:12:02.633,3.950,-2.195,2.866,1.524
1751285522643,2025-06-30T15:12:02.643,3.960,-2.378,1.098,1.646
1751285522653,2025-06-30T15:12:02.653,3.970,-3.232,-4.756,1.951
1751285522663,2025-06-30T15:12:02.663,3.980,-4.085,-14.207,2.500
1751285522673,2025-06-30T15:12:02.673,3.990,-5.183,-28.110,2.683
1751285522683,2025-06-30T15:12:02.683,4.000,-7.134,-47.866,2.744
1751285522693,2025-06-30T15:12:02.693,4.010,-10.305,-71.707,2.988
1751285522703,2025-06-30T15:12:02.703,4.020,-13.476,-97.988,3.293
1751285522713,2025-06-30T15:12:02.713,4.030,-17.134,-127.744,3.537
1751285522723,2025-06-30T15:12:02.723,4.040,-22.073,-161.646,4.207
1751285522733,2025-06-30T15:12:02.733,4.050,-27.317,-197.500,5.061
1751285522743,2025-06-30T15:12:02.743,4.060,-32.683,-237.256,5.610
1751285522753,2025-06-30T15:12:02.753,4.070,-40.549,-284.695,5.915
1751285522763,2025-06-30T15:12:02.763,4.080,-50.427,-340.976,6.890
1751285522773,2025-06-30T15:12:02.773,4.090,-60.305,-401.707,8.841
1751285522783,2025-06-30T15:12:02.783,4.100,-69.085,-458.049,11.524
1751285522793,2025-06-30T15:12:02.793,4.110,-75.915,-499.268,14.695
1751285522803,2025-06-30T15:12:02.803,4.120,-80.122,-517.622,17.317
1751285522813,2025-06-30T15:12:02.813,4.130,-80.122,-507.683,17.927
1751285522823,2025-06-30T15:12:02.823,4.140,-76.524,-474.817,16.768
1751285522833,2025-06-30T15:12:02.833,4.150,-69.817,-426.768,15.793
1751285522843,2025-06-30T15:12:02.843,4.160,-62.439,-374.878,14.451
1751285522853,2025-06-30T15:12:02.853,4.170,-55.854,-328.415,10.854
1751285522863,2025-06-30T15:12:02.863,4.180,-49.573,-292.195,7.683
1751285522873,2025-06-30T15:12:02.873,4.190,-44.695,-268.354,5.000
1751285522883,2025-06-30T15:12:02.883,4.200,-42.500,-250.671,3.598
1751285522893,2025-06-30T15:12:02.893,4.210,-41.098,-233.780,1.646
1751285522903,2025-06-30T15:12:02.903,4.220,-39.451,-214.634,-2.134
1751285522913,2025-06-30T15:12:02.913,4.230,-37.378,-192.805,-6.098
1751285522923,2025-06-30T15:12:02.923,4.240,-35.000,-166.463,-7.927
1751285522933,2025-06-30T15:12:02.933,4.250,-30.793,-134.390,-8.720
1751285522943,2025-06-30T15:12:02.943,4.260,-25.793,-99.817,-8.780
1751285522953,2025-06-30T15:12:02.953,4.270,-20.122,-62.927,-8.049
1751285522963,2025-06-30T15:12:02.963,4.280,-14.512,-27.927,-7.683
1751285522973,2025-06-30T15:12:02.973,4.290,-9.451,1.220,-7.195
1751285522983,2025-06-30T15:12:02.983,4.300,-5.305,22.500,-6.585
1751285522993,2025-06-30T15:12:02.993,4.310,-1.829,35.244,-5.610
1751285523003,2025-06-30T15:12:03.003,4.320,0.915,41.280,-3.780
1751285523013,2025-06-30T15:12:03.013,4.330,2.683,41.524,-2.317
1751285523023,2025-06-30T15:12:03.023,4.340,3.780,40.183,-1.707
1751285523033,2025-06-30T15:12:03.033,4.350,5.488,43.841,-1.402
1751285523043,2025-06-30T15:12:03.043,4.360,7.500,58.110,-1.463
1751285523053,2025-06-30T15:12:03.053,4.370,10.305,85.427,-2.012
1751285523063,2025-06-30T15:12:03.063,4.380,15.122,127.683,-3.110
1751285523073,2025-06-30T15:12:03.073,4.390,22.683,183.902,-3.902
1751285523083,2025-06-30T15:12:03.083,4.400,32.683,250.305,-4.329
1751285523093,2025-06-30T15:12:03.093,4.410,44.451,324.146,-4.817
1751285523103,2025-06-30T15:12:03.103,4.420,58.598,398.537,-6.280
1751285523113,2025-06-30T15:12:03.113,4.430,71.402,459.817,-7.683
1751285523123,2025-06-30T15:12:03.123,4.440,80.549,500.122,-7.195
1751285523133,2025-06-30T15:12:03.133,4.450,85.610,522.927,-4.207
1751285523143,2025-06-30T15:12:03.143,4.460,89.329,529.939,0.793
1751285523153,2025-06-30T15:12:03.153,4.470,91.524,520.366,5.976
1751285523163,2025-06-30T15:12:03.163,4.480,89.329,499.451,8.841
1751285523173,2025-06-30T15:12:03.173,4.490,84.024,466.341,8.841
1751285523183,2025-06-30T15:12:03.183,4.500,76.646,419.939,7.378
1751285523193,2025-06-30T15:12:03.193,4.510,67.012,364.146,5.854
1751285523203,2025-06-30T15:12:03.203,4.520,57.256,307.805,4.939
1751285523213,2025-06-30T15:12:03.213,4.530,48.598,253.049,2.866
1751285523223,2025-06-30T15:12:03.223,4.540,39.512,198.232,-0.854
1751285523233,2025-06-30T15:12:03.233,4.550,30.549,144.329,-2.256
1751285523243,2025-06-30T15:12:03.243,4.560,22.561,95.915,-0.366
1751285523253,2025-06-30T15:12:03.253,4.570,15.610,58.354,2.256
1751285523263,2025-06-30T15:12:03.263,4.580,10.061,33.476,3.354
1751285523273,2025-06-30T15:12:03.273,4.590,6.768,20.549,4.207
1751285523283,2025-06-30T15:12:03.283,4.600,5.244,16.707,5.427
1751285523293,2025-06-30T15:12:03.293,4.610,4.817,18.720,6.402
1751285523303,2025-06-30T15:12:03.303,4.620,5.061,23.780,7.256
1751285523313,2025-06-30T15:12:03.313,4.630,5.122,29.207,7.866
1751285523323,2025-06-30T15:12:03.323,4.640,5.244,32.927,7.805
1751285523333,2025-06-30T15:12:03.333,4.650,5.671,34.390,7.195
1751285523343,2025-06-30T15:12:03.343,4.660,5.610,33.354,6.646
1751285523353,2025-06-30T15:12:03.353,4.670,5.671,29.878,6.098
1751285523363,2025-06-30T15:12:03.363,4.680,5.610,25.366,5.305
1751285523373,2025-06-30T15:12:03.373,4.690,5.122,20.427,4.207
1751285523383,2025-06-30T15:12:03.383,4.700,4.634,15.854,3.415
1751285523393,2025-06-30T15:12:03.393,4.710,4.085,12.256,2.866
1751285523403,2025-06-30T15:12:03.403,4.720,3.476,8.476,1.890
1751285523413,2025-06-30T15:12:03.413,4.730,2.683,4.207,0.976
1751285523423,2025-06-30T15:12:03.423,4.740,1.463,0.488,0.732
1751285523433,2025-06-30T15:12:03.433,4.750,0.488,-2.439,0.183
1751285523443,2025-06-30T15:12:03.443,4.760,-0.305,-4.146,-0.061
1751285523453,2025-06-30T15:12:03.453,4.770,-0.793,-4.878,-0.061
1751285523463,2025-06-30T15:12:03.463,4.780,-1.159,-5.549,-0.244
1751285523473,2025-06-30T15:12:03.473,4.790,-1.585,-6.585,-0.488
1751285523483,2025-06-30T15:12:03.483,4.800,-2.073,-8.780,-0.671
1751285523493,2025-06-30T15:12:03.493,4.810,-3.049,-12.500,-0.549
1751285523503,2025-06-30T15:12:03.503,4.820,-3.902,-16.220,-0.244
1751285523513,2025-06-30T15:12:03.513,4.830,-4.390,-19.939,-0.183
1751285523523,2025-06-30T15:12:03.523,4.840,-5.000,-23.720,0.061
1751285523533,2025-06-30T15:12:03.533,4.850,-5.305,-26.890,0.427
1751285523543,2025-06-30T15:12:03.543,4.860,-5.610,-31.402,0.732
1751285523553,2025-06-30T15:12:03.553,4.870,-6.951,-38.659,0.976
1751285523563,2025-06-30T15:12:03.563,4.880,-8.232,-47.378,1.463
1751285523573,2025-06-30T15:12:03.573,4.890,-8.963,-56.098,1.951
1751285523583,2025-06-30T15:12:03.583,4.900,-9.756,-66.463,2.012
1751285523593,2025-06-30T15:12:03.593,4.910,-11.524,-82.561,1.707
1751285523603,2025-06-30T15:12:03.603,4.920,-13.963,-106.524,1.768
1751285523613,2025-06-30T15:12:03.613,4.930,-18.598,-134.634,2.073
1751285523623,2025-06-30T15:12:03.623,4.940,-23.902,-162.622,2.134
1751285523633,2025-06-30T15:12:03.633,4.950,-27.805,-190.976,1.524
1751285523643,2025-06-30T15:12:03.643,4.960,-32.988,-223.720,1.098
1751285523653,2025-06-30T15:12:03.653,4.970,-40.183,-262.195,1.829
1751285523663,2025-06-30T15:12:03.663,4.980,-46.768,-306.463,3.232
1751285523673,2025-06-30T15:12:03.673,4.990,-55.061,-362.927,4.695
1751285523683,2025-06-30T15:12:03.683,5.000,-66.159,-430.488,7.195
1751285523693,2025-06-30T15:12:03.693,5.010,-75.183,-490.000,10.976
1751285523703,2025-06-30T15:12:03.703,5.020,-79.329,-520.549,13.049
1751285523713,2025-06-30T15:12:03.713,5.030,-78.354,-506.829,13.049
1751285523723,2025-06-30T15:12:03.723,5.040,-72.561,-446.768,14.085
1751285523733,2025-06-30T15:12:03.733,5.050,-61.768,-353.293,14.390
1751285523743,2025-06-30T15:12:03.743,5.060,-47.927,-248.049,11.768
1751285523753,2025-06-30T15:12:03.753,5.070,-34.695,-152.744,7.500
1751285523763,2025-06-30T15:12:03.763,5.080,-23.476,-79.207,4.268
1751285523773,2025-06-30T15:12:03.773,5.090,-14.573,-26.890,1.829
1751285523783,2025-06-30T15:12:03.783,5.100,-7.805,11.829,0.244
1751285523793,2025-06-30T15:12:03.793,5.110,-2.500,40.793,-0.305
1751285523803,2025-06-30T15:12:03.803,5.120,0.915,57.195,-0.183
1751285523813,2025-06-30T15:12:03.813,5.130,2.256,60.732,0.793
1751285523823,2025-06-30T15:12:03.823,5.140,3.171,55.549,1.402
1751285523833,2025-06-30T15:12:03.833,5.150,3.293,49.817,2.073
1751285523843,2025-06-30T15:12:03.843,5.160,3.598,50.366,2.866
1751285523853,2025-06-30T15:12:03.853,5.170,4.695,60.000,3.049
1751285523863,2025-06-30T15:12:03.863,5.180,6.646,80.915,2.805
1751285523873,2025-06-30T15:12:03.873,5.190,10.305,111.280,2.256
1751285523883,2025-06-30T15:12:03.883,5.200,15.427,150.244,1.280
1751285523893,2025-06-30T15:12:03.893,5.210,21.646,197.195,0.549
1751285523903,2025-06-30T15:12:03.903,5.220,30.305,246.524,-0.549
1751285523913,2025-06-30T15:12:03.913,5.230,39.634,295.549,-2.073
1751285523923,2025-06-30T15:12:03.923,5.240,48.049,338.354,-2.988
1751285523933,2025-06-30T15:12:03.933,5.250,55.732,371.280,-2.500
1751285523943,2025-06-30T15:12:03.943,5.260,61.098,394.390,-1.098
1751285523953,2025-06-30T15:12:03.953,5.270,64.085,407.500,0.671
1751285523963,2025-06-30T15:12:03.963,5.280,65.244,407.561,1.280
1751285523973,2025-06-30T15:12:03.973,5.290,64.878,393.171,0.976
1751285523983,2025-06-30T15:12:03.983,5.300,62.439,367.622,1.463
1751285523993,2025-06-30T15:12:03.993,5.310,58.232,334.512,1.890
1751285524003,2025-06-30T15:12:04.003,5.320,52.622,293.841,0.427
1751285524013,2025-06-30T15:12:04.013,5.330,44.573,247.195,-2.683
1751285524023,2025-06-30T15:12:04.023,5.340,36.463,194.817,-4.512
1751285524033,2025-06-30T15:12:04.033,5.350,28.110,140.183,-5.061
1751285524043,2025-06-30T15:12:04.043,5.360,19.817,89.573,-5.305
1751285524053,2025-06-30T15:12:04.053,5.370,13.171,47.561,-4.756
1751285524063,2025-06-30T15:12:04.063,5.380,7.805,15.305,-4.146
1751285524073,2025-06-30T15:12:04.073,5.390,4.024,-7.012,-3.354
1751285524083,2025-06-30T15:12:04.083,5.400,1.402,-19.695,-2.012
1751285524093,2025-06-30T15:12:04.093,5.410,0.244,-23.415,-0.488
1751285524103,2025-06-30T15:12:04.103,5.420,0.244,-19.573,0.915
1751285524113,2025-06-30T15:12:04.113,5.430,1.159,-11.037,2.012
1751285524123,2025-06-30T15:12:04.123,5.440,2.378,-1.707,2.744
1751285524133,2025-06-30T15:12:04.133,5.450,3.354,5.854,3.171
1751285524143,2025-06-30T15:12:04.143,5.460,3.841,10.244,3.049
1751285524153,2025-06-30T15:12:04.153,5.470,3.841,11.890,2.134
1751285524163,2025-06-30T15:12:04.163,5.480,3.963,12.256,1.402
1751285524173,2025-06-30T15:12:04.173,5.490,4.573,11.159,1.220
1751285524183,2025-06-30T15:12:04.183,5.500,4.817,7.073,0.549
1751285524193,2025-06-30T15:12:04.193,5.510,3.902,1.159,-0.244
1751285524203,2025-06-30T15:12:04.203,5.520,3.049,-2.988,-0.122
1751285524213,2025-06-30T15:12:04.213,5.530,2.561,-4.146,0.122
1751285524223,2025-06-30T15:12:04.223,5.540,2.134,-3.293,-0.122
1751285524233,2025-06-30T15:12:04.233,5.550,1.951,-1.220,-0.122
1751285524243,2025-06-30T15:12:04.243,5.560,2.012,0.854,0.061
1751285524253,2025-06-30T15:12:04.253,5.570,1.890,1.829,0.122
1751285524263,2025-06-30T15:12:04.263,5.580,1.707,2.073,-0.061
1751285524273,2025-06-30T15:12:04.273,5.590,1.341,0.976,0.000
1751285524283,2025-06-30T15:12:04.283,5.600,0.915,-1.341,0.305
1751285524293,2025-06-30T15:12:04.293,5.610,0.793,-3.476,0.366
1751285524303,2025-06-30T15:12:04.303,5.620,0.610,-4.085,0.305
1751285524313,2025-06-30T15:12:04.313,5.630,0.427,-4.146,0.549
1751285524323,2025-06-30T15:12:04.323,5.640,0.366,-4.146,0.793
1751285524333,2025-06-30T15:12:04.333,5.650,0.427,-3.598,1.159
1751285524343,2025-06-30T15:12:04.343,5.660,0.488,-2.805,1.280
1751285524353,2025-06-30T15:12:04.353,5.670,0.305,-4.085,1.220
1751285524363,2025-06-30T15:12:04.363,5.680,-0.488,-9.573,1.220
1751285524373,2025-06-30T15:12:04.373,5.690,-1.585,-19.573,1.159
1751285524383,2025-06-30T15:12:04.383,5.700,-3.720,-33.598,1.098
1751285524393,2025-06-30T15:12:04.393,5.710,-6.341,-51.341,1.402
1751285524403,2025-06-30T15:12:04.403,5.720,-9.329,-70.915,1.707
1751285524413,2025-06-30T15:12:04.413,5.730,-12.134,-90.793,1.829
1751285524423,2025-06-30T15:12:04.423,5.740,-15.183,-111.463,1.707
1751285524433,2025-06-30T15:12:04.433,5.750,-17.866,-134.695,1.890
1751285524443,2025-06-30T15:12:04.443,5.760,-20.915,-159.268,2.500
1751285524453,2025-06-30T15:12:04.453,5.770,-23.720,-185.305,2.195
1751285524463,2025-06-30T15:12:04.463,5.780,-27.561,-213.354,1.159
1751285524473,2025-06-30T15:12:04.473,5.790,-32.378,-244.451,1.037
1751285524483,2025-06-30T15:12:04.483,5.800,-37.744,-279.085,1.341
1751285524493,2025-06-30T15:12:04.493,5.810,-43.902,-315.671,1.341
1751285524503,2025-06-30T15:12:04.503,5.820,-49.268,-344.939,2.256
1751285524513,2025-06-30T15:12:04.513,5.830,-53.049,-367.012,3.049
1751285524523,2025-06-30T15:12:04.523,5.840,-57.073,-372.927,3.171
1751285524533,2025-06-30T15:12:04.533,5.850,-56.280,-360.488,4.268
1751285524543,2025-06-30T15:12:04.543,5.860,-54.512,-334.207,3.902
1751285524553,2025-06-30T15:12:04.553,5.870,-51.037,-298.537,1.951
1751285524563,2025-06-30T15:12:04.563,5.880,-46.951,-262.805,0.427
1751285524573,2025-06-30T15:12:04.573,5.890,-42.317,-233.415,-1.220
1751285524583,2025-06-30T15:12:04.583,5.900,-37.500,-206.220,-2.683
1751285524593,2025-06-30T15:12:04.593,5.910,-32.500,-177.195,-4.085
1751285524603,2025-06-30T15:12:04.603,5.920,-26.829,-142.439,-4.634
1751285524613,2025-06-30T15:12:04.613,5.930,-21.220,-103.049,-4.817
1751285524623,2025-06-30T15:12:04.623,5.940,-15.244,-62.683,-4.634
1751285524633,2025-06-30T15:12:04.633,5.950,-8.659,-22.500,-4.146
1751285524643,2025-06-30T15:12:04.643,5.960,-2.439,16.159,-4.146
1751285524653,2025-06-30T15:12:04.653,5.970,3.049,49.207,-3.963
1751285524663,2025-06-30T15:12:04.663,5.980,7.439,71.951,-3.049
1751285524673,2025-06-30T15:12:04.673,5.990,9.756,81.585,-2.073
1751285524683,2025-06-30T15:12:04.683,6.000,10.976,85.183,-1.280
1751285524693,2025-06-30T15:12:04.693,6.010,12.378,92.317,-1.098
1751285524703,2025-06-30T15:12:04.703,6.020,14.878,109.207,-0.915
1751285524713,2025-06-30T15:12:04.713,6.030,19.268,139.146,-0.976
1751285524723,2025-06-30T15:12:04.723,6.040,25.549,180.854,-1.585
1751285524733,2025-06-30T15:12:04.733,6.050,33.293,230.610,-2.561
1751285524743,2025-06-30T15:12:04.743,6.060,41.951,282.744,-3.415
1751285524753,2025-06-30T15:12:04.753,6.070,50.305,330.793,-4.146
1751285524763,2025-06-30T15:12:04.763,6.080,57.561,369.634,-4.512
1751285524773,2025-06-30T15:12:04.773,6.090,62.500,393.293,-3.841
1751285524783,2025-06-30T15:12:04.783,6.100,64.451,398.963,-2.988
1751285524793,2025-06-30T15:12:04.793,6.110,63.598,388.232,-1.524
1751285524803,2025-06-30T15:12:04.803,6.120,61.524,364.085,0.366
1751285524813,2025-06-30T15:12:04.813,6.130,57.500,331.037,1.220
1751285524823,2025-06-30T15:12:04.823,6.140,52.012,293.049,0.854
1751285524833,2025-06-30T15:12:04.833,6.150,46.463,251.890,0.244
1751285524843,2025-06-30T15:12:04.843,6.160,39.634,208.902,-1.098
1751285524853,2025-06-30T15:12:04.853,6.170,31.951,164.085,-2.134
1751285524863,2025-06-30T15:12:04.863,6.180,25.000,120.488,-2.317
1751285524873,2025-06-30T15:12:04.873,6.190,18.841,81.646,-1.707
1751285524883,2025-06-30T15:12:04.883,6.200,13.720,49.024,-0.671
1751285524893,2025-06-30T15:12:04.893,6.210,10.122,23.780,0.732
1751285524903,2025-06-30T15:12:04.903,6.220,7.256,6.829,2.012
1751285524913,2025-06-30T15:12:04.913,6.230,5.061,-2.439,3.110
1751285524923,2025-06-30T15:12:04.923,6.240,4.024,-6.159,4.207
1751285524933,2025-06-30T15:12:04.933,6.250,3.537,-6.280,4.817
1751285524943,2025-06-30T15:12:04.943,6.260,3.415,-3.049,4.939
1751285524953,2025-06-30T15:12:04.953,6.270,3.902,2.073,5.000
1751285524963,2025-06-30T15:12:04.963,6.280,4.451,7.500,4.634
1751285524973,2025-06-30T15:12:04.973,6.290,5.183,11.646,3.902
1751285524983,2025-06-30T15:12:04.983,6.300,5.793,12.683,3.049
1751285524993,2025-06-30T15:12:04.993,6.310,5.549,10.366,1.951
1751285525003,2025-06-30T15:12:05.003,6.320,5.061,6.463,0.915
1751285525013,2025-06-30T15:12:05.013,6.330,4.573,3.293,0.305
1751285525023,2025-06-30T15:12:05.023,6.340,3.963,1.159,-0.244
1751285525033,2025-06-30T15:12:05.033,6.350,3.354,0.976,-0.732
1751285525043,2025-06-30T15:12:05.043,6.360,2.927,2.988,-0.732
1751285525053,2025-06-30T15:12:05.053,6.370,2.500,6.159,-0.671
1751285525063,2025-06-30T15:12:05.063,6.380,2.256,8.232,-0.427
1751285525073,2025-06-30T15:12:05.073,6.390,1.707,8.720,-0.122
1751285525083,2025-06-30T15:12:05.083,6.400,0.915,7.073,-0.061
1751285525093,2025-06-30T15:12:05.093,6.410,-0.183,2.622,0.122
1751285525103,2025-06-30T15:12:05.103,6.420,-1.829,-2.622,0.183
1751285525113,2025-06-30T15:12:05.113,6.430,-2.744,-5.427,0.305
1751285525123,2025-06-30T15:12:05.123,6.440,-3.293,-6.341,0.122
1751285525133,2025-06-30T15:12:05.133,6.450,-3.659,-6.524,-0.061
1751285525143,2025-06-30T15:12:05.143,6.460,-3.598,-5.488,0.183
1751285525153,2025-06-30T15:12:05.153,6.470,-3.232,-4.451,0.305
1751285525163,2025-06-30T15:12:05.163,6.480,-3.171,-5.610,0.244
1751285525173,2025-06-30T15:12:05.173,6.490,-3.598,-10.610,0.366
1751285525183,2025-06-30T15:12:05.183,6.500,-4.756,-20.915,0.488
1751285525193,2025-06-30T15:12:05.193,6.510,-6.585,-35.122,0.671
1751285525203,2025-06-30T15:12:05.203,6.520,-8.780,-50.549,0.915
1751285525213,2025-06-30T15:12:05.213,6.530,-11.037,-67.683,1.220
1751285525223,2025-06-30T15:12:05.223,6.540,-13.232,-90.000,1.463
1751285525233,2025-06-30T15:12:05.233,6.550,-17.683,-117.317,2.134
1751285525243,2025-06-30T15:12:05.243,6.560,-22.561,-145.671,3.476
1751285525253,2025-06-30T15:12:05.253,6.570,-26.280,-172.073,4.390
1751285525263,2025-06-30T15:12:05.263,6.580,-30.000,-197.378,4.939
1751285525273,2025-06-30T15:12:05.273,6.590,-33.598,-222.866,5.549
1751285525283,2025-06-30T15:12:05.283,6.600,-37.256,-249.085,6.463
1751285525293,2025-06-30T15:12:05.293,6.610,-41.524,-280.427,7.256
1751285525303,2025-06-30T15:12:05.303,6.620,-47.500,-317.805,8.293
1751285525313,2025-06-30T15:12:05.313,6.630,-53.476,-359.695,10.671
1751285525323,2025-06-30T15:12:05.323,6.640,-59.939,-400.000,13.293
1751285525333,2025-06-30T15:12:05.333,6.650,-65.549,-435.366,15.183
1751285525343,2025-06-30T15:12:05.343,6.660,-70.793,-462.866,16.890
1751285525353,2025-06-30T15:12:05.353,6.670,-74.573,-472.805,18.841
1751285525363,2025-06-30T15:12:05.363,6.680,-73.720,-457.073,19.390
1751285525373,2025-06-30T15:12:05.373,6.690,-67.744,-419.085,17.561
1751285525383,2025-06-30T15:12:05.383,6.700,-59.756,-365.305,15.732
1751285525393,2025-06-30T15:12:05.393,6.710,-50.915,-307.744,14.573
1751285525403,2025-06-30T15:12:05.403,6.720,-42.500,-254.634,13.049
1751285525413,2025-06-30T15:12:05.413,6.730,-35.671,-206.951,9.512
1751285525423,2025-06-30T15:12:05.423,6.740,-29.634,-163.171,5.122
1751285525433,2025-06-30T15:12:05.433,6.750,-23.780,-119.939,1.524
1751285525443,2025-06-30T15:12:05.443,6.760,-18.659,-75.366,-2.134
1751285525453,2025-06-30T15:12:05.453,6.770,-14.146,-31.037,-5.854
1751285525463,2025-06-30T15:12:05.463,6.780,-9.024,9.756,-8.293
1751285525473,2025-06-30T15:12:05.473,6.790,-4.451,41.768,-8.841
1751285525483,2025-06-30T15:12:05.483,6.800,-0.793,59.390,-7.866
1751285525493,2025-06-30T15:12:05.493,6.810,1.707,63.110,-5.793
1751285525503,2025-06-30T15:12:05.503,6.820,2.805,60.000,-4.146
1751285525513,2025-06-30T15:12:05.513,6.830,3.476,59.390,-3.293
1751285525523,2025-06-30T15:12:05.523,6.840,4.329,68.232,-2.378
1751285525533,2025-06-30T15:12:05.533,6.850,6.585,91.463,-2.134
1751285525543,2025-06-30T15:12:05.543,6.860,11.098,130.244,-3.232
1751285525553,2025-06-30T15:12:05.553,6.870,18.415,183.476,-4.573
1751285525563,2025-06-30T15:12:05.563,6.880,28.476,244.695,-6.220
1751285525573,2025-06-30T15:12:05.573,6.890,39.573,307.683,-7.805
1751285525583,2025-06-30T15:12:05.583,6.900,51.098,369.268,-9.390
1751285525593,2025-06-30T15:12:05.593,6.910,62.195,423.415,-10.427
1751285525603,2025-06-30T15:12:05.603,6.920,71.951,465.976,-10.488
1751285525613,2025-06-30T15:12:05.613,6.930,79.207,494.878,-9.268
1751285525623,2025-06-30T15:12:05.623,6.940,83.963,506.098,-7.073
1751285525633,2025-06-30T15:12:05.633,6.950,85.061,499.756,-4.634
1751285525643,2025-06-30T15:12:05.643,6.960,82.317,477.073,-2.439
1751285525653,2025-06-30T15:12:05.653,6.970,78.171,439.146,-0.732
1751285525663,2025-06-30T15:12:05.663,6.980,72.012,390.366,-0.671
1751285525673,2025-06-30T15:12:05.673,6.990,64.390,331.768,-1.951
1751285525683,2025-06-30T15:12:05.683,7.000,54.573,264.878,-4.573
1751285525693,2025-06-30T15:12:05.693,7.010,43.598,194.634,-7.439
1751285525703,2025-06-30T15:12:05.703,7.020,33.110,125.488,-8.476
1751285525713,2025-06-30T15:12:05.713,7.030,23.902,64.207,-8.171
1751285525723,2025-06-30T15:12:05.723,7.040,16.098,15.854,-7.256
1751285525733,2025-06-30T15:12:05.733,7.050,9.939,-16.402,-6.159
1751285525743,2025-06-30T15:12:05.743,7.060,5.610,-31.768,-4.573
1751285525753,2025-06-30T15:12:05.753,7.070,3.537,-31.951,-1.890
1751285525763,2025-06-30T15:12:05.763,7.080,2.988,-22.012,1.037
1751285525773,2025-06-30T15:12:05.773,7.090,3.659,-8.598,3.780
1751285525783,2025-06-30T15:12:05.783,7.100,4.695,3.293,6.037
1751285525793,2025-06-30T15:12:05.793,7.110,5.366,11.585,7.805
1751285525803,2025-06-30T15:12:05.803,7.120,5.366,14.268,8.659
1751285525813,2025-06-30T15:12:05.813,7.130,4.573,10.915,8.415
1751285525823,2025-06-30T15:12:05.823,7.140,3.232,3.902,7.439
1751285525833,2025-06-30T15:12:05.833,7.150,1.585,-3.476,6.098
1751285525843,2025-06-30T15:12:05.843,7.160,0.061,-9.085,4.817
1751285525853,2025-06-30T15:12:05.853,7.170,-0.427,-11.585,3.720
1751285525863,2025-06-30T15:12:05.863,7.180,-0.366,-10.976,2.866
1751285525873,2025-06-30T15:12:05.873,7.190,-0.122,-7.744,2.256
1751285525883,2025-06-30T15:12:05.883,7.200,-0.305,-3.476,2.073
1751285525893,2025-06-30T15:12:05.893,7.210,-0.610,0.671,1.829
1751285525903,2025-06-30T15:12:05.903,7.220,-1.159,4.085,1.402
1751285525913,2025-06-30T15:12:05.913,7.230,-2.073,6.037,1.098
1751285525923,2025-06-30T15:12:05.923,7.240,-2.927,5.000,0.854
1751285525933,2025-06-30T15:12:05.933,7.250,-4.329,1.585,0.793
1751285525943,2025-06-30T15:12:05.943,7.260,-5.732,-2.195,0.671
1751285525953,2025-06-30T15:12:05.953,7.270,-6.585,-5.305,0.427
1751285525963,2025-06-30T15:12:05.963,7.280,-7.195,-7.744,0.488
1751285525973,2025-06-30T15:12:05.973,7.290,-7.805,-8.415,0.671
1751285525983,2025-06-30T15:12:05.983,7.300,-8.049,-6.768,0.671
1751285525993,2025-06-30T15:12:05.993,7.310,-7.805,-3.780,0.671
1751285526003,2025-06-30T15:12:06.003,7.320,-7.500,-1.098,0.854
1751285526013,2025-06-30T15:12:06.013,7.330,-7.439,0.061,0.915
1751285526023,2025-06-30T15:12:06.023,7.340,-7.561,-2.195,0.915
1751285526033,2025-06-30T15:12:06.033,7.350,-8.110,-9.268,1.037
1751285526043,2025-06-30T15:12:06.043,7.360,-9.512,-20.854,1.220
1751285526053,2025-06-30T15:12:06.053,7.370,-11.280,-35.610,1.707
1751285526063,2025-06-30T15:12:06.063,7.380,-13.171,-52.439,2.378
1751285526073,2025-06-30T15:12:06.073,7.390,-15.610,-73.415,2.866
1751285526083,2025-06-30T15:12:06.083,7.400,-18.354,-103.720,3.963
1751285526093,2025-06-30T15:12:06.093,7.410,-23.963,-143.841,5.854
1751285526103,2025-06-30T15:12:06.103,7.420,-31.220,-189.085,7.866
1751285526113,2025-06-30T15:12:06.113,7.430,-38.537,-235.305,9.207
1751285526123,2025-06-30T15:12:06.123,7.440,-46.159,-279.329,10.122
1751285526133,2025-06-30T15:12:06.133,7.450,-52.622,-317.805,11.220
1751285526143,2025-06-30T15:12:06.143,7.460,-56.951,-348.476,12.073
1751285526153,2025-06-30T15:12:06.153,7.470,-60.488,-371.098,12.561
1751285526163,2025-06-30T15:12:06.163,7.480,-62.805,-389.451,12.988
1751285526173,2025-06-30T15:12:06.173,7.490,-66.707,-405.732,13.415
1751285526183,2025-06-30T15:12:06.183,7.500,-70.366,-421.159,13.902
1751285526193,2025-06-30T15:12:06.193,7.510,-74.207,-432.927,14.329
1751285526203,2025-06-30T15:12:06.203,7.520,-75.610,-431.098,14.634
1751285526213,2025-06-30T15:12:06.213,7.530,-72.744,-412.256,13.049
1751285526223,2025-06-30T15:12:06.223,7.540,-67.439,-381.768,10.488
1751285526233,2025-06-30T15:12:06.233,7.550,-61.098,-341.159,10.061
1751285526243,2025-06-30T15:12:06.243,7.560,-53.476,-297.195,9.878
1751285526253,2025-06-30T15:12:06.253,7.570,-45.793,-257.317,9.512
1751285526263,2025-06-30T15:12:06.263,7.580,-39.939,-222.134,8.963
1751285526273,2025-06-30T15:12:06.273,7.590,-34.146,-188.232,8.232
1751285526283,2025-06-30T15:12:06.283,7.600,-28.415,-155.183,7.500
1751285526293,2025-06-30T15:12:06.293,7.610,-24.268,-121.341,7.073
1751285526303,2025-06-30T15:12:06.303,7.620,-20.610,-88.415,5.244
1751285526313,2025-06-30T15:12:06.313,7.630,-16.098,-53.902,3.354
1751285526323,2025-06-30T15:12:06.323,7.640,-11.646,-17.134,1.951
1751285526333,2025-06-30T15:12:06.333,7.650,-7.317,19.268,0.793
1751285526343,2025-06-30T15:12:06.343,7.660,-3.171,49.207,0.000
1751285526353,2025-06-30T15:12:06.353,7.670,0.305,67.622,0.000
1751285526363,2025-06-30T15:12:06.363,7.680,2.866,74.146,-0.061
1751285526373,2025-06-30T15:12:06.373,7.690,4.085,76.463,-0.305
1751285526383,2025-06-30T15:12:06.383,7.700,4.756,83.110,-0.366
1751285526393,2025-06-30T15:12:06.393,7.710,6.159,100.427,-0.732
1751285526403,2025-06-30T15:12:06.403,7.720,9.512,132.256,-1.098
1751285526413,2025-06-30T15:12:06.413,7.730,15.915,178.963,-1.585
1751285526423,2025-06-30T15:12:06.423,7.740,24.451,236.524,-2.500
1751285526433,2025-06-30T15:12:06.433,7.750,35.000,302.012,-3.659
1751285526443,2025-06-30T15:12:06.443,7.760,47.683,367.256,-5.427
1751285526453,2025-06-30T15:12:06.453,7.770,59.512,422.561,-7.134
1751285526463,2025-06-30T15:12:06.463,7.780,69.817,464.634,-7.622
1751285526473,2025-06-30T15:12:06.473,7.790,76.890,490.549,-6.402
1751285526483,2025-06-30T15:12:06.483,7.800,81.768,498.415,-3.537
1751285526493,2025-06-30T15:12:06.493,7.810,82.988,485.488,-0.549
1751285526503,2025-06-30T15:12:06.503,7.820,80.183,455.366,1.280
1751285526513,2025-06-30T15:12:06.513,7.830,75.061,410.915,2.195
1751285526523,2025-06-30T15:12:06.523,7.840,69.085,356.463,2.866
1751285526533,2025-06-30T15:12:06.533,7.850,60.244,298.537,1.159
1751285526543,2025-06-30T15:12:06.543,7.860,50.366,243.354,-1.707
1751285526553,2025-06-30T15:12:06.553,7.870,42.256,192.500,-4.695
1751285526563,2025-06-30T15:12:06.563,7.880,34.390,143.110,-8.780
1751285526573,2025-06-30T15:12:06.573,7.890,26.463,92.012,-11.707
1751285526583,2025-06-30T15:12:06.583,7.900,18.902,40.793,-11.646
1751285526593,2025-06-30T15:12:06.593,7.910,11.585,-4.451,-9.695
1751285526603,2025-06-30T15:12:06.603,7.920,5.915,-35.793,-6.707
1751285526613,2025-06-30T15:12:06.613,7.930,2.927,-47.256,-3.780
1751285526623,2025-06-30T15:12:06.623,7.940,2.561,-41.890,-1.707
1751285526633,2025-06-30T15:12:06.633,7.950,3.476,-27.317,0.183
1751285526643,2025-06-30T15:12:06.643,7.960,5.244,-9.695,2.073
1751285526653,2025-06-30T15:12:06.653,7.970,7.317,4.756,3.415
1751285526663,2025-06-30T15:12:06.663,7.980,8.659,12.439,3.902
1751285526673,2025-06-30T15:12:06.673,7.990,9.146,13.476,3.963
1751285526683,2025-06-30T15:12:06.683,8.000,8.963,10.854,3.476
1751285526693,2025-06-30T15:12:06.693,8.010,7.805,5.915,2.500
1751285526703,2025-06-30T15:12:06.703,8.020,6.585,1.463,1.341
1751285526713,2025-06-30T15:12:06.713,8.030,5.732,-0.366,0.549
1751285526723,2025-06-30T15:12:06.723,8.040,5.183,-0.244,0.061
1751285526733,2025-06-30T15:12:06.733,8.050,4.573,1.037,-0.061
1751285526743,2025-06-30T15:12:06.743,8.060,4.085,2.317,0.183
1751285526753,2025-06-30T15:12:06.753,8.070,3.537,3.841,0.488
1751285526763,2025-06-30T15:12:06.763,8.080,3.049,5.671,0.976
1751285526773,2025-06-30T15:12:06.773,8.090,2.561,6.402,1.341
1751285526783,2025-06-30T15:12:06.783,8.100,1.829,7.134,1.402
1751285526793,2025-06-30T15:12:06.793,8.110,0.854,6.463,1.280
1751285526803,2025-06-30T15:12:06.803,8.120,-0.244,3.415,0.976
1751285526813,2025-06-30T15:12:06.813,8.130,-1.707,-0.366,0.732
1751285526823,2025-06-30T15:12:06.823,8.140,-2.805,-3.780,0.610
1751285526833,2025-06-30T15:12:06.833,8.150,-3.598,-6.524,0.427
1751285526843,2025-06-30T15:12:06.843,8.160,-4.207,-8.354,0.366
1751285526853,2025-06-30T15:12:06.853,8.170,-4.451,-8.720,0.671
1751285526863,2025-06-30T15:12:06.863,8.180,-4.451,-7.927,1.037
1751285526873,2025-06-30T15:12:06.873,8.190,-4.329,-6.585,1.585
1751285526883,2025-06-30T15:12:06.883,8.200,-4.329,-4.878,2.195
1751285526893,2025-06-30T15:12:06.893,8.210,-4.512,-3.780,2.439
1751285526903,2025-06-30T15:12:06.903,8.220,-4.878,-5.000,2.866
1751285526913,2025-06-30T15:12:06.913,8.230,-5.549,-9.451,3.476
1751285526923,2025-06-30T15:12:06.923,8.240,-6.707,-17.561,4.024
1751285526933,2025-06-30T15:12:06.933,8.250,-8.415,-29.878,4.451
1751285526943,2025-06-30T15:12:06.943,8.260,-10.488,-43.476,4.695
1751285526953,2025-06-30T15:12:06.953,8.270,-12.378,-56.646,5.061
1751285526963,2025-06-30T15:12:06.963,8.280,-14.268,-68.659,4.878
1751285526973,2025-06-30T15:12:06.973,8.290,-14.878,-80.122,4.268
1751285526983,2025-06-30T15:12:06.983,8.300,-16.037,-94.085,3.537
1751285526993,2025-06-30T15:12:06.993,8.310,-18.537,-111.220,2.988
1751285527003,2025-06-30T15:12:07.003,8.320,-20.976,-132.439,2.378
1751285527013,2025-06-30T15:12:07.013,8.330,-23.902,-159.268,1.768
1751285527023,2025-06-30T15:12:07.023,8.340,-27.439,-192.134,1.402
1751285527033,2025-06-30T15:12:07.033,8.350,-32.988,-234.329,0.915
1751285527043,2025-06-30T15:12:07.043,8.360,-40.976,-284.512,0.915
1751285527053,2025-06-30T15:12:07.053,8.370,-48.963,-331.524,2.500
1751285527063,2025-06-30T15:12:07.063,8.380,-55.488,-368.537,4.329
1751285527073,2025-06-30T15:12:07.073,8.390,-60.793,-395.488,4.695
1751285527083,2025-06-30T15:12:07.083,8.400,-66.220,-413.232,6.037
1751285527093,2025-06-30T15:12:07.093,8.410,-68.963,-418.598,9.451
1751285527103,2025-06-30T15:12:07.103,8.420,-68.049,-411.402,11.768
1751285527113,2025-06-30T15:12:07.113,8.430,-63.598,-390.549,12.073
1751285527123,2025-06-30T15:12:07.123,8.440,-58.232,-359.878,11.646
1751285527133,2025-06-30T15:12:07.133,8.450,-52.012,-326.463,11.951
1751285527143,2025-06-30T15:12:07.143,8.460,-47.195,-291.707,12.622
1751285527153,2025-06-30T15:12:07.153,8.470,-42.073,-258.476,10.427
1751285527163,2025-06-30T15:12:07.163,8.480,-37.378,-230.915,6.524
1751285527173,2025-06-30T15:12:07.173,8.490,-34.024,-205.732,4.695
1751285527183,2025-06-30T15:12:07.183,8.500,-29.817,-177.378,2.988
1751285527193,2025-06-30T15:12:07.193,8.510,-24.573,-142.500,0.793
1751285527203,2025-06-30T15:12:07.203,8.520,-19.756,-102.744,-1.098
1751285527213,2025-06-30T15:12:07.213,8.530,-14.573,-60.122,-2.439
1751285527223,2025-06-30T15:12:07.223,8.540,-8.780,-17.500,-3.293
1751285527233,2025-06-30T15:12:07.233,8.550,-3.232,19.024,-3.720
1751285527243,2025-06-30T15:12:07.243,8.560,1.341,45.122,-3.476
1751285527253,2025-06-30T15:12:07.253,8.570,4.634,57.805,-2.317
1751285527263,2025-06-30T15:12:07.263,8.580,6.463,58.963,-0.610
1751285527273,2025-06-30T15:12:07.273,8.590,6.951,56.341,0.305
1751285527283,2025-06-30T15:12:07.283,8.600,7.378,58.232,0.732
1751285527293,2025-06-30T15:12:07.293,8.610,8.293,69.451,0.732
1751285527303,2025-06-30T15:12:07.303,8.620,10.549,93.841,0.732
1751285527313,2025-06-30T15:12:07.313,8.630,14.939,132.744,0.183
1751285527323,2025-06-30T15:12:07.323,8.640,21.646,183.780,-0.549
1751285527333,2025-06-30T15:12:07.333,8.650,30.427,243.537,-1.220
1751285527343,2025-06-30T15:12:07.343,8.660,41.098,305.244,-2.378
1751285527353,2025-06-30T15:12:07.353,8.670,51.280,361.220,-3.720
1751285527363,2025-06-30T15:12:07.363,8.680,60.610,408.537,-4.695
1751285527373,2025-06-30T15:12:07.373,8.690,68.232,439.329,-4.939
1751285527383,2025-06-30T15:12:07.383,8.700,73.110,457.195,-3.476
1751285527393,2025-06-30T15:12:07.393,8.710,76.402,457.683,-0.549
1751285527403,2025-06-30T15:12:07.403,8.720,75.427,434.390,1.402
1751285527413,2025-06-30T15:12:07.413,8.730,69.512,395.000,2.378
1751285527423,2025-06-30T15:12:07.423,8.740,62.195,344.451,3.110
1751285527433,2025-06-30T15:12:07.433,8.750,55.488,291.037,2.500
1751285527443,2025-06-30T15:12:07.443,8.760,47.561,240.793,0.488
1751285527453,2025-06-30T15:12:07.453,8.770,39.756,200.122,-1.463
1751285527463,2025-06-30T15:12:07.463,8.780,34.329,172.012,-3.780
1751285527473,2025-06-30T15:12:07.473,8.790,31.341,151.585,-6.524
1751285527483,2025-06-30T15:12:07.483,8.800,28.598,130.244,-9.390
1751285527493,2025-06-30T15:12:07.493,8.810,25.183,102.195,-11.220
1751285527503,2025-06-30T15:12:07.503,8.820,20.061,69.024,-10.915
1751285527513,2025-06-30T15:12:07.513,8.830,14.573,37.256,-8.232
1751285527523,2025-06-30T15:12:07.523,8.840,10.183,12.927,-5.122
1751285527533,2025-06-30T15:12:07.533,8.850,7.256,-1.402,-2.317
1751285527543,2025-06-30T15:12:07.543,8.860,5.122,-6.280,0.061
1751285527553,2025-06-30T15:12:07.553,8.870,4.390,-3.963,1.524
1751285527563,2025-06-30T15:12:07.563,8.880,4.390,1.951,1.890
1751285527573,2025-06-30T15:12:07.573,8.890,5.061,8.171,1.768
1751285527583,2025-06-30T15:12:07.583,8.900,5.610,11.402,1.159
1751285527593,2025-06-30T15:12:07.593,8.910,5.610,11.829,0.915
1751285527603,2025-06-30T15:12:07.603,8.920,5.610,10.244,0.793
1751285527613,2025-06-30T15:12:07.613,8.930,4.878,7.256,0.610
1751285527623,2025-06-30T15:12:07.623,8.940,4.024,4.451,0.488
1751285527633,2025-06-30T15:12:07.633,8.950,3.232,3.537,0.488
1751285527643,2025-06-30T15:12:07.643,8.960,2.744,4.146,0.366
1751285527653,2025-06-30T15:12:07.653,8.970,2.256,5.000,0.183
1751285527663,2025-06-30T15:12:07.663,8.980,1.524,5.488,0.061
1751285527673,2025-06-30T15:12:07.673,8.990,0.793,5.610,-0.305
1751285527683,2025-06-30T15:12:07.683,9.000,0.244,5.793,-0.366
1751285527693,2025-06-30T15:12:07.693,9.010,-0.244,5.244,-0.366
1751285527703,2025-06-30T15:12:07.703,9.020,-0.976,4.573,-0.549
1751285527713,2025-06-30T15:12:07.713,9.030,-1.646,4.451,-0.549
1751285527723,2025-06-30T15:12:07.723,9.040,-2.256,5.122,-0.427
1751285527733,2025-06-30T15:12:07.733,9.050,-2.866,6.585,-0.366
1751285527743,2025-06-30T15:12:07.743,9.060,-3.171,7.622,-0.366
1751285527753,2025-06-30T15:12:07.753,9.070,-3.537,7.622,-0.122
1751285527763,2025-06-30T15:12:07.763,9.080,-3.841,7.012,0.061
1751285527773,2025-06-30T15:12:07.773,9.090,-4.085,6.646,0.183
1751285527783,2025-06-30T15:12:07.783,9.100,-4.268,6.829,0.488
1751285527793,2025-06-30T15:12:07.793,9.110,-4.390,7.134,0.671
1751285527803,2025-06-30T15:12:07.803,9.120,-4.451,6.646,0.671
1751285527813,2025-06-30T15:12:07.813,9.130,-4.695,3.659,0.732
1751285527823,2025-06-30T15:12:07.823,9.140,-5.366,-4.573,0.915
1751285527833,2025-06-30T15:12:07.833,9.150,-7.012,-18.476,1.098
1751285527843,2025-06-30T15:12:07.843,9.160,-9.146,-35.305,1.524
1751285527853,2025-06-30T15:12:07.853,9.170,-10.732,-54.390,1.768
1751285527863,2025-06-30T15:12:07.863,9.180,-12.988,-79.268,1.463
1751285527873,2025-06-30T15:12:07.873,9.190,-17.134,-109.756,1.524
1751285527883,2025-06-30T15:12:07.883,9.200,-21.829,-142.866,1.951
1751285527893,2025-06-30T15:12:07.893,9.210,-26.646,-177.927,2.317
1751285527903,2025-06-30T15:12:07.903,9.220,-31.890,-221.463,2.561
1751285527913,2025-06-30T15:12:07.913,9.230,-40.793,-276.463,2.805
1751285527923,2025-06-30T15:12:07.923,9.240,-49.695,-332.561,5.000
1751285527933,2025-06-30T15:12:07.933,9.250,-57.195,-389.024,7.439
1751285527943,2025-06-30T15:12:07.943,9.260,-68.171,-435.915,8.537
1751285527953,2025-06-30T15:12:07.953,9.270,-73.415,-457.744,10.976
1751285527963,2025-06-30T15:12:07.963,9.280,-73.659,-449.329,12.622
1751285527973,2025-06-30T15:12:07.973,9.290,-69.695,-413.415,11.829
1751285527983,2025-06-30T15:12:07.983,9.300,-63.720,-359.024,10.427
1751285527993,2025-06-30T15:12:07.993,9.310,-55.427,-299.634,9.024
1751285528003,2025-06-30T15:12:08.003,9.320,-47.622,-250.732,7.256
1751285528013,2025-06-30T15:12:08.013,9.330,-41.098,-211.341,6.159
1751285528023,2025-06-30T15:12:08.023,9.340,-34.695,-179.451,4.329
1751285528033,2025-06-30T15:12:08.033,9.350,-29.085,-149.512,3.232
1751285528043,2025-06-30T15:12:08.043,9.360,-24.695,-116.890,3.232
1751285528053,2025-06-30T15:12:08.053,9.370,-19.756,-81.341,2.805
1751285528063,2025-06-30T15:12:08.063,9.380,-14.634,-46.341,2.012
1751285528073,2025-06-30T15:12:08.073,9.390,-9.817,-12.988,1.220
1751285528083,2025-06-30T15:12:08.083,9.400,-5.000,17.988,1.098
1751285528093,2025-06-30T15:12:08.093,9.410,-1.098,43.476,1.646
1751285528103,2025-06-30T15:12:08.103,9.420,1.951,60.732,2.012
1751285528113,2025-06-30T15:12:08.113,9.430,4.146,68.415,2.317
1751285528123,2025-06-30T15:12:08.123,9.440,5.183,70.183,2.561
1751285528133,2025-06-30T15:12:08.133,9.450,5.854,72.927,2.866
1751285528143,2025-06-30T15:12:08.143,9.460,7.378,83.171,3.354
1751285528153,2025-06-30T15:12:08.153,9.470,10.366,105.915,3.171
1751285528163,2025-06-30T15:12:08.163,9.480,15.244,141.463,2.195
1751285528173,2025-06-30T15:12:08.173,9.490,22.073,187.805,1.098
1751285528183,2025-06-30T15:12:08.183,9.500,30.488,241.098,0.000
1751285528193,2025-06-30T15:12:08.193,9.510,39.878,297.439,-1.524
1751285528203,2025-06-30T15:12:08.203,9.520,49.329,353.232,-2.866
1751285528213,2025-06-30T15:12:08.213,9.530,59.024,405.183,-3.841
1751285528223,2025-06-30T15:12:08.223,9.540,67.927,448.415,-3.841
1751285528233,2025-06-30T15:12:08.233,9.550,75.000,476.220,-3.049
1751285528243,2025-06-30T15:12:08.243,9.560,79.024,487.073,-1.341
1751285528253,2025-06-30T15:12:08.253,9.570,78.963,479.146,0.427
1751285528263,2025-06-30T15:12:08.263,9.580,75.122,454.573,1.463
1751285528273,2025-06-30T15:12:08.273,9.590,69.634,414.695,2.561
1751285528283,2025-06-30T15:12:08.283,9.600,62.073,365.305,2.622
1751285528293,2025-06-30T15:12:08.293,9.610,52.988,312.439,1.220
1751285528303,2025-06-30T15:12:08.303,9.620,43.841,256.280,-1.524
1751285528313,2025-06-30T15:12:08.313,9.630,33.902,197.195,-5.610
1751285528323,2025-06-30T15:12:08.323,9.640,24.024,136.220,-8.049
1751285528333,2025-06-30T15:12:08.333,9.650,15.244,79.390,-7.561
1751285528343,2025-06-30T15:12:08.343,9.660,7.805,32.683,-5.671
1751285528353,2025-06-30T15:12:08.353,9.670,2.195,-0.854,-3.110
1751285528363,2025-06-30T15:12:08.363,9.680,-1.159,-20.427,-0.976
1751285528373,2025-06-30T15:12:08.373,9.690,-3.171,-27.195,0.610
1751285528383,2025-06-30T15:12:08.383,9.700,-3.780,-23.659,2.195
1751285528393,2025-06-30T15:12:08.393,9.710,-2.866,-13.415,3.476
1751285528403,2025-06-30T15:12:08.403,9.720,-1.585,-1.402,3.720
1751285528413,2025-06-30T15:12:08.413,9.730,-0.366,9.207,3.598
1751285528423,2025-06-30T15:12:08.423,9.740,1.159,17.927,3.171
1751285528433,2025-06-30T15:12:08.433,9.750,2.500,23.963,1.951
1751285528443,2025-06-30T15:12:08.443,9.760,3.293,27.317,0.488
1751285528453,2025-06-30T15:12:08.453,9.770,3.659,28.720,-0.610
1751285528463,2025-06-30T15:12:08.463,9.780,3.598,28.171,-1.280
1751285528473,2025-06-30T15:12:08.473,9.790,3.476,25.915,-1.951
1751285528483,2025-06-30T15:12:08.483,9.800,2.988,22.805,-2.378
1751285528493,2025-06-30T15:12:08.493,9.810,2.317,18.720,-2.744
1751285528503,2025-06-30T15:12:08.503,9.820,0.976,14.207,-3.110
1751285528513,2025-06-30T15:12:08.513,9.830,-0.061,10.000,-3.232
1751285528523,2025-06-30T15:12:08.523,9.840,-1.402,6.098,-3.110
1751285528533,2025-06-30T15:12:08.533,9.850,-2.622,2.561,-3.293
1751285528543,2025-06-30T15:12:08.543,9.860,-3.415,-0.366,-3.293
1751285528553,2025-06-30T15:12:08.553,9.870,-4.390,-2.439,-3.354
1751285528563,2025-06-30T15:12:08.563,9.880,-5.122,-3.293,-3.476
1751285528573,2025-06-30T15:12:08.573,9.890,-5.366,-3.598,-4.085
1751285528583,2025-06-30T15:12:08.583,9.900,-5.671,-5.183,-4.756
1751285528593,2025-06-30T15:12:08.593,9.910,-5.793,-8.659,-5.366
1751285528603,2025-06-30T15:12:08.603,9.920,-5.671,-13.598,-5.427
1751285528613,2025-06-30T15:12:08.613,9.930,-5.732,-20.122,-5.366
1751285528623,2025-06-30T15:12:08.623,9.940,-6.341,-32.866,-5.366
1751285528633,2025-06-30T15:12:08.633,9.950,-8.415,-52.073,-5.427
1751285528643,2025-06-30T15:12:08.643,9.960,-11.646,-74.207,-5.427
1751285528653,2025-06-30T15:12:08.653,9.970,-14.878,-97.195,-5.244
1751285528663,2025-06-30T15:12:08.663,9.980,-18.110,-123.232,-5.061
1751285528673,2025-06-30T15:12:08.673,9.990,-22.683,-150.610,-4.390
1751285528683,2025-06-30T15:12:08.683,10.000,-26.768,-175.976,-2.805
1751285528693,2025-06-30T15:12:08.693,10.010,-30.366,-200.549,-0.915
1751285528703,2025-06-30T15:12:08.703,10.020,-35.488,-225.793,1.098
1751285528713,2025-06-30T15:12:08.713,10.030,-40.183,-251.098,3.841
1751285528723,2025-06-30T15:12:08.723,10.040,-45.305,-279.695,5.854
1751285528733,2025-06-30T15:12:08.733,10.050,-51.280,-319.817,6.280
1751285528743,2025-06-30T15:12:08.743,10.060,-60.000,-368.598,7.378
1751285528753,2025-06-30T15:12:08.753,10.070,-66.646,-414.329,10.732
1751285528763,2025-06-30T15:12:08.763,10.080,-71.890,-448.537,14.207
1751285528773,2025-06-30T15:12:08.773,10.090,-75.610,-462.195,16.220
1751285528783,2025-06-30T15:12:08.783,10.100,-76.524,-452.988,16.524
1751285528793,2025-06-30T15:12:08.793,10.110,-74.451,-425.305,16.220
1751285528803,2025-06-30T15:12:08.803,10.120,-68.720,-381.951,14.634
1751285528813,2025-06-30T15:12:08.813,10.130,-61.280,-330.610,11.159
1751285528823,2025-06-30T15:12:08.823,10.140,-53.902,-283.293,7.622
1751285528833,2025-06-30T15:12:08.833,10.150,-47.561,-239.512,5.732
1751285528843,2025-06-30T15:12:08.843,10.160,-40.183,-196.280,3.841
1751285528853,2025-06-30T15:12:08.853,10.170,-32.683,-153.598,1.098
1751285528863,2025-06-30T15:12:08.863,10.180,-27.134,-111.220,-0.976
1751285528873,2025-06-30T15:12:08.873,10.190,-21.890,-69.512,-2.683
1751285528883,2025-06-30T15:12:08.883,10.200,-16.159,-31.220,-4.756
1751285528893,2025-06-30T15:12:08.893,10.210,-10.854,2.134,-6.280
1751285528903,2025-06-30T15:12:08.903,10.220,-5.732,29.939,-6.829
1751285528913,2025-06-30T15:12:08.913,10.230,-1.585,50.061,-6.220
1751285528923,2025-06-30T15:12:08.923,10.240,1.037,60.488,-5.000
1751285528933,2025-06-30T15:12:08.933,10.250,2.256,61.646,-3.841
1751285528943,2025-06-30T15:12:08.943,10.260,2.744,57.500,-2.927
1751285528953,2025-06-30T15:12:08.953,10.270,2.866,55.061,-2.073
1751285528963,2025-06-30T15:12:08.963,10.280,3.232,59.329,-1.524
1751285528973,2025-06-30T15:12:08.973,10.290,4.695,73.232,-1.037
1751285528983,2025-06-30T15:12:08.983,10.300,7.500,97.744,-1.220
1751285528993,2025-06-30T15:12:08.993,10.310,12.195,131.341,-2.195
1751285529003,2025-06-30T15:12:09.003,10.320,18.232,171.524,-2.866
1751285529013,2025-06-30T15:12:09.013,10.330,25.366,215.244,-3.293
1751285529023,2025-06-30T15:12:09.023,10.340,33.415,259.024,-4.268
1751285529033,2025-06-30T15:12:09.033,10.350,41.220,300.732,-5.488
1751285529043,2025-06-30T15:12:09.043,10.360,48.720,338.110,-6.829
1751285529053,2025-06-30T15:12:09.053,10.370,55.610,367.866,-7.805
1751285529063,2025-06-30T15:12:09.063,10.380,60.549,388.354,-7.500
1751285529073,2025-06-30T15:12:09.073,10.390,63.720,396.951,-6.646
1751285529083,2025-06-30T15:12:09.083,10.400,65.061,394.390,-6.037
1751285529093,2025-06-30T15:12:09.093,10.410,63.598,381.220,-5.793
1751285529103,2025-06-30T15:12:09.103,10.420,60.793,358.110,-5.671
1751285529113,2025-06-30T15:12:09.113,10.430,56.524,327.866,-6.463
1751285529123,2025-06-30T15:12:09.123,10.440,51.646,292.561,-7.500
1751285529133,2025-06-30T15:12:09.133,10.450,46.159,251.890,-8.232
1751285529143,2025-06-30T15:12:09.143,10.460,39.878,208.110,-9.939
1751285529153,2025-06-30T15:12:09.153,10.470,32.256,162.927,-10.793
1751285529163,2025-06-30T15:12:09.163,10.480,24.634,119.573,-9.817
1751285529173,2025-06-30T15:12:09.173,10.490,18.171,82.988,-8.293
1751285529183,2025-06-30T15:12:09.183,10.500,12.256,55.610,-6.707
1751285529193,2025-06-30T15:12:09.193,10.510,8.171,39.329,-5.610
1751285529203,2025-06-30T15:12:09.203,10.520,5.610,32.805,-4.390
1751285529213,2025-06-30T15:12:09.213,10.530,3.963,31.463,-3.354
1751285529223,2025-06-30T15:12:09.223,10.540,3.049,32.134,-2.744
1751285529233,2025-06-30T15:12:09.233,10.550,2.683,32.622,-2.500
1751285529243,2025-06-30T15:12:09.243,10.560,2.195,31.890,-2.622
1751285529253,2025-06-30T15:12:09.253,10.570,1.280,30.305,-2.744
1751285529263,2025-06-30T15:12:09.263,10.580,0.061,27.378,-2.988
1751285529273,2025-06-30T15:12:09.273,10.590,-1.220,22.988,-3.293
1751285529283,2025-06-30T15:12:09.283,10.600,-2.500,17.622,-3.598
1751285529293,2025-06-30T15:12:09.293,10.610,-3.537,12.500,-3.232
1751285529303,2025-06-30T15:12:09.303,10.620,-4.390,9.329,-2.744
1751285529313,2025-06-30T15:12:09.313,10.630,-5.183,7.927,-2.256
1751285529323,2025-06-30T15:12:09.323,10.640,-4.939,7.805,-1.707
1751285529333,2025-06-30T15:12:09.333,10.650,-4.817,9.390,-1.768
1751285529343,2025-06-30T15:12:09.343,10.660,-4.939,10.854,-1.768
1751285529353,2025-06-30T15:12:09.353,10.670,-4.939,11.159,-2.012
1751285529363,2025-06-30T15:12:09.363,10.680,-5.122,9.634,-2.256
1751285529373,2025-06-30T15:12:09.373,10.690,-5.488,6.768,-2.500
1751285529383,2025-06-30T15:12:09.383,10.700,-5.549,4.024,-2.683
1751285529393,2025-06-30T15:12:09.393,10.710,-5.427,1.768,-2.744
1751285529403,2025-06-30T15:12:09.403,10.720,-5.976,0.122,-2.927
1751285529413,2025-06-30T15:12:09.413,10.730,-6.463,-0.122,-2.866
1751285529423,2025-06-30T15:12:09.423,10.740,-6.280,0.427,-2.439
1751285529433,2025-06-30T15:12:09.433,10.750,-5.976,0.854,-2.439
1751285529443,2025-06-30T15:12:09.443,10.760,-5.427,1.890,-2.195
1751285529453,2025-06-30T15:12:09.453,10.770,-4.878,2.561,-1.890
1751285529463,2025-06-30T15:12:09.463,10.780,-4.512,2.073,-1.707
1751285529473,2025-06-30T15:12:09.473,10.790,-4.085,0.488,-1.585
1751285529483,2025-06-30T15:12:09.483,10.800,-3.780,-2.744,-1.646
1751285529493,2025-06-30T15:12:09.493,10.810,-3.902,-7.439,-1.768
1751285529503,2025-06-30T15:12:09.503,10.820,-3.780,-15.122,-1.463
1751285529513,2025-06-30T15:12:09.513,10.830,-4.085,-27.561,-1.159
1751285529523,2025-06-30T15:12:09.523,10.840,-5.427,-43.659,-0.549
1751285529533,2025-06-30T15:12:09.533,10.850,-6.951,-63.537,0.671
1751285529543,2025-06-30T15:12:09.543,10.860,-9.390,-90.488,1.890
1751285529553,2025-06-30T15:12:09.553,10.870,-13.171,-124.512,2.988
1751285529563,2025-06-30T15:12:09.563,10.880,-17.683,-167.988,4.512
1751285529573,2025-06-30T15:12:09.573,10.890,-24.146,-231.646,6.402
1751285529583,2025-06-30T15:12:09.583,10.900,-37.561,-326.463,9.146
1751285529593,2025-06-30T15:12:09.593,10.910,-56.768,-438.232,14.634
1751285529603,2025-06-30T15:12:09.603,10.920,-73.171,-540.366,21.280
1751285529613,2025-06-30T15:12:09.613,10.930,-83.415,-610.183,25.000
1751285529623,2025-06-30T15:12:09.623,10.940,-89.390,-637.256,26.951
1751285529633,2025-06-30T15:12:09.633,10.950,-87.256,-614.573,29.390
1751285529643,2025-06-30T15:12:09.643,10.960,-78.841,-543.902,28.415
1751285529653,2025-06-30T15:12:09.653,10.970,-66.220,-447.317,21.890
1751285529663,2025-06-30T15:12:09.663,10.980,-53.415,-359.512,12.561
1751285529673,2025-06-30T15:12:09.673,10.990,-44.695,-295.000,5.732
1751285529683,2025-06-30T15:12:09.683,11.000,-37.134,-253.476,1.159
1751285529693,2025-06-30T15:12:09.693,11.010,-30.549,-225.366,-2.439
1751285529703,2025-06-30T15:12:09.703,11.020,-26.402,-199.939,-3.720
1751285529713,2025-06-30T15:12:09.713,11.030,-23.841,-174.756,-4.329
1751285529723,2025-06-30T15:12:09.723,11.040,-21.341,-149.756,-5.671
1751285529733,2025-06-30T15:12:09.733,11.050,-18.415,-122.195,-6.524
1751285529743,2025-06-30T15:12:09.743,11.060,-14.817,-87.805,-6.341
1751285529753,2025-06-30T15:12:09.753,11.070,-10.061,-47.439,-6.220
1751285529763,2025-06-30T15:12:09.763,11.080,-4.695,-5.610,-5.854
1751285529773,2025-06-30T15:12:09.773,11.090,0.122,30.366,-6.037
1751285529783,2025-06-30T15:12:09.783,11.100,3.659,54.512,-5.610
1751285529793,2025-06-30T15:12:09.793,11.110,6.159,66.098,-4.573
1751285529803,2025-06-30T15:12:09.803,11.120,7.195,68.293,-3.110
1751285529813,2025-06-30T15:12:09.813,11.130,7.317,68.232,-1.646
1751285529823,2025-06-30T15:12:09.823,11.140,7.683,73.963,-0.549
1751285529833,2025-06-30T15:12:09.833,11.150,8.902,91.159,0.061
1751285529843,2025-06-30T15:12:09.843,11.160,12.134,121.951,0.549
1751285529853,2025-06-30T15:12:09.853,11.170,17.683,166.585,1.098
1751285529863,2025-06-30T15:12:09.863,11.180,25.793,220.854,0.854
1751285529873,2025-06-30T15:12:09.873,11.190,35.854,281.220,-0.305
1751285529883,2025-06-30T15:12:09.883,11.200,45.854,340.732,-1.524
1751285529893,2025-06-30T15:12:09.893,11.210,55.915,394.878,-2.073
1751285529903,2025-06-30T15:12:09.903,11.220,65.122,442.195,-2.378
1751285529913,2025-06-30T15:12:09.913,11.230,72.622,478.354,-1.768
1751285529923,2025-06-30T15:12:09.923,11.240,78.354,501.524,-0.305
1751285529933,2025-06-30T15:12:09.933,11.250,81.585,509.085,1.341
1751285529943,2025-06-30T15:12:09.943,11.260,81.707,499.695,2.805
1751285529953,2025-06-30T15:12:09.953,11.270,78.171,475.000,3.049
1751285529963,2025-06-30T15:12:09.963,11.280,73.963,434.390,2.927
1751285529973,2025-06-30T15:12:09.973,11.290,67.683,380.122,2.622
1751285529983,2025-06-30T15:12:09.983,11.300,59.329,320.610,1.768
1751285529993,2025-06-30T15:12:09.993,11.310,50.793,260.366,0.305
1751285530003,2025-06-30T15:12:10.003,11.320,41.585,200.976,-3.110
1751285530013,2025-06-30T15:12:10.013,11.330,32.683,145.122,-6.159
1751285530023,2025-06-30T15:12:10.023,11.340,24.756,95.244,-7.256
1751285530033,2025-06-30T15:12:10.033,11.350,17.561,53.537,-7.622
1751285530043,2025-06-30T15:12:10.043,11.360,11.707,22.073,-7.866
1751285530053,2025-06-30T15:12:10.053,11.370,7.622,2.988,-6.768
1751285530063,2025-06-30T15:12:10.063,11.380,5.366,-4.634,-4.634
1751285530073,2025-06-30T15:12:10.073,11.390,3.659,-3.780,-2.012
1751285530083,2025-06-30T15:12:10.083,11.400,2.927,2.500,1.341
1751285530093,2025-06-30T15:12:10.093,11.410,2.988,10.122,4.207
1751285530103,2025-06-30T15:12:10.103,11.420,3.110,16.098,5.671
1751285530113,2025-06-30T15:12:10.113,11.430,3.293,19.451,6.280
1751285530123,2025-06-30T15:12:10.123,11.440,3.171,20.610,6.341
1751285530133,2025-06-30T15:12:10.133,11.450,3.049,19.146,5.915
1751285530143,2025-06-30T15:12:10.143,11.460,2.500,15.122,4.878
1751285530153,2025-06-30T15:12:10.153,11.470,1.951,10.305,3.659
1751285530163,2025-06-30T15:12:10.163,11.480,1.524,6.159,2.744
1751285530173,2025-06-30T15:12:10.173,11.490,1.159,2.988,1.707
1751285530183,2025-06-30T15:12:10.183,11.500,1.159,1.646,1.220
1751285530193,2025-06-30T15:12:10.193,11.510,1.341,1.646,1.159
1751285530203,2025-06-30T15:12:10.203,11.520,1.159,2.195,1.098
1751285530213,2025-06-30T15:12:10.213,11.530,0.671,2.683,0.854
1751285530223,2025-06-30T15:12:10.223,11.540,0.366,1.768,0.793
1751285530233,2025-06-30T15:12:10.233,11.550,-0.488,-0.305,0.427
1751285530243,2025-06-30T15:12:10.243,11.560,-1.402,-2.805,0.000
1751285530253,2025-06-30T15:12:10.253,11.570,-2.134,-5.549,-0.305
1751285530263,2025-06-30T15:12:10.263,11.580,-2.988,-8.963,-0.854
1751285530273,2025-06-30T15:12:10.273,11.590,-3.537,-13.659,-0.976
1751285530283,2025-06-30T15:12:10.283,11.600,-4.512,-20.305,-1.402
1751285530293,2025-06-30T15:12:10.293,11.610,-5.244,-28.841,-1.768
1751285530303,2025-06-30T15:12:10.303,11.620,-6.341,-39.390,-1.585
1751285530313,2025-06-30T15:12:10.313,11.630,-8.171,-51.098,-1.402
1751285530323,2025-06-30T15:12:10.323,11.640,-9.695,-63.293,-1.098
1751285530333,2025-06-30T15:12:10.333,11.650,-11.159,-78.110,-0.732
1751285530343,2025-06-30T15:12:10.343,11.660,-13.354,-95.427,-0.427
1751285530353,2025-06-30T15:12:10.353,11.670,-16.159,-112.683,0.244
1751285530363,2025-06-30T15:12:10.363,11.680,-18.720,-127.927,1.280
1751285530373,2025-06-30T15:12:10.373,11.690,-21.037,-141.646,1.707
1751285530383,2025-06-30T15:12:10.383,11.700,-22.866,-160.915,2.134
1751285530393,2025-06-30T15:12:10.393,11.710,-27.500,-191.159,3.841
1751285530403,2025-06-30T15:12:10.403,11.720,-33.841,-228.720,7.805
1751285530413,2025-06-30T15:12:10.413,11.730,-40.671,-266.646,11.159
1751285530423,2025-06-30T15:12:10.423,11.740,-45.732,-300.549,12.195
1751285530433,2025-06-30T15:12:10.433,11.750,-50.793,-327.927,12.744
1751285530443,2025-06-30T15:12:10.443,11.760,-54.207,-341.768,14.146
1751285530453,2025-06-30T15:12:10.453,11.770,-55.122,-341.951,14.878
1751285530463,2025-06-30T15:12:10.463,11.780,-54.695,-330.793,12.988
1751285530473,2025-06-30T15:12:10.473,11.790,-54.207,-313.049,9.817
1751285530483,2025-06-30T15:12:10.483,11.800,-53.476,-299.634,6.524
1751285530493,2025-06-30T15:12:10.493,11.810,-54.085,-295.122,3.780
1751285530503,2025-06-30T15:12:10.503,11.820,-55.305,-294.146,2.256
1751285530513,2025-06-30T15:12:10.513,11.830,-53.902,-292.439,0.061
1751285530523,2025-06-30T15:12:10.523,11.840,-52.500,-294.207,-3.354
1751285530533,2025-06-30T15:12:10.533,11.850,-53.232,-291.463,-3.720
1751285530543,2025-06-30T15:12:10.543,11.860,-51.220,-272.988,-1.829
1751285530553,2025-06-30T15:12:10.553,11.870,-44.878,-240.427,-1.646
1751285530563,2025-06-30T15:12:10.563,11.880,-38.780,-197.439,-1.220
1751285530573,2025-06-30T15:12:10.573,11.890,-33.232,-146.646,-0.793
1751285530583,2025-06-30T15:12:10.583,11.900,-26.280,-93.598,-0.915
1751285530593,2025-06-30T15:12:10.593,11.910,-18.780,-43.963,-1.707
1751285530603,2025-06-30T15:12:10.603,11.920,-12.500,-1.890,-2.195
1751285530613,2025-06-30T15:12:10.613,11.930,-7.195,29.024,-2.317
1751285530623,2025-06-30T15:12:10.623,11.940,-3.293,46.524,-1.524
1751285530633,2025-06-30T15:12:10.633,11.950,-1.037,52.073,-0.183
1751285530643,2025-06-30T15:12:10.643,11.960,0.000,48.415,1.037
1751285530653,2025-06-30T15:12:10.653,11.970,-0.122,40.061,2.012
1751285530663,2025-06-30T15:12:10.663,11.980,-0.671,32.378,2.683
1751285530673,2025-06-30T15:12:10.673,11.990,-0.915,29.817,2.988
1751285530683,2025-06-30T15:12:10.683,12.000,-0.061,34.329,3.293
1751285530693,2025-06-30T15:12:10.693,12.010,1.890,47.073,3.293
1751285530703,2025-06-30T15:12:10.703,12.020,4.573,68.171,2.195
1751285530713,2025-06-30T15:12:10.713,12.030,8.110,97.561,0.671
1751285530723,2025-06-30T15:12:10.723,12.040,13.354,133.902,-0.915
1751285530733,2025-06-30T15:12:10.733,12.050,19.756,173.476,-2.195
1751285530743,2025-06-30T15:12:10.743,12.060,26.951,213.476,-3.476
1751285530753,2025-06-30T15:12:10.753,12.070,34.146,252.134,-4.756
1751285530763,2025-06-30T15:12:10.763,12.080,41.524,289.024,-5.610
1751285530773,2025-06-30T15:12:10.773,12.090,48.841,322.805,-6.159
1751285530783,2025-06-30T15:12:10.783,12.100,55.854,352.439,-6.524
1751285530793,2025-06-30T15:12:10.793,12.110,61.829,374.939,-6.768
1751285530803,2025-06-30T15:12:10.803,12.120,65.366,388.415,-6.220
1751285530813,2025-06-30T15:12:10.813,12.130,67.378,392.561,-4.817
1751285530823,2025-06-30T15:12:10.823,12.140,68.171,386.707,-3.720
1751285530833,2025-06-30T15:12:10.833,12.150,67.256,373.232,-3.659
1751285530843,2025-06-30T15:12:10.843,12.160,64.817,353.110,-2.866
1751285530853,2025-06-30T15:12:10.853,12.170,61.037,327.134,-2.500
1751285530863,2025-06-30T15:12:10.863,12.180,56.220,296.890,-3.415
1751285530873,2025-06-30T15:12:10.873,12.190,51.098,262.378,-4.329
1751285530883,2025-06-30T15:12:10.883,12.200,45.122,222.988,-5.244
1751285530893,2025-06-30T15:12:10.893,12.210,38.354,179.878,-6.159
1751285530903,2025-06-30T15:12:10.903,12.220,31.402,134.878,-6.341
1751285530913,2025-06-30T15:12:10.913,12.230,24.939,93.841,-5.915
1751285530923,2025-06-30T15:12:10.923,12.240,19.024,59.756,-5.000
1751285530933,2025-06-30T15:12:10.933,12.250,13.780,32.988,-3.841
1751285530943,2025-06-30T15:12:10.943,12.260,9.695,14.085,-2.683
1751285530953,2025-06-30T15:12:10.953,12.270,6.951,3.415,-1.220
1751285530963,2025-06-30T15:12:10.963,12.280,5.183,-0.915,0.366
1751285530973,2025-06-30T15:12:10.973,12.290,4.390,-1.280,1.280
1751285530983,2025-06-30T15:12:10.983,12.300,4.024,1.098,2.012
1751285530993,2025-06-30T15:12:10.993,12.310,3.841,5.488,2.683
1751285531003,2025-06-30T15:12:11.003,12.320,4.207,10.000,2.622
1751285531013,2025-06-30T15:12:11.013,12.330,4.512,13.476,2.195
1751285531023,2025-06-30T15:12:11.023,12.340,4.573,15.671,1.890
1751285531033,2025-06-30T15:12:11.033,12.350,4.390,16.341,1.341
1751285531043,2025-06-30T15:12:11.043,12.360,4.207,15.305,0.732
1751285531053,2025-06-30T15:12:11.053,12.370,3.841,12.073,0.366
1751285531063,2025-06-30T15:12:11.063,12.380,2.622,7.683,0.488
1751285531073,2025-06-30T15:12:11.073,12.390,1.646,3.963,0.488
1751285531083,2025-06-30T15:12:11.083,12.400,0.488,1.402,0.366
1751285531093,2025-06-30T15:12:11.093,12.410,-0.671,-0.488,0.305
1751285531103,2025-06-30T15:12:11.103,12.420,-1.646,-1.037,0.244
1751285531113,2025-06-30T15:12:11.113,12.430,-2.317,-0.366,0.244
1751285531123,2025-06-30T15:12:11.123,12.440,-2.744,0.244,0.000
1751285531133,2025-06-30T15:12:11.133,12.450,-2.927,0.244,-0.122
1751285531143,2025-06-30T15:12:11.143,12.460,-3.171,-0.488,0.061
1751285531153,2025-06-30T15:12:11.153,12.470,-3.415,-2.134,0.183
1751285531163,2025-06-30T15:12:11.163,12.480,-3.659,-4.085,0.000
1751285531173,2025-06-30T15:12:11.173,12.490,-3.841,-6.159,-0.183
1751285531183,2025-06-30T15:12:11.183,12.500,-4.268,-9.451,-0.366
1751285531193,2025-06-30T15:12:11.193,12.510,-5.061,-13.598,-0.732
1751285531203,2025-06-30T15:12:11.203,12.520,-5.427,-18.232,-0.732
1751285531213,2025-06-30T15:12:11.213,12.530,-5.976,-24.390,-0.854
1751285531223,2025-06-30T15:12:11.223,12.540,-7.195,-31.890,-1.037
1751285531233,2025-06-30T15:12:11.233,12.550,-8.171,-40.915,-0.610
1751285531243,2025-06-30T15:12:11.243,12.560,-9.817,-52.744,-0.244
1751285531253,2025-06-30T15:12:11.253,12.570,-11.951,-68.232,-0.061
1751285531263,2025-06-30T15:12:11.263,12.580,-13.963,-86.707,0.549
1751285531273,2025-06-30T15:12:11.273,12.590,-16.768,-107.134,0.976
1751285531283,2025-06-30T15:12:11.283,12.600,-20.122,-127.439,1.098
1751285531293,2025-06-30T15:12:11.293,12.610,-23.110,-146.280,1.159
1751285531303,2025-06-30T15:12:11.303,12.620,-25.244,-161.585,1.098
1751285531313,2025-06-30T15:12:11.313,12.630,-26.402,-174.207,0.854
1751285531323,2025-06-30T15:12:11.323,12.640,-28.171,-190.366,-0.244
1751285531333,2025-06-30T15:12:11.333,12.650,-31.037,-211.524,-0.793
1751285531343,2025-06-30T15:12:11.343,12.660,-34.878,-243.659,-0.610
1751285531353,2025-06-30T15:12:11.353,12.670,-41.829,-293.293,0.061
1751285531363,2025-06-30T15:12:11.363,12.680,-54.085,-358.780,2.073
1751285531373,2025-06-30T15:12:11.373,12.690,-65.488,-421.037,6.463
1751285531383,2025-06-30T15:12:11.383,12.700,-71.646,-459.756,8.598
1751285531393,2025-06-30T15:12:11.393,12.710,-73.598,-466.402,7.500
1751285531403,2025-06-30T15:12:11.403,12.720,-72.805,-429.390,7.317
1751285531413,2025-06-30T15:12:11.413,12.730,-65.122,-355.122,7.805
1751285531423,2025-06-30T15:12:11.423,12.740,-52.561,-264.695,5.610
1751285531433,2025-06-30T15:12:11.433,12.750,-40.976,-179.268,2.561
1751285531443,2025-06-30T15:12:11.443,12.760,-30.671,-111.037,0.732
1751285531453,2025-06-30T15:12:11.453,12.770,-20.915,-61.037,0.122
1751285531463,2025-06-30T15:12:11.463,12.780,-13.415,-20.732,0.000
1751285531473,2025-06-30T15:12:11.473,12.790,-7.012,15.915,0.122
1751285531483,2025-06-30T15:12:11.483,12.800,-1.463,44.695,0.732
1751285531493,2025-06-30T15:12:11.493,12.810,1.585,61.585,2.012
1751285531503,2025-06-30T15:12:11.503,12.820,3.720,66.159,3.232
1751285531513,2025-06-30T15:12:11.513,12.830,5.000,63.049,3.902
1751285531523,2025-06-30T15:12:11.523,12.840,5.488,59.390,4.695
1751285531533,2025-06-30T15:12:11.533,12.850,5.488,59.817,5.244
1751285531543,2025-06-30T15:12:11.543,12.860,6.220,67.744,5.122
1751285531553,2025-06-30T15:12:11.553,12.870,7.805,84.817,4.573
1751285531563,2025-06-30T15:12:11.563,12.880,10.793,111.707,4.512
1751285531573,2025-06-30T15:12:11.573,12.890,15.671,147.073,4.024
1751285531583,2025-06-30T15:12:11.583,12.900,22.561,185.366,2.805
1751285531593,2025-06-30T15:12:11.593,12.910,30.549,223.780,1.707
1751285531603,2025-06-30T15:12:11.603,12.920,37.866,258.902,1.402
1751285531613,2025-06-30T15:12:11.613,12.930,43.841,289.024,1.829
1751285531623,2025-06-30T15:12:11.623,12.940,48.232,315.366,2.439
1751285531633,2025-06-30T15:12:11.633,12.950,51.585,332.561,3.659
1751285531643,2025-06-30T15:12:11.643,12.960,53.902,343.110,4.207
1751285531653,2025-06-30T15:12:11.653,12.970,55.610,345.915,5.732
1751285531663,2025-06-30T15:12:11.663,12.980,56.341,339.268,6.829
1751285531673,2025-06-30T15:12:11.673,12.990,57.012,324.695,5.915
1751285531683,2025-06-30T15:12:11.683,13.000,53.780,302.744,5.000
1751285531693,2025-06-30T15:12:11.693,13.010,49.817,273.963,5.366
1751285531703,2025-06-30T15:12:11.703,13.020,45.427,239.451,4.634
1751285531713,2025-06-30T15:12:11.713,13.030,40.366,200.366,3.415
1751285531723,2025-06-30T15:12:11.723,13.040,34.024,159.756,3.598
1751285531733,2025-06-30T15:12:11.733,13.050,28.780,122.256,3.659
1751285531743,2025-06-30T15:12:11.743,13.060,24.573,91.280,3.110
1751285531753,2025-06-30T15:12:11.753,13.070,21.037,68.293,2.134
1751285531763,2025-06-30T15:12:11.763,13.080,17.500,53.415,1.159
1751285531773,2025-06-30T15:12:11.773,13.090,15.488,43.537,0.305
1751285531783,2025-06-30T15:12:11.783,13.100,14.451,36.220,-0.549
1751285531793,2025-06-30T15:12:11.793,13.110,13.841,29.817,-0.488
1751285531803,2025-06-30T15:12:11.803,13.120,13.293,23.963,0.427
1751285531813,2025-06-30T15:12:11.813,13.130,12.561,18.537,1.220
1751285531823,2025-06-30T15:12:11.823,13.140,11.646,13.232,1.768
1751285531833,2025-06-30T15:12:11.833,13.150,10.732,8.841,2.195
1751285531843,2025-06-30T15:12:11.843,13.160,9.329,4.695,1.890
1751285531853,2025-06-30T15:12:11.853,13.170,7.500,0.793,1.707
1751285531863,2025-06-30T15:12:11.863,13.180,5.549,-2.073,1.463
1751285531873,2025-06-30T15:12:11.873,13.190,4.512,-3.049,1.220
1751285531883,2025-06-30T15:12:11.883,13.200,3.841,-2.805,1.402
1751285531893,2025-06-30T15:12:11.893,13.210,3.110,-1.524,1.524
1751285531903,2025-06-30T15:12:11.903,13.220,2.561,0.671,1.768
1751285531913,2025-06-30T15:12:11.913,13.230,2.073,2.561,2.134
1751285531923,2025-06-30T15:12:11.923,13.240,1.341,3.232,2.317
1751285531933,2025-06-30T15:12:11.933,13.250,0.610,2.805,2.561
1751285531943,2025-06-30T15:12:11.943,13.260,-0.549,1.829,2.439
1751285531953,2025-06-30T15:12:11.953,13.270,-1.463,0.610,2.500
1751285531963,2025-06-30T15:12:11.963,13.280,-2.317,-0.549,2.622
1751285531973,2025-06-30T15:12:11.973,13.290,-2.805,-1.037,2.561
1751285531983,2025-06-30T15:12:11.983,13.300,-3.415,-1.037,2.317
1751285531993,2025-06-30T15:12:11.993,13.310,-3.780,-0.793,2.012
1751285532003,2025-06-30T15:12:12.003,13.320,-4.146,0.061,1.890
1751285532013,2025-06-30T15:12:12.013,13.330,-4.451,0.610,1.829
1751285532023,2025-06-30T15:12:12.023,13.340,-4.817,-0.305,1.829
1751285532033,2025-06-30T15:12:12.033,13.350,-4.939,-2.317,2.073
1751285532043,2025-06-30T15:12:12.043,13.360,-5.305,-6.159,2.317
1751285532053,2025-06-30T15:12:12.053,13.370,-5.793,-13.171,2.439
1751285532063,2025-06-30T15:12:12.063,13.380,-6.829,-23.780,2.378
1751285532073,2025-06-30T15:12:12.073,13.390,-8.720,-36.829,2.378
1751285532083,2025-06-30T15:12:12.083,13.400,-10.671,-50.671,2.134
1751285532093,2025-06-30T15:12:12.093,13.410,-12.439,-65.976,1.829
1751285532103,2025-06-30T15:12:12.103,13.420,-14.695,-83.902,1.524
1751285532113,2025-06-30T15:12:12.113,13.430,-17.500,-102.866,1.524
1751285532123,2025-06-30T15:12:12.123,13.440,-19.268,-122.439,1.829
1751285532133,2025-06-30T15:12:12.133,13.450,-21.463,-145.732,1.951
1751285532143,2025-06-30T15:12:12.143,13.460,-24.634,-177.012,2.134
1751285532153,2025-06-30T15:12:12.153,13.470,-30.244,-217.378,2.317
1751285532163,2025-06-30T15:12:12.163,13.480,-37.195,-268.232,3.293
1751285532173,2025-06-30T15:12:12.173,13.490,-46.951,-329.085,4.573
1751285532183,2025-06-30T15:12:12.183,13.500,-58.049,-392.195,6.402
1751285532193,2025-06-30T15:12:12.193,13.510,-67.317,-446.951,8.902
1751285532203,2025-06-30T15:12:12.203,13.520,-74.817,-481.951,11.585
1751285532213,2025-06-30T15:12:12.213,13.530,-79.085,-484.756,14.268
1751285532223,2025-06-30T15:12:12.223,13.540,-78.293,-460.793,15.122
1751285532233,2025-06-30T15:12:12.233,13.550,-74.695,-409.939,14.695
1751285532243,2025-06-30T15:12:12.243,13.560,-66.524,-340.488,14.146
1751285532253,2025-06-30T15:12:12.253,13.570,-55.854,-264.939,11.707
1751285532263,2025-06-30T15:12:12.263,13.580,-45.488,-193.415,7.988
1751285532273,2025-06-30T15:12:12.273,13.590,-36.341,-130.732,5.549
1751285532283,2025-06-30T15:12:12.283,13.600,-27.561,-76.220,4.024
1751285532293,2025-06-30T15:12:12.293,13.610,-19.939,-28.902,1.524
1751285532303,2025-06-30T15:12:12.303,13.620,-13.110,12.439,-1.463
1751285532313,2025-06-30T15:12:12.313,13.630,-7.134,45.854,-3.415
1751285532323,2025-06-30T15:12:12.323,13.640,-2.927,69.024,-3.354
1751285532333,2025-06-30T15:12:12.333,13.650,-0.366,83.841,-1.768
1751285532343,2025-06-30T15:12:12.343,13.660,1.829,90.671,0.000
1751285532353,2025-06-30T15:12:12.353,13.670,4.695,93.902,0.976
1751285532363,2025-06-30T15:12:12.363,13.680,7.195,101.341,1.768
1751285532373,2025-06-30T15:12:12.373,13.690,9.390,118.232,2.683
1751285532383,2025-06-30T15:12:12.383,13.700,14.390,146.341,3.415
1751285532393,2025-06-30T15:12:12.393,13.710,21.402,181.463,3.232
1751285532403,2025-06-30T15:12:12.403,13.720,29.512,218.293,2.561
1751285532413,2025-06-30T15:12:12.413,13.730,37.378,252.988,1.890
1751285532423,2025-06-30T15:12:12.423,13.740,44.390,282.256,1.159
1751285532433,2025-06-30T15:12:12.433,13.750,49.939,303.293,1.220
1751285532443,2025-06-30T15:12:12.443,13.760,52.805,314.878,2.012
1751285532453,2025-06-30T15:12:12.453,13.770,54.329,319.634,3.232
1751285532463,2025-06-30T15:12:12.463,13.780,55.000,317.134,4.939
1751285532473,2025-06-30T15:12:12.473,13.790,54.146,310.793,6.098
1751285532483,2025-06-30T15:12:12.483,13.800,52.378,301.220,6.829
1751285532493,2025-06-30T15:12:12.493,13.810,50.549,287.744,6.768
1751285532503,2025-06-30T15:12:12.503,13.820,48.110,268.476,5.793
1751285532513,2025-06-30T15:12:12.513,13.830,46.829,245.305,4.451
1751285532523,2025-06-30T15:12:12.523,13.840,44.634,217.195,2.805
1751285532533,2025-06-30T15:12:12.533,13.850,40.549,183.415,0.488
1751285532543,2025-06-30T15:12:12.543,13.860,35.732,146.707,-1.280
1751285532553,2025-06-30T15:12:12.553,13.870,30.610,110.732,-2.439
1751285532563,2025-06-30T15:12:12.563,13.880,25.366,77.805,-3.232
1751285532573,2025-06-30T15:12:12.573,13.890,20.610,49.939,-3.415
1751285532583,2025-06-30T15:12:12.583,13.900,17.317,27.988,-3.232
1751285532593,2025-06-30T15:12:12.593,13.910,14.207,12.317,-3.232
1751285532603,2025-06-30T15:12:12.603,13.920,12.378,4.634,-3.476
1751285532613,2025-06-30T15:12:12.613,13.930,11.402,3.659,-2.439
1751285532623,2025-06-30T15:12:12.623,13.940,11.402,7.439,-0.671
1751285532633,2025-06-30T15:12:12.633,13.950,11.646,12.744,0.854
1751285532643,2025-06-30T15:12:12.643,13.960,10.976,17.012,2.012
1751285532653,2025-06-30T15:12:12.653,13.970,10.122,19.695,2.866
1751285532663,2025-06-30T15:12:12.663,13.980,9.390,21.768,3.049
1751285532673,2025-06-30T15:12:12.673,13.990,8.598,23.171,3.110
1751285532683,2025-06-30T15:12:12.683,14.000,7.927,22.744,2.805
1751285532693,2025-06-30T15:12:12.693,14.010,6.890,19.878,2.500
1751285532703,2025-06-30T15:12:12.703,14.020,5.671,15.366,2.073
1751285532713,2025-06-30T15:12:12.713,14.030,4.329,10.976,1.585
1751285532723,2025-06-30T15:12:12.723,14.040,3.598,7.500,1.341
1751285532733,2025-06-30T15:12:12.733,14.050,2.744,4.573,0.915
1751285532743,2025-06-30T15:12:12.743,14.060,1.707,2.683,0.793
1751285532753,2025-06-30T15:12:12.753,14.070,1.037,2.256,0.854
1751285532763,2025-06-30T15:12:12.763,14.080,0.549,2.317,0.671
1751285532773,2025-06-30T15:12:12.773,14.090,0.000,2.439,0.427
1751285532783,2025-06-30T15:12:12.783,14.100,-0.732,2.683,0.244
1751285532793,2025-06-30T15:12:12.793,14.110,-1.341,2.988,0.244
1751285532803,2025-06-30T15:12:12.803,14.120,-1.646,2.927,0.244
1751285532813,2025-06-30T15:12:12.813,14.130,-1.768,2.927,0.244
1751285532823,2025-06-30T15:12:12.823,14.140,-2.012,2.439,0.366
1751285532833,2025-06-30T15:12:12.833,14.150,-2.378,1.646,0.427
1751285532843,2025-06-30T15:12:12.843,14.160,-2.683,1.524,0.427
1751285532853,2025-06-30T15:12:12.853,14.170,-2.805,1.646,0.427
1751285532863,2025-06-30T15:12:12.863,14.180,-2.805,1.463,0.427
1751285532873,2025-06-30T15:12:12.873,14.190,-3.049,0.305,0.366
1751285532883,2025-06-30T15:12:12.883,14.200,-3.476,-1.890,0.366
1751285532893,2025-06-30T15:12:12.893,14.210,-3.780,-6.037,0.183
1751285532903,2025-06-30T15:12:12.903,14.220,-3.963,-12.073,-0.061
1751285532913,2025-06-30T15:12:12.913,14.230,-4.695,-21.707,-0.671
1751285532923,2025-06-30T15:12:12.923,14.240,-6.037,-35.183,-1.585
1751285532933,2025-06-30T15:12:12.933,14.250,-7.378,-52.195,-2.317
1751285532943,2025-06-30T15:12:12.943,14.260,-8.780,-73.780,-3.720
1751285532953,2025-06-30T15:12:12.953,14.270,-10.976,-99.817,-5.915
1751285532963,2025-06-30T15:12:12.963,14.280,-13.171,-127.256,-8.963
1751285532973,2025-06-30T15:12:12.973,14.290,-15.183,-153.720,-12.134
1751285532983,2025-06-30T15:12:12.983,14.300,-16.707,-177.927,-14.817
1751285532993,2025-06-30T15:12:12.993,14.310,-17.561,-200.122,-17.866
1751285533003,2025-06-30T15:12:13.003,14.320,-20.427,-223.720,-21.037
1751285533013,2025-06-30T15:12:13.013,14.330,-25.976,-249.939,-21.463
1751285533023,2025-06-30T15:12:13.023,14.340,-31.280,-279.878,-19.329
1751285533033,2025-06-30T15:12:13.033,14.350,-38.902,-321.585,-17.134
1751285533043,2025-06-30T15:12:13.043,14.360,-49.329,-372.927,-11.890
1751285533053,2025-06-30T15:12:13.053,14.370,-58.963,-417.805,-3.415
1751285533063,2025-06-30T15:12:13.063,14.380,-67.073,-445.305,2.012
1751285533073,2025-06-30T15:12:13.073,14.390,-69.939,-445.610,3.659
1751285533083,2025-06-30T15:12:13.083,14.400,-70.000,-415.244,5.610
1751285533093,2025-06-30T15:12:13.093,14.410,-65.244,-365.183,8.171
1751285533103,2025-06-30T15:12:13.103,14.420,-59.878,-315.793,7.195
1751285533113,2025-06-30T15:12:13.113,14.430,-54.756,-275.732,4.390
1751285533123,2025-06-30T15:12:13.123,14.440,-48.293,-244.878,3.171
1751285533133,2025-06-30T15:12:13.133,14.450,-41.220,-213.415,3.841
1751285533143,2025-06-30T15:12:13.143,14.460,-34.329,-175.122,4.451
1751285533153,2025-06-30T15:12:13.153,14.470,-28.293,-130.976,5.305
1751285533163,2025-06-30T15:12:13.163,14.480,-22.134,-85.976,5.183
1751285533173,2025-06-30T15:12:13.173,14.490,-16.220,-46.463,4.329
1751285533183,2025-06-30T15:12:13.183,14.500,-10.610,-13.354,4.878
1751285533193,2025-06-30T15:12:13.193,14.510,-5.244,14.451,5.427
1751285533203,2025-06-30T15:12:13.203,14.520,-1.098,34.756,4.878
1751285533213,2025-06-30T15:12:13.213,14.530,1.646,47.012,5.183
1751285533223,2025-06-30T15:12:13.223,14.540,3.537,51.341,6.037
1751285533233,2025-06-30T15:12:13.233,14.550,4.329,49.939,6.768
1751285533243,2025-06-30T15:12:13.243,14.560,4.207,47.317,7.561
1751285533253,2025-06-30T15:12:13.253,14.570,3.963,49.939,8.293
1751285533263,2025-06-30T15:12:13.263,14.580,5.671,60.610,8.780
1751285533273,2025-06-30T15:12:13.273,14.590,9.268,83.963,9.268
1751285533283,2025-06-30T15:12:13.283,14.600,13.354,119.268,9.695
1751285533293,2025-06-30T15:12:13.293,14.610,19.390,165.061,10.854
1751285533303,2025-06-30T15:12:13.303,14.620,28.110,212.317,11.707
1751285533313,2025-06-30T15:12:13.313,14.630,37.134,258.293,11.280
1751285533323,2025-06-30T15:12:13.323,14.640,45.488,298.354,9.756
1751285533333,2025-06-30T15:12:13.333,14.650,53.720,332.134,8.963
1751285533343,2025-06-30T15:12:13.343,14.660,60.671,358.780,8.780
1751285533353,2025-06-30T15:12:13.353,14.670,66.037,377.012,8.841
1751285533363,2025-06-30T15:12:13.363,14.680,68.110,385.732,9.451
1751285533373,2025-06-30T15:12:13.373,14.690,67.500,385.366,10.000
1751285533383,2025-06-30T15:12:13.383,14.700,64.390,377.317,9.817
1751285533393,2025-06-30T15:12:13.393,14.710,61.280,362.256,9.512
1751285533403,2025-06-30T15:12:13.403,14.720,57.012,339.878,7.805
1751285533413,2025-06-30T15:12:13.413,14.730,53.049,310.366,5.244
1751285533423,2025-06-30T15:12:13.423,14.740,48.720,271.159,2.805
1751285533433,2025-06-30T15:12:13.433,14.750,42.500,221.402,-0.183
1751285533443,2025-06-30T15:12:13.443,14.760,34.451,165.793,-2.134
1751285533453,2025-06-30T15:12:13.453,14.770,26.951,112.073,-2.256
1751285533463,2025-06-30T15:12:13.463,14.780,20.488,66.463,-2.134
1751285533473,2025-06-30T15:12:13.473,14.790,15.427,31.707,-2.012
1751285533483,2025-06-30T15:12:13.483,14.800,11.463,8.232,-1.585
1751285533493,2025-06-30T15:12:13.493,14.810,8.902,-5.671,-0.793
1751285533503,2025-06-30T15:12:13.503,14.820,7.378,-10.793,-0.061
1751285533513,2025-06-30T15:12:13.513,14.830,6.951,-7.805,1.220
1751285533523,2025-06-30T15:12:13.523,14.840,7.500,0.244,2.683
1751285533533,2025-06-30T15:12:13.533,14.850,8.537,11.159,3.902
1751285533543,2025-06-30T15:12:13.543,14.860,9.390,21.159,4.634
1751285533553,2025-06-30T15:12:13.553,14.870,9.878,26.951,5.000
1751285533563,2025-06-30T15:12:13.563,14.880,9.939,29.329,4.817
1751285533573,2025-06-30T15:12:13.573,14.890,9.390,28.963,4.512
1751285533583,2025-06-30T15:12:13.583,14.900,8.476,25.366,3.963
1751285533593,2025-06-30T15:12:13.593,14.910,7.622,18.902,3.476
1751285533603,2025-06-30T15:12:13.603,14.920,6.159,11.768,3.049
1751285533613,2025-06-30T15:12:13.613,14.930,4.756,5.122,2.683
1751285533623,2025-06-30T15:12:13.623,14.940,3.659,-0.549,2.500
1751285533633,2025-06-30T15:12:13.633,14.950,2.561,-3.720,2.378
1751285533643,2025-06-30T15:12:13.643,14.960,2.073,-3.841,2.378
1751285533653,2025-06-30T15:12:13.653,14.970,2.012,-1.768,2.439
1751285533663,2025-06-30T15:12:13.663,14.980,2.012,0.549,2.439
1751285533673,2025-06-30T15:12:13.673,14.990,1.951,2.012,2.439
1751285533683,2025-06-30T15:12:13.683,15.000,1.646,1.768,2.012
1751285533693,2025-06-30T15:12:13.693,15.010,0.793,-1.098,1.524
1751285533703,2025-06-30T15:12:13.703,15.020,-0.488,-7.927,0.793
1751285533713,2025-06-30T15:12:13.713,15.030,-2.012,-16.402,-0.061
1751285533723,2025-06-30T15:12:13.723,15.040,-3.598,-25.427,-0.610
1751285533733,2025-06-30T15:12:13.733,15.050,-5.305,-37.012,-0.854
1751285533743,2025-06-30T15:12:13.743,15.060,-7.195,-53.354,-0.976
1751285533753,2025-06-30T15:12:13.753,15.070,-9.695,-73.598,-1.098
1751285533763,2025-06-30T15:12:13.763,15.080,-12.805,-96.037,-1.280
1751285533773,2025-06-30T15:12:13.773,15.090,-16.159,-120.244,-1.280
1751285533783,2025-06-30T15:12:13.783,15.100,-20.122,-145.732,-0.915
1751285533793,2025-06-30T15:12:13.793,15.110,-23.841,-172.561,-0.610
1751285533803,2025-06-30T15:12:13.803,15.120,-27.927,-201.402,-0.549
1751285533813,2025-06-30T15:12:13.813,15.130,-31.707,-240.244,-0.732
1751285533823,2025-06-30T15:12:13.823,15.140,-39.512,-295.366,-0.488
1751285533833,2025-06-30T15:12:13.833,15.150,-50.732,-364.329,1.768
1751285533843,2025-06-30T15:12:13.843,15.160,-62.927,-433.841,5.061
1751285533853,2025-06-30T15:12:13.853,15.170,-71.768,-487.134,8.110
1751285533863,2025-06-30T15:12:13.863,15.180,-78.049,-507.195,10.915
1751285533873,2025-06-30T15:12:13.873,15.190,-78.049,-488.171,12.012
1751285533883,2025-06-30T15:12:13.883,15.200,-75.793,-436.951,10.000
1751285533893,2025-06-30T15:12:13.893,15.210,-69.878,-366.951,8.049
1751285533903,2025-06-30T15:12:13.903,15.220,-60.305,-294.817,6.220
1751285533913,2025-06-30T15:12:13.913,15.230,-49.634,-233.841,4.146
1751285533923,2025-06-30T15:12:13.923,15.240,-40.488,-187.866,3.780
1751285533933,2025-06-30T15:12:13.933,15.250,-32.744,-145.549,5.183
1751285533943,2025-06-30T15:12:13.943,15.260,-24.878,-100.976,5.671
1751285533953,2025-06-30T15:12:13.953,15.270,-17.561,-57.866,4.878
1751285533963,2025-06-30T15:12:13.963,15.280,-11.951,-23.171,3.537
1751285533973,2025-06-30T15:12:13.973,15.290,-7.927,1.159,2.561
1751285533983,2025-06-30T15:12:13.983,15.300,-4.939,16.951,2.744
1751285533993,2025-06-30T15:12:13.993,15.310,-2.744,27.073,2.805
1751285534003,2025-06-30T15:12:14.003,15.320,-1.098,35.000,2.561
1751285534013,2025-06-30T15:12:14.013,15.330,-0.122,39.695,2.073
1751285534023,2025-06-30T15:12:14.023,15.340,0.366,41.159,1.463
1751285534033,2025-06-30T15:12:14.033,15.350,0.854,41.890,1.098
1751285534043,2025-06-30T15:12:14.043,15.360,1.585,45.915,0.854
1751285534053,2025-06-30T15:12:14.053,15.370,3.293,56.037,0.610
1751285534063,2025-06-30T15:12:14.063,15.380,5.549,73.354,0.732
1751285534073,2025-06-30T15:12:14.073,15.390,8.780,98.293,1.159
1751285534083,2025-06-30T15:12:14.083,15.400,13.659,131.098,1.220
1751285534093,2025-06-30T15:12:14.093,15.410,20.000,169.146,0.854
1751285534103,2025-06-30T15:12:14.103,15.420,27.439,209.451,0.366
1751285534113,2025-06-30T15:12:14.113,15.430,35.854,249.756,-0.061
1751285534123,2025-06-30T15:12:14.123,15.440,44.390,286.768,-0.671
1751285534133,2025-06-30T15:12:14.133,15.450,52.378,318.293,-1.159
1751285534143,2025-06-30T15:12:14.143,15.460,58.598,342.927,-0.976
1751285534153,2025-06-30T15:12:14.153,15.470,62.134,358.415,0.000
1751285534163,2025-06-30T15:12:14.163,15.480,63.537,363.659,0.366
1751285534173,2025-06-30T15:12:14.173,15.490,63.720,358.537,0.671
1751285534183,2025-06-30T15:12:14.183,15.500,62.317,344.878,1.402
1751285534193,2025-06-30T15:12:14.193,15.510,59.390,323.720,0.793
1751285534203,2025-06-30T15:12:14.203,15.520,55.610,298.049,-0.488
1751285534213,2025-06-30T15:12:14.213,15.530,51.341,267.195,-1.524
1751285534223,2025-06-30T15:12:14.223,15.540,47.256,230.061,-3.293
1751285534233,2025-06-30T15:12:14.233,15.550,40.976,188.049,-5.366
1751285534243,2025-06-30T15:12:14.243,15.560,33.841,143.537,-6.280
1751285534253,2025-06-30T15:12:14.253,15.570,27.073,101.890,-5.915
1751285534263,2025-06-30T15:12:14.263,15.580,21.220,66.524,-4.878
1751285534273,2025-06-30T15:12:14.273,15.590,16.037,38.720,-3.354
1751285534283,2025-06-30T15:12:14.283,15.600,11.768,18.841,-1.585
1751285534293,2025-06-30T15:12:14.293,15.610,8.110,6.707,-0.244
1751285534303,2025-06-30T15:12:14.303,15.620,6.098,2.134,1.220
1751285534313,2025-06-30T15:12:14.313,15.630,5.610,3.354,2.317
1751285534323,2025-06-30T15:12:14.323,15.640,5.305,8.110,3.049
1751285534333,2025-06-30T15:12:14.333,15.650,5.671,14.085,3.659
1751285534343,2025-06-30T15:12:14.343,15.660,6.463,20.000,3.598
1751285534353,2025-06-30T15:12:14.353,15.670,6.890,24.939,3.354
1751285534363,2025-06-30T15:12:14.363,15.680,7.073,28.110,2.866
1751285534373,2025-06-30T15:12:14.373,15.690,6.829,28.476,2.134
1751285534383,2025-06-30T15:12:14.383,15.700,6.159,26.585,1.220
1751285534393,2025-06-30T15:12:14.393,15.710,5.488,23.902,0.671
1751285534403,2025-06-30T15:12:14.403,15.720,5.000,20.976,0.366
1751285534413,2025-06-30T15:12:14.413,15.730,4.573,17.805,0.366
1751285534423,2025-06-30T15:12:14.423,15.740,3.902,14.268,0.183
1751285534433,2025-06-30T15:12:14.433,15.750,3.171,11.585,0.305
1751285534443,2025-06-30T15:12:14.443,15.760,2.256,9.939,0.244
1751285534453,2025-06-30T15:12:14.453,15.770,1.220,8.902,-0.061
1751285534463,2025-06-30T15:12:14.463,15.780,0.305,8.476,-0.183
1751285534473,2025-06-30T15:12:14.473,15.790,-0.732,8.537,-0.244
1751285534483,2025-06-30T15:12:14.483,15.800,-1.707,8.841,-0.244
1751285534493,2025-06-30T15:12:14.493,15.810,-2.134,9.634,-0.305
1751285534503,2025-06-30T15:12:14.503,15.820,-1.951,10.366,-0.671
1751285534513,2025-06-30T15:12:14.513,15.830,-1.951,10.000,-0.854
1751285534523,2025-06-30T15:12:14.523,15.840,-2.195,8.049,-0.793
1751285534533,2025-06-30T15:12:14.533,15.850,-2.622,4.695,-1.037
1751285534543,2025-06-30T15:12:14.543,15.860,-3.171,1.037,-1.220
1751285534553,2025-06-30T15:12:14.553,15.870,-3.720,-3.720,-1.159
1751285534563,2025-06-30T15:12:14.563,15.880,-4.085,-10.671,-1.341
1751285534573,2025-06-30T15:12:14.573,15.890,-4.817,-21.524,-1.585
1751285534583,2025-06-30T15:12:14.583,15.900,-6.341,-37.195,-1.585
1751285534593,2025-06-30T15:12:14.593,15.910,-7.988,-57.256,-1.280
1751285534603,2025-06-30T15:12:14.603,15.920,-10.366,-83.293,-1.098
1751285534613,2025-06-30T15:12:14.613,15.930,-13.537,-115.122,-1.098
1751285534623,2025-06-30T15:12:14.623,15.940,-17.439,-152.927,-1.159
1751285534633,2025-06-30T15:12:14.633,15.950,-23.415,-203.232,-1.098
1751285534643,2025-06-30T15:12:14.643,15.960,-34.390,-268.293,0.366
1751285534653,2025-06-30T15:12:14.653,15.970,-49.207,-339.512,3.537
1751285534663,2025-06-30T15:12:14.663,15.980,-61.829,-404.085,7.622
1751285534673,2025-06-30T15:12:14.673,15.990,-70.488,-448.902,11.646
1751285534683,2025-06-30T15:12:14.683,16.000,-74.207,-469.878,14.573
1751285534693,2025-06-30T15:12:14.693,16.010,-76.463,-463.171,16.585
1751285534703,2025-06-30T15:12:14.703,16.020,-74.451,-429.939,19.573
1751285534713,2025-06-30T15:12:14.713,16.030,-68.780,-377.683,19.512
1751285534723,2025-06-30T15:12:14.723,16.040,-63.476,-325.244,15.488
1751285534733,2025-06-30T15:12:14.733,16.050,-59.329,-281.707,12.256
1751285534743,2025-06-30T15:12:14.743,16.060,-53.841,-251.220,10.610
1751285534753,2025-06-30T15:12:14.753,16.070,-48.902,-231.037,7.622
1751285534763,2025-06-30T15:12:14.763,16.080,-45.793,-216.890,5.000
1751285534773,2025-06-30T15:12:14.773,16.090,-43.780,-200.976,4.817
1751285534783,2025-06-30T15:12:14.783,16.100,-40.549,-177.073,5.122
1751285534793,2025-06-30T15:12:14.793,16.110,-35.732,-145.061,4.268
1751285534803,2025-06-30T15:12:14.803,16.120,-30.305,-109.451,3.171
1751285534813,2025-06-30T15:12:14.813,16.130,-25.000,-73.476,2.805
1751285534823,2025-06-30T15:12:14.823,16.140,-19.329,-37.744,2.317
1751285534833,2025-06-30T15:12:14.833,16.150,-13.293,-3.537,1.646
1751285534843,2025-06-30T15:12:14.843,16.160,-7.866,23.659,2.073
1751285534853,2025-06-30T15:12:14.853,16.170,-4.634,38.720,3.232
1751285534863,2025-06-30T15:12:14.863,16.180,-2.988,42.439,3.963
1751285534873,2025-06-30T15:12:14.873,16.190,-1.829,39.085,4.512
1751285534883,2025-06-30T15:12:14.883,16.200,-0.671,33.354,5.122
1751285534893,2025-06-30T15:12:14.893,16.210,-0.122,29.390,5.488
1751285534903,2025-06-30T15:12:14.903,16.220,1.159,29.268,5.488
1751285534913,2025-06-30T15:12:14.913,16.230,2.622,33.841,5.061
1751285534923,2025-06-30T15:12:14.923,16.240,3.963,49.085,4.756
1751285534933,2025-06-30T15:12:14.933,16.250,7.012,74.329,4.207
1751285534943,2025-06-30T15:12:14.943,16.260,12.500,107.805,2.866
1751285534953,2025-06-30T15:12:14.953,16.270,20.000,149.817,1.280
1751285534963,2025-06-30T15:12:14.963,16.280,28.720,197.683,-0.305
1751285534973,2025-06-30T15:12:14.973,16.290,37.927,246.220,-2.683
1751285534983,2025-06-30T15:12:14.983,16.300,47.195,291.585,-4.268
1751285534993,2025-06-30T15:12:14.993,16.310,56.463,333.659,-4.451
1751285535003,2025-06-30T15:12:15.003,16.320,65.976,370.244,-4.024
1751285535013,2025-06-30T15:12:15.013,16.330,73.659,398.902,-3.232
1751285535023,2025-06-30T15:12:15.023,16.340,78.780,418.110,-1.402
1751285535033,2025-06-30T15:12:15.033,16.350,81.402,426.280,1.890
1751285535043,2025-06-30T15:12:15.043,16.360,82.195,423.598,5.488
1751285535053,2025-06-30T15:12:15.053,16.370,80.976,411.524,7.805
1751285535063,2025-06-30T15:12:15.063,16.380,76.098,392.012,8.415
1751285535073,2025-06-30T15:12:15.073,16.390,70.793,364.512,9.451
1751285535083,2025-06-30T15:12:15.083,16.400,66.402,328.598,9.146
1751285535093,2025-06-30T15:12:15.093,16.410,59.634,284.939,5.122
1751285535103,2025-06-30T15:12:15.103,16.420,49.451,232.866,2.378
1751285535113,2025-06-30T15:12:15.113,16.430,39.207,178.902,1.220
1751285535123,2025-06-30T15:12:15.123,16.440,30.061,128.902,-0.671
1751285535133,2025-06-30T15:12:15.133,16.450,24.390,87.317,-3.476
1751285535143,2025-06-30T15:12:15.143,16.460,19.817,56.402,-5.183
1751285535153,2025-06-30T15:12:15.153,16.470,15.427,35.610,-5.549
1751285535163,2025-06-30T15:12:15.163,16.480,13.659,24.268,-5.305
1751285535173,2025-06-30T15:12:15.173,16.490,14.085,19.085,-4.329
1751285535183,2025-06-30T15:12:15.183,16.500,14.085,16.829,-2.866
1751285535193,2025-06-30T15:12:15.193,16.510,13.354,15.305,-0.793
1751285535203,2025-06-30T15:12:15.203,16.520,11.890,12.805,0.976
1751285535213,2025-06-30T15:12:15.213,16.530,10.610,9.512,1.951
1751285535223,2025-06-30T15:12:15.223,16.540,9.146,6.646,2.195
1751285535233,2025-06-30T15:12:15.233,16.550,7.744,3.293,1.585
1751285535243,2025-06-30T15:12:15.243,16.560,6.037,-1.037,0.854
1751285535253,2025-06-30T15:12:15.253,16.570,4.390,-4.695,0.549
1751285535263,2025-06-30T15:12:15.263,16.580,3.354,-5.732,0.549
1751285535273,2025-06-30T15:12:15.273,16.590,2.561,-4.634,0.488
1751285535283,2025-06-30T15:12:15.283,16.600,2.012,-3.354,0.488
1751285535293,2025-06-30T15:12:15.293,16.610,1.220,-1.707,0.793
1751285535303,2025-06-30T15:12:15.303,16.620,-0.305,-0.671,1.280
1751285535313,2025-06-30T15:12:15.313,16.630,-1.159,-0.854,1.402
1751285535323,2025-06-30T15:12:15.323,16.640,-1.890,-2.134,1.280
1751285535333,2025-06-30T15:12:15.333,16.650,-2.927,-3.902,1.280
1751285535343,2025-06-30T15:12:15.343,16.660,-3.841,-5.915,1.220
1751285535353,2025-06-30T15:12:15.353,16.670,-4.451,-7.439,1.037
1751285535363,2025-06-30T15:12:15.363,16.680,-4.573,-9.207,0.793
1751285535373,2025-06-30T15:12:15.373,16.690,-4.756,-11.280,0.366
1751285535383,2025-06-30T15:12:15.383,16.700,-5.183,-14.817,0.183
1751285535393,2025-06-30T15:12:15.393,16.710,-5.671,-22.134,-0.244
1751285535403,2025-06-30T15:12:15.403,16.720,-6.585,-33.659,-0.976
1751285535413,2025-06-30T15:12:15.413,16.730,-7.561,-48.963,-2.195
1751285535423,2025-06-30T15:12:15.423,16.740,-8.963,-66.890,-4.146
1751285535433,2025-06-30T15:12:15.433,16.750,-9.756,-86.951,-6.524
1751285535443,2025-06-30T15:12:15.443,16.760,-10.366,-110.366,-9.634
1751285535453,2025-06-30T15:12:15.453,16.770,-11.951,-136.402,-12.500
1751285535463,2025-06-30T15:12:15.463,16.780,-13.232,-163.293,-14.817
1751285535473,2025-06-30T15:12:15.473,16.790,-15.915,-193.598,-17.195
1751285535483,2025-06-30T15:12:15.483,16.800,-21.159,-230.793,-17.500
1751285535493,2025-06-30T15:12:15.493,16.810,-29.207,-279.512,-15.366
1751285535503,2025-06-30T15:12:15.503,16.820,-41.890,-339.756,-11.768
1751285535513,2025-06-30T15:12:15.513,16.830,-56.098,-402.866,-6.098
1751285535523,2025-06-30T15:12:15.523,16.840,-68.354,-455.732,0.732
1751285535533,2025-06-30T15:12:15.533,16.850,-75.488,-484.817,6.402
1751285535543,2025-06-30T15:12:15.543,16.860,-79.329,-489.573,9.878
1751285535553,2025-06-30T15:12:15.553,16.870,-80.122,-469.939,12.439
1751285535563,2025-06-30T15:12:15.563,16.880,-78.415,-428.963,14.939
1751285535573,2025-06-30T15:12:15.573,16.890,-74.573,-379.634,14.451
1751285535583,2025-06-30T15:12:15.583,16.900,-69.451,-334.024,9.939
1751285535593,2025-06-30T15:12:15.593,16.910,-63.902,-299.207,5.488
1751285535603,2025-06-30T15:12:15.603,16.920,-59.146,-278.049,3.354
1751285535613,2025-06-30T15:12:15.613,16.930,-55.427,-263.415,3.049
1751285535623,2025-06-30T15:12:15.623,16.940,-51.707,-246.463,3.171
1751285535633,2025-06-30T15:12:15.633,16.950,-46.646,-225.488,3.537
1751285535643,2025-06-30T15:12:15.643,16.960,-42.683,-199.939,3.841
1751285535653,2025-06-30T15:12:15.653,16.970,-38.720,-169.817,4.207
1751285535663,2025-06-30T15:12:15.663,16.980,-33.171,-134.085,5.122
1751285535673,2025-06-30T15:12:15.673,16.990,-26.829,-93.902,5.000
1751285535683,2025-06-30T15:12:15.683,17.000,-20.366,-49.878,3.598
1751285535693,2025-06-30T15:12:15.693,17.010,-14.268,-8.476,1.768
1751285535703,2025-06-30T15:12:15.703,17.020,-8.537,25.427,0.549
1751285535713,2025-06-30T15:12:15.713,17.030,-3.780,48.598,0.000
1751285535723,2025-06-30T15:12:15.723,17.040,0.122,60.915,0.000
1751285535733,2025-06-30T15:12:15.733,17.050,3.110,63.598,0.244
1751285535743,2025-06-30T15:12:15.743,17.060,4.817,62.012,0.671
1751285535753,2025-06-30T15:12:15.753,17.070,6.280,64.146,1.037
1751285535763,2025-06-30T15:12:15.763,17.080,8.232,76.098,1.220
1751285535773,2025-06-30T15:12:15.773,17.090,11.463,100.183,1.220
1751285535783,2025-06-30T15:12:15.783,17.100,16.220,137.256,0.976
1751285535793,2025-06-30T15:12:15.793,17.110,22.683,186.463,0.427
1751285535803,2025-06-30T15:12:15.803,17.120,31.463,242.195,-0.549
1751285535813,2025-06-30T15:12:15.813,17.130,42.134,298.537,-1.829
1751285535823,2025-06-30T15:12:15.823,17.140,53.415,351.951,-3.415
1751285535833,2025-06-30T15:12:15.833,17.150,63.963,401.646,-4.146
1751285535843,2025-06-30T15:12:15.843,17.160,74.146,445.244,-3.415
1751285535853,2025-06-30T15:12:15.853,17.170,82.988,479.207,-1.463
1751285535863,2025-06-30T15:12:15.863,17.180,89.146,500.427,1.280
1751285535873,2025-06-30T15:12:15.873,17.190,90.549,506.768,3.841
1751285535883,2025-06-30T15:12:15.883,17.200,88.659,499.817,6.220
1751285535893,2025-06-30T15:12:15.893,17.210,86.341,477.073,7.866
1751285535903,2025-06-30T15:12:15.903,17.220,80.915,440.000,7.134
1751285535913,2025-06-30T15:12:15.913,17.230,73.110,389.512,6.098
1751285535923,2025-06-30T15:12:15.923,17.240,64.024,327.378,3.537
1751285535933,2025-06-30T15:12:15.933,17.250,53.963,256.524,-0.549
1751285535943,2025-06-30T15:12:15.943,17.260,42.744,182.256,-3.049
1751285535953,2025-06-30T15:12:15.953,17.270,32.317,113.293,-3.963
1751285535963,2025-06-30T15:12:15.963,17.280,22.073,53.902,-4.390
1751285535973,2025-06-30T15:12:15.973,17.290,13.110,9.451,-4.939
1751285535983,2025-06-30T15:12:15.983,17.300,7.500,-16.463,-4.878
1751285535993,2025-06-30T15:12:15.993,17.310,5.000,-24.939,-3.963
1751285536003,2025-06-30T15:12:16.003,17.320,5.427,-19.390,-1.951
1751285536013,2025-06-30T15:12:16.013,17.330,6.768,-7.500,0.854
1751285536023,2025-06-30T15:12:16.023,17.340,8.232,2.439,3.354
1751285536033,2025-06-30T15:12:16.033,17.350,8.720,7.378,4.817
1751285536043,2025-06-30T15:12:16.043,17.360,8.293,8.476,5.610
1751285536053,2025-06-30T15:12:16.053,17.370,7.073,6.646,5.366
1751285536063,2025-06-30T15:12:16.063,17.380,5.488,2.561,4.146
1751285536073,2025-06-30T15:12:16.073,17.390,3.780,-2.378,2.805
1751285536083,2025-06-30T15:12:16.083,17.400,2.134,-6.829,1.463
1751285536093,2025-06-30T15:12:16.093,17.410,0.671,-9.207,0.610
1751285536103,2025-06-30T15:12:16.103,17.420,-0.122,-7.988,0.488
1751285536113,2025-06-30T15:12:16.113,17.430,0.427,-2.683,0.610
1751285536123,2025-06-30T15:12:16.123,17.440,1.341,3.963,0.793
1751285536133,2025-06-30T15:12:16.133,17.450,1.585,8.720,1.341
1751285536143,2025-06-30T15:12:16.143,17.460,1.098,10.305,1.585
1751285536153,2025-06-30T15:12:16.153,17.470,0.122,9.451,1.524
1751285536163,2025-06-30T15:12:16.163,17.480,-0.976,6.890,1.341
1751285536173,2025-06-30T15:12:16.173,17.490,-1.951,2.378,0.793
1751285536183,2025-06-30T15:12:16.183,17.500,-3.171,-2.561,0.549
1751285536193,2025-06-30T15:12:16.193,17.510,-4.329,-7.073,0.488
1751285536203,2025-06-30T15:12:16.203,17.520,-4.939,-10.854,-0.061
1751285536213,2025-06-30T15:12:16.213,17.530,-5.061,-13.659,-0.427
1751285536223,2025-06-30T15:12:16.223,17.540,-5.183,-17.927,-0.488
1751285536233,2025-06-30T15:12:16.233,17.550,-5.610,-25.427,-0.793
1751285536243,2025-06-30T15:12:16.243,17.560,-6.768,-35.793,-1.037
1751285536253,2025-06-30T15:12:16.253,17.570,-8.354,-48.049,-1.098
1751285536263,2025-06-30T15:12:16.263,17.580,-10.366,-60.854,-1.280
1751285536273,2025-06-30T15:12:16.273,17.590,-12.439,-71.646,-1.463
1751285536283,2025-06-30T15:12:16.283,17.600,-13.415,-79.451,-1.098
1751285536293,2025-06-30T15:12:16.293,17.610,-13.659,-85.244,-0.549
1751285536303,2025-06-30T15:12:16.303,17.620,-14.024,-90.366,0.000
1751285536313,2025-06-30T15:12:16.313,17.630,-15.122,-94.329,0.488
1751285536323,2025-06-30T15:12:16.323,17.640,-16.585,-99.817,0.915
1751285536333,2025-06-30T15:12:16.333,17.650,-19.512,-111.585,0.915
1751285536343,2025-06-30T15:12:16.343,17.660,-22.622,-127.622,0.671
1751285536353,2025-06-30T15:12:16.353,17.670,-24.634,-142.744,0.915
1751285536363,2025-06-30T15:12:16.363,17.680,-26.280,-154.390,1.524
1751285536373,2025-06-30T15:12:16.373,17.690,-27.683,-162.073,1.951
1751285536383,2025-06-30T15:12:16.383,17.700,-27.622,-164.390,2.073
1751285536393,2025-06-30T15:12:16.393,17.710,-26.463,-161.951,1.159
1751285536403,2025-06-30T15:12:16.403,17.720,-25.366,-158.902,-0.793
1751285536413,2025-06-30T15:12:16.413,17.730,-24.085,-159.390,-2.805
1751285536423,2025-06-30T15:12:16.423,17.740,-23.902,-171.402,-5.000
1751285536433,2025-06-30T15:12:16.433,17.750,-27.927,-207.683,-6.646
1751285536443,2025-06-30T15:12:16.443,17.760,-38.110,-269.756,-6.463
1751285536453,2025-06-30T15:12:16.453,17.770,-50.488,-345.915,-4.573
1751285536463,2025-06-30T15:12:16.463,17.780,-63.902,-415.183,-2.683
1751285536473,2025-06-30T15:12:16.473,17.790,-72.866,-455.366,-0.793
1751285536483,2025-06-30T15:12:16.483,17.800,-76.768,-458.902,0.915
1751285536493,2025-06-30T15:12:16.493,17.810,-76.220,-425.549,1.585
1751285536503,2025-06-30T15:12:16.503,17.820,-71.768,-369.329,1.402
1751285536513,2025-06-30T15:12:16.513,17.830,-64.756,-306.829,0.305
1751285536523,2025-06-30T15:12:16.523,17.840,-57.073,-254.573,-1.707
1751285536533,2025-06-30T15:12:16.533,17.850,-51.037,-219.146,-2.256
1751285536543,2025-06-30T15:12:16.543,17.860,-45.793,-193.171,-1.159
1751285536553,2025-06-30T15:12:16.553,17.870,-40.671,-166.951,-0.366
1751285536563,2025-06-30T15:12:16.563,17.880,-36.037,-135.061,-0.488
1751285536573,2025-06-30T15:12:16.573,17.890,-31.646,-100.122,-1.463
1751285536583,2025-06-30T15:12:16.583,17.900,-27.195,-66.463,-2.378
1751285536593,2025-06-30T15:12:16.593,17.910,-22.256,-34.573,-2.988
1751285536603,2025-06-30T15:12:16.603,17.920,-16.707,-2.927,-3.232
1751285536613,2025-06-30T15:12:16.613,17.930,-10.732,26.585,-2.805
1751285536623,2025-06-30T15:12:16.623,17.940,-6.098,50.183,-2.134
1751285536633,2025-06-30T15:12:16.633,17.950,-2.561,64.451,-1.768
1751285536643,2025-06-30T15:12:16.643,17.960,-0.305,68.171,-1.463
1751285536653,2025-06-30T15:12:16.653,17.970,0.610,65.976,-1.037
1751285536663,2025-06-30T15:12:16.663,17.980,1.463,65.793,-0.793
1751285536673,2025-06-30T15:12:16.673,17.990,2.988,73.841,-0.671
1751285536683,2025-06-30T15:12:16.683,18.000,5.732,93.537,-0.488
1751285536693,2025-06-30T15:12:16.693,18.010,10.305,124.756,-0.305
1751285536703,2025-06-30T15:12:16.703,18.020,16.890,163.963,-0.549
1751285536713,2025-06-30T15:12:16.713,18.030,24.329,206.829,-1.098
1751285536723,2025-06-30T15:12:16.723,18.040,32.012,250.305,-1.280
1751285536733,2025-06-30T15:12:16.733,18.050,40.183,292.988,-0.976
1751285536743,2025-06-30T15:12:16.743,18.060,48.476,332.988,-0.915
1751285536753,2025-06-30T15:12:16.753,18.070,56.098,367.256,-0.793
1751285536763,2025-06-30T15:12:16.763,18.080,62.561,393.293,0.061
1751285536773,2025-06-30T15:12:16.773,18.090,67.744,407.927,1.646
1751285536783,2025-06-30T15:12:16.783,18.100,70.122,410.976,3.598
1751285536793,2025-06-30T15:12:16.793,18.110,69.207,404.085,5.000
1751285536803,2025-06-30T15:12:16.803,18.120,66.463,387.927,5.671
1751285536813,2025-06-30T15:12:16.813,18.130,63.110,361.829,5.671
1751285536823,2025-06-30T15:12:16.823,18.140,58.415,328.415,5.427
1751285536833,2025-06-30T15:12:16.833,18.150,52.927,289.817,4.512
1751285536843,2025-06-30T15:12:16.843,18.160,47.256,246.646,2.317
1751285536853,2025-06-30T15:12:16.853,18.170,40.244,199.329,-1.037
1751285536863,2025-06-30T15:12:16.863,18.180,32.805,150.061,-3.110
1751285536873,2025-06-30T15:12:16.873,18.190,25.671,104.207,-4.024
1751285536883,2025-06-30T15:12:16.883,18.200,19.329,65.488,-4.695
1751285536893,2025-06-30T15:12:16.893,18.210,13.963,33.049,-4.939
1751285536903,2025-06-30T15:12:16.903,18.220,10.000,8.476,-4.268
1751285536913,2025-06-30T15:12:16.913,18.230,7.195,-5.854,-2.622
1751285536923,2025-06-30T15:12:16.923,18.240,5.366,-11.037,-0.549
1751285536933,2025-06-30T15:12:16.933,18.250,4.085,-10.549,1.707
1751285536943,2025-06-30T15:12:16.943,18.260,3.476,-5.732,3.841
1751285536953,2025-06-30T15:12:16.953,18.270,3.293,1.280,5.244
1751285536963,2025-06-30T15:12:16.963,18.280,3.415,8.415,5.732
1751285536973,2025-06-30T15:12:16.973,18.290,3.659,14.695,5.488
1751285536983,2025-06-30T15:12:16.983,18.300,4.268,18.476,4.817
1751285536993,2025-06-30T15:12:16.993,18.310,4.878,19.451,4.207
1751285537003,2025-06-30T15:12:17.003,18.320,4.756,18.354,3.841
1751285537013,2025-06-30T15:12:17.013,18.330,4.451,15.610,3.415
1751285537023,2025-06-30T15:12:17.023,18.340,4.390,12.683,2.683
1751285537033,2025-06-30T15:12:17.033,18.350,4.390,10.732,1.951
1751285537043,2025-06-30T15:12:17.043,18.360,4.207,10.183,1.463
1751285537053,2025-06-30T15:12:17.053,18.370,4.146,10.854,1.037
1751285537063,2025-06-30T15:12:17.063,18.380,4.146,11.890,0.610
1751285537073,2025-06-30T15:12:17.073,18.390,3.902,13.476,0.305
1751285537083,2025-06-30T15:12:17.083,18.400,3.598,15.244,0.000
1751285537093,2025-06-30T15:12:17.093,18.410,3.171,16.646,-0.366
1751285537103,2025-06-30T15:12:17.103,18.420,2.622,17.073,-0.549
1751285537113,2025-06-30T15:12:17.113,18.430,1.524,16.159,-0.488
1751285537123,2025-06-30T15:12:17.123,18.440,0.488,13.841,-0.671
1751285537133,2025-06-30T15:12:17.133,18.450,-0.671,10.427,-0.976
1751285537143,2025-06-30T15:12:17.143,18.460,-1.768,6.768,-1.037
1751285537153,2025-06-30T15:12:17.153,18.470,-2.927,3.354,-1.159
1751285537163,2025-06-30T15:12:17.163,18.480,-3.963,1.037,-1.037
1751285537173,2025-06-30T15:12:17.173,18.490,-4.634,0.305,-0.671
1751285537183,2025-06-30T15:12:17.183,18.500,-5.427,0.000,-0.732
1751285537193,2025-06-30T15:12:17.193,18.510,-5.793,-1.341,-0.549
1751285537203,2025-06-30T15:12:17.203,18.520,-6.524,-5.061,-0.366
1751285537213,2025-06-30T15:12:17.213,18.530,-7.683,-11.585,-0.305
1751285537223,2025-06-30T15:12:17.223,18.540,-8.720,-19.756,-0.183
1751285537233,2025-06-30T15:12:17.233,18.550,-9.756,-31.341,-0.122
1751285537243,2025-06-30T15:12:17.243,18.560,-11.341,-48.476,-0.488
1751285537253,2025-06-30T15:12:17.253,18.570,-13.841,-69.085,-0.488
1751285537263,2025-06-30T15:12:17.263,18.580,-16.463,-91.463,-0.671
1751285537273,2025-06-30T15:12:17.273,18.590,-19.512,-114.573,-0.793
1751285537283,2025-06-30T15:12:17.283,18.600,-23.049,-136.768,-0.183
1751285537293,2025-06-30T15:12:17.293,18.610,-26.220,-157.317,0.610
1751285537303,2025-06-30T15:12:17.303,18.620,-28.415,-178.171,0.549
1751285537313,2025-06-30T15:12:17.313,18.630,-30.305,-205.488,-0.427
1751285537323,2025-06-30T15:12:17.323,18.640,-34.390,-247.927,-1.524
1751285537333,2025-06-30T15:12:17.333,18.650,-43.598,-300.305,-1.524
1751285537343,2025-06-30T15:12:17.343,18.660,-51.524,-354.573,-1.280
1751285537353,2025-06-30T15:12:17.353,18.670,-58.780,-400.305,-2.378
1751285537363,2025-06-30T15:12:17.363,18.680,-65.793,-437.256,-3.963
1751285537373,2025-06-30T15:12:17.373,18.690,-73.963,-454.085,-3.293
1751285537383,2025-06-30T15:12:17.383,18.700,-76.280,-447.317,-1.098
1751285537393,2025-06-30T15:12:17.393,18.710,-74.634,-417.256,-0.793
1751285537403,2025-06-30T15:12:17.403,18.720,-70.061,-370.549,-1.524
1751285537413,2025-06-30T15:12:17.413,18.730,-62.927,-313.171,-1.402
1751285537423,2025-06-30T15:12:17.423,18.740,-55.122,-258.659,-2.195
1751285537433,2025-06-30T15:12:17.433,18.750,-47.439,-209.634,-2.256
1751285537443,2025-06-30T15:12:17.443,18.760,-40.366,-170.061,-2.256
1751285537453,2025-06-30T15:12:17.453,18.770,-34.817,-137.256,-2.134
1751285537463,2025-06-30T15:12:17.463,18.780,-29.634,-106.280,-1.159
1751285537473,2025-06-30T15:12:17.473,18.790,-23.780,-76.098,-0.244
1751285537483,2025-06-30T15:12:17.483,18.800,-18.537,-46.098,0.671
1751285537493,2025-06-30T15:12:17.493,18.810,-13.963,-16.159,1.524
1751285537503,2025-06-30T15:12:17.503,18.820,-8.780,13.293,2.378
1751285537513,2025-06-30T15:12:17.513,18.830,-3.841,38.537,3.049
1751285537523,2025-06-30T15:12:17.523,18.840,0.244,57.805,4.146
1751285537533,2025-06-30T15:12:17.533,18.850,3.598,68.780,5.244
1751285537543,2025-06-30T15:12:17.543,18.860,5.427,72.073,6.037
1751285537553,2025-06-30T15:12:17.553,18.870,6.159,73.354,7.012
1751285537563,2025-06-30T15:12:17.563,18.880,7.195,79.024,7.683
1751285537573,2025-06-30T15:12:17.573,18.890,9.085,92.805,8.110
1751285537583,2025-06-30T15:12:17.583,18.900,12.195,116.890,8.293
1751285537593,2025-06-30T15:12:17.593,18.910,16.768,150.671,7.927
1751285537603,2025-06-30T15:12:17.603,18.920,22.988,192.012,7.378
1751285537613,2025-06-30T15:12:17.613,18.930,31.280,235.671,6.280
1751285537623,2025-06-30T15:12:17.623,18.940,40.732,279.329,5.488
1751285537633,2025-06-30T15:12:17.633,18.950,49.634,319.817,5.000
1751285537643,2025-06-30T15:12:17.643,18.960,57.744,352.927,4.756
1751285537653,2025-06-30T15:12:17.653,18.970,63.415,376.159,5.305
1751285537663,2025-06-30T15:12:17.663,18.980,66.890,388.232,6.220
1751285537673,2025-06-30T15:12:17.673,18.990,68.293,388.354,7.744
1751285537683,2025-06-30T15:12:17.683,19.000,67.073,378.598,9.634
1751285537693,2025-06-30T15:12:17.693,19.010,64.634,359.939,10.671
1751285537703,2025-06-30T15:12:17.703,19.020,60.915,334.207,10.305
1751285537713,2025-06-30T15:12:17.713,19.030,56.524,303.354,9.512
1751285537723,2025-06-30T15:12:17.723,19.040,52.378,267.927,7.744
1751285537733,2025-06-30T15:12:17.733,19.050,47.012,227.134,4.024
1751285537743,2025-06-30T15:12:17.743,19.060,40.793,181.707,1.220
1751285537753,2025-06-30T15:12:17.753,19.070,34.329,133.598,-0.305
1751285537763,2025-06-30T15:12:17.763,19.080,27.561,86.890,-1.524
1751285537773,2025-06-30T15:12:17.773,19.090,21.280,45.305,-1.585
1751285537783,2025-06-30T15:12:17.783,19.100,15.793,11.280,-1.585
1751285537793,2025-06-30T15:12:17.793,19.110,11.037,-13.598,-2.073
1751285537803,2025-06-30T15:12:17.803,19.120,7.683,-26.524,-1.524
1751285537813,2025-06-30T15:12:17.813,19.130,6.220,-27.256,-0.061
1751285537823,2025-06-30T15:12:17.823,19.140,6.402,-19.695,1.402
1751285537833,2025-06-30T15:12:17.833,19.150,7.256,-9.390,2.927
1751285537843,2025-06-30T15:12:17.843,19.160,7.927,-0.122,4.390
1751285537853,2025-06-30T15:12:17.853,19.170,8.354,6.707,5.061
1751285537863,2025-06-30T15:12:17.863,19.180,8.598,10.793,5.183
1751285537873,2025-06-30T15:12:17.873,19.190,8.354,12.439,4.634
1751285537883,2025-06-30T15:12:17.883,19.200,7.988,11.646,3.537
1751285537893,2025-06-30T15:12:17.893,19.210,7.378,8.902,1.951
1751285537903,2025-06-30T15:12:17.903,19.220,6.768,6.098,0.732
1751285537913,2025-06-30T15:12:17.913,19.230,6.341,4.451,0.122
1751285537923,2025-06-30T15:12:17.923,19.240,5.793,3.720,-0.488
1751285537933,2025-06-30T15:12:17.933,19.250,5.427,5.000,-0.488
1751285537943,2025-06-30T15:12:17.943,19.260,5.488,7.439,-0.183
1751285537953,2025-06-30T15:12:17.953,19.270,5.183,9.634,-0.122
1751285537963,2025-06-30T15:12:17.963,19.280,4.390,11.098,0.183
1751285537973,2025-06-30T15:12:17.973,19.290,3.476,11.280,0.244
1751285537983,2025-06-30T15:12:17.983,19.300,2.317,8.902,-0.061
1751285537993,2025-06-30T15:12:17.993,19.310,0.854,4.634,-0.427
1751285538003,2025-06-30T15:12:18.003,19.320,-0.549,-0.183,-0.793
1751285538013,2025-06-30T15:12:18.013,19.330,-2.134,-5.671,-1.098
1751285538023,2025-06-30T15:12:18.023,19.340,-3.963,-13.049,-1.402
1751285538033,2025-06-30T15:12:18.033,19.350,-5.976,-24.756,-1.220
1751285538043,2025-06-30T15:12:18.043,19.360,-9.024,-44.939,-0.366
1751285538053,2025-06-30T15:12:18.053,19.370,-14.207,-73.354,1.402
1751285538063,2025-06-30T15:12:18.063,19.380,-20.549,-106.220,3.963
1751285538073,2025-06-30T15:12:18.073,19.390,-27.439,-138.659,6.646
1751285538083,2025-06-30T15:12:18.083,19.400,-33.659,-165.915,8.720
1751285538093,2025-06-30T15:12:18.093,19.410,-37.439,-187.012,10.244
1751285538103,2025-06-30T15:12:18.103,19.420,-39.085,-208.232,10.854
1751285538113,2025-06-30T15:12:18.113,19.430,-42.195,-233.476,10.305
1751285538123,2025-06-30T15:12:18.123,19.440,-46.585,-263.354,10.366
1751285538133,2025-06-30T15:12:18.133,19.450,-50.793,-301.829,10.305
1751285538143,2025-06-30T15:12:18.143,19.460,-57.927,-354.268,8.902
1751285538153,2025-06-30T15:12:18.153,19.470,-68.780,-413.841,8.598
1751285538163,2025-06-30T15:12:18.163,19.480,-80.061,-462.622,9.146
1751285538173,2025-06-30T15:12:18.173,19.490,-86.463,-487.256,7.866
1751285538183,2025-06-30T15:12:18.183,19.500,-89.085,-477.805,5.793
1751285538193,2025-06-30T15:12:18.193,19.510,-86.585,-434.024,3.293
1751285538203,2025-06-30T15:12:18.203,19.520,-78.110,-366.829,0.366
1751285538213,2025-06-30T15:12:18.213,19.530,-67.683,-298.780,-1.585
1751285538223,2025-06-30T15:12:18.223,19.540,-58.902,-247.805,-1.098
1751285538233,2025-06-30T15:12:18.233,19.550,-50.976,-212.439,0.732
1751285538243,2025-06-30T15:12:18.243,19.560,-44.146,-184.939,1.280
1751285538253,2025-06-30T15:12:18.253,19.570,-38.537,-154.634,2.073
1751285538263,2025-06-30T15:12:18.263,19.580,-33.110,-120.427,2.317
1751285538273,2025-06-30T15:12:18.273,19.590,-27.561,-86.829,1.707
1751285538283,2025-06-30T15:12:18.283,19.600,-21.463,-54.756,1.829
1751285538293,2025-06-30T15:12:18.293,19.610,-14.878,-21.280,3.049
1751285538303,2025-06-30T15:12:18.303,19.620,-8.354,14.024,3.720
1751285538313,2025-06-30T15:12:18.313,19.630,-2.378,44.573,3.659
1751285538323,2025-06-30T15:12:18.323,19.640,2.195,65.366,3.598
1751285538333,2025-06-30T15:12:18.333,19.650,5.122,73.049,3.841
1751285538343,2025-06-30T15:12:18.343,19.660,5.976,70.122,4.512
1751285538353,2025-06-30T15:12:18.353,19.670,6.341,64.939,5.244
1751285538363,2025-06-30T15:12:18.363,19.680,7.317,65.183,5.732
1751285538373,2025-06-30T15:12:18.373,19.690,8.963,75.000,6.159
1751285538383,2025-06-30T15:12:18.383,19.700,11.890,96.280,6.280
1751285538393,2025-06-30T15:12:18.393,19.710,16.646,128.780,5.976
1751285538403,2025-06-30T15:12:18.403,19.720,22.744,170.122,5.610
1751285538413,2025-06-30T15:12:18.413,19.730,30.732,216.463,4.512
1751285538423,2025-06-30T15:12:18.423,19.740,39.146,264.024,3.110
1751285538433,2025-06-30T15:12:18.433,19.750,48.171,308.841,2.317
1751285538443,2025-06-30T15:12:18.443,19.760,57.378,348.720,2.317
1751285538453,2025-06-30T15:12:18.453,19.770,65.549,381.829,3.110
1751285538463,2025-06-30T15:12:18.463,19.780,71.951,405.854,4.878
1751285538473,2025-06-30T15:12:18.473,19.790,76.524,419.390,7.073
1751285538483,2025-06-30T15:12:18.483,19.800,78.659,422.500,9.573
1751285538493,2025-06-30T15:12:18.493,19.810,78.110,416.463,11.524
1751285538503,2025-06-30T15:12:18.503,19.820,75.427,401.707,12.561
1751285538513,2025-06-30T15:12:18.513,19.830,71.951,379.329,13.354
1751285538523,2025-06-30T15:12:18.523,19.840,67.744,352.012,12.744
1751285538533,2025-06-30T15:12:18.533,19.850,62.378,319.085,11.098
1751285538543,2025-06-30T15:12:18.543,19.860,56.829,278.902,8.598
1751285538553,2025-06-30T15:12:18.553,19.870,50.061,231.524,5.366
1751285538563,2025-06-30T15:12:18.563,19.880,41.951,177.012,3.354
1751285538573,2025-06-30T15:12:18.573,19.890,33.476,120.244,2.683
1751285538583,2025-06-30T15:12:18.583,19.900,24.939,66.829,2.561
1751285538593,2025-06-30T15:12:18.593,19.910,17.622,21.585,2.866
1751285538603,2025-06-30T15:12:18.603,19.920,11.829,-11.890,2.927
1751285538613,2025-06-30T15:12:18.613,19.930,7.805,-32.012,3.537
1751285538623,2025-06-30T15:12:18.623,19.940,6.159,-38.720,4.329
1751285538633,2025-06-30T15:12:18.633,19.950,6.098,-34.268,4.939
1751285538643,2025-06-30T15:12:18.643,19.960,6.951,-23.659,5.610
1751285538653,2025-06-30T15:12:18.653,19.970,8.354,-9.939,6.037
1751285538663,2025-06-30T15:12:18.663,19.980,9.817,3.354,6.037
1751285538673,2025-06-30T15:12:18.673,19.990,11.098,12.988,6.037
1751285538683,2025-06-30T15:12:18.683,20.000,11.463,17.927,5.305
1751285538693,2025-06-30T15:12:18.693,20.010,10.915,18.354,4.268
1751285538703,2025-06-30T15:12:18.703,20.020,9.939,14.817,3.293
1751285538713,2025-06-30T15:12:18.713,20.030,8.537,9.146,2.500
1751285538723,2025-06-30T15:12:18.723,20.040,7.012,3.963,2.012
1751285538733,2025-06-30T15:12:18.733,20.050,5.732,0.610,1.829
1751285538743,2025-06-30T15:12:18.743,20.060,4.695,-0.671,1.951
1751285538753,2025-06-30T15:12:18.753,20.070,3.902,0.549,2.378
1751285538763,2025-06-30T15:12:18.763,20.080,3.232,2.927,2.866
1751285538773,2025-06-30T15:12:18.773,20.090,2.744,5.488,3.110
1751285538783,2025-06-30T15:12:18.783,20.100,1.768,7.622,3.171
1751285538793,2025-06-30T15:12:18.793,20.110,0.610,8.415,3.232
1751285538803,2025-06-30T15:12:18.803,20.120,-0.488,7.683,2.988
1751285538813,2025-06-30T15:12:18.813,20.130,-1.646,6.463,2.561
1751285538823,2025-06-30T15:12:18.823,20.140,-2.622,4.634,2.134
1751285538833,2025-06-30T15:12:18.833,20.150,-3.476,1.829,1.585
1751285538843,2025-06-30T15:12:18.843,20.160,-4.085,-1.037,1.037
1751285538853,2025-06-30T15:12:18.853,20.170,-4.756,-3.293,0.793
1751285538863,2025-06-30T15:12:18.863,20.180,-5.122,-5.671,0.488
1751285538873,2025-06-30T15:12:18.873,20.190,-5.427,-9.207,0.305
1751285538883,2025-06-30T15:12:18.883,20.200,-5.793,-16.159,0.305
1751285538893,2025-06-30T15:12:18.893,20.210,-6.524,-29.817,-0.061
1751285538903,2025-06-30T15:12:18.903,20.220,-8.354,-53.110,-0.854
1751285538913,2025-06-30T15:12:18.913,20.230,-9.512,-94.573,-2.073
1751285538923,2025-06-30T15:12:18.923,20.240,-15.183,-164.512,-3.354
1751285538933,2025-06-30T15:12:18.933,20.250,-29.451,-263.598,-2.927
1751285538943,2025-06-30T15:12:18.943,20.260,-51.098,-376.159,-1.098
1751285538953,2025-06-30T15:12:18.953,20.270,-70.305,-480.244,1.768
1751285538963,2025-06-30T15:12:18.963,20.280,-84.878,-555.854,6.098
1751285538973,2025-06-30T15:12:18.973,20.290,-92.012,-590.854,10.793
1751285538983,2025-06-30T15:12:18.983,20.300,-94.512,-579.573,14.146
1751285538993,2025-06-30T15:12:18.993,20.310,-92.805,-531.463,15.366
1751285539003,2025-06-30T15:12:19.003,20.320,-87.805,-462.988,12.927
1751285539013,2025-06-30T15:12:19.013,20.330,-82.134,-391.951,7.988
1751285539023,2025-06-30T15:12:19.023,20.340,-75.122,-332.500,3.841
1751285539033,2025-06-30T15:12:19.033,20.350,-67.134,-289.085,1.402
1751285539043,2025-06-30T15:12:19.043,20.360,-60.854,-259.695,1.768
1751285539053,2025-06-30T15:12:19.053,20.370,-55.549,-241.280,2.500
1751285539063,2025-06-30T15:12:19.063,20.380,-51.707,-225.976,2.134
1751285539073,2025-06-30T15:12:19.073,20.390,-47.378,-205.976,0.610
1751285539083,2025-06-30T15:12:19.083,20.400,-42.378,-181.098,-1.280
1751285539093,2025-06-30T15:12:19.093,20.410,-37.317,-152.805,-1.524
1751285539103,2025-06-30T15:12:19.103,20.420,-32.012,-120.793,-0.915
1751285539113,2025-06-30T15:12:19.113,20.430,-26.037,-83.902,-0.244
1751285539123,2025-06-30T15:12:19.123,20.440,-19.573,-43.841,-0.061
1751285539133,2025-06-30T15:12:19.133,20.450,-13.476,-5.854,-0.366
1751285539143,2025-06-30T15:12:19.143,20.460,-7.561,26.890,-0.976
1751285539153,2025-06-30T15:12:19.153,20.470,-1.646,53.780,-1.646
1751285539163,2025-06-30T15:12:19.163,20.480,3.110,74.695,-1.341
1751285539173,2025-06-30T15:12:19.173,20.490,7.317,90.793,-0.610
1751285539183,2025-06-30T15:12:19.183,20.500,11.402,101.585,-0.183
1751285539193,2025-06-30T15:12:19.193,20.510,14.634,109.024,1.341
1751285539203,2025-06-30T15:12:19.203,20.520,16.768,116.524,3.171
1751285539213,2025-06-30T15:12:19.213,20.530,18.415,128.963,4.756
1751285539223,2025-06-30T15:12:19.223,20.540,21.280,150.061,6.037
1751285539233,2025-06-30T15:12:19.233,20.550,25.915,181.280,7.317
1751285539243,2025-06-30T15:12:19.243,20.560,32.683,220.854,8.110
1751285539253,2025-06-30T15:12:19.253,20.570,40.427,262.988,7.073
1751285539263,2025-06-30T15:12:19.263,20.580,48.963,304.573,5.366
1751285539273,2025-06-30T15:12:19.273,20.590,58.537,344.573,4.512
1751285539283,2025-06-30T15:12:19.283,20.600,67.561,382.256,4.390
1751285539293,2025-06-30T15:12:19.293,20.610,75.488,415.366,5.244
1751285539303,2025-06-30T15:12:19.303,20.620,81.585,441.463,7.012
1751285539313,2025-06-30T15:12:19.313,20.630,84.878,457.378,10.244
1751285539323,2025-06-30T15:12:19.323,20.640,84.878,461.037,13.476
1751285539333,2025-06-30T15:12:19.333,20.650,82.378,452.500,15.488
1751285539343,2025-06-30T15:12:19.343,20.660,77.866,430.610,17.256
1751285539353,2025-06-30T15:12:19.353,20.670,71.829,395.366,17.866
1751285539363,2025-06-30T15:12:19.363,20.680,64.146,350.549,17.134
1751285539373,2025-06-30T15:12:19.373,20.690,56.707,297.317,15.793
1751285539383,2025-06-30T15:12:19.383,20.700,48.354,236.524,12.012
1751285539393,2025-06-30T15:12:19.393,20.710,39.207,172.256,7.988
1751285539403,2025-06-30T15:12:19.403,20.720,30.366,110.488,5.366
1751285539413,2025-06-30T15:12:19.413,20.730,22.744,55.915,2.988
1751285539423,2025-06-30T15:12:19.423,20.740,16.829,12.195,1.159
1751285539433,2025-06-30T15:12:19.433,20.750,11.646,-17.317,-0.305
1751285539443,2025-06-30T15:12:19.443,20.760,8.780,-31.646,-0.976
1751285539453,2025-06-30T15:12:19.453,20.770,8.110,-33.659,-0.732
1751285539463,2025-06-30T15:12:19.463,20.780,8.841,-26.768,-0.305
1751285539473,2025-06-30T15:12:19.473,20.790,10.122,-15.915,0.427
1751285539483,2025-06-30T15:12:19.483,20.800,11.159,-5.305,0.915
1751285539493,2025-06-30T15:12:19.493,20.810,12.012,3.902,1.098
1751285539503,2025-06-30T15:12:19.503,20.820,12.561,11.951,1.463
1751285539513,2025-06-30T15:12:19.513,20.830,12.866,18.293,0.976
1751285539523,2025-06-30T15:12:19.523,20.840,12.927,22.012,-0.183
1751285539533,2025-06-30T15:12:19.533,20.850,12.500,22.927,-0.671
1751285539543,2025-06-30T15:12:19.543,20.860,11.280,20.610,-0.793
1751285539553,2025-06-30T15:12:19.553,20.870,9.878,16.037,-1.341
1751285539563,2025-06-30T15:12:19.563,20.880,8.476,11.037,-1.341
1751285539573,2025-06-30T15:12:19.573,20.890,6.890,6.280,-0.915
1751285539583,2025-06-30T15:12:19.583,20.900,5.183,2.195,-0.244
1751285539593,2025-06-30T15:12:19.593,20.910,3.415,0.244,0.488
1751285539603,2025-06-30T15:12:19.603,20.920,2.195,0.671,1.037
1751285539613,2025-06-30T15:12:19.613,20.930,1.463,2.500,1.402
1751285539623,2025-06-30T15:12:19.623,20.940,0.549,4.268,1.646
1751285539633,2025-06-30T15:12:19.633,20.950,0.061,5.366,2.073
1751285539643,2025-06-30T15:12:19.643,20.960,-0.549,5.793,2.195
1751285539653,2025-06-30T15:12:19.653,20.970,-1.463,4.817,1.463
1751285539663,2025-06-30T15:12:19.663,20.980,-2.500,2.012,0.732
1751285539673,2025-06-30T15:12:19.673,20.990,-3.415,-1.159,0.488
1751285539683,2025-06-30T15:12:19.683,21.000,-3.841,-3.171,0.244
1751285539693,2025-06-30T15:12:19.693,21.010,-3.476,-4.146,-0.183
1751285539703,2025-06-30T15:12:19.703,21.020,-3.049,-5.244,0.122
1751285539713,2025-06-30T15:12:19.713,21.030,-2.561,-7.012,0.854
1751285539723,2025-06-30T15:12:19.723,21.040,-2.195,-10.854,1.768
1751285539733,2025-06-30T15:12:19.733,21.050,-2.500,-18.963,2.561
1751285539743,2025-06-30T15:12:19.743,21.060,-3.902,-33.659,3.049
1751285539753,2025-06-30T15:12:19.753,21.070,-7.195,-53.354,3.232
1751285539763,2025-06-30T15:12:19.763,21.080,-11.524,-74.146,3.171
1751285539773,2025-06-30T15:12:19.773,21.090,-14.634,-93.171,2.988
1751285539783,2025-06-30T15:12:19.783,21.100,-17.073,-109.756,2.683
1751285539793,2025-06-30T15:12:19.793,21.110,-19.390,-123.720,2.012
1751285539803,2025-06-30T15:12:19.803,21.120,-20.915,-136.037,1.707
1751285539813,2025-06-30T15:12:19.813,21.130,-22.805,-149.878,0.915
1751285539823,2025-06-30T15:12:19.823,21.140,-25.244,-168.232,0.061
1751285539833,2025-06-30T15:12:19.833,21.150,-27.744,-197.195,-0.671
1751285539843,2025-06-30T15:12:19.843,21.160,-33.232,-236.280,-1.098
1751285539853,2025-06-30T15:12:19.853,21.170,-39.268,-281.890,-0.488
1751285539863,2025-06-30T15:12:19.863,21.180,-45.610,-330.305,-1.280
1751285539873,2025-06-30T15:12:19.873,21.190,-53.415,-377.195,-2.744
1751285539883,2025-06-30T15:12:19.883,21.200,-63.476,-421.341,-3.110
1751285539893,2025-06-30T15:12:19.893,21.210,-71.646,-448.841,-1.037
1751285539903,2025-06-30T15:12:19.903,21.220,-74.207,-454.024,1.220
1751285539913,2025-06-30T15:12:19.913,21.230,-73.354,-429.878,1.646
1751285539923,2025-06-30T15:12:19.923,21.240,-68.415,-378.537,1.220
1751285539933,2025-06-30T15:12:19.933,21.250,-59.451,-317.012,-0.976
1751285539943,2025-06-30T15:12:19.943,21.260,-50.244,-264.817,-3.232
1751285539953,2025-06-30T15:12:19.953,21.270,-42.927,-227.073,-1.646
1751285539963,2025-06-30T15:12:19.963,21.280,-35.732,-200.915,0.244
1751285539973,2025-06-30T15:12:19.973,21.290,-30.122,-174.512,0.244
1751285539983,2025-06-30T15:12:19.983,21.300,-24.756,-143.232,-0.122
1751285539993,2025-06-30T15:12:19.993,21.310,-18.415,-107.195,-0.122
1751285540003,2025-06-30T15:12:20.003,21.320,-13.232,-70.549,0.183
1751285540013,2025-06-30T15:12:20.013,21.330,-8.598,-37.439,0.122
1751285540023,2025-06-30T15:12:20.023,21.340,-3.415,-7.378,0.000
1751285540033,2025-06-30T15:12:20.033,21.350,1.341,19.268,0.000
1751285540043,2025-06-30T15:12:20.043,21.360,5.305,41.524,0.244
1751285540053,2025-06-30T15:12:20.053,21.370,8.476,56.646,0.427
1751285540063,2025-06-30T15:12:20.063,21.380,10.488,61.159,1.098
1751285540073,2025-06-30T15:12:20.073,21.390,11.585,59.085,1.951
1751285540083,2025-06-30T15:12:20.083,21.400,12.256,57.439,2.439
1751285540093,2025-06-30T15:12:20.093,21.410,13.171,64.695,3.476
1751285540103,2025-06-30T15:12:20.103,21.420,15.000,85.488,5.000
1751285540113,2025-06-30T15:12:20.113,21.430,19.329,117.134,5.671
1751285540123,2025-06-30T15:12:20.123,21.440,25.976,158.110,5.427
1751285540133,2025-06-30T15:12:20.133,21.450,33.354,202.744,4.573
1751285540143,2025-06-30T15:12:20.143,21.460,41.159,247.439,3.841
1751285540153,2025-06-30T15:12:20.153,21.470,50.061,290.793,3.476
1751285540163,2025-06-30T15:12:20.163,21.480,59.146,330.061,2.683
1751285540173,2025-06-30T15:12:20.173,21.490,67.195,363.659,2.256
1751285540183,2025-06-30T15:12:20.183,21.500,73.476,388.720,2.988
1751285540193,2025-06-30T15:12:20.193,21.510,76.524,403.293,4.634
1751285540203,2025-06-30T15:12:20.203,21.520,76.890,408.293,7.012
1751285540213,2025-06-30T15:12:20.213,21.530,74.695,403.049,8.293
1751285540223,2025-06-30T15:12:20.223,21.540,71.280,386.280,7.927
1751285540233,2025-06-30T15:12:20.233,21.550,67.073,359.024,6.585
1751285540243,2025-06-30T15:12:20.243,21.560,61.768,323.110,4.390
1751285540253,2025-06-30T15:12:20.253,21.570,56.463,279.268,2.378
1751285540263,2025-06-30T15:12:20.263,21.580,49.390,227.744,-0.488
1751285540273,2025-06-30T15:12:20.273,21.590,40.793,171.341,-3.415
1751285540283,2025-06-30T15:12:20.283,21.600,32.439,116.402,-4.939
1751285540293,2025-06-30T15:12:20.293,21.610,24.756,68.171,-5.549
1751285540303,2025-06-30T15:12:20.303,21.620,18.110,29.756,-6.280
1751285540313,2025-06-30T15:12:20.313,21.630,12.866,2.988,-6.341
1751285540323,2025-06-30T15:12:20.323,21.640,9.634,-12.012,-5.427
1751285540333,2025-06-30T15:12:20.333,21.650,8.049,-16.707,-3.537
1751285540343,2025-06-30T15:12:20.343,21.660,7.561,-13.659,-1.646
1751285540353,2025-06-30T15:12:20.353,21.670,7.805,-5.976,0.061
1751285540363,2025-06-30T15:12:20.363,21.680,8.354,4.207,1.341
1751285540373,2025-06-30T15:12:20.373,21.690,9.207,14.329,1.890
1751285540383,2025-06-30T15:12:20.383,21.700,9.573,21.341,1.829
1751285540393,2025-06-30T15:12:20.393,21.710,9.573,24.817,1.707
1751285540403,2025-06-30T15:12:20.403,21.720,9.268,25.305,1.463
1751285540413,2025-06-30T15:12:20.413,21.730,8.780,22.866,0.793
1751285540423,2025-06-30T15:12:20.423,21.740,7.805,18.841,-0.122
1751285540433,2025-06-30T15:12:20.433,21.750,7.073,14.695,-0.305
1751285540443,2025-06-30T15:12:20.443,21.760,6.341,11.220,-0.183
1751285540453,2025-06-30T15:12:20.453,21.770,5.488,8.841,-0.122
1751285540463,2025-06-30T15:12:20.463,21.780,4.390,6.585,0.000
1751285540473,2025-06-30T15:12:20.473,21.790,3.232,4.451,0.305
1751285540483,2025-06-30T15:12:20.483,21.800,1.890,3.720,-0.061
1751285540493,2025-06-30T15:12:20.493,21.810,1.280,3.598,-0.305
1751285540503,2025-06-30T15:12:20.503,21.820,0.488,3.232,-0.732
1751285540513,2025-06-30T15:12:20.513,21.830,-1.037,2.439,-1.098
1751285540523,2025-06-30T15:12:20.523,21.840,-2.378,1.159,-0.915
1751285540533,2025-06-30T15:12:20.533,21.850,-3.293,-0.366,-0.610
1751285540543,2025-06-30T15:12:20.543,21.860,-4.329,-2.256,-0.305
1751285540553,2025-06-30T15:12:20.553,21.870,-5.244,-4.634,-0.122
1751285540563,2025-06-30T15:12:20.563,21.880,-6.098,-5.793,-0.061
1751285540573,2025-06-30T15:12:20.573,21.890,-6.098,-5.305,0.366
1751285540583,2025-06-30T15:12:20.583,21.900,-6.098,-5.183,0.244
1751285540593,2025-06-30T15:12:20.593,21.910,-6.341,-6.829,-0.427
1751285540603,2025-06-30T15:12:20.603,21.920,-6.402,-10.183,-0.976
1751285540613,2025-06-30T15:12:20.613,21.930,-6.646,-13.841,-1.768
1751285540623,2025-06-30T15:12:20.623,21.940,-7.012,-16.037,-2.622
1751285540633,2025-06-30T15:12:20.633,21.950,-7.317,-16.524,-3.354
1751285540643,2025-06-30T15:12:20.643,21.960,-6.890,-14.817,-3.720
1751285540653,2025-06-30T15:12:20.653,21.970,-5.976,-11.220,-3.963
1751285540663,2025-06-30T15:12:20.663,21.980,-4.817,-9.878,-3.780
1751285540673,2025-06-30T15:12:20.673,21.990,-4.451,-12.866,-4.146
1751285540683,2025-06-30T15:12:20.683,22.000,-4.939,-21.524,-4.451
1751285540693,2025-06-30T15:12:20.693,22.010,-6.159,-37.256,-4.817
1751285540703,2025-06-30T15:12:20.703,22.020,-9.024,-59.939,-5.366
1751285540713,2025-06-30T15:12:20.713,22.030,-10.915,-84.878,-5.366
1751285540723,2025-06-30T15:12:20.723,22.040,-13.293,-108.537,-5.976
1751285540733,2025-06-30T15:12:20.733,22.050,-18.049,-127.561,-7.012
1751285540743,2025-06-30T15:12:20.743,22.060,-20.244,-140.732,-7.073
1751285540753,2025-06-30T15:12:20.753,22.070,-21.341,-152.683,-7.805
1751285540763,2025-06-30T15:12:20.763,22.080,-22.805,-172.378,-9.573
1751285540773,2025-06-30T15:12:20.773,22.090,-26.341,-203.171,-10.305
1751285540783,2025-06-30T15:12:20.783,22.100,-31.524,-247.988,-9.817
1751285540793,2025-06-30T15:12:20.793,22.110,-40.976,-304.695,-8.232
1751285540803,2025-06-30T15:12:20.803,22.120,-53.902,-370.915,-6.037
1751285540813,2025-06-30T15:12:20.813,22.130,-67.134,-432.073,-3.171
1751285540823,2025-06-30T15:12:20.823,22.140,-76.829,-473.659,0.488
1751285540833,2025-06-30T15:12:20.833,22.150,-80.488,-483.171,3.598
1751285540843,2025-06-30T15:12:20.843,22.160,-79.756,-461.585,3.415
1751285540853,2025-06-30T15:12:20.853,22.170,-75.488,-415.488,2.012
1751285540863,2025-06-30T15:12:20.863,22.180,-67.683,-357.317,0.183
1751285540873,2025-06-30T15:12:20.873,22.190,-59.268,-302.317,-2.012
1751285540883,2025-06-30T15:12:20.883,22.200,-52.134,-257.622,-3.841
1751285540893,2025-06-30T15:12:20.893,22.210,-46.524,-226.220,-4.695
1751285540903,2025-06-30T15:12:20.903,22.220,-42.134,-199.878,-4.451
1751285540913,2025-06-30T15:12:20.913,22.230,-38.171,-172.134,-4.268
1751285540923,2025-06-30T15:12:20.923,22.240,-32.683,-143.049,-1.829
1751285540933,2025-06-30T15:12:20.933,22.250,-26.220,-112.744,1.280
1751285540943,2025-06-30T15:12:20.943,22.260,-20.488,-78.171,2.378
1751285540953,2025-06-30T15:12:20.953,22.270,-14.756,-38.841,2.561
1751285540963,2025-06-30T15:12:20.963,22.280,-8.293,2.683,2.805
1751285540973,2025-06-30T15:12:20.973,22.290,-2.012,39.878,2.744
1751285540983,2025-06-30T15:12:20.983,22.300,2.378,66.098,2.500
1751285540993,2025-06-30T15:12:20.993,22.310,5.671,82.073,3.476
1751285541003,2025-06-30T15:12:21.003,22.320,8.476,90.305,5.061
1751285541013,2025-06-30T15:12:21.013,22.330,10.061,96.341,6.585
1751285541023,2025-06-30T15:12:21.023,22.340,11.463,108.720,8.293
1751285541033,2025-06-30T15:12:21.033,22.350,14.878,131.707,9.512
1751285541043,2025-06-30T15:12:21.043,22.360,21.341,167.256,9.695
1751285541053,2025-06-30T15:12:21.053,22.370,28.963,214.329,10.061
1751285541063,2025-06-30T15:12:21.063,22.380,37.195,265.610,11.098
1751285541073,2025-06-30T15:12:21.073,22.390,47.195,312.622,11.890
1751285541083,2025-06-30T15:12:21.083,22.400,57.866,353.476,13.110
1751285541093,2025-06-30T15:12:21.093,22.410,66.951,383.720,15.305
1751285541103,2025-06-30T15:12:21.103,22.420,72.561,403.232,17.195
1751285541113,2025-06-30T15:12:21.113,22.430,74.634,411.098,20.000
1751285541123,2025-06-30T15:12:21.123,22.440,74.573,408.415,23.537
1751285541133,2025-06-30T15:12:21.133,22.450,73.415,396.524,24.756
1751285541143,2025-06-30T15:12:21.143,22.460,69.085,376.280,23.963
1751285541153,2025-06-30T15:12:21.153,22.470,64.512,350.427,22.073
1751285541163,2025-06-30T15:12:21.163,22.480,59.024,320.183,17.805
1751285541173,2025-06-30T15:12:21.173,22.490,54.207,288.354,12.561
1751285541183,2025-06-30T15:12:21.183,22.500,50.244,250.976,7.317
1751285541193,2025-06-30T15:12:21.193,22.510,44.329,206.463,0.183
1751285541203,2025-06-30T15:12:21.203,22.520,37.500,157.256,-4.756
1751285541213,2025-06-30T15:12:21.213,22.530,30.427,110.122,-4.878
1751285541223,2025-06-30T15:12:21.223,22.540,24.329,70.366,-3.232
1751285541233,2025-06-30T15:12:21.233,22.550,19.085,39.817,-1.890
1751285541243,2025-06-30T15:12:21.243,22.560,14.329,17.805,-0.183
1751285541253,2025-06-30T15:12:21.253,22.570,11.341,4.085,2.073
1751285541263,2025-06-30T15:12:21.263,22.580,9.085,-1.585,4.268
1751285541273,2025-06-30T15:12:21.273,22.590,7.500,-0.915,5.915
1751285541283,2025-06-30T15:12:21.283,22.600,7.561,4.329,7.134
1751285541293,2025-06-30T15:12:21.293,22.610,8.049,12.195,7.866
1751285541303,2025-06-30T15:12:21.303,22.620,7.805,19.024,7.866
1751285541313,2025-06-30T15:12:21.313,22.630,7.744,22.683,7.683
1751285541323,2025-06-30T15:12:21.323,22.640,7.683,23.537,7.256
1751285541333,2025-06-30T15:12:21.333,22.650,7.256,22.500,6.280
1751285541343,2025-06-30T15:12:21.343,22.660,6.768,18.537,5.305
1751285541353,2025-06-30T15:12:21.353,22.670,6.098,12.256,4.756
1751285541363,2025-06-30T15:12:21.363,22.680,4.756,7.012,3.841
1751285541373,2025-06-30T15:12:21.373,22.690,3.780,3.354,3.537
1751285541383,2025-06-30T15:12:21.383,22.700,2.805,1.341,3.902
1751285541393,2025-06-30T15:12:21.393,22.710,2.195,1.707,3.659
1751285541403,2025-06-30T15:12:21.403,22.720,2.195,4.451,2.988
1751285541413,2025-06-30T15:12:21.413,22.730,2.622,9.207,1.951
1751285541423,2025-06-30T15:12:21.423,22.740,2.195,14.451,0.488
1751285541433,2025-06-30T15:12:21.433,22.750,2.317,14.207,0.732
1751285541443,2025-06-30T15:12:21.443,22.760,1.220,8.659,0.854
1751285541453,2025-06-30T15:12:21.453,22.770,-1.037,-1.341,0.854
1751285541463,2025-06-30T15:12:21.463,22.780,-3.476,-9.329,0.793
1751285541473,2025-06-30T15:12:21.473,22.790,-4.939,-15.061,1.098
1751285541483,2025-06-30T15:12:21.483,22.800,-5.244,-20.732,-0.366
1751285541493,2025-06-30T15:12:21.493,22.810,-5.000,-28.415,-1.646
1751285541503,2025-06-30T15:12:21.503,22.820,-5.305,-38.963,-2.866
1751285541513,2025-06-30T15:12:21.513,22.830,-6.402,-52.500,-4.756
1751285541523,2025-06-30T15:12:21.523,22.840,-8.354,-68.841,-5.915
1751285541533,2025-06-30T15:12:21.533,22.850,-11.220,-88.171,-7.561
1751285541543,2025-06-30T15:12:21.543,22.860,-14.146,-110.488,-9.207
1751285541553,2025-06-30T15:12:21.553,22.870,-18.171,-134.756,-10.122
1751285541563,2025-06-30T15:12:21.563,22.880,-21.707,-161.220,-10.427
1751285541573,2025-06-30T15:12:21.573,22.890,-25.488,-197.866,-10.793
1751285541583,2025-06-30T15:12:21.583,22.900,-32.317,-252.073,-10.671
1751285541593,2025-06-30T15:12:21.593,22.910,-44.268,-316.951,-9.939
1751285541603,2025-06-30T15:12:21.603,22.920,-56.890,-382.744,-8.476
1751285541613,2025-06-30T15:12:21.613,22.930,-69.634,-439.878,-6.402
1751285541623,2025-06-30T15:12:21.623,22.940,-76.280,-475.854,-2.317
1751285541633,2025-06-30T15:12:21.633,22.950,-79.451,-484.878,0.000
1751285541643,2025-06-30T15:12:21.643,22.960,-79.207,-470.488,0.427
1751285541653,2025-06-30T15:12:21.653,22.970,-78.841,-438.049,2.561
1751285541663,2025-06-30T15:12:21.663,22.980,-74.878,-400.244,5.854
1751285541673,2025-06-30T15:12:21.673,22.990,-68.415,-363.476,6.280
1751285541683,2025-06-30T15:12:21.683,23.000,-61.951,-330.061,2.805
1751285541693,2025-06-30T15:12:21.693,23.010,-55.854,-296.341,0.061
1751285541703,2025-06-30T15:12:21.703,23.020,-49.329,-257.439,-1.037
1751285541713,2025-06-30T15:12:21.713,23.030,-43.171,-217.744,-2.134
1751285541723,2025-06-30T15:12:21.723,23.040,-37.500,-181.280,-2.073
1751285541733,2025-06-30T15:12:21.733,23.050,-31.707,-149.207,-2.012
1751285541743,2025-06-30T15:12:21.743,23.060,-26.341,-121.037,-2.988
1751285541753,2025-06-30T15:12:21.753,23.070,-22.561,-94.878,-3.720
1751285541763,2025-06-30T15:12:21.763,23.080,-18.171,-66.159,-3.720
1751285541773,2025-06-30T15:12:21.773,23.090,-13.232,-35.122,-4.146
1751285541783,2025-06-30T15:12:21.783,23.100,-8.232,-4.634,-4.268
1751285541793,2025-06-30T15:12:21.793,23.110,-3.598,22.561,-4.451
1751285541803,2025-06-30T15:12:21.803,23.120,-0.488,47.134,-4.329
1751285541813,2025-06-30T15:12:21.813,23.130,2.622,66.768,-3.659
1751285541823,2025-06-30T15:12:21.823,23.140,5.610,79.268,-2.317
1751285541833,2025-06-30T15:12:21.833,23.150,7.256,89.512,-0.610
1751285541843,2025-06-30T15:12:21.843,23.160,8.841,98.232,0.610
1751285541853,2025-06-30T15:12:21.853,23.170,11.402,111.098,1.341
1751285541863,2025-06-30T15:12:21.863,23.180,15.000,136.707,2.622
1751285541873,2025-06-30T15:12:21.873,23.190,20.732,176.280,3.963
1751285541883,2025-06-30T15:12:21.883,23.200,28.476,222.866,4.268
1751285541893,2025-06-30T15:12:21.893,23.210,37.500,268.720,4.329
1751285541903,2025-06-30T15:12:21.903,23.220,45.854,308.720,4.695
1751285541913,2025-06-30T15:12:21.913,23.230,53.598,339.085,5.488
1751285541923,2025-06-30T15:12:21.923,23.240,60.610,359.146,6.159
1751285541933,2025-06-30T15:12:21.933,23.250,64.512,370.122,6.707
1751285541943,2025-06-30T15:12:21.943,23.260,65.671,374.390,8.049
1751285541953,2025-06-30T15:12:21.953,23.270,65.610,372.073,9.268
1751285541963,2025-06-30T15:12:21.963,23.280,65.366,363.476,8.841
1751285541973,2025-06-30T15:12:21.973,23.290,64.329,348.720,8.902
1751285541983,2025-06-30T15:12:21.983,23.300,60.976,327.317,7.500
1751285541993,2025-06-30T15:12:21.993,23.310,56.890,302.805,2.805
1751285542003,2025-06-30T15:12:22.003,23.320,52.195,276.341,-0.488
1751285542013,2025-06-30T15:12:22.013,23.330,49.329,245.793,-3.110
1751285542023,2025-06-30T15:12:22.023,23.340,44.512,208.598,-6.524
1751285542033,2025-06-30T15:12:22.033,23.350,35.915,165.610,-7.744
1751285542043,2025-06-30T15:12:22.043,23.360,28.780,123.841,-7.378
1751285542053,2025-06-30T15:12:22.053,23.370,22.500,87.622,-6.646
1751285542063,2025-06-30T15:12:22.063,23.380,17.439,58.902,-5.427
1751285542073,2025-06-30T15:12:22.073,23.390,13.720,37.805,-4.146
1751285542083,2025-06-30T15:12:22.083,23.400,10.854,23.841,-3.598
1751285542093,2025-06-30T15:12:22.093,23.410,9.207,16.402,-3.171
1751285542103,2025-06-30T15:12:22.103,23.420,8.537,15.305,-2.439
1751285542113,2025-06-30T15:12:22.113,23.430,8.110,18.049,-2.195
1751285542123,2025-06-30T15:12:22.123,23.440,7.927,22.622,-2.195
1751285542133,2025-06-30T15:12:22.133,23.450,8.171,26.951,-1.890
1751285542143,2025-06-30T15:12:22.143,23.460,8.232,29.695,-2.256
1751285542153,2025-06-30T15:12:22.153,23.470,7.805,29.390,-2.561
1751285542163,2025-06-30T15:12:22.163,23.480,6.768,27.195,-1.707
1751285542173,2025-06-30T15:12:22.173,23.490,5.915,23.841,-1.037
1751285542183,2025-06-30T15:12:22.183,23.500,4.817,19.939,-0.854
1751285542193,2025-06-30T15:12:22.193,23.510,3.841,15.854,-0.488
1751285542203,2025-06-30T15:12:22.203,23.520,3.049,11.646,0.000
1751285542213,2025-06-30T15:12:22.213,23.530,2.561,8.841,0.061
1751285542223,2025-06-30T15:12:22.223,23.540,2.073,7.988,0.000
1751285542233,2025-06-30T15:12:22.233,23.550,1.524,9.390,0.122
1751285542243,2025-06-30T15:12:22.243,23.560,1.220,12.927,0.061
1751285542253,2025-06-30T15:12:22.253,23.570,1.707,16.402,-0.122
1751285542263,2025-06-30T15:12:22.263,23.580,1.707,17.866,-0.610
1751285542273,2025-06-30T15:12:22.273,23.590,1.646,17.378,-1.098
1751285542283,2025-06-30T15:12:22.283,23.600,1.402,13.659,-1.280
1751285542293,2025-06-30T15:12:22.293,23.610,0.549,7.988,-1.402
1751285542303,2025-06-30T15:12:22.303,23.620,-0.732,1.585,-1.646
1751285542313,2025-06-30T15:12:22.313,23.630,-2.134,-4.512,-1.585
1751285542323,2025-06-30T15:12:22.323,23.640,-3.293,-8.841,-1.524
1751285542333,2025-06-30T15:12:22.333,23.650,-4.146,-11.646,-1.280
1751285542343,2025-06-30T15:12:22.343,23.660,-4.512,-12.500,-0.976
1751285542353,2025-06-30T15:12:22.353,23.670,-4.207,-11.829,-1.037
1751285542363,2025-06-30T15:12:22.363,23.680,-3.780,-12.927,-1.098
1751285542373,2025-06-30T15:12:22.373,23.690,-4.085,-18.963,-0.915
1751285542383,2025-06-30T15:12:22.383,23.700,-5.610,-30.854,-0.793
1751285542393,2025-06-30T15:12:22.393,23.710,-7.866,-47.500,-0.427
1751285542403,2025-06-30T15:12:22.403,23.720,-10.488,-67.439,-0.244
1751285542413,2025-06-30T15:12:22.413,23.730,-13.232,-88.293,0.000
1751285542423,2025-06-30T15:12:22.423,23.740,-16.524,-106.829,0.183
1751285542433,2025-06-30T15:12:22.433,23.750,-18.476,-125.427,0.671
1751285542443,2025-06-30T15:12:22.443,23.760,-21.463,-150.244,1.280
1751285542453,2025-06-30T15:12:22.453,23.770,-26.402,-184.695,1.768
1751285542463,2025-06-30T15:12:22.463,23.780,-33.598,-229.756,2.012
1751285542473,2025-06-30T15:12:22.473,23.790,-43.841,-281.037,3.171
1751285542483,2025-06-30T15:12:22.483,23.800,-53.598,-333.171,4.695
1751285542493,2025-06-30T15:12:22.493,23.810,-63.232,-380.793,5.305
1751285542503,2025-06-30T15:12:22.503,23.820,-70.976,-418.780,6.524
1751285542513,2025-06-30T15:12:22.513,23.830,-75.732,-439.451,8.110
1751285542523,2025-06-30T15:12:22.523,23.840,-76.402,-438.780,8.110
1751285542533,2025-06-30T15:12:22.533,23.850,-73.049,-415.732,5.549
1751285542543,2025-06-30T15:12:22.543,23.860,-68.537,-376.098,2.317
1751285542553,2025-06-30T15:12:22.553,23.870,-63.963,-329.390,-2.439
1751285542563,2025-06-30T15:12:22.563,23.880,-58.598,-287.134,-7.927
1751285542573,2025-06-30T15:12:22.573,23.890,-53.049,-256.768,-11.220
1751285542583,2025-06-30T15:12:22.583,23.900,-49.146,-234.756,-11.098
1751285542593,2025-06-30T15:12:22.593,23.910,-45.549,-215.915,-9.451
1751285542603,2025-06-30T15:12:22.603,23.920,-41.341,-193.780,-7.988
1751285542613,2025-06-30T15:12:22.613,23.930,-36.768,-167.561,-6.707
1751285542623,2025-06-30T15:12:22.623,23.940,-32.439,-139.573,-5.732
1751285542633,2025-06-30T15:12:22.633,23.950,-27.073,-111.463,-3.902
1751285542643,2025-06-30T15:12:22.643,23.960,-20.061,-83.537,-2.134
1751285542653,2025-06-30T15:12:22.653,23.970,-14.024,-54.512,-0.854
1751285542663,2025-06-30T15:12:22.663,23.980,-9.817,-26.341,0.610
1751285542673,2025-06-30T15:12:22.673,23.990,-5.549,1.037,1.890
1751285542683,2025-06-30T15:12:22.683,24.000,-1.220,24.878,2.500
1751285542693,2025-06-30T15:12:22.693,24.010,2.317,39.634,2.805
1751285542703,2025-06-30T15:12:22.703,24.020,4.756,46.951,3.171
1751285542713,2025-06-30T15:12:22.713,24.030,6.280,51.585,4.024
1751285542723,2025-06-30T15:12:22.723,24.040,7.256,57.256,5.854
1751285542733,2025-06-30T15:12:22.733,24.050,8.598,63.049,7.439
1751285542743,2025-06-30T15:12:22.743,24.060,10.610,75.854,8.720
1751285542753,2025-06-30T15:12:22.753,24.070,14.146,98.171,9.268
1751285542763,2025-06-30T15:12:22.763,24.080,19.268,132.134,9.390
1751285542773,2025-06-30T15:12:22.773,24.090,25.122,176.402,10.244
1751285542783,2025-06-30T15:12:22.783,24.100,32.256,226.098,11.463
1751285542793,2025-06-30T15:12:22.793,24.110,41.159,272.744,10.915
1751285542803,2025-06-30T15:12:22.803,24.120,49.695,310.732,9.451
1751285542813,2025-06-30T15:12:22.813,24.130,55.915,339.695,9.146
1751285542823,2025-06-30T15:12:22.823,24.140,61.098,361.402,8.902
1751285542833,2025-06-30T15:12:22.833,24.150,66.768,375.793,9.024
1751285542843,2025-06-30T15:12:22.843,24.160,70.244,382.073,10.000
1751285542853,2025-06-30T15:12:22.853,24.170,71.524,381.768,10.732
1751285542863,2025-06-30T15:12:22.863,24.180,71.098,374.024,11.280
1751285542873,2025-06-30T15:12:22.873,24.190,67.561,360.793,11.280
1751285542883,2025-06-30T15:12:22.883,24.200,63.293,342.683,10.122
1751285542893,2025-06-30T15:12:22.893,24.210,58.780,319.207,8.415
1751285542903,2025-06-30T15:12:22.903,24.220,54.634,290.061,6.463
1751285542913,2025-06-30T15:12:22.913,24.230,50.427,254.146,3.841
1751285542923,2025-06-30T15:12:22.923,24.240,43.720,210.671,0.000
1751285542933,2025-06-30T15:12:22.933,24.250,35.671,162.012,-1.768
1751285542943,2025-06-30T15:12:22.943,24.260,27.500,115.915,-1.402
1751285542953,2025-06-30T15:12:22.953,24.270,20.244,77.622,-0.732
1751285542963,2025-06-30T15:12:22.963,24.280,14.756,48.415,-0.305
1751285542973,2025-06-30T15:12:22.973,24.290,10.610,29.817,-0.061
1751285542983,2025-06-30T15:12:22.983,24.300,8.049,20.488,1.037
1751285542993,2025-06-30T15:12:22.993,24.310,6.829,17.744,3.049
1751285543003,2025-06-30T15:12:23.003,24.320,6.585,19.756,4.024
1751285543013,2025-06-30T15:12:23.013,24.330,6.768,23.049,4.756
1751285543023,2025-06-30T15:12:23.023,24.340,6.890,25.000,4.817
1751285543033,2025-06-30T15:12:23.033,24.350,6.280,24.573,4.329
1751285543043,2025-06-30T15:12:23.043,24.360,5.183,23.110,3.841
1751285543053,2025-06-30T15:12:23.053,24.370,4.634,20.854,3.537
1751285543063,2025-06-30T15:12:23.063,24.380,4.390,17.927,3.110
1751285543073,2025-06-30T15:12:23.073,24.390,3.902,15.427,2.500
1751285543083,2025-06-30T15:12:23.083,24.400,3.720,13.232,2.317
1751285543093,2025-06-30T15:12:23.093,24.410,3.232,11.829,1.707
1751285543103,2025-06-30T15:12:23.103,24.420,2.805,11.585,1.463
1751285543113,2025-06-30T15:12:23.113,24.430,2.500,11.829,1.280
1751285543123,2025-06-30T15:12:23.123,24.440,2.195,11.159,1.280
1751285543133,2025-06-30T15:12:23.133,24.450,1.098,9.756,1.463
1751285543143,2025-06-30T15:12:23.143,24.460,0.854,8.963,1.341
1751285543153,2025-06-30T15:12:23.153,24.470,0.549,8.354,0.549
1751285543163,2025-06-30T15:12:23.163,24.480,0.244,6.707,-0.244
1751285543173,2025-06-30T15:12:23.173,24.490,-0.122,3.171,-0.671
1751285543183,2025-06-30T15:12:23.183,24.500,-1.159,-2.195,-1.098
1751285543193,2025-06-30T15:12:23.193,24.510,-2.500,-9.329,-1.463
1751285543203,2025-06-30T15:12:23.203,24.520,-3.598,-16.646,-1.646
1751285543213,2025-06-30T15:12:23.213,24.530,-5.061,-25.061,-1.951
1751285543223,2025-06-30T15:12:23.223,24.540,-6.829,-35.549,-2.561
1751285543233,2025-06-30T15:12:23.233,24.550,-8.902,-49.329,-2.744
1751285543243,2025-06-30T15:12:23.243,24.560,-11.098,-66.220,-2.195
1751285543253,2025-06-30T15:12:23.253,24.570,-13.110,-84.207,-1.829
1751285543263,2025-06-30T15:12:23.263,24.580,-15.732,-101.951,-2.012
1751285543273,2025-06-30T15:12:23.273,24.590,-17.805,-118.720,-1.951
1751285543283,2025-06-30T15:12:23.283,24.600,-18.963,-136.707,-1.829
1751285543293,2025-06-30T15:12:23.293,24.610,-20.915,-164.695,-2.134
1751285543303,2025-06-30T15:12:23.303,24.620,-26.951,-212.378,-1.768
1751285543313,2025-06-30T15:12:23.313,24.630,-38.720,-280.488,-0.793
1751285543323,2025-06-30T15:12:23.323,24.640,-53.720,-354.878,0.305
1751285543333,2025-06-30T15:12:23.333,24.650,-65.427,-414.512,1.768
1751285543343,2025-06-30T15:12:23.343,24.660,-71.951,-444.695,3.049
1751285543353,2025-06-30T15:12:23.353,24.670,-73.537,-441.463,3.963
1751285543363,2025-06-30T15:12:23.363,24.680,-70.671,-410.732,4.085
1751285543373,2025-06-30T15:12:23.373,24.690,-64.634,-368.963,1.585
1751285543383,2025-06-30T15:12:23.383,24.700,-58.841,-329.939,-1.829
1751285543393,2025-06-30T15:12:23.393,24.710,-54.146,-297.317,-3.354
1751285543403,2025-06-30T15:12:23.403,24.720,-49.451,-272.378,-4.817
1751285543413,2025-06-30T15:12:23.413,24.730,-45.183,-251.829,-6.220
1751285543423,2025-06-30T15:12:23.423,24.740,-41.768,-231.280,-7.622
1751285543433,2025-06-30T15:12:23.433,24.750,-38.476,-211.280,-9.512
1751285543443,2025-06-30T15:12:23.443,24.760,-35.793,-191.159,-9.756
1751285543453,2025-06-30T15:12:23.453,24.770,-32.622,-169.207,-9.207
1751285543463,2025-06-30T15:12:23.463,24.780,-28.537,-144.451,-8.659
1751285543473,2025-06-30T15:12:23.473,24.790,-23.659,-116.098,-7.561
1751285543483,2025-06-30T15:12:23.483,24.800,-18.902,-83.780,-5.915
1751285543493,2025-06-30T15:12:23.493,24.810,-13.902,-51.159,-4.817
1751285543503,2025-06-30T15:12:23.503,24.820,-8.415,-21.585,-4.146
1751285543513,2025-06-30T15:12:23.513,24.830,-3.598,3.049,-3.171
1751285543523,2025-06-30T15:12:23.523,24.840,0.732,22.378,-2.683
1751285543533,2025-06-30T15:12:23.533,24.850,4.329,36.037,-2.073
1751285543543,2025-06-30T15:12:23.543,24.860,7.073,45.244,-1.524
1751285543553,2025-06-30T15:12:23.553,24.870,9.329,50.000,-1.159
1751285543563,2025-06-30T15:12:23.563,24.880,10.854,51.220,-0.061
1751285543573,2025-06-30T15:12:23.573,24.890,12.195,52.866,0.793
1751285543583,2025-06-30T15:12:23.583,24.900,13.171,58.841,1.585
1751285543593,2025-06-30T15:12:23.593,24.910,14.329,71.220,3.110
1751285543603,2025-06-30T15:12:23.603,24.920,16.159,92.317,4.268
1751285543613,2025-06-30T15:12:23.613,24.930,19.512,124.695,4.817
1751285543623,2025-06-30T15:12:23.623,24.940,25.366,163.415,5.000
1751285543633,2025-06-30T15:12:23.633,24.950,32.988,207.805,4.939
1751285543643,2025-06-30T15:12:23.643,24.960,41.037,255.122,5.000
1751285543653,2025-06-30T15:12:23.653,24.970,49.939,298.110,4.329
1751285543663,2025-06-30T15:12:23.663,24.980,58.049,336.890,4.573
1751285543673,2025-06-30T15:12:23.673,24.990,65.000,369.390,7.195
1751285543683,2025-06-30T15:12:23.683,25.000,70.061,391.463,10.427
1751285543693,2025-06-30T15:12:23.693,25.010,72.439,406.341,13.841
1751285543703,2025-06-30T15:12:23.703,25.020,72.500,412.561,17.439
1751285543713,2025-06-30T15:12:23.713,25.030,73.049,410.732,19.085
1751285543723,2025-06-30T15:12:23.723,25.040,71.951,404.634,18.902
1751285543733,2025-06-30T15:12:23.733,25.050,68.598,395.793,17.012
1751285543743,2025-06-30T15:12:23.743,25.060,65.671,380.610,14.024
1751285543753,2025-06-30T15:12:23.753,25.070,63.293,357.134,10.244
1751285543763,2025-06-30T15:12:23.763,25.080,57.256,320.732,5.610
1751285543773,2025-06-30T15:12:23.773,25.090,49.146,271.280,2.073
1751285543783,2025-06-30T15:12:23.783,25.100,40.305,214.878,0.183
1751285543793,2025-06-30T15:12:23.793,25.110,30.549,155.793,0.305
1751285543803,2025-06-30T15:12:23.803,25.120,20.061,99.756,0.244
1751285543813,2025-06-30T15:12:23.813,25.130,10.488,51.402,-0.488
1751285543823,2025-06-30T15:12:23.823,25.140,2.866,14.878,-0.427
1751285543833,2025-06-30T15:12:23.833,25.150,-1.098,-8.598,1.159
1751285543843,2025-06-30T15:12:23.843,25.160,-2.927,-21.646,3.110
1751285543853,2025-06-30T15:12:23.853,25.170,-4.451,-26.159,5.183
1751285543863,2025-06-30T15:12:23.863,25.180,-4.329,-24.695,7.195
1751285543873,2025-06-30T15:12:23.873,25.190,-3.232,-18.232,7.988
1751285543883,2025-06-30T15:12:23.883,25.200,-1.768,-8.902,7.988
1751285543893,2025-06-30T15:12:23.893,25.210,0.061,-0.488,7.317
1751285543903,2025-06-30T15:12:23.903,25.220,1.646,3.659,6.220
1751285543913,2025-06-30T15:12:23.913,25.230,1.890,2.866,4.878
1751285543923,2025-06-30T15:12:23.923,25.240,1.829,-0.183,3.476
1751285543933,2025-06-30T15:12:23.933,25.250,1.768,-2.256,2.256
1751285543943,2025-06-30T15:12:23.943,25.260,1.646,-2.134,1.220
1751285543953,2025-06-30T15:12:23.953,25.270,1.707,-0.061,0.549
1751285543963,2025-06-30T15:12:23.963,25.280,2.317,2.500,0.366
1751285543973,2025-06-30T15:12:23.973,25.290,2.317,4.207,0.488
1751285543983,2025-06-30T15:12:23.983,25.300,1.829,3.659,0.610
1751285543993,2025-06-30T15:12:23.993,25.310,0.915,0.305,0.549
1751285544003,2025-06-30T15:12:24.003,25.320,-0.366,-5.061,0.000
1751285544013,2025-06-30T15:12:24.013,25.330,-2.195,-12.805,-0.671
1751285544023,2025-06-30T15:12:24.023,25.340,-4.024,-23.902,-1.159
1751285544033,2025-06-30T15:12:24.033,25.350,-5.549,-37.195,-1.646
1751285544043,2025-06-30T15:12:24.043,25.360,-7.561,-50.793,-2.439
1751285544053,2025-06-30T15:12:24.053,25.370,-8.780,-64.817,-2.683
1751285544063,2025-06-30T15:12:24.063,25.380,-10.183,-81.646,-2.927
1751285544073,2025-06-30T15:12:24.073,25.390,-12.988,-101.585,-3.598
1751285544083,2025-06-30T15:12:24.083,25.400,-17.500,-125.854,-3.354
1751285544093,2025-06-30T15:12:24.093,25.410,-23.354,-152.561,-1.646
1751285544103,2025-06-30T15:12:24.103,25.420,-28.780,-178.659,1.098
1751285544113,2025-06-30T15:12:24.113,25.430,-33.720,-202.988,3.354
1751285544123,2025-06-30T15:12:24.123,25.440,-37.988,-220.793,5.122
1751285544133,2025-06-30T15:12:24.133,25.450,-39.451,-229.390,6.098
1751285544143,2025-06-30T15:12:24.143,25.460,-39.268,-227.622,5.915
1751285544153,2025-06-30T15:12:24.153,25.470,-37.256,-220.488,5.732
1751285544163,2025-06-30T15:12:24.163,25.480,-35.854,-214.268,5.244
1751285544173,2025-06-30T15:12:24.173,25.490,-36.646,-214.512,5.061
1751285544183,2025-06-30T15:12:24.183,25.500,-37.866,-224.207,4.817
1751285544193,2025-06-30T15:12:24.193,25.510,-40.061,-246.159,2.988
1751285544203,2025-06-30T15:12:24.203,25.520,-44.634,-275.366,1.646
1751285544213,2025-06-30T15:12:24.213,25.530,-49.268,-302.744,1.707
1751285544223,2025-06-30T15:12:24.223,25.540,-51.951,-319.085,1.707
1751285544233,2025-06-30T15:12:24.233,25.550,-53.720,-328.415,0.122
1751285544243,2025-06-30T15:12:24.243,25.560,-56.829,-332.805,-1.341
1751285544253,2025-06-30T15:12:24.253,25.570,-57.683,-327.866,-0.854
1751285544263,2025-06-30T15:12:24.263,25.580,-54.817,-309.878,-2.012
1751285544273,2025-06-30T15:12:24.273,25.590,-49.817,-278.171,-5.061
1751285544283,2025-06-30T15:12:24.283,25.600,-43.780,-237.561,-7.134
1751285544293,2025-06-30T15:12:24.293,25.610,-37.073,-195.610,-8.598
1751285544303,2025-06-30T15:12:24.303,25.620,-30.244,-158.537,-9.878
1751285544313,2025-06-30T15:12:24.313,25.630,-25.000,-127.256,-9.695
1751285544323,2025-06-30T15:12:24.323,25.640,-19.939,-98.110,-6.280
1751285544333,2025-06-30T15:12:24.333,25.650,-14.817,-69.390,-2.805
1751285544343,2025-06-30T15:12:24.343,25.660,-10.427,-40.244,-0.427
1751285544353,2025-06-30T15:12:24.353,25.670,-6.098,-10.244,1.402
1751285544363,2025-06-30T15:12:24.363,25.680,-2.256,17.195,1.951
1751285544373,2025-06-30T15:12:24.373,25.690,0.671,35.549,1.585
1751285544383,2025-06-30T15:12:24.383,25.700,2.866,45.244,1.402
1751285544393,2025-06-30T15:12:24.393,25.710,4.695,48.659,1.402
1751285544403,2025-06-30T15:12:24.403,25.720,6.098,47.988,1.768
1751285544413,2025-06-30T15:12:24.413,25.730,6.646,46.280,2.805
1751285544423,2025-06-30T15:12:24.423,25.740,7.317,48.110,4.451
1751285544433,2025-06-30T15:12:24.433,25.750,8.902,55.549,5.793
1751285544443,2025-06-30T15:12:24.443,25.760,10.549,68.720,6.585
1751285544453,2025-06-30T15:12:24.453,25.770,12.317,89.329,8.171
1751285544463,2025-06-30T15:12:24.463,25.780,15.305,119.390,8.598
1751285544473,2025-06-30T15:12:24.473,25.790,20.122,154.512,8.354
1751285544483,2025-06-30T15:12:24.483,25.800,26.707,193.110,8.110
1751285544493,2025-06-30T15:12:24.493,25.810,33.902,231.707,7.683
1751285544503,2025-06-30T15:12:24.503,25.820,40.549,266.341,7.134
1751285544513,2025-06-30T15:12:24.513,25.830,46.220,295.061,7.195
1751285544523,2025-06-30T15:12:24.523,25.840,50.610,314.817,8.537
1751285544533,2025-06-30T15:12:24.533,25.850,53.354,327.073,9.451
1751285544543,2025-06-30T15:12:24.543,25.860,55.427,330.366,10.549
1751285544553,2025-06-30T15:12:24.553,25.870,55.793,327.134,11.220
1751285544563,2025-06-30T15:12:24.563,25.880,54.878,319.390,11.768
1751285544573,2025-06-30T15:12:24.573,25.890,52.744,309.024,11.585
1751285544583,2025-06-30T15:12:24.583,25.900,50.976,297.927,10.976
1751285544593,2025-06-30T15:12:24.593,25.910,49.085,285.610,10.244
1751285544603,2025-06-30T15:12:24.603,25.920,45.976,272.866,9.207
1751285544613,2025-06-30T15:12:24.613,25.930,41.524,260.305,8.232
1751285544623,2025-06-30T15:12:24.623,25.940,39.146,245.549,7.744
1751285544633,2025-06-30T15:12:24.633,25.950,35.122,229.085,5.854
1751285544643,2025-06-30T15:12:24.643,25.960,32.378,208.293,4.756
1751285544653,2025-06-30T15:12:24.653,25.970,29.634,186.220,3.415
1751285544663,2025-06-30T15:12:24.663,25.980,25.610,162.378,2.134
1751285544673,2025-06-30T15:12:24.673,25.990,20.610,137.744,2.134
1751285544683,2025-06-30T15:12:24.683,26.000,19.207,113.171,2.439
1751285544693,2025-06-30T15:12:24.693,26.010,17.866,90.732,1.402
1751285544703,2025-06-30T15:12:24.703,26.020,15.549,69.939,0.976
1751285544713,2025-06-30T15:12:24.713,26.030,13.232,52.012,0.732
1751285544723,2025-06-30T15:12:24.723,26.040,11.524,36.098,-0.183
1751285544733,2025-06-30T15:12:24.733,26.050,9.512,21.341,-1.280
1751285544743,2025-06-30T15:12:24.743,26.060,7.561,8.841,-1.890
1751285544753,2025-06-30T15:12:24.753,26.070,6.829,-0.610,-2.622
1751285544763,2025-06-30T15:12:24.763,26.080,7.439,-7.988,-3.171
1751285544773,2025-06-30T15:12:24.773,26.090,8.171,-13.902,-3.110
1751285544783,2025-06-30T15:12:24.783,26.100,7.988,-17.256,-3.354
1751285544793,2025-06-30T15:12:24.793,26.110,7.378,-17.744,-4.329
1751285544803,2025-06-30T15:12:24.803,26.120,7.317,-15.305,-5.610
1751285544813,2025-06-30T15:12:24.813,26.130,7.683,-11.707,-6.585
1751285544823,2025-06-30T15:12:24.823,26.140,7.622,-10.183,-7.622
1751285544833,2025-06-30T15:12:24.833,26.150,7.073,-11.159,-8.537
1751285544843,2025-06-30T15:12:24.843,26.160,5.854,-13.476,-9.512
1751285544853,2025-06-30T15:12:24.853,26.170,4.817,-15.305,-10.244
1751285544863,2025-06-30T15:12:24.863,26.180,3.841,-16.463,-10.671
1751285544873,2025-06-30T15:12:24.873,26.190,3.171,-17.927,-11.159
1751285544883,2025-06-30T15:12:24.883,26.200,2.439,-18.598,-11.159
1751285544893,2025-06-30T15:12:24.893,26.210,1.829,-18.902,-10.915
1751285544903,2025-06-30T15:12:24.903,26.220,0.915,-19.024,-10.854
1751285544913,2025-06-30T15:12:24.913,26.230,0.610,-18.293,-10.671
1751285544923,2025-06-30T15:12:24.923,26.240,0.183,-17.012,-10.488
1751285544933,2025-06-30T15:12:24.933,26.250,-0.061,-15.854,-10.366
1751285544943,2025-06-30T15:12:24.943,26.260,-0.244,-16.098,-10.427
1751285544953,2025-06-30T15:12:24.953,26.270,-0.732,-18.476,-10.488
1751285544963,2025-06-30T15:12:24.963,26.280,-1.707,-23.537,-10.122
1751285544973,2025-06-30T15:12:24.973,26.290,-2.988,-30.427,-9.146
1751285544983,2025-06-30T15:12:24.983,26.300,-4.329,-37.744,-8.659
1751285544993,2025-06-30T15:12:24.993,26.310,-5.061,-46.951,-8.354
1751285545003,2025-06-30T15:12:25.003,26.320,-6.524,-60.305,-8.110
1751285545013,2025-06-30T15:12:25.013,26.330,-8.780,-76.890,-7.927
1751285545023,2025-06-30T15:12:25.023,26.340,-10.915,-95.244,-7.561
1751285545033,2025-06-30T15:12:25.033,26.350,-13.476,-115.976,-7.256
1751285545043,2025-06-30T15:12:25.043,26.360,-16.402,-140.976,-7.317
1751285545053,2025-06-30T15:12:25.053,26.370,-20.366,-178.110,-7.561
1751285545063,2025-06-30T15:12:25.063,26.380,-28.293,-235.244,-7.256
1751285545073,2025-06-30T15:12:25.073,26.390,-41.463,-309.512,-5.000
1751285545083,2025-06-30T15:12:25.083,26.400,-55.610,-389.146,-1.829
1751285545093,2025-06-30T15:12:25.093,26.410,-67.073,-458.354,0.671
1751285545103,2025-06-30T15:12:25.103,26.420,-77.378,-506.829,2.256
1751285545113,2025-06-30T15:12:25.113,26.430,-85.000,-518.293,5.183
1751285545123,2025-06-30T15:12:25.123,26.440,-85.305,-490.732,8.537
1751285545133,2025-06-30T15:12:25.133,26.450,-80.061,-433.841,9.573
1751285545143,2025-06-30T15:12:25.143,26.460,-71.890,-365.183,8.232
1751285545153,2025-06-30T15:12:25.153,26.470,-62.439,-303.659,6.159
1751285545163,2025-06-30T15:12:25.163,26.480,-53.171,-258.110,3.963
1751285545173,2025-06-30T15:12:25.173,26.490,-45.671,-222.500,3.354
1751285545183,2025-06-30T15:12:25.183,26.500,-38.963,-188.415,3.415
1751285545193,2025-06-30T15:12:25.193,26.510,-32.561,-151.098,3.598
1751285545203,2025-06-30T15:12:25.203,26.520,-26.280,-111.890,3.598
1751285545213,2025-06-30T15:12:25.213,26.530,-19.939,-75.854,3.293
1751285545223,2025-06-30T15:12:25.223,26.540,-13.537,-45.122,3.415
1751285545233,2025-06-30T15:12:25.233,26.550,-7.439,-17.500,3.720
1751285545243,2025-06-30T15:12:25.243,26.560,-1.890,9.268,3.354
1751285545253,2025-06-30T15:12:25.253,26.570,2.256,32.439,2.439
1751285545263,2025-06-30T15:12:25.263,26.580,4.634,49.756,2.805
1751285545273,2025-06-30T15:12:25.273,26.590,6.646,59.939,3.902
1751285545283,2025-06-30T15:12:25.283,26.600,7.683,60.915,4.207
1751285545293,2025-06-30T15:12:25.293,26.610,7.500,55.793,4.390
1751285545303,2025-06-30T15:12:25.303,26.620,7.317,51.220,4.573
1751285545313,2025-06-30T15:12:25.313,26.630,7.927,55.854,4.878
1751285545323,2025-06-30T15:12:25.323,26.640,9.085,72.317,5.610
1751285545333,2025-06-30T15:12:25.333,26.650,11.463,99.939,6.707
1751285545343,2025-06-30T15:12:25.343,26.660,16.220,137.622,8.049
1751285545353,2025-06-30T15:12:25.353,26.670,23.720,180.366,8.354
1751285545363,2025-06-30T15:12:25.363,26.680,33.171,221.951,7.500
1751285545373,2025-06-30T15:12:25.373,26.690,41.829,257.927,6.585
1751285545383,2025-06-30T15:12:25.383,26.700,48.902,288.780,6.159
1751285545393,2025-06-30T15:12:25.393,26.710,54.146,313.110,7.012
1751285545403,2025-06-30T15:12:25.403,26.720,57.561,331.341,7.988
1751285545413,2025-06-30T15:12:25.413,26.730,59.085,338.537,9.024
1751285545423,2025-06-30T15:12:25.423,26.740,59.268,337.683,10.366
1751285545433,2025-06-30T15:12:25.433,26.750,56.951,329.939,12.073
1751285545443,2025-06-30T15:12:25.443,26.760,54.146,320.549,13.537
1751285545453,2025-06-30T15:12:25.453,26.770,53.841,310.793,14.939
1751285545463,2025-06-30T15:12:25.463,26.780,50.915,295.610,14.756
1751285545473,2025-06-30T15:12:25.473,26.790,47.012,276.159,12.866
1751285545483,2025-06-30T15:12:25.483,26.800,42.866,252.439,12.195
1751285545493,2025-06-30T15:12:25.493,26.810,38.780,222.500,11.829
1751285545503,2025-06-30T15:12:25.503,26.820,34.024,189.695,10.244
1751285545513,2025-06-30T15:12:25.513,26.830,29.512,157.866,9.512
1751285545523,2025-06-30T15:12:25.523,26.840,25.122,127.561,9.573
1751285545533,2025-06-30T15:12:25.533,26.850,20.732,97.805,7.927
1751285545543,2025-06-30T15:12:25.543,26.860,17.256,69.207,6.037
1751285545553,2025-06-30T15:12:25.553,26.870,13.537,45.000,4.451
1751285545563,2025-06-30T15:12:25.563,26.880,10.549,27.134,2.805
1751285545573,2025-06-30T15:12:25.573,26.890,9.329,15.610,1.768
1751285545583,2025-06-30T15:12:25.583,26.900,9.451,8.659,1.159
1751285545593,2025-06-30T15:12:25.593,26.910,9.024,4.085,0.549
1751285545603,2025-06-30T15:12:25.603,26.920,8.171,1.280,0.061
1751285545613,2025-06-30T15:12:25.613,26.930,7.744,1.341,0.244
1751285545623,2025-06-30T15:12:25.623,26.940,7.622,4.695,0.366
1751285545633,2025-06-30T15:12:25.633,26.950,7.561,10.183,0.305
1751285545643,2025-06-30T15:12:25.643,26.960,8.293,16.341,0.244
1751285545653,2025-06-30T15:12:25.653,26.970,8.659,21.829,0.244
1751285545663,2025-06-30T15:12:25.663,26.980,8.354,24.939,0.366
1751285545673,2025-06-30T15:12:25.673,26.990,8.171,24.756,0.549
1751285545683,2025-06-30T15:12:25.683,27.000,7.256,22.927,0.793
1751285545693,2025-06-30T15:12:25.693,27.010,5.610,19.451,0.976
1751285545703,2025-06-30T15:12:25.703,27.020,3.659,14.390,0.549
1751285545713,2025-06-30T15:12:25.713,27.030,1.585,8.110,-0.061
1751285545723,2025-06-30T15:12:25.723,27.040,-0.244,1.707,-0.549
1751285545733,2025-06-30T15:12:25.733,27.050,-2.134,-4.390,-0.915
1751285545743,2025-06-30T15:12:25.743,27.060,-3.476,-10.061,-1.159
1751285545753,2025-06-30T15:12:25.753,27.070,-4.512,-16.646,-1.585
1751285545763,2025-06-30T15:12:25.763,27.080,-5.976,-26.098,-1.829
1751285545773,2025-06-30T15:12:25.773,27.090,-7.561,-39.695,-1.829
1751285545783,2025-06-30T15:12:25.783,27.100,-10.183,-59.573,-1.829
1751285545793,2025-06-30T15:12:25.793,27.110,-14.268,-83.720,-1.220
1751285545803,2025-06-30T15:12:25.803,27.120,-17.439,-109.939,-1.402
1751285545813,2025-06-30T15:12:25.813,27.130,-20.976,-137.500,-2.927
1751285545823,2025-06-30T15:12:25.823,27.140,-24.451,-163.720,-4.817
1751285545833,2025-06-30T15:12:25.833,27.150,-27.378,-185.732,-6.220
1751285545843,2025-06-30T15:12:25.843,27.160,-28.963,-205.061,-7.744
1751285545853,2025-06-30T15:12:25.853,27.170,-31.037,-226.951,-9.878
1751285545863,2025-06-30T15:12:25.863,27.180,-35.366,-259.390,-11.768
1751285545873,2025-06-30T15:12:25.873,27.190,-44.207,-306.280,-13.049
1751285545883,2025-06-30T15:12:25.883,27.200,-54.939,-358.720,-12.317
1751285545893,2025-06-30T15:12:25.893,27.210,-63.659,-405.061,-10.488
1751285545903,2025-06-30T15:12:25.903,27.220,-69.451,-431.341,-8.659
1751285545913,2025-06-30T15:12:25.913,27.230,-70.366,-428.659,-6.585
