epoch (ms),time (03:00),elapsed (s),x-axis (deg/s),y-axis (deg/s),z-axis (deg/s)
1751286348065,2025-06-30T15:25:48.065,0.000,44.024,-50.793,1.707
1751286348075,2025-06-30T15:25:48.075,0.010,46.098,-48.232,1.098
1751286348085,2025-06-30T15:25:48.085,0.020,53.780,-38.354,-1.829
1751286348095,2025-06-30T15:25:48.095,0.030,63.171,-28.720,-5.244
1751286348105,2025-06-30T15:25:48.105,0.040,70.427,-26.829,-8.232
1751286348115,2025-06-30T15:25:48.115,0.050,76.037,-34.817,-12.073
1751286348125,2025-06-30T15:25:48.125,0.060,80.732,-53.720,-16.220
1751286348135,2025-06-30T15:25:48.135,0.070,85.244,-79.207,-19.573
1751286348145,2025-06-30T15:25:48.145,0.080,89.329,-102.439,-23.232
1751286348155,2025-06-30T15:25:48.155,0.090,94.451,-113.354,-27.927
1751286348165,2025-06-30T15:25:48.165,0.100,102.439,-108.537,-31.951
1751286348175,2025-06-30T15:25:48.175,0.110,110.854,-92.744,-36.829
1751286348185,2025-06-30T15:25:48.185,0.120,118.598,-75.366,-41.890
1751286348195,2025-06-30T15:25:48.195,0.130,126.524,-61.098,-45.305
1751286348205,2025-06-30T15:25:48.205,0.140,133.415,-48.841,-48.720
1751286348215,2025-06-30T15:25:48.215,0.150,139.024,-37.988,-51.951
1751286348225,2025-06-30T15:25:48.225,0.160,143.659,-29.634,-53.841
1751286348235,2025-06-30T15:25:48.235,0.170,146.951,-26.220,-53.598
1751286348245,2025-06-30T15:25:48.245,0.180,148.598,-27.866,-51.768
1751286348255,2025-06-30T15:25:48.255,0.190,147.256,-31.768,-49.756
1751286348265,2025-06-30T15:25:48.265,0.200,144.634,-29.695,-47.073
1751286348275,2025-06-30T15:25:48.275,0.210,142.256,-17.561,-44.634
1751286348285,2025-06-30T15:25:48.285,0.220,137.195,0.427,-42.012
1751286348295,2025-06-30T15:25:48.295,0.230,130.549,15.671,-38.537
1751286348305,2025-06-30T15:25:48.305,0.240,122.378,23.293,-34.085
1751286348315,2025-06-30T15:25:48.315,0.250,112.012,24.024,-29.451
1751286348325,2025-06-30T15:25:48.325,0.260,100.366,22.012,-25.244
1751286348335,2025-06-30T15:25:48.335,0.270,87.744,19.756,-21.280
1751286348345,2025-06-30T15:25:48.345,0.280,74.390,18.780,-17.012
1751286348355,2025-06-30T15:25:48.355,0.290,60.122,19.390,-12.500
1751286348365,2025-06-30T15:25:48.365,0.300,45.183,19.390,-8.171
1751286348375,2025-06-30T15:25:48.375,0.310,28.720,19.573,-4.451
1751286348385,2025-06-30T15:25:48.385,0.320,11.951,21.524,-1.159
1751286348395,2025-06-30T15:25:48.395,0.330,-4.817,22.195,1.524
1751286348405,2025-06-30T15:25:48.405,0.340,-21.890,20.061,4.329
1751286348415,2025-06-30T15:25:48.415,0.350,-37.805,17.195,7.622
1751286348425,2025-06-30T15:25:48.425,0.360,-52.256,15.793,10.427
1751286348435,2025-06-30T15:25:48.435,0.370,-65.244,15.793,13.171
1751286348445,2025-06-30T15:25:48.445,0.380,-76.463,17.378,16.341
1751286348455,2025-06-30T15:25:48.455,0.390,-86.159,20.305,19.634
1751286348465,2025-06-30T15:25:48.465,0.400,-94.817,24.085,22.073
1751286348475,2025-06-30T15:25:48.475,0.410,-102.439,28.110,24.695
1751286348485,2025-06-30T15:25:48.485,0.420,-109.329,30.305,26.829
1751286348495,2025-06-30T15:25:48.495,0.430,-116.037,30.244,28.049
1751286348505,2025-06-30T15:25:48.505,0.440,-121.951,28.841,29.634
1751286348515,2025-06-30T15:25:48.515,0.450,-127.134,25.061,31.402
1751286348525,2025-06-30T15:25:48.525,0.460,-132.073,19.085,33.171
1751286348535,2025-06-30T15:25:48.535,0.470,-136.159,13.232,35.427
1751286348545,2025-06-30T15:25:48.545,0.480,-138.902,8.293,38.293
1751286348555,2025-06-30T15:25:48.555,0.490,-141.098,4.024,41.768
1751286348565,2025-06-30T15:25:48.565,0.500,-141.768,0.610,44.939
1751286348575,2025-06-30T15:25:48.575,0.510,-140.976,-2.744,46.951
1751286348585,2025-06-30T15:25:48.585,0.520,-139.512,-8.537,48.354
1751286348595,2025-06-30T15:25:48.595,0.530,-137.927,-19.512,51.159
1751286348605,2025-06-30T15:25:48.605,0.540,-135.366,-34.146,52.317
1751286348615,2025-06-30T15:25:48.615,0.550,-130.915,-49.756,50.427
1751286348625,2025-06-30T15:25:48.625,0.560,-123.537,-61.463,46.646
1751286348635,2025-06-30T15:25:48.635,0.570,-112.988,-59.878,40.122
1751286348645,2025-06-30T15:25:48.645,0.580,-98.354,-42.195,29.634
1751286348655,2025-06-30T15:25:48.655,0.590,-82.378,-15.183,16.646
1751286348665,2025-06-30T15:25:48.665,0.600,-67.256,10.976,5.427
1751286348675,2025-06-30T15:25:48.675,0.610,-52.805,29.878,-2.744
1751286348685,2025-06-30T15:25:48.685,0.620,-39.634,40.976,-8.293
1751286348695,2025-06-30T15:25:48.695,0.630,-28.293,47.622,-11.220
1751286348705,2025-06-30T15:25:48.705,0.640,-18.476,50.671,-11.707
1751286348715,2025-06-30T15:25:48.715,0.650,-10.000,47.927,-11.341
1751286348725,2025-06-30T15:25:48.725,0.660,-5.427,40.732,-10.061
1751286348735,2025-06-30T15:25:48.735,0.670,-3.171,33.963,-8.171
1751286348745,2025-06-30T15:25:48.745,0.680,-1.159,31.220,-6.159
1751286348755,2025-06-30T15:25:48.755,0.690,0.305,30.549,-3.841
1751286348765,2025-06-30T15:25:48.765,0.700,1.098,27.622,-2.927
1751286348775,2025-06-30T15:25:48.775,0.710,1.585,23.476,-2.012
1751286348785,2025-06-30T15:25:48.785,0.720,2.134,20.244,-0.793
1751286348795,2025-06-30T15:25:48.795,0.730,2.378,18.902,0.244
1751286348805,2025-06-30T15:25:48.805,0.740,3.049,19.146,1.707
1751286348815,2025-06-30T15:25:48.815,0.750,3.659,18.841,3.354
1751286348825,2025-06-30T15:25:48.825,0.760,4.024,16.768,4.512
1751286348835,2025-06-30T15:25:48.835,0.770,4.512,14.634,5.488
1751286348845,2025-06-30T15:25:48.845,0.780,4.390,12.683,5.732
1751286348855,2025-06-30T15:25:48.855,0.790,3.476,9.939,5.305
1751286348865,2025-06-30T15:25:48.865,0.800,2.561,5.305,4.512
1751286348875,2025-06-30T15:25:48.875,0.810,1.341,-0.610,3.720
1751286348885,2025-06-30T15:25:48.885,0.820,0.854,-4.756,3.354
1751286348895,2025-06-30T15:25:48.895,0.830,0.854,-5.915,2.622
1751286348905,2025-06-30T15:25:48.905,0.840,1.098,-4.390,2.744
1751286348915,2025-06-30T15:25:48.915,0.850,1.768,-0.854,3.171
1751286348925,2025-06-30T15:25:48.925,0.860,2.317,2.256,2.988
1751286348935,2025-06-30T15:25:48.935,0.870,2.317,3.537,2.927
1751286348945,2025-06-30T15:25:48.945,0.880,2.073,2.744,3.171
1751286348955,2025-06-30T15:25:48.955,0.890,1.585,-0.854,3.049
1751286348965,2025-06-30T15:25:48.965,0.900,1.280,-6.402,3.232
1751286348975,2025-06-30T15:25:48.975,0.910,1.524,-11.646,3.476
1751286348985,2025-06-30T15:25:48.985,0.920,2.195,-15.366,3.841
1751286348995,2025-06-30T15:25:48.995,0.930,3.963,-18.598,4.451
1751286349005,2025-06-30T15:25:49.005,0.940,6.037,-22.256,5.183
1751286349015,2025-06-30T15:25:49.015,0.950,9.085,-26.768,6.037
1751286349025,2025-06-30T15:25:49.025,0.960,14.451,-30.793,5.793
1751286349035,2025-06-30T15:25:49.035,0.970,22.744,-30.915,4.268
1751286349045,2025-06-30T15:25:49.045,0.980,34.878,-24.756,0.488
1751286349055,2025-06-30T15:25:49.055,0.990,48.537,-13.537,-5.427
1751286349065,2025-06-30T15:25:49.065,1.000,61.707,-4.207,-12.195
1751286349075,2025-06-30T15:25:49.075,1.010,74.817,2.683,-18.476
1751286349085,2025-06-30T15:25:49.085,1.020,87.134,7.927,-23.720
1751286349095,2025-06-30T15:25:49.095,1.030,97.805,8.659,-28.354
1751286349105,2025-06-30T15:25:49.105,1.040,107.927,6.463,-31.707
1751286349115,2025-06-30T15:25:49.115,1.050,117.927,5.793,-35.305
1751286349125,2025-06-30T15:25:49.125,1.060,127.134,6.951,-40.610
1751286349135,2025-06-30T15:25:49.135,1.070,135.488,7.500,-44.512
1751286349145,2025-06-30T15:25:49.145,1.080,141.037,5.366,-46.524
1751286349155,2025-06-30T15:25:49.155,1.090,145.244,-1.159,-47.073
1751286349165,2025-06-30T15:25:49.165,1.100,148.537,-11.159,-45.305
1751286349175,2025-06-30T15:25:49.175,1.110,151.037,-19.573,-44.268
1751286349185,2025-06-30T15:25:49.185,1.120,153.232,-24.512,-42.866
1751286349195,2025-06-30T15:25:49.195,1.130,154.268,-23.415,-41.524
1751286349205,2025-06-30T15:25:49.205,1.140,153.537,-14.573,-40.183
1751286349215,2025-06-30T15:25:49.215,1.150,152.683,2.500,-38.415
1751286349225,2025-06-30T15:25:49.225,1.160,150.061,18.110,-36.890
1751286349235,2025-06-30T15:25:49.235,1.170,143.963,24.939,-34.207
1751286349245,2025-06-30T15:25:49.245,1.180,136.280,26.768,-31.585
1751286349255,2025-06-30T15:25:49.255,1.190,127.073,26.220,-29.085
1751286349265,2025-06-30T15:25:49.265,1.200,116.037,24.939,-25.793
1751286349275,2025-06-30T15:25:49.275,1.210,104.207,26.585,-21.646
1751286349285,2025-06-30T15:25:49.285,1.220,92.317,30.976,-17.256
1751286349295,2025-06-30T15:25:49.295,1.230,79.756,33.293,-13.476
1751286349305,2025-06-30T15:25:49.305,1.240,66.829,30.061,-9.634
1751286349315,2025-06-30T15:25:49.315,1.250,52.134,21.037,-6.341
1751286349325,2025-06-30T15:25:49.325,1.260,36.585,10.122,-3.232
1751286349335,2025-06-30T15:25:49.335,1.270,21.037,-0.122,-0.976
1751286349345,2025-06-30T15:25:49.345,1.280,5.427,-9.207,0.610
1751286349355,2025-06-30T15:25:49.355,1.290,-9.390,-12.561,2.683
1751286349365,2025-06-30T15:25:49.365,1.300,-22.195,-8.780,3.963
1751286349375,2025-06-30T15:25:49.375,1.310,-33.720,-2.134,4.451
1751286349385,2025-06-30T15:25:49.385,1.320,-44.634,4.817,5.061
1751286349395,2025-06-30T15:25:49.395,1.330,-55.488,11.037,5.549
1751286349405,2025-06-30T15:25:49.405,1.340,-65.732,14.695,6.220
1751286349415,2025-06-30T15:25:49.415,1.350,-75.793,14.573,7.134
1751286349425,2025-06-30T15:25:49.425,1.360,-85.854,11.220,8.841
1751286349435,2025-06-30T15:25:49.435,1.370,-95.183,6.585,10.854
1751286349445,2025-06-30T15:25:49.445,1.380,-103.598,3.537,12.378
1751286349455,2025-06-30T15:25:49.455,1.390,-111.220,1.037,14.146
1751286349465,2025-06-30T15:25:49.465,1.400,-118.232,-1.463,15.915
1751286349475,2025-06-30T15:25:49.475,1.410,-124.146,-2.927,17.866
1751286349485,2025-06-30T15:25:49.485,1.420,-129.634,-4.512,19.268
1751286349495,2025-06-30T15:25:49.495,1.430,-133.902,-6.707,20.976
1751286349505,2025-06-30T15:25:49.505,1.440,-136.890,-9.878,23.780
1751286349515,2025-06-30T15:25:49.515,1.450,-140.732,-12.866,26.159
1751286349525,2025-06-30T15:25:49.525,1.460,-142.378,-13.598,29.207
1751286349535,2025-06-30T15:25:49.535,1.470,-142.256,-11.951,33.049
1751286349545,2025-06-30T15:25:49.545,1.480,-141.463,-11.463,36.402
1751286349555,2025-06-30T15:25:49.555,1.490,-139.207,-12.317,40.732
1751286349565,2025-06-30T15:25:49.565,1.500,-136.037,-12.805,45.793
1751286349575,2025-06-30T15:25:49.575,1.510,-131.951,-12.866,49.573
1751286349585,2025-06-30T15:25:49.585,1.520,-125.671,-13.780,51.220
1751286349595,2025-06-30T15:25:49.595,1.530,-116.829,-13.780,49.329
1751286349605,2025-06-30T15:25:49.605,1.540,-106.341,-10.732,44.695
1751286349615,2025-06-30T15:25:49.615,1.550,-94.451,-3.780,37.561
1751286349625,2025-06-30T15:25:49.625,1.560,-82.073,5.061,27.500
1751286349635,2025-06-30T15:25:49.635,1.570,-69.512,14.695,16.646
1751286349645,2025-06-30T15:25:49.645,1.580,-57.500,24.207,6.829
1751286349655,2025-06-30T15:25:49.655,1.590,-47.073,32.500,-1.585
1751286349665,2025-06-30T15:25:49.665,1.600,-37.683,37.500,-7.805
1751286349675,2025-06-30T15:25:49.675,1.610,-28.841,35.488,-11.463
1751286349685,2025-06-30T15:25:49.685,1.620,-22.439,30.183,-12.439
1751286349695,2025-06-30T15:25:49.695,1.630,-18.049,26.220,-12.256
1751286349705,2025-06-30T15:25:49.705,1.640,-15.000,23.902,-11.829
1751286349715,2025-06-30T15:25:49.715,1.650,-13.171,22.195,-10.061
1751286349725,2025-06-30T15:25:49.725,1.660,-12.195,20.305,-7.622
1751286349735,2025-06-30T15:25:49.735,1.670,-11.524,18.476,-5.427
1751286349745,2025-06-30T15:25:49.745,1.680,-10.549,17.012,-2.622
1751286349755,2025-06-30T15:25:49.755,1.690,-9.756,16.220,0.305
1751286349765,2025-06-30T15:25:49.765,1.700,-9.146,15.854,2.561
1751286349775,2025-06-30T15:25:49.775,1.710,-8.232,14.817,4.573
1751286349785,2025-06-30T15:25:49.785,1.720,-7.500,13.476,6.463
1751286349795,2025-06-30T15:25:49.795,1.730,-5.793,14.451,7.805
1751286349805,2025-06-30T15:25:49.805,1.740,-4.024,16.768,8.598
1751286349815,2025-06-30T15:25:49.815,1.750,-2.988,19.207,9.390
1751286349825,2025-06-30T15:25:49.825,1.760,-2.317,21.280,10.000
1751286349835,2025-06-30T15:25:49.835,1.770,-1.707,21.159,10.305
1751286349845,2025-06-30T15:25:49.845,1.780,-1.585,19.329,10.671
1751286349855,2025-06-30T15:25:49.855,1.790,-1.402,16.341,10.488
1751286349865,2025-06-30T15:25:49.865,1.800,-1.341,12.805,10.061
1751286349875,2025-06-30T15:25:49.875,1.810,-1.585,9.146,9.451
1751286349885,2025-06-30T15:25:49.885,1.820,-1.646,4.451,9.024
1751286349895,2025-06-30T15:25:49.895,1.830,-1.402,-1.098,8.841
1751286349905,2025-06-30T15:25:49.905,1.840,-0.793,-6.524,8.171
1751286349915,2025-06-30T15:25:49.915,1.850,0.183,-10.305,6.524
1751286349925,2025-06-30T15:25:49.925,1.860,2.073,-11.220,5.488
1751286349935,2025-06-30T15:25:49.935,1.870,4.878,-9.695,4.512
1751286349945,2025-06-30T15:25:49.945,1.880,7.561,-6.646,3.049
1751286349955,2025-06-30T15:25:49.955,1.890,10.427,-4.207,2.561
1751286349965,2025-06-30T15:25:49.965,1.900,12.683,-3.659,2.195
1751286349975,2025-06-30T15:25:49.975,1.910,15.427,-5.000,0.793
1751286349985,2025-06-30T15:25:49.985,1.920,17.988,-10.366,-1.220
1751286349995,2025-06-30T15:25:49.995,1.930,20.000,-21.098,-3.476
1751286350005,2025-06-30T15:25:50.005,1.940,22.561,-33.598,-5.671
1751286350015,2025-06-30T15:25:50.015,1.950,27.134,-44.024,-7.805
1751286350025,2025-06-30T15:25:50.025,1.960,33.780,-50.305,-11.463
1751286350035,2025-06-30T15:25:50.035,1.970,42.805,-51.463,-15.305
1751286350045,2025-06-30T15:25:50.045,1.980,53.232,-45.000,-18.293
1751286350055,2025-06-30T15:25:50.055,1.990,64.573,-31.524,-20.854
1751286350065,2025-06-30T15:25:50.065,2.000,76.098,-17.500,-21.890
1751286350075,2025-06-30T15:25:50.075,2.010,85.732,-8.415,-21.463
1751286350085,2025-06-30T15:25:50.085,2.020,94.878,-7.988,-20.122
1751286350095,2025-06-30T15:25:50.095,2.030,102.927,-15.732,-19.939
1751286350105,2025-06-30T15:25:50.105,2.040,108.659,-29.512,-22.622
1751286350115,2025-06-30T15:25:50.115,2.050,114.024,-46.585,-26.402
1751286350125,2025-06-30T15:25:50.125,2.060,119.146,-61.463,-30.366
1751286350135,2025-06-30T15:25:50.135,2.070,124.756,-70.183,-35.061
1751286350145,2025-06-30T15:25:50.145,2.080,131.402,-69.512,-38.476
1751286350155,2025-06-30T15:25:50.155,2.090,138.841,-60.122,-40.793
1751286350165,2025-06-30T15:25:50.165,2.100,145.305,-47.073,-42.012
1751286350175,2025-06-30T15:25:50.175,2.110,150.061,-34.390,-42.073
1751286350185,2025-06-30T15:25:50.185,2.120,153.049,-25.915,-41.829
1751286350195,2025-06-30T15:25:50.195,2.130,154.268,-20.305,-39.878
1751286350205,2025-06-30T15:25:50.205,2.140,155.183,-15.244,-36.829
1751286350215,2025-06-30T15:25:50.215,2.150,156.280,-8.841,-34.390
1751286350225,2025-06-30T15:25:50.225,2.160,155.549,1.524,-32.866
1751286350235,2025-06-30T15:25:50.235,2.170,153.598,12.622,-30.183
1751286350245,2025-06-30T15:25:50.245,2.180,148.720,20.732,-28.293
1751286350255,2025-06-30T15:25:50.255,2.190,140.305,22.927,-27.866
1751286350265,2025-06-30T15:25:50.265,2.200,129.634,23.110,-27.500
1751286350275,2025-06-30T15:25:50.275,2.210,116.402,22.927,-27.622
1751286350285,2025-06-30T15:25:50.285,2.220,101.402,22.744,-27.378
1751286350295,2025-06-30T15:25:50.295,2.230,85.244,22.744,-25.488
1751286350305,2025-06-30T15:25:50.305,2.240,67.073,20.427,-21.768
1751286350315,2025-06-30T15:25:50.315,2.250,47.500,16.159,-16.037
1751286350325,2025-06-30T15:25:50.325,2.260,27.439,11.951,-9.390
1751286350335,2025-06-30T15:25:50.335,2.270,7.195,7.378,-4.085
1751286350345,2025-06-30T15:25:50.345,2.280,-12.683,2.561,0.305
1751286350355,2025-06-30T15:25:50.355,2.290,-31.098,-1.341,3.963
1751286350365,2025-06-30T15:25:50.365,2.300,-48.171,-3.598,6.402
1751286350375,2025-06-30T15:25:50.375,2.310,-63.293,-2.256,8.598
1751286350385,2025-06-30T15:25:50.385,2.320,-76.463,1.220,11.220
1751286350395,2025-06-30T15:25:50.395,2.330,-88.415,5.122,13.841
1751286350405,2025-06-30T15:25:50.405,2.340,-99.146,8.476,16.220
1751286350415,2025-06-30T15:25:50.415,2.350,-109.146,10.732,18.598
1751286350425,2025-06-30T15:25:50.425,2.360,-118.659,11.707,20.915
1751286350435,2025-06-30T15:25:50.435,2.370,-127.317,12.439,23.110
1751286350445,2025-06-30T15:25:50.445,2.380,-134.939,11.707,25.244
1751286350455,2025-06-30T15:25:50.455,2.390,-142.073,9.939,27.500
1751286350465,2025-06-30T15:25:50.465,2.400,-147.683,9.451,29.878
1751286350475,2025-06-30T15:25:50.475,2.410,-152.012,9.573,32.317
1751286350485,2025-06-30T15:25:50.485,2.420,-156.098,9.756,34.756
1751286350495,2025-06-30T15:25:50.495,2.430,-158.963,10.427,36.768
1751286350505,2025-06-30T15:25:50.505,2.440,-160.915,9.634,38.841
1751286350515,2025-06-30T15:25:50.515,2.450,-162.378,7.134,40.915
1751286350525,2025-06-30T15:25:50.525,2.460,-162.317,3.476,42.866
1751286350535,2025-06-30T15:25:50.535,2.470,-160.366,-0.732,43.720
1751286350545,2025-06-30T15:25:50.545,2.480,-156.646,-6.890,43.537
1751286350555,2025-06-30T15:25:50.555,2.490,-151.098,-13.720,42.500
1751286350565,2025-06-30T15:25:50.565,2.500,-143.476,-18.171,40.244
1751286350575,2025-06-30T15:25:50.575,2.510,-134.756,-19.146,37.195
1751286350585,2025-06-30T15:25:50.585,2.520,-124.207,-17.927,32.500
1751286350595,2025-06-30T15:25:50.595,2.530,-111.829,-14.573,27.256
1751286350605,2025-06-30T15:25:50.605,2.540,-98.841,-8.110,22.500
1751286350615,2025-06-30T15:25:50.615,2.550,-85.854,0.610,17.744
1751286350625,2025-06-30T15:25:50.625,2.560,-73.171,10.976,13.049
1751286350635,2025-06-30T15:25:50.635,2.570,-61.280,21.402,9.085
1751286350645,2025-06-30T15:25:50.645,2.580,-50.549,29.024,6.037
1751286350655,2025-06-30T15:25:50.655,2.590,-40.366,34.329,4.268
1751286350665,2025-06-30T15:25:50.665,2.600,-31.829,36.402,3.354
1751286350675,2025-06-30T15:25:50.675,2.610,-24.756,33.110,3.232
1751286350685,2025-06-30T15:25:50.685,2.620,-19.817,26.768,3.476
1751286350695,2025-06-30T15:25:50.695,2.630,-16.280,20.427,4.085
1751286350705,2025-06-30T15:25:50.705,2.640,-13.110,16.951,4.024
1751286350715,2025-06-30T15:25:50.715,2.650,-10.000,15.732,3.415
1751286350725,2025-06-30T15:25:50.725,2.660,-7.439,17.256,3.963
1751286350735,2025-06-30T15:25:50.735,2.670,-5.427,20.244,4.695
1751286350745,2025-06-30T15:25:50.745,2.680,-3.720,23.476,5.244
1751286350755,2025-06-30T15:25:50.755,2.690,-1.890,25.244,5.915
1751286350765,2025-06-30T15:25:50.765,2.700,-0.732,23.841,6.402
1751286350775,2025-06-30T15:25:50.775,2.710,0.244,19.451,5.793
1751286350785,2025-06-30T15:25:50.785,2.720,1.159,15.427,5.000
1751286350795,2025-06-30T15:25:50.795,2.730,1.646,12.195,3.780
1751286350805,2025-06-30T15:25:50.805,2.740,1.585,9.268,2.317
1751286350815,2025-06-30T15:25:50.815,2.750,1.951,6.890,1.159
1751286350825,2025-06-30T15:25:50.825,2.760,2.256,4.451,0.427
1751286350835,2025-06-30T15:25:50.835,2.770,2.378,1.829,0.061
1751286350845,2025-06-30T15:25:50.845,2.780,2.439,1.524,-0.549
1751286350855,2025-06-30T15:25:50.855,2.790,3.293,4.756,-1.098
1751286350865,2025-06-30T15:25:50.865,2.800,4.085,7.622,-1.402
1751286350875,2025-06-30T15:25:50.875,2.810,4.695,8.049,-1.951
1751286350885,2025-06-30T15:25:50.885,2.820,5.305,6.463,-2.012
1751286350895,2025-06-30T15:25:50.895,2.830,5.549,3.354,-1.159
1751286350905,2025-06-30T15:25:50.905,2.840,5.793,-0.244,-0.671
1751286350915,2025-06-30T15:25:50.915,2.850,6.707,-4.146,-0.793
1751286350925,2025-06-30T15:25:50.925,2.860,8.110,-8.110,-0.366
1751286350935,2025-06-30T15:25:50.935,2.870,10.122,-11.220,-0.549
1751286350945,2025-06-30T15:25:50.945,2.880,13.171,-12.988,-1.280
1751286350955,2025-06-30T15:25:50.955,2.890,17.866,-14.024,-2.195
1751286350965,2025-06-30T15:25:50.965,2.900,23.659,-15.732,-4.451
1751286350975,2025-06-30T15:25:50.975,2.910,30.061,-17.927,-7.439
1751286350985,2025-06-30T15:25:50.985,2.920,36.890,-18.537,-9.634
1751286350995,2025-06-30T15:25:50.995,2.930,44.817,-19.268,-12.317
1751286351005,2025-06-30T15:25:51.005,2.940,53.659,-19.512,-15.000
1751286351015,2025-06-30T15:25:51.015,2.950,62.561,-17.134,-17.012
1751286351025,2025-06-30T15:25:51.025,2.960,71.098,-12.866,-18.415
1751286351035,2025-06-30T15:25:51.035,2.970,79.085,-10.488,-19.268
1751286351045,2025-06-30T15:25:51.045,2.980,86.098,-12.073,-20.183
1751286351055,2025-06-30T15:25:51.055,2.990,91.585,-17.378,-22.195
1751286351065,2025-06-30T15:25:51.065,3.000,96.402,-28.171,-23.902
1751286351075,2025-06-30T15:25:51.075,3.010,100.061,-43.171,-24.817
1751286351085,2025-06-30T15:25:51.085,3.020,103.780,-55.305,-26.159
1751286351095,2025-06-30T15:25:51.095,3.030,108.537,-58.720,-28.598
1751286351105,2025-06-30T15:25:51.105,3.040,113.171,-53.049,-31.768
1751286351115,2025-06-30T15:25:51.115,3.050,118.110,-42.500,-33.841
1751286351125,2025-06-30T15:25:51.125,3.060,122.744,-34.146,-35.305
1751286351135,2025-06-30T15:25:51.135,3.070,125.915,-32.500,-36.159
1751286351145,2025-06-30T15:25:51.145,3.080,128.293,-35.061,-36.098
1751286351155,2025-06-30T15:25:51.155,3.090,130.305,-38.171,-35.122
1751286351165,2025-06-30T15:25:51.165,3.100,131.280,-39.512,-33.598
1751286351175,2025-06-30T15:25:51.175,3.110,130.122,-37.805,-31.768
1751286351185,2025-06-30T15:25:51.185,3.120,127.683,-32.683,-29.939
1751286351195,2025-06-30T15:25:51.195,3.130,123.841,-25.976,-28.354
1751286351205,2025-06-30T15:25:51.205,3.140,118.963,-21.707,-26.280
1751286351215,2025-06-30T15:25:51.215,3.150,113.476,-21.890,-23.415
1751286351225,2025-06-30T15:25:51.225,3.160,107.683,-25.183,-20.549
1751286351235,2025-06-30T15:25:51.235,3.170,103.049,-30.061,-20.061
1751286351245,2025-06-30T15:25:51.245,3.180,98.171,-30.427,-20.488
1751286351255,2025-06-30T15:25:51.255,3.190,94.207,-24.085,-21.098
1751286351265,2025-06-30T15:25:51.265,3.200,90.183,-15.549,-21.829
1751286351275,2025-06-30T15:25:51.275,3.210,84.085,-7.256,-22.073
1751286351285,2025-06-30T15:25:51.285,3.220,76.402,1.220,-20.305
1751286351295,2025-06-30T15:25:51.295,3.230,65.732,7.683,-16.524
1751286351305,2025-06-30T15:25:51.305,3.240,52.317,10.976,-13.293
1751286351315,2025-06-30T15:25:51.315,3.250,37.439,10.549,-11.098
1751286351325,2025-06-30T15:25:51.325,3.260,20.671,5.183,-8.537
1751286351335,2025-06-30T15:25:51.335,3.270,4.024,-0.732,-5.183
1751286351345,2025-06-30T15:25:51.345,3.280,-10.915,-1.829,-1.768
1751286351355,2025-06-30T15:25:51.355,3.290,-24.268,0.793,1.220
1751286351365,2025-06-30T15:25:51.365,3.300,-37.195,5.915,3.720
1751286351375,2025-06-30T15:25:51.375,3.310,-49.451,11.646,5.488
1751286351385,2025-06-30T15:25:51.385,3.320,-61.341,15.000,7.256
1751286351395,2025-06-30T15:25:51.395,3.330,-72.927,16.768,9.512
1751286351405,2025-06-30T15:25:51.405,3.340,-83.476,19.207,11.768
1751286351415,2025-06-30T15:25:51.415,3.350,-92.805,22.073,13.720
1751286351425,2025-06-30T15:25:51.425,3.360,-101.829,23.171,15.854
1751286351435,2025-06-30T15:25:51.435,3.370,-109.756,22.744,18.232
1751286351445,2025-06-30T15:25:51.445,3.380,-117.073,20.976,20.305
1751286351455,2025-06-30T15:25:51.455,3.390,-123.841,18.171,22.073
1751286351465,2025-06-30T15:25:51.465,3.400,-129.329,16.159,24.085
1751286351475,2025-06-30T15:25:51.475,3.410,-133.659,15.549,26.159
1751286351485,2025-06-30T15:25:51.485,3.420,-137.073,15.305,27.988
1751286351495,2025-06-30T15:25:51.495,3.430,-139.939,14.939,30.366
1751286351505,2025-06-30T15:25:51.505,3.440,-141.951,15.427,32.622
1751286351515,2025-06-30T15:25:51.515,3.450,-143.049,15.915,34.268
1751286351525,2025-06-30T15:25:51.525,3.460,-143.720,14.451,35.549
1751286351535,2025-06-30T15:25:51.535,3.470,-143.293,11.159,37.073
1751286351545,2025-06-30T15:25:51.545,3.480,-141.890,6.646,38.415
1751286351555,2025-06-30T15:25:51.555,3.490,-139.695,2.561,38.110
1751286351565,2025-06-30T15:25:51.565,3.500,-135.610,-0.488,36.768
1751286351575,2025-06-30T15:25:51.575,3.510,-129.878,-3.415,34.756
1751286351585,2025-06-30T15:25:51.585,3.520,-122.744,-6.585,32.012
1751286351595,2025-06-30T15:25:51.595,3.530,-114.451,-7.500,28.110
1751286351605,2025-06-30T15:25:51.605,3.540,-104.268,-4.878,22.927
1751286351615,2025-06-30T15:25:51.615,3.550,-93.049,0.183,18.049
1751286351625,2025-06-30T15:25:51.625,3.560,-81.341,6.951,12.988
1751286351635,2025-06-30T15:25:51.635,3.570,-69.512,15.183,7.622
1751286351645,2025-06-30T15:25:51.645,3.580,-58.232,22.805,2.744
1751286351655,2025-06-30T15:25:51.655,3.590,-47.561,29.451,-1.524
1751286351665,2025-06-30T15:25:51.665,3.600,-38.232,31.951,-5.366
1751286351675,2025-06-30T15:25:51.675,3.610,-30.610,29.695,-7.500
1751286351685,2025-06-30T15:25:51.685,3.620,-22.927,24.146,-7.622
1751286351695,2025-06-30T15:25:51.695,3.630,-15.976,17.622,-7.195
1751286351705,2025-06-30T15:25:51.705,3.640,-9.817,14.756,-6.402
1751286351715,2025-06-30T15:25:51.715,3.650,-4.695,18.171,-5.549
1751286351725,2025-06-30T15:25:51.725,3.660,-0.976,24.512,-3.720
1751286351735,2025-06-30T15:25:51.735,3.670,0.366,28.598,-1.280
1751286351745,2025-06-30T15:25:51.745,3.680,0.305,28.110,1.159
1751286351755,2025-06-30T15:25:51.755,3.690,-0.305,24.207,3.720
1751286351765,2025-06-30T15:25:51.765,3.700,-1.098,18.659,5.610
1751286351775,2025-06-30T15:25:51.775,3.710,-1.768,12.805,6.707
1751286351785,2025-06-30T15:25:51.785,3.720,-2.317,8.720,7.927
1751286351795,2025-06-30T15:25:51.795,3.730,-2.683,5.244,8.049
1751286351805,2025-06-30T15:25:51.805,3.740,-2.622,1.646,8.354
1751286351815,2025-06-30T15:25:51.815,3.750,-1.829,-1.280,9.268
1751286351825,2025-06-30T15:25:51.825,3.760,-0.915,-2.744,9.512
1751286351835,2025-06-30T15:25:51.835,3.770,0.427,-2.378,8.963
1751286351845,2025-06-30T15:25:51.845,3.780,1.646,-1.768,8.293
1751286351855,2025-06-30T15:25:51.855,3.790,2.622,-1.890,7.317
1751286351865,2025-06-30T15:25:51.865,3.800,3.598,-3.720,6.037
1751286351875,2025-06-30T15:25:51.875,3.810,4.390,-7.500,4.695
1751286351885,2025-06-30T15:25:51.885,3.820,5.427,-10.915,4.024
1751286351895,2025-06-30T15:25:51.895,3.830,7.134,-13.110,3.232
1751286351905,2025-06-30T15:25:51.905,3.840,9.573,-14.451,2.378
1751286351915,2025-06-30T15:25:51.915,3.850,11.890,-15.183,1.707
1751286351925,2025-06-30T15:25:51.925,3.860,14.695,-17.134,1.220
1751286351935,2025-06-30T15:25:51.935,3.870,18.598,-19.329,0.976
1751286351945,2025-06-30T15:25:51.945,3.880,24.329,-19.939,0.305
1751286351955,2025-06-30T15:25:51.955,3.890,30.793,-18.354,-0.976
1751286351965,2025-06-30T15:25:51.965,3.900,37.866,-15.244,-2.622
1751286351975,2025-06-30T15:25:51.975,3.910,45.671,-12.805,-4.390
1751286351985,2025-06-30T15:25:51.985,3.920,52.866,-12.378,-7.500
1751286351995,2025-06-30T15:25:51.995,3.930,60.061,-12.927,-10.488
1751286352005,2025-06-30T15:25:52.005,3.940,66.280,-16.341,-12.744
1751286352015,2025-06-30T15:25:52.015,3.950,70.427,-23.171,-15.305
1751286352025,2025-06-30T15:25:52.025,3.960,74.268,-30.549,-16.585
1751286352035,2025-06-30T15:25:52.035,3.970,78.537,-38.963,-15.549
1751286352045,2025-06-30T15:25:52.045,3.980,82.744,-47.683,-14.146
1751286352055,2025-06-30T15:25:52.055,3.990,88.110,-50.854,-13.598
1751286352065,2025-06-30T15:25:52.065,4.000,94.024,-47.073,-13.415
1751286352075,2025-06-30T15:25:52.075,4.010,99.817,-37.378,-14.024
1751286352085,2025-06-30T15:25:52.085,4.020,105.305,-27.805,-16.402
1751286352095,2025-06-30T15:25:52.095,4.030,109.390,-21.463,-19.390
1751286352105,2025-06-30T15:25:52.105,4.040,112.622,-19.573,-22.073
1751286352115,2025-06-30T15:25:52.115,4.050,115.610,-22.988,-25.000
1751286352125,2025-06-30T15:25:52.125,4.060,118.780,-29.207,-28.963
1751286352135,2025-06-30T15:25:52.135,4.070,122.988,-34.390,-32.500
1751286352145,2025-06-30T15:25:52.145,4.080,126.890,-36.463,-34.756
1751286352155,2025-06-30T15:25:52.155,4.090,128.841,-34.695,-35.549
1751286352165,2025-06-30T15:25:52.165,4.100,128.598,-29.146,-35.427
1751286352175,2025-06-30T15:25:52.175,4.110,126.951,-19.512,-35.915
1751286352185,2025-06-30T15:25:52.185,4.120,124.024,-10.732,-35.488
1751286352195,2025-06-30T15:25:52.195,4.130,119.390,-7.378,-33.720
1751286352205,2025-06-30T15:25:52.205,4.140,113.476,-9.329,-30.854
1751286352215,2025-06-30T15:25:52.215,4.150,104.024,-16.524,-25.427
1751286352225,2025-06-30T15:25:52.225,4.160,91.890,-26.159,-19.878
1751286352235,2025-06-30T15:25:52.235,4.170,79.878,-30.549,-16.280
1751286352245,2025-06-30T15:25:52.245,4.180,68.476,-27.561,-14.695
1751286352255,2025-06-30T15:25:52.255,4.190,58.232,-19.390,-13.720
1751286352265,2025-06-30T15:25:52.265,4.200,50.000,-10.305,-13.537
1751286352275,2025-06-30T15:25:52.275,4.210,41.280,-4.634,-13.598
1751286352285,2025-06-30T15:25:52.285,4.220,32.012,-3.293,-12.988
1751286352295,2025-06-30T15:25:52.295,4.230,22.500,-3.841,-12.256
1751286352305,2025-06-30T15:25:52.305,4.240,11.524,-5.488,-11.524
1751286352315,2025-06-30T15:25:52.315,4.250,-0.976,-8.537,-9.878
1751286352325,2025-06-30T15:25:52.325,4.260,-13.537,-10.610,-7.500
1751286352335,2025-06-30T15:25:52.335,4.270,-26.646,-10.549,-4.207
1751286352345,2025-06-30T15:25:52.345,4.280,-39.451,-6.159,-0.366
1751286352355,2025-06-30T15:25:52.355,4.290,-50.427,3.963,3.476
1751286352365,2025-06-30T15:25:52.365,4.300,-60.671,14.878,6.707
1751286352375,2025-06-30T15:25:52.375,4.310,-71.098,23.232,9.817
1751286352385,2025-06-30T15:25:52.385,4.320,-81.585,27.439,12.561
1751286352395,2025-06-30T15:25:52.395,4.330,-92.073,26.646,14.939
1751286352405,2025-06-30T15:25:52.405,4.340,-102.317,22.805,17.927
1751286352415,2025-06-30T15:25:52.415,4.350,-111.829,18.598,21.098
1751286352425,2025-06-30T15:25:52.425,4.360,-119.756,17.866,23.963
1751286352435,2025-06-30T15:25:52.435,4.370,-126.707,19.451,26.341
1751286352445,2025-06-30T15:25:52.445,4.380,-133.049,21.341,28.659
1751286352455,2025-06-30T15:25:52.455,4.390,-138.293,22.378,31.585
1751286352465,2025-06-30T15:25:52.465,4.400,-142.927,21.037,34.756
1751286352475,2025-06-30T15:25:52.475,4.410,-146.463,17.683,38.171
1751286352485,2025-06-30T15:25:52.485,4.420,-148.293,15.549,41.402
1751286352495,2025-06-30T15:25:52.495,4.430,-148.780,15.976,44.268
1751286352505,2025-06-30T15:25:52.505,4.440,-148.659,15.122,46.463
1751286352515,2025-06-30T15:25:52.515,4.450,-148.049,11.585,47.988
1751286352525,2025-06-30T15:25:52.525,4.460,-145.732,6.707,48.415
1751286352535,2025-06-30T15:25:52.535,4.470,-141.402,0.732,47.622
1751286352545,2025-06-30T15:25:52.545,4.480,-135.000,-4.451,45.122
1751286352555,2025-06-30T15:25:52.555,4.490,-125.671,-7.073,40.793
1751286352565,2025-06-30T15:25:52.565,4.500,-114.634,-6.220,34.695
1751286352575,2025-06-30T15:25:52.575,4.510,-103.841,-2.439,27.927
1751286352585,2025-06-30T15:25:52.585,4.520,-92.134,4.085,20.305
1751286352595,2025-06-30T15:25:52.595,4.530,-78.780,13.659,12.317
1751286352605,2025-06-30T15:25:52.605,4.540,-64.695,24.573,5.000
1751286352615,2025-06-30T15:25:52.615,4.550,-51.585,34.329,-1.098
1751286352625,2025-06-30T15:25:52.625,4.560,-39.512,42.256,-5.000
1751286352635,2025-06-30T15:25:52.635,4.570,-28.963,48.659,-6.890
1751286352645,2025-06-30T15:25:52.645,4.580,-20.183,52.012,-6.890
1751286352655,2025-06-30T15:25:52.655,4.590,-12.805,51.280,-5.305
1751286352665,2025-06-30T15:25:52.665,4.600,-7.195,47.317,-3.476
1751286352675,2025-06-30T15:25:52.675,4.610,-4.878,40.915,-1.951
1751286352685,2025-06-30T15:25:52.685,4.620,-4.695,34.329,0.000
1751286352695,2025-06-30T15:25:52.695,4.630,-5.366,29.268,1.524
1751286352705,2025-06-30T15:25:52.705,4.640,-6.707,23.049,2.378
1751286352715,2025-06-30T15:25:52.715,4.650,-8.841,14.695,3.354
1751286352725,2025-06-30T15:25:52.725,4.660,-10.000,7.073,5.183
1751286352735,2025-06-30T15:25:52.735,4.670,-9.756,2.805,7.927
1751286352745,2025-06-30T15:25:52.745,4.680,-8.110,3.537,10.915
1751286352755,2025-06-30T15:25:52.755,4.690,-5.549,7.134,12.683
1751286352765,2025-06-30T15:25:52.765,4.700,-3.110,10.915,13.049
1751286352775,2025-06-30T15:25:52.775,4.710,-1.220,14.573,12.622
1751286352785,2025-06-30T15:25:52.785,4.720,-0.061,15.122,11.463
1751286352795,2025-06-30T15:25:52.795,4.730,0.061,9.573,10.305
1751286352805,2025-06-30T15:25:52.805,4.740,-0.427,0.915,9.390
1751286352815,2025-06-30T15:25:52.815,4.750,-0.488,-4.939,8.537
1751286352825,2025-06-30T15:25:52.825,4.760,0.061,-7.866,7.622
1751286352835,2025-06-30T15:25:52.835,4.770,0.793,-11.098,6.220
1751286352845,2025-06-30T15:25:52.845,4.780,2.256,-15.061,5.061
1751286352855,2025-06-30T15:25:52.855,4.790,4.451,-17.561,4.207
1751286352865,2025-06-30T15:25:52.865,4.800,7.561,-16.402,2.927
1751286352875,2025-06-30T15:25:52.875,4.810,11.829,-12.500,1.341
1751286352885,2025-06-30T15:25:52.885,4.820,16.098,-8.110,0.000
1751286352895,2025-06-30T15:25:52.895,4.830,20.122,-5.976,-0.854
1751286352905,2025-06-30T15:25:52.905,4.840,24.024,-7.256,-2.622
1751286352915,2025-06-30T15:25:52.915,4.850,28.354,-11.098,-4.024
1751286352925,2025-06-30T15:25:52.925,4.860,32.866,-16.463,-4.939
1751286352935,2025-06-30T15:25:52.935,4.870,38.049,-21.341,-5.732
1751286352945,2025-06-30T15:25:52.945,4.880,44.329,-22.317,-6.159
1751286352955,2025-06-30T15:25:52.955,4.890,50.854,-18.902,-7.134
1751286352965,2025-06-30T15:25:52.965,4.900,57.805,-13.476,-8.293
1751286352975,2025-06-30T15:25:52.975,4.910,64.512,-8.963,-9.634
1751286352985,2025-06-30T15:25:52.985,4.920,70.366,-8.293,-10.671
1751286352995,2025-06-30T15:25:52.995,4.930,76.646,-12.622,-11.341
1751286353005,2025-06-30T15:25:53.005,4.940,82.805,-20.732,-12.622
1751286353015,2025-06-30T15:25:53.015,4.950,89.207,-28.110,-14.207
1751286353025,2025-06-30T15:25:53.025,4.960,95.854,-30.915,-16.585
1751286353035,2025-06-30T15:25:53.035,4.970,101.402,-30.610,-19.939
1751286353045,2025-06-30T15:25:53.045,4.980,105.976,-29.268,-23.780
1751286353055,2025-06-30T15:25:53.055,4.990,110.305,-28.659,-27.927
1751286353065,2025-06-30T15:25:53.065,5.000,114.024,-31.707,-31.585
1751286353075,2025-06-30T15:25:53.075,5.010,117.500,-37.073,-34.024
1751286353085,2025-06-30T15:25:53.085,5.020,120.976,-42.744,-35.671
1751286353095,2025-06-30T15:25:53.095,5.030,123.963,-45.854,-37.561
1751286353105,2025-06-30T15:25:53.105,5.040,126.890,-44.024,-39.085
1751286353115,2025-06-30T15:25:53.115,5.050,128.720,-38.476,-39.939
1751286353125,2025-06-30T15:25:53.125,5.060,129.878,-29.939,-40.488
1751286353135,2025-06-30T15:25:53.135,5.070,130.610,-21.463,-40.305
1751286353145,2025-06-30T15:25:53.145,5.080,129.817,-15.183,-39.573
1751286353155,2025-06-30T15:25:53.155,5.090,127.256,-11.768,-38.415
1751286353165,2025-06-30T15:25:53.165,5.100,123.902,-9.695,-37.500
1751286353175,2025-06-30T15:25:53.175,5.110,119.878,-7.012,-36.524
1751286353185,2025-06-30T15:25:53.185,5.120,114.268,-4.146,-33.902
1751286353195,2025-06-30T15:25:53.195,5.130,106.585,-1.098,-30.549
1751286353205,2025-06-30T15:25:53.205,5.140,97.744,3.963,-25.549
1751286353215,2025-06-30T15:25:53.215,5.150,86.159,8.476,-20.305
1751286353225,2025-06-30T15:25:53.225,5.160,73.293,11.463,-15.427
1751286353235,2025-06-30T15:25:53.235,5.170,60.000,12.927,-12.378
1751286353245,2025-06-30T15:25:53.245,5.180,45.671,10.854,-10.366
1751286353255,2025-06-30T15:25:53.255,5.190,30.915,6.768,-8.354
1751286353265,2025-06-30T15:25:53.265,5.200,15.976,3.902,-6.463
1751286353275,2025-06-30T15:25:53.275,5.210,1.463,3.354,-4.024
1751286353285,2025-06-30T15:25:53.285,5.220,-12.561,4.695,-1.646
1751286353295,2025-06-30T15:25:53.295,5.230,-25.427,8.049,0.549
1751286353305,2025-06-30T15:25:53.305,5.240,-37.866,11.037,3.293
1751286353315,2025-06-30T15:25:53.315,5.250,-50.488,12.744,5.732
1751286353325,2025-06-30T15:25:53.325,5.260,-62.195,15.610,7.744
1751286353335,2025-06-30T15:25:53.335,5.270,-73.293,19.634,9.573
1751286353345,2025-06-30T15:25:53.345,5.280,-83.902,22.195,11.341
1751286353355,2025-06-30T15:25:53.355,5.290,-93.720,22.378,14.085
1751286353365,2025-06-30T15:25:53.365,5.300,-103.110,20.366,17.500
1751286353375,2025-06-30T15:25:53.375,5.310,-111.707,17.561,21.159
1751286353385,2025-06-30T15:25:53.385,5.320,-119.146,16.829,24.512
1751286353395,2025-06-30T15:25:53.395,5.330,-125.854,18.293,27.073
1751286353405,2025-06-30T15:25:53.405,5.340,-132.012,20.366,29.390
1751286353415,2025-06-30T15:25:53.415,5.350,-137.317,21.463,32.317
1751286353425,2025-06-30T15:25:53.425,5.360,-142.134,20.549,35.671
1751286353435,2025-06-30T15:25:53.435,5.370,-146.402,18.720,39.451
1751286353445,2025-06-30T15:25:53.445,5.380,-149.634,16.890,43.171
1751286353455,2025-06-30T15:25:53.455,5.390,-152.378,14.390,46.341
1751286353465,2025-06-30T15:25:53.465,5.400,-154.695,10.000,49.756
1751286353475,2025-06-30T15:25:53.475,5.410,-156.159,3.415,53.110
1751286353485,2025-06-30T15:25:53.485,5.420,-156.341,-3.841,56.463
1751286353495,2025-06-30T15:25:53.495,5.430,-153.598,-9.756,58.293
1751286353505,2025-06-30T15:25:53.505,5.440,-147.744,-13.415,57.622
1751286353515,2025-06-30T15:25:53.515,5.450,-139.634,-13.780,54.085
1751286353525,2025-06-30T15:25:53.525,5.460,-128.293,-9.878,47.256
1751286353535,2025-06-30T15:25:53.535,5.470,-115.427,-2.866,37.500
1751286353545,2025-06-30T15:25:53.545,5.480,-102.317,3.902,25.488
1751286353555,2025-06-30T15:25:53.555,5.490,-89.207,6.280,14.268
1751286353565,2025-06-30T15:25:53.565,5.500,-76.829,6.463,6.220
1751286353575,2025-06-30T15:25:53.575,5.510,-64.146,9.512,-0.061
1751286353585,2025-06-30T15:25:53.585,5.520,-50.915,15.610,-5.061
1751286353595,2025-06-30T15:25:53.595,5.530,-37.195,23.110,-7.195
1751286353605,2025-06-30T15:25:53.605,5.540,-25.122,30.915,-7.744
1751286353615,2025-06-30T15:25:53.615,5.550,-15.244,35.610,-7.805
1751286353625,2025-06-30T15:25:53.625,5.560,-9.024,37.622,-6.768
1751286353635,2025-06-30T15:25:53.635,5.570,-5.549,39.329,-3.354
1751286353645,2025-06-30T15:25:53.645,5.580,-4.451,40.244,0.305
1751286353655,2025-06-30T15:25:53.655,5.590,-4.268,37.683,2.683
1751286353665,2025-06-30T15:25:53.665,5.600,-5.122,28.780,4.756
1751286353675,2025-06-30T15:25:53.675,5.610,-6.890,14.085,5.549
1751286353685,2025-06-30T15:25:53.685,5.620,-7.988,-1.463,6.037
1751286353695,2025-06-30T15:25:53.695,5.630,-7.683,-11.341,7.073
1751286353705,2025-06-30T15:25:53.705,5.640,-6.037,-13.841,7.500
1751286353715,2025-06-30T15:25:53.715,5.650,-3.171,-8.354,7.500
1751286353725,2025-06-30T15:25:53.725,5.660,-0.122,2.622,7.622
1751286353735,2025-06-30T15:25:53.735,5.670,3.293,13.902,7.744
1751286353745,2025-06-30T15:25:53.745,5.680,5.854,20.244,7.744
1751286353755,2025-06-30T15:25:53.755,5.690,6.524,18.902,7.927
1751286353765,2025-06-30T15:25:53.765,5.700,6.341,11.768,8.110
1751286353775,2025-06-30T15:25:53.775,5.710,6.159,2.683,7.988
1751286353785,2025-06-30T15:25:53.785,5.720,6.280,-6.280,7.012
1751286353795,2025-06-30T15:25:53.795,5.730,6.646,-14.573,5.610
1751286353805,2025-06-30T15:25:53.805,5.740,7.988,-20.244,4.512
1751286353815,2025-06-30T15:25:53.815,5.750,10.610,-20.854,2.805
1751286353825,2025-06-30T15:25:53.825,5.760,14.512,-18.354,1.159
1751286353835,2025-06-30T15:25:53.835,5.770,18.720,-17.439,-0.061
1751286353845,2025-06-30T15:25:53.845,5.780,24.024,-19.390,-0.671
1751286353855,2025-06-30T15:25:53.855,5.790,30.732,-21.951,-1.159
1751286353865,2025-06-30T15:25:53.865,5.800,38.598,-23.659,-2.683
1751286353875,2025-06-30T15:25:53.875,5.810,48.232,-22.561,-4.390
1751286353885,2025-06-30T15:25:53.885,5.820,58.780,-16.951,-5.610
1751286353895,2025-06-30T15:25:53.895,5.830,68.780,-10.793,-7.805
1751286353905,2025-06-30T15:25:53.905,5.840,77.439,-6.890,-11.159
1751286353915,2025-06-30T15:25:53.915,5.850,85.732,-8.415,-15.305
1751286353925,2025-06-30T15:25:53.925,5.860,94.390,-14.817,-20.183
1751286353935,2025-06-30T15:25:53.935,5.870,102.134,-24.146,-25.549
1751286353945,2025-06-30T15:25:53.945,5.880,110.061,-35.061,-29.939
1751286353955,2025-06-30T15:25:53.955,5.890,117.195,-42.439,-31.098
1751286353965,2025-06-30T15:25:53.965,5.900,123.902,-42.378,-30.305
1751286353975,2025-06-30T15:25:53.975,5.910,130.427,-35.488,-29.451
1751286353985,2025-06-30T15:25:53.985,5.920,134.756,-27.866,-28.963
1751286353995,2025-06-30T15:25:53.995,5.930,138.476,-20.488,-28.049
1751286354005,2025-06-30T15:25:54.005,5.940,142.012,-13.902,-28.354
1751286354015,2025-06-30T15:25:54.015,5.950,144.024,-10.610,-30.122
1751286354025,2025-06-30T15:25:54.025,5.960,145.671,-10.427,-32.073
1751286354035,2025-06-30T15:25:54.035,5.970,146.037,-13.293,-34.146
1751286354045,2025-06-30T15:25:54.045,5.980,144.634,-18.171,-36.159
1751286354055,2025-06-30T15:25:54.055,5.990,142.256,-21.402,-38.476
1751286354065,2025-06-30T15:25:54.065,6.000,138.720,-22.866,-40.549
1751286354075,2025-06-30T15:25:54.075,6.010,134.451,-23.293,-41.463
1751286354085,2025-06-30T15:25:54.085,6.020,129.268,-20.610,-41.280
1751286354095,2025-06-30T15:25:54.095,6.030,122.561,-14.390,-40.244
1751286354105,2025-06-30T15:25:54.105,6.040,115.061,-5.244,-38.659
1751286354115,2025-06-30T15:25:54.115,6.050,106.463,2.256,-36.951
1751286354125,2025-06-30T15:25:54.125,6.060,94.878,1.402,-34.207
1751286354135,2025-06-30T15:25:54.135,6.070,80.793,-5.183,-29.573
1751286354145,2025-06-30T15:25:54.145,6.080,65.183,-11.768,-24.390
1751286354155,2025-06-30T15:25:54.155,6.090,49.146,-14.634,-18.415
1751286354165,2025-06-30T15:25:54.165,6.100,32.439,-14.085,-12.500
1751286354175,2025-06-30T15:25:54.175,6.110,14.085,-13.110,-6.768
1751286354185,2025-06-30T15:25:54.185,6.120,-3.720,-11.646,-0.549
1751286354195,2025-06-30T15:25:54.195,6.130,-20.427,-8.780,4.756
1751286354205,2025-06-30T15:25:54.205,6.140,-35.488,-4.512,8.841
1751286354215,2025-06-30T15:25:54.215,6.150,-49.329,0.305,11.829
1751286354225,2025-06-30T15:25:54.225,6.160,-62.317,5.305,14.146
1751286354235,2025-06-30T15:25:54.235,6.170,-73.780,11.037,15.854
1751286354245,2025-06-30T15:25:54.245,6.180,-84.207,15.915,17.378
1751286354255,2025-06-30T15:25:54.255,6.190,-94.085,18.537,18.659
1751286354265,2025-06-30T15:25:54.265,6.200,-103.293,20.366,19.756
1751286354275,2025-06-30T15:25:54.275,6.210,-112.317,21.280,21.280
1751286354285,2025-06-30T15:25:54.285,6.220,-120.610,21.890,23.110
1751286354295,2025-06-30T15:25:54.295,6.230,-127.927,22.256,24.695
1751286354305,2025-06-30T15:25:54.305,6.240,-134.146,22.317,26.463
1751286354315,2025-06-30T15:25:54.315,6.250,-139.085,23.537,28.720
1751286354325,2025-06-30T15:25:54.325,6.260,-143.049,24.756,30.793
1751286354335,2025-06-30T15:25:54.335,6.270,-146.159,25.366,32.927
1751286354345,2025-06-30T15:25:54.345,6.280,-147.988,26.646,34.817
1751286354355,2025-06-30T15:25:54.355,6.290,-149.024,27.622,36.220
1751286354365,2025-06-30T15:25:54.365,6.300,-149.878,26.220,37.073
1751286354375,2025-06-30T15:25:54.375,6.310,-149.878,22.561,37.927
1751286354385,2025-06-30T15:25:54.385,6.320,-149.329,15.976,39.146
1751286354395,2025-06-30T15:25:54.395,6.330,-147.561,8.902,40.854
1751286354405,2025-06-30T15:25:54.405,6.340,-144.390,2.622,42.561
1751286354415,2025-06-30T15:25:54.415,6.350,-139.634,-1.951,44.390
1751286354425,2025-06-30T15:25:54.425,6.360,-132.988,-6.098,44.085
1751286354435,2025-06-30T15:25:54.435,6.370,-124.695,-10.610,40.976
1751286354445,2025-06-30T15:25:54.445,6.380,-114.207,-13.963,36.159
1751286354455,2025-06-30T15:25:54.455,6.390,-102.683,-14.878,28.963
1751286354465,2025-06-30T15:25:54.465,6.400,-89.695,-12.500,20.122
1751286354475,2025-06-30T15:25:54.475,6.410,-76.341,-7.439,11.402
1751286354485,2025-06-30T15:25:54.485,6.420,-62.317,-1.280,3.110
1751286354495,2025-06-30T15:25:54.495,6.430,-49.024,7.012,-2.927
1751286354505,2025-06-30T15:25:54.505,6.440,-36.524,16.098,-6.951
1751286354515,2025-06-30T15:25:54.515,6.450,-24.695,24.512,-9.878
1751286354525,2025-06-30T15:25:54.525,6.460,-14.634,30.610,-11.098
1751286354535,2025-06-30T15:25:54.535,6.470,-6.646,33.293,-10.793
1751286354545,2025-06-30T15:25:54.545,6.480,-0.488,32.622,-9.146
1751286354555,2025-06-30T15:25:54.555,6.490,3.537,32.439,-7.012
1751286354565,2025-06-30T15:25:54.565,6.500,6.646,34.329,-4.756
1751286354575,2025-06-30T15:25:54.575,6.510,7.317,35.854,-2.866
1751286354585,2025-06-30T15:25:54.585,6.520,6.341,35.183,-1.037
1751286354595,2025-06-30T15:25:54.595,6.530,4.878,30.366,0.549
1751286354605,2025-06-30T15:25:54.605,6.540,2.317,21.585,1.220
1751286354615,2025-06-30T15:25:54.615,6.550,-0.366,10.305,1.829
1751286354625,2025-06-30T15:25:54.625,6.560,-2.622,-0.610,2.622
1751286354635,2025-06-30T15:25:54.635,6.570,-3.780,-8.780,3.598
1751286354645,2025-06-30T15:25:54.645,6.580,-3.537,-11.707,4.695
1751286354655,2025-06-30T15:25:54.655,6.590,-2.256,-10.427,5.061
1751286354665,2025-06-30T15:25:54.665,6.600,-0.061,-5.854,4.878
1751286354675,2025-06-30T15:25:54.675,6.610,1.890,-0.610,4.390
1751286354685,2025-06-30T15:25:54.685,6.620,3.720,1.829,3.902
1751286354695,2025-06-30T15:25:54.695,6.630,5.183,0.366,3.232
1751286354705,2025-06-30T15:25:54.705,6.640,6.098,-4.817,2.439
1751286354715,2025-06-30T15:25:54.715,6.650,6.829,-11.402,1.890
1751286354725,2025-06-30T15:25:54.725,6.660,8.354,-16.768,1.463
1751286354735,2025-06-30T15:25:54.735,6.670,10.915,-20.915,0.427
1751286354745,2025-06-30T15:25:54.745,6.680,14.207,-23.598,-0.122
1751286354755,2025-06-30T15:25:54.755,6.690,18.598,-24.390,-0.610
1751286354765,2025-06-30T15:25:54.765,6.700,24.268,-23.598,-0.854
1751286354775,2025-06-30T15:25:54.775,6.710,32.134,-19.573,-1.524
1751286354785,2025-06-30T15:25:54.785,6.720,41.768,-12.744,-4.085
1751286354795,2025-06-30T15:25:54.795,6.730,52.439,-4.939,-7.256
1751286354805,2025-06-30T15:25:54.805,6.740,63.049,2.683,-10.793
1751286354815,2025-06-30T15:25:54.815,6.750,71.585,8.415,-14.512
1751286354825,2025-06-30T15:25:54.825,6.760,78.354,9.390,-16.768
1751286354835,2025-06-30T15:25:54.835,6.770,83.415,4.939,-17.683
1751286354845,2025-06-30T15:25:54.845,6.780,86.768,-3.171,-18.171
1751286354855,2025-06-30T15:25:54.855,6.790,89.695,-13.232,-18.171
1751286354865,2025-06-30T15:25:54.865,6.800,93.232,-27.134,-16.829
1751286354875,2025-06-30T15:25:54.875,6.810,96.524,-43.902,-15.732
1751286354885,2025-06-30T15:25:54.885,6.820,101.280,-57.012,-17.012
1751286354895,2025-06-30T15:25:54.895,6.830,108.415,-58.293,-19.756
1751286354905,2025-06-30T15:25:54.905,6.840,116.220,-47.195,-23.659
1751286354915,2025-06-30T15:25:54.915,6.850,124.268,-29.939,-28.598
1751286354925,2025-06-30T15:25:54.925,6.860,131.951,-12.744,-33.720
1751286354935,2025-06-30T15:25:54.935,6.870,138.049,-2.012,-38.110
1751286354945,2025-06-30T15:25:54.945,6.880,141.524,0.183,-40.366
1751286354955,2025-06-30T15:25:54.955,6.890,142.805,-2.195,-41.037
1751286354965,2025-06-30T15:25:54.965,6.900,142.927,-8.293,-42.195
1751286354975,2025-06-30T15:25:54.975,6.910,141.037,-14.634,-43.293
1751286354985,2025-06-30T15:25:54.985,6.920,137.988,-17.866,-43.049
1751286354995,2025-06-30T15:25:54.995,6.930,134.695,-17.744,-41.707
1751286355005,2025-06-30T15:25:55.005,6.940,130.488,-13.171,-39.512
1751286355015,2025-06-30T15:25:55.015,6.950,125.671,-2.500,-36.037
1751286355025,2025-06-30T15:25:55.025,6.960,121.280,13.354,-32.012
1751286355035,2025-06-30T15:25:55.035,6.970,116.829,28.110,-28.293
1751286355045,2025-06-30T15:25:55.045,6.980,109.390,33.049,-23.902
1751286355055,2025-06-30T15:25:55.055,6.990,99.817,27.622,-18.720
1751286355065,2025-06-30T15:25:55.065,7.000,88.902,14.817,-13.902
1751286355075,2025-06-30T15:25:55.075,7.010,76.768,-1.707,-11.220
1751286355085,2025-06-30T15:25:55.085,7.020,64.634,-14.573,-10.244
1751286355095,2025-06-30T15:25:55.095,7.030,53.720,-17.927,-9.817
1751286355105,2025-06-30T15:25:55.105,7.040,43.720,-11.829,-8.476
1751286355115,2025-06-30T15:25:55.115,7.050,34.573,0.915,-6.707
1751286355125,2025-06-30T15:25:55.125,7.060,25.122,13.354,-5.305
1751286355135,2025-06-30T15:25:55.135,7.070,14.146,20.122,-4.329
1751286355145,2025-06-30T15:25:55.145,7.080,1.951,19.695,-2.927
1751286355155,2025-06-30T15:25:55.155,7.090,-11.463,14.207,-1.646
1751286355165,2025-06-30T15:25:55.165,7.100,-25.061,8.415,-0.427
1751286355175,2025-06-30T15:25:55.175,7.110,-38.293,5.671,1.707
1751286355185,2025-06-30T15:25:55.185,7.120,-51.220,6.768,4.512
1751286355195,2025-06-30T15:25:55.195,7.130,-63.293,12.378,6.524
1751286355205,2025-06-30T15:25:55.205,7.140,-74.085,19.329,7.500
1751286355215,2025-06-30T15:25:55.215,7.150,-85.488,22.744,9.085
1751286355225,2025-06-30T15:25:55.225,7.160,-96.768,22.134,11.037
1751286355235,2025-06-30T15:25:55.235,7.170,-106.768,20.549,12.988
1751286355245,2025-06-30T15:25:55.245,7.180,-116.280,18.780,15.366
1751286355255,2025-06-30T15:25:55.255,7.190,-124.939,17.683,17.988
1751286355265,2025-06-30T15:25:55.265,7.200,-132.500,17.622,20.854
1751286355275,2025-06-30T15:25:55.275,7.210,-139.268,17.500,23.780
1751286355285,2025-06-30T15:25:55.285,7.220,-145.915,16.463,26.585
1751286355295,2025-06-30T15:25:55.295,7.230,-151.646,15.915,29.390
1751286355305,2025-06-30T15:25:55.305,7.240,-156.220,15.488,32.378
1751286355315,2025-06-30T15:25:55.315,7.250,-160.549,12.988,35.305
1751286355325,2025-06-30T15:25:55.325,7.260,-163.720,7.988,39.390
1751286355335,2025-06-30T15:25:55.335,7.270,-164.634,4.085,43.841
1751286355345,2025-06-30T15:25:55.345,7.280,-164.024,2.805,47.439
1751286355355,2025-06-30T15:25:55.355,7.290,-161.098,4.085,50.549
1751286355365,2025-06-30T15:25:55.365,7.300,-156.463,5.976,52.317
1751286355375,2025-06-30T15:25:55.375,7.310,-150.732,6.402,50.732
1751286355385,2025-06-30T15:25:55.385,7.320,-142.927,6.159,47.256
1751286355395,2025-06-30T15:25:55.395,7.330,-133.110,6.829,42.439
1751286355405,2025-06-30T15:25:55.405,7.340,-121.768,8.171,35.610
1751286355415,2025-06-30T15:25:55.415,7.350,-110.122,9.024,26.951
1751286355425,2025-06-30T15:25:55.425,7.360,-98.232,9.756,17.378
1751286355435,2025-06-30T15:25:55.435,7.370,-86.707,11.341,8.293
1751286355445,2025-06-30T15:25:55.445,7.380,-74.939,13.963,0.915
1751286355455,2025-06-30T15:25:55.455,7.390,-63.780,16.829,-4.512
1751286355465,2025-06-30T15:25:55.465,7.400,-53.720,17.683,-7.744
1751286355475,2025-06-30T15:25:55.475,7.410,-44.573,17.134,-8.476
1751286355485,2025-06-30T15:25:55.485,7.420,-35.915,15.366,-6.585
1751286355495,2025-06-30T15:25:55.495,7.430,-29.085,10.671,-4.390
1751286355505,2025-06-30T15:25:55.505,7.440,-24.695,5.061,-1.585
1751286355515,2025-06-30T15:25:55.515,7.450,-22.012,4.329,2.500
1751286355525,2025-06-30T15:25:55.525,7.460,-19.512,8.415,5.793
1751286355535,2025-06-30T15:25:55.535,7.470,-17.012,12.073,6.951
1751286355545,2025-06-30T15:25:55.545,7.480,-15.305,11.707,6.890
1751286355555,2025-06-30T15:25:55.555,7.490,-14.146,7.256,7.195
1751286355565,2025-06-30T15:25:55.565,7.500,-13.232,1.524,7.378
1751286355575,2025-06-30T15:25:55.575,7.510,-11.402,-1.280,7.195
1751286355585,2025-06-30T15:25:55.585,7.520,-8.232,-1.220,7.805
1751286355595,2025-06-30T15:25:55.595,7.530,-5.244,2.317,9.207
1751286355605,2025-06-30T15:25:55.605,7.540,-1.524,10.610,9.695
1751286355615,2025-06-30T15:25:55.615,7.550,1.402,20.427,9.756
1751286355625,2025-06-30T15:25:55.625,7.560,2.378,24.512,8.841
1751286355635,2025-06-30T15:25:55.635,7.570,2.256,19.939,7.073
1751286355645,2025-06-30T15:25:55.645,7.580,2.195,9.756,5.671
1751286355655,2025-06-30T15:25:55.655,7.590,1.463,-1.890,3.415
1751286355665,2025-06-30T15:25:55.665,7.600,1.159,-11.037,1.524
1751286355675,2025-06-30T15:25:55.675,7.610,2.439,-15.549,0.793
1751286355685,2025-06-30T15:25:55.685,7.620,4.146,-14.451,0.061
1751286355695,2025-06-30T15:25:55.695,7.630,6.524,-8.841,-0.854
1751286355705,2025-06-30T15:25:55.705,7.640,9.085,-2.744,-1.646
1751286355715,2025-06-30T15:25:55.715,7.650,10.854,1.098,-2.561
1751286355725,2025-06-30T15:25:55.725,7.660,12.195,2.134,-2.500
1751286355735,2025-06-30T15:25:55.735,7.670,12.805,-0.061,-2.866
1751286355745,2025-06-30T15:25:55.745,7.680,13.049,-3.902,-3.780
1751286355755,2025-06-30T15:25:55.755,7.690,13.780,-8.720,-4.085
1751286355765,2025-06-30T15:25:55.765,7.700,14.451,-15.183,-4.451
1751286355775,2025-06-30T15:25:55.775,7.710,15.000,-21.585,-5.305
1751286355785,2025-06-30T15:25:55.785,7.720,16.402,-25.732,-6.707
1751286355795,2025-06-30T15:25:55.795,7.730,18.659,-28.720,-8.232
1751286355805,2025-06-30T15:25:55.805,7.740,22.500,-29.329,-9.817
1751286355815,2025-06-30T15:25:55.815,7.750,28.415,-28.598,-11.707
1751286355825,2025-06-30T15:25:55.825,7.760,35.061,-28.293,-14.329
1751286355835,2025-06-30T15:25:55.835,7.770,42.317,-26.951,-16.768
1751286355845,2025-06-30T15:25:55.845,7.780,51.037,-24.634,-18.841
1751286355855,2025-06-30T15:25:55.855,7.790,59.695,-22.195,-21.159
1751286355865,2025-06-30T15:25:55.865,7.800,67.805,-20.183,-22.134
1751286355875,2025-06-30T15:25:55.875,7.810,75.366,-18.293,-22.073
1751286355885,2025-06-30T15:25:55.885,7.820,81.829,-16.341,-22.927
1751286355895,2025-06-30T15:25:55.895,7.830,87.317,-17.561,-23.598
1751286355905,2025-06-30T15:25:55.905,7.840,91.524,-22.683,-24.390
1751286355915,2025-06-30T15:25:55.915,7.850,96.037,-31.098,-25.610
1751286355925,2025-06-30T15:25:55.925,7.860,101.890,-40.915,-26.524
1751286355935,2025-06-30T15:25:55.935,7.870,109.085,-48.232,-26.829
1751286355945,2025-06-30T15:25:55.945,7.880,116.585,-50.488,-28.110
1751286355955,2025-06-30T15:25:55.955,7.890,124.634,-45.061,-30.976
1751286355965,2025-06-30T15:25:55.965,7.900,131.524,-34.329,-34.451
1751286355975,2025-06-30T15:25:55.975,7.910,137.012,-25.488,-37.561
1751286355985,2025-06-30T15:25:55.985,7.920,141.159,-21.402,-39.390
1751286355995,2025-06-30T15:25:55.995,7.930,144.146,-22.683,-40.122
1751286356005,2025-06-30T15:25:56.005,7.940,145.671,-26.646,-39.939
1751286356015,2025-06-30T15:25:56.015,7.950,145.610,-30.976,-40.000
1751286356025,2025-06-30T15:25:56.025,7.960,143.780,-33.902,-40.366
1751286356035,2025-06-30T15:25:56.035,7.970,140.488,-33.537,-39.146
1751286356045,2025-06-30T15:25:56.045,7.980,135.366,-28.415,-37.378
1751286356055,2025-06-30T15:25:56.055,7.990,130.366,-17.073,-35.732
1751286356065,2025-06-30T15:25:56.065,8.000,126.707,-2.256,-33.293
1751286356075,2025-06-30T15:25:56.075,8.010,121.707,8.902,-29.329
1751286356085,2025-06-30T15:25:56.085,8.020,115.183,13.720,-24.329
1751286356095,2025-06-30T15:25:56.095,8.030,107.317,12.256,-18.780
1751286356105,2025-06-30T15:25:56.105,8.040,96.220,7.012,-14.390
1751286356115,2025-06-30T15:25:56.115,8.050,84.085,2.988,-11.768
1751286356125,2025-06-30T15:25:56.125,8.060,71.402,1.280,-10.915
1751286356135,2025-06-30T15:25:56.135,8.070,59.329,3.293,-11.098
1751286356145,2025-06-30T15:25:56.145,8.080,47.317,8.476,-13.232
1751286356155,2025-06-30T15:25:56.155,8.090,33.780,12.622,-16.220
1751286356165,2025-06-30T15:25:56.165,8.100,20.183,14.695,-17.866
1751286356175,2025-06-30T15:25:56.175,8.110,6.220,11.159,-17.683
1751286356185,2025-06-30T15:25:56.185,8.120,-8.780,3.232,-14.512
1751286356195,2025-06-30T15:25:56.195,8.130,-24.085,-3.232,-8.659
1751286356205,2025-06-30T15:25:56.205,8.140,-38.415,-1.646,-1.707
1751286356215,2025-06-30T15:25:56.215,8.150,-50.122,6.585,5.671
1751286356225,2025-06-30T15:25:56.225,8.160,-62.195,12.195,11.463
1751286356235,2025-06-30T15:25:56.235,8.170,-74.207,15.549,15.427
1751286356245,2025-06-30T15:25:56.245,8.180,-85.000,19.024,18.537
1751286356255,2025-06-30T15:25:56.255,8.190,-95.000,21.646,20.671
1751286356265,2025-06-30T15:25:56.265,8.200,-104.268,22.256,22.317
1751286356275,2025-06-30T15:25:56.275,8.210,-113.476,19.512,24.268
1751286356285,2025-06-30T15:25:56.285,8.220,-123.049,12.805,26.280
1751286356295,2025-06-30T15:25:56.295,8.230,-131.463,6.829,27.744
1751286356305,2025-06-30T15:25:56.305,8.240,-138.720,3.720,29.146
1751286356315,2025-06-30T15:25:56.315,8.250,-145.183,2.988,30.854
1751286356325,2025-06-30T15:25:56.325,8.260,-150.122,3.780,33.415
1751286356335,2025-06-30T15:25:56.335,8.270,-154.146,5.061,35.732
1751286356345,2025-06-30T15:25:56.345,8.280,-156.402,6.402,38.049
1751286356355,2025-06-30T15:25:56.355,8.290,-158.232,6.829,40.854
1751286356365,2025-06-30T15:25:56.365,8.300,-159.756,4.939,43.049
1751286356375,2025-06-30T15:25:56.375,8.310,-159.451,2.439,44.268
1751286356385,2025-06-30T15:25:56.385,8.320,-157.073,0.000,45.061
1751286356395,2025-06-30T15:25:56.395,8.330,-154.390,-4.451,45.976
1751286356405,2025-06-30T15:25:56.405,8.340,-151.341,-10.976,45.915
1751286356415,2025-06-30T15:25:56.415,8.350,-146.037,-17.378,44.329
1751286356425,2025-06-30T15:25:56.425,8.360,-138.720,-20.244,40.427
1751286356435,2025-06-30T15:25:56.435,8.370,-129.451,-20.183,33.780
1751286356445,2025-06-30T15:25:56.445,8.380,-119.573,-19.634,25.976
1751286356455,2025-06-30T15:25:56.455,8.390,-109.695,-19.512,18.720
1751286356465,2025-06-30T15:25:56.465,8.400,-98.110,-18.598,12.195
1751286356475,2025-06-30T15:25:56.475,8.410,-85.732,-13.354,6.890
1751286356485,2025-06-30T15:25:56.485,8.420,-72.500,-4.268,1.707
1751286356495,2025-06-30T15:25:56.495,8.430,-59.573,6.646,-2.073
1751286356505,2025-06-30T15:25:56.505,8.440,-47.134,19.695,-3.780
1751286356515,2025-06-30T15:25:56.515,8.450,-35.732,32.378,-5.671
1751286356525,2025-06-30T15:25:56.525,8.460,-26.098,39.939,-7.561
1751286356535,2025-06-30T15:25:56.535,8.470,-18.902,40.366,-8.415
1751286356545,2025-06-30T15:25:56.545,8.480,-13.963,36.463,-8.476
1751286356555,2025-06-30T15:25:56.555,8.490,-9.817,33.780,-8.110
1751286356565,2025-06-30T15:25:56.565,8.500,-6.707,31.951,-7.744
1751286356575,2025-06-30T15:25:56.575,8.510,-5.427,26.829,-6.463
1751286356585,2025-06-30T15:25:56.585,8.520,-4.390,22.134,-3.598
1751286356595,2025-06-30T15:25:56.595,8.530,-3.293,22.195,-1.159
1751286356605,2025-06-30T15:25:56.605,8.540,-2.378,25.122,0.366
1751286356615,2025-06-30T15:25:56.615,8.550,-1.402,26.463,2.805
1751286356625,2025-06-30T15:25:56.625,8.560,-0.915,22.927,4.939
1751286356635,2025-06-30T15:25:56.635,8.570,-0.915,16.585,5.915
1751286356645,2025-06-30T15:25:56.645,8.580,-0.732,11.829,5.549
1751286356655,2025-06-30T15:25:56.655,8.590,-0.610,9.634,4.695
1751286356665,2025-06-30T15:25:56.665,8.600,-0.244,6.707,4.634
1751286356675,2025-06-30T15:25:56.675,8.610,-0.122,1.220,4.817
1751286356685,2025-06-30T15:25:56.685,8.620,-0.122,-4.268,4.939
1751286356695,2025-06-30T15:25:56.695,8.630,0.793,-7.439,4.573
1751286356705,2025-06-30T15:25:56.705,8.640,2.256,-10.671,3.720
1751286356715,2025-06-30T15:25:56.715,8.650,3.902,-13.049,2.805
1751286356725,2025-06-30T15:25:56.725,8.660,6.402,-13.232,1.768
1751286356735,2025-06-30T15:25:56.735,8.670,9.146,-11.768,0.305
1751286356745,2025-06-30T15:25:56.745,8.680,12.256,-9.939,-0.976
1751286356755,2025-06-30T15:25:56.755,8.690,16.037,-8.293,-1.524
1751286356765,2025-06-30T15:25:56.765,8.700,20.549,-8.902,-2.256
1751286356775,2025-06-30T15:25:56.775,8.710,26.220,-12.012,-3.902
1751286356785,2025-06-30T15:25:56.785,8.720,33.232,-16.159,-5.976
1751286356795,2025-06-30T15:25:56.795,8.730,42.927,-17.500,-8.902
1751286356805,2025-06-30T15:25:56.805,8.740,53.720,-14.573,-12.927
1751286356815,2025-06-30T15:25:56.815,8.750,63.049,-8.476,-16.098
1751286356825,2025-06-30T15:25:56.825,8.760,72.256,-2.744,-18.293
1751286356835,2025-06-30T15:25:56.835,8.770,80.549,-1.098,-19.939
1751286356845,2025-06-30T15:25:56.845,8.780,87.256,-4.390,-21.402
1751286356855,2025-06-30T15:25:56.855,8.790,92.256,-15.427,-23.171
1751286356865,2025-06-30T15:25:56.865,8.800,96.951,-33.598,-23.598
1751286356875,2025-06-30T15:25:56.875,8.810,102.744,-51.280,-23.110
1751286356885,2025-06-30T15:25:56.885,8.820,109.268,-58.841,-23.049
1751286356895,2025-06-30T15:25:56.895,8.830,116.585,-51.951,-23.049
1751286356905,2025-06-30T15:25:56.905,8.840,124.695,-35.000,-22.378
1751286356915,2025-06-30T15:25:56.915,8.850,131.768,-17.256,-22.500
1751286356925,2025-06-30T15:25:56.925,8.860,136.402,-5.427,-24.329
1751286356935,2025-06-30T15:25:56.935,8.870,139.451,-5.854,-26.890
1751286356945,2025-06-30T15:25:56.945,8.880,142.073,-17.683,-29.146
1751286356955,2025-06-30T15:25:56.955,8.890,144.451,-32.195,-31.159
1751286356965,2025-06-30T15:25:56.965,8.900,146.707,-42.744,-32.927
1751286356975,2025-06-30T15:25:56.975,8.910,148.354,-44.512,-33.110
1751286356985,2025-06-30T15:25:56.985,8.920,148.598,-35.793,-31.890
1751286356995,2025-06-30T15:25:56.995,8.930,147.378,-18.841,-30.976
1751286357005,2025-06-30T15:25:57.005,8.940,146.098,-0.671,-29.756
1751286357015,2025-06-30T15:25:57.015,8.950,144.634,14.268,-27.073
1751286357025,2025-06-30T15:25:57.025,8.960,141.829,25.549,-24.085
1751286357035,2025-06-30T15:25:57.035,8.970,137.622,30.000,-21.220
1751286357045,2025-06-30T15:25:57.045,8.980,131.951,28.049,-18.415
1751286357055,2025-06-30T15:25:57.055,8.990,122.683,20.122,-16.159
1751286357065,2025-06-30T15:25:57.065,9.000,110.732,7.439,-14.390
1751286357075,2025-06-30T15:25:57.075,9.010,98.963,-6.402,-13.049
1751286357085,2025-06-30T15:25:57.085,9.020,86.890,-16.768,-13.354
1751286357095,2025-06-30T15:25:57.095,9.030,75.732,-20.366,-14.451
1751286357105,2025-06-30T15:25:57.105,9.040,66.159,-17.195,-15.488
1751286357115,2025-06-30T15:25:57.115,9.050,56.159,-10.183,-16.646
1751286357125,2025-06-30T15:25:57.125,9.060,45.549,-0.671,-17.683
1751286357135,2025-06-30T15:25:57.135,9.070,34.817,8.659,-16.951
1751286357145,2025-06-30T15:25:57.145,9.080,21.707,12.317,-14.634
1751286357155,2025-06-30T15:25:57.155,9.090,6.707,10.427,-10.915
1751286357165,2025-06-30T15:25:57.165,9.100,-8.476,6.098,-6.220
1751286357175,2025-06-30T15:25:57.175,9.110,-23.780,2.134,-2.256
1751286357185,2025-06-30T15:25:57.185,9.120,-38.232,0.671,1.159
1751286357195,2025-06-30T15:25:57.195,9.130,-51.707,1.646,4.207
1751286357205,2025-06-30T15:25:57.205,9.140,-64.146,5.915,7.256
1751286357215,2025-06-30T15:25:57.215,9.150,-75.366,13.232,10.122
1751286357225,2025-06-30T15:25:57.225,9.160,-85.366,21.463,12.500
1751286357235,2025-06-30T15:25:57.235,9.170,-95.000,27.134,14.695
1751286357245,2025-06-30T15:25:57.245,9.180,-105.061,27.134,16.159
1751286357255,2025-06-30T15:25:57.255,9.190,-115.000,24.146,17.439
1751286357265,2025-06-30T15:25:57.265,9.200,-124.573,21.463,18.354
1751286357275,2025-06-30T15:25:57.275,9.210,-133.720,17.866,20.000
1751286357285,2025-06-30T15:25:57.285,9.220,-141.341,14.756,21.951
1751286357295,2025-06-30T15:25:57.295,9.230,-147.683,13.537,23.598
1751286357305,2025-06-30T15:25:57.305,9.240,-153.598,13.659,25.976
1751286357315,2025-06-30T15:25:57.315,9.250,-158.049,15.549,28.659
1751286357325,2025-06-30T15:25:57.325,9.260,-160.854,17.256,30.610
1751286357335,2025-06-30T15:25:57.335,9.270,-163.049,15.366,32.256
1751286357345,2025-06-30T15:25:57.345,9.280,-164.329,10.000,33.902
1751286357355,2025-06-30T15:25:57.355,9.290,-163.598,5.122,35.732
1751286357365,2025-06-30T15:25:57.365,9.300,-161.646,3.537,37.073
1751286357375,2025-06-30T15:25:57.375,9.310,-157.927,3.171,37.195
1751286357385,2025-06-30T15:25:57.385,9.320,-152.866,3.232,35.854
1751286357395,2025-06-30T15:25:57.395,9.330,-146.159,5.793,33.110
1751286357405,2025-06-30T15:25:57.405,9.340,-137.866,8.171,29.390
1751286357415,2025-06-30T15:25:57.415,9.350,-129.085,6.402,24.268
1751286357425,2025-06-30T15:25:57.425,9.360,-119.695,3.476,18.232
1751286357435,2025-06-30T15:25:57.435,9.370,-109.451,3.598,12.195
1751286357445,2025-06-30T15:25:57.445,9.380,-98.963,7.134,7.256
1751286357455,2025-06-30T15:25:57.455,9.390,-87.805,11.524,3.171
1751286357465,2025-06-30T15:25:57.465,9.400,-76.707,14.268,-0.793
1751286357475,2025-06-30T15:25:57.475,9.410,-66.037,16.768,-3.537
1751286357485,2025-06-30T15:25:57.485,9.420,-55.488,20.000,-4.634
1751286357495,2025-06-30T15:25:57.495,9.430,-45.610,22.744,-4.756
1751286357505,2025-06-30T15:25:57.505,9.440,-37.012,23.476,-4.390
1751286357515,2025-06-30T15:25:57.515,9.450,-29.024,22.561,-4.085
1751286357525,2025-06-30T15:25:57.525,9.460,-22.744,22.561,-2.988
1751286357535,2025-06-30T15:25:57.535,9.470,-17.866,25.610,-0.610
1751286357545,2025-06-30T15:25:57.545,9.480,-13.902,27.988,1.524
1751286357555,2025-06-30T15:25:57.555,9.490,-11.037,25.488,3.720
1751286357565,2025-06-30T15:25:57.565,9.500,-8.659,20.427,4.878
1751286357575,2025-06-30T15:25:57.575,9.510,-6.402,15.732,4.512
1751286357585,2025-06-30T15:25:57.585,9.520,-4.268,13.963,5.061
1751286357595,2025-06-30T15:25:57.595,9.530,-2.805,15.671,4.512
1751286357605,2025-06-30T15:25:57.605,9.540,-1.829,16.829,3.232
1751286357615,2025-06-30T15:25:57.615,9.550,-1.768,13.415,3.049
1751286357625,2025-06-30T15:25:57.625,9.560,-2.866,5.427,2.866
1751286357635,2025-06-30T15:25:57.635,9.570,-3.354,-3.171,2.561
1751286357645,2025-06-30T15:25:57.645,9.580,-2.805,-9.390,2.256
1751286357655,2025-06-30T15:25:57.655,9.590,-2.012,-13.232,1.646
1751286357665,2025-06-30T15:25:57.665,9.600,-0.183,-13.049,0.976
1751286357675,2025-06-30T15:25:57.675,9.610,2.622,-9.146,0.366
1751286357685,2025-06-30T15:25:57.685,9.620,5.305,-5.671,0.305
1751286357695,2025-06-30T15:25:57.695,9.630,7.805,-2.988,0.488
1751286357705,2025-06-30T15:25:57.705,9.640,10.732,-0.549,0.183
1751286357715,2025-06-30T15:25:57.715,9.650,13.171,0.549,0.061
1751286357725,2025-06-30T15:25:57.725,9.660,15.000,-0.610,0.305
1751286357735,2025-06-30T15:25:57.735,9.670,16.585,-4.146,-0.183
1751286357745,2025-06-30T15:25:57.745,9.680,18.293,-9.573,-0.671
1751286357755,2025-06-30T15:25:57.755,9.690,20.488,-14.695,-0.549
1751286357765,2025-06-30T15:25:57.765,9.700,23.415,-18.598,-0.183
1751286357775,2025-06-30T15:25:57.775,9.710,28.049,-20.610,0.061
1751286357785,2025-06-30T15:25:57.785,9.720,34.207,-18.841,1.220
1751286357795,2025-06-30T15:25:57.795,9.730,41.159,-13.354,1.402
1751286357805,2025-06-30T15:25:57.805,9.740,48.293,-6.646,-0.488
1751286357815,2025-06-30T15:25:57.815,9.750,55.671,0.366,-2.195
1751286357825,2025-06-30T15:25:57.825,9.760,62.012,2.500,-3.780
1751286357835,2025-06-30T15:25:57.835,9.770,66.768,-6.098,-6.524
1751286357845,2025-06-30T15:25:57.845,9.780,70.793,-24.085,-9.146
1751286357855,2025-06-30T15:25:57.855,9.790,74.573,-44.451,-10.793
1751286357865,2025-06-30T15:25:57.865,9.800,79.573,-59.390,-11.768
1751286357875,2025-06-30T15:25:57.875,9.810,86.402,-64.085,-12.317
1751286357885,2025-06-30T15:25:57.885,9.820,95.183,-59.634,-12.805
1751286357895,2025-06-30T15:25:57.895,9.830,104.329,-48.963,-13.659
1751286357905,2025-06-30T15:25:57.905,9.840,112.683,-34.512,-15.793
1751286357915,2025-06-30T15:25:57.915,9.850,119.268,-21.951,-19.512
1751286357925,2025-06-30T15:25:57.925,9.860,122.561,-17.927,-22.683
1751286357935,2025-06-30T15:25:57.935,9.870,124.756,-22.805,-25.427
1751286357945,2025-06-30T15:25:57.945,9.880,125.793,-33.963,-27.866
1751286357955,2025-06-30T15:25:57.955,9.890,125.000,-46.707,-29.512
1751286357965,2025-06-30T15:25:57.965,9.900,124.146,-55.671,-30.549
1751286357975,2025-06-30T15:25:57.975,9.910,123.293,-56.220,-30.854
1751286357985,2025-06-30T15:25:57.985,9.920,122.866,-47.317,-31.951
1751286357995,2025-06-30T15:25:57.995,9.930,122.561,-32.683,-33.537
1751286358005,2025-06-30T15:25:58.005,9.940,121.402,-19.085,-34.390
1751286358015,2025-06-30T15:25:58.015,9.950,119.268,-10.183,-34.268
1751286358025,2025-06-30T15:25:58.025,9.960,115.122,-6.037,-33.110
1751286358035,2025-06-30T15:25:58.035,9.970,108.902,-6.220,-30.183
1751286358045,2025-06-30T15:25:58.045,9.980,101.341,-8.720,-26.951
1751286358055,2025-06-30T15:25:58.055,9.990,91.829,-12.561,-23.354
1751286358065,2025-06-30T15:25:58.065,10.000,81.159,-16.159,-19.939
1751286358075,2025-06-30T15:25:58.075,10.010,71.402,-15.976,-17.134
1751286358085,2025-06-30T15:25:58.085,10.020,61.524,-11.829,-15.427
1751286358095,2025-06-30T15:25:58.095,10.030,50.427,-5.305,-14.756
1751286358105,2025-06-30T15:25:58.105,10.040,37.683,-0.061,-14.451
1751286358115,2025-06-30T15:25:58.115,10.050,24.512,2.073,-13.720
1751286358125,2025-06-30T15:25:58.125,10.060,11.280,1.768,-11.707
1751286358135,2025-06-30T15:25:58.135,10.070,-2.317,0.915,-9.268
1751286358145,2025-06-30T15:25:58.145,10.080,-15.183,4.390,-5.915
1751286358155,2025-06-30T15:25:58.155,10.090,-27.378,11.707,-2.012
1751286358165,2025-06-30T15:25:58.165,10.100,-40.366,17.866,2.073
1751286358175,2025-06-30T15:25:58.175,10.110,-53.659,20.244,5.793
1751286358185,2025-06-30T15:25:58.185,10.120,-65.793,20.122,9.024
1751286358195,2025-06-30T15:25:58.195,10.130,-76.951,19.329,11.829
1751286358205,2025-06-30T15:25:58.205,10.140,-87.134,19.756,15.183
1751286358215,2025-06-30T15:25:58.215,10.150,-96.159,23.415,17.439
1751286358225,2025-06-30T15:25:58.225,10.160,-103.780,29.207,18.902
1751286358235,2025-06-30T15:25:58.235,10.170,-111.280,33.171,20.427
1751286358245,2025-06-30T15:25:58.245,10.180,-119.512,33.720,21.646
1751286358255,2025-06-30T15:25:58.255,10.190,-127.378,33.110,22.744
1751286358265,2025-06-30T15:25:58.265,10.200,-135.366,31.341,23.841
1751286358275,2025-06-30T15:25:58.275,10.210,-143.049,28.780,25.122
1751286358285,2025-06-30T15:25:58.285,10.220,-148.780,26.646,27.256
1751286358295,2025-06-30T15:25:58.295,10.230,-153.659,22.683,29.451
1751286358305,2025-06-30T15:25:58.305,10.240,-158.720,16.341,31.098
1751286358315,2025-06-30T15:25:58.315,10.250,-161.341,9.146,32.012
1751286358325,2025-06-30T15:25:58.325,10.260,-161.707,-1.220,33.049
1751286358335,2025-06-30T15:25:58.335,10.270,-161.098,-15.122,35.549
1751286358345,2025-06-30T15:25:58.345,10.280,-158.049,-27.866,37.378
1751286358355,2025-06-30T15:25:58.355,10.290,-152.866,-37.439,38.415
1751286358365,2025-06-30T15:25:58.365,10.300,-145.915,-43.293,38.232
1751286358375,2025-06-30T15:25:58.375,10.310,-136.159,-42.927,34.390
1751286358385,2025-06-30T15:25:58.385,10.320,-124.329,-38.232,27.683
1751286358395,2025-06-30T15:25:58.395,10.330,-112.317,-32.256,20.366
1751286358405,2025-06-30T15:25:58.405,10.340,-100.793,-25.244,13.415
1751286358415,2025-06-30T15:25:58.415,10.350,-88.780,-15.793,7.500
1751286358425,2025-06-30T15:25:58.425,10.360,-76.037,-5.610,3.476
1751286358435,2025-06-30T15:25:58.435,10.370,-63.902,1.707,1.402
1751286358445,2025-06-30T15:25:58.445,10.380,-52.744,8.415,0.854
1751286358455,2025-06-30T15:25:58.455,10.390,-42.744,15.061,0.366
1751286358465,2025-06-30T15:25:58.465,10.400,-33.963,22.683,0.427
1751286358475,2025-06-30T15:25:58.475,10.410,-25.732,29.939,0.366
1751286358485,2025-06-30T15:25:58.485,10.420,-18.537,32.622,0.122
1751286358495,2025-06-30T15:25:58.495,10.430,-13.171,30.488,0.732
1751286358505,2025-06-30T15:25:58.505,10.440,-8.659,26.098,1.707
1751286358515,2025-06-30T15:25:58.515,10.450,-4.512,23.110,2.012
1751286358525,2025-06-30T15:25:58.525,10.460,-0.244,22.134,2.012
1751286358535,2025-06-30T15:25:58.535,10.470,3.232,21.829,2.500
1751286358545,2025-06-30T15:25:58.545,10.480,6.463,22.866,2.683
1751286358555,2025-06-30T15:25:58.555,10.490,9.268,22.500,2.256
1751286358565,2025-06-30T15:25:58.565,10.500,10.305,19.817,2.073
1751286358575,2025-06-30T15:25:58.575,10.510,10.427,15.915,1.890
1751286358585,2025-06-30T15:25:58.585,10.520,9.817,10.610,1.159
1751286358595,2025-06-30T15:25:58.595,10.530,8.659,4.634,0.305
1751286358605,2025-06-30T15:25:58.605,10.540,7.805,-1.585,-0.549
1751286358615,2025-06-30T15:25:58.615,10.550,7.561,-8.537,-1.037
1751286358625,2025-06-30T15:25:58.625,10.560,7.195,-15.061,-1.098
1751286358635,2025-06-30T15:25:58.635,10.570,7.561,-18.354,-1.341
1751286358645,2025-06-30T15:25:58.645,10.580,9.756,-17.195,-1.402
1751286358655,2025-06-30T15:25:58.655,10.590,12.866,-12.988,-1.159
1751286358665,2025-06-30T15:25:58.665,10.600,15.610,-10.488,-0.915
1751286358675,2025-06-30T15:25:58.675,10.610,17.927,-12.134,-0.122
1751286358685,2025-06-30T15:25:58.685,10.620,19.634,-15.671,0.610
1751286358695,2025-06-30T15:25:58.695,10.630,21.951,-20.732,0.549
1751286358705,2025-06-30T15:25:58.705,10.640,25.244,-28.659,-0.061
1751286358715,2025-06-30T15:25:58.715,10.650,29.817,-38.720,-0.915
1751286358725,2025-06-30T15:25:58.725,10.660,35.183,-46.585,-2.622
1751286358735,2025-06-30T15:25:58.735,10.670,41.524,-48.293,-5.549
1751286358745,2025-06-30T15:25:58.745,10.680,49.085,-45.305,-9.207
1751286358755,2025-06-30T15:25:58.755,10.690,57.134,-40.976,-12.561
1751286358765,2025-06-30T15:25:58.765,10.700,65.366,-35.854,-14.817
1751286358775,2025-06-30T15:25:58.775,10.710,73.110,-31.280,-17.317
1751286358785,2025-06-30T15:25:58.785,10.720,79.268,-31.402,-18.963
1751286358795,2025-06-30T15:25:58.795,10.730,83.476,-38.476,-19.085
1751286358805,2025-06-30T15:25:58.805,10.740,86.463,-50.793,-20.000
1751286358815,2025-06-30T15:25:58.815,10.750,91.220,-64.024,-21.585
1751286358825,2025-06-30T15:25:58.825,10.760,97.073,-71.890,-23.963
1751286358835,2025-06-30T15:25:58.835,10.770,102.500,-68.598,-27.927
1751286358845,2025-06-30T15:25:58.845,10.780,108.841,-53.354,-31.951
1751286358855,2025-06-30T15:25:58.855,10.790,115.610,-35.183,-36.220
1751286358865,2025-06-30T15:25:58.865,10.800,121.098,-25.244,-40.000
1751286358875,2025-06-30T15:25:58.875,10.810,124.329,-27.683,-42.073
1751286358885,2025-06-30T15:25:58.885,10.820,125.793,-36.524,-42.500
1751286358895,2025-06-30T15:25:58.895,10.830,127.256,-42.744,-42.927
1751286358905,2025-06-30T15:25:58.905,10.840,129.207,-42.134,-43.841
1751286358915,2025-06-30T15:25:58.915,10.850,130.000,-36.098,-44.085
1751286358925,2025-06-30T15:25:58.925,10.860,129.817,-27.561,-42.988
1751286358935,2025-06-30T15:25:58.935,10.870,129.268,-17.134,-41.585
1751286358945,2025-06-30T15:25:58.945,10.880,126.585,-7.561,-40.976
1751286358955,2025-06-30T15:25:58.955,10.890,121.951,-2.866,-38.659
1751286358965,2025-06-30T15:25:58.965,10.900,116.341,-2.073,-34.512
1751286358975,2025-06-30T15:25:58.975,10.910,110.122,-1.585,-30.793
1751286358985,2025-06-30T15:25:58.985,10.920,103.598,-0.793,-27.439
1751286358995,2025-06-30T15:25:58.995,10.930,97.439,0.183,-23.659
1751286359005,2025-06-30T15:25:59.005,10.940,90.000,-0.366,-20.244
1751286359015,2025-06-30T15:25:59.015,10.950,81.159,-0.610,-17.927
1751286359025,2025-06-30T15:25:59.025,10.960,72.256,3.171,-17.134
1751286359035,2025-06-30T15:25:59.035,10.970,63.415,9.939,-17.805
1751286359045,2025-06-30T15:25:59.045,10.980,55.122,16.585,-18.659
1751286359055,2025-06-30T15:25:59.055,10.990,45.427,18.780,-18.598
1751286359065,2025-06-30T15:25:59.065,11.000,33.598,17.134,-16.768
1751286359075,2025-06-30T15:25:59.075,11.010,21.524,17.317,-14.085
1751286359085,2025-06-30T15:25:59.085,11.020,9.451,21.707,-11.220
1751286359095,2025-06-30T15:25:59.095,11.030,-3.049,26.341,-7.744
1751286359105,2025-06-30T15:25:59.105,11.040,-16.341,29.207,-3.476
1751286359115,2025-06-30T15:25:59.115,11.050,-29.329,31.768,1.098
1751286359125,2025-06-30T15:25:59.125,11.060,-41.829,33.049,6.037
1751286359135,2025-06-30T15:25:59.135,11.070,-54.146,34.207,10.610
1751286359145,2025-06-30T15:25:59.145,11.080,-66.159,35.732,14.085
1751286359155,2025-06-30T15:25:59.155,11.090,-77.073,37.561,17.073
1751286359165,2025-06-30T15:25:59.165,11.100,-87.378,38.537,19.451
1751286359175,2025-06-30T15:25:59.175,11.110,-97.134,39.451,21.585
1751286359185,2025-06-30T15:25:59.185,11.120,-106.280,41.829,23.720
1751286359195,2025-06-30T15:25:59.195,11.130,-114.451,45.671,25.793
1751286359205,2025-06-30T15:25:59.205,11.140,-122.012,49.878,28.232
1751286359215,2025-06-30T15:25:59.215,11.150,-129.451,52.317,30.244
1751286359225,2025-06-30T15:25:59.225,11.160,-136.463,53.293,31.951
1751286359235,2025-06-30T15:25:59.235,11.170,-142.561,53.171,33.415
1751286359245,2025-06-30T15:25:59.245,11.180,-147.805,51.341,35.000
1751286359255,2025-06-30T15:25:59.255,11.190,-152.805,46.463,36.951
1751286359265,2025-06-30T15:25:59.265,11.200,-156.280,40.305,39.024
1751286359275,2025-06-30T15:25:59.275,11.210,-158.049,32.988,41.402
1751286359285,2025-06-30T15:25:59.285,11.220,-158.415,25.793,43.537
1751286359295,2025-06-30T15:25:59.295,11.230,-157.195,19.024,45.915
1751286359305,2025-06-30T15:25:59.305,11.240,-154.329,13.659,48.049
1751286359315,2025-06-30T15:25:59.315,11.250,-150.671,10.427,49.634
1751286359325,2025-06-30T15:25:59.325,11.260,-146.951,7.317,50.671
1751286359335,2025-06-30T15:25:59.335,11.270,-141.463,2.195,50.915
1751286359345,2025-06-30T15:25:59.345,11.280,-132.744,-4.695,48.537
1751286359355,2025-06-30T15:25:59.355,11.290,-122.500,-9.512,43.963
1751286359365,2025-06-30T15:25:59.365,11.300,-110.244,-9.451,36.768
1751286359375,2025-06-30T15:25:59.375,11.310,-95.976,-2.622,27.866
1751286359385,2025-06-30T15:25:59.385,11.320,-82.439,7.805,18.841
1751286359395,2025-06-30T15:25:59.395,11.330,-68.963,17.988,11.890
1751286359405,2025-06-30T15:25:59.405,11.340,-55.671,26.890,7.256
1751286359415,2025-06-30T15:25:59.415,11.350,-43.598,34.451,4.024
1751286359425,2025-06-30T15:25:59.425,11.360,-33.476,39.634,2.805
1751286359435,2025-06-30T15:25:59.435,11.370,-24.939,40.183,3.720
1751286359445,2025-06-30T15:25:59.445,11.380,-18.841,35.610,4.634
1751286359455,2025-06-30T15:25:59.455,11.390,-14.634,28.293,4.817
1751286359465,2025-06-30T15:25:59.465,11.400,-10.976,21.159,5.183
1751286359475,2025-06-30T15:25:59.475,11.410,-7.866,14.756,4.207
1751286359485,2025-06-30T15:25:59.485,11.420,-5.305,9.329,1.951
1751286359495,2025-06-30T15:25:59.495,11.430,-2.866,5.549,0.366
1751286359505,2025-06-30T15:25:59.505,11.440,-0.244,5.061,-0.671
1751286359515,2025-06-30T15:25:59.515,11.450,2.683,7.012,-1.098
1751286359525,2025-06-30T15:25:59.525,11.460,5.854,10.915,-0.793
1751286359535,2025-06-30T15:25:59.535,11.470,8.659,16.646,0.061
1751286359545,2025-06-30T15:25:59.545,11.480,10.183,22.073,0.854
1751286359555,2025-06-30T15:25:59.555,11.490,10.976,24.207,0.976
1751286359565,2025-06-30T15:25:59.565,11.500,11.402,21.585,1.402
1751286359575,2025-06-30T15:25:59.575,11.510,10.305,13.598,1.585
1751286359585,2025-06-30T15:25:59.585,11.520,8.902,2.256,1.585
1751286359595,2025-06-30T15:25:59.595,11.530,7.744,-8.598,0.915
1751286359605,2025-06-30T15:25:59.605,11.540,7.073,-15.122,0.122
1751286359615,2025-06-30T15:25:59.615,11.550,7.500,-16.890,-0.488
1751286359625,2025-06-30T15:25:59.625,11.560,9.024,-14.817,-0.793
1751286359635,2025-06-30T15:25:59.635,11.570,11.098,-11.402,-1.220
1751286359645,2025-06-30T15:25:59.645,11.580,13.537,-8.902,-1.585
1751286359655,2025-06-30T15:25:59.655,11.590,15.610,-7.134,-1.951
1751286359665,2025-06-30T15:25:59.665,11.600,17.866,-6.280,-2.866
1751286359675,2025-06-30T15:25:59.675,11.610,20.183,-6.402,-3.476
1751286359685,2025-06-30T15:25:59.685,11.620,22.439,-9.939,-4.085
1751286359695,2025-06-30T15:25:59.695,11.630,25.427,-17.073,-4.695
1751286359705,2025-06-30T15:25:59.705,11.640,29.634,-25.488,-5.244
1751286359715,2025-06-30T15:25:59.715,11.650,35.854,-31.707,-6.768
1751286359725,2025-06-30T15:25:59.725,11.660,44.146,-32.500,-9.268
1751286359735,2025-06-30T15:25:59.735,11.670,52.622,-28.902,-11.768
1751286359745,2025-06-30T15:25:59.745,11.680,60.854,-23.293,-13.659
1751286359755,2025-06-30T15:25:59.755,11.690,68.293,-17.805,-15.793
1751286359765,2025-06-30T15:25:59.765,11.700,74.756,-15.122,-17.500
1751286359775,2025-06-30T15:25:59.775,11.710,80.488,-16.280,-18.476
1751286359785,2025-06-30T15:25:59.785,11.720,83.963,-23.780,-19.207
1751286359795,2025-06-30T15:25:59.795,11.730,85.610,-39.146,-18.171
1751286359805,2025-06-30T15:25:59.805,11.740,87.683,-56.220,-15.427
1751286359815,2025-06-30T15:25:59.815,11.750,90.854,-67.378,-13.476
1751286359825,2025-06-30T15:25:59.825,11.760,95.244,-70.976,-13.354
1751286359835,2025-06-30T15:25:59.835,11.770,101.951,-67.927,-14.878
1751286359845,2025-06-30T15:25:59.845,11.780,110.122,-61.341,-18.354
1751286359855,2025-06-30T15:25:59.855,11.790,117.134,-55.244,-24.451
1751286359865,2025-06-30T15:25:59.865,11.800,123.110,-50.183,-31.037
1751286359875,2025-06-30T15:25:59.875,11.810,128.049,-45.244,-36.707
1751286359885,2025-06-30T15:25:59.885,11.820,132.195,-42.683,-42.256
1751286359895,2025-06-30T15:25:59.895,11.830,135.976,-41.098,-46.220
1751286359905,2025-06-30T15:25:59.905,11.840,138.415,-37.378,-48.415
1751286359915,2025-06-30T15:25:59.915,11.850,139.146,-30.854,-50.000
1751286359925,2025-06-30T15:25:59.925,11.860,138.293,-24.512,-50.854
1751286359935,2025-06-30T15:25:59.935,11.870,134.817,-21.280,-49.390
1751286359945,2025-06-30T15:25:59.945,11.880,129.085,-19.573,-46.585
1751286359955,2025-06-30T15:25:59.955,11.890,121.402,-16.707,-42.622
1751286359965,2025-06-30T15:25:59.965,11.900,112.622,-12.073,-37.683
1751286359975,2025-06-30T15:25:59.975,11.910,103.049,-6.829,-32.561
1751286359985,2025-06-30T15:25:59.985,11.920,91.707,-1.646,-26.707
1751286359995,2025-06-30T15:25:59.995,11.930,79.756,3.659,-20.488
1751286360005,2025-06-30T15:26:00.005,11.940,67.073,7.927,-13.902
1751286360015,2025-06-30T15:26:00.015,11.950,53.537,11.159,-7.439
1751286360025,2025-06-30T15:26:00.025,11.960,39.817,13.841,-2.317
1751286360035,2025-06-30T15:26:00.035,11.970,25.976,16.890,1.098
1751286360045,2025-06-30T15:26:00.045,11.980,12.500,20.305,2.988
1751286360055,2025-06-30T15:26:00.055,11.990,-1.037,22.988,4.329
1751286360065,2025-06-30T15:26:00.065,12.000,-14.817,24.085,5.488
1751286360075,2025-06-30T15:26:00.075,12.010,-28.354,24.878,7.195
1751286360085,2025-06-30T15:26:00.085,12.020,-41.463,28.354,8.841
1751286360095,2025-06-30T15:26:00.095,12.030,-53.841,34.451,10.854
1751286360105,2025-06-30T15:26:00.105,12.040,-66.159,39.878,12.439
1751286360115,2025-06-30T15:26:00.115,12.050,-79.512,42.683,13.232
1751286360125,2025-06-30T15:26:00.125,12.060,-92.439,43.963,14.451
1751286360135,2025-06-30T15:26:00.135,12.070,-104.451,44.268,15.488
1751286360145,2025-06-30T15:26:00.145,12.080,-115.305,43.780,16.524
1751286360155,2025-06-30T15:26:00.155,12.090,-124.634,43.293,18.598
1751286360165,2025-06-30T15:26:00.165,12.100,-132.927,41.951,20.976
1751286360175,2025-06-30T15:26:00.175,12.110,-141.098,39.573,22.805
1751286360185,2025-06-30T15:26:00.185,12.120,-147.805,39.024,25.183
1751286360195,2025-06-30T15:26:00.195,12.130,-153.049,39.939,27.439
1751286360205,2025-06-30T15:26:00.205,12.140,-156.402,41.463,29.329
1751286360215,2025-06-30T15:26:00.215,12.150,-158.049,42.500,30.915
1751286360225,2025-06-30T15:26:00.225,12.160,-159.268,39.878,32.500
1751286360235,2025-06-30T15:26:00.235,12.170,-159.390,33.476,35.183
1751286360245,2025-06-30T15:26:00.245,12.180,-157.805,26.524,37.012
1751286360255,2025-06-30T15:26:00.255,12.190,-154.817,20.854,37.500
1751286360265,2025-06-30T15:26:00.265,12.200,-149.573,19.024,37.134
1751286360275,2025-06-30T15:26:00.275,12.210,-141.220,21.585,34.268
1751286360285,2025-06-30T15:26:00.285,12.220,-131.524,25.793,30.915
1751286360295,2025-06-30T15:26:00.295,12.230,-121.585,28.354,26.585
1751286360305,2025-06-30T15:26:00.305,12.240,-110.610,30.000,21.768
1751286360315,2025-06-30T15:26:00.315,12.250,-100.488,30.732,17.439
1751286360325,2025-06-30T15:26:00.325,12.260,-90.793,25.488,14.085
1751286360335,2025-06-30T15:26:00.335,12.270,-80.793,18.049,12.744
1751286360345,2025-06-30T15:26:00.345,12.280,-70.427,15.000,10.915
1751286360355,2025-06-30T15:26:00.355,12.290,-58.659,15.915,7.378
1751286360365,2025-06-30T15:26:00.365,12.300,-47.195,17.988,4.451
1751286360375,2025-06-30T15:26:00.375,12.310,-38.354,16.951,2.500
1751286360385,2025-06-30T15:26:00.385,12.320,-31.463,12.561,0.976
1751286360395,2025-06-30T15:26:00.395,12.330,-24.939,8.963,-0.183
1751286360405,2025-06-30T15:26:00.405,12.340,-19.024,8.293,-1.463
1751286360415,2025-06-30T15:26:00.415,12.350,-13.415,10.366,-2.439
1751286360425,2025-06-30T15:26:00.425,12.360,-8.171,14.146,-2.439
1751286360435,2025-06-30T15:26:00.435,12.370,-3.598,17.744,-2.073
1751286360445,2025-06-30T15:26:00.445,12.380,0.122,19.756,-1.341
1751286360455,2025-06-30T15:26:00.455,12.390,2.866,19.756,0.061
1751286360465,2025-06-30T15:26:00.465,12.400,4.756,17.317,1.280
1751286360475,2025-06-30T15:26:00.475,12.410,5.549,12.927,2.378
1751286360485,2025-06-30T15:26:00.485,12.420,6.463,9.634,3.902
1751286360495,2025-06-30T15:26:00.495,12.430,6.768,7.012,4.695
1751286360505,2025-06-30T15:26:00.505,12.440,6.524,2.500,5.305
1751286360515,2025-06-30T15:26:00.515,12.450,6.463,-0.732,6.341
1751286360525,2025-06-30T15:26:00.525,12.460,6.037,-0.732,6.646
1751286360535,2025-06-30T15:26:00.535,12.470,5.366,1.341,6.402
1751286360545,2025-06-30T15:26:00.545,12.480,5.488,2.439,6.707
1751286360555,2025-06-30T15:26:00.555,12.490,5.427,-0.244,7.256
1751286360565,2025-06-30T15:26:00.565,12.500,5.305,-6.220,6.707
1751286360575,2025-06-30T15:26:00.575,12.510,5.793,-12.378,6.098
1751286360585,2025-06-30T15:26:00.585,12.520,6.646,-17.500,5.915
1751286360595,2025-06-30T15:26:00.595,12.530,7.866,-22.256,5.305
1751286360605,2025-06-30T15:26:00.605,12.540,10.061,-24.634,4.817
1751286360615,2025-06-30T15:26:00.615,12.550,13.598,-24.573,4.268
1751286360625,2025-06-30T15:26:00.625,12.560,17.683,-23.537,3.598
1751286360635,2025-06-30T15:26:00.635,12.570,22.561,-22.134,2.866
1751286360645,2025-06-30T15:26:00.645,12.580,28.841,-21.402,1.890
1751286360655,2025-06-30T15:26:00.655,12.590,35.671,-21.707,0.427
1751286360665,2025-06-30T15:26:00.665,12.600,43.598,-21.098,-2.134
1751286360675,2025-06-30T15:26:00.675,12.610,53.232,-18.232,-5.732
1751286360685,2025-06-30T15:26:00.685,12.620,62.988,-14.878,-10.244
1751286360695,2025-06-30T15:26:00.695,12.630,71.829,-11.768,-14.512
1751286360705,2025-06-30T15:26:00.705,12.640,80.183,-10.366,-17.927
1751286360715,2025-06-30T15:26:00.715,12.650,87.744,-13.232,-20.854
1751286360725,2025-06-30T15:26:00.725,12.660,94.390,-18.415,-23.537
1751286360735,2025-06-30T15:26:00.735,12.670,100.610,-24.817,-25.366
1751286360745,2025-06-30T15:26:00.745,12.680,106.280,-33.049,-25.366
1751286360755,2025-06-30T15:26:00.755,12.690,111.524,-41.829,-24.024
1751286360765,2025-06-30T15:26:00.765,12.700,115.915,-46.098,-22.500
1751286360775,2025-06-30T15:26:00.775,12.710,118.902,-43.110,-21.707
1751286360785,2025-06-30T15:26:00.785,12.720,122.012,-37.012,-22.012
1751286360795,2025-06-30T15:26:00.795,12.730,125.183,-32.927,-23.171
1751286360805,2025-06-30T15:26:00.805,12.740,128.049,-34.146,-24.512
1751286360815,2025-06-30T15:26:00.815,12.750,131.341,-40.671,-26.524
1751286360825,2025-06-30T15:26:00.825,12.760,133.963,-48.902,-28.537
1751286360835,2025-06-30T15:26:00.835,12.770,135.183,-51.220,-29.512
1751286360845,2025-06-30T15:26:00.845,12.780,136.280,-44.939,-31.280
1751286360855,2025-06-30T15:26:00.855,12.790,137.378,-32.988,-33.598
1751286360865,2025-06-30T15:26:00.865,12.800,136.951,-22.134,-34.939
1751286360875,2025-06-30T15:26:00.875,12.810,134.512,-16.341,-34.756
1751286360885,2025-06-30T15:26:00.885,12.820,130.549,-16.646,-33.354
1751286360895,2025-06-30T15:26:00.895,12.830,124.756,-23.110,-29.634
1751286360905,2025-06-30T15:26:00.905,12.840,118.476,-29.512,-24.207
1751286360915,2025-06-30T15:26:00.915,12.850,111.463,-31.402,-18.963
1751286360925,2025-06-30T15:26:00.925,12.860,103.232,-23.537,-15.244
1751286360935,2025-06-30T15:26:00.935,12.870,96.585,-1.341,-13.720
1751286360945,2025-06-30T15:26:00.945,12.880,88.232,20.244,-13.902
1751286360955,2025-06-30T15:26:00.955,12.890,76.463,27.134,-13.659
1751286360965,2025-06-30T15:26:00.965,12.900,61.768,19.146,-13.110
1751286360975,2025-06-30T15:26:00.975,12.910,44.451,4.695,-14.451
1751286360985,2025-06-30T15:26:00.985,12.920,27.012,-4.634,-16.341
1751286360995,2025-06-30T15:26:00.995,12.930,10.122,-5.732,-17.805
1751286361005,2025-06-30T15:26:01.005,12.940,-6.463,-2.073,-17.134
1751286361015,2025-06-30T15:26:01.015,12.950,-22.866,1.951,-13.110
1751286361025,2025-06-30T15:26:01.025,12.960,-38.963,7.134,-7.805
1751286361035,2025-06-30T15:26:01.035,12.970,-53.293,16.707,-1.829
1751286361045,2025-06-30T15:26:01.045,12.980,-67.500,26.037,4.512
1751286361055,2025-06-30T15:26:01.055,12.990,-81.220,31.098,9.695
1751286361065,2025-06-30T15:26:01.065,13.000,-93.659,32.195,14.146
1751286361075,2025-06-30T15:26:01.075,13.010,-105.915,29.390,17.622
1751286361085,2025-06-30T15:26:01.085,13.020,-118.049,25.305,20.671
1751286361095,2025-06-30T15:26:01.095,13.030,-129.329,22.195,23.841
1751286361105,2025-06-30T15:26:01.105,13.040,-138.415,20.427,27.073
1751286361115,2025-06-30T15:26:01.115,13.050,-146.159,19.207,30.915
1751286361125,2025-06-30T15:26:01.125,13.060,-152.378,19.634,35.488
1751286361135,2025-06-30T15:26:01.135,13.070,-157.073,21.220,39.695
1751286361145,2025-06-30T15:26:01.145,13.080,-160.732,21.280,42.805
1751286361155,2025-06-30T15:26:01.155,13.090,-163.049,18.902,46.159
1751286361165,2025-06-30T15:26:01.165,13.100,-164.268,13.720,48.537
1751286361175,2025-06-30T15:26:01.175,13.110,-163.049,8.232,49.878
1751286361185,2025-06-30T15:26:01.185,13.120,-158.476,5.183,50.488
1751286361195,2025-06-30T15:26:01.195,13.130,-151.402,4.573,48.720
1751286361205,2025-06-30T15:26:01.205,13.140,-141.890,5.671,43.415
1751286361215,2025-06-30T15:26:01.215,13.150,-130.183,7.012,35.366
1751286361225,2025-06-30T15:26:01.225,13.160,-118.110,8.659,26.585
1751286361235,2025-06-30T15:26:01.235,13.170,-105.244,10.122,17.378
1751286361245,2025-06-30T15:26:01.245,13.180,-91.463,12.073,9.390
1751286361255,2025-06-30T15:26:01.255,13.190,-76.829,16.585,3.720
1751286361265,2025-06-30T15:26:01.265,13.200,-61.768,26.280,-0.305
1751286361275,2025-06-30T15:26:01.275,13.210,-47.073,40.366,-3.171
1751286361285,2025-06-30T15:26:01.285,13.220,-34.146,53.720,-4.573
1751286361295,2025-06-30T15:26:01.295,13.230,-23.537,61.951,-3.659
1751286361305,2025-06-30T15:26:01.305,13.240,-16.280,62.744,-1.707
1751286361315,2025-06-30T15:26:01.315,13.250,-12.500,56.402,2.134
1751286361325,2025-06-30T15:26:01.325,13.260,-11.280,47.500,7.927
1751286361335,2025-06-30T15:26:01.335,13.270,-10.549,41.829,14.024
1751286361345,2025-06-30T15:26:01.345,13.280,-9.695,41.829,17.927
1751286361355,2025-06-30T15:26:01.355,13.290,-6.951,43.720,19.268
1751286361365,2025-06-30T15:26:01.365,13.300,-3.659,42.317,16.768
1751286361375,2025-06-30T15:26:01.375,13.310,-1.585,34.756,13.354
1751286361385,2025-06-30T15:26:01.385,13.320,-0.610,21.098,9.695
1751286361395,2025-06-30T15:26:01.395,13.330,-0.427,2.561,6.159
1751286361405,2025-06-30T15:26:01.405,13.340,-0.366,-14.024,4.146
1751286361415,2025-06-30T15:26:01.415,13.350,1.341,-21.646,2.744
1751286361425,2025-06-30T15:26:01.425,13.360,4.756,-21.768,1.829
1751286361435,2025-06-30T15:26:01.435,13.370,7.805,-18.110,1.585
1751286361445,2025-06-30T15:26:01.445,13.380,10.976,-14.085,1.524
1751286361455,2025-06-30T15:26:01.455,13.390,14.207,-11.220,1.707
1751286361465,2025-06-30T15:26:01.465,13.400,17.012,-10.915,0.976
1751286361475,2025-06-30T15:26:01.475,13.410,19.756,-13.415,0.122
1751286361485,2025-06-30T15:26:01.485,13.420,23.049,-17.012,-1.585
1751286361495,2025-06-30T15:26:01.495,13.430,26.829,-20.915,-4.695
1751286361505,2025-06-30T15:26:01.505,13.440,30.854,-24.207,-7.744
1751286361515,2025-06-30T15:26:01.515,13.450,35.549,-27.439,-10.061
1751286361525,2025-06-30T15:26:01.525,13.460,42.195,-30.976,-11.768
1751286361535,2025-06-30T15:26:01.535,13.470,50.488,-33.354,-12.500
1751286361545,2025-06-30T15:26:01.545,13.480,61.037,-31.524,-12.561
1751286361555,2025-06-30T15:26:01.555,13.490,74.390,-24.390,-13.415
1751286361565,2025-06-30T15:26:01.565,13.500,88.963,-10.671,-14.268
1751286361575,2025-06-30T15:26:01.575,13.510,102.500,6.646,-14.451
1751286361585,2025-06-30T15:26:01.585,13.520,113.110,18.232,-14.451
1751286361595,2025-06-30T15:26:01.595,13.530,120.183,14.939,-13.598
1751286361605,2025-06-30T15:26:01.605,13.540,124.512,-7.744,-13.232
1751286361615,2025-06-30T15:26:01.615,13.550,128.780,-39.451,-13.537
1751286361625,2025-06-30T15:26:01.625,13.560,131.646,-65.183,-16.280
1751286361635,2025-06-30T15:26:01.635,13.570,134.939,-75.305,-20.793
1751286361645,2025-06-30T15:26:01.645,13.580,141.037,-66.524,-24.390
1751286361655,2025-06-30T15:26:01.655,13.590,146.524,-48.598,-27.561
1751286361665,2025-06-30T15:26:01.665,13.600,149.146,-32.439,-30.244
1751286361675,2025-06-30T15:26:01.675,13.610,151.341,-19.329,-30.854
1751286361685,2025-06-30T15:26:01.685,13.620,151.524,-12.439,-31.402
1751286361695,2025-06-30T15:26:01.695,13.630,148.598,-15.183,-31.707
1751286361705,2025-06-30T15:26:01.705,13.640,142.866,-25.366,-31.037
1751286361715,2025-06-30T15:26:01.715,13.650,135.000,-33.110,-31.098
1751286361725,2025-06-30T15:26:01.725,13.660,126.707,-31.220,-30.915
1751286361735,2025-06-30T15:26:01.735,13.670,118.659,-22.683,-30.427
1751286361745,2025-06-30T15:26:01.745,13.680,109.634,-16.707,-29.024
1751286361755,2025-06-30T15:26:01.755,13.690,98.780,-16.890,-25.854
1751286361765,2025-06-30T15:26:01.765,13.700,86.220,-19.207,-21.890
1751286361775,2025-06-30T15:26:01.775,13.710,73.720,-18.841,-17.561
1751286361785,2025-06-30T15:26:01.785,13.720,60.732,-16.341,-12.744
1751286361795,2025-06-30T15:26:01.795,13.730,46.280,-14.756,-7.622
1751286361805,2025-06-30T15:26:01.805,13.740,31.768,-10.122,-1.585
1751286361815,2025-06-30T15:26:01.815,13.750,17.744,-1.890,3.049
1751286361825,2025-06-30T15:26:01.825,13.760,3.720,5.061,5.061
1751286361835,2025-06-30T15:26:01.835,13.770,-10.366,10.122,6.341
1751286361845,2025-06-30T15:26:01.845,13.780,-24.207,13.171,7.134
1751286361855,2025-06-30T15:26:01.855,13.790,-38.232,14.878,7.866
1751286361865,2025-06-30T15:26:01.865,13.800,-51.585,17.256,9.939
1751286361875,2025-06-30T15:26:01.875,13.810,-63.232,21.402,12.378
1751286361885,2025-06-30T15:26:01.885,13.820,-74.390,24.268,15.305
1751286361895,2025-06-30T15:26:01.895,13.830,-85.671,25.366,18.598
1751286361905,2025-06-30T15:26:01.905,13.840,-95.915,27.927,21.341
1751286361915,2025-06-30T15:26:01.915,13.850,-104.878,32.927,23.659
1751286361925,2025-06-30T15:26:01.925,13.860,-112.256,39.146,25.976
1751286361935,2025-06-30T15:26:01.935,13.870,-117.561,44.939,28.049
1751286361945,2025-06-30T15:26:01.945,13.880,-122.683,47.500,29.817
1751286361955,2025-06-30T15:26:01.955,13.890,-127.683,47.988,31.341
1751286361965,2025-06-30T15:26:01.965,13.900,-132.439,46.646,31.463
1751286361975,2025-06-30T15:26:01.975,13.910,-136.890,44.939,31.159
1751286361985,2025-06-30T15:26:01.985,13.920,-140.549,41.890,31.220
1751286361995,2025-06-30T15:26:01.995,13.930,-143.537,35.732,30.976
1751286362005,2025-06-30T15:26:02.005,13.940,-145.366,28.110,30.061
1751286362015,2025-06-30T15:26:02.015,13.950,-146.402,21.707,29.268
1751286362025,2025-06-30T15:26:02.025,13.960,-145.305,18.720,28.659
1751286362035,2025-06-30T15:26:02.035,13.970,-142.622,19.451,26.707
1751286362045,2025-06-30T15:26:02.045,13.980,-138.598,20.549,24.939
1751286362055,2025-06-30T15:26:02.055,13.990,-133.354,18.720,23.171
1751286362065,2025-06-30T15:26:02.065,14.000,-126.768,13.415,20.183
1751286362075,2025-06-30T15:26:02.075,14.010,-118.171,7.439,16.402
1751286362085,2025-06-30T15:26:02.085,14.020,-108.415,3.598,12.195
1751286362095,2025-06-30T15:26:02.095,14.030,-97.439,1.707,7.378
1751286362105,2025-06-30T15:26:02.105,14.040,-86.098,1.768,2.195
1751286362115,2025-06-30T15:26:02.115,14.050,-73.720,3.293,-2.134
1751286362125,2025-06-30T15:26:02.125,14.060,-60.610,6.646,-6.037
1751286362135,2025-06-30T15:26:02.135,14.070,-47.500,13.415,-8.902
1751286362145,2025-06-30T15:26:02.145,14.080,-34.207,26.585,-9.756
1751286362155,2025-06-30T15:26:02.155,14.090,-20.366,46.098,-8.902
1751286362165,2025-06-30T15:26:02.165,14.100,-7.012,69.268,-6.585
1751286362175,2025-06-30T15:26:02.175,14.110,3.963,87.927,-4.024
1751286362185,2025-06-30T15:26:02.185,14.120,10.305,92.500,-0.122
1751286362195,2025-06-30T15:26:02.195,14.130,11.585,81.768,6.585
1751286362205,2025-06-30T15:26:02.205,14.140,10.366,63.598,11.037
1751286362215,2025-06-30T15:26:02.215,14.150,8.963,45.671,11.951
1751286362225,2025-06-30T15:26:02.225,14.160,5.732,29.329,10.976
1751286362235,2025-06-30T15:26:02.235,14.170,1.524,14.329,9.329
1751286362245,2025-06-30T15:26:02.245,14.180,-0.549,4.146,8.354
1751286362255,2025-06-30T15:26:02.255,14.190,-1.463,-1.037,6.829
1751286362265,2025-06-30T15:26:02.265,14.200,-1.707,-2.256,5.976
1751286362275,2025-06-30T15:26:02.275,14.210,0.427,-2.134,6.159
1751286362285,2025-06-30T15:26:02.285,14.220,3.659,-2.988,5.610
1751286362295,2025-06-30T15:26:02.295,14.230,6.646,-7.500,4.451
1751286362305,2025-06-30T15:26:02.305,14.240,10.000,-14.207,3.171
1751286362315,2025-06-30T15:26:02.315,14.250,13.720,-20.366,2.317
1751286362325,2025-06-30T15:26:02.325,14.260,17.683,-26.098,1.402
1751286362335,2025-06-30T15:26:02.335,14.270,22.744,-30.427,-0.549
1751286362345,2025-06-30T15:26:02.345,14.280,28.659,-30.366,-2.500
1751286362355,2025-06-30T15:26:02.355,14.290,35.244,-26.524,-5.122
1751286362365,2025-06-30T15:26:02.365,14.300,42.866,-23.598,-8.537
1751286362375,2025-06-30T15:26:02.375,14.310,51.402,-22.561,-11.037
1751286362385,2025-06-30T15:26:02.385,14.320,60.732,-22.622,-12.500
1751286362395,2025-06-30T15:26:02.395,14.330,70.793,-23.537,-13.841
1751286362405,2025-06-30T15:26:02.405,14.340,82.256,-23.780,-14.024
1751286362415,2025-06-30T15:26:02.415,14.350,93.841,-20.610,-13.841
1751286362425,2025-06-30T15:26:02.425,14.360,104.329,-16.890,-14.573
1751286362435,2025-06-30T15:26:02.435,14.370,114.329,-12.683,-15.427
1751286362445,2025-06-30T15:26:02.445,14.380,124.024,-10.122,-17.500
1751286362455,2025-06-30T15:26:02.455,14.390,132.317,-11.463,-20.061
1751286362465,2025-06-30T15:26:02.465,14.400,140.305,-17.500,-23.354
1751286362475,2025-06-30T15:26:02.475,14.410,149.207,-25.610,-27.256
1751286362485,2025-06-30T15:26:02.485,14.420,157.317,-31.280,-29.512
1751286362495,2025-06-30T15:26:02.495,14.430,163.963,-33.354,-29.512
1751286362505,2025-06-30T15:26:02.505,14.440,169.451,-31.646,-28.780
1751286362515,2025-06-30T15:26:02.515,14.450,173.049,-30.366,-28.659
1751286362525,2025-06-30T15:26:02.525,14.460,173.598,-29.756,-27.927
1751286362535,2025-06-30T15:26:02.535,14.470,172.134,-25.122,-26.341
1751286362545,2025-06-30T15:26:02.545,14.480,169.329,-15.122,-25.061
1751286362555,2025-06-30T15:26:02.555,14.490,163.476,-3.476,-25.244
1751286362565,2025-06-30T15:26:02.565,14.500,154.939,3.780,-24.634
1751286362575,2025-06-30T15:26:02.575,14.510,143.902,3.902,-22.744
1751286362585,2025-06-30T15:26:02.585,14.520,130.305,-1.707,-20.915
1751286362595,2025-06-30T15:26:02.595,14.530,114.756,-12.256,-18.049
1751286362605,2025-06-30T15:26:02.605,14.540,99.878,-23.354,-13.963
1751286362615,2025-06-30T15:26:02.615,14.550,84.939,-29.817,-9.573
1751286362625,2025-06-30T15:26:02.625,14.560,68.780,-26.463,-4.268
1751286362635,2025-06-30T15:26:02.635,14.570,52.622,-18.537,0.671
1751286362645,2025-06-30T15:26:02.645,14.580,35.183,-16.707,3.293
1751286362655,2025-06-30T15:26:02.655,14.590,17.134,-21.707,4.756
1751286362665,2025-06-30T15:26:02.665,14.600,-0.488,-24.939,5.488
1751286362675,2025-06-30T15:26:02.675,14.610,-16.098,-21.524,5.671
1751286362685,2025-06-30T15:26:02.685,14.620,-29.756,-12.988,5.610
1751286362695,2025-06-30T15:26:02.695,14.630,-43.232,-3.171,5.671
1751286362705,2025-06-30T15:26:02.705,14.640,-56.585,4.268,6.098
1751286362715,2025-06-30T15:26:02.715,14.650,-69.756,6.646,6.524
1751286362725,2025-06-30T15:26:02.725,14.660,-83.415,2.500,6.646
1751286362735,2025-06-30T15:26:02.735,14.670,-96.951,-3.902,7.439
1751286362745,2025-06-30T15:26:02.745,14.680,-109.268,-7.622,9.451
1751286362755,2025-06-30T15:26:02.755,14.690,-119.573,-5.915,11.341
1751286362765,2025-06-30T15:26:02.765,14.700,-128.963,-0.488,13.171
1751286362775,2025-06-30T15:26:02.775,14.710,-138.293,3.293,15.061
1751286362785,2025-06-30T15:26:02.785,14.720,-147.012,2.439,17.439
1751286362795,2025-06-30T15:26:02.795,14.730,-154.634,-2.256,20.610
1751286362805,2025-06-30T15:26:02.805,14.740,-160.976,-9.146,24.268
1751286362815,2025-06-30T15:26:02.815,14.750,-165.793,-13.537,28.476
1751286362825,2025-06-30T15:26:02.825,14.760,-168.537,-13.841,32.622
1751286362835,2025-06-30T15:26:02.835,14.770,-170.183,-14.085,35.854
1751286362845,2025-06-30T15:26:02.845,14.780,-170.610,-15.854,39.146
1751286362855,2025-06-30T15:26:02.855,14.790,-169.146,-19.268,42.622
1751286362865,2025-06-30T15:26:02.865,14.800,-164.329,-21.951,44.268
1751286362875,2025-06-30T15:26:02.875,14.810,-156.707,-22.805,44.390
1751286362885,2025-06-30T15:26:02.885,14.820,-147.378,-22.561,43.598
1751286362895,2025-06-30T15:26:02.895,14.830,-136.220,-20.061,40.671
1751286362905,2025-06-30T15:26:02.905,14.840,-124.024,-14.817,35.793
1751286362915,2025-06-30T15:26:02.915,14.850,-110.915,-8.354,29.207
1751286362925,2025-06-30T15:26:02.925,14.860,-97.317,-1.707,22.744
1751286362935,2025-06-30T15:26:02.935,14.870,-83.963,6.707,17.988
1751286362945,2025-06-30T15:26:02.945,14.880,-71.037,15.793,14.085
1751286362955,2025-06-30T15:26:02.955,14.890,-58.902,20.061,11.707
1751286362965,2025-06-30T15:26:02.965,14.900,-48.659,17.866,13.354
1751286362975,2025-06-30T15:26:02.975,14.910,-40.000,12.134,16.585
1751286362985,2025-06-30T15:26:02.985,14.920,-33.476,6.463,18.780
1751286362995,2025-06-30T15:26:02.995,14.930,-29.512,2.622,20.244
1751286363005,2025-06-30T15:26:03.005,14.940,-25.854,3.354,21.280
1751286363015,2025-06-30T15:26:03.015,14.950,-22.134,6.768,20.427
1751286363025,2025-06-30T15:26:03.025,14.960,-19.573,6.220,16.098
1751286363035,2025-06-30T15:26:03.035,14.970,-17.561,1.524,12.012
1751286363045,2025-06-30T15:26:03.045,14.980,-15.305,-2.378,8.963
1751286363055,2025-06-30T15:26:03.055,14.990,-12.439,-2.317,6.768
1751286363065,2025-06-30T15:26:03.065,15.000,-8.110,2.073,6.402
1751286363075,2025-06-30T15:26:03.075,15.010,-3.841,7.988,7.134
1751286363085,2025-06-30T15:26:03.085,15.020,-0.061,13.476,7.866
1751286363095,2025-06-30T15:26:03.095,15.030,2.561,15.183,8.354
1751286363105,2025-06-30T15:26:03.105,15.040,4.146,10.793,9.024
1751286363115,2025-06-30T15:26:03.115,15.050,5.915,3.476,8.963
1751286363125,2025-06-30T15:26:03.125,15.060,8.659,-2.683,7.500
1751286363135,2025-06-30T15:26:03.135,15.070,12.256,-7.317,4.756
1751286363145,2025-06-30T15:26:03.145,15.080,16.341,-8.902,1.707
1751286363155,2025-06-30T15:26:03.155,15.090,21.341,-8.354,-2.012
1751286363165,2025-06-30T15:26:03.165,15.100,26.768,-9.573,-5.854
1751286363175,2025-06-30T15:26:03.175,15.110,32.805,-14.329,-9.573
1751286363185,2025-06-30T15:26:03.185,15.120,39.329,-18.537,-13.171
1751286363195,2025-06-30T15:26:03.195,15.130,47.744,-20.183,-16.951
1751286363205,2025-06-30T15:26:03.205,15.140,57.317,-21.220,-20.000
1751286363215,2025-06-30T15:26:03.215,15.150,67.317,-22.195,-21.646
1751286363225,2025-06-30T15:26:03.225,15.160,78.841,-20.427,-22.927
1751286363235,2025-06-30T15:26:03.235,15.170,91.220,-13.598,-24.085
1751286363245,2025-06-30T15:26:03.245,15.180,103.963,-1.585,-24.207
1751286363255,2025-06-30T15:26:03.255,15.190,116.341,11.463,-24.329
1751286363265,2025-06-30T15:26:03.265,15.200,127.439,19.207,-25.976
1751286363275,2025-06-30T15:26:03.275,15.210,137.561,21.585,-28.049
1751286363285,2025-06-30T15:26:03.285,15.220,145.915,16.646,-31.341
1751286363295,2025-06-30T15:26:03.295,15.230,154.024,5.366,-35.549
1751286363305,2025-06-30T15:26:03.305,15.240,163.232,-6.220,-40.000
1751286363315,2025-06-30T15:26:03.315,15.250,171.159,-15.000,-44.268
1751286363325,2025-06-30T15:26:03.325,15.260,175.671,-18.476,-46.341
1751286363335,2025-06-30T15:26:03.335,15.270,177.927,-14.512,-45.854
1751286363345,2025-06-30T15:26:03.345,15.280,178.659,-10.305,-45.671
1751286363355,2025-06-30T15:26:03.355,15.290,175.549,-7.012,-45.244
1751286363365,2025-06-30T15:26:03.365,15.300,170.671,-4.207,-44.756
1751286363375,2025-06-30T15:26:03.375,15.310,164.268,-4.817,-43.780
1751286363385,2025-06-30T15:26:03.385,15.320,153.415,-8.841,-40.305
1751286363395,2025-06-30T15:26:03.395,15.330,141.220,-13.110,-36.646
1751286363405,2025-06-30T15:26:03.405,15.340,128.720,-16.220,-31.646
1751286363415,2025-06-30T15:26:03.415,15.350,114.024,-19.512,-24.329
1751286363425,2025-06-30T15:26:03.425,15.360,99.329,-19.268,-16.524
1751286363435,2025-06-30T15:26:03.435,15.370,85.427,-13.598,-9.329
1751286363445,2025-06-30T15:26:03.445,15.380,71.402,-5.854,-3.293
1751286363455,2025-06-30T15:26:03.455,15.390,56.890,-0.366,0.854
1751286363465,2025-06-30T15:26:03.465,15.400,42.378,1.768,3.537
1751286363475,2025-06-30T15:26:03.475,15.410,27.866,1.646,4.817
1751286363485,2025-06-30T15:26:03.485,15.420,13.171,0.183,5.732
1751286363495,2025-06-30T15:26:03.495,15.430,-1.829,-0.305,6.829
1751286363505,2025-06-30T15:26:03.505,15.440,-16.890,1.890,7.744
1751286363515,2025-06-30T15:26:03.515,15.450,-31.402,7.622,9.085
1751286363525,2025-06-30T15:26:03.525,15.460,-45.915,15.122,9.329
1751286363535,2025-06-30T15:26:03.535,15.470,-60.427,21.280,9.695
1751286363545,2025-06-30T15:26:03.545,15.480,-75.061,23.476,10.671
1751286363555,2025-06-30T15:26:03.555,15.490,-89.573,23.720,11.280
1751286363565,2025-06-30T15:26:03.565,15.500,-102.378,24.817,11.890
1751286363575,2025-06-30T15:26:03.575,15.510,-114.329,26.524,13.232
1751286363585,2025-06-30T15:26:03.585,15.520,-124.695,27.012,14.939
1751286363595,2025-06-30T15:26:03.595,15.530,-134.878,26.159,16.524
1751286363605,2025-06-30T15:26:03.605,15.540,-143.780,25.732,18.232
1751286363615,2025-06-30T15:26:03.615,15.550,-151.159,26.220,20.427
1751286363625,2025-06-30T15:26:03.625,15.560,-157.561,25.000,22.378
1751286363635,2025-06-30T15:26:03.635,15.570,-162.988,21.341,24.878
1751286363645,2025-06-30T15:26:03.645,15.580,-167.866,16.890,27.866
1751286363655,2025-06-30T15:26:03.655,15.590,-171.341,12.622,30.305
1751286363665,2025-06-30T15:26:03.665,15.600,-172.988,8.232,32.134
1751286363675,2025-06-30T15:26:03.675,15.610,-172.683,3.537,33.902
1751286363685,2025-06-30T15:26:03.685,15.620,-169.756,0.183,35.732
1751286363695,2025-06-30T15:26:03.695,15.630,-162.500,-0.732,35.549
1751286363705,2025-06-30T15:26:03.705,15.640,-152.317,1.159,31.463
1751286363715,2025-06-30T15:26:03.715,15.650,-140.671,2.988,24.573
1751286363725,2025-06-30T15:26:03.725,15.660,-128.902,2.683,16.341
1751286363735,2025-06-30T15:26:03.735,15.670,-116.829,0.610,8.476
1751286363745,2025-06-30T15:26:03.745,15.680,-103.476,0.671,1.646
1751286363755,2025-06-30T15:26:03.755,15.690,-88.902,4.878,-4.024
1751286363765,2025-06-30T15:26:03.765,15.700,-74.207,12.256,-8.963
1751286363775,2025-06-30T15:26:03.775,15.710,-59.817,20.366,-11.707
1751286363785,2025-06-30T15:26:03.785,15.720,-46.890,27.195,-10.366
1751286363795,2025-06-30T15:26:03.795,15.730,-36.159,27.500,-6.341
1751286363805,2025-06-30T15:26:03.805,15.740,-27.439,18.720,-0.488
1751286363815,2025-06-30T15:26:03.815,15.750,-21.951,5.183,5.732
1751286363825,2025-06-30T15:26:03.825,15.760,-17.500,-4.207,10.549
1751286363835,2025-06-30T15:26:03.835,15.770,-12.439,-4.024,13.171
1751286363845,2025-06-30T15:26:03.845,15.780,-8.963,0.549,11.463
1751286363855,2025-06-30T15:26:03.855,15.790,-5.244,4.085,8.293
1751286363865,2025-06-30T15:26:03.865,15.800,-1.463,5.793,4.939
1751286363875,2025-06-30T15:26:03.875,15.810,1.037,5.610,2.317
1751286363885,2025-06-30T15:26:03.885,15.820,3.354,6.280,2.134
1751286363895,2025-06-30T15:26:03.895,15.830,5.183,7.012,2.927
1751286363905,2025-06-30T15:26:03.905,15.840,5.610,3.537,3.232
1751286363915,2025-06-30T15:26:03.915,15.850,6.341,-2.378,3.598
1751286363925,2025-06-30T15:26:03.925,15.860,8.049,-7.500,3.293
1751286363935,2025-06-30T15:26:03.935,15.870,9.939,-13.476,1.220
1751286363945,2025-06-30T15:26:03.945,15.880,12.622,-18.110,-0.915
1751286363955,2025-06-30T15:26:03.955,15.890,16.341,-18.720,-3.171
1751286363965,2025-06-30T15:26:03.965,15.900,20.732,-19.024,-5.427
1751286363975,2025-06-30T15:26:03.975,15.910,25.183,-22.622,-7.134
1751286363985,2025-06-30T15:26:03.985,15.920,29.695,-27.622,-9.024
1751286363995,2025-06-30T15:26:03.995,15.930,35.183,-33.110,-11.402
1751286364005,2025-06-30T15:26:04.005,15.940,41.768,-38.841,-12.988
1751286364015,2025-06-30T15:26:04.015,15.950,49.268,-45.122,-12.744
1751286364025,2025-06-30T15:26:04.025,15.960,58.232,-47.744,-11.707
1751286364035,2025-06-30T15:26:04.035,15.970,68.415,-43.841,-11.402
1751286364045,2025-06-30T15:26:04.045,15.980,78.110,-34.024,-13.110
1751286364055,2025-06-30T15:26:04.055,15.990,87.561,-22.500,-16.220
1751286364065,2025-06-30T15:26:04.065,16.000,95.183,-16.220,-20.610
1751286364075,2025-06-30T15:26:04.075,16.010,100.427,-21.646,-25.854
1751286364085,2025-06-30T15:26:04.085,16.020,104.573,-39.146,-29.390
1751286364095,2025-06-30T15:26:04.095,16.030,107.927,-62.256,-31.951
1751286364105,2025-06-30T15:26:04.105,16.040,112.134,-83.476,-33.537
1751286364115,2025-06-30T15:26:04.115,16.050,117.622,-93.049,-35.305
1751286364125,2025-06-30T15:26:04.125,16.060,124.573,-84.939,-37.500
1751286364135,2025-06-30T15:26:04.135,16.070,133.110,-62.073,-38.720
1751286364145,2025-06-30T15:26:04.145,16.080,141.707,-32.805,-39.939
1751286364155,2025-06-30T15:26:04.155,16.090,148.171,-10.000,-40.793
1751286364165,2025-06-30T15:26:04.165,16.100,151.402,-0.976,-40.305
1751286364175,2025-06-30T15:26:04.175,16.110,152.012,-1.159,-37.866
1751286364185,2025-06-30T15:26:04.185,16.120,150.854,-5.610,-36.463
1751286364195,2025-06-30T15:26:04.195,16.130,146.707,-14.390,-36.098
1751286364205,2025-06-30T15:26:04.205,16.140,139.878,-25.183,-33.293
1751286364215,2025-06-30T15:26:04.215,16.150,131.463,-28.293,-27.866
1751286364225,2025-06-30T15:26:04.225,16.160,123.354,-17.012,-21.890
1751286364235,2025-06-30T15:26:04.235,16.170,116.707,5.183,-16.768
1751286364245,2025-06-30T15:26:04.245,16.180,109.451,26.098,-11.768
1751286364255,2025-06-30T15:26:04.255,16.190,98.841,33.902,-8.049
1751286364265,2025-06-30T15:26:04.265,16.200,85.061,26.524,-6.341
1751286364275,2025-06-30T15:26:04.275,16.210,69.573,8.537,-6.402
1751286364285,2025-06-30T15:26:04.285,16.220,53.293,-12.866,-7.500
1751286364295,2025-06-30T15:26:04.295,16.230,37.744,-28.780,-9.573
1751286364305,2025-06-30T15:26:04.305,16.240,24.268,-33.902,-11.037
1751286364315,2025-06-30T15:26:04.315,16.250,11.402,-31.463,-12.195
1751286364325,2025-06-30T15:26:04.325,16.260,-2.744,-24.695,-12.378
1751286364335,2025-06-30T15:26:04.335,16.270,-16.646,-13.415,-10.488
1751286364345,2025-06-30T15:26:04.345,16.280,-30.366,-3.659,-7.622
1751286364355,2025-06-30T15:26:04.355,16.290,-43.110,4.024,-3.232
1751286364365,2025-06-30T15:26:04.365,16.300,-55.061,12.683,1.707
1751286364375,2025-06-30T15:26:04.375,16.310,-67.073,21.524,5.976
1751286364385,2025-06-30T15:26:04.385,16.320,-78.171,27.439,10.915
1751286364395,2025-06-30T15:26:04.395,16.330,-89.451,27.439,16.463
1751286364405,2025-06-30T15:26:04.405,16.340,-100.366,25.915,21.646
1751286364415,2025-06-30T15:26:04.415,16.350,-109.451,29.817,25.915
1751286364425,2025-06-30T15:26:04.425,16.360,-117.622,36.646,28.659
1751286364435,2025-06-30T15:26:04.435,16.370,-126.159,42.012,30.976
1751286364445,2025-06-30T15:26:04.445,16.380,-134.939,42.988,32.622
1751286364455,2025-06-30T15:26:04.455,16.390,-143.476,40.671,33.659
1751286364465,2025-06-30T15:26:04.465,16.400,-150.610,36.646,34.878
1751286364475,2025-06-30T15:26:04.475,16.410,-157.012,31.585,35.793
1751286364485,2025-06-30T15:26:04.485,16.420,-161.585,26.707,37.134
1751286364495,2025-06-30T15:26:04.495,16.430,-165.549,22.134,37.866
1751286364505,2025-06-30T15:26:04.505,16.440,-167.317,19.207,37.744
1751286364515,2025-06-30T15:26:04.515,16.450,-166.829,16.585,36.829
1751286364525,2025-06-30T15:26:04.525,16.460,-165.427,11.585,35.427
1751286364535,2025-06-30T15:26:04.535,16.470,-161.037,3.902,31.707
1751286364545,2025-06-30T15:26:04.545,16.480,-154.573,-7.378,27.073
1751286364555,2025-06-30T15:26:04.555,16.490,-147.805,-19.085,22.439
1751286364565,2025-06-30T15:26:04.565,16.500,-138.110,-25.793,16.890
1751286364575,2025-06-30T15:26:04.575,16.510,-126.402,-25.366,12.195
1751286364585,2025-06-30T15:26:04.585,16.520,-114.268,-22.012,9.329
1751286364595,2025-06-30T15:26:04.595,16.530,-100.427,-19.390,8.476
1751286364605,2025-06-30T15:26:04.605,16.540,-85.366,-16.646,8.659
1751286364615,2025-06-30T15:26:04.615,16.550,-70.671,-11.098,8.049
1751286364625,2025-06-30T15:26:04.625,16.560,-55.549,0.854,7.256
1751286364635,2025-06-30T15:26:04.635,16.570,-39.695,19.207,5.610
1751286364645,2025-06-30T15:26:04.645,16.580,-25.000,39.634,2.927
1751286364655,2025-06-30T15:26:04.655,16.590,-12.866,55.427,-0.183
1751286364665,2025-06-30T15:26:04.665,16.600,-4.512,59.390,-4.085
1751286364675,2025-06-30T15:26:04.675,16.610,0.732,54.390,-6.280
1751286364685,2025-06-30T15:26:04.685,16.620,4.207,46.585,-6.524
1751286364695,2025-06-30T15:26:04.695,16.630,5.549,37.805,-5.915
1751286364705,2025-06-30T15:26:04.705,16.640,5.244,28.659,-5.061
1751286364715,2025-06-30T15:26:04.715,16.650,3.902,21.220,-3.598
1751286364725,2025-06-30T15:26:04.725,16.660,2.256,15.305,-1.585
1751286364735,2025-06-30T15:26:04.735,16.670,1.037,9.329,0.610
1751286364745,2025-06-30T15:26:04.745,16.680,0.000,2.256,3.171
1751286364755,2025-06-30T15:26:04.755,16.690,-0.671,-5.671,5.610
1751286364765,2025-06-30T15:26:04.765,16.700,-0.610,-12.927,6.707
1751286364775,2025-06-30T15:26:04.775,16.710,0.793,-17.012,7.012
1751286364785,2025-06-30T15:26:04.785,16.720,4.146,-15.915,6.646
1751286364795,2025-06-30T15:26:04.795,16.730,9.024,-13.476,5.183
1751286364805,2025-06-30T15:26:04.805,16.740,15.000,-14.024,3.780
1751286364815,2025-06-30T15:26:04.815,16.750,21.341,-17.195,2.195
1751286364825,2025-06-30T15:26:04.825,16.760,28.049,-20.793,-0.183
1751286364835,2025-06-30T15:26:04.835,16.770,35.488,-24.817,-3.049
1751286364845,2025-06-30T15:26:04.845,16.780,44.146,-30.549,-5.488
1751286364855,2025-06-30T15:26:04.855,16.790,53.537,-35.183,-6.524
1751286364865,2025-06-30T15:26:04.865,16.800,63.415,-35.305,-7.012
1751286364875,2025-06-30T15:26:04.875,16.810,73.841,-30.305,-7.439
1751286364885,2025-06-30T15:26:04.885,16.820,84.024,-21.402,-9.085
1751286364895,2025-06-30T15:26:04.895,16.830,94.146,-9.573,-12.256
1751286364905,2025-06-30T15:26:04.905,16.840,103.720,-0.427,-17.012
1751286364915,2025-06-30T15:26:04.915,16.850,111.585,-1.707,-22.378
1751286364925,2025-06-30T15:26:04.925,16.860,117.561,-13.659,-26.341
1751286364935,2025-06-30T15:26:04.935,16.870,122.927,-32.012,-29.207
1751286364945,2025-06-30T15:26:04.945,16.880,130.183,-48.110,-30.427
1751286364955,2025-06-30T15:26:04.955,16.890,139.146,-52.561,-30.915
1751286364965,2025-06-30T15:26:04.965,16.900,146.890,-42.683,-33.415
1751286364975,2025-06-30T15:26:04.975,16.910,154.512,-22.866,-35.915
1751286364985,2025-06-30T15:26:04.985,16.920,160.183,-4.878,-36.829
1751286364995,2025-06-30T15:26:04.995,16.930,160.671,0.549,-36.829
1751286365005,2025-06-30T15:26:05.005,16.940,160.061,-3.659,-35.610
1751286365015,2025-06-30T15:26:05.015,16.950,159.451,-10.854,-35.671
1751286365025,2025-06-30T15:26:05.025,16.960,156.037,-21.707,-36.402
1751286365035,2025-06-30T15:26:05.035,16.970,151.646,-31.159,-34.939
1751286365045,2025-06-30T15:26:05.045,16.980,146.402,-31.220,-32.622
1751286365055,2025-06-30T15:26:05.055,16.990,138.598,-20.427,-30.244
1751286365065,2025-06-30T15:26:05.065,17.000,129.695,-6.280,-27.866
1751286365075,2025-06-30T15:26:05.075,17.010,120.000,3.476,-25.305
1751286365085,2025-06-30T15:26:05.085,17.020,109.817,4.756,-23.293
1751286365095,2025-06-30T15:26:05.095,17.030,97.073,-2.073,-22.500
1751286365105,2025-06-30T15:26:05.105,17.040,83.110,-9.268,-20.671
1751286365115,2025-06-30T15:26:05.115,17.050,68.537,-11.280,-18.049
1751286365125,2025-06-30T15:26:05.125,17.060,54.085,-8.171,-15.183
1751286365135,2025-06-30T15:26:05.135,17.070,39.573,-3.293,-10.671
1751286365145,2025-06-30T15:26:05.145,17.080,23.659,-0.122,-6.829
1751286365155,2025-06-30T15:26:05.155,17.090,7.683,3.049,-4.695
1751286365165,2025-06-30T15:26:05.165,17.100,-7.195,6.524,-4.024
1751286365175,2025-06-30T15:26:05.175,17.110,-20.915,9.939,-2.927
1751286365185,2025-06-30T15:26:05.185,17.120,-34.024,13.476,-1.768
1751286365195,2025-06-30T15:26:05.195,17.130,-46.951,19.512,-0.732
1751286365205,2025-06-30T15:26:05.205,17.140,-60.000,27.927,1.341
1751286365215,2025-06-30T15:26:05.215,17.150,-74.207,34.207,3.659
1751286365225,2025-06-30T15:26:05.225,17.160,-87.683,36.524,6.951
1751286365235,2025-06-30T15:26:05.235,17.170,-100.061,37.622,11.220
1751286365245,2025-06-30T15:26:05.245,17.180,-111.585,42.988,14.573
1751286365255,2025-06-30T15:26:05.255,17.190,-121.280,53.049,16.890
1751286365265,2025-06-30T15:26:05.265,17.200,-130.854,60.671,18.659
1751286365275,2025-06-30T15:26:05.275,17.210,-140.854,60.488,20.671
1751286365285,2025-06-30T15:26:05.285,17.220,-150.366,53.659,23.110
1751286365295,2025-06-30T15:26:05.295,17.230,-158.354,43.476,26.037
1751286365305,2025-06-30T15:26:05.305,17.240,-164.939,33.293,29.451
1751286365315,2025-06-30T15:26:05.315,17.250,-169.451,27.378,33.110
1751286365325,2025-06-30T15:26:05.325,17.260,-172.744,24.756,36.402
1751286365335,2025-06-30T15:26:05.335,17.270,-175.427,21.280,39.268
1751286365345,2025-06-30T15:26:05.345,17.280,-176.951,17.012,42.439
1751286365355,2025-06-30T15:26:05.355,17.290,-176.463,13.780,45.122
1751286365365,2025-06-30T15:26:05.365,17.300,-173.171,10.061,45.488
1751286365375,2025-06-30T15:26:05.375,17.310,-166.098,5.000,43.902
1751286365385,2025-06-30T15:26:05.385,17.320,-156.524,1.037,40.732
1751286365395,2025-06-30T15:26:05.395,17.330,-145.671,-1.037,34.573
1751286365405,2025-06-30T15:26:05.405,17.340,-133.232,0.427,27.561
1751286365415,2025-06-30T15:26:05.415,17.350,-120.122,5.122,21.890
1751286365425,2025-06-30T15:26:05.425,17.360,-107.317,10.061,16.829
1751286365435,2025-06-30T15:26:05.435,17.370,-94.146,15.122,13.537
1751286365445,2025-06-30T15:26:05.445,17.380,-80.854,20.671,10.549
1751286365455,2025-06-30T15:26:05.455,17.390,-67.561,24.939,6.951
1751286365465,2025-06-30T15:26:05.465,17.400,-55.000,27.195,4.268
1751286365475,2025-06-30T15:26:05.475,17.410,-43.963,27.439,2.439
1751286365485,2025-06-30T15:26:05.485,17.420,-34.207,24.329,-0.610
1751286365495,2025-06-30T15:26:05.495,17.430,-26.524,18.476,-3.110
1751286365505,2025-06-30T15:26:05.505,17.440,-20.122,12.744,-4.817
1751286365515,2025-06-30T15:26:05.515,17.450,-13.902,8.598,-6.098
1751286365525,2025-06-30T15:26:05.525,17.460,-8.110,7.805,-5.488
1751286365535,2025-06-30T15:26:05.535,17.470,-3.963,9.695,-4.634
1751286365545,2025-06-30T15:26:05.545,17.480,-1.159,12.683,-3.537
1751286365555,2025-06-30T15:26:05.555,17.490,0.854,15.366,-1.646
1751286365565,2025-06-30T15:26:05.565,17.500,0.854,12.683,0.427
1751286365575,2025-06-30T15:26:05.575,17.510,-0.793,3.780,2.317
1751286365585,2025-06-30T15:26:05.585,17.520,-1.951,-7.805,3.232
1751286365595,2025-06-30T15:26:05.595,17.530,-2.927,-19.756,3.780
1751286365605,2025-06-30T15:26:05.605,17.540,-3.171,-28.963,4.695
1751286365615,2025-06-30T15:26:05.615,17.550,-0.122,-30.671,6.159
1751286365625,2025-06-30T15:26:05.625,17.560,5.244,-23.354,7.134
1751286365635,2025-06-30T15:26:05.635,17.570,11.463,-12.195,7.744
1751286365645,2025-06-30T15:26:05.645,17.580,18.171,-3.110,7.744
1751286365655,2025-06-30T15:26:05.655,17.590,24.756,2.256,7.317
1751286365665,2025-06-30T15:26:05.665,17.600,31.646,2.927,5.122
1751286365675,2025-06-30T15:26:05.675,17.610,37.805,-4.024,1.463
1751286365685,2025-06-30T15:26:05.685,17.620,44.024,-15.427,-1.037
1751286365695,2025-06-30T15:26:05.695,17.630,51.585,-26.951,-3.415
1751286365705,2025-06-30T15:26:05.705,17.640,61.037,-34.634,-5.305
1751286365715,2025-06-30T15:26:05.715,17.650,72.195,-32.988,-7.500
1751286365725,2025-06-30T15:26:05.725,17.660,84.756,-21.768,-10.793
1751286365735,2025-06-30T15:26:05.735,17.670,96.890,-5.854,-13.598
1751286365745,2025-06-30T15:26:05.745,17.680,108.598,9.268,-16.037
1751286365755,2025-06-30T15:26:05.755,17.690,118.841,13.780,-18.232
1751286365765,2025-06-30T15:26:05.765,17.700,125.183,1.524,-19.329
1751286365775,2025-06-30T15:26:05.775,17.710,128.902,-21.220,-19.512
1751286365785,2025-06-30T15:26:05.785,17.720,132.561,-45.915,-20.610
1751286365795,2025-06-30T15:26:05.795,17.730,137.195,-66.098,-21.585
1751286365805,2025-06-30T15:26:05.805,17.740,144.146,-75.244,-21.951
1751286365815,2025-06-30T15:26:05.815,17.750,151.890,-68.110,-23.171
1751286365825,2025-06-30T15:26:05.825,17.760,158.963,-47.134,-24.207
1751286365835,2025-06-30T15:26:05.835,17.770,163.780,-22.439,-24.390
1751286365845,2025-06-30T15:26:05.845,17.780,165.427,-4.451,-24.573
1751286365855,2025-06-30T15:26:05.855,17.790,164.756,0.976,-24.207
1751286365865,2025-06-30T15:26:05.865,17.800,161.829,-6.220,-25.061
1751286365875,2025-06-30T15:26:05.875,17.810,156.159,-22.317,-26.890
1751286365885,2025-06-30T15:26:05.885,17.820,149.695,-37.744,-27.134
1751286365895,2025-06-30T15:26:05.895,17.830,143.841,-42.073,-26.829
1751286365905,2025-06-30T15:26:05.905,17.840,137.500,-33.963,-27.134
1751286365915,2025-06-30T15:26:05.915,17.850,129.085,-23.049,-26.220
1751286365925,2025-06-30T15:26:05.925,17.860,119.268,-17.805,-24.512
1751286365935,2025-06-30T15:26:05.935,17.870,108.171,-15.061,-23.354
1751286365945,2025-06-30T15:26:05.945,17.880,95.854,-13.537,-22.866
1751286365955,2025-06-30T15:26:05.955,17.890,82.866,-13.476,-20.915
1751286365965,2025-06-30T15:26:05.965,17.900,69.878,-12.195,-17.866
1751286365975,2025-06-30T15:26:05.975,17.910,55.976,-11.037,-13.537
1751286365985,2025-06-30T15:26:05.985,17.920,41.463,-8.720,-8.598
1751286365995,2025-06-30T15:26:05.995,17.930,27.500,-2.683,-6.037
1751286366005,2025-06-30T15:26:06.005,17.940,14.207,4.207,-5.549
1751286366015,2025-06-30T15:26:06.015,17.950,1.951,10.610,-5.549
1751286366025,2025-06-30T15:26:06.025,17.960,-9.268,18.415,-5.793
1751286366035,2025-06-30T15:26:06.035,17.970,-19.878,27.439,-6.098
1751286366045,2025-06-30T15:26:06.045,17.980,-31.280,37.378,-6.707
1751286366055,2025-06-30T15:26:06.055,17.990,-44.146,48.354,-6.402
1751286366065,2025-06-30T15:26:06.065,18.000,-59.695,56.646,-4.085
1751286366075,2025-06-30T15:26:06.075,18.010,-76.890,57.927,-0.244
1751286366085,2025-06-30T15:26:06.085,18.020,-94.817,51.707,4.024
1751286366095,2025-06-30T15:26:06.095,18.030,-111.829,40.122,8.232
1751286366105,2025-06-30T15:26:06.105,18.040,-127.317,26.951,11.951
1751286366115,2025-06-30T15:26:06.115,18.050,-138.841,19.878,16.220
1751286366125,2025-06-30T15:26:06.125,18.060,-147.073,21.524,20.793
1751286366135,2025-06-30T15:26:06.135,18.070,-152.744,28.659,23.720
1751286366145,2025-06-30T15:26:06.145,18.080,-156.890,36.402,26.402
1751286366155,2025-06-30T15:26:06.155,18.090,-161.829,41.402,29.085
1751286366165,2025-06-30T15:26:06.165,18.100,-166.402,43.171,31.037
1751286366175,2025-06-30T15:26:06.175,18.110,-170.549,39.024,32.500
1751286366185,2025-06-30T15:26:06.185,18.120,-174.634,28.110,33.902
1751286366195,2025-06-30T15:26:06.195,18.130,-178.110,12.073,36.220
1751286366205,2025-06-30T15:26:06.205,18.140,-180.549,-5.122,38.415
1751286366215,2025-06-30T15:26:06.215,18.150,-179.939,-18.720,40.305
1751286366225,2025-06-30T15:26:06.225,18.160,-175.915,-26.402,40.793
1751286366235,2025-06-30T15:26:06.235,18.170,-167.683,-28.720,38.232
1751286366245,2025-06-30T15:26:06.245,18.180,-155.915,-23.841,32.805
1751286366255,2025-06-30T15:26:06.255,18.190,-142.500,-13.049,26.341
1751286366265,2025-06-30T15:26:06.265,18.200,-127.744,-3.963,19.207
1751286366275,2025-06-30T15:26:06.275,18.210,-112.683,-1.098,12.256
1751286366285,2025-06-30T15:26:06.285,18.220,-96.951,-2.866,6.646
1751286366295,2025-06-30T15:26:06.295,18.230,-81.646,-4.451,2.439
1751286366305,2025-06-30T15:26:06.305,18.240,-67.195,-1.159,-1.463
1751286366315,2025-06-30T15:26:06.315,18.250,-53.049,8.171,-2.866
1751286366325,2025-06-30T15:26:06.325,18.260,-40.305,23.049,-2.561
1751286366335,2025-06-30T15:26:06.335,18.270,-29.451,36.220,-2.317
1751286366345,2025-06-30T15:26:06.345,18.280,-20.671,41.707,-0.793
1751286366355,2025-06-30T15:26:06.355,18.290,-14.146,40.000,0.671
1751286366365,2025-06-30T15:26:06.365,18.300,-8.293,35.915,1.524
1751286366375,2025-06-30T15:26:06.375,18.310,-3.293,31.707,1.463
1751286366385,2025-06-30T15:26:06.385,18.320,0.549,27.256,0.671
1751286366395,2025-06-30T15:26:06.395,18.330,2.561,19.634,-0.427
1751286366405,2025-06-30T15:26:06.405,18.340,2.805,8.476,-1.463
1751286366415,2025-06-30T15:26:06.415,18.350,2.988,0.000,-1.463
1751286366425,2025-06-30T15:26:06.425,18.360,2.622,-1.890,-1.159
1751286366435,2025-06-30T15:26:06.435,18.370,2.195,0.000,-0.305
1751286366445,2025-06-30T15:26:06.445,18.380,2.134,2.012,1.341
1751286366455,2025-06-30T15:26:06.455,18.390,2.073,0.793,2.988
1751286366465,2025-06-30T15:26:06.465,18.400,2.378,-3.293,5.000
1751286366475,2025-06-30T15:26:06.475,18.410,4.085,-7.988,6.402
1751286366485,2025-06-30T15:26:06.485,18.420,6.829,-12.378,6.707
1751286366495,2025-06-30T15:26:06.495,18.430,9.817,-16.951,6.159
1751286366505,2025-06-30T15:26:06.505,18.440,14.024,-20.061,4.756
1751286366515,2025-06-30T15:26:06.515,18.450,18.841,-19.207,3.720
1751286366525,2025-06-30T15:26:06.525,18.460,24.695,-17.378,2.622
1751286366535,2025-06-30T15:26:06.535,18.470,31.159,-18.171,1.341
1751286366545,2025-06-30T15:26:06.545,18.480,38.841,-20.427,0.976
1751286366555,2025-06-30T15:26:06.555,18.490,47.988,-19.756,0.305
1751286366565,2025-06-30T15:26:06.565,18.500,59.085,-15.732,-0.976
1751286366575,2025-06-30T15:26:06.575,18.510,71.098,-9.268,-1.951
1751286366585,2025-06-30T15:26:06.585,18.520,83.232,-3.293,-3.598
1751286366595,2025-06-30T15:26:06.595,18.530,93.476,-0.915,-5.610
1751286366605,2025-06-30T15:26:06.605,18.540,102.256,-2.927,-7.805
1751286366615,2025-06-30T15:26:06.615,18.550,109.329,-14.329,-10.915
1751286366625,2025-06-30T15:26:06.625,18.560,113.841,-34.207,-12.927
1751286366635,2025-06-30T15:26:06.635,18.570,118.171,-52.683,-14.878
1751286366645,2025-06-30T15:26:06.645,18.580,123.902,-64.695,-17.622
1751286366655,2025-06-30T15:26:06.655,18.590,131.220,-65.793,-20.549
1751286366665,2025-06-30T15:26:06.665,18.600,138.963,-55.854,-22.988
1751286366675,2025-06-30T15:26:06.675,18.610,146.646,-41.768,-25.122
1751286366685,2025-06-30T15:26:06.685,18.620,153.415,-29.512,-28.049
1751286366695,2025-06-30T15:26:06.695,18.630,157.073,-25.793,-31.220
1751286366705,2025-06-30T15:26:06.705,18.640,157.683,-30.793,-32.866
1751286366715,2025-06-30T15:26:06.715,18.650,156.951,-41.341,-33.415
1751286366725,2025-06-30T15:26:06.725,18.660,154.329,-50.549,-34.573
1751286366735,2025-06-30T15:26:06.735,18.670,151.890,-51.768,-35.244
1751286366745,2025-06-30T15:26:06.745,18.680,148.598,-45.000,-36.220
1751286366755,2025-06-30T15:26:06.755,18.690,143.659,-32.805,-37.378
1751286366765,2025-06-30T15:26:06.765,18.700,137.256,-18.841,-34.878
1751286366775,2025-06-30T15:26:06.775,18.710,127.744,-10.976,-29.878
1751286366785,2025-06-30T15:26:06.785,18.720,115.122,-8.902,-24.146
1751286366795,2025-06-30T15:26:06.795,18.730,102.073,-8.415,-18.354
1751286366805,2025-06-30T15:26:06.805,18.740,87.622,-12.195,-13.720
1751286366815,2025-06-30T15:26:06.815,18.750,73.293,-16.098,-10.183
1751286366825,2025-06-30T15:26:06.825,18.760,59.756,-16.829,-7.744
1751286366835,2025-06-30T15:26:06.835,18.770,45.061,-18.415,-6.707
1751286366845,2025-06-30T15:26:06.845,18.780,30.305,-17.744,-6.280
1751286366855,2025-06-30T15:26:06.855,18.790,15.427,-12.927,-6.037
1751286366865,2025-06-30T15:26:06.865,18.800,-0.610,-7.988,-5.976
1751286366875,2025-06-30T15:26:06.875,18.810,-15.915,-2.134,-4.756
1751286366885,2025-06-30T15:26:06.885,18.820,-32.012,3.232,-2.927
1751286366895,2025-06-30T15:26:06.895,18.830,-48.537,7.012,-0.854
1751286366905,2025-06-30T15:26:06.905,18.840,-63.720,10.061,1.646
1751286366915,2025-06-30T15:26:06.915,18.850,-77.561,10.671,5.244
1751286366925,2025-06-30T15:26:06.925,18.860,-90.183,8.293,11.280
1751286366935,2025-06-30T15:26:06.935,18.870,-101.585,8.598,16.951
1751286366945,2025-06-30T15:26:06.945,18.880,-111.890,12.683,21.524
1751286366955,2025-06-30T15:26:06.955,18.890,-120.671,18.354,25.671
1751286366965,2025-06-30T15:26:06.965,18.900,-128.598,22.683,28.780
1751286366975,2025-06-30T15:26:06.975,18.910,-135.976,23.963,32.256
1751286366985,2025-06-30T15:26:06.985,18.920,-142.073,24.634,35.366
1751286366995,2025-06-30T15:26:06.995,18.930,-147.439,25.061,37.988
1751286367005,2025-06-30T15:26:07.005,18.940,-152.622,23.963,41.037
1751286367015,2025-06-30T15:26:07.015,18.950,-156.098,23.171,43.780
1751286367025,2025-06-30T15:26:07.025,18.960,-158.598,22.866,45.732
1751286367035,2025-06-30T15:26:07.035,18.970,-160.061,22.378,47.805
1751286367045,2025-06-30T15:26:07.045,18.980,-159.573,21.037,49.573
1751286367055,2025-06-30T15:26:07.055,18.990,-157.012,17.744,50.427
1751286367065,2025-06-30T15:26:07.065,19.000,-150.854,14.756,48.415
1751286367075,2025-06-30T15:26:07.075,19.010,-141.280,13.415,42.683
1751286367085,2025-06-30T15:26:07.085,19.020,-130.488,13.171,35.549
1751286367095,2025-06-30T15:26:07.095,19.030,-118.232,12.012,26.829
1751286367105,2025-06-30T15:26:07.105,19.040,-105.061,10.549,17.805
1751286367115,2025-06-30T15:26:07.115,19.050,-92.805,12.073,10.915
1751286367125,2025-06-30T15:26:07.125,19.060,-80.244,17.256,5.488
1751286367135,2025-06-30T15:26:07.135,19.070,-66.890,24.756,1.463
1751286367145,2025-06-30T15:26:07.145,19.080,-53.841,32.256,-1.220
1751286367155,2025-06-30T15:26:07.155,19.090,-41.585,39.756,-2.805
1751286367165,2025-06-30T15:26:07.165,19.100,-30.915,46.951,-3.720
1751286367175,2025-06-30T15:26:07.175,19.110,-22.683,51.098,-3.049
1751286367185,2025-06-30T15:26:07.185,19.120,-16.585,50.854,-0.671
1751286367195,2025-06-30T15:26:07.195,19.130,-11.951,46.402,0.976
1751286367205,2025-06-30T15:26:07.205,19.140,-9.878,37.805,1.585
1751286367215,2025-06-30T15:26:07.215,19.150,-10.183,25.793,2.073
1751286367225,2025-06-30T15:26:07.225,19.160,-10.854,14.085,2.439
1751286367235,2025-06-30T15:26:07.235,19.170,-10.427,7.256,2.439
1751286367245,2025-06-30T15:26:07.245,19.180,-8.780,5.244,2.256
1751286367255,2025-06-30T15:26:07.255,19.190,-7.317,5.610,3.171
1751286367265,2025-06-30T15:26:07.265,19.200,-6.220,10.061,4.573
1751286367275,2025-06-30T15:26:07.275,19.210,-4.024,14.512,5.122
1751286367285,2025-06-30T15:26:07.285,19.220,-2.378,13.049,6.159
1751286367295,2025-06-30T15:26:07.295,19.230,-0.610,7.134,6.463
1751286367305,2025-06-30T15:26:07.305,19.240,2.073,0.793,5.366
1751286367315,2025-06-30T15:26:07.315,19.250,5.366,-4.146,4.695
1751286367325,2025-06-30T15:26:07.325,19.260,9.207,-6.646,3.963
1751286367335,2025-06-30T15:26:07.335,19.270,13.598,-6.707,2.256
1751286367345,2025-06-30T15:26:07.345,19.280,17.805,-6.463,1.098
1751286367355,2025-06-30T15:26:07.355,19.290,21.890,-6.220,-0.061
1751286367365,2025-06-30T15:26:07.365,19.300,26.220,-7.744,-2.195
1751286367375,2025-06-30T15:26:07.375,19.310,30.000,-11.159,-3.476
1751286367385,2025-06-30T15:26:07.385,19.320,34.756,-14.146,-4.329
1751286367395,2025-06-30T15:26:07.395,19.330,42.012,-16.768,-6.037
1751286367405,2025-06-30T15:26:07.405,19.340,50.610,-18.476,-8.415
1751286367415,2025-06-30T15:26:07.415,19.350,60.793,-18.415,-11.037
1751286367425,2025-06-30T15:26:07.425,19.360,71.585,-16.402,-14.329
1751286367435,2025-06-30T15:26:07.435,19.370,83.476,-12.073,-17.317
1751286367445,2025-06-30T15:26:07.445,19.380,96.220,-6.159,-19.817
1751286367455,2025-06-30T15:26:07.455,19.390,107.805,-2.866,-22.073
1751286367465,2025-06-30T15:26:07.465,19.400,117.317,-5.183,-22.866
1751286367475,2025-06-30T15:26:07.475,19.410,124.207,-14.695,-23.537
1751286367485,2025-06-30T15:26:07.485,19.420,128.720,-31.159,-24.756
1751286367495,2025-06-30T15:26:07.495,19.430,133.476,-48.171,-25.427
1751286367505,2025-06-30T15:26:07.505,19.440,140.061,-57.439,-27.073
1751286367515,2025-06-30T15:26:07.515,19.450,145.854,-58.963,-28.537
1751286367525,2025-06-30T15:26:07.525,19.460,150.610,-54.268,-28.659
1751286367535,2025-06-30T15:26:07.535,19.470,154.634,-45.366,-27.683
1751286367545,2025-06-30T15:26:07.545,19.480,156.220,-37.500,-27.317
1751286367555,2025-06-30T15:26:07.555,19.490,157.439,-29.878,-28.537
1751286367565,2025-06-30T15:26:07.565,19.500,159.695,-24.024,-31.098
1751286367575,2025-06-30T15:26:07.575,19.510,159.146,-22.378,-34.024
1751286367585,2025-06-30T15:26:07.585,19.520,154.268,-22.195,-37.256
1751286367595,2025-06-30T15:26:07.595,19.530,145.671,-24.451,-41.463
1751286367605,2025-06-30T15:26:07.605,19.540,135.000,-29.817,-44.451
1751286367615,2025-06-30T15:26:07.615,19.550,121.829,-35.366,-43.415
1751286367625,2025-06-30T15:26:07.625,19.560,107.073,-35.610,-35.549
1751286367635,2025-06-30T15:26:07.635,19.570,92.317,-26.829,-23.537
1751286367645,2025-06-30T15:26:07.645,19.580,78.049,-8.963,-11.951
1751286367655,2025-06-30T15:26:07.655,19.590,64.756,9.634,-2.317
1751286367665,2025-06-30T15:26:07.665,19.600,51.037,17.012,3.720
1751286367675,2025-06-30T15:26:07.675,19.610,36.402,12.256,6.402
1751286367685,2025-06-30T15:26:07.685,19.620,21.463,3.476,7.134
1751286367695,2025-06-30T15:26:07.695,19.630,7.805,-3.110,6.768
1751286367705,2025-06-30T15:26:07.705,19.640,-5.244,-4.939,6.585
1751286367715,2025-06-30T15:26:07.715,19.650,-17.744,-0.915,7.317
1751286367725,2025-06-30T15:26:07.725,19.660,-30.610,7.378,8.354
1751286367735,2025-06-30T15:26:07.735,19.670,-43.110,15.854,9.878
1751286367745,2025-06-30T15:26:07.745,19.680,-55.488,21.646,12.134
1751286367755,2025-06-30T15:26:07.755,19.690,-69.146,24.817,13.841
1751286367765,2025-06-30T15:26:07.765,19.700,-82.622,27.073,14.573
1751286367775,2025-06-30T15:26:07.775,19.710,-94.939,26.524,14.573
1751286367785,2025-06-30T15:26:07.785,19.720,-106.646,22.744,14.634
1751286367795,2025-06-30T15:26:07.795,19.730,-117.988,19.268,15.427
1751286367805,2025-06-30T15:26:07.805,19.740,-128.110,17.622,16.098
1751286367815,2025-06-30T15:26:07.815,19.750,-136.646,17.744,17.073
1751286367825,2025-06-30T15:26:07.825,19.760,-144.573,18.232,19.451
1751286367835,2025-06-30T15:26:07.835,19.770,-151.707,18.110,22.683
1751286367845,2025-06-30T15:26:07.845,19.780,-157.195,18.720,25.671
1751286367855,2025-06-30T15:26:07.855,19.790,-162.134,18.110,28.232
1751286367865,2025-06-30T15:26:07.865,19.800,-165.793,15.305,31.646
1751286367875,2025-06-30T15:26:07.875,19.810,-167.805,10.000,35.976
1751286367885,2025-06-30T15:26:07.885,19.820,-168.476,3.659,40.488
1751286367895,2025-06-30T15:26:07.895,19.830,-165.915,-1.159,45.610
1751286367905,2025-06-30T15:26:07.905,19.840,-161.220,-4.573,50.915
1751286367915,2025-06-30T15:26:07.915,19.850,-153.963,-10.061,53.841
1751286367925,2025-06-30T15:26:07.925,19.860,-144.390,-16.463,54.207
1751286367935,2025-06-30T15:26:07.935,19.870,-132.561,-19.329,51.402
1751286367945,2025-06-30T15:26:07.945,19.880,-118.780,-15.854,45.183
1751286367955,2025-06-30T15:26:07.955,19.890,-102.805,-6.402,36.524
1751286367965,2025-06-30T15:26:07.965,19.900,-87.012,5.244,27.256
1751286367975,2025-06-30T15:26:07.975,19.910,-72.561,15.549,20.000
1751286367985,2025-06-30T15:26:07.985,19.920,-59.756,25.183,14.756
1751286367995,2025-06-30T15:26:07.995,19.930,-48.171,33.659,10.671
1751286368005,2025-06-30T15:26:08.005,19.940,-38.171,36.280,7.744
1751286368015,2025-06-30T15:26:08.015,19.950,-30.244,29.512,6.829
1751286368025,2025-06-30T15:26:08.025,19.960,-24.756,19.390,8.537
1751286368035,2025-06-30T15:26:08.035,19.970,-21.159,13.659,9.939
1751286368045,2025-06-30T15:26:08.045,19.980,-17.439,14.390,11.341
1751286368055,2025-06-30T15:26:08.055,19.990,-14.146,15.427,11.768
1751286368065,2025-06-30T15:26:08.065,20.000,-12.622,11.524,11.037
1751286368075,2025-06-30T15:26:08.075,20.010,-11.341,7.256,10.732
1751286368085,2025-06-30T15:26:08.085,20.020,-9.573,5.122,9.573
1751286368095,2025-06-30T15:26:08.095,20.030,-7.012,2.744,8.415
1751286368105,2025-06-30T15:26:08.105,20.040,-3.720,-0.488,8.232
1751286368115,2025-06-30T15:26:08.115,20.050,-0.061,-2.012,8.293
1751286368125,2025-06-30T15:26:08.125,20.060,4.451,-0.061,8.110
1751286368135,2025-06-30T15:26:08.135,20.070,9.085,1.951,7.134
1751286368145,2025-06-30T15:26:08.145,20.080,13.171,0.610,5.793
1751286368155,2025-06-30T15:26:08.155,20.090,17.805,-3.659,3.963
1751286368165,2025-06-30T15:26:08.165,20.100,22.927,-9.146,0.732
1751286368175,2025-06-30T15:26:08.175,20.110,27.988,-14.024,-3.780
1751286368185,2025-06-30T15:26:08.185,20.120,33.293,-17.500,-9.573
1751286368195,2025-06-30T15:26:08.195,20.130,39.512,-19.939,-15.122
1751286368205,2025-06-30T15:26:08.205,20.140,46.280,-21.159,-19.085
1751286368215,2025-06-30T15:26:08.215,20.150,54.024,-21.280,-21.829
1751286368225,2025-06-30T15:26:08.225,20.160,62.927,-20.244,-23.171
1751286368235,2025-06-30T15:26:08.235,20.170,72.439,-16.768,-24.024
1751286368245,2025-06-30T15:26:08.245,20.180,82.256,-13.049,-25.671
1751286368255,2025-06-30T15:26:08.255,20.190,91.829,-10.427,-26.159
1751286368265,2025-06-30T15:26:08.265,20.200,100.671,-11.646,-26.341
1751286368275,2025-06-30T15:26:08.275,20.210,108.171,-20.976,-27.439
1751286368285,2025-06-30T15:26:08.285,20.220,114.024,-33.598,-29.085
1751286368295,2025-06-30T15:26:08.295,20.230,119.085,-44.451,-32.866
1751286368305,2025-06-30T15:26:08.305,20.240,125.305,-54.085,-36.829
1751286368315,2025-06-30T15:26:08.315,20.250,132.744,-57.012,-39.390
1751286368325,2025-06-30T15:26:08.325,20.260,139.634,-51.220,-42.073
1751286368335,2025-06-30T15:26:08.335,20.270,146.037,-40.854,-42.805
1751286368345,2025-06-30T15:26:08.345,20.280,151.829,-33.049,-41.768
1751286368355,2025-06-30T15:26:08.355,20.290,154.268,-33.171,-41.585
1751286368365,2025-06-30T15:26:08.365,20.300,154.451,-34.634,-40.671
1751286368375,2025-06-30T15:26:08.375,20.310,154.817,-34.329,-39.878
1751286368385,2025-06-30T15:26:08.385,20.320,154.024,-30.671,-41.159
1751286368395,2025-06-30T15:26:08.395,20.330,152.256,-21.524,-43.293
1751286368405,2025-06-30T15:26:08.405,20.340,149.695,-10.671,-44.146
1751286368415,2025-06-30T15:26:08.415,20.350,144.756,-4.085,-43.841
1751286368425,2025-06-30T15:26:08.425,20.360,137.927,-2.744,-42.988
1751286368435,2025-06-30T15:26:08.435,20.370,128.963,-3.659,-40.305
1751286368445,2025-06-30T15:26:08.445,20.380,117.012,-6.707,-35.488
1751286368455,2025-06-30T15:26:08.455,20.390,104.268,-5.183,-28.110
1751286368465,2025-06-30T15:26:08.465,20.400,92.195,3.171,-20.427
1751286368475,2025-06-30T15:26:08.475,20.410,78.598,10.732,-12.744
1751286368485,2025-06-30T15:26:08.485,20.420,63.232,15.549,-5.793
1751286368495,2025-06-30T15:26:08.495,20.430,47.561,16.890,-0.915
1751286368505,2025-06-30T15:26:08.505,20.440,29.817,11.402,1.829
1751286368515,2025-06-30T15:26:08.515,20.450,11.707,2.622,3.780
1751286368525,2025-06-30T15:26:08.525,20.460,-5.305,-1.768,4.817
1751286368535,2025-06-30T15:26:08.535,20.470,-20.671,-0.183,5.488
1751286368545,2025-06-30T15:26:08.545,20.480,-34.390,5.610,7.256
1751286368555,2025-06-30T15:26:08.555,20.490,-47.805,12.805,8.720
1751286368565,2025-06-30T15:26:08.565,20.500,-60.427,19.085,10.061
1751286368575,2025-06-30T15:26:08.575,20.510,-73.415,22.744,11.341
1751286368585,2025-06-30T15:26:08.585,20.520,-85.732,24.268,11.768
1751286368595,2025-06-30T15:26:08.595,20.530,-97.073,24.695,12.378
1751286368605,2025-06-30T15:26:08.605,20.540,-107.500,24.695,12.744
1751286368615,2025-06-30T15:26:08.615,20.550,-116.159,25.854,13.415
1751286368625,2025-06-30T15:26:08.625,20.560,-123.780,28.293,14.146
1751286368635,2025-06-30T15:26:08.635,20.570,-131.585,30.732,13.780
1751286368645,2025-06-30T15:26:08.645,20.580,-138.598,33.720,14.268
1751286368655,2025-06-30T15:26:08.655,20.590,-145.000,34.390,15.244
1751286368665,2025-06-30T15:26:08.665,20.600,-150.976,30.610,16.890
1751286368675,2025-06-30T15:26:08.675,20.610,-156.768,24.817,20.305
1751286368685,2025-06-30T15:26:08.685,20.620,-161.159,20.915,24.817
1751286368695,2025-06-30T15:26:08.695,20.630,-163.902,19.512,29.512
1751286368705,2025-06-30T15:26:08.705,20.640,-166.402,18.598,33.537
1751286368715,2025-06-30T15:26:08.715,20.650,-168.110,17.561,36.402
1751286368725,2025-06-30T15:26:08.725,20.660,-167.195,15.427,38.902
1751286368735,2025-06-30T15:26:08.735,20.670,-163.841,11.159,41.463
1751286368745,2025-06-30T15:26:08.745,20.680,-159.146,6.037,43.293
1751286368755,2025-06-30T15:26:08.755,20.690,-150.976,2.439,42.988
1751286368765,2025-06-30T15:26:08.765,20.700,-139.390,1.098,39.817
1751286368775,2025-06-30T15:26:08.775,20.710,-126.829,2.012,33.963
1751286368785,2025-06-30T15:26:08.785,20.720,-113.598,5.122,25.915
1751286368795,2025-06-30T15:26:08.795,20.730,-99.939,9.512,17.866
1751286368805,2025-06-30T15:26:08.805,20.740,-86.341,14.451,10.366
1751286368815,2025-06-30T15:26:08.815,20.750,-72.744,21.098,4.268
1751286368825,2025-06-30T15:26:08.825,20.760,-59.146,29.390,-0.854
1751286368835,2025-06-30T15:26:08.835,20.770,-46.524,34.878,-3.720
1751286368845,2025-06-30T15:26:08.845,20.780,-35.610,33.415,-2.744
1751286368855,2025-06-30T15:26:08.855,20.790,-26.951,28.598,-0.610
1751286368865,2025-06-30T15:26:08.865,20.800,-20.000,25.854,1.707
1751286368875,2025-06-30T15:26:08.875,20.810,-14.268,27.012,3.841
1751286368885,2025-06-30T15:26:08.885,20.820,-9.817,28.780,5.061
1751286368895,2025-06-30T15:26:08.895,20.830,-6.098,25.549,4.817
1751286368905,2025-06-30T15:26:08.905,20.840,-4.390,19.085,3.293
1751286368915,2025-06-30T15:26:08.915,20.850,-3.902,12.012,2.012
1751286368925,2025-06-30T15:26:08.925,20.860,-3.232,4.756,0.793
1751286368935,2025-06-30T15:26:08.935,20.870,-3.049,-1.524,0.061
1751286368945,2025-06-30T15:26:08.945,20.880,-2.500,-4.817,0.732
1751286368955,2025-06-30T15:26:08.955,20.890,-1.463,-4.878,2.744
1751286368965,2025-06-30T15:26:08.965,20.900,0.061,-3.841,4.512
1751286368975,2025-06-30T15:26:08.975,20.910,1.890,-2.988,5.366
1751286368985,2025-06-30T15:26:08.985,20.920,3.659,-4.756,5.671
1751286368995,2025-06-30T15:26:08.995,20.930,5.183,-9.756,5.305
1751286369005,2025-06-30T15:26:09.005,20.940,7.805,-14.573,4.695
1751286369015,2025-06-30T15:26:09.015,20.950,11.341,-17.561,3.232
1751286369025,2025-06-30T15:26:09.025,20.960,15.061,-20.549,1.341
1751286369035,2025-06-30T15:26:09.035,20.970,19.817,-23.171,-0.549
1751286369045,2025-06-30T15:26:09.045,20.980,26.037,-23.720,-3.841
1751286369055,2025-06-30T15:26:09.055,20.990,33.293,-25.854,-8.049
1751286369065,2025-06-30T15:26:09.065,21.000,41.768,-29.512,-11.098
1751286369075,2025-06-30T15:26:09.075,21.010,51.646,-29.939,-13.720
1751286369085,2025-06-30T15:26:09.085,21.020,62.622,-25.793,-15.915
1751286369095,2025-06-30T15:26:09.095,21.030,73.659,-19.329,-16.402
1751286369105,2025-06-30T15:26:09.105,21.040,84.085,-13.232,-16.890
1751286369115,2025-06-30T15:26:09.115,21.050,94.268,-7.134,-18.963
1751286369125,2025-06-30T15:26:09.125,21.060,103.537,-3.537,-22.134
1751286369135,2025-06-30T15:26:09.135,21.070,110.671,-7.805,-25.305
1751286369145,2025-06-30T15:26:09.145,21.080,116.037,-18.598,-27.134
1751286369155,2025-06-30T15:26:09.155,21.090,121.585,-31.341,-27.622
1751286369165,2025-06-30T15:26:09.165,21.100,126.829,-42.378,-26.220
1751286369175,2025-06-30T15:26:09.175,21.110,132.012,-48.841,-24.512
1751286369185,2025-06-30T15:26:09.185,21.120,137.805,-48.415,-24.024
1751286369195,2025-06-30T15:26:09.195,21.130,142.683,-39.817,-25.732
1751286369205,2025-06-30T15:26:09.205,21.140,147.073,-25.244,-28.598
1751286369215,2025-06-30T15:26:09.215,21.150,150.793,-11.890,-31.585
1751286369225,2025-06-30T15:26:09.225,21.160,151.829,-7.683,-34.756
1751286369235,2025-06-30T15:26:09.235,21.170,151.220,-12.500,-35.854
1751286369245,2025-06-30T15:26:09.245,21.180,148.598,-22.256,-35.488
1751286369255,2025-06-30T15:26:09.255,21.190,143.232,-32.012,-34.939
1751286369265,2025-06-30T15:26:09.265,21.200,137.500,-34.512,-34.634
1751286369275,2025-06-30T15:26:09.275,21.210,131.037,-27.073,-35.061
1751286369285,2025-06-30T15:26:09.285,21.220,122.988,-14.207,-34.817
1751286369295,2025-06-30T15:26:09.295,21.230,113.476,-3.780,-33.293
1751286369305,2025-06-30T15:26:09.305,21.240,101.829,-2.439,-30.488
1751286369315,2025-06-30T15:26:09.315,21.250,87.805,-12.195,-25.671
1751286369325,2025-06-30T15:26:09.325,21.260,72.500,-24.817,-20.122
1751286369335,2025-06-30T15:26:09.335,21.270,57.927,-29.756,-14.695
1751286369345,2025-06-30T15:26:09.345,21.280,45.183,-23.415,-9.146
1751286369355,2025-06-30T15:26:09.355,21.290,32.622,-10.610,-4.756
1751286369365,2025-06-30T15:26:09.365,21.300,20.549,4.390,-1.768
1751286369375,2025-06-30T15:26:09.375,21.310,7.805,13.720,0.061
1751286369385,2025-06-30T15:26:09.385,21.320,-6.159,14.512,1.463
1751286369395,2025-06-30T15:26:09.395,21.330,-20.488,10.671,3.049
1751286369405,2025-06-30T15:26:09.405,21.340,-35.000,7.195,4.573
1751286369415,2025-06-30T15:26:09.415,21.350,-48.902,8.293,5.976
1751286369425,2025-06-30T15:26:09.425,21.360,-61.159,16.220,7.195
1751286369435,2025-06-30T15:26:09.435,21.370,-72.195,26.951,8.598
1751286369445,2025-06-30T15:26:09.445,21.380,-82.866,34.695,10.122
1751286369455,2025-06-30T15:26:09.455,21.390,-94.268,35.732,11.707
1751286369465,2025-06-30T15:26:09.465,21.400,-105.549,32.378,13.720
1751286369475,2025-06-30T15:26:09.475,21.410,-115.488,30.122,16.829
1751286369485,2025-06-30T15:26:09.485,21.420,-124.878,28.598,19.634
1751286369495,2025-06-30T15:26:09.495,21.430,-133.293,28.415,22.805
1751286369505,2025-06-30T15:26:09.505,21.440,-140.610,29.695,26.463
1751286369515,2025-06-30T15:26:09.515,21.450,-147.622,29.329,29.512
1751286369525,2025-06-30T15:26:09.525,21.460,-153.354,26.585,32.317
1751286369535,2025-06-30T15:26:09.535,21.470,-157.561,22.866,35.244
1751286369545,2025-06-30T15:26:09.545,21.480,-160.915,16.951,38.963
1751286369555,2025-06-30T15:26:09.555,21.490,-163.659,8.171,42.500
1751286369565,2025-06-30T15:26:09.565,21.500,-163.841,-0.610,45.305
1751286369575,2025-06-30T15:26:09.575,21.510,-161.402,-7.378,48.598
1751286369585,2025-06-30T15:26:09.585,21.520,-156.890,-10.732,48.720
1751286369595,2025-06-30T15:26:09.595,21.530,-146.829,-10.427,44.451
1751286369605,2025-06-30T15:26:09.605,21.540,-133.720,-5.915,37.500
1751286369615,2025-06-30T15:26:09.615,21.550,-119.939,1.037,28.537
1751286369625,2025-06-30T15:26:09.625,21.560,-105.732,7.683,17.927
1751286369635,2025-06-30T15:26:09.635,21.570,-91.768,11.768,9.634
1751286369645,2025-06-30T15:26:09.645,21.580,-78.415,16.829,4.695
1751286369655,2025-06-30T15:26:09.655,21.590,-63.720,26.463,1.707
1751286369665,2025-06-30T15:26:09.665,21.600,-48.476,41.524,0.976
1751286369675,2025-06-30T15:26:09.675,21.610,-35.488,58.232,1.951
1751286369685,2025-06-30T15:26:09.685,21.620,-25.305,69.085,3.598
1751286369695,2025-06-30T15:26:09.695,21.630,-17.134,69.085,5.610
1751286369705,2025-06-30T15:26:09.705,21.640,-12.378,59.146,7.561
1751286369715,2025-06-30T15:26:09.715,21.650,-10.610,43.049,9.573
1751286369725,2025-06-30T15:26:09.725,21.660,-8.902,26.220,9.756
1751286369735,2025-06-30T15:26:09.735,21.670,-7.317,10.305,7.134
1751286369745,2025-06-30T15:26:09.745,21.680,-6.951,-0.976,4.390
1751286369755,2025-06-30T15:26:09.755,21.690,-6.463,-4.939,1.402
1751286369765,2025-06-30T15:26:09.765,21.700,-4.573,-1.646,-1.098
1751286369775,2025-06-30T15:26:09.775,21.710,-1.463,4.573,-1.280
1751286369785,2025-06-30T15:26:09.785,21.720,0.793,7.500,0.488
1751286369795,2025-06-30T15:26:09.795,21.730,1.951,6.646,3.049
1751286369805,2025-06-30T15:26:09.805,21.740,2.439,4.390,5.000
1751286369815,2025-06-30T15:26:09.815,21.750,2.866,0.976,6.768
1751286369825,2025-06-30T15:26:09.825,21.760,3.354,-5.122,7.683
1751286369835,2025-06-30T15:26:09.835,21.770,4.390,-12.744,7.073
1751286369845,2025-06-30T15:26:09.845,21.780,6.768,-18.841,5.793
1751286369855,2025-06-30T15:26:09.855,21.790,10.366,-20.549,3.841
1751286369865,2025-06-30T15:26:09.865,21.800,15.061,-17.805,0.915
1751286369875,2025-06-30T15:26:09.875,21.810,20.305,-15.427,-2.439
1751286369885,2025-06-30T15:26:09.885,21.820,25.244,-15.427,-5.122
1751286369895,2025-06-30T15:26:09.895,21.830,30.488,-17.256,-7.195
1751286369905,2025-06-30T15:26:09.905,21.840,36.585,-19.878,-9.024
1751286369915,2025-06-30T15:26:09.915,21.850,43.963,-20.915,-10.366
1751286369925,2025-06-30T15:26:09.925,21.860,52.500,-18.963,-11.646
1751286369935,2025-06-30T15:26:09.935,21.870,61.951,-15.732,-12.683
1751286369945,2025-06-30T15:26:09.945,21.880,71.159,-12.378,-13.171
1751286369955,2025-06-30T15:26:09.955,21.890,80.610,-9.390,-14.451
1751286369965,2025-06-30T15:26:09.965,21.900,90.244,-9.512,-17.378
1751286369975,2025-06-30T15:26:09.975,21.910,98.110,-14.634,-21.037
1751286369985,2025-06-30T15:26:09.985,21.920,105.061,-23.780,-24.451
1751286369995,2025-06-30T15:26:09.995,21.930,112.073,-35.671,-28.110
1751286370005,2025-06-30T15:26:10.005,21.940,119.634,-48.780,-30.061
1751286370015,2025-06-30T15:26:10.015,21.950,126.646,-59.451,-30.183
1751286370025,2025-06-30T15:26:10.025,21.960,131.829,-66.280,-29.878
1751286370035,2025-06-30T15:26:10.035,21.970,135.244,-66.829,-30.915
1751286370045,2025-06-30T15:26:10.045,21.980,138.354,-60.061,-32.378
1751286370055,2025-06-30T15:26:10.055,21.990,141.951,-51.768,-33.841
1751286370065,2025-06-30T15:26:10.065,22.000,144.756,-44.085,-35.427
1751286370075,2025-06-30T15:26:10.075,22.010,147.195,-40.549,-35.976
1751286370085,2025-06-30T15:26:10.085,22.020,146.585,-45.793,-35.488
1751286370095,2025-06-30T15:26:10.095,22.030,142.683,-56.280,-33.110
1751286370105,2025-06-30T15:26:10.105,22.040,137.134,-64.634,-30.610
1751286370115,2025-06-30T15:26:10.115,22.050,130.610,-65.244,-29.024
1751286370125,2025-06-30T15:26:10.125,22.060,124.573,-53.476,-26.341
1751286370135,2025-06-30T15:26:10.135,22.070,118.659,-31.829,-24.207
1751286370145,2025-06-30T15:26:10.145,22.080,113.780,-9.024,-22.561
1751286370155,2025-06-30T15:26:10.155,22.090,107.622,2.622,-20.671
1751286370165,2025-06-30T15:26:10.165,22.100,97.866,-1.463,-18.293
1751286370175,2025-06-30T15:26:10.175,22.110,86.341,-14.817,-16.159
1751286370185,2025-06-30T15:26:10.185,22.120,73.659,-29.268,-13.659
1751286370195,2025-06-30T15:26:10.195,22.130,60.610,-35.549,-11.951
1751286370205,2025-06-30T15:26:10.205,22.140,48.963,-27.561,-11.402
1751286370215,2025-06-30T15:26:10.215,22.150,37.988,-10.427,-10.915
1751286370225,2025-06-30T15:26:10.225,22.160,25.976,6.890,-10.732
1751286370235,2025-06-30T15:26:10.235,22.170,13.598,19.268,-10.488
1751286370245,2025-06-30T15:26:10.245,22.180,-0.732,21.220,-9.451
1751286370255,2025-06-30T15:26:10.255,22.190,-17.073,13.902,-7.744
1751286370265,2025-06-30T15:26:10.265,22.200,-32.927,7.561,-3.963
1751286370275,2025-06-30T15:26:10.275,22.210,-48.110,5.915,0.732
1751286370285,2025-06-30T15:26:10.285,22.220,-62.134,10.488,5.976
1751286370295,2025-06-30T15:26:10.295,22.230,-75.976,18.841,11.220
1751286370305,2025-06-30T15:26:10.305,22.240,-89.451,25.183,16.037
1751286370315,2025-06-30T15:26:10.315,22.250,-101.463,29.146,21.159
1751286370325,2025-06-30T15:26:10.325,22.260,-113.232,32.012,25.122
1751286370335,2025-06-30T15:26:10.335,22.270,-123.841,33.598,28.110
1751286370345,2025-06-30T15:26:10.345,22.280,-134.085,32.805,30.732
1751286370355,2025-06-30T15:26:10.355,22.290,-143.780,30.671,33.293
1751286370365,2025-06-30T15:26:10.365,22.300,-151.829,27.622,35.671
1751286370375,2025-06-30T15:26:10.375,22.310,-157.805,25.061,37.988
1751286370385,2025-06-30T15:26:10.385,22.320,-162.317,25.061,41.463
1751286370395,2025-06-30T15:26:10.395,22.330,-165.488,25.915,43.963
1751286370405,2025-06-30T15:26:10.405,22.340,-165.671,26.220,45.183
1751286370415,2025-06-30T15:26:10.415,22.350,-163.841,23.780,46.341
1751286370425,2025-06-30T15:26:10.425,22.360,-161.037,19.451,46.585
1751286370435,2025-06-30T15:26:10.435,22.370,-155.427,16.159,45.366
1751286370445,2025-06-30T15:26:10.445,22.380,-147.012,14.939,41.951
1751286370455,2025-06-30T15:26:10.455,22.390,-136.951,13.659,37.683
1751286370465,2025-06-30T15:26:10.465,22.400,-126.768,12.073,34.024
1751286370475,2025-06-30T15:26:10.475,22.410,-115.000,12.073,29.695
1751286370485,2025-06-30T15:26:10.485,22.420,-101.220,13.110,23.537
1751286370495,2025-06-30T15:26:10.495,22.430,-87.683,15.183,17.622
1751286370505,2025-06-30T15:26:10.505,22.440,-74.878,19.817,13.232
1751286370515,2025-06-30T15:26:10.515,22.450,-61.707,27.195,8.780
1751286370525,2025-06-30T15:26:10.525,22.460,-49.451,35.366,5.305
1751286370535,2025-06-30T15:26:10.535,22.470,-38.659,38.841,3.780
1751286370545,2025-06-30T15:26:10.545,22.480,-30.305,37.256,4.512
1751286370555,2025-06-30T15:26:10.555,22.490,-23.171,33.780,5.610
1751286370565,2025-06-30T15:26:10.565,22.500,-17.439,31.341,7.134
1751286370575,2025-06-30T15:26:10.575,22.510,-12.012,29.817,9.024
1751286370585,2025-06-30T15:26:10.585,22.520,-7.500,26.341,10.183
1751286370595,2025-06-30T15:26:10.595,22.530,-4.390,21.280,11.280
1751286370605,2025-06-30T15:26:10.605,22.540,-2.744,16.890,11.463
1751286370615,2025-06-30T15:26:10.615,22.550,-2.012,13.720,9.817
1751286370625,2025-06-30T15:26:10.625,22.560,-0.976,12.378,7.561
1751286370635,2025-06-30T15:26:10.635,22.570,-0.122,11.341,5.122
1751286370645,2025-06-30T15:26:10.645,22.580,0.244,6.707,2.500
1751286370655,2025-06-30T15:26:10.655,22.590,-1.098,-1.463,0.793
1751286370665,2025-06-30T15:26:10.665,22.600,-2.866,-7.317,0.305
1751286370675,2025-06-30T15:26:10.675,22.610,-3.476,-9.939,0.610
1751286370685,2025-06-30T15:26:10.685,22.620,-3.110,-12.622,1.159
1751286370695,2025-06-30T15:26:10.695,22.630,-1.463,-14.329,2.012
1751286370705,2025-06-30T15:26:10.705,22.640,0.488,-13.415,3.232
1751286370715,2025-06-30T15:26:10.715,22.650,2.744,-10.793,3.049
1751286370725,2025-06-30T15:26:10.725,22.660,7.073,-7.622,2.683
1751286370735,2025-06-30T15:26:10.735,22.670,11.524,-3.902,2.012
1751286370745,2025-06-30T15:26:10.745,22.680,15.732,-2.744,-0.427
1751286370755,2025-06-30T15:26:10.755,22.690,19.756,-4.878,-2.134
1751286370765,2025-06-30T15:26:10.765,22.700,24.573,-8.049,-3.780
1751286370775,2025-06-30T15:26:10.775,22.710,29.817,-11.585,-5.793
1751286370785,2025-06-30T15:26:10.785,22.720,35.427,-16.890,-7.561
1751286370795,2025-06-30T15:26:10.795,22.730,41.646,-22.866,-7.988
1751286370805,2025-06-30T15:26:10.805,22.740,49.207,-27.744,-8.659
1751286370815,2025-06-30T15:26:10.815,22.750,59.390,-29.756,-11.890
1751286370825,2025-06-30T15:26:10.825,22.760,70.122,-26.951,-16.159
1751286370835,2025-06-30T15:26:10.835,22.770,80.549,-19.146,-20.549
1751286370845,2025-06-30T15:26:10.845,22.780,91.280,-12.561,-25.000
1751286370855,2025-06-30T15:26:10.855,22.790,100.671,-13.049,-27.439
1751286370865,2025-06-30T15:26:10.865,22.800,108.780,-18.659,-28.232
1751286370875,2025-06-30T15:26:10.875,22.810,115.854,-26.646,-29.207
1751286370885,2025-06-30T15:26:10.885,22.820,121.951,-36.098,-30.061
1751286370895,2025-06-30T15:26:10.895,22.830,126.951,-44.878,-29.756
1751286370905,2025-06-30T15:26:10.905,22.840,131.098,-49.573,-28.293
1751286370915,2025-06-30T15:26:10.915,22.850,135.122,-48.110,-27.378
1751286370925,2025-06-30T15:26:10.925,22.860,138.293,-43.415,-27.134
1751286370935,2025-06-30T15:26:10.935,22.870,141.402,-35.305,-26.585
1751286370945,2025-06-30T15:26:10.945,22.880,145.183,-25.427,-27.073
1751286370955,2025-06-30T15:26:10.955,22.890,147.744,-22.378,-29.451
1751286370965,2025-06-30T15:26:10.965,22.900,147.683,-27.866,-31.280
1751286370975,2025-06-30T15:26:10.975,22.910,146.646,-36.280,-31.890
1751286370985,2025-06-30T15:26:10.985,22.920,144.634,-42.622,-32.622
1751286370995,2025-06-30T15:26:10.995,22.930,142.073,-42.500,-33.415
1751286371005,2025-06-30T15:26:11.005,22.940,139.390,-32.927,-35.305
1751286371015,2025-06-30T15:26:11.015,22.950,134.634,-16.829,-37.134
1751286371025,2025-06-30T15:26:11.025,22.960,127.073,-3.841,-38.049
1751286371035,2025-06-30T15:26:11.035,22.970,116.402,0.366,-37.012
1751286371045,2025-06-30T15:26:11.045,22.980,101.951,-4.085,-33.780
1751286371055,2025-06-30T15:26:11.055,22.990,85.549,-11.341,-30.000
1751286371065,2025-06-30T15:26:11.065,23.000,69.573,-15.366,-26.098
1751286371075,2025-06-30T15:26:11.075,23.010,53.110,-16.951,-21.646
1751286371085,2025-06-30T15:26:11.085,23.020,35.244,-17.012,-16.220
1751286371095,2025-06-30T15:26:11.095,23.030,17.744,-12.561,-10.305
1751286371105,2025-06-30T15:26:11.105,23.040,-0.061,-4.268,-5.427
1751286371115,2025-06-30T15:26:11.115,23.050,-17.683,2.988,-0.793
1751286371125,2025-06-30T15:26:11.125,23.060,-34.695,5.671,3.110
1751286371135,2025-06-30T15:26:11.135,23.070,-51.280,5.854,5.549
1751286371145,2025-06-30T15:26:11.145,23.080,-66.341,7.744,8.720
1751286371155,2025-06-30T15:26:11.155,23.090,-80.427,11.037,12.439
1751286371165,2025-06-30T15:26:11.165,23.100,-92.988,15.000,16.098
1751286371175,2025-06-30T15:26:11.175,23.110,-104.146,19.939,21.037
1751286371185,2025-06-30T15:26:11.185,23.120,-114.878,25.000,25.610
1751286371195,2025-06-30T15:26:11.195,23.130,-125.183,30.061,27.866
1751286371205,2025-06-30T15:26:11.205,23.140,-134.573,33.049,30.305
1751286371215,2025-06-30T15:26:11.215,23.150,-143.598,32.195,33.415
1751286371225,2025-06-30T15:26:11.225,23.160,-152.073,28.902,35.793
1751286371235,2025-06-30T15:26:11.235,23.170,-160.183,27.073,38.232
1751286371245,2025-06-30T15:26:11.245,23.180,-166.463,26.707,41.280
1751286371255,2025-06-30T15:26:11.255,23.190,-171.159,25.854,43.841
1751286371265,2025-06-30T15:26:11.265,23.200,-174.634,23.537,46.829
1751286371275,2025-06-30T15:26:11.275,23.210,-177.317,18.415,50.488
1751286371285,2025-06-30T15:26:11.285,23.220,-178.598,11.951,54.390
1751286371295,2025-06-30T15:26:11.295,23.230,-176.341,7.317,57.378
1751286371305,2025-06-30T15:26:11.305,23.240,-171.159,5.000,58.110
1751286371315,2025-06-30T15:26:11.315,23.250,-163.415,5.000,57.256
1751286371325,2025-06-30T15:26:11.325,23.260,-152.561,6.524,53.049
1751286371335,2025-06-30T15:26:11.335,23.270,-140.061,7.439,45.915
1751286371345,2025-06-30T15:26:11.345,23.280,-126.768,8.476,38.720
1751286371355,2025-06-30T15:26:11.355,23.290,-111.280,11.707,29.634
1751286371365,2025-06-30T15:26:11.365,23.300,-94.878,17.134,19.695
1751286371375,2025-06-30T15:26:11.375,23.310,-79.512,24.329,11.341
1751286371385,2025-06-30T15:26:11.385,23.320,-65.000,33.232,3.476
1751286371395,2025-06-30T15:26:11.395,23.330,-50.915,41.585,-2.805
1751286371405,2025-06-30T15:26:11.405,23.340,-38.720,45.732,-6.829
1751286371415,2025-06-30T15:26:11.415,23.350,-28.841,43.720,-8.049
1751286371425,2025-06-30T15:26:11.425,23.360,-21.220,37.256,-6.341
1751286371435,2025-06-30T15:26:11.435,23.370,-15.671,30.610,-3.293
1751286371445,2025-06-30T15:26:11.445,23.380,-11.463,27.256,-0.183
1751286371455,2025-06-30T15:26:11.455,23.390,-8.780,26.829,3.110
1751286371465,2025-06-30T15:26:11.465,23.400,-7.439,25.610,6.037
1751286371475,2025-06-30T15:26:11.475,23.410,-6.037,24.451,8.415
1751286371485,2025-06-30T15:26:11.485,23.420,-4.085,23.232,9.207
1751286371495,2025-06-30T15:26:11.495,23.430,-2.439,20.488,9.451
1751286371505,2025-06-30T15:26:11.505,23.440,-0.976,16.037,9.512
1751286371515,2025-06-30T15:26:11.515,23.450,-0.305,9.634,9.024
1751286371525,2025-06-30T15:26:11.525,23.460,-0.183,3.049,8.476
1751286371535,2025-06-30T15:26:11.535,23.470,0.854,0.000,7.744
1751286371545,2025-06-30T15:26:11.545,23.480,3.049,-0.854,7.622
1751286371555,2025-06-30T15:26:11.555,23.490,5.427,-1.341,7.561
1751286371565,2025-06-30T15:26:11.565,23.500,7.256,-0.488,6.707
1751286371575,2025-06-30T15:26:11.575,23.510,9.634,1.829,5.488
1751286371585,2025-06-30T15:26:11.585,23.520,12.317,2.683,4.329
1751286371595,2025-06-30T15:26:11.595,23.530,14.817,0.366,3.232
1751286371605,2025-06-30T15:26:11.605,23.540,17.744,-3.049,1.463
1751286371615,2025-06-30T15:26:11.615,23.550,20.671,-6.098,-0.427
1751286371625,2025-06-30T15:26:11.625,23.560,23.598,-8.659,-1.890
1751286371635,2025-06-30T15:26:11.635,23.570,26.220,-11.707,-3.171
1751286371645,2025-06-30T15:26:11.645,23.580,29.024,-15.549,-3.720
1751286371655,2025-06-30T15:26:11.655,23.590,33.354,-18.720,-3.598
1751286371665,2025-06-30T15:26:11.665,23.600,39.695,-20.671,-3.598
1751286371675,2025-06-30T15:26:11.675,23.610,47.988,-21.402,-4.390
1751286371685,2025-06-30T15:26:11.685,23.620,58.293,-19.329,-6.037
1751286371695,2025-06-30T15:26:11.695,23.630,69.085,-14.939,-8.902
1751286371705,2025-06-30T15:26:11.705,23.640,78.476,-11.341,-11.829
1751286371715,2025-06-30T15:26:11.715,23.650,86.890,-12.439,-14.451
1751286371725,2025-06-30T15:26:11.725,23.660,94.451,-20.488,-17.134
1751286371735,2025-06-30T15:26:11.735,23.670,101.829,-31.341,-20.671
1751286371745,2025-06-30T15:26:11.745,23.680,110.061,-38.171,-23.780
1751286371755,2025-06-30T15:26:11.755,23.690,118.354,-39.024,-25.915
1751286371765,2025-06-30T15:26:11.765,23.700,126.951,-31.585,-26.707
1751286371775,2025-06-30T15:26:11.775,23.710,134.573,-20.610,-27.012
1751286371785,2025-06-30T15:26:11.785,23.720,138.659,-15.549,-28.110
1751286371795,2025-06-30T15:26:11.795,23.730,142.073,-15.671,-29.329
1751286371805,2025-06-30T15:26:11.805,23.740,143.659,-21.524,-31.829
1751286371815,2025-06-30T15:26:11.815,23.750,142.012,-30.854,-35.000
1751286371825,2025-06-30T15:26:11.825,23.760,140.610,-37.866,-38.415
1751286371835,2025-06-30T15:26:11.835,23.770,138.415,-43.841,-42.256
1751286371845,2025-06-30T15:26:11.845,23.780,135.793,-48.841,-44.207
1751286371855,2025-06-30T15:26:11.855,23.790,133.232,-45.732,-44.512
1751286371865,2025-06-30T15:26:11.865,23.800,130.488,-32.622,-44.817
1751286371875,2025-06-30T15:26:11.875,23.810,125.366,-17.988,-43.841
1751286371885,2025-06-30T15:26:11.885,23.820,117.256,-9.024,-40.976
1751286371895,2025-06-30T15:26:11.895,23.830,106.463,-6.951,-36.585
1751286371905,2025-06-30T15:26:11.905,23.840,94.695,-8.232,-31.646
1751286371915,2025-06-30T15:26:11.915,23.850,81.951,-8.659,-26.890
1751286371925,2025-06-30T15:26:11.925,23.860,68.171,-7.866,-20.244
1751286371935,2025-06-30T15:26:11.935,23.870,52.622,-9.329,-12.561
1751286371945,2025-06-30T15:26:11.945,23.880,35.854,-11.707,-5.793
1751286371955,2025-06-30T15:26:11.955,23.890,19.390,-13.110,-0.671
1751286371965,2025-06-30T15:26:11.965,23.900,3.476,-13.841,2.195
1751286371975,2025-06-30T15:26:11.975,23.910,-11.890,-12.744,3.171
1751286371985,2025-06-30T15:26:11.985,23.920,-26.159,-7.561,3.902
1751286371995,2025-06-30T15:26:11.995,23.930,-39.512,-1.402,4.695
1751286372005,2025-06-30T15:26:12.005,23.940,-52.256,3.049,6.280
1751286372015,2025-06-30T15:26:12.015,23.950,-64.756,6.098,8.354
1751286372025,2025-06-30T15:26:12.025,23.960,-76.829,10.305,10.671
1751286372035,2025-06-30T15:26:12.035,23.970,-87.866,15.000,13.232
1751286372045,2025-06-30T15:26:12.045,23.980,-97.622,19.268,15.549
1751286372055,2025-06-30T15:26:12.055,23.990,-106.098,23.720,17.744
1751286372065,2025-06-30T15:26:12.065,24.000,-113.476,27.622,19.573
1751286372075,2025-06-30T15:26:12.075,24.010,-120.244,30.366,21.341
1751286372085,2025-06-30T15:26:12.085,24.020,-126.829,31.585,22.622
1751286372095,2025-06-30T15:26:12.095,24.030,-133.598,32.622,23.232
1751286372105,2025-06-30T15:26:12.105,24.040,-138.720,35.793,23.902
1751286372115,2025-06-30T15:26:12.115,24.050,-142.805,39.085,24.939
1751286372125,2025-06-30T15:26:12.125,24.060,-147.195,39.390,26.707
1751286372135,2025-06-30T15:26:12.135,24.070,-150.671,36.646,29.512
1751286372145,2025-06-30T15:26:12.145,24.080,-153.049,31.646,32.622
1751286372155,2025-06-30T15:26:12.155,24.090,-154.512,25.976,36.037
1751286372165,2025-06-30T15:26:12.165,24.100,-155.610,21.037,38.720
1751286372175,2025-06-30T15:26:12.175,24.110,-154.878,16.951,40.305
1751286372185,2025-06-30T15:26:12.185,24.120,-151.463,14.268,41.585
1751286372195,2025-06-30T15:26:12.195,24.130,-147.317,11.768,42.073
1751286372205,2025-06-30T15:26:12.205,24.140,-139.634,10.183,39.512
1751286372215,2025-06-30T15:26:12.215,24.150,-128.232,11.646,34.024
1751286372225,2025-06-30T15:26:12.225,24.160,-115.183,15.305,26.768
1751286372235,2025-06-30T15:26:12.235,24.170,-101.280,19.024,16.524
1751286372245,2025-06-30T15:26:12.245,24.180,-86.280,21.585,4.817
1751286372255,2025-06-30T15:26:12.255,24.190,-71.524,25.305,-4.085
1751286372265,2025-06-30T15:26:12.265,24.200,-57.012,31.220,-10.793
1751286372275,2025-06-30T15:26:12.275,24.210,-43.171,38.659,-15.305
1751286372285,2025-06-30T15:26:12.285,24.220,-29.390,47.317,-17.195
1751286372295,2025-06-30T15:26:12.295,24.230,-17.134,54.268,-17.195
1751286372305,2025-06-30T15:26:12.305,24.240,-7.683,54.756,-16.159
1751286372315,2025-06-30T15:26:12.315,24.250,-1.341,49.695,-14.329
1751286372325,2025-06-30T15:26:12.325,24.260,2.683,42.500,-10.732
1751286372335,2025-06-30T15:26:12.335,24.270,3.598,33.659,-5.793
1751286372345,2025-06-30T15:26:12.345,24.280,1.768,21.402,-0.793
1751286372355,2025-06-30T15:26:12.355,24.290,-1.220,7.927,5.061
1751286372365,2025-06-30T15:26:12.365,24.300,-4.085,-2.561,9.512
1751286372375,2025-06-30T15:26:12.375,24.310,-4.695,-6.646,11.585
1751286372385,2025-06-30T15:26:12.385,24.320,-4.329,-4.146,13.110
1751286372395,2025-06-30T15:26:12.395,24.330,-3.293,-0.183,14.451
1751286372405,2025-06-30T15:26:12.405,24.340,-2.012,0.305,15.732
1751286372415,2025-06-30T15:26:12.415,24.350,-0.488,-2.561,16.707
1751286372425,2025-06-30T15:26:12.425,24.360,1.341,-7.561,16.463
1751286372435,2025-06-30T15:26:12.435,24.370,4.085,-13.415,15.000
1751286372445,2025-06-30T15:26:12.445,24.380,8.171,-16.220,13.537
1751286372455,2025-06-30T15:26:12.455,24.390,13.049,-14.451,11.646
1751286372465,2025-06-30T15:26:12.465,24.400,18.171,-9.512,8.598
1751286372475,2025-06-30T15:26:12.475,24.410,23.841,-3.598,4.817
1751286372485,2025-06-30T15:26:12.485,24.420,28.902,-0.305,0.793
1751286372495,2025-06-30T15:26:12.495,24.430,33.049,-0.549,-2.561
1751286372505,2025-06-30T15:26:12.505,24.440,36.951,-3.720,-5.366
1751286372515,2025-06-30T15:26:12.515,24.450,41.341,-8.293,-7.134
1751286372525,2025-06-30T15:26:12.525,24.460,46.585,-13.659,-7.683
1751286372535,2025-06-30T15:26:12.535,24.470,53.049,-18.415,-7.256
1751286372545,2025-06-30T15:26:12.545,24.480,60.976,-21.707,-7.256
1751286372555,2025-06-30T15:26:12.555,24.490,69.634,-22.683,-7.988
1751286372565,2025-06-30T15:26:12.565,24.500,79.085,-19.634,-9.207
1751286372575,2025-06-30T15:26:12.575,24.510,89.146,-14.390,-10.000
1751286372585,2025-06-30T15:26:12.585,24.520,97.500,-12.256,-10.610
1751286372595,2025-06-30T15:26:12.595,24.530,105.000,-12.866,-11.280
1751286372605,2025-06-30T15:26:12.605,24.540,111.951,-15.976,-12.927
1751286372615,2025-06-30T15:26:12.615,24.550,118.171,-23.841,-13.841
1751286372625,2025-06-30T15:26:12.625,24.560,123.598,-34.817,-13.780
1751286372635,2025-06-30T15:26:12.635,24.570,128.354,-42.378,-13.963
1751286372645,2025-06-30T15:26:12.645,24.580,132.622,-46.098,-14.817
1751286372655,2025-06-30T15:26:12.655,24.590,136.951,-45.366,-16.280
1751286372665,2025-06-30T15:26:12.665,24.600,141.585,-41.524,-18.171
1751286372675,2025-06-30T15:26:12.675,24.610,144.329,-35.732,-19.817
1751286372685,2025-06-30T15:26:12.685,24.620,146.890,-27.744,-22.256
1751286372695,2025-06-30T15:26:12.695,24.630,149.329,-20.976,-24.695
1751286372705,2025-06-30T15:26:12.705,24.640,148.720,-19.817,-25.610
1751286372715,2025-06-30T15:26:12.715,24.650,146.585,-22.317,-25.976
1751286372725,2025-06-30T15:26:12.725,24.660,144.024,-24.390,-26.159
1751286372735,2025-06-30T15:26:12.735,24.670,138.415,-23.780,-25.366
1751286372745,2025-06-30T15:26:12.745,24.680,130.732,-15.366,-24.085
1751286372755,2025-06-30T15:26:12.755,24.690,122.439,-3.354,-22.561
1751286372765,2025-06-30T15:26:12.765,24.700,111.341,2.073,-20.793
1751286372775,2025-06-30T15:26:12.775,24.710,99.268,1.646,-19.024
1751286372785,2025-06-30T15:26:12.785,24.720,86.646,-0.366,-17.134
1751286372795,2025-06-30T15:26:12.795,24.730,73.171,-4.878,-15.793
1751286372805,2025-06-30T15:26:12.805,24.740,58.415,-10.671,-13.720
1751286372815,2025-06-30T15:26:12.815,24.750,42.378,-13.049,-10.976
1751286372825,2025-06-30T15:26:12.825,24.760,26.890,-9.329,-9.390
1751286372835,2025-06-30T15:26:12.835,24.770,12.866,2.561,-10.732
1751286372845,2025-06-30T15:26:12.845,24.780,1.098,19.939,-12.134
1751286372855,2025-06-30T15:26:12.855,24.790,-12.195,31.280,-11.829
1751286372865,2025-06-30T15:26:12.865,24.800,-28.780,30.976,-9.756
1751286372875,2025-06-30T15:26:12.875,24.810,-46.220,25.732,-4.451
1751286372885,2025-06-30T15:26:12.885,24.820,-63.720,20.915,1.585
1751286372895,2025-06-30T15:26:12.895,24.830,-80.671,19.024,7.378
1751286372905,2025-06-30T15:26:12.905,24.840,-95.549,20.549,12.927
1751286372915,2025-06-30T15:26:12.915,24.850,-108.902,21.951,17.500
1751286372925,2025-06-30T15:26:12.925,24.860,-120.732,26.646,21.585
1751286372935,2025-06-30T15:26:12.935,24.870,-129.390,35.427,24.695
1751286372945,2025-06-30T15:26:12.945,24.880,-136.951,41.402,26.402
1751286372955,2025-06-30T15:26:12.955,24.890,-145.000,40.793,27.927
1751286372965,2025-06-30T15:26:12.965,24.900,-153.110,37.134,30.061
1751286372975,2025-06-30T15:26:12.975,24.910,-159.695,33.415,31.524
1751286372985,2025-06-30T15:26:12.985,24.920,-165.244,28.293,32.622
1751286372995,2025-06-30T15:26:12.995,24.930,-169.817,21.098,34.024
1751286373005,2025-06-30T15:26:13.005,24.940,-172.805,12.439,35.427
1751286373015,2025-06-30T15:26:13.015,24.950,-173.841,2.195,35.549
1751286373025,2025-06-30T15:26:13.025,24.960,-171.037,-6.707,34.939
1751286373035,2025-06-30T15:26:13.035,24.970,-166.768,-13.232,34.695
1751286373045,2025-06-30T15:26:13.045,24.980,-159.939,-16.220,32.500
1751286373055,2025-06-30T15:26:13.055,24.990,-150.488,-13.902,28.049
1751286373065,2025-06-30T15:26:13.065,25.000,-141.585,-8.171,24.085
1751286373075,2025-06-30T15:26:13.075,25.010,-132.317,-2.683,20.427
1751286373085,2025-06-30T15:26:13.085,25.020,-122.378,0.061,17.134
1751286373095,2025-06-30T15:26:13.095,25.030,-112.988,-0.244,15.793
1751286373105,2025-06-30T15:26:13.105,25.040,-102.805,-4.390,14.756
1751286373115,2025-06-30T15:26:13.115,25.050,-91.646,-12.805,12.134
1751286373125,2025-06-30T15:26:13.125,25.060,-81.341,-22.744,7.805
1751286373135,2025-06-30T15:26:13.135,25.070,-71.402,-27.134,4.268
1751286373145,2025-06-30T15:26:13.145,25.080,-60.549,-20.427,1.524
1751286373155,2025-06-30T15:26:13.155,25.090,-48.110,-4.756,0.244
1751286373165,2025-06-30T15:26:13.165,25.100,-36.280,12.988,1.280
1751286373175,2025-06-30T15:26:13.175,25.110,-25.427,29.268,2.927
1751286373185,2025-06-30T15:26:13.185,25.120,-15.793,42.805,2.988
1751286373195,2025-06-30T15:26:13.195,25.130,-9.207,47.988,1.402
1751286373205,2025-06-30T15:26:13.205,25.140,-5.061,40.671,1.159
1751286373215,2025-06-30T15:26:13.215,25.150,-2.500,27.683,2.500
1751286373225,2025-06-30T15:26:13.225,25.160,-0.488,15.305,2.134
1751286373235,2025-06-30T15:26:13.235,25.170,2.134,4.085,-0.305
1751286373245,2025-06-30T15:26:13.245,25.180,3.963,-5.915,-2.195
1751286373255,2025-06-30T15:26:13.255,25.190,4.817,-12.927,-3.476
1751286373265,2025-06-30T15:26:13.265,25.200,6.463,-17.439,-4.024
1751286373275,2025-06-30T15:26:13.275,25.210,9.756,-18.659,-2.561
1751286373285,2025-06-30T15:26:13.285,25.220,14.939,-14.817,-1.829
1751286373295,2025-06-30T15:26:13.295,25.230,21.707,-9.329,-2.256
1751286373305,2025-06-30T15:26:13.305,25.240,28.049,-8.293,-3.537
1751286373315,2025-06-30T15:26:13.315,25.250,33.963,-12.439,-5.366
1751286373325,2025-06-30T15:26:13.325,25.260,39.085,-16.707,-8.049
1751286373335,2025-06-30T15:26:13.335,25.270,44.573,-19.939,-12.256
1751286373345,2025-06-30T15:26:13.345,25.280,50.854,-22.622,-16.037
1751286373355,2025-06-30T15:26:13.355,25.290,57.866,-23.110,-19.451
1751286373365,2025-06-30T15:26:13.365,25.300,65.732,-22.073,-21.951
1751286373375,2025-06-30T15:26:13.375,25.310,73.049,-20.488,-22.988
1751286373385,2025-06-30T15:26:13.385,25.320,79.268,-19.085,-23.293
1751286373395,2025-06-30T15:26:13.395,25.330,84.268,-18.354,-22.805
1751286373405,2025-06-30T15:26:13.405,25.340,88.902,-20.061,-20.976
1751286373415,2025-06-30T15:26:13.415,25.350,92.256,-25.671,-18.780
1751286373425,2025-06-30T15:26:13.425,25.360,94.939,-32.378,-16.585
1751286373435,2025-06-30T15:26:13.435,25.370,98.659,-36.829,-15.000
1751286373445,2025-06-30T15:26:13.445,25.380,102.073,-39.207,-12.561
1751286373455,2025-06-30T15:26:13.455,25.390,104.268,-39.146,-9.756
1751286373465,2025-06-30T15:26:13.465,25.400,107.805,-35.122,-8.598
1751286373475,2025-06-30T15:26:13.475,25.410,110.793,-31.646,-7.683
1751286373485,2025-06-30T15:26:13.485,25.420,111.159,-34.634,-6.646
1751286373495,2025-06-30T15:26:13.495,25.430,111.585,-39.390,-7.744
1751286373505,2025-06-30T15:26:13.505,25.440,112.500,-45.366,-10.427
1751286373515,2025-06-30T15:26:13.515,25.450,112.256,-57.378,-12.805
1751286373525,2025-06-30T15:26:13.525,25.460,111.890,-68.598,-15.915
1751286373535,2025-06-30T15:26:13.535,25.470,113.110,-72.317,-18.537
1751286373545,2025-06-30T15:26:13.545,25.480,114.390,-70.488,-19.573
1751286373555,2025-06-30T15:26:13.555,25.490,115.366,-60.610,-22.256
1751286373565,2025-06-30T15:26:13.565,25.500,117.073,-42.378,-26.829
1751286373575,2025-06-30T15:26:13.575,25.510,116.829,-26.159,-29.024
1751286373585,2025-06-30T15:26:13.585,25.520,115.061,-17.866,-29.451
1751286373595,2025-06-30T15:26:13.595,25.530,112.012,-17.378,-30.305
1751286373605,2025-06-30T15:26:13.605,25.540,105.488,-20.061,-31.098
1751286373615,2025-06-30T15:26:13.615,25.550,96.707,-20.000,-30.732
1751286373625,2025-06-30T15:26:13.625,25.560,86.890,-16.524,-29.024
1751286373635,2025-06-30T15:26:13.635,25.570,74.817,-13.780,-25.305
1751286373645,2025-06-30T15:26:13.645,25.580,61.341,-14.329,-19.939
1751286373655,2025-06-30T15:26:13.655,25.590,48.049,-15.610,-14.939
1751286373665,2025-06-30T15:26:13.665,25.600,34.756,-14.390,-11.220
1751286373675,2025-06-30T15:26:13.675,25.610,21.585,-12.866,-8.110
1751286373685,2025-06-30T15:26:13.685,25.620,8.537,-12.500,-6.159
1751286373695,2025-06-30T15:26:13.695,25.630,-3.720,-10.427,-5.061
1751286373705,2025-06-30T15:26:13.705,25.640,-13.963,-4.573,-4.573
1751286373715,2025-06-30T15:26:13.715,25.650,-22.744,1.890,-3.537
1751286373725,2025-06-30T15:26:13.725,25.660,-31.585,4.878,-1.829
1751286373735,2025-06-30T15:26:13.735,25.670,-40.305,6.220,0.366
1751286373745,2025-06-30T15:26:13.745,25.680,-48.598,9.878,2.317
1751286373755,2025-06-30T15:26:13.755,25.690,-56.768,16.951,1.768
1751286373765,2025-06-30T15:26:13.765,25.700,-63.293,26.585,-0.061
1751286373775,2025-06-30T15:26:13.775,25.710,-68.780,35.427,-0.244
1751286373785,2025-06-30T15:26:13.785,25.720,-74.207,40.610,1.524
1751286373795,2025-06-30T15:26:13.795,25.730,-80.122,43.232,5.000
1751286373805,2025-06-30T15:26:13.805,25.740,-87.378,42.683,9.573
1751286373815,2025-06-30T15:26:13.815,25.750,-95.122,40.976,14.146
1751286373825,2025-06-30T15:26:13.825,25.760,-103.415,38.659,17.134
1751286373835,2025-06-30T15:26:13.835,25.770,-110.732,37.195,18.537
1751286373845,2025-06-30T15:26:13.845,25.780,-116.037,36.951,20.549
1751286373855,2025-06-30T15:26:13.855,25.790,-121.037,38.110,22.927
1751286373865,2025-06-30T15:26:13.865,25.800,-125.183,41.402,25.488
1751286373875,2025-06-30T15:26:13.875,25.810,-128.659,46.341,26.951
1751286373885,2025-06-30T15:26:13.885,25.820,-131.159,51.951,27.988
1751286373895,2025-06-30T15:26:13.895,25.830,-134.756,53.841,28.415
1751286373905,2025-06-30T15:26:13.905,25.840,-138.659,50.122,29.024
1751286373915,2025-06-30T15:26:13.915,25.850,-143.049,41.220,30.610
1751286373925,2025-06-30T15:26:13.925,25.860,-146.829,30.244,31.585
1751286373935,2025-06-30T15:26:13.935,25.870,-148.049,23.902,31.585
1751286373945,2025-06-30T15:26:13.945,25.880,-146.463,24.451,32.622
1751286373955,2025-06-30T15:26:13.955,25.890,-144.329,27.073,32.256
1751286373965,2025-06-30T15:26:13.965,25.900,-142.317,29.817,28.963
1751286373975,2025-06-30T15:26:13.975,25.910,-139.085,32.622,25.793
1751286373985,2025-06-30T15:26:13.985,25.920,-134.939,31.768,22.500
1751286373995,2025-06-30T15:26:13.995,25.930,-129.756,24.268,18.841
1751286374005,2025-06-30T15:26:14.005,25.940,-123.659,11.890,15.671
1751286374015,2025-06-30T15:26:14.015,25.950,-115.732,-0.732,13.415
1751286374025,2025-06-30T15:26:14.025,25.960,-105.854,-9.268,11.159
1751286374035,2025-06-30T15:26:14.035,25.970,-95.610,-11.037,7.256
1751286374045,2025-06-30T15:26:14.045,25.980,-85.183,-5.305,3.537
1751286374055,2025-06-30T15:26:14.055,25.990,-73.598,3.598,1.951
1751286374065,2025-06-30T15:26:14.065,26.000,-61.037,12.805,1.951
1751286374075,2025-06-30T15:26:14.075,26.010,-50.671,18.841,1.341
1751286374085,2025-06-30T15:26:14.085,26.020,-43.354,21.829,1.524
1751286374095,2025-06-30T15:26:14.095,26.030,-38.110,21.768,1.768
1751286374105,2025-06-30T15:26:14.105,26.040,-33.171,17.683,2.256
1751286374115,2025-06-30T15:26:14.115,26.050,-28.780,12.012,3.232
1751286374125,2025-06-30T15:26:14.125,26.060,-25.366,7.073,3.598
1751286374135,2025-06-30T15:26:14.135,26.070,-21.646,2.561,3.537
1751286374145,2025-06-30T15:26:14.145,26.080,-16.585,-2.561,4.390
1751286374155,2025-06-30T15:26:14.155,26.090,-10.549,-9.329,5.244
1751286374165,2025-06-30T15:26:14.165,26.100,-3.232,-13.476,6.402
1751286374175,2025-06-30T15:26:14.175,26.110,4.878,-10.976,6.951
1751286374185,2025-06-30T15:26:14.185,26.120,12.866,-5.976,5.549
1751286374195,2025-06-30T15:26:14.195,26.130,20.488,-3.598,3.780
1751286374205,2025-06-30T15:26:14.205,26.140,27.988,-6.890,2.195
1751286374215,2025-06-30T15:26:14.215,26.150,34.207,-15.671,0.671
1751286374225,2025-06-30T15:26:14.225,26.160,40.000,-25.427,-1.280
1751286374235,2025-06-30T15:26:14.235,26.170,45.183,-33.659,-3.232
1751286374245,2025-06-30T15:26:14.245,26.180,50.183,-38.720,-4.634
1751286374255,2025-06-30T15:26:14.255,26.190,55.549,-41.707,-6.098
1751286374265,2025-06-30T15:26:14.265,26.200,61.341,-45.000,-7.500
1751286374275,2025-06-30T15:26:14.275,26.210,68.598,-47.805,-9.024
1751286374285,2025-06-30T15:26:14.285,26.220,77.500,-48.232,-11.341
1751286374295,2025-06-30T15:26:14.295,26.230,86.402,-45.793,-14.268
1751286374305,2025-06-30T15:26:14.305,26.240,95.915,-41.707,-16.890
1751286374315,2025-06-30T15:26:14.315,26.250,106.220,-37.866,-19.939
1751286374325,2025-06-30T15:26:14.325,26.260,115.854,-34.085,-24.207
1751286374335,2025-06-30T15:26:14.335,26.270,125.793,-30.732,-29.146
1751286374345,2025-06-30T15:26:14.345,26.280,135.976,-30.122,-33.902
1751286374355,2025-06-30T15:26:14.355,26.290,145.122,-31.402,-38.841
1751286374365,2025-06-30T15:26:14.365,26.300,153.171,-32.012,-43.659
1751286374375,2025-06-30T15:26:14.375,26.310,159.268,-34.207,-47.134
1751286374385,2025-06-30T15:26:14.385,26.320,162.805,-36.341,-49.756
1751286374395,2025-06-30T15:26:14.395,26.330,167.073,-31.524,-53.841
1751286374405,2025-06-30T15:26:14.405,26.340,172.378,-22.317,-58.049
1751286374415,2025-06-30T15:26:14.415,26.350,174.390,-15.122,-60.549
1751286374425,2025-06-30T15:26:14.425,26.360,174.939,-6.646,-61.890
1751286374435,2025-06-30T15:26:14.435,26.370,173.598,1.768,-62.256
1751286374445,2025-06-30T15:26:14.445,26.380,167.073,2.866,-59.878
1751286374455,2025-06-30T15:26:14.455,26.390,158.963,1.098,-53.598
1751286374465,2025-06-30T15:26:14.465,26.400,148.537,1.768,-45.549
1751286374475,2025-06-30T15:26:14.475,26.410,133.415,7.073,-36.280
1751286374485,2025-06-30T15:26:14.485,26.420,119.878,17.988,-25.244
1751286374495,2025-06-30T15:26:14.495,26.430,106.768,24.390,-16.280
1751286374505,2025-06-30T15:26:14.505,26.440,91.524,19.878,-10.732
1751286374515,2025-06-30T15:26:14.515,26.450,75.976,11.280,-5.305
1751286374525,2025-06-30T15:26:14.525,26.460,61.585,1.037,-1.037
1751286374535,2025-06-30T15:26:14.535,26.470,47.866,-9.390,1.220
1751286374545,2025-06-30T15:26:14.545,26.480,34.878,-14.695,2.012
1751286374555,2025-06-30T15:26:14.555,26.490,23.720,-12.073,2.195
1751286374565,2025-06-30T15:26:14.565,26.500,13.598,-5.122,2.378
1751286374575,2025-06-30T15:26:14.575,26.510,2.927,1.159,3.049
1751286374585,2025-06-30T15:26:14.585,26.520,-7.073,6.890,4.817
1751286374595,2025-06-30T15:26:14.595,26.530,-17.012,11.524,6.646
1751286374605,2025-06-30T15:26:14.605,26.540,-28.659,17.439,7.256
1751286374615,2025-06-30T15:26:14.615,26.550,-38.963,24.085,6.829
1751286374625,2025-06-30T15:26:14.625,26.560,-49.146,27.866,7.256
1751286374635,2025-06-30T15:26:14.635,26.570,-59.573,28.963,6.098
1751286374645,2025-06-30T15:26:14.645,26.580,-68.171,31.098,6.220
1751286374655,2025-06-30T15:26:14.655,26.590,-75.732,34.329,8.780
1751286374665,2025-06-30T15:26:14.665,26.600,-83.415,35.854,11.768
1751286374675,2025-06-30T15:26:14.675,26.610,-91.585,33.902,14.817
1751286374685,2025-06-30T15:26:14.685,26.620,-99.817,29.695,17.622
1751286374695,2025-06-30T15:26:14.695,26.630,-107.744,26.220,19.695
1751286374705,2025-06-30T15:26:14.705,26.640,-114.207,26.159,22.012
1751286374715,2025-06-30T15:26:14.715,26.650,-119.451,28.049,24.878
1751286374725,2025-06-30T15:26:14.725,26.660,-124.451,30.366,27.317
1751286374735,2025-06-30T15:26:14.735,26.670,-128.049,32.256,29.634
1751286374745,2025-06-30T15:26:14.745,26.680,-131.707,30.732,31.646
1751286374755,2025-06-30T15:26:14.755,26.690,-134.878,25.122,33.049
1751286374765,2025-06-30T15:26:14.765,26.700,-137.073,18.598,34.390
1751286374775,2025-06-30T15:26:14.775,26.710,-138.293,12.439,36.463
1751286374785,2025-06-30T15:26:14.785,26.720,-138.232,7.012,38.720
1751286374795,2025-06-30T15:26:14.795,26.730,-134.939,4.390,40.000
1751286374805,2025-06-30T15:26:14.805,26.740,-129.817,4.878,40.488
1751286374815,2025-06-30T15:26:14.815,26.750,-123.537,7.561,39.573
1751286374825,2025-06-30T15:26:14.825,26.760,-115.732,11.280,35.610
1751286374835,2025-06-30T15:26:14.835,26.770,-106.159,14.756,29.512
1751286374845,2025-06-30T15:26:14.845,26.780,-95.305,16.951,22.378
1751286374855,2025-06-30T15:26:14.855,26.790,-83.841,13.902,13.963
1751286374865,2025-06-30T15:26:14.865,26.800,-72.744,8.963,7.256
1751286374875,2025-06-30T15:26:14.875,26.810,-62.378,4.512,1.646
1751286374885,2025-06-30T15:26:14.885,26.820,-52.927,0.183,-0.976
1751286374895,2025-06-30T15:26:14.895,26.830,-43.598,-0.061,-1.098
1751286374905,2025-06-30T15:26:14.905,26.840,-35.488,5.854,-1.220
1751286374915,2025-06-30T15:26:14.915,26.850,-28.963,18.110,-1.341
1751286374925,2025-06-30T15:26:14.925,26.860,-22.073,30.549,-1.037
1751286374935,2025-06-30T15:26:14.935,26.870,-17.256,33.232,-0.244
1751286374945,2025-06-30T15:26:14.945,26.880,-14.329,27.012,1.707
1751286374955,2025-06-30T15:26:14.955,26.890,-12.744,17.744,2.805
1751286374965,2025-06-30T15:26:14.965,26.900,-11.768,10.244,2.256
1751286374975,2025-06-30T15:26:14.975,26.910,-10.122,5.427,2.134
1751286374985,2025-06-30T15:26:14.985,26.920,-8.537,0.488,1.463
1751286374995,2025-06-30T15:26:14.995,26.930,-7.073,-5.488,0.793
1751286375005,2025-06-30T15:26:15.005,26.940,-4.878,-10.427,1.220
1751286375015,2025-06-30T15:26:15.015,26.950,-1.585,-12.073,2.683
1751286375025,2025-06-30T15:26:15.025,26.960,2.683,-10.915,3.476
1751286375035,2025-06-30T15:26:15.035,26.970,7.500,-8.110,3.902
1751286375045,2025-06-30T15:26:15.045,26.980,13.354,-5.000,3.841
1751286375055,2025-06-30T15:26:15.055,26.990,19.207,-3.598,2.500
1751286375065,2025-06-30T15:26:15.065,27.000,24.390,-5.915,0.366
1751286375075,2025-06-30T15:26:15.075,27.010,28.780,-12.561,-2.073
1751286375085,2025-06-30T15:26:15.085,27.020,32.744,-20.793,-4.756
1751286375095,2025-06-30T15:26:15.095,27.030,37.134,-27.317,-7.561
1751286375105,2025-06-30T15:26:15.105,27.040,42.500,-30.549,-10.305
1751286375115,2025-06-30T15:26:15.115,27.050,49.085,-30.732,-12.561
1751286375125,2025-06-30T15:26:15.125,27.060,57.073,-27.988,-15.244
1751286375135,2025-06-30T15:26:15.135,27.070,66.829,-22.134,-18.232
1751286375145,2025-06-30T15:26:15.145,27.080,77.012,-14.207,-20.610
1751286375155,2025-06-30T15:26:15.155,27.090,86.159,-8.902,-22.744
1751286375165,2025-06-30T15:26:15.165,27.100,94.207,-11.098,-23.780
1751286375175,2025-06-30T15:26:15.175,27.110,99.817,-22.683,-24.085
1751286375185,2025-06-30T15:26:15.185,27.120,104.207,-38.537,-26.707
1751286375195,2025-06-30T15:26:15.195,27.130,109.085,-52.073,-31.646
1751286375205,2025-06-30T15:26:15.205,27.140,115.305,-60.305,-36.098
1751286375215,2025-06-30T15:26:15.215,27.150,122.744,-61.280,-39.207
1751286375225,2025-06-30T15:26:15.225,27.160,130.183,-54.634,-42.317
1751286375235,2025-06-30T15:26:15.235,27.170,136.220,-43.354,-44.451
1751286375245,2025-06-30T15:26:15.245,27.180,141.463,-30.671,-46.037
1751286375255,2025-06-30T15:26:15.255,27.190,146.341,-21.402,-47.500
1751286375265,2025-06-30T15:26:15.265,27.200,149.390,-19.024,-48.598
1751286375275,2025-06-30T15:26:15.275,27.210,150.427,-20.122,-49.268
1751286375285,2025-06-30T15:26:15.285,27.220,150.366,-22.073,-50.366
1751286375295,2025-06-30T15:26:15.295,27.230,148.476,-23.293,-49.085
1751286375305,2025-06-30T15:26:15.305,27.240,145.122,-20.549,-45.122
1751286375315,2025-06-30T15:26:15.315,27.250,139.512,-11.707,-39.268
1751286375325,2025-06-30T15:26:15.325,27.260,131.159,2.561,-31.402
1751286375335,2025-06-30T15:26:15.335,27.270,121.768,16.037,-23.293
1751286375345,2025-06-30T15:26:15.345,27.280,110.671,18.415,-16.707
1751286375355,2025-06-30T15:26:15.355,27.290,96.768,9.634,-12.744
1751286375365,2025-06-30T15:26:15.365,27.300,82.866,-1.220,-10.244
1751286375375,2025-06-30T15:26:15.375,27.310,69.146,-8.902,-9.268
1751286375385,2025-06-30T15:26:15.385,27.320,55.854,-10.305,-8.293
1751286375395,2025-06-30T15:26:15.395,27.330,43.537,-3.902,-6.768
1751286375405,2025-06-30T15:26:15.405,27.340,30.793,5.854,-4.756
1751286375415,2025-06-30T15:26:15.415,27.350,16.463,11.524,-2.988
1751286375425,2025-06-30T15:26:15.425,27.360,0.671,10.671,-1.951
1751286375435,2025-06-30T15:26:15.435,27.370,-15.061,6.890,-0.366
1751286375445,2025-06-30T15:26:15.445,27.380,-29.878,3.720,0.793
1751286375455,2025-06-30T15:26:15.455,27.390,-43.354,3.354,2.073
1751286375465,2025-06-30T15:26:15.465,27.400,-55.427,8.902,4.451
1751286375475,2025-06-30T15:26:15.475,27.410,-65.915,18.902,6.951
1751286375485,2025-06-30T15:26:15.485,27.420,-75.732,26.098,8.841
1751286375495,2025-06-30T15:26:15.495,27.430,-84.878,28.537,11.768
1751286375505,2025-06-30T15:26:15.505,27.440,-94.207,27.378,14.878
1751286375515,2025-06-30T15:26:15.515,27.450,-102.378,24.390,17.439
1751286375525,2025-06-30T15:26:15.525,27.460,-109.573,21.768,20.671
1751286375535,2025-06-30T15:26:15.535,27.470,-116.159,18.720,24.024
1751286375545,2025-06-30T15:26:15.545,27.480,-122.866,15.000,26.280
1751286375555,2025-06-30T15:26:15.555,27.490,-129.085,10.549,27.866
1751286375565,2025-06-30T15:26:15.565,27.500,-135.000,4.939,29.390
1751286375575,2025-06-30T15:26:15.575,27.510,-140.366,0.549,31.220
1751286375585,2025-06-30T15:26:15.585,27.520,-145.244,-1.768,32.988
1751286375595,2025-06-30T15:26:15.595,27.530,-149.573,-3.902,34.634
1751286375605,2025-06-30T15:26:15.605,27.540,-152.927,-8.415,36.524
1751286375615,2025-06-30T15:26:15.615,27.550,-155.488,-15.854,38.659
1751286375625,2025-06-30T15:26:15.625,27.560,-156.646,-24.146,40.793
1751286375635,2025-06-30T15:26:15.635,27.570,-157.500,-32.134,41.890
1751286375645,2025-06-30T15:26:15.645,27.580,-155.549,-35.976,42.561
1751286375655,2025-06-30T15:26:15.655,27.590,-150.549,-33.780,42.134
1751286375665,2025-06-30T15:26:15.665,27.600,-143.293,-27.256,39.024
1751286375675,2025-06-30T15:26:15.675,27.610,-133.354,-19.695,35.793
1751286375685,2025-06-30T15:26:15.685,27.620,-121.768,-12.561,32.866
1751286375695,2025-06-30T15:26:15.695,27.630,-109.207,-8.354,28.598
1751286375705,2025-06-30T15:26:15.705,27.640,-96.037,-5.000,24.817
1751286375715,2025-06-30T15:26:15.715,27.650,-82.073,0.366,20.000
1751286375725,2025-06-30T15:26:15.725,27.660,-68.049,10.183,15.366
1751286375735,2025-06-30T15:26:15.735,27.670,-54.268,25.366,11.951
1751286375745,2025-06-30T15:26:15.745,27.680,-40.000,42.073,9.329
1751286375755,2025-06-30T15:26:15.755,27.690,-26.890,53.537,8.720
1751286375765,2025-06-30T15:26:15.765,27.700,-17.622,57.500,9.634
1751286375775,2025-06-30T15:26:15.775,27.710,-10.732,56.402,10.366
1751286375785,2025-06-30T15:26:15.785,27.720,-5.610,50.976,9.756
1751286375795,2025-06-30T15:26:15.795,27.730,-3.232,41.768,9.634
1751286375805,2025-06-30T15:26:15.805,27.740,-1.646,33.354,9.878
1751286375815,2025-06-30T15:26:15.815,27.750,-0.305,26.890,8.902
1751286375825,2025-06-30T15:26:15.825,27.760,0.915,21.280,7.439
1751286375835,2025-06-30T15:26:15.835,27.770,2.317,17.439,5.793
1751286375845,2025-06-30T15:26:15.845,27.780,3.354,14.817,3.780
1751286375855,2025-06-30T15:26:15.855,27.790,4.268,10.305,2.378
1751286375865,2025-06-30T15:26:15.865,27.800,5.000,1.646,1.463
1751286375875,2025-06-30T15:26:15.875,27.810,6.098,-8.354,1.707
1751286375885,2025-06-30T15:26:15.885,27.820,8.232,-15.061,2.683
1751286375895,2025-06-30T15:26:15.895,27.830,11.159,-17.744,3.110
1751286375905,2025-06-30T15:26:15.905,27.840,14.390,-17.317,3.171
1751286375915,2025-06-30T15:26:15.915,27.850,18.720,-13.293,2.622
1751286375925,2025-06-30T15:26:15.925,27.860,23.049,-7.988,0.793
1751286375935,2025-06-30T15:26:15.935,27.870,26.951,-4.695,-1.159
1751286375945,2025-06-30T15:26:15.945,27.880,31.280,-5.671,-3.293
1751286375955,2025-06-30T15:26:15.955,27.890,34.390,-11.890,-5.671
1751286375965,2025-06-30T15:26:15.965,27.900,37.683,-20.244,-7.134
1751286375975,2025-06-30T15:26:15.975,27.910,42.927,-27.073,-8.780
1751286375985,2025-06-30T15:26:15.985,27.920,50.427,-29.268,-10.976
1751286375995,2025-06-30T15:26:15.995,27.930,59.146,-24.878,-14.024
1751286376005,2025-06-30T15:26:16.005,27.940,67.561,-16.585,-17.439
1751286376015,2025-06-30T15:26:16.015,27.950,75.305,-11.585,-19.695
1751286376025,2025-06-30T15:26:16.025,27.960,82.744,-12.134,-22.683
1751286376035,2025-06-30T15:26:16.035,27.970,89.756,-17.256,-26.402
1751286376045,2025-06-30T15:26:16.045,27.980,95.183,-29.878,-30.793
1751286376055,2025-06-30T15:26:16.055,27.990,100.427,-46.524,-36.585
1751286376065,2025-06-30T15:26:16.065,28.000,106.585,-59.512,-43.110
1751286376075,2025-06-30T15:26:16.075,28.010,112.927,-64.939,-48.841
1751286376085,2025-06-30T15:26:16.085,28.020,120.549,-61.463,-53.293
1751286376095,2025-06-30T15:26:16.095,28.030,129.024,-52.561,-57.073
1751286376105,2025-06-30T15:26:16.105,28.040,135.793,-44.451,-59.390
1751286376115,2025-06-30T15:26:16.115,28.050,142.012,-36.768,-59.695
1751286376125,2025-06-30T15:26:16.125,28.060,148.963,-26.585,-60.427
1751286376135,2025-06-30T15:26:16.135,28.070,154.390,-12.622,-60.244
1751286376145,2025-06-30T15:26:16.145,28.080,157.439,4.329,-57.378
1751286376155,2025-06-30T15:26:16.155,28.090,157.744,21.280,-51.098
1751286376165,2025-06-30T15:26:16.165,28.100,155.366,32.378,-42.378
1751286376175,2025-06-30T15:26:16.175,28.110,150.549,34.878,-34.085
1751286376185,2025-06-30T15:26:16.185,28.120,143.171,32.683,-27.012
1751286376195,2025-06-30T15:26:16.195,28.130,134.939,27.988,-22.317
1751286376205,2025-06-30T15:26:16.205,28.140,125.671,23.232,-20.122
1751286376215,2025-06-30T15:26:16.215,28.150,115.000,17.195,-18.780
1751286376225,2025-06-30T15:26:16.225,28.160,102.927,9.512,-16.280
1751286376235,2025-06-30T15:26:16.235,28.170,90.488,2.805,-13.780
1751286376245,2025-06-30T15:26:16.245,28.180,78.415,2.378,-11.585
1751286376255,2025-06-30T15:26:16.255,28.190,67.195,7.927,-10.122
1751286376265,2025-06-30T15:26:16.265,28.200,55.549,14.268,-9.451
1751286376275,2025-06-30T15:26:16.275,28.210,41.646,18.110,-8.659
1751286376285,2025-06-30T15:26:16.285,28.220,26.402,17.317,-7.927
1751286376295,2025-06-30T15:26:16.295,28.230,10.915,12.195,-5.793
1751286376305,2025-06-30T15:26:16.305,28.240,-5.244,3.902,-2.927
1751286376315,2025-06-30T15:26:16.315,28.250,-20.549,-3.841,0.000
1751286376325,2025-06-30T15:26:16.325,28.260,-34.451,-5.305,2.134
1751286376335,2025-06-30T15:26:16.335,28.270,-46.707,-0.305,4.878
1751286376345,2025-06-30T15:26:16.345,28.280,-58.049,8.476,7.073
1751286376355,2025-06-30T15:26:16.355,28.290,-68.780,16.524,8.049
1751286376365,2025-06-30T15:26:16.365,28.300,-78.720,20.610,10.061
1751286376375,2025-06-30T15:26:16.375,28.310,-87.988,20.915,12.439
1751286376385,2025-06-30T15:26:16.385,28.320,-95.854,20.732,15.549
1751286376395,2025-06-30T15:26:16.395,28.330,-102.500,23.841,18.537
1751286376405,2025-06-30T15:26:16.405,28.340,-108.598,29.024,21.341
1751286376415,2025-06-30T15:26:16.415,28.350,-115.366,34.451,22.378
1751286376425,2025-06-30T15:26:16.425,28.360,-121.646,37.134,23.415
1751286376435,2025-06-30T15:26:16.435,28.370,-128.171,34.573,25.061
1751286376445,2025-06-30T15:26:16.445,28.380,-133.902,26.646,26.951
1751286376455,2025-06-30T15:26:16.455,28.390,-139.695,18.293,28.598
1751286376465,2025-06-30T15:26:16.465,28.400,-144.512,12.378,31.037
1751286376475,2025-06-30T15:26:16.475,28.410,-146.890,8.659,33.659
1751286376485,2025-06-30T15:26:16.485,28.420,-149.817,7.927,35.427
1751286376495,2025-06-30T15:26:16.495,28.430,-152.195,9.756,36.341
1751286376505,2025-06-30T15:26:16.505,28.440,-153.110,12.378,38.110
1751286376515,2025-06-30T15:26:16.515,28.450,-152.439,11.646,39.756
1751286376525,2025-06-30T15:26:16.525,28.460,-150.976,6.524,41.341
1751286376535,2025-06-30T15:26:16.535,28.470,-147.988,-0.183,42.927
1751286376545,2025-06-30T15:26:16.545,28.480,-141.585,-4.146,43.049
1751286376555,2025-06-30T15:26:16.555,28.490,-131.646,-6.341,40.122
1751286376565,2025-06-30T15:26:16.565,28.500,-120.061,-6.524,35.183
1751286376575,2025-06-30T15:26:16.575,28.510,-106.585,-2.195,28.476
1751286376585,2025-06-30T15:26:16.585,28.520,-92.622,5.854,21.098
1751286376595,2025-06-30T15:26:16.595,28.530,-77.927,15.183,14.756
1751286376605,2025-06-30T15:26:16.605,28.540,-62.988,23.841,9.573
1751286376615,2025-06-30T15:26:16.615,28.550,-48.171,31.585,6.098
1751286376625,2025-06-30T15:26:16.625,28.560,-35.610,38.476,3.537
1751286376635,2025-06-30T15:26:16.635,28.570,-24.939,45.244,1.159
1751286376645,2025-06-30T15:26:16.645,28.580,-17.195,49.207,-0.549
1751286376655,2025-06-30T15:26:16.655,28.590,-12.195,47.927,-0.305
1751286376665,2025-06-30T15:26:16.665,28.600,-10.183,40.671,0.671
1751286376675,2025-06-30T15:26:16.675,28.610,-10.610,28.659,2.317
1751286376685,2025-06-30T15:26:16.685,28.620,-11.402,16.463,3.720
1751286376695,2025-06-30T15:26:16.695,28.630,-11.402,7.683,3.110
1751286376705,2025-06-30T15:26:16.705,28.640,-11.341,2.439,1.220
1751286376715,2025-06-30T15:26:16.715,28.650,-10.915,-0.671,-0.122
1751286376725,2025-06-30T15:26:16.725,28.660,-10.122,-2.439,-1.524
1751286376735,2025-06-30T15:26:16.735,28.670,-8.476,-3.963,-2.317
1751286376745,2025-06-30T15:26:16.745,28.680,-5.244,-5.732,-1.280
1751286376755,2025-06-30T15:26:16.755,28.690,-1.829,-7.317,-0.366
1751286376765,2025-06-30T15:26:16.765,28.700,2.317,-7.683,-0.122
1751286376775,2025-06-30T15:26:16.775,28.710,6.768,-7.988,0.061
1751286376785,2025-06-30T15:26:16.785,28.720,11.402,-9.634,-0.244
1751286376795,2025-06-30T15:26:16.795,28.730,16.463,-12.073,-1.646
1751286376805,2025-06-30T15:26:16.805,28.740,21.829,-15.305,-3.171
1751286376815,2025-06-30T15:26:16.815,28.750,26.402,-19.756,-4.451
1751286376825,2025-06-30T15:26:16.825,28.760,30.549,-25.183,-6.220
1751286376835,2025-06-30T15:26:16.835,28.770,35.122,-29.939,-7.866
1751286376845,2025-06-30T15:26:16.845,28.780,41.341,-31.585,-9.512
1751286376855,2025-06-30T15:26:16.855,28.790,49.512,-30.244,-11.402
1751286376865,2025-06-30T15:26:16.865,28.800,58.963,-26.098,-13.110
1751286376875,2025-06-30T15:26:16.875,28.810,69.512,-21.402,-14.817
1751286376885,2025-06-30T15:26:16.885,28.820,79.390,-18.232,-16.220
1751286376895,2025-06-30T15:26:16.895,28.830,88.720,-15.122,-17.622
1751286376905,2025-06-30T15:26:16.905,28.840,97.622,-12.317,-18.720
1751286376915,2025-06-30T15:26:16.915,28.850,103.963,-14.451,-19.207
1751286376925,2025-06-30T15:26:16.925,28.860,108.780,-23.841,-19.451
1751286376935,2025-06-30T15:26:16.935,28.870,112.561,-37.073,-20.610
1751286376945,2025-06-30T15:26:16.945,28.880,117.073,-47.805,-22.195
1751286376955,2025-06-30T15:26:16.955,28.890,123.476,-51.098,-24.634
1751286376965,2025-06-30T15:26:16.965,28.900,130.793,-45.000,-26.524
1751286376975,2025-06-30T15:26:16.975,28.910,139.024,-30.122,-27.500
1751286376985,2025-06-30T15:26:16.985,28.920,147.561,-10.183,-28.659
1751286376995,2025-06-30T15:26:16.995,28.930,155.915,7.683,-29.756
1751286377005,2025-06-30T15:26:17.005,28.940,163.171,14.695,-32.195
1751286377015,2025-06-30T15:26:17.015,28.950,168.293,8.720,-36.159
1751286377025,2025-06-30T15:26:17.025,28.960,172.134,-4.146,-40.793
1751286377035,2025-06-30T15:26:17.035,28.970,173.537,-17.988,-44.146
1751286377045,2025-06-30T15:26:17.045,28.980,170.488,-27.988,-45.000
1751286377055,2025-06-30T15:26:17.055,28.990,163.659,-27.256,-43.415
1751286377065,2025-06-30T15:26:17.065,29.000,155.732,-10.915,-40.427
1751286377075,2025-06-30T15:26:17.075,29.010,146.037,15.549,-34.634
1751286377085,2025-06-30T15:26:17.085,29.020,133.598,37.866,-26.220
1751286377095,2025-06-30T15:26:17.095,29.030,119.756,48.902,-17.988
1751286377105,2025-06-30T15:26:17.105,29.040,103.354,49.146,-11.220
1751286377115,2025-06-30T15:26:17.115,29.050,84.756,41.037,-6.707
1751286377125,2025-06-30T15:26:17.125,29.060,64.390,24.817,-4.939
1751286377135,2025-06-30T15:26:17.135,29.070,42.439,6.159,-3.415
1751286377145,2025-06-30T15:26:17.145,29.080,21.585,-3.659,-1.768
1751286377155,2025-06-30T15:26:17.155,29.090,4.085,1.341,-1.159
1751286377165,2025-06-30T15:26:17.165,29.100,-10.610,15.305,-0.854
1751286377175,2025-06-30T15:26:17.175,29.110,-25.000,26.037,0.793
1751286377185,2025-06-30T15:26:17.185,29.120,-40.793,27.256,3.720
1751286377195,2025-06-30T15:26:17.195,29.130,-56.829,22.439,6.829
1751286377205,2025-06-30T15:26:17.205,29.140,-71.890,18.354,8.537
1751286377215,2025-06-30T15:26:17.215,29.150,-85.427,17.561,8.354
1751286377225,2025-06-30T15:26:17.225,29.160,-96.220,21.159,8.963
1751286377235,2025-06-30T15:26:17.235,29.170,-105.061,25.976,10.610
1751286377245,2025-06-30T15:26:17.245,29.180,-112.866,29.756,12.439
1751286377255,2025-06-30T15:26:17.255,29.190,-120.000,32.744,14.695
1751286377265,2025-06-30T15:26:17.265,29.200,-127.866,31.220,16.524
1751286377275,2025-06-30T15:26:17.275,29.210,-135.610,26.829,18.963
1751286377285,2025-06-30T15:26:17.285,29.220,-142.134,20.976,21.524
1751286377295,2025-06-30T15:26:17.295,29.230,-147.927,14.695,23.537
1751286377305,2025-06-30T15:26:17.305,29.240,-152.500,11.280,25.854
1751286377315,2025-06-30T15:26:17.315,29.250,-155.915,9.207,28.476
1751286377325,2025-06-30T15:26:17.325,29.260,-158.171,5.671,31.037
1751286377335,2025-06-30T15:26:17.335,29.270,-159.329,2.256,33.720
1751286377345,2025-06-30T15:26:17.345,29.280,-159.268,-0.915,36.159
1751286377355,2025-06-30T15:26:17.355,29.290,-157.317,-5.000,37.866
1751286377365,2025-06-30T15:26:17.365,29.300,-153.232,-10.549,38.720
1751286377375,2025-06-30T15:26:17.375,29.310,-146.951,-15.244,38.049
1751286377385,2025-06-30T15:26:17.385,29.320,-137.927,-15.793,35.183
1751286377395,2025-06-30T15:26:17.395,29.330,-126.341,-13.293,30.488
1751286377405,2025-06-30T15:26:17.405,29.340,-113.598,-8.841,24.573
1751286377415,2025-06-30T15:26:17.415,29.350,-100.427,-5.488,18.537
1751286377425,2025-06-30T15:26:17.425,29.360,-87.561,-2.744,12.622
1751286377435,2025-06-30T15:26:17.435,29.370,-74.695,1.463,5.854
1751286377445,2025-06-30T15:26:17.445,29.380,-61.524,8.963,0.732
1751286377455,2025-06-30T15:26:17.455,29.390,-48.293,17.805,-1.890
1751286377465,2025-06-30T15:26:17.465,29.400,-36.951,23.841,-3.293
1751286377475,2025-06-30T15:26:17.475,29.410,-27.866,27.805,-4.024
1751286377485,2025-06-30T15:26:17.485,29.420,-19.085,29.695,-4.756
1751286377495,2025-06-30T15:26:17.495,29.430,-12.378,28.110,-5.061
1751286377505,2025-06-30T15:26:17.505,29.440,-8.780,22.317,-4.268
1751286377515,2025-06-30T15:26:17.515,29.450,-5.732,15.366,-3.232
1751286377525,2025-06-30T15:26:17.525,29.460,-2.988,8.720,-2.439
1751286377535,2025-06-30T15:26:17.535,29.470,-1.585,1.646,-0.915
1751286377545,2025-06-30T15:26:17.545,29.480,-1.159,-3.354,0.488
1751286377555,2025-06-30T15:26:17.555,29.490,0.427,-1.402,2.012
1751286377565,2025-06-30T15:26:17.565,29.500,2.988,4.573,3.049
1751286377575,2025-06-30T15:26:17.575,29.510,4.634,8.049,3.659
1751286377585,2025-06-30T15:26:17.585,29.520,5.549,7.195,3.963
1751286377595,2025-06-30T15:26:17.595,29.530,6.280,1.951,4.695
1751286377605,2025-06-30T15:26:17.605,29.540,7.622,-5.305,4.634
1751286377615,2025-06-30T15:26:17.615,29.550,9.817,-12.988,4.207
1751286377625,2025-06-30T15:26:17.625,29.560,12.805,-18.780,3.841
1751286377635,2025-06-30T15:26:17.635,29.570,17.500,-20.244,2.622
1751286377645,2025-06-30T15:26:17.645,29.580,22.622,-18.354,1.159
1751286377655,2025-06-30T15:26:17.655,29.590,27.988,-14.695,-0.366
1751286377665,2025-06-30T15:26:17.665,29.600,33.354,-10.488,-2.500
1751286377675,2025-06-30T15:26:17.675,29.610,38.841,-7.927,-4.878
1751286377685,2025-06-30T15:26:17.685,29.620,43.841,-8.780,-5.976
1751286377695,2025-06-30T15:26:17.695,29.630,49.268,-13.354,-6.768
1751286377705,2025-06-30T15:26:17.705,29.640,55.793,-17.683,-8.537
1751286377715,2025-06-30T15:26:17.715,29.650,63.780,-18.963,-10.854
1751286377725,2025-06-30T15:26:17.725,29.660,72.622,-17.988,-14.024
1751286377735,2025-06-30T15:26:17.735,29.670,80.732,-17.500,-16.585
1751286377745,2025-06-30T15:26:17.745,29.680,87.866,-19.451,-17.561
1751286377755,2025-06-30T15:26:17.755,29.690,94.024,-23.902,-17.317
1751286377765,2025-06-30T15:26:17.765,29.700,99.817,-30.305,-16.768
1751286377775,2025-06-30T15:26:17.775,29.710,105.305,-37.012,-16.402
1751286377785,2025-06-30T15:26:17.785,29.720,111.280,-42.317,-16.890
1751286377795,2025-06-30T15:26:17.795,29.730,118.598,-43.049,-18.415
1751286377805,2025-06-30T15:26:17.805,29.740,127.012,-39.024,-20.000
1751286377815,2025-06-30T15:26:17.815,29.750,135.000,-31.585,-20.915
1751286377825,2025-06-30T15:26:17.825,29.760,141.280,-22.866,-21.951
1751286377835,2025-06-30T15:26:17.835,29.770,145.366,-19.939,-22.378
1751286377845,2025-06-30T15:26:17.845,29.780,147.744,-22.012,-21.159
1751286377855,2025-06-30T15:26:17.855,29.790,149.573,-25.061,-21.098
1751286377865,2025-06-30T15:26:17.865,29.800,150.671,-28.354,-22.805
1751286377875,2025-06-30T15:26:17.875,29.810,150.915,-28.598,-25.427
1751286377885,2025-06-30T15:26:17.885,29.820,150.183,-24.085,-28.902
1751286377895,2025-06-30T15:26:17.895,29.830,147.927,-16.098,-31.159
1751286377905,2025-06-30T15:26:17.905,29.840,143.780,-6.220,-30.671
1751286377915,2025-06-30T15:26:17.915,29.850,136.402,1.280,-27.988
1751286377925,2025-06-30T15:26:17.925,29.860,125.976,2.378,-23.171
1751286377935,2025-06-30T15:26:17.935,29.870,113.110,-0.244,-17.988
1751286377945,2025-06-30T15:26:17.945,29.880,99.573,-3.354,-13.720
1751286377955,2025-06-30T15:26:17.955,29.890,87.317,-5.000,-11.159
1751286377965,2025-06-30T15:26:17.965,29.900,75.183,-4.756,-9.878
1751286377975,2025-06-30T15:26:17.975,29.910,62.073,-3.232,-8.720
1751286377985,2025-06-30T15:26:17.985,29.920,49.451,0.183,-7.561
1751286377995,2025-06-30T15:26:17.995,29.930,35.183,0.915,-6.890
1751286378005,2025-06-30T15:26:18.005,29.940,19.573,-0.366,-6.646
1751286378015,2025-06-30T15:26:18.015,29.950,4.756,0.183,-5.671
1751286378025,2025-06-30T15:26:18.025,29.960,-9.756,1.402,-4.451
1751286378035,2025-06-30T15:26:18.035,29.970,-24.207,2.683,-2.927
1751286378045,2025-06-30T15:26:18.045,29.980,-37.317,6.829,-0.488
1751286378055,2025-06-30T15:26:18.055,29.990,-48.963,13.232,1.890
1751286378065,2025-06-30T15:26:18.065,30.000,-61.159,17.500,3.232
1751286378075,2025-06-30T15:26:18.075,30.010,-73.415,21.585,4.512
1751286378085,2025-06-30T15:26:18.085,30.020,-84.756,24.878,6.037
1751286378095,2025-06-30T15:26:18.095,30.030,-96.402,24.695,7.256
1751286378105,2025-06-30T15:26:18.105,30.040,-107.500,23.232,8.110
1751286378115,2025-06-30T15:26:18.115,30.050,-116.463,22.317,9.939
1751286378125,2025-06-30T15:26:18.125,30.060,-124.329,21.341,12.378
1751286378135,2025-06-30T15:26:18.135,30.070,-130.793,21.585,15.061
1751286378145,2025-06-30T15:26:18.145,30.080,-137.500,22.866,16.890
1751286378155,2025-06-30T15:26:18.155,30.090,-143.476,24.634,18.780
1751286378165,2025-06-30T15:26:18.165,30.100,-148.110,24.695,20.854
1751286378175,2025-06-30T15:26:18.175,30.110,-152.073,21.098,21.829
1751286378185,2025-06-30T15:26:18.185,30.120,-156.524,15.549,22.927
1751286378195,2025-06-30T15:26:18.195,30.130,-159.939,10.915,24.573
1751286378205,2025-06-30T15:26:18.205,30.140,-161.707,6.159,26.463
1751286378215,2025-06-30T15:26:18.215,30.150,-162.866,0.366,28.659
1751286378225,2025-06-30T15:26:18.225,30.160,-161.829,-3.780,30.549
1751286378235,2025-06-30T15:26:18.235,30.170,-157.988,-3.780,31.463
1751286378245,2025-06-30T15:26:18.245,30.180,-152.195,-0.427,30.976
1751286378255,2025-06-30T15:26:18.255,30.190,-145.122,2.439,28.963
1751286378265,2025-06-30T15:26:18.265,30.200,-136.037,3.293,26.098
1751286378275,2025-06-30T15:26:18.275,30.210,-125.061,4.878,21.707
1751286378285,2025-06-30T15:26:18.285,30.220,-112.683,6.890,16.341
1751286378295,2025-06-30T15:26:18.295,30.230,-99.695,8.598,11.341
1751286378305,2025-06-30T15:26:18.305,30.240,-85.793,9.756,5.671
1751286378315,2025-06-30T15:26:18.315,30.250,-71.890,12.439,1.159
1751286378325,2025-06-30T15:26:18.325,30.260,-58.171,16.220,-2.683
1751286378335,2025-06-30T15:26:18.335,30.270,-45.122,19.390,-5.488
1751286378345,2025-06-30T15:26:18.345,30.280,-32.866,23.415,-6.159
1751286378355,2025-06-30T15:26:18.355,30.290,-22.073,29.756,-6.341
1751286378365,2025-06-30T15:26:18.365,30.300,-12.622,34.817,-6.159
1751286378375,2025-06-30T15:26:18.375,30.310,-6.037,35.305,-4.695
1751286378385,2025-06-30T15:26:18.385,30.320,-2.866,30.610,-1.646
1751286378395,2025-06-30T15:26:18.395,30.330,-2.012,22.561,1.220
1751286378405,2025-06-30T15:26:18.405,30.340,-2.927,12.195,3.415
1751286378415,2025-06-30T15:26:18.415,30.350,-5.061,0.671,5.244
1751286378425,2025-06-30T15:26:18.425,30.360,-6.220,-6.402,6.280
1751286378435,2025-06-30T15:26:18.435,30.370,-5.915,-7.195,6.159
1751286378445,2025-06-30T15:26:18.445,30.380,-5.671,-5.732,5.793
1751286378455,2025-06-30T15:26:18.455,30.390,-4.268,-6.159,6.341
1751286378465,2025-06-30T15:26:18.465,30.400,-1.951,-8.354,7.134
1751286378475,2025-06-30T15:26:18.475,30.410,1.098,-10.915,7.073
1751286378485,2025-06-30T15:26:18.485,30.420,5.793,-14.451,6.402
1751286378495,2025-06-30T15:26:18.495,30.430,10.915,-19.207,5.610
1751286378505,2025-06-30T15:26:18.505,30.440,16.768,-22.256,2.988
1751286378515,2025-06-30T15:26:18.515,30.450,23.049,-22.439,-0.488
1751286378525,2025-06-30T15:26:18.525,30.460,28.841,-20.488,-3.841
1751286378535,2025-06-30T15:26:18.535,30.470,34.512,-19.268,-7.134
1751286378545,2025-06-30T15:26:18.545,30.480,40.244,-19.146,-8.841
1751286378555,2025-06-30T15:26:18.555,30.490,46.280,-19.268,-8.598
1751286378565,2025-06-30T15:26:18.565,30.500,53.049,-19.451,-7.134
1751286378575,2025-06-30T15:26:18.575,30.510,60.244,-17.805,-6.037
1751286378585,2025-06-30T15:26:18.585,30.520,68.841,-13.171,-6.402
1751286378595,2025-06-30T15:26:18.595,30.530,78.232,-7.134,-7.439
1751286378605,2025-06-30T15:26:18.605,30.540,85.976,-3.963,-8.598
1751286378615,2025-06-30T15:26:18.615,30.550,92.561,-5.732,-9.451
1751286378625,2025-06-30T15:26:18.625,30.560,97.500,-14.817,-10.122
1751286378635,2025-06-30T15:26:18.635,30.570,100.793,-31.159,-10.427
1751286378645,2025-06-30T15:26:18.645,30.580,104.390,-48.780,-10.976
1751286378655,2025-06-30T15:26:18.655,30.590,109.085,-61.646,-12.195
1751286378665,2025-06-30T15:26:18.665,30.600,114.451,-65.854,-13.354
1751286378675,2025-06-30T15:26:18.675,30.610,121.585,-60.244,-15.000
1751286378685,2025-06-30T15:26:18.685,30.620,130.488,-47.439,-17.500
1751286378695,2025-06-30T15:26:18.695,30.630,138.232,-32.256,-19.756
1751286378705,2025-06-30T15:26:18.705,30.640,143.415,-19.268,-21.829
1751286378715,2025-06-30T15:26:18.715,30.650,145.305,-12.378,-24.573
1751286378725,2025-06-30T15:26:18.725,30.660,145.305,-11.829,-26.280
1751286378735,2025-06-30T15:26:18.735,30.670,144.085,-18.902,-26.524
1751286378745,2025-06-30T15:26:18.745,30.680,141.402,-30.793,-26.220
1751286378755,2025-06-30T15:26:18.755,30.690,136.951,-40.610,-25.610
1751286378765,2025-06-30T15:26:18.765,30.700,131.280,-41.280,-24.329
1751286378775,2025-06-30T15:26:18.775,30.710,125.732,-29.817,-22.195
1751286378785,2025-06-30T15:26:18.785,30.720,119.085,-11.768,-20.244
1751286378795,2025-06-30T15:26:18.795,30.730,110.244,2.317,-18.049
1751286378805,2025-06-30T15:26:18.805,30.740,98.902,8.720,-15.549
1751286378815,2025-06-30T15:26:18.815,30.750,86.280,10.366,-14.329
1751286378825,2025-06-30T15:26:18.825,30.760,74.146,9.695,-15.061
1751286378835,2025-06-30T15:26:18.835,30.770,60.549,5.244,-15.976
1751286378845,2025-06-30T15:26:18.845,30.780,44.390,-2.744,-14.939
1751286378855,2025-06-30T15:26:18.855,30.790,28.293,-8.659,-11.951
1751286378865,2025-06-30T15:26:18.865,30.800,13.537,-7.744,-8.780
1751286378875,2025-06-30T15:26:18.875,30.810,-0.915,-1.585,-5.671
1751286378885,2025-06-30T15:26:18.885,30.820,-15.671,4.634,-3.354
1751286378895,2025-06-30T15:26:18.895,30.830,-29.878,7.561,-1.951
1751286378905,2025-06-30T15:26:18.905,30.840,-43.415,8.963,-0.976
1751286378915,2025-06-30T15:26:18.915,30.850,-56.159,10.854,-0.427
1751286378925,2025-06-30T15:26:18.925,30.860,-66.768,12.561,1.524
1751286378935,2025-06-30T15:26:18.935,30.870,-76.159,13.171,4.695
1751286378945,2025-06-30T15:26:18.945,30.880,-85.793,13.780,7.500
1751286378955,2025-06-30T15:26:18.955,30.890,-94.146,17.256,10.366
1751286378965,2025-06-30T15:26:18.965,30.900,-101.159,22.439,12.866
1751286378975,2025-06-30T15:26:18.975,30.910,-109.085,27.012,14.390
1751286378985,2025-06-30T15:26:18.985,30.920,-115.793,32.866,16.037
1751286378995,2025-06-30T15:26:18.995,30.930,-121.463,37.683,17.927
1751286379005,2025-06-30T15:26:19.005,30.940,-128.049,36.768,20.000
1751286379015,2025-06-30T15:26:19.015,30.950,-134.695,33.415,21.768
1751286379025,2025-06-30T15:26:19.025,30.960,-140.793,30.366,23.415
1751286379035,2025-06-30T15:26:19.035,30.970,-146.585,26.646,25.305
1751286379045,2025-06-30T15:26:19.045,30.980,-150.976,22.988,26.829
1751286379055,2025-06-30T15:26:19.055,30.990,-154.573,19.573,28.537
1751286379065,2025-06-30T15:26:19.065,31.000,-156.768,17.378,31.098
1751286379075,2025-06-30T15:26:19.075,31.010,-157.744,14.878,33.171
1751286379085,2025-06-30T15:26:19.085,31.020,-157.378,11.220,34.756
1751286379095,2025-06-30T15:26:19.095,31.030,-153.780,8.171,35.183
1751286379105,2025-06-30T15:26:19.105,31.040,-146.707,7.012,32.500
1751286379115,2025-06-30T15:26:19.115,31.050,-137.256,6.585,27.561
1751286379125,2025-06-30T15:26:19.125,31.060,-126.890,5.976,21.707
1751286379135,2025-06-30T15:26:19.135,31.070,-115.427,5.610,14.878
1751286379145,2025-06-30T15:26:19.145,31.080,-103.293,7.073,9.146
1751286379155,2025-06-30T15:26:19.155,31.090,-90.488,10.976,5.305
1751286379165,2025-06-30T15:26:19.165,31.100,-77.317,16.524,2.256
1751286379175,2025-06-30T15:26:19.175,31.110,-63.780,23.476,-0.061
1751286379185,2025-06-30T15:26:19.185,31.120,-50.244,31.037,-0.976
1751286379195,2025-06-30T15:26:19.195,31.130,-37.805,38.537,-1.037
1751286379205,2025-06-30T15:26:19.205,31.140,-26.768,43.780,-0.305
1751286379215,2025-06-30T15:26:19.215,31.150,-18.293,47.256,1.524
1751286379225,2025-06-30T15:26:19.225,31.160,-12.073,48.232,4.085
1751286379235,2025-06-30T15:26:19.235,31.170,-7.683,44.756,6.768
1751286379245,2025-06-30T15:26:19.245,31.180,-4.512,37.317,8.963
1751286379255,2025-06-30T15:26:19.255,31.190,-1.463,29.756,9.329
1751286379265,2025-06-30T15:26:19.265,31.200,1.098,22.988,8.232
1751286379275,2025-06-30T15:26:19.275,31.210,2.683,16.829,5.488
1751286379285,2025-06-30T15:26:19.285,31.220,3.354,9.024,2.683
1751286379295,2025-06-30T15:26:19.295,31.230,3.659,-0.183,2.012
1751286379305,2025-06-30T15:26:19.305,31.240,3.963,-9.573,1.585
1751286379315,2025-06-30T15:26:19.315,31.250,5.610,-15.915,1.098
1751286379325,2025-06-30T15:26:19.325,31.260,9.085,-17.561,1.220
1751286379335,2025-06-30T15:26:19.335,31.270,13.963,-16.402,0.976
1751286379345,2025-06-30T15:26:19.345,31.280,19.817,-15.549,-0.366
1751286379355,2025-06-30T15:26:19.355,31.290,25.366,-16.951,-2.622
1751286379365,2025-06-30T15:26:19.365,31.300,30.549,-20.610,-4.878
1751286379375,2025-06-30T15:26:19.375,31.310,35.244,-24.817,-6.829
1751286379385,2025-06-30T15:26:19.385,31.320,40.183,-27.134,-8.537
1751286379395,2025-06-30T15:26:19.395,31.330,45.976,-27.317,-9.085
1751286379405,2025-06-30T15:26:19.405,31.340,52.378,-27.622,-8.720
1751286379415,2025-06-30T15:26:19.415,31.350,59.451,-28.415,-7.195
1751286379425,2025-06-30T15:26:19.425,31.360,67.500,-27.317,-6.220
1751286379435,2025-06-30T15:26:19.435,31.370,76.585,-23.659,-6.768
1751286379445,2025-06-30T15:26:19.445,31.380,85.976,-17.866,-7.500
1751286379455,2025-06-30T15:26:19.455,31.390,94.634,-13.476,-7.866
1751286379465,2025-06-30T15:26:19.465,31.400,101.098,-17.561,-8.110
1751286379475,2025-06-30T15:26:19.475,31.410,105.915,-30.122,-8.354
1751286379485,2025-06-30T15:26:19.485,31.420,109.939,-46.280,-8.110
1751286379495,2025-06-30T15:26:19.495,31.430,114.024,-59.024,-7.683
1751286379505,2025-06-30T15:26:19.505,31.440,118.598,-64.085,-8.780
1751286379515,2025-06-30T15:26:19.515,31.450,123.293,-59.756,-11.037
1751286379525,2025-06-30T15:26:19.525,31.460,128.902,-49.573,-12.988
1751286379535,2025-06-30T15:26:19.535,31.470,134.756,-40.183,-15.671
1751286379545,2025-06-30T15:26:19.545,31.480,139.268,-35.671,-18.537
1751286379555,2025-06-30T15:26:19.555,31.490,143.537,-34.024,-20.366
1751286379565,2025-06-30T15:26:19.565,31.500,145.793,-32.866,-22.256
1751286379575,2025-06-30T15:26:19.575,31.510,146.098,-30.915,-24.329
1751286379585,2025-06-30T15:26:19.585,31.520,145.488,-29.207,-25.549
1751286379595,2025-06-30T15:26:19.595,31.530,141.707,-30.976,-25.244
1751286379605,2025-06-30T15:26:19.605,31.540,135.854,-34.817,-23.720
1751286379615,2025-06-30T15:26:19.615,31.550,130.427,-35.427,-21.524
1751286379625,2025-06-30T15:26:19.625,31.560,123.780,-29.878,-19.207
1751286379635,2025-06-30T15:26:19.635,31.570,115.610,-19.146,-16.768
1751286379645,2025-06-30T15:26:19.645,31.580,106.646,-9.817,-13.537
1751286379655,2025-06-30T15:26:19.655,31.590,96.159,-5.976,-10.061
1751286379665,2025-06-30T15:26:19.665,31.600,85.122,-5.183,-7.561
1751286379675,2025-06-30T15:26:19.675,31.610,74.451,-4.756,-6.585
1751286379685,2025-06-30T15:26:19.685,31.620,62.866,-4.268,-6.159
1751286379695,2025-06-30T15:26:19.695,31.630,49.878,-3.720,-5.549
1751286379705,2025-06-30T15:26:19.705,31.640,36.159,-2.988,-4.756
1751286379715,2025-06-30T15:26:19.715,31.650,22.927,-1.098,-3.720
1751286379725,2025-06-30T15:26:19.725,31.660,8.720,-0.549,-3.232
1751286379735,2025-06-30T15:26:19.735,31.670,-6.159,-1.220,-3.293
1751286379745,2025-06-30T15:26:19.745,31.680,-20.061,0.000,-2.866
1751286379755,2025-06-30T15:26:19.755,31.690,-34.756,2.256,-2.195
1751286379765,2025-06-30T15:26:19.765,31.700,-48.476,5.244,-0.793
1751286379775,2025-06-30T15:26:19.775,31.710,-60.793,10.793,1.280
1751286379785,2025-06-30T15:26:19.785,31.720,-71.402,17.195,3.293
1751286379795,2025-06-30T15:26:19.795,31.730,-81.037,22.683,4.939
1751286379805,2025-06-30T15:26:19.805,31.740,-90.122,28.720,6.159
1751286379815,2025-06-30T15:26:19.815,31.750,-98.963,32.927,6.829
1751286379825,2025-06-30T15:26:19.825,31.760,-107.988,33.659,8.841
1751286379835,2025-06-30T15:26:19.835,31.770,-117.134,32.256,11.707
1751286379845,2025-06-30T15:26:19.845,31.780,-126.037,29.085,15.244
1751286379855,2025-06-30T15:26:19.855,31.790,-135.000,24.451,19.634
1751286379865,2025-06-30T15:26:19.865,31.800,-143.232,21.037,23.841
1751286379875,2025-06-30T15:26:19.875,31.810,-149.390,21.646,27.683
1751286379885,2025-06-30T15:26:19.885,31.820,-153.963,23.598,30.854
1751286379895,2025-06-30T15:26:19.895,31.830,-156.951,24.207,34.207
1751286379905,2025-06-30T15:26:19.905,31.840,-159.573,22.378,38.110
1751286379915,2025-06-30T15:26:19.915,31.850,-160.671,19.207,41.829
1751286379925,2025-06-30T15:26:19.925,31.860,-159.329,15.976,44.085
1751286379935,2025-06-30T15:26:19.935,31.870,-155.854,11.037,44.329
1751286379945,2025-06-30T15:26:19.945,31.880,-149.146,6.890,44.329
1751286379955,2025-06-30T15:26:19.955,31.890,-140.305,7.378,41.829
1751286379965,2025-06-30T15:26:19.965,31.900,-130.549,11.646,36.220
1751286379975,2025-06-30T15:26:19.975,31.910,-119.451,15.793,31.037
1751286379985,2025-06-30T15:26:19.985,31.920,-107.561,17.439,25.366
1751286379995,2025-06-30T15:26:19.995,31.930,-95.732,16.646,19.451
1751286380005,2025-06-30T15:26:20.005,31.940,-83.659,18.598,14.634
1751286380015,2025-06-30T15:26:20.015,31.950,-71.280,23.293,9.573
1751286380025,2025-06-30T15:26:20.025,31.960,-59.634,28.476,6.159
1751286380035,2025-06-30T15:26:20.035,31.970,-48.841,33.415,4.573
1751286380045,2025-06-30T15:26:20.045,31.980,-39.146,36.829,4.146
1751286380055,2025-06-30T15:26:20.055,31.990,-31.585,34.634,5.671
1751286380065,2025-06-30T15:26:20.065,32.000,-25.793,26.585,8.354
1751286380075,2025-06-30T15:26:20.075,32.010,-20.610,16.402,10.732
1751286380085,2025-06-30T15:26:20.085,32.020,-15.549,8.659,10.610
1751286380095,2025-06-30T15:26:20.095,32.030,-10.000,7.195,8.171
1751286380105,2025-06-30T15:26:20.105,32.040,-4.756,9.756,5.915
1751286380115,2025-06-30T15:26:20.115,32.050,-0.366,11.463,2.927
1751286380125,2025-06-30T15:26:20.125,32.060,3.049,8.902,1.037
1751286380135,2025-06-30T15:26:20.135,32.070,5.671,4.207,0.549
1751286380145,2025-06-30T15:26:20.145,32.080,8.598,-0.610,0.549
1751286380155,2025-06-30T15:26:20.155,32.090,11.890,-5.976,0.610
1751286380165,2025-06-30T15:26:20.165,32.100,16.037,-11.463,0.793
1751286380175,2025-06-30T15:26:20.175,32.110,20.915,-15.122,-0.427
1751286380185,2025-06-30T15:26:20.185,32.120,26.280,-17.744,-2.805
1751286380195,2025-06-30T15:26:20.195,32.130,31.951,-17.744,-4.573
1751286380205,2025-06-30T15:26:20.205,32.140,37.622,-16.341,-7.805
1751286380215,2025-06-30T15:26:20.215,32.150,43.232,-15.915,-10.854
1751286380225,2025-06-30T15:26:20.225,32.160,49.451,-16.098,-12.683
1751286380235,2025-06-30T15:26:20.235,32.170,56.159,-16.402,-14.756
1751286380245,2025-06-30T15:26:20.245,32.180,62.378,-17.317,-16.341
1751286380255,2025-06-30T15:26:20.255,32.190,68.171,-15.366,-17.500
1751286380265,2025-06-30T15:26:20.265,32.200,74.268,-11.463,-19.268
1751286380275,2025-06-30T15:26:20.275,32.210,79.390,-13.415,-20.732
1751286380285,2025-06-30T15:26:20.285,32.220,83.415,-22.927,-20.427
1751286380295,2025-06-30T15:26:20.295,32.230,87.500,-36.890,-20.000
1751286380305,2025-06-30T15:26:20.305,32.240,92.927,-49.512,-19.634
1751286380315,2025-06-30T15:26:20.315,32.250,100.122,-55.427,-19.939
1751286380325,2025-06-30T15:26:20.325,32.260,107.012,-52.622,-21.402
1751286380335,2025-06-30T15:26:20.335,32.270,114.268,-42.805,-22.439
1751286380345,2025-06-30T15:26:20.345,32.280,121.220,-30.244,-22.927
1751286380355,2025-06-30T15:26:20.355,32.290,127.012,-23.720,-25.366
1751286380365,2025-06-30T15:26:20.365,32.300,131.037,-27.683,-28.171
1751286380375,2025-06-30T15:26:20.375,32.310,133.963,-38.476,-29.390
1751286380385,2025-06-30T15:26:20.385,32.320,135.854,-48.293,-31.768
1751286380395,2025-06-30T15:26:20.395,32.330,136.707,-52.988,-33.902
1751286380405,2025-06-30T15:26:20.405,32.340,136.524,-50.915,-34.085
1751286380415,2025-06-30T15:26:20.415,32.350,135.488,-41.098,-34.024
1751286380425,2025-06-30T15:26:20.425,32.360,133.841,-22.683,-34.146
1751286380435,2025-06-30T15:26:20.435,32.370,132.073,-3.415,-33.415
1751286380445,2025-06-30T15:26:20.445,32.380,127.317,5.000,-30.671
1751286380455,2025-06-30T15:26:20.455,32.390,119.146,1.220,-26.280
1751286380465,2025-06-30T15:26:20.465,32.400,109.024,-7.439,-22.134
1751286380475,2025-06-30T15:26:20.475,32.410,97.378,-16.951,-18.902
1751286380485,2025-06-30T15:26:20.485,32.420,85.244,-21.402,-14.817
1751286380495,2025-06-30T15:26:20.495,32.430,72.927,-17.012,-10.244
1751286380505,2025-06-30T15:26:20.505,32.440,61.707,-5.000,-6.159
1751286380515,2025-06-30T15:26:20.515,32.450,50.549,7.561,-3.354
1751286380525,2025-06-30T15:26:20.525,32.460,37.561,11.463,-1.829
1751286380535,2025-06-30T15:26:20.535,32.470,22.439,5.366,-1.220
1751286380545,2025-06-30T15:26:20.545,32.480,5.915,-7.073,-0.854
1751286380555,2025-06-30T15:26:20.555,32.490,-9.878,-18.476,0.549
1751286380565,2025-06-30T15:26:20.565,32.500,-23.537,-21.768,2.561
1751286380575,2025-06-30T15:26:20.575,32.510,-35.000,-15.427,5.000
1751286380585,2025-06-30T15:26:20.585,32.520,-44.329,-2.256,7.378
1751286380595,2025-06-30T15:26:20.595,32.530,-53.171,10.915,8.537
1751286380605,2025-06-30T15:26:20.605,32.540,-61.951,18.780,9.207
1751286380615,2025-06-30T15:26:20.615,32.550,-70.915,20.915,9.939
1751286380625,2025-06-30T15:26:20.625,32.560,-79.634,20.366,10.793
1751286380635,2025-06-30T15:26:20.635,32.570,-86.890,20.610,11.646
1751286380645,2025-06-30T15:26:20.645,32.580,-93.415,22.744,12.378
1751286380655,2025-06-30T15:26:20.655,32.590,-100.244,25.549,12.378
1751286380665,2025-06-30T15:26:20.665,32.600,-106.341,29.451,11.829
1751286380675,2025-06-30T15:26:20.675,32.610,-113.780,30.854,11.951
1751286380685,2025-06-30T15:26:20.685,32.620,-122.134,28.537,12.866
1751286380695,2025-06-30T15:26:20.695,32.630,-129.634,25.488,14.817
1751286380705,2025-06-30T15:26:20.705,32.640,-135.732,24.146,17.988
1751286380715,2025-06-30T15:26:20.715,32.650,-140.671,24.329,22.134
1751286380725,2025-06-30T15:26:20.725,32.660,-145.854,24.085,26.220
1751286380735,2025-06-30T15:26:20.735,32.670,-150.122,22.805,29.878
1751286380745,2025-06-30T15:26:20.745,32.680,-152.866,19.085,34.024
1751286380755,2025-06-30T15:26:20.755,32.690,-155.244,12.805,39.085
1751286380765,2025-06-30T15:26:20.765,32.700,-155.305,7.805,43.415
1751286380775,2025-06-30T15:26:20.775,32.710,-153.049,3.963,46.524
1751286380785,2025-06-30T15:26:20.785,32.720,-148.720,1.159,48.780
1751286380795,2025-06-30T15:26:20.795,32.730,-141.280,0.000,49.207
1751286380805,2025-06-30T15:26:20.805,32.740,-131.341,-0.305,46.341
1751286380815,2025-06-30T15:26:20.815,32.750,-120.366,-1.707,41.768
1751286380825,2025-06-30T15:26:20.825,32.760,-108.780,-2.500,36.951
1751286380835,2025-06-30T15:26:20.835,32.770,-96.159,-1.402,31.037
1751286380845,2025-06-30T15:26:20.845,32.780,-82.500,1.829,26.341
1751286380855,2025-06-30T15:26:20.855,32.790,-68.902,8.841,24.085
1751286380865,2025-06-30T15:26:20.865,32.800,-56.402,20.671,22.744
1751286380875,2025-06-30T15:26:20.875,32.810,-45.122,32.927,22.195
1751286380885,2025-06-30T15:26:20.885,32.820,-34.878,40.061,21.037
1751286380895,2025-06-30T15:26:20.895,32.830,-27.012,37.683,18.415
1751286380905,2025-06-30T15:26:20.905,32.840,-21.463,28.720,16.829
1751286380915,2025-06-30T15:26:20.915,32.850,-16.829,21.402,15.183
1751286380925,2025-06-30T15:26:20.925,32.860,-12.317,18.171,13.171
1751286380935,2025-06-30T15:26:20.935,32.870,-8.354,15.244,12.256
1751286380945,2025-06-30T15:26:20.945,32.880,-5.488,8.963,12.378
1751286380955,2025-06-30T15:26:20.955,32.890,-3.659,1.402,13.537
1751286380965,2025-06-30T15:26:20.965,32.900,-1.463,-2.622,14.390
1751286380975,2025-06-30T15:26:20.975,32.910,1.341,-2.744,14.085
1751286380985,2025-06-30T15:26:20.985,32.920,4.878,-4.573,11.585
1751286380995,2025-06-30T15:26:20.995,32.930,8.963,-8.232,8.476
1751286381005,2025-06-30T15:26:21.005,32.940,13.902,-9.085,4.817
1751286381015,2025-06-30T15:26:21.015,32.950,20.122,-8.598,0.000
1751286381025,2025-06-30T15:26:21.025,32.960,26.707,-7.561,-3.171
1751286381035,2025-06-30T15:26:21.035,32.970,33.293,-5.366,-5.305
1751286381045,2025-06-30T15:26:21.045,32.980,39.085,-4.756,-7.256
1751286381055,2025-06-30T15:26:21.055,32.990,43.598,-6.220,-8.171
1751286381065,2025-06-30T15:26:21.065,33.000,46.890,-9.146,-9.329
1751286381075,2025-06-30T15:26:21.075,33.010,49.878,-14.756,-11.037
1751286381085,2025-06-30T15:26:21.085,33.020,53.659,-21.585,-12.805
1751286381095,2025-06-30T15:26:21.095,33.030,58.415,-25.915,-15.000
1751286381105,2025-06-30T15:26:21.105,33.040,64.573,-25.854,-18.232
1751286381115,2025-06-30T15:26:21.115,33.050,72.927,-21.951,-20.976
1751286381125,2025-06-30T15:26:21.125,33.060,81.220,-16.829,-22.195
1751286381135,2025-06-30T15:26:21.135,33.070,88.415,-14.695,-22.561
1751286381145,2025-06-30T15:26:21.145,33.080,93.780,-18.232,-21.829
1751286381155,2025-06-30T15:26:21.155,33.090,98.110,-27.012,-21.220
1751286381165,2025-06-30T15:26:21.165,33.100,101.402,-39.451,-22.073
1751286381175,2025-06-30T15:26:21.175,33.110,105.732,-55.427,-24.024
1751286381185,2025-06-30T15:26:21.185,33.120,111.220,-67.683,-26.037
1751286381195,2025-06-30T15:26:21.195,33.130,117.256,-68.049,-28.415
1751286381205,2025-06-30T15:26:21.205,33.140,124.146,-55.549,-30.183
1751286381215,2025-06-30T15:26:21.215,33.150,130.244,-36.463,-31.159
1751286381225,2025-06-30T15:26:21.225,33.160,134.939,-16.402,-32.805
1751286381235,2025-06-30T15:26:21.235,33.170,138.537,-3.902,-35.488
1751286381245,2025-06-30T15:26:21.245,33.180,139.817,-3.841,-36.890
1751286381255,2025-06-30T15:26:21.255,33.190,140.000,-11.280,-37.073
1751286381265,2025-06-30T15:26:21.265,33.200,138.537,-21.037,-37.378
1751286381275,2025-06-30T15:26:21.275,33.210,134.451,-28.415,-36.585
1751286381285,2025-06-30T15:26:21.285,33.220,129.268,-27.134,-35.000
1751286381295,2025-06-30T15:26:21.295,33.230,124.817,-14.329,-33.537
1751286381305,2025-06-30T15:26:21.305,33.240,119.756,5.000,-31.159
1751286381315,2025-06-30T15:26:21.315,33.250,113.476,20.122,-27.866
1751286381325,2025-06-30T15:26:21.325,33.260,104.817,23.780,-23.659
1751286381335,2025-06-30T15:26:21.335,33.270,94.146,17.256,-19.207
1751286381345,2025-06-30T15:26:21.345,33.280,82.378,4.329,-15.427
1751286381355,2025-06-30T15:26:21.355,33.290,70.000,-10.122,-12.561
1751286381365,2025-06-30T15:26:21.365,33.300,57.927,-18.720,-10.305
1751286381375,2025-06-30T15:26:21.375,33.310,46.402,-17.866,-7.805
1751286381385,2025-06-30T15:26:21.385,33.320,36.037,-9.268,-6.098
1751286381395,2025-06-30T15:26:21.395,33.330,26.220,1.463,-5.000
1751286381405,2025-06-30T15:26:21.405,33.340,15.732,7.805,-3.171
1751286381415,2025-06-30T15:26:21.415,33.350,4.207,8.476,-1.159
1751286381425,2025-06-30T15:26:21.425,33.360,-8.049,5.732,0.305
1751286381435,2025-06-30T15:26:21.435,33.370,-20.793,2.012,2.439
1751286381445,2025-06-30T15:26:21.445,33.380,-32.988,-0.305,5.366
1751286381455,2025-06-30T15:26:21.455,33.390,-44.085,2.256,7.927
1751286381465,2025-06-30T15:26:21.465,33.400,-53.293,10.854,9.695
1751286381475,2025-06-30T15:26:21.475,33.410,-61.768,20.732,10.366
1751286381485,2025-06-30T15:26:21.485,33.420,-70.305,26.585,11.463
1751286381495,2025-06-30T15:26:21.495,33.430,-78.963,26.159,12.317
1751286381505,2025-06-30T15:26:21.505,33.440,-87.256,22.927,13.354
1751286381515,2025-06-30T15:26:21.515,33.450,-95.061,21.220,14.573
1751286381525,2025-06-30T15:26:21.525,33.460,-102.317,21.890,15.366
1751286381535,2025-06-30T15:26:21.535,33.470,-109.695,23.293,15.671
1751286381545,2025-06-30T15:26:21.545,33.480,-116.159,24.573,17.073
1751286381555,2025-06-30T15:26:21.555,33.490,-122.195,25.610,18.232
1751286381565,2025-06-30T15:26:21.565,33.500,-127.378,27.683,18.720
1751286381575,2025-06-30T15:26:21.575,33.510,-131.829,31.585,19.939
1751286381585,2025-06-30T15:26:21.585,33.520,-135.732,34.634,21.220
1751286381595,2025-06-30T15:26:21.595,33.530,-139.146,34.939,22.073
1751286381605,2025-06-30T15:26:21.605,33.540,-142.012,33.476,23.537
1751286381615,2025-06-30T15:26:21.615,33.550,-144.329,29.878,25.000
1751286381625,2025-06-30T15:26:21.625,33.560,-146.098,24.634,25.671
1751286381635,2025-06-30T15:26:21.635,33.570,-147.439,19.878,26.890
1751286381645,2025-06-30T15:26:21.645,33.580,-146.585,16.890,29.085
1751286381655,2025-06-30T15:26:21.655,33.590,-143.598,16.829,31.402
1751286381665,2025-06-30T15:26:21.665,33.600,-138.963,19.939,33.171
1751286381675,2025-06-30T15:26:21.675,33.610,-132.500,24.451,34.268
1751286381685,2025-06-30T15:26:21.685,33.620,-123.537,26.402,32.927
1751286381695,2025-06-30T15:26:21.695,33.630,-113.293,24.146,29.695
1751286381705,2025-06-30T15:26:21.705,33.640,-101.524,20.366,25.488
1751286381715,2025-06-30T15:26:21.715,33.650,-88.110,18.232,19.695
1751286381725,2025-06-30T15:26:21.725,33.660,-74.451,20.183,13.598
1751286381735,2025-06-30T15:26:21.735,33.670,-61.280,27.500,8.354
1751286381745,2025-06-30T15:26:21.745,33.680,-48.354,36.951,4.817
1751286381755,2025-06-30T15:26:21.755,33.690,-36.280,45.122,2.073
1751286381765,2025-06-30T15:26:21.765,33.700,-25.976,49.573,-0.183
1751286381775,2025-06-30T15:26:21.775,33.710,-18.354,48.232,-2.439
1751286381785,2025-06-30T15:26:21.785,33.720,-12.378,40.976,-3.171
1751286381795,2025-06-30T15:26:21.795,33.730,-7.317,31.524,-2.988
1751286381805,2025-06-30T15:26:21.805,33.740,-4.207,24.634,-3.110
1751286381815,2025-06-30T15:26:21.815,33.750,-2.378,20.122,-2.805
1751286381825,2025-06-30T15:26:21.825,33.760,-0.671,15.366,-2.317
1751286381835,2025-06-30T15:26:21.835,33.770,-0.122,8.537,-1.646
1751286381845,2025-06-30T15:26:21.845,33.780,-1.098,1.098,-0.671
1751286381855,2025-06-30T15:26:21.855,33.790,-1.890,-5.671,0.427
1751286381865,2025-06-30T15:26:21.865,33.800,-1.951,-11.524,1.280
1751286381875,2025-06-30T15:26:21.875,33.810,-0.854,-14.939,1.829
1751286381885,2025-06-30T15:26:21.885,33.820,1.220,-15.976,1.524
1751286381895,2025-06-30T15:26:21.895,33.830,3.963,-15.305,1.402
1751286381905,2025-06-30T15:26:21.905,33.840,7.805,-13.049,1.280
1751286381915,2025-06-30T15:26:21.915,33.850,12.744,-10.549,0.610
1751286381925,2025-06-30T15:26:21.925,33.860,17.866,-9.146,-0.183
1751286381935,2025-06-30T15:26:21.935,33.870,22.500,-9.817,-1.280
1751286381945,2025-06-30T15:26:21.945,33.880,26.463,-11.037,-3.171
1751286381955,2025-06-30T15:26:21.955,33.890,30.244,-13.293,-5.671
1751286381965,2025-06-30T15:26:21.965,33.900,33.780,-16.280,-8.354
1751286381975,2025-06-30T15:26:21.975,33.910,37.561,-20.671,-11.037
1751286381985,2025-06-30T15:26:21.985,33.920,41.646,-26.829,-12.561
1751286381995,2025-06-30T15:26:21.995,33.930,46.646,-33.354,-13.049
1751286382005,2025-06-30T15:26:22.005,33.940,53.049,-38.537,-14.512
1751286382015,2025-06-30T15:26:22.015,33.950,61.037,-39.695,-16.890
1751286382025,2025-06-30T15:26:22.025,33.960,70.183,-35.915,-19.085
1751286382035,2025-06-30T15:26:22.035,33.970,79.451,-29.451,-20.671
1751286382045,2025-06-30T15:26:22.045,33.980,87.439,-25.366,-22.317
1751286382055,2025-06-30T15:26:22.055,33.990,94.329,-27.927,-22.256
1751286382065,2025-06-30T15:26:22.065,34.000,101.159,-35.183,-21.037
1751286382075,2025-06-30T15:26:22.075,34.010,107.317,-44.756,-21.707
1751286382085,2025-06-30T15:26:22.085,34.020,113.659,-54.390,-22.805
1751286382095,2025-06-30T15:26:22.095,34.030,120.366,-60.366,-22.317
1751286382105,2025-06-30T15:26:22.105,34.040,126.585,-59.756,-23.232
1751286382115,2025-06-30T15:26:22.115,34.050,133.232,-52.866,-24.756
1751286382125,2025-06-30T15:26:22.125,34.060,138.720,-43.780,-26.463
1751286382135,2025-06-30T15:26:22.135,34.070,141.890,-35.000,-28.110
1751286382145,2025-06-30T15:26:22.145,34.080,144.939,-25.366,-30.000
1751286382155,2025-06-30T15:26:22.155,34.090,147.744,-17.134,-31.707
1751286382165,2025-06-30T15:26:22.165,34.100,147.622,-16.585,-31.341
1751286382175,2025-06-30T15:26:22.175,34.110,145.488,-23.232,-29.085
1751286382185,2025-06-30T15:26:22.185,34.120,140.854,-29.329,-26.951
1751286382195,2025-06-30T15:26:22.195,34.130,134.024,-25.305,-24.573
1751286382205,2025-06-30T15:26:22.205,34.140,129.085,-6.768,-21.402
1751286382215,2025-06-30T15:26:22.215,34.150,125.366,17.744,-18.902
1751286382225,2025-06-30T15:26:22.225,34.160,120.976,38.537,-17.195
1751286382235,2025-06-30T15:26:22.235,34.170,115.427,51.037,-15.549
1751286382245,2025-06-30T15:26:22.245,34.180,107.622,49.573,-14.573
1751286382255,2025-06-30T15:26:22.255,34.190,95.427,32.134,-14.634
1751286382265,2025-06-30T15:26:22.265,34.200,79.329,7.317,-14.024
1751286382275,2025-06-30T15:26:22.275,34.210,60.976,-13.902,-12.622
1751286382285,2025-06-30T15:26:22.285,34.220,43.598,-22.561,-12.134
1751286382295,2025-06-30T15:26:22.295,34.230,28.232,-16.280,-10.793
1751286382305,2025-06-30T15:26:22.305,34.240,13.232,-3.659,-8.720
1751286382315,2025-06-30T15:26:22.315,34.250,-2.622,7.378,-6.037
1751286382325,2025-06-30T15:26:22.325,34.260,-18.720,14.573,-3.171
1751286382335,2025-06-30T15:26:22.335,34.270,-34.268,15.610,-0.976
1751286382345,2025-06-30T15:26:22.345,34.280,-48.354,11.707,2.317
1751286382355,2025-06-30T15:26:22.355,34.290,-61.890,8.963,6.341
1751286382365,2025-06-30T15:26:22.365,34.300,-73.963,10.183,8.659
1751286382375,2025-06-30T15:26:22.375,34.310,-83.659,14.268,10.305
1751286382385,2025-06-30T15:26:22.385,34.320,-92.073,19.756,11.037
1751286382395,2025-06-30T15:26:22.395,34.330,-100.183,24.512,11.037
1751286382405,2025-06-30T15:26:22.405,34.340,-108.598,26.524,11.037
1751286382415,2025-06-30T15:26:22.415,34.350,-116.524,25.793,11.463
1751286382425,2025-06-30T15:26:22.425,34.360,-123.537,23.720,12.927
1751286382435,2025-06-30T15:26:22.435,34.370,-129.817,22.683,15.000
1751286382445,2025-06-30T15:26:22.445,34.380,-135.610,24.146,16.951
1751286382455,2025-06-30T15:26:22.455,34.390,-140.976,26.707,19.146
1751286382465,2025-06-30T15:26:22.465,34.400,-145.793,28.232,21.707
1751286382475,2025-06-30T15:26:22.475,34.410,-149.878,28.110,24.390
1751286382485,2025-06-30T15:26:22.485,34.420,-154.573,25.427,27.317
1751286382495,2025-06-30T15:26:22.495,34.430,-158.537,22.378,30.305
1751286382505,2025-06-30T15:26:22.505,34.440,-160.610,20.427,33.354
1751286382515,2025-06-30T15:26:22.515,34.450,-161.707,16.524,36.159
1751286382525,2025-06-30T15:26:22.525,34.460,-161.951,11.646,40.305
1751286382535,2025-06-30T15:26:22.535,34.470,-159.817,8.841,44.573
1751286382545,2025-06-30T15:26:22.545,34.480,-155.549,6.829,47.866
1751286382555,2025-06-30T15:26:22.555,34.490,-148.841,5.427,50.854
1751286382565,2025-06-30T15:26:22.565,34.500,-138.598,4.573,50.854
1751286382575,2025-06-30T15:26:22.575,34.510,-125.976,5.000,47.317
1751286382585,2025-06-30T15:26:22.585,34.520,-112.622,6.037,41.280
1751286382595,2025-06-30T15:26:22.595,34.530,-99.207,8.780,34.878
1751286382605,2025-06-30T15:26:22.605,34.540,-85.488,9.939,27.683
1751286382615,2025-06-30T15:26:22.615,34.550,-71.768,10.305,21.280
1751286382625,2025-06-30T15:26:22.625,34.560,-58.049,14.024,14.573
1751286382635,2025-06-30T15:26:22.635,34.570,-45.305,20.610,9.268
1751286382645,2025-06-30T15:26:22.645,34.580,-34.024,25.915,6.463
1751286382655,2025-06-30T15:26:22.655,34.590,-25.366,25.305,5.915
1751286382665,2025-06-30T15:26:22.665,34.600,-20.183,18.232,7.622
1751286382675,2025-06-30T15:26:22.675,34.610,-16.463,10.000,10.183
1751286382685,2025-06-30T15:26:22.685,34.620,-12.744,4.024,11.646
1751286382695,2025-06-30T15:26:22.695,34.630,-9.634,-1.829,12.439
1751286382705,2025-06-30T15:26:22.705,34.640,-7.256,-8.537,12.927
1751286382715,2025-06-30T15:26:22.715,34.650,-4.634,-14.024,12.378
1751286382725,2025-06-30T15:26:22.725,34.660,-1.768,-17.866,10.305
1751286382735,2025-06-30T15:26:22.735,34.670,2.500,-21.220,8.598
1751286382745,2025-06-30T15:26:22.745,34.680,8.293,-24.207,6.829
1751286382755,2025-06-30T15:26:22.755,34.690,16.220,-24.268,3.232
1751286382765,2025-06-30T15:26:22.765,34.700,25.915,-20.854,-2.073
1751286382775,2025-06-30T15:26:22.775,34.710,35.793,-16.159,-6.402
1751286382785,2025-06-30T15:26:22.785,34.720,44.573,-11.829,-9.878
1751286382795,2025-06-30T15:26:22.795,34.730,52.134,-10.305,-14.146
1751286382805,2025-06-30T15:26:22.805,34.740,58.354,-10.976,-17.927
1751286382815,2025-06-30T15:26:22.815,34.750,63.537,-14.268,-21.037
1751286382825,2025-06-30T15:26:22.825,34.760,67.683,-20.915,-23.780
1751286382835,2025-06-30T15:26:22.835,34.770,71.951,-27.134,-26.280
1751286382845,2025-06-30T15:26:22.845,34.780,76.890,-29.573,-29.146
1751286382855,2025-06-30T15:26:22.855,34.790,81.707,-30.610,-31.646
1751286382865,2025-06-30T15:26:22.865,34.800,85.976,-33.293,-32.256
1751286382875,2025-06-30T15:26:22.875,34.810,90.183,-39.329,-31.829
1751286382885,2025-06-30T15:26:22.885,34.820,93.720,-47.378,-30.610
1751286382895,2025-06-30T15:26:22.895,34.830,97.927,-52.378,-29.878
1751286382905,2025-06-30T15:26:22.905,34.840,103.720,-55.366,-29.756
1751286382915,2025-06-30T15:26:22.915,34.850,110.549,-56.890,-30.183
1751286382925,2025-06-30T15:26:22.925,34.860,117.195,-54.756,-30.671
1751286382935,2025-06-30T15:26:22.935,34.870,123.780,-49.817,-31.890
1751286382945,2025-06-30T15:26:22.945,34.880,130.000,-44.207,-31.707
1751286382955,2025-06-30T15:26:22.955,34.890,134.329,-39.085,-30.305
1751286382965,2025-06-30T15:26:22.965,34.900,137.317,-32.683,-29.756
1751286382975,2025-06-30T15:26:22.975,34.910,140.549,-22.134,-29.390
1751286382985,2025-06-30T15:26:22.985,34.920,144.939,-6.159,-28.232
1751286382995,2025-06-30T15:26:22.995,34.930,149.207,9.878,-27.744
1751286383005,2025-06-30T15:26:23.005,34.940,151.159,19.817,-26.463
1751286383015,2025-06-30T15:26:23.015,34.950,148.659,22.805,-23.659
1751286383025,2025-06-30T15:26:23.025,34.960,141.951,18.415,-21.159
1751286383035,2025-06-30T15:26:23.035,34.970,133.476,8.415,-19.329
1751286383045,2025-06-30T15:26:23.045,34.980,123.720,-4.085,-19.512
1751286383055,2025-06-30T15:26:23.055,34.990,113.780,-14.817,-20.488
1751286383065,2025-06-30T15:26:23.065,35.000,104.573,-18.841,-21.280
1751286383075,2025-06-30T15:26:23.075,35.010,95.427,-16.220,-21.646
1751286383085,2025-06-30T15:26:23.085,35.020,86.402,-7.012,-21.220
1751286383095,2025-06-30T15:26:23.095,35.030,76.402,4.512,-20.610
1751286383105,2025-06-30T15:26:23.105,35.040,64.207,10.488,-18.293
1751286383115,2025-06-30T15:26:23.115,35.050,50.610,9.817,-14.146
1751286383125,2025-06-30T15:26:23.125,35.060,36.341,5.549,-11.159
1751286383135,2025-06-30T15:26:23.135,35.070,21.159,0.610,-8.232
1751286383145,2025-06-30T15:26:23.145,35.080,6.220,-2.195,-4.024
1751286383155,2025-06-30T15:26:23.155,35.090,-8.049,-3.537,-1.098
1751286383165,2025-06-30T15:26:23.165,35.100,-21.037,-2.805,0.305
1751286383175,2025-06-30T15:26:23.175,35.110,-32.927,0.793,1.646
1751286383185,2025-06-30T15:26:23.185,35.120,-43.171,5.549,3.354
1751286383195,2025-06-30T15:26:23.195,35.130,-52.805,10.305,5.122
1751286383205,2025-06-30T15:26:23.205,35.140,-61.951,14.756,5.915
1751286383215,2025-06-30T15:26:23.215,35.150,-69.695,17.988,6.402
1751286383225,2025-06-30T15:26:23.225,35.160,-77.439,19.268,6.768
1751286383235,2025-06-30T15:26:23.235,35.170,-85.183,19.390,6.585
1751286383245,2025-06-30T15:26:23.245,35.180,-92.805,21.098,6.159
1751286383255,2025-06-30T15:26:23.255,35.190,-99.390,24.512,5.732
1751286383265,2025-06-30T15:26:23.265,35.200,-106.646,26.220,5.427
1751286383275,2025-06-30T15:26:23.275,35.210,-113.659,25.976,6.159
1751286383285,2025-06-30T15:26:23.285,35.220,-120.488,24.756,7.744
1751286383295,2025-06-30T15:26:23.295,35.230,-126.890,24.512,9.695
1751286383305,2025-06-30T15:26:23.305,35.240,-132.805,25.305,12.744
1751286383315,2025-06-30T15:26:23.315,35.250,-137.622,25.122,15.854
1751286383325,2025-06-30T15:26:23.325,35.260,-141.037,24.817,19.024
1751286383335,2025-06-30T15:26:23.335,35.270,-144.207,24.024,22.012
1751286383345,2025-06-30T15:26:23.345,35.280,-146.402,21.646,24.695
1751286383355,2025-06-30T15:26:23.355,35.290,-147.683,16.951,27.683
1751286383365,2025-06-30T15:26:23.365,35.300,-148.110,11.890,30.915
1751286383375,2025-06-30T15:26:23.375,35.310,-147.012,8.841,34.085
1751286383385,2025-06-30T15:26:23.385,35.320,-144.329,7.866,37.500
1751286383395,2025-06-30T15:26:23.395,35.330,-140.122,6.402,39.573
1751286383405,2025-06-30T15:26:23.405,35.340,-133.780,4.634,39.268
1751286383415,2025-06-30T15:26:23.415,35.350,-124.512,5.671,37.683
1751286383425,2025-06-30T15:26:23.425,35.360,-114.268,9.268,34.085
1751286383435,2025-06-30T15:26:23.435,35.370,-103.963,13.963,29.634
1751286383445,2025-06-30T15:26:23.445,35.380,-93.902,19.512,24.878
1751286383455,2025-06-30T15:26:23.455,35.390,-83.354,24.573,20.183
1751286383465,2025-06-30T15:26:23.465,35.400,-72.805,27.073,16.890
1751286383475,2025-06-30T15:26:23.475,35.410,-62.561,24.695,14.207
1751286383485,2025-06-30T15:26:23.485,35.420,-54.024,18.476,12.073
1751286383495,2025-06-30T15:26:23.495,35.430,-46.524,12.744,10.793
1751286383505,2025-06-30T15:26:23.505,35.440,-39.695,9.451,10.000
1751286383515,2025-06-30T15:26:23.515,35.450,-32.988,7.622,9.146
1751286383525,2025-06-30T15:26:23.525,35.460,-27.256,7.256,8.293
1751286383535,2025-06-30T15:26:23.535,35.470,-22.500,6.280,7.622
1751286383545,2025-06-30T15:26:23.545,35.480,-17.988,3.293,6.829
1751286383555,2025-06-30T15:26:23.555,35.490,-13.537,-1.585,5.915
1751286383565,2025-06-30T15:26:23.565,35.500,-9.695,-7.195,4.451
1751286383575,2025-06-30T15:26:23.575,35.510,-5.732,-11.341,4.268
1751286383585,2025-06-30T15:26:23.585,35.520,-0.854,-12.256,5.000
1751286383595,2025-06-30T15:26:23.595,35.530,4.634,-10.915,4.146
1751286383605,2025-06-30T15:26:23.605,35.540,10.549,-9.085,2.683
1751286383615,2025-06-30T15:26:23.615,35.550,16.220,-7.683,1.585
1751286383625,2025-06-30T15:26:23.625,35.560,22.012,-8.110,0.061
1751286383635,2025-06-30T15:26:23.635,35.570,28.171,-9.634,-2.073
1751286383645,2025-06-30T15:26:23.645,35.580,34.390,-11.159,-4.756
1751286383655,2025-06-30T15:26:23.655,35.590,39.939,-13.232,-8.049
1751286383665,2025-06-30T15:26:23.665,35.600,44.939,-17.012,-11.646
1751286383675,2025-06-30T15:26:23.675,35.610,49.695,-21.707,-15.061
1751286383685,2025-06-30T15:26:23.685,35.620,55.122,-27.134,-17.927
1751286383695,2025-06-30T15:26:23.695,35.630,61.280,-32.378,-19.695
1751286383705,2025-06-30T15:26:23.705,35.640,68.659,-33.720,-20.915
1751286383715,2025-06-30T15:26:23.715,35.650,77.073,-28.537,-22.622
1751286383725,2025-06-30T15:26:23.725,35.660,85.183,-21.341,-25.183
1751286383735,2025-06-30T15:26:23.735,35.670,92.012,-18.720,-28.293
1751286383745,2025-06-30T15:26:23.745,35.680,96.646,-22.561,-29.390
1751286383755,2025-06-30T15:26:23.755,35.690,99.573,-33.537,-31.159
1751286383765,2025-06-30T15:26:23.765,35.700,102.378,-51.524,-32.683
1751286383775,2025-06-30T15:26:23.775,35.710,106.280,-70.610,-32.195
1751286383785,2025-06-30T15:26:23.785,35.720,112.195,-80.854,-32.500
1751286383795,2025-06-30T15:26:23.795,35.730,120.915,-75.000,-33.476
1751286383805,2025-06-30T15:26:23.805,35.740,130.061,-54.756,-35.183
1751286383815,2025-06-30T15:26:23.815,35.750,138.598,-29.207,-36.585
1751286383825,2025-06-30T15:26:23.825,35.760,145.183,-11.220,-37.256
1751286383835,2025-06-30T15:26:23.835,35.770,146.768,-8.293,-37.683
1751286383845,2025-06-30T15:26:23.845,35.780,146.402,-15.915,-38.476
1751286383855,2025-06-30T15:26:23.855,35.790,146.402,-24.573,-40.366
1751286383865,2025-06-30T15:26:23.865,35.800,146.768,-29.268,-43.902
1751286383875,2025-06-30T15:26:23.875,35.810,147.012,-26.280,-45.915
1751286383885,2025-06-30T15:26:23.885,35.820,146.646,-13.232,-45.366
1751286383895,2025-06-30T15:26:23.895,35.830,144.024,6.402,-42.805
1751286383905,2025-06-30T15:26:23.905,35.840,138.232,26.768,-37.866
1751286383915,2025-06-30T15:26:23.915,35.850,129.329,37.683,-31.098
1751286383925,2025-06-30T15:26:23.925,35.860,115.732,31.098,-23.720
1751286383935,2025-06-30T15:26:23.935,35.870,98.659,11.951,-17.378
1751286383945,2025-06-30T15:26:23.945,35.880,81.463,-8.841,-11.280
1751286383955,2025-06-30T15:26:23.955,35.890,64.634,-22.256,-7.195
1751286383965,2025-06-30T15:26:23.965,35.900,50.305,-20.915,-4.390
1751286383975,2025-06-30T15:26:23.975,35.910,38.415,-7.500,-0.549
1751286383985,2025-06-30T15:26:23.985,35.920,25.671,4.756,1.707
1751286383995,2025-06-30T15:26:23.995,35.930,12.317,9.817,2.744
1751286384005,2025-06-30T15:26:24.005,35.940,-1.280,10.305,4.512
1751286384015,2025-06-30T15:26:24.015,35.950,-14.939,6.829,5.366
1751286384025,2025-06-30T15:26:24.025,35.960,-28.232,0.854,5.793
1751286384035,2025-06-30T15:26:24.035,35.970,-40.915,-2.134,6.585
1751286384045,2025-06-30T15:26:24.045,35.980,-51.463,-0.061,7.317
1751286384055,2025-06-30T15:26:24.055,35.990,-60.122,5.610,8.293
1751286384065,2025-06-30T15:26:24.065,36.000,-68.110,12.500,9.878
1751286384075,2025-06-30T15:26:24.075,36.010,-75.610,19.085,12.134
1751286384085,2025-06-30T15:26:24.085,36.020,-82.317,24.207,14.329
1751286384095,2025-06-30T15:26:24.095,36.030,-88.841,27.134,15.671
1751286384105,2025-06-30T15:26:24.105,36.040,-94.817,28.293,16.951
1751286384115,2025-06-30T15:26:24.115,36.050,-101.280,26.768,17.683
1751286384125,2025-06-30T15:26:24.125,36.060,-108.293,24.573,18.171
1751286384135,2025-06-30T15:26:24.135,36.070,-114.329,24.024,19.085
1751286384145,2025-06-30T15:26:24.145,36.080,-120.427,22.317,20.671
1751286384155,2025-06-30T15:26:24.155,36.090,-126.829,19.146,21.951
1751286384165,2025-06-30T15:26:24.165,36.100,-132.988,15.244,22.439
1751286384175,2025-06-30T15:26:24.175,36.110,-139.146,9.878,22.683
1751286384185,2025-06-30T15:26:24.185,36.120,-143.841,4.939,22.439
1751286384195,2025-06-30T15:26:24.195,36.130,-147.378,0.915,22.805
1751286384205,2025-06-30T15:26:24.205,36.140,-150.549,-2.317,23.963
1751286384215,2025-06-30T15:26:24.215,36.150,-152.073,-3.293,26.402
1751286384225,2025-06-30T15:26:24.225,36.160,-152.134,-2.927,29.085
1751286384235,2025-06-30T15:26:24.235,36.170,-150.671,-1.707,31.220
1751286384245,2025-06-30T15:26:24.245,36.180,-146.829,-1.098,33.659
1751286384255,2025-06-30T15:26:24.255,36.190,-141.768,-3.354,34.390
1751286384265,2025-06-30T15:26:24.265,36.200,-134.207,-7.012,33.537
1751286384275,2025-06-30T15:26:24.275,36.210,-124.512,-9.390,30.610
1751286384285,2025-06-30T15:26:24.285,36.220,-112.500,-6.159,24.329
1751286384295,2025-06-30T15:26:24.295,36.230,-99.756,2.927,16.829
1751286384305,2025-06-30T15:26:24.305,36.240,-86.463,14.390,10.305
1751286384315,2025-06-30T15:26:24.315,36.250,-72.683,25.854,5.671
1751286384325,2025-06-30T15:26:24.325,36.260,-59.756,36.646,2.622
1751286384335,2025-06-30T15:26:24.335,36.270,-47.439,46.402,1.220
1751286384345,2025-06-30T15:26:24.345,36.280,-36.220,52.500,0.732
1751286384355,2025-06-30T15:26:24.355,36.290,-27.317,51.037,0.732
1751286384365,2025-06-30T15:26:24.365,36.300,-21.646,42.561,1.707
1751286384375,2025-06-30T15:26:24.375,36.310,-18.171,30.610,3.537
1751286384385,2025-06-30T15:26:24.385,36.320,-16.220,19.817,5.793
1751286384395,2025-06-30T15:26:24.395,36.330,-14.024,14.024,7.622
1751286384405,2025-06-30T15:26:24.405,36.340,-11.037,11.341,8.415
1751286384415,2025-06-30T15:26:24.415,36.350,-8.841,8.354,8.963
1751286384425,2025-06-30T15:26:24.425,36.360,-6.646,5.183,10.305
1751286384435,2025-06-30T15:26:24.435,36.370,-3.171,2.256,11.707
1751286384445,2025-06-30T15:26:24.445,36.380,0.793,-1.951,11.524
1751286384455,2025-06-30T15:26:24.455,36.390,5.000,-8.110,10.244
1751286384465,2025-06-30T15:26:24.465,36.400,9.451,-15.000,8.537
1751286384475,2025-06-30T15:26:24.475,36.410,15.000,-19.695,5.549
1751286384485,2025-06-30T15:26:24.485,36.420,22.134,-19.085,1.646
1751286384495,2025-06-30T15:26:24.495,36.430,30.305,-14.634,-2.012
1751286384505,2025-06-30T15:26:24.505,36.440,37.988,-10.244,-5.061
1751286384515,2025-06-30T15:26:24.515,36.450,43.902,-8.963,-7.927
1751286384525,2025-06-30T15:26:24.525,36.460,49.268,-9.878,-11.037
1751286384535,2025-06-30T15:26:24.535,36.470,53.537,-13.354,-13.537
1751286384545,2025-06-30T15:26:24.545,36.480,57.195,-20.549,-15.305
1751286384555,2025-06-30T15:26:24.555,36.490,60.549,-30.915,-15.854
1751286384565,2025-06-30T15:26:24.565,36.500,64.329,-38.780,-15.061
1751286384575,2025-06-30T15:26:24.575,36.510,69.146,-41.768,-13.902
1751286384585,2025-06-30T15:26:24.585,36.520,73.902,-41.524,-13.049
1751286384595,2025-06-30T15:26:24.595,36.530,79.024,-38.415,-13.598
1751286384605,2025-06-30T15:26:24.605,36.540,84.695,-34.329,-15.732
1751286384615,2025-06-30T15:26:24.615,36.550,89.817,-33.171,-18.232
1751286384625,2025-06-30T15:26:24.625,36.560,95.244,-34.695,-20.366
1751286384635,2025-06-30T15:26:24.635,36.570,101.768,-40.183,-20.976
1751286384645,2025-06-30T15:26:24.645,36.580,107.927,-50.793,-20.793
1751286384655,2025-06-30T15:26:24.655,36.590,113.354,-60.183,-21.280
1751286384665,2025-06-30T15:26:24.665,36.600,117.683,-63.049,-22.134
1751286384675,2025-06-30T15:26:24.675,36.610,121.220,-58.049,-24.329
1751286384685,2025-06-30T15:26:24.685,36.620,126.402,-46.280,-27.927
1751286384695,2025-06-30T15:26:24.695,36.630,132.317,-31.890,-30.610
1751286384705,2025-06-30T15:26:24.705,36.640,136.098,-19.634,-32.927
1751286384715,2025-06-30T15:26:24.715,36.650,138.780,-9.573,-34.146
1751286384725,2025-06-30T15:26:24.725,36.660,140.915,-6.098,-34.329
1751286384735,2025-06-30T15:26:24.735,36.670,139.451,-11.646,-34.939
1751286384745,2025-06-30T15:26:24.745,36.680,136.646,-17.073,-36.768
1751286384755,2025-06-30T15:26:24.755,36.690,134.146,-14.390,-40.305
1751286384765,2025-06-30T15:26:24.765,36.700,131.402,-3.659,-42.866
1751286384775,2025-06-30T15:26:24.775,36.710,128.598,11.402,-44.329
1751286384785,2025-06-30T15:26:24.785,36.720,124.451,22.317,-44.939
1751286384795,2025-06-30T15:26:24.795,36.730,114.695,18.049,-43.537
1751286384805,2025-06-30T15:26:24.805,36.740,99.939,0.854,-40.000
1751286384815,2025-06-30T15:26:24.815,36.750,81.768,-17.805,-34.573
1751286384825,2025-06-30T15:26:24.825,36.760,63.963,-27.256,-26.951
1751286384835,2025-06-30T15:26:24.835,36.770,49.024,-21.341,-18.902
1751286384845,2025-06-30T15:26:24.845,36.780,35.122,-4.512,-10.732
1751286384855,2025-06-30T15:26:24.855,36.790,20.976,14.024,-3.537
1751286384865,2025-06-30T15:26:24.865,36.800,6.707,23.110,1.829
1751286384875,2025-06-30T15:26:24.875,36.810,-8.902,18.354,5.976
1751286384885,2025-06-30T15:26:24.885,36.820,-24.695,6.890,9.573
1751286384895,2025-06-30T15:26:24.895,36.830,-38.293,-0.549,12.134
1751286384905,2025-06-30T15:26:24.905,36.840,-49.451,0.305,13.902
1751286384915,2025-06-30T15:26:24.915,36.850,-58.963,5.793,15.915
1751286384925,2025-06-30T15:26:24.925,36.860,-66.829,12.622,17.683
1751286384935,2025-06-30T15:26:24.935,36.870,-74.268,20.244,19.085
1751286384945,2025-06-30T15:26:24.945,36.880,-81.829,26.524,20.793
1751286384955,2025-06-30T15:26:24.955,36.890,-89.573,28.720,23.415
1751286384965,2025-06-30T15:26:24.965,36.900,-98.049,27.622,25.000
1751286384975,2025-06-30T15:26:24.975,36.910,-106.098,27.134,26.768
1751286384985,2025-06-30T15:26:24.985,36.920,-113.171,29.756,28.720
1751286384995,2025-06-30T15:26:24.995,36.930,-120.610,33.537,28.841
1751286385005,2025-06-30T15:26:25.005,36.940,-128.049,36.646,29.268
1751286385015,2025-06-30T15:26:25.015,36.950,-134.756,37.561,31.280
1751286385025,2025-06-30T15:26:25.025,36.960,-140.732,34.268,33.232
1751286385035,2025-06-30T15:26:25.035,36.970,-147.012,28.841,35.366
1751286385045,2025-06-30T15:26:25.045,36.980,-152.744,25.610,37.683
1751286385055,2025-06-30T15:26:25.055,36.990,-156.890,26.402,39.756
1751286385065,2025-06-30T15:26:25.065,37.000,-160.366,27.073,41.037
1751286385075,2025-06-30T15:26:25.075,37.010,-163.598,25.244,41.463
1751286385085,2025-06-30T15:26:25.085,37.020,-165.305,22.134,41.341
1751286385095,2025-06-30T15:26:25.095,37.030,-163.963,17.622,40.976
1751286385105,2025-06-30T15:26:25.105,37.040,-160.244,13.415,40.366
1751286385115,2025-06-30T15:26:25.115,37.050,-154.329,10.915,38.537
1751286385125,2025-06-30T15:26:25.125,37.060,-146.098,9.207,36.402
1751286385135,2025-06-30T15:26:25.135,37.070,-136.220,10.427,32.866
1751286385145,2025-06-30T15:26:25.145,37.080,-124.024,15.732,27.439
1751286385155,2025-06-30T15:26:25.155,37.090,-110.671,23.415,21.341
1751286385165,2025-06-30T15:26:25.165,37.100,-97.317,30.427,15.671
1751286385175,2025-06-30T15:26:25.175,37.110,-83.659,38.354,11.585
1751286385185,2025-06-30T15:26:25.185,37.120,-70.183,48.354,9.268
1751286385195,2025-06-30T15:26:25.195,37.130,-57.256,58.049,8.110
1751286385205,2025-06-30T15:26:25.205,37.140,-45.610,63.720,8.232
1751286385215,2025-06-30T15:26:25.215,37.150,-35.610,62.866,8.780
1751286385225,2025-06-30T15:26:25.225,37.160,-28.659,54.573,8.659
1751286385235,2025-06-30T15:26:25.235,37.170,-24.207,41.280,8.171
1751286385245,2025-06-30T15:26:25.245,37.180,-20.488,28.902,7.561
1751286385255,2025-06-30T15:26:25.255,37.190,-16.829,19.939,6.707
1751286385265,2025-06-30T15:26:25.265,37.200,-13.415,13.902,5.976
1751286385275,2025-06-30T15:26:25.275,37.210,-9.451,10.488,5.549
1751286385285,2025-06-30T15:26:25.285,37.220,-4.817,8.537,5.000
1751286385295,2025-06-30T15:26:25.295,37.230,-0.183,5.976,4.512
1751286385305,2025-06-30T15:26:25.305,37.240,4.329,1.341,3.963
1751286385315,2025-06-30T15:26:25.315,37.250,9.329,-5.183,2.622
1751286385325,2025-06-30T15:26:25.325,37.260,15.427,-11.829,0.671
1751286385335,2025-06-30T15:26:25.335,37.270,22.134,-17.561,-2.073
1751286385345,2025-06-30T15:26:25.345,37.280,28.780,-22.744,-5.915
1751286385355,2025-06-30T15:26:25.355,37.290,35.854,-25.061,-8.963
1751286385365,2025-06-30T15:26:25.365,37.300,43.354,-22.744,-11.524
1751286385375,2025-06-30T15:26:25.375,37.310,50.488,-18.963,-13.780
1751286385385,2025-06-30T15:26:25.385,37.320,56.159,-16.098,-14.939
1751286385395,2025-06-30T15:26:25.395,37.330,60.793,-16.037,-16.220
1751286385405,2025-06-30T15:26:25.405,37.340,65.183,-21.341,-17.256
1751286385415,2025-06-30T15:26:25.415,37.350,68.537,-31.220,-16.707
1751286385425,2025-06-30T15:26:25.425,37.360,72.500,-40.793,-16.037
1751286385435,2025-06-30T15:26:25.435,37.370,79.329,-46.524,-16.524
1751286385445,2025-06-30T15:26:25.445,37.380,87.195,-48.171,-16.280
1751286385455,2025-06-30T15:26:25.455,37.390,95.305,-46.524,-16.220
1751286385465,2025-06-30T15:26:25.465,37.400,104.817,-41.037,-16.707
1751286385475,2025-06-30T15:26:25.475,37.410,113.780,-36.585,-17.317
1751286385485,2025-06-30T15:26:25.485,37.420,121.220,-37.134,-17.683
1751286385495,2025-06-30T15:26:25.495,37.430,128.720,-41.098,-18.171
1751286385505,2025-06-30T15:26:25.505,37.440,135.122,-47.317,-19.939
1751286385515,2025-06-30T15:26:25.515,37.450,141.463,-52.134,-21.768
1751286385525,2025-06-30T15:26:25.525,37.460,148.049,-50.854,-24.573
1751286385535,2025-06-30T15:26:25.535,37.470,152.134,-47.012,-27.683
1751286385545,2025-06-30T15:26:25.545,37.480,154.207,-42.195,-30.061
1751286385555,2025-06-30T15:26:25.555,37.490,157.073,-33.232,-32.378
1751286385565,2025-06-30T15:26:25.565,37.500,159.024,-25.610,-34.390
1751286385575,2025-06-30T15:26:25.575,37.510,158.902,-23.415,-35.915
1751286385585,2025-06-30T15:26:25.585,37.520,158.171,-24.878,-36.707
1751286385595,2025-06-30T15:26:25.595,37.530,156.159,-27.866,-38.841
1751286385605,2025-06-30T15:26:25.605,37.540,150.976,-30.976,-41.829
1751286385615,2025-06-30T15:26:25.615,37.550,143.110,-33.232,-43.354
1751286385625,2025-06-30T15:26:25.625,37.560,132.927,-31.585,-42.439
1751286385635,2025-06-30T15:26:25.635,37.570,122.012,-24.451,-39.024
1751286385645,2025-06-30T15:26:25.645,37.580,111.707,-12.866,-33.841
1751286385655,2025-06-30T15:26:25.655,37.590,100.732,-3.659,-26.951
1751286385665,2025-06-30T15:26:25.665,37.600,87.744,-0.366,-19.451
1751286385675,2025-06-30T15:26:25.675,37.610,72.927,-0.732,-12.073
1751286385685,2025-06-30T15:26:25.685,37.620,57.561,-3.049,-4.878
1751286385695,2025-06-30T15:26:25.695,37.630,42.195,-6.098,2.012
1751286385705,2025-06-30T15:26:25.705,37.640,26.707,-9.146,6.463
1751286385715,2025-06-30T15:26:25.715,37.650,12.195,-9.146,8.232
1751286385725,2025-06-30T15:26:25.725,37.660,-1.463,-3.720,9.085
1751286385735,2025-06-30T15:26:25.735,37.670,-14.634,2.622,10.122
1751286385745,2025-06-30T15:26:25.745,37.680,-28.110,5.854,10.915
1751286385755,2025-06-30T15:26:25.755,37.690,-40.671,8.598,11.707
1751286385765,2025-06-30T15:26:25.765,37.700,-51.951,11.037,12.805
1751286385775,2025-06-30T15:26:25.775,37.710,-63.110,12.927,14.390
1751286385785,2025-06-30T15:26:25.785,37.720,-73.232,17.805,15.610
1751286385795,2025-06-30T15:26:25.795,37.730,-81.707,23.963,16.159
1751286385805,2025-06-30T15:26:25.805,37.740,-89.634,28.232,16.768
1751286385815,2025-06-30T15:26:25.815,37.750,-97.622,31.220,16.280
1751286385825,2025-06-30T15:26:25.825,37.760,-104.512,35.671,14.512
1751286385835,2025-06-30T15:26:25.835,37.770,-111.402,39.329,13.537
1751286385845,2025-06-30T15:26:25.845,37.780,-120.183,39.451,13.110
1751286385855,2025-06-30T15:26:25.855,37.790,-128.963,40.976,12.561
1751286385865,2025-06-30T15:26:25.865,37.800,-136.707,44.268,11.951
1751286385875,2025-06-30T15:26:25.875,37.810,-144.512,42.805,12.195
1751286385885,2025-06-30T15:26:25.885,37.820,-151.829,36.951,13.476
1751286385895,2025-06-30T15:26:25.895,37.830,-156.951,31.768,15.366
1751286385905,2025-06-30T15:26:25.905,37.840,-159.024,28.780,18.171
1751286385915,2025-06-30T15:26:25.915,37.850,-159.024,26.463,21.585
1751286385925,2025-06-30T15:26:25.925,37.860,-156.159,27.500,24.939
1751286385935,2025-06-30T15:26:25.935,37.870,-151.159,31.768,27.622
1751286385945,2025-06-30T15:26:25.945,37.880,-144.756,35.549,28.780
1751286385955,2025-06-30T15:26:25.955,37.890,-136.341,38.232,27.622
1751286385965,2025-06-30T15:26:25.965,37.900,-126.890,38.659,24.817
1751286385975,2025-06-30T15:26:25.975,37.910,-118.049,34.451,22.195
1751286385985,2025-06-30T15:26:25.985,37.920,-109.085,27.195,19.329
1751286385995,2025-06-30T15:26:25.995,37.930,-99.207,20.366,16.280
1751286386005,2025-06-30T15:26:26.005,37.940,-89.939,16.463,13.963
1751286386015,2025-06-30T15:26:26.015,37.950,-80.427,15.488,12.439
1751286386025,2025-06-30T15:26:26.025,37.960,-70.122,16.524,11.220
1751286386035,2025-06-30T15:26:26.035,37.970,-60.549,19.390,10.793
1751286386045,2025-06-30T15:26:26.045,37.980,-52.073,22.744,10.244
1751286386055,2025-06-30T15:26:26.055,37.990,-43.598,24.024,10.061
1751286386065,2025-06-30T15:26:26.065,38.000,-35.427,21.585,9.634
1751286386075,2025-06-30T15:26:26.075,38.010,-28.659,17.134,8.476
1751286386085,2025-06-30T15:26:26.085,38.020,-22.439,13.780,7.500
1751286386095,2025-06-30T15:26:26.095,38.030,-15.915,12.683,7.439
1751286386105,2025-06-30T15:26:26.105,38.040,-11.037,11.098,7.012
1751286386115,2025-06-30T15:26:26.115,38.050,-7.500,9.634,6.098
1751286386125,2025-06-30T15:26:26.125,38.060,-3.537,7.744,5.244
1751286386135,2025-06-30T15:26:26.135,38.070,0.488,3.476,5.976
1751286386145,2025-06-30T15:26:26.145,38.080,5.183,-3.110,7.317
1751286386155,2025-06-30T15:26:26.155,38.090,11.098,-9.695,7.683
1751286386165,2025-06-30T15:26:26.165,38.100,18.598,-14.024,7.012
1751286386175,2025-06-30T15:26:26.175,38.110,26.341,-15.244,6.341
1751286386185,2025-06-30T15:26:26.185,38.120,33.354,-16.280,4.512
1751286386195,2025-06-30T15:26:26.195,38.130,40.183,-19.573,2.500
1751286386205,2025-06-30T15:26:26.205,38.140,46.646,-23.049,0.366
1751286386215,2025-06-30T15:26:26.215,38.150,52.988,-25.244,-2.256
1751286386225,2025-06-30T15:26:26.225,38.160,58.841,-28.232,-4.390
1751286386235,2025-06-30T15:26:26.235,38.170,64.451,-31.463,-6.098
1751286386245,2025-06-30T15:26:26.245,38.180,70.915,-32.561,-8.110
1751286386255,2025-06-30T15:26:26.255,38.190,78.902,-32.378,-10.183
1751286386265,2025-06-30T15:26:26.265,38.200,87.866,-30.122,-12.500
1751286386275,2025-06-30T15:26:26.275,38.210,96.341,-26.341,-14.756
1751286386285,2025-06-30T15:26:26.285,38.220,103.537,-23.415,-16.646
1751286386295,2025-06-30T15:26:26.295,38.230,110.854,-25.976,-16.524
1751286386305,2025-06-30T15:26:26.305,38.240,116.646,-33.659,-16.524
1751286386315,2025-06-30T15:26:26.315,38.250,120.366,-41.463,-18.720
1751286386325,2025-06-30T15:26:26.325,38.260,125.488,-47.256,-20.305
1751286386335,2025-06-30T15:26:26.335,38.270,131.280,-50.427,-20.671
1751286386345,2025-06-30T15:26:26.345,38.280,136.280,-49.146,-22.378
1751286386355,2025-06-30T15:26:26.355,38.290,140.671,-42.195,-24.329
1751286386365,2025-06-30T15:26:26.365,38.300,144.024,-30.244,-23.476
1751286386375,2025-06-30T15:26:26.375,38.310,145.000,-18.476,-22.744
1751286386385,2025-06-30T15:26:26.385,38.320,144.207,-12.378,-22.256
1751286386395,2025-06-30T15:26:26.395,38.330,142.622,-13.171,-21.646
1751286386405,2025-06-30T15:26:26.405,38.340,140.793,-20.305,-22.927
1751286386415,2025-06-30T15:26:26.415,38.350,138.902,-30.427,-26.707
1751286386425,2025-06-30T15:26:26.425,38.360,136.646,-36.646,-31.585
1751286386435,2025-06-30T15:26:26.435,38.370,132.561,-36.829,-36.768
1751286386445,2025-06-30T15:26:26.445,38.380,126.037,-31.463,-38.720
1751286386455,2025-06-30T15:26:26.455,38.390,119.085,-20.366,-37.866
1751286386465,2025-06-30T15:26:26.465,38.400,111.098,-6.524,-36.220
1751286386475,2025-06-30T15:26:26.475,38.410,100.671,2.561,-33.293
1751286386485,2025-06-30T15:26:26.485,38.420,87.439,3.049,-27.500
1751286386495,2025-06-30T15:26:26.495,38.430,72.073,-3.293,-20.305
1751286386505,2025-06-30T15:26:26.505,38.440,57.134,-9.085,-13.232
1751286386515,2025-06-30T15:26:26.515,38.450,42.988,-9.512,-8.354
1751286386525,2025-06-30T15:26:26.525,38.460,29.390,-6.707,-4.878
1751286386535,2025-06-30T15:26:26.535,38.470,16.280,-3.963,-2.195
1751286386545,2025-06-30T15:26:26.545,38.480,2.927,-2.988,-0.671
1751286386555,2025-06-30T15:26:26.555,38.490,-9.939,-2.561,0.183
1751286386565,2025-06-30T15:26:26.565,38.500,-20.671,1.341,0.976
1751286386575,2025-06-30T15:26:26.575,38.510,-30.976,7.317,1.646
1751286386585,2025-06-30T15:26:26.585,38.520,-41.524,12.500,3.476
1751286386595,2025-06-30T15:26:26.595,38.530,-52.073,16.220,6.707
1751286386605,2025-06-30T15:26:26.605,38.540,-61.951,17.195,10.549
1751286386615,2025-06-30T15:26:26.615,38.550,-71.768,17.927,14.695
1751286386625,2025-06-30T15:26:26.625,38.560,-81.402,21.829,17.622
1751286386635,2025-06-30T15:26:26.635,38.570,-89.207,30.427,19.451
1751286386645,2025-06-30T15:26:26.645,38.580,-95.854,40.061,20.366
1751286386655,2025-06-30T15:26:26.655,38.590,-102.012,46.037,21.463
1751286386665,2025-06-30T15:26:26.665,38.600,-108.902,46.159,22.378
1751286386675,2025-06-30T15:26:26.675,38.610,-117.012,42.256,22.927
1751286386685,2025-06-30T15:26:26.685,38.620,-126.768,37.683,24.573
1751286386695,2025-06-30T15:26:26.695,38.630,-136.402,34.634,25.915
1751286386705,2025-06-30T15:26:26.705,38.640,-144.878,32.439,27.866
1751286386715,2025-06-30T15:26:26.715,38.650,-152.317,27.561,30.854
1751286386725,2025-06-30T15:26:26.725,38.660,-159.207,21.646,33.415
1751286386735,2025-06-30T15:26:26.735,38.670,-165.000,17.744,36.768
1751286386745,2025-06-30T15:26:26.745,38.680,-169.390,13.110,40.610
1751286386755,2025-06-30T15:26:26.755,38.690,-171.768,7.988,44.085
1751286386765,2025-06-30T15:26:26.765,38.700,-170.305,5.244,46.890
1751286386775,2025-06-30T15:26:26.775,38.710,-166.890,3.171,48.841
1751286386785,2025-06-30T15:26:26.785,38.720,-162.500,-0.610,49.024
1751286386795,2025-06-30T15:26:26.795,38.730,-154.573,-3.354,46.341
1751286386805,2025-06-30T15:26:26.805,38.740,-144.329,-5.610,40.610
1751286386815,2025-06-30T15:26:26.815,38.750,-132.622,-6.646,33.354
1751286386825,2025-06-30T15:26:26.825,38.760,-119.329,-4.878,24.634
1751286386835,2025-06-30T15:26:26.835,38.770,-105.305,-1.402,15.061
1751286386845,2025-06-30T15:26:26.845,38.780,-91.402,3.415,6.585
1751286386855,2025-06-30T15:26:26.855,38.790,-77.012,11.341,0.366
1751286386865,2025-06-30T15:26:26.865,38.800,-61.646,20.854,-3.963
1751286386875,2025-06-30T15:26:26.875,38.810,-46.524,27.805,-5.732
1751286386885,2025-06-30T15:26:26.885,38.820,-34.268,32.256,-5.366
1751286386895,2025-06-30T15:26:26.895,38.830,-24.878,35.488,-5.427
1751286386905,2025-06-30T15:26:26.905,38.840,-17.805,37.012,-5.915
1751286386915,2025-06-30T15:26:26.915,38.850,-12.744,33.841,-5.427
1751286386925,2025-06-30T15:26:26.925,38.860,-9.634,23.476,-5.244
1751286386935,2025-06-30T15:26:26.935,38.870,-7.927,9.634,-5.366
1751286386945,2025-06-30T15:26:26.945,38.880,-5.793,-0.549,-5.000
1751286386955,2025-06-30T15:26:26.955,38.890,-1.829,-4.756,-5.000
1751286386965,2025-06-30T15:26:26.965,38.900,3.232,-7.744,-6.341
1751286386975,2025-06-30T15:26:26.975,38.910,8.720,-11.646,-7.195
1751286386985,2025-06-30T15:26:26.985,38.920,14.878,-12.744,-8.720
1751286386995,2025-06-30T15:26:26.995,38.930,22.378,-10.000,-11.098
1751286387005,2025-06-30T15:26:27.005,38.940,30.122,-7.012,-12.988
1751286387015,2025-06-30T15:26:27.015,38.950,37.500,-6.402,-14.146
1751286387025,2025-06-30T15:26:27.025,38.960,44.512,-7.988,-14.573
1751286387035,2025-06-30T15:26:27.035,38.970,50.976,-10.915,-15.305
1751286387045,2025-06-30T15:26:27.045,38.980,57.195,-15.000,-17.378
1751286387055,2025-06-30T15:26:27.055,38.990,62.988,-20.732,-19.451
1751286387065,2025-06-30T15:26:27.065,39.000,68.598,-25.244,-21.098
1751286387075,2025-06-30T15:26:27.075,39.010,75.244,-26.768,-21.890
1751286387085,2025-06-30T15:26:27.085,39.020,82.134,-26.951,-22.500
1751286387095,2025-06-30T15:26:27.095,39.030,88.720,-24.512,-22.988
1751286387105,2025-06-30T15:26:27.105,39.040,95.366,-19.207,-23.902
1751286387115,2025-06-30T15:26:27.115,39.050,101.951,-14.207,-24.573
1751286387125,2025-06-30T15:26:27.125,39.060,108.293,-13.841,-24.085
1751286387135,2025-06-30T15:26:27.135,39.070,113.354,-19.939,-22.866
1751286387145,2025-06-30T15:26:27.145,39.080,116.951,-29.939,-21.402
1751286387155,2025-06-30T15:26:27.155,39.090,119.878,-40.244,-19.146
1751286387165,2025-06-30T15:26:27.165,39.100,123.171,-47.012,-17.927
1751286387175,2025-06-30T15:26:27.175,39.110,127.317,-46.829,-18.598
1751286387185,2025-06-30T15:26:27.185,39.120,131.646,-39.451,-21.098
1751286387195,2025-06-30T15:26:27.195,39.130,136.220,-27.012,-24.329
1751286387205,2025-06-30T15:26:27.205,39.140,140.427,-13.049,-26.585
1751286387215,2025-06-30T15:26:27.215,39.150,141.890,-4.390,-27.988
1751286387225,2025-06-30T15:26:27.225,39.160,139.939,-5.061,-26.585
1751286387235,2025-06-30T15:26:27.235,39.170,136.159,-13.537,-23.049
1751286387245,2025-06-30T15:26:27.245,39.180,132.073,-24.024,-19.573
1751286387255,2025-06-30T15:26:27.255,39.190,129.451,-28.354,-17.866
1751286387265,2025-06-30T15:26:27.265,39.200,127.256,-18.963,-17.195
1751286387275,2025-06-30T15:26:27.275,39.210,124.756,1.159,-17.256
1751286387285,2025-06-30T15:26:27.285,39.220,121.159,17.012,-18.049
1751286387295,2025-06-30T15:26:27.295,39.230,114.329,18.598,-19.024
1751286387305,2025-06-30T15:26:27.305,39.240,104.268,8.293,-20.488
1751286387315,2025-06-30T15:26:27.315,39.250,93.354,-7.012,-22.073
1751286387325,2025-06-30T15:26:27.325,39.260,80.854,-21.890,-22.439
1751286387335,2025-06-30T15:26:27.335,39.270,67.805,-28.963,-19.939
1751286387345,2025-06-30T15:26:27.345,39.280,56.646,-20.915,-16.463
1751286387355,2025-06-30T15:26:27.355,39.290,45.915,-3.110,-12.439
1751286387365,2025-06-30T15:26:27.365,39.300,33.537,11.890,-7.744
1751286387375,2025-06-30T15:26:27.375,39.310,20.000,17.439,-4.512
1751286387385,2025-06-30T15:26:27.385,39.320,6.524,14.573,-2.317
1751286387395,2025-06-30T15:26:27.395,39.330,-6.951,7.439,-0.610
1751286387405,2025-06-30T15:26:27.405,39.340,-20.122,-0.427,0.549
1751286387415,2025-06-30T15:26:27.415,39.350,-31.768,-4.634,1.707
1751286387425,2025-06-30T15:26:27.425,39.360,-41.646,-3.780,3.232
1751286387435,2025-06-30T15:26:27.435,39.370,-51.037,0.122,4.939
1751286387445,2025-06-30T15:26:27.445,39.380,-58.963,8.780,6.768
1751286387455,2025-06-30T15:26:27.455,39.390,-65.793,19.695,8.293
1751286387465,2025-06-30T15:26:27.465,39.400,-72.744,27.012,9.451
1751286387475,2025-06-30T15:26:27.475,39.410,-79.146,28.963,9.817
1751286387485,2025-06-30T15:26:27.485,39.420,-86.037,25.183,8.963
1751286387495,2025-06-30T15:26:27.495,39.430,-92.134,20.854,7.500
1751286387505,2025-06-30T15:26:27.505,39.440,-97.317,22.012,6.768
1751286387515,2025-06-30T15:26:27.515,39.450,-102.561,28.415,6.402
1751286387525,2025-06-30T15:26:27.525,39.460,-108.415,37.866,5.488
1751286387535,2025-06-30T15:26:27.535,39.470,-115.854,47.744,4.146
1751286387545,2025-06-30T15:26:27.545,39.480,-124.695,52.988,2.744
1751286387555,2025-06-30T15:26:27.555,39.490,-133.598,49.329,2.500
1751286387565,2025-06-30T15:26:27.565,39.500,-142.378,39.451,4.512
1751286387575,2025-06-30T15:26:27.575,39.510,-149.451,26.768,8.171
1751286387585,2025-06-30T15:26:27.585,39.520,-154.695,18.537,12.256
1751286387595,2025-06-30T15:26:27.595,39.530,-158.476,19.268,15.854
1751286387605,2025-06-30T15:26:27.605,39.540,-160.732,23.232,18.476
1751286387615,2025-06-30T15:26:27.615,39.550,-161.951,25.244,21.707
1751286387625,2025-06-30T15:26:27.625,39.560,-162.134,25.671,25.366
1751286387635,2025-06-30T15:26:27.635,39.570,-160.915,23.232,28.171
1751286387645,2025-06-30T15:26:27.645,39.580,-158.902,16.829,30.000
1751286387655,2025-06-30T15:26:27.655,39.590,-154.695,8.110,31.098
1751286387665,2025-06-30T15:26:27.665,39.600,-148.598,-0.427,31.220
1751286387675,2025-06-30T15:26:27.675,39.610,-141.159,-7.134,30.488
1751286387685,2025-06-30T15:26:27.685,39.620,-131.768,-8.902,28.476
1751286387695,2025-06-30T15:26:27.695,39.630,-120.000,-4.146,24.878
1751286387705,2025-06-30T15:26:27.705,39.640,-105.793,5.732,20.610
1751286387715,2025-06-30T15:26:27.715,39.650,-91.707,15.061,15.244
1751286387725,2025-06-30T15:26:27.725,39.660,-78.049,22.256,11.341
1751286387735,2025-06-30T15:26:27.735,39.670,-64.695,28.171,9.390
1751286387745,2025-06-30T15:26:27.745,39.680,-52.012,33.537,7.988
1751286387755,2025-06-30T15:26:27.755,39.690,-40.854,37.561,6.524
1751286387765,2025-06-30T15:26:27.765,39.700,-31.220,38.232,4.573
1751286387775,2025-06-30T15:26:27.775,39.710,-23.049,33.598,3.049
1751286387785,2025-06-30T15:26:27.785,39.720,-16.341,24.146,2.622
1751286387795,2025-06-30T15:26:27.795,39.730,-9.939,14.390,1.829
1751286387805,2025-06-30T15:26:27.805,39.740,-4.146,8.232,1.220
1751286387815,2025-06-30T15:26:27.815,39.750,0.976,5.732,1.829
1751286387825,2025-06-30T15:26:27.825,39.760,5.488,4.451,3.049
1751286387835,2025-06-30T15:26:27.835,39.770,10.183,3.049,3.902
1751286387845,2025-06-30T15:26:27.845,39.780,14.878,1.280,4.451
1751286387855,2025-06-30T15:26:27.855,39.790,19.817,-2.622,3.963
1751286387865,2025-06-30T15:26:27.865,39.800,25.122,-9.634,2.073
1751286387875,2025-06-30T15:26:27.875,39.810,31.098,-17.988,0.061
1751286387885,2025-06-30T15:26:27.885,39.820,37.927,-24.390,-2.622
1751286387895,2025-06-30T15:26:27.895,39.830,44.756,-27.683,-5.915
1751286387905,2025-06-30T15:26:27.905,39.840,51.829,-26.646,-8.354
1751286387915,2025-06-30T15:26:27.915,39.850,58.659,-24.085,-11.098
1751286387925,2025-06-30T15:26:27.925,39.860,64.756,-23.963,-13.354
1751286387935,2025-06-30T15:26:27.935,39.870,71.524,-25.732,-13.354
1751286387945,2025-06-30T15:26:27.945,39.880,78.720,-27.256,-12.317
1751286387955,2025-06-30T15:26:27.955,39.890,85.183,-26.220,-10.915
1751286387965,2025-06-30T15:26:27.965,39.900,91.402,-20.915,-9.451
1751286387975,2025-06-30T15:26:27.975,39.910,97.500,-17.683,-10.366
1751286387985,2025-06-30T15:26:27.985,39.920,102.500,-21.402,-10.793
1751286387995,2025-06-30T15:26:27.995,39.930,107.256,-29.939,-11.707
1751286388005,2025-06-30T15:26:28.005,39.940,112.988,-38.659,-14.695
1751286388015,2025-06-30T15:26:28.015,39.950,119.695,-46.524,-17.378
1751286388025,2025-06-30T15:26:28.025,39.960,126.280,-52.012,-18.902
1751286388035,2025-06-30T15:26:28.035,39.970,132.195,-52.561,-20.305
1751286388045,2025-06-30T15:26:28.045,39.980,137.561,-47.012,-21.829
1751286388055,2025-06-30T15:26:28.055,39.990,141.890,-38.110,-23.841
1751286388065,2025-06-30T15:26:28.065,40.000,145.549,-28.780,-26.341
1751286388075,2025-06-30T15:26:28.075,40.010,148.293,-21.707,-28.780
1751286388085,2025-06-30T15:26:28.085,40.020,148.963,-19.756,-31.159
1751286388095,2025-06-30T15:26:28.095,40.030,147.561,-20.549,-31.829
1751286388105,2025-06-30T15:26:28.105,40.040,144.207,-22.561,-31.524
1751286388115,2025-06-30T15:26:28.115,40.050,138.415,-26.037,-29.817
1751286388125,2025-06-30T15:26:28.125,40.060,130.671,-28.171,-26.098
1751286388135,2025-06-30T15:26:28.135,40.070,122.744,-25.244,-21.829
1751286388145,2025-06-30T15:26:28.145,40.080,115.183,-17.317,-17.988
1751286388155,2025-06-30T15:26:28.155,40.090,107.744,-8.049,-14.512
1751286388165,2025-06-30T15:26:28.165,40.100,100.366,-3.232,-11.707
1751286388175,2025-06-30T15:26:28.175,40.110,91.220,-5.854,-10.244
1751286388185,2025-06-30T15:26:28.185,40.120,80.915,-12.195,-9.085
1751286388195,2025-06-30T15:26:28.195,40.130,70.427,-15.976,-8.598
1751286388205,2025-06-30T15:26:28.205,40.140,60.122,-16.707,-8.902
1751286388215,2025-06-30T15:26:28.215,40.150,50.427,-15.488,-8.415
1751286388225,2025-06-30T15:26:28.225,40.160,41.159,-13.598,-7.561
1751286388235,2025-06-30T15:26:28.235,40.170,30.793,-12.012,-6.280
1751286388245,2025-06-30T15:26:28.245,40.180,19.817,-10.000,-4.268
1751286388255,2025-06-30T15:26:28.255,40.190,8.415,-6.585,-1.951
1751286388265,2025-06-30T15:26:28.265,40.200,-3.598,-1.829,1.037
1751286388275,2025-06-30T15:26:28.275,40.210,-15.183,3.537,3.963
1751286388285,2025-06-30T15:26:28.285,40.220,-26.220,7.439,5.915
1751286388295,2025-06-30T15:26:28.295,40.230,-36.220,10.305,7.439
1751286388305,2025-06-30T15:26:28.305,40.240,-44.756,12.927,8.598
1751286388315,2025-06-30T15:26:28.315,40.250,-52.927,15.427,9.939
1751286388325,2025-06-30T15:26:28.325,40.260,-61.646,18.354,11.585
1751286388335,2025-06-30T15:26:28.335,40.270,-69.878,22.134,13.293
1751286388345,2025-06-30T15:26:28.345,40.280,-78.598,23.476,15.061
1751286388355,2025-06-30T15:26:28.355,40.290,-88.110,22.500,16.463
1751286388365,2025-06-30T15:26:28.365,40.300,-95.793,23.476,17.195
1751286388375,2025-06-30T15:26:28.375,40.310,-100.915,27.561,18.171
1751286388385,2025-06-30T15:26:28.385,40.320,-105.915,31.463,19.329
1751286388395,2025-06-30T15:26:28.395,40.330,-111.463,33.780,19.939
1751286388405,2025-06-30T15:26:28.405,40.340,-116.098,34.207,20.122
1751286388415,2025-06-30T15:26:28.415,40.350,-121.585,31.768,20.244
1751286388425,2025-06-30T15:26:28.425,40.360,-127.012,27.439,20.610
1751286388435,2025-06-30T15:26:28.435,40.370,-131.220,23.049,21.159
1751286388445,2025-06-30T15:26:28.445,40.380,-134.512,20.732,22.012
1751286388455,2025-06-30T15:26:28.455,40.390,-136.646,20.732,23.293
1751286388465,2025-06-30T15:26:28.465,40.400,-137.988,20.488,24.268
1751286388475,2025-06-30T15:26:28.475,40.410,-139.085,18.780,24.817
