7190225
7293765
6977893
6525520
5629831
2352820
5775367
1358004
5747860
1773575
516037
2840716
6692593
6883229
2946625
2144061
6692950
1437945
792835
5306259
2027659
6865907
1359052
2088551
384232
362513
4667710
550223
5113815
1608362
393289
6867193
2318375
519500
7398234
7187746
393099
6054578
7380806
2795670
5283771
7255644
2826048
1812586
4749953
7030919
2946380
4467958
5876372
2203136
1909205
1925707
4659029
2144420
5319071
1523333
4797337
3100762
1306136
818576
5856266
3881202
4743843
5186928
2229137
848197
535771
5117979
1774368
7397989
7398245
6901900
1811966
413884
6326568
3086600
7430741
2343519
5007571
770370
1932294
5261168
6578204
5283735
2086920
6106414
2402681
4848387
4924928
4367443
547459
2131736
2343659
459560
5114477
5118920
3990159
4843034
7426194
1971625
6431939
5005951
5222100
770412
3163974
6745618
1602049
6702610
6886851
1380424
6936207
1351733
2225942
198011
1765363
1938857
1571052
2144150
3715761
4754119
6082857
2485206
1129961
4925272
2187911
4981968
1324963
1765610
560120
7209960
1225488
3136756
6781356
1932243
508815
2395977
4432243
1765376
6876403
535542
191531
4013407
4383698
2857844
1915395
2947120
5823460
5287594
2203328
4778001
4245172
6747322
4705299
4786294
4755556
6054815
5647491
1931749
5118857
1965285
6558669
6992997
4224508
5639095
1786497
4009101
4837603
6550717
558054
1957094
5105048
7221437
2331730
2158373
2361060
2034733
4674121
4939426
1925397
5276322
1964203
329759
6815205
6888001
5764995
6018715
1366906
1602394
7198386
5753960
6142673
5186623
3163961
2343417
171992
2354138
6982364
2151254
4857217
6934198
6747312
5764842
7323704
558495
4937930
1507086
2103185
4859862
3724997
7391134
4857104
5779725
5647281
760398
350922
6998064
4760306
5892075
2316708
393334
2935654
2960522
6882275
4984841
6046968
4674169
7250424
6838543
1997673
5711440
6871172
6442955
2027763
6629381
5803711
3100695
5420078
7367597
4266573
4930085
5186866
4837699
4413769
7412952
2789935
149457
7228990
329331
1963950
4356589
2422292
5104943
4647287
3011343
1915414
6679819
558001
4937758
1812106
5660136
6326509
5272641
266523
1172188
6986245
1207556
6629372
350047
6326260
2152714
3011136
1787080
4818437
6077830
5779671
4652459
2086176
6871279
4755601
4909940
5423869
6100251
1997923
3113612
2986151
7326402
6789089
149316
2427321
1171707
760660
4479578
5295786
848172
1558621
5126709
5630496
1806124
1571293
3196005
1342842
6894529
519599
1964836
5857676
6898449
3730631
6978315
558633
1634535
5224817
7390435
4647300
1835113
3113654
4694671
535070
6778356
5104713
6888193
406906
857963
5368138
374093
1786891
7384399
1144866
4795792
6894549
1180347
4498154
5647408
4084296
1290184
7292789
361920
2833109
4837040
2329811
6131855
6140963
6597625
1305944
6298912
5769089
5376856
2368240
1359109
474882
1629849
6972688
4230464
760713
2959917
2935713
2402664
2375008
7197196
1409868
7391296
4842441
5639618
6663733
333650
1964754
7198070
1558769
6934127
400702
4575700
163960
2840747
4437450
4937952
1913191
2970742
4236109
1324635
6569870
2422327
560247
5711438
6018835
2368999
2342678
6729126
7305508
393152
5684273
2317153
6054793
6874885
4857264
1207060
1504315
6882392
4744938
5287814
7383941
6699096
5659492
7440925
384904
7397602
558866
6875307
4497869
648575
6558511
5800869
6685266
5638864
2976832
2789712
2330272
4515155
1410633
7189889
438670
6997700
1289910
2078480
1931998
2402657
374195
4937953
5306298
1786554
2832763
534625
1690706
7216526
2103320
1306115
6041705
1786296
4367183
7305775
6029199
4361523
4761422
5647372
7229098
362208
2151713
4842422
376164
6710555
3113923
6894782
6699833
2422637
3822238
6875088
6706560
6310014
568965
2319016
6710459
2235022
745756
3949440
413903
6882335
2203255
549184
4706578
5630360
548799
6501178
2004137
7191289
5753388
6782591
393363
2280339
3947176
329371
1608330
5273278
2034683
5943081
6711485
3720854
5808157
1442148
6729084
6578160
207091
3158225
6046902
4083881
4859644
2131543
5870735
4843667
5202941
2789799
7298921
1171658
7430606
442696
5257140
6874775
1128919
4939768
1812018
5881749
1772373
535850
4760084
3724791
2131370
1997801
6706479
172964
6687684
149946
2947251
2226009
1351883
1925313
548972
2157609
4797375
7412623
4652477
4662633
560057
1784905
1993231
4744018
5701320
5290032
3705013
149851
1442982
1765402
1545446
6800539
3902983
6046966
5774970
4367268
3814004
351836
3947132
3158362
4230488
4468404
231282
3947087
1932264
4706958
2471587
191713
7197052
3840477
7384318
4380190
2344073
6100104
5306227
7014843
560878
4651706
5104721
5267348
2354324
2103877
7018153
2332053
6888953
5974634
818292
1523735
2396423
220802
4843282
3705043
1806084
5303925
7410572
7235230
5267186
508809
6781170
2138336
4070990
6921761
4356741
5224697
164611
4437659
2281314
4856989
648817
818492
5113771
5283849
4979261
5197240
6532333
5190725
3906252
1507028
4437737
1787704
7299236
433425
1537311
6901749
6731710
5186280
2187991
535150
506483
4751113
4438291
4036551
4778042
2193179
7313424
157293
6882811
4526236
1372790
2344854
895089
7189756
6781560
1997737
2144957
5737069
516068
1343323
6961298
1442733
6563546
2353168
5119310
7340459
7196249
4946758
1200566
4356410
4361759
6883268
1950597
5382140
71770
77702
95343
65597
47599
2416001
38130
88682
96938
44108
53337
7517034
7469430
74557
96513
66354
84038
7484416
87329
85288
72382
88897
65536
39887
52669
7263188
2420901
7490236
79978
46275
78761
64900
7491555
71658
80176
46562
89668
6704112
36669
7473459
262044
68618
84209
81010
47853
2323582
86079
40569
48635
7480493
70105
2336240
67548
50299
72894
7479020
83400
56521
57044
37022
66981
68531
83533
70043
83947
7491773
6097937
74698
2429324
41579
70244
6087444
7509607
7489095
77623
58762
76994
59515
202755
4942265
7472083
84424
71339
7486925
62809
7476700
87139
2399818
7476828
7509150
86870
7465497
7468821
69023
79178
97161
49650
8596718
41924
37759
7508976
50033
64526
99562
5109998
58635
97452
5110910
7484734
2416345
7473962
7510709
7480438
81551
86741
194111
1779234
85235
48618
7506869
7478979
59586
6708175
7481081
63642
2399237
50108
79320
7510346
53200
2323366
63177
2391294
80545
48421
76405
75724
76556
88488
1881748
41875
97133
41972
7470459
58695
83423
93855
77719
7489320
52707
65127
61566
7491651
79885
42827
87505
2380027
89365
2337308
7492337
69710
61623
43536
97904
69090
88225
42581
50487
94524
48721
59709
87191
7468748
7498522
7500107
60879
6734557
7494634
7465889
7471739
78249
72971
82155
36465
7509936
79776
2310521
70078
7490782
7503279
7497651
39507
57732
97541
67852
7487334
50565
71405
92693
88439
7493171
61230
65555
7502291
2322942
97365
54686
7477494
7489337
49037
59568
61798
7511672
65348
79658
7504729
2380480
7475976
75742
62057
7510287
38144
55488
69118
7474743
7500620
58246
77814
45589
7509500
7483987
7484663
5110247
67914
67246
7472259
71593
93478
86471
44279
2323601
46274
64300
62171
7478646
7488188
2429234
81696
82800
7495719
7252786
43232
7478711
7465417
7494866
35976
4966763
65874
68678
78164
7468491
7480053
53513
82661
85663
7481712
7479195
99653
81852
96126
88433
7488494
7202301
7252839
97355
7511587
5141247
41304
62796
54631
88696
36721
60958
94447
7486396
5132432
7493909
58548
36150
36045
56980
49348
56088
7491430
82271
66349
7477936
48955
7499004
88146
7492546
47019
7488271
64284
7500987
7510689
40243
64824
56840
7505462
7486623
72609
81213
67995
7492057
89983
54495
85560
73280
2347859
38090
53360
7484049
48481
7480030
36989
52822
80188
54106
67067
7295546
95205
44677
74181
7502963
7476283
75519
7482889
81117
67713
41976
55759
48763
63100
51822
94128
7501332
7497528
6743441
7485946
7502712
7467165
44901
43817
71567
92398
7467792
7487928
61063
7492759
42344
52741
83583
7496912
85987
7486631
7482085
7470230
43507
2399168
867190
7493392
39454
7484191
58165
7477802
7497619
69290
73919
79727
7514499
51204
2380048
5108042
5111207
92349
63696
5153494
62221
73627
95703
42823
1236725
60541
2391635
2384265
39199
58547
53525
68390
60798
7481392
52544
2424273
82581
89319
57127
70615
7476895
5137788
7502236
7477106
75695
7468283
5146265
91291
82707
44724
47706
86907
7467758
40160
51482
38537
7504061
90546
2357970
79009
6690421
59552
7485063
7508952
7506657
7492960
7495039
91466
7514843
86617
49545
36158
59278
2323595
78967
83057
1183223
80624
73847
41548
7489666
72170
47638
98111
62865
93866
7479557
83573
70982
66928
65608
58039
96526
76885
7481700
61789
73350
2399775
7507470
7466640
83998
67314
60619
7466583
90627
7471735
7499759
41120
7500754
68163
7475778
2391975
7485495
7478228
7490627
44332
74274
7470734
56874
69151
37011
7503658
7470139
59362
7489387
64053
39976
83435
52646
7498143
93507
99800
56260
43057
7498457
1147257
4219909
96082
69740
81734
39607
7471848
7511177
72150
87454
7473105
7474739
84557
7512595
7495536
36491
2357936
71517
47819
51819
82317
4707926
49539
7489555
2310453
60176
40644
39686
61575
63967
60454
86952
81732
7509571
53763
90463
7475727
4966712
5183171
7469721
7493919
7500484
36686
7474896
7464584
39893
58327
82148
7476723
89947
56178
35276
7500609
2322909
7478028
63475
68389
7473328
7497036
76656
7506013
7483437
61353
85240
86361
7489219
77825
7482280
72045
67141
36361
58335
7500838
7486690
95676
54841
76787
43875
7504907
69084
58753
82520
2405030
76220
1841526
69843
45132
37364
7470112
56168
7464895
7487757
7302191
72809
7504603
4926443
7508805
7507389
68569
82318
71634
6756848
79886
46503
7193816
92068
52780
53959
91053
73296
7219088
50755
79639
7469475
7510946
2283546
7470213
7494333
75533
85561
7491254
69591
51589
47481
61163
58565
7501634
75607
71077
7510573
76170
65916
38088
39441
55898
7482241
48557
65878
40038
71828
65253
64219
35704
4932246
41060
7466378
44311
7404513
435879
4913516
687831
5845875
429849
3857277
410868
2050362
7302734
7328479
6516547
489245
3062532
3222979
1400747
2260939
6923011
1472313
3929413
1976986
6798370
435431
2000214
5314164
2256672
4522968
461509
507248
6947407
2133564
6673599
4601594
5226781
2039195
435446
2050175
5846047
7419915
5789892
5846687
4909149
7393988
2254346
4824470
6785520
2059665
446093
4454250
2255442
4901750
3314521
2216898
6439667
3931005
3926602
5228739
6885579
4441468
513895
3515760
2255969
6785688
2207770
5207686
4599347
6850766
3329233
430450
7374060
4464675
1496351
7453705
520193
1595045
2067524
3512959
424363
2994211
2025120
1468008
5551567
6514647
6525317
7459664
5976453
3504981
4796486
5979305
6952198
410852
5553637
4904980
3630074
7421370
5517405
2251618
5846416
7400677
4906401
3229835
2257190
471883
493278
7310766
676766
2059089
4901832
6444990
429603
6947743
2216793
3013010
1622965
3329960
2262710
5555067
6533176
370161
675690
4605106
5337602
3445239
4901604
5983898
6906888
466886
3053715
3181735
7424518
6511335
3013234
3655241
2260845
6673725
2061375
396593
6613260
4390578
1674454
435517
3926233
5846739
4601628
6542710
5288167
2065193
5518608
2259806
6650037
507249
4595578
3447566
5931752
3444134
7374403
2057565
6649948
7416648
4592122
3053404
5810223
2065628
509809
617507
4919166
2056265
370317
6867466
6878812
3602010
3516511
3516076
2209048
2064690
5936477
2053280
7376722
4569658
5854347
3929054
1668611
5849791
1477683
1668371
2024819
4510901
3438928
2037734
488916
5248303
4846569
5842541
4527945
5551391
501253
3594519
3515696
3653997
5251401
370656
492960
494052
5989237
6935022
4538412
2262525
5214579
2260722
410946
1604294
1390948
6559756
1413976
604588
1479035
6626284
3223984
4592436
2055827
528848
4611386
7454231
7436942
2268895
3329832
3609804
3610095
4901003
6530467
6469281
5846440
714738
2198719
6947417
5845351
676718
6945342
3216869
3229270
7376912
435823
688461
7374047
7414197
389248
6865945
6911055
6494724
2060688
4617554
3596751
1673579
488030
3947575
4563607
5621355
4796632
3216445
488910
3606234
6514194
714685
1383035
4594905
4904766
6008821
6488449
494398
6590904
5546930
3949652
2250270
4597702
6673631
3609561
7331960
2051386
4479986
4484745
4903962
510231
1674128
5845701
2216367
682290
3605767
6464791
2114043
7433757
467631
2060829
723169
5842955
683089
1473202
5936393
6533018
370402
5274831
5849259
4918724
683693
6867404
4441263
693812
5986709
1482160
2260365
4370294
2256983
7343675
1397077
370156
7362498
6520302
7458192
3432951
2065175
3053297
3086992
3316607
467696
2059845
5854751
4904915
380647
3316525
7376864
3652367
5980448
3314637
1967842
2256450
683714
4510880
6524901
5983792
5216346
5549176
4617582
1667645
6590714
6926974
2053345
6853211
4613230
3086662
4919002
3630199
6523611
5979576
2224549
3316643
5274588
492539
3592687
3446428
6910428
4906178
3507288
2058918
714710
2059211
5962626
5423544
693931
6922920
541064
6676075
6461655
7321497
4595716
5986153
3053445
5842638
6125793
5761682
2261406
4414611
2029516
6947688
6658274
5621043
3630207
5216643
4547333
2154383
5846355
4597694
2098222
6445216
3926366
5518292
4614532
541134
3503250
6523469
7309807
5765943
461937
688835
4810027
2056286
6961796
493036
493706
4414520
3949580
6948130
4559924
1616928
6891372
1668906
2036426
3087046
2209430
7452270
3517434
2113996
2209560
3592739
1496224
526413
3503078
2257056
1967760
1507172
417294
1668347
7401013
2251333
5625515
370043
6125174
5986786
7376690
5877692
2207803
424090
3419355
7310855
7335473
6950059
2262713
3953810
3328312
2251142
5615604
7324766
1468700
2050248
5979243
5976337
6609649
6524800
7346003
3062005
704386
6950471
4435661
7400057
2113986
5554242
380299
356681
2053163
3181569
6656427
493947
5291940
4390483
2141042
2056682
6536048
3228421
6624740
2060836
6519873
4909437
4394946
435341
4865337
6932025
5951494
7374351
3067659
4592568
417538
2057525
5616868
6677840
512687
6008888
675683
2250592
523663
3066913
4910727
6902632
6519604
699176
5854794
504782
435771
488306
526658
7370505
1426026
6433906
1698076
4905867
1478678
4567780
3596860
3639588
3216780
6947739
4909025
356575
5228842
2052690
4904625
411103
4904450
5332350
5756135
4867930
3137124
7452163
3604287
1674414
3071710
423887
5343056
4904233
1684768
4522498
6464790
380797
6855208
1994254
4469014
4516976
6609810
2259607
873805
3086931
2060248
2060970
3071431
6798696
693528
3053843
4904078
3328374
3924028
2050421
2059775
693797
6920454
1482348
4569446
6791749
6448824
2066990
2208658
7454031
7328103
4613113
4605190
4400250
7458361
2141330
3067582
526461
2216176
4901471
5983996
5842322
7332581
497654
417937
370687
3329519
2208276
2255972
4058404
1610209
688476
4482399
7316642
4544952
3053372
1595184
1967861
636668
4082637
6519238
6810369
3615714
2067305
4614629
5976424
5336145
636721
2256541
676133
4466761
440541
6565524
3517302
6932137
516785
1472557
494275
2063330
1673510
6906769
1674393
7362868
3062087
6565738
7419998
3609497
6646591
3609959
7386915
682942
5846798
523452
435312
6448910
2052758
2059519
1668787
3187691
357184
693617
7350334
507242
5548380
7341780
6565545
2082339
3949577
2260596
2051352
5852533
6879173
902763
6099612
4051083
7027916
5126120
205691
7223579
3989178
7277736
863880
4050813
5596768
2804161
225258
4079479
6333493
907570
1317704
4282113
4340475
1139562
240833
3582051
217366
853369
2764292
7239294
4035718
6341886
834635
1849651
3285467
6366890
3722343
275835
4971372
4264380
2846034
1141745
1843210
4344518
4332736
6405015
4066651
4285933
4256181
6419079
4230111
3405112
2808946
6147475
3708689
6070451
1295352
1858693
2825018
4029140
1780673
2859849
1157132
6735742
834180
6111634
179144
3761281
3817979
2875261
1245671
6146393
282301
7215523
7216357
856315
5734179
5129935
6307708
4293821
1191328
6715712
2849754
2822722
6027694
2883334
2852517
3720108
2804573
4282796
1233424
6730903
1198305
3708346
284664
6076555
4229116
2868699
823745
4215450
1797259
2788173
2933356
183326
6774950
3988121
1289340
853558
3809001
6295910
4277144
313174
6324375
4244030
2777759
6385924
1298861
3764648
4084032
3808204
5146824
6081571
2785210
4252432
4077203
258285
3776958
3719716
3768422
323858
3782624
2933961
1123701
4084911
1846475
2837815
7285119
6775788
6319734
4669683
7059748
6069645
2810317
6735837
5423212
2940960
6410450
7280178
7021886
1246336
2847168
1828203
3982917
4226470
4278378
2846221
3720613
3971336
1162718
3808573
4294666
6081208
176038
3732545
7194444
6147287
4295251
3400207
4266150
2801230
4073743
4029414
4069881
1251406
4050419
4248857
1244632
2934616
1224839
3743697
163036
3774062
229333
6406896
3582390
2824138
902020
4304763
3961616
5390106
6418696
7215645
154456
864501
6755423
5422197
1763337
244584
6773449
6337395
1867310
4035397
3809383
7579956
834024
3722596
5739902
2846734
855357
1919680
2820012
1160676
2871643
6098201
7184717
4255868
4978050
860816
5739195
856713
3710198
6744399
909345
3591260
3747794
4066553
1781211
3703073
3963216
4003062
1317602
7022494
6751189
3754492
6726853
1218761
2790612
147986
1239959
3727128
5158254
2785959
4222793
845666
1312325
2865327
6297391
4340820
6063329
6373116
913543
769978
2824953
2466167
1156425
785721
5102604
6356279
5158116
1179331
147219
2875668
3773535
2781679
3717348
6338864
4077378
7215629
4305082
5651115
6365653
6724692
3761023
3754646
4238643
859472
6730748
1839686
1313784
2851014
4697588
1314883
4011443
4215443
5731575
2767031
1299528
205490
6744979
814410
1288393
178196
1314503
4011233
4693747
3768380
7204411
1142255
7261762
1817251
2804016
839644
3696611
5667440
3821158
1849632
281646
1916138
4661954
6297220
3813413
1769198
4213211
7525271
839804
3727353
170724
336397
6738551
2470537
6683274
7243899
805075
2823826
1314775
2936254
4242945
229585
3770912
1296027
805654
1239332
5683086
1313406
3811027
1301040
170252
2791005
6686384
2858796
1301060
816881
4264925
914283
7277611
2930763
2866183
4003074
327237
187795
1134116
4711977
4281642
5735851
905953
4734299
1199068
4697717
3819210
335935
7221089
2939083
4247858
4234414
5160758
5659000
222792
5693760
755036
4015882
2883509
1309267
5676605
4069808
828611
905478
6025606
1866659
6385647
6724915
4221814
3993607
1140755
2943216
3783262
6354621
6359528
183464
155207
2862353
1144439
4342969
4066664
2800152
6301501
6325463
6361165
4304784
3744305
2467207
892256
7234298
204367
2936190
227556
5716497
1855631
897473
747790
4287468
2799420
4275065
2469878
6406711
7223568
6141331
2484413
6735925
1223694
4226978
6311027
1141845
2846739
3762596
4029745
2779204
7236167
2805898
6378829
893843
4075570
7223617
1142009
6419354
4342034
7276904
1186459
5387504
4227218
1780779
3785571
1123995
3977682
7187228
7275015
1203796
5732713
2819394
1794122
4083118
163411
263510
4006971
4235997
268913
4253174
1156339
1256153
7286611
2818313
248966
4051176
4211793
3737587
6702292
3782858
4669969
3999154
2848613
5669284
1135429
205645
214327
223650
1132305
4039139
4646606
6071438
6686062
4217285
1191237
2839717
6317050
817340
5173199
169750
2766695
6724848
3728459
7203289
2922537
2779014
185538
5350355
743349
4078040
4348618
1123883
1905241
7189167
6080930
4673274
5710836
4011667
4739919
6016095
6331271
2786145
3702361
7280194
1163595
338167
5654077
1874872
2783791
6014341
6070276
2876602
6025453
892077
4330048
5731692
4291279
3764798
5687688
1917941
5731061
153175
282342
734603
1842363
6330920
6307710
810692
1769685
788807
335560
3977658
4336065
2816399
2880068
913628
2872665
907232
6691642
228830
1850116
1239409
6330208
1156347
4291302
222449
7220701
336173
4248177
6039044
6388424
6742061
3400127
3750412
6696814
1135863
233949
804995
6302869
1159112
284493
4701263
7257760
4250051
170604
5588389
4691012
2465809
4348984
4268848
1164293
3714209
5395630
857059
4247636
2803903
6141620
1796370
6028054
1167167
7059776
1141597
5508236
6093357
1296113
171066
242594
1850887
3734010
6318290
7233744
3748165
6334118
5101879
6702279
3998895
1860871
911641
906084
5734840
4226588
7522834
6710159
6696794
2867969
2804864
3997987
2823903
816108
7236759
4242483
773056
1913871
1241056
4330913
1142083
3756369
2785397
4715976
5103331
4676845
169707
1168958
7212285
177315
1853343
4012934
1822324
2421162
1918717
7523210
6016477
1288809
6749390
6684530
5170212
2851871
751799
5645482
5709757
6686516
7232153
2930810
2798254
4733907
5397825
3727331
8303458
8053012
7548403
7844483
7594880
7589463
7800306
7816957
7961072
8532560
7631406
8009807
7962941
8311204
7757043
7600983
7625354
8066043
7917406
8482241
8447391
8547215
7755303
8150076
8180145
7641162
8452028
7564495
7958296
7647167
7965090
7737193
8487216
7653209
7550934
7993580
8200256
8470047
7725277
8511667
7856575
7845540
7642469
7839257
8257477
7582382
8134389
8083003
8492572
7810903
8319764
8427032
7967271
8418059
8562441
8127711
8088938
8332428
8430239
8415337
7529165
8577582
7717285
8521404
8555087
8417418
8523621
7680133
7775911
8005948
8311696
7684259
8537486
7859150
8163902
7877546
7810542
7964643
8128180
8219981
7584369
8351536
8377098
7836005
7887743
8213609
8280596
8103374
7616107
8295191
7608230
8009539
7782715
8478324
8318594
7614477
8558911
8153534
8418975
7965773
8317469
8238038
8447723
8528976
8244926
7857758
7856647
7947976
8504182
8406025
7646671
7828165
8142159
8487835
8451375
7687266
8125033
8318898
8243004
7940304
7972751
8334063
7685456
8428750
8519302
7912420
7594233
7761060
7906885
7816366
7797036
5492470
7808340
7769956
7817110
7901977
8322168
7853466
8519540
7666681
7583807
8297528
8546142
8047184
8227637
7764276
7548648
7626274
7990926
8116599
7714506
8072949
7906867
8344778
7708054
7660909
7585487
7841458
8505449
8530452
8061618
8003470
8542391
8097545
7952097
7990410
7916590
8117034
7628279
5465187
7903809
8366719
8093330
7788302
7925198
8452967
7803545
8507963
8471148
8082894
8044857
7634203
8273528
8527681
7698697
8029426
8456420
8205352
7620543
8282886
8241914
8304697
7792022
7978554
8485993
7667546
8307568
8435091
8116463
8337892
7548486
7715285
8199738
7733052
8443511
8436416
8577532
7958669
8388331
7997801
8388835
7728350
8487941
8248702
8346250
8382329
8149017
7885406
7840506
7630319
7944544
7554637
7599187
7847874
7680112
7886691
8394720
7664039
8587324
7843609
8052180
7809184
7852466
7630580
7610073
7650029
7678414
8189871
7863977
7536821
7669983
8351792
8243182
8516867
8021347
7598405
8463241
5466558
5485192
8069942
8326099
7652748
7552921
7557404
7677132
8166855
8528108
7909415
8465217
8197123
7722727
7542374
8364754
8310112
8195206
7754807
7690244
8097090
8232402
7622350
7800732
8250275
7721536
7549486
8314854
8458896
7663816
7648380
8306472
8335126
7910330
7638787
8040222
8016480
7967559
7562075
8367828
7739186
8399268
8449905
7784047
8374937
7920454
8580560
7586306
8036699
7788825
8179157
7651483
7557807
8107764
7940482
7983112
8409851
7543751
8438278
8649080
7941461
8302262
7987767
7901743
8218787
8365844
8375008
7680689
7579017
8485536
8483931
7657659
8546424
8205764
7879816
7677715
8229866
7854572
7614274
8138873
7830577
8388467
8089779
7647561
7746483
7780325
7631492
7570280
8325960
7699035
8197821
8572472
8255529
7903388
7775971
8590258
8348670
8437977
8083146
8185349
8350626
7552510
8054198
8271585
8157836
7562972
8591934
7600690
7902504
7571716
7747204
5503415
7750680
8493561
8112723
8544282
8527367
8396977
8314602
8404281
7664376
8055964
7901339
8339598
8455008
7558814
7735383
5491618
7820267
8290484
8041176
7604678
7941595
7751940
7906309
7677566
7782510
8221705
8210185
8427641
7969589
7725468
7870405
7643077
7983481
8064553
7641838
7601847
7739738
8200916
7730261
8046808
7882691
7988728
7604012
7843833
7907232
7988838
8587424
7867310
8032787
8393927
8573148
7870511
7793210
8406434
8542005
8261097
7849232
8481644
8546257
7891914
7700308
7941201
8124293
8244598
8173181
7556077
7708939
8119352
8307946
8244550
8153639
8429119
8241450
8139535
8377789
7785421
8127425
8161311
8451002
8107744
8506476
8490533
8141328
7560453
8461837
7647645
7676011
8528148
7588566
7738664
8326972
7580148
8282613
7756726
8061259
8032173
8360639
7946811
5428797
7642066
8446701
7805436
7866653
8201723
8368726
7540720
8092524
8474792
7750773
8234634
8351758
8247154
8013703
8651309
7820625
7990257
8570580
8102085
8560829
8050570
7896810
8039674
8338461
8573282
8085936
7644399
8171761
8144417
7887378
7995830
8377219
7982919
8481247
8382994
7667752
8535885
7850469
8287728
7873465
8389688
7667761
8404050
5495873
7839007
7932829
8534368
5449713
8305732
8542702
7962049
8474391
8518727
5442166
8317612
8646651
8030858
7954479
7913816
8202737
8259949
8563101
8150315
8211202
7687746
8289212
8414674
8057390
7698320
8104692
7537983
8325322
8250949
8448072
8498836
8072332
8129894
8379098
7916968
8127974
7872687
8010084
7935558
7717971
8260881
8075762
7688865
7646434
8413797
8424767
7635083
8480377
7878587
8344532
7716357
8084594
7891968
7955732
8333973
8472249
8317563
8473863
8195208
8382831
8488927
8110475
8389032
7698783
8323385
8013303
7672445
8155280
7623508
8250284
8135615
8102507
8353734
7746236
7799287
7967597
7793882
8439802
8214614
8207099
7620448
7916409
8472138
8524970
8024383
8467948
8235360
7671661
7969789
8248338
8206939
7736049
8188971
5478294
7547833
8365349
7589872
8152081
8057629
7798042
8282209
8312692
7748385
7871874
7788298
8147746
8550226
8133397
8583754
8269807
7841510
8031231
7678873
8273185
7612575
8345317
8573552
8491788
7998312
8547643
7868885
7643067
8486948
8031881
8376970
7973554
7962962
8462897
7967244
8367786
8471936
8468947
7628431
8027575
7544734
8251598
7571689
5489470
8234202
5450029
8333526
7671807
7711614
8074867
8459056
7836178
7983449
8173197
6511564
512058
6071813
4820464
5139225
1545681
5892713
7448334
3231290
3115084
3961217
3230341
6978808
6513869
6852431
4721395
401589
2152156
1697646
6513017
3227900
401341
7362993
6041754
1893049
6339145
3060287
3430688
1766089
1672908
5246083
3537393
4773969
2294346
2388669
550287
5232541
4262216
1465702
6511357
6443456
2931668
536369
6518351
3715854
3236911
793990
164933
536860
3221212
1359764
4687898
4000063
1664922
6400132
325620
4994942
4313646
289184
4820701
6915477
6819341
4719355
4598391
6861958
3304302
4860371
3929705
3332462
5191588
297931
6463548
2458827
364122
3070174
7398991
2106495
5990433
3671114
3068035
1597601
4590153
691771
297346
1989214
7391392
3227043
1481019
5984407
2991973
695879
4543757
5539997
1486886
5978570
7230324
4284750
3066621
6711704
6648046
2906076
428889
6091324
685583
5603295
6781896
2068410
3748457
7365062
5641404
2929341
4994480
3793244
4719539
2378097
4526297
1818809
1664470
2092440
1388667
2281926
5851662
5906636
3748444
2104838
4515683
5726102
7268906
2109327
2918517
1471881
2309712
6438635
3875026
689737
2120075
697114
2362290
7402681
5171242
4542454
6468338
415914
1573621
1484906
1189165
5915423
1325165
1926291
5877220
6559199
4912945
7210836
5218842
7334051
5817717
3501748
549559
3478128
365405
4682681
6390282
4954286
6648688
685122
737927
4685812
6783132
1926207
4315745
364641
6402690
6801219
6671085
1697756
4683440
1129627
4848320
2811939
3973691
2091707
2795787
6908050
900049
308229
4422839
3127536
5267855
3613043
6126558
1798922
5648494
3232769
4746560
4218854
1274120
7044213
5695657
3414840
3678544
2389436
6402685
1153946
7197948
1146188
3225729
1425777
1829244
3875891
509131
3227811
290029
5122910
7007424
5780445
2900349
512052
325049
3711157
6624275
869790
4326362
3571190
3395094
422724
4776139
428504
4404082
4852328
4593872
7225044
6973399
5642788
4723592
2931546
1951379
4995084
5840949
4369840
5423090
7047500
3735258
5414964
2389279
5640265
6444731
3392641
2158528
6511759
4356774
6368141
435102
1988696
3503780
6806147
4807337
1474930
4363057
2388392
1538186
1546284
2906509
5247478
4498353
3537959
2288520
4399034
1906239
6456718
2999609
6864053
3505991
6427243
4327886
5621924
5002260
2091907
4224584
6695109
5167996
7326777
1798504
680171
5409641
3308623
7055831
1675087
6096329
4315194
2257983
1479337
7197879
6521559
2106201
7276076
2104209
3881940
6123932
7057912
5641193
2121063
5628172
5793395
1775624
1268628
3225840
2369524
1788810
6646609
3461628
2928954
6968578
5570945
1298235
3069335
2159512
3928456
5337495
5414702
6571650
6725854
687152
3803691
6659491
1546094
2925179
3985060
4729544
6315679
5536509
7415679
1499478
4590301
1664895
4246221
1277919
5840398
5848945
2913555
3115306
3734631
4905096
3064319
6802885
6955642
4773735
2907481
4951537
6854518
3797940
5844820
685061
6034981
3795922
5169262
2153019
1898515
4405404
1484900
4590223
6411746
3940189
151069
7326960
3932694
2458227
2905781
377144
7010000
4374719
603612
6060848
7054549
6396295
4833494
6532798
2061974
5277659
2388018
6953184
5817436
429042
2993794
3243981
4761629
1468852
3059442
1145563
5212967
2062506
386847
1775216
6648674
1884982
4725647
1493524
1502098
1483548
1195899
4320657
1299960
3874817
164924
1490628
5420214
6083498
5727794
4997143
1988469
403061
1153427
3328060
6348523
2145284
3792875
3225509
4064689
2294116
6807926
3412331
4535525
5817920
6394168
3069593
6857705
7210880
5915272
6310461
4357228
2153128
900541
6816016
3990410
3012632
3840662
6401690
356146
482685
2928087
3571421
4813310
4463750
4237136
5660312
3770003
6117122
6540217
579427
4674630
6320685
1412509
3925387
1483151
7275664
1586453
3516812
1672184
1966962
6129582
1485305
1973211
5847095
6713843
883703
6660814
6658742
1622146
6564612
201668
1933256
5729464
4837855
562446
5277965
6806257
5281353
6876908
1412876
4075243
5291325
3647895
1499152
6660526
3434999
351771
5882495
5755150
4596701
1275513
737901
291781
1262220
1524050
1474070
5136575
2111323
7326834
6559206
6982854
6648617
4671494
3210969
1823407
2383191
3721060
4063644
538916
691284
5804997
685066
6399543
672508
842653
2268587
6393092
3435631
3573479
2062324
6812967
3059980
2281945
7200570
4790607
5990197
3710999
5171251
6521160
4820487
2906097
5755023
1484197
3335172
3807120
5906561
1677176
3300002
635687
5765148
687524
3499795
6124737
4604876
7275856
550850
4898797
2841666
2146801
207624
1227619
4997955
7363760
3630279
4757100
1822864
2999856
3482483
5760023
501087
1981737
5718266
6120967
3210148
2361807
3299148
1530877
6340915
6908025
597037
1485504
3735045
6902426
1664629
3484682
2123257
2167795
150881
1894308
5140448
2145925
5362882
7192473
1261225
416921
4333467
4852268
4848965
697756
6654910
3465971
6399737
6036279
2091838
3339668
1593361
4059887
4848710
6065523
1622385
5657048
2093826
5168758
5293499
4033091
5804796
4767702
3052326
5225752
2451769
4969311
6763567
867960
4935677
4907187
3973723
5267750
1580495
3721226
4322628
3678903
150741
4313153
2265145
1470600
4056669
6336149
695562
7193706
7200414
7009896
5987215
5245033
6862127
1664093
2931316
513816
1775431
6047856
6806598
7227549
5988563
2906899
697434
2885465
1473666
7265430
6368338
6126673
1957562
6863859
7040045
7456662
4854594
4913605
4467033
4564028
630832
1496244
6559873
6650259
2268286
5553737
1984171
3933433
3897252
4904603
3301199
5789862
3483779
6864158
1952320
5982964
424077
7453918
2267050
455569
2260761
3508407
5337634
4560131
4913750
3495253
5628258
3933060
3933267
2012395
3479293
3431601
6810301
4475994
1967427
3635834
3630739
4767866
6613275
2065133
2057329
2260471
1482181
3293700
6598407
5610125
7364581
6530741
5424154
6856159
1482441
1677787
423775
6609819
1968179
7453223
5539145
512948
3303635
6831139
5536046
1977632
2069346
6820487
6514957
6803756
513149
3290599
5532892
3071423
6834770
6803172
5989620
6862832
6853035
7458021
5195099
3454607
6477727
3303856
2266965
2066528
3483354
6850928
440611
2069829
5335008
3454501
3929013
7460075
5850136
6950467
2005570
3897397
3295400
5558482
5624155
7332446
5789744
1420530
7324753
6439746
4511182
3303294
6511128
3933739
3071501
1959247
4809503
6949924
6920629
1977938
3931071
3481159
1622884
5288226
2114538
7453442
3061154
3481484
3445212
5624826
3654422
1595128
5535845
1479145
1959579
6863334
5818147
5618808
6657840
6947103
492974
3294087
5338311
4544835
6952876
4460288
3432389
4545694
1990366
3306649
3923800
2069134
6613248
4850231
4591924
6433785
5330222
6856387
446184
510022
4777071
6903187
3495883
3921614
5550259
2266633
5335231
6920612
4414482
6864314
4759130
4814710
3299349
6798274
5624815
3930919
455109
5256333
1989725
7365919
2097314
497113
3857172
4499184
1952732
7401066
2260335
5951538
5946560
7364630
4462105
3454789
5251347
7454145
4406082
3432319
5558941
3072925
7411656
7295407
7321893
4605279
2066277
6958158
488645
3300810
1487482
509940
1486057
3478806
1435107
1977444
5781129
1934290
6671273
3293752
6603810
7459488
2066803
7428914
6857575
3305111
6920667
3496531
6533378
5603533
507256
504824
6903245
7321533
5516790
2261575
5982827
5558894
5628646
3330451
3653152
5538731
4822992
5518676
7412033
3067171
2263488
5628455
4870750
7457870
6488381
2005734
3244147
2260252
5534725
512938
5298298
5298193
500097
3290468
6809850
7370200
2098090
5535813
5821458
6803638
3432929
4594938
504765
5776655
3072851
5789451
4560344
3453446
5936346
5986224
5980609
1539374
5795413
6830890
3305143
7365909
553080
2068886
3071991
7431665
6808470
4600861
3425563
6653119
4765958
3306485
3926585
3479281
4904506
4915585
4865050
1958763
6808350
3495658
2948643
6828327
6660018
7371813
5263620
5204752
4835025
4907836
6820877
4504984
6810599
4823039
3295253
1977815
5999374
4400298
3637165
7321980
6810590
3302701
3329527
497800
5195184
3637241
4609596
3237407
6902821
3929454
3116485
1595011
3477184
5304502
2069113
3933629
6658387
5983413
5363262
455665
4814563
7436769
3432136
3635461
2267828
4845937
2255391
2994921
5359897
5220075
5518481
4469121
450794
3108754
1977146
6910618
446720
7324938
4462177
3306227
2051526
5250044
455558
5518985
2000465
6540524
2051032
5611448
6520586
5333436
5979591
3496320
6810247
1482696
3300344
5845959
3156890
1610331
2070497
5615480
4410879
7400115
3656386
3516444
5951967
5250126
5628417
5544201
4762808
6817713
4779454
5341457
4819468
7420850
5335342
6930402
4818361
6822499
4569546
3923975
3432719
3650776
4779598
5558930
682740
7370322
5200555
5216364
4777068
4823053
696683
6778926
5544225
3933731
5798591
5755922
4461986
4560761
3654201
4357623
3944986
5511399
5615131
4466700
5852628
2065129
1482662
1482973
2063794
2070986
5518007
5204825
5610123
5608103
5936262
4385591
2013035
5539273
1967448
4747925
423677
3638381
2019658
7310402
6445244
4784849
5936422
3635824
3303648
5420236
4819494
5805808
3945059
5619241
6620600
6920805
5410034
4906021
6872094
7338538
3933057
2266862
507200
4564393
5534058
6516199
6862392
3897234
1934142
3516077
6519938
2266646
5544956
7367012
4814612
704370
6604033
3892704
5615377
5200698
6650802
3516032
6540436
4609498
5255995
506965
3073051
3435130
5544999
4821204
4597370
4821126
5776686
3067139
4854379
3483557
5946414
5419451
4815287
1927402
3223725
5545551
4873330
2070086
3933540
5979633
1927436
4873217
4456680
2066507
3483139
5339813
5362944
6660902
3929088
6862644
1574386
5188403
6573209
6856500
4816801
5991428
5610779
2056608
4793709
6474281
5544162
2268828
3228749
1375364
3292646
2260674
2070456
5983715
2266516
1984248
6949986
5795425
6950630
4810024
2260710
3216492
455625
2052297
497746
2217417
389049
5339878
2198067
5789760
5624902
5628305
1604124
3651444
1952445
3291848
2069847
1485963
3892816
7428838
7454115
5511832
435874
2065488
2018922
1989711
5628631
2063656
3166001
6520060
4464972
5341355
1983550
5789701
3303896
6809852
6828260
396619
3454080
4901364
6857220
1420515
1482890
501605
5336281
3430845
417767
5776651
5855728
6573622
7361407
2948536
4846618
6810762
2071613
4599735
6863285
5761577
5338274
3216893
488112
6464914
1967541
5546924
3317047
7416773
5511520
6525081
455476
6947994
3071985
4835005
2215706
5298127
5232853
5420270
6820865
1674463
6856441
4878615
2067489
3228898
3496294
4777047
4466961
2948882
1977299
3299238
5424053
1502269
3426605
5291976
4816251
6527352
2014101
3619955
1983770
6850879
5761846
6620343
5558385
5849685
5548283
5765816
5216527
6929877
6514524
4476050
7434738
6515890
5619189
6661036
5251290
5204611
6520207
1413921
5854628
2259698
5294620
2495666
4632088
1726368
7310113
6603833
1743078
123321
1472149
4510530
4629754
1837047
1744623
8592687
1747204
1725895
1477842
7469958
7360954
312134
2492399
4638755
4061532
3976061
2456134
2491326
121087
99924
1361209
120445
877541
8611975
295067
4624326
7202353
6125182
7498889
1792758
5263804
288215
7253996
122690
1807931
5893739
1752328
202102
111738
7411726
5719045
6376250
124397
3737218
1737344
4621134
2477701
3975730
6974520
7252775
1887088
1741582
2449651
121132
4630154
2473211
1346247
8600553
4623621
809088
6989573
100367
1779358
5657362
1725495
8596422
304464
1752109
1668239
5721587
6650714
7480944
4725096
8597939
5333533
4375894
1745050
881509
7515523
1742032
294060
5727370
4564413
1886612
4623130
4318929
1755609
8611208
2154525
2491403
103011
1754455
2448129
7321275
4623591
2490879
878164
2491072
4059153
8606374
7451650
4015026
2113153
6043333
7301799
3961358
7270269
113826
3986804
288468
6759130
125000
1754460
7365771
118827
301918
2488420
1740226
5980112
6761598
1724751
2487660
2451737
2910627
102559
871285
4630420
4560202
7000564
6128643
124735
124620
108631
5135708
813963
4627165
4624125
4624730
109859
1728172
2489864
7324936
2448380
2474364
299760
4560628
2365493
1733317
1736147
112732
6911234
2490839
2455246
2488059
1723025
1745841
5662661
1791272
6879070
1375333
101213
5336334
1743678
1724739
7016856
129568
123053
1744164
3794021
1729488
3647277
304407
5724730
4499455
1891527
4627251
4633821
7408414
8620885
7253226
4637108
5336361
1747275
7208001
293757
4055803
7400344
7253644
7322100
4900973
6390094
7474395
300295
2456417
6120038
2495341
3061193
2455818
2501056
7449779
6383892
4976375
5314532
115548
4623513
1400951
8593931
893217
4631590
106653
809129
6896069
5726831
8611513
7000414
4619203
7502059
5166547
6037490
7428927
2456781
1886856
1744852
8595890
8605031
8593106
2449305
2903008
2450495
2477176
7449698
121960
1734883
6127950
4624779
1730049
8598761
2476760
2474372
124135
125862
2451133
111341
4060845
1725571
1748988
4634268
1673405
1396947
4623785
2474457
8625163
4317970
1749083
1727676
5332473
4630722
139935
6521027
6584766
1741250
5124968
1217006
5166353
111492
2349857
120618
105104
771616
3793578
1732330
4564233
2154051
3210836
293693
4314683
4592638
8619924
299971
109885
7253031
292960
1746710
1733780
128058
125838
136867
202257
1729983
6125528
1725973
6444819
4624896
4626135
116959
232751
114897
6892142
4636875
6515392
7500975
2372144
1750223
1723207
4638365
8598158
2454713
624098
1779974
3741988
3216523
1740575
3223991
301186
301820
2455954
2479720
8629653
5123820
2448293
2406284
6063122
2449733
137412
1886522
1735953
1725424
5109776
5274789
6979725
112744
6306079
2487969
2478840
4516824
2891713
4638879
4722839
2476465
4538669
6761595
4637202
5685855
1735623
2487334
7472233
5195296
6514768
1276719
6025278
4517200
113805
2478868
7453932
4619656
6990114
254470
106045
4621985
7449576
7505422
1886927
4626029
1727811
1486181
2450669
7480337
221343
1803626
6057013
2495661
1478627
4619317
1750553
4511045
4318980
4631336
3799489
4634663
6119475
832975
118189
124447
1728958
123085
4618527
1722296
1588756
4569505
1266565
7451610
110325
5705825
1721809
1731678
2486944
7309907
7479920
5248510
2911518
1390989
5331970
4638330
1726383
6120246
2487664
4056099
2450931
111395
2479856
8615491
6037424
6760866
131032
7367752
2450935
6604375
4620911
8608100
99909
288323
4904344
4595332
1725616
7499791
6440113
6516143
2450261
4638030
4642314
2444067
2473903
2456621
6650957
288187
4619283
4639989
246742
4631073
2891741
1728310
6950190
2112981
4618708
4322421
288450
1728367
5721345
8596410
1752709
6398795
4621048
1750595
6119803
4622220
7012013
120341
2893044
108230
5164954
1736849
2495644
7253668
5249898
1720481
2478696
5674663
4854758
6519192
889386
6511146
101967
5155833
5698794
4238505
2492821
1730119
877022
2489657
7302269
4621386
1746433
6761434
4966442
746950
1202775
852013
2494069
135443
5146545
6979793
5146385
7042793
4640925
66809
5207526
4640929
6050508
6519495
1722123
7471732
4633090
6929786
6037491
1755024
116065
135790
120706
2490391
1724871
4317828
116019
1751649
1746162
2474214
4626625
4592622
1792032
2902163
7414524
2495411
7253555
1352573
1431119
1745951
1733102
5166771
5110254
4620010
4622629
4560051
682458
6322463
124719
6654006
4722723
1730171
1734893
109979
6895869
107287
2473522
8631039
124208
7267863
3224192
5685655
4592985
4623892
3793660
4937161
116862
2903211
2477933
7046700
119916
112970
796846
7488822
7498068
122180
3680801
6989780
1738766
4621486
123828
101489
3976221
886440
1751786
1740803
4058531
3991109
6700564
1743152
617438
8596572
4623811
8604662
2900619
6037309
8599911
7301928
5195280
302446
6522546
2477906
1723297
4636602
1468277
2495849
4622578
2903156
1732254
6087433
1892025
302282
2160949
1735126
98949
6714864
5984100
2365682
1886874
1267137
2490847
2910594
4993705
1731176
6464746
4623847
304544
2491084
688141
7042416
1726943
6068777
8625693
2448416
2488901
6761419
1737499
4622714
127995
7515856
1721215
4594796
2891951
7394211
4285641
125591
247138
110403
5983305
2487442
299913
1727880
1752292
1673743
4622812
2903040
4633325
6696270
699690
1385540
4351660
6498157
1712084
5757819
6495961
6967298
3872160
5895857
1376865
1719639
6610000
636750
4424382
4489061
1520403
2239370
360126
3868675
3917822
438225
5800492
542885
6574651
419503
641195
1554067
4574668
6933730
3209352
4482848
4795037
1488941
6557986
481771
6456198
5908388
708180
3844005
1986115
555413
610971
6981123
1506327
596230
4565357
2420412
5895185
5810869
1355730
2234424
593206
474554
644088
6575279
5807001
441196
5777480
6600224
1416832
3845102
1575393
1513966
554486
1655402
1716274
34359
361129
3886272
462389
3826947
4613761
2225003
20641
2241978
1340894
1992703
357993
478920
707332
652275
3192643
1415320
1575198
6499015
438395
5972917
2227923
1427735
1519143
7032864
6617830
2284200
1687055
6970085
3946171
720841
2435283
4500005
6431331
3841907
7309
4452791
5785037
3843990
9368
580872
3036004
1489602
3953080
5837629
726084
7028425
611341
3032071
4478509
5834097
2298883
6574315
3949811
1522046
717547
4377314
5910334
556327
5934156
6583562
7012301
584909
5003842
577186
4547921
4360706
6499912
1709665
6462994
1650481
1655152
5955741
1401799
6556282
2338080
452090
1499887
1504029
6003202
707725
5767418
5967869
468893
594449
5856819
3202458
2359575
6635914
4407220
3936023
5919859
6454531
358240
1622991
1498137
650039
594520
1708950
3842088
5937735
4352675
6600956
1429551
602251
1384762
6575653
4514742
3852408
1597266
3046623
2327686
709497
4372070
6975042
3902393
3082426
2439993
1589466
4615199
633883
4605996
1707594
4570530
633307
5832197
4525530
1553760
1576771
6478458
4556358
7020376
628436
4471968
1607517
1463092
6502409
7353761
3092679
610688
1339955
1323161
5772336
726860
4495083
3860566
1320247
464232
4406941
3030914
5904374
1625375
1349281
1630229
2312373
6675486
6551196
6449949
348474
1592333
5992168
1526274
1553807
1556580
6470950
6423771
2338472
5872515
447829
1535623
1505455
4588049
1577892
632768
418218
3836610
458940
6610613
6617517
1956136
4513882
1518738
1650789
3082549
2426546
1614098
2306032
1378105
601937
595219
1539598
2314924
6681723
6588567
644651
425476
5474744
3890444
1461903
1604470
6576312
1522742
513463
6539673
1327661
6483229
6594617
2305878
1362405
1378988
3858616
631595
3193028
1949281
4549789
542019
4425140
1584306
4430905
3872143
5939355
5931197
7013862
4541427
1372396
1368126
6678054
1719158
3955317
12807
3954708
3944099
5802243
473731
5772063
644116
1597155
7012960
1712076
3843827
5251995
1556576
1519473
346163
515686
3898693
641660
523784
1384239
545805
1452814
533387
3902861
6490717
5878873
3032843
4383114
4525219
6546932
3953340
1598783
3192081
4896100
3837000
4962760
2045788
6492165
4882189
397911
1535439
4519312
5939490
1385841
448409
5861472
1515343
2232989
1581438
1450693
4350730
1329091
581782
1584192
6582598
2047831
1606917
4358411
5819142
669316
4513022
4472667
1427207
2311724
533781
479466
1332531
6560759
398254
647686
4420529
6637746
22581
6976283
5799421
4883148
3825701
1716804
2311627
608720
5750804
7445846
1543274
4893834
6447098
4371459
1379142
4519978
624422
7009238
4425522
4883243
3887215
638578
5815620
1712312
6470636
5918898
4476510
1690248
7014102
636906
2310896
3950695
3858271
6634053
566694
1415536
5792447
1352910
3868888
5910801
2374242
4365571
1329669
627001
4802318
588508
1690068
5875758
4511988
4364290
1584126
3936716
4603803
4425048
6976981
2324093
3877088
2968067
2435580
6668543
1392927
6634601
6932901
727475
6425581
347134
3034310
609845
1500412
5886997
1321347
6562131
5992009
6610075
621841
4943982
646938
5962938
6423588
508631
2286413
1559743
6453716
2021592
5952883
5965930
6454493
4523611
720300
5947631
4972192
2286091
5778698
6491787
653682
6471835
442053
5898331
4561534
2365970
4429876
6004541
2032436
4506474
5971746
1528551
4386443
1547515
640179
2313549
1347434
5831589
6678835
391090
5864926
1369360
5005382
1560577
463012
6446613
4474638
6661372
502165
5900152
1683321
4561472
1511881
4962474
3205167
4409800
1331235
525408
4481720
5832389
1387312
3909955
1327016
4511412
1604464
1567654
469379
2340355
1403789
3823755
1688213
1494513
4401580
5829164
3041068
5941799
5919231
1532363
6452296
6436768
524647
6937023
7354377
23621
5859770
1385470
2351207
6636275
1583474
2400812
4513144
522323
711403
4428064
5865711
1582832
620685
3882750
1687386
521090
1536467
2387072
1427222
5922423
5816360
1718006
505244
2299916
5856731
6941898
6638831
5766252
1348755
4613932
3076797
590058
4391668
1647465
2374860
3893312
3917945
6476276
1693724
543141
2439998
7522456
1701871
582506
1644197
7524608
4352626
1439214
1376420
6574603
1506089
572084
719995
3867971
6618392
1625473
1563993
6605345
1517113
543866
6422335
1643778
1446893
6601194
6661521
4556346
3199117
4397717
6533758
1376285
3937364
3904013
3872725
2046843
543935
5996504
532707
3848327
6565880
4896192
5819712
1350173
6551499
3050498
6458044
6580169
25253
404364
2289959
1448185
1383195
344637
3045305
1461507
1522205
1535115
6671573
343472
4505329
4611691
1533308
4898349
5875061
1575230
577395
6556046
544811
4355845
1536098
6674917
1391433
529462
1365276
1441252
1340738
4565435
706404
6483634
2309050
1355505
1611554
430813
3900517
441412
4696105
3981153
4713731
1559184
3573736
3986091
3779779
7255956
6299783
2446498
6310457
4985108
5155418
3985350
7258912
1405198
4941537
5516000
4323486
6036687
3284018
5634704
6106533
3516356
3596239
6035769
2914295
7385170
5106818
3430803
3669860
1814154
5733218
309126
2378638
1819416
754059
1425824
5159416
2370917
2919228
4455902
6083355
6949369
5108784
1829929
6931981
5333261
4687995
6713402
299461
7200683
4295718
5127918
314805
842634
3390738
4225171
2954256
6652558
6483856
3975479
1904595
870250
2889111
7011284
1221248
6730087
4905529
4044433
813412
246319
1844033
6114095
771347
1264435
6127215
7006850
5329729
3967345
4284686
2404338
3531746
7199804
1173958
1819404
5726259
303694
562531
5147885
6989058
6127169
3393382
4237846
3990862
2321586
6718287
1790802
5681985
1862632
563715
309379
6994559
2889200
5353827
6073014
819802
3726015
7232764
7045070
1677139
2347105
5619743
4026507
2404228
6916276
6368402
3512819
6056587
6752777
6056360
3974385
299120
3402497
1183206
6129078
6113311
2428267
3640925
6118720
539418
881423
3523901
3525791
157911
3458005
4009708
7334988
278145
4954521
4563540
1270206
298377
7433541
7002877
5678727
5592879
6348617
4954764
3968230
253095
272539
2880951
5161512
3175705
1202351
4254927
3398039
4954686
4300137
2094621
4713539
4838847
4000134
3576418
1211383
3648879
6620207
3700981
1472018
303720
299436
1899848
4219632
675224
3530364
7423798
3332990
2383420
3180676
4014199
6929408
3520135
1382383
5519701
1573325
4328684
6707682
1777980
1235397
5140750
777028
1181945
1824063
3275583
5249301
5114661
3415546
6339957
771211
2908409
1573845
5569768
5708641
2932173
4994665
5145492
7453199
208691
869795
4985152
3405744
6305119
762274
832511
3403470
4969198
6551026
1228007
6113643
3787781
1264644
3588307
809043
3736581
2375518
4522167
868030
1188824
4686143
6760235
6344521
6125134
2827182
2929878
3530966
4908759
671877
2379743
7246452
4311885
7003030
3518769
3966976
3520081
873247
4979899
3232899
4537509
5519654
6737273
6922260
6758690
3674700
1182698
1413070
6717848
5633582
3975367
1265885
5140751
3506627
5716673
2295237
3404683
3598178
1803293
3845974
3228247
2094602
6068338
3346562
2898248
277895
1413281
6368364
5711521
4675674
2432496
1189102
3735537
5294007
3335946
6883941
6402705
291467
1210937
5128265
5589545
4040006
7300192
3393061
3967450
4857888
1210234
3517182
6750372
4845722
2110471
232228
6565235
1405391
2378723
7002507
166091
7200942
6097731
3066097
4052605
3337879
3531841
825621
1766312
2389540
2310332
6518550
2345964
3012343
6305837
4410449
4722527
3705860
6364626
6389506
2899731
6978945
771335
3711187
4232004
6036356
4262669
6526755
4307924
1263327
4672240
3850491
4870488
308695
3596119
3725905
3351643
862539
232378
6752709
3446068
6056227
4724226
2295571
4600547
7255860
4537563
3464391
239459
7010857
1230900
4284042
1146173
4030786
278160
3276590
6068202
7224869
5936163
3275597
2389471
1891069
5705329
5122268
2899622
285641
788376
4422747
6348566
3431336
4263516
1196047
3741317
1778710
5666055
3339851
540780
762830
7259649
3395322
4504424
4316947
2918832
5695302
2295068
1820375
850254
1790075
4995214
2362662
7349600
5655934
5640390
5643263
6626021
4675394
3995541
1221179
681811
3746063
5526919
3711246
832597
1830974
5530248
1210455
5183018
2295860
6397725
1210403
1484917
1400496
4727593
5107623
174061
4699873
1260791
7251544
5516407
7453075
325493
5595027
6083452
4030970
1345770
6083383
7225213
287582
2428399
6968443
808360
3432595
4678642
2409809
2283246
1581156
7038926
7057816
3772987
1823974
7271751
7307435
3752728
6685587
1819279
4686086
3466138
3463862
3335644
6344343
1146659
1819471
1230861
695413
7309710
7003818
2345593
1778204
3609867
2447280
3515614
1814511
6344659
873395
5640462
4311857
5590665
6083464
4954479
3066297
3533747
1552914
7011089
1130997
1275434
5931654
7345724
3571823
3274406
6740045
1879310
796155
4000378
4390215
687122
675113
6049545
2206758
6763746
6124957
6444463
1153674
6360267
2214856
3986619
4316529
4254891
2333700
3345607
218738
5695926
4018204
2390367
6752504
4357042
6036366
4679066
5121772
174453
1334725
5677370
7345600
4665003
2765308
5210834
3961059
4683198
5002670
5666105
5115484
3674837
2795909
3876456
4566905
3594439
2378690
6717405
1278726
4032952
1257796
3896675
4543972
4246263
3406342
6062071
1869247
6983855
4834785
1894385
4263488
6657227
7192682
272770
5641454
1242495
4051428
3808751
795512
4961966
201380
7035909
1588268
4678811
5950758
5199185
6764715
5634794
1890708
5605272
7193678
4289662
1146250
842654
1210755
579651
2378900
3793163
2389246
7345702
2914908
1269284
3812562
813317
2432317
4051211
4284573
7269875
1262674
3537404
6740783
3752825
4648527
6121480
1193534
3473149
6657548
5313789
7200563
232467
5566437
3985989
2841705
2282673
4930743
2384198
5691984
6433485
3470179
3580465
5169341
1325976
5588644
7047977
3748689
4254793
2947637
6049478
6096451
3522411
3520110
5695828
2404315
3741285
7327774
7010605
3759237
7431309
5108815
6316030
3471049
4295547
1201504
3278906
1367307
802898
4840200
3408660
4266849
4709930
4030860
4308124
5161459
2122386
5127872
1434790
6321741
764446
200609
3592189
4308014
1137958
3458308
1476728
3520514
3975359
6973908
5448334
4170167
6192276
1028927
934541
1087072
4093820
1005978
6172109
6106863
1120277
922412
955683
923475
5477876
4137509
1004965
6182336
330056
4087002
6241213
4331602
4161089
1092400
5456874
6215068
954970
6158978
1024458
6159376
1053316
1117542
4108795
4075397
953883
1062440
334549
1092846
6253620
977612
923269
333685
991073
1062868
4195769
1114746
948693
1106276
1025411
4204672
6231143
4115290
4145439
4109139
6150515
920317
921223
4138667
956364
6159253
1004627
1052552
948057
4119044
1059585
6171598
4321602
920219
4194027
1118669
1062421
262243
3793767
1038700
4098560
1033446
1032864
5468375
6209972
4199883
4113496
1052657
953509
993755
1063084
6181170
4093739
6180551
954617
5492189
1120764
993222
1111638
966278
6215005
6170615
6241399
4166949
995208
5506660
4114376
5491558
934727
6171084
4317850
1094810
3706936
1086706
918069
6192164
5477874
1005851
4104058
1050655
920423
6245440
4086312
1055560
6238267
6293004
6175274
1084849
5719347
1052233
4318421
955305
5467097
6180710
1085631
5440620
1031941
947293
1093923
4123544
6273189
1005364
4181443
6157975
1121436
6210831
4184309
6234294
993377
4195356
330495
959056
5727393
4157927
1034065
930451
1112675
943529
1010875
960686
1266585
1084536
1029011
4314910
6180865
1005047
4181561
967967
4105676
922210
4115148
1114332
973372
1025392
4099432
1120441
4207982
4184270
4087770
961833
6276925
6282636
967130
5502116
4193580
3817434
1119550
1032749
330800
6152301
994440
4109789
4123519
5493922
4190910
6233653
6164744
6254814
977065
959534
993916
1088955
993481
6213931
1093892
4193162
942895
6214849
954650
5719047
5435728
5462136
4140754
4176471
5724601
6157461
1115300
4085771
1056500
4181472
6214771
4193484
4144718
1120393
1266952
4023242
1010776
6128498
1067456
3799647
1051810
4141775
6234072
1066495
1052620
6241646
6294574
6254043
330170
972360
6215343
6291338
6289935
6238326
6290567
4141346
4157889
947343
1078645
6191013
6237855
4122839
922762
6290051
6238017
6242230
6263387
6219450
6256817
1276050
6276745
977158
949223
1093860
954466
1094366
941077
1098742
6152405
1024109
5696216
5431597
4314534
6280209
6152957
967205
5504737
6175917
977601
948333
1032304
954254
6238005
1112238
6295203
933567
4321973
6214662
6259471
6294074
5721645
943629
6292881
1087372
932101
1067775
4170073
1010605
3799805
1279934
6165929
1066145
967080
943892
959458
5721308
6181096
930174
6171270
1022326
6273068
5443934
1103084
940111
6175711
1103289
1122063
4104223
6263540
5446967
950104
6276388
1072153
6233210
6191528
1092850
4148833
1119870
1078606
4210453
6237494
6253210
337032
4134816
6293965
4141752
6175483
6398782
978479
3799809
919957
978494
300172
1098397
1121874
1120516
5482011
1062392
6237812
6392874
6238757
4105033
1265926
4160873
990347
931743
973663
4100468
955662
6267343
1052275
992485
921679
1117714
6237675
6400518
1098636
4158601
4199923
4181150
917431
1106312
1102560
3737169
977879
1091540
962351
5430711
4110137
962111
6231152
4207770
4160976
1087363
972319
1118517
4060970
6234585
4208680
4314672
6280480
1033769
1086945
5692683
4196140
5470798
6256550
3797407
4318761
6205592
1055208
1033070
6186464
934704
5460365
6259595
3819531
6291556
6182266
1038659
4181846
6241700
1016414
6294396
6242338
6280017
6210627
959380
1095143
6294515
1087929
6170992
922556
5449363
923489
4207199
967985
966000
4195609
1055726
6292084
1086169
4138602
330621
6256426
1119929
4209726
1067249
6181372
6165559
4209406
6395403
1010592
4207955
6288874
953891
1114851
6185892
998484
6149648
6292670
977357
4104373
6275541
973583
6253050
1066855
4208164
967339
6263261
4210304
1032301
6230396
5433278
933057
4160985
4178017
967219
4158131
1119254
6254228
5442309
994375
1025029
4211205
4109440
4140577
991366
1033148
6242018
949150
4318767
4087424
991039
6196836
1022086
1091183
6181879
3797753
4092437
6259382
984849
6292412
1056217
6282300
998789
6375345
1054857
999600
1097795
6279661
330951
1099232
4131152
977753
1114559
6190711
1004423
1028849
6101176
6254601
4193957
1025112
5474603
6159398
4194089
923298
4157893
6289321
949260
4206389
6205697
4093873
1095074
966253
950129
1028871
4195633
1117126
932725
6237713
6210176
6398678
4127257
940997
4327375
1023996
4137891
932367
4114025
1091220
7517784
948028
6205361
3797143
1061912
977365
6159646
293556
5463094
6277081
921370
4177946
4209239
973302
4160385
5467076
6191538
1033293
4087737
5725097
4194808
4118722
6234317
4130949
1266933
5463681
6120079
5666575
1029379
4137724
1050760
5456621
5505375
1062501
4060796
1093335
6253883
1270891
1025519
6171128
1068078
6150536
5662811
917082
6400629
4207034
6209674
5505738
1087025
330929
6177609
6395109
4206281
6149625
4200561
1114395
4208496
6400344
6267213
1072492
1092638
6176844
6292464
6185397
6185991
6186448
1067188
6277605
5719172
4184264
4158828
1004780
6245431
6242221
4211104
6210410
1028917
4166664
6214641
1061679
4086494
333873
4148101
1068490
5741036
916867
1061181
1113658
1004653
6257319
1004420
6186749
4119215
6159950
1091746
4109850
1092943
4105055
6218979
990467
6282453
995292
1085242
6294446
4193663
4170158
917740
4119521
6277412
6238714
6167058
4198102
4091944
5722559
5502952
482993
368756
1951780
4770171
4746096
491360
6852587
6851826
6783855
6790355
498021
2062797
4745591
6790490
4806978
415025
6841439
485862
460173
401889
489574
485279
414426
489491
2049529
5850363
1966941
5817578
6812809
465284
6805791
5851633
4757914
1951845
396061
376569
4817714
415184
386947
489532
6790951
453644
4757368
6789806
5847897
2028654
4810491
499209
6854012
376830
5749374
5848731
6812997
471165
6805358
439534
352283
6851341
460091
4807441
2054125
1951643
2049688
1998489
6796883
6851969
5844337
1998543
6815837
2023205
496395
6789487
5840289
4762087
5748451
417112
356430
394542
5761240
483476
5804148
4810663
4751359
6853742
6852102
5820586
2054827
6797945
4758081
5838712
1926846
5749101
5840265
486843
6789597
484488
4751793
1945162
353667
386031
4770095
5850703
4770824
485158
396205
6850489
498183
4797760
2054722
512352
364329
486861
354568
344199
1993735
5809628
6850239
6783793
364117
482832
5761334
4769502
4811056
2049816
4807871
352603
1951665
443781
409032
421725
427755
4810802
6851231
460278
6853754
489853
4757364
396528
5843686
377250
2062773
5841179
5854152
2054021
6790969
439945
5776078
355314
353370
6790135
5844346
6790930
476153
396282
2061585
4806888
355125
1994007
4808129
395625
396468
485469
4811325
5841207
378033
368400
5853943
353163
4769597
364466
6851664
4746075
6783054
1945274
2050076
6798262
6808158
4798133
2049376
422060
6854294
395906
491572
1998617
490610
489860
498668
475233
6851537
486355
453370
6790334
408459
1965305
6789614
2049351
344111
6789592
498632
394708
6790412
6839113
2053373
2055174
407833
356239
1974950
6801235
394336
6801597
401392
490365
353379
2048744
4751623
367636
367054
356092
485690
496460
6791215
5771184
5840610
495984
365850
482863
364717
495908
377965
407872
6784904
352436
4809225
483923
2054152
376340
1999017
387106
6815827
368101
355636
1965916
396022
6852517
6852564
402964
2053962
408274
433815
407906
6797654
6778530
495141
4810748
486092
409261
6791087
5808420
408962
5851472
6784149
440209
6850420
415897
355168
4769380
6808086
377172
6791268
2036161
4745794
5747977
6808134
495292
434745
407777
6782973
1998016
6801727
403145
386579
434923
5760875
354021
4761759
502667
5843704
2054740
6790657
378416
2054119
6790428
6806189
388463
475345
5770521
4808099
6790919
491529
394732
354937
1950636
2054077
354033
2049073
367158
401487
6808100
6791320
4810560
491418
6782773
5765669
2029083
5801411
4751495
4757000
4770418
5845121
378206
6790150
434675
377654
423150
407860
421021
494694
4809213
486197
484822
5841412
1974933
4752049
1966410
6805239
377150
6784367
355229
490980
491030
4808034
460346
6791233
6778591
2049767
4742115
2054552
1971943
420272
386577
4806802
4757678
5851107
4756833
396316
483000
5789403
4746152
407413
4784179
422771
5841293
1966795
439981
2049163
2054079
386331
378388
6801290
352894
6806205
490918
409819
356178
6852435
1926815
4784416
6854351
1998976
4765621
4796392
4811006
6796856
4811154
421284
4809065
4751952
2028644
484142
2055509
6791530
365514
394530
6850997
4807729
5760298
388151
4762014
388492
5755750
433833
5847706
354028
6812972
4808253
6784834
5844858
5841442
4751725
353532
408031
439049
5843377
388190
353823
6791524
6815704
6790361
394597
388382
1994107
365098
387569
2029035
402156
483824
4807277
6815868
6778788
408696
444860
6807159
6796958
439883
4808115
376714
355431
4810353
6806532
354759
402279
4810377
414431
460468
5848790
352378
5844691
1965530
379366
6841932
4770628
443990
5823797
449315
2053498
369144
395893
4752147
494585
443764
5853812
475730
2055245
6807464
482999
4808769
4762097
6851047
5801310
439423
2049825
402765
356155
387299
4796290
402595
5809472
4745749
495095
4807900
2054983
489587
5805068
6852328
5848482
387841
4769574
1939116
5841447
6789630
423176
1967188
5851091
6790778
2049520
2054326
500242
4811858
5840729
6851944
387782
1966942
4798379
5813175
368753
388006
5801524
2035210
386548
365276
6841961
475225
408225
352090
2055294
5801417
6790676
484808
4811803
6783144
1933580
498817
2049826
6851536
6805614
1998839
461191
377710
4810486
6807771
4807997
388026
2048661
4798145
6796819
4810330
367642
356468
484774
504604
414338
2054198
466394
5804133
6825647
6815696
492031
4762057
5848240
4761855
401141
5829818
492273
4762193
402075
2053635
449766
5857793
483872
368407
6805951
4770584
1973746
6841892
2049083
2049657
1944745
1993759
387523
5808782
4751781
1966209
485985
395829
4746054
388085
4810543
4769798
6790112
4770127
2062859
1998979
2049077
5780228
2054400
5830102
491526
2055598
491625
4796369
491121
410054
408752
4752025
6784410
485266
498716
1967226
408574
4797807
470943
5847403
6825735
2049923
491301
5848056
2028892
4746527
1972510
1997982
363639
4784438
4784340
1966552
439584
434694
2048712
4808073
5843880
491214
4811619
365665
352908
365678
364972
387001
5748969
417077
470461
2054627
1957449
6797011
4769371
379280
504413
6839246
402968
1951514
377032
1951286
423384
5748113
2054946
6841620
1994030
379675
465463
4767387
401607
6850567
5681632
5775727
1425054
1418948
1635070
4784402
5691635
4757416
7435799
6636762
6909598
6625731
6383140
3640076
439167
4022127
1626696
456061
3740786
1460308
4389268
5443467
3021503
3321399
439252
3407949
4562612
635532
2414481
5838575
5430610
5882655
3179641
1430009
6636663
6343532
3028120
6066985
2214223
460571
482403
3472298
5121943
2021151
387592
1659788
444045
3282170
5278309
6825505
3891768
379900
5235568
6928666
4956721
5242635
4792771
7435793
5695116
6928617
3767208
1257064
471483
3423990
5882615
6067303
2017711
5798052
6625834
1836209
5457815
4047668
6925024
1226006
3580240
4796187
812832
3763699
5824089
7261851
3758836
5678522
4961890
3986
1424903
6825376
6739608
3466096
6464110
2205990
5137148
6439160
1615415
1449384
5560174
4030463
7352592
6374077
1626723
858463
7245425
4972788
2205485
6066608
3631625
2224389
3484884
5809217
273010
3490854
4675363
812579
6468739
6487097
6564693
2847421
6464117
3881443
5832937
6029911
612590
3000039
6116039
1257548
3017057
6383300
5147651
5459491
2847570
6112784
1525241
5526303
378882
2240128
2204174
4047100
6825170
7237751
3027991
7353186
6731989
6806427
4762483
4433012
18984
1621228
5463112
4789574
2004400
4975058
5765407
5656765
3759083
423035
3740946
3186279
3918788
3158623
6433226
3956
4426676
3668818
4956761
5232119
5243622
5228183
6096165
6090189
459966
4789593
1657531
7315909
7418941
849142
7003181
655035
4557998
1424935
5230551
5454018
439652
3783932
1626540
1615460
3028057
6477365
1626554
5468951
3596014
2219591
3425077
2608
5765646
4568325
4562277
7437824
4304348
6439090
454819
410297
6742660
3294915
6339880
5458972
3967224
285103
7338414
4790049
2414677
1651750
5412598
1879530
3017031
3990711
6742838
2214115
2017282
427971
5470133
1208262
3115988
3011994
5493316
6921908
5306445
5309685
1621779
4527027
5711802
842072
2408054
31424
5480599
1634668
3626063
617178
7441220
1982927
3447030
3888754
6072802
2213076
3179780
379607
5652516
2023554
3967311
4707272
6035797
5633826
1430259
4804118
6464247
1433567
3175657
3196978
2833915
5492556
232059
5465029
5243007
5449268
3752179
569369
6389610
3480038
3892094
4790518
7245512
3891812
5483120
1209739
5488504
3279688
5152705
5442680
5470012
6742605
6327819
5488475
23311
4030092
6042346
1546619
6802176
4009471
6090185
6024951
5554034
5471556
2010313
482332
1459890
267061
5464763
5535504
221029
639147
6833220
428055
5427073
1226380
837907
5516627
5597395
1652237
2205901
5432699
18801
4026118
3654805
6625713
7262856
2220561
5319892
4404565
5943565
5467673
4047014
2214652
475559
6078280
3752113
6866
4968683
7403131
4803464
4790195
1851761
1425334
5569789
4030584
3283904
1660066
238610
2043098
5476869
6363968
3185657
3178559
2214609
4237581
4030080
4566136
825239
842278
6801857
3279502
3276559
2219606
3530895
6619722
3028106
3945
5147649
5244817
4311331
444802
444168
6457053
1226516
6379002
2011285
5237372
6736227
3576196
3108607
4806142
30430
6367027
5542276
251614
2417760
4246158
5910962
454858
1603330
1225727
2821523
2021210
5949082
5816768
6784545
4801432
4509948
6321447
6321584
10288
3448982
3745697
1974974
5420425
597672
3985386
2023649
2016930
4536375
2795912
6729537
3486787
6310605
1201227
2009848
4433401
1433819
1154334
6086733
1411352
5465351
660106
454466
7262317
2009071
3896269
1201106
5661341
7010539
3779873
2204485
539709
6832983
3711298
5515938
4509837
250736
267029
5694602
4369354
3597744
1418689
1621473
7340861
2188736
6061532
5567402
5829908
5408839
3428057
453879
4796423
4568410
5698119
5949255
4531610
4857802
3115845
639285
3790733
2409176
6367270
5486183
1131118
5958139
4242203
2035875
635376
367141
6924981
5820187
3444598
6736321
482009
5444168
6822298
6602743
1433473
2432573
5139289
4956773
6304
2413943
2826538
3005987
4047592
218523
2841129
3885542
5716733
6802740
3178651
4013947
6924835
445628
5714882
1933627
1209837
7352973
6310567
6029835
5121578
402176
1609397
2833464
1220447
1216693
2213905
812665
5426191
5595607
4568648
5503032
5472643
1182349
3000155
5596266
6461151
2160000
2818736
4974903
200400
4790444
6827831
5652481
6924267
3767005
5115861
2009740
5230530
3158601
4231405
4806158
5494163
3624597
7435898
1381728
3397458
245202
251472
5549914
5695261
2029119
4717942
5958314
1257412
6609
4369086
4975271
4692072
3027892
6645573
33879
643274
1209712
4009502
4786596
862496
831167
1958296
2205785
5464900
4053010
19721
4399486
4384893
7245550
6479
475806
5472172
1621204
480190
5770606
1621270
3752440
3601540
5321916
6343294
3486739
2042943
3186496
6784906
5452329
5122127
1360269
3918410
6525
5603151
482075
3790464
6717835
4796248
5491135
6643111
2212868
1360600
4793129
5694737
3179014
6094735
3016971
7349227
2833473
5430118
6784243
4692038
4891587
2833574
649316
6718323
629553
251482
3918295
165602
3445766
1658543
5192125
33343
5503997
1640797
6504507
5813165
825106
7901
1430302
2021125
4025698
1621280
6061768
2017526
4389267
449525
6389735
6645111
5466272
1614671
2017450
4426709
3618348
18918
5949264
3027904
2004475
4796292
5824406
1463455
1429926
4542897
5714895
6106571
1404932
5297565
5243651
4786839
2048144
475281
4979913
7244222
6487391
6822197
4776504
6802287
7358964
3466964
2917398
2173170
6746333
5567539
1887745
5141403
3648469
3415883
3585341
7434845
6098048
3462575
4710836
3726241
4246764
239986
4363395
4854216
3975837
2358115
6910718
4679904
273501
3309461
4873129
6708166
7498079
3460704
3033767
797459
6753791
6579604
219157
280757
7345760
5521760
3625805
4449230
3418027
6341423
3532194
3633646
3285236
3511810
3570567
2405705
5214367
7036514
3512985
3501210
1880440
2216946
3520714
7504013
3612103
3314459
7424469
7295593
2296945
7000411
2217256
6356865
5164872
2405122
5526587
7338551
2411584
2432669
47490
5711994
6439923
4435864
4955643
69293
2384596
4410771
3515305
7263495
174922
7502740
4955321
5188710
6737806
273295
5516535
2230844
4936724
5322643
4846919
3322256
5596682
3981431
4048098
3532979
4370738
3326086
552882
5562577
4289901
73162
3533596
5521858
7513717
3632761
5563787
3316049
4436035
2349245
3347627
2215957
2384859
3649433
5211131
4961494
4846115
3641923
2215807
2441987
1892610
5525746
7493815
3633539
5619895
262157
1455531
7474121
3320568
7446547
1525467
5263934
4895280
6941392
2244153
5563834
4961155
76528
4418917
2441507
1138899
2364839
7445145
608066
2411677
3588867
3670921
5207231
4014748
5554293
3711501
7513796
1212507
5146392
3656258
1880269
3534461
3423467
4583809
84967
3338733
3445114
3907501
5314131
5715542
3522993
3969077
3652575
1841656
5614955
6604194
3606229
2209520
5970168
7328796
5140197
4949455
6497993
6741063
7039228
5525278
2172957
2385659
3583965
7332905
5317628
1435004
3598322
3507333
3514645
3336478
7386908
4022868
7049071
5599306
3427751
3460737
4255279
3504657
7472167
7495780
3584690
809553
2372501
3586787
3396006
809494
4423090
7478371
7007891
3348744
7441504
6990148
3524501
3618975
5598927
4538186
3577255
3578934
3576781
3459147
1202818
797364
3519139
3533936
2917216
5692614
3612385
2438403
2393428
3398125
3417877
7404413
3507429
4225536
3407148
2375921
3512993
3511301
4375951
3615719
3632183
3284370
6892298
3462438
3742141
299926
3533820
6604127
3456961
5607422
5562513
3513155
5619286
7000330
3511737
1825810
4583701
3628879
286154
7468450
5325722
2112860
3726378
7253499
2218083
2160978
5589138
7507888
5958477
5610917
6375542
5547419
6110486
5139976
3623126
5561891
3903329
3424380
4018867
4985820
4724874
3617077
7214634
3403648
6916733
4023189
5279093
6625105
7441518
7351535
1604360
3471608
99613
3464555
5692786
3570463
2218141
1871611
4452395
5715343
3531426
1767579
6690319
7048911
5219798
4976367
3607498
5139753
3574324
4238296
5564946
1844582
3449296
1864071
3617025
5515688
1852246
3656229
3627248
3598361
2391812
1881915
3595165
5547061
5204529
2411429
3473016
7408210
7429037
4015095
3326861
3324608
5419446
3324587
5135811
7042196
5153392
5512863
4504860
3398286
7500157
3322556
6708217
3159344
2424328
1880751
4446009
4499244
3614136
2424525
3311808
1217041
6079660
3596453
2365000
2221880
6696066
3526017
3976235
5111322
7444096
5155779
3278002
3502906
3311479
6929882
7516766
2348117
4363114
839067
6944079
5551342
7238432
3320899
3575077
1881834
4936945
5530293
3863154
3711525
307241
1825450
7049331
5138023
2429897
7434295
3857166
2198049
2247856
7051180
5679402
6376322
3537513
2240783
3587467
764512
3590021
3605220
4263804
3507251
307715
3588378
6494637
2385153
1814869
1872241
5194995
7238577
7342368
1194215
3600471
60174
2337423
5674265
2141287
5291955
6737621
3637942
3449301
2415694
2428821
3631896
3191774
3671489
852124
7005135
5298383
5148930
7039311
7513692
6726349
3451549
5595932
3345848
863815
4255202
7201397
3764103
809143
7260154
209333
4724730
3273757
2425023
3976098
3617119
6914064
3534996
3276426
5666922
3706773
5636121
2357641
6900157
1881507
3968949
5685430
6050356
3450711
7435195
2384421
3625841
3892813
3279949
3314307
5590683
1547178
3746921
5140124
3524257
5553800
7513350
1872172
5117371
4308395
2208670
3876356
2384721
43114
3429184
1863885
3316014
3503345
2209699
4892399
2222321
2133726
6316504
5125110
7246941
7467657
3656240
2323567
7476213
285817
4976615
820303
3352411
3614156
3746401
5530716
193959
5159996
2916721
74991
7464554
1844830
3472937
7211832
3537235
2433270
285886
7483314
3585964
4957807
4966607
5155713
6754133
1844911
3587556
5163524
2404814
6938346
6644295
809182
7016894
5604501
6636983
7263422
2372116
3503102
5718976
267617
4589033
74334
1807757
3536545
5317812
2441629
3626248
2433881
3519057
3326804
5597650
2411460
6944065
6095634
4031357
5598278
6448808
746964
7499335
3500851
4666035
3579215
43017
6465148
5149197
5111515
3470566
5141243
5709270
4559829
2297328
1780263
5137864
7483997
4296130
6741236
6990418
5593381
2405914
73054
4410885
3347676
3637827
6074995
5512124
3467175
68761
2347971
3402927
1844999
4385632
280828
3577351
3501097
5325314
49248
3159675
3464823
3473034
4053400
3968547
5111666
7469650
5602840
3625281
3310469
3882026
2400245
5561759
2441920
2154064
3642214
3311822
4892247
1881792
3585873
4573193
3862826
7000403
2419452
2415900
2124831
2097995
7500319
1864306
7501165
4945093
5591111
4563709
3441594
6644174
2385320
7424678
2244906
1852117
3651391
7412101
3473393
4538510
7435176
3314543
72835
2247562
5547034
3159328
2222812
5151232
6748475
3471939
81502
2405287
6068611
6734830
1808125
7356449
5129103
3168206
3027200
5381785
5563983
7439517
5288711
6811985
2007217
2115121
3176580
6779888
2987743
6903792
1953786
5381615
3014122
5410665
3087554
3154103
3468025
6912378
2999137
3182892
3501512
5420567
3517933
2945400
5179632
3615807
3144082
3499201
3138540
4828217
1956109
3528118
3501288
5257808
3128885
1927656
3344362
6897403
3169111
5545653
5183921
6788403
2134025
7432510
3163437
6866445
5377971
7323390
5251878
2957524
3444013
3183991
3663648
3116925
6787593
5189119
3288889
3119786
5345001
2179834
6886695
7461307
5224365
3521842
3153559
3123437
2211686
5510456
5184404
6868923
3170173
2174716
5189757
2101883
7464315
3137270
5374074
4768393
6963268
3088505
6917322
3024314
3124894
2126607
5220962
5413104
5269638
5374693
3025566
3128425
2016059
3248623
7297863
7458692
3258532
1969841
6915281
3109236
2181805
3343803
7382392
5271033
6904959
3255722
5260851
5382777
2174813
3088936
5305173
7437409
5283258
5570169
1947128
5286315
3092929
1960131
3098122
3020636
2003646
2008525
6954012
3443161
3510484
5270626
5221353
3138803
2142967
5286698
3255880
3080814
3108882
3662914
3098730
3289920
3262305
2098324
3643122
6829168
3084726
4871709
3238558
2170449
4841330
3663964
3130738
1969937
1931166
3258673
1977997
3134681
3150434
3636241
1970077
5252235
3625340
6776479
2125676
3176989
3608040
5413790
6959535
3310691
3612765
3441771
1970313
4825012
5410802
3517957
2955626
3597327
7288453
5548615
3256876
3234870
7463360
3091916
3135390
5292726
5511624
2210670
4791834
7461226
3004395
7339183
5512100
5552459
2988540
2183980
3085408
3144990
5339080
3010098
4741214
5346221
3144713
6869084
5608673
2200986
3150793
7325807
2982316
1969270
3529151
7288883
1928173
5196092
7464257
3183820
1934454
6963625
3253407
5258320
6900547
3455714
3250137
3678160
5366151
3519712
7378876
3096424
5559296
1943150
5380647
5363922
4856220
3353411
7395167
3253473
2074141
5619454
4916539
6795222
5007384
3157084
4868092
3131399
3009684
2366712
2075968
2156291
4877810
6826927
7346292
5602957
5355852
3144479
3511368
2997617
3325334
4766560
3166969
5403551
7395811
2075626
1985205
2015010
2128710
3079882
5371455
4914057
3168730
7336677
3162016
1961483
4869376
2954801
2943545
1955634
3093065
4866449
3497341
5257540
2150454
2200907
3667638
4866303
1962680
5251922
3077864
5306034
7380343
6918874
6794910
2015340
2957041
6900642
3489630
5300710
6776209
5275297
1938368
4825068
5231631
3488253
2975291
3426201
7425837
5231345
5253348
2952629
3157146
2949039
1929879
3441954
5340427
2943682
3135907
3257900
1920814
2166747
7368381
2222968
7518281
3146005
5224132
3414251
3345075
7375220
7408973
6869141
3530209
3134086
4759659
1948019
1924391
3622010
7303708
2134907
4763788
3421877
5349007
7413150
3153162
5220710
3597256
2210175
5258066
4761131
2003504
4851636
7318539
2176183
3241169
6817131
5360714
5406677
3170068
5620600
5323760
3235554
3015775
6795462
5556508
7312246
3005309
2007919
2148513
3131549
3163393
3528067
2177841
2155382
3101830
1927556
2156174
3443586
2006344
5337271
2223672
2125629
2957794
4784981
7288903
7375630
7375839
5339350
4851390
3023158
3123356
6787822
2950166
3100595
3124151
2077103
2016508
3241865
3442133
3018594
2950757
3014922
2951348
4817444
5276020
2976327
3078989
7325196
2084334
7371158
7343038
3141364
3003729
5368427
3235615
1930216
2177834
3173722
7344830
3084907
2989714
3020165
3602583
5259895
3094890
3469909
5608865
2143088
2959835
4768766
1920843
2181776
7292170
5259585
1961788
6792771
4782163
3097085
7383221
2996124
3258195
3412025
5606915
1993171
3123623
2224143
3249407
2961768
3152036
6858687
1923106
7322794
4913859
4791904
3124685
2129996
3664857
6911884
3172011
2073653
3519367
2004032
6930473
2211613
2269292
7368449
4856618
6955910
3247046
3129536
5417305
3160974
2961352
4919342
3254293
2173832
6879347
3258454
7338844
2168885
1938376
3663607
4759931
3240976
5567286
3142276
7339456
6869851
4830105
7373432
5185805
3242656
5218477
3343157
5358521
5425195
4919327
3503534
4913990
6859457
7519414
3087704
2952324
4823321
3499210
3008788
4842307
2002254
1942404
5570104
5538168
6868138
3343288
4916999
5565210
3089328
5359289
7317887
3242606
3323017
3661097
7292082
5349331
2003932
2210107
3176015
6826315
5221476
3678432
3183913
5413619
4866348
7317891
1939733
3079061
7381355
1996812
1968752
7313281
2967228
5415543
6858116
5364308
6912833
5196443
2963510
6776974
3079231
5566079
7291309
5275596
3006743
4759670
3612786
6777519
7375476
3105933
6872638
2952119
7313258
3662958
3304472
5418930
7520561
5401914
2169837
2990611
7456229
7410197
4763331
2201531
2173955
7518407
3014010
3137645
4831319
3332348
3289544
5369895
6817137
5359494
2072531
3106590
5415978
5259061
5181184
5201725
2176023
5265100
6960216
3290873
3420187
5380181
2987447
2098657
4789469
3090174
4921076
2181436
5564118
5338049
3318730
5361291
3427598
1953853
3139267
3126658
7518885
3318092
3129254
5357048
5342609
7456351
3026388
3616073
7338240
7292559
2963143
3251066
3162691
3128188
7455629
6918516
2961538
6786855
2987872
5420267
7373156
5556571
3443593
2980015
5359545
5526179
3422500
4910177
3643822
2161879
2006624
7379543
5364648
5338592
7297710
3236445
7429711
3024849
3298922
2191446
2148478
3656435
5545390
3444434
1955324
7417330
3013568
3315046
7430481
5252107
5546455
2199119
7494018
3689140
122174
3268551
3682521
8636058
7465875
3685846
3268234
8614308
8631914
145125
8631648
8604228
4623295
3685266
3683383
1747883
133042
146661
7506983
8637341
8638759
1740408
4630293
8653244
7500872
8641855
113697
132764
143464
4628220
1734648
3688952
3266069
145124
3691242
7464729
99173
3270115
8642634
1720635
127224
7476992
7474427
4637211
3267568
8593414
3269821
7479365
1747546
118128
4630554
3683143
3265215
7517690
138066
7504783
8599472
3688188
8641163
127868
7517629
4638544
3689246
8604780
8639224
3680207
7503454
3693765
7495090
7505219
1757047
1743200
8639499
8620261
104478
3264712
1730945
4632499
8604713
8611994
8642364
8627569
3273088
7512782
4620952
8631116
8594362
4640766
7473021
8597416
8625922
4639784
4622298
8619527
4642792
8643354
8616237
3694600
1758596
8594231
8607165
3268149
4626653
4644503
3270178
121145
1742890
107757
8632352
8632540
140983
8632508
8595629
8655417
8623402
3268566
132143
8638762
8612946
8629596
139009
133794
1743768
7509875
8630134
113665
3272324
137989
3271615
8594550
4618769
8645136
7516428
8633007
8640641
1721680
4640914
8604716
3680330
8607754
1742717
3266415
117914
1757131
4637540
8626165
3266775
133798
7492624
8618499
1742472
3264711
4640731
8609175
3267377
1726900
4635598
8631014
4641538
8609807
8637990
1748413
3685958
8624772
3694357
116544
8613605
4618402
121324
8626472
102244
48523
3272202
8654176
8593387
1759069
1756643
8630255
8623082
122919
99861
7492898
4642280
8643211
118850
3270910
5347057
111539
7480250
8611860
1747841
8594933
3680080
136796
3693185
8598503
1751282
8639408
8634177
7501219
106545
1745115
8639010
8597874
8637189
3687081
8599500
8631160
8644048
101873
1747731
8633956
136847
4620251
7516387
4640329
8634277
8611764
8634527
8614419
1728717
7517667
8597701
8615187
8603557
101740
8622050
1723278
4640864
8638251
3693645
7472378
8621758
3687471
4644855
8626814
4642737
1733844
7515848
145923
3263817
122388
3685153
7496848
124313
139076
8628110
113338
7475284
8605219
7514648
106302
8637373
7473688
118944
107154
7517559
1753419
8607635
4641077
144600
8654424
135898
8627274
7503220
8605828
8597119
132503
113208
4640599
8627128
1723081
128858
1756118
121233
127620
1722713
1757316
1722508
3694823
1738153
1755182
137082
4633508
100144
3685722
138325
8619240
7491436
8601551
4630878
8638668
7478672
8612563
7476674
8642704
1742508
8605584
3679498
108220
8609274
125089
8596970
3682346
141571
3271662
3683736
3690935
1751040
1758231
1753587
4618682
3691685
3270821
8624700
4642347
145302
3270580
8605627
8641770
7476531
8644990
8618249
137912
3690246
138815
141594
1748032
8629335
8638446
110817
8594855
8605262
4641572
8639652
8640895
7487269
4627369
8629689
8628079
3688832
8610486
3266098
1729123
8595281
8624818
8600957
145244
101168
3686933
7482721
3690792
7488064
111125
3686835
8623546
8600663
8608006
8598803
8625152
112567
1757921
133796
3268587
110523
4622573
3688078
3686195
8621266
8611006
3693235
98594
141608
3272491
103905
8615336
4618449
4619979
7494910
8640366
8592585
7493291
8645057
3264339
3689219
108212
125194
7517418
8624850
8616222
98458
8629666
8631445
8622705
3268776
137701
8654406
8608839
8612504
126903
8606368
3688898
4642671
105087
1749504
8621607
1736772
8604670
8642468
8615875
7516172
8614954
8602024
4631353
8638673
115992
8643330
3270761
3682323
7474008
3692032
8619229
8628937
3692515
8625998
3687587
136986
3264476
8643177
109391
3263566
8619185
3687897
8635965
3686351
8623086
3273063
8616174
8594347
8597928
8596464
4637069
4628247
1739137
1744360
3690028
8605830
145647
7499329
4637985
4631266
140316
8625186
143221
8630590
110668
3269895
3266005
1744976
8655457
8602703
1752634
3687346
1752850
1723323
4638581
1756415
104109
8636486
3272070
4640985
8654969
3265251
133949
4640788
7514753
3687637
8632775
4621358
3694774
124262
141911
8632398
8628802
3269659
7477766
8613786
130404
4644541
8617808
1741926
8620405
1754107
1756103
8608206
3684772
133876
4639538
124799
8612930
117885
126086
107062
3691399
3691927
141897
135332
8627065
3273106
109405
125969
8639711
1737483
143124
8593758
3690226
8618649
8594947
1759197
8624935
106216
8612600
1721537
1758807
82218
132362
8622746
127698
8611500
8624756
3691946
8613907
8615251
4620100
8626967
8631969
8593876
110839
4644546
117486
8601223
3692606
8655325
138001
111210
124294
8619556
8597781
7506647
138794
145806
3268365
1748994
4637343
8593103
8618157
8622643
8625408
4627641
1758182
3266971
1729107
3693393
7471941
8597384
8595053
146086
8611233
8615783
1728943
8614001
8626912
8615425
1758571
114562
3271097
112810
8638241
8613311
8617351
4621309
1729787
3689483
4642148
8635393
3271157
7492222
3273136
139840
3267615
1747595
1731086
8631372
3690933
1747929
8643939
127016
8626767
7515831
8645143
8596777
3263787
7481885
7490628
8618110
8654592
8606297
4627703
8644125
140822
3266545
8644102
138747
139845
8606537
8645124
3686019
4644354
8629618
8641859
117766
8622940
8628165
117923
7475818
3266052
4642370
3689607
125551
4634773
3263398
7473331
129718
8619756
143937
3685237
4644263
129565
8612635
7516545
4631225
8632792
3687131
8618193
1757088
3269135
106090
8610666
4892176
5325638
6234995
3368262
2697826
6579532
4044601
256605
7143623
2668563
5071561
7119720
989232
3554059
7211621
2653822
7490310
2650048
5385620
2005496
5527648
6223645
7359307
6246794
5570405
4142415
4129771
2658644
6896186
7359080
3557968
3557758
7079043
7139244
6224081
667225
3374340
4133908
965048
7510381
7447837
7000480
3373754
2668642
2683004
2040532
7128995
1043974
7145455
3550826
5046570
6238986
2690987
5542103
5696878
1999558
4164732
6208095
5067675
1012915
3555628
6232630
946762
6235998
7202281
6224376
3907548
7123038
7137364
7128417
3430226
2031550
1945800
2690053
1008052
4051647
7502835
2661250
4156553
6208306
2635933
1880925
424107
2686616
2650793
2682256
7133201
1022797
6236421
6831316
7146286
6834828
2638277
2014093
2013856
5074321
6734152
7147844
7503650
2641824
2669713
983296
1243035
5154298
5072657
2442613
4166291
6239613
7356533
6249936
5071701
1641318
1041748
7141039
4152810
3736763
4312500
5074235
4532514
2030388
2438073
4716928
3368398
4139044
1050167
4160216
6750860
2653300
1945491
5579302
2680805
2668660
7132978
2641749
7447767
5074648
2639357
4171668
2648881
2678722
2639935
467633
4576735
2438034
7140914
1013166
5074957
7254012
2024413
5393949
7511593
1035591
2019093
7119402
2037862
2637729
6163931
2869477
5509060
1604326
7252836
7263168
3494356
6920838
2025088
4166412
1635707
5061049
7472253
6247396
1002014
3369846
2637911
2689796
6216543
5556081
2040571
3364805
1047245
7127472
6224985
7351548
7079277
1007545
1236665
2695792
4532710
5069405
6174834
6974495
3550918
6228008
5074591
5614564
6163883
7256614
4434810
5613653
6384144
7260031
2638031
7116911
1048637
3364570
4170528
2018651
989344
1028135
7231270
1044796
6189920
1037537
6737302
2670088
3557168
7446614
6220964
3623502
3374226
1012498
6240448
4044597
5556008
2039161
5060959
6247530
1006499
2030629
2031225
3483063
7445663
2638618
5582188
6380034
2638167
4121541
5060411
6809871
5070322
2679927
7148689
2029768
7125987
7140208
3669534
6245834
6225688
4125801
6243945
5537651
3375460
1018485
2024322
6240412
7121385
472614
7016923
461811
2636566
5057476
4587178
7126865
6220185
1635823
5066160
4169152
7126928
6116505
1043794
7141205
4172685
430202
6839728
2019549
5058553
6240869
4716976
4584274
4155712
4172533
6212084
7036517
3491030
4171727
3494079
5061227
3634790
4159262
4220063
4771547
2658022
2657022
2037303
918919
2248038
3420519
2686068
7118338
4587592
3480768
5599078
3370296
6842253
2044067
4985276
5595935
1014141
655448
4048190
2442490
964634
2638997
1258587
3546070
6202187
1863831
5328605
6244017
6839828
996049
5073532
5072201
4152229
2653370
1999862
481561
6211998
777276
6194840
3672607
4892283
2241404
2660491
7141791
2684879
7123198
1037322
6201874
7125926
2660698
1043900
3038162
2013697
5057125
2659620
4161900
3554769
7256404
2694658
2045320
7132245
2662806
7106921
7147558
2651015
5160403
5068331
5598272
1880392
6387013
2039425
1002228
6902997
1001278
4150083
6189909
2653731
4164515
1236816
6224197
2646258
5058831
3556172
3558045
3556580
5068539
2653524
2668627
4784813
3370461
1007551
6246622
6384022
5574212
3555556
3555928
5818326
2656740
7125860
1660904
2638653
7149197
2680820
5055741
5151104
6753827
4164611
970987
2679724
1028470
2641296
7129386
54411
3643569
5583781
2654289
1460701
6195086
279864
7036792
1027567
2686163
7133419
4308667
1035388
6845577
6644487
2647022
1872391
6248252
2638182
7149064
7072551
7121835
7357164
7504414
5569935
2683247
3485300
3551722
1047777
2689601
5039681
7499282
1046760
6225108
4583977
2652469
5193716
1044927
2040927
7115575
6641221
1044528
2693105
5323059
5583522
2685006
1014002
1048415
6750623
3301517
6251793
1881640
1253209
5067792
7128952
5055251
1049997
7142717
5076356
1872222
2640992
2659799
1414153
4116977
2642123
1002677
6243907
964770
2657710
7140638
1653683
4090755
7092856
5598189
2693825
1040514
3555553
4053634
1014145
1999895
4164789
5386175
4133363
3550842
6104214
4162927
461394
5327292
6215440
2044927
2869423
5569232
2441657
5580768
7513013
6498008
5065815
4139050
2683708
5386787
3406490
5602833
958378
2639252
3491613
7106562
4014770
2646504
7137353
7129212
268064
4806516
6232686
2045290
3371233
455057
5529773
6250728
4155741
946524
3420476
7147220
2657398
5535048
1539348
450656
2045571
5573954
2649531
6202296
1014010
4171860
5425001
4983229
4142805
7140529
4133704
2657760
6750782
6232085
5974067
2429420
5973990
2690194
3551224
5360273
3364192
1023425
6211918
3363765
6246154
2048450
2038998
1977185
1045197
6204691
5581761
2030296
4576712
4796731
1001724
5612892
5061332
7129145
6231675
939108
3552931
5517506
7149166
3370538
3919993
6224767
1039754
6369180
7122032
7140345
2607075
6251018
1880645
5055591
5076650
5541475
2038096
4156809
2690901
7510593
3676984
4149056
6224405
4174319
6169223
6840229
1864488
6208276
3371203
4577251
7511018
417366
6244297
2646561
6195279
6225836
1043800
2694063
2679435
6252484
2637560
1641149
1048683
6246343
6156398
4898104
6220085
5071891
2679921
2697850
7513835
6847764
7039118
995876
2043946
3672572
6232714
851635
7101905
7342217
1047358
1013015
5418971
5043188
2683057
3553523
7137222
6156550
3677083
2429734
4802202
4048489
6248918
1030780
5274649
3555504
5386381
2045403
4048455
3490562
7495182
5830441
5301405
665433
7349350
292227
7211298
4537694
2239955
6497912
6100705
5624370
1464400
3310297
4432740
6757499
669740
7193356
2196309
1616270
6659568
7442753
6379832
3628064
4980121
4707340
664915
1870106
5327160
5199291
6755772
3605527
1552661
5698502
4418758
7436260
7449383
5121476
4509920
3209624
4532178
3511603
2235197
1335577
3618444
1870635
2441263
808953
4936384
3147105
3601635
5635195
3050977
7349495
6718314
3439819
6934432
5319857
7423101
7408288
3506341
218714
795735
2243531
5936188
5268792
200700
7003388
635990
1434673
6624118
3021710
1790625
7403220
2398795
7252013
670668
3116055
2198054
6747541
1553146
4498826
5243352
2437266
1778718
813726
7427743
3862311
7039505
6713455
2993899
6755850
1876312
7316040
1657876
1603906
2160488
3308712
4051227
7025311
1396569
7264416
7352555
4410486
4546679
2229956
6509233
4963924
7262397
1621943
3050889
670850
1616072
2423636
4671968
4422674
7414794
574517
3222918
4542990
6510045
6645926
574463
862923
5328225
4555212
764382
5161127
1875788
3315618
6871956
3426415
4985026
7386460
3889017
2390226
4987290
3196553
278856
1449592
5213937
7218681
7443866
4954454
4885689
3196522
6042852
1869275
5148061
2398081
4546942
6630110
4903538
6755734
1657406
1471615
6457201
4000771
1878720
2240193
1819802
3871015
1778681
2112315
2243704
540384
7386127
738845
218755
6890738
2081610
1360227
7358427
7431308
3315607
2321973
4263075
1449279
6748056
2153475
3616779
623625
6942890
4516108
1242458
3215227
2363101
5297837
2112438
6712660
3017240
665069
866205
6513056
2423784
3613414
4888876
7207171
2224650
4047047
1640244
866118
6984075
854692
7324482
298795
7362378
4710520
2243617
2220833
5263233
5547890
2346611
5465892
2207967
4448911
617303
3784285
7431148
2356424
2389912
291826
4509928
4840142
6934359
666190
670709
2322594
2226401
5969825
5692087
4052726
6936418
7411286
7343654
3596211
7337632
1525243
7262938
5137018
6524218
2082248
7353269
738515
1346026
6109545
6936391
5122502
2235550
4948038
6644845
6113173
6643704
654409
1867969
5882932
4509167
1875750
2172424
1430517
2440943
5313255
6504284
6895648
4394797
3187071
624080
5304271
1443500
4445594
5204126
2198033
2173028
7211299
2420702
6504560
2230421
3449086
3445966
4389721
6895721
1425700
6994405
2153461
3896455
6943331
4422413
1374148
4692671
7386202
4699795
4588732
261737
2240080
3196501
2322344
6712784
5244296
1325821
1443545
7427121
6747814
7406979
3899534
278772
6889931
2235185
623879
7308487
1588533
4718080
7045310
4516557
2364219
4705433
4988804
3637810
7447664
5199741
2948360
7244409
1420004
4405761
2230648
3501852
2171929
7403419
5433398
2296651
174167
3437583
7355962
7341763
6987911
1777722
1565596
1594169
2235274
3896968
7438584
6939911
4897485
4880622
7331215
6984052
2364166
1869610
2197315
4357411
1396515
7334601
1830121
1242342
2992807
5310620
2334905
1878986
4295398
6036035
2398272
7348285
2322205
6602635
4036683
5284806
5301559
7428404
5230832
2428580
6988363
5435018
2436561
4579538
1396610
4439462
5635577
5945407
5962378
1236283
6740188
3412565
670257
1659123
6036757
7399684
6620064
6579508
6110003
201619
2153385
4577281
7029320
6929392
1146924
5641855
5329618
6983874
6444615
1657489
6949418
6934995
3052960
6920030
6890555
1374345
3515197
1660061
7352577
6019385
1635117
2356818
643050
569462
3500093
278496
6925449
6488053
3903190
6694596
5237290
7352887
4839700
6743003
3911827
4464154
2883729
3613462
3437320
3181033
2160440
3623884
3440047
3502223
5474959
7337634
1877088
5969319
5162748
5183140
4718032
1870014
2370799
7428261
3881898
2346608
2215217
1412489
3504020
6590549
6116081
2237235
7264875
7392533
796073
2375739
3187183
4881599
4558715
2239842
7316178
6922399
2415260
2221560
2334501
2362957
1659144
1531407
6757224
3501923
3968152
1841290
4558876
1444054
2880826
6718561
6755675
764229
2226825
1878292
1154752
5328348
1345311
6929659
1396257
7407818
1459884
6871816
7387883
1588456
7308284
2190820
4979696
2208412
2096183
2190334
4897566
6643773
7301475
4588680
3037363
3615077
2247953
2124252
1396684
5313733
1257902
4867481
1593898
1615894
2334725
1449861
5950520
1852014
4845327
4668092
4900794
6949829
671240
3311173
5273815
7039394
4979693
6973465
3628549
866767
4544560
7301094
2236790
2356916
2172425
3017508
666438
6493833
1361376
4047235
7341037
5242786
660083
4885490
7386136
7356036
863040
4891907
7199788
7423811
5263221
6572826
3613483
2230939
6890248
2097966
2441089
3903076
3449026
7348019
7320930
5322156
5465884
7393362
629976
4271526
291551
7416174
2133674
261455
4671960
6906467
6949846
7011056
1651991
2140731
6565107
6929724
1635330
2224514
4979761
7451452
5604267
6383178
6100630
6493680
4707660
1877394
2160860
6935012
6913565
7331512
5716979
3881791
3158981
4955070
6943127
7035368
1374936
4576480
4510617
4954827
3017251
2428608
665853
3180402
7343503
3427682
7248529
3321944
3736065
2397982
2197240
2239837
2440129
6703428
4982019
3003514
2370913
4586352
2398620
2992781
819744
256564
6916360
7255688
7352585
3508245
6908930
6946949
4018484
7341504
4954632
1877248
1877271
5243272
1836578
5661710
6871895
2423937
1546405
4311722
788235
643443
3515463
4880549
6707644
4675559
7246614
7251474
6603733
2389572
1823726
1657342
3426508
5319654
3445984
7090092
3287414
5037840
980593
2541196
4101090
4097809
6188560
2631955
5021936
2754927
3570129
4187186
2508963
2744734
5064019
3568886
4995703
246761
1090835
5050553
2755805
2643582
6154667
7067503
2536037
3675176
3541768
7104413
7091778
6262416
989732
3562242
6770104
4154607
1063993
4102112
5054601
5021139
3383728
7083454
7062902
5051457
3383022
7081398
2615922
5098876
2525593
877417
2666364
6292802
2712514
5018235
7103368
2756225
5052086
2567769
2540010
5692419
5043974
953086
2572482
934485
925758
5031276
2567845
2701985
6080035
6270538
3649670
5096992
4127983
1070921
6285712
2737714
7100419
6266546
7208125
2707277
2610628
6162925
7157898
1089987
6177276
2600185
2731918
6226294
2707101
7089169
2530049
2617549
4183211
3644691
2629801
6278525
2536642
2584750
3560170
2752025
4128547
5080275
5385502
2601058
6256056
4201235
3537303
3378311
2574612
318896
5029577
4192920
5523712
4702396
6337007
4116003
2731216
2727050
2598935
3287848
5043892
2450869
7080913
7131180
975403
4058547
1020373
1104990
5041727
2494568
6178887
6217814
4185350
2729638
5044552
2590508
2563630
1101149
5034267
2588967
3364036
7096486
7155862
2726680
925576
5084023
4184055
2615476
2566117
5600631
6130172
978614
2630093
2529763
322453
5028032
7017183
2566884
193931
3631789
5522451
2698226
1106766
2618247
5566606
5034539
3275842
7108699
5722099
6316795
7078961
4147806
2672557
7058192
1803659
3562947
4969688
2747515
1079818
193783
4088547
3546765
5030957
7094660
2620146
957357
1094176
2603236
2622641
2744491
1009605
1913308
3568959
2723680
2475260
2604585
3356585
2586032
5018646
2579524
2502988
4102310
2510753
7062489
964353
4101189
5063082
3380979
5016726
2536509
2633285
3701343
2611247
6281708
4058218
5729711
7177412
7068400
5002887
3357546
2722597
5063439
2759615
2511440
6203793
5087571
2515276
2725977
2585680
2634515
3569280
3567559
2511790
944112
2598880
3568352
2700573
7096437
6188684
2722993
1107249
5052286
5721347
4942054
6345589
5056420
2537651
6271971
3770275
2921097
833231
5088443
2730831
6759172
5099928
7089336
5063374
7108660
2583310
7091419
980589
7096433
2731985
4203488
5574797
4102046
2570731
6222637
1075803
5085147
5062473
3359092
2508570
2744649
7100238
2670755
7117916
2737342
7099694
301914
5572095
2459984
4194615
2594584
7087643
7155336
2667103
4205260
5083041
7110138
2547557
2520070
7130100
7129568
6080153
6173471
2564995
6169072
4209198
2627388
7085284
2525708
2616128
1089747
2510692
1097432
6197754
2741164
7083133
2624515
843289
6695911
7088775
2698603
4186585
7174992
7084414
5095115
2561894
4111686
4196564
1105891
7183095
7098198
5079889
5082741
5040170
5082497
4082716
7094308
1058593
2703121
7082991
2600437
2663469
4726186
1108997
4186372
1020582
5151777
6187683
2546225
2655208
4106767
2608347
6182232
2601592
2673597
2571790
7093465
2674224
7099558
4080629
2527941
7270907
2710084
7118111
6128425
6262376
2654655
2666672
7181247
5733315
5077221
7094175
2739276
5027016
7074739
7152639
2349283
2404608
1090471
3583788
4138572
2608987
7087373
2742774
3360456
5525457
5031115
5588184
3378835
2589053
2460430
938512
4112016
986052
6268056
6278385
3383722
5017108
4151176
2710173
977791
969876
2478893
5080266
5047222
1104141
3632874
4082685
2602155
2589467
2588530
3550227
4130549
2536599
1083153
5013815
7094595
1092238
6769627
6079691
294824
4107490
6154002
2521002
7074947
2737290
5039896
2925807
2505037
2629901
7083050
5083624
4207608
4205841
6351570
5024430
2750362
4055719
6392580
1109722
4107128
4191666
4098941
4675770
4203902
2577756
2663389
960655
3541975
1212409
325889
1074970
1104242
6283520
7182882
2754815
2536233
5577513
5526406
4182605
7171889
7108527
2676720
7053352
7115435
7106189
1103768
7155169
5016614
4326928
6223233
3356510
5012855
7075546
4116525
2674501
5099043
6167613
6204715
7156279
2721602
5674414
3384399
2516023
1064805
2718147
979220
2577316
950682
3379312
2613078
7114409
2541044
3547927
7077093
6283759
3544812
3581676
970016
987149
997591
2735423
5034216
2663677
6215182
7004263
2530696
5028695
1887204
7053362
1070364
1020702
2597066
2564559
2721624
933642
157981
254462
1090918
3567611
6154525
4147028
7061327
5014659
3386179
3560605
2565056
3547909
2629841
2560204
3549463
5523572
301662
5044326
2721351
2671314
926744
3548343
1088748
2573932
7100617
6180090
4192445
1807519
1074637
2488419
1110061
4121725
3674199
3545166
2731281
7176765
980677
7089192
3287391
2671430
962628
5385870
6165059
5053189
980548
5050573
6197821
1076712
4132938
6187239
1079994
5174521
2737930
2746079
2711244
2739520
2541724
1913350
5096165
5643988
2605130
6255472
2643990
5044409
2562952
965197
5035558
5530125
7178625
979462
2581880
3673500
2589877
2716914
1003388
6204722
2523685
7222595
6764890
3559319
3343483
2932588
7049487
7177291
5092801
3545187
6162988
968509
4205985
2601352
7067321
6275715
2598666
3646966
5168280
2612540
2732834
2591460
5026517
6283546
1064216
1074493
2713602
6764949
2746781
3396481
2611428
5168332
6182607
5003321
3561265
2604092
5017552
5035331
2667135
2583353
7117736
7058654
5027218
1074090
6204726
7156363
7138329
5097656
6277488
2530157
6999994
5090753
2673505
2755846
7080487
2618478
2926068
1110414
3537181
4090352
7072956
2597131
1108787
2723348
5012862
5041043
1277779
2369368
165589
4692190
5477134
1345490
4654281
5163946
1465195
3966193
2895357
2953943
5245830
7406564
539305
4900045
1277537
6512698
2139918
6757696
1666093
6399122
1563
1888598
4902864
1882715
4516298
1493528
1669254
4593412
6759577
1538287
672953
5502644
1635606
6438519
2886965
6117312
2109021
1889254
4590260
2321295
7044164
3065334
685776
1672173
6983624
4954266
5431918
2249881
3923326
837390
2334268
2120412
1672654
678423
1662990
3211589
4935674
2905082
1267948
1884973
6895144
2253023
6919905
8649773
2164231
4320457
5459133
1884964
4550839
1269150
890777
7237992
6397969
289403
1788873
1263175
7307354
6535606
879367
6510458
1345271
2895761
2446338
3075128
3217637
2171676
3726039
4992485
1883820
6336208
2159718
2397899
6657584
5206444
1479698
1412088
2362439
6919820
2095582
1335239
4940696
4860437
1889872
2195418
2159411
4994723
4368954
1411900
4054082
5332730
2252791
291385
7450261
6508954
1674722
1470028
4270649
4591283
3829584
2107853
5985293
677549
5331585
7319950
6117783
5429620
7452392
1806743
4596614
5445934
4455452
1173210
1777229
6999909
4991318
3209900
3055202
1670663
5192089
1344776
2249367
5222699
670460
2445986
3220321
5462551
684109
5191912
5504455
1263897
6987673
5134619
2128992
4331361
2894321
5442819
7361787
5430350
5466010
1264027
6048021
4563237
1280770
1665969
5976548
3706247
1672076
4653597
6510262
1281055
689175
2321202
505
6945784
6120576
1209293
3051567
2895989
3915066
6993589
3220636
880287
5632535
5632483
7043433
3057248
6993556
2451948
2194994
892640
3212633
685807
4721939
5977546
6397393
6055067
5486718
5246156
6389706
2895924
6029582
4531169
831676
7043670
5978165
7237970
6983214
3055749
7302091
3230802
5723423
2195888
1265462
7217965
4926153
3052664
2397578
6428019
289142
1465766
5441541
6652474
7451285
4558094
1888746
3222973
6061202
1279157
5222466
7040437
6393459
1477611
2153167
5462439
5191895
4968235
5106754
8646327
5191756
6612939
6707035
7207037
2895102
6438482
3974991
673735
5494552
5430163
3060040
3215788
4321150
4721861
4993348
1275544
2159717
5163682
3792439
1894461
6883590
6883550
1889857
5192091
4550570
2886748
2120327
5455939
3066763
692671
1675274
2896330
3985757
5893451
4422652
5720510
4664405
5437878
4900147
3056932
1474040
1467198
4968122
6390808
1277560
1374474
3795906
4590408
1367211
4899586
1269828
7385432
5427277
6042526
6759781
537719
5496703
4326384
6396410
5496350
5262546
1201700
4320698
4721427
1662104
7308226
7406377
7044685
2079900
7323940
5442836
4903514
3975643
2396651
6707048
2334394
6509173
4439824
1665712
3055134
5428448
5426259
1373636
2453676
5120851
2885728
2888727
2108154
1665605
5496333
3213103
673315
5439760
4316261
537858
6124173
3980309
849168
6530355
3055929
5490824
5455862
4598261
5454605
6524441
3063115
7315946
1888450
1268404
6603742
4947776
4315250
4844703
4018040
4218676
6464432
1263765
5473495
2890318
3222737
4315647
1481497
5131175
4453652
7294770
5444603
4953980
3791399
1474907
3055633
1813101
2259204
1277531
801
1267931
5436638
2451975
1269471
6906026
1235381
1262685
4317518
1466342
6390549
1766678
5498743
5479316
4368941
4445925
2904208
5163943
311938
2887370
3221908
3927680
1546096
2889210
7399202
4563345
6948338
6973592
686589
2121564
5444675
1466777
5486672
2903634
3006064
879422
5494666
5106568
6706995
1380688
4692120
5484350
5106921
677091
1789858
1651746
4316642
6439319
2334093
7330467
2898019
5494813
802628
1466514
3924778
2452416
6646969
5165183
3058446
4965629
2447303
1673378
4054111
1346073
1884277
6655344
1465394
5304136
151706
6973293
2139879
3211759
3921256
2369069
3219917
1272332
4590540
7040390
4461767
3057750
2887398
1129997
4320269
674129
6512100
6397117
4590562
5475297
3065677
5447700
1776456
5944952
1476678
5105984
290104
1468997
1788540
5490918
290204
1777845
2453973
2361290
5995476
2080107
3063655
5144694
5199458
1476098
5647923
3220366
5446301
5427560
678391
2897347
5445982
7384632
2107974
7299685
7294424
32701
635087
2403091
3922699
5491074
4055036
2321837
7044366
691346
1242014
6571674
4720995
1474931
6590192
4053867
7319367
875247
1669168
2904131
5958344
4659617
6762263
6957799
4558046
3058233
1889134
7415764
1471856
4071065
5504313
5476998
2121910
675534
1469754
7359558
3922846
6121257
4458447
6029788
3940255
5273508
4460636
7218233
192659
7371572
6954388
2132560
5121172
3745405
5439524
2132916
208376
4455413
1798827
5330607
1766496
4909960
2252656
1360100
4992639
5457430
1889167
7043193
6517610
6061699
3221691
6042087
5444693
875703
2107549
3064051
31664
1477570
7217126
7044611
5203846
4313231
2896652
672685
2107676
681011
4017829
4399768
763027
680217
7267543
1273249
878541
1788400
7206910
2369169
5984350
3795387
7360440
2375264
6518032
6993921
1334358
6987178
5457855
3171026
1137832
6432442
4059401
4321249
1120
2885955
5490838
1466488
3221274
7459349
3932149
6438313
686499
4902264
4898952
2159482
317947
1268088
684557
5454956
1661277
1419546
2403908
4388980
5438158
6908525
2896564
2965935
4321017
5127159
2249488
2397114
7361656
672563
7266742
7398988
1777081
2453198
5460989
4601309
5496619
5486126
7399132
3922861
1667412
5428549
1473978
880826
5120485
6360086
4398949
6884791
4994024
2334081
2402893
4590736
6001626
